game_id,team,jersey,player,started,min,fg_m,fg_a,fg_pct,3p_m,3p_a,3p_pct,ft_m,ft_a,ft_pct,oreb,dreb,reb,pf,ast,to,blk,stl,pts
2023-11-01_hawaii_hawaii_hilo,Hawaii Hilo,21,"Sua-Godinet, Noelle",True,25,4,8,0.5,1,1,1.0,0,0,,0,4,4,1,2,1,0,1,9
2023-11-01_hawaii_hawaii_hilo,Hawaii Hilo,03,"Cruz, Kaile",True,27,2,12,0.167,1,6,0.167,2,3,0.667,3,1,4,2,0,3,0,0,7
2023-11-01_hawaii_hawaii_hilo,Hawaii Hilo,04,"Hiu, Melanie",True,23,2,5,0.4,1,3,0.333,0,0,,0,2,2,2,2,1,0,0,5
2023-11-01_hawaii_hawaii_hilo,Hawaii Hilo,02,"Kamakawiwoole, Kamalu",True,26,1,6,0.167,0,1,0.0,0,0,,0,6,6,2,2,2,0,2,2
2023-11-01_hawaii_hawaii_hilo,Hawaii Hilo,10,"Agonias, Keirstyn",True,24,0,4,0.0,0,2,0.0,1,2,0.5,2,2,4,1,0,3,0,0,1
2023-11-01_hawaii_hawaii_hilo,Hawaii Hilo,05,"Harmon, Jeniece",False,23,1,5,0.2,1,1,1.0,2,2,1.0,0,2,2,0,0,4,0,1,5
2023-11-01_hawaii_hawaii_hilo,Hawaii Hilo,55,"Tupouata, Tovale",False,18,2,3,0.667,0,0,,0,0,,1,4,5,4,2,2,0,1,4
2023-11-01_hawaii_hawaii_hilo,Hawaii Hilo,23,"Oda, Kendall",False,16,1,4,0.25,1,1,1.0,1,2,0.5,0,1,1,1,0,0,0,0,4
2023-11-01_hawaii_hawaii_hilo,Hawaii Hilo,24,"Ingram, Erica",False,16,1,3,0.333,0,0,,0,2,0.0,1,6,7,0,0,0,0,1,2
2023-11-01_hawaii_hawaii_hilo,Hawaii Hilo,22,"Scholfield, Ramila",False,2,0,1,0.0,0,1,0.0,0,0,,0,0,0,0,0,1,0,0,0
2023-11-01_hawaii_hawaii_hilo,Hawaii Hilo,TM,TEAM,False,0,0,0,,0,0,,0,0,,4,0,4,0,0,5,0,0,0
2023-11-01_hawaii_hawaii_hilo,Hawaii,23,"McBee, MeiLani",True,26,4,11,0.364,4,10,0.4,1,2,0.5,0,6,6,0,1,0,0,2,13
2023-11-01_hawaii_hawaii_hilo,Hawaii,03,"Wahinekapu, Lily",True,23,2,6,0.333,1,2,0.5,3,4,0.75,0,0,0,0,4,2,0,2,8
2023-11-01_hawaii_hawaii_hilo,Hawaii,15,"Phillips, Daejah",True,25,2,5,0.4,0,0,,3,6,0.5,3,3,6,0,4,0,0,3,7
2023-11-01_hawaii_hawaii_hilo,Hawaii,12,"Perez, Imani",True,23,2,6,0.333,0,2,0.0,2,2,1.0,1,2,3,1,1,2,0,2,6
2023-11-01_hawaii_hawaii_hilo,Hawaii,14,"Rewers, Brooklyn",True,20,2,8,0.25,0,1,0.0,2,2,1.0,3,6,9,2,1,0,0,0,6
2023-11-01_hawaii_hawaii_hilo,Hawaii,11,"Berrett, Vivienne",False,13,5,7,0.714,0,0,,1,2,0.5,1,2,3,0,0,0,1,1,11
2023-11-01_hawaii_hawaii_hilo,Hawaii,45,"Davies, Olivia",False,19,2,5,0.4,2,5,0.4,0,0,,1,1,2,1,2,0,1,0,6
2023-11-01_hawaii_hawaii_hilo,Hawaii,01,"Imai, Kelsie",False,15,2,6,0.333,1,2,0.5,0,0,,0,3,3,3,3,2,0,0,5
2023-11-01_hawaii_hawaii_hilo,Hawaii,22,"Peacock, Jade",False,17,1,4,0.25,0,2,0.0,1,2,0.5,1,3,4,2,1,0,0,0,3
2023-11-01_hawaii_hawaii_hilo,Hawaii,02,"Thoms, Ashley",False,16,1,1,1.0,0,0,,0,0,,0,2,2,0,1,1,0,1,2
2023-11-01_hawaii_hawaii_hilo,Hawaii,13,"Birdsong, Hallie",False,3,0,0,,0,0,,0,0,,0,0,0,0,0,0,0,0,0
2023-11-01_hawaii_hawaii_hilo,Hawaii,TM,TEAM,False,0,0,0,,0,0,,0,0,,0,2,2,0,0,0,0,0,0
2023-11-02_cal_poly_simpson_ca,Simpson (CA),31,"Tress, Celina",True,28,3,5,0.6,0,1,0.0,0,2,0.0,1,4,5,2,0,7,0,2,6
2023-11-02_cal_poly_simpson_ca,Simpson (CA),2,"Gafford, Rachel",True,27,1,5,0.2,1,2,0.5,1,2,0.5,1,2,3,4,0,8,0,1,4
2023-11-02_cal_poly_simpson_ca,Simpson (CA),40,"Hetrick, Rory",True,29,0,8,0.0,0,2,0.0,3,6,0.5,0,4,4,3,1,4,3,2,3
2023-11-02_cal_poly_simpson_ca,Simpson (CA),24,"Thompson, Nikki",True,29,0,10,0.0,0,7,0.0,0,0,,0,1,1,2,0,2,0,1,0
2023-11-02_cal_poly_simpson_ca,Simpson (CA),12,"Wallen, Riley",True,15,0,2,0.0,0,1,0.0,0,0,,1,1,2,0,0,1,0,0,0
2023-11-02_cal_poly_simpson_ca,Simpson (CA),3,"Marshall, Anna",False,15,1,3,0.333,0,1,0.0,1,2,0.5,0,0,0,0,0,2,0,0,3
2023-11-02_cal_poly_simpson_ca,Simpson (CA),33,"Morgan, Kayla",False,9,0,2,0.0,0,0,,2,2,1.0,1,0,1,1,0,1,0,1,2
2023-11-02_cal_poly_simpson_ca,Simpson (CA),10,"Brown, Natalie",False,15,0,2,0.0,0,1,0.0,0,0,,0,0,0,0,0,0,0,0,0
2023-11-02_cal_poly_simpson_ca,Simpson (CA),11,"Torres, Itzel",False,11,0,1,0.0,0,1,0.0,0,0,,0,0,0,1,0,1,0,1,0
2023-11-02_cal_poly_simpson_ca,Simpson (CA),22,"Kinney, Tessa",False,11,0,1,0.0,0,1,0.0,0,0,,3,1,4,0,0,2,0,2,0
2023-11-02_cal_poly_simpson_ca,Simpson (CA),1,"Cushman, Katie",False,5,0,2,0.0,0,2,0.0,0,0,,0,0,0,0,0,0,0,0,0
2023-11-02_cal_poly_simpson_ca,Simpson (CA),14,"Moretto, Makenzee",False,4,0,0,,0,0,,0,0,,0,0,0,0,0,1,0,1,0
2023-11-02_cal_poly_simpson_ca,Simpson (CA),32,"Lemus, Lupe",False,2,0,0,,0,0,,0,0,,0,0,0,0,0,0,0,0,0
2023-11-02_cal_poly_simpson_ca,Simpson (CA),TM,TEAM,False,0,0,0,,0,0,,0,0,,1,3,4,0,0,2,0,0,0
2023-11-02_cal_poly_simpson_ca,Cal Poly,2,"Shah, Annika",True,22,6,12,0.5,5,9,0.556,2,2,1.0,0,4,4,1,3,4,0,1,19
2023-11-02_cal_poly_simpson_ca,Cal Poly,10,"Richards, Sidney",True,27,8,11,0.727,1,2,0.5,1,2,0.5,0,3,3,3,4,2,0,4,18
2023-11-02_cal_poly_simpson_ca,Cal Poly,15,"Bourland, Sydney",True,28,2,7,0.286,0,0,,0,0,,3,2,5,0,1,1,1,4,4
2023-11-02_cal_poly_simpson_ca,Cal Poly,35,"Ackerman, Natalia",True,22,0,2,0.0,0,0,,0,0,,3,9,12,4,1,3,2,1,0
2023-11-02_cal_poly_simpson_ca,Cal Poly,4,"Lichtie, Sierra",True,22,0,4,0.0,0,1,0.0,0,0,,1,2,3,2,0,4,0,2,0
2023-11-02_cal_poly_simpson_ca,Cal Poly,33,"Olinger, Amanda",False,20,5,6,0.833,0,0,,2,2,1.0,3,0,3,2,0,4,1,0,12
2023-11-02_cal_poly_simpson_ca,Cal Poly,5,"McNicholas, Ania",False,24,3,5,0.6,0,0,,2,3,0.667,1,3,4,0,3,2,0,2,8
2023-11-02_cal_poly_simpson_ca,Cal Poly,24,"Carter, Mary",False,22,2,4,0.5,1,2,0.5,0,0,,0,0,0,2,2,0,0,1,5
2023-11-02_cal_poly_simpson_ca,Cal Poly,3,"Richardson, Diamond",False,13,2,6,0.333,0,1,0.0,0,0,,1,2,3,1,1,3,0,0,4
2023-11-02_cal_poly_simpson_ca,Cal Poly,TM,TEAM,False,0,0,0,,0,0,,0,0,,3,4,7,0,0,0,0,0,0
2023-11-02_csu_bakersfield_hope_intl,Hope Int'l,33,"Jarrett, Shailissa",True,33,6,11,0.545,3,7,0.429,1,2,0.5,0,7,7,2,3,2,0,1,16
2023-11-02_csu_bakersfield_hope_intl,Hope Int'l,23,"Shamburger, Anyah",True,27,5,13,0.385,5,11,0.455,0,0,,1,4,5,0,0,0,0,0,15
2023-11-02_csu_bakersfield_hope_intl,Hope Int'l,03,"Pucci, Kennedy",True,35,3,6,0.5,0,0,,1,1,1.0,3,4,7,1,1,8,0,2,7
2023-11-02_csu_bakersfield_hope_intl,Hope Int'l,25,"Austin, Amira",True,22,1,6,0.167,0,0,,1,2,0.5,6,7,13,4,1,2,0,3,3
2023-11-02_csu_bakersfield_hope_intl,Hope Int'l,11,"McNamee, Keira",True,15,0,6,0.0,0,3,0.0,0,0,,0,3,3,0,1,2,0,1,0
2023-11-02_csu_bakersfield_hope_intl,Hope Int'l,02,"Talley, Shiane",False,27,6,22,0.273,1,5,0.2,3,4,0.75,4,10,14,2,2,4,0,1,16
2023-11-02_csu_bakersfield_hope_intl,Hope Int'l,30,"Gonzalez, Aliyah",False,20,2,6,0.333,0,2,0.0,0,0,,2,0,2,3,2,0,0,2,4
2023-11-02_csu_bakersfield_hope_intl,Hope Int'l,04,"Fust, Casey",False,21,0,5,0.0,0,3,0.0,0,0,,1,2,3,2,0,1,1,0,0
2023-11-02_csu_bakersfield_hope_intl,Hope Int'l,TM,TEAM,False,0,0,0,,0,0,,0,0,,0,1,1,0,0,1,0,0,0
2023-11-02_csu_bakersfield_hope_intl,CSU Bakersfield,23,"Olivares, Jordan",True,30,7,16,0.438,3,5,0.6,3,6,0.5,5,4,9,1,3,2,0,4,20
2023-11-02_csu_bakersfield_hope_intl,CSU Bakersfield,04,"Hunter, Grace",True,31,4,12,0.333,2,6,0.333,6,6,1.0,2,3,5,1,4,3,1,0,16
2023-11-02_csu_bakersfield_hope_intl,CSU Bakersfield,24,"Dizon, Ary",True,34,2,8,0.25,0,2,0.0,1,2,0.5,1,9,10,1,1,2,1,3,5
2023-11-02_csu_bakersfield_hope_intl,CSU Bakersfield,05,"Tougas, Sophia",True,20,0,6,0.0,0,5,0.0,0,0,,1,1,2,1,0,1,0,2,0
2023-11-02_csu_bakersfield_hope_intl,CSU Bakersfield,14,"Ortiz, Nseije",True,16,0,0,,0,0,,0,0,,0,0,0,2,3,0,0,0,0
2023-11-02_csu_bakersfield_hope_intl,CSU Bakersfield,00,"Brown, Shaunae",False,29,8,18,0.444,7,15,0.467,4,4,1.0,2,8,10,1,1,2,0,2,27
2023-11-02_csu_bakersfield_hope_intl,CSU Bakersfield,32,"Freeman, Garrisen",False,20,1,6,0.167,0,2,0.0,2,2,1.0,0,1,1,0,0,1,0,1,4
2023-11-02_csu_bakersfield_hope_intl,CSU Bakersfield,02,"Edwards, Morgan",False,8,0,1,0.0,0,1,0.0,0,0,,0,1,1,2,1,1,0,0,0
2023-11-02_csu_bakersfield_hope_intl,CSU Bakersfield,12,"Johnson, Cassidy",False,6,0,1,0.0,0,0,,0,0,,0,3,3,0,0,0,1,0,0
2023-11-02_csu_bakersfield_hope_intl,CSU Bakersfield,15,"Porter, Amourie",False,6,0,2,0.0,0,0,,0,0,,0,1,1,0,0,0,0,1,0
2023-11-02_csu_bakersfield_hope_intl,CSU Bakersfield,TM,TEAM,False,0,0,0,,0,0,,0,0,,0,3,3,0,0,0,0,0,0
2023-11-06_uc_davis_academy_of_art,Academy of Art,11,"Rovira Ayuso, Alba",True,30,6,16,0.375,0,5,0.0,1,2,0.5,1,3,4,3,0,5,0,3,13
2023-11-06_uc_davis_academy_of_art,Academy of Art,00,"Revenga, Lucia",True,28,3,6,0.5,0,1,0.0,5,9,0.556,1,4,5,2,3,3,0,2,11
2023-11-06_uc_davis_academy_of_art,Academy of Art,05,"Morrow, Maddie",True,29,3,5,0.6,3,5,0.6,0,0,,0,0,0,1,0,3,0,1,9
2023-11-06_uc_davis_academy_of_art,Academy of Art,21,"Sifaoui, Yasmine",True,19,2,8,0.25,0,1,0.0,0,0,,1,5,6,5,1,3,0,1,4
2023-11-06_uc_davis_academy_of_art,Academy of Art,02,"Hinds, Ashana",True,23,1,6,0.167,0,4,0.0,0,0,,0,0,0,0,0,3,0,0,2
2023-11-06_uc_davis_academy_of_art,Academy of Art,01,"Fornells, Anna",False,27,3,10,0.3,2,5,0.4,0,2,0.0,0,2,2,2,2,1,0,1,8
2023-11-06_uc_davis_academy_of_art,Academy of Art,23,"Dougherty, Emilia",False,23,2,4,0.5,1,2,0.5,0,2,0.0,0,2,2,0,3,0,0,1,5
2023-11-06_uc_davis_academy_of_art,Academy of Art,03,"Baker-Bruce, Briana",False,21,0,1,0.0,0,0,,0,0,,2,3,5,4,1,3,0,2,0
2023-11-06_uc_davis_academy_of_art,Academy of Art,TM,TEAM,False,0,0,0,,0,0,,0,0,,1,2,3,0,0,1,0,0,0
2023-11-06_uc_davis_academy_of_art,UC Davis,14,"Sabel, Tova",True,22,9,17,0.529,3,8,0.375,3,3,1.0,1,2,3,2,4,0,0,0,24
2023-11-06_uc_davis_academy_of_art,UC Davis,15,"Turner, Evanne",True,29,6,10,0.6,3,5,0.6,3,4,0.75,1,4,5,0,5,1,0,2,18
2023-11-06_uc_davis_academy_of_art,UC Davis,25,"Norris, Megan",True,21,7,10,0.7,1,2,0.5,2,4,0.5,4,8,12,2,3,1,0,1,17
2023-11-06_uc_davis_academy_of_art,UC Davis,33,"Harris, Mazatlan",True,23,2,6,0.333,2,6,0.333,0,0,,2,3,5,1,3,0,0,0,6
2023-11-06_uc_davis_academy_of_art,UC Davis,13,"Burns, Sydney",True,24,0,2,0.0,0,2,0.0,0,0,,0,2,2,1,8,5,0,1,0
2023-11-06_uc_davis_academy_of_art,UC Davis,10,"Svanholm, Lena",False,17,6,7,0.857,1,1,1.0,1,2,0.5,0,2,2,0,0,0,0,0,14
2023-11-06_uc_davis_academy_of_art,UC Davis,23,"Baker, Victoria",False,16,4,11,0.364,2,5,0.4,1,2,0.5,3,3,6,5,1,1,0,2,11
2023-11-06_uc_davis_academy_of_art,UC Davis,41,"Shine, Bria",False,17,3,6,0.5,2,5,0.4,0,0,,1,6,7,0,0,1,0,1,8
2023-11-06_uc_davis_academy_of_art,UC Davis,04,"Epps, Nya",False,18,1,4,0.25,1,2,0.5,1,2,0.5,1,1,2,1,1,5,0,2,4
2023-11-06_uc_davis_academy_of_art,UC Davis,03,"Gray, Campbell",False,13,0,3,0.0,0,1,0.0,0,0,,3,3,6,1,4,1,0,1,0
2023-11-06_uc_davis_academy_of_art,UC Davis,TM,TEAM,False,0,0,0,,0,0,,0,0,,2,1,3,0,0,0,0,0,0
2023-11-06_uc_san_diego_california_baptist,California Baptist,33,"Schmidt, Grace",True,35,8,12,0.667,0,1,0.0,3,7,0.429,0,7,7,0,3,3,1,0,19
2023-11-06_uc_san_diego_california_baptist,California Baptist,15,"Tu'ua, Anaiyah",True,33,3,7,0.429,1,3,0.333,3,3,1.0,1,7,8,1,5,1,1,1,10
2023-11-06_uc_san_diego_california_baptist,California Baptist,03,"Barrington, Kinsley",True,32,3,6,0.5,1,4,0.25,2,3,0.667,0,4,4,4,5,5,0,1,9
2023-11-06_uc_san_diego_california_baptist,California Baptist,22,"White, Sydney",True,32,2,7,0.286,1,6,0.167,0,0,,0,3,3,4,0,2,0,3,5
2023-11-06_uc_san_diego_california_baptist,California Baptist,04,"Bosch Duran, Nhug",True,12,0,3,0.0,0,2,0.0,0,0,,0,5,5,2,2,3,0,0,0
2023-11-06_uc_san_diego_california_baptist,California Baptist,24,"Lemon, Khloe",False,28,4,7,0.571,3,6,0.5,1,1,1.0,2,1,3,1,0,3,0,1,12
2023-11-06_uc_san_diego_california_baptist,California Baptist,02,"Webb, Chloe",False,18,3,5,0.6,1,2,0.5,2,3,0.667,0,5,5,5,0,1,0,2,9
2023-11-06_uc_san_diego_california_baptist,California Baptist,10,"Fiel, Claudia",False,5,0,0,,0,0,,0,0,,0,1,1,0,0,1,0,0,0
2023-11-06_uc_san_diego_california_baptist,California Baptist,20,"Sewell, Emily",False,5,0,1,0.0,0,1,0.0,0,0,,0,1,1,1,0,1,0,0,0
2023-11-06_uc_san_diego_california_baptist,California Baptist,TM,TEAM,False,0,0,0,,0,0,,0,0,,0,2,2,0,0,0,0,0,0
2023-11-06_uc_san_diego_california_baptist,UC San Diego,03,"Sugapong, Sumayah",True,32,6,17,0.353,2,8,0.25,2,4,0.5,0,2,2,0,2,2,0,1,16
2023-11-06_uc_san_diego_california_baptist,UC San Diego,12,"Smith, Rosa",True,27,3,11,0.273,2,5,0.4,2,4,0.5,1,2,3,3,4,3,0,1,10
2023-11-06_uc_san_diego_california_baptist,UC San Diego,20,"Forsyth, Izzy",True,31,4,8,0.5,1,4,0.25,0,0,,2,2,4,3,0,1,0,0,9
2023-11-06_uc_san_diego_california_baptist,UC San Diego,35,"Springs, Katie",True,26,3,4,0.75,0,0,,0,0,,3,8,11,3,0,2,0,1,6
2023-11-06_uc_san_diego_california_baptist,UC San Diego,32,"Montgomery, Parker",True,30,2,13,0.154,0,6,0.0,0,1,0.0,1,2,3,2,0,0,0,3,4
2023-11-06_uc_san_diego_california_baptist,UC San Diego,24,"Pinto, Denali",False,11,1,6,0.167,0,5,0.0,2,2,1.0,0,0,0,0,0,0,0,1,4
2023-11-06_uc_san_diego_california_baptist,UC San Diego,33,"Svoboda, Emma",False,6,0,1,0.0,0,0,,1,2,0.5,2,1,3,1,2,2,0,0,1
2023-11-06_uc_san_diego_california_baptist,UC San Diego,22,"Gallegos, Gracie",False,14,0,1,0.0,0,0,,0,0,,0,2,2,2,1,0,0,1,0
2023-11-06_uc_san_diego_california_baptist,UC San Diego,23,"Blithikioti, Eri",False,9,0,1,0.0,0,1,0.0,0,0,,0,0,0,1,1,1,0,0,0
2023-11-06_uc_san_diego_california_baptist,UC San Diego,05,"Louther, Gabby",False,8,0,3,0.0,0,0,,0,0,,0,0,0,0,0,1,0,1,0
2023-11-06_uc_san_diego_california_baptist,UC San Diego,11,"Condron, Erin",False,6,0,0,,0,0,,0,0,,0,0,0,0,1,1,0,0,0
2023-11-06_uc_san_diego_california_baptist,UC San Diego,TM,TEAM,False,0,0,0,,0,0,,0,0,,3,4,7,0,0,0,0,0,0
2023-11-06_washington_st_cal_poly,Cal Poly,35,"Ackerman, Natalia",True,24,5,10,0.5,0,0,,2,3,0.667,4,3,7,2,0,1,1,1,12
2023-11-06_washington_st_cal_poly,Cal Poly,2,"Shah, Annika",True,32,4,9,0.444,1,2,0.5,0,0,,0,0,0,1,4,1,0,0,9
2023-11-06_washington_st_cal_poly,Cal Poly,15,"Bourland, Sydney",True,30,2,7,0.286,1,2,0.5,3,4,0.75,2,4,6,1,1,1,0,1,8
2023-11-06_washington_st_cal_poly,Cal Poly,4,"Lichtie, Sierra",True,18,1,2,0.5,1,2,0.5,2,2,1.0,1,1,2,3,0,0,0,1,5
2023-11-06_washington_st_cal_poly,Cal Poly,10,"Richards, Sidney",True,35,2,6,0.333,0,0,,0,0,,1,2,3,3,3,4,1,3,4
2023-11-06_washington_st_cal_poly,Cal Poly,24,"Carter, Mary",False,23,3,8,0.375,3,4,0.75,0,0,,1,6,7,3,0,2,0,1,9
2023-11-06_washington_st_cal_poly,Cal Poly,5,"McNicholas, Ania",False,21,3,10,0.3,2,4,0.5,0,2,0.0,1,1,2,1,2,2,0,2,8
2023-11-06_washington_st_cal_poly,Cal Poly,33,"Olinger, Amanda",False,11,2,4,0.5,0,0,,0,0,,1,2,3,3,0,1,0,0,4
2023-11-06_washington_st_cal_poly,Cal Poly,3,"Richardson, Diamond",False,6,0,1,0.0,0,0,,2,2,1.0,0,1,1,2,0,0,0,0,2
2023-11-06_washington_st_cal_poly,Cal Poly,TM,TEAM,False,0,0,0,,0,0,,0,0,,0,2,2,0,0,1,0,0,0
2023-11-06_washington_st_cal_poly,Washington St.,55,"Murekatete, Bella",True,20,7,10,0.7,0,0,,4,7,0.571,4,3,7,4,1,2,2,1,18
2023-11-06_washington_st_cal_poly,Washington St.,25,"Bea, Beyonce",True,34,5,7,0.714,0,0,,1,3,0.333,2,7,9,2,3,1,5,0,11
2023-11-06_washington_st_cal_poly,Washington St.,1,"Wallack, Tara",True,19,2,6,0.333,0,2,0.0,7,9,0.778,2,3,5,3,2,1,1,0,11
2023-11-06_washington_st_cal_poly,Washington St.,11,"Tuhina, Astera",True,34,3,4,0.75,3,4,0.75,1,2,0.5,0,5,5,1,1,3,0,0,10
2023-11-06_washington_st_cal_poly,Washington St.,5,"Leger-walker, Charlisse",True,36,2,10,0.2,1,5,0.2,1,2,0.5,3,5,8,3,9,5,0,3,6
2023-11-06_washington_st_cal_poly,Washington St.,34,"Villa, Jenna",False,26,4,9,0.444,4,9,0.444,0,0,,1,1,2,2,2,0,1,0,12
2023-11-06_washington_st_cal_poly,Washington St.,10,"Villa, Eleonora",False,21,2,7,0.286,2,5,0.4,0,0,,0,2,2,0,0,1,0,0,6
2023-11-06_washington_st_cal_poly,Washington St.,33,"Covill, Alex",False,9,1,3,0.333,0,0,,2,2,1.0,0,0,0,0,1,1,1,0,4
2023-11-06_washington_st_cal_poly,Washington St.,12,"Gardner, Kyra",False,1,0,0,,0,0,,0,0,,0,0,0,0,0,0,0,0,0
2023-11-06_washington_st_cal_poly,Washington St.,TM,TEAM,False,0,0,0,,0,0,,0,0,,2,1,3,0,0,0,0,0,0
2023-11-06_csun_utah_st,Utah St.,24,"Miller, Skye",True,32,4,12,0.333,0,4,0.0,3,6,0.5,3,4,7,3,4,3,0,1,11
2023-11-06_csun_utah_st,Utah St.,00,"Finley, Ivory",True,29,4,10,0.4,0,3,0.0,0,0,,1,4,5,4,0,1,0,0,8
2023-11-06_csun_utah_st,Utah St.,4,"Stubbs, Cheyenne",True,28,3,8,0.375,0,3,0.0,0,0,,1,0,1,2,0,2,0,4,6
2023-11-06_csun_utah_st,Utah St.,31,"Verdan, Allyzee",True,17,0,2,0.0,0,0,,2,2,1.0,1,1,2,0,1,1,0,1,2
2023-11-06_csun_utah_st,Utah St.,33,"Knapp, Livia",True,28,0,4,0.0,0,3,0.0,1,2,0.5,1,1,2,0,4,4,0,1,1
2023-11-06_csun_utah_st,Utah St.,25,"Mullings, Bridget",False,21,6,8,0.75,0,0,,5,6,0.833,3,7,10,1,0,0,0,3,17
2023-11-06_csun_utah_st,Utah St.,23,"Hill-brown, Tiairra",False,15,3,6,0.5,0,0,,3,7,0.429,3,2,5,1,0,3,0,0,9
2023-11-06_csun_utah_st,Utah St.,1,"Suguturaga, Samiana",False,11,2,3,0.667,0,0,,0,0,,1,0,1,3,1,3,0,0,4
2023-11-06_csun_utah_st,Utah St.,2,"Tanedo, Isabella",False,11,2,4,0.5,0,1,0.0,0,2,0.0,0,1,1,4,0,0,0,1,4
2023-11-06_csun_utah_st,Utah St.,10,"Stimpson, Taylia",False,8,1,3,0.333,0,0,,0,0,,1,0,1,0,0,6,0,0,2
2023-11-06_csun_utah_st,Utah St.,TM,TEAM,False,0,0,0,,0,0,,0,0,,3,5,8,0,0,0,0,0,0
2023-11-06_csun_utah_st,CSUN,20,"Adams, Erica",True,30,7,11,0.636,2,3,0.667,1,4,0.25,0,2,2,2,3,3,0,1,17
2023-11-06_csun_utah_st,CSUN,15,"Amundsen, Laney",True,33,3,10,0.3,2,9,0.222,2,2,1.0,2,5,7,4,3,2,1,1,10
2023-11-06_csun_utah_st,CSUN,23,"Li-uperesa, Talo",True,24,3,7,0.429,0,2,0.0,0,0,,5,2,7,1,1,1,1,1,6
2023-11-06_csun_utah_st,CSUN,24,"Spriggs, Kayanna",True,14,2,3,0.667,0,0,,0,2,0.0,2,1,3,4,0,3,0,1,4
2023-11-06_csun_utah_st,CSUN,4,"Harvey, Rachel",True,17,1,4,0.25,0,1,0.0,0,0,,1,1,2,2,0,0,0,0,2
2023-11-06_csun_utah_st,CSUN,1,"Ferguson, Amiyah",False,27,4,15,0.267,3,9,0.333,7,10,0.7,2,1,3,2,6,3,0,2,18
2023-11-06_csun_utah_st,CSUN,22,"Elsholz, Kaitlyn",False,26,7,15,0.467,2,7,0.286,2,2,1.0,1,2,3,2,2,2,2,5,18
2023-11-06_csun_utah_st,CSUN,43,"Nikishina , Arina",False,11,2,3,0.667,0,0,,0,0,,0,1,1,5,1,1,2,2,4
2023-11-06_csun_utah_st,CSUN,11,"Smith, Olivia",False,16,0,0,,0,0,,0,0,,2,1,3,1,1,2,0,1,0
2023-11-06_csun_utah_st,CSUN,5,"Hayden, Jordan",False,1,0,0,,0,0,,0,0,,0,0,0,0,0,0,0,0,0
2023-11-06_csun_utah_st,CSUN,10,"Lizama, Alondra",False,1,0,0,,0,0,,0,0,,0,0,0,0,0,0,0,0,0
2023-11-06_csun_utah_st,CSUN,TM,TEAM,False,0,0,0,,0,0,,0,0,,3,5,8,0,0,0,0,0,0
2023-11-06_california_csu_bakersfield,CSU Bakersfield,23,"Olivares, Jordan",True,23,3,11,0.273,1,2,0.5,3,4,0.75,3,4,7,2,3,2,1,1,10
2023-11-06_california_csu_bakersfield,CSU Bakersfield,05,"Tougas, Sophia",True,29,2,9,0.222,2,4,0.5,3,4,0.75,0,4,4,2,0,4,0,1,9
2023-11-06_california_csu_bakersfield,CSU Bakersfield,24,"Dizon, Ary",True,36,4,12,0.333,0,1,0.0,0,0,,6,1,7,4,0,1,2,2,8
2023-11-06_california_csu_bakersfield,CSU Bakersfield,04,"Hunter, Grace",True,17,4,8,0.5,0,2,0.0,0,2,0.0,1,2,3,3,2,5,0,0,8
2023-11-06_california_csu_bakersfield,CSU Bakersfield,32,"Freeman, Garrisen",True,12,1,2,0.5,0,0,,0,0,,2,0,2,1,1,1,1,1,2
2023-11-06_california_csu_bakersfield,CSU Bakersfield,00,"Brown, Shaunae",False,23,2,9,0.222,2,7,0.286,2,2,1.0,0,2,2,1,1,1,0,0,8
2023-11-06_california_csu_bakersfield,CSU Bakersfield,15,"Porter, Amourie",False,8,2,6,0.333,0,0,,2,2,1.0,1,1,2,0,0,0,0,0,6
2023-11-06_california_csu_bakersfield,CSU Bakersfield,02,"Edwards, Morgan",False,9,1,3,0.333,1,2,0.5,0,0,,0,0,0,2,0,0,0,0,3
2023-11-06_california_csu_bakersfield,CSU Bakersfield,33,"Riley, Julia",False,6,1,1,1.0,0,0,,0,0,,2,0,2,0,0,1,0,0,2
2023-11-06_california_csu_bakersfield,CSU Bakersfield,14,"Ortiz, Nseije",False,24,0,1,0.0,0,1,0.0,0,0,,1,1,2,2,0,2,0,0,0
2023-11-06_california_csu_bakersfield,CSU Bakersfield,34,"Brooks, Jordan",False,7,0,2,0.0,0,0,,0,2,0.0,0,0,0,1,0,0,0,0,0
2023-11-06_california_csu_bakersfield,CSU Bakersfield,12,"Johnson, Cassidy",False,6,0,2,0.0,0,0,,0,0,,0,2,2,1,0,0,0,0,0
2023-11-06_california_csu_bakersfield,CSU Bakersfield,TM,TEAM,False,0,0,0,,0,0,,0,0,,2,9,11,0,0,1,0,0,0
2023-11-06_california_csu_bakersfield,California,32,"Krimili, Ioanna",True,25,7,11,0.636,3,6,0.5,1,2,0.5,0,2,2,0,1,0,0,0,18
2023-11-06_california_csu_bakersfield,California,07,"Suárez, Marta",True,23,4,7,0.571,2,2,1.0,4,6,0.667,1,5,6,3,1,2,2,1,14
2023-11-06_california_csu_bakersfield,California,15,"Martin, Kemery",True,24,3,9,0.333,2,5,0.4,0,0,,1,7,8,2,5,3,4,1,8
2023-11-06_california_csu_bakersfield,California,24,"Williams, McKayla",True,27,3,7,0.429,0,2,0.0,0,0,,3,5,8,2,2,1,0,1,6
2023-11-06_california_csu_bakersfield,California,01,"McIntosh, Leilani",True,20,2,5,0.4,1,4,0.25,0,0,,1,1,2,3,5,0,0,2,5
2023-11-06_california_csu_bakersfield,California,21,"Mastrov, Mia",False,22,6,8,0.75,2,3,0.667,0,0,,0,0,0,1,1,2,0,1,14
2023-11-06_california_csu_bakersfield,California,00,"Onyiah, Ugonne",False,13,4,6,0.667,0,0,,3,3,1.0,1,3,4,4,0,1,1,2,11
2023-11-06_california_csu_bakersfield,California,12,"Lane, Ila",False,10,3,5,0.6,0,0,,0,0,,0,2,2,1,1,1,0,0,6
2023-11-06_california_csu_bakersfield,California,10,"Laditan-Twidale, Lulu",False,20,1,8,0.125,0,6,0.0,1,2,0.5,2,0,2,4,3,0,0,2,3
2023-11-06_california_csu_bakersfield,California,11,"Elsnitz, Alma",False,13,1,1,1.0,1,1,1.0,0,0,,1,1,2,2,1,2,0,1,3
2023-11-06_california_csu_bakersfield,California,31,"Muca, Ornela",False,3,0,0,,0,0,,1,2,0.5,0,0,0,0,0,0,0,0,1
2023-11-06_california_csu_bakersfield,California,TM,TEAM,False,0,0,0,,0,0,,0,0,,1,4,5,0,0,0,0,0,0
2023-11-06_smu_uc_riverside,UC Riverside,32,"Webster, Jordan",True,35,8,19,0.421,3,8,0.375,5,6,0.833,4,6,10,1,2,2,0,3,24
2023-11-06_smu_uc_riverside,UC Riverside,1,"Bryant, Matehya",True,38,10,17,0.588,0,1,0.0,2,4,0.5,5,6,11,5,0,1,1,1,22
2023-11-06_smu_uc_riverside,UC Riverside,10,"Stenberg, Julia",True,27,1,6,0.167,1,4,0.25,0,0,,1,1,2,1,0,0,0,0,3
2023-11-06_smu_uc_riverside,UC Riverside,2,"Walters, Ryanne",True,34,0,7,0.0,0,3,0.0,0,0,,0,5,5,3,7,1,0,1,0
2023-11-06_smu_uc_riverside,UC Riverside,13,"Chocano, Maya",True,15,0,3,0.0,0,2,0.0,0,0,,0,0,0,0,1,0,1,0,0
2023-11-06_smu_uc_riverside,UC Riverside,00,"Jackson, Makayla",False,16,1,4,0.25,1,4,0.25,1,2,0.5,0,1,1,1,0,0,0,2,4
2023-11-06_smu_uc_riverside,UC Riverside,4,"Marshall, Jordyn",False,24,1,7,0.143,0,3,0.0,0,0,,0,1,1,3,3,0,0,0,2
2023-11-06_smu_uc_riverside,UC Riverside,11,"Matarranz, Esther",False,7,0,1,0.0,0,0,,0,0,,1,1,2,2,0,1,0,0,0
2023-11-06_smu_uc_riverside,UC Riverside,3,"Tillery, Zoe",False,4,0,0,,0,0,,0,0,,0,1,1,0,0,3,0,0,0
2023-11-06_smu_uc_riverside,UC Riverside,TM,TEAM,False,0,0,0,,0,0,,0,0,,2,3,5,0,0,3,0,0,0
2023-11-06_smu_uc_riverside,SMU,1,"Young, Tiara",True,34,9,14,0.643,1,2,0.5,1,4,0.25,0,3,3,2,5,1,0,0,20
2023-11-06_smu_uc_riverside,SMU,33,"Embry, Chantae",True,28,6,12,0.5,2,5,0.4,2,2,1.0,1,11,12,2,5,3,1,2,16
2023-11-06_smu_uc_riverside,SMU,13,"Bradley, Reagan",True,30,4,9,0.444,2,4,0.5,2,2,1.0,0,2,2,1,2,2,0,1,12
2023-11-06_smu_uc_riverside,SMU,00,"Jones, Tamia",True,35,2,5,0.4,0,0,,3,3,1.0,2,3,5,0,4,0,1,1,7
2023-11-06_smu_uc_riverside,SMU,23,"Abdur-rahim, Amirah",True,19,2,6,0.333,0,0,,0,2,0.0,1,2,3,3,1,1,1,0,4
2023-11-06_smu_uc_riverside,SMU,5,"Brow, Ella",False,24,3,5,0.6,2,3,0.667,2,2,1.0,1,4,5,0,1,1,0,0,10
2023-11-06_smu_uc_riverside,SMU,2,"Pitts, Tk",False,9,3,3,1.0,0,0,,0,0,,0,1,1,1,0,1,0,1,6
2023-11-06_smu_uc_riverside,SMU,4,"Perry, Jiya",False,6,0,1,0.0,0,1,0.0,2,2,1.0,0,0,0,1,0,0,0,0,2
2023-11-06_smu_uc_riverside,SMU,10,"Chandler, Maya",False,9,0,1,0.0,0,1,0.0,1,2,0.5,0,2,2,0,1,0,1,0,1
2023-11-06_smu_uc_riverside,SMU,24,"Hall, Donavia",False,6,0,0,,0,0,,0,0,,0,2,2,2,1,3,0,0,0
2023-11-06_smu_uc_riverside,SMU,TM,TEAM,False,0,0,0,,0,0,,0,0,,1,3,4,0,0,0,0,0,0
2023-11-07_pepperdine_uc_irvine,UC Irvine,13,"Lee, Déja",True,31,7,18,0.389,2,7,0.286,7,7,1.0,5,1,6,4,2,2,0,0,23
2023-11-07_pepperdine_uc_irvine,UC Irvine,3,"Tom, Nikki",True,38,4,13,0.308,3,9,0.333,3,3,1.0,0,3,3,3,1,0,0,4,14
2023-11-07_pepperdine_uc_irvine,UC Irvine,23,"Konate, Diaba",True,34,2,12,0.167,0,2,0.0,2,4,0.5,2,0,2,3,3,1,0,2,6
2023-11-07_pepperdine_uc_irvine,UC Irvine,24,"Dean, Nevaeh",True,24,1,5,0.2,0,0,,1,2,0.5,4,1,5,2,2,0,0,4,3
2023-11-07_pepperdine_uc_irvine,UC Irvine,22,"Djoko, Clara",True,16,0,1,0.0,0,0,,0,0,,0,3,3,2,0,1,1,1,0
2023-11-07_pepperdine_uc_irvine,UC Irvine,32,"Parkinson, Nevaeh",False,21,3,5,0.6,0,0,,1,4,0.25,4,5,9,3,0,3,0,0,7
2023-11-07_pepperdine_uc_irvine,UC Irvine,11,"Scharpf, Amelia",False,22,1,9,0.111,1,4,0.25,0,0,,0,1,1,0,1,2,0,0,3
2023-11-07_pepperdine_uc_irvine,UC Irvine,12,"Nahum, Shirel",False,13,0,0,,0,0,,2,2,1.0,0,2,2,1,0,5,0,1,2
2023-11-07_pepperdine_uc_irvine,UC Irvine,33,"Kaupu, Caiyle",False,1,0,0,,0,0,,0,0,,0,0,0,0,0,0,0,0,0
2023-11-07_pepperdine_uc_irvine,UC Irvine,TM,TEAM,False,0,0,0,,0,0,,0,0,,2,4,6,0,0,1,0,0,0
2023-11-07_pepperdine_uc_irvine,Pepperdine,15,"Gordon, Myra",True,33,6,10,0.6,2,3,0.667,3,4,0.75,0,4,4,3,5,6,0,5,17
2023-11-07_pepperdine_uc_irvine,Pepperdine,00,"Melone, Addi",True,32,4,11,0.364,3,5,0.6,0,0,,0,6,6,3,4,4,0,1,11
2023-11-07_pepperdine_uc_irvine,Pepperdine,10,"Nwaba, Jane",True,32,4,10,0.4,1,3,0.333,0,1,0.0,4,7,11,4,3,5,1,0,9
2023-11-07_pepperdine_uc_irvine,Pepperdine,13,"Mashaire, Emerita",True,27,2,6,0.333,1,3,0.333,2,4,0.5,0,2,2,3,1,5,0,0,7
2023-11-07_pepperdine_uc_irvine,Pepperdine,24,"Ross, Jorynn",True,26,2,3,0.667,0,0,,0,0,,0,4,4,2,2,1,0,0,4
2023-11-07_pepperdine_uc_irvine,Pepperdine,32,"Vick, Maggie",False,26,4,5,0.8,0,0,,0,0,,0,5,5,1,0,0,0,1,8
2023-11-07_pepperdine_uc_irvine,Pepperdine,33,"Brodie, Kyrah",False,16,3,4,0.75,0,0,,1,2,0.5,0,0,0,4,0,0,2,3,7
2023-11-07_pepperdine_uc_irvine,Pepperdine,1,"Johnson, Hailey",False,5,0,1,0.0,0,0,,0,0,,0,0,0,0,0,1,0,0,0
2023-11-07_pepperdine_uc_irvine,Pepperdine,31,"Harkey, Megan",False,3,0,0,,0,0,,0,0,,1,0,1,2,1,1,0,0,0
2023-11-07_pepperdine_uc_irvine,Pepperdine,TM,TEAM,False,0,0,0,,0,0,,0,0,,2,2,4,0,0,1,0,0,0
2023-11-07_uc_santa_barbara_san_francisco,San Francisco,11,"Gayles, Jasmine",True,39,10,25,0.4,3,9,0.333,7,9,0.778,0,3,3,2,5,4,0,1,30
2023-11-07_uc_santa_barbara_san_francisco,San Francisco,13,"Dos Santos, Debora",True,28,5,8,0.625,0,0,,1,2,0.5,4,8,12,1,3,8,1,3,11
2023-11-07_uc_santa_barbara_san_francisco,San Francisco,12,"Werth, Freja",True,33,3,9,0.333,2,8,0.25,1,2,0.5,0,4,4,2,2,1,0,0,9
2023-11-07_uc_santa_barbara_san_francisco,San Francisco,32,"Fulcher, Cami",True,29,3,5,0.6,1,3,0.333,2,2,1.0,0,4,4,3,4,2,0,2,9
2023-11-07_uc_santa_barbara_san_francisco,San Francisco,01,"Leite, Luana",True,28,1,5,0.2,0,0,,2,4,0.5,0,1,1,3,2,5,0,1,4
2023-11-07_uc_santa_barbara_san_francisco,San Francisco,20,"Kéita, Aya",False,23,2,6,0.333,2,5,0.4,0,0,,1,1,2,2,1,1,0,3,6
2023-11-07_uc_santa_barbara_san_francisco,San Francisco,22,"Tirado, Paula",False,18,2,4,0.5,2,3,0.667,0,0,,0,0,0,4,1,1,0,0,6
2023-11-07_uc_santa_barbara_san_francisco,San Francisco,14,"Hernandez, Marina",False,2,0,0,,0,0,,0,0,,0,2,2,0,0,0,0,0,0
2023-11-07_uc_santa_barbara_san_francisco,San Francisco,TM,TEAM,False,0,0,0,,0,0,,0,0,,4,5,9,0,0,0,0,0,0
2023-11-07_uc_santa_barbara_san_francisco,UC Santa Barbara,23,"Whitfield, Alexis",True,27,9,13,0.692,1,3,0.333,3,4,0.75,0,12,12,0,4,4,1,1,22
2023-11-07_uc_santa_barbara_san_francisco,UC Santa Barbara,03,"Marin, Alyssa",True,23,4,9,0.444,2,4,0.5,4,4,1.0,0,1,1,3,7,2,0,2,14
2023-11-07_uc_santa_barbara_san_francisco,UC Santa Barbara,55,"Burke, Skylar",True,28,5,9,0.556,1,2,0.5,1,2,0.5,1,7,8,4,1,2,1,1,12
2023-11-07_uc_santa_barbara_san_francisco,UC Santa Barbara,13,"Goed, Flora",True,25,4,6,0.667,0,0,,0,0,,2,0,2,3,3,2,0,0,8
2023-11-07_uc_santa_barbara_san_francisco,UC Santa Barbara,10,"Choice, Anya",True,21,3,7,0.429,1,2,0.5,0,0,,0,0,0,4,2,1,1,0,7
2023-11-07_uc_santa_barbara_san_francisco,UC Santa Barbara,32,"Grant, Jessica",False,23,4,11,0.364,4,11,0.364,0,0,,0,1,1,0,1,0,0,1,12
2023-11-07_uc_santa_barbara_san_francisco,UC Santa Barbara,15,"McMorris, Mary",False,24,3,7,0.429,0,2,0.0,2,2,1.0,0,0,0,2,6,1,2,0,8
2023-11-07_uc_santa_barbara_san_francisco,UC Santa Barbara,05,"Bradley, Olivia",False,17,1,2,0.5,0,0,,0,0,,0,4,4,1,0,1,0,0,2
2023-11-07_uc_santa_barbara_san_francisco,UC Santa Barbara,20,"Rockwood, Laurel",False,9,1,3,0.333,0,0,,0,0,,1,0,1,2,0,1,0,0,2
2023-11-07_uc_santa_barbara_san_francisco,UC Santa Barbara,02,"Borter, Zoe",False,3,0,0,,0,0,,0,0,,0,1,1,0,0,0,0,0,0
2023-11-07_uc_santa_barbara_san_francisco,UC Santa Barbara,TM,TEAM,False,0,0,0,,0,0,,0,0,,1,4,5,0,0,1,0,0,0
2023-11-08_stanford_hawaii,Hawaii,14,"Rewers, Brooklyn",True,20,3,7,0.429,1,1,1.0,1,1,1.0,0,3,3,3,0,0,0,0,8
2023-11-08_stanford_hawaii,Hawaii,03,"Wahinekapu, Lily",True,25,1,11,0.091,0,3,0.0,4,4,1.0,0,2,2,1,1,2,0,0,6
2023-11-08_stanford_hawaii,Hawaii,23,"McBee, MeiLani",True,25,2,6,0.333,2,4,0.5,0,0,,0,1,1,3,0,0,1,0,6
2023-11-08_stanford_hawaii,Hawaii,12,"Perez, Imani",True,24,2,6,0.333,1,3,0.333,0,0,,0,2,2,3,0,1,0,0,5
2023-11-08_stanford_hawaii,Hawaii,15,"Phillips, Daejah",True,26,2,9,0.222,0,1,0.0,0,0,,0,1,1,3,2,3,0,2,4
2023-11-08_stanford_hawaii,Hawaii,02,"Thoms, Ashley",False,22,1,5,0.2,0,1,0.0,2,3,0.667,0,0,0,2,1,0,0,0,4
2023-11-08_stanford_hawaii,Hawaii,01,"Imai, Kelsie",False,14,1,1,1.0,0,0,,1,2,0.5,0,1,1,2,3,2,0,0,3
2023-11-08_stanford_hawaii,Hawaii,22,"Peacock, Jade",False,18,1,5,0.2,0,2,0.0,0,0,,1,0,1,2,0,0,1,1,2
2023-11-08_stanford_hawaii,Hawaii,45,"Davies, Olivia",False,17,0,6,0.0,0,2,0.0,2,2,1.0,0,0,0,1,1,1,0,1,2
2023-11-08_stanford_hawaii,Hawaii,11,"Berrett, Vivienne",False,9,0,2,0.0,0,0,,0,2,0.0,0,2,2,1,0,2,0,0,0
2023-11-08_stanford_hawaii,Hawaii,TM,TEAM,False,0,0,0,,0,0,,0,0,,3,2,5,0,0,0,0,0,0
2023-11-08_stanford_hawaii,Stanford,44,"Iriafen, Kiki",True,24,10,14,0.714,0,0,,3,3,1.0,7,6,13,1,1,2,0,0,23
2023-11-08_stanford_hawaii,Stanford,20,"Bosgana, Elena",True,17,4,8,0.5,0,3,0.0,2,2,1.0,3,5,8,2,1,0,1,1,10
2023-11-08_stanford_hawaii,Stanford,33,"Jump, Hannah",True,23,4,7,0.571,1,2,0.5,0,0,,0,3,3,2,3,0,0,1,9
2023-11-08_stanford_hawaii,Stanford,22,"Brink, Cameron",True,17,2,9,0.222,0,1,0.0,4,4,1.0,1,7,8,2,5,1,2,1,8
2023-11-08_stanford_hawaii,Stanford,10,"Lepolo, Talana",True,20,0,2,0.0,0,1,0.0,0,0,,1,1,2,2,0,2,0,0,0
2023-11-08_stanford_hawaii,Stanford,03,"Agara, Nunu",False,18,5,7,0.714,0,0,,8,9,0.889,0,6,6,1,1,1,0,1,18
2023-11-08_stanford_hawaii,Stanford,21,"Demetre, Brooke",False,25,4,5,0.8,2,3,0.667,2,2,1.0,1,7,8,1,1,2,0,1,12
2023-11-08_stanford_hawaii,Stanford,40,"Ogden, Courtney",False,12,3,3,1.0,1,1,1.0,0,0,,0,1,1,5,0,2,0,1,7
2023-11-08_stanford_hawaii,Stanford,32,"Harriel, Jzaniya",False,21,0,6,0.0,0,3,0.0,0,0,,0,1,1,3,2,1,1,1,0
2023-11-08_stanford_hawaii,Stanford,13,"Clardy, Chloe",False,14,0,3,0.0,0,2,0.0,0,0,,0,3,3,2,0,1,1,0,0
2023-11-08_stanford_hawaii,Stanford,24,"Papadaki, Stavi",False,5,0,2,0.0,0,1,0.0,0,0,,2,1,3,0,0,0,1,0,0
2023-11-08_stanford_hawaii,Stanford,31,"Green, Lauren",False,4,0,0,,0,0,,0,0,,2,0,2,0,0,0,0,0,0
2023-11-08_stanford_hawaii,Stanford,TM,TEAM,False,0,0,0,,0,0,,0,0,,0,2,2,0,0,0,0,0,0
2023-11-08_uc_san_diego_life_pacific,LIFE Pacific,00,"Schwantner, Faith",True,23,5,8,0.625,0,1,0.0,0,0,,2,1,3,1,0,4,0,0,10
2023-11-08_uc_san_diego_life_pacific,LIFE Pacific,03,"Spinosa, Rachel",True,24,2,7,0.286,0,3,0.0,0,0,,0,3,3,1,1,1,0,1,4
2023-11-08_uc_san_diego_life_pacific,LIFE Pacific,24,"Lloyd, Kyori",True,20,1,7,0.143,0,3,0.0,1,1,1.0,0,8,8,4,1,2,1,1,3
2023-11-08_uc_san_diego_life_pacific,LIFE Pacific,01,"Sanchez, Julianna",True,18,1,7,0.143,1,5,0.2,0,0,,0,1,1,1,1,1,0,0,3
2023-11-08_uc_san_diego_life_pacific,LIFE Pacific,13,"Murphy, Mikayla",True,8,1,2,0.5,0,0,,0,0,,0,1,1,2,0,2,0,0,2
2023-11-08_uc_san_diego_life_pacific,LIFE Pacific,11,"Leaf, Dibora",False,16,1,7,0.143,1,6,0.167,2,2,1.0,0,0,0,3,0,0,0,0,5
2023-11-08_uc_san_diego_life_pacific,LIFE Pacific,10,"Zazueta, Cassandra",False,8,2,6,0.333,1,4,0.25,0,0,,0,1,1,0,0,2,1,0,5
2023-11-08_uc_san_diego_life_pacific,LIFE Pacific,04,"Satamian, Natalie",False,18,0,2,0.0,0,0,,0,0,,0,4,4,3,1,1,0,1,0
2023-11-08_uc_san_diego_life_pacific,LIFE Pacific,30,"Young, Emily",False,18,0,1,0.0,0,0,,0,0,,1,0,1,1,0,1,0,0,0
2023-11-08_uc_san_diego_life_pacific,LIFE Pacific,33,"Zazueta, Chloe",False,17,0,6,0.0,0,4,0.0,0,0,,0,0,0,0,0,0,0,0,0
2023-11-08_uc_san_diego_life_pacific,LIFE Pacific,12,"Ganino, Sophia",False,15,0,1,0.0,0,0,,0,0,,0,1,1,1,1,2,0,0,0
2023-11-08_uc_san_diego_life_pacific,LIFE Pacific,02,"Garcia, Mia",False,8,0,3,0.0,0,2,0.0,0,0,,1,0,1,0,0,0,0,0,0
2023-11-08_uc_san_diego_life_pacific,LIFE Pacific,44,"Mitchell, Becky",False,7,0,0,,0,0,,0,0,,0,1,1,0,0,0,0,0,0
2023-11-08_uc_san_diego_life_pacific,LIFE Pacific,TM,TEAM,False,0,0,0,,0,0,,0,0,,2,2,4,0,0,2,0,0,0
2023-11-08_uc_san_diego_life_pacific,UC San Diego,20,"Forsyth, Izzy",True,26,7,10,0.7,1,4,0.25,2,2,1.0,0,6,6,0,3,2,0,1,17
2023-11-08_uc_san_diego_life_pacific,UC San Diego,32,"Montgomery, Parker",True,19,3,7,0.429,2,5,0.4,0,0,,0,2,2,0,2,1,0,1,8
2023-11-08_uc_san_diego_life_pacific,UC San Diego,03,"Sugapong, Sumayah",True,16,2,7,0.286,0,3,0.0,1,2,0.5,1,0,1,1,4,1,0,1,5
2023-11-08_uc_san_diego_life_pacific,UC San Diego,12,"Smith, Rosa",True,15,2,6,0.333,1,3,0.333,0,0,,0,3,3,1,1,1,0,1,5
2023-11-08_uc_san_diego_life_pacific,UC San Diego,35,"Springs, Katie",True,15,0,7,0.0,0,0,,0,2,0.0,7,9,16,1,3,1,1,1,0
2023-11-08_uc_san_diego_life_pacific,UC San Diego,30,"Sule, Damilola",False,19,7,9,0.778,0,0,,1,1,1.0,7,5,12,0,1,0,0,0,15
2023-11-08_uc_san_diego_life_pacific,UC San Diego,23,"Blithikioti, Eri",False,32,5,9,0.556,2,2,1.0,0,0,,0,3,3,1,5,1,4,4,12
2023-11-08_uc_san_diego_life_pacific,UC San Diego,22,"Gallegos, Gracie",False,21,3,11,0.273,1,3,0.333,5,5,1.0,3,3,6,2,2,1,0,1,12
2023-11-08_uc_san_diego_life_pacific,UC San Diego,11,"Condron, Erin",False,11,3,6,0.5,0,1,0.0,0,1,0.0,1,3,4,1,0,1,0,0,6
2023-11-08_uc_san_diego_life_pacific,UC San Diego,24,"Pinto, Denali",False,9,2,3,0.667,1,2,0.5,0,0,,1,1,2,0,1,0,0,0,5
2023-11-08_uc_san_diego_life_pacific,UC San Diego,05,"Louther, Gabby",False,17,1,2,0.5,0,1,0.0,1,2,0.5,0,1,1,0,2,0,0,1,3
2023-11-08_uc_san_diego_life_pacific,UC San Diego,TM,TEAM,False,0,0,0,,0,0,,0,0,,1,2,3,0,0,0,0,0,0
2023-11-08_idaho_cal_poly,Cal Poly,2,"Shah, Annika",True,38,6,12,0.5,1,1,1.0,6,6,1.0,1,5,6,2,0,1,0,0,19
2023-11-08_idaho_cal_poly,Cal Poly,35,"Ackerman, Natalia",True,31,4,8,0.5,1,1,1.0,5,5,1.0,4,11,15,3,0,2,3,1,14
2023-11-08_idaho_cal_poly,Cal Poly,10,"Richards, Sidney",True,20,4,6,0.667,0,1,0.0,4,4,1.0,0,2,2,4,0,4,0,0,12
2023-11-08_idaho_cal_poly,Cal Poly,15,"Bourland, Sydney",True,37,2,7,0.286,0,0,,0,0,,3,2,5,3,1,2,2,0,4
2023-11-08_idaho_cal_poly,Cal Poly,4,"Lichtie, Sierra",True,15,1,5,0.2,0,2,0.0,1,2,0.5,1,1,2,2,0,1,0,0,3
2023-11-08_idaho_cal_poly,Cal Poly,5,"McNicholas, Ania",False,19,2,7,0.286,1,1,1.0,2,2,1.0,1,2,3,2,0,2,2,0,7
2023-11-08_idaho_cal_poly,Cal Poly,24,"Carter, Mary",False,8,1,3,0.333,1,2,0.5,0,0,,0,2,2,3,0,1,0,0,3
2023-11-08_idaho_cal_poly,Cal Poly,33,"Olinger, Amanda",False,14,1,3,0.333,0,1,0.0,0,0,,1,1,2,2,0,0,1,0,2
2023-11-08_idaho_cal_poly,Cal Poly,25,"Hoffman, Jordan",False,8,0,1,0.0,0,1,0.0,1,2,0.5,0,0,0,0,0,0,0,0,1
2023-11-08_idaho_cal_poly,Cal Poly,3,"Richardson, Diamond",False,10,0,4,0.0,0,0,,0,0,,2,2,4,1,0,1,0,0,0
2023-11-08_idaho_cal_poly,Cal Poly,TM,TEAM,False,0,0,0,,0,0,,0,0,,3,4,7,0,0,2,0,0,0
2023-11-08_idaho_cal_poly,Idaho,23,"Phillips, Asha",True,34,5,10,0.5,3,4,0.75,1,2,0.5,0,3,3,2,1,2,0,1,14
2023-11-08_idaho_cal_poly,Idaho,1,"Schmitt, Sarah",True,39,2,9,0.222,2,4,0.5,4,4,1.0,2,2,4,2,2,0,0,0,10
2023-11-08_idaho_cal_poly,Idaho,21,"Johnson, Kennedy",True,22,3,7,0.429,0,0,,0,2,0.0,3,2,5,2,1,3,1,1,6
2023-11-08_idaho_cal_poly,Idaho,5,"Langer, Amalie",True,31,2,10,0.2,0,7,0.0,0,0,,1,1,2,4,3,1,0,1,4
2023-11-08_idaho_cal_poly,Idaho,11,"Butera, Hope",True,15,1,4,0.25,0,1,0.0,0,0,,1,3,4,3,0,0,1,0,2
2023-11-08_idaho_cal_poly,Idaho,2,"Brans, Sarah",False,25,3,11,0.273,2,6,0.333,5,6,0.833,1,3,4,1,1,1,1,0,13
2023-11-08_idaho_cal_poly,Idaho,3,"Wallace, Ashlyn",False,28,1,6,0.167,1,5,0.2,3,4,0.75,0,2,2,3,1,1,0,2,6
2023-11-08_idaho_cal_poly,Idaho,24,"Caldwell, Aspen",False,6,0,0,,0,0,,0,0,,0,0,0,1,0,0,0,0,0
2023-11-08_idaho_cal_poly,Idaho,TM,TEAM,False,0,0,0,,0,0,,0,0,,1,4,5,0,0,1,0,0,0
2023-11-08_long_beach_st_biola,Biola,3,"Radovic, Natasa",True,26,5,8,0.625,2,2,1.0,5,7,0.714,2,3,5,3,2,5,0,2,17
2023-11-08_long_beach_st_biola,Biola,15,"Alexander, Trasara",True,28,4,11,0.364,4,8,0.5,4,4,1.0,0,3,3,1,1,2,0,0,16
2023-11-08_long_beach_st_biola,Biola,2,"Walker, Laila",True,32,4,13,0.308,1,8,0.125,0,0,,0,2,2,2,2,5,0,2,9
2023-11-08_long_beach_st_biola,Biola,23,"Rabe, Jordan",True,29,2,5,0.4,0,2,0.0,0,0,,0,3,3,1,1,3,1,3,4
2023-11-08_long_beach_st_biola,Biola,5,"Thurman, Jessa",True,26,2,9,0.222,0,0,,0,0,,1,3,4,3,2,4,0,3,4
2023-11-08_long_beach_st_biola,Biola,12,"Kubo, Alyssa",False,11,2,4,0.5,1,2,0.5,0,0,,3,0,3,1,2,0,0,0,5
2023-11-08_long_beach_st_biola,Biola,24,"Cabrera, Eleni",False,11,1,5,0.2,0,2,0.0,2,2,1.0,0,0,0,1,0,1,0,0,4
2023-11-08_long_beach_st_biola,Biola,25,"Goldsmith, Jaycee",False,7,1,3,0.333,0,2,0.0,0,0,,0,2,2,1,0,0,1,1,2
2023-11-08_long_beach_st_biola,Biola,13,"Michel, Jaya",False,3,0,2,0.0,0,2,0.0,1,2,0.5,0,0,0,0,0,0,0,1,1
2023-11-08_long_beach_st_biola,Biola,10,"Kamelamela, Kaylen",False,12,0,2,0.0,0,1,0.0,0,0,,1,0,1,1,0,2,0,0,0
2023-11-08_long_beach_st_biola,Biola,4,"Moran, Sydney",False,6,0,0,,0,0,,0,0,,0,0,0,0,0,0,0,0,0
2023-11-08_long_beach_st_biola,Biola,22,"Naum, Esther",False,3,0,0,,0,0,,0,0,,0,0,0,1,0,0,0,0,0
2023-11-08_long_beach_st_biola,Biola,32,"Miller, Camden",False,3,0,0,,0,0,,0,0,,0,1,1,0,0,0,0,0,0
2023-11-08_long_beach_st_biola,Biola,33,"Weber, Hope",False,3,0,0,,0,0,,0,0,,1,0,1,0,1,2,0,0,0
2023-11-08_long_beach_st_biola,Biola,TM,TEAM,False,0,0,0,,0,0,,0,0,,1,2,3,0,0,0,0,0,0
2023-11-08_long_beach_st_biola,Long Beach St.,2,"Tucker, Savannah",True,33,10,15,0.667,4,7,0.571,1,2,0.5,1,5,6,0,2,4,0,1,25
2023-11-08_long_beach_st_biola,Long Beach St.,3,"Chung, Patricia",True,24,3,8,0.375,1,4,0.25,2,2,1.0,3,4,7,1,8,2,0,0,9
2023-11-08_long_beach_st_biola,Long Beach St.,22,"Woodley, Sydney",True,20,4,11,0.364,0,1,0.0,0,0,,2,1,3,4,2,0,0,3,8
2023-11-08_long_beach_st_biola,Long Beach St.,1,"Sonnier, Lovely",True,13,0,1,0.0,0,0,,3,4,0.75,1,2,3,4,4,1,1,2,3
2023-11-08_long_beach_st_biola,Long Beach St.,5,"Ka, Kennan",True,3,1,3,0.333,0,1,0.0,0,0,,1,0,1,0,0,0,0,0,2
2023-11-08_long_beach_st_biola,Long Beach St.,21,"Shoff, Abby",False,24,5,10,0.5,0,2,0.0,1,2,0.5,2,7,9,3,1,1,0,0,11
2023-11-08_long_beach_st_biola,Long Beach St.,10,"Valenti Paea, Casey",False,16,4,6,0.667,0,1,0.0,0,1,0.0,0,2,2,2,2,2,0,3,8
2023-11-08_long_beach_st_biola,Long Beach St.,12,"Crawshaw, Jada",False,17,2,3,0.667,0,0,,2,2,1.0,1,1,2,1,0,4,0,0,6
2023-11-08_long_beach_st_biola,Long Beach St.,52,"Matthews, Davai",False,17,2,2,1.0,0,0,,0,0,,0,2,2,2,1,4,0,1,4
2023-11-08_long_beach_st_biola,Long Beach St.,30,"Moore, Olivia",False,8,1,2,0.5,1,2,0.5,1,2,0.5,1,2,3,0,1,2,0,0,4
2023-11-08_long_beach_st_biola,Long Beach St.,4,"Givens, Cheyenne",False,22,0,5,0.0,0,3,0.0,2,2,1.0,0,2,2,1,0,4,1,2,2
2023-11-08_long_beach_st_biola,Long Beach St.,00,"Cummings, Lauren",False,3,0,0,,0,0,,0,0,,0,1,1,1,0,1,0,0,0
2023-11-08_long_beach_st_biola,Long Beach St.,TM,TEAM,False,0,0,0,,0,0,,0,0,,4,4,8,0,0,0,0,0,0
2023-11-09_uc_davis_portland_st,Portland St.,22,"Ogele, Rhema",True,30,12,14,0.857,0,0,,0,4,0.0,4,7,11,3,1,3,1,2,24
2023-11-09_uc_davis_portland_st,Portland St.,12,"Morales, Esmeralda",True,37,5,13,0.385,3,9,0.333,8,9,0.889,0,4,4,0,5,1,0,2,21
2023-11-09_uc_davis_portland_st,Portland St.,02,"'Uhila, Mia",True,34,4,8,0.5,1,4,0.25,2,4,0.5,2,6,8,3,5,4,0,4,11
2023-11-09_uc_davis_portland_st,Portland St.,01,"Fitzgerald, Alaya",True,38,2,9,0.222,1,5,0.2,3,4,0.75,0,1,1,2,3,5,2,2,8
2023-11-09_uc_davis_portland_st,Portland St.,15,"Wenger, Lana",True,19,1,3,0.333,0,0,,0,0,,0,4,4,3,0,3,0,0,2
2023-11-09_uc_davis_portland_st,Portland St.,05,"McCartney, Cinco",False,22,2,3,0.667,0,1,0.0,0,0,,1,5,6,3,1,2,0,0,4
2023-11-09_uc_davis_portland_st,Portland St.,11,"Torres-Kahapea, Laynee",False,19,0,1,0.0,0,1,0.0,1,4,0.25,0,1,1,2,1,0,0,0,1
2023-11-09_uc_davis_portland_st,Portland St.,20,"Winter, Paige",False,1,0,0,,0,0,,0,0,,0,0,0,1,0,0,0,0,0
2023-11-09_uc_davis_portland_st,Portland St.,TM,TEAM,False,0,0,0,,0,0,,0,0,,0,1,1,0,0,1,0,0,0
2023-11-09_uc_davis_portland_st,UC Davis,15,"Turner, Evanne",True,40,4,11,0.364,4,10,0.4,2,2,1.0,0,2,2,4,1,2,0,1,14
2023-11-09_uc_davis_portland_st,UC Davis,25,"Norris, Megan",True,19,5,9,0.556,0,0,,2,2,1.0,1,5,6,0,0,4,0,0,12
2023-11-09_uc_davis_portland_st,UC Davis,14,"Sabel, Tova",True,29,4,12,0.333,2,7,0.286,1,3,0.333,2,5,7,3,2,3,0,0,11
2023-11-09_uc_davis_portland_st,UC Davis,13,"Burns, Sydney",True,28,2,3,0.667,0,1,0.0,0,0,,0,2,2,4,8,2,0,2,4
2023-11-09_uc_davis_portland_st,UC Davis,33,"Harris, Mazatlan",True,31,1,6,0.167,0,5,0.0,0,0,,0,2,2,5,1,1,0,1,2
2023-11-09_uc_davis_portland_st,UC Davis,10,"Svanholm, Lena",False,22,5,10,0.5,0,0,,1,1,1.0,2,2,4,2,2,2,0,1,11
2023-11-09_uc_davis_portland_st,UC Davis,23,"Baker, Victoria",False,9,2,3,0.667,1,1,1.0,0,2,0.0,1,0,1,2,0,0,0,2,5
2023-11-09_uc_davis_portland_st,UC Davis,04,"Epps, Nya",False,14,1,6,0.167,1,2,0.5,0,0,,1,0,1,1,1,1,0,0,3
2023-11-09_uc_davis_portland_st,UC Davis,03,"Gray, Campbell",False,6,0,0,,0,0,,0,0,,0,1,1,0,1,2,0,0,0
2023-11-09_uc_davis_portland_st,UC Davis,41,"Shine, Bria",False,2,0,2,0.0,0,0,,0,0,,0,1,1,0,0,0,0,0,0
2023-11-09_uc_davis_portland_st,UC Davis,TM,TEAM,False,0,0,0,,0,0,,0,0,,4,4,8,0,0,0,0,0,0
2023-11-09_csun_seattle_u,Seattle U,23,"Korolenko, Irena",True,44,10,22,0.455,2,8,0.25,0,0,,6,11,17,1,4,4,1,2,22
2023-11-09_csun_seattle_u,Seattle U,22,"Moore, Makayla",True,28,6,12,0.5,1,4,0.25,0,0,,0,0,0,5,1,8,0,3,13
2023-11-09_csun_seattle_u,Seattle U,11,"Howard, Peyton",True,25,3,6,0.5,1,1,1.0,3,4,0.75,1,0,1,5,2,4,0,2,10
2023-11-09_csun_seattle_u,Seattle U,14,"Moore, Mya",True,21,3,7,0.429,0,1,0.0,1,1,1.0,2,8,10,5,1,3,3,2,7
2023-11-09_csun_seattle_u,Seattle U,13,"Jagger, Ramona",True,37,1,2,0.5,0,0,,2,4,0.5,3,7,10,4,3,3,0,1,4
2023-11-09_csun_seattle_u,Seattle U,5,"Bariteau, Noemie",False,9,0,1,0.0,0,0,,6,6,1.0,1,0,1,0,0,1,0,2,6
2023-11-09_csun_seattle_u,Seattle U,21,"Tarasow, Erin",False,20,1,8,0.125,1,7,0.143,0,0,,0,2,2,3,0,2,0,2,3
2023-11-09_csun_seattle_u,Seattle U,2,"Interrante, Aannah",False,13,1,3,0.333,1,3,0.333,0,0,,1,0,1,0,1,2,0,1,3
2023-11-09_csun_seattle_u,Seattle U,4,"Blauenfeldt, Asta",False,16,0,4,0.0,0,2,0.0,2,2,1.0,0,0,0,0,3,4,0,2,2
2023-11-09_csun_seattle_u,Seattle U,34,"Michaelsen, Lisa",False,12,1,1,1.0,0,0,,0,0,,1,1,2,1,0,1,1,0,2
2023-11-09_csun_seattle_u,Seattle U,TM,TEAM,False,0,0,0,,0,0,,0,0,,1,6,7,0,0,1,0,0,0
2023-11-09_csun_seattle_u,CSUN,23,"Li-uperesa, Talo",True,35,4,7,0.571,1,2,0.5,5,5,1.0,4,2,6,2,2,0,1,1,14
2023-11-09_csun_seattle_u,CSUN,20,"Adams, Erica",True,37,5,14,0.357,0,2,0.0,3,3,1.0,1,5,6,1,2,5,0,5,13
2023-11-09_csun_seattle_u,CSUN,24,"Spriggs, Kayanna",True,30,5,13,0.385,1,1,1.0,2,6,0.333,1,2,3,5,1,0,0,2,13
2023-11-09_csun_seattle_u,CSUN,15,"Amundsen, Laney",True,38,3,15,0.2,0,11,0.0,2,2,1.0,3,4,7,4,4,2,0,3,8
2023-11-09_csun_seattle_u,CSUN,4,"Harvey, Rachel",True,11,1,3,0.333,0,0,,0,0,,1,0,1,2,1,2,0,2,2
2023-11-09_csun_seattle_u,CSUN,22,"Elsholz, Kaitlyn",False,32,7,15,0.467,3,9,0.333,5,6,0.833,2,5,7,4,3,2,2,2,22
2023-11-09_csun_seattle_u,CSUN,43,"Nikishina , Arina",False,14,2,3,0.667,0,0,,1,2,0.5,1,1,2,2,0,3,1,1,5
2023-11-09_csun_seattle_u,CSUN,1,"Ferguson, Amiyah",False,17,1,8,0.125,0,5,0.0,2,2,1.0,0,0,0,3,4,6,0,0,4
2023-11-09_csun_seattle_u,CSUN,11,"Smith, Olivia",False,11,0,0,,0,0,,0,0,,0,2,2,0,1,1,0,0,0
2023-11-09_csun_seattle_u,CSUN,TM,TEAM,False,0,0,0,,0,0,,0,0,,5,4,9,0,0,1,0,0,0
2023-11-09_ucla_uc_riverside,UC Riverside,32,"Webster, Jordan",True,38,7,18,0.389,3,10,0.3,1,3,0.333,0,0,0,2,6,1,0,0,18
2023-11-09_ucla_uc_riverside,UC Riverside,1,"Bryant, Matehya",True,32,5,14,0.357,0,1,0.0,1,2,0.5,1,7,8,4,2,1,0,5,11
2023-11-09_ucla_uc_riverside,UC Riverside,2,"Walters, Ryanne",True,35,3,11,0.273,2,3,0.667,0,0,,0,6,6,1,6,3,0,0,8
2023-11-09_ucla_uc_riverside,UC Riverside,10,"Stenberg, Julia",True,21,0,3,0.0,0,3,0.0,2,2,1.0,1,1,2,3,0,1,1,0,2
2023-11-09_ucla_uc_riverside,UC Riverside,13,"Chocano, Maya",True,7,0,4,0.0,0,2,0.0,0,0,,0,1,1,0,0,0,0,0,0
2023-11-09_ucla_uc_riverside,UC Riverside,15,"Sanderson, Jaden",False,27,4,5,0.8,1,2,0.5,0,0,,1,2,3,3,0,2,0,1,9
2023-11-09_ucla_uc_riverside,UC Riverside,00,"Jackson, Makayla",False,23,2,4,0.5,0,2,0.0,0,0,,1,0,1,1,0,0,0,3,4
2023-11-09_ucla_uc_riverside,UC Riverside,4,"Marshall, Jordyn",False,10,0,3,0.0,0,1,0.0,0,0,,0,0,0,0,0,1,0,0,0
2023-11-09_ucla_uc_riverside,UC Riverside,3,"Tillery, Zoe",False,5,0,2,0.0,0,2,0.0,0,0,,0,0,0,0,0,0,0,0,0
2023-11-09_ucla_uc_riverside,UC Riverside,5,"Murphy, Sasha",False,2,0,0,,0,0,,0,0,,0,0,0,1,0,1,0,0,0
2023-11-09_ucla_uc_riverside,UC Riverside,TM,TEAM,False,0,0,0,,0,0,,0,0,,0,1,1,0,0,0,0,0,0
2023-11-09_ucla_uc_riverside,UCLA,1,"Rice, Kiki",True,34,6,10,0.6,2,3,0.667,4,4,1.0,1,3,4,0,3,4,0,0,18
2023-11-09_ucla_uc_riverside,UCLA,23,"Jaquez, Gabriela",True,28,7,14,0.5,3,7,0.429,1,1,1.0,2,5,7,2,1,1,0,1,18
2023-11-09_ucla_uc_riverside,UCLA,3,"Jones, Londynn",True,30,4,13,0.308,3,10,0.3,4,5,0.8,1,1,2,1,3,4,0,1,15
2023-11-09_ucla_uc_riverside,UCLA,51,"Betts, Lauren",True,27,6,7,0.857,0,0,,2,4,0.5,3,12,15,0,4,2,1,0,14
2023-11-09_ucla_uc_riverside,UCLA,20,"Osborne, Charisma",True,28,4,8,0.5,3,5,0.6,2,2,1.0,4,7,11,1,5,1,2,2,13
2023-11-09_ucla_uc_riverside,UCLA,22,"Iwuala, Christeen",False,10,3,5,0.6,0,0,,0,0,,2,0,2,0,0,0,0,0,6
2023-11-09_ucla_uc_riverside,UCLA,43,"Anstey, Izzy",False,11,2,2,1.0,0,0,,0,0,,1,5,6,3,2,1,1,0,4
2023-11-09_ucla_uc_riverside,UCLA,33,"Muse, Amanda",False,14,1,1,1.0,0,0,,0,0,,0,1,1,0,2,0,0,0,2
2023-11-09_ucla_uc_riverside,UCLA,35,"Brown, Camryn",False,18,0,3,0.0,0,3,0.0,0,0,,0,3,3,1,3,3,1,0,0
2023-11-09_ucla_uc_riverside,UCLA,TM,TEAM,False,0,0,0,,0,0,,0,0,,0,1,1,0,0,0,0,0,0
2023-11-10_pacific_cal_st_fullerton,Cal St. Fullerton,32,"Lewis, Ashlee",True,29,8,16,0.5,0,0,,1,3,0.333,2,7,9,1,1,4,2,2,17
2023-11-10_pacific_cal_st_fullerton,Cal St. Fullerton,02,"Hassmann, Hope",True,27,3,10,0.3,2,5,0.4,2,2,1.0,1,0,1,4,5,3,0,1,10
2023-11-10_pacific_cal_st_fullerton,Cal St. Fullerton,10,"Lagway, Demonnie",True,25,4,11,0.364,0,1,0.0,2,3,0.667,2,2,4,0,4,2,0,1,10
2023-11-10_pacific_cal_st_fullerton,Cal St. Fullerton,04,"Vidmar, Gabi",True,33,2,8,0.25,0,3,0.0,2,2,1.0,0,2,2,2,3,0,0,2,6
2023-11-10_pacific_cal_st_fullerton,Cal St. Fullerton,11,"MacDonald, Ruby",True,10,0,1,0.0,0,1,0.0,0,0,,0,0,0,1,0,1,0,0,0
2023-11-10_pacific_cal_st_fullerton,Cal St. Fullerton,33,"Minor, Brielle",False,6,1,1,1.0,0,0,,3,4,0.75,1,3,4,2,0,0,0,0,5
2023-11-10_pacific_cal_st_fullerton,Cal St. Fullerton,21,"Tse, Allysan",False,19,2,5,0.4,0,1,0.0,0,0,,0,1,1,3,1,1,0,2,4
2023-11-10_pacific_cal_st_fullerton,Cal St. Fullerton,13,"Hernandez, Aixchel",False,10,2,4,0.5,0,0,,0,0,,2,1,3,0,0,0,0,1,4
2023-11-10_pacific_cal_st_fullerton,Cal St. Fullerton,12,"Levingston, Eva",False,16,0,2,0.0,0,0,,1,2,0.5,0,3,3,4,0,2,0,0,1
2023-11-10_pacific_cal_st_fullerton,Cal St. Fullerton,03,"Salazar-Harrell, Kaliana",False,15,0,3,0.0,0,2,0.0,0,0,,1,0,1,0,4,0,0,1,0
2023-11-10_pacific_cal_st_fullerton,Cal St. Fullerton,23,"Strachan, Emily",False,7,0,3,0.0,0,0,,0,0,,0,0,0,0,0,0,0,1,0
2023-11-10_pacific_cal_st_fullerton,Cal St. Fullerton,24,"Neff, Kathryn",False,3,0,2,0.0,0,1,0.0,0,0,,1,1,2,0,0,1,0,0,0
2023-11-10_pacific_cal_st_fullerton,Cal St. Fullerton,TM,TEAM,False,0,0,0,,0,0,,0,0,,4,1,5,0,0,1,0,0,0
2023-11-10_pacific_cal_st_fullerton,Pacific,24,"Smith, Liz",True,35,4,9,0.444,1,5,0.2,7,9,0.778,0,4,4,1,7,3,1,1,16
2023-11-10_pacific_cal_st_fullerton,Pacific,03,"James, Anaya",True,34,5,11,0.455,2,4,0.5,0,0,,0,2,2,0,6,4,0,1,12
2023-11-10_pacific_cal_st_fullerton,Pacific,11,"Holmberg, Cecilia",True,21,4,11,0.364,2,5,0.4,1,2,0.5,1,5,6,2,5,0,1,1,11
2023-11-10_pacific_cal_st_fullerton,Pacific,10,"Ward, Sydney",True,28,2,5,0.4,2,3,0.667,0,0,,0,6,6,4,2,2,3,2,6
2023-11-10_pacific_cal_st_fullerton,Pacific,04,"Schweizer, Rosie",True,9,1,2,0.5,0,0,,0,0,,0,2,2,2,1,0,0,0,2
2023-11-10_pacific_cal_st_fullerton,Pacific,14,"Elliott, Elizabeth",False,16,5,7,0.714,0,0,,1,1,1.0,1,2,3,3,1,1,0,4,11
2023-11-10_pacific_cal_st_fullerton,Pacific,33,"Ennis, Madelene",False,19,3,4,0.75,0,0,,1,1,1.0,2,2,4,4,0,4,1,1,7
2023-11-10_pacific_cal_st_fullerton,Pacific,25,"Glazier, Lauren",False,15,2,4,0.5,0,0,,0,0,,1,3,4,0,0,1,0,0,4
2023-11-10_pacific_cal_st_fullerton,Pacific,15,"Lowery, Nyah",False,8,1,1,1.0,0,0,,2,2,1.0,0,0,0,1,0,1,0,1,4
2023-11-10_pacific_cal_st_fullerton,Pacific,23,"Durrill, Kenlee",False,15,0,0,,0,0,,0,0,,0,3,3,3,2,1,2,0,0
2023-11-10_pacific_cal_st_fullerton,Pacific,TM,TEAM,False,0,0,0,,0,0,,0,0,,0,4,4,0,0,1,0,0,0
2023-11-11_santa_clara_hawaii,Hawaii,23,"McBee, MeiLani",True,26,5,7,0.714,4,5,0.8,2,2,1.0,0,0,0,4,1,2,0,2,16
2023-11-11_santa_clara_hawaii,Hawaii,12,"Perez, Imani",True,35,3,8,0.375,2,5,0.4,1,4,0.25,0,3,3,1,2,1,0,0,9
2023-11-11_santa_clara_hawaii,Hawaii,01,"Imai, Kelsie",True,26,2,4,0.5,0,0,,0,0,,1,1,2,2,4,3,0,0,4
2023-11-11_santa_clara_hawaii,Hawaii,15,"Phillips, Daejah",True,10,0,1,0.0,0,1,0.0,3,4,0.75,0,2,2,5,2,2,0,1,3
2023-11-11_santa_clara_hawaii,Hawaii,02,"Thoms, Ashley",True,37,0,4,0.0,0,2,0.0,0,0,,0,1,1,2,1,4,0,1,0
2023-11-11_santa_clara_hawaii,Hawaii,14,"Rewers, Brooklyn",False,34,6,11,0.545,1,2,0.5,6,8,0.75,1,11,12,3,1,4,1,3,19
2023-11-11_santa_clara_hawaii,Hawaii,45,"Davies, Olivia",False,19,0,3,0.0,0,1,0.0,0,0,,0,2,2,4,2,4,0,0,0
2023-11-11_santa_clara_hawaii,Hawaii,22,"Peacock, Jade",False,13,0,2,0.0,0,1,0.0,0,0,,1,1,2,0,1,1,0,0,0
2023-11-11_santa_clara_hawaii,Hawaii,TM,TEAM,False,0,0,0,,0,0,,0,0,,1,2,3,0,0,1,0,0,0
2023-11-11_santa_clara_hawaii,Santa Clara,34,"Heal, Tess",True,32,6,13,0.462,0,1,0.0,4,5,0.8,0,3,3,1,2,5,0,3,16
2023-11-11_santa_clara_hawaii,Santa Clara,13,"Edmanson, Lara",True,25,4,7,0.571,1,2,0.5,4,4,1.0,3,1,4,3,0,1,0,2,13
2023-11-11_santa_clara_hawaii,Santa Clara,31,"Hiraki, Ashley",True,33,2,3,0.667,0,1,0.0,0,0,,0,1,1,2,3,2,0,4,4
2023-11-11_santa_clara_hawaii,Santa Clara,00,"Latu, Malia",True,12,1,2,0.5,0,0,,2,2,1.0,0,0,0,1,0,1,0,0,4
2023-11-11_santa_clara_hawaii,Santa Clara,02,"Frawley, Keeley",True,19,1,4,0.25,1,4,0.25,0,0,,1,4,5,1,0,3,0,1,3
2023-11-11_santa_clara_hawaii,Santa Clara,23,"Hudgins, Marya",False,31,3,8,0.375,0,0,,4,6,0.667,2,7,9,1,3,2,2,2,10
2023-11-11_santa_clara_hawaii,Santa Clara,05,"Pollerd, Olivia",False,19,3,7,0.429,1,3,0.333,0,0,,0,3,3,4,1,0,0,1,7
2023-11-11_santa_clara_hawaii,Santa Clara,12,"Naro, Madison",False,9,0,1,0.0,0,0,,2,2,1.0,0,1,1,0,0,0,0,1,2
2023-11-11_santa_clara_hawaii,Santa Clara,10,"Grigoropoulou, Georgia",False,3,1,1,1.0,0,0,,0,0,,0,0,0,2,0,0,0,0,2
2023-11-11_santa_clara_hawaii,Santa Clara,52,"Shaffer, Emma",False,12,0,6,0.0,0,0,,1,2,0.5,2,1,3,2,0,0,0,0,1
2023-11-11_santa_clara_hawaii,Santa Clara,22,"Cadee, Jayde",False,5,0,0,,0,0,,0,0,,0,0,0,1,0,0,0,0,0
2023-11-11_santa_clara_hawaii,Santa Clara,TM,TEAM,False,0,0,0,,0,0,,0,0,,2,1,3,0,0,1,0,0,0
2023-11-11_uc_irvine_seattle_u,Seattle U,14,"Moore, Mya",True,29,6,13,0.462,0,1,0.0,6,9,0.667,3,4,7,2,1,2,1,2,18
2023-11-11_uc_irvine_seattle_u,Seattle U,22,"Moore, Makayla",True,22,2,3,0.667,0,0,,0,0,,0,1,1,2,1,3,0,0,4
2023-11-11_uc_irvine_seattle_u,Seattle U,11,"Howard, Peyton",True,32,1,7,0.143,0,3,0.0,1,2,0.5,3,2,5,1,2,8,0,3,3
2023-11-11_uc_irvine_seattle_u,Seattle U,23,"Korolenko, Irena",True,22,1,5,0.2,1,2,0.5,0,2,0.0,3,2,5,5,0,6,0,0,3
2023-11-11_uc_irvine_seattle_u,Seattle U,13,"Jagger, Ramona",True,18,1,2,0.5,0,0,,0,0,,0,1,1,0,0,0,0,2,2
2023-11-11_uc_irvine_seattle_u,Seattle U,34,"Michaelsen, Lisa",False,9,1,3,0.333,0,0,,4,4,1.0,2,2,4,2,1,0,0,0,6
2023-11-11_uc_irvine_seattle_u,Seattle U,4,"Blauenfeldt, Asta",False,14,1,4,0.25,1,3,0.333,0,0,,0,1,1,1,1,2,0,0,3
2023-11-11_uc_irvine_seattle_u,Seattle U,2,"Interrante, Aannah",False,26,0,4,0.0,0,4,0.0,2,2,1.0,0,1,1,2,2,2,0,2,2
2023-11-11_uc_irvine_seattle_u,Seattle U,5,"Bariteau, Noemie",False,14,0,1,0.0,0,0,,2,2,1.0,0,2,2,2,0,1,0,2,2
2023-11-11_uc_irvine_seattle_u,Seattle U,21,"Tarasow, Erin",False,11,0,3,0.0,0,2,0.0,0,0,,0,0,0,2,0,0,0,1,0
2023-11-11_uc_irvine_seattle_u,Seattle U,3,"Hicks, Sareya",False,3,0,1,0.0,0,1,0.0,0,0,,0,0,0,0,0,1,0,1,0
2023-11-11_uc_irvine_seattle_u,Seattle U,TM,TEAM,False,0,0,0,,0,0,,0,0,,2,3,5,0,0,2,0,0,0
2023-11-11_uc_irvine_seattle_u,UC Irvine,23,"Konate, Diaba",True,30,7,8,0.875,0,0,,3,3,1.0,1,3,4,2,5,3,0,3,17
2023-11-11_uc_irvine_seattle_u,UC Irvine,13,"Lee, Déja",True,27,5,9,0.556,3,7,0.429,0,0,,1,2,3,2,5,2,0,2,13
2023-11-11_uc_irvine_seattle_u,UC Irvine,3,"Tom, Nikki",True,31,1,10,0.1,1,9,0.111,2,2,1.0,2,2,4,0,2,2,0,3,5
2023-11-11_uc_irvine_seattle_u,UC Irvine,24,"Dean, Nevaeh",True,12,1,1,1.0,0,0,,1,2,0.5,1,0,1,4,0,1,0,0,3
2023-11-11_uc_irvine_seattle_u,UC Irvine,22,"Djoko, Clara",True,18,0,2,0.0,0,0,,0,0,,1,2,3,1,0,3,1,3,0
2023-11-11_uc_irvine_seattle_u,UC Irvine,32,"Parkinson, Nevaeh",False,24,8,11,0.727,0,0,,1,3,0.333,3,4,7,1,0,1,3,1,17
2023-11-11_uc_irvine_seattle_u,UC Irvine,12,"Nahum, Shirel",False,23,3,6,0.5,1,1,1.0,2,3,0.667,0,1,1,2,1,5,0,2,9
2023-11-11_uc_irvine_seattle_u,UC Irvine,11,"Scharpf, Amelia",False,17,2,6,0.333,2,4,0.5,0,0,,1,2,3,4,2,1,0,1,6
2023-11-11_uc_irvine_seattle_u,UC Irvine,33,"Kaupu, Caiyle",False,9,1,1,1.0,0,0,,2,2,1.0,1,0,1,1,0,1,0,2,4
2023-11-11_uc_irvine_seattle_u,UC Irvine,5,"Ross, Tarryn",False,6,0,3,0.0,0,3,0.0,0,0,,0,0,0,1,0,0,1,0,0
2023-11-11_uc_irvine_seattle_u,UC Irvine,2,"Hernandez, Haley",False,3,0,0,,0,0,,0,0,,0,0,0,0,0,1,0,0,0
2023-11-11_uc_irvine_seattle_u,UC Irvine,TM,TEAM,False,0,0,0,,0,0,,0,0,,0,5,5,0,0,0,0,0,0
2023-11-11_san_jose_st_cal_poly,Cal Poly,35,"Ackerman, Natalia",True,17,4,6,0.667,0,0,,2,4,0.5,3,1,4,3,0,3,2,1,10
2023-11-11_san_jose_st_cal_poly,Cal Poly,2,"Shah, Annika",True,31,3,9,0.333,2,7,0.286,0,0,,0,1,1,1,2,4,0,2,8
2023-11-11_san_jose_st_cal_poly,Cal Poly,10,"Richards, Sidney",True,25,2,5,0.4,1,2,0.5,1,2,0.5,0,1,1,5,4,4,0,1,6
2023-11-11_san_jose_st_cal_poly,Cal Poly,4,"Lichtie, Sierra",True,25,2,3,0.667,1,2,0.5,0,0,,1,3,4,1,1,5,0,0,5
2023-11-11_san_jose_st_cal_poly,Cal Poly,15,"Bourland, Sydney",True,38,1,3,0.333,0,2,0.0,1,2,0.5,1,9,10,1,3,4,0,0,3
2023-11-11_san_jose_st_cal_poly,Cal Poly,24,"Carter, Mary",False,31,4,8,0.5,3,7,0.429,0,0,,3,7,10,4,3,6,3,1,11
2023-11-11_san_jose_st_cal_poly,Cal Poly,5,"McNicholas, Ania",False,18,2,6,0.333,2,5,0.4,0,0,,0,1,1,2,1,3,0,0,6
2023-11-11_san_jose_st_cal_poly,Cal Poly,3,"Richardson, Diamond",False,7,2,2,1.0,0,0,,1,1,1.0,0,0,0,0,0,0,0,0,5
2023-11-11_san_jose_st_cal_poly,Cal Poly,12,"Billing, Jordan",False,3,1,1,1.0,0,0,,0,0,,0,0,0,0,0,0,0,1,2
2023-11-11_san_jose_st_cal_poly,Cal Poly,25,"Hoffman, Jordan",False,3,0,0,,0,0,,0,0,,0,0,0,0,1,0,0,0,0
2023-11-11_san_jose_st_cal_poly,Cal Poly,33,"Olinger, Amanda",False,2,0,0,,0,0,,0,0,,0,0,0,3,0,0,0,0,0
2023-11-11_san_jose_st_cal_poly,Cal Poly,TM,TEAM,False,0,0,0,,0,0,,0,0,,0,1,1,0,0,1,0,0,0
2023-11-11_san_jose_st_cal_poly,San Jose St.,24,"Moreland, Amhyia",True,21,6,10,0.6,0,0,,3,3,1.0,5,2,7,4,1,2,0,0,15
2023-11-11_san_jose_st_cal_poly,San Jose St.,30,"Ma, Sabrina",True,19,4,10,0.4,3,6,0.5,0,0,,0,2,2,4,0,3,0,2,11
2023-11-11_san_jose_st_cal_poly,San Jose St.,11,"Davis-jones, Marisa",True,31,2,9,0.222,0,1,0.0,4,4,1.0,0,1,1,2,0,3,0,1,8
2023-11-11_san_jose_st_cal_poly,San Jose St.,4,"Lovett, Jyah",True,29,2,8,0.25,0,2,0.0,2,2,1.0,0,2,2,3,2,4,0,1,6
2023-11-11_san_jose_st_cal_poly,San Jose St.,12,"Singleton, Jasmine",True,33,0,3,0.0,0,1,0.0,0,0,,1,3,4,2,4,1,0,6,0
2023-11-11_san_jose_st_cal_poly,San Jose St.,15,"Anderson, Maya",False,20,3,7,0.429,2,4,0.5,0,0,,0,2,2,2,0,1,0,0,8
2023-11-11_san_jose_st_cal_poly,San Jose St.,44,"Tonga, Finau",False,12,2,5,0.4,0,0,,0,2,0.0,2,2,4,0,1,1,0,0,4
2023-11-11_san_jose_st_cal_poly,San Jose St.,34,"Smith, Semaj",False,4,0,1,0.0,0,0,,4,4,1.0,1,0,1,1,0,2,1,0,4
2023-11-11_san_jose_st_cal_poly,San Jose St.,3,"Nicholas, Nailea",False,14,1,4,0.25,1,3,0.333,0,0,,1,0,1,1,1,1,0,2,3
2023-11-11_san_jose_st_cal_poly,San Jose St.,21,"Kelemeni, Sofia",False,17,1,2,0.5,0,1,0.0,0,0,,0,0,0,1,0,0,0,1,2
2023-11-11_san_jose_st_cal_poly,San Jose St.,TM,TEAM,False,0,0,0,,0,0,,0,0,,4,1,5,0,0,1,0,0,0
2023-11-12_saint_marys_ca_uc_san_diego,UC San Diego,03,"Sugapong, Sumayah",True,41,6,17,0.353,2,7,0.286,3,4,0.75,0,1,1,3,0,3,0,3,17
2023-11-12_saint_marys_ca_uc_san_diego,UC San Diego,20,"Forsyth, Izzy",True,40,3,8,0.375,0,1,0.0,4,4,1.0,3,2,5,2,0,0,1,0,10
2023-11-12_saint_marys_ca_uc_san_diego,UC San Diego,32,"Montgomery, Parker",True,34,2,8,0.25,2,7,0.286,4,5,0.8,1,5,6,3,2,2,1,0,10
2023-11-12_saint_marys_ca_uc_san_diego,UC San Diego,12,"Smith, Rosa",True,26,4,9,0.444,1,4,0.25,1,3,0.333,0,0,0,5,2,3,0,0,10
2023-11-12_saint_marys_ca_uc_san_diego,UC San Diego,35,"Springs, Katie",True,27,1,4,0.25,0,0,,0,0,,3,7,10,3,0,2,1,2,2
2023-11-12_saint_marys_ca_uc_san_diego,UC San Diego,22,"Gallegos, Gracie",False,17,0,5,0.0,0,3,0.0,5,6,0.833,1,1,2,0,1,0,0,3,5
2023-11-12_saint_marys_ca_uc_san_diego,UC San Diego,24,"Pinto, Denali",False,22,1,5,0.2,0,4,0.0,0,2,0.0,0,1,1,3,0,1,0,0,2
2023-11-12_saint_marys_ca_uc_san_diego,UC San Diego,23,"Blithikioti, Eri",False,12,1,2,0.5,0,1,0.0,0,0,,1,1,2,1,2,0,0,0,2
2023-11-12_saint_marys_ca_uc_san_diego,UC San Diego,30,"Sule, Damilola",False,5,0,1,0.0,0,0,,0,0,,1,2,3,2,1,1,0,1,0
2023-11-12_saint_marys_ca_uc_san_diego,UC San Diego,05,"Louther, Gabby",False,1,0,0,,0,0,,0,0,,0,0,0,0,0,0,0,0,0
2023-11-12_saint_marys_ca_uc_san_diego,UC San Diego,TM,TEAM,False,0,0,0,,0,0,,0,0,,1,2,3,0,0,1,0,0,0
2023-11-12_saint_marys_ca_uc_san_diego,Saint Mary's (CA),33,"Bamberger, Ali",True,37,6,13,0.462,1,3,0.333,3,4,0.75,2,6,8,3,2,5,1,0,16
2023-11-12_saint_marys_ca_uc_san_diego,Saint Mary's (CA),21,"Rapp, Hannah",True,31,5,8,0.625,3,4,0.75,0,0,,1,4,5,5,1,3,0,0,13
2023-11-12_saint_marys_ca_uc_san_diego,Saint Mary's (CA),08,"Foy, Emily",True,25,1,4,0.25,0,2,0.0,2,2,1.0,3,5,8,3,2,1,0,0,4
2023-11-12_saint_marys_ca_uc_san_diego,Saint Mary's (CA),10,"Dalton, Tayla",True,28,1,3,0.333,0,0,,0,0,,0,2,2,5,2,2,0,1,2
2023-11-12_saint_marys_ca_uc_san_diego,Saint Mary's (CA),23,"Wedin, Addison",True,20,0,3,0.0,0,3,0.0,0,0,,2,3,5,0,0,2,0,0,0
2023-11-12_saint_marys_ca_uc_san_diego,Saint Mary's (CA),24,"Aokuso, Zeryhia",False,8,5,8,0.625,0,0,,1,1,1.0,1,1,2,5,0,0,0,0,11
2023-11-12_saint_marys_ca_uc_san_diego,Saint Mary's (CA),01,"Mastora, Makena",False,35,2,9,0.222,0,7,0.0,3,4,0.75,0,6,6,4,1,3,1,1,7
2023-11-12_saint_marys_ca_uc_san_diego,Saint Mary's (CA),09,"Jones, Maia",False,25,1,3,0.333,0,1,0.0,3,4,0.75,1,3,4,2,0,3,0,0,5
2023-11-12_saint_marys_ca_uc_san_diego,Saint Mary's (CA),12,"Vlahov, Ruby",False,8,1,1,1.0,1,1,1.0,0,0,,0,1,1,1,0,1,0,0,3
2023-11-12_saint_marys_ca_uc_san_diego,Saint Mary's (CA),03,"Hanafin, Leia",False,6,0,0,,0,0,,0,0,,0,0,0,0,1,0,0,0,0
2023-11-12_saint_marys_ca_uc_san_diego,Saint Mary's (CA),31,"Bernard, Nadia",False,2,0,0,,0,0,,0,0,,0,0,0,0,0,0,0,0,0
2023-11-12_saint_marys_ca_uc_san_diego,Saint Mary's (CA),TM,TEAM,False,0,0,0,,0,0,,0,0,,0,1,1,0,0,1,0,0,0
2023-11-12_long_beach_st_nevada,Nevada,4,"Roden, Audrey",True,18,6,13,0.462,2,4,0.5,3,6,0.5,1,0,1,5,0,1,0,5,17
2023-11-12_long_beach_st_nevada,Nevada,23,"Givens, Lexie",True,31,2,12,0.167,0,2,0.0,1,2,0.5,0,3,3,2,2,3,1,1,5
2023-11-12_long_beach_st_nevada,Nevada,10,"Maxie, Dymonique",True,20,2,11,0.182,0,1,0.0,0,0,,3,0,3,2,0,3,0,1,4
2023-11-12_long_beach_st_nevada,Nevada,13,"Banwareesingh, Kaylen",True,10,1,3,0.333,0,1,0.0,0,0,,1,3,4,1,0,1,1,0,2
2023-11-12_long_beach_st_nevada,Nevada,22,"Jacobs, Claire",True,11,0,6,0.0,0,3,0.0,0,0,,0,1,1,0,0,1,0,0,0
2023-11-12_long_beach_st_nevada,Nevada,11,"Davis, Victoria",False,30,2,8,0.25,0,4,0.0,7,8,0.875,1,3,4,3,1,2,0,5,11
2023-11-12_long_beach_st_nevada,Nevada,24,"Lee, Kennedy",False,28,4,11,0.364,0,1,0.0,0,0,,8,4,12,3,2,0,1,2,8
2023-11-12_long_beach_st_nevada,Nevada,5,"Borden, Kaylee",False,25,2,6,0.333,0,1,0.0,1,2,0.5,0,3,3,3,1,1,0,2,5
2023-11-12_long_beach_st_nevada,Nevada,31,"Siu, Tiffany",False,12,1,3,0.333,0,1,0.0,2,2,1.0,1,1,2,1,0,2,0,1,4
2023-11-12_long_beach_st_nevada,Nevada,20,"Jackson, Rakiyah",False,4,0,1,0.0,0,0,,1,2,0.5,1,0,1,0,0,0,0,0,1
2023-11-12_long_beach_st_nevada,Nevada,32,"Giuffre, Gabby",False,8,0,3,0.0,0,0,,0,0,,1,3,4,3,0,1,0,0,0
2023-11-12_long_beach_st_nevada,Nevada,2,"Sullivan, Izzy",False,3,0,2,0.0,0,1,0.0,0,0,,0,0,0,0,0,0,0,0,0
2023-11-12_long_beach_st_nevada,Nevada,TM,TEAM,False,0,0,0,,0,0,,0,0,,2,1,3,0,0,3,0,0,0
2023-11-12_long_beach_st_nevada,Long Beach St.,2,"Tucker, Savannah",True,32,4,9,0.444,1,4,0.25,5,6,0.833,0,4,4,0,2,2,0,0,14
2023-11-12_long_beach_st_nevada,Long Beach St.,22,"Woodley, Sydney",True,30,4,11,0.364,0,1,0.0,5,6,0.833,3,3,6,2,1,6,0,3,13
2023-11-12_long_beach_st_nevada,Long Beach St.,10,"Valenti Paea, Casey",True,14,2,3,0.667,0,1,0.0,4,4,1.0,1,2,3,3,0,2,0,0,8
2023-11-12_long_beach_st_nevada,Long Beach St.,3,"Chung, Patricia",True,30,2,6,0.333,0,1,0.0,0,1,0.0,0,2,2,3,2,6,0,1,4
2023-11-12_long_beach_st_nevada,Long Beach St.,1,"Sonnier, Lovely",True,10,0,3,0.0,0,1,0.0,2,4,0.5,0,2,2,1,0,1,0,1,2
2023-11-12_long_beach_st_nevada,Long Beach St.,21,"Shoff, Abby",False,27,8,10,0.8,1,2,0.5,1,1,1.0,2,7,9,2,2,1,0,0,18
2023-11-12_long_beach_st_nevada,Long Beach St.,4,"Givens, Cheyenne",False,21,4,7,0.571,1,3,0.333,4,4,1.0,0,1,1,5,2,3,1,1,13
2023-11-12_long_beach_st_nevada,Long Beach St.,12,"Crawshaw, Jada",False,22,2,3,0.667,0,1,0.0,1,2,0.5,0,7,7,2,2,4,2,1,5
2023-11-12_long_beach_st_nevada,Long Beach St.,52,"Matthews, Davai",False,12,1,3,0.333,0,0,,0,2,0.0,2,4,6,3,0,1,1,0,2
2023-11-12_long_beach_st_nevada,Long Beach St.,00,"Cummings, Lauren",False,1,0,1,0.0,0,0,,0,0,,0,0,0,0,0,0,0,0,0
2023-11-12_long_beach_st_nevada,Long Beach St.,30,"Moore, Olivia",False,1,0,0,,0,0,,0,0,,0,0,0,0,1,0,0,0,0
2023-11-12_long_beach_st_nevada,Long Beach St.,TM,TEAM,False,0,0,0,,0,0,,0,0,,2,7,9,0,0,2,0,0,0
2023-11-12_sacramento_st_cal_st_fullerton,Cal St. Fullerton,10,"Lagway, Demonnie",True,23,2,11,0.182,0,2,0.0,6,6,1.0,1,3,4,2,0,1,0,2,10
2023-11-12_sacramento_st_cal_st_fullerton,Cal St. Fullerton,04,"Vidmar, Gabi",True,24,3,6,0.5,1,2,0.5,2,2,1.0,3,2,5,4,2,1,0,1,9
2023-11-12_sacramento_st_cal_st_fullerton,Cal St. Fullerton,02,"Hassmann, Hope",True,36,1,6,0.167,0,3,0.0,5,6,0.833,0,5,5,4,1,1,0,0,7
2023-11-12_sacramento_st_cal_st_fullerton,Cal St. Fullerton,32,"Lewis, Ashlee",True,20,2,6,0.333,0,0,,3,4,0.75,2,3,5,3,1,4,1,0,7
2023-11-12_sacramento_st_cal_st_fullerton,Cal St. Fullerton,11,"MacDonald, Ruby",True,13,1,3,0.333,0,2,0.0,1,2,0.5,1,2,3,1,1,0,0,0,3
2023-11-12_sacramento_st_cal_st_fullerton,Cal St. Fullerton,24,"Neff, Kathryn",False,15,4,6,0.667,3,5,0.6,0,0,,1,0,1,1,0,0,0,0,11
2023-11-12_sacramento_st_cal_st_fullerton,Cal St. Fullerton,03,"Salazar-Harrell, Kaliana",False,16,3,8,0.375,0,4,0.0,0,0,,0,1,1,0,2,1,0,0,6
2023-11-12_sacramento_st_cal_st_fullerton,Cal St. Fullerton,13,"Hernandez, Aixchel",False,14,2,3,0.667,0,0,,1,2,0.5,1,1,2,2,2,1,1,0,5
2023-11-12_sacramento_st_cal_st_fullerton,Cal St. Fullerton,12,"Levingston, Eva",False,18,1,3,0.333,0,0,,1,2,0.5,1,2,3,2,3,3,0,3,3
2023-11-12_sacramento_st_cal_st_fullerton,Cal St. Fullerton,21,"Tse, Allysan",False,11,0,1,0.0,0,1,0.0,0,0,,0,1,1,1,0,0,0,0,0
2023-11-12_sacramento_st_cal_st_fullerton,Cal St. Fullerton,33,"Minor, Brielle",False,10,0,1,0.0,0,0,,0,0,,1,2,3,1,3,1,0,0,0
2023-11-12_sacramento_st_cal_st_fullerton,Cal St. Fullerton,TM,TEAM,False,0,0,0,,0,0,,0,0,,2,2,4,0,0,0,0,0,0
2023-11-12_sacramento_st_cal_st_fullerton,Sacramento St.,14,"Hanson, Summah",True,35,5,15,0.333,1,7,0.143,7,8,0.875,2,9,11,4,3,1,2,0,18
2023-11-12_sacramento_st_cal_st_fullerton,Sacramento St.,24,"Lee, Sophia",True,33,1,6,0.167,0,4,0.0,2,2,1.0,1,2,3,2,2,2,0,1,4
2023-11-12_sacramento_st_cal_st_fullerton,Sacramento St.,01,"Versteeg, Benthe",True,37,1,4,0.25,0,0,,0,2,0.0,0,3,3,3,1,2,1,0,2
2023-11-12_sacramento_st_cal_st_fullerton,Sacramento St.,22,"Falk, Lina",True,29,1,5,0.2,0,3,0.0,0,0,,4,1,5,4,3,3,1,1,2
2023-11-12_sacramento_st_cal_st_fullerton,Sacramento St.,04,"Haw, Paula",True,5,1,2,0.5,0,0,,0,0,,0,0,0,1,0,2,0,0,2
2023-11-12_sacramento_st_cal_st_fullerton,Sacramento St.,00,"Jackson, Ayanna",False,19,4,8,0.5,1,3,0.333,3,3,1.0,0,2,2,4,0,2,0,0,12
2023-11-12_sacramento_st_cal_st_fullerton,Sacramento St.,31,"Orio, Irune",False,24,3,7,0.429,1,5,0.2,1,2,0.5,2,3,5,4,0,3,0,2,8
2023-11-12_sacramento_st_cal_st_fullerton,Sacramento St.,20,"Lautaimi, Seilala",False,10,1,3,0.333,0,0,,1,2,0.5,3,3,6,2,0,1,0,0,3
2023-11-12_sacramento_st_cal_st_fullerton,Sacramento St.,02,"Edge, Kaylie",False,4,0,1,0.0,0,1,0.0,0,0,,0,0,0,0,0,0,0,0,0
2023-11-12_sacramento_st_cal_st_fullerton,Sacramento St.,03,"Amusan, Solape",False,4,0,2,0.0,0,2,0.0,0,0,,0,0,0,0,0,1,0,0,0
2023-11-12_sacramento_st_cal_st_fullerton,Sacramento St.,TM,TEAM,False,0,0,0,,0,0,,0,0,,1,0,1,0,0,1,0,0,0
2023-11-12_pacific_csu_bakersfield,CSU Bakersfield,04,"Hunter, Grace",True,30,6,11,0.545,2,5,0.4,2,5,0.4,0,2,2,3,3,0,0,1,16
2023-11-12_pacific_csu_bakersfield,CSU Bakersfield,05,"Tougas, Sophia",True,32,2,10,0.2,2,8,0.25,0,0,,1,4,5,3,1,3,0,1,6
2023-11-12_pacific_csu_bakersfield,CSU Bakersfield,25,"Brown, Shaunae",True,27,2,11,0.182,2,8,0.25,0,0,,1,3,4,0,2,0,0,1,6
2023-11-12_pacific_csu_bakersfield,CSU Bakersfield,23,"Olivares, Jordan",True,28,2,12,0.167,1,4,0.25,0,0,,2,5,7,1,1,0,0,3,5
2023-11-12_pacific_csu_bakersfield,CSU Bakersfield,24,"Dizon, Ary",True,1,0,0,,0,0,,0,0,,0,1,1,0,0,0,0,0,0
2023-11-12_pacific_csu_bakersfield,CSU Bakersfield,02,"Edwards, Morgan",False,20,6,8,0.75,0,1,0.0,0,0,,1,4,5,3,1,3,1,1,12
2023-11-12_pacific_csu_bakersfield,CSU Bakersfield,12,"Johnson, Cassidy",False,15,2,6,0.333,0,0,,1,2,0.5,1,2,3,3,1,4,0,0,5
2023-11-12_pacific_csu_bakersfield,CSU Bakersfield,15,"Porter, Amourie",False,7,1,2,0.5,1,1,1.0,0,0,,0,1,1,0,0,0,0,0,3
2023-11-12_pacific_csu_bakersfield,CSU Bakersfield,33,"Riley, Julia",False,13,0,4,0.0,0,1,0.0,1,2,0.5,0,2,2,1,0,0,0,0,1
2023-11-12_pacific_csu_bakersfield,CSU Bakersfield,34,"Brooks, Jordan",False,21,0,1,0.0,0,0,,0,0,,1,0,1,5,0,4,1,1,0
2023-11-12_pacific_csu_bakersfield,CSU Bakersfield,14,"Ortiz, Nseije",False,6,0,0,,0,0,,0,0,,0,2,2,3,1,1,0,0,0
2023-11-12_pacific_csu_bakersfield,CSU Bakersfield,TM,TEAM,False,0,0,0,,0,0,,0,0,,2,0,2,0,0,3,0,0,0
2023-11-12_pacific_csu_bakersfield,Pacific,24,"Smith, Liz",True,40,5,13,0.385,1,5,0.2,10,11,0.909,2,4,6,3,7,7,0,1,21
2023-11-12_pacific_csu_bakersfield,Pacific,11,"Holmberg, Cecilia",True,30,7,13,0.538,0,1,0.0,1,1,1.0,2,5,7,1,0,2,0,1,15
2023-11-12_pacific_csu_bakersfield,Pacific,03,"James, Anaya",True,33,3,12,0.25,1,5,0.2,0,0,,2,5,7,3,2,2,0,0,7
2023-11-12_pacific_csu_bakersfield,Pacific,04,"Schweizer, Rosie",True,18,2,4,0.5,1,1,1.0,0,0,,1,6,7,1,3,5,0,2,5
2023-11-12_pacific_csu_bakersfield,Pacific,10,"Ward, Sydney",True,40,1,6,0.167,0,4,0.0,2,4,0.5,0,4,4,1,2,1,2,1,4
2023-11-12_pacific_csu_bakersfield,Pacific,14,"Elliott, Elizabeth",False,13,5,10,0.5,0,0,,1,3,0.333,3,3,6,4,0,1,0,0,11
2023-11-12_pacific_csu_bakersfield,Pacific,33,"Ennis, Madelene",False,11,1,2,0.5,0,0,,0,0,,2,3,5,2,1,0,0,0,2
2023-11-12_pacific_csu_bakersfield,Pacific,25,"Glazier, Lauren",False,8,1,4,0.25,0,0,,0,0,,0,1,1,1,1,0,0,0,2
2023-11-12_pacific_csu_bakersfield,Pacific,23,"Durrill, Kenlee",False,5,0,1,0.0,0,1,0.0,0,0,,0,0,0,0,0,0,0,0,0
2023-11-12_pacific_csu_bakersfield,Pacific,15,"Lowery, Nyah",False,2,0,1,0.0,0,0,,0,0,,0,1,1,0,0,0,0,0,0
2023-11-12_pacific_csu_bakersfield,Pacific,TM,TEAM,False,0,0,0,,0,0,,0,0,,1,1,2,0,0,0,0,0,0
2023-11-13_san_diego_st_uc_davis,UC Davis,15,"Turner, Evanne",True,40,7,16,0.438,2,6,0.333,0,0,,1,8,9,3,2,4,0,1,16
2023-11-13_san_diego_st_uc_davis,UC Davis,14,"Sabel, Tova",True,24,7,17,0.412,2,6,0.333,0,1,0.0,2,4,6,3,0,2,0,1,16
2023-11-13_san_diego_st_uc_davis,UC Davis,25,"Norris, Megan",True,27,6,11,0.545,0,1,0.0,1,2,0.5,3,6,9,4,0,2,0,2,13
2023-11-13_san_diego_st_uc_davis,UC Davis,13,"Burns, Sydney",True,35,5,7,0.714,1,2,0.5,1,1,1.0,1,2,3,3,9,3,0,0,12
2023-11-13_san_diego_st_uc_davis,UC Davis,33,"Harris, Mazatlan",True,25,2,5,0.4,0,3,0.0,0,0,,0,4,4,3,0,0,0,0,4
2023-11-13_san_diego_st_uc_davis,UC Davis,04,"Epps, Nya",False,18,2,6,0.333,0,3,0.0,0,0,,0,0,0,1,1,3,0,1,4
2023-11-13_san_diego_st_uc_davis,UC Davis,10,"Svanholm, Lena",False,11,0,2,0.0,0,0,,2,2,1.0,0,2,2,1,1,0,0,0,2
2023-11-13_san_diego_st_uc_davis,UC Davis,41,"Shine, Bria",False,4,0,1,0.0,0,0,,1,2,0.5,1,0,1,1,0,0,0,0,1
2023-11-13_san_diego_st_uc_davis,UC Davis,20,"Fitzgerald, Ally",False,6,0,0,,0,0,,0,0,,0,2,2,0,1,0,0,1,0
2023-11-13_san_diego_st_uc_davis,UC Davis,03,"Gray, Campbell",False,5,0,0,,0,0,,0,0,,0,0,0,0,0,0,0,0,0
2023-11-13_san_diego_st_uc_davis,UC Davis,23,"Baker, Victoria",False,5,0,1,0.0,0,0,,0,0,,0,0,0,0,0,1,0,1,0
2023-11-13_san_diego_st_uc_davis,UC Davis,TM,TEAM,False,0,0,0,,0,0,,0,0,,1,1,2,0,0,0,0,0,0
2023-11-13_san_diego_st_uc_davis,San Diego St.,15,"Lewis, Jada",True,40,8,17,0.471,5,9,0.556,4,4,1.0,1,7,8,1,3,1,0,1,25
2023-11-13_san_diego_st_uc_davis,San Diego St.,32,"Quezada, Adryana",True,28,6,12,0.5,0,0,,1,1,1.0,3,5,8,1,4,3,0,2,13
2023-11-13_san_diego_st_uc_davis,San Diego St.,20,"Barcello, Sarah",True,33,4,8,0.5,1,3,0.333,1,1,1.0,1,2,3,1,0,1,0,0,10
2023-11-13_san_diego_st_uc_davis,San Diego St.,24,"Prohaska, Abby",True,22,1,6,0.167,1,1,1.0,6,6,1.0,0,4,4,3,0,1,0,1,9
2023-11-13_san_diego_st_uc_davis,San Diego St.,23,"Villalobos, Kim",True,27,1,7,0.143,0,0,,3,4,0.75,0,5,5,1,3,1,2,0,5
2023-11-13_san_diego_st_uc_davis,San Diego St.,13,"Fiso, Meghan",False,16,2,6,0.333,1,1,1.0,4,4,1.0,0,1,1,1,0,0,0,0,9
2023-11-13_san_diego_st_uc_davis,San Diego St.,03,"Jackson, Alyssa",False,15,0,0,,0,0,,3,4,0.75,0,0,0,1,1,2,0,2,3
2023-11-13_san_diego_st_uc_davis,San Diego St.,00,"Pepe, Khylee",False,14,1,4,0.25,0,1,0.0,1,2,0.5,2,4,6,1,0,0,1,1,3
2023-11-13_san_diego_st_uc_davis,San Diego St.,02,"Chen, Ellie",False,5,0,0,,0,0,,0,0,,0,0,0,1,0,1,0,0,0
2023-11-13_san_diego_st_uc_davis,San Diego St.,TM,TEAM,False,0,0,0,,0,0,,0,0,,1,1,2,0,0,1,0,0,0
2023-11-13_california_cal_poly,Cal Poly,35,"Ackerman, Natalia",True,19,6,9,0.667,0,0,,0,1,0.0,1,4,5,3,0,1,1,1,12
2023-11-13_california_cal_poly,Cal Poly,15,"Bourland, Sydney",True,26,2,5,0.4,0,0,,4,4,1.0,2,5,7,1,4,5,0,1,8
2023-11-13_california_cal_poly,Cal Poly,5,"McNicholas, Ania",True,26,2,8,0.25,0,2,0.0,2,2,1.0,1,6,7,1,2,4,1,1,6
2023-11-13_california_cal_poly,Cal Poly,2,"Shah, Annika",True,23,0,4,0.0,0,0,,0,0,,0,1,1,3,3,4,0,1,0
2023-11-13_california_cal_poly,Cal Poly,10,"Richards, Sidney",True,20,0,1,0.0,0,1,0.0,0,0,,0,0,0,4,1,4,0,0,0
2023-11-13_california_cal_poly,Cal Poly,24,"Carter, Mary",False,24,5,9,0.556,2,4,0.5,0,0,,3,7,10,1,0,2,2,1,12
2023-11-13_california_cal_poly,Cal Poly,25,"Hoffman, Jordan",False,12,2,2,1.0,1,1,1.0,2,4,0.5,0,0,0,2,0,2,0,1,7
2023-11-13_california_cal_poly,Cal Poly,12,"Billing, Jordan",False,7,2,2,1.0,1,1,1.0,0,0,,1,0,1,0,0,1,0,1,5
2023-11-13_california_cal_poly,Cal Poly,4,"Lichtie, Sierra",False,21,1,5,0.2,0,3,0.0,2,2,1.0,1,3,4,1,0,6,0,1,4
2023-11-13_california_cal_poly,Cal Poly,33,"Olinger, Amanda",False,17,1,2,0.5,0,1,0.0,1,2,0.5,1,0,1,2,0,0,0,1,3
2023-11-13_california_cal_poly,Cal Poly,3,"Richardson, Diamond",False,5,1,1,1.0,0,0,,1,1,1.0,0,1,1,1,0,2,0,0,3
2023-11-13_california_cal_poly,Cal Poly,TM,TEAM,False,0,0,0,,0,0,,0,0,,2,1,3,0,0,2,0,0,0
2023-11-13_california_cal_poly,California,1,"McIntosh, Leilani",True,34,4,9,0.444,3,7,0.429,6,6,1.0,0,0,0,3,4,3,1,2,17
2023-11-13_california_cal_poly,California,32,"Krimili, Ioanna",True,11,5,6,0.833,4,4,1.0,0,0,,0,1,1,1,0,1,0,1,14
2023-11-13_california_cal_poly,California,15,"Martin, Kemery",True,31,4,9,0.444,1,3,0.333,1,2,0.5,0,4,4,3,2,3,2,1,10
2023-11-13_california_cal_poly,California,7,"Suárez, Marta",True,21,3,10,0.3,1,5,0.2,2,2,1.0,2,1,3,1,1,2,1,1,9
2023-11-13_california_cal_poly,California,24,"Williams, McKayla",True,34,2,4,0.5,0,0,,2,2,1.0,1,3,4,2,2,2,0,2,6
2023-11-13_california_cal_poly,California,00,"Onyiah, Ugonne",False,20,3,6,0.5,0,0,,2,3,0.667,1,3,4,5,2,2,0,0,8
2023-11-13_california_cal_poly,California,21,"Mastrov, Mia",False,24,2,6,0.333,0,1,0.0,2,2,1.0,1,1,2,1,0,4,0,5,6
2023-11-13_california_cal_poly,California,10,"Laditan-twidale, Lulu",False,13,1,8,0.125,1,5,0.2,0,0,,1,2,3,3,0,0,0,3,3
2023-11-13_california_cal_poly,California,11,"Elsnitz, Alma",False,6,0,3,0.0,0,1,0.0,1,2,0.5,1,0,1,1,0,0,0,0,1
2023-11-13_california_cal_poly,California,12,"Lane, Ila",False,6,0,1,0.0,0,0,,0,0,,1,0,1,0,0,0,0,0,0
2023-11-13_california_cal_poly,California,TM,TEAM,False,0,0,0,,0,0,,0,0,,3,1,4,0,0,0,0,0,0
2023-11-14_saint_marys_ca_uc_irvine,UC Irvine,13,"Lee, Déja",True,33,3,13,0.231,1,7,0.143,2,2,1.0,1,2,3,3,5,1,0,2,9
2023-11-14_saint_marys_ca_uc_irvine,UC Irvine,24,"Dean, Nevaeh",True,20,2,5,0.4,0,0,,0,0,,2,3,5,1,0,2,0,1,4
2023-11-14_saint_marys_ca_uc_irvine,UC Irvine,22,"Djoko, Clara",True,18,1,2,0.5,0,0,,1,2,0.5,0,1,1,1,0,1,0,3,3
2023-11-14_saint_marys_ca_uc_irvine,UC Irvine,23,"Konate, Diaba",True,17,0,4,0.0,0,1,0.0,2,2,1.0,0,1,1,3,1,2,0,0,2
2023-11-14_saint_marys_ca_uc_irvine,UC Irvine,3,"Tom, Nikki",True,35,0,7,0.0,0,6,0.0,0,0,,3,2,5,1,1,2,0,1,0
2023-11-14_saint_marys_ca_uc_irvine,UC Irvine,32,"Parkinson, Nevaeh",False,21,4,6,0.667,0,0,,1,1,1.0,3,5,8,1,0,4,0,0,9
2023-11-14_saint_marys_ca_uc_irvine,UC Irvine,33,"Kaupu, Caiyle",False,15,3,5,0.6,0,1,0.0,0,0,,0,0,0,1,0,0,0,0,6
2023-11-14_saint_marys_ca_uc_irvine,UC Irvine,12,"Nahum, Shirel",False,27,1,7,0.143,0,5,0.0,0,0,,1,4,5,1,1,1,0,1,2
2023-11-14_saint_marys_ca_uc_irvine,UC Irvine,11,"Scharpf, Amelia",False,14,0,2,0.0,0,1,0.0,2,2,1.0,1,1,2,1,1,1,0,0,2
2023-11-14_saint_marys_ca_uc_irvine,UC Irvine,TM,TEAM,False,0,0,0,,0,0,,0,0,,0,2,2,0,0,0,0,0,0
2023-11-14_saint_marys_ca_uc_irvine,Saint Mary's (CA),23,"Wedin, Addison",True,34,6,13,0.462,3,6,0.5,0,0,,1,5,6,1,0,1,0,0,15
2023-11-14_saint_marys_ca_uc_irvine,Saint Mary's (CA),10,"Dalton, Tayla",True,30,3,7,0.429,0,2,0.0,4,6,0.667,1,1,2,2,2,2,0,0,10
2023-11-14_saint_marys_ca_uc_irvine,Saint Mary's (CA),33,"Bamberger, Ali",True,34,2,7,0.286,1,3,0.333,0,0,,0,5,5,2,0,2,0,0,5
2023-11-14_saint_marys_ca_uc_irvine,Saint Mary's (CA),8,"Foy, Emily",True,9,0,0,,0,0,,2,2,1.0,0,0,0,1,0,1,0,0,2
2023-11-14_saint_marys_ca_uc_irvine,Saint Mary's (CA),21,"Rapp, Hannah",True,17,0,1,0.0,0,0,,0,0,,1,4,5,1,3,0,0,1,0
2023-11-14_saint_marys_ca_uc_irvine,Saint Mary's (CA),1,"Mastora, Makena",False,18,2,5,0.4,0,1,0.0,2,3,0.667,0,1,1,2,1,1,0,1,6
2023-11-14_saint_marys_ca_uc_irvine,Saint Mary's (CA),3,"Hanafin, Leia",False,18,3,5,0.6,0,2,0.0,0,1,0.0,0,3,3,3,1,2,0,1,6
2023-11-14_saint_marys_ca_uc_irvine,Saint Mary's (CA),24,"Aokuso, Zeryhia",False,21,1,3,0.333,0,0,,0,0,,0,2,2,2,5,0,0,0,2
2023-11-14_saint_marys_ca_uc_irvine,Saint Mary's (CA),12,"Vlahov, Ruby",False,10,1,2,0.5,0,0,,0,0,,1,1,2,0,0,0,0,1,2
2023-11-14_saint_marys_ca_uc_irvine,Saint Mary's (CA),9,"Jones, Maia",False,7,1,1,1.0,0,0,,0,0,,0,0,0,0,1,0,0,0,2
2023-11-14_saint_marys_ca_uc_irvine,Saint Mary's (CA),31,"Bernard, Nadia",False,2,1,1,1.0,0,0,,0,0,,0,0,0,0,0,0,0,0,2
2023-11-14_saint_marys_ca_uc_irvine,Saint Mary's (CA),TM,TEAM,False,0,0,0,,0,0,,0,0,,0,3,3,0,0,3,0,0,0
2023-11-14_santa_clara_csun,CSUN,22,"Elsholz, Kaitlyn",True,27,3,7,0.429,1,4,0.25,0,0,,1,2,3,2,1,2,1,0,7
2023-11-14_santa_clara_csun,CSUN,24,"Spriggs, Kayanna",True,31,2,13,0.154,0,0,,2,4,0.5,2,8,10,1,2,1,1,2,6
2023-11-14_santa_clara_csun,CSUN,4,"Harvey, Rachel",True,26,2,6,0.333,0,0,,1,2,0.5,1,6,7,4,0,2,0,1,5
2023-11-14_santa_clara_csun,CSUN,15,"Amundsen, Laney",True,33,2,9,0.222,0,6,0.0,0,0,,0,3,3,2,0,2,0,2,4
2023-11-14_santa_clara_csun,CSUN,23,"Li-uperesa, Talo",True,29,1,3,0.333,1,3,0.333,1,4,0.25,0,3,3,4,1,1,3,1,4
2023-11-14_santa_clara_csun,CSUN,1,"Ferguson, Amiyah",False,24,3,15,0.2,1,8,0.125,0,0,,0,4,4,0,5,5,0,1,7
2023-11-14_santa_clara_csun,CSUN,11,"Smith, Olivia",False,15,2,2,1.0,0,0,,0,0,,0,1,1,3,0,3,0,2,4
2023-11-14_santa_clara_csun,CSUN,43,"Nikishina , Arina",False,15,1,2,0.5,0,0,,0,0,,1,0,1,2,0,3,0,2,2
2023-11-14_santa_clara_csun,CSUN,TM,TEAM,False,0,0,0,,0,0,,0,0,,2,0,2,0,0,0,0,0,0
2023-11-14_santa_clara_csun,Santa Clara,34,"Heal, Tess",True,27,4,9,0.444,4,5,0.8,7,8,0.875,0,1,1,0,5,5,0,1,19
2023-11-14_santa_clara_csun,Santa Clara,13,"Edmanson, Lara",True,26,3,7,0.429,1,1,1.0,0,0,,1,1,2,2,1,2,0,0,7
2023-11-14_santa_clara_csun,Santa Clara,31,"Hiraki, Ashley",True,21,2,6,0.333,2,5,0.4,0,0,,0,2,2,2,3,1,0,2,6
2023-11-14_santa_clara_csun,Santa Clara,2,"Frawley, Keeley",True,17,1,4,0.25,0,2,0.0,0,0,,4,2,6,2,1,2,0,0,2
2023-11-14_santa_clara_csun,Santa Clara,00,"Latu, Malia",True,11,1,4,0.25,0,1,0.0,0,1,0.0,0,3,3,2,0,1,0,2,2
2023-11-14_santa_clara_csun,Santa Clara,23,"Hudgins, Marya",False,18,5,10,0.5,1,3,0.333,3,4,0.75,2,9,11,2,3,2,0,3,14
2023-11-14_santa_clara_csun,Santa Clara,5,"Pollerd, Olivia",False,26,4,8,0.5,2,4,0.5,0,0,,2,8,10,1,4,1,2,0,10
2023-11-14_santa_clara_csun,Santa Clara,52,"Shaffer, Emma",False,14,1,2,0.5,0,0,,2,2,1.0,3,3,6,1,1,1,0,1,4
2023-11-14_santa_clara_csun,Santa Clara,10,"Grigoropoulou, Georgia",False,7,2,4,0.5,0,0,,0,0,,2,1,3,1,0,1,1,1,4
2023-11-14_santa_clara_csun,Santa Clara,22,"Cadee, Jayde",False,15,1,7,0.143,1,7,0.143,0,0,,0,0,0,2,1,1,0,1,3
2023-11-14_santa_clara_csun,Santa Clara,12,"Naro, Madison",False,14,0,3,0.0,0,0,,0,0,,0,0,0,2,1,0,0,1,0
2023-11-14_santa_clara_csun,Santa Clara,24,"Stergaki, Rafailia",False,4,0,2,0.0,0,0,,0,0,,0,0,0,0,0,0,0,0,0
2023-11-14_santa_clara_csun,Santa Clara,TM,TEAM,False,0,0,0,,0,0,,0,0,,2,6,8,0,0,1,0,0,0
2023-11-15_uc_san_diego_la_sierra,La Sierra,42,"Scott-Mitchell, Daja",True,32,3,11,0.273,2,6,0.333,2,2,1.0,2,3,5,4,1,8,1,1,10
2023-11-15_uc_san_diego_la_sierra,La Sierra,12,"Mew, Kaydn",True,24,4,7,0.571,2,4,0.5,0,0,,0,3,3,5,2,3,1,1,10
2023-11-15_uc_san_diego_la_sierra,La Sierra,02,"McNeal, Laila",True,19,2,3,0.667,0,0,,1,1,1.0,0,1,1,0,0,1,0,0,5
2023-11-15_uc_san_diego_la_sierra,La Sierra,03,"Brown, Tamia",True,21,0,5,0.0,0,4,0.0,0,0,,0,0,0,0,2,2,0,0,0
2023-11-15_uc_san_diego_la_sierra,La Sierra,44,"Wonders, Mariah",True,14,0,1,0.0,0,0,,0,0,,0,1,1,3,1,2,0,0,0
2023-11-15_uc_san_diego_la_sierra,La Sierra,10,"Randall, Sonia",False,11,2,3,0.667,0,0,,2,2,1.0,1,3,4,0,1,2,0,0,6
2023-11-15_uc_san_diego_la_sierra,La Sierra,34,"Hughes, Jada",False,18,2,5,0.4,0,0,,0,0,,1,3,4,2,0,5,2,0,4
2023-11-15_uc_san_diego_la_sierra,La Sierra,21,"Horne, Julianna",False,21,1,2,0.5,0,1,0.0,0,0,,0,1,1,0,1,2,0,1,2
2023-11-15_uc_san_diego_la_sierra,La Sierra,23,"Barefield, Tia",False,19,1,5,0.2,0,3,0.0,0,0,,0,0,0,1,2,3,0,1,2
2023-11-15_uc_san_diego_la_sierra,La Sierra,33,"Shelton, Symere",False,16,0,3,0.0,0,1,0.0,1,2,0.5,0,1,1,0,0,3,0,0,1
2023-11-15_uc_san_diego_la_sierra,La Sierra,14,"Gonzalez, Alexis",False,5,0,0,,0,0,,0,0,,1,0,1,1,0,0,0,0,0
2023-11-15_uc_san_diego_la_sierra,La Sierra,TM,TEAM,False,0,0,0,,0,0,,0,0,,2,2,4,0,0,1,0,0,0
2023-11-15_uc_san_diego_la_sierra,UC San Diego,20,"Forsyth, Izzy",True,21,8,13,0.615,4,8,0.5,0,0,,3,3,6,0,0,0,0,1,20
2023-11-15_uc_san_diego_la_sierra,UC San Diego,03,"Sugapong, Sumayah",True,16,3,7,0.429,1,3,0.333,4,4,1.0,0,3,3,3,1,4,0,3,11
2023-11-15_uc_san_diego_la_sierra,UC San Diego,22,"Gallegos, Gracie",True,32,3,6,0.5,0,3,0.0,2,2,1.0,1,4,5,1,7,2,0,4,8
2023-11-15_uc_san_diego_la_sierra,UC San Diego,32,"Montgomery, Parker",True,11,2,5,0.4,2,4,0.5,2,2,1.0,0,2,2,0,1,0,0,1,8
2023-11-15_uc_san_diego_la_sierra,UC San Diego,35,"Springs, Katie",True,12,1,3,0.333,0,0,,0,2,0.0,4,2,6,1,2,0,1,2,2
2023-11-15_uc_san_diego_la_sierra,UC San Diego,11,"Condron, Erin",False,19,6,7,0.857,0,0,,4,6,0.667,2,2,4,0,2,2,1,0,16
2023-11-15_uc_san_diego_la_sierra,UC San Diego,24,"Pinto, Denali",False,8,4,5,0.8,2,3,0.667,2,2,1.0,0,0,0,1,1,0,1,2,12
2023-11-15_uc_san_diego_la_sierra,UC San Diego,23,"Blithikioti, Eri",False,29,3,4,0.75,0,1,0.0,0,0,,0,1,1,2,8,1,1,4,6
2023-11-15_uc_san_diego_la_sierra,UC San Diego,05,"Louther, Gabby",False,31,1,4,0.25,0,2,0.0,2,2,1.0,0,1,1,1,1,3,0,2,4
2023-11-15_uc_san_diego_la_sierra,UC San Diego,33,"Svoboda, Emma",False,11,2,3,0.667,0,0,,0,1,0.0,0,0,0,0,1,0,0,0,4
2023-11-15_uc_san_diego_la_sierra,UC San Diego,30,"Sule, Damilola",False,10,1,5,0.2,0,0,,1,2,0.5,4,1,5,2,0,2,0,0,3
2023-11-15_uc_san_diego_la_sierra,UC San Diego,TM,TEAM,False,0,0,0,,0,0,,0,0,,0,4,4,0,0,0,0,0,0
2023-11-15_idaho_st_uc_santa_barbara,UC Santa Barbara,23,"Whitfield, Alexis",True,37,8,12,0.667,2,2,1.0,1,4,0.25,2,5,7,4,2,4,0,2,19
2023-11-15_idaho_st_uc_santa_barbara,UC Santa Barbara,13,"Goed, Flora",True,30,4,10,0.4,0,0,,0,0,,1,2,3,3,1,2,0,1,8
2023-11-15_idaho_st_uc_santa_barbara,UC Santa Barbara,03,"Marin, Alyssa",True,20,1,7,0.143,1,6,0.167,5,6,0.833,1,3,4,4,3,0,0,2,8
2023-11-15_idaho_st_uc_santa_barbara,UC Santa Barbara,55,"Burke, Skylar",True,28,2,4,0.5,1,3,0.333,2,4,0.5,1,5,6,3,1,7,0,0,7
2023-11-15_idaho_st_uc_santa_barbara,UC Santa Barbara,10,"Choice, Anya",True,27,0,4,0.0,0,2,0.0,4,6,0.667,1,1,2,4,3,1,0,0,4
2023-11-15_idaho_st_uc_santa_barbara,UC Santa Barbara,32,"Grant, Jessica",False,27,3,7,0.429,3,6,0.5,0,0,,0,4,4,0,2,1,0,0,9
2023-11-15_idaho_st_uc_santa_barbara,UC Santa Barbara,15,"McMorris, Mary",False,18,2,7,0.286,0,0,,2,2,1.0,0,1,1,2,1,1,0,2,6
2023-11-15_idaho_st_uc_santa_barbara,UC Santa Barbara,02,"Borter, Zoe",False,6,1,2,0.5,1,2,0.5,0,0,,0,1,1,0,0,0,0,1,3
2023-11-15_idaho_st_uc_santa_barbara,UC Santa Barbara,20,"Rockwood, Laurel",False,5,0,1,0.0,0,0,,0,0,,0,4,4,1,0,0,0,1,0
2023-11-15_idaho_st_uc_santa_barbara,UC Santa Barbara,05,"Bradley, Olivia",False,2,0,0,,0,0,,0,0,,0,0,0,0,0,1,0,0,0
2023-11-15_idaho_st_uc_santa_barbara,UC Santa Barbara,04,"Hutchens, Kathleen",False,,0,0,,0,0,,0,0,,0,0,0,0,0,0,0,0,0
2023-11-15_idaho_st_uc_santa_barbara,UC Santa Barbara,TM,TEAM,False,0,0,0,,0,0,,0,0,,3,2,5,0,0,0,0,0,0
2023-11-15_idaho_st_uc_santa_barbara,Idaho St.,05,"Jordan, Tasia",True,28,6,18,0.333,0,0,,4,4,1.0,1,2,3,1,1,0,0,2,16
2023-11-15_idaho_st_uc_santa_barbara,Idaho St.,04,"Bello, Laura",True,26,6,11,0.545,0,0,,2,2,1.0,4,7,11,4,2,4,1,2,14
2023-11-15_idaho_st_uc_santa_barbara,Idaho St.,01,"Spink, Kacey",True,32,2,8,0.25,0,2,0.0,4,5,0.8,0,8,8,4,1,2,2,2,8
2023-11-15_idaho_st_uc_santa_barbara,Idaho St.,22,"Covello, Sophia",True,23,1,4,0.25,1,1,1.0,0,0,,0,1,1,3,0,5,0,1,3
2023-11-15_idaho_st_uc_santa_barbara,Idaho St.,10,"Aby, Alyse",True,35,1,5,0.2,0,2,0.0,0,0,,1,2,3,4,4,3,0,3,2
2023-11-15_idaho_st_uc_santa_barbara,Idaho St.,13,"Dias, Maria",False,29,5,10,0.5,1,1,1.0,5,6,0.833,0,3,3,1,2,3,0,0,16
2023-11-15_idaho_st_uc_santa_barbara,Idaho St.,14,"Carlson, Piper",False,14,2,3,0.667,0,0,,2,2,1.0,2,2,4,2,0,1,0,0,6
2023-11-15_idaho_st_uc_santa_barbara,Idaho St.,24,"Wright, Halle",False,8,1,3,0.333,1,2,0.5,2,2,1.0,1,1,2,0,1,0,0,0,5
2023-11-15_idaho_st_uc_santa_barbara,Idaho St.,11,"Lokica, Nika",False,3,0,0,,0,0,,0,0,,0,0,0,1,0,1,0,0,0
2023-11-15_idaho_st_uc_santa_barbara,Idaho St.,03,"Collman, Camryn",False,2,0,0,,0,0,,0,0,,0,0,0,0,0,0,0,0,0
2023-11-15_idaho_st_uc_santa_barbara,Idaho St.,TM,TEAM,False,0,0,0,,0,0,,0,0,,2,3,5,0,0,0,0,0,0
2023-11-15_california_baptist_long_beach_st,Long Beach St.,3,"Chung, Patricia",True,24,4,7,0.571,3,4,0.75,4,6,0.667,1,2,3,0,0,1,0,2,15
2023-11-15_california_baptist_long_beach_st,Long Beach St.,22,"Woodley, Sydney",True,24,4,9,0.444,0,2,0.0,0,0,,3,4,7,5,0,6,0,4,8
2023-11-15_california_baptist_long_beach_st,Long Beach St.,2,"Tucker, Savannah",True,23,1,10,0.1,0,5,0.0,6,6,1.0,0,1,1,3,3,1,0,2,8
2023-11-15_california_baptist_long_beach_st,Long Beach St.,1,"Sonnier, Lovely",True,11,3,6,0.5,1,2,0.5,0,0,,0,5,5,3,0,1,0,1,7
2023-11-15_california_baptist_long_beach_st,Long Beach St.,10,"Valenti Paea, Casey",True,30,0,3,0.0,0,1,0.0,1,2,0.5,1,3,4,3,6,4,0,4,1
2023-11-15_california_baptist_long_beach_st,Long Beach St.,4,"Givens, Cheyenne",False,19,7,13,0.538,2,3,0.667,1,2,0.5,1,1,2,0,0,1,1,0,17
2023-11-15_california_baptist_long_beach_st,Long Beach St.,21,"Shoff, Abby",False,26,3,7,0.429,0,1,0.0,0,0,,0,3,3,4,1,2,1,0,6
2023-11-15_california_baptist_long_beach_st,Long Beach St.,12,"Crawshaw, Jada",False,18,1,5,0.2,0,2,0.0,1,2,0.5,2,4,6,3,0,3,1,1,3
2023-11-15_california_baptist_long_beach_st,Long Beach St.,52,"Matthews, Davai",False,14,1,4,0.25,0,1,0.0,1,2,0.5,0,4,4,3,0,2,2,0,3
2023-11-15_california_baptist_long_beach_st,Long Beach St.,30,"Moore, Olivia",False,9,1,2,0.5,1,2,0.5,0,0,,0,0,0,1,0,0,1,0,3
2023-11-15_california_baptist_long_beach_st,Long Beach St.,00,"Cummings, Lauren",False,2,0,0,,0,0,,0,0,,0,0,0,0,0,0,0,0,0
2023-11-15_california_baptist_long_beach_st,Long Beach St.,TM,TEAM,False,0,0,0,,0,0,,0,0,,1,4,5,0,0,0,0,0,0
2023-11-15_california_baptist_long_beach_st,California Baptist,2,"Webb, Chloe",True,32,10,20,0.5,5,12,0.417,4,5,0.8,4,7,11,3,2,1,0,2,29
2023-11-15_california_baptist_long_beach_st,California Baptist,33,"Schmidt, Grace",True,32,6,11,0.545,0,1,0.0,3,6,0.5,3,5,8,4,1,4,0,1,15
2023-11-15_california_baptist_long_beach_st,California Baptist,12,"Calhoun, Nae Nae",True,24,3,5,0.6,0,2,0.0,1,2,0.5,0,3,3,3,7,5,0,1,7
2023-11-15_california_baptist_long_beach_st,California Baptist,15,"Tu'ua, Anaiyah",True,20,2,5,0.4,1,4,0.25,0,0,,2,0,2,5,1,2,1,2,5
2023-11-15_california_baptist_long_beach_st,California Baptist,3,"Barrington, Kinsley",True,31,1,4,0.25,1,4,0.25,0,0,,2,7,9,1,3,3,1,2,3
2023-11-15_california_baptist_long_beach_st,California Baptist,4,"Bosch Duran, Nhug",False,26,2,8,0.25,2,7,0.286,7,7,1.0,0,3,3,4,2,3,0,1,13
2023-11-15_california_baptist_long_beach_st,California Baptist,24,"Lemon, Khloe",False,19,2,11,0.182,1,8,0.125,2,3,0.667,1,4,5,2,1,2,0,1,7
2023-11-15_california_baptist_long_beach_st,California Baptist,10,"Fiel, Claudia",False,10,1,2,0.5,0,0,,1,2,0.5,0,0,0,1,2,1,0,0,3
2023-11-15_california_baptist_long_beach_st,California Baptist,20,"Sewell, Emily",False,6,0,3,0.0,0,0,,0,0,,1,0,1,1,0,1,0,0,0
2023-11-15_california_baptist_long_beach_st,California Baptist,TM,TEAM,False,0,0,0,,0,0,,0,0,,2,5,7,0,0,0,0,0,0
2023-11-15_boise_st_uc_riverside,UC Riverside,32,"Webster, Jordan",True,35,5,13,0.385,2,6,0.333,5,7,0.714,1,5,6,4,2,2,0,1,17
2023-11-15_boise_st_uc_riverside,UC Riverside,1,"Bryant, Matehya",True,38,5,14,0.357,0,0,,4,6,0.667,5,4,9,1,0,4,6,5,14
2023-11-15_boise_st_uc_riverside,UC Riverside,10,"Stenberg, Julia",True,22,2,4,0.5,1,2,0.5,0,0,,0,1,1,3,0,0,0,0,5
2023-11-15_boise_st_uc_riverside,UC Riverside,2,"Walters, Ryanne",True,31,2,9,0.222,0,1,0.0,0,0,,1,2,3,4,6,2,0,0,4
2023-11-15_boise_st_uc_riverside,UC Riverside,13,"Chocano, Maya",True,7,0,1,0.0,0,1,0.0,0,0,,0,0,0,0,0,0,0,1,0
2023-11-15_boise_st_uc_riverside,UC Riverside,00,"Jackson, Makayla",False,29,3,9,0.333,1,3,0.333,0,0,,1,2,3,1,2,0,0,2,7
2023-11-15_boise_st_uc_riverside,UC Riverside,3,"Tillery, Zoe",False,13,1,5,0.2,1,3,0.333,0,0,,0,0,0,0,1,1,0,1,3
2023-11-15_boise_st_uc_riverside,UC Riverside,4,"Marshall, Jordyn",False,5,0,2,0.0,0,0,,2,2,1.0,0,1,1,1,0,0,0,0,2
2023-11-15_boise_st_uc_riverside,UC Riverside,11,"Matarranz, Esther",False,5,1,1,1.0,0,0,,0,0,,2,1,3,2,0,0,0,0,2
2023-11-15_boise_st_uc_riverside,UC Riverside,15,"Sanderson, Jaden",False,15,0,2,0.0,0,1,0.0,1,4,0.25,0,0,0,3,0,0,0,1,1
2023-11-15_boise_st_uc_riverside,UC Riverside,TM,TEAM,False,0,0,0,,0,0,,0,0,,4,2,6,0,0,1,0,0,0
2023-11-15_boise_st_uc_riverside,Boise St.,32,"Pasco, Natalie",True,28,4,8,0.5,4,6,0.667,2,2,1.0,0,3,3,0,0,1,1,0,14
2023-11-15_boise_st_uc_riverside,Boise St.,12,"Naro, Mary Kay",True,34,3,5,0.6,1,3,0.333,5,5,1.0,1,1,2,2,4,4,1,1,12
2023-11-15_boise_st_uc_riverside,Boise St.,1,"Hansen, Mya",True,32,3,10,0.3,3,6,0.5,3,4,0.75,0,5,5,3,2,6,0,1,12
2023-11-15_boise_st_uc_riverside,Boise St.,23,"Lalotte, Elodie",True,19,3,7,0.429,0,0,,1,4,0.25,4,3,7,3,0,1,2,1,7
2023-11-15_boise_st_uc_riverside,Boise St.,33,"Muse, Abby",True,27,3,8,0.375,0,0,,0,2,0.0,5,10,15,3,2,4,6,0,6
2023-11-15_boise_st_uc_riverside,Boise St.,4,"Bayes, Dani",False,22,2,7,0.286,1,3,0.333,0,0,,1,3,4,1,3,1,0,0,5
2023-11-15_boise_st_uc_riverside,Boise St.,00,"Thompson, Tatum",False,16,1,3,0.333,0,1,0.0,2,2,1.0,2,2,4,1,0,2,0,2,4
2023-11-15_boise_st_uc_riverside,Boise St.,15,"Christensen, Alyssa",False,18,1,3,0.333,1,2,0.5,0,0,,0,3,3,1,0,1,2,0,3
2023-11-15_boise_st_uc_riverside,Boise St.,2,"Lovrovich, Linsey",False,4,0,0,,0,0,,0,0,,2,0,2,0,2,0,0,0,0
2023-11-15_boise_st_uc_riverside,Boise St.,TM,TEAM,False,0,0,0,,0,0,,0,0,,1,1,2,0,0,0,0,0,0
2023-11-16_stanford_cal_poly,Cal Poly,2,"Shah, Annika",True,24,4,12,0.333,1,4,0.25,0,0,,1,0,1,0,1,1,0,0,9
2023-11-16_stanford_cal_poly,Cal Poly,5,"McNicholas, Ania",True,33,3,12,0.25,0,3,0.0,0,0,,0,3,3,0,2,1,0,2,6
2023-11-16_stanford_cal_poly,Cal Poly,15,"Bourland, Sydney",True,22,2,7,0.286,0,2,0.0,0,0,,2,1,3,2,1,2,0,0,4
2023-11-16_stanford_cal_poly,Cal Poly,10,"Richards, Sidney",True,22,2,5,0.4,0,1,0.0,0,0,,0,1,1,4,0,3,0,2,4
2023-11-16_stanford_cal_poly,Cal Poly,35,"Ackerman, Natalia",True,30,0,7,0.0,0,0,,0,0,,2,4,6,3,0,1,1,2,0
2023-11-16_stanford_cal_poly,Cal Poly,24,"Carter, Mary",False,27,2,9,0.222,0,4,0.0,0,0,,3,1,4,1,0,2,0,0,4
2023-11-16_stanford_cal_poly,Cal Poly,12,"Billing, Jordan",False,9,1,1,1.0,1,1,1.0,0,0,,1,1,2,2,1,1,0,0,3
2023-11-16_stanford_cal_poly,Cal Poly,4,"Lichtie, Sierra",False,12,1,4,0.25,0,1,0.0,0,0,,0,2,2,2,0,1,0,0,2
2023-11-16_stanford_cal_poly,Cal Poly,33,"Olinger, Amanda",False,10,0,6,0.0,0,0,,0,0,,1,0,1,3,0,1,1,0,0
2023-11-16_stanford_cal_poly,Cal Poly,25,"Hoffman, Jordan",False,7,0,1,0.0,0,0,,0,0,,0,0,0,1,0,0,0,1,0
2023-11-16_stanford_cal_poly,Cal Poly,3,"Richardson, Diamond",False,4,0,2,0.0,0,1,0.0,0,0,,1,0,1,1,0,0,0,0,0
2023-11-16_stanford_cal_poly,Cal Poly,TM,TEAM,False,0,0,0,,0,0,,0,0,,1,4,5,0,0,3,0,0,0
2023-11-16_stanford_cal_poly,Stanford,20,"Bosgana, Elena",True,20,5,8,0.625,1,2,0.5,4,5,0.8,3,4,7,0,2,0,0,1,15
2023-11-16_stanford_cal_poly,Stanford,44,"Iriafen, Kiki",True,17,6,8,0.75,0,0,,1,2,0.5,3,1,4,3,1,2,0,1,13
2023-11-16_stanford_cal_poly,Stanford,10,"Lepolo, Talana",True,19,2,3,0.667,2,2,1.0,2,2,1.0,0,1,1,0,4,0,0,0,8
2023-11-16_stanford_cal_poly,Stanford,22,"Brink, Cameron",True,15,2,2,1.0,0,0,,4,4,1.0,0,5,5,2,0,1,3,1,8
2023-11-16_stanford_cal_poly,Stanford,33,"Jump, Hannah",True,15,1,4,0.25,0,2,0.0,0,0,,0,1,1,0,3,0,0,0,2
2023-11-16_stanford_cal_poly,Stanford,32,"Harriel, Jzaniya",False,25,5,9,0.556,4,6,0.667,0,0,,0,4,4,2,1,3,1,3,14
2023-11-16_stanford_cal_poly,Stanford,40,"Ogden, Courtney",False,18,3,6,0.5,3,6,0.5,1,2,0.5,0,3,3,0,2,2,0,0,10
2023-11-16_stanford_cal_poly,Stanford,3,"Agara, Nunu",False,23,3,4,0.75,1,1,1.0,2,2,1.0,0,4,4,1,2,2,0,0,9
2023-11-16_stanford_cal_poly,Stanford,21,"Demetre, Brooke",False,23,1,3,0.333,0,2,0.0,2,2,1.0,1,10,11,0,0,2,1,0,4
2023-11-16_stanford_cal_poly,Stanford,13,"Clardy, Chloe",False,12,0,6,0.0,0,4,0.0,3,4,0.75,0,0,0,1,1,1,0,1,3
2023-11-16_stanford_cal_poly,Stanford,24,"Papadaki, Stavi",False,9,0,0,,0,0,,0,0,,0,0,0,1,0,0,0,0,0
2023-11-16_stanford_cal_poly,Stanford,31,"Green, Lauren",False,4,0,0,,0,0,,0,0,,0,2,2,1,1,1,0,0,0
2023-11-16_stanford_cal_poly,Stanford,TM,TEAM,False,0,0,0,,0,0,,0,0,,2,4,6,0,0,0,0,0,0
2023-11-17_oregon_st_uc_davis,UC Davis,25,"Norris, Megan",True,19,4,9,0.444,2,5,0.4,2,2,1.0,0,3,3,3,0,0,1,0,12
2023-11-17_oregon_st_uc_davis,UC Davis,15,"Turner, Evanne",True,35,4,15,0.267,2,7,0.286,0,0,,0,3,3,1,2,2,0,1,10
2023-11-17_oregon_st_uc_davis,UC Davis,14,"Sabel, Tova",True,27,3,16,0.188,2,8,0.25,0,0,,0,4,4,1,2,3,1,0,8
2023-11-17_oregon_st_uc_davis,UC Davis,10,"Svanholm, Lena",True,23,2,6,0.333,1,4,0.25,0,0,,1,1,2,1,0,0,0,1,5
2023-11-17_oregon_st_uc_davis,UC Davis,13,"Burns, Sydney",True,26,0,2,0.0,0,1,0.0,1,2,0.5,0,2,2,2,5,2,0,0,1
2023-11-17_oregon_st_uc_davis,UC Davis,04,"Epps, Nya",False,21,2,5,0.4,1,2,0.5,0,0,,0,0,0,2,0,0,0,2,5
2023-11-17_oregon_st_uc_davis,UC Davis,23,"Baker, Victoria",False,14,1,4,0.25,1,2,0.5,2,4,0.5,1,0,1,4,0,0,0,2,5
2023-11-17_oregon_st_uc_davis,UC Davis,20,"Fitzgerald, Ally",False,15,1,6,0.167,0,5,0.0,0,0,,0,1,1,1,0,0,1,0,2
2023-11-17_oregon_st_uc_davis,UC Davis,03,"Gray, Campbell",False,20,0,0,,0,0,,0,0,,0,2,2,0,4,1,1,2,0
2023-11-17_oregon_st_uc_davis,UC Davis,TM,TEAM,False,0,0,0,,0,0,,0,0,,1,3,4,0,0,0,0,0,0
2023-11-17_oregon_st_uc_davis,Oregon St.,15,"Beers, Raegan",True,21,6,9,0.667,0,0,,4,5,0.8,3,8,11,2,2,3,2,2,16
2023-11-17_oregon_st_uc_davis,Oregon St.,11,"Marotte, AJ",True,20,3,7,0.429,2,4,0.5,2,2,1.0,0,4,4,0,0,0,0,0,10
2023-11-17_oregon_st_uc_davis,Oregon St.,22,"von Oelhoffen, Talia",True,19,3,7,0.429,1,1,1.0,2,2,1.0,0,5,5,0,6,2,1,1,9
2023-11-17_oregon_st_uc_davis,Oregon St.,04,"Hunter, Donovyn",True,23,2,3,0.667,1,1,1.0,0,0,,0,6,6,1,1,0,0,0,5
2023-11-17_oregon_st_uc_davis,Oregon St.,53,"Rees, Kelsey",True,20,1,5,0.2,0,1,0.0,2,4,0.5,2,1,3,1,0,0,2,0,4
2023-11-17_oregon_st_uc_davis,Oregon St.,30,"Gardiner, Timea",False,23,6,11,0.545,3,6,0.5,1,1,1.0,1,12,13,1,3,2,0,0,16
2023-11-17_oregon_st_uc_davis,Oregon St.,01,"Shuler, Kennedie",False,13,5,5,1.0,0,0,,1,1,1.0,0,1,1,2,1,1,0,0,11
2023-11-17_oregon_st_uc_davis,Oregon St.,02,"Hansford, Lily",False,17,2,4,0.5,2,3,0.667,0,0,,1,2,3,0,1,0,1,1,6
2023-11-17_oregon_st_uc_davis,Oregon St.,32,"Heide, Sela",False,8,2,2,1.0,0,0,,0,0,,0,1,1,4,0,2,0,0,4
2023-11-17_oregon_st_uc_davis,Oregon St.,24,"Blacklock, Adlee",False,8,1,2,0.5,1,2,0.5,0,0,,0,0,0,1,2,0,0,0,3
2023-11-17_oregon_st_uc_davis,Oregon St.,31,"Pietsch, Martha",False,15,1,1,1.0,0,0,,0,0,,0,1,1,0,0,3,0,1,2
2023-11-17_oregon_st_uc_davis,Oregon St.,03,"Paurova, Dominika",False,13,0,2,0.0,0,0,,0,0,,0,1,1,1,3,3,0,0,0
2023-11-17_oregon_st_uc_davis,Oregon St.,TM,TEAM,False,0,0,0,,0,0,,0,0,,2,2,4,0,0,0,0,0,0
2023-11-17_hawaii_san_francisco,San Francisco,11,"Gayles, Jasmine",True,30,5,19,0.263,1,8,0.125,5,7,0.714,0,3,3,2,1,1,0,3,16
2023-11-17_hawaii_san_francisco,San Francisco,13,"Dos Santos, Debora",True,24,5,12,0.417,1,4,0.25,0,0,,1,3,4,2,0,3,0,1,11
2023-11-17_hawaii_san_francisco,San Francisco,32,"Fulcher, Cami",True,28,3,6,0.5,2,3,0.667,0,0,,2,7,9,4,0,2,1,1,8
2023-11-17_hawaii_san_francisco,San Francisco,01,"Leite, Luana",True,32,0,3,0.0,0,0,,2,2,1.0,1,7,8,2,4,2,1,1,2
2023-11-17_hawaii_san_francisco,San Francisco,12,"Werth, Freja",True,25,0,3,0.0,0,2,0.0,0,0,,2,2,4,1,1,1,0,0,0
2023-11-17_hawaii_san_francisco,San Francisco,25,"Thiam, Seynabou",False,19,3,6,0.5,0,1,0.0,1,2,0.5,2,2,4,2,0,2,1,0,7
2023-11-17_hawaii_san_francisco,San Francisco,22,"Tirado, Paula",False,24,3,8,0.375,0,4,0.0,0,0,,0,3,3,2,2,3,0,1,6
2023-11-17_hawaii_san_francisco,San Francisco,33,"Barbosa, Lorena",False,9,0,6,0.0,0,1,0.0,1,2,0.5,1,1,2,1,0,4,0,1,1
2023-11-17_hawaii_san_francisco,San Francisco,20,"Kéita, Aya",False,8,0,1,0.0,0,1,0.0,0,0,,0,1,1,1,0,0,0,0,0
2023-11-17_hawaii_san_francisco,San Francisco,14,"Hernandez, Marina",False,1,0,0,,0,0,,0,0,,0,0,0,0,0,0,0,0,0
2023-11-17_hawaii_san_francisco,San Francisco,TM,TEAM,False,0,0,0,,0,0,,0,0,,5,4,9,0,0,1,0,0,0
2023-11-17_hawaii_san_francisco,Hawaii,14,"Rewers, Brooklyn",True,34,6,13,0.462,3,5,0.6,1,2,0.5,0,8,8,2,0,2,1,1,16
2023-11-17_hawaii_san_francisco,Hawaii,03,"Wahinekapu, Lily",True,32,2,8,0.25,1,2,0.5,3,6,0.5,1,3,4,1,8,1,0,3,8
2023-11-17_hawaii_san_francisco,Hawaii,12,"Perez, Imani",True,30,3,4,0.75,2,3,0.667,0,2,0.0,4,6,10,2,2,2,0,0,8
2023-11-17_hawaii_san_francisco,Hawaii,02,"Thoms, Ashley",True,21,2,4,0.5,2,4,0.5,0,0,,0,2,2,2,0,2,0,0,6
2023-11-17_hawaii_san_francisco,Hawaii,23,"McBee, MeiLani",True,22,1,7,0.143,1,5,0.2,0,0,,1,2,3,1,2,2,2,1,3
2023-11-17_hawaii_san_francisco,Hawaii,45,"Davies, Olivia",False,17,4,8,0.5,3,6,0.5,2,3,0.667,0,2,2,0,1,1,0,0,13
2023-11-17_hawaii_san_francisco,Hawaii,15,"Phillips, Daejah",False,22,2,11,0.182,0,6,0.0,4,4,1.0,1,2,3,3,2,1,0,1,8
2023-11-17_hawaii_san_francisco,Hawaii,11,"Berrett, Vivienne",False,5,1,2,0.5,0,0,,0,0,,0,0,0,0,0,0,0,1,2
2023-11-17_hawaii_san_francisco,Hawaii,01,"Imai, Kelsie",False,9,0,1,0.0,0,1,0.0,1,4,0.25,1,0,1,1,0,0,0,0,1
2023-11-17_hawaii_san_francisco,Hawaii,22,"Peacock, Jade",False,8,0,1,0.0,0,0,,0,0,,0,1,1,0,0,0,0,0,0
2023-11-17_hawaii_san_francisco,Hawaii,TM,TEAM,False,0,0,0,,0,0,,0,0,,2,5,7,0,0,2,0,0,0
2023-11-17_idaho_cal_st_fullerton,Cal St. Fullerton,04,"Vidmar, Gabi",True,37,8,11,0.727,2,2,1.0,1,2,0.5,0,3,3,3,1,2,2,3,19
2023-11-17_idaho_cal_st_fullerton,Cal St. Fullerton,02,"Hassmann, Hope",True,36,5,12,0.417,1,5,0.2,5,5,1.0,0,1,1,2,3,5,0,1,16
2023-11-17_idaho_cal_st_fullerton,Cal St. Fullerton,32,"Lewis, Ashlee",True,32,3,9,0.333,0,0,,0,0,,1,7,8,0,0,2,0,2,6
2023-11-17_idaho_cal_st_fullerton,Cal St. Fullerton,10,"Lagway, Demonnie",True,13,1,6,0.167,0,1,0.0,0,1,0.0,0,2,2,1,0,1,0,0,2
2023-11-17_idaho_cal_st_fullerton,Cal St. Fullerton,11,"MacDonald, Ruby",True,11,0,1,0.0,0,1,0.0,0,0,,0,1,1,2,0,1,0,1,0
2023-11-17_idaho_cal_st_fullerton,Cal St. Fullerton,24,"Neff, Kathryn",False,29,1,5,0.2,1,3,0.333,0,0,,0,1,1,2,2,1,0,1,3
2023-11-17_idaho_cal_st_fullerton,Cal St. Fullerton,03,"Salazar-Harrell, Kaliana",False,17,1,3,0.333,0,0,,0,0,,0,2,2,0,0,1,0,1,2
2023-11-17_idaho_cal_st_fullerton,Cal St. Fullerton,21,"Tse, Allysan",False,14,0,2,0.0,0,1,0.0,0,0,,0,2,2,1,0,0,0,0,0
2023-11-17_idaho_cal_st_fullerton,Cal St. Fullerton,13,"Hernandez, Aixchel",False,8,0,0,,0,0,,0,0,,0,1,1,0,1,0,1,0,0
2023-11-17_idaho_cal_st_fullerton,Cal St. Fullerton,23,"Strachan, Emily",False,3,0,1,0.0,0,0,,0,0,,0,0,0,1,0,2,0,0,0
2023-11-17_idaho_cal_st_fullerton,Cal St. Fullerton,TM,TEAM,False,0,0,0,,0,0,,0,0,,2,2,4,0,0,0,0,0,0
2023-11-17_idaho_cal_st_fullerton,Idaho,01,"Schmitt, Sarah",True,38,3,6,0.5,2,4,0.5,4,4,1.0,1,5,6,2,3,2,1,1,12
2023-11-17_idaho_cal_st_fullerton,Idaho,05,"Langer, Amalie",True,33,3,7,0.429,2,3,0.667,2,2,1.0,2,1,3,3,0,1,0,2,10
2023-11-17_idaho_cal_st_fullerton,Idaho,21,"Johnson, Kennedy",True,28,4,12,0.333,0,2,0.0,0,0,,1,4,5,1,3,3,0,3,8
2023-11-17_idaho_cal_st_fullerton,Idaho,11,"Butera, Hope",True,29,3,5,0.6,0,0,,1,2,0.5,2,8,10,0,2,1,3,0,7
2023-11-17_idaho_cal_st_fullerton,Idaho,23,"Phillips, Asha",True,30,3,10,0.3,0,4,0.0,0,0,,0,2,2,1,3,2,0,0,6
2023-11-17_idaho_cal_st_fullerton,Idaho,03,"Wallace, Ashlyn",False,26,4,7,0.571,3,6,0.5,2,2,1.0,0,3,3,1,0,3,0,1,13
2023-11-17_idaho_cal_st_fullerton,Idaho,02,"Brans, Sarah",False,12,0,2,0.0,0,1,0.0,0,0,,0,2,2,0,0,3,0,0,0
2023-11-17_idaho_cal_st_fullerton,Idaho,24,"Caldwell, Aspen",False,4,0,0,,0,0,,0,0,,0,0,0,0,0,0,0,0,0
2023-11-17_idaho_cal_st_fullerton,Idaho,TM,TEAM,False,0,0,0,,0,0,,0,0,,0,2,2,0,0,1,0,0,0
2023-11-18_csun_hope_intl,Hope Int'l,2,"Talley, Shiane",True,33,11,18,0.611,6,12,0.5,0,0,,4,7,11,4,6,4,0,3,28
2023-11-18_csun_hope_intl,Hope Int'l,11,"McNamee, Keira",True,32,3,6,0.5,3,5,0.6,1,2,0.5,4,9,13,2,1,4,0,1,10
2023-11-18_csun_hope_intl,Hope Int'l,33,"Jarrett, Shailissa",True,31,3,15,0.2,1,9,0.111,2,2,1.0,0,2,2,0,1,2,0,1,9
2023-11-18_csun_hope_intl,Hope Int'l,30,"Gonzalez, Aliyah",True,26,2,9,0.222,2,8,0.25,0,0,,2,4,6,4,3,2,0,0,6
2023-11-18_csun_hope_intl,Hope Int'l,4,"Fust, Casey",True,19,0,6,0.0,0,3,0.0,0,0,,0,3,3,0,0,0,1,2,0
2023-11-18_csun_hope_intl,Hope Int'l,23,"Shamburger, Anyah",False,16,2,9,0.222,2,7,0.286,0,0,,2,0,2,1,1,0,0,2,6
2023-11-18_csun_hope_intl,Hope Int'l,25,"Austin, Amira",False,16,2,2,1.0,0,0,,1,4,0.25,2,4,6,4,2,1,0,0,5
2023-11-18_csun_hope_intl,Hope Int'l,10,"Salud, Madeline",False,18,0,6,0.0,0,6,0.0,0,0,,1,1,2,0,3,0,0,0,0
2023-11-18_csun_hope_intl,Hope Int'l,15,"Heidt, Mia",False,9,0,1,0.0,0,0,,0,0,,1,1,2,0,0,0,0,0,0
2023-11-18_csun_hope_intl,Hope Int'l,TM,TEAM,False,0,0,0,,0,0,,0,0,,1,1,2,0,0,0,0,0,0
2023-11-18_csun_hope_intl,CSUN,23,"Li-uperesa, Talo",True,33,3,9,0.333,0,2,0.0,3,7,0.429,5,4,9,1,2,0,0,2,9
2023-11-18_csun_hope_intl,CSUN,24,"Spriggs, Kayanna",True,31,3,8,0.375,0,0,,2,4,0.5,7,5,12,2,6,3,1,4,8
2023-11-18_csun_hope_intl,CSUN,22,"Elsholz, Kaitlyn",True,25,3,12,0.25,2,6,0.333,0,0,,1,1,2,1,0,3,1,0,8
2023-11-18_csun_hope_intl,CSUN,15,"Amundsen, Laney",True,31,2,11,0.182,1,9,0.111,0,0,,1,6,7,2,0,2,1,1,5
2023-11-18_csun_hope_intl,CSUN,4,"Harvey, Rachel",True,14,1,5,0.2,0,0,,0,0,,1,0,1,0,0,1,0,0,2
2023-11-18_csun_hope_intl,CSUN,1,"Ferguson, Amiyah",False,28,6,15,0.4,1,6,0.167,2,4,0.5,2,3,5,1,3,3,0,3,15
2023-11-18_csun_hope_intl,CSUN,43,"Nikishina , Arina",False,15,5,8,0.625,0,0,,0,0,,0,7,7,2,1,2,0,0,10
2023-11-18_csun_hope_intl,CSUN,11,"Smith, Olivia",False,20,1,3,0.333,0,0,,1,2,0.5,1,4,5,3,1,0,2,2,3
2023-11-18_csun_hope_intl,CSUN,10,"Lizama, Alondra",False,3,0,1,0.0,0,0,,0,0,,1,0,1,0,0,0,0,0,0
2023-11-18_csun_hope_intl,CSUN,TM,TEAM,False,0,0,0,,0,0,,0,0,,3,3,6,0,0,0,0,0,0
2023-11-18_csu_bakersfield_fresno_st,Fresno St.,23,"Jacobs, Mia",True,26,2,8,0.25,1,4,0.25,3,4,0.75,0,4,4,3,0,3,1,1,8
2023-11-18_csu_bakersfield_fresno_st,Fresno St.,12,"Dethman, Sydney",True,24,3,5,0.6,0,1,0.0,2,2,1.0,1,6,7,2,0,2,0,1,8
2023-11-18_csu_bakersfield_fresno_st,Fresno St.,01,"Sta. Maria, Taija",True,39,2,7,0.286,1,4,0.25,1,2,0.5,1,1,2,1,3,4,0,0,6
2023-11-18_csu_bakersfield_fresno_st,Fresno St.,30,"Fox, Kylee",True,29,1,6,0.167,0,3,0.0,3,3,1.0,3,2,5,2,2,1,0,0,5
2023-11-18_csu_bakersfield_fresno_st,Fresno St.,54,"Wittenberg, Franka",True,16,1,4,0.25,0,1,0.0,1,2,0.5,1,1,2,2,1,0,0,0,3
2023-11-18_csu_bakersfield_fresno_st,Fresno St.,50,"Harvey, Deajanae",False,26,5,12,0.417,1,3,0.333,4,5,0.8,0,2,2,2,0,3,0,6,15
2023-11-18_csu_bakersfield_fresno_st,Fresno St.,02,"Brown, Keely",False,26,3,7,0.429,2,5,0.4,5,9,0.556,2,4,6,4,1,1,1,1,13
2023-11-18_csu_bakersfield_fresno_st,Fresno St.,22,"Diatta, Bineta",False,14,2,5,0.4,0,0,,1,2,0.5,0,2,2,1,0,1,0,1,5
2023-11-18_csu_bakersfield_fresno_st,Fresno St.,TM,TEAM,False,0,0,0,,0,0,,0,0,,3,2,5,0,0,1,0,0,0
2023-11-18_csu_bakersfield_fresno_st,CSU Bakersfield,05,"Tougas, Sophia",True,37,9,16,0.562,2,5,0.4,2,2,1.0,1,6,7,2,0,5,3,2,22
2023-11-18_csu_bakersfield_fresno_st,CSU Bakersfield,23,"Olivares, Jordan",True,36,4,11,0.364,0,3,0.0,5,7,0.714,2,5,7,4,4,2,0,1,13
2023-11-18_csu_bakersfield_fresno_st,CSU Bakersfield,12,"Johnson, Cassidy",True,24,4,7,0.571,0,0,,1,2,0.5,1,6,7,2,0,0,0,0,9
2023-11-18_csu_bakersfield_fresno_st,CSU Bakersfield,00,"Brown, Shaunae",True,32,2,7,0.286,2,5,0.4,1,2,0.5,0,3,3,1,2,2,0,0,7
2023-11-18_csu_bakersfield_fresno_st,CSU Bakersfield,04,"Hunter, Grace",True,23,3,6,0.5,1,2,0.5,0,0,,0,4,4,5,7,5,1,2,7
2023-11-18_csu_bakersfield_fresno_st,CSU Bakersfield,34,"Brooks, Jordan",False,16,2,3,0.667,0,0,,1,3,0.333,1,0,1,4,0,1,1,0,5
2023-11-18_csu_bakersfield_fresno_st,CSU Bakersfield,14,"Ortiz, Nseije",False,13,1,3,0.333,0,2,0.0,0,0,,1,0,1,0,0,1,0,2,2
2023-11-18_csu_bakersfield_fresno_st,CSU Bakersfield,02,"Edwards, Morgan",False,14,0,0,,0,0,,0,0,,1,1,2,2,2,2,0,0,0
2023-11-18_csu_bakersfield_fresno_st,CSU Bakersfield,33,"Riley, Julia",False,3,0,0,,0,0,,0,0,,0,0,0,0,0,0,0,0,0
2023-11-18_csu_bakersfield_fresno_st,CSU Bakersfield,15,"Porter, Amourie",False,2,0,3,0.0,0,1,0.0,0,0,,0,0,0,0,0,0,0,0,0
2023-11-18_csu_bakersfield_fresno_st,CSU Bakersfield,TM,TEAM,False,0,0,0,,0,0,,0,0,,2,4,6,0,0,0,0,0,0
2023-11-18_uc_riverside_antelope_valley,Antelope Valley,10,"Rogers-mcadams, Jordan",True,32,6,12,0.5,0,2,0.0,3,4,0.75,1,4,5,2,1,3,0,2,15
2023-11-18_uc_riverside_antelope_valley,Antelope Valley,24,"Turner, Janae",True,36,4,16,0.25,0,8,0.0,3,4,0.75,1,6,7,2,3,9,1,0,11
2023-11-18_uc_riverside_antelope_valley,Antelope Valley,23,"Williams, Erione",True,24,3,7,0.429,1,2,0.5,0,0,,2,2,4,1,0,0,0,2,7
2023-11-18_uc_riverside_antelope_valley,Antelope Valley,5,"Hernandez, Wendy",True,22,2,4,0.5,0,0,,0,0,,0,0,0,2,0,0,1,0,4
2023-11-18_uc_riverside_antelope_valley,Antelope Valley,4,"Murray, Danaya",True,16,1,1,1.0,0,0,,2,2,1.0,0,1,1,4,1,3,0,2,4
2023-11-18_uc_riverside_antelope_valley,Antelope Valley,2,"Cassell, Bailey",False,12,1,3,0.333,1,2,0.5,0,0,,0,0,0,1,0,1,0,0,3
2023-11-18_uc_riverside_antelope_valley,Antelope Valley,44,"Jacobo, Jennifer",False,8,1,2,0.5,1,1,1.0,0,0,,0,0,0,1,0,1,0,0,3
2023-11-18_uc_riverside_antelope_valley,Antelope Valley,11,"Wright, Chloe",False,13,0,0,,0,0,,0,0,,1,3,4,1,0,1,0,0,0
2023-11-18_uc_riverside_antelope_valley,Antelope Valley,00,"Glover, Jasmine",False,7,0,0,,0,0,,0,0,,0,0,0,1,0,1,0,0,0
2023-11-18_uc_riverside_antelope_valley,Antelope Valley,13,"Beck, Lindsey",False,7,0,1,0.0,0,0,,0,0,,0,0,0,0,0,0,0,0,0
2023-11-18_uc_riverside_antelope_valley,Antelope Valley,55,"Jackson, Aaliyah",False,7,0,1,0.0,0,1,0.0,0,0,,0,1,1,0,0,0,0,0,0
2023-11-18_uc_riverside_antelope_valley,Antelope Valley,21,"Richey, Jazmine",False,6,0,2,0.0,0,1,0.0,0,0,,1,3,4,0,0,1,0,0,0
2023-11-18_uc_riverside_antelope_valley,Antelope Valley,30,"Hodge, Tania",False,4,0,1,0.0,0,1,0.0,0,0,,0,0,0,0,0,0,0,0,0
2023-11-18_uc_riverside_antelope_valley,Antelope Valley,34,"Werdel, Macie",False,4,0,0,,0,0,,0,0,,0,0,0,0,0,1,0,1,0
2023-11-18_uc_riverside_antelope_valley,Antelope Valley,33,"Vigil, Brooke",False,2,0,1,0.0,0,1,0.0,0,0,,0,0,0,0,0,1,0,0,0
2023-11-18_uc_riverside_antelope_valley,Antelope Valley,TM,TEAM,False,0,0,0,,0,0,,0,0,,3,2,5,0,0,2,0,0,0
2023-11-18_uc_riverside_antelope_valley,UC Riverside,32,"Webster, Jordan",True,27,5,17,0.294,1,9,0.111,5,6,0.833,2,3,5,1,1,3,0,2,16
2023-11-18_uc_riverside_antelope_valley,UC Riverside,10,"Stenberg, Julia",True,28,3,5,0.6,1,2,0.5,1,2,0.5,1,1,2,1,1,0,0,0,8
2023-11-18_uc_riverside_antelope_valley,UC Riverside,1,"Bryant, Matehya",True,21,3,10,0.3,0,1,0.0,2,2,1.0,1,6,7,2,1,2,0,2,8
2023-11-18_uc_riverside_antelope_valley,UC Riverside,2,"Walters, Ryanne",True,26,2,4,0.5,1,2,0.5,0,1,0.0,1,2,3,2,5,3,0,2,5
2023-11-18_uc_riverside_antelope_valley,UC Riverside,00,"Jackson, Makayla",True,18,1,1,1.0,0,0,,0,0,,0,1,1,3,3,1,0,1,2
2023-11-18_uc_riverside_antelope_valley,UC Riverside,11,"Matarranz, Esther",False,19,5,6,0.833,0,0,,4,4,1.0,3,3,6,2,2,2,1,0,14
2023-11-18_uc_riverside_antelope_valley,UC Riverside,3,"Tillery, Zoe",False,19,3,6,0.5,1,2,0.5,0,0,,0,2,2,1,2,0,0,2,7
2023-11-18_uc_riverside_antelope_valley,UC Riverside,4,"Marshall, Jordyn",False,16,2,6,0.333,1,4,0.25,0,0,,0,1,1,0,1,1,0,2,5
2023-11-18_uc_riverside_antelope_valley,UC Riverside,15,"Sanderson, Jaden",False,12,1,3,0.333,0,1,0.0,0,0,,1,0,1,2,2,1,0,0,2
2023-11-18_uc_riverside_antelope_valley,UC Riverside,13,"Chocano, Maya",False,8,0,1,0.0,0,1,0.0,2,2,1.0,0,0,0,1,1,1,0,0,2
2023-11-18_uc_riverside_antelope_valley,UC Riverside,5,"Murphy, Sasha",False,6,0,0,,0,0,,0,0,,0,1,1,1,0,1,0,0,0
2023-11-18_uc_riverside_antelope_valley,UC Riverside,TM,TEAM,False,0,0,0,,0,0,,0,0,,4,5,9,0,0,0,0,0,0
2023-11-19_hawaii_idaho,Idaho,05,"Langer, Amalie",True,35,2,11,0.182,0,4,0.0,6,6,1.0,1,3,4,0,2,2,0,2,10
2023-11-19_hawaii_idaho,Idaho,23,"Phillips, Asha",True,31,1,6,0.167,0,1,0.0,5,8,0.625,1,2,3,2,1,0,0,1,7
2023-11-19_hawaii_idaho,Idaho,21,"Johnson, Kennedy",True,26,2,8,0.25,0,2,0.0,2,2,1.0,3,9,12,2,0,1,0,1,6
2023-11-19_hawaii_idaho,Idaho,11,"Butera, Hope",True,25,2,8,0.25,0,0,,2,2,1.0,4,2,6,3,0,1,1,0,6
2023-11-19_hawaii_idaho,Idaho,01,"Schmitt, Sarah",True,30,1,7,0.143,0,1,0.0,2,4,0.5,2,3,5,1,1,1,0,1,4
2023-11-19_hawaii_idaho,Idaho,02,"Brans, Sarah",False,15,4,9,0.444,2,4,0.5,2,2,1.0,0,3,3,3,0,2,0,0,12
2023-11-19_hawaii_idaho,Idaho,03,"Wallace, Ashlyn",False,27,1,4,0.25,1,3,0.333,0,0,,0,3,3,0,1,0,0,2,3
2023-11-19_hawaii_idaho,Idaho,24,"Caldwell, Aspen",False,10,1,2,0.5,0,0,,0,0,,0,2,2,0,0,1,0,0,2
2023-11-19_hawaii_idaho,Idaho,00,"Kilty, Jenna",False,1,0,0,,0,0,,0,0,,0,0,0,1,0,0,0,0,0
2023-11-19_hawaii_idaho,Idaho,TM,TEAM,False,0,0,0,,0,0,,0,0,,4,2,6,0,0,2,0,0,0
2023-11-19_hawaii_idaho,Hawaii,12,"Perez, Imani",True,31,4,5,0.8,1,1,1.0,3,4,0.75,1,4,5,1,1,2,2,0,12
2023-11-19_hawaii_idaho,Hawaii,03,"Wahinekapu, Lily",True,29,3,14,0.214,0,4,0.0,1,2,0.5,1,3,4,5,0,3,0,0,7
2023-11-19_hawaii_idaho,Hawaii,23,"McBee, MeiLani",True,26,2,6,0.333,1,5,0.2,0,0,,0,4,4,2,0,1,0,0,5
2023-11-19_hawaii_idaho,Hawaii,14,"Rewers, Brooklyn",True,25,1,8,0.125,0,2,0.0,0,0,,1,8,9,1,0,2,4,0,2
2023-11-19_hawaii_idaho,Hawaii,02,"Thoms, Ashley",True,18,0,1,0.0,0,1,0.0,0,0,,0,2,2,4,1,1,0,0,0
2023-11-19_hawaii_idaho,Hawaii,15,"Phillips, Daejah",False,33,4,11,0.364,2,5,0.4,1,2,0.5,3,1,4,5,1,5,1,2,11
2023-11-19_hawaii_idaho,Hawaii,01,"Imai, Kelsie",False,20,1,5,0.2,0,1,0.0,1,2,0.5,1,2,3,2,3,1,0,0,3
2023-11-19_hawaii_idaho,Hawaii,45,"Davies, Olivia",False,11,0,3,0.0,0,2,0.0,0,0,,0,2,2,0,0,0,0,1,0
2023-11-19_hawaii_idaho,Hawaii,22,"Peacock, Jade",False,5,0,1,0.0,0,0,,0,0,,1,0,1,0,0,0,0,0,0
2023-11-19_hawaii_idaho,Hawaii,11,"Berrett, Vivienne",False,2,0,1,0.0,0,0,,0,0,,0,0,0,0,0,0,0,0,0
2023-11-19_hawaii_idaho,Hawaii,TM,TEAM,False,0,0,0,,0,0,,0,0,,2,2,4,0,0,0,0,0,0
2023-11-19_uc_san_diego_northern_ariz,Northern Ariz.,15,"Beattie, Leia",True,36,5,10,0.5,3,6,0.5,7,8,0.875,0,2,2,4,3,5,1,4,20
2023-11-19_uc_san_diego_northern_ariz,Northern Ariz.,21,"Rodabaugh, Emily",True,33,6,11,0.545,5,10,0.5,0,0,,1,6,7,1,1,1,1,1,17
2023-11-19_uc_san_diego_northern_ariz,Northern Ariz.,03,"Beasley, Grace",True,25,5,9,0.556,2,3,0.667,3,4,0.75,0,3,3,3,2,3,0,0,15
2023-11-19_uc_san_diego_northern_ariz,Northern Ariz.,12,"Glancey, Sophie",True,29,3,7,0.429,0,0,,4,5,0.8,3,4,7,2,1,2,0,1,10
2023-11-19_uc_san_diego_northern_ariz,Northern Ariz.,22,"Moran, Olivia",True,11,2,5,0.4,0,1,0.0,0,0,,0,3,3,0,1,1,0,1,4
2023-11-19_uc_san_diego_northern_ariz,Northern Ariz.,02,"Moran, Nyah",False,27,2,7,0.286,0,2,0.0,2,3,0.667,1,3,4,4,4,3,0,3,6
2023-11-19_uc_san_diego_northern_ariz,Northern Ariz.,01,"Cummins, Allie",False,14,0,3,0.0,0,2,0.0,1,2,0.5,0,0,0,0,0,0,1,0,1
2023-11-19_uc_san_diego_northern_ariz,Northern Ariz.,05,"Feldman, Taylor",False,12,0,4,0.0,0,0,,1,2,0.5,0,2,2,4,0,0,0,0,1
2023-11-19_uc_san_diego_northern_ariz,Northern Ariz.,33,"Neverson, Saniyah",False,9,0,3,0.0,0,0,,0,0,,2,0,2,0,0,1,0,1,0
2023-11-19_uc_san_diego_northern_ariz,Northern Ariz.,13,"Schmidt, Ava",False,4,0,0,,0,0,,0,0,,0,2,2,0,1,1,0,0,0
2023-11-19_uc_san_diego_northern_ariz,Northern Ariz.,TM,TEAM,False,0,0,0,,0,0,,0,0,,5,0,5,0,0,1,0,0,0
2023-11-19_uc_san_diego_northern_ariz,UC San Diego,03,"Sugapong, Sumayah",True,28,9,16,0.562,1,4,0.25,0,0,,0,1,1,1,4,7,0,1,19
2023-11-19_uc_san_diego_northern_ariz,UC San Diego,20,"Forsyth, Izzy",True,28,5,9,0.556,1,3,0.333,2,2,1.0,1,6,7,3,1,0,1,1,13
2023-11-19_uc_san_diego_northern_ariz,UC San Diego,32,"Montgomery, Parker",True,28,3,11,0.273,0,3,0.0,5,7,0.714,2,3,5,2,2,0,0,2,11
2023-11-19_uc_san_diego_northern_ariz,UC San Diego,12,"Smith, Rosa",True,28,3,8,0.375,1,2,0.5,3,4,0.75,0,1,1,1,1,3,1,0,10
2023-11-19_uc_san_diego_northern_ariz,UC San Diego,35,"Springs, Katie",True,21,1,2,0.5,0,0,,0,4,0.0,2,9,11,2,2,0,2,2,2
2023-11-19_uc_san_diego_northern_ariz,UC San Diego,24,"Pinto, Denali",False,24,3,6,0.5,2,5,0.4,0,0,,1,4,5,2,2,3,0,1,8
2023-11-19_uc_san_diego_northern_ariz,UC San Diego,23,"Blithikioti, Eri",False,20,3,3,1.0,0,0,,0,0,,0,3,3,2,1,0,1,1,6
2023-11-19_uc_san_diego_northern_ariz,UC San Diego,22,"Gallegos, Gracie",False,11,0,1,0.0,0,0,,0,0,,0,1,1,0,1,1,0,0,0
2023-11-19_uc_san_diego_northern_ariz,UC San Diego,33,"Svoboda, Emma",False,7,0,0,,0,0,,0,0,,1,1,2,2,0,3,0,0,0
2023-11-19_uc_san_diego_northern_ariz,UC San Diego,05,"Louther, Gabby",False,5,0,2,0.0,0,1,0.0,0,0,,0,0,0,1,1,0,0,0,0
2023-11-19_uc_san_diego_northern_ariz,UC San Diego,TM,TEAM,False,0,0,0,,0,0,,0,0,,1,0,1,0,0,2,0,0,0
2023-11-19_uc_santa_barbara_southern_utah,Southern Utah,03,"Smith, Megan",True,30,7,15,0.467,0,2,0.0,2,2,1.0,2,5,7,2,5,2,1,0,16
2023-11-19_uc_santa_barbara_southern_utah,Southern Utah,34,"Johnston, Samantha",True,39,4,10,0.4,2,3,0.667,0,0,,0,1,1,3,4,1,1,4,10
2023-11-19_uc_santa_barbara_southern_utah,Southern Utah,05,"Kay, Charli",True,30,3,8,0.375,2,5,0.4,2,2,1.0,2,2,4,1,0,4,0,0,10
2023-11-19_uc_santa_barbara_southern_utah,Southern Utah,22,"Ballena, Daylani",True,28,3,14,0.214,0,2,0.0,2,4,0.5,3,1,4,3,5,4,0,0,8
2023-11-19_uc_santa_barbara_southern_utah,Southern Utah,44,"Uhrich, Ava",True,20,3,6,0.5,1,3,0.333,0,2,0.0,5,3,8,3,0,3,0,1,7
2023-11-19_uc_santa_barbara_southern_utah,Southern Utah,23,"Isono, Shiho",False,23,3,9,0.333,0,4,0.0,0,2,0.0,0,2,2,4,0,3,0,0,6
2023-11-19_uc_santa_barbara_southern_utah,Southern Utah,13,"Banks, Ashley",False,15,2,3,0.667,0,0,,0,0,,1,2,3,1,0,0,2,0,4
2023-11-19_uc_santa_barbara_southern_utah,Southern Utah,01,"Lord, Alexa",False,15,0,1,0.0,0,0,,0,0,,1,3,4,2,0,0,0,0,0
2023-11-19_uc_santa_barbara_southern_utah,Southern Utah,TM,TEAM,False,0,0,0,,0,0,,0,0,,6,3,9,0,0,0,0,0,0
2023-11-19_uc_santa_barbara_southern_utah,UC Santa Barbara,23,"Whitfield, Alexis",True,34,9,19,0.474,2,6,0.333,3,4,0.75,1,9,10,2,2,2,1,0,23
2023-11-19_uc_santa_barbara_southern_utah,UC Santa Barbara,10,"Choice, Anya",True,37,4,6,0.667,1,2,0.5,3,4,0.75,0,3,3,1,3,5,0,2,12
2023-11-19_uc_santa_barbara_southern_utah,UC Santa Barbara,03,"Marin, Alyssa",True,33,3,7,0.429,1,3,0.333,4,7,0.571,1,1,2,1,7,2,0,4,11
2023-11-19_uc_santa_barbara_southern_utah,UC Santa Barbara,55,"Burke, Skylar",True,31,3,6,0.5,0,0,,1,2,0.5,2,5,7,3,3,3,0,1,7
2023-11-19_uc_santa_barbara_southern_utah,UC Santa Barbara,13,"Goed, Flora",True,19,3,5,0.6,0,0,,0,0,,0,1,1,4,1,0,2,0,6
2023-11-19_uc_santa_barbara_southern_utah,UC Santa Barbara,05,"Bradley, Olivia",False,9,2,3,0.667,1,2,0.5,0,0,,0,0,0,0,0,0,1,0,5
2023-11-19_uc_santa_barbara_southern_utah,UC Santa Barbara,15,"McMorris, Mary",False,10,1,1,1.0,0,0,,2,2,1.0,0,1,1,2,1,1,0,1,4
2023-11-19_uc_santa_barbara_southern_utah,UC Santa Barbara,32,"Grant, Jessica",False,13,1,3,0.333,1,3,0.333,0,0,,0,0,0,1,0,0,1,1,3
2023-11-19_uc_santa_barbara_southern_utah,UC Santa Barbara,20,"Rockwood, Laurel",False,12,0,1,0.0,0,0,,0,0,,0,1,1,3,0,2,0,0,0
2023-11-19_uc_santa_barbara_southern_utah,UC Santa Barbara,02,"Borter, Zoe",False,2,0,0,,0,0,,0,0,,0,0,0,1,0,0,0,0,0
2023-11-19_uc_santa_barbara_southern_utah,UC Santa Barbara,TM,TEAM,False,0,0,0,,0,0,,0,0,,1,2,3,0,0,0,0,0,0
2023-11-19_san_francisco_cal_st_fullerton,Cal St. Fullerton,02,"Hassmann, Hope",True,33,7,13,0.538,3,6,0.5,5,6,0.833,0,3,3,3,1,1,0,0,22
2023-11-19_san_francisco_cal_st_fullerton,Cal St. Fullerton,32,"Lewis, Ashlee",True,28,2,9,0.222,0,0,,2,3,0.667,6,10,16,2,1,4,3,0,6
2023-11-19_san_francisco_cal_st_fullerton,Cal St. Fullerton,24,"Neff, Kathryn",True,20,2,5,0.4,1,3,0.333,0,0,,0,1,1,1,0,2,0,1,5
2023-11-19_san_francisco_cal_st_fullerton,Cal St. Fullerton,04,"Vidmar, Gabi",True,37,1,11,0.091,0,5,0.0,1,2,0.5,1,4,5,0,3,4,1,3,3
2023-11-19_san_francisco_cal_st_fullerton,Cal St. Fullerton,21,"Tse, Allysan",True,16,0,2,0.0,0,1,0.0,0,0,,1,1,2,1,1,1,0,1,0
2023-11-19_san_francisco_cal_st_fullerton,Cal St. Fullerton,10,"Lagway, Demonnie",False,19,2,6,0.333,1,2,0.5,0,0,,1,3,4,1,0,1,0,0,5
2023-11-19_san_francisco_cal_st_fullerton,Cal St. Fullerton,33,"Minor, Brielle",False,12,0,1,0.0,0,0,,5,8,0.625,0,4,4,2,1,2,0,0,5
2023-11-19_san_francisco_cal_st_fullerton,Cal St. Fullerton,13,"Hernandez, Aixchel",False,10,2,5,0.4,0,0,,0,0,,1,1,2,0,1,0,0,0,4
2023-11-19_san_francisco_cal_st_fullerton,Cal St. Fullerton,12,"Levingston, Eva",False,15,1,4,0.25,0,0,,0,0,,2,4,6,2,0,0,0,1,2
2023-11-19_san_francisco_cal_st_fullerton,Cal St. Fullerton,11,"MacDonald, Ruby",False,6,0,0,,0,0,,2,2,1.0,0,3,3,1,0,1,0,0,2
2023-11-19_san_francisco_cal_st_fullerton,Cal St. Fullerton,03,"Salazar-Harrell, Kaliana",False,4,0,2,0.0,0,0,,0,0,,0,0,0,0,0,0,0,0,0
2023-11-19_san_francisco_cal_st_fullerton,Cal St. Fullerton,TM,TEAM,False,0,0,0,,0,0,,0,0,,1,1,2,0,0,0,0,0,0
2023-11-19_san_francisco_cal_st_fullerton,San Francisco,32,"Fulcher, Cami",True,36,5,15,0.333,1,5,0.2,0,1,0.0,2,5,7,3,3,2,0,1,11
2023-11-19_san_francisco_cal_st_fullerton,San Francisco,12,"Werth, Freja",True,14,2,7,0.286,2,6,0.333,2,2,1.0,2,1,3,4,0,1,0,1,8
2023-11-19_san_francisco_cal_st_fullerton,San Francisco,11,"Gayles, Jasmine",True,37,3,14,0.214,1,7,0.143,0,0,,0,8,8,2,5,5,0,1,7
2023-11-19_san_francisco_cal_st_fullerton,San Francisco,01,"Leite, Luana",True,28,2,8,0.25,0,0,,0,1,0.0,6,2,8,2,3,2,0,1,4
2023-11-19_san_francisco_cal_st_fullerton,San Francisco,22,"Tirado, Paula",True,19,1,1,1.0,0,0,,0,0,,0,1,1,2,0,2,1,0,2
2023-11-19_san_francisco_cal_st_fullerton,San Francisco,20,"Kéita, Aya",False,33,3,11,0.273,1,4,0.25,2,2,1.0,2,4,6,4,0,1,0,3,9
2023-11-19_san_francisco_cal_st_fullerton,San Francisco,13,"Dos Santos, Debora",False,16,2,7,0.286,0,0,,1,2,0.5,1,3,4,1,2,1,2,2,5
2023-11-19_san_francisco_cal_st_fullerton,San Francisco,25,"Thiam, Seynabou",False,12,1,2,0.5,0,0,,0,0,,1,1,2,0,0,2,0,1,2
2023-11-19_san_francisco_cal_st_fullerton,San Francisco,14,"Hernandez, Marina",False,3,0,1,0.0,0,0,,0,0,,0,0,0,0,0,0,1,0,0
2023-11-19_san_francisco_cal_st_fullerton,San Francisco,33,"Barbosa, Lorena",False,2,0,1,0.0,0,1,0.0,0,0,,0,0,0,1,0,0,0,0,0
2023-11-19_san_francisco_cal_st_fullerton,San Francisco,TM,TEAM,False,0,0,0,,0,0,,0,0,,1,4,5,0,0,1,0,0,0
2023-11-20_uc_irvine_eastern_wash,Eastern Wash.,15,"Loera, Jamie",True,40,8,15,0.533,1,4,0.25,0,0,,2,4,6,3,3,7,0,5,17
2023-11-20_uc_irvine_eastern_wash,Eastern Wash.,25,"Alexander, Aaliyah",True,21,5,11,0.455,4,5,0.8,3,4,0.75,2,2,4,4,0,5,0,0,17
2023-11-20_uc_irvine_eastern_wash,Eastern Wash.,10,"Buckley, Jacinta",True,33,3,10,0.3,1,5,0.2,2,2,1.0,3,3,6,2,3,2,1,0,9
2023-11-20_uc_irvine_eastern_wash,Eastern Wash.,21,"Knowles, Milly",True,33,4,6,0.667,0,0,,0,0,,2,4,6,2,2,0,0,0,8
2023-11-20_uc_irvine_eastern_wash,Eastern Wash.,24,"Lawrence, Jaleesa",True,23,0,5,0.0,0,3,0.0,3,4,0.75,1,3,4,3,2,0,0,0,3
2023-11-20_uc_irvine_eastern_wash,Eastern Wash.,23,"Martin, Jaydia",False,20,4,15,0.267,1,6,0.167,0,0,,2,3,5,3,2,3,0,0,9
2023-11-20_uc_irvine_eastern_wash,Eastern Wash.,2,"Gallatin, Ella",False,13,0,0,,0,0,,0,0,,0,3,3,4,1,0,1,1,0
2023-11-20_uc_irvine_eastern_wash,Eastern Wash.,1,"Pettis, Alexis",False,8,0,0,,0,0,,0,0,,1,0,1,0,0,0,0,0,0
2023-11-20_uc_irvine_eastern_wash,Eastern Wash.,5,"Schuler, Breeje",False,3,0,0,,0,0,,0,0,,0,0,0,0,0,0,0,0,0
2023-11-20_uc_irvine_eastern_wash,Eastern Wash.,30,"Jung, Gabrielle",False,3,0,0,,0,0,,0,0,,0,0,0,0,0,1,0,0,0
2023-11-20_uc_irvine_eastern_wash,Eastern Wash.,52,"Hays, Bella",False,3,0,0,,0,0,,0,0,,0,0,0,1,1,0,0,0,0
2023-11-20_uc_irvine_eastern_wash,Eastern Wash.,TM,TEAM,False,0,0,0,,0,0,,0,0,,1,1,2,0,0,0,0,0,0
2023-11-20_uc_irvine_eastern_wash,UC Irvine,24,"Dean, Nevaeh",True,27,6,9,0.667,2,2,1.0,1,4,0.25,1,4,5,1,0,2,2,2,15
2023-11-20_uc_irvine_eastern_wash,UC Irvine,13,"Lee, Déja",True,22,3,10,0.3,2,5,0.4,6,6,1.0,0,2,2,4,1,2,0,1,14
2023-11-20_uc_irvine_eastern_wash,UC Irvine,3,"Tom, Nikki",True,39,3,7,0.429,1,3,0.333,4,5,0.8,1,3,4,1,0,1,1,5,11
2023-11-20_uc_irvine_eastern_wash,UC Irvine,23,"Konate, Diaba",True,24,3,11,0.273,0,2,0.0,1,1,1.0,0,1,1,3,8,4,0,1,7
2023-11-20_uc_irvine_eastern_wash,UC Irvine,22,"Djoko, Clara",True,15,1,2,0.5,0,0,,0,0,,2,1,3,0,1,2,0,0,2
2023-11-20_uc_irvine_eastern_wash,UC Irvine,32,"Parkinson, Nevaeh",False,24,7,8,0.875,0,0,,1,2,0.5,3,5,8,2,1,2,0,0,15
2023-11-20_uc_irvine_eastern_wash,UC Irvine,12,"Nahum, Shirel",False,31,3,9,0.333,1,5,0.2,0,0,,0,6,6,2,1,3,0,1,7
2023-11-20_uc_irvine_eastern_wash,UC Irvine,11,"Scharpf, Amelia",False,10,0,0,,0,0,,0,0,,0,0,0,2,0,0,0,0,0
2023-11-20_uc_irvine_eastern_wash,UC Irvine,33,"Kaupu, Caiyle",False,5,0,1,0.0,0,0,,0,0,,0,0,0,0,1,1,0,0,0
2023-11-20_uc_irvine_eastern_wash,UC Irvine,5,"Ross, Tarryn",False,3,0,0,,0,0,,0,0,,0,0,0,0,0,1,0,0,0
2023-11-20_uc_irvine_eastern_wash,UC Irvine,2,"Hernandez, Haley",False,0,0,0,,0,0,,0,0,,0,0,0,0,0,0,0,0,0
2023-11-20_uc_irvine_eastern_wash,UC Irvine,TM,TEAM,False,0,0,0,,0,0,,0,0,,3,3,6,0,0,0,0,0,0
2023-11-21_sacramento_st_uc_davis,UC Davis,25,"Norris, Megan",True,26,9,11,0.818,1,1,1.0,2,2,1.0,3,5,8,1,0,1,0,0,21
2023-11-21_sacramento_st_uc_davis,UC Davis,14,"Sabel, Tova",True,23,7,14,0.5,4,11,0.364,0,0,,2,1,3,4,3,4,0,0,18
2023-11-21_sacramento_st_uc_davis,UC Davis,15,"Turner, Evanne",True,33,5,12,0.417,4,11,0.364,2,2,1.0,0,2,2,1,4,3,0,0,16
2023-11-21_sacramento_st_uc_davis,UC Davis,10,"Svanholm, Lena",True,15,3,5,0.6,1,1,1.0,1,3,0.333,0,2,2,2,2,0,0,0,8
2023-11-21_sacramento_st_uc_davis,UC Davis,13,"Burns, Sydney",True,29,1,4,0.25,0,2,0.0,0,0,,1,1,2,3,6,1,0,3,2
2023-11-21_sacramento_st_uc_davis,UC Davis,23,"Baker, Victoria",False,13,3,3,1.0,2,2,1.0,0,0,,0,2,2,2,1,1,0,0,8
2023-11-21_sacramento_st_uc_davis,UC Davis,04,"Epps, Nya",False,20,1,7,0.143,1,4,0.25,0,0,,0,0,0,2,2,2,1,1,3
2023-11-21_sacramento_st_uc_davis,UC Davis,41,"Shine, Bria",False,14,1,1,1.0,0,0,,1,2,0.5,1,0,1,1,1,1,0,3,3
2023-11-21_sacramento_st_uc_davis,UC Davis,03,"Gray, Campbell",False,16,0,0,,0,0,,0,0,,0,6,6,1,3,1,0,0,0
2023-11-21_sacramento_st_uc_davis,UC Davis,20,"Fitzgerald, Ally",False,11,0,2,0.0,0,0,,0,0,,1,0,1,1,0,1,1,0,0
2023-11-21_sacramento_st_uc_davis,UC Davis,TM,TEAM,False,0,0,0,,0,0,,0,0,,1,0,1,0,0,0,0,0,0
2023-11-21_sacramento_st_uc_davis,Sacramento St.,20,"Lautaimi, Seilala",True,13,3,6,0.5,0,0,,6,8,0.75,4,3,7,1,0,2,0,1,12
2023-11-21_sacramento_st_uc_davis,Sacramento St.,01,"Versteeg, Benthe",True,40,5,11,0.455,0,0,,1,4,0.25,3,2,5,1,4,6,0,2,11
2023-11-21_sacramento_st_uc_davis,Sacramento St.,14,"Hanson, Summah",True,36,3,10,0.3,0,3,0.0,3,4,0.75,0,4,4,4,3,4,0,3,9
2023-11-21_sacramento_st_uc_davis,Sacramento St.,31,"Orio, Irune",True,19,2,3,0.667,1,2,0.5,1,2,0.5,0,1,1,1,0,1,0,0,6
2023-11-21_sacramento_st_uc_davis,Sacramento St.,24,"Lee, Sophia",True,22,1,4,0.25,1,2,0.5,1,2,0.5,1,3,4,2,3,1,0,1,4
2023-11-21_sacramento_st_uc_davis,Sacramento St.,03,"Amusan, Solape",False,15,4,7,0.571,3,3,1.0,0,0,,0,2,2,1,0,1,0,0,11
2023-11-21_sacramento_st_uc_davis,Sacramento St.,04,"Haw, Paula",False,14,1,3,0.333,0,0,,0,0,,5,4,9,3,0,3,0,0,2
2023-11-21_sacramento_st_uc_davis,Sacramento St.,00,"Jackson, Ayanna",False,7,1,3,0.333,0,0,,0,0,,0,0,0,0,0,0,0,0,2
2023-11-21_sacramento_st_uc_davis,Sacramento St.,22,"Falk, Lina",False,25,0,2,0.0,0,2,0.0,0,0,,0,0,0,0,0,2,0,1,0
2023-11-21_sacramento_st_uc_davis,Sacramento St.,02,"Edge, Kaylie",False,8,0,1,0.0,0,1,0.0,0,0,,1,0,1,0,1,0,0,0,0
2023-11-21_sacramento_st_uc_davis,Sacramento St.,05,"Salton, J'yana",False,1,0,1,0.0,0,0,,0,0,,0,1,1,0,0,0,0,0,0
2023-11-21_sacramento_st_uc_davis,Sacramento St.,TM,TEAM,False,0,0,0,,0,0,,0,0,,1,2,3,0,0,0,0,0,0
2023-11-21_seattle_u_cal_poly,Cal Poly,2,"Shah, Annika",True,32,7,16,0.438,6,14,0.429,2,2,1.0,1,2,3,0,2,2,0,0,22
2023-11-21_seattle_u_cal_poly,Cal Poly,35,"Ackerman, Natalia",True,22,5,9,0.556,0,0,,3,4,0.75,1,4,5,3,2,1,3,1,13
2023-11-21_seattle_u_cal_poly,Cal Poly,15,"Bourland, Sydney",True,30,4,7,0.571,1,1,1.0,0,2,0.0,2,3,5,2,3,2,1,1,9
2023-11-21_seattle_u_cal_poly,Cal Poly,10,"Richards, Sidney",True,18,3,3,1.0,1,1,1.0,1,2,0.5,0,3,3,4,3,2,0,2,8
2023-11-21_seattle_u_cal_poly,Cal Poly,5,"McNicholas, Ania",True,35,1,7,0.143,0,2,0.0,0,0,,1,2,3,3,3,3,0,2,2
2023-11-21_seattle_u_cal_poly,Cal Poly,4,"Lichtie, Sierra",False,19,3,7,0.429,0,1,0.0,0,0,,3,6,9,3,1,1,0,1,6
2023-11-21_seattle_u_cal_poly,Cal Poly,24,"Carter, Mary",False,15,3,8,0.375,0,3,0.0,0,0,,1,2,3,1,2,2,1,1,6
2023-11-21_seattle_u_cal_poly,Cal Poly,33,"Olinger, Amanda",False,16,1,2,0.5,0,0,,0,0,,1,0,1,0,0,0,1,0,2
2023-11-21_seattle_u_cal_poly,Cal Poly,25,"Hoffman, Jordan",False,9,0,0,,0,0,,0,0,,1,0,1,1,1,1,0,0,0
2023-11-21_seattle_u_cal_poly,Cal Poly,3,"Richardson, Diamond",False,2,0,1,0.0,0,0,,0,0,,0,0,0,0,1,0,0,0,0
2023-11-21_seattle_u_cal_poly,Cal Poly,12,"Billing, Jordan",False,2,0,0,,0,0,,0,0,,0,0,0,0,0,0,0,0,0
2023-11-21_seattle_u_cal_poly,Cal Poly,TM,TEAM,False,0,0,0,,0,0,,0,0,,0,5,5,0,0,0,0,0,0
2023-11-21_seattle_u_cal_poly,Seattle U,14,"Moore, Mya",True,21,2,11,0.182,0,0,,6,8,0.75,2,4,6,3,1,6,1,2,10
2023-11-21_seattle_u_cal_poly,Seattle U,23,"Korolenko, Irena",True,37,3,10,0.3,2,7,0.286,1,2,0.5,1,4,5,1,0,4,0,0,9
2023-11-21_seattle_u_cal_poly,Seattle U,22,"Moore, Makayla",True,31,3,8,0.375,0,2,0.0,0,0,,4,3,7,2,0,1,1,2,6
2023-11-21_seattle_u_cal_poly,Seattle U,11,"Howard, Peyton",True,30,1,5,0.2,0,2,0.0,0,2,0.0,0,3,3,5,4,3,0,1,2
2023-11-21_seattle_u_cal_poly,Seattle U,5,"Bariteau, Noemie",True,12,0,5,0.0,0,4,0.0,0,0,,0,3,3,1,0,2,0,0,0
2023-11-21_seattle_u_cal_poly,Seattle U,2,"Interrante, Aannah",False,19,3,4,0.75,2,2,1.0,0,0,,1,1,2,1,0,0,0,0,8
2023-11-21_seattle_u_cal_poly,Seattle U,4,"Blauenfeldt, Asta",False,29,2,10,0.2,1,4,0.25,0,0,,0,2,2,0,3,1,0,1,5
2023-11-21_seattle_u_cal_poly,Seattle U,34,"Michaelsen, Lisa",False,13,1,3,0.333,0,0,,1,2,0.5,3,1,4,0,0,1,0,0,3
2023-11-21_seattle_u_cal_poly,Seattle U,13,"Jagger, Ramona",False,6,0,0,,0,0,,0,0,,0,2,2,1,0,1,0,0,0
2023-11-21_seattle_u_cal_poly,Seattle U,21,"Tarasow, Erin",False,2,0,0,,0,0,,0,0,,0,0,0,0,0,1,0,0,0
2023-11-21_seattle_u_cal_poly,Seattle U,TM,TEAM,False,0,0,0,,0,0,,0,0,,3,1,4,0,0,0,0,0,0
2023-11-21_fresno_st_long_beach_st,Long Beach St.,2,"Tucker, Savannah",True,34,5,10,0.5,1,1,1.0,3,3,1.0,0,7,7,1,0,1,0,1,14
2023-11-21_fresno_st_long_beach_st,Long Beach St.,22,"Woodley, Sydney",True,28,4,6,0.667,1,2,0.5,0,0,,0,3,3,2,0,2,0,0,9
2023-11-21_fresno_st_long_beach_st,Long Beach St.,3,"Chung, Patricia",True,31,2,9,0.222,1,3,0.333,1,2,0.5,1,2,3,4,3,3,0,0,6
2023-11-21_fresno_st_long_beach_st,Long Beach St.,1,"Sonnier, Lovely",True,17,1,5,0.2,0,1,0.0,1,5,0.2,1,1,2,1,0,0,0,0,3
2023-11-21_fresno_st_long_beach_st,Long Beach St.,10,"Valenti Paea, Casey",True,17,0,4,0.0,0,0,,1,2,0.5,0,1,1,4,1,0,0,0,1
2023-11-21_fresno_st_long_beach_st,Long Beach St.,4,"Givens, Cheyenne",False,19,7,11,0.636,3,5,0.6,0,0,,1,2,3,2,1,4,0,1,17
2023-11-21_fresno_st_long_beach_st,Long Beach St.,12,"Crawshaw, Jada",False,21,4,6,0.667,0,1,0.0,1,4,0.25,1,3,4,2,0,4,0,1,9
2023-11-21_fresno_st_long_beach_st,Long Beach St.,52,"Matthews, Davai",False,20,2,3,0.667,0,0,,0,0,,3,3,6,4,0,1,6,0,4
2023-11-21_fresno_st_long_beach_st,Long Beach St.,21,"Shoff, Abby",False,7,0,2,0.0,0,1,0.0,1,2,0.5,1,2,3,0,0,0,0,1,1
2023-11-21_fresno_st_long_beach_st,Long Beach St.,30,"Moore, Olivia",False,6,0,1,0.0,0,0,,0,0,,0,0,0,0,0,1,0,0,0
2023-11-21_fresno_st_long_beach_st,Long Beach St.,TM,TEAM,False,0,0,0,,0,0,,0,0,,3,3,6,0,0,0,0,0,0
2023-11-21_fresno_st_long_beach_st,Fresno St.,23,"Jacobs, Mia",True,32,4,14,0.286,2,8,0.25,6,8,0.75,6,7,13,2,2,1,1,3,16
2023-11-21_fresno_st_long_beach_st,Fresno St.,2,"Brown, Keely",True,25,6,12,0.5,1,4,0.25,1,3,0.333,1,5,6,2,0,3,1,2,14
2023-11-21_fresno_st_long_beach_st,Fresno St.,30,"Fox, Kylee",True,40,4,9,0.444,3,7,0.429,0,0,,0,3,3,1,1,2,0,1,11
2023-11-21_fresno_st_long_beach_st,Fresno St.,12,"Dethman, Sydney",True,23,5,9,0.556,0,1,0.0,1,4,0.25,3,0,3,4,0,1,0,1,11
2023-11-21_fresno_st_long_beach_st,Fresno St.,1,"Sta. Maria, Taija",True,37,3,11,0.273,1,3,0.333,2,2,1.0,0,3,3,0,7,0,0,1,9
2023-11-21_fresno_st_long_beach_st,Fresno St.,22,"Diatta, Bineta",False,14,3,10,0.3,0,1,0.0,3,4,0.75,2,2,4,4,0,2,0,1,9
2023-11-21_fresno_st_long_beach_st,Fresno St.,50,"Harvey, Deajanae",False,13,1,2,0.5,0,1,0.0,2,2,1.0,0,0,0,3,1,1,0,0,4
2023-11-21_fresno_st_long_beach_st,Fresno St.,13,"Konstantinidou, Maria",False,10,0,2,0.0,0,0,,0,0,,1,1,2,0,0,1,1,0,0
2023-11-21_fresno_st_long_beach_st,Fresno St.,32,"Mikkelsen, Thea",False,4,0,1,0.0,0,1,0.0,0,0,,0,0,0,0,0,1,0,1,0
2023-11-21_fresno_st_long_beach_st,Fresno St.,15,"Doreste, Maria",False,2,0,1,0.0,0,0,,0,0,,0,0,0,1,0,0,0,0,0
2023-11-21_fresno_st_long_beach_st,Fresno St.,TM,TEAM,False,0,0,0,,0,0,,0,0,,9,4,13,0,0,1,0,0,0
2023-11-22_minnesota_csun,CSUN,24,"Spriggs, Kayanna",True,33,6,9,0.667,0,0,,0,0,,4,4,8,4,1,4,0,3,12
2023-11-22_minnesota_csun,CSUN,15,"Amundsen, Laney",True,29,2,10,0.2,1,7,0.143,0,0,,0,2,2,3,0,1,2,0,5
2023-11-22_minnesota_csun,CSUN,43,"Nikishina , Arina",True,24,2,6,0.333,0,0,,0,0,,1,2,3,5,1,4,1,0,4
2023-11-22_minnesota_csun,CSUN,23,"Li-uperesa, Talo",True,33,1,3,0.333,0,0,,0,0,,1,3,4,2,3,1,0,0,2
2023-11-22_minnesota_csun,CSUN,4,"Harvey, Rachel",True,15,1,5,0.2,0,0,,0,0,,0,0,0,0,1,3,0,3,2
2023-11-22_minnesota_csun,CSUN,1,"Ferguson, Amiyah",False,26,1,8,0.125,0,1,0.0,2,2,1.0,0,2,2,2,3,5,0,1,4
2023-11-22_minnesota_csun,CSUN,22,"Elsholz, Kaitlyn",False,20,1,12,0.083,0,7,0.0,0,0,,0,2,2,1,0,2,1,0,2
2023-11-22_minnesota_csun,CSUN,11,"Smith, Olivia",False,20,0,2,0.0,0,2,0.0,0,0,,0,1,1,0,1,0,1,0,0
2023-11-22_minnesota_csun,CSUN,TM,TEAM,False,0,0,0,,0,0,,0,0,,3,1,4,0,0,2,0,0,0
2023-11-22_minnesota_csun,Minnesota,10,"Braun, Mara",True,24,6,10,0.6,5,9,0.556,4,4,1.0,0,5,5,0,1,2,1,1,21
2023-11-22_minnesota_csun,Minnesota,52,"Hart, Sophie",True,20,6,6,1.0,0,0,,1,3,0.333,2,1,3,2,1,2,1,1,13
2023-11-22_minnesota_csun,Minnesota,3,"Battle, Amaya",True,22,3,6,0.5,1,1,1.0,3,4,0.75,0,1,1,0,5,0,0,4,10
2023-11-22_minnesota_csun,Minnesota,24,"Heyer, Mallory",True,22,2,7,0.286,1,3,0.333,1,2,0.5,2,4,6,0,3,3,0,0,6
2023-11-22_minnesota_csun,Minnesota,25,"Grocholski, Grace",True,27,1,6,0.167,1,5,0.2,2,2,1.0,2,4,6,1,7,0,0,1,5
2023-11-22_minnesota_csun,Minnesota,30,"Sanders, Janay",False,17,4,8,0.5,0,1,0.0,2,3,0.667,1,2,3,0,1,2,0,0,10
2023-11-22_minnesota_csun,Minnesota,5,"Czinano, Maggie",False,22,3,8,0.375,0,2,0.0,0,0,,2,3,5,0,2,1,0,1,6
2023-11-22_minnesota_csun,Minnesota,41,"Holloway, Niamya",False,20,3,5,0.6,0,1,0.0,0,0,,1,3,4,0,1,2,0,3,6
2023-11-22_minnesota_csun,Minnesota,1,"Johnson, Ayianna",False,11,3,3,1.0,0,0,,0,4,0.0,2,3,5,1,0,0,0,0,6
2023-11-22_minnesota_csun,Minnesota,12,"Madol, Ajok",False,9,0,3,0.0,0,2,0.0,1,2,0.5,0,2,2,0,0,1,0,0,1
2023-11-22_minnesota_csun,Minnesota,15,"Senden, Brynn",False,3,0,1,0.0,0,1,0.0,0,0,,1,1,2,0,0,0,0,0,0
2023-11-22_minnesota_csun,Minnesota,34,"Dalan, McKynnlie",False,3,0,1,0.0,0,0,,0,0,,1,1,2,0,0,0,0,0,0
2023-11-22_minnesota_csun,Minnesota,TM,TEAM,False,0,0,0,,0,0,,0,0,,6,2,8,0,0,1,0,0,0
2023-11-22_uc_riverside_utah_st,Utah St.,4,"Stubbs, Cheyenne",True,34,5,12,0.417,1,3,0.333,4,4,1.0,0,5,5,0,2,3,0,2,15
2023-11-22_uc_riverside_utah_st,Utah St.,24,"Miller, Skye",True,32,3,7,0.429,0,1,0.0,4,6,0.667,0,4,4,2,0,3,0,2,10
2023-11-22_uc_riverside_utah_st,Utah St.,25,"Mullings, Bridget",True,19,4,6,0.667,0,0,,2,2,1.0,0,4,4,4,1,2,0,1,10
2023-11-22_uc_riverside_utah_st,Utah St.,23,"Hill-brown, Tiairra",True,19,2,4,0.5,0,0,,0,0,,2,4,6,4,1,2,1,1,4
2023-11-22_uc_riverside_utah_st,Utah St.,00,"Finley, Ivory",True,28,0,6,0.0,0,2,0.0,0,0,,0,1,1,1,1,2,0,0,0
2023-11-22_uc_riverside_utah_st,Utah St.,31,"Verdan, Allyzee",False,24,2,4,0.5,0,0,,1,4,0.25,1,0,1,2,2,1,0,0,5
2023-11-22_uc_riverside_utah_st,Utah St.,1,"Suguturaga, Samiana",False,13,2,3,0.667,0,1,0.0,1,4,0.25,1,1,2,3,0,1,0,0,5
2023-11-22_uc_riverside_utah_st,Utah St.,2,"Tanedo, Isabella",False,5,1,1,1.0,0,0,,0,0,,0,0,0,0,1,0,0,0,2
2023-11-22_uc_riverside_utah_st,Utah St.,33,"Knapp, Livia",False,16,0,1,0.0,0,1,0.0,0,0,,0,0,0,0,0,1,0,2,0
2023-11-22_uc_riverside_utah_st,Utah St.,11,"Smith, Macy",False,10,0,2,0.0,0,0,,0,0,,0,1,1,1,0,0,0,0,0
2023-11-22_uc_riverside_utah_st,Utah St.,TM,TEAM,False,0,0,0,,0,0,,0,0,,4,2,6,0,0,1,0,0,0
2023-11-22_uc_riverside_utah_st,UC Riverside,1,"Bryant, Matehya",True,35,9,13,0.692,0,1,0.0,3,4,0.75,4,11,15,4,4,3,2,4,21
2023-11-22_uc_riverside_utah_st,UC Riverside,32,"Webster, Jordan",True,36,4,10,0.4,0,1,0.0,5,6,0.833,2,1,3,2,1,2,0,1,13
2023-11-22_uc_riverside_utah_st,UC Riverside,10,"Stenberg, Julia",True,12,2,4,0.5,1,3,0.333,0,0,,0,0,0,1,0,0,0,1,5
2023-11-22_uc_riverside_utah_st,UC Riverside,00,"Jackson, Makayla",True,31,2,5,0.4,0,2,0.0,0,1,0.0,1,1,2,3,1,0,0,0,4
2023-11-22_uc_riverside_utah_st,UC Riverside,2,"Walters, Ryanne",True,9,0,4,0.0,0,1,0.0,0,0,,0,1,1,1,0,0,0,2,0
2023-11-22_uc_riverside_utah_st,UC Riverside,11,"Matarranz, Esther",False,26,2,3,0.667,0,0,,0,0,,1,3,4,5,1,2,2,1,4
2023-11-22_uc_riverside_utah_st,UC Riverside,3,"Tillery, Zoe",False,30,1,9,0.111,1,5,0.2,0,0,,0,0,0,1,2,2,0,0,3
2023-11-22_uc_riverside_utah_st,UC Riverside,4,"Marshall, Jordyn",False,14,1,5,0.2,0,3,0.0,0,0,,0,0,0,3,2,2,0,0,2
2023-11-22_uc_riverside_utah_st,UC Riverside,15,"Sanderson, Jaden",False,7,0,2,0.0,0,1,0.0,0,0,,2,1,3,1,1,2,0,0,0
2023-11-22_uc_riverside_utah_st,UC Riverside,TM,TEAM,False,0,0,0,,0,0,,0,0,,2,2,4,0,0,1,0,0,0
2023-11-24_hawaii_air_force,Air Force,02,"Perry, Milahnie",True,35,6,14,0.429,1,3,0.333,3,4,0.75,2,1,3,2,0,1,0,2,16
2023-11-24_hawaii_air_force,Air Force,04,"Smith, Madison",True,34,5,16,0.312,0,3,0.0,6,6,1.0,4,2,6,2,3,3,0,5,16
2023-11-24_hawaii_air_force,Air Force,30,"Macmillan, Dasha",True,37,4,10,0.4,2,6,0.333,0,0,,1,2,3,2,1,1,1,1,10
2023-11-24_hawaii_air_force,Air Force,05,"Britt, Taylor",True,29,1,6,0.167,0,4,0.0,0,0,,1,5,6,3,1,2,0,4,2
2023-11-24_hawaii_air_force,Air Force,10,"McNabb, Jayda",True,21,0,1,0.0,0,1,0.0,2,2,1.0,4,3,7,4,1,0,0,1,2
2023-11-24_hawaii_air_force,Air Force,13,"O'Hollaren, Keelie",False,17,2,5,0.4,2,4,0.5,2,2,1.0,0,0,0,3,0,1,0,0,8
2023-11-24_hawaii_air_force,Air Force,01,"Cortez, Alexis",False,22,0,3,0.0,0,1,0.0,0,0,,0,2,2,4,1,1,1,1,0
2023-11-24_hawaii_air_force,Air Force,22,"Walsh, Grace",False,5,0,0,,0,0,,0,0,,0,0,0,1,0,0,0,0,0
2023-11-24_hawaii_air_force,Air Force,TM,TEAM,False,0,0,0,,0,0,,0,0,,3,2,5,0,0,2,0,0,0
2023-11-24_hawaii_air_force,Hawaii,12,"Perez, Imani",True,31,4,6,0.667,1,2,0.5,6,6,1.0,3,2,5,1,0,5,1,0,15
2023-11-24_hawaii_air_force,Hawaii,03,"Wahinekapu, Lily",True,26,4,9,0.444,0,2,0.0,0,0,,1,6,7,0,1,4,0,1,8
2023-11-24_hawaii_air_force,Hawaii,02,"Thoms, Ashley",True,29,1,7,0.143,1,6,0.167,0,0,,1,0,1,1,0,2,0,0,3
2023-11-24_hawaii_air_force,Hawaii,14,"Rewers, Brooklyn",True,15,1,2,0.5,0,0,,0,0,,0,6,6,3,0,1,0,0,2
2023-11-24_hawaii_air_force,Hawaii,23,"McBee, MeiLani",True,21,0,3,0.0,0,2,0.0,0,0,,1,0,1,0,1,0,1,0,0
2023-11-24_hawaii_air_force,Hawaii,15,"Phillips, Daejah",False,33,2,8,0.25,0,2,0.0,6,7,0.857,0,6,6,3,4,3,2,1,10
2023-11-24_hawaii_air_force,Hawaii,01,"Imai, Kelsie",False,20,4,4,1.0,1,1,1.0,0,0,,0,1,1,4,2,4,0,0,9
2023-11-24_hawaii_air_force,Hawaii,45,"Davies, Olivia",False,12,1,2,0.5,1,1,1.0,0,0,,0,1,1,1,1,0,0,0,3
2023-11-24_hawaii_air_force,Hawaii,22,"Peacock, Jade",False,11,0,1,0.0,0,0,,1,2,0.5,0,0,0,0,0,1,0,1,1
2023-11-24_hawaii_air_force,Hawaii,11,"Berrett, Vivienne",False,2,0,0,,0,0,,0,0,,0,0,0,0,0,0,0,0,0
2023-11-24_hawaii_air_force,Hawaii,TM,TEAM,False,0,0,0,,0,0,,0,0,,2,1,3,0,0,2,0,0,0
2023-11-24_st_thomas_mn_uc_irvine,UC Irvine,13,"Lee, Déja",True,30,8,14,0.571,4,6,0.667,3,4,0.75,1,4,5,3,4,2,0,1,23
2023-11-24_st_thomas_mn_uc_irvine,UC Irvine,3,"Tom, Nikki",True,30,2,7,0.286,1,4,0.25,5,6,0.833,0,2,2,3,5,2,0,3,10
2023-11-24_st_thomas_mn_uc_irvine,UC Irvine,23,"Konate, Diaba",True,27,2,9,0.222,0,0,,0,0,,2,0,2,3,7,6,0,4,4
2023-11-24_st_thomas_mn_uc_irvine,UC Irvine,24,"Dean, Nevaeh",True,20,1,2,0.5,0,0,,0,0,,3,3,6,2,2,0,0,2,2
2023-11-24_st_thomas_mn_uc_irvine,UC Irvine,22,"Djoko, Clara",True,9,0,0,,0,0,,0,0,,1,0,1,2,0,1,0,0,0
2023-11-24_st_thomas_mn_uc_irvine,UC Irvine,12,"Nahum, Shirel",False,25,4,8,0.5,2,4,0.5,2,2,1.0,1,4,5,2,0,6,1,0,12
2023-11-24_st_thomas_mn_uc_irvine,UC Irvine,1,"Johnson Sidi Baba, Moulayna",False,14,3,6,0.5,0,1,0.0,4,5,0.8,1,0,1,0,0,0,0,1,10
2023-11-24_st_thomas_mn_uc_irvine,UC Irvine,11,"Scharpf, Amelia",False,21,3,6,0.5,1,3,0.333,0,0,,0,1,1,0,2,0,0,0,7
2023-11-24_st_thomas_mn_uc_irvine,UC Irvine,32,"Parkinson, Nevaeh",False,20,3,5,0.6,0,0,,0,0,,0,1,1,2,1,1,0,0,6
2023-11-24_st_thomas_mn_uc_irvine,UC Irvine,33,"Kaupu, Caiyle",False,2,0,0,,0,0,,0,0,,0,0,0,1,0,1,0,0,0
2023-11-24_st_thomas_mn_uc_irvine,UC Irvine,2,"Hernandez, Haley",False,1,0,0,,0,0,,0,0,,0,0,0,0,0,0,0,0,0
2023-11-24_st_thomas_mn_uc_irvine,UC Irvine,5,"Ross, Tarryn",False,1,0,0,,0,0,,0,0,,0,1,1,0,0,0,0,0,0
2023-11-24_st_thomas_mn_uc_irvine,UC Irvine,TM,TEAM,False,0,0,0,,0,0,,0,0,,0,0,0,0,0,1,0,0,0
2023-11-24_st_thomas_mn_uc_irvine,St. Thomas (MN),21,"Scalia, Amber",True,37,7,13,0.538,1,6,0.167,3,5,0.6,0,1,1,3,2,1,1,1,18
2023-11-24_st_thomas_mn_uc_irvine,St. Thomas (MN),4,"Hill, Jade",True,36,6,12,0.5,2,3,0.667,2,4,0.5,0,2,2,1,5,3,0,1,16
2023-11-24_st_thomas_mn_uc_irvine,St. Thomas (MN),34,"Langbehn, Jo",True,25,4,5,0.8,0,0,,2,2,1.0,2,3,5,2,1,4,0,1,10
2023-11-24_st_thomas_mn_uc_irvine,St. Thomas (MN),12,"Glynn, Jordyn",True,35,2,5,0.4,0,2,0.0,1,2,0.5,1,3,4,4,6,3,0,2,5
2023-11-24_st_thomas_mn_uc_irvine,St. Thomas (MN),5,"Feuerbach, Faith",True,16,1,3,0.333,1,3,0.333,0,0,,0,2,2,0,1,0,1,0,3
2023-11-24_st_thomas_mn_uc_irvine,St. Thomas (MN),25,"Hammond, Angelina",False,16,3,5,0.6,0,0,,1,2,0.5,1,2,3,4,0,4,2,0,7
2023-11-24_st_thomas_mn_uc_irvine,St. Thomas (MN),15,"Frentzel, Phoebe",False,21,0,2,0.0,0,2,0.0,4,4,1.0,0,1,1,3,0,3,0,1,4
2023-11-24_st_thomas_mn_uc_irvine,St. Thomas (MN),22,"Miner, Emma",False,10,0,1,0.0,0,1,0.0,0,0,,0,3,3,3,0,1,0,0,0
2023-11-24_st_thomas_mn_uc_irvine,St. Thomas (MN),2,"Steingraber, Lizzie",False,4,0,2,0.0,0,2,0.0,0,0,,0,0,0,2,0,0,0,0,0
2023-11-24_st_thomas_mn_uc_irvine,St. Thomas (MN),TM,TEAM,False,0,0,0,,0,0,,0,0,,0,0,0,0,0,4,0,0,0
2023-11-24_uc_santa_barbara_unlv,UNLV,12,"Durazo-Frescas, Alyssa",True,26,5,10,0.5,5,9,0.556,0,0,,1,4,5,0,1,1,0,0,15
2023-11-24_uc_santa_barbara_unlv,UNLV,23,"Young, Desi-Rae",True,27,5,14,0.357,0,1,0.0,0,2,0.0,2,4,6,5,4,5,0,3,10
2023-11-24_uc_santa_barbara_unlv,UNLV,03,"Jackson, Kiara",True,24,3,10,0.3,0,2,0.0,3,4,0.75,0,2,2,3,6,0,0,1,9
2023-11-24_uc_santa_barbara_unlv,UNLV,00,"Scoggin, Ashley",True,28,4,8,0.5,0,2,0.0,0,0,,0,2,2,1,0,0,0,1,8
2023-11-24_uc_santa_barbara_unlv,UNLV,44,"Brown, Alyssa",True,24,1,2,0.5,0,1,0.0,1,2,0.5,3,9,12,2,1,0,1,1,3
2023-11-24_uc_santa_barbara_unlv,UNLV,33,"Kimpson, Amarachi",False,22,4,6,0.667,0,0,,2,2,1.0,1,4,5,1,3,1,1,1,10
2023-11-24_uc_santa_barbara_unlv,UNLV,21,"Brackens, McKinna",False,15,1,3,0.333,0,0,,3,4,0.75,2,2,4,1,0,0,1,0,5
2023-11-24_uc_santa_barbara_unlv,UNLV,10,"Lott, Jasmyn",False,13,1,3,0.333,0,1,0.0,2,2,1.0,1,0,1,3,0,1,0,0,4
2023-11-24_uc_santa_barbara_unlv,UNLV,20,"James, Macie",False,4,1,2,0.5,0,0,,0,0,,1,0,1,0,0,0,0,1,2
2023-11-24_uc_santa_barbara_unlv,UNLV,31,"Collins, Erica",False,2,1,1,1.0,0,0,,0,0,,0,0,0,0,0,0,0,0,2
2023-11-24_uc_santa_barbara_unlv,UNLV,01,"Obiazor, Nneka",False,12,0,8,0.0,0,2,0.0,0,0,,2,2,4,5,0,1,0,0,0
2023-11-24_uc_santa_barbara_unlv,UNLV,14,"Spencer, Macy",False,3,0,0,,0,0,,0,0,,0,1,1,0,0,0,0,0,0
2023-11-24_uc_santa_barbara_unlv,UNLV,TM,TEAM,False,0,0,0,,0,0,,0,0,,4,0,4,0,0,0,0,0,0
2023-11-24_uc_santa_barbara_unlv,UC Santa Barbara,10,"Choice, Anya",True,28,6,9,0.667,0,2,0.0,0,0,,1,4,5,2,2,3,0,0,12
2023-11-24_uc_santa_barbara_unlv,UC Santa Barbara,55,"Burke, Skylar",True,24,3,9,0.333,0,4,0.0,2,2,1.0,0,6,6,2,0,1,0,0,8
2023-11-24_uc_santa_barbara_unlv,UC Santa Barbara,23,"Whitfield, Alexis",True,26,3,6,0.5,1,2,0.5,0,0,,1,3,4,3,1,3,2,1,7
2023-11-24_uc_santa_barbara_unlv,UC Santa Barbara,03,"Marin, Alyssa",True,26,0,7,0.0,0,4,0.0,5,6,0.833,0,1,1,1,1,3,0,0,5
2023-11-24_uc_santa_barbara_unlv,UC Santa Barbara,13,"Goed, Flora",True,23,1,5,0.2,0,0,,0,0,,2,2,4,2,0,0,1,0,2
2023-11-24_uc_santa_barbara_unlv,UC Santa Barbara,02,"Borter, Zoe",False,8,2,2,1.0,1,1,1.0,0,0,,0,0,0,0,1,0,0,0,5
2023-11-24_uc_santa_barbara_unlv,UC Santa Barbara,05,"Bradley, Olivia",False,10,2,6,0.333,0,2,0.0,0,0,,0,2,2,2,0,1,0,0,4
2023-11-24_uc_santa_barbara_unlv,UC Santa Barbara,32,"Grant, Jessica",False,17,1,3,0.333,1,3,0.333,0,0,,0,1,1,0,1,0,0,0,3
2023-11-24_uc_santa_barbara_unlv,UC Santa Barbara,15,"McMorris, Mary",False,18,1,7,0.143,0,1,0.0,0,2,0.0,2,3,5,4,1,1,0,1,2
2023-11-24_uc_santa_barbara_unlv,UC Santa Barbara,20,"Rockwood, Laurel",False,17,0,4,0.0,0,0,,1,2,0.5,1,4,5,2,0,1,0,0,1
2023-11-24_uc_santa_barbara_unlv,UC Santa Barbara,25,"Cabuena, Analillia",False,2,0,0,,0,0,,0,0,,0,0,0,0,0,0,0,0,0
2023-11-24_uc_santa_barbara_unlv,UC Santa Barbara,14,"Coon, Kanani",False,1,0,0,,0,0,,0,0,,0,0,0,0,0,0,0,0,0
2023-11-24_uc_santa_barbara_unlv,UC Santa Barbara,TM,TEAM,False,0,0,0,,0,0,,0,0,,4,0,4,0,0,0,0,0,0
2023-11-24_liu_csu_bakersfield,CSU Bakersfield,00,"Brown, Shaunae",True,34,10,15,0.667,5,8,0.625,3,4,0.75,2,5,7,2,1,1,0,1,28
2023-11-24_liu_csu_bakersfield,CSU Bakersfield,23,"Olivares, Jordan",True,36,3,13,0.231,1,3,0.333,8,11,0.727,4,6,10,0,4,2,0,1,15
2023-11-24_liu_csu_bakersfield,CSU Bakersfield,12,"Johnson, Cassidy",True,33,7,9,0.778,0,0,,0,1,0.0,3,3,6,5,1,0,1,0,14
2023-11-24_liu_csu_bakersfield,CSU Bakersfield,05,"Tougas, Sophia",True,27,0,10,0.0,0,4,0.0,0,2,0.0,0,3,3,2,0,2,0,0,0
2023-11-24_liu_csu_bakersfield,CSU Bakersfield,04,"Hunter, Grace",True,8,0,1,0.0,0,1,0.0,0,0,,0,1,1,3,0,2,0,0,0
2023-11-24_liu_csu_bakersfield,CSU Bakersfield,33,"Riley, Julia",False,14,1,2,0.5,1,1,1.0,0,0,,0,0,0,0,0,0,0,0,3
2023-11-24_liu_csu_bakersfield,CSU Bakersfield,15,"Porter, Amourie",False,9,1,7,0.143,0,3,0.0,0,2,0.0,1,2,3,1,0,2,1,0,2
2023-11-24_liu_csu_bakersfield,CSU Bakersfield,02,"Edwards, Morgan",False,24,0,2,0.0,0,2,0.0,0,0,,0,0,0,3,0,2,0,1,0
2023-11-24_liu_csu_bakersfield,CSU Bakersfield,14,"Ortiz, Nseije",False,9,0,1,0.0,0,1,0.0,0,0,,0,0,0,1,1,1,0,0,0
2023-11-24_liu_csu_bakersfield,CSU Bakersfield,34,"Brooks, Jordan",False,6,0,1,0.0,0,0,,0,0,,1,1,2,2,0,0,0,0,0
2023-11-24_liu_csu_bakersfield,CSU Bakersfield,TM,TEAM,False,0,0,0,,0,0,,0,0,,0,0,0,0,0,1,0,0,0
2023-11-24_liu_csu_bakersfield,LIU,12,"Austin, Ashley",True,39,7,17,0.412,1,6,0.167,5,6,0.833,3,4,7,3,1,4,1,2,20
2023-11-24_liu_csu_bakersfield,LIU,01,"O'Brien, Emaia",True,34,3,9,0.333,2,7,0.286,1,2,0.5,0,2,2,5,1,5,0,2,9
2023-11-24_liu_csu_bakersfield,LIU,11,"Elohim, Mariah",True,33,3,12,0.25,2,9,0.222,0,0,,0,4,4,1,0,5,1,0,8
2023-11-24_liu_csu_bakersfield,LIU,23,"Bailey, Samantha",True,26,2,4,0.5,1,2,0.5,2,4,0.5,3,4,7,3,1,1,1,0,7
2023-11-24_liu_csu_bakersfield,LIU,33,"Smith, Sydni",True,21,1,3,0.333,0,0,,1,2,0.5,1,5,6,3,1,2,0,0,3
2023-11-24_liu_csu_bakersfield,LIU,15,"Harkless, Nigeria",False,29,4,7,0.571,0,0,,0,0,,4,6,10,3,2,3,0,0,8
2023-11-24_liu_csu_bakersfield,LIU,03,"Brooks, Alexzeya",False,4,0,1,0.0,0,0,,2,2,1.0,1,2,3,1,1,0,0,0,2
2023-11-24_liu_csu_bakersfield,LIU,05,"Williams, Janessa",False,11,0,2,0.0,0,1,0.0,0,0,,1,2,3,1,1,2,0,0,0
2023-11-24_liu_csu_bakersfield,LIU,14,"Denes, Dia",False,3,0,1,0.0,0,0,,0,0,,0,0,0,1,0,0,0,0,0
2023-11-24_liu_csu_bakersfield,LIU,TM,TEAM,False,0,0,0,,0,0,,0,0,,0,0,0,0,0,0,0,0,0
2023-11-25_hawaii_idaho_st,Idaho St.,22,"Covello, Sophia",True,29,4,8,0.5,2,4,0.5,0,0,,1,0,1,4,0,1,0,0,10
2023-11-25_hawaii_idaho_st,Idaho St.,01,"Spink, Kacey",True,31,2,10,0.2,0,3,0.0,3,4,0.75,3,5,8,4,2,1,0,4,7
2023-11-25_hawaii_idaho_st,Idaho St.,04,"Bello, Laura",True,28,3,10,0.3,0,0,,0,0,,0,3,3,2,0,2,0,1,6
2023-11-25_hawaii_idaho_st,Idaho St.,10,"Aby, Alyse",True,27,2,10,0.2,0,7,0.0,0,0,,0,0,0,3,1,2,0,1,4
2023-11-25_hawaii_idaho_st,Idaho St.,05,"Jordan, Tasia",True,25,1,6,0.167,0,0,,0,0,,1,3,4,0,1,2,1,0,2
2023-11-25_hawaii_idaho_st,Idaho St.,13,"Dias, Maria",False,31,4,14,0.286,1,5,0.2,0,0,,1,6,7,1,2,1,0,1,9
2023-11-25_hawaii_idaho_st,Idaho St.,14,"Carlson, Piper",False,12,2,4,0.5,0,0,,1,2,0.5,4,0,4,1,0,0,1,0,5
2023-11-25_hawaii_idaho_st,Idaho St.,11,"Lokica, Nika",False,14,1,2,0.5,1,1,1.0,0,0,,2,2,4,0,0,0,0,0,3
2023-11-25_hawaii_idaho_st,Idaho St.,03,"Collman, Camryn",False,3,0,1,0.0,0,1,0.0,0,0,,1,0,1,0,0,0,0,0,0
2023-11-25_hawaii_idaho_st,Idaho St.,TM,TEAM,False,0,0,0,,0,0,,0,0,,5,0,5,0,0,1,0,0,0
2023-11-25_hawaii_idaho_st,Hawaii,23,"McBee, MeiLani",True,24,3,10,0.3,3,10,0.3,2,2,1.0,0,1,1,1,0,1,0,1,11
2023-11-25_hawaii_idaho_st,Hawaii,12,"Perez, Imani",True,29,3,5,0.6,1,1,1.0,2,2,1.0,3,4,7,1,0,3,2,1,9
2023-11-25_hawaii_idaho_st,Hawaii,03,"Wahinekapu, Lily",True,29,2,8,0.25,2,5,0.4,2,2,1.0,0,1,1,0,2,3,0,0,8
2023-11-25_hawaii_idaho_st,Hawaii,14,"Rewers, Brooklyn",True,20,2,5,0.4,1,2,0.5,0,0,,1,2,3,2,1,2,1,0,5
2023-11-25_hawaii_idaho_st,Hawaii,02,"Thoms, Ashley",True,23,0,2,0.0,0,1,0.0,2,2,1.0,1,1,2,2,3,1,0,0,2
2023-11-25_hawaii_idaho_st,Hawaii,15,"Phillips, Daejah",False,27,2,3,0.667,1,2,0.5,6,6,1.0,0,7,7,1,1,2,1,1,11
2023-11-25_hawaii_idaho_st,Hawaii,22,"Peacock, Jade",False,20,3,6,0.5,3,5,0.6,0,0,,0,5,5,1,1,0,0,0,9
2023-11-25_hawaii_idaho_st,Hawaii,01,"Imai, Kelsie",False,21,0,3,0.0,0,1,0.0,2,2,1.0,1,3,4,2,5,1,0,0,2
2023-11-25_hawaii_idaho_st,Hawaii,11,"Berrett, Vivienne",False,7,0,1,0.0,0,0,,1,2,0.5,1,0,1,1,0,2,0,0,1
2023-11-25_hawaii_idaho_st,Hawaii,TM,TEAM,False,0,0,0,,0,0,,0,0,,1,2,3,0,0,0,0,0,0
2023-11-25_pacific_uc_irvine,UC Irvine,3,"Tom, Nikki",True,35,6,12,0.5,3,6,0.5,0,0,,1,1,2,1,2,0,0,2,15
2023-11-25_pacific_uc_irvine,UC Irvine,24,"Dean, Nevaeh",True,25,4,5,0.8,1,1,1.0,0,0,,0,2,2,4,1,2,1,1,9
2023-11-25_pacific_uc_irvine,UC Irvine,23,"Konate, Diaba",True,25,3,11,0.273,0,0,,3,5,0.6,0,1,1,3,3,3,1,2,9
2023-11-25_pacific_uc_irvine,UC Irvine,13,"Lee, Déja",True,28,0,2,0.0,0,0,,3,4,0.75,0,3,3,3,2,5,0,1,3
2023-11-25_pacific_uc_irvine,UC Irvine,22,"Djoko, Clara",True,12,1,1,1.0,0,0,,0,0,,0,0,0,0,0,1,0,0,2
2023-11-25_pacific_uc_irvine,UC Irvine,11,"Scharpf, Amelia",False,20,4,7,0.571,1,3,0.333,0,0,,0,2,2,2,1,0,0,2,9
2023-11-25_pacific_uc_irvine,UC Irvine,1,"Johnson Sidi Baba, Moulayna",False,22,3,7,0.429,0,1,0.0,2,2,1.0,0,5,5,1,0,2,0,1,8
2023-11-25_pacific_uc_irvine,UC Irvine,32,"Parkinson, Nevaeh",False,13,2,5,0.4,0,0,,3,4,0.75,1,4,5,5,0,2,0,0,7
2023-11-25_pacific_uc_irvine,UC Irvine,12,"Nahum, Shirel",False,20,1,3,0.333,0,1,0.0,2,2,1.0,1,0,1,2,1,0,0,1,4
2023-11-25_pacific_uc_irvine,UC Irvine,TM,TEAM,False,0,0,0,,0,0,,0,0,,0,0,0,0,0,0,0,0,0
2023-11-25_pacific_uc_irvine,Pacific,11,"Holmberg, Cecilia",True,33,6,11,0.545,2,3,0.667,1,1,1.0,2,3,5,1,0,5,0,0,15
2023-11-25_pacific_uc_irvine,Pacific,3,"James, Anaya",True,37,5,9,0.556,1,3,0.333,2,2,1.0,0,2,2,4,3,7,0,1,13
2023-11-25_pacific_uc_irvine,Pacific,24,"Smith, Liz",True,33,3,8,0.375,0,5,0.0,4,5,0.8,0,5,5,2,4,7,0,0,10
2023-11-25_pacific_uc_irvine,Pacific,1,"Deaton, Kadie",True,18,2,6,0.333,1,4,0.25,4,5,0.8,0,3,3,5,1,1,0,0,9
2023-11-25_pacific_uc_irvine,Pacific,4,"Schweizer, Rosie",True,18,2,4,0.5,0,0,,3,6,0.5,0,5,5,5,1,2,0,1,7
2023-11-25_pacific_uc_irvine,Pacific,15,"Lowery, Nyah",False,5,2,3,0.667,2,3,0.667,0,0,,0,0,0,0,1,0,0,0,6
2023-11-25_pacific_uc_irvine,Pacific,10,"Ward, Sydney",False,21,0,4,0.0,0,2,0.0,0,0,,2,1,3,2,0,0,0,0,0
2023-11-25_pacific_uc_irvine,Pacific,33,"Ennis, Madelene",False,18,0,0,,0,0,,0,0,,1,2,3,2,2,0,0,0,0
2023-11-25_pacific_uc_irvine,Pacific,25,"Glazier, Lauren",False,12,0,3,0.0,0,2,0.0,0,0,,0,1,1,0,1,0,0,0,0
2023-11-25_pacific_uc_irvine,Pacific,23,"Durrill, Kenlee",False,5,0,0,,0,0,,0,0,,0,0,0,0,0,0,0,0,0
2023-11-25_pacific_uc_irvine,Pacific,TM,TEAM,False,0,0,0,,0,0,,0,0,,0,0,0,0,0,0,0,0,0
2023-11-25_uc_santa_barbara_weber_st,Weber St.,21,"Hickok, Daryn",True,30,7,18,0.389,1,2,0.5,2,3,0.667,2,3,5,5,1,5,0,3,17
2023-11-25_uc_santa_barbara_weber_st,Weber St.,05,"Matthews, Jadyn",True,34,4,7,0.571,0,1,0.0,0,0,,1,4,5,1,2,3,0,2,8
2023-11-25_uc_santa_barbara_weber_st,Weber St.,03,"Parra, Kendra",True,31,3,10,0.3,2,4,0.5,0,2,0.0,0,1,1,2,2,4,0,0,8
2023-11-25_uc_santa_barbara_weber_st,Weber St.,00,"Taylor, Laura",True,21,2,6,0.333,0,1,0.0,0,0,,0,3,3,2,1,1,0,0,4
2023-11-25_uc_santa_barbara_weber_st,Weber St.,13,"Raidaveta, Amelia",True,31,1,8,0.125,0,1,0.0,1,4,0.25,6,3,9,1,5,0,1,1,3
2023-11-25_uc_santa_barbara_weber_st,Weber St.,15,"Lesane, Kaiija",False,22,3,6,0.5,0,0,,0,0,,3,4,7,4,0,1,0,0,6
2023-11-25_uc_santa_barbara_weber_st,Weber St.,04,"Adamson, Ashton",False,14,2,2,1.0,0,0,,1,2,0.5,0,1,1,0,0,0,1,1,5
2023-11-25_uc_santa_barbara_weber_st,Weber St.,25,"Smith, Taylor",False,17,0,4,0.0,0,0,,0,0,,1,3,4,1,2,0,1,0,0
2023-11-25_uc_santa_barbara_weber_st,Weber St.,TM,TEAM,False,0,0,0,,0,0,,0,0,,1,0,1,0,0,0,0,0,0
2023-11-25_uc_santa_barbara_weber_st,UC Santa Barbara,10,"Choice, Anya",True,33,6,9,0.667,4,5,0.8,2,2,1.0,1,2,3,2,2,4,0,0,18
2023-11-25_uc_santa_barbara_weber_st,UC Santa Barbara,23,"Whitfield, Alexis",True,34,3,10,0.3,0,1,0.0,1,2,0.5,2,5,7,2,0,4,1,2,7
2023-11-25_uc_santa_barbara_weber_st,UC Santa Barbara,13,"Goed, Flora",True,28,2,4,0.5,0,1,0.0,0,0,,1,6,7,4,0,2,2,1,4
2023-11-25_uc_santa_barbara_weber_st,UC Santa Barbara,55,"Burke, Skylar",True,22,0,5,0.0,0,4,0.0,3,4,0.75,3,4,7,3,3,3,0,0,3
2023-11-25_uc_santa_barbara_weber_st,UC Santa Barbara,03,"Marin, Alyssa",True,19,1,3,0.333,1,2,0.5,0,0,,0,3,3,0,5,1,0,2,3
2023-11-25_uc_santa_barbara_weber_st,UC Santa Barbara,15,"McMorris, Mary",False,29,8,11,0.727,2,2,1.0,2,5,0.4,0,6,6,0,1,3,0,1,20
2023-11-25_uc_santa_barbara_weber_st,UC Santa Barbara,32,"Grant, Jessica",False,12,1,4,0.25,1,4,0.25,1,2,0.5,0,1,1,1,0,2,0,0,4
2023-11-25_uc_santa_barbara_weber_st,UC Santa Barbara,02,"Borter, Zoe",False,15,0,2,0.0,0,2,0.0,2,2,1.0,0,0,0,1,0,0,0,0,2
2023-11-25_uc_santa_barbara_weber_st,UC Santa Barbara,20,"Rockwood, Laurel",False,8,0,1,0.0,0,0,,0,0,,0,0,0,3,0,0,0,0,0
2023-11-25_uc_santa_barbara_weber_st,UC Santa Barbara,TM,TEAM,False,0,0,0,,0,0,,0,0,,1,2,3,0,0,2,0,0,0
2023-11-25_csu_bakersfield_new_mexico_st,New Mexico St.,00,"Kaiser, Molly",True,29,8,15,0.533,1,3,0.333,0,0,,1,3,4,1,0,2,0,2,17
2023-11-25_csu_bakersfield_new_mexico_st,New Mexico St.,32,"Jones, Tylie",True,27,5,9,0.556,0,2,0.0,2,2,1.0,2,3,5,4,1,4,0,1,12
2023-11-25_csu_bakersfield_new_mexico_st,New Mexico St.,12,"Adams, Ene",True,25,4,7,0.571,0,0,,4,8,0.5,3,3,6,4,0,3,0,2,12
2023-11-25_csu_bakersfield_new_mexico_st,New Mexico St.,10,"Gueye, Sabou",True,28,3,8,0.375,0,2,0.0,1,2,0.5,3,8,11,1,0,1,0,0,7
2023-11-25_csu_bakersfield_new_mexico_st,New Mexico St.,03,"Sanchez-Oliver, Sianny",True,13,0,1,0.0,0,0,,1,2,0.5,1,3,4,1,4,2,1,0,1
2023-11-25_csu_bakersfield_new_mexico_st,New Mexico St.,23,"Peterson, Sylena",False,25,3,10,0.3,0,5,0.0,0,1,0.0,0,3,3,3,7,0,0,1,6
2023-11-25_csu_bakersfield_new_mexico_st,New Mexico St.,02,"Rozing, Loes",False,24,2,5,0.4,0,1,0.0,1,1,1.0,2,3,5,0,2,1,0,0,5
2023-11-25_csu_bakersfield_new_mexico_st,New Mexico St.,04,"Harding, Jaila",False,21,2,8,0.25,0,4,0.0,0,0,,1,4,5,1,1,1,0,1,4
2023-11-25_csu_bakersfield_new_mexico_st,New Mexico St.,01,"Warren, Imani",False,4,0,2,0.0,0,0,,0,0,,0,1,1,0,0,0,0,0,0
2023-11-25_csu_bakersfield_new_mexico_st,New Mexico St.,24,"Yenes, Lucia",False,4,0,0,,0,0,,0,0,,0,0,0,0,0,0,0,0,0
2023-11-25_csu_bakersfield_new_mexico_st,New Mexico St.,TM,TEAM,False,0,0,0,,0,0,,0,0,,2,1,3,0,0,0,0,0,0
2023-11-25_csu_bakersfield_new_mexico_st,CSU Bakersfield,00,"Brown, Shaunae",True,36,5,11,0.455,5,10,0.5,0,0,,1,1,2,0,2,3,1,0,15
2023-11-25_csu_bakersfield_new_mexico_st,CSU Bakersfield,23,"Olivares, Jordan",True,36,5,13,0.385,3,7,0.429,0,0,,2,5,7,4,5,4,1,3,13
2023-11-25_csu_bakersfield_new_mexico_st,CSU Bakersfield,12,"Johnson, Cassidy",True,27,2,10,0.2,0,0,,0,0,,2,4,6,0,0,0,0,0,4
2023-11-25_csu_bakersfield_new_mexico_st,CSU Bakersfield,04,"Hunter, Grace",True,16,0,2,0.0,0,1,0.0,1,2,0.5,0,2,2,0,3,1,1,1,1
2023-11-25_csu_bakersfield_new_mexico_st,CSU Bakersfield,05,"Tougas, Sophia",True,16,0,3,0.0,0,2,0.0,0,0,,0,2,2,2,1,0,2,1,0
2023-11-25_csu_bakersfield_new_mexico_st,CSU Bakersfield,15,"Porter, Amourie",False,20,5,11,0.455,0,3,0.0,4,7,0.571,2,3,5,2,0,0,0,1,14
2023-11-25_csu_bakersfield_new_mexico_st,CSU Bakersfield,33,"Riley, Julia",False,20,3,8,0.375,1,5,0.2,0,0,,1,0,1,4,4,2,0,1,7
2023-11-25_csu_bakersfield_new_mexico_st,CSU Bakersfield,14,"Ortiz, Nseije",False,13,1,1,1.0,1,1,1.0,0,0,,0,1,1,1,3,0,0,1,3
2023-11-25_csu_bakersfield_new_mexico_st,CSU Bakersfield,02,"Edwards, Morgan",False,14,1,2,0.5,0,1,0.0,0,0,,0,4,4,2,0,2,1,1,2
2023-11-25_csu_bakersfield_new_mexico_st,CSU Bakersfield,34,"Brooks, Jordan",False,2,0,1,0.0,0,0,,0,0,,0,0,0,1,0,1,0,0,0
2023-11-25_csu_bakersfield_new_mexico_st,CSU Bakersfield,TM,TEAM,False,0,0,0,,0,0,,0,0,,2,4,6,0,0,0,0,0,0
2023-11-26_hawaii_washington,Washington,14,"Daniels, Dalayah",True,35,7,11,0.636,0,1,0.0,5,8,0.625,4,5,9,2,3,1,2,0,19
2023-11-26_hawaii_washington,Washington,02,"Schwartz, Lauren",True,29,4,8,0.5,1,5,0.2,0,0,,0,0,0,3,2,1,0,1,9
2023-11-26_hawaii_washington,Washington,24,"Ladine, Elle",True,26,3,10,0.3,2,5,0.4,0,0,,0,6,6,2,2,3,0,0,8
2023-11-26_hawaii_washington,Washington,03,"Noble, Jayda",True,31,3,6,0.5,1,3,0.333,0,1,0.0,1,4,5,1,2,0,0,2,7
2023-11-26_hawaii_washington,Washington,01,"Stines, Hannah",True,35,2,6,0.333,1,4,0.25,0,0,,0,3,3,1,4,2,0,0,5
2023-11-26_hawaii_washington,Washington,00,"Sellers, Sayvia",False,20,4,8,0.5,2,3,0.667,0,0,,0,2,2,2,0,0,0,1,10
2023-11-26_hawaii_washington,Washington,11,"Briggs, Chloe",False,12,0,0,,0,0,,0,0,,1,1,2,0,1,1,0,0,0
2023-11-26_hawaii_washington,Washington,13,"Long, Ari",False,10,0,1,0.0,0,0,,0,0,,0,4,4,2,0,0,0,1,0
2023-11-26_hawaii_washington,Washington,05,"Brown, Teagan",False,2,0,0,,0,0,,0,0,,0,1,1,0,0,0,0,0,0
2023-11-26_hawaii_washington,Washington,TM,TEAM,False,0,0,0,,0,0,,0,0,,1,3,4,0,0,0,0,0,0
2023-11-26_hawaii_washington,Hawaii,23,"McBee, MeiLani",True,33,4,10,0.4,4,9,0.444,0,0,,1,1,2,1,2,2,0,1,12
2023-11-26_hawaii_washington,Hawaii,03,"Wahinekapu, Lily",True,32,4,9,0.444,1,4,0.25,0,0,,1,2,3,0,2,1,0,1,9
2023-11-26_hawaii_washington,Hawaii,14,"Rewers, Brooklyn",True,25,2,6,0.333,1,3,0.333,0,0,,0,9,9,2,1,1,0,1,5
2023-11-26_hawaii_washington,Hawaii,12,"Perez, Imani",True,37,1,6,0.167,0,4,0.0,0,0,,1,3,4,2,2,1,2,1,2
2023-11-26_hawaii_washington,Hawaii,02,"Thoms, Ashley",True,14,0,3,0.0,0,3,0.0,0,0,,0,0,0,2,1,0,0,0,0
2023-11-26_hawaii_washington,Hawaii,45,"Davies, Olivia",False,13,2,4,0.5,2,4,0.5,1,2,0.5,1,2,3,1,0,2,0,0,7
2023-11-26_hawaii_washington,Hawaii,15,"Phillips, Daejah",False,19,0,3,0.0,0,2,0.0,5,6,0.833,0,0,0,3,1,4,0,0,5
2023-11-26_hawaii_washington,Hawaii,22,"Peacock, Jade",False,11,0,2,0.0,0,2,0.0,1,2,0.5,1,0,1,0,0,0,1,0,1
2023-11-26_hawaii_washington,Hawaii,01,"Imai, Kelsie",False,16,0,4,0.0,0,1,0.0,0,0,,1,0,1,2,1,2,0,0,0
2023-11-26_hawaii_washington,Hawaii,TM,TEAM,False,0,0,0,,0,0,,0,0,,1,3,4,0,0,0,0,0,0
2023-11-26_uc_san_diego_penn,Penn,00,"Obi, Jordan",True,40,8,12,0.667,3,3,1.0,3,3,1.0,1,7,8,3,4,4,4,3,22
2023-11-26_uc_san_diego_penn,Penn,22,"Gayle, Mataya",True,31,5,13,0.385,0,6,0.0,2,5,0.4,0,1,1,3,5,5,0,1,12
2023-11-26_uc_san_diego_penn,Penn,32,"Groetsch, Lizzy",True,36,4,5,0.8,0,1,0.0,2,3,0.667,0,9,9,2,1,0,1,1,10
2023-11-26_uc_san_diego_penn,Penn,23,"Ogbevire, Ese",True,28,4,9,0.444,1,4,0.25,0,0,,0,3,3,0,1,1,0,1,9
2023-11-26_uc_san_diego_penn,Penn,05,"Almqvist, Stina",True,18,4,8,0.5,0,0,,0,0,,1,1,2,4,2,2,0,0,8
2023-11-26_uc_san_diego_penn,Penn,20,"Sharpe, Abby",False,22,4,4,1.0,2,2,1.0,1,1,1.0,3,2,5,0,2,1,0,0,11
2023-11-26_uc_san_diego_penn,Penn,12,"Stanfield, Michaela",False,10,1,1,1.0,0,0,,0,0,,0,1,1,0,0,0,1,0,2
2023-11-26_uc_san_diego_penn,Penn,04,"Caldwell, Saniah",False,9,0,3,0.0,0,3,0.0,2,2,1.0,0,0,0,0,2,0,0,0,2
2023-11-26_uc_san_diego_penn,Penn,03,"Rogers, Iyanna",False,3,0,1,0.0,0,0,,0,0,,0,0,0,0,0,0,2,0,0
2023-11-26_uc_san_diego_penn,Penn,24,"Lasic, Helena",False,3,0,1,0.0,0,0,,0,0,,0,0,0,1,0,0,0,0,0
2023-11-26_uc_san_diego_penn,Penn,TM,TEAM,False,0,0,0,,0,0,,0,0,,2,2,4,0,0,0,0,0,0
2023-11-26_uc_san_diego_penn,UC San Diego,20,"Forsyth, Izzy",True,28,4,9,0.444,1,3,0.333,8,9,0.889,1,3,4,3,2,1,2,4,17
2023-11-26_uc_san_diego_penn,UC San Diego,03,"Sugapong, Sumayah",True,26,6,10,0.6,0,1,0.0,0,0,,2,1,3,1,2,2,0,1,12
2023-11-26_uc_san_diego_penn,UC San Diego,32,"Montgomery, Parker",True,27,3,8,0.375,1,2,0.5,0,0,,0,2,2,0,2,0,0,2,7
2023-11-26_uc_san_diego_penn,UC San Diego,12,"Smith, Rosa",True,20,1,7,0.143,1,3,0.333,2,2,1.0,0,2,2,1,3,4,0,0,5
2023-11-26_uc_san_diego_penn,UC San Diego,35,"Springs, Katie",True,20,1,4,0.25,0,0,,0,0,,1,6,7,2,1,2,0,2,2
2023-11-26_uc_san_diego_penn,UC San Diego,24,"Pinto, Denali",False,21,8,14,0.571,1,6,0.167,0,0,,1,2,3,3,1,2,0,0,17
2023-11-26_uc_san_diego_penn,UC San Diego,11,"Condron, Erin",False,8,2,5,0.4,0,0,,1,1,1.0,2,0,2,0,1,0,1,0,5
2023-11-26_uc_san_diego_penn,UC San Diego,05,"Louther, Gabby",False,22,1,4,0.25,1,4,0.25,0,0,,0,2,2,3,1,0,0,1,3
2023-11-26_uc_san_diego_penn,UC San Diego,23,"Blithikioti, Eri",False,25,0,2,0.0,0,1,0.0,0,0,,2,2,4,3,3,1,0,0,0
2023-11-26_uc_san_diego_penn,UC San Diego,33,"Svoboda, Emma",False,3,0,0,,0,0,,0,0,,0,0,0,0,0,0,0,0,0
2023-11-26_uc_san_diego_penn,UC San Diego,TM,TEAM,False,0,0,0,,0,0,,0,0,,3,2,5,0,0,0,0,0,0
2023-11-26_cal_st_fullerton_georgetown,Georgetown,01,"Ransom, Kelsey",True,36,7,17,0.412,1,3,0.333,5,5,1.0,0,2,2,3,3,4,1,3,20
2023-11-26_cal_st_fullerton_georgetown,Georgetown,04,"Cowan, Alex",True,36,3,11,0.273,1,5,0.2,8,9,0.889,1,3,4,2,0,2,1,2,15
2023-11-26_cal_st_fullerton_georgetown,Georgetown,33,"Bennett, Graceann",True,23,5,9,0.556,0,0,,0,0,,5,3,8,4,0,3,0,0,10
2023-11-26_cal_st_fullerton_georgetown,Georgetown,03,"Rivera, Victoria",True,18,2,10,0.2,2,9,0.222,0,0,,0,2,2,1,0,0,0,1,6
2023-11-26_cal_st_fullerton_georgetown,Georgetown,10,"Bembry, Mya",True,32,2,5,0.4,0,0,,1,2,0.5,2,4,6,0,3,0,1,4,5
2023-11-26_cal_st_fullerton_georgetown,Georgetown,15,"Scott, Brianna",False,12,2,5,0.4,1,2,0.5,0,0,,1,2,3,1,0,1,0,0,5
2023-11-26_cal_st_fullerton_georgetown,Georgetown,25,"Myricks, Kaliyah",False,28,1,2,0.5,0,0,,0,1,0.0,4,4,8,1,0,1,0,1,2
2023-11-26_cal_st_fullerton_georgetown,Georgetown,35,"Claude, Jada",False,4,1,2,0.5,0,0,,0,0,,0,1,1,0,0,0,0,0,2
2023-11-26_cal_st_fullerton_georgetown,Georgetown,00,"Ott, Yasmin",False,7,0,0,,0,0,,0,0,,0,0,0,1,0,1,0,0,0
2023-11-26_cal_st_fullerton_georgetown,Georgetown,24,"Ham, Mayla",False,4,0,0,,0,0,,0,0,,0,0,0,0,0,1,0,0,0
2023-11-26_cal_st_fullerton_georgetown,Georgetown,TM,TEAM,False,0,0,0,,0,0,,0,0,,2,0,2,0,0,3,0,0,0
2023-11-26_cal_st_fullerton_georgetown,Cal St. Fullerton,02,"Hassmann, Hope",True,36,5,6,0.833,0,0,,1,1,1.0,0,3,3,3,3,6,0,2,11
2023-11-26_cal_st_fullerton_georgetown,Cal St. Fullerton,04,"Vidmar, Gabi",True,36,3,12,0.25,2,7,0.286,1,1,1.0,3,5,8,0,4,1,0,1,9
2023-11-26_cal_st_fullerton_georgetown,Cal St. Fullerton,32,"Lewis, Ashlee",True,23,4,8,0.5,0,0,,0,0,,0,7,7,2,0,4,1,1,8
2023-11-26_cal_st_fullerton_georgetown,Cal St. Fullerton,21,"Tse, Allysan",True,9,1,3,0.333,1,2,0.5,0,0,,0,0,0,1,0,2,0,0,3
2023-11-26_cal_st_fullerton_georgetown,Cal St. Fullerton,24,"Neff, Kathryn",True,14,0,2,0.0,0,1,0.0,0,0,,0,1,1,4,1,0,2,0,0
2023-11-26_cal_st_fullerton_georgetown,Cal St. Fullerton,10,"Lagway, Demonnie",False,27,4,5,0.8,0,0,,2,2,1.0,1,1,2,0,0,2,0,1,10
2023-11-26_cal_st_fullerton_georgetown,Cal St. Fullerton,12,"Levingston, Eva",False,16,2,5,0.4,0,0,,1,2,0.5,0,2,2,3,1,1,0,1,5
2023-11-26_cal_st_fullerton_georgetown,Cal St. Fullerton,13,"Hernandez, Aixchel",False,17,2,4,0.5,0,0,,0,0,,0,0,0,1,1,2,0,0,4
2023-11-26_cal_st_fullerton_georgetown,Cal St. Fullerton,11,"MacDonald, Ruby",False,10,1,2,0.5,1,2,0.5,0,0,,0,2,2,3,0,0,0,0,3
2023-11-26_cal_st_fullerton_georgetown,Cal St. Fullerton,23,"Strachan, Emily",False,5,1,2,0.5,0,0,,0,0,,0,1,1,3,0,2,0,0,2
2023-11-26_cal_st_fullerton_georgetown,Cal St. Fullerton,03,"Salazar-Harrell, Kaliana",False,4,0,0,,0,0,,0,0,,0,1,1,0,2,1,0,1,0
2023-11-26_cal_st_fullerton_georgetown,Cal St. Fullerton,33,"Minor, Brielle",False,3,0,0,,0,0,,0,0,,0,0,0,1,0,0,0,1,0
2023-11-26_cal_st_fullerton_georgetown,Cal St. Fullerton,TM,TEAM,False,0,0,0,,0,0,,0,0,,1,1,2,0,0,0,0,0,0
2023-11-27_pepperdine_long_beach_st,Long Beach St.,2,"Tucker, Savannah",True,31,4,8,0.5,3,5,0.6,3,4,0.75,1,2,3,0,2,0,0,1,14
2023-11-27_pepperdine_long_beach_st,Long Beach St.,22,"Woodley, Sydney",True,30,4,9,0.444,0,2,0.0,4,6,0.667,1,1,2,0,2,1,0,3,12
2023-11-27_pepperdine_long_beach_st,Long Beach St.,10,"Valenti Paea, Casey",True,25,4,9,0.444,2,3,0.667,2,2,1.0,0,1,1,1,0,0,0,1,12
2023-11-27_pepperdine_long_beach_st,Long Beach St.,1,"Sonnier, Lovely",True,13,1,3,0.333,1,2,0.5,0,0,,0,3,3,1,0,2,1,0,3
2023-11-27_pepperdine_long_beach_st,Long Beach St.,3,"Chung, Patricia",True,28,1,3,0.333,0,1,0.0,0,0,,1,3,4,1,4,3,0,0,2
2023-11-27_pepperdine_long_beach_st,Long Beach St.,4,"Givens, Cheyenne",False,25,4,9,0.444,1,5,0.2,2,2,1.0,0,6,6,3,3,3,0,4,11
2023-11-27_pepperdine_long_beach_st,Long Beach St.,12,"Crawshaw, Jada",False,13,3,4,0.75,0,1,0.0,1,4,0.25,0,2,2,4,0,1,0,0,7
2023-11-27_pepperdine_long_beach_st,Long Beach St.,21,"Shoff, Abby",False,17,2,4,0.5,0,0,,0,0,,0,1,1,0,1,1,0,0,4
2023-11-27_pepperdine_long_beach_st,Long Beach St.,52,"Matthews, Davai",False,17,1,4,0.25,0,1,0.0,1,2,0.5,2,3,5,4,0,2,0,1,3
2023-11-27_pepperdine_long_beach_st,Long Beach St.,00,"Cummings, Lauren",False,1,0,0,,0,0,,0,0,,0,0,0,1,0,0,0,0,0
2023-11-27_pepperdine_long_beach_st,Long Beach St.,TM,TEAM,False,0,0,0,,0,0,,0,0,,4,1,5,0,0,0,0,0,0
2023-11-27_pepperdine_long_beach_st,Pepperdine,10,"Nwaba, Jane",True,33,5,15,0.333,0,5,0.0,0,0,,3,3,6,3,3,3,0,1,10
2023-11-27_pepperdine_long_beach_st,Pepperdine,31,"Harkey, Megan",True,18,3,8,0.375,0,0,,2,2,1.0,1,1,2,4,0,0,1,1,8
2023-11-27_pepperdine_long_beach_st,Pepperdine,00,"Melone, Addi",True,25,2,10,0.2,2,8,0.25,0,0,,0,4,4,3,2,5,0,0,6
2023-11-27_pepperdine_long_beach_st,Pepperdine,32,"Vick, Maggie",True,13,3,5,0.6,0,1,0.0,0,0,,1,2,3,3,0,1,0,1,6
2023-11-27_pepperdine_long_beach_st,Pepperdine,15,"Gordon, Myra",True,26,0,3,0.0,0,0,,0,0,,3,6,9,1,3,0,0,0,0
2023-11-27_pepperdine_long_beach_st,Pepperdine,3,"Brubaker, Ella",False,15,4,7,0.571,3,5,0.6,0,2,0.0,0,0,0,1,2,0,0,1,11
2023-11-27_pepperdine_long_beach_st,Pepperdine,13,"Mashaire, Emerita",False,31,3,9,0.333,0,4,0.0,0,0,,1,1,2,4,2,2,0,0,6
2023-11-27_pepperdine_long_beach_st,Pepperdine,24,"Ross, Jorynn",False,11,3,3,1.0,0,0,,0,0,,2,0,2,2,0,4,1,0,6
2023-11-27_pepperdine_long_beach_st,Pepperdine,33,"Brodie, Kyrah",False,11,0,1,0.0,0,0,,0,0,,3,0,3,0,2,1,2,1,0
2023-11-27_pepperdine_long_beach_st,Pepperdine,11,"Friend, Helena",False,9,0,3,0.0,0,0,,0,0,,0,1,1,2,1,1,0,0,0
2023-11-27_pepperdine_long_beach_st,Pepperdine,12,"Griffiths, Holly",False,8,0,1,0.0,0,0,,0,0,,0,0,0,0,0,1,1,0,0
2023-11-27_pepperdine_long_beach_st,Pepperdine,TM,TEAM,False,0,0,0,,0,0,,0,0,,2,1,3,0,0,0,0,0,0
2023-11-27_omaha_csu_bakersfield,CSU Bakersfield,00,"Brown, Shaunae",True,43,7,17,0.412,6,12,0.5,0,0,,0,1,1,3,2,3,0,1,20
2023-11-27_omaha_csu_bakersfield,CSU Bakersfield,23,"Olivares, Jordan",True,31,5,11,0.455,1,2,0.5,1,2,0.5,1,3,4,5,5,3,0,5,12
2023-11-27_omaha_csu_bakersfield,CSU Bakersfield,14,"Ortiz, Nseije",True,25,2,3,0.667,1,2,0.5,2,2,1.0,0,0,0,4,4,0,0,2,7
2023-11-27_omaha_csu_bakersfield,CSU Bakersfield,05,"Tougas, Sophia",True,27,1,7,0.143,0,4,0.0,0,0,,0,1,1,0,0,0,0,0,2
2023-11-27_omaha_csu_bakersfield,CSU Bakersfield,12,"Johnson, Cassidy",True,11,0,1,0.0,0,0,,0,0,,0,3,3,2,0,1,0,0,0
2023-11-27_omaha_csu_bakersfield,CSU Bakersfield,33,"Riley, Julia",False,34,8,13,0.615,2,7,0.286,2,4,0.5,0,5,5,1,0,0,0,1,20
2023-11-27_omaha_csu_bakersfield,CSU Bakersfield,15,"Porter, Amourie",False,30,7,14,0.5,1,3,0.333,3,4,0.75,2,4,6,3,1,2,1,2,18
2023-11-27_omaha_csu_bakersfield,CSU Bakersfield,02,"Edwards, Morgan",False,19,0,2,0.0,0,1,0.0,0,0,,2,1,3,3,1,1,0,0,0
2023-11-27_omaha_csu_bakersfield,CSU Bakersfield,34,"Brooks, Jordan",False,5,0,0,,0,0,,0,2,0.0,1,0,1,2,0,0,1,1,0
2023-11-27_omaha_csu_bakersfield,CSU Bakersfield,TM,TEAM,False,0,0,0,,0,0,,0,0,,2,2,4,0,0,1,0,0,0
2023-11-27_omaha_csu_bakersfield,Omaha,04,"Nikulochkina, Polina",True,42,6,9,0.667,2,2,1.0,7,8,0.875,1,2,3,1,2,3,0,0,21
2023-11-27_omaha_csu_bakersfield,Omaha,21,"Grant, Kennedi",True,41,7,13,0.538,2,4,0.5,2,4,0.5,2,6,8,1,6,4,0,1,18
2023-11-27_omaha_csu_bakersfield,Omaha,20,"Cave, Grace",True,38,4,11,0.364,2,4,0.5,3,4,0.75,0,6,6,2,2,3,1,2,13
2023-11-27_omaha_csu_bakersfield,Omaha,42,"Ghaifan, Lucy",True,14,3,4,0.75,0,0,,3,4,0.75,4,2,6,0,1,1,0,1,9
2023-11-27_omaha_csu_bakersfield,Omaha,14,"Keitges, Katie",True,32,2,10,0.2,1,7,0.143,0,2,0.0,1,1,2,4,3,0,0,0,5
2023-11-27_omaha_csu_bakersfield,Omaha,00,"Stanley, Aaliyah",False,13,2,5,0.4,2,2,1.0,2,2,1.0,0,3,3,2,0,0,0,0,8
2023-11-27_omaha_csu_bakersfield,Omaha,23,"Nikulochkina, Ana",False,5,1,2,0.5,1,2,0.5,2,2,1.0,0,0,0,1,0,2,0,0,5
2023-11-27_omaha_csu_bakersfield,Omaha,22,"Olsen, Cora",False,9,1,2,0.5,0,1,0.0,2,2,1.0,0,4,4,2,0,4,0,1,4
2023-11-27_omaha_csu_bakersfield,Omaha,01,"Watson, Deanay",False,23,1,3,0.333,0,1,0.0,0,0,,0,5,5,1,0,0,0,0,2
2023-11-27_omaha_csu_bakersfield,Omaha,24,"Gardner, Morgann",False,8,1,1,1.0,0,0,,0,0,,1,2,3,1,0,0,0,0,2
2023-11-27_omaha_csu_bakersfield,Omaha,TM,TEAM,False,0,0,0,,0,0,,0,0,,1,1,2,0,0,1,0,0,0
2023-11-28_san_diego_st_uc_san_diego,UC San Diego,03,"Sugapong, Sumayah",True,35,6,17,0.353,3,8,0.375,3,4,0.75,0,1,1,3,3,4,0,0,18
2023-11-28_san_diego_st_uc_san_diego,UC San Diego,12,"Smith, Rosa",True,30,4,9,0.444,2,5,0.4,0,2,0.0,0,3,3,1,2,1,0,1,10
2023-11-28_san_diego_st_uc_san_diego,UC San Diego,20,"Forsyth, Izzy",True,25,4,6,0.667,2,2,1.0,0,0,,0,2,2,0,0,0,0,0,10
2023-11-28_san_diego_st_uc_san_diego,UC San Diego,32,"Montgomery, Parker",True,34,3,5,0.6,3,3,1.0,0,0,,0,7,7,0,0,3,0,2,9
2023-11-28_san_diego_st_uc_san_diego,UC San Diego,35,"Springs, Katie",True,26,1,3,0.333,0,0,,1,3,0.333,2,9,11,1,3,2,0,1,3
2023-11-28_san_diego_st_uc_san_diego,UC San Diego,24,"Pinto, Denali",False,30,4,8,0.5,3,5,0.6,6,7,0.857,1,3,4,2,1,1,0,2,17
2023-11-28_san_diego_st_uc_san_diego,UC San Diego,11,"Condron, Erin",False,9,3,3,1.0,0,0,,0,0,,0,4,4,0,1,0,0,0,6
2023-11-28_san_diego_st_uc_san_diego,UC San Diego,23,"Blithikioti, Eri",False,27,1,7,0.143,0,2,0.0,2,2,1.0,1,1,2,1,4,1,0,0,4
2023-11-28_san_diego_st_uc_san_diego,UC San Diego,05,"Louther, Gabby",False,9,0,0,,0,0,,0,0,,0,1,1,0,0,0,1,0,0
2023-11-28_san_diego_st_uc_san_diego,UC San Diego,TM,TEAM,False,0,0,0,,0,0,,0,0,,0,1,1,0,0,1,0,0,0
2023-11-28_san_diego_st_uc_san_diego,San Diego St.,23,"Villalobos, Kim",True,39,7,12,0.583,0,0,,2,2,1.0,0,7,7,4,4,0,0,4,16
2023-11-28_san_diego_st_uc_san_diego,San Diego St.,24,"Prohaska, Abby",True,37,5,13,0.385,1,3,0.333,4,4,1.0,0,7,7,3,3,3,0,0,15
2023-11-28_san_diego_st_uc_san_diego,San Diego St.,32,"Quezada, Adryana",True,41,7,10,0.7,0,1,0.0,0,0,,2,5,7,3,3,2,1,0,14
2023-11-28_san_diego_st_uc_san_diego,San Diego St.,15,"Lewis, Jada",True,44,4,13,0.308,4,12,0.333,1,2,0.5,0,4,4,1,1,3,0,2,13
2023-11-28_san_diego_st_uc_san_diego,San Diego St.,20,"Barcello, Sarah",True,36,1,6,0.167,1,4,0.25,0,0,,3,4,7,1,3,0,1,0,3
2023-11-28_san_diego_st_uc_san_diego,San Diego St.,13,"Fiso, Meghan",False,13,2,7,0.286,1,4,0.25,0,0,,0,2,2,3,0,0,0,0,5
2023-11-28_san_diego_st_uc_san_diego,San Diego St.,00,"Pepe, Khylee",False,10,2,4,0.5,1,2,0.5,0,0,,2,1,3,2,0,2,0,0,5
2023-11-28_san_diego_st_uc_san_diego,San Diego St.,03,"Jackson, Alyssa",False,5,0,1,0.0,0,1,0.0,0,0,,0,1,1,0,1,0,0,0,0
2023-11-28_san_diego_st_uc_san_diego,San Diego St.,TM,TEAM,False,0,0,0,,0,0,,0,0,,0,0,0,0,0,0,0,0,0
2023-11-28_uc_santa_barbara_uc_santa_cruz,UC Santa Cruz,12,"Wilkerson, Talysha",True,29,4,8,0.5,1,3,0.333,3,5,0.6,0,4,4,2,0,3,0,1,12
2023-11-28_uc_santa_barbara_uc_santa_cruz,UC Santa Cruz,11,"Inserra, Amanda",True,27,3,9,0.333,2,7,0.286,0,1,0.0,2,2,4,0,0,1,0,0,8
2023-11-28_uc_santa_barbara_uc_santa_cruz,UC Santa Cruz,24,"Hammons, Lilli",True,30,3,7,0.429,0,3,0.0,0,0,,0,2,2,3,1,1,2,1,6
2023-11-28_uc_santa_barbara_uc_santa_cruz,UC Santa Cruz,44,"Litchev, Alexa",True,26,3,8,0.375,0,1,0.0,0,0,,2,0,2,1,5,4,0,1,6
2023-11-28_uc_santa_barbara_uc_santa_cruz,UC Santa Cruz,03,"Anderson, Ariel",True,15,1,5,0.2,0,0,,0,0,,0,1,1,1,0,3,0,0,2
2023-11-28_uc_santa_barbara_uc_santa_cruz,UC Santa Cruz,02,"Jackson, Alyssa",False,29,2,11,0.182,0,7,0.0,0,2,0.0,1,1,2,1,1,4,0,1,4
2023-11-28_uc_santa_barbara_uc_santa_cruz,UC Santa Cruz,25,"Gorton, Jenna",False,13,1,3,0.333,0,1,0.0,2,2,1.0,1,1,2,0,0,1,0,0,4
2023-11-28_uc_santa_barbara_uc_santa_cruz,UC Santa Cruz,01,"Joshi, Uma",False,14,1,2,0.5,1,2,0.5,0,0,,0,0,0,0,1,1,0,0,3
2023-11-28_uc_santa_barbara_uc_santa_cruz,UC Santa Cruz,08,"Castaneda, Celine",False,14,0,1,0.0,0,0,,1,2,0.5,1,1,2,0,1,0,0,0,1
2023-11-28_uc_santa_barbara_uc_santa_cruz,UC Santa Cruz,42,"Ojeikere, Vanessa",False,3,0,1,0.0,0,0,,0,2,0.0,0,0,0,0,0,0,0,1,0
2023-11-28_uc_santa_barbara_uc_santa_cruz,UC Santa Cruz,TM,TEAM,False,0,0,0,,0,0,,0,0,,0,3,3,0,0,1,0,0,0
2023-11-28_uc_santa_barbara_uc_santa_cruz,UC Santa Barbara,13,"Goed, Flora",True,18,4,6,0.667,0,0,,0,0,,3,2,5,1,0,1,0,0,8
2023-11-28_uc_santa_barbara_uc_santa_cruz,UC Santa Barbara,03,"Marin, Alyssa",True,13,3,5,0.6,0,1,0.0,2,3,0.667,0,0,0,3,4,1,0,1,8
2023-11-28_uc_santa_barbara_uc_santa_cruz,UC Santa Barbara,10,"Choice, Anya",True,20,2,4,0.5,0,0,,2,2,1.0,0,0,0,1,1,0,0,1,6
2023-11-28_uc_santa_barbara_uc_santa_cruz,UC Santa Barbara,23,"Whitfield, Alexis",True,14,3,6,0.5,0,1,0.0,0,0,,2,7,9,0,1,5,0,0,6
2023-11-28_uc_santa_barbara_uc_santa_cruz,UC Santa Barbara,55,"Burke, Skylar",True,13,2,3,0.667,0,1,0.0,0,0,,0,5,5,0,1,1,0,0,4
2023-11-28_uc_santa_barbara_uc_santa_cruz,UC Santa Barbara,20,"Rockwood, Laurel",False,20,7,7,1.0,0,0,,0,1,0.0,3,4,7,4,1,0,0,1,14
2023-11-28_uc_santa_barbara_uc_santa_cruz,UC Santa Barbara,02,"Borter, Zoe",False,13,4,6,0.667,2,3,0.667,0,0,,1,1,2,0,2,1,0,0,10
2023-11-28_uc_santa_barbara_uc_santa_cruz,UC Santa Barbara,15,"McMorris, Mary",False,20,4,6,0.667,1,2,0.5,0,0,,0,4,4,2,6,2,0,4,9
2023-11-28_uc_santa_barbara_uc_santa_cruz,UC Santa Barbara,32,"Grant, Jessica",False,15,3,6,0.5,3,6,0.5,0,0,,0,1,1,1,1,2,0,3,9
2023-11-28_uc_santa_barbara_uc_santa_cruz,UC Santa Barbara,14,"Coon, Kanani",False,12,3,3,1.0,2,2,1.0,0,0,,0,1,1,1,0,2,0,1,8
2023-11-28_uc_santa_barbara_uc_santa_cruz,UC Santa Barbara,05,"Bradley, Olivia",False,18,2,4,0.5,1,2,0.5,0,0,,0,6,6,0,3,1,1,1,5
2023-11-28_uc_santa_barbara_uc_santa_cruz,UC Santa Barbara,04,"Hutchens, Kathleen",False,14,0,3,0.0,0,2,0.0,0,0,,0,0,0,1,3,3,1,0,0
2023-11-28_uc_santa_barbara_uc_santa_cruz,UC Santa Barbara,25,"Cabuena, Analillia",False,10,0,1,0.0,0,1,0.0,0,0,,0,1,1,2,0,1,0,0,0
2023-11-28_uc_santa_barbara_uc_santa_cruz,UC Santa Barbara,TM,TEAM,False,0,0,0,,0,0,,0,0,,0,2,2,0,0,0,0,0,0
2023-11-28_southern_california_cal_poly,Cal Poly,15,"Bourland, Sydney",True,27,4,13,0.308,1,1,1.0,1,1,1.0,3,1,4,0,1,0,0,1,10
2023-11-28_southern_california_cal_poly,Cal Poly,35,"Ackerman, Natalia",True,20,3,6,0.5,0,0,,0,1,0.0,3,5,8,2,0,2,0,0,6
2023-11-28_southern_california_cal_poly,Cal Poly,5,"McNicholas, Ania",True,33,2,9,0.222,0,1,0.0,1,1,1.0,0,4,4,1,5,1,2,1,5
2023-11-28_southern_california_cal_poly,Cal Poly,2,"Shah, Annika",True,25,1,6,0.167,1,3,0.333,0,0,,1,2,3,2,1,5,0,0,3
2023-11-28_southern_california_cal_poly,Cal Poly,10,"Richards, Sidney",True,18,0,2,0.0,0,0,,0,0,,0,1,1,4,1,5,0,0,0
2023-11-28_southern_california_cal_poly,Cal Poly,24,"Carter, Mary",False,19,5,9,0.556,1,4,0.25,0,0,,0,3,3,4,0,2,0,0,11
2023-11-28_southern_california_cal_poly,Cal Poly,33,"Olinger, Amanda",False,19,2,2,1.0,0,0,,2,2,1.0,1,1,2,1,1,1,0,0,6
2023-11-28_southern_california_cal_poly,Cal Poly,4,"Lichtie, Sierra",False,23,1,4,0.25,1,2,0.5,0,0,,0,3,3,3,2,3,0,1,3
2023-11-28_southern_california_cal_poly,Cal Poly,3,"Richardson, Diamond",False,9,0,0,,0,0,,0,0,,1,0,1,1,1,4,0,0,0
2023-11-28_southern_california_cal_poly,Cal Poly,25,"Hoffman, Jordan",False,4,0,0,,0,0,,0,0,,0,1,1,1,0,1,0,0,0
2023-11-28_southern_california_cal_poly,Cal Poly,12,"Billing, Jordan",False,3,0,2,0.0,0,1,0.0,0,0,,0,0,0,1,0,0,0,0,0
2023-11-28_southern_california_cal_poly,Cal Poly,TM,TEAM,False,0,0,0,,0,0,,0,0,,2,1,3,0,0,1,0,0,0
2023-11-28_southern_california_cal_poly,Southern California,12,"Watkins, Juju",True,28,10,19,0.526,3,7,0.429,7,7,1.0,2,2,4,2,4,4,2,5,30
2023-11-28_southern_california_cal_poly,Southern California,25,"Forbes, McKenzie",True,24,5,8,0.625,4,7,0.571,0,0,,0,4,4,1,4,1,0,2,14
2023-11-28_southern_california_cal_poly,Southern California,13,"Marshall, Rayah",True,22,4,7,0.571,0,0,,2,2,1.0,0,3,3,2,1,2,5,0,10
2023-11-28_southern_california_cal_poly,Southern California,45,"Padilla, Kayla",True,26,1,6,0.167,1,5,0.2,0,0,,0,2,2,0,6,0,0,0,3
2023-11-28_southern_california_cal_poly,Southern California,1,"Bigby, Taylor",True,19,1,1,1.0,0,0,,1,2,0.5,0,0,0,0,1,0,1,0,3
2023-11-28_southern_california_cal_poly,Southern California,21,"Onu, Dominique",False,16,3,10,0.3,1,4,0.25,3,3,1.0,0,2,2,1,0,1,0,1,10
2023-11-28_southern_california_cal_poly,Southern California,10,"Samuels, Malia",False,16,3,3,1.0,1,1,1.0,0,0,,1,0,1,1,2,0,0,1,7
2023-11-28_southern_california_cal_poly,Southern California,3,"Gayles, Aaliyah",False,4,1,1,1.0,1,1,1.0,1,2,0.5,0,1,1,1,0,0,0,0,4
2023-11-28_southern_california_cal_poly,Southern California,30,"Makolo, Roxane",False,18,1,2,0.5,0,0,,0,0,,0,3,3,2,0,1,0,1,2
2023-11-28_southern_california_cal_poly,Southern California,34,"Akunwafo, Clarice",False,18,1,2,0.5,0,0,,0,2,0.0,5,3,8,2,2,0,1,0,2
2023-11-28_southern_california_cal_poly,Southern California,4,"Williams, Kayla",False,8,0,2,0.0,0,1,0.0,0,0,,0,2,2,0,1,0,0,0,0
2023-11-28_southern_california_cal_poly,Southern California,2,"Otto, India",False,1,0,1,0.0,0,1,0.0,0,0,,0,1,1,0,0,0,0,0,0
2023-11-28_southern_california_cal_poly,Southern California,TM,TEAM,False,0,0,0,,0,0,,0,0,,2,2,4,0,0,0,0,0,0
2023-11-29_boise_st_uc_davis,UC Davis,15,"Turner, Evanne",True,35,7,16,0.438,3,8,0.375,0,0,,0,2,2,2,3,3,0,1,17
2023-11-29_boise_st_uc_davis,UC Davis,14,"Sabel, Tova",True,27,6,14,0.429,4,8,0.5,0,0,,1,2,3,1,1,0,0,1,16
2023-11-29_boise_st_uc_davis,UC Davis,13,"Burns, Sydney",True,24,3,5,0.6,0,1,0.0,1,2,0.5,1,1,2,0,3,2,0,1,7
2023-11-29_boise_st_uc_davis,UC Davis,33,"Harris, Mazatlan",True,22,2,6,0.333,1,4,0.25,1,2,0.5,1,5,6,2,0,0,0,0,6
2023-11-29_boise_st_uc_davis,UC Davis,25,"Norris, Megan",True,16,2,5,0.4,1,3,0.333,1,1,1.0,0,0,0,4,0,2,1,0,6
2023-11-29_boise_st_uc_davis,UC Davis,23,"Baker, Victoria",False,12,0,3,0.0,0,1,0.0,1,2,0.5,0,0,0,2,2,1,0,1,1
2023-11-29_boise_st_uc_davis,UC Davis,04,"Epps, Nya",False,20,0,2,0.0,0,1,0.0,0,0,,0,0,0,0,1,0,0,1,0
2023-11-29_boise_st_uc_davis,UC Davis,10,"Svanholm, Lena",False,15,0,1,0.0,0,1,0.0,0,0,,0,2,2,2,0,2,0,0,0
2023-11-29_boise_st_uc_davis,UC Davis,03,"Gray, Campbell",False,11,0,2,0.0,0,1,0.0,0,0,,0,2,2,2,1,3,0,0,0
2023-11-29_boise_st_uc_davis,UC Davis,20,"Fitzgerald, Ally",False,10,0,0,,0,0,,0,0,,0,4,4,2,1,3,0,1,0
2023-11-29_boise_st_uc_davis,UC Davis,41,"Shine, Bria",False,8,0,1,0.0,0,0,,0,0,,0,1,1,0,1,3,0,0,0
2023-11-29_boise_st_uc_davis,UC Davis,TM,TEAM,False,0,0,0,,0,0,,0,0,,1,3,4,0,0,1,0,0,0
2023-11-29_boise_st_uc_davis,Boise St.,32,"Pasco, Natalie",True,36,8,16,0.5,5,10,0.5,0,0,,0,3,3,0,1,3,0,1,21
2023-11-29_boise_st_uc_davis,Boise St.,01,"Hansen, Mya",True,27,3,9,0.333,3,5,0.6,2,2,1.0,0,4,4,2,3,2,0,1,11
2023-11-29_boise_st_uc_davis,Boise St.,33,"Muse, Abby",True,28,2,7,0.286,0,0,,2,4,0.5,6,9,15,3,3,2,3,3,6
2023-11-29_boise_st_uc_davis,Boise St.,12,"Naro, Mary Kay",True,31,2,7,0.286,1,2,0.5,0,0,,1,3,4,1,8,0,1,2,5
2023-11-29_boise_st_uc_davis,Boise St.,22,"Hull, Trista",True,11,1,2,0.5,0,0,,1,2,0.5,0,1,1,2,0,2,0,0,3
2023-11-29_boise_st_uc_davis,Boise St.,23,"Lalotte, Elodie",False,25,5,10,0.5,0,0,,4,8,0.5,4,2,6,2,1,2,1,3,14
2023-11-29_boise_st_uc_davis,Boise St.,15,"Christensen, Alyssa",False,12,1,2,0.5,0,0,,2,2,1.0,0,2,2,0,0,0,1,0,4
2023-11-29_boise_st_uc_davis,Boise St.,04,"Bayes, Dani",False,17,1,4,0.25,1,3,0.333,0,0,,0,1,1,1,3,2,0,0,3
2023-11-29_boise_st_uc_davis,Boise St.,02,"Lovrovich, Linsey",False,5,1,1,1.0,1,1,1.0,0,0,,0,3,3,1,1,0,1,0,3
2023-11-29_boise_st_uc_davis,Boise St.,24,"Clark, Jayda",False,3,0,0,,0,0,,0,0,,0,1,1,0,0,0,0,0,0
2023-11-29_boise_st_uc_davis,Boise St.,00,"Thompson, Tatum",False,2,0,0,,0,0,,0,0,,0,0,0,2,0,2,0,0,0
2023-11-29_boise_st_uc_davis,Boise St.,05,"Hueckman, Allie",False,1,0,0,,0,0,,0,0,,0,1,1,0,0,0,0,0,0
2023-11-29_boise_st_uc_davis,Boise St.,11,"Burgess, Kaitlin",False,1,0,0,,0,0,,0,0,,0,0,0,0,0,1,0,0,0
2023-11-29_boise_st_uc_davis,Boise St.,21,"McQuietor, Sydney",False,1,0,0,,0,0,,0,0,,0,0,0,0,0,0,0,0,0
2023-11-29_boise_st_uc_davis,Boise St.,TM,TEAM,False,0,0,0,,0,0,,0,0,,0,1,1,0,0,1,0,0,0
2023-11-29_texas_tech_uc_irvine,UC Irvine,13,"Lee, Déja",True,28,4,9,0.444,0,4,0.0,0,0,,0,4,4,4,1,2,0,0,8
2023-11-29_texas_tech_uc_irvine,UC Irvine,24,"Dean, Nevaeh",True,21,2,3,0.667,0,0,,0,0,,1,5,6,3,0,0,1,1,4
2023-11-29_texas_tech_uc_irvine,UC Irvine,22,"Djoko, Clara",True,13,2,4,0.5,0,1,0.0,0,0,,0,3,3,5,0,1,2,2,4
2023-11-29_texas_tech_uc_irvine,UC Irvine,3,"Tom, Nikki",True,36,0,6,0.0,0,6,0.0,2,2,1.0,1,6,7,0,2,1,0,5,2
2023-11-29_texas_tech_uc_irvine,UC Irvine,23,"Konate, Diaba",True,31,1,6,0.167,0,1,0.0,0,0,,0,1,1,3,3,3,0,0,2
2023-11-29_texas_tech_uc_irvine,UC Irvine,1,"Johnson Sidi Baba, Moulayna",False,20,8,16,0.5,0,1,0.0,5,5,1.0,1,1,2,1,0,0,0,2,21
2023-11-29_texas_tech_uc_irvine,UC Irvine,32,"Parkinson, Nevaeh",False,18,3,6,0.5,0,0,,1,2,0.5,4,1,5,4,1,2,3,0,7
2023-11-29_texas_tech_uc_irvine,UC Irvine,12,"Nahum, Shirel",False,21,1,7,0.143,1,4,0.25,1,2,0.5,0,1,1,3,0,2,0,1,4
2023-11-29_texas_tech_uc_irvine,UC Irvine,11,"Scharpf, Amelia",False,12,1,3,0.333,0,2,0.0,0,0,,1,0,1,0,0,2,0,1,2
2023-11-29_texas_tech_uc_irvine,UC Irvine,5,"Ross, Tarryn",False,0,0,0,,0,0,,0,0,,0,0,0,0,0,0,0,0,0
2023-11-29_texas_tech_uc_irvine,UC Irvine,33,"Kaupu, Caiyle",False,0,0,0,,0,0,,0,0,,0,0,0,0,0,0,0,0,0
2023-11-29_texas_tech_uc_irvine,UC Irvine,TM,TEAM,False,0,0,0,,0,0,,0,0,,3,1,4,0,0,1,0,0,0
2023-11-29_texas_tech_uc_irvine,Texas Tech,20,"Maupin, Bailey",True,39,6,9,0.667,2,3,0.667,7,8,0.875,2,2,4,1,3,7,0,2,21
2023-11-29_texas_tech_uc_irvine,Texas Tech,2,"Freelon, Kilah",True,37,4,10,0.4,0,0,,4,6,0.667,6,7,13,1,1,0,1,1,12
2023-11-29_texas_tech_uc_irvine,Texas Tech,3,"Shavers, Jasmine",True,18,1,7,0.143,1,3,0.333,2,2,1.0,2,4,6,0,0,2,0,0,5
2023-11-29_texas_tech_uc_irvine,Texas Tech,13,"Arike, Elina",True,27,1,6,0.167,0,1,0.0,1,2,0.5,0,2,2,2,2,2,1,1,3
2023-11-29_texas_tech_uc_irvine,Texas Tech,25,"Chevalier, Ashley",True,13,1,4,0.25,1,2,0.5,0,0,,1,0,1,3,1,0,0,0,3
2023-11-29_texas_tech_uc_irvine,Texas Tech,24,"Wynn, Jada",False,22,3,6,0.5,3,5,0.6,0,0,,0,4,4,2,2,1,0,0,9
2023-11-29_texas_tech_uc_irvine,Texas Tech,12,"Merritt, Jordyn",False,12,2,6,0.333,0,0,,0,0,,1,0,1,0,1,2,0,0,4
2023-11-29_texas_tech_uc_irvine,Texas Tech,5,"McKinney, Rhyle",False,19,1,3,0.333,1,1,1.0,0,0,,0,3,3,1,2,1,0,1,3
2023-11-29_texas_tech_uc_irvine,Texas Tech,23,"Johnson, Loghan",False,7,0,1,0.0,0,0,,0,0,,0,0,0,3,0,2,0,1,0
2023-11-29_texas_tech_uc_irvine,Texas Tech,11,"Ukkonen, Saga",False,4,0,2,0.0,0,1,0.0,0,0,,0,0,0,0,0,0,0,0,0
2023-11-29_texas_tech_uc_irvine,Texas Tech,42,"Lewis, Jazmaine",False,2,0,1,0.0,0,0,,0,0,,0,0,0,0,0,0,0,0,0
2023-11-29_texas_tech_uc_irvine,Texas Tech,TM,TEAM,False,0,0,0,,0,0,,0,0,,3,5,8,0,0,2,0,0,0
2023-11-29_cal_st_fullerton_san_jose_st,San Jose St.,15,"Anderson, Maya",True,31,3,10,0.3,3,7,0.429,0,0,,2,5,7,1,2,2,1,1,9
2023-11-29_cal_st_fullerton_san_jose_st,San Jose St.,04,"LoVett, Jyah",True,25,2,12,0.167,0,1,0.0,2,2,1.0,1,1,2,4,3,2,0,1,6
2023-11-29_cal_st_fullerton_san_jose_st,San Jose St.,24,"Moreland, Amhyia",True,18,3,7,0.429,0,1,0.0,0,0,,3,2,5,2,1,2,2,1,6
2023-11-29_cal_st_fullerton_san_jose_st,San Jose St.,30,"Ma, Sabrina",True,18,2,7,0.286,1,3,0.333,0,0,,1,4,5,4,0,3,0,2,5
2023-11-29_cal_st_fullerton_san_jose_st,San Jose St.,23,"Fluker, Alani",True,7,0,0,,0,0,,0,0,,1,0,1,2,0,1,0,0,0
2023-11-29_cal_st_fullerton_san_jose_st,San Jose St.,34,"Smith, Semaj",False,20,8,12,0.667,0,0,,0,0,,1,1,2,0,0,1,0,0,16
2023-11-29_cal_st_fullerton_san_jose_st,San Jose St.,00,"Summers, Sydni",False,28,5,10,0.5,3,6,0.5,0,0,,1,3,4,3,2,3,0,3,13
2023-11-29_cal_st_fullerton_san_jose_st,San Jose St.,11,"Davis-Jones, Marisa",False,26,2,5,0.4,0,0,,3,4,0.75,2,1,3,5,5,1,0,0,7
2023-11-29_cal_st_fullerton_san_jose_st,San Jose St.,03,"Nicholas, Nailea",False,24,1,3,0.333,0,2,0.0,0,0,,2,4,6,1,1,2,0,1,2
2023-11-29_cal_st_fullerton_san_jose_st,San Jose St.,02,"Jones, Sophia",False,3,0,0,,0,0,,0,0,,0,0,0,2,0,0,0,0,0
2023-11-29_cal_st_fullerton_san_jose_st,San Jose St.,TM,TEAM,False,0,0,0,,0,0,,0,0,,2,1,3,0,0,2,0,0,0
2023-11-29_cal_st_fullerton_san_jose_st,Cal St. Fullerton,02,"Hassmann, Hope",True,26,5,9,0.556,1,2,0.5,6,8,0.75,1,3,4,1,3,2,0,1,17
2023-11-29_cal_st_fullerton_san_jose_st,Cal St. Fullerton,32,"Lewis, Ashlee",True,29,5,10,0.5,0,0,,0,0,,1,6,7,3,2,5,2,2,10
2023-11-29_cal_st_fullerton_san_jose_st,Cal St. Fullerton,04,"Vidmar, Gabi",True,36,3,8,0.375,3,6,0.5,0,0,,0,4,4,1,2,1,1,2,9
2023-11-29_cal_st_fullerton_san_jose_st,Cal St. Fullerton,24,"Neff, Kathryn",True,21,2,5,0.4,2,4,0.5,1,2,0.5,2,0,2,1,0,0,0,0,7
2023-11-29_cal_st_fullerton_san_jose_st,Cal St. Fullerton,21,"Tse, Allysan",True,13,0,0,,0,0,,1,2,0.5,0,1,1,1,1,0,0,0,1
2023-11-29_cal_st_fullerton_san_jose_st,Cal St. Fullerton,23,"Strachan, Emily",False,15,3,6,0.5,1,2,0.5,3,4,0.75,0,0,0,0,0,0,0,2,10
2023-11-29_cal_st_fullerton_san_jose_st,Cal St. Fullerton,10,"Lagway, Demonnie",False,15,2,4,0.5,0,0,,4,6,0.667,1,2,3,1,0,2,0,0,8
2023-11-29_cal_st_fullerton_san_jose_st,Cal St. Fullerton,13,"Hernandez, Aixchel",False,11,3,4,0.75,0,0,,0,0,,1,1,2,0,0,1,1,0,6
2023-11-29_cal_st_fullerton_san_jose_st,Cal St. Fullerton,11,"MacDonald, Ruby",False,14,1,3,0.333,1,3,0.333,0,0,,1,3,4,0,0,0,0,0,3
2023-11-29_cal_st_fullerton_san_jose_st,Cal St. Fullerton,33,"Minor, Brielle",False,14,0,1,0.0,0,1,0.0,0,0,,0,3,3,0,4,2,1,0,0
2023-11-29_cal_st_fullerton_san_jose_st,Cal St. Fullerton,12,"Levingston, Eva",False,6,0,1,0.0,0,0,,0,0,,1,0,1,0,1,3,0,0,0
2023-11-29_cal_st_fullerton_san_jose_st,Cal St. Fullerton,01,"Wienecke, Genna",False,,0,0,,0,0,,0,0,,0,0,0,0,0,0,0,0,0
2023-11-29_cal_st_fullerton_san_jose_st,Cal St. Fullerton,TM,TEAM,False,0,0,0,,0,0,,0,0,,0,2,2,0,0,0,0,0,0
2023-12-01_washington_st_uc_davis,UC Davis,15,"Turner, Evanne",True,35,8,19,0.421,4,8,0.5,0,0,,3,7,10,2,2,1,0,2,20
2023-12-01_washington_st_uc_davis,UC Davis,13,"Burns, Sydney",True,21,3,6,0.5,0,1,0.0,3,3,1.0,0,2,2,1,0,3,0,0,9
2023-12-01_washington_st_uc_davis,UC Davis,14,"Sabel, Tova",True,29,3,10,0.3,0,3,0.0,0,0,,1,2,3,0,2,1,1,1,6
2023-12-01_washington_st_uc_davis,UC Davis,25,"Norris, Megan",True,28,2,8,0.25,1,3,0.333,0,0,,1,8,9,3,2,3,2,0,5
2023-12-01_washington_st_uc_davis,UC Davis,33,"Harris, Mazatlan",True,19,0,1,0.0,0,1,0.0,1,2,0.5,0,0,0,1,1,2,0,1,1
2023-12-01_washington_st_uc_davis,UC Davis,10,"Svanholm, Lena",False,12,2,3,0.667,1,2,0.5,0,0,,0,0,0,1,0,0,0,1,5
2023-12-01_washington_st_uc_davis,UC Davis,04,"Epps, Nya",False,25,2,4,0.5,0,0,,0,0,,1,0,1,2,0,3,0,1,4
2023-12-01_washington_st_uc_davis,UC Davis,03,"Gray, Campbell",False,17,1,2,0.5,0,0,,0,0,,0,1,1,1,0,3,0,0,2
2023-12-01_washington_st_uc_davis,UC Davis,41,"Shine, Bria",False,14,0,2,0.0,0,0,,0,0,,0,5,5,1,1,2,1,1,0
2023-12-01_washington_st_uc_davis,UC Davis,TM,TEAM,False,0,0,0,,0,0,,0,0,,0,2,2,0,0,0,0,0,0
2023-12-01_washington_st_uc_davis,Washington St.,11,"Tuhina, Astera",True,35,8,14,0.571,3,6,0.5,0,0,,1,4,5,1,4,1,0,3,19
2023-12-01_washington_st_uc_davis,Washington St.,55,"Murekatete, Bella",True,24,7,9,0.778,0,0,,1,2,0.5,3,6,9,2,4,2,1,3,15
2023-12-01_washington_st_uc_davis,Washington St.,10,"Villa, Eleonora",True,33,6,16,0.375,2,8,0.25,0,0,,1,2,3,2,4,1,0,1,14
2023-12-01_washington_st_uc_davis,Washington St.,05,"Leger-Walker, Charlisse",True,32,4,11,0.364,0,1,0.0,2,2,1.0,3,7,10,0,1,1,0,2,10
2023-12-01_washington_st_uc_davis,Washington St.,01,"Wallack, Tara",True,33,2,7,0.286,0,0,,2,2,1.0,4,2,6,0,2,0,0,2,6
2023-12-01_washington_st_uc_davis,Washington St.,33,"Covill, Alex",False,13,2,3,0.667,0,0,,0,0,,0,4,4,0,1,2,0,0,4
2023-12-01_washington_st_uc_davis,Washington St.,34,"Villa, Jenna",False,17,1,5,0.2,1,5,0.2,0,0,,0,0,0,1,1,0,0,0,3
2023-12-01_washington_st_uc_davis,Washington St.,12,"Gardner, Kyra",False,11,1,5,0.2,1,5,0.2,0,0,,0,2,2,0,0,1,0,1,3
2023-12-01_washington_st_uc_davis,Washington St.,45,"Eklöf, Cia",False,2,1,1,1.0,1,1,1.0,0,2,0.0,1,0,1,0,0,0,0,0,3
2023-12-01_washington_st_uc_davis,Washington St.,TM,TEAM,False,0,0,0,,0,0,,0,0,,1,1,2,0,0,0,0,0,0
2023-12-01_merrimack_uc_riverside,UC Riverside,3,"Tillery, Zoe",True,33,4,9,0.444,4,8,0.5,8,10,0.8,0,3,3,2,3,3,0,3,20
2023-12-01_merrimack_uc_riverside,UC Riverside,32,"Webster, Jordan",True,37,3,9,0.333,2,5,0.4,3,3,1.0,1,5,6,1,1,3,0,3,11
2023-12-01_merrimack_uc_riverside,UC Riverside,1,"Bryant, Matehya",True,28,5,12,0.417,0,2,0.0,0,0,,2,7,9,1,1,2,2,3,10
2023-12-01_merrimack_uc_riverside,UC Riverside,00,"Jackson, Makayla",True,31,2,8,0.25,0,0,,5,6,0.833,2,1,3,2,1,3,0,2,9
2023-12-01_merrimack_uc_riverside,UC Riverside,10,"Stenberg, Julia",True,29,3,4,0.75,3,4,0.75,0,0,,1,2,3,0,0,1,0,0,9
2023-12-01_merrimack_uc_riverside,UC Riverside,15,"Sanderson, Jaden",False,9,2,2,1.0,0,0,,0,0,,0,3,3,2,0,2,0,0,4
2023-12-01_merrimack_uc_riverside,UC Riverside,11,"Matarranz, Esther",False,14,1,1,1.0,0,0,,0,0,,1,1,2,3,1,1,0,0,2
2023-12-01_merrimack_uc_riverside,UC Riverside,4,"Marshall, Jordyn",False,14,0,2,0.0,0,1,0.0,0,0,,0,1,1,2,0,6,0,1,0
2023-12-01_merrimack_uc_riverside,UC Riverside,5,"Murphy, Sasha",False,3,0,0,,0,0,,0,0,,0,0,0,0,0,0,0,0,0
2023-12-01_merrimack_uc_riverside,UC Riverside,13,"Chocano, Maya",False,2,0,0,,0,0,,0,0,,0,0,0,0,0,1,0,0,0
2023-12-01_merrimack_uc_riverside,UC Riverside,TM,TEAM,False,0,0,0,,0,0,,0,0,,5,4,9,0,0,2,0,0,0
2023-12-01_merrimack_uc_riverside,Merrimack,14,"Staton, Amaya",True,33,10,16,0.625,0,1,0.0,1,4,0.25,1,4,5,2,0,2,3,1,21
2023-12-01_merrimack_uc_riverside,Merrimack,2,"Christian, Diamond",True,26,8,13,0.615,5,9,0.556,0,0,,1,2,3,2,4,2,0,2,21
2023-12-01_merrimack_uc_riverside,Merrimack,40,"Caso, Rose",True,10,1,2,0.5,0,0,,0,0,,1,0,1,0,0,0,0,1,2
2023-12-01_merrimack_uc_riverside,Merrimack,1,"Decesare, Jayme",True,31,0,2,0.0,0,2,0.0,1,2,0.5,0,1,1,2,5,2,0,1,1
2023-12-01_merrimack_uc_riverside,Merrimack,3,"Owens, Ava",True,20,0,1,0.0,0,0,,0,2,0.0,0,1,1,2,2,3,0,2,0
2023-12-01_merrimack_uc_riverside,Merrimack,10,"Garcia , Paloma",False,20,1,4,0.25,0,2,0.0,2,2,1.0,1,1,2,5,1,6,0,2,4
2023-12-01_merrimack_uc_riverside,Merrimack,24,"Manion, Molly",False,19,2,4,0.5,0,0,,0,0,,1,0,1,1,1,1,1,2,4
2023-12-01_merrimack_uc_riverside,Merrimack,22,"Melashenko, Lydia",False,14,0,4,0.0,0,2,0.0,0,0,,0,1,1,1,2,0,0,0,0
2023-12-01_merrimack_uc_riverside,Merrimack,11,"Shepard , Thalia",False,10,0,2,0.0,0,1,0.0,0,0,,0,1,1,1,0,1,0,0,0
2023-12-01_merrimack_uc_riverside,Merrimack,21,"Johnson, Cadence",False,10,0,3,0.0,0,3,0.0,0,0,,1,1,2,0,0,0,0,0,0
2023-12-01_merrimack_uc_riverside,Merrimack,00,"Roman, Madison",False,7,0,1,0.0,0,0,,0,0,,0,2,2,1,0,0,0,0,0
2023-12-01_merrimack_uc_riverside,Merrimack,TM,TEAM,False,0,0,0,,0,0,,0,0,,1,3,4,0,0,2,0,0,0
2023-12-02_uc_irvine_denver,Denver,11,"Counsel, Emily",True,38,6,13,0.462,4,11,0.364,2,2,1.0,0,5,5,2,1,4,0,1,18
2023-12-02_uc_irvine_denver,Denver,4,"Jones, Jordan",True,36,3,15,0.2,0,5,0.0,5,6,0.833,2,7,9,4,3,6,0,2,11
2023-12-02_uc_irvine_denver,Denver,2,"Robles, Angelina",True,34,3,4,0.75,0,0,,2,4,0.5,2,2,4,1,2,4,0,0,8
2023-12-02_uc_irvine_denver,Denver,00,"Smith, Emma",True,27,1,8,0.125,1,7,0.143,2,2,1.0,0,2,2,4,2,1,0,2,5
2023-12-02_uc_irvine_denver,Denver,20,"Pahl, Reagan",True,32,1,6,0.167,1,5,0.2,0,0,,1,4,5,1,1,1,0,2,3
2023-12-02_uc_irvine_denver,Denver,21,"Minett, Makayla",False,18,1,3,0.333,0,0,,0,2,0.0,1,5,6,2,0,1,2,0,2
2023-12-02_uc_irvine_denver,Denver,32,"With, Lauren",False,12,0,2,0.0,0,1,0.0,0,0,,3,2,5,0,0,0,1,0,0
2023-12-02_uc_irvine_denver,Denver,12,"Wyatt, Joclyen",False,3,0,0,,0,0,,0,0,,0,0,0,0,0,0,0,0,0
2023-12-02_uc_irvine_denver,Denver,3,"Atkins, Madelyn",False,0,0,0,,0,0,,0,0,,0,0,0,0,0,1,0,0,0
2023-12-02_uc_irvine_denver,Denver,TM,TEAM,False,0,0,0,,0,0,,0,0,,2,2,4,0,0,3,0,0,0
2023-12-02_uc_irvine_denver,UC Irvine,3,"Tom, Nikki",True,36,2,9,0.222,2,7,0.286,0,0,,3,2,5,1,0,1,2,1,6
2023-12-02_uc_irvine_denver,UC Irvine,13,"Lee, Déja",True,34,2,12,0.167,0,6,0.0,2,3,0.667,1,6,7,4,3,3,2,2,6
2023-12-02_uc_irvine_denver,UC Irvine,23,"Konate, Diaba",True,26,2,9,0.222,0,1,0.0,2,2,1.0,0,2,2,2,1,3,0,5,6
2023-12-02_uc_irvine_denver,UC Irvine,24,"Dean, Nevaeh",True,17,1,5,0.2,0,0,,0,0,,6,2,8,1,2,0,1,0,2
2023-12-02_uc_irvine_denver,UC Irvine,22,"Djoko, Clara",True,9,1,1,1.0,0,0,,0,0,,1,1,2,2,1,1,0,0,2
2023-12-02_uc_irvine_denver,UC Irvine,32,"Parkinson, Nevaeh",False,22,2,9,0.222,0,0,,4,4,1.0,6,5,11,2,1,4,1,0,8
2023-12-02_uc_irvine_denver,UC Irvine,11,"Scharpf, Amelia",False,15,2,7,0.286,0,0,,4,4,1.0,1,0,1,0,0,1,0,0,8
2023-12-02_uc_irvine_denver,UC Irvine,12,"Nahum, Shirel",False,17,2,5,0.4,1,4,0.25,0,0,,1,2,3,3,0,2,0,1,5
2023-12-02_uc_irvine_denver,UC Irvine,33,"Kaupu, Caiyle",False,16,2,7,0.286,0,0,,0,0,,0,4,4,2,3,1,0,0,4
2023-12-02_uc_irvine_denver,UC Irvine,5,"Ross, Tarryn",False,8,1,4,0.25,1,4,0.25,0,0,,0,0,0,0,0,0,0,0,3
2023-12-02_uc_irvine_denver,UC Irvine,TM,TEAM,False,0,0,0,,0,0,,0,0,,3,2,5,0,0,1,0,0,0
2023-12-02_fresno_st_uc_san_diego,UC San Diego,03,"Sugapong, Sumayah",True,23,6,9,0.667,2,2,1.0,3,5,0.6,0,3,3,4,2,7,1,0,17
2023-12-02_fresno_st_uc_san_diego,UC San Diego,20,"Forsyth, Izzy",True,26,4,8,0.5,0,0,,0,0,,1,4,5,0,1,2,0,0,8
2023-12-02_fresno_st_uc_san_diego,UC San Diego,32,"Montgomery, Parker",True,28,2,7,0.286,0,3,0.0,2,2,1.0,0,5,5,1,1,2,0,2,6
2023-12-02_fresno_st_uc_san_diego,UC San Diego,12,"Smith, Rosa",True,21,1,7,0.143,0,3,0.0,2,2,1.0,1,2,3,0,2,1,0,0,4
2023-12-02_fresno_st_uc_san_diego,UC San Diego,35,"Springs, Katie",True,14,0,0,,0,0,,0,0,,1,3,4,2,2,3,1,0,0
2023-12-02_fresno_st_uc_san_diego,UC San Diego,24,"Pinto, Denali",False,22,4,8,0.5,3,4,0.75,3,3,1.0,0,2,2,1,0,1,0,0,14
2023-12-02_fresno_st_uc_san_diego,UC San Diego,11,"Condron, Erin",False,14,0,1,0.0,0,0,,2,2,1.0,0,4,4,0,0,3,1,0,2
2023-12-02_fresno_st_uc_san_diego,UC San Diego,23,"Blithikioti, Eri",False,22,0,4,0.0,0,1,0.0,1,2,0.5,0,1,1,0,2,0,1,0,1
2023-12-02_fresno_st_uc_san_diego,UC San Diego,05,"Louther, Gabby",False,20,0,0,,0,0,,0,0,,0,1,1,3,0,1,0,1,0
2023-12-02_fresno_st_uc_san_diego,UC San Diego,22,"Gallegos, Gracie",False,10,0,2,0.0,0,0,,0,0,,1,0,1,1,0,2,0,0,0
2023-12-02_fresno_st_uc_san_diego,UC San Diego,TM,TEAM,False,0,0,0,,0,0,,0,0,,6,0,6,0,0,0,0,0,0
2023-12-02_fresno_st_uc_san_diego,Fresno St.,23,"Jacobs, Mia",True,21,6,10,0.6,3,6,0.5,0,0,,3,3,6,3,1,2,2,2,15
2023-12-02_fresno_st_uc_san_diego,Fresno St.,30,"Fox, Kylee",True,35,3,5,0.6,2,4,0.5,0,0,,0,2,2,0,2,2,0,3,8
2023-12-02_fresno_st_uc_san_diego,Fresno St.,01,"Sta. Maria, Taija",True,33,3,11,0.273,1,3,0.333,0,0,,0,1,1,2,10,0,0,1,7
2023-12-02_fresno_st_uc_san_diego,Fresno St.,02,"Brown, Keely",True,20,2,5,0.4,1,3,0.333,2,2,1.0,0,0,0,1,1,0,1,1,7
2023-12-02_fresno_st_uc_san_diego,Fresno St.,12,"Dethman, Sydney",True,25,2,4,0.5,0,1,0.0,2,2,1.0,1,0,1,2,0,0,0,1,6
2023-12-02_fresno_st_uc_san_diego,Fresno St.,54,"Wittenberg, Franka",False,27,8,11,0.727,3,3,1.0,0,0,,1,1,2,1,0,2,0,3,19
2023-12-02_fresno_st_uc_san_diego,Fresno St.,50,"Harvey, Deajanae",False,17,2,8,0.25,1,1,1.0,0,0,,1,4,5,2,1,2,0,3,5
2023-12-02_fresno_st_uc_san_diego,Fresno St.,22,"Diatta, Bineta",False,15,1,3,0.333,0,0,,0,0,,0,2,2,2,1,1,1,2,2
2023-12-02_fresno_st_uc_san_diego,Fresno St.,11,"LeSueur, Malaya",False,4,1,1,1.0,0,0,,0,0,,0,0,0,3,0,0,0,0,2
2023-12-02_fresno_st_uc_san_diego,Fresno St.,32,"Mikkelsen, Thea",False,2,0,1,0.0,0,0,,0,0,,0,1,1,0,0,0,0,0,0
2023-12-02_fresno_st_uc_san_diego,Fresno St.,13,"Konstantinidou, Maria",False,1,0,0,,0,0,,0,0,,0,1,1,0,0,0,0,0,0
2023-12-02_fresno_st_uc_san_diego,Fresno St.,TM,TEAM,False,0,0,0,,0,0,,0,0,,0,7,7,0,0,1,0,0,0
2023-12-02_nevada_uc_santa_barbara,UC Santa Barbara,03,"Marin, Alyssa",True,39,6,14,0.429,4,8,0.5,6,8,0.75,0,1,1,3,4,7,0,0,22
2023-12-02_nevada_uc_santa_barbara,UC Santa Barbara,23,"Whitfield, Alexis",True,34,7,13,0.538,1,1,1.0,2,3,0.667,2,9,11,0,3,4,0,2,17
2023-12-02_nevada_uc_santa_barbara,UC Santa Barbara,10,"Choice, Anya",True,41,5,14,0.357,1,4,0.25,2,4,0.5,0,2,2,2,4,3,0,2,13
2023-12-02_nevada_uc_santa_barbara,UC Santa Barbara,13,"Goed, Flora",True,24,3,6,0.5,0,0,,5,6,0.833,3,4,7,0,0,1,2,0,11
2023-12-02_nevada_uc_santa_barbara,UC Santa Barbara,55,"Burke, Skylar",True,29,1,4,0.25,1,2,0.5,0,0,,5,4,9,3,1,3,0,0,3
2023-12-02_nevada_uc_santa_barbara,UC Santa Barbara,02,"Borter, Zoe",False,13,1,2,0.5,1,1,1.0,0,0,,0,3,3,1,0,0,1,0,3
2023-12-02_nevada_uc_santa_barbara,UC Santa Barbara,20,"Rockwood, Laurel",False,20,1,2,0.5,0,0,,0,0,,0,4,4,0,0,0,1,0,2
2023-12-02_nevada_uc_santa_barbara,UC Santa Barbara,15,"McMorris, Mary",False,9,1,3,0.333,0,1,0.0,0,0,,0,1,1,1,1,3,0,1,2
2023-12-02_nevada_uc_santa_barbara,UC Santa Barbara,05,"Bradley, Olivia",False,8,0,3,0.0,0,2,0.0,0,0,,0,1,1,0,1,0,0,0,0
2023-12-02_nevada_uc_santa_barbara,UC Santa Barbara,32,"Grant, Jessica",False,8,0,1,0.0,0,1,0.0,0,0,,0,0,0,0,0,0,0,0,0
2023-12-02_nevada_uc_santa_barbara,UC Santa Barbara,TM,TEAM,False,0,0,0,,0,0,,0,0,,7,0,7,0,0,1,0,0,0
2023-12-02_nevada_uc_santa_barbara,Nevada,04,"Roden, Audrey",True,31,8,16,0.5,0,0,,2,2,1.0,2,0,2,3,3,2,0,2,18
2023-12-02_nevada_uc_santa_barbara,Nevada,22,"Jacobs, Claire",True,29,8,15,0.533,2,6,0.333,0,0,,0,2,2,3,2,2,2,1,18
2023-12-02_nevada_uc_santa_barbara,Nevada,10,"Maxie, Dymonique",True,31,1,6,0.167,0,1,0.0,1,2,0.5,1,3,4,2,2,3,0,1,3
2023-12-02_nevada_uc_santa_barbara,Nevada,32,"Giuffre, Gabby",True,12,1,4,0.25,1,1,1.0,0,0,,2,1,3,4,2,0,1,0,3
2023-12-02_nevada_uc_santa_barbara,Nevada,23,"Givens, Lexie",True,37,0,7,0.0,0,4,0.0,0,0,,1,6,7,3,4,5,3,2,0
2023-12-02_nevada_uc_santa_barbara,Nevada,02,"Sullivan, Izzy",False,30,6,8,0.75,3,3,1.0,1,2,0.5,0,1,1,3,0,2,0,1,16
2023-12-02_nevada_uc_santa_barbara,Nevada,05,"Borden, Kaylee",False,19,2,5,0.4,1,1,1.0,0,0,,0,2,2,2,1,0,0,1,5
2023-12-02_nevada_uc_santa_barbara,Nevada,24,"Lee, Kennedy",False,12,1,3,0.333,0,0,,0,0,,1,3,4,1,0,2,0,0,2
2023-12-02_nevada_uc_santa_barbara,Nevada,52,"Lathrop, Natalie",False,13,0,0,,0,0,,1,2,0.5,0,0,0,1,0,1,0,1,1
2023-12-02_nevada_uc_santa_barbara,Nevada,31,"Siu, Tiffany",False,11,0,2,0.0,0,0,,0,0,,0,0,0,0,1,0,0,0,0
2023-12-02_nevada_uc_santa_barbara,Nevada,TM,TEAM,False,0,0,0,,0,0,,0,0,,2,4,6,0,0,0,0,0,0
2023-12-02_sacramento_st_csun,CSUN,20,"Adams, Erica",True,38,4,9,0.444,1,3,0.333,4,4,1.0,0,8,8,2,1,2,0,1,13
2023-12-02_sacramento_st_csun,CSUN,22,"Elsholz, Kaitlyn",True,25,4,10,0.4,1,7,0.143,0,0,,1,2,3,4,3,1,0,2,9
2023-12-02_sacramento_st_csun,CSUN,23,"Li-uperesa, Talo",True,37,3,7,0.429,1,2,0.5,1,3,0.333,2,4,6,1,0,2,0,0,8
2023-12-02_sacramento_st_csun,CSUN,1,"Ferguson, Amiyah",True,26,4,12,0.333,0,3,0.0,0,0,,2,1,3,4,2,4,0,2,8
2023-12-02_sacramento_st_csun,CSUN,24,"Spriggs, Kayanna",True,29,2,5,0.4,0,0,,1,3,0.333,2,7,9,4,1,3,1,1,5
2023-12-02_sacramento_st_csun,CSUN,15,"Amundsen, Laney",False,23,1,8,0.125,1,3,0.333,2,2,1.0,0,1,1,0,0,1,0,0,5
2023-12-02_sacramento_st_csun,CSUN,43,"Nikishina , Arina",False,11,0,4,0.0,0,0,,0,0,,1,2,3,0,0,1,0,0,0
2023-12-02_sacramento_st_csun,CSUN,11,"Smith, Olivia",False,9,0,0,,0,0,,0,0,,0,0,0,1,0,1,0,0,0
2023-12-02_sacramento_st_csun,CSUN,4,"Harvey, Rachel",False,2,0,0,,0,0,,0,0,,0,0,0,3,0,1,0,0,0
2023-12-02_sacramento_st_csun,CSUN,TM,TEAM,False,0,0,0,,0,0,,0,0,,1,1,2,0,0,0,0,0,0
2023-12-02_sacramento_st_csun,Sacramento St.,14,"Hanson, Summah",True,36,8,16,0.5,2,4,0.5,2,2,1.0,1,10,11,4,1,2,1,3,20
2023-12-02_sacramento_st_csun,Sacramento St.,31,"Orio, Irune",True,36,7,18,0.389,2,8,0.25,0,0,,0,1,1,0,1,3,1,2,16
2023-12-02_sacramento_st_csun,Sacramento St.,1,"Versteeg, Benthe",True,40,2,5,0.4,0,0,,2,6,0.333,0,5,5,3,9,2,0,2,6
2023-12-02_sacramento_st_csun,Sacramento St.,3,"Amusan, Solape",True,38,1,9,0.111,1,6,0.167,0,0,,2,7,9,2,1,0,0,2,3
2023-12-02_sacramento_st_csun,Sacramento St.,4,"Haw, Paula",True,12,0,1,0.0,0,0,,0,0,,1,2,3,4,0,0,1,0,0
2023-12-02_sacramento_st_csun,Sacramento St.,20,"Lautaimi, Seilala",False,6,3,3,1.0,0,0,,2,3,0.667,3,0,3,0,0,0,0,0,8
2023-12-02_sacramento_st_csun,Sacramento St.,22,"Falk, Lina",False,15,2,3,0.667,0,1,0.0,1,2,0.5,1,3,4,1,0,3,0,1,5
2023-12-02_sacramento_st_csun,Sacramento St.,00,"Jackson, Ayanna",False,12,0,0,,0,0,,0,0,,0,0,0,2,2,2,1,0,0
2023-12-02_sacramento_st_csun,Sacramento St.,2,"Edge, Kaylie",False,5,0,1,0.0,0,1,0.0,0,0,,0,0,0,1,1,0,0,0,0
2023-12-02_sacramento_st_csun,Sacramento St.,TM,TEAM,False,0,0,0,,0,0,,0,0,,1,2,3,0,0,1,0,0,0
2023-12-03_hawaii_san_jose_st,San Jose St.,24,"Moreland, Amhyia",True,16,5,9,0.556,1,1,1.0,2,3,0.667,3,0,3,3,1,2,1,1,13
2023-12-03_hawaii_san_jose_st,San Jose St.,00,"Summers, Sydni",True,23,3,7,0.429,3,5,0.6,0,0,,0,1,1,1,2,0,0,0,9
2023-12-03_hawaii_san_jose_st,San Jose St.,30,"Ma, Sabrina",True,26,0,5,0.0,0,3,0.0,1,2,0.5,1,2,3,3,0,2,0,0,1
2023-12-03_hawaii_san_jose_st,San Jose St.,23,"Fluker, Alani",True,11,0,0,,0,0,,1,2,0.5,1,0,1,0,1,1,0,0,1
2023-12-03_hawaii_san_jose_st,San Jose St.,02,"Jones, Sophia",True,15,0,1,0.0,0,0,,0,0,,1,3,4,0,1,3,0,0,0
2023-12-03_hawaii_san_jose_st,San Jose St.,34,"Smith, Semaj",False,15,6,8,0.75,0,0,,1,1,1.0,0,3,3,1,0,0,1,0,13
2023-12-03_hawaii_san_jose_st,San Jose St.,11,"Davis-Jones, Marisa",False,17,1,1,1.0,0,0,,2,4,0.5,0,1,1,5,0,5,0,0,4
2023-12-03_hawaii_san_jose_st,San Jose St.,03,"Nicholas, Nailea",False,29,1,4,0.25,0,0,,0,0,,0,3,3,2,4,7,0,1,2
2023-12-03_hawaii_san_jose_st,San Jose St.,21,"Kelemeni, Sofia",False,12,1,6,0.167,0,4,0.0,0,0,,1,0,1,0,0,0,0,1,2
2023-12-03_hawaii_san_jose_st,San Jose St.,44,"Tonga, Finau",False,8,1,3,0.333,0,0,,0,0,,1,1,2,1,1,2,0,0,2
2023-12-03_hawaii_san_jose_st,San Jose St.,12,"Singleton, Jasmine",False,27,0,4,0.0,0,2,0.0,0,0,,1,1,2,3,3,3,0,0,0
2023-12-03_hawaii_san_jose_st,San Jose St.,01,"Quow, Aniyah",False,1,0,0,,0,0,,0,0,,0,0,0,0,0,0,0,0,0
2023-12-03_hawaii_san_jose_st,San Jose St.,TM,TEAM,False,0,0,0,,0,0,,0,0,,1,4,5,0,0,1,0,0,0
2023-12-03_hawaii_san_jose_st,Hawaii,03,"Wahinekapu, Lily",True,29,5,6,0.833,2,2,1.0,2,2,1.0,0,5,5,1,3,2,0,3,14
2023-12-03_hawaii_san_jose_st,Hawaii,12,"Perez, Imani",True,28,6,9,0.667,0,0,,0,0,,0,4,4,1,2,1,0,2,12
2023-12-03_hawaii_san_jose_st,Hawaii,14,"Rewers, Brooklyn",True,31,4,11,0.364,1,2,0.5,0,0,,1,4,5,3,0,3,1,3,9
2023-12-03_hawaii_san_jose_st,Hawaii,23,"McBee, MeiLani",True,26,2,3,0.667,2,3,0.667,0,0,,1,3,4,2,1,0,1,0,6
2023-12-03_hawaii_san_jose_st,Hawaii,45,"Davies, Olivia",True,14,0,0,,0,0,,4,5,0.8,0,0,0,2,3,0,0,1,4
2023-12-03_hawaii_san_jose_st,Hawaii,15,"Phillips, Daejah",False,28,3,8,0.375,2,6,0.333,9,10,0.9,0,0,0,2,3,3,0,4,17
2023-12-03_hawaii_san_jose_st,Hawaii,01,"Imai, Kelsie",False,16,1,2,0.5,0,1,0.0,7,8,0.875,0,3,3,2,1,4,0,0,9
2023-12-03_hawaii_san_jose_st,Hawaii,11,"Berrett, Vivienne",False,9,1,4,0.25,0,0,,0,0,,0,0,0,1,0,2,0,0,2
2023-12-03_hawaii_san_jose_st,Hawaii,22,"Peacock, Jade",False,12,0,1,0.0,0,1,0.0,0,0,,1,0,1,1,0,0,0,0,0
2023-12-03_hawaii_san_jose_st,Hawaii,02,"Thoms, Ashley",False,6,0,0,,0,0,,0,0,,0,0,0,1,0,0,0,0,0
2023-12-03_hawaii_san_jose_st,Hawaii,13,"Birdsong, Hallie",False,1,0,1,0.0,0,1,0.0,0,0,,0,0,0,0,0,0,0,0,0
2023-12-03_hawaii_san_jose_st,Hawaii,TM,TEAM,False,0,0,0,,0,0,,0,0,,2,1,3,0,0,0,0,0,0
2023-12-04_dartmouth_uc_riverside,UC Riverside,00,"Jackson, Makayla",True,30,7,9,0.778,4,5,0.8,0,0,,0,1,1,0,0,1,0,1,18
2023-12-04_dartmouth_uc_riverside,UC Riverside,32,"Webster, Jordan",True,34,4,11,0.364,2,7,0.286,1,1,1.0,1,6,7,0,1,2,1,3,11
2023-12-04_dartmouth_uc_riverside,UC Riverside,1,"Bryant, Matehya",True,27,3,9,0.333,0,0,,1,4,0.25,3,4,7,4,1,4,0,2,7
2023-12-04_dartmouth_uc_riverside,UC Riverside,3,"Tillery, Zoe",True,30,1,5,0.2,1,4,0.25,2,2,1.0,1,3,4,1,4,5,1,3,5
2023-12-04_dartmouth_uc_riverside,UC Riverside,10,"Stenberg, Julia",True,20,0,2,0.0,0,2,0.0,2,2,1.0,1,2,3,0,0,0,0,1,2
2023-12-04_dartmouth_uc_riverside,UC Riverside,11,"Matarranz, Esther",False,19,4,9,0.444,0,0,,0,0,,1,3,4,2,2,2,1,2,8
2023-12-04_dartmouth_uc_riverside,UC Riverside,4,"Marshall, Jordyn",False,14,2,5,0.4,0,0,,0,0,,0,1,1,0,3,0,0,1,4
2023-12-04_dartmouth_uc_riverside,UC Riverside,15,"Sanderson, Jaden",False,14,1,2,0.5,0,0,,0,0,,0,3,3,1,1,0,0,2,2
2023-12-04_dartmouth_uc_riverside,UC Riverside,13,"Chocano, Maya",False,9,0,2,0.0,0,2,0.0,0,0,,0,0,0,2,0,1,0,0,0
2023-12-04_dartmouth_uc_riverside,UC Riverside,5,"Murphy, Sasha",False,3,0,1,0.0,0,0,,0,0,,0,0,0,3,0,0,0,0,0
2023-12-04_dartmouth_uc_riverside,UC Riverside,TM,TEAM,False,0,0,0,,0,0,,0,0,,2,0,2,0,0,0,0,0,0
2023-12-04_dartmouth_uc_riverside,Dartmouth,13,"Meyer, Clare",True,26,5,8,0.625,0,0,,3,6,0.5,2,2,4,2,2,1,1,0,13
2023-12-04_dartmouth_uc_riverside,Dartmouth,14,"Ariik, Doreen",True,24,4,7,0.571,0,0,,0,0,,0,7,7,4,3,3,2,1,8
2023-12-04_dartmouth_uc_riverside,Dartmouth,5,"Curtis, Mia",True,16,2,3,0.667,1,2,0.5,0,0,,0,3,3,1,0,3,0,0,5
2023-12-04_dartmouth_uc_riverside,Dartmouth,1,"Minicozzi, Nina",True,35,0,0,,0,0,,0,0,,0,6,6,1,1,2,0,1,0
2023-12-04_dartmouth_uc_riverside,Dartmouth,15,"Page, Victoria",True,30,0,9,0.0,0,2,0.0,0,0,,1,3,4,1,3,5,0,0,0
2023-12-04_dartmouth_uc_riverside,Dartmouth,3,"Boyd, Mekkena",False,18,1,5,0.2,1,3,0.333,3,4,0.75,0,0,0,0,0,1,0,2,6
2023-12-04_dartmouth_uc_riverside,Dartmouth,12,"Washburn, Carrington",False,18,1,4,0.25,1,2,0.5,0,0,,0,1,1,0,1,0,1,0,3
2023-12-04_dartmouth_uc_riverside,Dartmouth,24,"Stuart, Leiya",False,2,1,1,1.0,1,1,1.0,0,0,,0,0,0,0,0,0,0,0,3
2023-12-04_dartmouth_uc_riverside,Dartmouth,4,"Macdonald, Cate",False,18,0,2,0.0,0,0,,0,2,0.0,1,1,2,1,1,5,0,2,0
2023-12-04_dartmouth_uc_riverside,Dartmouth,11,"Foltz, Camryn",False,11,0,2,0.0,0,2,0.0,0,0,,0,0,0,0,0,0,0,1,0
2023-12-04_dartmouth_uc_riverside,Dartmouth,20,"Hollawell, Brooke",False,1,0,0,,0,0,,0,0,,0,0,0,0,0,0,0,0,0
2023-12-04_dartmouth_uc_riverside,Dartmouth,22,"Carson, Sierra",False,1,0,1,0.0,0,1,0.0,0,0,,0,0,0,0,0,1,0,0,0
2023-12-04_dartmouth_uc_riverside,Dartmouth,TM,TEAM,False,0,0,0,,0,0,,0,0,,1,2,3,0,0,0,0,0,0
2023-12-05_uc_davis_jessup,Jessup,01,"Jovicevic, Andrea",True,32,6,16,0.375,0,4,0.0,2,2,1.0,0,3,3,2,0,2,0,2,14
2023-12-05_uc_davis_jessup,Jessup,22,"Napoleon, Makaila",True,23,2,9,0.222,0,1,0.0,2,3,0.667,0,3,3,1,0,1,0,1,6
2023-12-05_uc_davis_jessup,Jessup,21,"Davidson, Neomi",True,19,2,6,0.333,0,0,,1,2,0.5,2,2,4,0,0,1,0,0,5
2023-12-05_uc_davis_jessup,Jessup,03,"Vieira, Kayla",True,26,0,6,0.0,0,1,0.0,0,2,0.0,1,4,5,2,0,1,0,1,0
2023-12-05_uc_davis_jessup,Jessup,04,"Lepolo, Maila",True,19,0,5,0.0,0,0,,0,0,,0,1,1,2,0,0,0,1,0
2023-12-05_uc_davis_jessup,Jessup,23,"Moulos, Natalie",False,21,3,8,0.375,2,6,0.333,0,0,,0,1,1,0,0,2,0,0,8
2023-12-05_uc_davis_jessup,Jessup,14,"Glynn, Makaila",False,17,1,3,0.333,0,0,,0,0,,0,1,1,1,0,3,0,1,2
2023-12-05_uc_davis_jessup,Jessup,31,"Guiton, Amari",False,5,0,0,,0,0,,2,2,1.0,1,1,2,1,0,1,0,1,2
2023-12-05_uc_davis_jessup,Jessup,12,"Aurelio, Andheya",False,4,1,3,0.333,0,1,0.0,0,0,,0,0,0,0,0,0,0,0,2
2023-12-05_uc_davis_jessup,Jessup,24,"Fergerson, Raylyn",False,11,0,1,0.0,0,0,,1,2,0.5,0,0,0,0,1,0,0,0,1
2023-12-05_uc_davis_jessup,Jessup,20,"Kulow, Jacklyn",False,14,0,2,0.0,0,0,,0,0,,0,2,2,0,0,0,0,0,0
2023-12-05_uc_davis_jessup,Jessup,13,"Byrnes, Brianna",False,5,0,0,,0,0,,0,0,,1,0,1,3,0,2,0,1,0
2023-12-05_uc_davis_jessup,Jessup,32,"Arnoldi, Janea",False,4,0,1,0.0,0,1,0.0,0,0,,0,0,0,0,0,0,0,0,0
2023-12-05_uc_davis_jessup,Jessup,TM,TEAM,False,0,0,0,,0,0,,0,0,,3,2,5,0,0,0,0,0,0
2023-12-05_uc_davis_jessup,UC Davis,14,"Sabel, Tova",True,25,8,15,0.533,4,9,0.444,0,0,,0,4,4,1,1,1,0,0,20
2023-12-05_uc_davis_jessup,UC Davis,15,"Turner, Evanne",True,30,6,12,0.5,4,10,0.4,0,0,,1,4,5,2,5,2,0,1,16
2023-12-05_uc_davis_jessup,UC Davis,25,"Norris, Megan",True,23,4,8,0.5,1,1,1.0,0,0,,0,11,11,3,1,2,1,0,9
2023-12-05_uc_davis_jessup,UC Davis,13,"Burns, Sydney",True,26,2,2,1.0,1,1,1.0,2,2,1.0,0,6,6,1,9,2,0,2,7
2023-12-05_uc_davis_jessup,UC Davis,33,"Harris, Mazatlan",True,16,2,3,0.667,2,3,0.667,0,0,,1,1,2,2,1,0,0,1,6
2023-12-05_uc_davis_jessup,UC Davis,04,"Epps, Nya",False,17,3,6,0.5,0,1,0.0,0,0,,1,2,3,1,2,0,0,0,6
2023-12-05_uc_davis_jessup,UC Davis,41,"Shine, Bria",False,19,2,4,0.5,1,2,0.5,0,2,0.0,1,2,3,2,0,4,1,1,5
2023-12-05_uc_davis_jessup,UC Davis,11,"Glad, Clara",False,17,2,4,0.5,0,2,0.0,0,0,,2,1,3,2,0,0,0,0,4
2023-12-05_uc_davis_jessup,UC Davis,20,"Fitzgerald, Ally",False,14,2,5,0.4,0,1,0.0,0,0,,2,5,7,2,2,1,2,1,4
2023-12-05_uc_davis_jessup,UC Davis,03,"Gray, Campbell",False,13,0,0,,0,0,,2,2,1.0,0,1,1,0,2,4,0,1,2
2023-12-05_uc_davis_jessup,UC Davis,TM,TEAM,False,0,0,0,,0,0,,0,0,,1,2,3,0,0,1,0,0,0
2023-12-05_new_mexico_st_uc_irvine,UC Irvine,23,"Konate, Diaba",True,23,4,6,0.667,0,1,0.0,3,4,0.75,0,2,2,4,3,5,0,2,11
2023-12-05_new_mexico_st_uc_irvine,UC Irvine,3,"Tom, Nikki",True,35,4,7,0.571,1,2,0.5,0,0,,1,2,3,3,1,2,0,1,9
2023-12-05_new_mexico_st_uc_irvine,UC Irvine,13,"Lee, Déja",True,20,2,4,0.5,1,2,0.5,2,2,1.0,0,2,2,3,1,4,0,2,7
2023-12-05_new_mexico_st_uc_irvine,UC Irvine,22,"Djoko, Clara",True,19,1,3,0.333,0,0,,0,0,,0,1,1,0,1,1,1,0,2
2023-12-05_new_mexico_st_uc_irvine,UC Irvine,24,"Dean, Nevaeh",True,19,0,2,0.0,0,0,,0,0,,1,1,2,1,1,0,1,0,0
2023-12-05_new_mexico_st_uc_irvine,UC Irvine,12,"Nahum, Shirel",False,28,6,11,0.545,1,4,0.25,3,3,1.0,0,3,3,2,0,5,0,1,16
2023-12-05_new_mexico_st_uc_irvine,UC Irvine,32,"Parkinson, Nevaeh",False,21,1,3,0.333,0,0,,7,8,0.875,3,4,7,4,1,1,2,0,9
2023-12-05_new_mexico_st_uc_irvine,UC Irvine,1,"Johnson Sidi Baba, Moulayna",False,23,3,8,0.375,0,2,0.0,1,4,0.25,3,6,9,1,1,1,0,1,7
2023-12-05_new_mexico_st_uc_irvine,UC Irvine,11,"Scharpf, Amelia",False,12,0,4,0.0,0,2,0.0,0,0,,1,1,2,2,1,1,0,0,0
2023-12-05_new_mexico_st_uc_irvine,UC Irvine,TM,TEAM,False,0,0,0,,0,0,,0,0,,0,2,2,0,0,1,0,0,0
2023-12-05_new_mexico_st_uc_irvine,New Mexico St.,00,"Kaiser, Molly",True,39,6,19,0.316,1,3,0.333,2,2,1.0,3,1,4,1,1,4,1,2,15
2023-12-05_new_mexico_st_uc_irvine,New Mexico St.,10,"Gueye, Sabou",True,25,3,13,0.231,0,0,,4,4,1.0,3,2,5,5,1,4,0,4,10
2023-12-05_new_mexico_st_uc_irvine,New Mexico St.,2,"Rozing, Loes",True,25,1,3,0.333,0,0,,1,2,0.5,2,0,2,1,0,1,0,0,3
2023-12-05_new_mexico_st_uc_irvine,New Mexico St.,12,"Adams, Ene",True,11,1,2,0.5,0,0,,0,0,,1,4,5,4,1,3,0,0,2
2023-12-05_new_mexico_st_uc_irvine,New Mexico St.,3,"Sanchez-oliver, Sianny",True,27,0,3,0.0,0,0,,0,0,,1,2,3,4,2,1,0,2,0
2023-12-05_new_mexico_st_uc_irvine,New Mexico St.,34,"Masudi, Femme",False,25,3,6,0.5,0,0,,7,7,1.0,1,4,5,2,0,2,0,1,13
2023-12-05_new_mexico_st_uc_irvine,New Mexico St.,4,"Harding, Jaila",False,23,3,9,0.333,1,4,0.25,0,0,,1,1,2,2,1,0,0,0,7
2023-12-05_new_mexico_st_uc_irvine,New Mexico St.,23,"Peterson, Sylena",False,13,2,6,0.333,0,4,0.0,0,0,,0,1,1,4,0,2,0,0,4
2023-12-05_new_mexico_st_uc_irvine,New Mexico St.,24,"Yenes, Lucia",False,12,0,0,,0,0,,1,2,0.5,1,1,2,2,0,0,0,0,1
2023-12-05_new_mexico_st_uc_irvine,New Mexico St.,TM,TEAM,False,0,0,0,,0,0,,0,0,,0,1,1,0,0,0,0,0,0
2023-12-06_texas_long_beach_st,Long Beach St.,2,"Tucker, Savannah",True,35,8,16,0.5,5,7,0.714,1,2,0.5,1,1,2,2,1,3,0,3,22
2023-12-06_texas_long_beach_st,Long Beach St.,1,"Sonnier, Lovely",True,20,4,8,0.5,0,3,0.0,0,0,,5,0,5,4,2,3,1,2,8
2023-12-06_texas_long_beach_st,Long Beach St.,3,"Chung, Patricia",True,21,2,7,0.286,1,2,0.5,0,0,,1,1,2,3,1,5,0,0,5
2023-12-06_texas_long_beach_st,Long Beach St.,10,"Valenti Paea, Casey",True,21,1,4,0.25,0,0,,2,3,0.667,0,2,2,3,3,3,0,1,4
2023-12-06_texas_long_beach_st,Long Beach St.,22,"Woodley, Sydney",True,19,1,7,0.143,0,1,0.0,0,0,,2,2,4,5,0,2,0,2,2
2023-12-06_texas_long_beach_st,Long Beach St.,21,"Shoff, Abby",False,24,2,7,0.286,0,3,0.0,3,4,0.75,1,3,4,2,1,5,0,1,7
2023-12-06_texas_long_beach_st,Long Beach St.,12,"Crawshaw, Jada",False,20,2,7,0.286,0,1,0.0,3,3,1.0,2,2,4,4,0,3,1,1,7
2023-12-06_texas_long_beach_st,Long Beach St.,4,"Givens, Cheyenne",False,19,2,4,0.5,0,1,0.0,1,2,0.5,0,0,0,4,2,4,0,1,5
2023-12-06_texas_long_beach_st,Long Beach St.,52,"Matthews, Davai",False,8,1,1,1.0,0,0,,0,0,,0,2,2,5,0,1,0,0,2
2023-12-06_texas_long_beach_st,Long Beach St.,30,"Moore, Olivia",False,8,0,2,0.0,0,2,0.0,0,0,,1,0,1,0,0,1,0,0,0
2023-12-06_texas_long_beach_st,Long Beach St.,00,"Cummings, Lauren",False,5,0,0,,0,0,,0,0,,0,0,0,1,0,0,0,1,0
2023-12-06_texas_long_beach_st,Long Beach St.,TM,TEAM,False,0,0,0,,0,0,,0,0,,0,1,1,0,0,0,0,0,0
2023-12-06_texas_long_beach_st,Texas,44,"Jones, Taylor",True,20,7,10,0.7,0,0,,7,11,0.636,6,4,10,0,0,0,0,2,21
2023-12-06_texas_long_beach_st,Texas,3,"Harmon, Rori",True,22,7,10,0.7,0,1,0.0,3,4,0.75,1,3,4,1,1,0,0,6,17
2023-12-06_texas_long_beach_st,Texas,35,"Booker, Madison",True,19,3,11,0.273,2,4,0.5,0,0,,2,3,5,1,7,0,0,3,8
2023-12-06_texas_long_beach_st,Texas,14,"Muhammad, Amina",True,12,2,4,0.5,0,0,,1,3,0.333,1,1,2,0,1,1,0,0,5
2023-12-06_texas_long_beach_st,Texas,2,"Gonzales, Shaylee",True,6,1,2,0.5,0,0,,2,2,1.0,0,2,2,3,0,4,0,0,4
2023-12-06_texas_long_beach_st,Texas,32,"Mwenentanda, Ndjakalenga",False,23,7,11,0.636,0,0,,2,2,1.0,3,2,5,3,2,4,0,1,16
2023-12-06_texas_long_beach_st,Texas,20,"Faye, Khadija",False,12,3,3,1.0,0,0,,4,8,0.5,2,5,7,0,0,2,1,1,10
2023-12-06_texas_long_beach_st,Texas,5,"Gaston, Deyona",False,14,3,5,0.6,0,0,,3,4,0.75,2,3,5,1,0,0,2,1,9
2023-12-06_texas_long_beach_st,Texas,23,"Moore, Aaliyah",False,14,2,3,0.667,0,0,,0,2,0.0,2,2,4,3,0,4,0,1,4
2023-12-06_texas_long_beach_st,Texas,10,"Holle, Shay",False,23,1,4,0.25,0,2,0.0,1,2,0.5,2,0,2,2,1,1,0,1,3
2023-12-06_texas_long_beach_st,Texas,21,"Maul, Gisella",False,18,1,2,0.5,1,2,0.5,0,0,,0,4,4,2,2,3,0,0,3
2023-12-06_texas_long_beach_st,Texas,13,"Codio, Jordana",False,9,1,4,0.25,0,2,0.0,1,2,0.5,2,0,2,1,0,1,0,0,3
2023-12-06_texas_long_beach_st,Texas,8,"Herron, Tionna",False,8,1,3,0.333,0,0,,1,2,0.5,2,0,2,0,0,0,1,1,3
2023-12-06_texas_long_beach_st,Texas,TM,TEAM,False,0,0,0,,0,0,,0,0,,1,1,2,0,0,1,0,0,0
2023-12-06_fresno_st_cal_st_fullerton,Cal St. Fullerton,02,"Hassmann, Hope",True,36,7,11,0.636,2,2,1.0,6,6,1.0,0,4,4,1,3,2,0,1,22
2023-12-06_fresno_st_cal_st_fullerton,Cal St. Fullerton,32,"Lewis, Ashlee",True,32,7,11,0.636,0,0,,5,6,0.833,1,8,9,4,2,3,3,0,19
2023-12-06_fresno_st_cal_st_fullerton,Cal St. Fullerton,04,"Vidmar, Gabi",True,37,7,10,0.7,4,6,0.667,0,0,,0,2,2,0,4,3,1,2,18
2023-12-06_fresno_st_cal_st_fullerton,Cal St. Fullerton,24,"Neff, Kathryn",True,31,3,6,0.5,0,2,0.0,0,0,,0,1,1,3,2,1,2,1,6
2023-12-06_fresno_st_cal_st_fullerton,Cal St. Fullerton,21,"Tse, Allysan",True,9,1,3,0.333,1,1,1.0,0,0,,1,0,1,0,0,1,0,0,3
2023-12-06_fresno_st_cal_st_fullerton,Cal St. Fullerton,33,"Minor, Brielle",False,12,0,0,,0,0,,5,5,1.0,1,0,1,2,2,3,0,1,5
2023-12-06_fresno_st_cal_st_fullerton,Cal St. Fullerton,13,"Hernandez, Aixchel",False,8,2,5,0.4,0,0,,0,0,,1,2,3,1,2,0,0,0,4
2023-12-06_fresno_st_cal_st_fullerton,Cal St. Fullerton,03,"Salazar-Harrell, Kaliana",False,20,0,1,0.0,0,0,,0,0,,1,2,3,0,3,2,0,1,0
2023-12-06_fresno_st_cal_st_fullerton,Cal St. Fullerton,11,"MacDonald, Ruby",False,9,0,2,0.0,0,1,0.0,0,0,,0,1,1,1,0,0,0,1,0
2023-12-06_fresno_st_cal_st_fullerton,Cal St. Fullerton,23,"Strachan, Emily",False,6,0,1,0.0,0,0,,0,0,,0,1,1,1,0,1,0,0,0
2023-12-06_fresno_st_cal_st_fullerton,Cal St. Fullerton,TM,TEAM,False,0,0,0,,0,0,,0,0,,2,2,4,0,0,0,0,0,0
2023-12-06_fresno_st_cal_st_fullerton,Fresno St.,01,"Sta. Maria, Taija",True,37,6,8,0.75,0,0,,6,6,1.0,0,3,3,2,6,5,0,0,18
2023-12-06_fresno_st_cal_st_fullerton,Fresno St.,30,"Fox, Kylee",True,29,3,5,0.6,3,4,0.75,0,0,,0,1,1,2,0,1,0,1,9
2023-12-06_fresno_st_cal_st_fullerton,Fresno St.,23,"Jacobs, Mia",True,28,3,14,0.214,0,3,0.0,2,5,0.4,4,4,8,2,0,0,2,3,8
2023-12-06_fresno_st_cal_st_fullerton,Fresno St.,02,"Brown, Keely",True,24,2,6,0.333,0,1,0.0,2,4,0.5,0,0,0,2,2,3,0,2,6
2023-12-06_fresno_st_cal_st_fullerton,Fresno St.,12,"Dethman, Sydney",True,21,2,4,0.5,0,0,,0,0,,3,2,5,2,0,0,0,1,4
2023-12-06_fresno_st_cal_st_fullerton,Fresno St.,22,"Diatta, Bineta",False,19,5,8,0.625,0,0,,0,2,0.0,1,3,4,0,0,0,0,1,10
2023-12-06_fresno_st_cal_st_fullerton,Fresno St.,54,"Wittenberg, Franka",False,22,2,8,0.25,0,2,0.0,4,4,1.0,3,1,4,1,2,3,0,2,8
2023-12-06_fresno_st_cal_st_fullerton,Fresno St.,50,"Harvey, Deajanae",False,18,2,5,0.4,1,3,0.333,0,0,,0,1,1,0,2,1,0,0,5
2023-12-06_fresno_st_cal_st_fullerton,Fresno St.,11,"LeSueur, Malaya",False,2,0,1,0.0,0,0,,0,0,,0,1,1,0,0,0,0,0,0
2023-12-06_fresno_st_cal_st_fullerton,Fresno St.,TM,TEAM,False,0,0,0,,0,0,,0,0,,2,0,2,0,0,0,0,0,0
2023-12-06_boise_st_csu_bakersfield,CSU Bakersfield,00,"Brown, Shaunae",True,30,10,19,0.526,2,8,0.25,2,2,1.0,1,2,3,0,0,1,0,2,24
2023-12-06_boise_st_csu_bakersfield,CSU Bakersfield,23,"Olivares, Jordan",True,27,5,13,0.385,1,3,0.333,7,8,0.875,0,4,4,2,0,0,0,1,18
2023-12-06_boise_st_csu_bakersfield,CSU Bakersfield,12,"Johnson, Cassidy",True,19,2,4,0.5,0,0,,0,0,,1,0,1,2,0,1,0,1,4
2023-12-06_boise_st_csu_bakersfield,CSU Bakersfield,05,"Tougas, Sophia",True,20,1,7,0.143,1,4,0.25,0,0,,1,2,3,0,0,1,1,0,3
2023-12-06_boise_st_csu_bakersfield,CSU Bakersfield,33,"Riley, Julia",True,28,1,4,0.25,0,2,0.0,0,0,,0,1,1,2,1,1,0,1,2
2023-12-06_boise_st_csu_bakersfield,CSU Bakersfield,02,"Edwards, Morgan",False,18,3,8,0.375,1,2,0.5,0,0,,1,2,3,3,1,1,0,0,7
2023-12-06_boise_st_csu_bakersfield,CSU Bakersfield,32,"Freeman, Garrisen",False,12,0,0,,0,0,,4,4,1.0,1,2,3,2,2,0,0,0,4
2023-12-06_boise_st_csu_bakersfield,CSU Bakersfield,15,"Porter, Amourie",False,19,1,6,0.167,0,1,0.0,0,0,,0,3,3,0,0,0,0,0,2
2023-12-06_boise_st_csu_bakersfield,CSU Bakersfield,34,"Brooks, Jordan",False,8,1,1,1.0,0,0,,0,0,,0,2,2,4,0,1,0,0,2
2023-12-06_boise_st_csu_bakersfield,CSU Bakersfield,14,"Ortiz, Nseije",False,19,0,0,,0,0,,0,0,,0,1,1,2,1,0,0,1,0
2023-12-06_boise_st_csu_bakersfield,CSU Bakersfield,TM,TEAM,False,0,0,0,,0,0,,0,0,,1,1,2,0,0,1,0,0,0
2023-12-06_boise_st_csu_bakersfield,Boise St.,32,"Pasco, Natalie",True,33,6,11,0.545,2,6,0.333,1,2,0.5,1,2,3,0,1,2,0,0,15
2023-12-06_boise_st_csu_bakersfield,Boise St.,01,"Hansen, Mya",True,23,4,5,0.8,2,2,1.0,5,6,0.833,1,6,7,0,2,1,0,1,15
2023-12-06_boise_st_csu_bakersfield,Boise St.,22,"Hull, Trista",True,18,5,6,0.833,0,0,,0,0,,3,2,5,0,1,1,0,0,10
2023-12-06_boise_st_csu_bakersfield,Boise St.,12,"Naro, Mary Kay",True,28,3,6,0.5,2,4,0.5,0,0,,1,4,5,0,3,3,2,0,8
2023-12-06_boise_st_csu_bakersfield,Boise St.,33,"Muse, Abby",True,24,1,4,0.25,0,0,,6,8,0.75,2,7,9,2,3,2,4,2,8
2023-12-06_boise_st_csu_bakersfield,Boise St.,04,"Bayes, Dani",False,19,5,10,0.5,4,9,0.444,1,2,0.5,0,1,1,2,0,0,0,1,15
2023-12-06_boise_st_csu_bakersfield,Boise St.,00,"Thompson, Tatum",False,8,2,3,0.667,1,1,1.0,0,1,0.0,1,1,2,1,2,1,0,0,5
2023-12-06_boise_st_csu_bakersfield,Boise St.,15,"Christensen, Alyssa",False,10,1,4,0.25,0,1,0.0,2,2,1.0,1,4,5,0,1,0,0,0,4
2023-12-06_boise_st_csu_bakersfield,Boise St.,11,"Burgess, Kaitlin",False,3,1,1,1.0,1,1,1.0,0,0,,0,0,0,0,1,0,0,0,3
2023-12-06_boise_st_csu_bakersfield,Boise St.,23,"Lalotte, Elodie",False,16,1,4,0.25,0,0,,0,0,,0,0,0,3,1,0,0,0,2
2023-12-06_boise_st_csu_bakersfield,Boise St.,24,"Clark, Jayda",False,5,1,1,1.0,0,0,,0,0,,0,0,0,0,0,0,0,0,2
2023-12-06_boise_st_csu_bakersfield,Boise St.,02,"Lovrovich, Linsey",False,8,0,2,0.0,0,0,,0,0,,0,0,0,0,1,0,0,0,0
2023-12-06_boise_st_csu_bakersfield,Boise St.,05,"Hueckman, Allie",False,2,0,0,,0,0,,0,0,,0,1,1,0,0,0,0,0,0
2023-12-06_boise_st_csu_bakersfield,Boise St.,21,"McQuietor, Sydney",False,2,0,0,,0,0,,0,0,,0,0,0,0,0,0,0,0,0
2023-12-06_boise_st_csu_bakersfield,Boise St.,30,"Naro, Mackenzie",False,1,0,0,,0,0,,0,0,,0,0,0,0,0,0,0,0,0
2023-12-06_boise_st_csu_bakersfield,Boise St.,TM,TEAM,False,0,0,0,,0,0,,0,0,,1,4,5,0,0,0,0,0,0
2023-12-07_arizona_uc_san_diego,UC San Diego,24,"Pinto, Denali",True,24,3,6,0.5,1,4,0.25,7,7,1.0,0,1,1,0,0,2,0,2,14
2023-12-07_arizona_uc_san_diego,UC San Diego,03,"Sugapong, Sumayah",True,25,4,11,0.364,2,5,0.4,2,2,1.0,0,1,1,3,0,6,0,0,12
2023-12-07_arizona_uc_san_diego,UC San Diego,20,"Forsyth, Izzy",True,29,2,6,0.333,0,2,0.0,1,1,1.0,1,1,2,1,0,4,1,1,5
2023-12-07_arizona_uc_san_diego,UC San Diego,32,"Montgomery, Parker",True,35,1,5,0.2,0,1,0.0,0,0,,2,3,5,1,3,3,0,2,2
2023-12-07_arizona_uc_san_diego,UC San Diego,12,"Smith, Rosa",True,16,0,3,0.0,0,2,0.0,1,2,0.5,0,1,1,2,2,5,0,1,1
2023-12-07_arizona_uc_san_diego,UC San Diego,35,"Springs, Katie",False,22,2,3,0.667,0,0,,0,0,,4,3,7,0,1,2,1,2,4
2023-12-07_arizona_uc_san_diego,UC San Diego,23,"Blithikioti, Eri",False,22,0,1,0.0,0,1,0.0,0,0,,0,2,2,1,2,3,0,1,0
2023-12-07_arizona_uc_san_diego,UC San Diego,05,"Louther, Gabby",False,8,0,1,0.0,0,1,0.0,0,0,,0,0,0,2,0,0,0,0,0
2023-12-07_arizona_uc_san_diego,UC San Diego,22,"Gallegos, Gracie",False,8,0,3,0.0,0,1,0.0,0,0,,1,0,1,0,0,0,0,0,0
2023-12-07_arizona_uc_san_diego,UC San Diego,11,"Condron, Erin",False,7,0,1,0.0,0,0,,0,0,,0,0,0,1,0,2,0,0,0
2023-12-07_arizona_uc_san_diego,UC San Diego,33,"Svoboda, Emma",False,4,0,0,,0,0,,0,0,,0,0,0,0,0,0,0,0,0
2023-12-07_arizona_uc_san_diego,UC San Diego,TM,TEAM,False,0,0,0,,0,0,,0,0,,2,3,5,0,0,1,0,0,0
2023-12-07_arizona_uc_san_diego,Arizona,02,"Williams, Jada",True,22,5,9,0.556,3,7,0.429,2,2,1.0,1,0,1,3,1,1,0,5,15
2023-12-07_arizona_uc_san_diego,Arizona,25,"Cunningham, Breya",True,26,6,7,0.857,0,0,,0,0,,6,4,10,4,4,3,3,2,12
2023-12-07_arizona_uc_san_diego,Arizona,15,"Gilbert, Kailyn",True,22,5,11,0.455,1,2,0.5,0,0,,0,1,1,2,1,4,0,3,11
2023-12-07_arizona_uc_san_diego,Arizona,13,"Pueyo, Helena",True,25,2,6,0.333,0,4,0.0,0,0,,0,2,2,1,2,1,0,1,4
2023-12-07_arizona_uc_san_diego,Arizona,12,"Martinez, Esmery",True,7,0,1,0.0,0,0,,0,0,,0,1,1,1,1,1,1,1,0
2023-12-07_arizona_uc_san_diego,Arizona,24,"Kourouma, Sali",False,25,6,10,0.6,1,1,1.0,0,1,0.0,1,3,4,1,3,1,0,1,13
2023-12-07_arizona_uc_san_diego,Arizona,01,"Blakely, Courtney",False,19,3,5,0.6,2,2,1.0,2,2,1.0,2,0,2,1,3,2,0,2,10
2023-12-07_arizona_uc_san_diego,Arizona,04,"Jones, Skylar",False,22,3,3,1.0,3,3,1.0,0,0,,0,4,4,1,1,0,0,1,9
2023-12-07_arizona_uc_san_diego,Arizona,23,"Nnaji, Maya",False,15,3,8,0.375,0,1,0.0,1,1,1.0,0,0,0,0,0,0,0,1,7
2023-12-07_arizona_uc_san_diego,Arizona,33,"Beh, Isis",False,17,0,3,0.0,0,0,,0,0,,3,2,5,5,0,1,0,1,0
2023-12-07_arizona_uc_san_diego,Arizona,TM,TEAM,False,0,0,0,,0,0,,0,0,,3,1,4,0,0,1,0,0,0
2023-12-07_ucla_csun,CSUN,1,"Ferguson, Amiyah",True,33,7,16,0.438,6,8,0.75,1,2,0.5,0,1,1,0,2,7,0,1,21
2023-12-07_ucla_csun,CSUN,24,"Spriggs, Kayanna",True,26,1,6,0.167,0,0,,3,6,0.5,1,0,1,4,0,1,0,0,5
2023-12-07_ucla_csun,CSUN,22,"Elsholz, Kaitlyn",True,22,1,5,0.2,1,4,0.25,0,0,,0,2,2,1,0,2,0,1,3
2023-12-07_ucla_csun,CSUN,43,"Nikishina , Arina",True,20,1,6,0.167,0,0,,0,0,,0,3,3,5,1,2,2,0,2
2023-12-07_ucla_csun,CSUN,20,"Adams, Erica",True,14,0,3,0.0,0,0,,2,2,1.0,0,0,0,0,1,1,0,1,2
2023-12-07_ucla_csun,CSUN,15,"Amundsen, Laney",False,25,3,8,0.375,3,4,0.75,0,0,,0,3,3,1,0,3,0,3,9
2023-12-07_ucla_csun,CSUN,4,"Harvey, Rachel",False,12,1,2,0.5,0,0,,2,2,1.0,0,0,0,2,0,1,0,0,4
2023-12-07_ucla_csun,CSUN,23,"Li-uperesa, Talo",False,21,1,5,0.2,0,3,0.0,0,0,,0,1,1,3,1,2,0,0,2
2023-12-07_ucla_csun,CSUN,11,"Smith, Olivia",False,15,0,2,0.0,0,1,0.0,0,0,,0,1,1,0,0,1,0,1,0
2023-12-07_ucla_csun,CSUN,10,"Lizama, Alondra",False,12,0,2,0.0,0,1,0.0,0,0,,0,3,3,4,3,2,0,0,0
2023-12-07_ucla_csun,CSUN,TM,TEAM,False,0,0,0,,0,0,,0,0,,1,2,3,0,0,2,0,0,0
2023-12-07_ucla_csun,UCLA,51,"Betts, Lauren",True,17,7,9,0.778,0,0,,4,6,0.667,3,0,3,0,0,1,2,1,18
2023-12-07_ucla_csun,UCLA,1,"Rice, Kiki",True,26,4,7,0.571,1,2,0.5,5,5,1.0,0,10,10,2,10,2,0,7,14
2023-12-07_ucla_csun,UCLA,32,"Dugalić, Angela",True,24,6,10,0.6,0,2,0.0,1,3,0.333,1,6,7,3,4,1,1,2,13
2023-12-07_ucla_csun,UCLA,20,"Osborne, Charisma",True,27,3,10,0.3,1,7,0.143,2,2,1.0,2,1,3,2,6,2,0,4,9
2023-12-07_ucla_csun,UCLA,35,"Brown, Camryn",True,22,3,5,0.6,0,1,0.0,1,2,0.5,1,1,2,0,0,0,1,1,7
2023-12-07_ucla_csun,UCLA,3,"Jones, Londynn",False,25,7,11,0.636,4,6,0.667,1,2,0.5,2,1,3,3,5,1,0,1,19
2023-12-07_ucla_csun,UCLA,23,"Jaquez, Gabriela",False,23,7,12,0.583,1,5,0.2,3,4,0.75,2,7,9,1,2,3,0,1,18
2023-12-07_ucla_csun,UCLA,22,"Iwuala, Christeen",False,17,5,6,0.833,0,0,,0,2,0.0,4,2,6,4,1,1,0,1,10
2023-12-07_ucla_csun,UCLA,33,"Muse, Amanda",False,9,1,4,0.25,0,0,,1,4,0.25,2,2,4,1,0,0,0,0,3
2023-12-07_ucla_csun,UCLA,43,"Anstey, Izzy",False,10,0,0,,0,0,,0,0,,0,5,5,0,1,0,0,1,0
2023-12-07_ucla_csun,UCLA,TM,TEAM,False,0,0,0,,0,0,,0,0,,1,1,2,0,0,2,0,0,0
2023-12-08_pacific_uc_santa_barbara,UC Santa Barbara,23,"Whitfield, Alexis",True,34,8,15,0.533,1,1,1.0,3,4,0.75,1,9,10,1,2,6,1,0,20
2023-12-08_pacific_uc_santa_barbara,UC Santa Barbara,03,"Marin, Alyssa",True,33,2,10,0.2,1,3,0.333,4,4,1.0,0,3,3,5,2,4,0,0,9
2023-12-08_pacific_uc_santa_barbara,UC Santa Barbara,10,"Choice, Anya",True,15,1,3,0.333,0,1,0.0,2,2,1.0,0,1,1,3,0,2,0,0,4
2023-12-08_pacific_uc_santa_barbara,UC Santa Barbara,13,"Goed, Flora",True,16,1,3,0.333,0,0,,0,0,,1,1,2,5,0,1,1,0,2
2023-12-08_pacific_uc_santa_barbara,UC Santa Barbara,55,"Burke, Skylar",True,11,0,4,0.0,0,1,0.0,0,0,,0,1,1,1,0,1,0,0,0
2023-12-08_pacific_uc_santa_barbara,UC Santa Barbara,32,"Grant, Jessica",False,28,6,10,0.6,5,9,0.556,0,0,,0,0,0,0,1,0,0,2,17
2023-12-08_pacific_uc_santa_barbara,UC Santa Barbara,20,"Rockwood, Laurel",False,24,3,6,0.5,0,0,,1,2,0.5,3,1,4,3,0,1,0,0,7
2023-12-08_pacific_uc_santa_barbara,UC Santa Barbara,15,"McMorris, Mary",False,16,1,6,0.167,0,1,0.0,0,0,,0,1,1,3,3,0,0,0,2
2023-12-08_pacific_uc_santa_barbara,UC Santa Barbara,02,"Borter, Zoe",False,18,0,1,0.0,0,1,0.0,0,0,,0,0,0,0,0,0,0,0,0
2023-12-08_pacific_uc_santa_barbara,UC Santa Barbara,05,"Bradley, Olivia",False,5,0,0,,0,0,,0,0,,1,1,2,0,0,0,0,0,0
2023-12-08_pacific_uc_santa_barbara,UC Santa Barbara,TM,TEAM,False,0,0,0,,0,0,,0,0,,0,0,0,0,0,1,0,0,0
2023-12-08_pacific_uc_santa_barbara,Pacific,24,"Smith, Liz",True,37,6,11,0.545,3,5,0.6,9,11,0.818,0,0,0,0,1,6,0,3,24
2023-12-08_pacific_uc_santa_barbara,Pacific,03,"James, Anaya",True,35,6,13,0.462,1,2,0.5,0,0,,2,2,4,3,3,1,0,0,13
2023-12-08_pacific_uc_santa_barbara,Pacific,14,"Elliott, Elizabeth",True,18,5,9,0.556,0,0,,2,2,1.0,2,5,7,1,0,1,1,1,12
2023-12-08_pacific_uc_santa_barbara,Pacific,01,"Deaton, Kadie",True,18,0,6,0.0,0,2,0.0,2,2,1.0,0,3,3,4,3,1,0,0,2
2023-12-08_pacific_uc_santa_barbara,Pacific,11,"Holmberg, Cecilia",True,12,1,5,0.2,0,2,0.0,0,0,,3,0,3,2,0,2,0,0,2
2023-12-08_pacific_uc_santa_barbara,Pacific,04,"Schweizer, Rosie",False,14,2,6,0.333,0,1,0.0,3,4,0.75,2,4,6,3,1,2,0,0,7
2023-12-08_pacific_uc_santa_barbara,Pacific,33,"Ennis, Madelene",False,28,2,3,0.667,0,0,,1,1,1.0,1,0,1,2,4,0,0,0,5
2023-12-08_pacific_uc_santa_barbara,Pacific,15,"Lowery, Nyah",False,18,2,3,0.667,1,2,0.5,0,0,,0,4,4,3,2,1,0,0,5
2023-12-08_pacific_uc_santa_barbara,Pacific,25,"Glazier, Lauren",False,7,1,1,1.0,0,0,,0,0,,0,0,0,0,0,0,0,0,2
2023-12-08_pacific_uc_santa_barbara,Pacific,10,"Ward, Sydney",False,9,0,0,,0,0,,0,0,,0,4,4,0,0,1,0,1,0
2023-12-08_pacific_uc_santa_barbara,Pacific,23,"Durrill, Kenlee",False,4,0,0,,0,0,,0,0,,0,0,0,1,0,0,0,0,0
2023-12-08_pacific_uc_santa_barbara,Pacific,TM,TEAM,False,0,0,0,,0,0,,0,0,,1,0,1,0,0,2,0,0,0
2023-12-09_cal_poly_fresno_st,Fresno St.,1,"Sta. Maria, Taija",True,34,5,13,0.385,1,5,0.2,5,6,0.833,0,4,4,2,1,1,0,0,16
2023-12-09_cal_poly_fresno_st,Fresno St.,2,"Brown, Keely",True,31,3,7,0.429,2,3,0.667,6,6,1.0,1,4,5,2,1,3,0,1,14
2023-12-09_cal_poly_fresno_st,Fresno St.,12,"Dethman, Sydney",True,27,4,9,0.444,0,1,0.0,0,2,0.0,5,2,7,2,1,2,0,1,8
2023-12-09_cal_poly_fresno_st,Fresno St.,30,"Fox, Kylee",True,27,1,5,0.2,0,1,0.0,2,2,1.0,1,3,4,1,1,1,0,0,4
2023-12-09_cal_poly_fresno_st,Fresno St.,23,"Jacobs, Mia",True,29,1,8,0.125,1,2,0.5,0,0,,1,2,3,3,1,2,1,0,3
2023-12-09_cal_poly_fresno_st,Fresno St.,54,"Wittenberg, Franka",False,23,2,8,0.25,0,0,,1,6,0.167,1,1,2,1,1,1,0,1,5
2023-12-09_cal_poly_fresno_st,Fresno St.,22,"Diatta, Bineta",False,10,1,3,0.333,0,0,,2,2,1.0,2,1,3,1,1,0,0,0,4
2023-12-09_cal_poly_fresno_st,Fresno St.,11,"Lesueur, Malaya",False,10,1,2,0.5,0,0,,1,4,0.25,0,1,1,0,0,0,0,1,3
2023-12-09_cal_poly_fresno_st,Fresno St.,00,"Bayrak, Elif Dila",False,2,0,0,,0,0,,2,2,1.0,0,0,0,0,0,1,0,0,2
2023-12-09_cal_poly_fresno_st,Fresno St.,32,"Mikkelsen, Thea",False,3,0,0,,0,0,,0,0,,0,0,0,1,0,0,0,0,0
2023-12-09_cal_poly_fresno_st,Fresno St.,10,"Chatfield, Alannah",False,2,0,0,,0,0,,0,0,,0,0,0,0,0,0,0,0,0
2023-12-09_cal_poly_fresno_st,Fresno St.,13,"Konstantinidou, Maria",False,2,0,0,,0,0,,0,0,,0,0,0,1,0,0,0,0,0
2023-12-09_cal_poly_fresno_st,Fresno St.,TM,TEAM,False,0,0,0,,0,0,,0,0,,2,2,4,0,0,0,0,0,0
2023-12-09_cal_poly_fresno_st,Cal Poly,2,"Shah, Annika",True,32,6,12,0.5,4,7,0.571,0,0,,1,2,3,1,2,0,0,1,16
2023-12-09_cal_poly_fresno_st,Cal Poly,10,"Richards, Sidney",True,18,6,8,0.75,0,1,0.0,0,0,,0,1,1,4,0,1,0,0,12
2023-12-09_cal_poly_fresno_st,Cal Poly,5,"McNicholas, Ania",True,34,4,9,0.444,2,5,0.4,0,0,,0,6,6,4,7,0,0,2,10
2023-12-09_cal_poly_fresno_st,Cal Poly,33,"Olinger, Amanda",True,19,3,6,0.5,0,1,0.0,0,0,,0,2,2,3,2,1,1,0,6
2023-12-09_cal_poly_fresno_st,Cal Poly,15,"Bourland, Sydney",True,32,1,3,0.333,0,0,,0,2,0.0,1,3,4,1,2,3,1,0,2
2023-12-09_cal_poly_fresno_st,Cal Poly,35,"Ackerman, Natalia",False,21,9,9,1.0,0,0,,1,2,0.5,2,8,10,3,3,2,3,1,19
2023-12-09_cal_poly_fresno_st,Cal Poly,4,"Lichtie, Sierra",False,32,5,7,0.714,1,1,1.0,6,6,1.0,0,7,7,2,4,2,1,2,17
2023-12-09_cal_poly_fresno_st,Cal Poly,12,"Billing, Jordan",False,7,0,3,0.0,0,2,0.0,2,2,1.0,1,0,1,2,0,0,0,1,2
2023-12-09_cal_poly_fresno_st,Cal Poly,25,"Hoffman, Jordan",False,3,0,0,,0,0,,0,0,,0,0,0,1,1,0,0,0,0
2023-12-09_cal_poly_fresno_st,Cal Poly,3,"Richardson, Diamond",False,2,0,1,0.0,0,0,,0,0,,0,0,0,0,0,0,0,0,0
2023-12-09_cal_poly_fresno_st,Cal Poly,TM,TEAM,False,0,0,0,,0,0,,0,0,,1,1,2,0,0,1,0,0,0
2023-12-10_uc_davis_saint_marys_ca,Saint Mary's (CA),33,"Bamberger, Ali",True,19,6,12,0.5,2,5,0.4,2,2,1.0,0,1,1,0,0,2,0,0,16
2023-12-10_uc_davis_saint_marys_ca,Saint Mary's (CA),10,"Dalton, Tayla",True,29,4,5,0.8,0,0,,3,6,0.5,0,1,1,2,3,2,0,0,11
2023-12-10_uc_davis_saint_marys_ca,Saint Mary's (CA),24,"Aokuso, Zeryhia",True,23,1,7,0.143,0,0,,0,0,,0,1,1,2,5,0,0,0,2
2023-12-10_uc_davis_saint_marys_ca,Saint Mary's (CA),03,"Hanafin, Leia",True,19,1,2,0.5,0,1,0.0,0,0,,0,2,2,1,0,1,0,2,2
2023-12-10_uc_davis_saint_marys_ca,Saint Mary's (CA),21,"Rapp, Hannah",True,13,0,2,0.0,0,0,,0,0,,1,1,2,2,0,0,0,0,0
2023-12-10_uc_davis_saint_marys_ca,Saint Mary's (CA),23,"Wedin, Addison",False,23,4,6,0.667,2,3,0.667,0,0,,0,1,1,3,1,1,0,0,10
2023-12-10_uc_davis_saint_marys_ca,Saint Mary's (CA),08,"Foy, Emily",False,27,3,6,0.5,1,2,0.5,0,0,,1,6,7,1,1,0,0,1,7
2023-12-10_uc_davis_saint_marys_ca,Saint Mary's (CA),09,"Jones, Maia",False,16,1,4,0.25,0,1,0.0,3,4,0.75,1,1,2,1,2,1,0,1,5
2023-12-10_uc_davis_saint_marys_ca,Saint Mary's (CA),01,"Mastora, Makena",False,12,2,5,0.4,0,0,,1,1,1.0,0,0,0,3,0,0,0,0,5
2023-12-10_uc_davis_saint_marys_ca,Saint Mary's (CA),31,"Bernard, Nadia",False,6,2,4,0.5,0,0,,1,1,1.0,2,1,3,0,0,1,0,0,5
2023-12-10_uc_davis_saint_marys_ca,Saint Mary's (CA),12,"Vlahov, Ruby",False,13,1,3,0.333,1,3,0.333,0,0,,0,1,1,1,1,1,0,0,3
2023-12-10_uc_davis_saint_marys_ca,Saint Mary's (CA),TM,TEAM,False,0,0,0,,0,0,,0,0,,0,2,2,0,0,0,0,0,0
2023-12-10_uc_davis_saint_marys_ca,UC Davis,15,"Turner, Evanne",True,31,8,10,0.8,5,7,0.714,2,2,1.0,0,1,1,3,3,2,0,2,23
2023-12-10_uc_davis_saint_marys_ca,UC Davis,14,"Sabel, Tova",True,30,6,15,0.4,4,9,0.444,0,0,,0,6,6,0,2,0,0,0,16
2023-12-10_uc_davis_saint_marys_ca,UC Davis,13,"Burns, Sydney",True,27,3,6,0.5,1,4,0.25,7,8,0.875,1,4,5,2,5,2,0,1,14
2023-12-10_uc_davis_saint_marys_ca,UC Davis,25,"Norris, Megan",True,22,3,4,0.75,0,1,0.0,5,5,1.0,1,5,6,2,4,0,0,0,11
2023-12-10_uc_davis_saint_marys_ca,UC Davis,33,"Harris, Mazatlan",True,25,4,5,0.8,2,3,0.667,0,0,,1,6,7,1,4,0,0,0,10
2023-12-10_uc_davis_saint_marys_ca,UC Davis,41,"Shine, Bria",False,15,2,2,1.0,0,0,,0,0,,1,2,3,0,0,1,1,0,4
2023-12-10_uc_davis_saint_marys_ca,UC Davis,20,"Fitzgerald, Ally",False,11,2,2,1.0,0,0,,0,0,,1,0,1,2,0,2,1,0,4
2023-12-10_uc_davis_saint_marys_ca,UC Davis,04,"Epps, Nya",False,18,1,6,0.167,0,3,0.0,1,2,0.5,1,1,2,3,1,0,0,0,3
2023-12-10_uc_davis_saint_marys_ca,UC Davis,11,"Glad, Clara",False,8,1,2,0.5,0,1,0.0,0,0,,0,0,0,0,0,0,0,0,2
2023-12-10_uc_davis_saint_marys_ca,UC Davis,03,"Gray, Campbell",False,13,0,2,0.0,0,1,0.0,0,0,,0,3,3,2,3,0,1,0,0
2023-12-10_uc_davis_saint_marys_ca,UC Davis,TM,TEAM,False,0,0,0,,0,0,,0,0,,0,1,1,0,0,0,0,0,0
2023-12-10_csun_san_diego,San Diego,24,"Horstmeyer, Kylie",True,31,6,12,0.5,0,1,0.0,0,0,,3,1,4,0,2,2,0,0,12
2023-12-10_csun_san_diego,San Diego,1,"Wristen, Courtney",True,30,3,6,0.5,3,5,0.6,3,4,0.75,0,9,9,2,5,2,1,1,12
2023-12-10_csun_san_diego,San Diego,23,"Kaur, Harsimran",True,19,3,5,0.6,0,0,,5,6,0.833,3,2,5,5,1,1,0,1,11
2023-12-10_csun_san_diego,San Diego,2,"Sheffey, Veronica",True,34,4,9,0.444,0,0,,2,4,0.5,1,2,3,2,8,2,0,1,10
2023-12-10_csun_san_diego,San Diego,10,"Horton, Dylan",True,21,2,5,0.4,0,3,0.0,2,2,1.0,0,2,2,1,1,0,0,0,6
2023-12-10_csun_san_diego,San Diego,3,"Finney, Jess",False,17,5,5,1.0,4,4,1.0,0,0,,0,2,2,3,1,0,0,0,14
2023-12-10_csun_san_diego,San Diego,22,"Neubert, Kasey",False,23,4,7,0.571,0,0,,3,4,0.75,3,4,7,1,2,3,0,3,11
2023-12-10_csun_san_diego,San Diego,4,"Wawszkowicz, Mila",False,9,2,4,0.5,0,1,0.0,1,1,1.0,2,0,2,0,0,0,0,1,5
2023-12-10_csun_san_diego,San Diego,11,"Tharpe, Malia",False,7,1,2,0.5,0,0,,0,0,,2,2,4,0,0,0,0,0,2
2023-12-10_csun_san_diego,San Diego,5,"McCall, Lauren",False,6,1,1,1.0,0,0,,0,0,,0,1,1,1,1,2,0,0,2
2023-12-10_csun_san_diego,San Diego,14,"Vejsicky, Maddie",False,3,0,1,0.0,0,1,0.0,0,0,,0,0,0,0,0,1,0,0,0
2023-12-10_csun_san_diego,San Diego,TM,TEAM,False,0,0,0,,0,0,,0,0,,2,2,4,0,0,1,0,0,0
2023-12-10_csun_san_diego,CSUN,22,"Elsholz, Kaitlyn",True,27,5,12,0.417,3,8,0.375,0,0,,1,1,2,2,3,3,1,2,13
2023-12-10_csun_san_diego,CSUN,20,"Adams, Erica",True,32,5,10,0.5,0,2,0.0,2,4,0.5,0,1,1,1,2,1,0,1,12
2023-12-10_csun_san_diego,CSUN,24,"Spriggs, Kayanna",True,27,2,5,0.4,0,0,,8,12,0.667,2,1,3,4,1,0,0,1,12
2023-12-10_csun_san_diego,CSUN,1,"Ferguson, Amiyah",True,27,2,7,0.286,1,4,0.25,2,2,1.0,1,0,1,2,4,2,0,0,7
2023-12-10_csun_san_diego,CSUN,23,"Li-uperesa, Talo",True,15,1,2,0.5,0,0,,0,0,,0,0,0,2,0,0,1,0,2
2023-12-10_csun_san_diego,CSUN,15,"Amundsen, Laney",False,25,5,9,0.556,2,4,0.5,0,0,,0,1,1,3,0,1,0,0,12
2023-12-10_csun_san_diego,CSUN,43,"Nikishina , Arina",False,8,1,3,0.333,0,0,,0,0,,0,1,1,2,0,0,0,0,2
2023-12-10_csun_san_diego,CSUN,4,"Harvey, Rachel",False,15,0,2,0.0,0,0,,1,2,0.5,0,3,3,1,2,0,0,0,1
2023-12-10_csun_san_diego,CSUN,11,"Smith, Olivia",False,14,0,0,,0,0,,0,0,,0,0,0,0,1,0,0,1,0
2023-12-10_csun_san_diego,CSUN,10,"Lizama, Alondra",False,10,0,0,,0,0,,0,0,,0,0,0,0,0,1,1,0,0
2023-12-10_csun_san_diego,CSUN,TM,TEAM,False,0,0,0,,0,0,,0,0,,1,2,3,0,0,3,0,0,0
2023-12-10_southern_california_uc_riverside,UC Riverside,32,"Webster, Jordan",True,38,7,16,0.438,5,9,0.556,1,1,1.0,0,3,3,0,4,2,0,1,20
2023-12-10_southern_california_uc_riverside,UC Riverside,1,"Bryant, Matehya",True,29,7,13,0.538,0,1,0.0,0,0,,2,2,4,5,0,1,0,1,14
2023-12-10_southern_california_uc_riverside,UC Riverside,3,"Tillery, Zoe",True,28,2,4,0.5,2,3,0.667,0,0,,0,1,1,2,1,2,0,3,6
2023-12-10_southern_california_uc_riverside,UC Riverside,00,"Jackson, Makayla",True,27,0,6,0.0,0,1,0.0,2,2,1.0,2,0,2,1,0,1,0,0,2
2023-12-10_southern_california_uc_riverside,UC Riverside,10,"Stenberg, Julia",True,17,0,1,0.0,0,1,0.0,0,0,,0,2,2,0,1,0,0,0,0
2023-12-10_southern_california_uc_riverside,UC Riverside,4,"Marshall, Jordyn",False,15,1,2,0.5,0,0,,5,5,1.0,0,2,2,1,1,4,0,0,7
2023-12-10_southern_california_uc_riverside,UC Riverside,15,"Sanderson, Jaden",False,15,1,3,0.333,0,0,,0,0,,1,2,3,0,1,1,0,0,2
2023-12-10_southern_california_uc_riverside,UC Riverside,5,"Murphy, Sasha",False,3,0,0,,0,0,,2,2,1.0,0,0,0,0,0,0,0,0,2
2023-12-10_southern_california_uc_riverside,UC Riverside,11,"Matarranz, Esther",False,19,0,3,0.0,0,1,0.0,0,2,0.0,0,0,0,4,1,2,0,2,0
2023-12-10_southern_california_uc_riverside,UC Riverside,13,"Chocano, Maya",False,9,0,1,0.0,0,1,0.0,0,0,,1,1,2,0,0,2,0,0,0
2023-12-10_southern_california_uc_riverside,UC Riverside,TM,TEAM,False,0,0,0,,0,0,,0,0,,3,2,5,0,0,2,0,0,0
2023-12-10_southern_california_uc_riverside,Southern California,12,"Watkins, Juju",True,29,10,16,0.625,4,6,0.667,3,6,0.5,0,3,3,0,5,1,2,5,27
2023-12-10_southern_california_uc_riverside,Southern California,25,"Forbes, McKenzie",True,26,5,8,0.625,1,3,0.333,0,0,,1,2,3,0,5,1,0,2,11
2023-12-10_southern_california_uc_riverside,Southern California,13,"Marshall, Rayah",True,24,3,8,0.375,0,1,0.0,5,6,0.833,3,9,12,0,3,0,3,0,11
2023-12-10_southern_california_uc_riverside,Southern California,1,"Bigby, Taylor",True,18,3,6,0.5,2,3,0.667,1,1,1.0,0,0,0,1,1,1,1,0,9
2023-12-10_southern_california_uc_riverside,Southern California,45,"Padilla, Kayla",True,22,3,5,0.6,2,4,0.5,0,0,,0,3,3,2,1,2,0,0,8
2023-12-10_southern_california_uc_riverside,Southern California,24,"Davis, Kaitlyn",False,11,3,5,0.6,0,0,,0,1,0.0,4,0,4,0,2,1,0,1,6
2023-12-10_southern_california_uc_riverside,Southern California,10,"Samuels, Malia",False,17,2,2,1.0,0,0,,0,0,,0,0,0,1,1,2,0,2,4
2023-12-10_southern_california_uc_riverside,Southern California,34,"Akunwafo, Clarice",False,11,2,2,1.0,0,0,,0,0,,2,1,3,1,0,0,3,0,4
2023-12-10_southern_california_uc_riverside,Southern California,2,"Otto, India",False,2,1,2,0.5,1,2,0.5,0,0,,0,0,0,0,0,0,0,0,3
2023-12-10_southern_california_uc_riverside,Southern California,4,"Williams, Kayla",False,9,1,3,0.333,0,1,0.0,0,1,0.0,0,0,0,3,0,1,0,0,2
2023-12-10_southern_california_uc_riverside,Southern California,21,"Onu, Dominique",False,16,0,1,0.0,0,1,0.0,0,0,,0,2,2,0,4,2,1,0,0
2023-12-10_southern_california_uc_riverside,Southern California,30,"Makolo, Roxane",False,11,0,1,0.0,0,1,0.0,0,0,,1,0,1,2,0,1,0,0,0
2023-12-10_southern_california_uc_riverside,Southern California,3,"Gayles, Aaliyah",False,4,0,0,,0,0,,0,0,,1,0,1,1,0,0,0,0,0
2023-12-10_southern_california_uc_riverside,Southern California,TM,TEAM,False,0,0,0,,0,0,,0,0,,3,2,5,0,0,0,0,0,0
2023-12-15_long_beach_st_colorado_st,Colorado St.,4,"Hofschild, McKenna",True,38,9,20,0.45,3,6,0.5,7,7,1.0,0,2,2,3,6,5,0,1,28
2023-12-15_long_beach_st_colorado_st,Colorado St.,30,"Ronsiek, Hannah",True,27,6,10,0.6,2,5,0.4,0,0,,0,5,5,4,0,2,1,1,14
2023-12-15_long_beach_st_colorado_st,Colorado St.,00,"Kinzer, Kendyll",True,28,3,9,0.333,2,5,0.4,1,2,0.5,1,6,7,2,2,1,1,0,9
2023-12-15_long_beach_st_colorado_st,Colorado St.,20,"Strom, Sanna",True,28,3,9,0.333,0,4,0.0,0,0,,2,1,3,3,1,2,0,0,6
2023-12-15_long_beach_st_colorado_st,Colorado St.,24,"Mech, Sydney",True,37,1,4,0.25,1,3,0.333,0,0,,1,4,5,3,1,2,0,0,3
2023-12-15_long_beach_st_colorado_st,Colorado St.,14,"Leimane, Marta",False,17,3,5,0.6,1,1,1.0,2,2,1.0,0,3,3,1,1,3,0,0,9
2023-12-15_long_beach_st_colorado_st,Colorado St.,32,"Crocker, Cailyn",False,15,0,0,,0,0,,4,7,0.571,0,3,3,2,2,0,1,0,4
2023-12-15_long_beach_st_colorado_st,Colorado St.,55,"Boyd, Meghan",False,8,1,4,0.25,1,4,0.25,0,0,,0,1,1,1,0,0,0,0,3
2023-12-15_long_beach_st_colorado_st,Colorado St.,11,"Carman, Jackie",False,2,0,0,,0,0,,0,0,,0,0,0,0,0,1,0,0,0
2023-12-15_long_beach_st_colorado_st,Colorado St.,TM,TEAM,False,0,0,0,,0,0,,0,0,,1,2,3,0,0,0,0,0,0
2023-12-15_long_beach_st_colorado_st,Long Beach St.,22,"Woodley, Sydney",True,35,9,13,0.692,0,2,0.0,1,2,0.5,2,2,4,1,2,3,0,7,19
2023-12-15_long_beach_st_colorado_st,Long Beach St.,10,"Valenti Paea, Casey",True,29,5,10,0.5,2,3,0.667,3,4,0.75,4,2,6,3,2,2,0,1,15
2023-12-15_long_beach_st_colorado_st,Long Beach St.,3,"Chung, Patricia",True,32,2,7,0.286,0,4,0.0,4,5,0.8,1,9,10,2,1,1,0,0,8
2023-12-15_long_beach_st_colorado_st,Long Beach St.,1,"Sonnier, Lovely",True,13,2,6,0.333,0,3,0.0,0,0,,2,1,3,2,2,1,0,0,4
2023-12-15_long_beach_st_colorado_st,Long Beach St.,2,"Tucker, Savannah",True,35,1,7,0.143,0,3,0.0,1,4,0.25,1,6,7,2,1,0,0,0,3
2023-12-15_long_beach_st_colorado_st,Long Beach St.,4,"Givens, Cheyenne",False,24,7,16,0.438,3,6,0.5,2,4,0.5,0,2,2,3,3,2,0,2,19
2023-12-15_long_beach_st_colorado_st,Long Beach St.,12,"Crawshaw, Jada",False,20,2,8,0.25,1,4,0.25,4,4,1.0,1,7,8,1,3,4,1,0,9
2023-12-15_long_beach_st_colorado_st,Long Beach St.,52,"Matthews, Davai",False,10,0,2,0.0,0,0,,0,0,,1,1,2,5,0,3,0,0,0
2023-12-15_long_beach_st_colorado_st,Long Beach St.,30,"Moore, Olivia",False,2,0,0,,0,0,,0,0,,0,0,0,0,0,0,0,1,0
2023-12-15_long_beach_st_colorado_st,Long Beach St.,TM,TEAM,False,0,0,0,,0,0,,0,0,,4,0,4,0,0,2,0,0,0
2023-12-16_colorado_st_uc_irvine,UC Irvine,13,"Lee, Déja",True,33,4,14,0.286,1,5,0.2,2,2,1.0,3,2,5,1,1,2,1,5,11
2023-12-16_colorado_st_uc_irvine,UC Irvine,23,"Konate, Diaba",True,28,5,16,0.312,0,3,0.0,1,2,0.5,2,4,6,5,3,5,0,3,11
2023-12-16_colorado_st_uc_irvine,UC Irvine,3,"Tom, Nikki",True,37,2,7,0.286,1,4,0.25,1,2,0.5,1,1,2,1,0,1,0,0,6
2023-12-16_colorado_st_uc_irvine,UC Irvine,24,"Dean, Nevaeh",True,24,3,4,0.75,0,1,0.0,0,0,,4,1,5,0,0,0,0,0,6
2023-12-16_colorado_st_uc_irvine,UC Irvine,22,"Djoko, Clara",True,13,0,1,0.0,0,1,0.0,0,0,,0,3,3,0,0,0,0,0,0
2023-12-16_colorado_st_uc_irvine,UC Irvine,1,"Johnson Sidi Baba, Moulayna",False,20,7,13,0.538,0,0,,5,9,0.556,3,8,11,1,2,1,0,0,19
2023-12-16_colorado_st_uc_irvine,UC Irvine,32,"Parkinson, Nevaeh",False,11,3,3,1.0,0,0,,2,2,1.0,0,0,0,3,0,1,0,0,8
2023-12-16_colorado_st_uc_irvine,UC Irvine,11,"Scharpf, Amelia",False,17,1,4,0.25,0,1,0.0,0,0,,0,3,3,2,0,0,0,1,2
2023-12-16_colorado_st_uc_irvine,UC Irvine,12,"Nahum, Shirel",False,16,0,1,0.0,0,0,,0,0,,0,2,2,3,0,1,0,0,0
2023-12-16_colorado_st_uc_irvine,UC Irvine,33,"Kaupu, Caiyle",False,1,0,0,,0,0,,0,0,,0,0,0,1,0,0,0,0,0
2023-12-16_colorado_st_uc_irvine,UC Irvine,2,"Hernandez, Haley",False,0,0,0,,0,0,,0,0,,0,0,0,1,0,0,0,0,0
2023-12-16_colorado_st_uc_irvine,UC Irvine,TM,TEAM,False,0,0,0,,0,0,,0,0,,1,1,2,0,0,0,0,0,0
2023-12-16_colorado_st_uc_irvine,Colorado St.,00,"Kinzer, Kendyll",True,28,5,7,0.714,3,4,0.75,0,0,,1,0,1,4,1,2,0,0,13
2023-12-16_colorado_st_uc_irvine,Colorado St.,32,"Crocker, Cailyn",True,25,2,4,0.5,0,1,0.0,9,10,0.9,0,6,6,2,1,2,1,2,13
2023-12-16_colorado_st_uc_irvine,Colorado St.,30,"Ronsiek, Hannah",True,39,4,10,0.4,3,6,0.5,1,2,0.5,0,6,6,3,1,1,1,2,12
2023-12-16_colorado_st_uc_irvine,Colorado St.,4,"Hofschild, McKenna",True,31,2,7,0.286,1,4,0.25,4,5,0.8,0,3,3,2,8,5,0,0,9
2023-12-16_colorado_st_uc_irvine,Colorado St.,24,"Mech, Sydney",True,30,2,4,0.5,1,3,0.333,0,0,,1,4,5,3,1,2,0,1,5
2023-12-16_colorado_st_uc_irvine,Colorado St.,55,"Boyd, Meghan",False,17,4,7,0.571,4,7,0.571,0,0,,0,6,6,0,0,0,0,1,12
2023-12-16_colorado_st_uc_irvine,Colorado St.,14,"Leimane, Marta",False,18,2,7,0.286,0,2,0.0,1,1,1.0,0,0,0,1,1,3,0,0,5
2023-12-16_colorado_st_uc_irvine,Colorado St.,20,"Strom, Sanna",False,12,0,1,0.0,0,1,0.0,0,0,,0,1,1,0,1,0,0,0,0
2023-12-16_colorado_st_uc_irvine,Colorado St.,TM,TEAM,False,0,0,0,,0,0,,0,0,,1,0,1,0,0,0,0,0,0
2023-12-16_cal_poly_montana,Montana,20,"Gfeller, Carmen",True,36,9,17,0.529,2,6,0.333,1,2,0.5,5,1,6,3,1,5,3,0,21
2023-12-16_cal_poly_montana,Montana,2,"Konig, Mack",True,18,4,7,0.571,1,3,0.333,0,1,0.0,0,0,0,2,2,3,0,1,9
2023-12-16_cal_poly_montana,Montana,40,"Bartsch, Dani",True,31,2,5,0.4,1,1,1.0,0,0,,4,7,11,1,3,3,1,2,5
2023-12-16_cal_poly_montana,Montana,13,"Espenmiller-mcgraw, Maggie",True,32,1,3,0.333,0,1,0.0,2,2,1.0,0,3,3,3,1,4,0,1,4
2023-12-16_cal_poly_montana,Montana,23,"Bruno, Mj",True,23,2,3,0.667,0,1,0.0,0,0,,0,2,2,3,0,2,0,1,4
2023-12-16_cal_poly_montana,Montana,22,"Marxen, Gina",False,31,6,15,0.4,5,9,0.556,0,0,,1,4,5,2,5,4,0,1,17
2023-12-16_cal_poly_montana,Montana,12,"Huard, Macey",False,21,3,5,0.6,1,2,0.5,0,0,,2,1,3,3,1,0,1,1,7
2023-12-16_cal_poly_montana,Montana,10,"Huard, Haley",False,4,0,0,,0,0,,0,0,,0,2,2,0,0,0,0,0,0
2023-12-16_cal_poly_montana,Montana,34,"Pirog, Alex",False,4,0,2,0.0,0,0,,0,0,,0,0,0,0,0,0,0,1,0
2023-12-16_cal_poly_montana,Montana,33,"Lincoln, Adria",False,0,0,0,,0,0,,0,0,,0,0,0,0,0,0,0,0,0
2023-12-16_cal_poly_montana,Montana,TM,TEAM,False,0,0,0,,0,0,,0,0,,3,3,6,0,0,0,0,0,0
2023-12-16_cal_poly_montana,Cal Poly,2,"Shah, Annika",True,37,7,15,0.467,4,6,0.667,6,7,0.857,1,2,3,1,3,2,0,3,24
2023-12-16_cal_poly_montana,Cal Poly,5,"McNicholas, Ania",True,34,5,13,0.385,1,4,0.25,2,2,1.0,2,4,6,3,5,1,0,7,13
2023-12-16_cal_poly_montana,Cal Poly,4,"Lichtie, Sierra",True,34,4,7,0.571,1,3,0.333,4,6,0.667,1,3,4,3,1,3,0,1,13
2023-12-16_cal_poly_montana,Cal Poly,15,"Bourland, Sydney",True,37,1,4,0.25,0,0,,0,2,0.0,2,1,3,1,3,0,0,2,2
2023-12-16_cal_poly_montana,Cal Poly,33,"Olinger, Amanda",True,13,0,0,,0,0,,1,6,0.167,2,1,3,2,1,0,2,0,1
2023-12-16_cal_poly_montana,Cal Poly,35,"Ackerman, Natalia",False,27,4,11,0.364,0,0,,2,2,1.0,2,3,5,2,1,2,3,3,10
2023-12-16_cal_poly_montana,Cal Poly,3,"Richardson, Diamond",False,13,1,2,0.5,0,0,,0,0,,0,1,1,2,0,2,0,0,2
2023-12-16_cal_poly_montana,Cal Poly,25,"Hoffman, Jordan",False,5,0,0,,0,0,,0,0,,0,0,0,2,0,1,0,1,0
2023-12-16_cal_poly_montana,Cal Poly,TM,TEAM,False,0,0,0,,0,0,,0,0,,1,1,2,0,0,0,0,0,0
2023-12-16_long_beach_st_pacific,Pacific,14,"Elliott, Elizabeth",True,23,11,15,0.733,0,0,,3,4,0.75,3,3,6,4,4,1,0,0,25
2023-12-16_long_beach_st_pacific,Pacific,11,"Holmberg, Cecilia",True,30,7,10,0.7,1,1,1.0,3,4,0.75,2,5,7,3,0,2,0,1,18
2023-12-16_long_beach_st_pacific,Pacific,24,"Smith, Liz",True,40,4,13,0.308,1,4,0.25,7,8,0.875,1,3,4,2,1,4,0,2,16
2023-12-16_long_beach_st_pacific,Pacific,3,"James, Anaya",True,36,6,14,0.429,1,3,0.333,0,0,,3,4,7,2,5,1,0,2,13
2023-12-16_long_beach_st_pacific,Pacific,1,"Deaton, Kadie",True,30,3,11,0.273,0,2,0.0,3,4,0.75,1,4,5,3,3,6,0,5,9
2023-12-16_long_beach_st_pacific,Pacific,33,"Ennis, Madelene",False,16,2,3,0.667,0,0,,1,2,0.5,1,0,1,3,0,1,0,1,5
2023-12-16_long_beach_st_pacific,Pacific,25,"Glazier, Lauren",False,11,2,4,0.5,0,0,,0,0,,2,2,4,1,1,1,3,0,4
2023-12-16_long_beach_st_pacific,Pacific,15,"Lowery, Nyah",False,8,0,0,,0,0,,0,0,,0,1,1,1,2,1,0,1,0
2023-12-16_long_beach_st_pacific,Pacific,10,"Ward, Sydney",False,4,0,0,,0,0,,0,0,,0,1,1,1,1,0,0,0,0
2023-12-16_long_beach_st_pacific,Pacific,23,"Durrill, Kenlee",False,2,0,0,,0,0,,0,0,,0,0,0,0,0,1,0,0,0
2023-12-16_long_beach_st_pacific,Pacific,TM,TEAM,False,0,0,0,,0,0,,0,0,,3,3,6,0,0,0,0,0,0
2023-12-16_long_beach_st_pacific,Long Beach St.,10,"Valenti Paea, Casey",True,34,8,14,0.571,3,5,0.6,1,1,1.0,0,6,6,1,3,0,1,2,20
2023-12-16_long_beach_st_pacific,Long Beach St.,3,"Chung, Patricia",True,33,4,10,0.4,3,5,0.6,2,4,0.5,2,3,5,1,5,5,0,1,13
2023-12-16_long_beach_st_pacific,Long Beach St.,22,"Woodley, Sydney",True,32,5,9,0.556,0,0,,3,4,0.75,5,2,7,3,5,1,0,2,13
2023-12-16_long_beach_st_pacific,Long Beach St.,2,"Tucker, Savannah",True,35,4,14,0.286,2,9,0.222,2,3,0.667,2,2,4,3,1,2,0,1,12
2023-12-16_long_beach_st_pacific,Long Beach St.,1,"Sonnier, Lovely",True,11,3,5,0.6,0,1,0.0,0,1,0.0,1,0,1,5,0,2,0,0,6
2023-12-16_long_beach_st_pacific,Long Beach St.,4,"Givens, Cheyenne",False,21,6,7,0.857,2,3,0.667,4,4,1.0,1,2,3,3,2,5,0,1,18
2023-12-16_long_beach_st_pacific,Long Beach St.,12,"Crawshaw, Jada",False,16,1,3,0.333,0,0,,0,0,,1,3,4,4,0,4,0,0,2
2023-12-16_long_beach_st_pacific,Long Beach St.,52,"Matthews, Davai",False,14,1,4,0.25,0,0,,0,0,,1,3,4,4,0,2,1,1,2
2023-12-16_long_beach_st_pacific,Long Beach St.,00,"Cummings, Lauren",False,3,0,2,0.0,0,1,0.0,0,0,,0,1,1,0,0,1,0,1,0
2023-12-16_long_beach_st_pacific,Long Beach St.,30,"Moore, Olivia",False,1,0,1,0.0,0,1,0.0,0,0,,0,0,0,0,0,0,0,0,0
2023-12-16_long_beach_st_pacific,Long Beach St.,TM,TEAM,False,0,0,0,,0,0,,0,0,,3,1,4,0,0,0,0,0,0
2023-12-16_california_baptist_cal_st_fullerton,Cal St. Fullerton,04,"Vidmar, Gabi",True,37,10,18,0.556,4,9,0.444,5,5,1.0,0,8,8,3,1,0,0,2,29
2023-12-16_california_baptist_cal_st_fullerton,Cal St. Fullerton,02,"Hassmann, Hope",True,36,2,10,0.2,0,3,0.0,4,4,1.0,1,1,2,1,2,4,0,2,8
2023-12-16_california_baptist_cal_st_fullerton,Cal St. Fullerton,21,"Tse, Allysan",True,15,2,3,0.667,1,1,1.0,0,2,0.0,0,1,1,1,0,2,0,0,5
2023-12-16_california_baptist_cal_st_fullerton,Cal St. Fullerton,13,"Hernandez, Aixchel",True,18,1,3,0.333,0,0,,2,2,1.0,2,6,8,1,2,1,1,0,4
2023-12-16_california_baptist_cal_st_fullerton,Cal St. Fullerton,24,"Neff, Kathryn",True,16,0,2,0.0,0,2,0.0,0,0,,0,2,2,1,1,2,0,1,0
2023-12-16_california_baptist_cal_st_fullerton,Cal St. Fullerton,12,"Levingston, Eva",False,22,3,7,0.429,0,0,,2,3,0.667,2,7,9,4,3,4,1,2,8
2023-12-16_california_baptist_cal_st_fullerton,Cal St. Fullerton,11,"MacDonald, Ruby",False,23,3,8,0.375,0,4,0.0,0,0,,2,2,4,1,1,2,0,1,6
2023-12-16_california_baptist_cal_st_fullerton,Cal St. Fullerton,10,"Lagway, Demonnie",False,10,1,4,0.25,0,0,,2,2,1.0,0,1,1,0,1,1,0,0,4
2023-12-16_california_baptist_cal_st_fullerton,Cal St. Fullerton,33,"Minor, Brielle",False,19,0,1,0.0,0,0,,2,2,1.0,0,4,4,3,5,0,0,1,2
2023-12-16_california_baptist_cal_st_fullerton,Cal St. Fullerton,03,"Salazar-Harrell, Kaliana",False,2,0,1,0.0,0,0,,2,2,1.0,0,1,1,0,0,0,0,0,2
2023-12-16_california_baptist_cal_st_fullerton,Cal St. Fullerton,23,"Strachan, Emily",False,2,0,0,,0,0,,0,0,,0,0,0,0,0,0,0,0,0
2023-12-16_california_baptist_cal_st_fullerton,Cal St. Fullerton,TM,TEAM,False,0,0,0,,0,0,,0,0,,0,1,1,0,0,0,0,0,0
2023-12-16_california_baptist_cal_st_fullerton,California Baptist,02,"Webb, Chloe",True,33,6,14,0.429,1,7,0.143,2,4,0.5,1,5,6,4,4,2,0,3,15
2023-12-16_california_baptist_cal_st_fullerton,California Baptist,33,"Schmidt, Grace",True,24,7,12,0.583,0,0,,1,3,0.333,5,0,5,3,3,1,0,0,15
2023-12-16_california_baptist_cal_st_fullerton,California Baptist,15,"Tu'ua, Anaiyah",True,28,1,5,0.2,0,4,0.0,2,2,1.0,1,3,4,4,1,2,1,2,4
2023-12-16_california_baptist_cal_st_fullerton,California Baptist,03,"Barrington, Kinsley",True,19,1,5,0.2,1,3,0.333,0,0,,0,3,3,3,2,0,0,1,3
2023-12-16_california_baptist_cal_st_fullerton,California Baptist,12,"Calhoun, Nae Nae",True,17,1,4,0.25,1,1,1.0,0,0,,0,1,1,3,3,1,0,1,3
2023-12-16_california_baptist_cal_st_fullerton,California Baptist,05,"Barros, Filipa",False,27,7,10,0.7,5,6,0.833,0,2,0.0,2,5,7,0,0,4,1,1,19
2023-12-16_california_baptist_cal_st_fullerton,California Baptist,04,"Bosch Duran, Nhug",False,20,4,11,0.364,3,7,0.429,0,0,,1,5,6,3,1,1,0,2,11
2023-12-16_california_baptist_cal_st_fullerton,California Baptist,20,"Sewell, Emily",False,16,1,3,0.333,0,1,0.0,1,1,1.0,1,3,4,2,3,1,0,0,3
2023-12-16_california_baptist_cal_st_fullerton,California Baptist,22,"White, Sydney",False,9,0,3,0.0,0,3,0.0,0,0,,0,1,1,0,2,0,0,0,0
2023-12-16_california_baptist_cal_st_fullerton,California Baptist,24,"Lemon, Khloe",False,6,0,2,0.0,0,1,0.0,0,0,,0,1,1,0,0,0,0,0,0
2023-12-16_california_baptist_cal_st_fullerton,California Baptist,10,"Fiel, Claudia",False,1,0,0,,0,0,,0,0,,0,0,0,0,0,0,0,0,0
2023-12-16_california_baptist_cal_st_fullerton,California Baptist,TM,TEAM,False,0,0,0,,0,0,,0,0,,0,3,3,0,0,0,0,0,0
2023-12-16_csu_bakersfield_pepperdine,Pepperdine,10,"Nwaba, Jane",True,34,4,9,0.444,2,3,0.667,1,3,0.333,3,8,11,1,3,6,0,0,11
2023-12-16_csu_bakersfield_pepperdine,Pepperdine,24,"Ross, Jorynn",True,26,5,6,0.833,0,0,,1,3,0.333,2,3,5,2,4,3,1,1,11
2023-12-16_csu_bakersfield_pepperdine,Pepperdine,31,"Harkey, Megan",True,13,5,9,0.556,0,0,,0,1,0.0,1,8,9,0,0,1,2,0,10
2023-12-16_csu_bakersfield_pepperdine,Pepperdine,00,"Melone, Addi",True,36,2,6,0.333,1,4,0.25,0,0,,0,4,4,0,1,4,0,0,5
2023-12-16_csu_bakersfield_pepperdine,Pepperdine,01,"Johnson, Hailey",True,12,1,4,0.25,1,4,0.25,0,0,,0,1,1,0,1,0,0,0,3
2023-12-16_csu_bakersfield_pepperdine,Pepperdine,03,"Brubaker, Ella",False,34,8,12,0.667,1,3,0.333,3,3,1.0,2,1,3,1,1,2,0,1,20
2023-12-16_csu_bakersfield_pepperdine,Pepperdine,13,"Mashaire, Emerita",False,29,6,11,0.545,0,3,0.0,4,4,1.0,2,6,8,1,7,1,0,2,16
2023-12-16_csu_bakersfield_pepperdine,Pepperdine,32,"Vick, Maggie",False,12,2,3,0.667,0,0,,0,0,,1,1,2,2,0,1,0,1,4
2023-12-16_csu_bakersfield_pepperdine,Pepperdine,11,"Friend, Helena",False,2,0,0,,0,0,,0,0,,0,1,1,0,1,0,0,0,0
2023-12-16_csu_bakersfield_pepperdine,Pepperdine,12,"Griffiths, Holly",False,2,0,0,,0,0,,0,0,,0,0,0,0,0,0,0,0,0
2023-12-16_csu_bakersfield_pepperdine,Pepperdine,TM,TEAM,False,0,0,0,,0,0,,0,0,,1,2,3,0,0,0,0,0,0
2023-12-16_csu_bakersfield_pepperdine,CSU Bakersfield,00,"Brown, Shaunae",True,36,9,21,0.429,3,14,0.214,0,0,,1,2,3,0,4,1,0,2,21
2023-12-16_csu_bakersfield_pepperdine,CSU Bakersfield,23,"Olivares, Jordan",True,34,6,16,0.375,3,5,0.6,0,0,,0,0,0,3,5,3,0,2,15
2023-12-16_csu_bakersfield_pepperdine,CSU Bakersfield,05,"Tougas, Sophia",True,30,2,11,0.182,2,7,0.286,2,4,0.5,3,10,13,2,2,1,1,1,8
2023-12-16_csu_bakersfield_pepperdine,CSU Bakersfield,12,"Johnson, Cassidy",True,24,4,8,0.5,0,0,,0,0,,1,2,3,0,1,0,0,0,8
2023-12-16_csu_bakersfield_pepperdine,CSU Bakersfield,14,"Ortiz, Nseije",True,30,2,4,0.5,0,1,0.0,0,0,,1,0,1,3,0,1,0,0,4
2023-12-16_csu_bakersfield_pepperdine,CSU Bakersfield,33,"Riley, Julia",False,12,1,2,0.5,0,1,0.0,0,0,,2,2,4,0,0,1,0,0,2
2023-12-16_csu_bakersfield_pepperdine,CSU Bakersfield,34,"Brooks, Jordan",False,4,1,1,1.0,0,0,,0,0,,0,0,0,1,0,1,0,0,2
2023-12-16_csu_bakersfield_pepperdine,CSU Bakersfield,15,"Porter, Amourie",False,12,0,7,0.0,0,2,0.0,0,0,,1,0,1,1,0,0,0,0,0
2023-12-16_csu_bakersfield_pepperdine,CSU Bakersfield,02,"Edwards, Morgan",False,10,0,1,0.0,0,0,,0,0,,0,0,0,0,0,0,0,0,0
2023-12-16_csu_bakersfield_pepperdine,CSU Bakersfield,32,"Freeman, Garrisen",False,8,0,2,0.0,0,1,0.0,0,0,,0,1,1,0,0,1,0,2,0
2023-12-16_csu_bakersfield_pepperdine,CSU Bakersfield,TM,TEAM,False,0,0,0,,0,0,,0,0,,1,1,2,0,0,1,0,0,0
2023-12-17_uc_santa_barbara_lmu_ca,LMU (CA),14,"Gandy, Sydney",True,34,5,15,0.333,4,9,0.444,2,2,1.0,0,1,1,2,2,1,0,0,16
2023-12-17_uc_santa_barbara_lmu_ca,LMU (CA),35,"Mark, Alexis",True,29,3,6,0.5,1,1,1.0,4,4,1.0,3,4,7,3,4,2,1,1,11
2023-12-17_uc_santa_barbara_lmu_ca,LMU (CA),17,"Rodriguez, Nicole",True,24,2,9,0.222,2,6,0.333,0,0,,2,1,3,1,0,4,0,0,6
2023-12-17_uc_santa_barbara_lmu_ca,LMU (CA),11,"Inoussa, Soufia",True,26,1,2,0.5,0,1,0.0,2,2,1.0,0,3,3,1,2,2,0,2,4
2023-12-17_uc_santa_barbara_lmu_ca,LMU (CA),10,"Oliver, Amaya",True,24,1,6,0.167,0,0,,1,2,0.5,1,3,4,1,0,1,3,1,3
2023-12-17_uc_santa_barbara_lmu_ca,LMU (CA),00,"Hamilton, Da'Ja",False,20,5,6,0.833,2,2,1.0,0,0,,1,2,3,2,2,2,0,1,12
2023-12-17_uc_santa_barbara_lmu_ca,LMU (CA),04,"Ezeja, Cynthia",False,19,2,3,0.667,0,0,,0,0,,3,1,4,4,1,1,0,0,4
2023-12-17_uc_santa_barbara_lmu_ca,LMU (CA),21,"Yancy, Noelle",False,9,2,4,0.5,0,0,,0,0,,2,3,5,1,0,0,0,0,4
2023-12-17_uc_santa_barbara_lmu_ca,LMU (CA),03,"Wedin, Ella",False,7,1,2,0.5,1,2,0.5,1,2,0.5,0,0,0,0,2,1,0,0,4
2023-12-17_uc_santa_barbara_lmu_ca,LMU (CA),05,"Dunn, Daylee",False,6,0,1,0.0,0,1,0.0,0,0,,0,0,0,0,1,0,0,0,0
2023-12-17_uc_santa_barbara_lmu_ca,LMU (CA),55,"Hernandez, Maya",False,2,0,0,,0,0,,0,0,,0,0,0,0,0,0,0,0,0
2023-12-17_uc_santa_barbara_lmu_ca,LMU (CA),TM,TEAM,False,0,0,0,,0,0,,0,0,,0,6,6,0,0,0,0,0,0
2023-12-17_uc_santa_barbara_lmu_ca,UC Santa Barbara,23,"Whitfield, Alexis",True,36,7,12,0.583,0,1,0.0,7,8,0.875,4,5,9,2,2,1,1,0,21
2023-12-17_uc_santa_barbara_lmu_ca,UC Santa Barbara,13,"Goed, Flora",True,20,4,6,0.667,0,0,,0,0,,0,3,3,1,1,2,0,0,8
2023-12-17_uc_santa_barbara_lmu_ca,UC Santa Barbara,32,"Grant, Jessica",True,36,2,8,0.25,2,6,0.333,0,0,,0,0,0,0,3,0,0,2,6
2023-12-17_uc_santa_barbara_lmu_ca,UC Santa Barbara,03,"Marin, Alyssa",True,17,0,6,0.0,0,1,0.0,1,2,0.5,0,0,0,0,2,1,0,0,1
2023-12-17_uc_santa_barbara_lmu_ca,UC Santa Barbara,10,"Choice, Anya",True,14,0,3,0.0,0,1,0.0,0,0,,0,1,1,0,3,0,0,0,0
2023-12-17_uc_santa_barbara_lmu_ca,UC Santa Barbara,55,"Burke, Skylar",False,29,6,9,0.667,1,2,0.5,0,0,,2,2,4,2,2,1,1,2,13
2023-12-17_uc_santa_barbara_lmu_ca,UC Santa Barbara,15,"McMorris, Mary",False,24,3,7,0.429,0,1,0.0,0,0,,0,3,3,3,2,3,0,0,6
2023-12-17_uc_santa_barbara_lmu_ca,UC Santa Barbara,20,"Rockwood, Laurel",False,20,1,4,0.25,0,0,,0,2,0.0,0,3,3,2,0,2,1,0,2
2023-12-17_uc_santa_barbara_lmu_ca,UC Santa Barbara,02,"Borter, Zoe",False,4,0,1,0.0,0,0,,0,0,,1,1,2,0,0,0,0,0,0
2023-12-17_uc_santa_barbara_lmu_ca,UC Santa Barbara,TM,TEAM,False,0,0,0,,0,0,,0,0,,4,2,6,0,0,1,0,0,0
2023-12-18_csun_san_jose_st,San Jose St.,4,"Lovett, Jyah",True,37,6,14,0.429,3,6,0.5,2,2,1.0,0,1,1,3,3,2,0,3,17
2023-12-18_csun_san_jose_st,San Jose St.,30,"Ma, Sabrina",True,35,6,17,0.353,3,11,0.273,0,0,,4,5,9,3,6,1,1,0,15
2023-12-18_csun_san_jose_st,San Jose St.,34,"Smith, Semaj",True,16,4,7,0.571,0,0,,1,1,1.0,3,2,5,0,0,1,1,0,9
2023-12-18_csun_san_jose_st,San Jose St.,3,"Nicholas, Nailea",True,28,2,4,0.5,1,1,1.0,0,0,,1,5,6,2,3,2,1,1,5
2023-12-18_csun_san_jose_st,San Jose St.,00,"Summers, Sydni",True,17,2,9,0.222,1,7,0.143,0,0,,0,3,3,1,0,0,0,3,5
2023-12-18_csun_san_jose_st,San Jose St.,24,"Moreland, Amhyia",False,24,3,6,0.5,0,0,,4,6,0.667,2,3,5,2,1,1,1,2,10
2023-12-18_csun_san_jose_st,San Jose St.,21,"Kelemeni, Sofia",False,27,3,5,0.6,3,4,0.75,0,0,,2,2,4,0,4,2,0,1,9
2023-12-18_csun_san_jose_st,San Jose St.,23,"Fluker, Alani",False,16,0,1,0.0,0,0,,0,0,,0,0,0,0,2,1,0,1,0
2023-12-18_csun_san_jose_st,San Jose St.,TM,TEAM,False,0,0,0,,0,0,,0,0,,0,3,3,0,0,3,0,0,0
2023-12-18_csun_san_jose_st,CSUN,20,"Adams, Erica",True,38,3,10,0.3,0,2,0.0,6,6,1.0,0,5,5,0,2,2,0,0,12
2023-12-18_csun_san_jose_st,CSUN,23,"Li-uperesa, Talo",True,37,5,10,0.5,0,1,0.0,0,0,,1,5,6,1,0,3,2,2,10
2023-12-18_csun_san_jose_st,CSUN,1,"Ferguson, Amiyah",True,25,2,7,0.286,0,2,0.0,5,5,1.0,0,1,1,1,4,7,0,1,9
2023-12-18_csun_san_jose_st,CSUN,15,"Amundsen, Laney",True,25,1,5,0.2,1,5,0.2,0,0,,0,5,5,1,1,2,0,0,3
2023-12-18_csun_san_jose_st,CSUN,21,"de Jesus , Ana Carolina",True,15,0,4,0.0,0,0,,0,0,,1,2,3,2,0,1,0,1,0
2023-12-18_csun_san_jose_st,CSUN,22,"Elsholz, Kaitlyn",False,23,7,10,0.7,3,6,0.5,0,0,,1,3,4,1,1,3,1,1,17
2023-12-18_csun_san_jose_st,CSUN,24,"Spriggs, Kayanna",False,15,1,4,0.25,0,0,,0,0,,1,0,1,2,0,1,0,1,2
2023-12-18_csun_san_jose_st,CSUN,43,"Nikishina , Arina",False,12,0,3,0.0,0,0,,0,0,,3,1,4,3,0,0,0,0,0
2023-12-18_csun_san_jose_st,CSUN,4,"Harvey, Rachel",False,10,0,1,0.0,0,0,,0,0,,0,1,1,0,0,0,0,0,0
2023-12-18_csun_san_jose_st,CSUN,TM,TEAM,False,0,0,0,,0,0,,0,0,,4,1,5,0,0,0,0,0,0
2023-12-18_southern_california_cal_st_fullerton,Cal St. Fullerton,24,"Neff, Kathryn",True,20,6,12,0.5,2,8,0.25,0,0,,0,0,0,0,1,2,1,0,14
2023-12-18_southern_california_cal_st_fullerton,Cal St. Fullerton,04,"Vidmar, Gabi",True,26,1,9,0.111,1,8,0.125,0,0,,1,2,3,2,4,5,0,0,3
2023-12-18_southern_california_cal_st_fullerton,Cal St. Fullerton,32,"Lewis, Ashlee",True,22,1,5,0.2,0,0,,1,2,0.5,1,5,6,2,1,2,0,0,3
2023-12-18_southern_california_cal_st_fullerton,Cal St. Fullerton,02,"Hassmann, Hope",True,26,1,7,0.143,0,2,0.0,0,0,,0,5,5,1,4,1,0,0,2
2023-12-18_southern_california_cal_st_fullerton,Cal St. Fullerton,21,"Tse, Allysan",True,17,0,1,0.0,0,0,,2,2,1.0,0,2,2,0,0,0,0,2,2
2023-12-18_southern_california_cal_st_fullerton,Cal St. Fullerton,13,"Hernandez, Aixchel",False,14,3,4,0.75,0,0,,0,0,,0,1,1,0,0,0,0,0,6
2023-12-18_southern_california_cal_st_fullerton,Cal St. Fullerton,23,"Strachan, Emily",False,20,2,4,0.5,0,1,0.0,1,1,1.0,0,1,1,0,1,3,0,0,5
2023-12-18_southern_california_cal_st_fullerton,Cal St. Fullerton,55,"Nimmo, Fujika",False,11,1,7,0.143,1,1,1.0,0,0,,0,1,1,0,0,3,0,0,3
2023-12-18_southern_california_cal_st_fullerton,Cal St. Fullerton,12,"Levingston, Eva",False,16,1,4,0.25,0,0,,0,0,,4,3,7,2,0,2,0,3,2
2023-12-18_southern_california_cal_st_fullerton,Cal St. Fullerton,10,"Lagway, Demonnie",False,14,1,4,0.25,0,1,0.0,0,0,,1,0,1,0,2,1,0,1,2
2023-12-18_southern_california_cal_st_fullerton,Cal St. Fullerton,33,"Minor, Brielle",False,8,1,1,1.0,0,0,,0,0,,0,0,0,3,0,3,0,0,2
2023-12-18_southern_california_cal_st_fullerton,Cal St. Fullerton,01,"Wienecke, Genna",False,2,0,0,,0,0,,0,0,,0,0,0,0,0,0,0,0,0
2023-12-18_southern_california_cal_st_fullerton,Cal St. Fullerton,03,"Salazar-Harrell, Kaliana",False,2,0,0,,0,0,,0,0,,0,0,0,0,0,1,0,0,0
2023-12-18_southern_california_cal_st_fullerton,Cal St. Fullerton,11,"MacDonald, Ruby",False,2,0,1,0.0,0,0,,0,0,,0,0,0,1,0,0,0,0,0
2023-12-18_southern_california_cal_st_fullerton,Cal St. Fullerton,TM,TEAM,False,0,0,0,,0,0,,0,0,,3,1,4,0,0,0,0,0,0
2023-12-18_southern_california_cal_st_fullerton,Southern California,12,"Watkins, JuJu",True,28,7,18,0.389,3,7,0.429,6,6,1.0,0,6,6,1,6,5,3,2,23
2023-12-18_southern_california_cal_st_fullerton,Southern California,25,"Forbes, McKenzie",True,24,5,14,0.357,3,7,0.429,4,5,0.8,1,2,3,0,2,1,0,1,17
2023-12-18_southern_california_cal_st_fullerton,Southern California,01,"Bigby, Taylor",True,30,5,8,0.625,5,7,0.714,0,0,,0,3,3,1,4,1,2,0,15
2023-12-18_southern_california_cal_st_fullerton,Southern California,45,"Padilla, Kayla",True,27,5,7,0.714,3,4,0.75,0,0,,1,2,3,0,1,0,1,3,13
2023-12-18_southern_california_cal_st_fullerton,Southern California,34,"Akunwafo, Clarice",True,25,5,5,1.0,0,0,,0,0,,3,3,6,2,3,3,2,2,10
2023-12-18_southern_california_cal_st_fullerton,Southern California,04,"Williams, Kayla",False,15,3,7,0.429,1,3,0.333,0,0,,0,1,1,0,2,0,0,0,7
2023-12-18_southern_california_cal_st_fullerton,Southern California,10,"Samuels, Malia",False,17,1,2,0.5,1,2,0.5,1,2,0.5,0,6,6,1,4,0,0,4,4
2023-12-18_southern_california_cal_st_fullerton,Southern California,03,"Gayles, Aaliyah",False,13,2,2,1.0,0,0,,0,0,,0,3,3,0,1,1,0,1,4
2023-12-18_southern_california_cal_st_fullerton,Southern California,30,"Makolo, Roxane",False,21,0,3,0.0,0,0,,0,0,,3,3,6,3,2,1,0,1,0
2023-12-18_southern_california_cal_st_fullerton,Southern California,TM,TEAM,False,0,0,0,,0,0,,0,0,,2,1,3,0,0,0,0,0,0
2023-12-19_long_beach_st_san_francisco,San Francisco,11,"Gayles, Jasmine",True,35,7,22,0.318,2,10,0.2,5,8,0.625,2,4,6,1,2,4,0,1,21
2023-12-19_long_beach_st_san_francisco,San Francisco,1,"Leite, Luana",True,31,7,17,0.412,0,1,0.0,4,5,0.8,2,3,5,2,3,4,0,3,18
2023-12-19_long_beach_st_san_francisco,San Francisco,13,"dos Santos, Debora",True,28,5,9,0.556,1,1,1.0,2,6,0.333,9,6,15,4,1,1,2,1,13
2023-12-19_long_beach_st_san_francisco,San Francisco,12,"Werth, Freja",True,34,3,8,0.375,3,8,0.375,0,0,,2,5,7,2,2,2,0,0,9
2023-12-19_long_beach_st_san_francisco,San Francisco,32,"Fulcher, Cami",True,20,1,3,0.333,0,2,0.0,0,0,,1,1,2,0,1,0,0,0,2
2023-12-19_long_beach_st_san_francisco,San Francisco,22,"Tirado, Paula",False,21,2,8,0.25,2,4,0.5,0,0,,1,1,2,2,2,3,0,1,6
2023-12-19_long_beach_st_san_francisco,San Francisco,25,"Thiam, Seynabou",False,6,2,2,1.0,0,0,,1,1,1.0,2,0,2,3,0,1,0,0,5
2023-12-19_long_beach_st_san_francisco,San Francisco,20,"Kéita, Aya",False,9,2,4,0.5,0,2,0.0,0,0,,1,1,2,2,0,1,0,0,4
2023-12-19_long_beach_st_san_francisco,San Francisco,10,"Barbosa, Lorena",False,7,0,1,0.0,0,0,,1,2,0.5,3,1,4,2,0,1,0,0,1
2023-12-19_long_beach_st_san_francisco,San Francisco,44,"Vuksic, Mia",False,7,0,4,0.0,0,4,0.0,0,0,,0,1,1,0,0,0,0,2,0
2023-12-19_long_beach_st_san_francisco,San Francisco,14,"Hernandez, Marina",False,2,0,0,,0,0,,0,0,,0,0,0,0,0,0,0,0,0
2023-12-19_long_beach_st_san_francisco,San Francisco,TM,TEAM,False,0,0,0,,0,0,,0,0,,3,2,5,0,0,1,0,0,0
2023-12-19_long_beach_st_san_francisco,Long Beach St.,2,"Tucker, Savannah",True,33,4,12,0.333,4,9,0.444,5,6,0.833,0,4,4,1,1,1,0,2,17
2023-12-19_long_beach_st_san_francisco,Long Beach St.,3,"Chung, Patricia",True,31,5,9,0.556,2,5,0.4,0,0,,1,4,5,2,3,4,0,0,12
2023-12-19_long_beach_st_san_francisco,Long Beach St.,10,"Valenti Paea, Casey",True,25,3,7,0.429,2,4,0.5,4,4,1.0,1,2,3,2,1,1,0,0,12
2023-12-19_long_beach_st_san_francisco,Long Beach St.,22,"Woodley, Sydney",True,35,4,6,0.667,0,0,,3,4,0.75,0,1,1,3,4,0,0,4,11
2023-12-19_long_beach_st_san_francisco,Long Beach St.,1,"Sonnier, Lovely",True,10,2,6,0.333,0,2,0.0,1,1,1.0,2,1,3,3,0,0,0,0,5
2023-12-19_long_beach_st_san_francisco,Long Beach St.,12,"Crawshaw, Jada",False,20,4,8,0.5,1,2,0.5,3,4,0.75,2,5,7,1,0,3,1,2,12
2023-12-19_long_beach_st_san_francisco,Long Beach St.,52,"Matthews, Davai",False,21,4,8,0.5,0,0,,2,2,1.0,3,5,8,3,5,0,0,0,10
2023-12-19_long_beach_st_san_francisco,Long Beach St.,4,"Givens, Cheyenne",False,21,1,5,0.2,0,0,,0,0,,0,3,3,2,2,4,0,2,2
2023-12-19_long_beach_st_san_francisco,Long Beach St.,30,"Moore, Olivia",False,4,0,1,0.0,0,1,0.0,0,0,,0,1,1,0,0,0,0,0,0
2023-12-19_long_beach_st_san_francisco,Long Beach St.,TM,TEAM,False,0,0,0,,0,0,,0,0,,1,0,1,0,0,1,0,0,0
2023-12-19_uc_riverside_santa_clara,Santa Clara,5,"Pollerd, Olivia",True,28,9,14,0.643,4,8,0.5,0,0,,1,1,2,3,1,1,1,1,22
2023-12-19_uc_riverside_santa_clara,Santa Clara,34,"Heal, Tess",True,32,7,12,0.583,0,2,0.0,7,7,1.0,1,4,5,1,3,1,1,1,21
2023-12-19_uc_riverside_santa_clara,Santa Clara,13,"Edmanson, Lara",True,30,3,6,0.5,0,0,,4,6,0.667,3,2,5,0,3,1,0,1,10
2023-12-19_uc_riverside_santa_clara,Santa Clara,2,"Frawley, Keeley",True,21,1,3,0.333,1,3,0.333,0,0,,2,8,10,1,2,1,0,1,3
2023-12-19_uc_riverside_santa_clara,Santa Clara,31,"Hiraki, Ashley",True,18,1,6,0.167,0,5,0.0,0,0,,1,1,2,2,3,3,0,0,2
2023-12-19_uc_riverside_santa_clara,Santa Clara,23,"Hudgins, Marya",False,25,6,10,0.6,0,2,0.0,0,0,,2,5,7,1,0,4,2,2,12
2023-12-19_uc_riverside_santa_clara,Santa Clara,12,"Naro, Madison",False,19,1,2,0.5,0,1,0.0,0,0,,0,1,1,1,1,2,1,0,2
2023-12-19_uc_riverside_santa_clara,Santa Clara,22,"Cadee, Jayde",False,9,1,2,0.5,0,1,0.0,0,0,,0,3,3,0,1,0,0,0,2
2023-12-19_uc_riverside_santa_clara,Santa Clara,52,"Shaffer, Emma",False,8,1,4,0.25,0,0,,0,0,,1,3,4,2,1,2,0,0,2
2023-12-19_uc_riverside_santa_clara,Santa Clara,00,"Latu, Malia",False,5,0,0,,0,0,,0,0,,0,1,1,0,0,0,0,0,0
2023-12-19_uc_riverside_santa_clara,Santa Clara,10,"Grigoropoulou, Georgia",False,3,0,0,,0,0,,0,0,,0,0,0,1,0,0,0,0,0
2023-12-19_uc_riverside_santa_clara,Santa Clara,33,"Stafford, Danja",False,2,0,0,,0,0,,0,0,,0,0,0,0,0,0,0,0,0
2023-12-19_uc_riverside_santa_clara,Santa Clara,TM,TEAM,False,0,0,0,,0,0,,0,0,,1,2,3,0,0,1,0,0,0
2023-12-19_uc_riverside_santa_clara,UC Riverside,32,"Webster, Jordan",True,34,5,16,0.312,3,8,0.375,3,4,0.75,1,4,5,1,3,2,0,4,16
2023-12-19_uc_riverside_santa_clara,UC Riverside,1,"Bryant, Matehya",True,29,4,15,0.267,0,0,,0,0,,2,4,6,4,0,4,2,1,8
2023-12-19_uc_riverside_santa_clara,UC Riverside,00,"Jackson, Makayla",True,38,2,4,0.5,0,1,0.0,2,4,0.5,1,1,2,1,1,1,0,2,6
2023-12-19_uc_riverside_santa_clara,UC Riverside,3,"Tillery, Zoe",True,31,2,9,0.222,0,3,0.0,2,4,0.5,0,3,3,0,4,2,0,0,6
2023-12-19_uc_riverside_santa_clara,UC Riverside,10,"Stenberg, Julia",True,25,1,3,0.333,0,2,0.0,0,0,,0,1,1,1,1,1,0,2,2
2023-12-19_uc_riverside_santa_clara,UC Riverside,4,"Marshall, Jordyn",False,17,1,5,0.2,0,0,,2,2,1.0,0,2,2,0,1,0,0,0,4
2023-12-19_uc_riverside_santa_clara,UC Riverside,11,"Matarranz, Esther",False,13,1,4,0.25,0,0,,2,4,0.5,3,0,3,2,0,2,0,1,4
2023-12-19_uc_riverside_santa_clara,UC Riverside,15,"Sanderson, Jaden",False,13,0,0,,0,0,,0,0,,1,3,4,3,1,2,0,0,0
2023-12-19_uc_riverside_santa_clara,UC Riverside,TM,TEAM,False,0,0,0,,0,0,,0,0,,5,1,6,0,0,3,0,0,0
2023-12-20_stanford_uc_davis,UC Davis,15,"Turner, Evanne",True,36,7,15,0.467,3,6,0.5,0,0,,1,4,5,0,0,5,0,1,17
2023-12-20_stanford_uc_davis,UC Davis,14,"Sabel, Tova",True,27,4,15,0.267,3,9,0.333,1,2,0.5,0,3,3,3,1,2,0,1,12
2023-12-20_stanford_uc_davis,UC Davis,13,"Burns, Sydney",True,26,3,5,0.6,0,1,0.0,2,2,1.0,0,1,1,1,2,5,0,3,8
2023-12-20_stanford_uc_davis,UC Davis,25,"Norris, Megan",True,25,2,5,0.4,0,2,0.0,0,0,,2,1,3,3,3,2,0,0,4
2023-12-20_stanford_uc_davis,UC Davis,33,"Harris, Mazatlan",True,19,0,3,0.0,0,2,0.0,0,0,,0,2,2,0,0,1,0,1,0
2023-12-20_stanford_uc_davis,UC Davis,41,"Shine, Bria",False,20,1,3,0.333,1,1,1.0,0,0,,1,0,1,3,0,1,0,0,3
2023-12-20_stanford_uc_davis,UC Davis,23,"Baker, Victoria",False,11,1,3,0.333,0,0,,1,2,0.5,1,0,1,1,1,0,0,1,3
2023-12-20_stanford_uc_davis,UC Davis,20,"Fitzgerald, Ally",False,9,1,2,0.5,1,2,0.5,0,0,,0,1,1,1,0,0,0,0,3
2023-12-20_stanford_uc_davis,UC Davis,04,"Epps, Nya",False,19,1,5,0.2,0,1,0.0,0,2,0.0,1,1,2,2,0,2,0,0,2
2023-12-20_stanford_uc_davis,UC Davis,11,"Glad, Clara",False,8,0,2,0.0,0,2,0.0,0,0,,0,1,1,0,0,0,0,0,0
2023-12-20_stanford_uc_davis,UC Davis,TM,TEAM,False,0,0,0,,0,0,,0,0,,3,4,7,0,0,3,0,0,0
2023-12-20_stanford_uc_davis,Stanford,22,"Brink, Cameron",True,19,8,10,0.8,1,2,0.5,4,4,1.0,2,2,4,2,1,1,2,1,21
2023-12-20_stanford_uc_davis,Stanford,44,"Iriafen, Kiki",True,27,8,14,0.571,0,0,,4,4,1.0,1,10,11,3,3,3,0,0,20
2023-12-20_stanford_uc_davis,Stanford,20,"Bosgana, Elena",True,28,5,7,0.714,2,4,0.5,2,2,1.0,1,5,6,0,2,1,0,1,14
2023-12-20_stanford_uc_davis,Stanford,33,"Jump, Hannah",True,22,3,6,0.5,2,4,0.5,2,2,1.0,0,1,1,2,2,0,0,2,10
2023-12-20_stanford_uc_davis,Stanford,10,"Lepolo, Talana",True,20,2,2,1.0,2,2,1.0,0,0,,0,0,0,0,2,0,0,1,6
2023-12-20_stanford_uc_davis,Stanford,21,"Demetre, Brooke",False,26,5,11,0.455,1,3,0.333,0,0,,2,6,8,0,2,2,0,2,11
2023-12-20_stanford_uc_davis,Stanford,03,"Agara, Nunu",False,20,3,6,0.5,0,0,,4,4,1.0,0,2,2,1,1,3,0,0,10
2023-12-20_stanford_uc_davis,Stanford,13,"Clardy, Chloe",False,20,0,2,0.0,0,0,,0,2,0.0,0,3,3,1,3,1,0,1,0
2023-12-20_stanford_uc_davis,Stanford,24,"Papadaki, Stavi",False,13,0,1,0.0,0,1,0.0,0,0,,0,0,0,1,1,1,0,0,0
2023-12-20_stanford_uc_davis,Stanford,31,"Green, Lauren",False,5,0,0,,0,0,,0,0,,0,0,0,0,0,0,0,1,0
2023-12-20_stanford_uc_davis,Stanford,TM,TEAM,False,0,0,0,,0,0,,0,0,,2,2,4,0,0,1,0,0,0
2023-12-20_uc_san_diego_boise_st,Boise St.,01,"Hansen, Mya",True,33,3,12,0.25,0,2,0.0,10,10,1.0,1,6,7,5,6,4,0,2,16
2023-12-20_uc_san_diego_boise_st,Boise St.,23,"Lalotte, Elodie",True,25,6,7,0.857,0,0,,1,1,1.0,3,7,10,2,2,1,0,3,13
2023-12-20_uc_san_diego_boise_st,Boise St.,32,"Pasco, Natalie",True,34,4,9,0.444,2,3,0.667,2,4,0.5,1,1,2,2,2,2,0,0,12
2023-12-20_uc_san_diego_boise_st,Boise St.,33,"Muse, Abby",True,32,4,14,0.286,0,0,,0,0,,1,7,8,3,2,3,6,2,8
2023-12-20_uc_san_diego_boise_st,Boise St.,12,"Naro, Mary Kay",True,29,1,5,0.2,1,4,0.25,0,0,,0,1,1,4,3,3,1,0,3
2023-12-20_uc_san_diego_boise_st,Boise St.,00,"Thompson, Tatum",False,7,1,1,1.0,1,1,1.0,0,0,,0,0,0,2,1,1,0,0,3
2023-12-20_uc_san_diego_boise_st,Boise St.,02,"Lovrovich, Linsey",False,12,0,4,0.0,0,1,0.0,1,2,0.5,0,1,1,0,0,0,0,0,1
2023-12-20_uc_san_diego_boise_st,Boise St.,04,"Bayes, Dani",False,14,0,2,0.0,0,1,0.0,0,0,,1,1,2,1,0,0,1,1,0
2023-12-20_uc_san_diego_boise_st,Boise St.,22,"Hull, Trista",False,14,0,0,,0,0,,0,0,,2,2,4,2,0,2,0,0,0
2023-12-20_uc_san_diego_boise_st,Boise St.,TM,TEAM,False,0,0,0,,0,0,,0,0,,3,4,7,0,0,1,0,0,0
2023-12-20_uc_san_diego_boise_st,UC San Diego,03,"Sugapong, Sumayah",True,33,7,16,0.438,1,4,0.25,7,10,0.7,1,3,4,2,4,2,1,1,22
2023-12-20_uc_san_diego_boise_st,UC San Diego,24,"Pinto, Denali",True,29,3,10,0.3,2,9,0.222,4,4,1.0,0,5,5,2,1,3,0,0,12
2023-12-20_uc_san_diego_boise_st,UC San Diego,20,"Forsyth, Izzy",True,26,2,6,0.333,0,2,0.0,0,0,,1,4,5,2,1,1,3,0,4
2023-12-20_uc_san_diego_boise_st,UC San Diego,32,"Montgomery, Parker",True,28,1,5,0.2,1,3,0.333,0,0,,1,0,1,3,4,1,0,2,3
2023-12-20_uc_san_diego_boise_st,UC San Diego,23,"Blithikioti, Eri",True,29,0,4,0.0,0,2,0.0,0,0,,0,0,0,1,1,1,0,2,0
2023-12-20_uc_san_diego_boise_st,UC San Diego,22,"Gallegos, Gracie",False,21,3,6,0.5,3,4,0.75,0,0,,3,3,6,2,0,0,2,0,9
2023-12-20_uc_san_diego_boise_st,UC San Diego,11,"Condron, Erin",False,16,2,3,0.667,0,0,,2,5,0.4,1,0,1,1,0,4,1,1,6
2023-12-20_uc_san_diego_boise_st,UC San Diego,35,"Springs, Katie",False,15,3,4,0.75,0,0,,0,0,,0,6,6,3,3,1,2,2,6
2023-12-20_uc_san_diego_boise_st,UC San Diego,05,"Louther, Gabby",False,3,0,1,0.0,0,0,,0,0,,0,1,1,1,0,0,0,0,0
2023-12-20_uc_san_diego_boise_st,UC San Diego,TM,TEAM,False,0,0,0,,0,0,,0,0,,1,1,2,0,0,1,0,0,0
2023-12-20_uc_santa_barbara_life_pacific,LIFE Pacific,24,"Lloyd, Kyori",True,30,7,12,0.583,1,4,0.25,0,0,,0,5,5,3,0,0,0,0,15
2023-12-20_uc_santa_barbara_life_pacific,LIFE Pacific,01,"Sanchez, Julianna",True,23,4,9,0.444,2,5,0.4,0,0,,0,3,3,1,0,1,0,0,10
2023-12-20_uc_santa_barbara_life_pacific,LIFE Pacific,00,"Schwantner, Faith",True,27,3,8,0.375,0,1,0.0,2,2,1.0,0,0,0,0,2,0,0,0,8
2023-12-20_uc_santa_barbara_life_pacific,LIFE Pacific,12,"Ganino, Sophia",True,19,1,1,1.0,1,1,1.0,0,0,,0,1,1,1,0,6,0,0,3
2023-12-20_uc_santa_barbara_life_pacific,LIFE Pacific,03,"Spinosa, Rachel",True,27,1,8,0.125,0,2,0.0,0,0,,0,3,3,2,2,0,0,0,2
2023-12-20_uc_santa_barbara_life_pacific,LIFE Pacific,04,"Satamian, Natalie",False,17,3,4,0.75,1,1,1.0,0,0,,1,1,2,1,1,2,0,0,7
2023-12-20_uc_santa_barbara_life_pacific,LIFE Pacific,33,"Zazueta, Chloe",False,9,1,2,0.5,1,1,1.0,0,0,,0,0,0,0,0,0,0,0,3
2023-12-20_uc_santa_barbara_life_pacific,LIFE Pacific,02,"Garcia, Mia",False,6,1,2,0.5,1,2,0.5,0,0,,0,0,0,0,0,0,0,0,3
2023-12-20_uc_santa_barbara_life_pacific,LIFE Pacific,13,"Murphy, Mikayla",False,19,0,8,0.0,0,4,0.0,2,2,1.0,2,2,4,0,2,2,1,0,2
2023-12-20_uc_santa_barbara_life_pacific,LIFE Pacific,11,"Leaf, Dibora",False,11,0,3,0.0,0,1,0.0,0,0,,0,1,1,1,0,1,0,0,0
2023-12-20_uc_santa_barbara_life_pacific,LIFE Pacific,10,"Zazueta, Cassandra",False,6,0,0,,0,0,,0,0,,0,0,0,0,1,1,0,0,0
2023-12-20_uc_santa_barbara_life_pacific,LIFE Pacific,21,"Hart, Abbigail",False,6,0,0,,0,0,,0,0,,0,0,0,0,0,0,0,0,0
2023-12-20_uc_santa_barbara_life_pacific,LIFE Pacific,TM,TEAM,False,0,0,0,,0,0,,0,0,,1,0,1,0,0,1,0,0,0
2023-12-20_uc_santa_barbara_life_pacific,UC Santa Barbara,13,"Goed, Flora",True,22,7,8,0.875,0,0,,2,2,1.0,2,1,3,0,1,1,0,0,16
2023-12-20_uc_santa_barbara_life_pacific,UC Santa Barbara,03,"Marin, Alyssa",True,21,5,6,0.833,2,3,0.667,0,0,,0,3,3,0,7,0,0,1,12
2023-12-20_uc_santa_barbara_life_pacific,UC Santa Barbara,10,"Choice, Anya",True,14,4,5,0.8,1,1,1.0,0,0,,0,1,1,2,1,1,1,0,9
2023-12-20_uc_santa_barbara_life_pacific,UC Santa Barbara,23,"Whitfield, Alexis",True,12,4,6,0.667,0,0,,1,2,0.5,2,2,4,1,2,0,1,0,9
2023-12-20_uc_santa_barbara_life_pacific,UC Santa Barbara,32,"Grant, Jessica",True,18,1,6,0.167,1,6,0.167,0,0,,1,2,3,0,1,1,0,0,3
2023-12-20_uc_santa_barbara_life_pacific,UC Santa Barbara,05,"Bradley, Olivia",False,26,6,9,0.667,0,2,0.0,5,6,0.833,3,1,4,2,1,1,0,0,17
2023-12-20_uc_santa_barbara_life_pacific,UC Santa Barbara,02,"Borter, Zoe",False,21,6,11,0.545,3,5,0.6,0,1,0.0,1,1,2,1,2,0,0,1,15
2023-12-20_uc_santa_barbara_life_pacific,UC Santa Barbara,15,"McMorris, Mary",False,18,3,5,0.6,2,2,1.0,1,2,0.5,1,5,6,4,4,1,0,0,9
2023-12-20_uc_santa_barbara_life_pacific,UC Santa Barbara,14,"Coon, Kanani",False,12,3,6,0.5,1,2,0.5,0,0,,0,3,3,1,1,2,0,2,7
2023-12-20_uc_santa_barbara_life_pacific,UC Santa Barbara,55,"Burke, Skylar",False,13,2,5,0.4,0,2,0.0,0,0,,0,4,4,0,2,0,0,1,4
2023-12-20_uc_santa_barbara_life_pacific,UC Santa Barbara,04,"Hutchens, Kathleen",False,14,1,1,1.0,1,1,1.0,0,0,,0,1,1,0,3,0,0,0,3
2023-12-20_uc_santa_barbara_life_pacific,UC Santa Barbara,25,"Cabuena, Analillia",False,9,1,1,1.0,1,1,1.0,0,0,,0,2,2,0,0,0,0,0,3
2023-12-20_uc_santa_barbara_life_pacific,UC Santa Barbara,TM,TEAM,False,0,0,0,,0,0,,0,0,,2,6,8,0,0,0,0,0,0
2023-12-20_uc_riverside_cal_lutheran,Cal Lutheran,11,"Mills, Sara",True,26,3,11,0.273,3,8,0.375,0,0,,0,2,2,3,0,5,0,0,9
2023-12-20_uc_riverside_cal_lutheran,Cal Lutheran,41,"Mack, Kaiya",True,27,4,11,0.364,0,3,0.0,0,0,,1,5,6,0,4,4,0,2,8
2023-12-20_uc_riverside_cal_lutheran,Cal Lutheran,22,"Holley, Janna",True,31,1,9,0.111,0,2,0.0,4,4,1.0,2,2,4,2,3,5,0,0,6
2023-12-20_uc_riverside_cal_lutheran,Cal Lutheran,21,"Ballard, Alline",True,21,3,10,0.3,0,1,0.0,0,1,0.0,3,7,10,5,0,0,0,0,6
2023-12-20_uc_riverside_cal_lutheran,Cal Lutheran,30,"Dimuro, Aliya",True,28,2,6,0.333,0,0,,0,2,0.0,3,5,8,1,0,1,0,0,4
2023-12-20_uc_riverside_cal_lutheran,Cal Lutheran,12,"Godines, Grace",False,19,3,5,0.6,2,4,0.5,0,0,,1,4,5,1,0,3,2,0,8
2023-12-20_uc_riverside_cal_lutheran,Cal Lutheran,10,"Greenwood, Alexa",False,16,1,3,0.333,1,3,0.333,0,0,,0,2,2,4,1,0,0,0,3
2023-12-20_uc_riverside_cal_lutheran,Cal Lutheran,00,"Charles, Amaya",False,12,1,3,0.333,0,2,0.0,0,0,,1,0,1,1,1,3,0,0,2
2023-12-20_uc_riverside_cal_lutheran,Cal Lutheran,24,"Broughton, Deanna",False,4,1,1,1.0,0,0,,0,0,,1,0,1,1,0,0,0,0,2
2023-12-20_uc_riverside_cal_lutheran,Cal Lutheran,1,"Ong, Genessa",False,8,0,2,0.0,0,1,0.0,1,2,0.5,2,0,2,1,0,3,0,0,1
2023-12-20_uc_riverside_cal_lutheran,Cal Lutheran,2,"Lim, Emily",False,3,0,0,,0,0,,0,0,,0,2,2,1,0,3,0,0,0
2023-12-20_uc_riverside_cal_lutheran,Cal Lutheran,3,"Godfrey, Al'ynnay",False,3,0,0,,0,0,,0,0,,0,0,0,1,0,0,0,0,0
2023-12-20_uc_riverside_cal_lutheran,Cal Lutheran,15,"Eldeer, Elizabeth",False,2,0,1,0.0,0,1,0.0,0,0,,0,0,0,0,0,0,0,1,0
2023-12-20_uc_riverside_cal_lutheran,Cal Lutheran,TM,TEAM,False,0,0,0,,0,0,,0,0,,2,4,6,0,0,0,0,0,0
2023-12-20_uc_riverside_cal_lutheran,UC Riverside,32,"Webster, Jordan",True,30,8,14,0.571,1,4,0.25,0,1,0.0,1,3,4,0,0,1,0,4,17
2023-12-20_uc_riverside_cal_lutheran,UC Riverside,1,"Bryant, Matehya",True,22,5,11,0.455,0,0,,3,4,0.75,2,6,8,3,1,1,0,3,13
2023-12-20_uc_riverside_cal_lutheran,UC Riverside,00,"Jackson, Makayla",True,28,5,9,0.556,2,5,0.4,0,0,,1,1,2,0,3,0,0,1,12
2023-12-20_uc_riverside_cal_lutheran,UC Riverside,3,"Tillery, Zoe",True,25,2,6,0.333,0,0,,0,1,0.0,0,5,5,0,2,2,0,1,4
2023-12-20_uc_riverside_cal_lutheran,UC Riverside,10,"Stenberg, Julia",True,15,0,2,0.0,0,2,0.0,0,0,,0,2,2,0,1,1,0,0,0
2023-12-20_uc_riverside_cal_lutheran,UC Riverside,15,"Sanderson, Jaden",False,25,4,9,0.444,0,0,,2,2,1.0,2,3,5,3,3,1,0,3,10
2023-12-20_uc_riverside_cal_lutheran,UC Riverside,4,"Marshall, Jordyn",False,19,2,5,0.4,0,0,,4,7,0.571,0,2,2,0,8,2,0,0,8
2023-12-20_uc_riverside_cal_lutheran,UC Riverside,11,"Matarranz, Esther",False,18,4,9,0.444,0,0,,0,1,0.0,3,3,6,4,1,0,0,1,8
2023-12-20_uc_riverside_cal_lutheran,UC Riverside,13,"Chocano, Maya",False,11,1,2,0.5,0,1,0.0,4,5,0.8,0,0,0,1,1,1,0,3,6
2023-12-20_uc_riverside_cal_lutheran,UC Riverside,5,"Murphy, Sasha",False,7,2,3,0.667,0,0,,0,1,0.0,0,0,0,1,0,1,1,1,4
2023-12-20_uc_riverside_cal_lutheran,UC Riverside,TM,TEAM,False,0,0,0,,0,0,,0,0,,2,3,5,0,0,0,0,0,0
2023-12-21_ucla_hawaii,Hawaii,45,"Davies, Olivia",True,19,3,6,0.5,3,5,0.6,2,2,1.0,0,3,3,3,1,1,0,0,11
2023-12-21_ucla_hawaii,Hawaii,23,"McBee, MeiLani",True,32,3,8,0.375,3,8,0.375,0,0,,0,1,1,4,1,4,0,2,9
2023-12-21_ucla_hawaii,Hawaii,15,"Phillips, Daejah",True,32,2,8,0.25,0,3,0.0,4,4,1.0,2,6,8,3,5,3,0,2,8
2023-12-21_ucla_hawaii,Hawaii,03,"Wahinekapu, Lily",True,28,2,5,0.4,2,4,0.5,0,0,,0,4,4,0,2,7,2,0,6
2023-12-21_ucla_hawaii,Hawaii,14,"Rewers, Brooklyn",True,28,2,9,0.222,0,1,0.0,2,2,1.0,1,3,4,4,1,3,0,0,6
2023-12-21_ucla_hawaii,Hawaii,01,"Imai, Kelsie",False,16,1,4,0.25,0,0,,0,0,,0,0,0,2,0,2,0,0,2
2023-12-21_ucla_hawaii,Hawaii,11,"Berrett, Vivienne",False,15,1,2,0.5,0,0,,0,0,,0,2,2,0,1,1,0,0,2
2023-12-21_ucla_hawaii,Hawaii,22,"Peacock, Jade",False,14,1,5,0.2,0,3,0.0,0,0,,0,2,2,3,0,2,1,1,2
2023-12-21_ucla_hawaii,Hawaii,02,"Thoms, Ashley",False,16,0,1,0.0,0,1,0.0,0,0,,1,0,1,1,2,2,0,0,0
2023-12-21_ucla_hawaii,Hawaii,TM,TEAM,False,0,0,0,,0,0,,0,0,,1,2,3,0,0,1,0,0,0
2023-12-21_ucla_hawaii,UCLA,20,"Osborne, Charisma",True,21,6,10,0.6,3,5,0.6,2,2,1.0,1,3,4,1,4,1,1,1,17
2023-12-21_ucla_hawaii,UCLA,51,"Betts, Lauren",True,13,8,10,0.8,0,0,,0,3,0.0,3,4,7,1,0,2,1,0,16
2023-12-21_ucla_hawaii,UCLA,01,"Rice, Kiki",True,27,6,12,0.5,0,3,0.0,2,2,1.0,0,4,4,1,6,2,0,4,14
2023-12-21_ucla_hawaii,UCLA,03,"Jones, Londynn",True,26,3,9,0.333,3,6,0.5,3,6,0.5,1,0,1,0,5,0,0,6,12
2023-12-21_ucla_hawaii,UCLA,32,"Dugalić, Angela",True,20,3,7,0.429,1,3,0.333,0,0,,1,4,5,1,1,1,0,3,7
2023-12-21_ucla_hawaii,UCLA,22,"Iwuala, Christeen",False,20,5,9,0.556,0,0,,0,0,,3,3,6,1,0,0,0,0,10
2023-12-21_ucla_hawaii,UCLA,23,"Jaquez, Gabriela",False,24,2,7,0.286,0,3,0.0,1,4,0.25,2,3,5,0,4,1,0,0,5
2023-12-21_ucla_hawaii,UCLA,35,"Brown, Camryn",False,17,1,3,0.333,0,0,,0,2,0.0,0,1,1,1,1,0,1,2,2
2023-12-21_ucla_hawaii,UCLA,33,"Muse, Amanda",False,15,1,3,0.333,0,0,,0,0,,3,1,4,2,1,2,2,0,2
2023-12-21_ucla_hawaii,UCLA,21,"Sontag, Lina",False,17,0,2,0.0,0,1,0.0,0,0,,0,2,2,2,3,2,2,3,0
2023-12-21_ucla_hawaii,UCLA,TM,TEAM,False,0,0,0,,0,0,,0,0,,3,1,4,0,0,0,0,0,0
2023-12-21_uc_san_diego_montana,Montana,23,"Bruno, MJ",True,33,8,8,1.0,6,6,1.0,1,2,0.5,2,6,8,2,1,1,0,2,23
2023-12-21_uc_san_diego_montana,Montana,02,"Konig, Mack",True,29,3,6,0.5,3,5,0.6,3,4,0.75,0,0,0,2,3,2,0,2,12
2023-12-21_uc_san_diego_montana,Montana,20,"Gfeller, Carmen",True,19,3,7,0.429,2,3,0.667,4,4,1.0,1,3,4,5,0,1,0,0,12
2023-12-21_uc_san_diego_montana,Montana,40,"Bartsch, Dani",True,30,4,7,0.571,1,3,0.333,1,1,1.0,1,5,6,3,4,3,1,0,10
2023-12-21_uc_san_diego_montana,Montana,13,"Espenmiller-McGraw, Maggie",True,36,2,4,0.5,1,2,0.5,1,4,0.25,0,3,3,3,5,2,0,2,6
2023-12-21_uc_san_diego_montana,Montana,22,"Marxen, Gina",False,27,1,8,0.125,0,7,0.0,1,1,1.0,0,1,1,1,6,1,0,0,3
2023-12-21_uc_san_diego_montana,Montana,33,"Lincoln, Adria",False,3,1,1,1.0,0,0,,0,0,,0,0,0,0,0,0,0,0,2
2023-12-21_uc_san_diego_montana,Montana,34,"Pirog, Alex",False,9,0,2,0.0,0,0,,0,0,,0,1,1,1,0,1,0,0,0
2023-12-21_uc_san_diego_montana,Montana,10,"Huard, Haley",False,8,0,3,0.0,0,3,0.0,0,0,,0,0,0,2,0,2,0,0,0
2023-12-21_uc_san_diego_montana,Montana,12,"Huard, Macey",False,6,0,1,0.0,0,1,0.0,0,0,,0,1,1,3,0,0,0,0,0
2023-12-21_uc_san_diego_montana,Montana,TM,TEAM,False,0,0,0,,0,0,,0,0,,3,0,3,0,0,1,0,0,0
2023-12-21_uc_san_diego_montana,UC San Diego,03,"Sugapong, Sumayah",True,37,9,24,0.375,1,4,0.25,6,7,0.857,1,1,2,2,4,4,0,2,25
2023-12-21_uc_san_diego_montana,UC San Diego,32,"Montgomery, Parker",True,40,5,11,0.455,1,4,0.25,2,2,1.0,1,2,3,1,2,3,0,2,13
2023-12-21_uc_san_diego_montana,UC San Diego,24,"Pinto, Denali",True,36,4,11,0.364,4,8,0.5,0,1,0.0,0,3,3,1,1,3,0,0,12
2023-12-21_uc_san_diego_montana,UC San Diego,20,"Forsyth, Izzy",True,21,1,3,0.333,0,0,,0,0,,0,1,1,2,0,2,1,0,2
2023-12-21_uc_san_diego_montana,UC San Diego,23,"Blithikioti, Eri",True,6,0,2,0.0,0,1,0.0,0,0,,0,0,0,1,0,0,0,0,0
2023-12-21_uc_san_diego_montana,UC San Diego,35,"Springs, Katie",False,21,1,2,0.5,0,0,,5,6,0.833,7,4,11,5,2,1,1,0,7
2023-12-21_uc_san_diego_montana,UC San Diego,22,"Gallegos, Gracie",False,32,2,3,0.667,2,3,0.667,0,0,,2,4,6,1,2,0,0,1,6
2023-12-21_uc_san_diego_montana,UC San Diego,11,"Condron, Erin",False,6,1,1,1.0,0,0,,0,0,,0,2,2,1,0,1,0,0,2
2023-12-21_uc_san_diego_montana,UC San Diego,05,"Louther, Gabby",False,1,0,0,,0,0,,0,0,,0,0,0,1,0,0,0,0,0
2023-12-21_uc_san_diego_montana,UC San Diego,TM,TEAM,False,0,0,0,,0,0,,0,0,,3,3,6,0,0,0,0,0,0
2023-12-21_sacramento_st_cal_poly,Cal Poly,2,"Shah, Annika",True,33,6,13,0.462,3,7,0.429,2,2,1.0,0,1,1,3,2,4,0,3,17
2023-12-21_sacramento_st_cal_poly,Cal Poly,4,"Lichtie, Sierra",True,33,5,10,0.5,0,2,0.0,6,8,0.75,1,4,5,3,3,3,0,1,16
2023-12-21_sacramento_st_cal_poly,Cal Poly,35,"Ackerman, Natalia",True,32,5,7,0.714,0,0,,3,4,0.75,4,11,15,3,2,2,2,2,13
2023-12-21_sacramento_st_cal_poly,Cal Poly,15,"Bourland, Sydney",True,36,2,3,0.667,1,1,1.0,2,2,1.0,2,2,4,3,6,3,0,1,7
2023-12-21_sacramento_st_cal_poly,Cal Poly,5,"McNicholas, Ania",True,17,1,3,0.333,0,1,0.0,1,2,0.5,0,1,1,5,3,4,0,4,3
2023-12-21_sacramento_st_cal_poly,Cal Poly,24,"Carter, Mary",False,17,3,5,0.6,3,5,0.6,0,0,,0,1,1,1,1,6,0,1,9
2023-12-21_sacramento_st_cal_poly,Cal Poly,12,"Billing, Jordan",False,3,1,2,0.5,1,1,1.0,0,0,,1,0,1,1,0,0,0,0,3
2023-12-21_sacramento_st_cal_poly,Cal Poly,33,"Olinger, Amanda",False,16,1,1,1.0,0,0,,0,0,,0,1,1,2,0,3,1,0,2
2023-12-21_sacramento_st_cal_poly,Cal Poly,25,"Hoffman, Jordan",False,9,1,2,0.5,0,1,0.0,0,0,,0,0,0,1,0,0,0,0,2
2023-12-21_sacramento_st_cal_poly,Cal Poly,3,"Richardson, Diamond",False,4,0,0,,0,0,,0,0,,2,0,2,3,0,2,0,0,0
2023-12-21_sacramento_st_cal_poly,Cal Poly,TM,TEAM,False,0,0,0,,0,0,,0,0,,1,2,3,0,0,0,0,0,0
2023-12-21_sacramento_st_cal_poly,Sacramento St.,1,"Versteeg, Benthe",True,39,5,12,0.417,0,1,0.0,5,11,0.455,0,0,0,3,6,6,1,5,15
2023-12-21_sacramento_st_cal_poly,Sacramento St.,14,"Hanson, Summah",True,25,3,7,0.429,2,5,0.4,2,2,1.0,0,5,5,5,1,5,1,1,10
2023-12-21_sacramento_st_cal_poly,Sacramento St.,31,"Orio, Irune",True,30,4,6,0.667,0,2,0.0,0,0,,1,1,2,0,0,2,1,2,8
2023-12-21_sacramento_st_cal_poly,Sacramento St.,3,"Amusan, Solape",True,27,2,7,0.286,1,5,0.2,0,0,,0,1,1,4,1,2,0,2,5
2023-12-21_sacramento_st_cal_poly,Sacramento St.,22,"Falk, Lina",True,23,1,1,1.0,1,1,1.0,2,2,1.0,0,1,1,2,1,4,0,1,5
2023-12-21_sacramento_st_cal_poly,Sacramento St.,24,"Lee, Sophia",False,18,0,1,0.0,0,0,,4,4,1.0,0,0,0,2,2,0,0,2,4
2023-12-21_sacramento_st_cal_poly,Sacramento St.,2,"Edge, Kaylie",False,11,1,2,0.5,1,2,0.5,0,0,,0,0,0,1,0,3,0,0,3
2023-12-21_sacramento_st_cal_poly,Sacramento St.,23,"Segretain, Celestine",False,3,0,0,,0,0,,2,2,1.0,0,0,0,0,0,0,0,1,2
2023-12-21_sacramento_st_cal_poly,Sacramento St.,5,"Salton, J'yana",False,2,0,0,,0,0,,2,2,1.0,0,0,0,1,0,0,0,0,2
2023-12-21_sacramento_st_cal_poly,Sacramento St.,20,"Lautaimi, Seilala",False,17,0,2,0.0,0,0,,1,2,0.5,1,0,1,0,0,1,0,2,1
2023-12-21_sacramento_st_cal_poly,Sacramento St.,00,"Jackson, Ayanna",False,5,0,0,,0,0,,0,0,,0,0,0,0,0,0,0,0,0
2023-12-21_sacramento_st_cal_poly,Sacramento St.,TM,TEAM,False,0,0,0,,0,0,,0,0,,0,3,3,0,0,1,0,0,0
2023-12-21_long_beach_st_southern_california,Southern California,25,"Forbes, McKenzie",True,38,10,25,0.4,3,11,0.273,13,16,0.812,1,6,7,3,4,3,0,2,36
2023-12-21_long_beach_st_southern_california,Southern California,45,"Padilla, Kayla",True,39,4,13,0.308,4,8,0.5,4,4,1.0,2,1,3,4,3,1,0,3,16
2023-12-21_long_beach_st_southern_california,Southern California,1,"Bigby, Taylor",True,37,3,12,0.25,2,8,0.25,3,6,0.5,4,1,5,1,4,1,2,2,11
2023-12-21_long_beach_st_southern_california,Southern California,10,"Samuels, Malia",True,21,0,3,0.0,0,2,0.0,0,0,,1,0,1,1,1,1,0,1,0
2023-12-21_long_beach_st_southern_california,Southern California,34,"Akunwafo, Clarice",True,16,0,2,0.0,0,0,,0,0,,3,5,8,4,0,1,2,0,0
2023-12-21_long_beach_st_southern_california,Southern California,4,"Williams, Kayla",False,22,2,5,0.4,1,3,0.333,4,4,1.0,0,3,3,3,1,2,0,4,9
2023-12-21_long_beach_st_southern_california,Southern California,30,"Makolo, Roxane",False,15,3,3,1.0,0,0,,3,5,0.6,2,1,3,3,0,1,1,1,9
2023-12-21_long_beach_st_southern_california,Southern California,21,"Darius, Dominique",False,12,0,3,0.0,0,2,0.0,4,4,1.0,2,3,5,2,0,2,0,1,4
2023-12-21_long_beach_st_southern_california,Southern California,TM,TEAM,False,0,0,0,,0,0,,0,0,,0,4,4,0,0,0,0,0,0
2023-12-21_long_beach_st_southern_california,Long Beach St.,2,"Tucker, Savannah",True,34,2,8,0.25,2,6,0.333,11,11,1.0,2,6,8,1,1,3,0,0,17
2023-12-21_long_beach_st_southern_california,Long Beach St.,22,"Woodley, Sydney",True,32,5,10,0.5,0,0,,4,6,0.667,3,3,6,4,2,3,0,3,14
2023-12-21_long_beach_st_southern_california,Long Beach St.,1,"Sonnier, Lovely",True,22,7,12,0.583,0,2,0.0,0,3,0.0,0,3,3,5,1,2,0,0,14
2023-12-21_long_beach_st_southern_california,Long Beach St.,3,"Chung, Patricia",True,31,4,9,0.444,1,2,0.5,0,0,,1,7,8,5,2,3,0,0,9
2023-12-21_long_beach_st_southern_california,Long Beach St.,10,"Valenti Paea, Casey",True,25,1,4,0.25,0,0,,2,3,0.667,0,3,3,4,2,0,0,3,4
2023-12-21_long_beach_st_southern_california,Long Beach St.,12,"Crawshaw, Jada",False,21,5,13,0.385,0,0,,2,3,0.667,6,4,10,4,0,4,1,1,12
2023-12-21_long_beach_st_southern_california,Long Beach St.,4,"Givens, Cheyenne",False,17,3,5,0.6,0,1,0.0,0,0,,0,3,3,4,2,5,0,1,6
2023-12-21_long_beach_st_southern_california,Long Beach St.,52,"Matthews, Davai",False,16,0,2,0.0,0,0,,1,2,0.5,0,4,4,3,1,1,0,0,1
2023-12-21_long_beach_st_southern_california,Long Beach St.,30,"Moore, Olivia",False,2,0,1,0.0,0,1,0.0,0,0,,1,0,1,0,0,0,0,0,0
2023-12-21_long_beach_st_southern_california,Long Beach St.,00,"Cummings, Lauren",False,0,0,0,,0,0,,0,0,,0,0,0,1,0,0,0,0,0
2023-12-21_long_beach_st_southern_california,Long Beach St.,TM,TEAM,False,0,0,0,,0,0,,0,0,,3,0,3,0,0,1,0,0,0
2023-12-21_csun_lmu_ca,LMU (CA),11,"Inoussa, Soufia",True,28,7,11,0.636,5,6,0.833,0,0,,3,1,4,2,2,0,0,5,19
2023-12-21_csun_lmu_ca,LMU (CA),35,"Mark, Alexis",True,27,4,13,0.308,3,6,0.5,2,4,0.5,1,7,8,3,3,3,0,0,13
2023-12-21_csun_lmu_ca,LMU (CA),17,"Rodriguez, Nicole",True,27,5,11,0.455,1,5,0.2,0,0,,2,3,5,0,1,0,0,0,11
2023-12-21_csun_lmu_ca,LMU (CA),14,"Gandy, Sydney",True,38,3,9,0.333,2,6,0.333,1,2,0.5,0,3,3,1,8,4,1,1,9
2023-12-21_csun_lmu_ca,LMU (CA),10,"Oliver, Amaya",True,25,2,5,0.4,0,0,,3,8,0.375,1,3,4,2,3,0,0,0,7
2023-12-21_csun_lmu_ca,LMU (CA),00,"Hamilton, Da'ja",False,12,2,6,0.333,1,3,0.333,1,2,0.5,0,1,1,0,2,3,0,0,6
2023-12-21_csun_lmu_ca,LMU (CA),55,"Hernandez, Maya",False,11,3,5,0.6,0,0,,0,0,,2,2,4,1,0,1,0,0,6
2023-12-21_csun_lmu_ca,LMU (CA),4,"Ezeja, Cynthia",False,9,2,2,1.0,0,0,,1,1,1.0,2,3,5,1,1,1,0,0,5
2023-12-21_csun_lmu_ca,LMU (CA),5,"Dunn, Daylee",False,8,0,1,0.0,0,1,0.0,1,2,0.5,1,1,2,1,0,1,0,0,1
2023-12-21_csun_lmu_ca,LMU (CA),3,"Wedin, Ella",False,12,0,2,0.0,0,2,0.0,0,0,,0,1,1,2,1,0,0,0,0
2023-12-21_csun_lmu_ca,LMU (CA),21,"Yancy, Noelle",False,3,0,0,,0,0,,0,0,,0,0,0,0,0,0,0,0,0
2023-12-21_csun_lmu_ca,LMU (CA),TM,TEAM,False,0,0,0,,0,0,,0,0,,1,4,5,0,0,1,0,0,0
2023-12-21_csun_lmu_ca,CSUN,23,"Li-uperesa, Talo",True,34,6,8,0.75,1,1,1.0,5,6,0.833,1,5,6,2,3,2,3,2,18
2023-12-21_csun_lmu_ca,CSUN,1,"Ferguson, Amiyah",True,26,4,13,0.308,3,8,0.375,1,2,0.5,0,3,3,4,4,1,1,0,12
2023-12-21_csun_lmu_ca,CSUN,24,"Spriggs, Kayanna",True,27,4,7,0.571,0,0,,1,3,0.333,0,4,4,3,1,4,1,1,9
2023-12-21_csun_lmu_ca,CSUN,21,"de Jesus , Ana Carolina",True,16,4,10,0.4,0,2,0.0,0,0,,1,3,4,3,2,1,0,0,8
2023-12-21_csun_lmu_ca,CSUN,20,"Adams, Erica",True,31,3,7,0.429,0,0,,0,0,,1,3,4,2,5,1,0,2,6
2023-12-21_csun_lmu_ca,CSUN,15,"Amundsen, Laney",False,28,3,6,0.5,3,5,0.6,1,1,1.0,0,4,4,2,1,0,1,1,10
2023-12-21_csun_lmu_ca,CSUN,22,"Elsholz, Kaitlyn",False,27,4,8,0.5,1,4,0.25,0,0,,0,0,0,1,1,2,0,2,9
2023-12-21_csun_lmu_ca,CSUN,4,"Harvey, Rachel",False,8,0,0,,0,0,,2,2,1.0,0,2,2,0,0,1,0,0,2
2023-12-21_csun_lmu_ca,CSUN,11,"Smith, Olivia",False,3,0,0,,0,0,,0,0,,1,1,2,0,1,2,0,0,0
2023-12-21_csun_lmu_ca,CSUN,TM,TEAM,False,0,0,0,,0,0,,0,0,,1,2,3,0,0,0,0,0,0
2023-12-21_cal_st_fullerton_santa_clara,Santa Clara,34,"Heal, Tess",True,29,9,14,0.643,3,4,0.75,1,1,1.0,2,2,4,1,3,5,0,1,22
2023-12-21_cal_st_fullerton_santa_clara,Santa Clara,05,"Pollerd, Olivia",True,31,8,15,0.533,2,6,0.333,1,2,0.5,1,6,7,0,3,0,1,0,19
2023-12-21_cal_st_fullerton_santa_clara,Santa Clara,13,"Edmanson, Lara",True,27,4,7,0.571,0,1,0.0,0,0,,6,1,7,1,2,0,0,0,8
2023-12-21_cal_st_fullerton_santa_clara,Santa Clara,02,"Frawley, Keeley",True,17,1,1,1.0,1,1,1.0,2,2,1.0,2,1,3,2,1,1,0,1,5
2023-12-21_cal_st_fullerton_santa_clara,Santa Clara,31,"Hiraki, Ashley",True,16,0,3,0.0,0,3,0.0,0,0,,0,3,3,0,2,1,0,0,0
2023-12-21_cal_st_fullerton_santa_clara,Santa Clara,22,"Cadee, Jayde",False,18,3,6,0.5,3,6,0.5,0,0,,1,1,2,1,1,3,0,3,9
2023-12-21_cal_st_fullerton_santa_clara,Santa Clara,23,"Hudgins, Marya",False,24,2,9,0.222,0,2,0.0,4,6,0.667,3,5,8,2,1,1,1,2,8
2023-12-21_cal_st_fullerton_santa_clara,Santa Clara,12,"Naro, Madison",False,14,1,4,0.25,0,2,0.0,0,0,,0,2,2,0,2,0,0,0,2
2023-12-21_cal_st_fullerton_santa_clara,Santa Clara,52,"Shaffer, Emma",False,7,1,7,0.143,0,0,,0,0,,2,0,2,0,0,1,0,0,2
2023-12-21_cal_st_fullerton_santa_clara,Santa Clara,00,"Latu, Malia",False,6,0,0,,0,0,,1,2,0.5,0,0,0,0,0,0,0,0,1
2023-12-21_cal_st_fullerton_santa_clara,Santa Clara,10,"Grigoropoulou, Georgia",False,6,0,2,0.0,0,0,,0,0,,3,1,4,0,0,2,0,0,0
2023-12-21_cal_st_fullerton_santa_clara,Santa Clara,33,"Stafford, Danja",False,3,0,1,0.0,0,0,,0,0,,2,0,2,0,0,0,0,0,0
2023-12-21_cal_st_fullerton_santa_clara,Santa Clara,24,"Stergaki, Rafailia",False,2,0,0,,0,0,,0,0,,0,0,0,0,0,0,0,0,0
2023-12-21_cal_st_fullerton_santa_clara,Santa Clara,TM,TEAM,False,0,0,0,,0,0,,0,0,,2,2,4,0,0,0,0,0,0
2023-12-21_cal_st_fullerton_santa_clara,Cal St. Fullerton,04,"Vidmar, Gabi",True,35,7,13,0.538,3,6,0.5,3,4,0.75,1,2,3,1,2,2,0,3,20
2023-12-21_cal_st_fullerton_santa_clara,Cal St. Fullerton,32,"Lewis, Ashlee",True,28,5,8,0.625,0,0,,3,3,1.0,3,5,8,2,1,2,3,0,13
2023-12-21_cal_st_fullerton_santa_clara,Cal St. Fullerton,02,"Hassmann, Hope",True,25,2,7,0.286,0,1,0.0,0,0,,1,0,1,4,4,0,0,0,4
2023-12-21_cal_st_fullerton_santa_clara,Cal St. Fullerton,24,"Neff, Kathryn",True,20,1,5,0.2,1,4,0.25,0,0,,1,1,2,0,0,1,0,0,3
2023-12-21_cal_st_fullerton_santa_clara,Cal St. Fullerton,21,"Tse, Allysan",True,15,1,4,0.25,0,0,,0,0,,0,0,0,1,1,2,0,3,2
2023-12-21_cal_st_fullerton_santa_clara,Cal St. Fullerton,12,"Levingston, Eva",False,16,3,5,0.6,0,0,,0,0,,2,0,2,3,1,2,0,1,6
2023-12-21_cal_st_fullerton_santa_clara,Cal St. Fullerton,55,"Nimmo, Fujika",False,15,2,6,0.333,1,2,0.5,0,0,,0,1,1,2,1,1,0,1,5
2023-12-21_cal_st_fullerton_santa_clara,Cal St. Fullerton,13,"Hernandez, Aixchel",False,9,1,3,0.333,0,0,,0,0,,1,2,3,0,2,2,0,1,2
2023-12-21_cal_st_fullerton_santa_clara,Cal St. Fullerton,03,"Salazar-Harrell, Kaliana",False,5,1,1,1.0,0,0,,0,0,,0,0,0,0,0,0,0,0,2
2023-12-21_cal_st_fullerton_santa_clara,Cal St. Fullerton,33,"Minor, Brielle",False,13,0,0,,0,0,,0,0,,0,1,1,0,0,0,1,0,0
2023-12-21_cal_st_fullerton_santa_clara,Cal St. Fullerton,23,"Strachan, Emily",False,10,0,1,0.0,0,0,,0,0,,0,1,1,1,0,1,0,0,0
2023-12-21_cal_st_fullerton_santa_clara,Cal St. Fullerton,10,"Lagway, Demonnie",False,8,0,2,0.0,0,0,,0,0,,0,2,2,0,0,2,0,0,0
2023-12-21_cal_st_fullerton_santa_clara,Cal St. Fullerton,11,"MacDonald, Ruby",False,1,0,1,0.0,0,1,0.0,0,0,,0,0,0,0,0,0,0,0,0
2023-12-21_cal_st_fullerton_santa_clara,Cal St. Fullerton,TM,TEAM,False,0,0,0,,0,0,,0,0,,1,3,4,0,0,0,0,0,0
2023-12-21_csu_bakersfield_whittier,Whittier,04,"Leach, Rhe Nae",True,38,8,15,0.533,0,2,0.0,1,3,0.333,4,8,12,2,1,7,1,4,17
2023-12-21_csu_bakersfield_whittier,Whittier,32,"James, Lainie",True,37,4,16,0.25,3,9,0.333,0,0,,1,4,5,2,1,4,0,0,11
2023-12-21_csu_bakersfield_whittier,Whittier,25,"Salloom, LuLu",True,38,2,12,0.167,0,0,,4,6,0.667,7,5,12,4,0,5,0,0,8
2023-12-21_csu_bakersfield_whittier,Whittier,02,"Pagila, Abby",True,25,1,2,0.5,0,0,,4,4,1.0,0,4,4,0,2,0,0,0,6
2023-12-21_csu_bakersfield_whittier,Whittier,03,"Gurrola, Lalli",True,38,1,5,0.2,1,4,0.25,0,0,,2,2,4,2,0,1,1,0,3
2023-12-21_csu_bakersfield_whittier,Whittier,15,"Robles, Bella",False,19,3,3,1.0,1,1,1.0,0,0,,0,4,4,3,0,2,1,0,7
2023-12-21_csu_bakersfield_whittier,Whittier,22,"Meza, Melanie",False,4,0,0,,0,0,,0,0,,0,0,0,0,1,0,0,0,0
2023-12-21_csu_bakersfield_whittier,Whittier,23,"Rosales, Yaneli",False,1,0,1,0.0,0,1,0.0,0,0,,0,1,1,0,0,0,0,0,0
2023-12-21_csu_bakersfield_whittier,Whittier,TM,TEAM,False,0,0,0,,0,0,,0,0,,2,0,2,0,0,0,0,0,0
2023-12-21_csu_bakersfield_whittier,CSU Bakersfield,00,"Brown, Shaunae",True,32,5,16,0.312,4,12,0.333,0,0,,1,0,1,2,0,1,0,1,14
2023-12-21_csu_bakersfield_whittier,CSU Bakersfield,23,"Olivares, Jordan",True,29,4,10,0.4,2,5,0.4,2,4,0.5,0,7,7,4,1,2,0,1,12
2023-12-21_csu_bakersfield_whittier,CSU Bakersfield,33,"Riley, Julia",True,26,4,14,0.286,2,5,0.4,0,0,,3,3,6,1,1,1,1,0,10
2023-12-21_csu_bakersfield_whittier,CSU Bakersfield,32,"Freeman, Garrisen",True,26,1,1,1.0,0,0,,0,0,,1,1,2,0,2,0,1,1,2
2023-12-21_csu_bakersfield_whittier,CSU Bakersfield,14,"Ortiz, Nseije",True,24,1,3,0.333,0,2,0.0,0,0,,0,5,5,4,2,2,1,1,2
2023-12-21_csu_bakersfield_whittier,CSU Bakersfield,05,"Tougas, Sophia",False,25,4,12,0.333,1,5,0.2,0,0,,6,5,11,1,1,1,3,2,9
2023-12-21_csu_bakersfield_whittier,CSU Bakersfield,15,"Porter, Amourie",False,14,3,6,0.5,0,2,0.0,3,4,0.75,2,1,3,3,2,2,0,2,9
2023-12-21_csu_bakersfield_whittier,CSU Bakersfield,34,"Brooks, Jordan",False,10,1,4,0.25,0,0,,0,0,,3,0,3,0,0,0,0,1,2
2023-12-21_csu_bakersfield_whittier,CSU Bakersfield,02,"Edwards, Morgan",False,14,0,6,0.0,0,2,0.0,0,0,,1,0,1,1,1,1,0,0,0
2023-12-21_csu_bakersfield_whittier,CSU Bakersfield,TM,TEAM,False,0,0,0,,0,0,,0,0,,4,0,4,0,0,1,0,0,0
2023-12-28_uc_santa_barbara_uc_davis,UC Davis,14,"Sabel, Tova",True,32,5,15,0.333,1,4,0.25,0,0,,2,1,3,1,2,2,0,1,11
2023-12-28_uc_santa_barbara_uc_davis,UC Davis,15,"Turner, Evanne",True,39,5,13,0.385,0,2,0.0,0,0,,1,3,4,4,6,4,0,0,10
2023-12-28_uc_santa_barbara_uc_davis,UC Davis,25,"Norris, Megan",True,30,4,14,0.286,0,3,0.0,1,1,1.0,0,7,7,2,2,1,1,1,9
2023-12-28_uc_santa_barbara_uc_davis,UC Davis,13,"Burns, Sydney",True,28,1,3,0.333,0,0,,0,0,,0,5,5,1,1,2,0,3,2
2023-12-28_uc_santa_barbara_uc_davis,UC Davis,33,"Harris, Mazatlan",True,20,0,3,0.0,0,3,0.0,0,0,,0,1,1,3,0,2,0,0,0
2023-12-28_uc_santa_barbara_uc_davis,UC Davis,04,"Epps, Nya",False,23,4,6,0.667,2,3,0.667,0,0,,0,0,0,0,0,2,0,0,10
2023-12-28_uc_santa_barbara_uc_davis,UC Davis,41,"Shine, Bria",False,17,2,4,0.5,2,4,0.5,1,2,0.5,0,2,2,0,0,0,1,0,7
2023-12-28_uc_santa_barbara_uc_davis,UC Davis,03,"Gray, Campbell",False,8,0,0,,0,0,,0,0,,0,3,3,0,2,0,0,0,0
2023-12-28_uc_santa_barbara_uc_davis,UC Davis,20,"Fitzgerald, Ally",False,2,0,2,0.0,0,1,0.0,0,0,,0,0,0,1,0,0,0,0,0
2023-12-28_uc_santa_barbara_uc_davis,UC Davis,23,"Baker, Victoria",False,1,0,0,,0,0,,0,0,,0,0,0,2,0,0,0,0,0
2023-12-28_uc_santa_barbara_uc_davis,UC Davis,TM,TEAM,False,0,0,0,,0,0,,0,0,,1,2,3,0,0,0,0,0,0
2023-12-28_uc_santa_barbara_uc_davis,UC Santa Barbara,03,"Marin, Alyssa",True,25,4,8,0.5,0,2,0.0,5,8,0.625,1,3,4,3,3,1,0,0,13
2023-12-28_uc_santa_barbara_uc_davis,UC Santa Barbara,23,"Whitfield, Alexis",True,36,5,12,0.417,1,2,0.5,0,0,,3,9,12,2,1,4,0,0,11
2023-12-28_uc_santa_barbara_uc_davis,UC Santa Barbara,10,"Choice, Anya",True,34,2,9,0.222,1,3,0.333,0,0,,0,3,3,3,3,2,0,0,5
2023-12-28_uc_santa_barbara_uc_davis,UC Santa Barbara,13,"Goed, Flora",True,19,2,4,0.5,0,0,,1,1,1.0,2,3,5,3,1,4,0,0,5
2023-12-28_uc_santa_barbara_uc_davis,UC Santa Barbara,32,"Grant, Jessica",True,16,2,7,0.286,1,5,0.2,0,0,,0,0,0,0,0,0,0,0,5
2023-12-28_uc_santa_barbara_uc_davis,UC Santa Barbara,55,"Burke, Skylar",False,30,4,5,0.8,1,1,1.0,0,0,,0,7,7,0,2,0,0,0,9
2023-12-28_uc_santa_barbara_uc_davis,UC Santa Barbara,05,"Bradley, Olivia",False,10,1,2,0.5,0,1,0.0,4,4,1.0,1,3,4,0,0,2,0,1,6
2023-12-28_uc_santa_barbara_uc_davis,UC Santa Barbara,20,"Rockwood, Laurel",False,13,1,1,1.0,0,0,,0,0,,4,0,4,1,0,3,0,0,2
2023-12-28_uc_santa_barbara_uc_davis,UC Santa Barbara,15,"McMorris, Mary",False,11,1,7,0.143,0,2,0.0,0,0,,0,3,3,0,0,3,1,0,2
2023-12-28_uc_santa_barbara_uc_davis,UC Santa Barbara,02,"Borter, Zoe",False,6,1,2,0.5,0,0,,0,0,,0,1,1,1,0,0,0,0,2
2023-12-28_uc_santa_barbara_uc_davis,UC Santa Barbara,TM,TEAM,False,0,0,0,,0,0,,0,0,,1,3,4,0,0,2,0,0,0
2023-12-28_uc_riverside_uc_irvine,UC Irvine,23,"Konate, Diaba",True,33,8,10,0.8,0,0,,2,2,1.0,0,3,3,1,4,4,0,4,18
2023-12-28_uc_riverside_uc_irvine,UC Irvine,3,"Tom, Nikki",True,30,4,11,0.364,2,7,0.286,3,3,1.0,1,0,1,3,1,1,0,2,13
2023-12-28_uc_riverside_uc_irvine,UC Irvine,13,"Lee, Deja",True,24,5,12,0.417,2,5,0.4,1,2,0.5,1,4,5,3,3,0,0,0,13
2023-12-28_uc_riverside_uc_irvine,UC Irvine,24,"Dean, Nevaeh",True,26,3,7,0.429,1,2,0.5,0,1,0.0,4,1,5,1,4,0,1,0,7
2023-12-28_uc_riverside_uc_irvine,UC Irvine,22,"Djoko, Clara",True,14,0,2,0.0,0,0,,0,0,,3,0,3,2,0,0,0,0,0
2023-12-28_uc_riverside_uc_irvine,UC Irvine,32,"Parkinson, Nevaeh",False,18,2,3,0.667,0,0,,3,6,0.5,1,6,7,3,0,2,1,1,7
2023-12-28_uc_riverside_uc_irvine,UC Irvine,11,"Scharpf, Amelia",False,23,1,5,0.2,1,5,0.2,3,6,0.5,2,4,6,0,2,2,2,0,6
2023-12-28_uc_riverside_uc_irvine,UC Irvine,12,"Nahum, Shirel",False,12,1,3,0.333,1,2,0.5,0,0,,0,0,0,3,0,4,0,0,3
2023-12-28_uc_riverside_uc_irvine,UC Irvine,1,"Johnson Sidi Baba, Moulayna",False,14,0,2,0.0,0,1,0.0,0,0,,2,4,6,1,1,2,0,0,0
2023-12-28_uc_riverside_uc_irvine,UC Irvine,33,"Kaupu, Caiyle",False,3,0,1,0.0,0,0,,0,0,,0,0,0,0,1,0,0,0,0
2023-12-28_uc_riverside_uc_irvine,UC Irvine,5,"Ross, Tarryn",False,2,0,2,0.0,0,2,0.0,0,0,,0,0,0,0,0,0,0,0,0
2023-12-28_uc_riverside_uc_irvine,UC Irvine,2,"Hernandez, Haley",False,1,0,0,,0,0,,0,0,,0,0,0,0,0,0,0,0,0
2023-12-28_uc_riverside_uc_irvine,UC Irvine,TM,TEAM,False,0,0,0,,0,0,,0,0,,4,3,7,0,0,0,0,0,0
2023-12-28_uc_riverside_uc_irvine,UC Riverside,32,"Webster, Jordan",True,37,5,17,0.294,1,5,0.2,8,9,0.889,2,7,9,2,0,3,0,2,19
2023-12-28_uc_riverside_uc_irvine,UC Riverside,1,"Bryant, Matehya",True,24,5,9,0.556,0,0,,2,4,0.5,1,3,4,5,1,4,0,4,12
2023-12-28_uc_riverside_uc_irvine,UC Riverside,3,"Tillery, Zoe",True,19,1,3,0.333,1,3,0.333,2,2,1.0,0,2,2,2,2,2,0,0,5
2023-12-28_uc_riverside_uc_irvine,UC Riverside,00,"Jackson, Makayla",True,37,1,4,0.25,1,3,0.333,0,0,,0,2,2,3,4,1,0,0,3
2023-12-28_uc_riverside_uc_irvine,UC Riverside,10,"Stenberg, Julia",True,22,1,2,0.5,1,2,0.5,0,0,,1,0,1,2,1,1,0,0,3
2023-12-28_uc_riverside_uc_irvine,UC Riverside,4,"Marshall, Jordyn",False,27,2,5,0.4,1,3,0.333,0,0,,0,1,1,1,2,0,0,0,5
2023-12-28_uc_riverside_uc_irvine,UC Riverside,11,"Matarranz, Esther",False,16,1,4,0.25,0,0,,1,2,0.5,0,3,3,3,0,1,1,0,3
2023-12-28_uc_riverside_uc_irvine,UC Riverside,15,"Sanderson, Jaden",False,18,1,7,0.143,0,2,0.0,0,0,,4,1,5,4,1,3,0,0,2
2023-12-28_uc_riverside_uc_irvine,UC Riverside,TM,TEAM,False,0,0,0,,0,0,,0,0,,3,3,6,0,0,0,0,0,0
2023-12-28_csu_bakersfield_uc_san_diego,UC San Diego,20,"Forsyth, Izzy",True,31,5,12,0.417,2,6,0.333,4,4,1.0,7,2,9,1,0,3,0,0,16
2023-12-28_csu_bakersfield_uc_san_diego,UC San Diego,24,"Pinto, Denali",True,33,5,14,0.357,2,8,0.25,2,4,0.5,3,6,9,2,3,6,0,0,14
2023-12-28_csu_bakersfield_uc_san_diego,UC San Diego,32,"Montgomery, Parker",True,30,1,6,0.167,1,4,0.25,1,2,0.5,1,6,7,4,0,1,1,0,4
2023-12-28_csu_bakersfield_uc_san_diego,UC San Diego,03,"Sugapong, Sumayah",True,25,1,11,0.091,0,2,0.0,0,0,,1,0,1,4,1,5,0,1,2
2023-12-28_csu_bakersfield_uc_san_diego,UC San Diego,23,"Blithikioti, Eri",True,22,0,1,0.0,0,0,,1,2,0.5,1,2,3,3,4,0,1,0,1
2023-12-28_csu_bakersfield_uc_san_diego,UC San Diego,22,"Gallegos, Gracie",False,25,3,6,0.5,2,3,0.667,0,0,,0,2,2,2,3,0,0,1,8
2023-12-28_csu_bakersfield_uc_san_diego,UC San Diego,35,"Springs, Katie",False,31,1,2,0.5,0,0,,1,2,0.5,4,11,15,4,2,2,1,1,3
2023-12-28_csu_bakersfield_uc_san_diego,UC San Diego,11,"Condron, Erin",False,2,0,0,,0,0,,0,0,,0,0,0,0,0,0,0,0,0
2023-12-28_csu_bakersfield_uc_san_diego,UC San Diego,33,"Svoboda, Emma",False,1,0,0,,0,0,,0,0,,0,0,0,0,0,1,0,0,0
2023-12-28_csu_bakersfield_uc_san_diego,UC San Diego,05,"Louther, Gabby",False,,0,0,,0,0,,0,0,,0,0,0,0,0,0,0,0,0
2023-12-28_csu_bakersfield_uc_san_diego,UC San Diego,TM,TEAM,False,0,0,0,,0,0,,0,0,,1,1,2,0,0,1,0,0,0
2023-12-28_csu_bakersfield_uc_san_diego,CSU Bakersfield,00,"Brown, Shaunae",True,34,7,15,0.467,4,9,0.444,1,3,0.333,1,1,2,0,0,2,0,1,19
2023-12-28_csu_bakersfield_uc_san_diego,CSU Bakersfield,23,"Olivares, Jordan",True,32,5,12,0.417,1,3,0.333,4,9,0.444,5,5,10,2,2,0,0,3,15
2023-12-28_csu_bakersfield_uc_san_diego,CSU Bakersfield,05,"Tougas, Sophia",True,21,4,8,0.5,0,4,0.0,0,0,,1,4,5,4,0,0,1,2,8
2023-12-28_csu_bakersfield_uc_san_diego,CSU Bakersfield,33,"Riley, Julia",True,22,0,2,0.0,0,1,0.0,0,0,,0,2,2,1,0,0,0,0,0
2023-12-28_csu_bakersfield_uc_san_diego,CSU Bakersfield,14,"Ortiz, Nseije",True,18,0,1,0.0,0,0,,0,0,,0,2,2,1,3,2,0,3,0
2023-12-28_csu_bakersfield_uc_san_diego,CSU Bakersfield,04,"Hunter, Grace",False,22,1,8,0.125,1,3,0.333,5,6,0.833,0,2,2,3,1,0,0,2,8
2023-12-28_csu_bakersfield_uc_san_diego,CSU Bakersfield,15,"Porter, Amourie",False,8,1,3,0.333,0,1,0.0,0,0,,0,0,0,1,0,1,0,0,2
2023-12-28_csu_bakersfield_uc_san_diego,CSU Bakersfield,32,"Freeman, Garrisen",False,16,0,1,0.0,0,1,0.0,0,0,,0,3,3,1,1,0,0,0,0
2023-12-28_csu_bakersfield_uc_san_diego,CSU Bakersfield,34,"Brooks, Jordan",False,12,0,1,0.0,0,0,,0,0,,1,0,1,1,0,1,0,0,0
2023-12-28_csu_bakersfield_uc_san_diego,CSU Bakersfield,12,"Johnson, Cassidy",False,10,0,3,0.0,0,0,,0,0,,0,2,2,2,0,0,0,0,0
2023-12-28_csu_bakersfield_uc_san_diego,CSU Bakersfield,02,"Edwards, Morgan",False,5,0,0,,0,0,,0,0,,0,0,0,1,0,1,0,1,0
2023-12-28_csu_bakersfield_uc_san_diego,CSU Bakersfield,TM,TEAM,False,0,0,0,,0,0,,0,0,,2,1,3,0,0,1,0,0,0
2023-12-28_csun_cal_poly,Cal Poly,35,"Ackerman, Natalia",True,20,5,7,0.714,0,0,,5,5,1.0,2,7,9,3,0,1,3,0,15
2023-12-28_csun_cal_poly,Cal Poly,2,"Shah, Annika",True,32,6,13,0.462,2,6,0.333,0,0,,3,2,5,2,2,1,0,1,14
2023-12-28_csun_cal_poly,Cal Poly,4,"Lichtie, Sierra",True,27,5,8,0.625,0,0,,2,2,1.0,2,6,8,2,3,2,1,2,12
2023-12-28_csun_cal_poly,Cal Poly,5,"McNicholas, Ania",True,35,3,11,0.273,1,2,0.5,0,0,,1,7,8,3,5,2,0,1,7
2023-12-28_csun_cal_poly,Cal Poly,15,"Bourland, Sydney",True,30,2,6,0.333,0,2,0.0,2,2,1.0,6,6,12,1,3,4,0,2,6
2023-12-28_csun_cal_poly,Cal Poly,24,"Carter, Mary",False,20,4,9,0.444,4,8,0.5,0,0,,0,2,2,0,1,2,2,0,12
2023-12-28_csun_cal_poly,Cal Poly,3,"Richardson, Diamond",False,16,1,3,0.333,0,1,0.0,0,0,,0,0,0,0,2,0,0,3,2
2023-12-28_csun_cal_poly,Cal Poly,33,"Olinger, Amanda",False,18,0,4,0.0,0,1,0.0,0,0,,1,2,3,0,1,5,0,0,0
2023-12-28_csun_cal_poly,Cal Poly,12,"Billing, Jordan",False,1,0,1,0.0,0,1,0.0,0,0,,0,0,0,0,0,0,0,0,0
2023-12-28_csun_cal_poly,Cal Poly,25,"Hoffman, Jordan",False,1,0,0,,0,0,,0,0,,0,0,0,1,0,0,0,0,0
2023-12-28_csun_cal_poly,Cal Poly,TM,TEAM,False,0,0,0,,0,0,,0,0,,3,1,4,0,0,1,0,0,0
2023-12-28_csun_cal_poly,CSUN,21,"de Jesus , Ana Carolina",True,19,4,8,0.5,1,1,1.0,0,0,,0,0,0,2,1,1,0,0,9
2023-12-28_csun_cal_poly,CSUN,4,"Harvey, Rachel",True,24,3,3,1.0,0,0,,0,3,0.0,1,1,2,1,2,2,0,3,6
2023-12-28_csun_cal_poly,CSUN,20,"Adams, Erica",True,31,2,11,0.182,0,2,0.0,0,0,,0,2,2,3,2,3,2,3,4
2023-12-28_csun_cal_poly,CSUN,23,"Li-uperesa, Talo",True,26,1,3,0.333,1,1,1.0,0,0,,0,3,3,3,1,0,3,1,3
2023-12-28_csun_cal_poly,CSUN,15,"Amundsen, Laney",True,28,0,6,0.0,0,4,0.0,0,0,,0,4,4,2,0,1,0,0,0
2023-12-28_csun_cal_poly,CSUN,1,"Ferguson, Amiyah",False,25,5,15,0.333,4,7,0.571,2,2,1.0,0,3,3,1,2,5,0,0,16
2023-12-28_csun_cal_poly,CSUN,24,"Spriggs, Kayanna",False,22,2,5,0.4,0,0,,1,4,0.25,3,2,5,1,1,2,1,0,5
2023-12-28_csun_cal_poly,CSUN,11,"Smith, Olivia",False,18,0,1,0.0,0,0,,0,0,,1,1,2,0,1,0,0,2,0
2023-12-28_csun_cal_poly,CSUN,10,"Lizama, Alondra",False,7,0,1,0.0,0,1,0.0,0,0,,0,0,0,0,0,1,0,0,0
2023-12-28_csun_cal_poly,CSUN,TM,TEAM,False,0,0,0,,0,0,,0,0,,1,2,3,0,0,0,0,0,0
2023-12-28_long_beach_st_cal_st_fullerton,Cal St. Fullerton,55,"Nimmo, Fujika",True,32,5,14,0.357,0,4,0.0,5,6,0.833,0,1,1,4,4,7,1,4,15
2023-12-28_long_beach_st_cal_st_fullerton,Cal St. Fullerton,4,"Vidmar, Gabi",True,33,5,12,0.417,4,9,0.444,0,0,,2,5,7,1,2,5,0,3,14
2023-12-28_long_beach_st_cal_st_fullerton,Cal St. Fullerton,2,"Hassmann, Hope",True,23,3,6,0.5,0,3,0.0,3,4,0.75,0,3,3,1,2,3,0,0,9
2023-12-28_long_beach_st_cal_st_fullerton,Cal St. Fullerton,32,"Lewis, Ashlee",True,19,2,6,0.333,0,0,,2,2,1.0,3,3,6,4,3,3,1,2,6
2023-12-28_long_beach_st_cal_st_fullerton,Cal St. Fullerton,24,"Neff, Kathryn",True,14,1,3,0.333,1,3,0.333,0,0,,0,2,2,3,0,2,0,1,3
2023-12-28_long_beach_st_cal_st_fullerton,Cal St. Fullerton,12,"Levingston, Eva",False,23,6,8,0.75,0,0,,0,0,,3,4,7,2,2,3,0,2,12
2023-12-28_long_beach_st_cal_st_fullerton,Cal St. Fullerton,10,"Lagway, Demonnie",False,20,2,5,0.4,0,1,0.0,0,1,0.0,0,2,2,0,1,1,0,1,4
2023-12-28_long_beach_st_cal_st_fullerton,Cal St. Fullerton,21,"Tse, Allysan",False,16,2,4,0.5,0,0,,0,0,,0,1,1,2,0,0,0,0,4
2023-12-28_long_beach_st_cal_st_fullerton,Cal St. Fullerton,13,"Hernandez, Aixchel",False,18,0,5,0.0,0,0,,0,0,,2,1,3,0,1,3,0,0,0
2023-12-28_long_beach_st_cal_st_fullerton,Cal St. Fullerton,23,"Strachan, Emily",False,2,0,0,,0,0,,0,0,,0,0,0,0,0,0,0,0,0
2023-12-28_long_beach_st_cal_st_fullerton,Cal St. Fullerton,TM,TEAM,False,0,0,0,,0,0,,0,0,,5,4,9,0,0,0,0,0,0
2023-12-28_long_beach_st_cal_st_fullerton,Long Beach St.,10,"Valenti Paea, Casey",True,33,7,10,0.7,1,3,0.333,2,2,1.0,3,3,6,4,4,4,3,1,17
2023-12-28_long_beach_st_cal_st_fullerton,Long Beach St.,22,"Woodley, Sydney",True,32,6,13,0.462,0,4,0.0,2,3,0.667,4,1,5,1,2,1,0,6,14
2023-12-28_long_beach_st_cal_st_fullerton,Long Beach St.,2,"Tucker, Savannah",True,34,3,12,0.25,1,6,0.167,3,3,1.0,0,4,4,4,2,3,0,1,10
2023-12-28_long_beach_st_cal_st_fullerton,Long Beach St.,1,"Sonnier, Lovely",True,17,3,7,0.429,1,2,0.5,0,1,0.0,2,4,6,1,0,4,1,2,7
2023-12-28_long_beach_st_cal_st_fullerton,Long Beach St.,3,"Chung, Patricia",True,35,1,13,0.077,1,7,0.143,0,0,,1,5,6,1,1,4,0,3,3
2023-12-28_long_beach_st_cal_st_fullerton,Long Beach St.,30,"Moore, Olivia",False,9,1,4,0.25,1,3,0.333,0,0,,0,1,1,1,1,2,0,0,3
2023-12-28_long_beach_st_cal_st_fullerton,Long Beach St.,4,"Givens, Cheyenne",False,9,1,3,0.333,0,2,0.0,0,0,,0,0,0,0,0,3,0,0,2
2023-12-28_long_beach_st_cal_st_fullerton,Long Beach St.,12,"Crawshaw, Jada",False,9,0,1,0.0,0,0,,2,2,1.0,0,0,0,2,2,2,0,1,2
2023-12-28_long_beach_st_cal_st_fullerton,Long Beach St.,00,"Cummings, Lauren",False,2,1,1,1.0,0,0,,0,0,,1,0,1,0,0,0,0,1,2
2023-12-28_long_beach_st_cal_st_fullerton,Long Beach St.,52,"Matthews, Davai",False,20,0,3,0.0,0,0,,1,2,0.5,1,2,3,1,1,2,1,3,1
2023-12-28_long_beach_st_cal_st_fullerton,Long Beach St.,TM,TEAM,False,0,0,0,,0,0,,0,0,,5,3,8,0,0,1,0,0,0
2023-12-30_cal_poly_uc_davis,UC Davis,25,"Norris, Megan",True,34,4,10,0.4,2,5,0.4,3,4,0.75,2,8,10,1,3,6,2,1,13
2023-12-30_cal_poly_uc_davis,UC Davis,14,"Sabel, Tova",True,33,3,7,0.429,3,5,0.6,1,4,0.25,0,0,0,2,5,5,0,4,10
2023-12-30_cal_poly_uc_davis,UC Davis,13,"Burns, Sydney",True,27,3,5,0.6,2,4,0.5,2,2,1.0,0,0,0,2,3,2,0,0,10
2023-12-30_cal_poly_uc_davis,UC Davis,33,"Harris, Mazatlan",True,23,3,3,1.0,2,2,1.0,1,1,1.0,0,4,4,2,2,5,1,2,9
2023-12-30_cal_poly_uc_davis,UC Davis,15,"Turner, Evanne",True,34,3,7,0.429,0,1,0.0,2,2,1.0,0,1,1,2,2,2,0,1,8
2023-12-30_cal_poly_uc_davis,UC Davis,4,"Epps, Nya",False,19,1,6,0.167,0,2,0.0,0,0,,2,3,5,2,0,1,0,0,2
2023-12-30_cal_poly_uc_davis,UC Davis,41,"Shine, Bria",False,11,1,2,0.5,0,0,,0,0,,1,1,2,1,0,0,0,1,2
2023-12-30_cal_poly_uc_davis,UC Davis,3,"Gray, Campbell",False,12,0,1,0.0,0,0,,0,0,,0,1,1,1,0,0,0,0,0
2023-12-30_cal_poly_uc_davis,UC Davis,23,"Baker, Victoria",False,4,0,0,,0,0,,0,0,,0,0,0,0,1,1,0,1,0
2023-12-30_cal_poly_uc_davis,UC Davis,11,"Glad, Clara",False,2,0,0,,0,0,,0,0,,0,0,0,0,0,1,0,0,0
2023-12-30_cal_poly_uc_davis,UC Davis,20,"Fitzgerald, Ally",False,1,0,0,,0,0,,0,0,,0,0,0,0,0,1,0,0,0
2023-12-30_cal_poly_uc_davis,UC Davis,TM,TEAM,False,0,0,0,,0,0,,0,0,,0,6,6,0,0,0,0,0,0
2023-12-30_cal_poly_uc_davis,Cal Poly,35,"Ackerman, Natalia",True,28,8,15,0.533,0,0,,1,1,1.0,5,7,12,2,1,4,0,2,17
2023-12-30_cal_poly_uc_davis,Cal Poly,4,"Lichtie, Sierra",True,33,6,9,0.667,3,4,0.75,1,2,0.5,3,3,6,4,1,4,0,2,16
2023-12-30_cal_poly_uc_davis,Cal Poly,5,"McNicholas, Ania",True,39,3,11,0.273,1,5,0.2,1,2,0.5,1,3,4,2,3,4,0,6,8
2023-12-30_cal_poly_uc_davis,Cal Poly,2,"Shah, Annika",True,39,2,10,0.2,2,6,0.333,2,2,1.0,1,2,3,3,5,2,0,2,8
2023-12-30_cal_poly_uc_davis,Cal Poly,15,"Bourland, Sydney",True,32,2,4,0.5,0,1,0.0,0,0,,0,2,2,2,4,0,0,1,4
2023-12-30_cal_poly_uc_davis,Cal Poly,33,"Olinger, Amanda",False,10,2,5,0.4,0,0,,0,1,0.0,1,0,1,2,0,2,0,0,4
2023-12-30_cal_poly_uc_davis,Cal Poly,24,"Carter, Mary",False,16,0,5,0.0,0,4,0.0,0,0,,1,3,4,0,0,3,0,0,0
2023-12-30_cal_poly_uc_davis,Cal Poly,3,"Richardson, Diamond",False,3,0,0,,0,0,,0,0,,0,0,0,0,1,1,0,0,0
2023-12-30_cal_poly_uc_davis,Cal Poly,TM,TEAM,False,0,0,0,,0,0,,0,0,,1,1,2,0,0,0,0,0,0
2023-12-30_cal_st_fullerton_hawaii,Hawaii,23,"McBee, MeiLani",True,31,3,11,0.273,3,7,0.429,0,0,,4,1,5,0,1,1,0,0,9
2023-12-30_cal_st_fullerton_hawaii,Hawaii,03,"Wahinekapu, Lily",True,26,4,13,0.308,0,3,0.0,1,2,0.5,2,2,4,0,2,1,0,4,9
2023-12-30_cal_st_fullerton_hawaii,Hawaii,12,"Perez, Imani",True,33,2,7,0.286,1,1,1.0,3,6,0.5,3,6,9,3,0,2,1,0,8
2023-12-30_cal_st_fullerton_hawaii,Hawaii,14,"Rewers, Brooklyn",True,21,2,9,0.222,0,2,0.0,0,0,,0,5,5,0,0,3,2,0,4
2023-12-30_cal_st_fullerton_hawaii,Hawaii,45,"Davies, Olivia",True,18,2,5,0.4,0,1,0.0,0,0,,1,4,5,0,2,1,0,0,4
2023-12-30_cal_st_fullerton_hawaii,Hawaii,02,"Thoms, Ashley",False,29,4,6,0.667,4,5,0.8,0,0,,0,1,1,2,0,1,0,1,12
2023-12-30_cal_st_fullerton_hawaii,Hawaii,01,"Imai, Kelsie",False,23,4,5,0.8,0,0,,1,2,0.5,1,4,5,3,4,2,0,4,9
2023-12-30_cal_st_fullerton_hawaii,Hawaii,22,"Peacock, Jade",False,12,1,2,0.5,0,1,0.0,2,2,1.0,0,2,2,0,0,0,1,0,4
2023-12-30_cal_st_fullerton_hawaii,Hawaii,11,"Berrett, Vivienne",False,7,0,1,0.0,0,0,,0,0,,0,0,0,0,0,0,0,0,0
2023-12-30_cal_st_fullerton_hawaii,Hawaii,TM,TEAM,False,0,0,0,,0,0,,0,0,,0,6,6,0,0,1,0,0,0
2023-12-30_cal_st_fullerton_hawaii,Cal St. Fullerton,55,"Nimmo, Fujika",True,34,6,17,0.353,5,10,0.5,0,0,,0,3,3,1,3,2,0,0,17
2023-12-30_cal_st_fullerton_hawaii,Cal St. Fullerton,32,"Lewis, Ashlee",True,33,5,9,0.556,0,0,,1,2,0.5,4,10,14,2,0,0,2,0,11
2023-12-30_cal_st_fullerton_hawaii,Cal St. Fullerton,02,"Hassmann, Hope",True,28,4,4,1.0,1,1,1.0,0,0,,1,1,2,2,4,3,0,1,9
2023-12-30_cal_st_fullerton_hawaii,Cal St. Fullerton,04,"Vidmar, Gabi",True,35,2,10,0.2,1,8,0.125,3,4,0.75,0,3,3,1,1,2,1,0,8
2023-12-30_cal_st_fullerton_hawaii,Cal St. Fullerton,24,"Neff, Kathryn",True,26,0,5,0.0,0,3,0.0,0,0,,0,3,3,3,3,0,0,1,0
2023-12-30_cal_st_fullerton_hawaii,Cal St. Fullerton,21,"Tse, Allysan",False,10,1,2,0.5,0,1,0.0,0,0,,0,1,1,1,0,0,0,1,2
2023-12-30_cal_st_fullerton_hawaii,Cal St. Fullerton,13,"Hernandez, Aixchel",False,3,1,1,1.0,0,0,,0,0,,0,0,0,0,0,0,0,0,2
2023-12-30_cal_st_fullerton_hawaii,Cal St. Fullerton,03,"Salazar-Harrell, Kaliana",False,10,0,2,0.0,0,1,0.0,0,0,,0,0,0,1,0,1,0,1,0
2023-12-30_cal_st_fullerton_hawaii,Cal St. Fullerton,12,"Levingston, Eva",False,10,0,3,0.0,0,0,,0,0,,0,3,3,0,0,2,0,1,0
2023-12-30_cal_st_fullerton_hawaii,Cal St. Fullerton,23,"Strachan, Emily",False,4,0,1,0.0,0,1,0.0,0,0,,0,0,0,0,1,0,0,0,0
2023-12-30_cal_st_fullerton_hawaii,Cal St. Fullerton,10,"Lagway, Demonnie",False,3,0,1,0.0,0,0,,0,0,,0,0,0,0,0,1,0,0,0
2023-12-30_cal_st_fullerton_hawaii,Cal St. Fullerton,11,"MacDonald, Ruby",False,3,0,0,,0,0,,0,0,,0,1,1,1,0,2,0,0,0
2023-12-30_cal_st_fullerton_hawaii,Cal St. Fullerton,33,"Minor, Brielle",False,1,0,1,0.0,0,0,,0,0,,0,0,0,1,0,0,0,0,0
2023-12-30_cal_st_fullerton_hawaii,Cal St. Fullerton,TM,TEAM,False,0,0,0,,0,0,,0,0,,2,1,3,0,0,2,0,0,0
2023-12-30_uc_irvine_csu_bakersfield,CSU Bakersfield,33,"Riley, Julia",True,25,6,9,0.667,5,8,0.625,0,0,,0,3,3,1,0,2,0,1,17
2023-12-30_uc_irvine_csu_bakersfield,CSU Bakersfield,00,"Brown, Shaunae",True,35,3,11,0.273,1,5,0.2,2,2,1.0,0,0,0,1,3,1,0,0,9
2023-12-30_uc_irvine_csu_bakersfield,CSU Bakersfield,5,"Tougas, Sophia",True,25,2,6,0.333,0,4,0.0,0,0,,1,1,2,3,1,1,1,2,4
2023-12-30_uc_irvine_csu_bakersfield,CSU Bakersfield,23,"Olivares, Jordan",True,26,1,5,0.2,0,1,0.0,1,4,0.25,1,3,4,2,2,0,0,0,3
2023-12-30_uc_irvine_csu_bakersfield,CSU Bakersfield,14,"Ortiz, Nseije",True,16,1,1,1.0,1,1,1.0,0,0,,1,2,3,0,1,2,0,1,3
2023-12-30_uc_irvine_csu_bakersfield,CSU Bakersfield,4,"Hunter, Grace",False,24,3,8,0.375,1,2,0.5,0,0,,0,3,3,1,0,5,0,0,7
2023-12-30_uc_irvine_csu_bakersfield,CSU Bakersfield,15,"Porter, Amourie",False,11,0,4,0.0,0,1,0.0,2,2,1.0,0,1,1,3,0,2,0,0,2
2023-12-30_uc_irvine_csu_bakersfield,CSU Bakersfield,12,"Johnson, Cassidy",False,6,1,2,0.5,0,0,,0,0,,0,0,0,3,0,0,0,0,2
2023-12-30_uc_irvine_csu_bakersfield,CSU Bakersfield,32,"Freeman, Garrisen",False,14,0,0,,0,0,,1,2,0.5,0,1,1,0,2,0,0,0,1
2023-12-30_uc_irvine_csu_bakersfield,CSU Bakersfield,2,"Edwards, Morgan",False,10,0,0,,0,0,,0,0,,0,0,0,1,0,0,0,0,0
2023-12-30_uc_irvine_csu_bakersfield,CSU Bakersfield,34,"Brooks, Jordan",False,8,0,1,0.0,0,0,,0,0,,0,0,0,1,0,0,1,0,0
2023-12-30_uc_irvine_csu_bakersfield,CSU Bakersfield,TM,TEAM,False,0,0,0,,0,0,,0,0,,1,1,2,0,0,2,0,0,0
2023-12-30_uc_irvine_csu_bakersfield,UC Irvine,13,"Lee, Déja",True,28,9,14,0.643,3,7,0.429,1,2,0.5,0,2,2,1,0,2,0,2,22
2023-12-30_uc_irvine_csu_bakersfield,UC Irvine,23,"Konate, Diaba",True,30,3,9,0.333,0,1,0.0,0,0,,1,3,4,2,6,1,0,1,6
2023-12-30_uc_irvine_csu_bakersfield,UC Irvine,3,"Tom, Nikki",True,22,0,3,0.0,0,1,0.0,4,4,1.0,3,3,6,1,3,1,0,0,4
2023-12-30_uc_irvine_csu_bakersfield,UC Irvine,24,"Dean, Nevaeh",True,15,0,2,0.0,0,0,,0,0,,2,1,3,0,0,1,0,0,0
2023-12-30_uc_irvine_csu_bakersfield,UC Irvine,22,"Djoko, Clara",True,14,0,0,,0,0,,0,0,,0,0,0,2,0,0,0,0,0
2023-12-30_uc_irvine_csu_bakersfield,UC Irvine,1,"Johnson Sidi Baba, Moulayna",False,23,5,7,0.714,0,1,0.0,3,4,0.75,2,7,9,1,1,6,0,0,13
2023-12-30_uc_irvine_csu_bakersfield,UC Irvine,12,"Nahum, Shirel",False,24,4,7,0.571,2,4,0.5,2,4,0.5,1,1,2,0,2,1,0,1,12
2023-12-30_uc_irvine_csu_bakersfield,UC Irvine,11,"Scharpf, Amelia",False,19,3,5,0.6,2,2,1.0,0,0,,0,1,1,0,1,0,0,0,8
2023-12-30_uc_irvine_csu_bakersfield,UC Irvine,32,"Parkinson, Nevaeh",False,17,2,2,1.0,0,0,,2,2,1.0,1,2,3,1,0,3,2,1,6
2023-12-30_uc_irvine_csu_bakersfield,UC Irvine,5,"Ross, Tarryn",False,3,0,0,,0,0,,0,0,,0,0,0,0,0,0,0,0,0
2023-12-30_uc_irvine_csu_bakersfield,UC Irvine,33,"Kaupu, Caiyle",False,3,0,0,,0,0,,0,0,,0,2,2,1,0,0,0,0,0
2023-12-30_uc_irvine_csu_bakersfield,UC Irvine,2,"Hernandez, Haley",False,2,0,0,,0,0,,0,0,,0,0,0,1,0,1,0,0,0
2023-12-30_uc_irvine_csu_bakersfield,UC Irvine,TM,TEAM,False,0,0,0,,0,0,,0,0,,1,4,5,0,0,0,0,0,0
2023-12-30_uc_santa_barbara_uc_riverside,UC Riverside,01,"Bryant, Matehya",True,35,3,15,0.2,0,0,,7,7,1.0,4,9,13,2,2,2,2,0,13
2023-12-30_uc_santa_barbara_uc_riverside,UC Riverside,00,"Jackson, Makayla",True,33,4,9,0.444,2,5,0.4,1,2,0.5,2,3,5,2,1,1,0,2,11
2023-12-30_uc_santa_barbara_uc_riverside,UC Riverside,32,"Webster, Jordan",True,30,2,12,0.167,0,2,0.0,6,7,0.857,2,1,3,1,0,1,0,4,10
2023-12-30_uc_santa_barbara_uc_riverside,UC Riverside,03,"Tillery, Zoe",True,17,4,9,0.444,1,3,0.333,0,0,,0,2,2,0,0,1,0,0,9
2023-12-30_uc_santa_barbara_uc_riverside,UC Riverside,10,"Stenberg, Julia",True,17,3,5,0.6,1,3,0.333,0,0,,1,0,1,1,0,0,0,0,7
2023-12-30_uc_santa_barbara_uc_riverside,UC Riverside,11,"Matarranz, Esther",False,21,1,3,0.333,0,1,0.0,0,0,,2,1,3,2,0,2,0,0,2
2023-12-30_uc_santa_barbara_uc_riverside,UC Riverside,02,"Walters, RyAnne",False,12,1,3,0.333,0,0,,0,0,,0,0,0,2,1,0,0,0,2
2023-12-30_uc_santa_barbara_uc_riverside,UC Riverside,15,"Sanderson, Jaden",False,7,1,1,1.0,0,0,,0,0,,0,1,1,3,0,1,0,0,2
2023-12-30_uc_santa_barbara_uc_riverside,UC Riverside,04,"Marshall, Jordyn",False,28,0,6,0.0,0,1,0.0,0,0,,2,0,2,2,1,2,0,0,0
2023-12-30_uc_santa_barbara_uc_riverside,UC Riverside,TM,TEAM,False,0,0,0,,0,0,,0,0,,0,2,2,0,0,0,0,0,0
2023-12-30_uc_santa_barbara_uc_riverside,UC Santa Barbara,23,"Whitfield, Alexis",True,29,7,13,0.538,2,4,0.5,0,0,,2,7,9,4,2,3,0,0,16
2023-12-30_uc_santa_barbara_uc_riverside,UC Santa Barbara,03,"Marin, Alyssa",True,29,2,7,0.286,2,2,1.0,3,3,1.0,0,2,2,1,3,1,0,3,9
2023-12-30_uc_santa_barbara_uc_riverside,UC Santa Barbara,10,"Choice, Anya",True,38,1,5,0.2,0,1,0.0,1,2,0.5,0,1,1,2,6,4,0,0,3
2023-12-30_uc_santa_barbara_uc_riverside,UC Santa Barbara,13,"Goed, Flora",True,19,1,4,0.25,0,0,,0,0,,1,3,4,2,0,1,0,0,2
2023-12-30_uc_santa_barbara_uc_riverside,UC Santa Barbara,32,"Grant, Jessica",True,11,0,3,0.0,0,3,0.0,0,0,,0,1,1,0,2,1,0,0,0
2023-12-30_uc_santa_barbara_uc_riverside,UC Santa Barbara,55,"Burke, Skylar",False,19,5,6,0.833,4,4,1.0,1,1,1.0,0,6,6,4,0,3,0,0,15
2023-12-30_uc_santa_barbara_uc_riverside,UC Santa Barbara,15,"McMorris, Mary",False,17,4,4,1.0,0,0,,0,0,,0,3,3,1,2,4,0,0,8
2023-12-30_uc_santa_barbara_uc_riverside,UC Santa Barbara,20,"Rockwood, Laurel",False,17,1,1,1.0,0,0,,4,4,1.0,1,4,5,0,0,0,0,0,6
2023-12-30_uc_santa_barbara_uc_riverside,UC Santa Barbara,02,"Borter, Zoe",False,21,2,4,0.5,1,1,1.0,0,0,,0,1,1,0,0,0,0,0,5
2023-12-30_uc_santa_barbara_uc_riverside,UC Santa Barbara,TM,TEAM,False,0,0,0,,0,0,,0,0,,1,4,5,0,0,2,0,0,0
2023-12-30_csun_long_beach_st,Long Beach St.,10,"Valenti-paea, Casey",True,30,4,9,0.444,4,6,0.667,2,2,1.0,3,2,5,3,1,4,0,4,14
2023-12-30_csun_long_beach_st,Long Beach St.,2,"Tucker, Savannah",True,36,3,9,0.333,1,4,0.25,6,6,1.0,0,3,3,1,1,3,0,2,13
2023-12-30_csun_long_beach_st,Long Beach St.,22,"Woodley, Sydney",True,28,6,14,0.429,0,2,0.0,0,0,,2,8,10,3,3,2,1,5,12
2023-12-30_csun_long_beach_st,Long Beach St.,1,"Sonnier, Lovely",True,20,2,3,0.667,1,1,1.0,2,5,0.4,1,2,3,1,2,3,1,1,7
2023-12-30_csun_long_beach_st,Long Beach St.,3,"Chung, Patricia",True,33,2,7,0.286,0,4,0.0,2,2,1.0,0,6,6,3,2,2,0,1,6
2023-12-30_csun_long_beach_st,Long Beach St.,4,"Givens, Cheyenne",False,26,6,15,0.4,2,7,0.286,5,8,0.625,1,3,4,2,2,3,0,4,19
2023-12-30_csun_long_beach_st,Long Beach St.,52,"Matthews, Davai",False,15,0,0,,0,0,,3,4,0.75,1,1,2,5,0,1,1,0,3
2023-12-30_csun_long_beach_st,Long Beach St.,12,"Crawshaw , Jada",False,6,1,5,0.2,0,1,0.0,0,0,,0,1,1,4,0,1,0,1,2
2023-12-30_csun_long_beach_st,Long Beach St.,00,"Cummings , Lauren",False,4,0,1,0.0,0,1,0.0,0,0,,2,1,3,0,0,0,0,0,0
2023-12-30_csun_long_beach_st,Long Beach St.,30,"Moore, Olivia",False,2,0,2,0.0,0,0,,0,0,,0,0,0,0,0,1,0,0,0
2023-12-30_csun_long_beach_st,Long Beach St.,TM,TEAM,False,0,0,0,,0,0,,0,0,,5,2,7,0,0,2,0,0,0
2023-12-30_csun_long_beach_st,CSUN,24,"Spriggs, Kayanna",True,31,5,12,0.417,0,0,,8,10,0.8,5,3,8,4,1,5,0,4,18
2023-12-30_csun_long_beach_st,CSUN,20,"Adams, Erica",True,36,4,10,0.4,2,2,1.0,4,4,1.0,0,3,3,1,4,2,0,1,14
2023-12-30_csun_long_beach_st,CSUN,15,"Amundsen, Laney",True,27,4,12,0.333,4,9,0.444,2,3,0.667,1,0,1,4,3,2,0,2,14
2023-12-30_csun_long_beach_st,CSUN,23,"Li-uperesa, Talo",True,34,3,8,0.375,0,2,0.0,1,1,1.0,2,5,7,4,2,6,4,2,7
2023-12-30_csun_long_beach_st,CSUN,1,"Ferguson, Amiyah",True,31,1,10,0.1,0,4,0.0,2,2,1.0,1,7,8,3,1,9,0,1,4
2023-12-30_csun_long_beach_st,CSUN,21,"de Jesus , Ana Carolina",False,18,0,2,0.0,0,0,,1,2,0.5,1,5,6,5,2,1,1,0,1
2023-12-30_csun_long_beach_st,CSUN,11,"Smith, Olivia",False,19,0,2,0.0,0,0,,0,0,,1,2,3,2,1,2,2,0,0
2023-12-30_csun_long_beach_st,CSUN,10,"Lizama, Alondra",False,2,0,0,,0,0,,0,0,,0,0,0,0,0,0,0,0,0
2023-12-30_csun_long_beach_st,CSUN,22,"Elsholz, Kaitlyn",False,2,0,1,0.0,0,1,0.0,0,0,,0,0,0,0,0,0,0,0,0
2023-12-30_csun_long_beach_st,CSUN,TM,TEAM,False,0,0,0,,0,0,,0,0,,2,3,5,0,0,3,0,0,0
2024-01-04_uc_davis_uc_riverside,UC Riverside,00,"Jackson, Makayla",True,39,8,15,0.533,4,7,0.571,1,2,0.5,2,4,6,2,2,2,0,3,21
2024-01-04_uc_davis_uc_riverside,UC Riverside,32,"Webster, Jordan",True,28,3,12,0.25,0,6,0.0,3,4,0.75,1,3,4,1,0,0,0,2,9
2024-01-04_uc_davis_uc_riverside,UC Riverside,01,"Bryant, Matehya",True,24,3,14,0.214,0,0,,0,0,,2,4,6,3,1,0,0,2,6
2024-01-04_uc_davis_uc_riverside,UC Riverside,03,"Tillery, Zoe",True,20,2,6,0.333,2,4,0.5,0,0,,0,0,0,3,2,2,0,2,6
2024-01-04_uc_davis_uc_riverside,UC Riverside,10,"Stenberg, Julia",True,15,0,2,0.0,0,2,0.0,0,0,,0,1,1,1,0,1,0,0,0
2024-01-04_uc_davis_uc_riverside,UC Riverside,11,"Matarranz, Esther",False,16,4,5,0.8,0,0,,0,0,,2,2,4,0,0,1,0,0,8
2024-01-04_uc_davis_uc_riverside,UC Riverside,02,"Walters, RyAnne",False,26,2,9,0.222,1,3,0.333,0,0,,0,5,5,1,6,1,1,3,5
2024-01-04_uc_davis_uc_riverside,UC Riverside,15,"Sanderson, Jaden",False,25,1,1,1.0,0,0,,2,4,0.5,0,3,3,1,1,0,0,1,4
2024-01-04_uc_davis_uc_riverside,UC Riverside,23,"Aikins, India",False,7,0,2,0.0,0,0,,0,0,,0,0,0,0,0,0,0,0,0
2024-01-04_uc_davis_uc_riverside,UC Riverside,TM,TEAM,False,0,0,0,,0,0,,0,0,,2,2,4,0,0,1,0,0,0
2024-01-04_uc_davis_uc_riverside,UC Davis,14,"Sabel, Tova",True,33,6,10,0.6,2,5,0.4,2,2,1.0,0,5,5,2,2,3,0,0,16
2024-01-04_uc_davis_uc_riverside,UC Davis,15,"Turner, Evanne",True,34,5,12,0.417,2,6,0.333,1,2,0.5,1,4,5,1,1,0,0,0,13
2024-01-04_uc_davis_uc_riverside,UC Davis,25,"Norris, Megan",True,18,4,7,0.571,1,3,0.333,4,4,1.0,0,4,4,2,0,4,0,0,13
2024-01-04_uc_davis_uc_riverside,UC Davis,13,"Burns, Sydney",True,27,2,6,0.333,0,3,0.0,0,0,,0,3,3,0,5,6,0,1,4
2024-01-04_uc_davis_uc_riverside,UC Davis,33,"Harris, Mazatlan",True,18,1,2,0.5,1,1,1.0,0,0,,0,0,0,4,1,1,0,0,3
2024-01-04_uc_davis_uc_riverside,UC Davis,23,"Baker, Victoria",False,15,3,5,0.6,1,1,1.0,1,2,0.5,1,1,2,2,3,0,1,0,8
2024-01-04_uc_davis_uc_riverside,UC Davis,20,"Fitzgerald, Ally",False,12,2,4,0.5,0,1,0.0,0,0,,0,2,2,0,1,1,2,0,4
2024-01-04_uc_davis_uc_riverside,UC Davis,41,"Shine, Bria",False,14,1,1,1.0,0,0,,0,0,,1,4,5,3,2,2,0,0,2
2024-01-04_uc_davis_uc_riverside,UC Davis,04,"Epps, Nya",False,15,0,2,0.0,0,1,0.0,0,0,,0,5,5,2,2,1,0,2,0
2024-01-04_uc_davis_uc_riverside,UC Davis,03,"Gray, Campbell",False,11,0,0,,0,0,,0,0,,0,2,2,0,2,1,0,0,0
2024-01-04_uc_davis_uc_riverside,UC Davis,11,"Glad, Clara",False,3,0,0,,0,0,,0,0,,0,0,0,1,0,0,0,0,0
2024-01-04_uc_davis_uc_riverside,UC Davis,TM,TEAM,False,0,0,0,,0,0,,0,0,,0,5,5,0,0,0,0,0,0
2024-01-04_hawaii_csu_bakersfield,CSU Bakersfield,00,"Brown, Shaunae",True,26,4,13,0.308,3,10,0.3,2,2,1.0,0,0,0,1,0,1,0,0,13
2024-01-04_hawaii_csu_bakersfield,CSU Bakersfield,14,"Ortiz, Nseije",True,27,1,2,0.5,0,0,,2,2,1.0,1,1,2,4,1,1,0,7,4
2024-01-04_hawaii_csu_bakersfield,CSU Bakersfield,33,"Riley, Julia",True,27,1,5,0.2,1,4,0.25,0,0,,1,5,6,0,0,2,1,0,3
2024-01-04_hawaii_csu_bakersfield,CSU Bakersfield,12,"Johnson, Cassidy",True,10,1,2,0.5,0,0,,0,0,,0,1,1,0,0,1,0,0,2
2024-01-04_hawaii_csu_bakersfield,CSU Bakersfield,23,"Olivares, Jordan",True,24,0,12,0.0,0,5,0.0,0,0,,3,1,4,3,3,2,0,1,0
2024-01-04_hawaii_csu_bakersfield,CSU Bakersfield,04,"Hunter, Grace",False,21,3,9,0.333,1,2,0.5,0,2,0.0,0,3,3,4,3,4,0,0,7
2024-01-04_hawaii_csu_bakersfield,CSU Bakersfield,05,"Tougas, Sophia",False,16,3,3,1.0,1,1,1.0,0,0,,0,2,2,1,0,2,0,1,7
2024-01-04_hawaii_csu_bakersfield,CSU Bakersfield,02,"Edwards, Morgan",False,12,1,3,0.333,1,2,0.5,0,0,,1,0,1,1,2,0,0,1,3
2024-01-04_hawaii_csu_bakersfield,CSU Bakersfield,32,"Freeman, Garrisen",False,21,1,6,0.167,0,1,0.0,0,0,,1,4,5,1,0,0,0,1,2
2024-01-04_hawaii_csu_bakersfield,CSU Bakersfield,15,"Porter, Amourie",False,11,1,4,0.25,0,0,,0,0,,1,1,2,0,0,1,0,0,2
2024-01-04_hawaii_csu_bakersfield,CSU Bakersfield,34,"Brooks, Jordan",False,5,0,0,,0,0,,0,0,,0,0,0,3,0,1,0,0,0
2024-01-04_hawaii_csu_bakersfield,CSU Bakersfield,TM,TEAM,False,0,0,0,,0,0,,0,0,,3,1,4,0,0,4,0,0,0
2024-01-04_hawaii_csu_bakersfield,Hawaii,03,"Wahinekapu, Lily",True,24,6,11,0.545,3,6,0.5,0,0,,1,6,7,3,1,3,0,1,15
2024-01-04_hawaii_csu_bakersfield,Hawaii,12,"Perez, Imani",True,26,2,3,0.667,0,0,,6,6,1.0,1,3,4,0,1,1,0,1,10
2024-01-04_hawaii_csu_bakersfield,Hawaii,14,"Rewers, Brooklyn",True,19,4,7,0.571,1,1,1.0,0,0,,0,4,4,2,0,2,3,1,9
2024-01-04_hawaii_csu_bakersfield,Hawaii,23,"McBee, MeiLani",True,25,2,6,0.333,2,6,0.333,0,0,,0,2,2,1,2,1,0,0,6
2024-01-04_hawaii_csu_bakersfield,Hawaii,45,"Davies, Olivia",True,23,1,6,0.167,1,5,0.2,0,0,,1,3,4,2,4,2,0,0,3
2024-01-04_hawaii_csu_bakersfield,Hawaii,15,"Phillips, Daejah",False,25,2,4,0.5,0,1,0.0,3,4,0.75,3,7,10,3,3,3,0,2,7
2024-01-04_hawaii_csu_bakersfield,Hawaii,11,"Berrett, Vivienne",False,9,2,6,0.333,0,0,,3,4,0.75,2,1,3,1,0,1,0,0,7
2024-01-04_hawaii_csu_bakersfield,Hawaii,01,"Imai, Kelsie",False,20,2,2,1.0,0,0,,0,0,,1,3,4,2,2,4,0,0,4
2024-01-04_hawaii_csu_bakersfield,Hawaii,02,"Thoms, Ashley",False,15,1,4,0.25,1,3,0.333,0,0,,0,0,0,0,0,1,0,2,3
2024-01-04_hawaii_csu_bakersfield,Hawaii,22,"Peacock, Jade",False,13,1,1,1.0,1,1,1.0,0,0,,0,1,1,0,0,0,1,0,3
2024-01-04_hawaii_csu_bakersfield,Hawaii,13,"Birdsong, Hallie",False,1,0,1,0.0,0,1,0.0,0,0,,0,0,0,0,0,1,0,0,0
2024-01-04_hawaii_csu_bakersfield,Hawaii,TM,TEAM,False,0,0,0,,0,0,,0,0,,0,2,2,0,0,0,0,0,0
2024-01-04_cal_st_fullerton_uc_irvine,UC Irvine,13,"Lee, Deja",True,22,4,10,0.4,3,5,0.6,0,0,,0,3,3,3,1,1,0,0,11
2024-01-04_cal_st_fullerton_uc_irvine,UC Irvine,23,"Konate, Diaba",True,20,5,9,0.556,0,0,,0,0,,1,2,3,2,2,3,0,0,10
2024-01-04_cal_st_fullerton_uc_irvine,UC Irvine,03,"Tom, Nikki",True,27,2,5,0.4,1,1,1.0,2,2,1.0,2,4,6,0,3,0,1,0,7
2024-01-04_cal_st_fullerton_uc_irvine,UC Irvine,24,"Dean, Nevaeh",True,20,3,4,0.75,1,1,1.0,0,0,,0,2,2,1,1,0,0,2,7
2024-01-04_cal_st_fullerton_uc_irvine,UC Irvine,22,"Djoko, Clara",True,12,0,1,0.0,0,0,,0,0,,1,1,2,2,1,2,0,1,0
2024-01-04_cal_st_fullerton_uc_irvine,UC Irvine,01,"Johnson Sidi Baba, Moulayna",False,20,6,8,0.75,0,0,,6,8,0.75,1,4,5,0,1,1,0,2,18
2024-01-04_cal_st_fullerton_uc_irvine,UC Irvine,32,"Parkinson, Nevaeh",False,18,2,8,0.25,0,0,,1,2,0.5,7,3,10,1,0,1,1,0,5
2024-01-04_cal_st_fullerton_uc_irvine,UC Irvine,11,"Scharpf, Amelia",False,14,2,5,0.4,0,1,0.0,0,0,,1,4,5,1,0,1,0,0,4
2024-01-04_cal_st_fullerton_uc_irvine,UC Irvine,12,"Nahum, Shirel",False,31,1,7,0.143,1,2,0.5,0,0,,0,2,2,1,4,4,0,3,3
2024-01-04_cal_st_fullerton_uc_irvine,UC Irvine,05,"Ross, Tarryn",False,8,1,2,0.5,1,2,0.5,0,0,,0,0,0,0,0,0,0,0,3
2024-01-04_cal_st_fullerton_uc_irvine,UC Irvine,33,"Kaupu, Caiyle",False,5,0,0,,0,0,,0,0,,0,0,0,2,2,1,0,0,0
2024-01-04_cal_st_fullerton_uc_irvine,UC Irvine,02,"Hernandez, Haley",False,3,0,0,,0,0,,0,0,,1,0,1,1,0,0,0,0,0
2024-01-04_cal_st_fullerton_uc_irvine,UC Irvine,TM,TEAM,False,0,0,0,,0,0,,0,0,,0,2,2,0,0,0,0,0,0
2024-01-04_cal_st_fullerton_uc_irvine,Cal St. Fullerton,04,"Vidmar, Gabi",True,31,5,12,0.417,4,8,0.5,0,0,,3,3,6,2,2,0,0,1,14
2024-01-04_cal_st_fullerton_uc_irvine,Cal St. Fullerton,55,"Nimmo, Fujika",True,28,4,14,0.286,1,4,0.25,0,0,,1,1,2,0,3,1,0,1,9
2024-01-04_cal_st_fullerton_uc_irvine,Cal St. Fullerton,32,"Lewis, Ashlee",True,28,2,4,0.5,0,0,,0,0,,0,7,7,3,0,4,1,1,4
2024-01-04_cal_st_fullerton_uc_irvine,Cal St. Fullerton,02,"Hassmann, Hope",True,23,1,8,0.125,0,3,0.0,1,2,0.5,3,1,4,2,3,5,0,2,3
2024-01-04_cal_st_fullerton_uc_irvine,Cal St. Fullerton,24,"Neff, Kathryn",True,24,0,4,0.0,0,4,0.0,0,0,,2,3,5,3,0,0,0,0,0
2024-01-04_cal_st_fullerton_uc_irvine,Cal St. Fullerton,10,"Lagway, Demonnie",False,15,3,5,0.6,1,1,1.0,0,0,,0,1,1,1,0,3,1,0,7
2024-01-04_cal_st_fullerton_uc_irvine,Cal St. Fullerton,12,"Levingston, Eva",False,14,2,4,0.5,0,0,,1,2,0.5,2,1,3,0,0,2,0,0,5
2024-01-04_cal_st_fullerton_uc_irvine,Cal St. Fullerton,13,"Hernandez, Aixchel",False,9,1,2,0.5,0,0,,0,0,,1,2,3,0,0,0,2,0,2
2024-01-04_cal_st_fullerton_uc_irvine,Cal St. Fullerton,21,"Tse, Allysan",False,8,0,2,0.0,0,1,0.0,0,0,,0,0,0,1,0,0,0,0,0
2024-01-04_cal_st_fullerton_uc_irvine,Cal St. Fullerton,33,"Minor, Brielle",False,8,0,0,,0,0,,0,0,,0,2,2,1,2,1,0,0,0
2024-01-04_cal_st_fullerton_uc_irvine,Cal St. Fullerton,03,"Salazar-Harrell, Kaliana",False,6,0,1,0.0,0,0,,0,0,,0,0,0,1,0,2,0,0,0
2024-01-04_cal_st_fullerton_uc_irvine,Cal St. Fullerton,11,"MacDonald, Ruby",False,4,0,0,,0,0,,0,0,,0,0,0,0,1,0,0,0,0
2024-01-04_cal_st_fullerton_uc_irvine,Cal St. Fullerton,23,"Strachan, Emily",False,2,0,0,,0,0,,0,0,,0,0,0,0,0,1,0,0,0
2024-01-04_cal_st_fullerton_uc_irvine,Cal St. Fullerton,TM,TEAM,False,0,0,0,,0,0,,0,0,,1,1,2,0,0,0,0,0,0
2024-01-04_uc_san_diego_uc_santa_barbara,UC Santa Barbara,10,"Choice, Anya",True,34,4,9,0.444,1,3,0.333,2,3,0.667,0,1,1,2,1,4,0,0,11
2024-01-04_uc_san_diego_uc_santa_barbara,UC Santa Barbara,32,"Grant, Jessica",True,36,3,7,0.429,3,6,0.5,0,0,,0,2,2,0,2,1,0,0,9
2024-01-04_uc_san_diego_uc_santa_barbara,UC Santa Barbara,23,"Whitfield, Alexis",True,28,3,13,0.231,2,4,0.5,1,2,0.5,3,7,10,3,1,1,1,0,9
2024-01-04_uc_san_diego_uc_santa_barbara,UC Santa Barbara,03,"Marin, Alyssa",True,20,2,8,0.25,1,3,0.333,1,1,1.0,1,1,2,2,2,0,0,0,6
2024-01-04_uc_san_diego_uc_santa_barbara,UC Santa Barbara,13,"Goed, Flora",True,13,0,4,0.0,0,0,,0,0,,3,4,7,0,0,0,0,0,0
2024-01-04_uc_san_diego_uc_santa_barbara,UC Santa Barbara,20,"Rockwood, Laurel",False,21,4,5,0.8,0,0,,0,0,,2,3,5,1,0,3,0,1,8
2024-01-04_uc_san_diego_uc_santa_barbara,UC Santa Barbara,55,"Burke, Skylar",False,20,2,5,0.4,0,1,0.0,3,3,1.0,2,2,4,3,1,1,0,1,7
2024-01-04_uc_san_diego_uc_santa_barbara,UC Santa Barbara,02,"Borter, Zoe",False,21,0,1,0.0,0,0,,0,0,,0,1,1,3,1,0,0,0,0
2024-01-04_uc_san_diego_uc_santa_barbara,UC Santa Barbara,15,"McMorris, Mary",False,7,0,2,0.0,0,0,,0,0,,0,0,0,0,0,0,0,0,0
2024-01-04_uc_san_diego_uc_santa_barbara,UC Santa Barbara,TM,TEAM,False,0,0,0,,0,0,,0,0,,1,3,4,0,0,2,0,0,0
2024-01-04_uc_san_diego_uc_santa_barbara,UC San Diego,03,"Sugapong, Sumayah",True,33,9,21,0.429,0,3,0.0,2,2,1.0,2,4,6,2,1,1,0,1,20
2024-01-04_uc_san_diego_uc_santa_barbara,UC San Diego,32,"Montgomery, Parker",True,32,5,14,0.357,0,4,0.0,3,4,0.75,2,2,4,1,2,0,0,1,13
2024-01-04_uc_san_diego_uc_santa_barbara,UC San Diego,20,"Forsyth, Izzy",True,31,3,9,0.333,2,4,0.5,0,0,,3,4,7,0,0,0,0,0,8
2024-01-04_uc_san_diego_uc_santa_barbara,UC San Diego,24,"Pinto, Denali",True,30,2,4,0.5,0,2,0.0,2,2,1.0,0,4,4,0,0,0,0,0,6
2024-01-04_uc_san_diego_uc_santa_barbara,UC San Diego,35,"Springs, Katie",True,18,0,1,0.0,0,0,,0,0,,2,3,5,1,0,1,0,1,0
2024-01-04_uc_san_diego_uc_santa_barbara,UC San Diego,23,"Blithikioti, Eri",False,23,4,4,1.0,1,1,1.0,0,0,,0,2,2,1,3,2,0,0,9
2024-01-04_uc_san_diego_uc_santa_barbara,UC San Diego,13,"Amosa, Meaali‘i",False,7,2,4,0.5,0,1,0.0,0,0,,1,0,1,1,0,1,1,0,4
2024-01-04_uc_san_diego_uc_santa_barbara,UC San Diego,22,"Gallegos, Gracie",False,21,1,4,0.25,0,0,,0,0,,2,2,4,2,0,1,1,1,2
2024-01-04_uc_san_diego_uc_santa_barbara,UC San Diego,11,"Condron, Erin",False,5,1,4,0.25,0,1,0.0,0,0,,2,0,2,1,0,0,0,0,2
2024-01-04_uc_san_diego_uc_santa_barbara,UC San Diego,TM,TEAM,False,0,0,0,,0,0,,0,0,,0,3,3,0,0,0,0,0,0
2024-01-04_long_beach_st_cal_poly,Cal Poly,2,"Shah, Annika",True,34,6,15,0.4,0,5,0.0,6,6,1.0,2,2,4,4,1,3,0,1,18
2024-01-04_long_beach_st_cal_poly,Cal Poly,35,"Ackerman, Natalia",True,29,8,11,0.727,0,0,,2,3,0.667,0,4,4,4,0,4,0,2,18
2024-01-04_long_beach_st_cal_poly,Cal Poly,4,"Lichtie, Sierra",True,23,3,5,0.6,0,1,0.0,2,4,0.5,1,3,4,4,1,1,2,0,8
2024-01-04_long_beach_st_cal_poly,Cal Poly,5,"McNicholas, Ania",True,28,2,8,0.25,0,2,0.0,2,2,1.0,1,4,5,3,5,2,0,3,6
2024-01-04_long_beach_st_cal_poly,Cal Poly,15,"Bourland, Sydney",True,30,0,2,0.0,0,2,0.0,0,2,0.0,1,2,3,1,2,1,2,2,0
2024-01-04_long_beach_st_cal_poly,Cal Poly,10,"Richards, Sidney",False,25,2,5,0.4,1,2,0.5,3,4,0.75,1,0,1,2,2,2,0,2,8
2024-01-04_long_beach_st_cal_poly,Cal Poly,24,"Carter, Mary",False,16,2,4,0.5,2,3,0.667,0,0,,0,4,4,2,0,3,0,0,6
2024-01-04_long_beach_st_cal_poly,Cal Poly,33,"Olinger, Amanda",False,11,0,2,0.0,0,1,0.0,0,0,,0,1,1,1,0,1,0,0,0
2024-01-04_long_beach_st_cal_poly,Cal Poly,3,"Richardson, Diamond",False,4,0,2,0.0,0,1,0.0,0,0,,1,2,3,0,1,1,0,1,0
2024-01-04_long_beach_st_cal_poly,Cal Poly,TM,TEAM,False,0,0,0,,0,0,,0,0,,1,1,2,0,0,1,0,0,0
2024-01-04_long_beach_st_cal_poly,Long Beach St.,2,"Tucker, Savannah",True,36,3,10,0.3,2,6,0.333,5,6,0.833,1,2,3,2,1,2,2,0,13
2024-01-04_long_beach_st_cal_poly,Long Beach St.,10,"Valenti Paea, Casey",True,28,5,9,0.556,1,2,0.5,1,1,1.0,1,2,3,2,5,0,0,2,12
2024-01-04_long_beach_st_cal_poly,Long Beach St.,3,"Chung, Patricia",True,30,3,9,0.333,1,3,0.333,1,2,0.5,0,5,5,4,0,3,0,2,8
2024-01-04_long_beach_st_cal_poly,Long Beach St.,1,"Sonnier, Lovely",True,18,2,6,0.333,1,4,0.25,0,0,,0,3,3,2,1,4,0,1,5
2024-01-04_long_beach_st_cal_poly,Long Beach St.,22,"Woodley, Sydney",True,28,2,4,0.5,0,1,0.0,0,0,,0,0,0,2,0,4,0,1,4
2024-01-04_long_beach_st_cal_poly,Long Beach St.,52,"Matthews, Davai",False,22,2,4,0.5,0,0,,3,4,0.75,4,4,8,4,1,2,1,0,7
2024-01-04_long_beach_st_cal_poly,Long Beach St.,12,"Crawshaw, Jada",False,22,1,6,0.167,0,2,0.0,4,8,0.5,1,3,4,2,0,3,2,1,6
2024-01-04_long_beach_st_cal_poly,Long Beach St.,00,"Cummings, Lauren",False,4,0,0,,0,0,,1,2,0.5,0,1,1,0,0,0,0,0,1
2024-01-04_long_beach_st_cal_poly,Long Beach St.,4,"Givens, Cheyenne",False,7,0,1,0.0,0,0,,0,0,,0,1,1,4,0,5,0,1,0
2024-01-04_long_beach_st_cal_poly,Long Beach St.,30,"Moore, Olivia",False,5,0,1,0.0,0,1,0.0,0,0,,0,1,1,1,0,1,0,0,0
2024-01-04_long_beach_st_cal_poly,Long Beach St.,TM,TEAM,False,0,0,0,,0,0,,0,0,,3,3,6,0,0,1,0,0,0
2024-01-06_uc_davis_uc_irvine,UC Irvine,13,"Lee, Deja",True,26,7,10,0.7,3,4,0.75,0,0,,0,2,2,0,2,1,0,6,17
2024-01-06_uc_davis_uc_irvine,UC Irvine,03,"Tom, Nikki",True,36,4,6,0.667,3,4,0.75,3,4,0.75,0,2,2,1,3,0,0,1,14
2024-01-06_uc_davis_uc_irvine,UC Irvine,24,"Dean, Nevaeh",True,29,4,10,0.4,0,2,0.0,1,2,0.5,1,1,2,3,2,1,1,1,9
2024-01-06_uc_davis_uc_irvine,UC Irvine,23,"Konate, Diaba",True,22,1,5,0.2,0,0,,0,0,,0,1,1,3,1,4,0,2,2
2024-01-06_uc_davis_uc_irvine,UC Irvine,22,"Djoko, Clara",True,7,0,0,,0,0,,0,0,,0,0,0,3,0,0,0,0,0
2024-01-06_uc_davis_uc_irvine,UC Irvine,01,"Johnson Sidi Baba, Moulayna",False,28,3,8,0.375,1,1,1.0,0,2,0.0,0,4,4,2,1,3,0,2,7
2024-01-06_uc_davis_uc_irvine,UC Irvine,32,"Parkinson, Nevaeh",False,11,2,2,1.0,0,0,,2,2,1.0,0,2,2,2,0,4,1,0,6
2024-01-06_uc_davis_uc_irvine,UC Irvine,11,"Scharpf, Amelia",False,26,1,5,0.2,0,1,0.0,0,0,,1,4,5,0,0,0,0,2,2
2024-01-06_uc_davis_uc_irvine,UC Irvine,12,"Nahum, Shirel",False,15,0,2,0.0,0,0,,0,0,,0,0,0,0,1,1,0,0,0
2024-01-06_uc_davis_uc_irvine,UC Irvine,TM,TEAM,False,0,0,0,,0,0,,0,0,,1,1,2,0,0,3,0,0,0
2024-01-06_uc_davis_uc_irvine,UC Davis,14,"Sabel, Tova",True,35,5,8,0.625,3,5,0.6,3,4,0.75,0,5,5,1,4,5,0,0,16
2024-01-06_uc_davis_uc_irvine,UC Davis,15,"Turner, Evanne",True,38,4,13,0.308,3,7,0.429,2,2,1.0,2,2,4,1,1,5,0,1,13
2024-01-06_uc_davis_uc_irvine,UC Davis,33,"Harris, Mazatlan",True,22,3,3,1.0,2,2,1.0,0,2,0.0,1,3,4,4,0,1,0,1,8
2024-01-06_uc_davis_uc_irvine,UC Davis,25,"Norris, Megan",True,26,3,8,0.375,0,3,0.0,1,2,0.5,1,7,8,3,2,1,0,2,7
2024-01-06_uc_davis_uc_irvine,UC Davis,13,"Burns, Sydney",True,17,2,4,0.5,0,1,0.0,0,0,,1,0,1,1,2,1,0,0,4
2024-01-06_uc_davis_uc_irvine,UC Davis,04,"Epps, Nya",False,22,2,4,0.5,0,1,0.0,0,0,,0,2,2,0,1,0,0,2,4
2024-01-06_uc_davis_uc_irvine,UC Davis,41,"Shine, Bria",False,20,1,3,0.333,0,2,0.0,2,2,1.0,1,2,3,1,3,6,0,3,4
2024-01-06_uc_davis_uc_irvine,UC Davis,20,"Fitzgerald, Ally",False,9,1,1,1.0,0,0,,0,0,,0,1,1,1,0,0,1,0,2
2024-01-06_uc_davis_uc_irvine,UC Davis,23,"Baker, Victoria",False,5,1,1,1.0,0,0,,0,0,,0,1,1,0,0,2,0,0,2
2024-01-06_uc_davis_uc_irvine,UC Davis,03,"Gray, Campbell",False,6,0,0,,0,0,,0,0,,0,0,0,0,0,1,2,0,0
2024-01-06_uc_davis_uc_irvine,UC Davis,TM,TEAM,False,0,0,0,,0,0,,0,0,,2,1,3,0,0,2,0,0,0
2024-01-06_hawaii_csun,CSUN,23,"Li-Uperesa , Talo",True,35,3,5,0.6,0,0,,2,2,1.0,3,5,8,5,0,2,0,0,8
2024-01-06_hawaii_csun,CSUN,20,"Adams, Erica",True,31,3,8,0.375,0,1,0.0,1,2,0.5,0,2,2,1,1,1,0,0,7
2024-01-06_hawaii_csun,CSUN,01,"Ferguson, Amiyah",True,36,2,13,0.154,1,6,0.167,0,0,,0,2,2,2,1,1,0,2,5
2024-01-06_hawaii_csun,CSUN,24,"Spriggs, Kayanna",True,22,2,8,0.25,0,0,,1,2,0.5,2,7,9,4,0,2,0,0,5
2024-01-06_hawaii_csun,CSUN,21,"De Jesus , Ana Carolina",True,19,2,9,0.222,0,1,0.0,0,0,,2,1,3,3,2,1,0,0,4
2024-01-06_hawaii_csun,CSUN,43,"Nikishina , Arina",False,6,2,4,0.5,0,1,0.0,0,0,,1,1,2,1,0,0,0,0,4
2024-01-06_hawaii_csun,CSUN,22,"Elsholz, Kaitlyn",False,12,1,5,0.2,1,3,0.333,0,0,,0,0,0,1,0,0,0,0,3
2024-01-06_hawaii_csun,CSUN,15,"Amundsen, Laney",False,27,1,4,0.25,0,3,0.0,0,0,,0,6,6,1,0,0,0,0,2
2024-01-06_hawaii_csun,CSUN,11,"Smith, Olivia",False,6,0,2,0.0,0,0,,0,0,,0,0,0,0,0,0,0,0,0
2024-01-06_hawaii_csun,CSUN,04,"Harvey, Rachel",False,5,0,0,,0,0,,0,0,,0,0,0,1,0,0,0,0,0
2024-01-06_hawaii_csun,CSUN,10,"Lizama, Alondra",False,1,0,1,0.0,0,1,0.0,0,0,,0,0,0,0,0,0,0,0,0
2024-01-06_hawaii_csun,CSUN,TM,TEAM,False,0,0,0,,0,0,,0,0,,1,1,2,0,0,2,0,0,0
2024-01-06_hawaii_csun,Hawaii,03,"Wahinekapu, Lily",True,25,4,10,0.4,1,5,0.2,1,2,0.5,2,5,7,0,2,3,1,1,10
2024-01-06_hawaii_csun,Hawaii,23,"McBee, MeiLani",True,23,3,7,0.429,3,7,0.429,0,0,,0,4,4,1,1,0,1,0,9
2024-01-06_hawaii_csun,Hawaii,14,"Rewers, Brooklyn",True,17,3,6,0.5,1,1,1.0,2,2,1.0,2,4,6,1,0,0,1,0,9
2024-01-06_hawaii_csun,Hawaii,12,"Perez, Imani",True,29,2,4,0.5,0,2,0.0,2,2,1.0,1,3,4,2,1,0,2,0,6
2024-01-06_hawaii_csun,Hawaii,45,"Davies, Olivia",True,17,0,6,0.0,0,5,0.0,0,0,,0,1,1,0,1,2,0,1,0
2024-01-06_hawaii_csun,Hawaii,15,"Phillips, Daejah",False,26,3,4,0.75,3,3,1.0,3,4,0.75,1,3,4,2,2,2,0,0,12
2024-01-06_hawaii_csun,Hawaii,01,"Imai, Kelsie",False,24,4,8,0.5,1,3,0.333,2,2,1.0,1,4,5,1,2,2,0,0,11
2024-01-06_hawaii_csun,Hawaii,02,"Thoms, Ashley",False,14,1,4,0.25,1,3,0.333,1,2,0.5,1,1,2,2,0,0,0,0,4
2024-01-06_hawaii_csun,Hawaii,22,"Peacock, Jade",False,14,1,4,0.25,0,1,0.0,0,0,,1,1,2,0,1,0,1,0,2
2024-01-06_hawaii_csun,Hawaii,11,"Berrett, Vivienne",False,9,1,5,0.2,0,0,,0,2,0.0,0,1,1,0,0,0,0,0,2
2024-01-06_hawaii_csun,Hawaii,13,"Birdsong, Hallie",False,2,1,1,1.0,0,0,,0,0,,0,0,0,0,0,0,0,0,2
2024-01-06_hawaii_csun,Hawaii,TM,TEAM,False,0,0,0,,0,0,,0,0,,2,5,7,0,0,1,0,0,0
2024-01-06_uc_san_diego_cal_st_fullerton,Cal St. Fullerton,04,"Vidmar, Gabi",True,27,2,6,0.333,1,4,0.25,5,5,1.0,0,2,2,1,1,0,0,6,10
2024-01-06_uc_san_diego_cal_st_fullerton,Cal St. Fullerton,32,"Lewis, Ashlee",True,14,3,5,0.6,0,0,,0,0,,0,4,4,4,0,3,0,0,6
2024-01-06_uc_san_diego_cal_st_fullerton,Cal St. Fullerton,24,"Neff, Kathryn",True,32,1,3,0.333,1,3,0.333,0,0,,0,2,2,1,3,0,0,1,3
2024-01-06_uc_san_diego_cal_st_fullerton,Cal St. Fullerton,02,"Hassmann, Hope",True,19,1,5,0.2,1,1,1.0,0,0,,0,0,0,2,3,0,0,0,3
2024-01-06_uc_san_diego_cal_st_fullerton,Cal St. Fullerton,55,"Nimmo, Fujika",True,19,1,8,0.125,0,0,,1,2,0.5,2,2,4,2,0,4,0,1,3
2024-01-06_uc_san_diego_cal_st_fullerton,Cal St. Fullerton,33,"Minor, Brielle",False,22,3,6,0.5,0,1,0.0,3,4,0.75,2,1,3,3,2,2,0,1,9
2024-01-06_uc_san_diego_cal_st_fullerton,Cal St. Fullerton,10,"Lagway, Demonnie",False,21,3,10,0.3,0,0,,3,4,0.75,3,1,4,2,1,1,0,1,9
2024-01-06_uc_san_diego_cal_st_fullerton,Cal St. Fullerton,13,"Hernandez, Aixchel",False,19,4,8,0.5,0,0,,0,0,,0,1,1,2,0,1,0,2,8
2024-01-06_uc_san_diego_cal_st_fullerton,Cal St. Fullerton,21,"Tse, Allysan",False,11,1,4,0.25,1,1,1.0,1,2,0.5,0,2,2,2,0,1,0,1,4
2024-01-06_uc_san_diego_cal_st_fullerton,Cal St. Fullerton,23,"Strachan, Emily",False,7,1,2,0.5,1,1,1.0,0,0,,0,2,2,0,0,0,0,0,3
2024-01-06_uc_san_diego_cal_st_fullerton,Cal St. Fullerton,12,"Levingston, Eva",False,5,0,0,,0,0,,0,0,,0,1,1,0,0,0,0,0,0
2024-01-06_uc_san_diego_cal_st_fullerton,Cal St. Fullerton,11,"MacDonald, Ruby",False,3,0,0,,0,0,,0,0,,0,0,0,1,0,0,0,0,0
2024-01-06_uc_san_diego_cal_st_fullerton,Cal St. Fullerton,03,"Salazar-Harrell, Kaliana",False,1,0,1,0.0,0,0,,0,0,,0,0,0,0,0,0,0,0,0
2024-01-06_uc_san_diego_cal_st_fullerton,Cal St. Fullerton,TM,TEAM,False,0,0,0,,0,0,,0,0,,2,1,3,0,0,0,0,0,0
2024-01-06_uc_san_diego_cal_st_fullerton,UC San Diego,24,"Pinto, Denali",True,35,10,16,0.625,7,9,0.778,1,1,1.0,0,1,1,3,2,3,0,1,28
2024-01-06_uc_san_diego_cal_st_fullerton,UC San Diego,03,"Sugapong, Sumayah",True,26,6,15,0.4,2,6,0.333,4,4,1.0,0,2,2,4,1,4,1,2,18
2024-01-06_uc_san_diego_cal_st_fullerton,UC San Diego,35,"Springs, Katie",True,29,2,3,0.667,0,0,,5,6,0.833,6,14,20,1,2,2,1,4,9
2024-01-06_uc_san_diego_cal_st_fullerton,UC San Diego,32,"Montgomery, Parker",True,33,3,10,0.3,0,3,0.0,0,0,,1,6,7,2,3,5,1,0,6
2024-01-06_uc_san_diego_cal_st_fullerton,UC San Diego,20,"Forsyth, Izzy",True,25,2,3,0.667,0,0,,0,0,,0,4,4,0,1,0,0,0,4
2024-01-06_uc_san_diego_cal_st_fullerton,UC San Diego,22,"Gallegos, Gracie",False,24,2,4,0.5,1,2,0.5,1,3,0.333,0,2,2,4,2,1,0,1,6
2024-01-06_uc_san_diego_cal_st_fullerton,UC San Diego,23,"Blithikioti, Eri",False,19,0,0,,0,0,,0,0,,0,1,1,3,2,2,0,0,0
2024-01-06_uc_san_diego_cal_st_fullerton,UC San Diego,13,"Amosa, Meaali‘i",False,6,0,0,,0,0,,0,0,,0,1,1,0,0,1,0,0,0
2024-01-06_uc_san_diego_cal_st_fullerton,UC San Diego,11,"Condron, Erin",False,3,0,0,,0,0,,0,0,,0,0,0,0,1,1,0,0,0
2024-01-06_uc_san_diego_cal_st_fullerton,UC San Diego,TM,TEAM,False,0,0,0,,0,0,,0,0,,0,1,1,0,0,1,0,0,0
2024-01-06_uc_santa_barbara_cal_poly,Cal Poly,15,"Bourland, Sydney",True,40,6,13,0.462,0,2,0.0,3,4,0.75,1,4,5,1,5,2,0,2,15
2024-01-06_uc_santa_barbara_cal_poly,Cal Poly,02,"Shah, Annika",True,40,5,15,0.333,2,5,0.4,0,0,,0,1,1,2,1,2,0,0,12
2024-01-06_uc_santa_barbara_cal_poly,Cal Poly,35,"Ackerman, Natalia",True,37,4,9,0.444,0,1,0.0,1,2,0.5,2,6,8,4,0,3,6,4,9
2024-01-06_uc_santa_barbara_cal_poly,Cal Poly,05,"McNicholas, Ania",True,30,1,7,0.143,1,3,0.333,1,2,0.5,0,0,0,2,3,2,0,1,4
2024-01-06_uc_santa_barbara_cal_poly,Cal Poly,04,"Lichtie, Sierra",True,10,0,2,0.0,0,0,,0,0,,0,0,0,2,0,1,0,0,0
2024-01-06_uc_santa_barbara_cal_poly,Cal Poly,24,"Carter, Mary",False,35,6,9,0.667,2,3,0.667,0,0,,7,3,10,2,0,2,1,0,14
2024-01-06_uc_santa_barbara_cal_poly,Cal Poly,10,"Richards, Sidney",False,18,2,6,0.333,1,2,0.5,1,2,0.5,1,2,3,4,1,0,0,0,6
2024-01-06_uc_santa_barbara_cal_poly,Cal Poly,03,"Richardson, Diamond",False,7,2,3,0.667,0,0,,0,0,,3,0,3,1,1,0,0,0,4
2024-01-06_uc_santa_barbara_cal_poly,Cal Poly,33,"Olinger, Amanda",False,8,0,1,0.0,0,0,,0,0,,2,3,5,1,0,2,0,0,0
2024-01-06_uc_santa_barbara_cal_poly,Cal Poly,TM,TEAM,False,0,0,0,,0,0,,0,0,,3,2,5,0,0,1,0,0,0
2024-01-06_uc_santa_barbara_cal_poly,UC Santa Barbara,03,"Marin, Alyssa",True,44,5,8,0.625,2,2,1.0,7,7,1.0,2,2,4,1,5,3,0,0,19
2024-01-06_uc_santa_barbara_cal_poly,UC Santa Barbara,23,"Whitfield, Alexis",True,40,9,15,0.6,0,0,,1,2,0.5,3,6,9,3,2,7,0,1,19
2024-01-06_uc_santa_barbara_cal_poly,UC Santa Barbara,10,"Choice, Anya",True,39,3,9,0.333,0,2,0.0,0,0,,2,1,3,1,2,3,1,1,6
2024-01-06_uc_santa_barbara_cal_poly,UC Santa Barbara,13,"Goed, Flora",True,14,1,4,0.25,0,0,,0,0,,3,3,6,2,0,0,0,0,2
2024-01-06_uc_santa_barbara_cal_poly,UC Santa Barbara,32,"Grant, Jessica",True,9,0,3,0.0,0,3,0.0,0,0,,0,0,0,1,0,0,0,0,0
2024-01-06_uc_santa_barbara_cal_poly,UC Santa Barbara,55,"Burke, Skylar",False,38,5,13,0.385,2,5,0.4,0,0,,1,5,6,1,1,2,0,0,12
2024-01-06_uc_santa_barbara_cal_poly,UC Santa Barbara,20,"Rockwood, Laurel",False,31,1,2,0.5,0,0,,3,4,0.75,1,2,3,3,1,2,1,1,5
2024-01-06_uc_santa_barbara_cal_poly,UC Santa Barbara,15,"McMorris, Mary",False,4,1,3,0.333,0,0,,0,1,0.0,0,1,1,0,0,0,0,0,2
2024-01-06_uc_santa_barbara_cal_poly,UC Santa Barbara,02,"Borter, Zoe",False,6,0,1,0.0,0,0,,0,0,,1,0,1,1,0,0,0,0,0
2024-01-06_uc_santa_barbara_cal_poly,UC Santa Barbara,TM,TEAM,False,0,0,0,,0,0,,0,0,,2,3,5,0,0,0,0,0,0
2024-01-06_uc_riverside_long_beach_st,Long Beach St.,10,"Valenti-paea, Casey",True,38,5,10,0.5,1,4,0.25,0,0,,1,9,10,4,5,4,1,3,11
2024-01-06_uc_riverside_long_beach_st,Long Beach St.,2,"Tucker, Savannah",True,27,3,6,0.5,0,1,0.0,2,2,1.0,0,1,1,1,1,2,0,0,8
2024-01-06_uc_riverside_long_beach_st,Long Beach St.,1,"Sonnier, Lovely",True,14,2,3,0.667,0,1,0.0,2,2,1.0,0,4,4,2,0,4,0,0,6
2024-01-06_uc_riverside_long_beach_st,Long Beach St.,52,"Matthews, Davai",True,15,1,4,0.25,0,0,,1,2,0.5,1,4,5,5,2,7,1,1,3
2024-01-06_uc_riverside_long_beach_st,Long Beach St.,3,"Chung, Patricia",True,33,0,4,0.0,0,2,0.0,1,2,0.5,1,1,2,2,1,4,0,2,1
2024-01-06_uc_riverside_long_beach_st,Long Beach St.,4,"Givens, Cheyenne",False,25,5,8,0.625,0,2,0.0,0,0,,2,6,8,0,3,8,0,1,10
2024-01-06_uc_riverside_long_beach_st,Long Beach St.,30,"Moore, Olivia",False,23,1,5,0.2,0,4,0.0,0,0,,2,1,3,0,0,1,0,1,2
2024-01-06_uc_riverside_long_beach_st,Long Beach St.,12,"Crawshaw , Jada",False,18,1,7,0.143,0,0,,0,0,,2,6,8,2,2,5,3,0,2
2024-01-06_uc_riverside_long_beach_st,Long Beach St.,00,"Cummings , Lauren",False,7,0,2,0.0,0,0,,0,2,0.0,1,3,4,0,0,0,0,0,0
2024-01-06_uc_riverside_long_beach_st,Long Beach St.,TM,TEAM,False,0,0,0,,0,0,,0,0,,2,5,7,0,0,0,0,0,0
2024-01-06_uc_riverside_long_beach_st,UC Riverside,32,"Webster, Jordan",True,37,7,26,0.269,4,11,0.364,9,10,0.9,1,4,5,2,1,2,0,5,27
2024-01-06_uc_riverside_long_beach_st,UC Riverside,1,"Bryant, Matehya",True,26,2,5,0.4,0,0,,1,4,0.25,2,6,8,3,2,4,2,2,5
2024-01-06_uc_riverside_long_beach_st,UC Riverside,00,"Jackson, Makayla",True,33,2,8,0.25,0,2,0.0,0,0,,0,0,0,2,1,3,0,3,4
2024-01-06_uc_riverside_long_beach_st,UC Riverside,10,"Stenberg, Julia",True,20,0,6,0.0,0,4,0.0,2,2,1.0,0,1,1,0,0,1,1,1,2
2024-01-06_uc_riverside_long_beach_st,UC Riverside,3,"Tillery, Zoe",True,18,0,3,0.0,0,3,0.0,2,2,1.0,1,2,3,0,0,1,0,3,2
2024-01-06_uc_riverside_long_beach_st,UC Riverside,11,"Matarranz, Esther",False,13,3,4,0.75,0,0,,0,0,,2,2,4,5,1,0,0,2,6
2024-01-06_uc_riverside_long_beach_st,UC Riverside,15,"Sanderson, Jaden",False,17,1,2,0.5,0,0,,1,2,0.5,2,2,4,3,0,2,0,1,3
2024-01-06_uc_riverside_long_beach_st,UC Riverside,2,"Walters, Ryanne",False,30,0,9,0.0,0,5,0.0,0,0,,2,0,2,1,3,1,0,5,0
2024-01-06_uc_riverside_long_beach_st,UC Riverside,13,"Chocano, Maya",False,3,0,2,0.0,0,2,0.0,0,0,,0,0,0,0,0,1,0,0,0
2024-01-06_uc_riverside_long_beach_st,UC Riverside,23,"Aikins, India",False,3,0,1,0.0,0,0,,0,0,,0,1,1,1,0,1,0,0,0
2024-01-06_uc_riverside_long_beach_st,UC Riverside,TM,TEAM,False,0,0,0,,0,0,,0,0,,3,2,5,0,0,0,0,0,0
2024-01-11_csun_uc_davis,UC Davis,15,"Turner, Evanne",True,38,6,12,0.5,3,7,0.429,0,0,,0,6,6,3,1,3,0,0,15
2024-01-11_csun_uc_davis,UC Davis,14,"Sabel, Tova",True,31,6,16,0.375,2,10,0.2,1,2,0.5,0,3,3,2,3,3,2,3,15
2024-01-11_csun_uc_davis,UC Davis,25,"Norris, Megan",True,27,4,5,0.8,1,2,0.5,2,4,0.5,0,6,6,4,2,0,3,0,11
2024-01-11_csun_uc_davis,UC Davis,33,"Harris, Mazatlan",True,27,1,5,0.2,1,5,0.2,3,4,0.75,3,5,8,2,0,2,0,0,6
2024-01-11_csun_uc_davis,UC Davis,13,"Burns, Sydney",True,27,0,5,0.0,0,0,,1,2,0.5,2,4,6,1,5,2,0,2,1
2024-01-11_csun_uc_davis,UC Davis,4,"Epps, Nya",False,20,2,5,0.4,0,0,,0,0,,1,4,5,2,0,3,0,1,4
2024-01-11_csun_uc_davis,UC Davis,23,"Baker, Victoria",False,7,0,1,0.0,0,1,0.0,2,2,1.0,0,0,0,0,0,2,0,1,2
2024-01-11_csun_uc_davis,UC Davis,3,"Gray, Campbell",False,8,0,0,,0,0,,1,2,0.5,0,1,1,0,2,0,0,0,1
2024-01-11_csun_uc_davis,UC Davis,41,"Shine, Bria",False,9,0,1,0.0,0,0,,0,0,,0,1,1,1,1,3,1,0,0
2024-01-11_csun_uc_davis,UC Davis,20,"Fitzgerald, Ally",False,6,0,0,,0,0,,0,0,,0,1,1,0,1,0,3,0,0
2024-01-11_csun_uc_davis,UC Davis,11,"Glad, Clara",False,0,0,0,,0,0,,0,0,,0,0,0,1,0,0,0,0,0
2024-01-11_csun_uc_davis,UC Davis,TM,TEAM,False,0,0,0,,0,0,,0,0,,0,5,5,0,0,0,0,0,0
2024-01-11_csun_uc_davis,CSUN,24,"Spriggs, Kayanna",True,27,4,15,0.267,0,0,,3,5,0.6,5,4,9,3,0,5,0,2,11
2024-01-11_csun_uc_davis,CSUN,20,"Adams, Erica",True,33,1,6,0.167,0,1,0.0,2,2,1.0,0,5,5,0,1,3,0,3,4
2024-01-11_csun_uc_davis,CSUN,21,"de Jesus , Ana Carolina",True,17,2,5,0.4,0,0,,0,0,,1,6,7,3,2,2,0,0,4
2024-01-11_csun_uc_davis,CSUN,23,"Li-uperesa, Talo",True,33,1,7,0.143,0,1,0.0,1,4,0.25,4,4,8,1,2,1,1,2,3
2024-01-11_csun_uc_davis,CSUN,15,"Amundsen, Laney",True,27,1,12,0.083,1,5,0.2,0,0,,1,1,2,3,1,0,0,2,3
2024-01-11_csun_uc_davis,CSUN,4,"Harvey, Rachel",False,27,3,4,0.75,0,0,,1,2,0.5,1,0,1,3,1,0,0,2,7
2024-01-11_csun_uc_davis,CSUN,1,"Ferguson, Amiyah",False,13,3,10,0.3,0,3,0.0,0,0,,1,1,2,3,1,1,0,0,6
2024-01-11_csun_uc_davis,CSUN,22,"Elsholz, Kaitlyn",False,21,2,11,0.182,1,5,0.2,0,0,,2,5,7,2,1,0,0,0,5
2024-01-11_csun_uc_davis,CSUN,10,"Lizama, Alondra",False,0,0,0,,0,0,,2,2,1.0,0,0,0,0,0,0,0,0,2
2024-01-11_csun_uc_davis,CSUN,11,"Smith, Olivia",False,2,0,0,,0,0,,0,0,,0,0,0,2,1,0,0,0,0
2024-01-11_csun_uc_davis,CSUN,TM,TEAM,False,0,0,0,,0,0,,0,0,,5,2,7,0,0,0,0,0,0
2024-01-11_uc_irvine_hawaii,Hawaii,12,"Perez, Imani",True,31,7,7,1.0,3,3,1.0,0,0,,3,6,9,2,1,4,2,0,17
2024-01-11_uc_irvine_hawaii,Hawaii,23,"McBee, Meilani",True,31,3,6,0.5,3,6,0.5,3,3,1.0,1,0,1,3,1,0,1,0,12
2024-01-11_uc_irvine_hawaii,Hawaii,3,"Wahinekapu, Lily",True,30,5,10,0.5,0,1,0.0,0,1,0.0,0,5,5,3,4,1,0,2,10
2024-01-11_uc_irvine_hawaii,Hawaii,45,"Davies, Olivia",True,12,1,3,0.333,0,0,,2,2,1.0,0,1,1,0,1,2,0,0,4
2024-01-11_uc_irvine_hawaii,Hawaii,14,"Rewers, Brooklyn",True,32,1,9,0.111,0,3,0.0,0,0,,0,9,9,2,1,4,1,1,2
2024-01-11_uc_irvine_hawaii,Hawaii,15,"Phillips, Daejah",False,31,2,6,0.333,0,1,0.0,4,4,1.0,1,4,5,2,0,5,0,0,8
2024-01-11_uc_irvine_hawaii,Hawaii,1,"Imai, Kelsie",False,16,1,8,0.125,0,1,0.0,0,2,0.0,2,0,2,1,1,2,0,0,2
2024-01-11_uc_irvine_hawaii,Hawaii,2,"Thoms, Ashley",False,11,0,0,,0,0,,1,2,0.5,0,0,0,0,0,0,0,0,1
2024-01-11_uc_irvine_hawaii,Hawaii,22,"Peacock, Jade",False,5,0,0,,0,0,,0,0,,0,0,0,0,0,0,0,1,0
2024-01-11_uc_irvine_hawaii,Hawaii,11,"Berrett, Vivienne",False,1,0,0,,0,0,,0,0,,0,0,0,0,0,0,0,0,0
2024-01-11_uc_irvine_hawaii,Hawaii,TM,TEAM,False,0,0,0,,0,0,,0,0,,1,5,6,0,0,0,0,0,0
2024-01-11_uc_irvine_hawaii,UC Irvine,13,"Lee, Déja",True,34,7,18,0.389,1,8,0.125,0,0,,3,2,5,4,9,1,0,5,15
2024-01-11_uc_irvine_hawaii,UC Irvine,23,"Konate, Diaba",True,26,6,10,0.6,0,2,0.0,0,0,,0,4,4,2,0,3,0,3,12
2024-01-11_uc_irvine_hawaii,UC Irvine,3,"Tom, Nikki",True,34,1,6,0.167,1,5,0.2,2,2,1.0,1,3,4,0,2,0,2,1,5
2024-01-11_uc_irvine_hawaii,UC Irvine,24,"Dean, Nevaeh",True,16,0,3,0.0,0,1,0.0,0,0,,1,2,3,0,0,1,2,2,0
2024-01-11_uc_irvine_hawaii,UC Irvine,22,"Djoko, Clara",True,8,0,4,0.0,0,2,0.0,0,0,,0,0,0,0,0,0,1,0,0
2024-01-11_uc_irvine_hawaii,UC Irvine,32,"Parkinson, Nevaeh",False,21,2,5,0.4,0,0,,2,3,0.667,4,4,8,3,0,4,1,0,6
2024-01-11_uc_irvine_hawaii,UC Irvine,12,"Nahum, Shirel",False,26,2,8,0.25,1,4,0.25,0,0,,0,2,2,2,0,0,0,1,5
2024-01-11_uc_irvine_hawaii,UC Irvine,1,"Johnson Sidi Baba, Moulayna",False,13,1,5,0.2,0,2,0.0,0,0,,0,4,4,3,0,1,0,1,2
2024-01-11_uc_irvine_hawaii,UC Irvine,11,"Scharpf, Amelia",False,12,1,2,0.5,0,0,,0,0,,0,1,1,1,0,0,0,1,2
2024-01-11_uc_irvine_hawaii,UC Irvine,33,"Kaupu, Caiyle",False,10,1,2,0.5,0,0,,0,0,,0,1,1,1,0,0,0,0,2
2024-01-11_uc_irvine_hawaii,UC Irvine,TM,TEAM,False,0,0,0,,0,0,,0,0,,3,1,4,0,0,0,0,0,0
2024-01-11_long_beach_st_uc_san_diego,UC San Diego,35,"Springs, Katie",True,27,3,5,0.6,0,0,,6,6,1.0,4,5,9,2,1,3,1,2,12
2024-01-11_long_beach_st_uc_san_diego,UC San Diego,24,"Pinto, Denali",True,32,3,14,0.214,0,7,0.0,0,0,,2,1,3,1,0,3,1,5,6
2024-01-11_long_beach_st_uc_san_diego,UC San Diego,20,"Forsyth, Izzy",True,36,2,5,0.4,1,3,0.333,0,0,,0,7,7,0,2,3,2,2,5
2024-01-11_long_beach_st_uc_san_diego,UC San Diego,32,"Montgomery, Parker",True,28,1,8,0.125,1,4,0.25,0,0,,0,2,2,4,2,4,0,0,3
2024-01-11_long_beach_st_uc_san_diego,UC San Diego,3,"Sugapong, Sumayah",True,17,1,8,0.125,0,1,0.0,1,2,0.5,0,0,0,3,0,6,0,0,3
2024-01-11_long_beach_st_uc_san_diego,UC San Diego,22,"Gallegos, Gracie",False,35,4,7,0.571,0,2,0.0,0,0,,1,6,7,4,1,2,1,3,8
2024-01-11_long_beach_st_uc_san_diego,UC San Diego,11,"Condron, Erin",False,13,4,7,0.571,0,0,,0,0,,4,2,6,1,0,1,1,0,8
2024-01-11_long_beach_st_uc_san_diego,UC San Diego,23,"Blithikioti, Eri",False,12,0,1,0.0,0,1,0.0,0,0,,0,2,2,2,1,3,0,0,0
2024-01-11_long_beach_st_uc_san_diego,UC San Diego,TM,TEAM,False,0,0,0,,0,0,,0,0,,0,4,4,0,0,0,0,0,0
2024-01-11_long_beach_st_uc_san_diego,Long Beach St.,1,"Sonnier, Lovely",True,23,3,7,0.429,0,1,0.0,2,2,1.0,2,3,5,2,0,2,0,2,8
2024-01-11_long_beach_st_uc_san_diego,Long Beach St.,22,"Woodley, Sydney",True,28,2,11,0.182,0,2,0.0,0,0,,1,2,3,4,0,4,0,4,4
2024-01-11_long_beach_st_uc_san_diego,Long Beach St.,3,"Chung, Patricia",True,21,1,6,0.167,0,3,0.0,2,2,1.0,1,1,2,4,1,4,0,3,4
2024-01-11_long_beach_st_uc_san_diego,Long Beach St.,52,"Matthews, Davai",True,16,1,3,0.333,0,1,0.0,0,0,,0,3,3,5,0,3,0,0,2
2024-01-11_long_beach_st_uc_san_diego,Long Beach St.,10,"Valenti Paea, Casey",True,24,0,4,0.0,0,2,0.0,0,0,,0,4,4,0,1,1,0,3,0
2024-01-11_long_beach_st_uc_san_diego,Long Beach St.,4,"Givens, Cheyenne",False,24,3,7,0.429,1,2,0.5,0,0,,0,3,3,1,1,3,0,1,7
2024-01-11_long_beach_st_uc_san_diego,Long Beach St.,2,"Tucker, Savannah",False,30,1,7,0.143,0,5,0.0,2,5,0.4,0,0,0,0,0,2,0,1,4
2024-01-11_long_beach_st_uc_san_diego,Long Beach St.,12,"Crawshaw, Jada",False,17,0,5,0.0,0,0,,1,2,0.5,2,6,8,3,0,7,1,2,1
2024-01-11_long_beach_st_uc_san_diego,Long Beach St.,30,"Moore, Olivia",False,15,0,1,0.0,0,1,0.0,0,0,,2,1,3,1,0,2,0,0,0
2024-01-11_long_beach_st_uc_san_diego,Long Beach St.,00,"Cummings, Lauren",False,2,0,0,,0,0,,0,0,,0,1,1,0,0,1,0,0,0
2024-01-11_long_beach_st_uc_san_diego,Long Beach St.,TM,TEAM,False,0,0,0,,0,0,,0,0,,2,1,3,0,0,0,0,0,0
2024-01-11_csu_bakersfield_uc_santa_barbara,UC Santa Barbara,23,"Whitfield, Alexis",True,34,9,14,0.643,0,2,0.0,2,2,1.0,3,5,8,3,4,1,0,1,20
2024-01-11_csu_bakersfield_uc_santa_barbara,UC Santa Barbara,10,"Choice, Anya",True,30,3,7,0.429,2,3,0.667,4,4,1.0,1,3,4,2,3,2,0,0,12
2024-01-11_csu_bakersfield_uc_santa_barbara,UC Santa Barbara,55,"Burke, Skylar",True,28,3,7,0.429,1,2,0.5,3,4,0.75,2,4,6,4,1,3,0,0,10
2024-01-11_csu_bakersfield_uc_santa_barbara,UC Santa Barbara,03,"Marin, Alyssa",True,36,3,9,0.333,1,3,0.333,2,4,0.5,1,7,8,1,3,1,0,1,9
2024-01-11_csu_bakersfield_uc_santa_barbara,UC Santa Barbara,13,"Goed, Flora",True,19,4,5,0.8,0,0,,0,0,,2,4,6,2,0,2,0,0,8
2024-01-11_csu_bakersfield_uc_santa_barbara,UC Santa Barbara,15,"McMorris, Mary",False,19,3,4,0.75,1,2,0.5,1,4,0.25,0,3,3,0,2,3,0,0,8
2024-01-11_csu_bakersfield_uc_santa_barbara,UC Santa Barbara,32,"Grant, Jessica",False,10,2,4,0.5,2,4,0.5,0,0,,0,0,0,1,0,0,0,0,6
2024-01-11_csu_bakersfield_uc_santa_barbara,UC Santa Barbara,20,"Rockwood, Laurel",False,14,0,1,0.0,0,0,,2,2,1.0,1,6,7,3,0,0,0,0,2
2024-01-11_csu_bakersfield_uc_santa_barbara,UC Santa Barbara,02,"Borter, Zoe",False,10,0,1,0.0,0,1,0.0,0,0,,0,0,0,0,1,0,0,0,0
2024-01-11_csu_bakersfield_uc_santa_barbara,UC Santa Barbara,TM,TEAM,False,0,0,0,,0,0,,0,0,,0,2,2,0,0,0,0,0,0
2024-01-11_csu_bakersfield_uc_santa_barbara,CSU Bakersfield,00,"Brown, Shaunae",True,35,4,16,0.25,2,7,0.286,4,4,1.0,0,2,2,1,1,0,0,3,14
2024-01-11_csu_bakersfield_uc_santa_barbara,CSU Bakersfield,14,"Ortiz, Nseije",True,25,4,6,0.667,2,3,0.667,1,2,0.5,2,2,4,2,1,2,0,2,11
2024-01-11_csu_bakersfield_uc_santa_barbara,CSU Bakersfield,23,"Olivares, Jordan",True,22,3,10,0.3,0,4,0.0,1,2,0.5,1,4,5,3,1,4,1,1,7
2024-01-11_csu_bakersfield_uc_santa_barbara,CSU Bakersfield,32,"Freeman, Garrisen",True,30,1,6,0.167,0,3,0.0,1,2,0.5,4,1,5,4,0,1,0,0,3
2024-01-11_csu_bakersfield_uc_santa_barbara,CSU Bakersfield,12,"Johnson, Cassidy",True,11,1,4,0.25,0,0,,0,0,,1,0,1,1,1,0,0,0,2
2024-01-11_csu_bakersfield_uc_santa_barbara,CSU Bakersfield,33,"Riley, Julia",False,21,2,4,0.5,2,3,0.667,2,2,1.0,0,3,3,3,0,0,0,2,8
2024-01-11_csu_bakersfield_uc_santa_barbara,CSU Bakersfield,04,"Hunter, Grace",False,27,2,6,0.333,0,1,0.0,0,0,,2,0,2,2,2,2,0,1,4
2024-01-11_csu_bakersfield_uc_santa_barbara,CSU Bakersfield,15,"Porter, Amourie",False,15,1,3,0.333,0,1,0.0,0,0,,1,2,3,1,2,0,0,0,2
2024-01-11_csu_bakersfield_uc_santa_barbara,CSU Bakersfield,02,"Edwards, Morgan",False,11,1,7,0.143,0,3,0.0,0,0,,0,1,1,3,1,0,0,0,2
2024-01-11_csu_bakersfield_uc_santa_barbara,CSU Bakersfield,34,"Brooks, Jordan",False,3,0,0,,0,0,,1,2,0.5,1,0,1,0,0,0,0,0,1
2024-01-11_csu_bakersfield_uc_santa_barbara,CSU Bakersfield,TM,TEAM,False,0,0,0,,0,0,,0,0,,1,3,4,0,0,0,0,0,0
2024-01-11_cal_poly_uc_riverside,UC Riverside,32,"Webster, Jordan",True,33,5,11,0.455,1,5,0.2,10,12,0.833,2,4,6,3,1,4,0,3,21
2024-01-11_cal_poly_uc_riverside,UC Riverside,1,"Bryant, Matehya",True,26,6,8,0.75,0,0,,0,0,,0,6,6,4,2,7,3,4,12
2024-01-11_cal_poly_uc_riverside,UC Riverside,00,"Jackson, Makayla",True,37,2,5,0.4,0,2,0.0,7,8,0.875,0,0,0,1,2,0,0,2,11
2024-01-11_cal_poly_uc_riverside,UC Riverside,3,"Tillery, Zoe",True,26,2,6,0.333,1,3,0.333,0,0,,0,1,1,4,1,3,0,2,5
2024-01-11_cal_poly_uc_riverside,UC Riverside,10,"Stenberg, Julia",True,23,1,6,0.167,0,3,0.0,3,4,0.75,0,0,0,2,0,0,0,1,5
2024-01-11_cal_poly_uc_riverside,UC Riverside,2,"Walters, Ryanne",False,25,1,4,0.25,1,3,0.333,3,4,0.75,0,1,1,0,1,0,0,2,6
2024-01-11_cal_poly_uc_riverside,UC Riverside,15,"Sanderson, Jaden",False,17,1,5,0.2,0,0,,0,0,,0,3,3,3,0,3,0,1,2
2024-01-11_cal_poly_uc_riverside,UC Riverside,11,"Matarranz, Esther",False,13,1,1,1.0,0,0,,0,0,,0,2,2,1,0,0,0,0,2
2024-01-11_cal_poly_uc_riverside,UC Riverside,TM,TEAM,False,0,0,0,,0,0,,0,0,,5,4,9,0,0,1,0,0,0
2024-01-11_cal_poly_uc_riverside,Cal Poly,4,"Lichtie, Sierra",True,27,2,6,0.333,0,0,,5,6,0.833,2,5,7,3,1,3,1,1,9
2024-01-11_cal_poly_uc_riverside,Cal Poly,2,"Shah, Annika",True,30,3,10,0.3,0,3,0.0,0,0,,0,2,2,5,2,2,0,0,6
2024-01-11_cal_poly_uc_riverside,Cal Poly,15,"Bourland, Sydney",True,35,1,5,0.2,0,1,0.0,2,4,0.5,0,2,2,3,2,1,1,4,4
2024-01-11_cal_poly_uc_riverside,Cal Poly,35,"Ackerman, Natalia",True,16,2,5,0.4,0,0,,0,0,,2,2,4,0,0,2,2,0,4
2024-01-11_cal_poly_uc_riverside,Cal Poly,5,"McNicholas, Ania",True,20,1,3,0.333,0,1,0.0,0,0,,0,3,3,2,1,4,0,0,2
2024-01-11_cal_poly_uc_riverside,Cal Poly,24,"Carter, Mary",False,22,6,14,0.429,4,9,0.444,2,5,0.4,1,1,2,2,1,4,0,2,18
2024-01-11_cal_poly_uc_riverside,Cal Poly,10,"Richards, Sidney",False,26,2,3,0.667,0,0,,1,2,0.5,1,2,3,5,1,7,0,2,5
2024-01-11_cal_poly_uc_riverside,Cal Poly,33,"Olinger, Amanda",False,15,2,3,0.667,0,0,,1,2,0.5,1,3,4,2,0,1,1,0,5
2024-01-11_cal_poly_uc_riverside,Cal Poly,3,"Richardson, Diamond",False,7,0,0,,0,0,,0,0,,0,2,2,1,0,1,0,1,0
2024-01-11_cal_poly_uc_riverside,Cal Poly,12,"Billing, Jordan",False,2,0,1,0.0,0,0,,0,0,,1,0,1,1,0,0,0,0,0
2024-01-11_cal_poly_uc_riverside,Cal Poly,TM,TEAM,False,0,0,0,,0,0,,0,0,,5,1,6,0,0,1,0,0,0
2024-01-13_csu_bakersfield_uc_davis,UC Davis,15,"Turner, Evanne",True,35,8,19,0.421,4,10,0.4,2,2,1.0,1,4,5,2,2,3,0,3,22
2024-01-13_csu_bakersfield_uc_davis,UC Davis,14,"Sabel, Tova",True,32,5,12,0.417,1,6,0.167,2,2,1.0,0,6,6,3,1,1,1,2,13
2024-01-13_csu_bakersfield_uc_davis,UC Davis,25,"Norris, Megan",True,24,4,7,0.571,1,2,0.5,0,0,,2,6,8,2,2,1,0,1,9
2024-01-13_csu_bakersfield_uc_davis,UC Davis,13,"Burns, Sydney",True,28,2,5,0.4,0,2,0.0,3,4,0.75,1,5,6,1,3,4,0,1,7
2024-01-13_csu_bakersfield_uc_davis,UC Davis,33,"Harris, Mazatlan",True,23,0,0,,0,0,,0,0,,1,1,2,2,1,0,0,0,0
2024-01-13_csu_bakersfield_uc_davis,UC Davis,04,"Epps, Nya",False,21,2,4,0.5,0,1,0.0,0,0,,0,3,3,0,1,0,0,0,4
2024-01-13_csu_bakersfield_uc_davis,UC Davis,41,"Shine, Bria",False,11,1,3,0.333,1,2,0.5,0,0,,0,6,6,3,1,1,0,1,3
2024-01-13_csu_bakersfield_uc_davis,UC Davis,20,"Fitzgerald, Ally",False,4,1,2,0.5,0,1,0.0,0,0,,0,1,1,2,0,1,0,0,2
2024-01-13_csu_bakersfield_uc_davis,UC Davis,10,"Svanholm, Lena",False,2,1,2,0.5,0,0,,0,0,,0,0,0,0,0,0,0,0,2
2024-01-13_csu_bakersfield_uc_davis,UC Davis,03,"Gray, Campbell",False,10,0,1,0.0,0,0,,0,0,,0,0,0,1,0,0,0,0,0
2024-01-13_csu_bakersfield_uc_davis,UC Davis,11,"Glad, Clara",False,5,0,0,,0,0,,0,0,,0,0,0,1,0,0,0,0,0
2024-01-13_csu_bakersfield_uc_davis,UC Davis,23,"Baker, Victoria",False,5,0,2,0.0,0,1,0.0,0,0,,0,0,0,2,0,1,0,0,0
2024-01-13_csu_bakersfield_uc_davis,UC Davis,TM,TEAM,False,0,0,0,,0,0,,0,0,,1,3,4,0,0,0,0,0,0
2024-01-13_csu_bakersfield_uc_davis,CSU Bakersfield,00,"Brown, Shaunae",True,36,5,17,0.294,3,9,0.333,0,0,,0,1,1,1,2,3,0,1,13
2024-01-13_csu_bakersfield_uc_davis,CSU Bakersfield,23,"Olivares, Jordan",True,26,4,10,0.4,0,3,0.0,3,5,0.6,0,7,7,2,1,4,0,2,11
2024-01-13_csu_bakersfield_uc_davis,CSU Bakersfield,14,"Ortiz, Nseije",True,40,3,3,1.0,1,1,1.0,0,0,,0,1,1,2,2,3,0,2,7
2024-01-13_csu_bakersfield_uc_davis,CSU Bakersfield,32,"Freeman, Garrisen",True,35,1,2,0.5,0,1,0.0,2,3,0.667,2,7,9,2,1,0,0,0,4
2024-01-13_csu_bakersfield_uc_davis,CSU Bakersfield,12,"Johnson, Cassidy",True,17,0,4,0.0,0,0,,0,2,0.0,0,0,0,2,0,0,0,0,0
2024-01-13_csu_bakersfield_uc_davis,CSU Bakersfield,15,"Porter, Amourie",False,11,3,9,0.333,0,1,0.0,1,1,1.0,1,2,3,1,0,1,0,1,7
2024-01-13_csu_bakersfield_uc_davis,CSU Bakersfield,33,"Riley, Julia",False,23,2,9,0.222,0,5,0.0,0,0,,2,6,8,1,0,0,0,1,4
2024-01-13_csu_bakersfield_uc_davis,CSU Bakersfield,02,"Edwards, Morgan",False,7,0,0,,0,0,,0,0,,0,0,0,0,1,1,0,0,0
2024-01-13_csu_bakersfield_uc_davis,CSU Bakersfield,34,"Brooks, Jordan",False,5,0,2,0.0,0,0,,0,2,0.0,1,0,1,0,0,0,0,0,0
2024-01-13_csu_bakersfield_uc_davis,CSU Bakersfield,TM,TEAM,False,0,0,0,,0,0,,0,0,,1,3,4,0,0,0,0,0,0
2024-01-13_uc_riverside_hawaii,Hawaii,3,"Wahinekapu, Lily",True,31,4,6,0.667,0,1,0.0,2,7,0.286,4,1,5,1,2,1,0,1,10
2024-01-13_uc_riverside_hawaii,Hawaii,45,"Davies, Olivia",True,30,3,8,0.375,0,4,0.0,4,4,1.0,1,3,4,1,2,1,0,1,10
2024-01-13_uc_riverside_hawaii,Hawaii,14,"Rewers, Brooklyn",True,11,3,6,0.5,1,3,0.333,2,2,1.0,0,1,1,0,0,0,1,0,9
2024-01-13_uc_riverside_hawaii,Hawaii,12,"Perez, Imani",True,32,4,6,0.667,0,0,,0,0,,1,2,3,3,2,6,3,2,8
2024-01-13_uc_riverside_hawaii,Hawaii,23,"McBee, Meilani",True,27,1,6,0.167,1,6,0.167,2,2,1.0,1,5,6,3,0,2,0,1,5
2024-01-13_uc_riverside_hawaii,Hawaii,1,"Imai, Kelsie",False,23,2,4,0.5,2,2,1.0,2,2,1.0,0,3,3,2,0,5,0,1,8
2024-01-13_uc_riverside_hawaii,Hawaii,15,"Phillips, Daejah",False,24,1,5,0.2,0,2,0.0,4,4,1.0,2,2,4,3,3,4,1,2,6
2024-01-13_uc_riverside_hawaii,Hawaii,22,"Peacock, Jade",False,12,1,3,0.333,0,2,0.0,0,0,,0,0,0,0,0,0,2,0,2
2024-01-13_uc_riverside_hawaii,Hawaii,2,"Thoms, Ashley",False,10,0,1,0.0,0,1,0.0,0,0,,0,0,0,0,0,1,0,0,0
2024-01-13_uc_riverside_hawaii,Hawaii,TM,TEAM,False,0,0,0,,0,0,,0,0,,1,4,5,0,0,1,0,0,0
2024-01-13_uc_riverside_hawaii,UC Riverside,32,"Webster, Jordan",True,39,9,18,0.5,6,9,0.667,4,4,1.0,1,3,4,1,0,1,0,2,28
2024-01-13_uc_riverside_hawaii,UC Riverside,1,"Bryant, Matehya",True,32,4,8,0.5,0,1,0.0,4,4,1.0,6,4,10,5,6,2,1,4,12
2024-01-13_uc_riverside_hawaii,UC Riverside,00,"Jackson, Makayla",True,37,5,9,0.556,1,3,0.333,0,0,,0,3,3,2,2,0,0,2,11
2024-01-13_uc_riverside_hawaii,UC Riverside,10,"Stenberg, Julia",True,14,2,4,0.5,2,3,0.667,0,0,,0,1,1,1,0,1,0,0,6
2024-01-13_uc_riverside_hawaii,UC Riverside,3,"Tillery, Zoe",True,14,0,6,0.0,0,4,0.0,0,0,,0,1,1,0,0,1,0,1,0
2024-01-13_uc_riverside_hawaii,UC Riverside,2,"Walters, Ryanne",False,30,3,7,0.429,3,4,0.75,0,0,,0,4,4,1,3,3,0,0,9
2024-01-13_uc_riverside_hawaii,UC Riverside,15,"Sanderson, Jaden",False,22,0,1,0.0,0,1,0.0,0,0,,0,0,0,3,0,1,0,3,0
2024-01-13_uc_riverside_hawaii,UC Riverside,11,"Matarranz, Esther",False,12,0,2,0.0,0,0,,0,2,0.0,0,1,1,2,0,1,0,0,0
2024-01-13_uc_riverside_hawaii,UC Riverside,TM,TEAM,False,0,0,0,,0,0,,0,0,,5,1,6,0,0,4,0,0,0
2024-01-13_uc_san_diego_cal_poly,Cal Poly,15,"Bourland, Sydney",True,36,4,8,0.5,2,4,0.5,5,6,0.833,0,4,4,1,1,3,0,2,15
2024-01-13_uc_san_diego_cal_poly,Cal Poly,05,"McNicholas, Ania",True,32,1,6,0.167,0,1,0.0,6,6,1.0,0,4,4,3,1,1,0,2,8
2024-01-13_uc_san_diego_cal_poly,Cal Poly,02,"Shah, Annika",True,28,3,10,0.3,0,5,0.0,0,0,,0,2,2,4,1,0,0,0,6
2024-01-13_uc_san_diego_cal_poly,Cal Poly,35,"Ackerman, Natalia",True,22,2,5,0.4,0,0,,1,2,0.5,3,6,9,4,1,1,4,0,5
2024-01-13_uc_san_diego_cal_poly,Cal Poly,04,"Lichtie, Sierra",True,22,0,3,0.0,0,1,0.0,2,2,1.0,0,2,2,4,1,5,0,0,2
2024-01-13_uc_san_diego_cal_poly,Cal Poly,10,"Richards, Sidney",False,23,4,6,0.667,0,0,,1,4,0.25,0,2,2,4,3,0,0,2,9
2024-01-13_uc_san_diego_cal_poly,Cal Poly,24,"Carter, Mary",False,22,2,5,0.4,0,1,0.0,0,0,,0,2,2,0,1,1,2,0,4
2024-01-13_uc_san_diego_cal_poly,Cal Poly,33,"Olinger, Amanda",False,14,0,3,0.0,0,0,,0,0,,2,4,6,1,0,1,0,1,0
2024-01-13_uc_san_diego_cal_poly,Cal Poly,25,"Hoffman, Jordan",False,1,0,0,,0,0,,0,0,,0,0,0,1,0,0,0,0,0
2024-01-13_uc_san_diego_cal_poly,Cal Poly,TM,TEAM,False,0,0,0,,0,0,,0,0,,4,3,7,0,0,1,0,0,0
2024-01-13_uc_san_diego_cal_poly,UC San Diego,24,"Pinto, Denali",True,38,3,7,0.429,3,5,0.6,2,3,0.667,0,2,2,1,0,0,0,2,11
2024-01-13_uc_san_diego_cal_poly,UC San Diego,32,"Montgomery, Parker",True,35,2,9,0.222,1,4,0.25,2,2,1.0,1,2,3,2,0,0,0,0,7
2024-01-13_uc_san_diego_cal_poly,UC San Diego,20,"Forsyth, Izzy",True,32,2,9,0.222,0,5,0.0,2,2,1.0,1,5,6,2,2,2,3,0,6
2024-01-13_uc_san_diego_cal_poly,UC San Diego,03,"Sugapong, Sumayah",True,23,0,6,0.0,0,1,0.0,4,4,1.0,0,2,2,4,1,5,0,0,4
2024-01-13_uc_san_diego_cal_poly,UC San Diego,35,"Springs, Katie",True,14,1,2,0.5,0,0,,0,0,,1,2,3,5,0,1,1,1,2
2024-01-13_uc_san_diego_cal_poly,UC San Diego,23,"Blithikioti, Eri",False,8,1,2,0.5,0,0,,1,4,0.25,0,0,0,1,2,1,0,0,3
2024-01-13_uc_san_diego_cal_poly,UC San Diego,22,"Gallegos, Gracie",False,30,1,4,0.25,0,0,,0,4,0.0,1,5,6,2,1,3,2,1,2
2024-01-13_uc_san_diego_cal_poly,UC San Diego,33,"Svoboda, Emma",False,10,1,1,1.0,0,0,,0,0,,1,1,2,2,2,1,0,0,2
2024-01-13_uc_san_diego_cal_poly,UC San Diego,11,"Condron, Erin",False,8,1,3,0.333,0,0,,0,0,,0,0,0,0,0,0,1,0,2
2024-01-13_uc_san_diego_cal_poly,UC San Diego,05,"Louther, Gabby",False,2,0,0,,0,0,,0,0,,0,0,0,1,0,1,0,0,0
2024-01-13_uc_san_diego_cal_poly,UC San Diego,TM,TEAM,False,0,0,0,,0,0,,0,0,,0,2,2,0,0,0,0,0,0
2024-01-13_long_beach_st_uc_santa_barbara,UC Santa Barbara,3,"Marin, Alyssa",True,35,7,15,0.467,5,8,0.625,6,7,0.857,2,0,2,2,3,0,0,1,25
2024-01-13_long_beach_st_uc_santa_barbara,UC Santa Barbara,23,"Whitfield, Alexis",True,33,6,15,0.4,0,1,0.0,1,2,0.5,2,7,9,2,2,10,2,1,13
2024-01-13_long_beach_st_uc_santa_barbara,UC Santa Barbara,10,"Choice, Anya",True,38,4,10,0.4,3,4,0.75,0,0,,0,1,1,2,3,4,0,3,11
2024-01-13_long_beach_st_uc_santa_barbara,UC Santa Barbara,55,"Burke, Skylar",True,31,2,7,0.286,0,0,,1,2,0.5,5,4,9,3,6,1,0,1,5
2024-01-13_long_beach_st_uc_santa_barbara,UC Santa Barbara,13,"Goed, Flora",True,13,2,3,0.667,0,0,,0,0,,1,2,3,1,1,1,0,0,4
2024-01-13_long_beach_st_uc_santa_barbara,UC Santa Barbara,20,"Rockwood, Laurel",False,26,1,2,0.5,0,0,,2,2,1.0,2,4,6,1,0,0,0,1,4
2024-01-13_long_beach_st_uc_santa_barbara,UC Santa Barbara,15,"McMorris, Mary",False,10,0,2,0.0,0,0,,4,6,0.667,1,3,4,2,1,1,0,1,4
2024-01-13_long_beach_st_uc_santa_barbara,UC Santa Barbara,2,"Borter, Zoe",False,7,1,2,0.5,1,1,1.0,0,0,,1,0,1,0,1,0,0,0,3
2024-01-13_long_beach_st_uc_santa_barbara,UC Santa Barbara,32,"Grant, Jessica",False,7,0,4,0.0,0,3,0.0,0,0,,0,0,0,0,1,0,0,0,0
2024-01-13_long_beach_st_uc_santa_barbara,UC Santa Barbara,TM,TEAM,False,0,0,0,,0,0,,0,0,,4,0,4,0,0,0,0,0,0
2024-01-13_long_beach_st_uc_santa_barbara,Long Beach St.,10,"Valenti Paea, Casey",True,27,5,8,0.625,2,4,0.5,2,2,1.0,2,0,2,2,2,0,1,2,14
2024-01-13_long_beach_st_uc_santa_barbara,Long Beach St.,3,"Chung, Patricia",True,32,5,11,0.455,1,1,1.0,1,1,1.0,1,6,7,3,3,2,0,2,12
2024-01-13_long_beach_st_uc_santa_barbara,Long Beach St.,22,"Woodley, Sydney",True,28,3,8,0.375,2,5,0.4,1,2,0.5,2,3,5,2,1,3,0,0,9
2024-01-13_long_beach_st_uc_santa_barbara,Long Beach St.,2,"Tucker, Savannah",True,32,4,9,0.444,0,2,0.0,0,0,,2,2,4,5,1,1,0,3,8
2024-01-13_long_beach_st_uc_santa_barbara,Long Beach St.,52,"Matthews, Davai",True,18,0,0,,0,0,,0,0,,1,1,2,1,0,4,1,0,0
2024-01-13_long_beach_st_uc_santa_barbara,Long Beach St.,4,"Givens, Cheyenne",False,20,2,8,0.25,0,3,0.0,0,0,,0,1,1,2,4,3,1,0,4
2024-01-13_long_beach_st_uc_santa_barbara,Long Beach St.,1,"Sonnier, Lovely",False,21,0,4,0.0,0,4,0.0,3,4,0.75,1,2,3,1,1,3,3,0,3
2024-01-13_long_beach_st_uc_santa_barbara,Long Beach St.,12,"Crawshaw, Jada",False,19,1,4,0.25,1,3,0.333,0,0,,2,3,5,4,0,6,1,1,3
2024-01-13_long_beach_st_uc_santa_barbara,Long Beach St.,30,"Moore, Olivia",False,3,1,2,0.5,1,2,0.5,0,0,,0,0,0,0,0,0,0,0,3
2024-01-13_long_beach_st_uc_santa_barbara,Long Beach St.,TM,TEAM,False,0,0,0,,0,0,,0,0,,0,3,3,0,0,0,0,0,0
2024-01-13_cal_st_fullerton_csun,CSUN,24,"Spriggs, Kayanna",True,34,7,13,0.538,0,0,,3,5,0.6,4,6,10,2,2,7,0,1,17
2024-01-13_cal_st_fullerton_csun,CSUN,23,"Li-Uperesa , Talo",True,31,6,9,0.667,0,1,0.0,3,4,0.75,2,5,7,4,0,5,1,0,15
2024-01-13_cal_st_fullerton_csun,CSUN,04,"Harvey, Rachel",True,37,3,6,0.5,0,0,,4,6,0.667,2,4,6,5,2,4,0,2,10
2024-01-13_cal_st_fullerton_csun,CSUN,20,"Adams, Erica",True,36,2,7,0.286,1,1,1.0,2,2,1.0,1,1,2,1,3,4,0,1,7
2024-01-13_cal_st_fullerton_csun,CSUN,15,"Amundsen, Laney",True,35,2,7,0.286,0,3,0.0,0,0,,0,5,5,4,3,2,1,2,4
2024-01-13_cal_st_fullerton_csun,CSUN,01,"Ferguson, Amiyah",False,10,3,9,0.333,0,3,0.0,1,1,1.0,0,0,0,2,0,1,0,1,7
2024-01-13_cal_st_fullerton_csun,CSUN,21,"De Jesus , Ana Carolina",False,9,1,4,0.25,0,0,,0,0,,1,2,3,0,0,3,0,1,2
2024-01-13_cal_st_fullerton_csun,CSUN,22,"Elsholz, Kaitlyn",False,7,0,3,0.0,0,2,0.0,0,0,,1,0,1,1,0,0,0,1,0
2024-01-13_cal_st_fullerton_csun,CSUN,11,"Smith, Olivia",False,1,0,0,,0,0,,0,0,,0,0,0,0,0,0,0,0,0
2024-01-13_cal_st_fullerton_csun,CSUN,TM,TEAM,False,0,0,0,,0,0,,0,0,,1,4,5,0,0,0,0,0,0
2024-01-13_cal_st_fullerton_csun,Cal St. Fullerton,04,"Vidmar, Gabi",True,36,6,13,0.462,6,12,0.5,0,0,,1,6,7,0,3,2,1,1,18
2024-01-13_cal_st_fullerton_csun,Cal St. Fullerton,02,"Hassmann, Hope",True,27,3,10,0.3,2,4,0.5,5,6,0.833,3,2,5,0,3,3,0,1,13
2024-01-13_cal_st_fullerton_csun,Cal St. Fullerton,55,"Nimmo, Fujika",True,29,1,9,0.111,0,3,0.0,6,8,0.75,0,1,1,3,2,6,0,3,8
2024-01-13_cal_st_fullerton_csun,Cal St. Fullerton,24,"Neff, Kathryn",True,22,2,5,0.4,1,3,0.333,0,0,,0,1,1,2,1,2,0,0,5
2024-01-13_cal_st_fullerton_csun,Cal St. Fullerton,32,"Lewis, Ashlee",True,28,1,3,0.333,0,0,,1,2,0.5,1,6,7,4,0,2,1,0,3
2024-01-13_cal_st_fullerton_csun,Cal St. Fullerton,12,"Levingston, Eva",False,16,4,6,0.667,0,0,,2,2,1.0,3,3,6,1,0,2,0,1,10
2024-01-13_cal_st_fullerton_csun,Cal St. Fullerton,10,"Lagway, Demonnie",False,13,3,6,0.5,0,0,,0,0,,0,1,1,4,1,1,0,1,6
2024-01-13_cal_st_fullerton_csun,Cal St. Fullerton,13,"Hernandez, Aixchel",False,12,2,4,0.5,0,0,,0,0,,0,0,0,1,0,0,1,1,4
2024-01-13_cal_st_fullerton_csun,Cal St. Fullerton,21,"Tse, Allysan",False,7,0,1,0.0,0,0,,1,2,0.5,1,1,2,3,0,0,0,1,1
2024-01-13_cal_st_fullerton_csun,Cal St. Fullerton,11,"MacDonald, Ruby",False,5,0,0,,0,0,,0,0,,0,0,0,1,0,0,0,0,0
2024-01-13_cal_st_fullerton_csun,Cal St. Fullerton,23,"Strachan, Emily",False,5,0,0,,0,0,,0,0,,0,0,0,1,3,2,0,1,0
2024-01-13_cal_st_fullerton_csun,Cal St. Fullerton,TM,TEAM,False,0,0,0,,0,0,,0,0,,1,3,4,0,0,1,0,0,0
2024-01-18_uc_davis_cal_st_fullerton,Cal St. Fullerton,04,"Vidmar, Gabi",True,35,5,8,0.625,4,6,0.667,2,2,1.0,0,5,5,4,4,3,0,2,16
2024-01-18_uc_davis_cal_st_fullerton,Cal St. Fullerton,55,"Nimmo, Fujika",True,32,5,17,0.294,1,5,0.2,0,1,0.0,0,1,1,2,4,2,0,2,11
2024-01-18_uc_davis_cal_st_fullerton,Cal St. Fullerton,32,"Lewis, Ashlee",True,29,4,9,0.444,0,0,,2,2,1.0,2,4,6,2,0,0,1,0,10
2024-01-18_uc_davis_cal_st_fullerton,Cal St. Fullerton,02,"Hassmann, Hope",True,16,2,6,0.333,1,3,0.333,0,0,,1,3,4,1,3,1,0,1,5
2024-01-18_uc_davis_cal_st_fullerton,Cal St. Fullerton,24,"Neff, Kathryn",True,11,0,2,0.0,0,2,0.0,0,0,,0,3,3,0,0,0,0,0,0
2024-01-18_uc_davis_cal_st_fullerton,Cal St. Fullerton,10,"Lagway, Demonnie",False,13,3,5,0.6,1,1,1.0,0,1,0.0,0,1,1,0,1,2,0,0,7
2024-01-18_uc_davis_cal_st_fullerton,Cal St. Fullerton,12,"Levingston, Eva",False,25,2,6,0.333,0,0,,0,0,,2,4,6,2,0,0,0,2,4
2024-01-18_uc_davis_cal_st_fullerton,Cal St. Fullerton,33,"Minor, Brielle",False,10,1,2,0.5,0,1,0.0,0,0,,1,2,3,3,0,1,0,0,2
2024-01-18_uc_davis_cal_st_fullerton,Cal St. Fullerton,13,"Hernandez, Aixchel",False,11,0,3,0.0,0,0,,0,0,,0,1,1,0,2,2,1,0,0
2024-01-18_uc_davis_cal_st_fullerton,Cal St. Fullerton,23,"Strachan, Emily",False,9,0,0,,0,0,,0,0,,0,2,2,0,2,1,0,0,0
2024-01-18_uc_davis_cal_st_fullerton,Cal St. Fullerton,21,"Tse, Allysan",False,7,0,1,0.0,0,0,,0,0,,0,0,0,0,0,0,0,0,0
2024-01-18_uc_davis_cal_st_fullerton,Cal St. Fullerton,03,"Salazar-Harrell, Kaliana",False,2,0,0,,0,0,,0,0,,0,0,0,0,0,0,0,0,0
2024-01-18_uc_davis_cal_st_fullerton,Cal St. Fullerton,TM,TEAM,False,0,0,0,,0,0,,0,0,,2,1,3,0,0,0,0,0,0
2024-01-18_uc_davis_cal_st_fullerton,UC Davis,14,"Sabel, Tova",True,36,7,16,0.438,1,6,0.167,1,2,0.5,3,4,7,1,3,4,0,2,16
2024-01-18_uc_davis_cal_st_fullerton,UC Davis,13,"Burns, Sydney",True,35,5,10,0.5,1,3,0.333,3,4,0.75,0,4,4,1,3,2,0,0,14
2024-01-18_uc_davis_cal_st_fullerton,UC Davis,15,"Turner, Evanne",True,37,5,9,0.556,2,5,0.4,0,0,,0,3,3,2,4,0,0,2,12
2024-01-18_uc_davis_cal_st_fullerton,UC Davis,25,"Norris, Megan",True,36,4,7,0.571,0,0,,1,2,0.5,0,10,10,1,1,1,1,2,9
2024-01-18_uc_davis_cal_st_fullerton,UC Davis,33,"Harris, Mazatlan",True,24,0,2,0.0,0,2,0.0,1,2,0.5,0,3,3,1,3,1,0,2,1
2024-01-18_uc_davis_cal_st_fullerton,UC Davis,04,"Epps, Nya",False,15,2,5,0.4,0,1,0.0,2,2,1.0,1,4,5,4,0,0,0,0,6
2024-01-18_uc_davis_cal_st_fullerton,UC Davis,03,"Gray, Campbell",False,4,1,1,1.0,0,0,,0,0,,0,0,0,1,0,0,0,0,2
2024-01-18_uc_davis_cal_st_fullerton,UC Davis,23,"Baker, Victoria",False,7,0,2,0.0,0,1,0.0,0,0,,0,2,2,3,1,1,0,0,0
2024-01-18_uc_davis_cal_st_fullerton,UC Davis,20,"Fitzgerald, Ally",False,3,0,0,,0,0,,0,0,,0,0,0,0,0,0,1,0,0
2024-01-18_uc_davis_cal_st_fullerton,UC Davis,41,"Shine, Bria",False,3,0,1,0.0,0,0,,0,0,,0,1,1,0,0,1,0,0,0
2024-01-18_uc_davis_cal_st_fullerton,UC Davis,TM,TEAM,False,0,0,0,,0,0,,0,0,,0,0,0,0,0,0,0,0,0
2024-01-18_hawaii_long_beach_st,Long Beach St.,02,"Tucker, Savannah",True,39,5,18,0.278,1,6,0.167,5,5,1.0,0,4,4,1,0,1,1,2,16
2024-01-18_hawaii_long_beach_st,Long Beach St.,03,"Chung, Patricia",True,31,3,9,0.333,2,6,0.333,4,6,0.667,2,5,7,2,2,1,0,2,12
2024-01-18_hawaii_long_beach_st,Long Beach St.,10,"Valenti-Paea, Casey",True,14,4,8,0.5,0,1,0.0,1,2,0.5,0,1,1,5,0,3,0,2,9
2024-01-18_hawaii_long_beach_st,Long Beach St.,22,"Woodley, Sydney",True,38,3,5,0.6,1,1,1.0,0,0,,2,2,4,0,3,3,0,5,7
2024-01-18_hawaii_long_beach_st,Long Beach St.,52,"Matthews, Davai",True,17,0,2,0.0,0,0,,1,2,0.5,3,2,5,4,0,2,0,0,1
2024-01-18_hawaii_long_beach_st,Long Beach St.,04,"Givens, Cheyenne",False,30,2,10,0.2,0,5,0.0,2,6,0.333,1,3,4,2,1,4,0,2,6
2024-01-18_hawaii_long_beach_st,Long Beach St.,01,"Sonnier, Lovely",False,10,1,2,0.5,1,2,0.5,0,0,,1,0,1,2,0,0,1,2,3
2024-01-18_hawaii_long_beach_st,Long Beach St.,12,"Crawshaw , Jada",False,14,0,2,0.0,0,0,,1,2,0.5,2,2,4,2,1,4,2,0,1
2024-01-18_hawaii_long_beach_st,Long Beach St.,30,"Moore, Olivia",False,5,0,2,0.0,0,0,,0,0,,0,1,1,0,0,1,0,0,0
2024-01-18_hawaii_long_beach_st,Long Beach St.,00,"Cummings , Lauren",False,2,0,0,,0,0,,0,0,,0,0,0,0,0,0,0,0,0
2024-01-18_hawaii_long_beach_st,Long Beach St.,TM,TEAM,False,0,0,0,,0,0,,0,0,,5,2,7,0,0,2,0,0,0
2024-01-18_hawaii_long_beach_st,Hawaii,03,"Wahinekapu, Lily",True,28,6,13,0.462,1,2,0.5,6,8,0.75,4,2,6,1,1,2,0,1,19
2024-01-18_hawaii_long_beach_st,Hawaii,02,"Thoms, Ashley",True,35,7,12,0.583,4,8,0.5,0,0,,0,3,3,4,2,3,0,2,18
2024-01-18_hawaii_long_beach_st,Hawaii,23,"McBee, MeiLani",True,30,4,9,0.444,3,7,0.429,0,0,,1,6,7,2,0,1,0,0,11
2024-01-18_hawaii_long_beach_st,Hawaii,12,"Perez, Imani",True,30,3,7,0.429,0,1,0.0,1,1,1.0,1,5,6,3,1,2,4,3,7
2024-01-18_hawaii_long_beach_st,Hawaii,45,"Davies, Olivia",True,22,0,4,0.0,0,4,0.0,1,2,0.5,1,1,2,2,0,3,0,3,1
2024-01-18_hawaii_long_beach_st,Hawaii,01,"Imai, Kelsie",False,23,1,3,0.333,0,1,0.0,3,4,0.75,1,4,5,3,7,3,2,2,5
2024-01-18_hawaii_long_beach_st,Hawaii,34,"David, Jacque",False,6,2,3,0.667,0,0,,0,2,0.0,2,1,3,1,0,1,0,0,4
2024-01-18_hawaii_long_beach_st,Hawaii,15,"Phillips, Daejah",False,17,1,2,0.5,1,1,1.0,0,0,,0,2,2,3,1,1,0,1,3
2024-01-18_hawaii_long_beach_st,Hawaii,22,"Peacock, Jade",False,5,0,0,,0,0,,0,0,,0,0,0,1,0,4,0,0,0
2024-01-18_hawaii_long_beach_st,Hawaii,11,"Berrett, Vivienne",False,4,0,2,0.0,0,0,,0,0,,0,2,2,0,0,3,0,0,0
2024-01-18_hawaii_long_beach_st,Hawaii,TM,TEAM,False,0,0,0,,0,0,,0,0,,2,3,5,0,0,0,0,0,0
2024-01-18_uc_san_diego_uc_irvine,UC Irvine,23,"Konate, Diaba",True,32,3,10,0.3,0,1,0.0,3,4,0.75,1,1,2,3,5,0,0,4,9
2024-01-18_uc_san_diego_uc_irvine,UC Irvine,13,"Lee, Deja",True,26,4,9,0.444,1,3,0.333,0,0,,1,3,4,5,1,4,0,6,9
2024-01-18_uc_san_diego_uc_irvine,UC Irvine,03,"Tom, Nikki",True,34,2,6,0.333,0,2,0.0,2,2,1.0,2,2,4,2,1,3,0,5,6
2024-01-18_uc_san_diego_uc_irvine,UC Irvine,11,"Scharpf, Amelia",True,33,3,6,0.5,0,3,0.0,0,0,,0,2,2,0,0,1,1,1,6
2024-01-18_uc_san_diego_uc_irvine,UC Irvine,24,"Dean, Nevaeh",True,12,2,5,0.4,1,1,1.0,1,4,0.25,2,1,3,3,0,0,0,0,6
2024-01-18_uc_san_diego_uc_irvine,UC Irvine,01,"Johnson Sidi Baba, Moulayna",False,23,4,12,0.333,0,1,0.0,6,7,0.857,2,4,6,0,0,4,1,4,14
2024-01-18_uc_san_diego_uc_irvine,UC Irvine,12,"Nahum, Shirel",False,21,2,3,0.667,0,0,,0,0,,1,0,1,2,0,0,0,0,4
2024-01-18_uc_san_diego_uc_irvine,UC Irvine,32,"Parkinson, Nevaeh",False,12,0,3,0.0,0,0,,3,4,0.75,1,1,2,1,0,2,0,0,3
2024-01-18_uc_san_diego_uc_irvine,UC Irvine,22,"Djoko, Clara",False,3,0,0,,0,0,,0,0,,0,0,0,1,0,1,0,0,0
2024-01-18_uc_san_diego_uc_irvine,UC Irvine,33,"Kaupu, Caiyle",False,3,0,2,0.0,0,1,0.0,0,0,,0,0,0,1,0,0,0,1,0
2024-01-18_uc_san_diego_uc_irvine,UC Irvine,05,"Ross, Tarryn",False,1,0,1,0.0,0,1,0.0,0,0,,0,0,0,1,0,0,0,0,0
2024-01-18_uc_san_diego_uc_irvine,UC Irvine,TM,TEAM,False,0,0,0,,0,0,,0,0,,2,2,4,0,0,2,0,0,0
2024-01-18_uc_san_diego_uc_irvine,UC San Diego,03,"Sugapong, Sumayah",True,36,7,18,0.389,3,9,0.333,2,4,0.5,0,0,0,2,3,8,0,2,19
2024-01-18_uc_san_diego_uc_irvine,UC San Diego,24,"Pinto, Denali",True,29,2,7,0.286,1,3,0.333,5,7,0.714,0,7,7,5,1,7,1,2,10
2024-01-18_uc_san_diego_uc_irvine,UC San Diego,22,"Gallegos, Gracie",True,36,2,3,0.667,1,1,1.0,0,0,,0,4,4,1,1,2,0,1,5
2024-01-18_uc_san_diego_uc_irvine,UC San Diego,32,"Montgomery, Parker",True,40,2,6,0.333,0,0,,0,0,,0,7,7,3,1,6,0,1,4
2024-01-18_uc_san_diego_uc_irvine,UC San Diego,20,"Forsyth, Izzy",True,25,1,3,0.333,0,0,,0,0,,3,5,8,1,0,4,0,0,2
2024-01-18_uc_san_diego_uc_irvine,UC San Diego,33,"Svoboda, Emma",False,16,2,2,1.0,1,1,1.0,0,0,,2,1,3,2,1,1,0,1,5
2024-01-18_uc_san_diego_uc_irvine,UC San Diego,11,"Condron, Erin",False,8,1,1,1.0,0,0,,0,0,,1,2,3,2,0,2,0,0,2
2024-01-18_uc_san_diego_uc_irvine,UC San Diego,23,"Blithikioti, Eri",False,4,1,1,1.0,0,0,,0,0,,0,0,0,0,0,0,0,0,2
2024-01-18_uc_san_diego_uc_irvine,UC San Diego,35,"Springs, Katie",False,6,0,2,0.0,0,0,,0,0,,1,2,3,4,0,1,1,1,0
2024-01-18_uc_san_diego_uc_irvine,UC San Diego,TM,TEAM,False,0,0,0,,0,0,,0,0,,1,1,2,0,0,0,0,0,0
2024-01-18_uc_santa_barbara_csun,CSUN,01,"Ferguson, Amiyah",True,32,4,13,0.308,3,8,0.375,3,4,0.75,0,4,4,1,2,3,0,2,14
2024-01-18_uc_santa_barbara_csun,CSUN,23,"Li-Uperesa , Talo",True,29,2,8,0.25,0,2,0.0,1,2,0.5,2,1,3,1,0,1,1,0,5
2024-01-18_uc_santa_barbara_csun,CSUN,24,"Spriggs, Kayanna",True,25,2,8,0.25,0,0,,1,4,0.25,3,4,7,2,0,2,2,1,5
2024-01-18_uc_santa_barbara_csun,CSUN,20,"Adams, Erica",True,33,2,10,0.2,0,2,0.0,0,0,,1,4,5,1,0,5,0,2,4
2024-01-18_uc_santa_barbara_csun,CSUN,04,"Harvey, Rachel",True,15,1,5,0.2,0,0,,0,0,,0,3,3,4,2,1,0,1,2
2024-01-18_uc_santa_barbara_csun,CSUN,15,"Amundsen, Laney",False,26,3,8,0.375,2,5,0.4,1,2,0.5,2,4,6,1,0,2,0,0,9
2024-01-18_uc_santa_barbara_csun,CSUN,21,"De Jesus , Ana Carolina",False,15,1,4,0.25,0,0,,0,0,,0,2,2,1,1,1,0,0,2
2024-01-18_uc_santa_barbara_csun,CSUN,22,"Elsholz, Kaitlyn",False,16,0,2,0.0,0,2,0.0,0,0,,0,1,1,2,0,1,1,0,0
2024-01-18_uc_santa_barbara_csun,CSUN,11,"Smith, Olivia",False,5,0,1,0.0,0,0,,0,0,,0,1,1,0,0,0,0,0,0
2024-01-18_uc_santa_barbara_csun,CSUN,10,"Lizama, Alondra",False,4,0,1,0.0,0,1,0.0,0,0,,0,0,0,0,0,0,0,0,0
2024-01-18_uc_santa_barbara_csun,CSUN,TM,TEAM,False,0,0,0,,0,0,,0,0,,2,4,6,0,0,0,0,0,0
2024-01-18_uc_santa_barbara_csun,UC Santa Barbara,23,"Whitfield, Alexis",True,25,5,12,0.417,2,3,0.667,2,2,1.0,3,8,11,1,2,3,1,0,14
2024-01-18_uc_santa_barbara_csun,UC Santa Barbara,03,"Marin, Alyssa",True,26,4,11,0.364,3,4,0.75,2,2,1.0,2,2,4,1,2,2,0,1,13
2024-01-18_uc_santa_barbara_csun,UC Santa Barbara,55,"Burke, Skylar",True,22,5,8,0.625,1,1,1.0,2,2,1.0,4,9,13,2,0,1,1,3,13
2024-01-18_uc_santa_barbara_csun,UC Santa Barbara,10,"Choice, Anya",True,30,3,10,0.3,1,3,0.333,2,3,0.667,1,2,3,0,6,2,0,0,9
2024-01-18_uc_santa_barbara_csun,UC Santa Barbara,20,"Rockwood, Laurel",True,19,0,1,0.0,0,1,0.0,0,0,,2,2,4,3,0,1,0,0,0
2024-01-18_uc_santa_barbara_csun,UC Santa Barbara,32,"Grant, Jessica",False,24,4,8,0.5,3,7,0.429,3,3,1.0,0,4,4,0,4,0,0,3,14
2024-01-18_uc_santa_barbara_csun,UC Santa Barbara,04,"Hutchens, Kathleen",False,5,1,2,0.5,1,2,0.5,0,0,,0,1,1,0,0,2,0,0,3
2024-01-18_uc_santa_barbara_csun,UC Santa Barbara,02,"Borter, Zoe",False,23,1,8,0.125,0,4,0.0,0,0,,0,3,3,1,0,1,0,0,2
2024-01-18_uc_santa_barbara_csun,UC Santa Barbara,15,"McMorris, Mary",False,17,1,6,0.167,0,1,0.0,0,0,,1,3,4,4,2,1,1,1,2
2024-01-18_uc_santa_barbara_csun,UC Santa Barbara,14,"Coon, Kanani",False,5,0,1,0.0,0,0,,0,0,,0,0,0,1,0,0,0,0,0
2024-01-18_uc_santa_barbara_csun,UC Santa Barbara,25,"Cabuena, Analillia",False,4,0,1,0.0,0,1,0.0,0,0,,0,0,0,0,0,0,0,0,0
2024-01-18_uc_santa_barbara_csun,UC Santa Barbara,TM,TEAM,False,0,0,0,,0,0,,0,0,,3,2,5,0,0,1,0,0,0
2024-01-18_uc_riverside_csu_bakersfield,CSU Bakersfield,23,"Olivares, Jordan",True,28,7,20,0.35,4,9,0.444,5,5,1.0,1,3,4,3,1,3,0,0,23
2024-01-18_uc_riverside_csu_bakersfield,CSU Bakersfield,00,"Brown, Shaunae",True,37,4,14,0.286,2,9,0.222,0,0,,0,2,2,1,2,3,0,1,10
2024-01-18_uc_riverside_csu_bakersfield,CSU Bakersfield,33,"Riley, Julia",True,24,3,9,0.333,1,6,0.167,0,0,,0,4,4,1,1,2,1,1,7
2024-01-18_uc_riverside_csu_bakersfield,CSU Bakersfield,14,"Ortiz, Nseije",True,34,1,2,0.5,0,1,0.0,2,3,0.667,2,2,4,3,4,4,0,0,4
2024-01-18_uc_riverside_csu_bakersfield,CSU Bakersfield,32,"Freeman, Garrisen",True,22,1,4,0.25,0,0,,0,0,,2,3,5,4,1,3,0,0,2
2024-01-18_uc_riverside_csu_bakersfield,CSU Bakersfield,4,"Hunter, Grace",False,14,3,4,0.75,0,1,0.0,0,0,,0,0,0,4,1,2,0,2,6
2024-01-18_uc_riverside_csu_bakersfield,CSU Bakersfield,15,"Porter, Amourie",False,13,2,4,0.5,0,0,,2,3,0.667,2,5,7,3,0,0,0,0,6
2024-01-18_uc_riverside_csu_bakersfield,CSU Bakersfield,12,"Johnson, Cassidy",False,11,1,2,0.5,0,0,,0,0,,1,3,4,1,1,0,0,0,2
2024-01-18_uc_riverside_csu_bakersfield,CSU Bakersfield,2,"Edwards, Morgan",False,5,1,1,1.0,0,0,,0,0,,0,0,0,1,1,1,0,0,2
2024-01-18_uc_riverside_csu_bakersfield,CSU Bakersfield,34,"Brooks, Jordan",False,12,0,1,0.0,0,0,,0,0,,0,1,1,1,0,0,2,0,0
2024-01-18_uc_riverside_csu_bakersfield,CSU Bakersfield,TM,TEAM,False,0,0,0,,0,0,,0,0,,4,6,10,0,0,1,0,0,0
2024-01-18_uc_riverside_csu_bakersfield,UC Riverside,32,"Webster, Jordan",True,36,8,15,0.533,2,5,0.4,13,15,0.867,1,9,10,0,2,3,1,4,31
2024-01-18_uc_riverside_csu_bakersfield,UC Riverside,00,"Jackson, Makayla",True,37,5,12,0.417,2,6,0.333,2,4,0.5,1,3,4,1,0,1,0,2,14
2024-01-18_uc_riverside_csu_bakersfield,UC Riverside,1,"Bryant, Matehya",True,22,2,6,0.333,0,0,,1,4,0.25,3,2,5,4,2,2,1,1,5
2024-01-18_uc_riverside_csu_bakersfield,UC Riverside,3,"Tillery, Zoe",True,14,1,5,0.2,1,5,0.2,0,2,0.0,0,2,2,0,1,1,1,0,3
2024-01-18_uc_riverside_csu_bakersfield,UC Riverside,10,"Stenberg, Julia",True,12,0,3,0.0,0,2,0.0,0,0,,0,1,1,1,0,2,0,0,0
2024-01-18_uc_riverside_csu_bakersfield,UC Riverside,2,"Walters, Ryanne",False,26,2,8,0.25,2,5,0.4,1,2,0.5,1,2,3,3,1,2,0,2,7
2024-01-18_uc_riverside_csu_bakersfield,UC Riverside,15,"Sanderson, Jaden",False,27,0,2,0.0,0,1,0.0,4,6,0.667,2,2,4,5,1,0,0,2,4
2024-01-18_uc_riverside_csu_bakersfield,UC Riverside,11,"Matarranz, Esther",False,18,0,3,0.0,0,0,,0,0,,0,0,0,2,1,1,1,1,0
2024-01-18_uc_riverside_csu_bakersfield,UC Riverside,4,"Marshall, Jordyn",False,8,0,0,,0,0,,0,0,,0,1,1,2,1,1,0,1,0
2024-01-18_uc_riverside_csu_bakersfield,UC Riverside,TM,TEAM,False,0,0,0,,0,0,,0,0,,4,5,9,0,0,2,0,0,0
2024-01-20_uc_irvine_uc_davis,UC Davis,15,"Turner, Evanne",True,37,4,10,0.4,2,5,0.4,3,4,0.75,1,1,2,0,1,4,0,1,13
2024-01-20_uc_irvine_uc_davis,UC Davis,14,"Sabel, Tova",True,29,5,8,0.625,3,4,0.75,0,0,,0,0,0,0,2,1,0,1,13
2024-01-20_uc_irvine_uc_davis,UC Davis,33,"Harris, Mazatlan",True,27,4,6,0.667,1,1,1.0,1,2,0.5,8,3,11,4,0,2,0,1,10
2024-01-20_uc_irvine_uc_davis,UC Davis,25,"Norris, Megan",True,30,2,9,0.222,1,5,0.2,3,5,0.6,1,6,7,1,3,0,1,0,8
2024-01-20_uc_irvine_uc_davis,UC Davis,13,"Burns, Sydney",True,12,1,5,0.2,0,1,0.0,0,0,,0,1,1,1,2,2,0,0,2
2024-01-20_uc_irvine_uc_davis,UC Davis,41,"Shine, Bria",False,12,2,2,1.0,0,0,,1,2,0.5,0,1,1,1,0,0,0,0,5
2024-01-20_uc_irvine_uc_davis,UC Davis,23,"Baker, Victoria",False,17,1,4,0.25,0,2,0.0,2,2,1.0,0,0,0,5,2,2,0,2,4
2024-01-20_uc_irvine_uc_davis,UC Davis,4,"Epps, Nya",False,12,2,2,1.0,0,0,,0,1,0.0,0,0,0,1,0,1,0,0,4
2024-01-20_uc_irvine_uc_davis,UC Davis,11,"Glad, Clara",False,2,1,1,1.0,0,0,,0,0,,0,0,0,0,0,0,0,0,2
2024-01-20_uc_irvine_uc_davis,UC Davis,3,"Gray, Campbell",False,15,0,1,0.0,0,0,,0,0,,2,0,2,1,2,0,0,1,0
2024-01-20_uc_irvine_uc_davis,UC Davis,10,"Svanholm, Lena",False,4,0,2,0.0,0,1,0.0,0,0,,0,1,1,1,0,0,0,0,0
2024-01-20_uc_irvine_uc_davis,UC Davis,20,"Fitzgerald, Ally",False,3,0,0,,0,0,,0,0,,0,0,0,0,0,1,0,0,0
2024-01-20_uc_irvine_uc_davis,UC Davis,TM,TEAM,False,0,0,0,,0,0,,0,0,,1,0,1,0,0,2,0,0,0
2024-01-20_uc_irvine_uc_davis,UC Irvine,23,"Konate, Diaba",True,34,6,9,0.667,0,1,0.0,3,4,0.75,2,2,4,1,7,2,0,3,15
2024-01-20_uc_irvine_uc_davis,UC Irvine,11,"Scharpf, Amelia",True,27,6,6,1.0,3,3,1.0,0,0,,1,1,2,1,0,1,1,0,15
2024-01-20_uc_irvine_uc_davis,UC Irvine,13,"Lee, Déja",True,34,4,7,0.571,3,4,0.75,1,1,1.0,0,1,1,4,3,3,0,0,12
2024-01-20_uc_irvine_uc_davis,UC Irvine,24,"Dean, Nevaeh",True,16,2,2,1.0,0,0,,0,0,,1,1,2,2,2,0,1,0,4
2024-01-20_uc_irvine_uc_davis,UC Irvine,3,"Tom, Nikki",True,24,1,8,0.125,1,5,0.2,0,0,,1,1,2,3,3,1,0,2,3
2024-01-20_uc_irvine_uc_davis,UC Irvine,32,"Parkinson, Nevaeh",False,19,6,11,0.545,0,0,,2,4,0.5,5,3,8,4,0,1,1,1,14
2024-01-20_uc_irvine_uc_davis,UC Irvine,1,"Johnson Sidi Baba, Moulayna",False,21,2,5,0.4,1,1,1.0,4,5,0.8,0,5,5,0,0,1,0,0,9
2024-01-20_uc_irvine_uc_davis,UC Irvine,12,"Nahum, Shirel",False,14,2,4,0.5,1,1,1.0,0,0,,0,3,3,2,2,1,0,1,5
2024-01-20_uc_irvine_uc_davis,UC Irvine,22,"Djoko, Clara",False,4,1,1,1.0,0,0,,0,0,,1,0,1,1,0,0,0,0,2
2024-01-20_uc_irvine_uc_davis,UC Irvine,5,"Ross, Tarryn",False,3,0,1,0.0,0,0,,0,0,,0,0,0,0,0,0,0,0,0
2024-01-20_uc_irvine_uc_davis,UC Irvine,33,"Kaupu, Caiyle",False,3,0,0,,0,0,,0,0,,0,1,1,1,1,0,0,0,0
2024-01-20_uc_irvine_uc_davis,UC Irvine,2,"Hernandez, Haley",False,1,0,0,,0,0,,0,0,,0,0,0,0,0,0,0,0,0
2024-01-20_uc_irvine_uc_davis,UC Irvine,TM,TEAM,False,0,0,0,,0,0,,0,0,,1,1,2,0,0,2,0,0,0
2024-01-20_hawaii_uc_san_diego,UC San Diego,03,"Sugapong, Sumayah",True,36,4,15,0.267,1,5,0.2,6,8,0.75,0,2,2,1,2,5,0,0,15
2024-01-20_hawaii_uc_san_diego,UC San Diego,24,"Pinto, Denali",True,35,3,7,0.429,1,4,0.25,2,2,1.0,1,4,5,2,1,4,0,0,9
2024-01-20_hawaii_uc_san_diego,UC San Diego,32,"Montgomery, Parker",True,34,2,8,0.25,0,2,0.0,1,2,0.5,0,5,5,1,3,0,0,1,5
2024-01-20_hawaii_uc_san_diego,UC San Diego,35,"Springs, Katie",True,13,1,1,1.0,0,0,,1,4,0.25,2,4,6,1,1,0,0,0,3
2024-01-20_hawaii_uc_san_diego,UC San Diego,20,"Forsyth, Izzy",True,12,1,2,0.5,0,1,0.0,1,1,1.0,0,1,1,1,0,1,0,0,3
2024-01-20_hawaii_uc_san_diego,UC San Diego,30,"Sule, Damilola",False,20,6,7,0.857,0,0,,3,3,1.0,3,4,7,2,0,0,0,1,15
2024-01-20_hawaii_uc_san_diego,UC San Diego,22,"Gallegos, Gracie",False,31,1,2,0.5,0,0,,0,0,,0,5,5,3,1,0,0,0,2
2024-01-20_hawaii_uc_san_diego,UC San Diego,23,"Blithikioti, Eri",False,7,0,0,,0,0,,0,0,,0,1,1,0,0,2,0,0,0
2024-01-20_hawaii_uc_san_diego,UC San Diego,05,"Louther, Gabby",False,5,0,1,0.0,0,1,0.0,0,0,,0,0,0,2,0,0,0,0,0
2024-01-20_hawaii_uc_san_diego,UC San Diego,11,"Condron, Erin",False,4,0,1,0.0,0,0,,0,0,,0,0,0,1,0,0,0,0,0
2024-01-20_hawaii_uc_san_diego,UC San Diego,33,"Svoboda, Emma",False,3,0,0,,0,0,,0,0,,1,1,2,2,0,1,0,0,0
2024-01-20_hawaii_uc_san_diego,UC San Diego,TM,TEAM,False,0,0,0,,0,0,,0,0,,0,0,0,0,0,2,0,0,0
2024-01-20_hawaii_uc_san_diego,Hawaii,03,"Wahinekapu, Lily",True,29,5,15,0.333,1,6,0.167,5,6,0.833,2,3,5,3,3,0,0,0,16
2024-01-20_hawaii_uc_san_diego,Hawaii,12,"Perez, Imani",True,23,3,3,1.0,0,0,,2,4,0.5,2,1,3,2,0,1,1,2,8
2024-01-20_hawaii_uc_san_diego,Hawaii,45,"Davies, Olivia",True,19,3,6,0.5,2,5,0.4,0,0,,0,1,1,2,1,0,0,0,8
2024-01-20_hawaii_uc_san_diego,Hawaii,02,"Thoms, Ashley",True,23,1,2,0.5,1,2,0.5,1,2,0.5,0,0,0,3,1,0,0,2,4
2024-01-20_hawaii_uc_san_diego,Hawaii,23,"McBee, MeiLani",True,24,0,2,0.0,0,2,0.0,0,0,,0,4,4,1,1,1,1,1,0
2024-01-20_hawaii_uc_san_diego,Hawaii,15,"Phillips, Daejah",False,27,4,8,0.5,2,3,0.667,5,7,0.714,1,2,3,3,2,2,0,2,15
2024-01-20_hawaii_uc_san_diego,Hawaii,01,"Imai, Kelsie",False,23,2,5,0.4,1,3,0.333,0,0,,2,2,4,3,2,2,0,0,5
2024-01-20_hawaii_uc_san_diego,Hawaii,22,"Peacock, Jade",False,14,1,6,0.167,1,5,0.2,2,2,1.0,0,2,2,1,0,0,0,0,5
2024-01-20_hawaii_uc_san_diego,Hawaii,34,"David, Jacque",False,14,1,2,0.5,0,1,0.0,1,2,0.5,0,1,1,1,1,0,0,0,3
2024-01-20_hawaii_uc_san_diego,Hawaii,11,"Berrett, Vivienne",False,4,0,2,0.0,0,0,,0,0,,1,0,1,0,0,1,0,0,0
2024-01-20_hawaii_uc_san_diego,Hawaii,TM,TEAM,False,0,0,0,,0,0,,0,0,,1,4,5,0,0,1,0,0,0
2024-01-20_cal_st_fullerton_uc_santa_barbara,UC Santa Barbara,03,"Marin, Alyssa",True,31,5,11,0.455,4,8,0.5,8,9,0.889,0,0,0,4,2,4,0,1,22
2024-01-20_cal_st_fullerton_uc_santa_barbara,UC Santa Barbara,23,"Whitfield, Alexis",True,32,7,16,0.438,1,4,0.25,3,3,1.0,1,4,5,4,2,3,0,1,18
2024-01-20_cal_st_fullerton_uc_santa_barbara,UC Santa Barbara,55,"Burke, Skylar",True,36,2,7,0.286,1,3,0.333,4,4,1.0,7,6,13,3,3,3,0,0,9
2024-01-20_cal_st_fullerton_uc_santa_barbara,UC Santa Barbara,10,"Choice, Anya",True,37,2,9,0.222,0,1,0.0,0,0,,0,2,2,3,2,2,0,1,4
2024-01-20_cal_st_fullerton_uc_santa_barbara,UC Santa Barbara,20,"Rockwood, Laurel",True,23,1,4,0.25,0,0,,0,0,,4,2,6,0,0,1,0,0,2
2024-01-20_cal_st_fullerton_uc_santa_barbara,UC Santa Barbara,02,"Borter, Zoe",False,23,2,3,0.667,1,2,0.5,0,1,0.0,0,1,1,1,0,2,0,1,5
2024-01-20_cal_st_fullerton_uc_santa_barbara,UC Santa Barbara,15,"McMorris, Mary",False,9,1,1,1.0,1,1,1.0,2,2,1.0,0,0,0,1,0,0,0,0,5
2024-01-20_cal_st_fullerton_uc_santa_barbara,UC Santa Barbara,32,"Grant, Jessica",False,9,1,1,1.0,0,0,,0,0,,0,1,1,3,0,0,0,1,2
2024-01-20_cal_st_fullerton_uc_santa_barbara,UC Santa Barbara,TM,TEAM,False,0,0,0,,0,0,,0,0,,1,3,4,0,0,0,0,0,0
2024-01-20_cal_st_fullerton_uc_santa_barbara,Cal St. Fullerton,32,"Lewis, Ashlee",True,27,9,10,0.9,0,0,,0,0,,1,9,10,1,0,1,2,0,18
2024-01-20_cal_st_fullerton_uc_santa_barbara,Cal St. Fullerton,02,"Hassmann, Hope",True,33,5,11,0.455,0,3,0.0,5,5,1.0,0,2,2,2,2,2,0,1,15
2024-01-20_cal_st_fullerton_uc_santa_barbara,Cal St. Fullerton,55,"Nimmo, Fujika",True,30,4,6,0.667,0,0,,6,6,1.0,0,3,3,0,6,2,0,1,14
2024-01-20_cal_st_fullerton_uc_santa_barbara,Cal St. Fullerton,24,"Neff, Kathryn",True,23,2,5,0.4,1,4,0.25,0,0,,0,0,0,2,0,0,0,0,5
2024-01-20_cal_st_fullerton_uc_santa_barbara,Cal St. Fullerton,04,"Vidmar, Gabi",True,30,1,4,0.25,0,1,0.0,2,2,1.0,1,2,3,2,1,0,0,2,4
2024-01-20_cal_st_fullerton_uc_santa_barbara,Cal St. Fullerton,12,"Levingston, Eva",False,17,2,4,0.5,1,1,1.0,2,2,1.0,1,0,1,1,1,0,0,1,7
2024-01-20_cal_st_fullerton_uc_santa_barbara,Cal St. Fullerton,10,"Lagway, Demonnie",False,13,3,9,0.333,0,2,0.0,1,2,0.5,0,1,1,2,0,0,0,0,7
2024-01-20_cal_st_fullerton_uc_santa_barbara,Cal St. Fullerton,13,"Hernandez, Aixchel",False,12,2,4,0.5,0,0,,2,2,1.0,4,0,4,2,2,0,0,0,6
2024-01-20_cal_st_fullerton_uc_santa_barbara,Cal St. Fullerton,21,"Tse, Allysan",False,8,1,1,1.0,0,0,,0,0,,0,1,1,1,0,0,0,0,2
2024-01-20_cal_st_fullerton_uc_santa_barbara,Cal St. Fullerton,23,"Strachan, Emily",False,4,1,2,0.5,0,1,0.0,0,0,,0,0,0,0,0,0,0,0,2
2024-01-20_cal_st_fullerton_uc_santa_barbara,Cal St. Fullerton,33,"Minor, Brielle",False,3,0,0,,0,0,,0,0,,0,0,0,2,0,0,0,0,0
2024-01-20_cal_st_fullerton_uc_santa_barbara,Cal St. Fullerton,TM,TEAM,False,0,0,0,,0,0,,0,0,,0,2,2,0,0,0,0,0,0
2024-01-20_cal_poly_csu_bakersfield,CSU Bakersfield,15,"Porter, Amourie",True,27,8,9,0.889,2,2,1.0,6,6,1.0,3,2,5,1,3,1,0,1,24
2024-01-20_cal_poly_csu_bakersfield,CSU Bakersfield,32,"Freeman, Garrisen",True,37,4,6,0.667,1,2,0.5,0,0,,1,2,3,3,1,2,0,0,9
2024-01-20_cal_poly_csu_bakersfield,CSU Bakersfield,33,"Riley, Julia",True,26,3,7,0.429,2,5,0.4,1,2,0.5,1,5,6,2,0,1,0,2,9
2024-01-20_cal_poly_csu_bakersfield,CSU Bakersfield,14,"Ortiz, Nseije",True,36,3,9,0.333,2,5,0.4,0,0,,0,2,2,2,5,4,0,5,8
2024-01-20_cal_poly_csu_bakersfield,CSU Bakersfield,00,"Brown, Shaunae",True,33,3,9,0.333,1,5,0.2,1,1,1.0,0,0,0,2,2,4,0,4,8
2024-01-20_cal_poly_csu_bakersfield,CSU Bakersfield,2,"Edwards, Morgan",False,20,1,4,0.25,0,0,,3,6,0.5,0,0,0,4,0,3,1,1,5
2024-01-20_cal_poly_csu_bakersfield,CSU Bakersfield,4,"Hunter, Grace",False,11,1,4,0.25,1,1,1.0,1,4,0.25,0,1,1,5,0,4,0,0,4
2024-01-20_cal_poly_csu_bakersfield,CSU Bakersfield,12,"Johnson, Cassidy",False,6,0,2,0.0,0,0,,0,0,,0,1,1,0,1,2,1,0,0
2024-01-20_cal_poly_csu_bakersfield,CSU Bakersfield,34,"Brooks, Jordan",False,4,0,0,,0,0,,0,0,,0,0,0,2,0,0,0,0,0
2024-01-20_cal_poly_csu_bakersfield,CSU Bakersfield,TM,TEAM,False,0,0,0,,0,0,,0,0,,1,5,6,0,0,0,0,0,0
2024-01-20_cal_poly_csu_bakersfield,Cal Poly,35,"Ackerman, Natalia",True,26,11,13,0.846,0,0,,7,8,0.875,5,8,13,5,1,4,1,1,29
2024-01-20_cal_poly_csu_bakersfield,Cal Poly,2,"Shah, Annika",True,36,5,12,0.417,2,6,0.333,2,2,1.0,0,1,1,0,3,2,0,2,14
2024-01-20_cal_poly_csu_bakersfield,Cal Poly,5,"McNicholas, Ania",True,32,3,6,0.5,1,3,0.333,3,4,0.75,1,4,5,3,3,4,0,2,10
2024-01-20_cal_poly_csu_bakersfield,Cal Poly,15,"Bourland, Sydney",True,33,3,8,0.375,0,0,,2,2,1.0,0,2,2,2,6,4,0,3,8
2024-01-20_cal_poly_csu_bakersfield,Cal Poly,4,"Lichtie, Sierra",True,27,1,1,1.0,1,1,1.0,0,0,,0,2,2,0,1,1,0,2,3
2024-01-20_cal_poly_csu_bakersfield,Cal Poly,10,"Richards, Sidney",False,17,2,4,0.5,0,1,0.0,3,3,1.0,0,2,2,4,0,2,0,1,7
2024-01-20_cal_poly_csu_bakersfield,Cal Poly,33,"Olinger, Amanda",False,11,2,3,0.667,0,0,,2,2,1.0,4,1,5,1,0,1,0,0,6
2024-01-20_cal_poly_csu_bakersfield,Cal Poly,24,"Carter, Mary",False,13,0,7,0.0,0,2,0.0,3,4,0.75,0,3,3,2,1,2,0,0,3
2024-01-20_cal_poly_csu_bakersfield,Cal Poly,25,"Hoffman, Jordan",False,5,0,0,,0,0,,0,0,,0,0,0,0,0,0,0,0,0
2024-01-20_cal_poly_csu_bakersfield,Cal Poly,TM,TEAM,False,0,0,0,,0,0,,0,0,,2,1,3,0,0,0,0,0,0
2024-01-20_csun_uc_riverside,UC Riverside,32,"Webster, Jordan",True,37,10,17,0.588,2,8,0.25,5,6,0.833,0,4,4,0,3,0,0,2,27
2024-01-20_csun_uc_riverside,UC Riverside,1,"Bryant, Matehya",True,34,2,6,0.333,0,0,,3,4,0.75,2,6,8,3,2,2,1,0,7
2024-01-20_csun_uc_riverside,UC Riverside,3,"Tillery, Zoe",True,19,3,5,0.6,1,2,0.5,0,0,,1,1,2,2,2,1,0,4,7
2024-01-20_csun_uc_riverside,UC Riverside,00,"Jackson, Makayla",True,32,1,9,0.111,0,4,0.0,0,0,,0,3,3,1,1,3,0,1,2
2024-01-20_csun_uc_riverside,UC Riverside,10,"Stenberg, Julia",True,18,0,3,0.0,0,2,0.0,0,0,,0,1,1,1,1,0,0,1,0
2024-01-20_csun_uc_riverside,UC Riverside,2,"Walters, Ryanne",False,25,4,8,0.5,2,5,0.4,1,2,0.5,0,4,4,3,0,2,1,1,11
2024-01-20_csun_uc_riverside,UC Riverside,15,"Sanderson, Jaden",False,19,1,4,0.25,0,0,,1,2,0.5,2,2,4,3,0,0,0,1,3
2024-01-20_csun_uc_riverside,UC Riverside,11,"Matarranz, Esther",False,9,0,2,0.0,0,0,,0,0,,0,2,2,2,0,0,1,0,0
2024-01-20_csun_uc_riverside,UC Riverside,4,"Marshall, Jordyn",False,4,0,0,,0,0,,0,0,,0,0,0,1,0,0,0,0,0
2024-01-20_csun_uc_riverside,UC Riverside,23,"Aikins, India",False,3,0,1,0.0,0,0,,0,0,,0,0,0,1,0,0,0,0,0
2024-01-20_csun_uc_riverside,UC Riverside,TM,TEAM,False,0,0,0,,0,0,,0,0,,2,3,5,0,0,3,0,0,0
2024-01-20_csun_uc_riverside,CSUN,24,"Spriggs, Kayanna",True,31,5,9,0.556,0,0,,8,11,0.727,4,8,12,3,1,0,1,0,18
2024-01-20_csun_uc_riverside,CSUN,23,"Li-uperesa, Talo",True,37,5,12,0.417,1,3,0.333,1,1,1.0,0,4,4,4,0,4,1,2,12
2024-01-20_csun_uc_riverside,CSUN,20,"Adams, Erica",True,36,2,5,0.4,1,1,1.0,0,0,,0,5,5,1,1,5,0,0,5
2024-01-20_csun_uc_riverside,CSUN,4,"Harvey, Rachel",True,26,0,3,0.0,0,0,,5,6,0.833,1,2,3,3,3,1,0,1,5
2024-01-20_csun_uc_riverside,CSUN,1,"Ferguson, Amiyah",True,23,2,7,0.286,0,2,0.0,0,2,0.0,0,1,1,1,2,3,0,0,4
2024-01-20_csun_uc_riverside,CSUN,22,"Elsholz, Kaitlyn",False,12,1,5,0.2,0,3,0.0,0,0,,0,2,2,3,0,1,0,0,2
2024-01-20_csun_uc_riverside,CSUN,15,"Amundsen, Laney",False,20,0,3,0.0,0,3,0.0,0,0,,1,2,3,0,1,0,1,0,0
2024-01-20_csun_uc_riverside,CSUN,21,"de Jesus , Ana Carolina",False,15,0,1,0.0,0,0,,0,0,,0,1,1,1,1,2,0,0,0
2024-01-20_csun_uc_riverside,CSUN,TM,TEAM,False,0,0,0,,0,0,,0,0,,0,2,2,0,0,1,0,0,0
2024-01-25_uc_santa_barbara_hawaii,Hawaii,45,"Davies, Olivia",True,28,6,10,0.6,2,5,0.4,0,0,,0,1,1,1,2,0,0,0,14
2024-01-25_uc_santa_barbara_hawaii,Hawaii,03,"Wahinekapu, Lily",True,29,3,6,0.5,0,0,,3,4,0.75,0,1,1,2,0,1,1,3,9
2024-01-25_uc_santa_barbara_hawaii,Hawaii,12,"Perez, Imani",True,30,2,6,0.333,0,4,0.0,1,2,0.5,2,7,9,0,2,2,2,0,5
2024-01-25_uc_santa_barbara_hawaii,Hawaii,23,"McBee, MeiLani",True,27,1,7,0.143,0,3,0.0,0,0,,2,3,5,1,0,1,0,0,2
2024-01-25_uc_santa_barbara_hawaii,Hawaii,02,"Thoms, Ashley",True,16,1,6,0.167,0,4,0.0,0,0,,0,0,0,2,0,1,0,1,2
2024-01-25_uc_santa_barbara_hawaii,Hawaii,15,"Phillips, Daejah",False,34,4,7,0.571,1,2,0.5,5,7,0.714,3,1,4,4,2,2,0,4,14
2024-01-25_uc_santa_barbara_hawaii,Hawaii,01,"Imai, Kelsie",False,17,2,5,0.4,1,3,0.333,0,0,,0,1,1,2,1,2,0,0,5
2024-01-25_uc_santa_barbara_hawaii,Hawaii,22,"Peacock, Jade",False,17,1,7,0.143,0,4,0.0,0,0,,0,1,1,1,0,0,0,0,2
2024-01-25_uc_santa_barbara_hawaii,Hawaii,34,"David, Jacque",False,2,0,1,0.0,0,1,0.0,0,0,,0,0,0,1,0,1,0,0,0
2024-01-25_uc_santa_barbara_hawaii,Hawaii,TM,TEAM,False,0,0,0,,0,0,,0,0,,3,2,5,0,0,2,0,0,0
2024-01-25_uc_santa_barbara_hawaii,UC Santa Barbara,23,"Whitfield, Alexis",True,36,8,16,0.5,1,3,0.333,6,6,1.0,2,17,19,3,2,2,1,1,23
2024-01-25_uc_santa_barbara_hawaii,UC Santa Barbara,03,"Marin, Alyssa",True,37,4,11,0.364,0,3,0.0,4,4,1.0,0,1,1,2,3,4,2,2,12
2024-01-25_uc_santa_barbara_hawaii,UC Santa Barbara,55,"Burke, Skylar",True,21,3,5,0.6,1,2,0.5,0,0,,0,5,5,3,3,1,1,1,7
2024-01-25_uc_santa_barbara_hawaii,UC Santa Barbara,20,"Rockwood, Laurel",True,28,2,4,0.5,0,0,,2,2,1.0,5,3,8,1,1,0,0,0,6
2024-01-25_uc_santa_barbara_hawaii,UC Santa Barbara,10,"Choice, Anya",True,35,0,2,0.0,0,0,,0,0,,0,1,1,4,3,6,0,1,0
2024-01-25_uc_santa_barbara_hawaii,UC Santa Barbara,02,"Borter, Zoe",False,16,2,3,0.667,2,3,0.667,0,0,,0,0,0,2,0,0,0,0,6
2024-01-25_uc_santa_barbara_hawaii,UC Santa Barbara,32,"Grant, Jessica",False,16,2,4,0.5,2,3,0.667,0,0,,0,1,1,0,0,1,0,1,6
2024-01-25_uc_santa_barbara_hawaii,UC Santa Barbara,15,"McMorris, Mary",False,10,1,3,0.333,0,0,,3,3,1.0,0,0,0,1,0,0,0,0,5
2024-01-25_uc_santa_barbara_hawaii,UC Santa Barbara,04,"Hutchens, Kathleen",False,1,0,0,,0,0,,0,0,,0,0,0,0,0,0,0,0,0
2024-01-25_uc_santa_barbara_hawaii,UC Santa Barbara,TM,TEAM,False,0,0,0,,0,0,,0,0,,2,1,3,0,0,1,0,0,0
2024-01-25_uc_irvine_long_beach_st,Long Beach St.,10,"Valenti-paea, Casey",True,28,7,10,0.7,2,3,0.667,0,0,,0,1,1,3,1,7,1,3,16
2024-01-25_uc_irvine_long_beach_st,Long Beach St.,4,"Givens, Cheyenne",True,28,3,9,0.333,0,3,0.0,2,2,1.0,0,3,3,3,3,6,0,1,8
2024-01-25_uc_irvine_long_beach_st,Long Beach St.,2,"Tucker, Savannah",True,38,2,9,0.222,1,4,0.25,2,2,1.0,0,2,2,0,0,3,0,0,7
2024-01-25_uc_irvine_long_beach_st,Long Beach St.,3,"Chung, Patricia",True,33,2,8,0.25,0,2,0.0,1,2,0.5,0,9,9,1,4,3,0,1,5
2024-01-25_uc_irvine_long_beach_st,Long Beach St.,52,"Matthews, Davai",True,20,0,1,0.0,0,0,,2,4,0.5,2,4,6,4,0,1,0,0,2
2024-01-25_uc_irvine_long_beach_st,Long Beach St.,12,"Crawshaw , Jada",False,24,5,8,0.625,0,0,,1,2,0.5,2,2,4,4,0,3,2,1,11
2024-01-25_uc_irvine_long_beach_st,Long Beach St.,30,"Moore, Olivia",False,18,3,4,0.75,2,3,0.667,0,0,,0,0,0,0,0,1,0,0,8
2024-01-25_uc_irvine_long_beach_st,Long Beach St.,00,"Cummings , Lauren",False,11,1,2,0.5,0,1,0.0,0,0,,0,1,1,0,0,0,0,0,2
2024-01-25_uc_irvine_long_beach_st,Long Beach St.,TM,TEAM,False,0,0,0,,0,0,,0,0,,6,1,7,0,0,2,0,0,0
2024-01-25_uc_irvine_long_beach_st,UC Irvine,23,"Konate, Diaba",True,27,6,9,0.667,0,1,0.0,0,2,0.0,1,1,2,2,6,1,0,6,12
2024-01-25_uc_irvine_long_beach_st,UC Irvine,13,"Lee, Déja",True,20,4,10,0.4,1,4,0.25,0,0,,0,2,2,4,0,2,0,4,9
2024-01-25_uc_irvine_long_beach_st,UC Irvine,3,"Tom, Nikki",True,28,2,6,0.333,0,3,0.0,1,2,0.5,1,0,1,0,2,1,0,1,5
2024-01-25_uc_irvine_long_beach_st,UC Irvine,24,"Dean, Nevaeh",True,18,2,9,0.222,1,2,0.5,0,0,,3,4,7,2,0,2,1,3,5
2024-01-25_uc_irvine_long_beach_st,UC Irvine,11,"Scharpf, Amelia",True,14,2,5,0.4,0,2,0.0,0,0,,0,0,0,3,0,1,0,1,4
2024-01-25_uc_irvine_long_beach_st,UC Irvine,32,"Parkinson, Nevaeh",False,19,6,8,0.75,0,0,,1,3,0.333,3,6,9,2,0,2,2,0,13
2024-01-25_uc_irvine_long_beach_st,UC Irvine,1,"Johnson Sidi Baba, Moulayna",False,25,5,8,0.625,1,1,1.0,0,0,,1,3,4,1,1,0,1,1,11
2024-01-25_uc_irvine_long_beach_st,UC Irvine,12,"Nahum, Shirel",False,24,3,7,0.429,0,1,0.0,4,4,1.0,0,0,0,5,2,2,0,1,10
2024-01-25_uc_irvine_long_beach_st,UC Irvine,5,"Ross, Tarryn",False,6,1,1,1.0,1,1,1.0,0,0,,0,0,0,1,0,0,0,0,3
2024-01-25_uc_irvine_long_beach_st,UC Irvine,33,"Kaupu, Caiyle",False,8,0,1,0.0,0,1,0.0,2,2,1.0,0,0,0,1,0,1,0,0,2
2024-01-25_uc_irvine_long_beach_st,UC Irvine,22,"Djoko, Clara",False,8,0,0,,0,0,,0,0,,0,1,1,1,0,0,0,0,0
2024-01-25_uc_irvine_long_beach_st,UC Irvine,2,"Hernandez, Haley",False,3,0,1,0.0,0,0,,0,0,,1,0,1,0,0,0,0,0,0
2024-01-25_uc_irvine_long_beach_st,UC Irvine,TM,TEAM,False,0,0,0,,0,0,,0,0,,2,2,4,0,0,1,0,0,0
2024-01-25_uc_riverside_uc_san_diego,UC San Diego,3,"Sugapong, Sumayah",True,32,7,17,0.412,4,10,0.4,4,6,0.667,0,4,4,2,2,3,1,2,22
2024-01-25_uc_riverside_uc_san_diego,UC San Diego,22,"Gallegos, Gracie",True,29,3,10,0.3,1,2,0.5,1,2,0.5,1,2,3,3,2,1,0,1,8
2024-01-25_uc_riverside_uc_san_diego,UC San Diego,32,"Montgomery, Parker",True,31,3,6,0.5,0,1,0.0,0,0,,0,2,2,1,2,4,1,1,6
2024-01-25_uc_riverside_uc_san_diego,UC San Diego,24,"Pinto, Denali",True,31,1,9,0.111,0,5,0.0,1,3,0.333,2,9,11,2,3,3,0,4,3
2024-01-25_uc_riverside_uc_san_diego,UC San Diego,30,"Sule, Damilola",True,10,1,4,0.25,0,0,,0,0,,1,4,5,3,0,1,0,0,2
2024-01-25_uc_riverside_uc_san_diego,UC San Diego,20,"Forsyth, Izzy",False,21,3,6,0.5,0,1,0.0,2,2,1.0,1,1,2,0,1,0,0,0,8
2024-01-25_uc_riverside_uc_san_diego,UC San Diego,35,"Springs, Katie",False,15,1,1,1.0,0,0,,0,0,,0,4,4,2,1,1,0,1,2
2024-01-25_uc_riverside_uc_san_diego,UC San Diego,5,"Louther, Gabby",False,11,0,1,0.0,0,0,,0,0,,0,2,2,3,1,0,0,0,0
2024-01-25_uc_riverside_uc_san_diego,UC San Diego,23,"Blithikioti, Eri",False,9,0,0,,0,0,,0,0,,0,0,0,1,0,0,0,0,0
2024-01-25_uc_riverside_uc_san_diego,UC San Diego,33,"Svoboda, Emma",False,8,0,1,0.0,0,0,,0,0,,1,1,2,1,0,0,0,1,0
2024-01-25_uc_riverside_uc_san_diego,UC San Diego,13,"Amosa, Meaali'i",False,3,0,0,,0,0,,0,0,,0,1,1,0,0,2,0,0,0
2024-01-25_uc_riverside_uc_san_diego,UC San Diego,TM,TEAM,False,0,0,0,,0,0,,0,0,,2,2,4,0,0,0,0,0,0
2024-01-25_uc_riverside_uc_san_diego,UC Riverside,1,"Bryant, Matehya",True,35,6,14,0.429,0,0,,5,8,0.625,4,13,17,3,2,5,0,3,17
2024-01-25_uc_riverside_uc_san_diego,UC Riverside,32,"Webster, Jordan",True,37,2,13,0.154,0,4,0.0,5,5,1.0,2,7,9,3,1,3,0,0,9
2024-01-25_uc_riverside_uc_san_diego,UC Riverside,00,"Jackson, Makayla",True,29,3,12,0.25,1,6,0.167,1,2,0.5,1,3,4,2,0,0,0,0,8
2024-01-25_uc_riverside_uc_san_diego,UC Riverside,3,"Tillery, Zoe",True,14,0,4,0.0,0,3,0.0,0,0,,0,1,1,2,1,1,0,0,0
2024-01-25_uc_riverside_uc_san_diego,UC Riverside,10,"Stenberg, Julia",True,11,0,1,0.0,0,0,,0,0,,0,1,1,2,1,0,1,0,0
2024-01-25_uc_riverside_uc_san_diego,UC Riverside,2,"Walters, Ryanne",False,32,3,9,0.333,3,6,0.5,0,0,,0,3,3,2,2,2,0,2,9
2024-01-25_uc_riverside_uc_san_diego,UC Riverside,15,"Sanderson, Jaden",False,29,0,5,0.0,0,0,,0,0,,4,3,7,3,1,2,0,2,0
2024-01-25_uc_riverside_uc_san_diego,UC Riverside,4,"Marshall, Jordyn",False,8,0,0,,0,0,,0,0,,0,0,0,0,0,1,0,1,0
2024-01-25_uc_riverside_uc_san_diego,UC Riverside,11,"Matarranz, Esther",False,5,0,1,0.0,0,0,,0,0,,0,0,0,2,0,1,0,0,0
2024-01-25_uc_riverside_uc_san_diego,UC Riverside,TM,TEAM,False,0,0,0,,0,0,,0,0,,3,1,4,0,0,0,0,0,0
2024-01-25_cal_st_fullerton_cal_poly,Cal Poly,02,"Shah, Annika",True,31,3,5,0.6,2,3,0.667,10,10,1.0,0,2,2,1,0,1,0,0,18
2024-01-25_cal_st_fullerton_cal_poly,Cal Poly,35,"Ackerman, Natalia",True,32,5,6,0.833,0,0,,0,0,,0,7,7,5,4,4,1,0,10
2024-01-25_cal_st_fullerton_cal_poly,Cal Poly,04,"Lichtie, Sierra",True,26,4,4,1.0,0,0,,2,2,1.0,1,8,9,4,1,2,0,2,10
2024-01-25_cal_st_fullerton_cal_poly,Cal Poly,05,"McNicholas, Ania",True,25,3,6,0.5,1,2,0.5,0,0,,0,1,1,3,2,4,0,1,7
2024-01-25_cal_st_fullerton_cal_poly,Cal Poly,15,"Bourland, Sydney",True,32,2,6,0.333,0,0,,1,2,0.5,0,1,1,2,2,3,0,2,5
2024-01-25_cal_st_fullerton_cal_poly,Cal Poly,24,"Carter, Mary",False,14,2,3,0.667,0,0,,3,3,1.0,0,0,0,1,0,0,1,1,7
2024-01-25_cal_st_fullerton_cal_poly,Cal Poly,33,"Olinger, Amanda",False,8,3,3,1.0,0,0,,1,2,0.5,1,0,1,0,0,1,0,1,7
2024-01-25_cal_st_fullerton_cal_poly,Cal Poly,10,"Richards, Sidney",False,32,2,8,0.25,0,1,0.0,0,1,0.0,0,1,1,3,2,2,0,2,4
2024-01-25_cal_st_fullerton_cal_poly,Cal Poly,TM,TEAM,False,0,0,0,,0,0,,0,0,,2,3,5,0,0,1,0,0,0
2024-01-25_cal_st_fullerton_cal_poly,Cal St. Fullerton,55,"Nimmo, Fujika",True,34,6,13,0.462,0,2,0.0,4,4,1.0,1,0,1,4,3,5,0,1,16
2024-01-25_cal_st_fullerton_cal_poly,Cal St. Fullerton,32,"Lewis, Ashlee",True,26,4,8,0.5,0,0,,5,8,0.625,5,5,10,4,1,2,3,2,13
2024-01-25_cal_st_fullerton_cal_poly,Cal St. Fullerton,02,"Hassmann, Hope",True,33,4,11,0.364,1,4,0.25,0,0,,1,2,3,4,3,1,0,1,9
2024-01-25_cal_st_fullerton_cal_poly,Cal St. Fullerton,04,"Vidmar, Gabi",True,39,2,5,0.4,2,4,0.5,0,0,,1,0,1,1,0,1,0,2,6
2024-01-25_cal_st_fullerton_cal_poly,Cal St. Fullerton,24,"Neff, Kathryn",True,22,1,8,0.125,0,5,0.0,0,0,,0,0,0,2,1,1,0,0,2
2024-01-25_cal_st_fullerton_cal_poly,Cal St. Fullerton,13,"Hernandez, Aixchel",False,14,3,4,0.75,0,0,,1,2,0.5,1,1,2,1,0,1,0,1,7
2024-01-25_cal_st_fullerton_cal_poly,Cal St. Fullerton,12,"Levingston, Eva",False,15,1,6,0.167,0,0,,0,0,,0,0,0,1,0,1,0,1,2
2024-01-25_cal_st_fullerton_cal_poly,Cal St. Fullerton,10,"Lagway, Demonnie",False,11,0,0,,0,0,,0,0,,1,1,2,1,1,2,0,0,0
2024-01-25_cal_st_fullerton_cal_poly,Cal St. Fullerton,21,"Tse, Allysan",False,4,0,0,,0,0,,0,0,,0,1,1,0,2,0,1,0,0
2024-01-25_cal_st_fullerton_cal_poly,Cal St. Fullerton,33,"Minor, Brielle",False,2,0,0,,0,0,,0,0,,0,0,0,1,0,0,0,0,0
2024-01-25_cal_st_fullerton_cal_poly,Cal St. Fullerton,TM,TEAM,False,0,0,0,,0,0,,0,0,,2,4,6,0,0,0,0,0,0
2024-01-25_csu_bakersfield_csun,CSUN,24,"Spriggs, Kayanna",True,32,4,6,0.667,0,0,,3,8,0.375,3,3,6,1,3,2,1,2,11
2024-01-25_csu_bakersfield_csun,CSUN,20,"Adams, Erica",True,28,3,9,0.333,0,1,0.0,0,0,,0,4,4,3,2,1,0,1,6
2024-01-25_csu_bakersfield_csun,CSUN,21,"De Jesus , Ana Carolina",True,15,2,2,1.0,1,1,1.0,1,1,1.0,0,6,6,2,0,3,0,0,6
2024-01-25_csu_bakersfield_csun,CSUN,23,"Li-Uperesa , Talo",True,35,2,8,0.25,0,2,0.0,0,1,0.0,1,7,8,2,1,6,1,2,4
2024-01-25_csu_bakersfield_csun,CSUN,15,"Amundsen, Laney",True,34,1,6,0.167,1,5,0.2,0,0,,1,4,5,0,1,2,0,2,3
2024-01-25_csu_bakersfield_csun,CSUN,01,"Ferguson, Amiyah",False,20,3,10,0.3,1,4,0.25,2,3,0.667,0,3,3,1,0,5,0,0,9
2024-01-25_csu_bakersfield_csun,CSUN,04,"Harvey, Rachel",False,18,4,6,0.667,0,0,,1,2,0.5,1,2,3,3,0,2,0,1,9
2024-01-25_csu_bakersfield_csun,CSUN,22,"Elsholz, Kaitlyn",False,12,2,3,0.667,2,3,0.667,0,0,,0,0,0,0,1,1,0,0,6
2024-01-25_csu_bakersfield_csun,CSUN,11,"Smith, Olivia",False,6,0,0,,0,0,,0,0,,0,1,1,0,1,0,0,0,0
2024-01-25_csu_bakersfield_csun,CSUN,TM,TEAM,False,0,0,0,,0,0,,0,0,,3,2,5,0,0,1,0,0,0
2024-01-25_csu_bakersfield_csun,CSU Bakersfield,00,"Brown, Shaunae",True,35,7,16,0.438,7,15,0.467,0,0,,1,2,3,0,4,0,0,2,21
2024-01-25_csu_bakersfield_csun,CSU Bakersfield,14,"Ortiz, Nseije",True,29,1,1,1.0,0,0,,0,0,,0,5,5,2,7,3,0,2,2
2024-01-25_csu_bakersfield_csun,CSU Bakersfield,15,"Porter, Amourie",True,22,0,5,0.0,0,1,0.0,1,2,0.5,3,1,4,1,0,2,0,1,1
2024-01-25_csu_bakersfield_csun,CSU Bakersfield,32,"Freeman, Garrisen",True,14,0,0,,0,0,,0,0,,0,0,0,4,0,0,0,0,0
2024-01-25_csu_bakersfield_csun,CSU Bakersfield,02,"Edwards, Morgan",True,5,0,1,0.0,0,1,0.0,0,0,,0,1,1,0,0,0,0,0,0
2024-01-25_csu_bakersfield_csun,CSU Bakersfield,04,"Hunter, Grace",False,22,6,12,0.5,4,6,0.667,1,2,0.5,0,3,3,1,2,2,0,4,17
2024-01-25_csu_bakersfield_csun,CSU Bakersfield,23,"Olivares, Jordan",False,26,5,10,0.5,3,3,1.0,3,4,0.75,2,1,3,2,3,1,0,1,16
2024-01-25_csu_bakersfield_csun,CSU Bakersfield,33,"Riley, Julia",False,22,3,9,0.333,0,3,0.0,0,0,,0,6,6,2,0,2,0,0,6
2024-01-25_csu_bakersfield_csun,CSU Bakersfield,05,"Tougas, Sophia",False,20,2,9,0.222,1,6,0.167,0,0,,0,2,2,0,0,1,0,2,5
2024-01-25_csu_bakersfield_csun,CSU Bakersfield,12,"Johnson, Cassidy",False,5,0,0,,0,0,,2,2,1.0,0,1,1,0,0,0,0,0,2
2024-01-25_csu_bakersfield_csun,CSU Bakersfield,TM,TEAM,False,0,0,0,,0,0,,0,0,,1,3,4,0,0,1,0,0,0
2024-01-27_uc_san_diego_uc_davis,UC Davis,25,"Norris, Megan",True,31,5,12,0.417,2,7,0.286,0,0,,2,5,7,2,3,1,1,0,12
2024-01-27_uc_san_diego_uc_davis,UC Davis,15,"Turner, Evanne",True,30,4,11,0.364,2,5,0.4,2,2,1.0,0,5,5,2,2,2,0,2,12
2024-01-27_uc_san_diego_uc_davis,UC Davis,33,"Harris, Mazatlan",True,19,4,5,0.8,2,3,0.667,0,0,,4,2,6,3,1,0,1,1,10
2024-01-27_uc_san_diego_uc_davis,UC Davis,13,"Burns, Sydney",True,22,4,10,0.4,0,2,0.0,0,0,,0,2,2,1,2,4,0,2,8
2024-01-27_uc_san_diego_uc_davis,UC Davis,14,"Sabel, Tova",True,32,2,6,0.333,1,4,0.25,2,2,1.0,0,3,3,2,0,0,0,2,7
2024-01-27_uc_san_diego_uc_davis,UC Davis,41,"Shine, Bria",False,12,3,3,1.0,2,2,1.0,0,0,,0,0,0,1,0,2,0,1,8
2024-01-27_uc_san_diego_uc_davis,UC Davis,04,"Epps, Nya",False,26,0,1,0.0,0,1,0.0,2,2,1.0,0,2,2,2,2,2,0,1,2
2024-01-27_uc_san_diego_uc_davis,UC Davis,10,"Svanholm, Lena",False,5,1,1,1.0,0,0,,0,0,,0,0,0,1,0,0,0,0,2
2024-01-27_uc_san_diego_uc_davis,UC Davis,23,"Baker, Victoria",False,8,0,3,0.0,0,1,0.0,1,2,0.5,0,2,2,0,0,0,0,0,1
2024-01-27_uc_san_diego_uc_davis,UC Davis,03,"Gray, Campbell",False,9,0,1,0.0,0,0,,0,0,,0,2,2,0,1,0,0,0,0
2024-01-27_uc_san_diego_uc_davis,UC Davis,11,"Glad, Clara",False,3,0,0,,0,0,,0,0,,0,0,0,0,0,0,0,0,0
2024-01-27_uc_san_diego_uc_davis,UC Davis,20,"Fitzgerald, Ally",False,3,0,1,0.0,0,1,0.0,0,0,,0,0,0,0,0,0,0,0,0
2024-01-27_uc_san_diego_uc_davis,UC Davis,TM,TEAM,False,0,0,0,,0,0,,0,0,,2,3,5,0,0,0,0,0,0
2024-01-27_uc_san_diego_uc_davis,UC San Diego,32,"Montgomery, Parker",True,26,5,10,0.5,2,5,0.4,1,1,1.0,0,4,4,0,1,0,0,0,13
2024-01-27_uc_san_diego_uc_davis,UC San Diego,03,"Sugapong, Sumayah",True,26,4,15,0.267,2,5,0.4,2,3,0.667,0,2,2,1,3,7,0,2,12
2024-01-27_uc_san_diego_uc_davis,UC San Diego,24,"Pinto, Denali",True,27,1,8,0.125,1,5,0.2,5,5,1.0,0,2,2,2,0,1,0,0,8
2024-01-27_uc_san_diego_uc_davis,UC San Diego,22,"Gallegos, Gracie",True,28,1,2,0.5,1,1,1.0,0,0,,0,4,4,1,0,0,0,0,3
2024-01-27_uc_san_diego_uc_davis,UC San Diego,30,"Sule, Damilola",True,3,0,0,,0,0,,0,0,,0,1,1,0,0,0,0,0,0
2024-01-27_uc_san_diego_uc_davis,UC San Diego,20,"Forsyth, Izzy",False,25,4,9,0.444,2,5,0.4,0,0,,1,2,3,0,0,1,0,1,10
2024-01-27_uc_san_diego_uc_davis,UC San Diego,23,"Blithikioti, Eri",False,11,1,4,0.25,0,0,,1,2,0.5,0,1,1,0,0,1,0,0,3
2024-01-27_uc_san_diego_uc_davis,UC San Diego,35,"Springs, Katie",False,20,0,2,0.0,0,0,,0,0,,1,3,4,0,0,0,0,1,0
2024-01-27_uc_san_diego_uc_davis,UC San Diego,05,"Louther, Gabby",False,17,0,1,0.0,0,1,0.0,0,0,,1,2,3,1,1,0,0,0,0
2024-01-27_uc_san_diego_uc_davis,UC San Diego,13,"Amosa, Meaali‘i",False,8,0,0,,0,0,,0,0,,1,1,2,3,0,4,0,0,0
2024-01-27_uc_san_diego_uc_davis,UC San Diego,33,"Svoboda, Emma",False,6,0,0,,0,0,,0,0,,2,1,3,0,1,0,0,0,0
2024-01-27_uc_san_diego_uc_davis,UC San Diego,11,"Condron, Erin",False,3,0,0,,0,0,,0,0,,0,0,0,1,0,1,0,0,0
2024-01-27_uc_san_diego_uc_davis,UC San Diego,TM,TEAM,False,0,0,0,,0,0,,0,0,,4,1,5,0,0,0,0,0,0
2024-01-27_cal_poly_hawaii,Hawaii,12,"Perez, Imani",True,30,8,11,0.727,0,1,0.0,5,6,0.833,2,2,4,0,0,1,0,2,21
2024-01-27_cal_poly_hawaii,Hawaii,3,"Wahinekapu, Lily",True,26,3,10,0.3,0,1,0.0,4,4,1.0,0,2,2,4,0,2,0,3,10
2024-01-27_cal_poly_hawaii,Hawaii,2,"Thoms, Ashley",True,20,2,3,0.667,2,3,0.667,2,2,1.0,0,1,1,2,0,2,0,1,8
2024-01-27_cal_poly_hawaii,Hawaii,23,"McBee, Meilani",True,34,2,5,0.4,1,3,0.333,0,0,,0,2,2,3,0,0,0,0,5
2024-01-27_cal_poly_hawaii,Hawaii,45,"Davies, Olivia",True,23,1,2,0.5,0,0,,2,2,1.0,0,3,3,2,2,4,1,0,4
2024-01-27_cal_poly_hawaii,Hawaii,15,"Phillips, Daejah",False,30,2,6,0.333,0,2,0.0,7,8,0.875,3,6,9,3,7,0,0,2,11
2024-01-27_cal_poly_hawaii,Hawaii,34,"David, Jacque",False,11,1,2,0.5,0,0,,0,0,,0,0,0,1,0,2,0,0,2
2024-01-27_cal_poly_hawaii,Hawaii,22,"Peacock, Jade",False,6,1,3,0.333,0,0,,0,0,,0,0,0,0,0,0,0,0,2
2024-01-27_cal_poly_hawaii,Hawaii,1,"Imai, Kelsie",False,20,0,3,0.0,0,1,0.0,0,0,,0,0,0,2,1,2,0,1,0
2024-01-27_cal_poly_hawaii,Hawaii,TM,TEAM,False,0,0,0,,0,0,,0,0,,0,3,3,0,0,1,0,0,0
2024-01-27_cal_poly_hawaii,Cal Poly,15,"Bourland, Sydney",True,34,6,12,0.5,0,2,0.0,3,4,0.75,1,2,3,4,2,3,0,1,15
2024-01-27_cal_poly_hawaii,Cal Poly,35,"Ackerman, Natalia",True,31,4,6,0.667,0,0,,2,3,0.667,1,7,8,2,0,3,3,2,10
2024-01-27_cal_poly_hawaii,Cal Poly,2,"Shah, Annika",True,31,3,8,0.375,2,4,0.5,0,0,,2,0,2,2,3,4,0,0,8
2024-01-27_cal_poly_hawaii,Cal Poly,4,"Lichtie, Sierra",True,13,1,4,0.25,0,1,0.0,2,3,0.667,0,1,1,1,2,3,0,0,4
2024-01-27_cal_poly_hawaii,Cal Poly,5,"McNicholas, Ania",True,25,1,5,0.2,0,2,0.0,1,2,0.5,1,4,5,5,4,1,2,2,3
2024-01-27_cal_poly_hawaii,Cal Poly,10,"Richards, Sidney",False,27,5,5,1.0,1,1,1.0,0,0,,0,2,2,5,4,2,0,0,11
2024-01-27_cal_poly_hawaii,Cal Poly,24,"Carter, Mary",False,30,2,5,0.4,2,2,1.0,0,0,,0,2,2,3,2,2,0,0,6
2024-01-27_cal_poly_hawaii,Cal Poly,33,"Olinger, Amanda",False,9,1,3,0.333,0,0,,0,0,,1,2,3,1,1,2,0,0,2
2024-01-27_cal_poly_hawaii,Cal Poly,TM,TEAM,False,0,0,0,,0,0,,0,0,,1,1,2,0,0,0,0,0,0
2024-01-27_csun_uc_irvine,UC Irvine,13,"Lee, Deja",True,35,6,15,0.4,1,8,0.125,3,5,0.6,3,1,4,3,3,5,1,4,16
2024-01-27_csun_uc_irvine,UC Irvine,23,"Konate, Diaba",True,29,5,8,0.625,0,0,,0,0,,3,3,6,1,4,3,1,3,10
2024-01-27_csun_uc_irvine,UC Irvine,11,"Scharpf, Amelia",True,26,3,12,0.25,2,8,0.25,1,2,0.5,3,1,4,0,4,0,0,3,9
2024-01-27_csun_uc_irvine,UC Irvine,24,"Dean, Nevaeh",True,19,3,4,0.75,0,1,0.0,2,3,0.667,1,1,2,3,1,3,0,0,8
2024-01-27_csun_uc_irvine,UC Irvine,3,"Tom, Nikki",True,25,2,6,0.333,0,4,0.0,0,0,,2,2,4,1,4,1,1,0,4
2024-01-27_csun_uc_irvine,UC Irvine,1,"Johnson Sidi Baba, Moulayna",False,22,5,12,0.417,0,0,,1,3,0.333,2,4,6,2,0,1,0,1,11
2024-01-27_csun_uc_irvine,UC Irvine,32,"Parkinson, Nevaeh",False,20,4,7,0.571,0,0,,1,2,0.5,4,6,10,3,0,2,0,0,9
2024-01-27_csun_uc_irvine,UC Irvine,12,"Nahum, Shirel",False,21,0,4,0.0,0,2,0.0,0,0,,1,1,2,2,1,1,0,0,0
2024-01-27_csun_uc_irvine,UC Irvine,33,"Kaupu, Caiyle",False,2,0,1,0.0,0,0,,0,0,,0,0,0,0,0,0,0,0,0
2024-01-27_csun_uc_irvine,UC Irvine,22,"Djoko, Clara",False,1,0,0,,0,0,,0,0,,1,0,1,0,0,1,0,0,0
2024-01-27_csun_uc_irvine,UC Irvine,TM,TEAM,False,0,0,0,,0,0,,0,0,,1,3,4,0,0,1,0,0,0
2024-01-27_csun_uc_irvine,CSUN,21,"de Jesus , Ana Carolina",True,32,6,12,0.5,0,1,0.0,0,0,,1,2,3,4,3,3,0,2,12
2024-01-27_csun_uc_irvine,CSUN,20,"Adams, Erica",True,26,5,9,0.556,0,0,,0,0,,1,3,4,1,6,4,0,1,10
2024-01-27_csun_uc_irvine,CSUN,15,"Amundsen, Laney",True,24,4,7,0.571,0,2,0.0,2,2,1.0,1,2,3,4,1,0,2,1,10
2024-01-27_csun_uc_irvine,CSUN,23,"Li-uperesa, Talo",True,39,2,5,0.4,1,2,0.5,2,2,1.0,1,5,6,4,1,3,1,1,7
2024-01-27_csun_uc_irvine,CSUN,4,"Harvey, Rachel",True,19,1,3,0.333,0,0,,1,2,0.5,0,1,1,1,3,5,0,2,3
2024-01-27_csun_uc_irvine,CSUN,22,"Elsholz, Kaitlyn",False,20,3,6,0.5,1,3,0.333,1,2,0.5,1,2,3,2,0,1,0,1,8
2024-01-27_csun_uc_irvine,CSUN,1,"Ferguson, Amiyah",False,16,2,6,0.333,0,2,0.0,3,4,0.75,0,0,0,0,4,3,0,1,7
2024-01-27_csun_uc_irvine,CSUN,24,"Spriggs, Kayanna",False,22,2,4,0.5,0,0,,0,2,0.0,2,3,5,3,1,0,0,1,4
2024-01-27_csun_uc_irvine,CSUN,11,"Smith, Olivia",False,2,1,1,1.0,0,0,,0,0,,1,1,2,0,0,0,1,0,2
2024-01-27_csun_uc_irvine,CSUN,TM,TEAM,False,0,0,0,,0,0,,0,0,,1,4,5,0,0,0,0,0,0
2024-01-27_long_beach_st_uc_riverside,UC Riverside,32,"Webster, Jordan",True,23,7,16,0.438,2,4,0.5,3,3,1.0,3,5,8,2,0,1,0,2,19
2024-01-27_long_beach_st_uc_riverside,UC Riverside,1,"Bryant, Matehya",True,21,8,13,0.615,0,0,,1,2,0.5,5,7,12,4,2,2,1,0,17
2024-01-27_long_beach_st_uc_riverside,UC Riverside,00,"Jackson, Makayla",True,35,1,8,0.125,1,4,0.25,0,0,,3,2,5,0,3,3,0,1,3
2024-01-27_long_beach_st_uc_riverside,UC Riverside,10,"Stenberg, Julia",True,9,0,1,0.0,0,1,0.0,0,0,,0,0,0,1,0,0,0,0,0
2024-01-27_long_beach_st_uc_riverside,UC Riverside,3,"Tillery, Zoe",True,2,0,1,0.0,0,0,,0,0,,0,0,0,0,0,2,0,1,0
2024-01-27_long_beach_st_uc_riverside,UC Riverside,15,"Sanderson, Jaden",False,27,1,4,0.25,0,0,,2,2,1.0,1,2,3,2,1,2,0,0,4
2024-01-27_long_beach_st_uc_riverside,UC Riverside,11,"Matarranz, Esther",False,18,2,6,0.333,0,0,,0,1,0.0,4,0,4,3,3,1,0,4,4
2024-01-27_long_beach_st_uc_riverside,UC Riverside,4,"Marshall, Jordyn",False,15,1,4,0.25,0,1,0.0,1,1,1.0,0,0,0,1,0,4,0,0,3
2024-01-27_long_beach_st_uc_riverside,UC Riverside,2,"Walters, Ryanne",False,28,1,9,0.111,0,4,0.0,0,0,,0,1,1,1,0,2,0,3,2
2024-01-27_long_beach_st_uc_riverside,UC Riverside,23,"Aikins, India",False,22,0,1,0.0,0,0,,0,0,,0,0,0,1,0,1,0,0,0
2024-01-27_long_beach_st_uc_riverside,UC Riverside,TM,TEAM,False,0,0,0,,0,0,,0,0,,2,1,3,0,0,2,0,0,0
2024-01-27_long_beach_st_uc_riverside,Long Beach St.,22,"Woodley, Sydney",True,20,6,9,0.667,1,1,1.0,5,6,0.833,1,6,7,2,4,4,0,7,18
2024-01-27_long_beach_st_uc_riverside,Long Beach St.,2,"Tucker, Savannah",True,32,4,8,0.5,2,3,0.667,0,0,,0,1,1,1,0,2,0,1,10
2024-01-27_long_beach_st_uc_riverside,Long Beach St.,10,"Valenti Paea, Casey",True,32,1,3,0.333,1,2,0.5,2,2,1.0,2,3,5,1,2,7,0,2,5
2024-01-27_long_beach_st_uc_riverside,Long Beach St.,3,"Chung, Patricia",True,22,1,6,0.167,1,3,0.333,0,0,,0,2,2,3,2,3,0,0,3
2024-01-27_long_beach_st_uc_riverside,Long Beach St.,52,"Matthews, Davai",True,20,0,3,0.0,0,0,,0,0,,1,5,6,5,1,3,0,0,0
2024-01-27_long_beach_st_uc_riverside,Long Beach St.,12,"Crawshaw, Jada",False,21,4,10,0.4,0,1,0.0,0,0,,2,0,2,1,0,2,0,2,8
2024-01-27_long_beach_st_uc_riverside,Long Beach St.,4,"Givens, Cheyenne",False,19,2,6,0.333,2,3,0.667,1,2,0.5,0,5,5,0,4,2,1,0,7
2024-01-27_long_beach_st_uc_riverside,Long Beach St.,30,"Moore, Olivia",False,5,1,1,1.0,1,1,1.0,0,0,,0,1,1,0,1,1,0,0,3
2024-01-27_long_beach_st_uc_riverside,Long Beach St.,00,"Cummings, Lauren",False,29,0,0,,0,0,,0,0,,0,1,1,1,0,0,0,0,0
2024-01-27_long_beach_st_uc_riverside,Long Beach St.,TM,TEAM,False,0,0,0,,0,0,,0,0,,1,1,2,0,0,1,0,0,0
2024-01-27_csu_bakersfield_cal_st_fullerton,Cal St. Fullerton,04,"Vidmar, Gabi",True,36,7,13,0.538,5,10,0.5,1,2,0.5,1,2,3,0,4,2,1,4,20
2024-01-27_csu_bakersfield_cal_st_fullerton,Cal St. Fullerton,55,"Nimmo, Fujika",True,21,3,11,0.273,1,3,0.333,2,2,1.0,0,3,3,1,3,1,1,2,9
2024-01-27_csu_bakersfield_cal_st_fullerton,Cal St. Fullerton,02,"Hassmann, Hope",True,34,3,8,0.375,2,6,0.333,0,0,,1,2,3,0,2,7,0,0,8
2024-01-27_csu_bakersfield_cal_st_fullerton,Cal St. Fullerton,32,"Lewis, Ashlee",True,29,3,8,0.375,0,0,,0,0,,4,9,13,1,0,1,0,0,6
2024-01-27_csu_bakersfield_cal_st_fullerton,Cal St. Fullerton,24,"Neff, Kathryn",True,15,0,2,0.0,0,2,0.0,0,0,,1,1,2,0,2,0,1,0,0
2024-01-27_csu_bakersfield_cal_st_fullerton,Cal St. Fullerton,13,"Hernandez, Aixchel",False,11,3,5,0.6,0,0,,0,0,,1,1,2,0,1,1,0,0,6
2024-01-27_csu_bakersfield_cal_st_fullerton,Cal St. Fullerton,23,"Strachan, Emily",False,19,2,5,0.4,1,3,0.333,0,0,,0,4,4,0,1,1,0,0,5
2024-01-27_csu_bakersfield_cal_st_fullerton,Cal St. Fullerton,12,"Levingston, Eva",False,14,1,7,0.143,0,0,,0,0,,4,2,6,3,2,3,0,0,2
2024-01-27_csu_bakersfield_cal_st_fullerton,Cal St. Fullerton,10,"Lagway, Demonnie",False,12,0,2,0.0,0,1,0.0,0,0,,1,1,2,0,1,0,0,1,0
2024-01-27_csu_bakersfield_cal_st_fullerton,Cal St. Fullerton,21,"Tse, Allysan",False,7,0,2,0.0,0,1,0.0,0,0,,0,0,0,1,0,1,0,0,0
2024-01-27_csu_bakersfield_cal_st_fullerton,Cal St. Fullerton,03,"Salazar-Harrell, Kaliana",False,2,0,0,,0,0,,0,0,,0,0,0,0,1,1,0,0,0
2024-01-27_csu_bakersfield_cal_st_fullerton,Cal St. Fullerton,TM,TEAM,False,0,0,0,,0,0,,0,0,,1,3,4,0,0,1,0,0,0
2024-01-27_csu_bakersfield_cal_st_fullerton,CSU Bakersfield,00,"Brown, Shaunae",True,37,8,14,0.571,5,8,0.625,2,2,1.0,0,2,2,1,2,0,0,2,23
2024-01-27_csu_bakersfield_cal_st_fullerton,CSU Bakersfield,23,"Olivares, Jordan",True,31,6,12,0.5,2,6,0.333,0,0,,1,4,5,0,4,3,1,2,14
2024-01-27_csu_bakersfield_cal_st_fullerton,CSU Bakersfield,14,"Ortiz, Nseije",True,27,3,4,0.75,2,2,1.0,0,0,,0,1,1,0,2,0,0,2,8
2024-01-27_csu_bakersfield_cal_st_fullerton,CSU Bakersfield,15,"Porter, Amourie",True,20,1,7,0.143,0,2,0.0,0,0,,0,6,6,0,1,2,1,1,2
2024-01-27_csu_bakersfield_cal_st_fullerton,CSU Bakersfield,32,"Freeman, Garrisen",True,16,0,2,0.0,0,0,,0,0,,4,2,6,1,1,0,0,1,0
2024-01-27_csu_bakersfield_cal_st_fullerton,CSU Bakersfield,05,"Tougas, Sophia",False,24,3,11,0.273,3,5,0.6,0,0,,3,7,10,2,1,2,3,2,9
2024-01-27_csu_bakersfield_cal_st_fullerton,CSU Bakersfield,04,"Hunter, Grace",False,19,2,5,0.4,0,2,0.0,0,0,,0,1,1,0,2,2,0,0,4
2024-01-27_csu_bakersfield_cal_st_fullerton,CSU Bakersfield,12,"Johnson, Cassidy",False,14,2,3,0.667,0,0,,0,0,,0,3,3,1,1,1,0,0,4
2024-01-27_csu_bakersfield_cal_st_fullerton,CSU Bakersfield,33,"Riley, Julia",False,10,1,4,0.25,0,3,0.0,0,0,,0,1,1,0,0,1,0,1,2
2024-01-27_csu_bakersfield_cal_st_fullerton,CSU Bakersfield,02,"Edwards, Morgan",False,2,0,0,,0,0,,0,0,,0,0,0,1,0,0,0,0,0
2024-01-27_csu_bakersfield_cal_st_fullerton,CSU Bakersfield,TM,TEAM,False,0,0,0,,0,0,,0,0,,0,1,1,0,0,2,0,0,0
2024-02-01_uc_davis_uc_santa_barbara,UC Santa Barbara,03,"Marin, Alyssa",True,38,7,18,0.389,7,9,0.778,10,12,0.833,0,1,1,0,2,1,0,0,31
2024-02-01_uc_davis_uc_santa_barbara,UC Santa Barbara,55,"Burke, Skylar",True,28,2,10,0.2,1,2,0.5,4,4,1.0,2,3,5,3,1,1,0,0,9
2024-02-01_uc_davis_uc_santa_barbara,UC Santa Barbara,23,"Whitfield, Alexis",True,30,4,14,0.286,0,1,0.0,0,0,,4,7,11,4,4,2,0,2,8
2024-02-01_uc_davis_uc_santa_barbara,UC Santa Barbara,10,"Choice, Anya",True,38,2,7,0.286,0,2,0.0,0,2,0.0,0,3,3,3,3,2,0,1,4
2024-02-01_uc_davis_uc_santa_barbara,UC Santa Barbara,20,"Rockwood, Laurel",True,27,0,0,,0,0,,0,0,,0,3,3,3,0,2,0,0,0
2024-02-01_uc_davis_uc_santa_barbara,UC Santa Barbara,02,"Borter, Zoe",False,15,2,9,0.222,2,6,0.333,0,0,,1,1,2,0,0,0,0,0,6
2024-02-01_uc_davis_uc_santa_barbara,UC Santa Barbara,15,"McMorris, Mary",False,10,1,3,0.333,0,0,,2,3,0.667,2,1,3,0,1,1,0,0,4
2024-02-01_uc_davis_uc_santa_barbara,UC Santa Barbara,32,"Grant, Jessica",False,10,0,2,0.0,0,2,0.0,0,0,,0,1,1,0,0,0,0,0,0
2024-02-01_uc_davis_uc_santa_barbara,UC Santa Barbara,04,"Hutchens, Kathleen",False,2,0,0,,0,0,,0,0,,0,0,0,0,0,0,0,0,0
2024-02-01_uc_davis_uc_santa_barbara,UC Santa Barbara,14,"Coon, Kanani",False,1,0,0,,0,0,,0,0,,0,0,0,0,0,1,0,0,0
2024-02-01_uc_davis_uc_santa_barbara,UC Santa Barbara,25,"Cabuena, Analillia",False,1,0,0,,0,0,,0,0,,0,0,0,0,0,0,0,0,0
2024-02-01_uc_davis_uc_santa_barbara,UC Santa Barbara,TM,TEAM,False,0,0,0,,0,0,,0,0,,7,2,9,0,0,1,0,0,0
2024-02-01_uc_davis_uc_santa_barbara,UC Davis,25,"Norris, Megan",True,33,9,15,0.6,3,6,0.5,1,1,1.0,4,11,15,1,4,3,1,0,22
2024-02-01_uc_davis_uc_santa_barbara,UC Davis,15,"Turner, Evanne",True,36,6,12,0.5,2,5,0.4,7,8,0.875,0,3,3,1,6,1,0,1,21
2024-02-01_uc_davis_uc_santa_barbara,UC Davis,14,"Sabel, Tova",True,21,4,9,0.444,2,4,0.5,1,1,1.0,0,5,5,5,0,1,2,1,11
2024-02-01_uc_davis_uc_santa_barbara,UC Davis,33,"Harris, Mazatlan",True,30,3,8,0.375,2,6,0.333,0,0,,0,5,5,3,0,1,1,1,8
2024-02-01_uc_davis_uc_santa_barbara,UC Davis,13,"Burns, Sydney",True,14,0,1,0.0,0,1,0.0,0,0,,0,0,0,2,3,3,0,0,0
2024-02-01_uc_davis_uc_santa_barbara,UC Davis,23,"Baker, Victoria",False,12,3,4,0.75,1,2,0.5,0,0,,0,0,0,1,1,0,2,0,7
2024-02-01_uc_davis_uc_santa_barbara,UC Davis,10,"Svanholm, Lena",False,4,3,4,0.75,0,0,,0,0,,1,0,1,0,0,0,0,0,6
2024-02-01_uc_davis_uc_santa_barbara,UC Davis,11,"Glad, Clara",False,3,1,2,0.5,1,1,1.0,0,1,0.0,0,0,0,1,0,0,0,1,3
2024-02-01_uc_davis_uc_santa_barbara,UC Davis,04,"Epps, Nya",False,23,1,4,0.25,0,1,0.0,0,0,,1,2,3,3,0,0,1,1,2
2024-02-01_uc_davis_uc_santa_barbara,UC Davis,20,"Fitzgerald, Ally",False,3,1,1,1.0,0,0,,0,0,,0,0,0,0,1,0,1,0,2
2024-02-01_uc_davis_uc_santa_barbara,UC Davis,41,"Shine, Bria",False,11,0,0,,0,0,,0,0,,1,1,2,4,2,1,2,0,0
2024-02-01_uc_davis_uc_santa_barbara,UC Davis,03,"Gray, Campbell",False,10,0,0,,0,0,,0,0,,0,1,1,0,0,1,0,0,0
2024-02-01_uc_davis_uc_santa_barbara,UC Davis,TM,TEAM,False,0,0,0,,0,0,,0,0,,2,4,6,0,0,0,0,0,0
2024-02-01_hawaii_cal_st_fullerton,Cal St. Fullerton,32,"Lewis, Ashlee",True,28,10,12,0.833,0,0,,5,5,1.0,4,9,13,3,2,2,3,0,25
2024-02-01_hawaii_cal_st_fullerton,Cal St. Fullerton,02,"Hassmann, Hope",True,36,4,8,0.5,2,5,0.4,1,2,0.5,0,2,2,4,3,1,0,1,11
2024-02-01_hawaii_cal_st_fullerton,Cal St. Fullerton,04,"Vidmar, Gabi",True,37,4,10,0.4,2,8,0.25,0,0,,0,5,5,1,1,3,0,3,10
2024-02-01_hawaii_cal_st_fullerton,Cal St. Fullerton,55,"Nimmo, Fujika",True,35,3,14,0.214,1,5,0.2,0,0,,0,3,3,4,4,4,0,1,7
2024-02-01_hawaii_cal_st_fullerton,Cal St. Fullerton,24,"Neff, Kathryn",True,31,0,2,0.0,0,2,0.0,1,2,0.5,1,2,3,1,0,0,0,0,1
2024-02-01_hawaii_cal_st_fullerton,Cal St. Fullerton,12,"Levingston, Eva",False,11,1,3,0.333,0,0,,5,6,0.833,2,0,2,5,0,2,0,0,7
2024-02-01_hawaii_cal_st_fullerton,Cal St. Fullerton,03,"Salazar-Harrell, Kaliana",False,8,0,0,,0,0,,0,0,,0,1,1,1,2,1,0,1,0
2024-02-01_hawaii_cal_st_fullerton,Cal St. Fullerton,10,"Lagway, Demonnie",False,6,0,0,,0,0,,0,0,,0,1,1,2,1,1,0,0,0
2024-02-01_hawaii_cal_st_fullerton,Cal St. Fullerton,21,"Tse, Allysan",False,4,0,2,0.0,0,2,0.0,0,0,,0,0,0,1,0,0,0,0,0
2024-02-01_hawaii_cal_st_fullerton,Cal St. Fullerton,13,"Hernandez, Aixchel",False,2,0,0,,0,0,,0,0,,0,1,1,0,0,0,0,0,0
2024-02-01_hawaii_cal_st_fullerton,Cal St. Fullerton,23,"Strachan, Emily",False,2,0,0,,0,0,,0,0,,0,0,0,0,0,1,0,0,0
2024-02-01_hawaii_cal_st_fullerton,Cal St. Fullerton,TM,TEAM,False,0,0,0,,0,0,,0,0,,1,1,2,0,0,0,0,0,0
2024-02-01_hawaii_cal_st_fullerton,Hawaii,03,"Wahinekapu, Lily",True,26,6,9,0.667,0,0,,2,6,0.333,2,5,7,3,2,2,0,2,14
2024-02-01_hawaii_cal_st_fullerton,Hawaii,23,"McBee, MeiLani",True,37,3,11,0.273,1,7,0.143,4,5,0.8,0,3,3,2,0,1,0,1,11
2024-02-01_hawaii_cal_st_fullerton,Hawaii,34,"David, Jacque",True,7,2,3,0.667,2,3,0.667,0,0,,0,1,1,0,0,0,0,1,6
2024-02-01_hawaii_cal_st_fullerton,Hawaii,02,"Thoms, Ashley",True,34,0,3,0.0,0,3,0.0,0,0,,3,3,6,4,0,1,0,2,0
2024-02-01_hawaii_cal_st_fullerton,Hawaii,45,"Davies, Olivia",True,19,0,2,0.0,0,2,0.0,0,0,,0,2,2,2,1,4,0,1,0
2024-02-01_hawaii_cal_st_fullerton,Hawaii,15,"Phillips, Daejah",False,27,9,16,0.562,1,4,0.25,3,6,0.5,0,1,1,4,0,0,0,3,22
2024-02-01_hawaii_cal_st_fullerton,Hawaii,01,"Imai, Kelsie",False,16,2,8,0.25,0,2,0.0,3,3,1.0,1,1,2,1,2,1,0,0,7
2024-02-01_hawaii_cal_st_fullerton,Hawaii,11,"Berrett, Vivienne",False,18,1,1,1.0,0,0,,2,2,1.0,1,4,5,0,0,0,0,0,4
2024-02-01_hawaii_cal_st_fullerton,Hawaii,22,"Peacock, Jade",False,16,0,3,0.0,0,2,0.0,2,2,1.0,1,1,2,1,0,1,0,0,2
2024-02-01_hawaii_cal_st_fullerton,Hawaii,TM,TEAM,False,0,0,0,,0,0,,0,0,,4,2,6,0,0,1,0,0,0
2024-02-01_csun_uc_san_diego,UC San Diego,3,"Sugapong, Sumayah",True,29,4,14,0.286,1,3,0.333,3,4,0.75,1,4,5,1,5,4,0,1,12
2024-02-01_csun_uc_san_diego,UC San Diego,20,"Forsyth, Izzy",True,29,2,10,0.2,0,6,0.0,7,8,0.875,3,2,5,3,1,0,0,1,11
2024-02-01_csun_uc_san_diego,UC San Diego,24,"Pinto, Denali",True,30,3,16,0.188,3,12,0.25,1,2,0.5,4,5,9,0,4,1,1,2,10
2024-02-01_csun_uc_san_diego,UC San Diego,32,"Montgomery, Parker",True,28,2,5,0.4,0,1,0.0,0,0,,2,2,4,3,2,3,1,1,4
2024-02-01_csun_uc_san_diego,UC San Diego,33,"Svoboda, Emma",True,9,2,3,0.667,0,1,0.0,0,0,,1,1,2,2,0,1,1,1,4
2024-02-01_csun_uc_san_diego,UC San Diego,22,"Gallegos, Gracie",False,34,4,11,0.364,2,2,1.0,0,0,,1,8,9,0,2,1,0,0,10
2024-02-01_csun_uc_san_diego,UC San Diego,23,"Blithikioti, Eri",False,16,1,6,0.167,0,1,0.0,0,1,0.0,2,2,4,0,0,1,1,1,2
2024-02-01_csun_uc_san_diego,UC San Diego,35,"Springs, Katie",False,11,0,1,0.0,0,0,,0,0,,2,3,5,3,1,2,0,1,0
2024-02-01_csun_uc_san_diego,UC San Diego,5,"Louther, Gabby",False,5,0,1,0.0,0,1,0.0,0,0,,1,1,2,1,0,1,0,0,0
2024-02-01_csun_uc_san_diego,UC San Diego,11,"Condron, Erin",False,5,0,0,,0,0,,0,0,,1,1,2,1,0,0,0,0,0
2024-02-01_csun_uc_san_diego,UC San Diego,13,"Amosa, Meaali'i",False,4,0,1,0.0,0,1,0.0,0,0,,0,1,1,0,0,1,0,0,0
2024-02-01_csun_uc_san_diego,UC San Diego,TM,TEAM,False,0,0,0,,0,0,,0,0,,1,5,6,0,0,0,0,0,0
2024-02-01_csun_uc_san_diego,CSUN,20,"Adams, Erica",True,35,4,13,0.308,0,3,0.0,3,4,0.75,1,3,4,3,4,3,0,2,11
2024-02-01_csun_uc_san_diego,CSUN,15,"Amundsen, Laney",True,31,3,8,0.375,3,7,0.429,0,0,,1,4,5,2,2,2,0,1,9
2024-02-01_csun_uc_san_diego,CSUN,23,"Li-uperesa, Talo",True,32,3,6,0.5,1,2,0.5,1,2,0.5,0,1,1,1,1,1,1,5,8
2024-02-01_csun_uc_san_diego,CSUN,24,"Spriggs, Kayanna",True,26,2,3,0.667,0,0,,3,4,0.75,2,7,9,4,0,3,0,0,7
2024-02-01_csun_uc_san_diego,CSUN,21,"de Jesus , Ana Carolina",True,29,0,5,0.0,0,0,,1,2,0.5,1,9,10,1,1,2,0,0,1
2024-02-01_csun_uc_san_diego,CSUN,22,"Elsholz, Kaitlyn",False,20,2,10,0.2,2,6,0.333,0,0,,0,0,0,1,0,2,0,0,6
2024-02-01_csun_uc_san_diego,CSUN,1,"Ferguson, Amiyah",False,12,1,6,0.167,1,3,0.333,2,4,0.5,0,1,1,0,3,0,0,1,5
2024-02-01_csun_uc_san_diego,CSUN,4,"Harvey, Rachel",False,12,2,6,0.333,0,1,0.0,1,1,1.0,0,2,2,4,2,0,0,0,5
2024-02-01_csun_uc_san_diego,CSUN,11,"Smith, Olivia",False,3,0,0,,0,0,,0,0,,0,0,0,1,0,0,0,0,0
2024-02-01_csun_uc_san_diego,CSUN,TM,TEAM,False,0,0,0,,0,0,,0,0,,3,6,9,0,0,0,0,0,0
2024-02-01_long_beach_st_csu_bakersfield,CSU Bakersfield,23,"Olivares, Jordan",True,34,5,12,0.417,1,4,0.25,6,7,0.857,2,4,6,1,0,0,0,2,17
2024-02-01_long_beach_st_csu_bakersfield,CSU Bakersfield,00,"Brown, Shaunae",True,38,5,13,0.385,4,10,0.4,0,0,,1,2,3,0,1,1,0,1,14
2024-02-01_long_beach_st_csu_bakersfield,CSU Bakersfield,15,"Porter, Amourie",True,18,4,10,0.4,0,1,0.0,0,0,,1,6,7,2,1,0,0,1,8
2024-02-01_long_beach_st_csu_bakersfield,CSU Bakersfield,32,"Freeman, Garrisen",True,15,1,1,1.0,0,0,,0,0,,0,1,1,2,1,1,0,0,2
2024-02-01_long_beach_st_csu_bakersfield,CSU Bakersfield,14,"Ortiz, Nseije",True,16,0,1,0.0,0,1,0.0,0,0,,0,0,0,4,2,4,0,0,0
2024-02-01_long_beach_st_csu_bakersfield,CSU Bakersfield,33,"Riley, Julia",False,23,3,7,0.429,2,3,0.667,0,0,,0,3,3,1,0,0,1,1,8
2024-02-01_long_beach_st_csu_bakersfield,CSU Bakersfield,5,"Tougas, Sophia",False,22,2,6,0.333,1,4,0.25,0,0,,0,2,2,0,1,1,0,2,5
2024-02-01_long_beach_st_csu_bakersfield,CSU Bakersfield,4,"Hunter, Grace",False,24,1,6,0.167,0,3,0.0,1,2,0.5,2,1,3,4,2,4,0,0,3
2024-02-01_long_beach_st_csu_bakersfield,CSU Bakersfield,2,"Edwards, Morgan",False,8,0,1,0.0,0,1,0.0,0,0,,0,0,0,0,1,2,0,0,0
2024-02-01_long_beach_st_csu_bakersfield,CSU Bakersfield,12,"Johnson, Cassidy",False,2,0,0,,0,0,,0,0,,0,0,0,0,0,0,1,0,0
2024-02-01_long_beach_st_csu_bakersfield,CSU Bakersfield,TM,TEAM,False,0,0,0,,0,0,,0,0,,2,2,4,0,0,1,0,0,0
2024-02-01_long_beach_st_csu_bakersfield,Long Beach St.,3,"Chung, Patricia",True,30,10,15,0.667,4,6,0.667,0,0,,2,2,4,1,5,1,0,2,24
2024-02-01_long_beach_st_csu_bakersfield,Long Beach St.,2,"Tucker, Savannah",True,36,5,12,0.417,1,6,0.167,0,1,0.0,0,4,4,1,2,1,1,2,11
2024-02-01_long_beach_st_csu_bakersfield,Long Beach St.,52,"Matthews, Davai",True,27,3,4,0.75,0,0,,0,0,,1,4,5,2,3,2,1,0,6
2024-02-01_long_beach_st_csu_bakersfield,Long Beach St.,22,"Woodley, Sydney",True,33,1,7,0.143,0,2,0.0,0,0,,5,3,8,2,4,5,0,3,2
2024-02-01_long_beach_st_csu_bakersfield,Long Beach St.,10,"Valenti Paea, Casey",True,19,0,3,0.0,0,1,0.0,0,0,,1,0,1,3,0,2,0,0,0
2024-02-01_long_beach_st_csu_bakersfield,Long Beach St.,12,"Crawshaw, Jada",False,22,7,10,0.7,0,0,,1,3,0.333,3,9,12,4,2,2,1,0,15
2024-02-01_long_beach_st_csu_bakersfield,Long Beach St.,4,"Givens, Cheyenne",False,18,5,7,0.714,0,1,0.0,2,2,1.0,2,3,5,2,2,2,0,1,12
2024-02-01_long_beach_st_csu_bakersfield,Long Beach St.,30,"Moore, Olivia",False,10,0,7,0.0,0,4,0.0,0,0,,0,1,1,1,0,0,0,0,0
2024-02-01_long_beach_st_csu_bakersfield,Long Beach St.,00,"Cummings, Lauren",False,5,0,0,,0,0,,0,0,,0,0,0,0,0,0,0,0,0
2024-02-01_long_beach_st_csu_bakersfield,Long Beach St.,TM,TEAM,False,0,0,0,,0,0,,0,0,,2,4,6,0,0,0,0,0,0
2024-02-03_uc_davis_cal_poly,Cal Poly,05,"McNicholas, Ania",True,38,5,11,0.455,4,6,0.667,6,8,0.75,2,4,6,0,3,4,0,5,20
2024-02-03_uc_davis_cal_poly,Cal Poly,02,"Shah, Annika",True,31,3,6,0.5,2,3,0.667,4,4,1.0,0,3,3,3,4,3,0,2,12
2024-02-03_uc_davis_cal_poly,Cal Poly,33,"Olinger, Amanda",True,12,4,7,0.571,0,0,,0,0,,2,0,2,4,0,1,0,0,8
2024-02-03_uc_davis_cal_poly,Cal Poly,04,"Lichtie, Sierra",True,19,2,5,0.4,0,0,,0,0,,0,2,2,4,1,2,0,1,4
2024-02-03_uc_davis_cal_poly,Cal Poly,15,"Bourland, Sydney",True,33,0,4,0.0,0,2,0.0,0,0,,0,4,4,0,2,3,1,0,0
2024-02-03_uc_davis_cal_poly,Cal Poly,35,"Ackerman, Natalia",False,22,1,1,1.0,0,0,,7,8,0.875,2,3,5,3,0,5,2,2,9
2024-02-03_uc_davis_cal_poly,Cal Poly,10,"Richards, Sidney",False,21,1,3,0.333,0,1,0.0,2,2,1.0,0,2,2,0,2,2,0,0,4
2024-02-03_uc_davis_cal_poly,Cal Poly,24,"Carter, Mary",False,24,0,2,0.0,0,0,,0,0,,0,3,3,2,2,1,0,2,0
2024-02-03_uc_davis_cal_poly,Cal Poly,TM,TEAM,False,0,0,0,,0,0,,0,0,,0,2,2,0,0,2,0,0,0
2024-02-03_uc_davis_cal_poly,UC Davis,25,"Norris, Megan",True,35,7,14,0.5,0,2,0.0,2,3,0.667,5,3,8,3,1,3,0,1,16
2024-02-03_uc_davis_cal_poly,UC Davis,13,"Burns, Sydney",True,23,4,7,0.571,1,4,0.25,2,3,0.667,0,2,2,1,1,5,0,0,11
2024-02-03_uc_davis_cal_poly,UC Davis,14,"Sabel, Tova",True,34,3,9,0.333,1,7,0.143,1,2,0.5,0,1,1,2,1,5,1,1,8
2024-02-03_uc_davis_cal_poly,UC Davis,33,"Harris, Mazatlan",True,31,2,4,0.5,1,2,0.5,0,0,,3,4,7,4,3,3,1,1,5
2024-02-03_uc_davis_cal_poly,UC Davis,15,"Turner, Evanne",True,40,1,10,0.1,1,5,0.2,0,0,,2,1,3,3,2,4,0,3,3
2024-02-03_uc_davis_cal_poly,UC Davis,04,"Epps, Nya",False,14,1,4,0.25,0,1,0.0,0,0,,0,1,1,3,0,0,0,2,2
2024-02-03_uc_davis_cal_poly,UC Davis,03,"Gray, Campbell",False,9,0,1,0.0,0,0,,2,2,1.0,0,4,4,1,0,0,0,1,2
2024-02-03_uc_davis_cal_poly,UC Davis,41,"Shine, Bria",False,8,0,1,0.0,0,1,0.0,0,0,,0,0,0,1,0,0,0,0,0
2024-02-03_uc_davis_cal_poly,UC Davis,23,"Baker, Victoria",False,3,0,1,0.0,0,1,0.0,0,0,,0,0,0,1,0,0,0,0,0
2024-02-03_uc_davis_cal_poly,UC Davis,10,"Svanholm, Lena",False,2,0,1,0.0,0,0,,0,0,,0,0,0,1,0,0,0,0,0
2024-02-03_uc_davis_cal_poly,UC Davis,20,"Fitzgerald, Ally",False,1,0,0,,0,0,,0,0,,0,0,0,0,0,0,0,0,0
2024-02-03_uc_davis_cal_poly,UC Davis,TM,TEAM,False,0,0,0,,0,0,,0,0,,1,2,3,0,0,1,0,0,0
2024-02-03_hawaii_uc_irvine,UC Irvine,13,"Lee, Deja",True,38,9,19,0.474,0,4,0.0,3,5,0.6,3,3,6,3,2,1,0,4,21
2024-02-03_hawaii_uc_irvine,UC Irvine,24,"Dean, Nevaeh",True,29,1,3,0.333,0,0,,0,0,,2,1,3,3,0,0,1,1,2
2024-02-03_hawaii_uc_irvine,UC Irvine,23,"Konate, Diaba",True,27,0,10,0.0,0,0,,2,2,1.0,1,1,2,3,1,1,0,2,2
2024-02-03_hawaii_uc_irvine,UC Irvine,03,"Tom, Nikki",True,28,0,6,0.0,0,3,0.0,0,0,,1,1,2,1,1,1,0,2,0
2024-02-03_hawaii_uc_irvine,UC Irvine,11,"Scharpf, Amelia",True,16,0,3,0.0,0,2,0.0,0,0,,1,1,2,1,1,0,0,1,0
2024-02-03_hawaii_uc_irvine,UC Irvine,01,"Johnson Sidi Baba, Moulayna",False,21,2,9,0.222,0,3,0.0,3,4,0.75,2,6,8,0,0,0,0,0,7
2024-02-03_hawaii_uc_irvine,UC Irvine,32,"Parkinson, Nevaeh",False,13,2,6,0.333,0,0,,2,4,0.5,1,5,6,2,0,2,0,0,6
2024-02-03_hawaii_uc_irvine,UC Irvine,12,"Nahum, Shirel",False,17,2,5,0.4,0,1,0.0,1,2,0.5,0,0,0,2,1,1,0,0,5
2024-02-03_hawaii_uc_irvine,UC Irvine,33,"Kaupu, Caiyle",False,9,0,3,0.0,0,2,0.0,0,0,,0,0,0,2,0,0,0,0,0
2024-02-03_hawaii_uc_irvine,UC Irvine,22,"Djoko, Clara",False,2,0,0,,0,0,,0,0,,0,0,0,0,0,0,0,0,0
2024-02-03_hawaii_uc_irvine,UC Irvine,TM,TEAM,False,0,0,0,,0,0,,0,0,,2,1,3,0,0,0,0,0,0
2024-02-03_hawaii_uc_irvine,Hawaii,23,"McBee, MeiLani",True,30,5,11,0.455,2,7,0.286,2,2,1.0,0,7,7,2,0,1,2,1,14
2024-02-03_hawaii_uc_irvine,Hawaii,03,"Wahinekapu, Lily",True,30,4,11,0.364,1,5,0.2,2,3,0.667,2,5,7,3,2,2,0,2,11
2024-02-03_hawaii_uc_irvine,Hawaii,12,"Perez, Imani",True,30,4,5,0.8,0,1,0.0,2,3,0.667,1,5,6,3,0,5,0,0,10
2024-02-03_hawaii_uc_irvine,Hawaii,45,"Davies, Olivia",True,15,2,4,0.5,2,4,0.5,1,2,0.5,1,3,4,2,2,2,0,0,7
2024-02-03_hawaii_uc_irvine,Hawaii,02,"Thoms, Ashley",True,22,0,3,0.0,0,2,0.0,0,2,0.0,1,0,1,0,1,1,0,0,0
2024-02-03_hawaii_uc_irvine,Hawaii,15,"Phillips, Daejah",False,25,2,4,0.5,0,2,0.0,5,6,0.833,0,7,7,4,3,1,1,0,9
2024-02-03_hawaii_uc_irvine,Hawaii,34,"David, Jacque",False,19,1,2,0.5,0,1,0.0,0,0,,0,3,3,3,1,0,0,0,2
2024-02-03_hawaii_uc_irvine,Hawaii,22,"Peacock, Jade",False,13,0,2,0.0,0,2,0.0,2,2,1.0,0,0,0,1,0,0,0,0,2
2024-02-03_hawaii_uc_irvine,Hawaii,01,"Imai, Kelsie",False,16,0,1,0.0,0,0,,0,0,,0,0,0,1,1,4,0,1,0
2024-02-03_hawaii_uc_irvine,Hawaii,11,"Berrett, Vivienne",False,,0,0,,0,0,,0,0,,0,0,0,0,0,0,0,0,0
2024-02-03_hawaii_uc_irvine,Hawaii,TM,TEAM,False,0,0,0,,0,0,,0,0,,3,6,9,0,0,1,0,0,0
2024-02-03_uc_san_diego_long_beach_st,Long Beach St.,10,"Valenti-Paea, Casey",True,32,3,8,0.375,1,4,0.25,7,7,1.0,2,4,6,3,0,2,1,2,14
2024-02-03_uc_san_diego_long_beach_st,Long Beach St.,02,"Tucker, Savannah",True,36,2,9,0.222,1,6,0.167,2,2,1.0,2,1,3,2,1,3,3,3,7
2024-02-03_uc_san_diego_long_beach_st,Long Beach St.,03,"Chung, Patricia",True,29,1,10,0.1,1,6,0.167,2,2,1.0,1,4,5,4,3,3,0,0,5
2024-02-03_uc_san_diego_long_beach_st,Long Beach St.,52,"Matthews, Davai",True,25,2,7,0.286,0,0,,1,2,0.5,1,3,4,3,1,0,0,1,5
2024-02-03_uc_san_diego_long_beach_st,Long Beach St.,22,"Woodley, Sydney",True,32,1,11,0.091,0,6,0.0,1,2,0.5,2,0,2,4,0,3,0,3,3
2024-02-03_uc_san_diego_long_beach_st,Long Beach St.,12,"Crawshaw , Jada",False,21,3,8,0.375,0,1,0.0,0,0,,2,2,4,3,1,2,0,2,6
2024-02-03_uc_san_diego_long_beach_st,Long Beach St.,30,"Moore, Olivia",False,14,2,6,0.333,1,2,0.5,0,0,,1,0,1,0,1,2,0,0,5
2024-02-03_uc_san_diego_long_beach_st,Long Beach St.,04,"Givens, Cheyenne",False,7,0,1,0.0,0,1,0.0,0,0,,0,0,0,1,0,2,0,0,0
2024-02-03_uc_san_diego_long_beach_st,Long Beach St.,00,"Cummings , Lauren",False,4,0,0,,0,0,,0,0,,1,1,2,1,0,0,0,0,0
2024-02-03_uc_san_diego_long_beach_st,Long Beach St.,TM,TEAM,False,0,0,0,,0,0,,0,0,,5,1,6,0,0,0,0,0,0
2024-02-03_uc_san_diego_long_beach_st,UC San Diego,24,"Pinto, Denali",True,26,7,12,0.583,4,9,0.444,3,4,0.75,1,5,6,1,1,0,0,0,21
2024-02-03_uc_san_diego_long_beach_st,UC San Diego,22,"Gallegos, Gracie",True,34,5,9,0.556,0,1,0.0,5,5,1.0,2,5,7,0,1,4,1,1,15
2024-02-03_uc_san_diego_long_beach_st,UC San Diego,03,"Sugapong, Sumayah",True,17,5,9,0.556,2,5,0.4,0,0,,1,2,3,2,2,3,0,3,12
2024-02-03_uc_san_diego_long_beach_st,UC San Diego,20,"Forsyth, Izzy",True,27,4,12,0.333,1,5,0.2,2,4,0.5,5,5,10,1,3,2,0,2,11
2024-02-03_uc_san_diego_long_beach_st,UC San Diego,32,"Montgomery, Parker",True,30,3,8,0.375,2,6,0.333,2,2,1.0,1,2,3,5,1,4,0,2,10
2024-02-03_uc_san_diego_long_beach_st,UC San Diego,33,"Svoboda, Emma",False,21,4,5,0.8,0,0,,0,0,,2,2,4,1,1,0,1,1,8
2024-02-03_uc_san_diego_long_beach_st,UC San Diego,35,"Springs, Katie",False,8,0,0,,0,0,,1,2,0.5,1,4,5,5,1,0,0,0,1
2024-02-03_uc_san_diego_long_beach_st,UC San Diego,23,"Blithikioti, Eri",False,18,0,2,0.0,0,1,0.0,0,0,,0,1,1,1,3,1,0,0,0
2024-02-03_uc_san_diego_long_beach_st,UC San Diego,05,"Louther, Gabby",False,12,0,0,,0,0,,0,0,,1,1,2,1,0,0,0,0,0
2024-02-03_uc_san_diego_long_beach_st,UC San Diego,13,"Amosa, Meaali‘i",False,6,0,0,,0,0,,0,2,0.0,1,2,3,1,1,1,1,0,0
2024-02-03_uc_san_diego_long_beach_st,UC San Diego,11,"Condron, Erin",False,1,0,0,,0,0,,0,0,,0,0,0,0,0,0,0,0,0
2024-02-03_uc_san_diego_long_beach_st,UC San Diego,TM,TEAM,False,0,0,0,,0,0,,0,0,,0,2,2,0,0,0,0,0,0
2024-02-03_uc_santa_barbara_csu_bakersfield,CSU Bakersfield,23,"Olivares, Jordan",True,27,6,12,0.5,1,3,0.333,6,6,1.0,0,6,6,4,1,1,0,4,19
2024-02-03_uc_santa_barbara_csu_bakersfield,CSU Bakersfield,00,"Brown, Shaunae",True,34,8,15,0.533,1,6,0.167,0,0,,0,1,1,2,1,1,0,0,17
2024-02-03_uc_santa_barbara_csu_bakersfield,CSU Bakersfield,32,"Freeman, Garrisen",True,25,1,6,0.167,0,1,0.0,1,2,0.5,2,1,3,2,0,0,0,0,3
2024-02-03_uc_santa_barbara_csu_bakersfield,CSU Bakersfield,14,"Ortiz, Nseije",True,23,0,1,0.0,0,0,,0,0,,0,4,4,2,5,1,1,0,0
2024-02-03_uc_santa_barbara_csu_bakersfield,CSU Bakersfield,15,"Porter, Amourie",True,17,0,4,0.0,0,1,0.0,0,0,,0,4,4,4,0,1,0,1,0
2024-02-03_uc_santa_barbara_csu_bakersfield,CSU Bakersfield,33,"Riley, Julia",False,14,2,4,0.5,2,3,0.667,0,0,,0,1,1,0,0,1,0,0,6
2024-02-03_uc_santa_barbara_csu_bakersfield,CSU Bakersfield,04,"Hunter, Grace",False,22,2,5,0.4,0,0,,0,0,,0,1,1,3,1,2,0,1,4
2024-02-03_uc_santa_barbara_csu_bakersfield,CSU Bakersfield,05,"Tougas, Sophia",False,20,1,7,0.143,0,4,0.0,0,0,,0,5,5,1,0,0,0,1,2
2024-02-03_uc_santa_barbara_csu_bakersfield,CSU Bakersfield,02,"Edwards, Morgan",False,9,1,1,1.0,0,0,,0,0,,0,2,2,0,0,0,0,0,2
2024-02-03_uc_santa_barbara_csu_bakersfield,CSU Bakersfield,12,"Johnson, Cassidy",False,9,1,2,0.5,0,0,,0,0,,1,2,3,0,0,0,1,0,2
2024-02-03_uc_santa_barbara_csu_bakersfield,CSU Bakersfield,TM,TEAM,False,0,0,0,,0,0,,0,0,,3,2,5,0,0,0,0,0,0
2024-02-03_uc_santa_barbara_csu_bakersfield,UC Santa Barbara,55,"Burke, Skylar",True,29,6,11,0.545,0,4,0.0,7,7,1.0,2,2,4,3,3,2,0,0,19
2024-02-03_uc_santa_barbara_csu_bakersfield,UC Santa Barbara,03,"Marin, Alyssa",True,31,2,10,0.2,0,5,0.0,4,6,0.667,0,3,3,1,1,1,0,1,8
2024-02-03_uc_santa_barbara_csu_bakersfield,UC Santa Barbara,23,"Whitfield, Alexis",True,37,2,10,0.2,0,0,,1,3,0.333,4,14,18,1,3,3,0,0,5
2024-02-03_uc_santa_barbara_csu_bakersfield,UC Santa Barbara,20,"Rockwood, Laurel",True,21,1,2,0.5,0,0,,0,0,,0,4,4,0,0,1,1,0,2
2024-02-03_uc_santa_barbara_csu_bakersfield,UC Santa Barbara,10,"Choice, Anya",True,25,0,5,0.0,0,2,0.0,0,0,,3,1,4,3,2,1,0,0,0
2024-02-03_uc_santa_barbara_csu_bakersfield,UC Santa Barbara,15,"McMorris, Mary",False,19,4,7,0.571,1,2,0.5,2,2,1.0,0,2,2,1,2,0,0,1,11
2024-02-03_uc_santa_barbara_csu_bakersfield,UC Santa Barbara,02,"Borter, Zoe",False,22,3,7,0.429,0,4,0.0,0,0,,0,2,2,1,0,1,0,0,6
2024-02-03_uc_santa_barbara_csu_bakersfield,UC Santa Barbara,32,"Grant, Jessica",False,16,2,6,0.333,2,6,0.333,0,0,,0,1,1,0,2,1,0,0,6
2024-02-03_uc_santa_barbara_csu_bakersfield,UC Santa Barbara,TM,TEAM,False,0,0,0,,0,0,,0,0,,2,1,3,0,0,0,0,0,0
2024-02-03_uc_riverside_csun,CSUN,23,"Li-uperesa , Talo",True,32,5,7,0.714,1,2,0.5,2,2,1.0,1,7,8,1,0,1,0,3,13
2024-02-03_uc_riverside_csun,CSUN,24,"Spriggs, Kayanna",True,29,3,9,0.333,0,0,,3,5,0.6,1,2,3,0,2,5,1,0,9
2024-02-03_uc_riverside_csun,CSUN,15,"Amundsen, Laney",True,34,2,7,0.286,1,4,0.25,0,0,,1,7,8,1,1,4,1,1,5
2024-02-03_uc_riverside_csun,CSUN,20,"Adams, Erica",True,20,0,3,0.0,0,1,0.0,0,0,,0,0,0,3,1,4,0,0,0
2024-02-03_uc_riverside_csun,CSUN,4,"Harvey, Rachel",True,15,0,3,0.0,0,0,,0,0,,0,4,4,1,1,2,0,1,0
2024-02-03_uc_riverside_csun,CSUN,22,"Elsholz, Kaitlyn",False,30,4,13,0.308,2,6,0.333,1,1,1.0,0,2,2,2,1,1,0,4,11
2024-02-03_uc_riverside_csun,CSUN,1,"Ferguson, Amiyah",False,20,2,11,0.182,0,3,0.0,2,2,1.0,1,2,3,0,2,3,0,5,6
2024-02-03_uc_riverside_csun,CSUN,10,"Lizama, Alondra",False,3,1,2,0.5,0,0,,0,0,,0,0,0,0,0,0,0,0,2
2024-02-03_uc_riverside_csun,CSUN,11,"Smith, Olivia",False,17,0,1,0.0,0,1,0.0,0,0,,0,0,0,0,1,1,0,0,0
2024-02-03_uc_riverside_csun,CSUN,TM,TEAM,False,0,0,0,,0,0,,0,0,,5,1,6,0,0,2,0,0,0
2024-02-03_uc_riverside_csun,UC Riverside,1,"Bryant, Matehya",True,27,10,12,0.833,0,0,,0,0,,0,6,6,4,6,1,1,1,20
2024-02-03_uc_riverside_csun,UC Riverside,00,"Jackson, Makayla",True,29,4,8,0.5,4,7,0.571,0,0,,1,0,1,0,2,2,0,1,12
2024-02-03_uc_riverside_csun,UC Riverside,2,"Walters, Ryanne",True,31,5,10,0.5,1,2,0.5,0,0,,0,6,6,0,6,3,0,2,11
2024-02-03_uc_riverside_csun,UC Riverside,32,"Webster, Jordan",True,22,3,11,0.273,0,3,0.0,0,0,,2,5,7,2,2,2,0,1,6
2024-02-03_uc_riverside_csun,UC Riverside,10,"Stenberg, Julia",True,13,0,3,0.0,0,3,0.0,0,0,,0,0,0,2,1,1,0,0,0
2024-02-03_uc_riverside_csun,UC Riverside,11,"Matarranz, Esther",False,24,4,7,0.571,0,0,,0,0,,2,2,4,0,4,4,0,1,8
2024-02-03_uc_riverside_csun,UC Riverside,15,"Sanderson, Jaden",False,13,2,4,0.5,0,0,,0,0,,2,2,4,2,2,2,0,0,4
2024-02-03_uc_riverside_csun,UC Riverside,23,"Aikins, India",False,10,1,3,0.333,0,0,,2,4,0.5,0,1,1,0,0,0,0,0,4
2024-02-03_uc_riverside_csun,UC Riverside,3,"Tillery, Zoe",False,3,1,1,1.0,1,1,1.0,0,0,,0,0,0,0,0,0,0,1,3
2024-02-03_uc_riverside_csun,UC Riverside,4,"Marshall, Jordyn",False,25,1,5,0.2,0,1,0.0,0,0,,0,6,6,1,1,3,0,2,2
2024-02-03_uc_riverside_csun,UC Riverside,13,"Chocano, Maya",False,3,0,0,,0,0,,0,0,,0,0,0,0,0,0,0,0,0
2024-02-03_uc_riverside_csun,UC Riverside,TM,TEAM,False,0,0,0,,0,0,,0,0,,2,2,4,0,0,0,0,0,0
2024-02-08_cal_st_fullerton_uc_davis,UC Davis,14,"Sabel, Tova",True,35,7,16,0.438,2,9,0.222,1,3,0.333,0,7,7,1,2,0,0,0,17
2024-02-08_cal_st_fullerton_uc_davis,UC Davis,15,"Turner, Evanne",True,36,5,12,0.417,2,6,0.333,2,4,0.5,1,3,4,3,2,6,0,1,14
2024-02-08_cal_st_fullerton_uc_davis,UC Davis,13,"Burns, Sydney",True,23,2,2,1.0,1,1,1.0,5,5,1.0,0,2,2,0,2,1,0,3,10
2024-02-08_cal_st_fullerton_uc_davis,UC Davis,25,"Norris, Megan",True,33,3,9,0.333,0,1,0.0,1,4,0.25,4,5,9,1,4,3,0,3,7
2024-02-08_cal_st_fullerton_uc_davis,UC Davis,33,"Harris, Mazatlan",True,20,1,1,1.0,1,1,1.0,0,0,,1,2,3,2,1,2,0,1,3
2024-02-08_cal_st_fullerton_uc_davis,UC Davis,11,"Glad, Clara",False,17,2,4,0.5,1,2,0.5,0,0,,1,1,2,2,0,0,0,0,5
2024-02-08_cal_st_fullerton_uc_davis,UC Davis,41,"Shine, Bria",False,12,1,1,1.0,1,1,1.0,0,0,,0,2,2,1,0,0,0,1,3
2024-02-08_cal_st_fullerton_uc_davis,UC Davis,04,"Epps, Nya",False,8,1,4,0.25,0,1,0.0,0,0,,1,0,1,0,0,3,0,3,2
2024-02-08_cal_st_fullerton_uc_davis,UC Davis,03,"Gray, Campbell",False,6,0,0,,0,0,,0,0,,0,1,1,1,0,3,0,1,0
2024-02-08_cal_st_fullerton_uc_davis,UC Davis,23,"Baker, Victoria",False,6,0,2,0.0,0,1,0.0,0,0,,0,0,0,2,0,0,0,0,0
2024-02-08_cal_st_fullerton_uc_davis,UC Davis,10,"Svanholm, Lena",False,4,0,0,,0,0,,0,0,,0,0,0,1,1,0,0,0,0
2024-02-08_cal_st_fullerton_uc_davis,UC Davis,TM,TEAM,False,0,0,0,,0,0,,0,0,,1,1,2,0,0,1,0,0,0
2024-02-08_cal_st_fullerton_uc_davis,Cal St. Fullerton,32,"Lewis, Ashlee",True,31,6,9,0.667,0,0,,0,1,0.0,1,10,11,5,0,7,2,4,12
2024-02-08_cal_st_fullerton_uc_davis,Cal St. Fullerton,02,"Hassmann, Hope",True,30,4,14,0.286,1,5,0.2,0,0,,0,0,0,2,0,5,2,4,9
2024-02-08_cal_st_fullerton_uc_davis,Cal St. Fullerton,21,"Tse, Allysan",True,21,1,7,0.143,1,3,0.333,2,2,1.0,0,2,2,1,0,0,0,0,5
2024-02-08_cal_st_fullerton_uc_davis,Cal St. Fullerton,04,"Vidmar, Gabi",True,39,1,6,0.167,0,3,0.0,2,2,1.0,1,3,4,2,2,1,0,2,4
2024-02-08_cal_st_fullerton_uc_davis,Cal St. Fullerton,24,"Neff, Kathryn",True,14,0,1,0.0,0,1,0.0,0,0,,0,1,1,1,1,0,0,1,0
2024-02-08_cal_st_fullerton_uc_davis,Cal St. Fullerton,10,"Lagway, Demonnie",False,16,4,7,0.571,0,1,0.0,1,2,0.5,0,0,0,1,1,0,0,1,9
2024-02-08_cal_st_fullerton_uc_davis,Cal St. Fullerton,12,"Levingston, Eva",False,22,2,5,0.4,0,0,,1,2,0.5,2,1,3,5,1,2,0,1,5
2024-02-08_cal_st_fullerton_uc_davis,Cal St. Fullerton,23,"Strachan, Emily",False,12,1,1,1.0,0,0,,2,2,1.0,1,1,2,2,1,1,0,0,4
2024-02-08_cal_st_fullerton_uc_davis,Cal St. Fullerton,03,"Salazar-Harrell, Kaliana",False,9,0,0,,0,0,,0,0,,1,0,1,0,1,1,0,1,0
2024-02-08_cal_st_fullerton_uc_davis,Cal St. Fullerton,13,"Hernandez, Aixchel",False,6,0,2,0.0,0,0,,0,0,,0,2,2,0,0,0,0,0,0
2024-02-08_cal_st_fullerton_uc_davis,Cal St. Fullerton,TM,TEAM,False,0,0,0,,0,0,,0,0,,1,3,4,0,0,3,0,0,0
2024-02-08_uc_san_diego_hawaii,Hawaii,03,"Wahinekapu, Lily",True,28,5,14,0.357,4,8,0.5,2,2,1.0,3,4,7,0,4,1,0,1,16
2024-02-08_uc_san_diego_hawaii,Hawaii,12,"Perez, Imani",True,22,5,7,0.714,0,0,,0,0,,1,2,3,5,1,0,0,1,10
2024-02-08_uc_san_diego_hawaii,Hawaii,45,"Davies, Olivia",True,13,3,8,0.375,2,6,0.333,0,0,,0,3,3,1,2,0,0,0,8
2024-02-08_uc_san_diego_hawaii,Hawaii,23,"McBee, MeiLani",True,26,2,4,0.5,1,2,0.5,0,0,,1,3,4,3,0,1,3,1,5
2024-02-08_uc_san_diego_hawaii,Hawaii,02,"Thoms, Ashley",True,29,2,3,0.667,0,1,0.0,0,0,,0,1,1,1,1,0,0,1,4
2024-02-08_uc_san_diego_hawaii,Hawaii,15,"Phillips, Daejah",False,29,4,6,0.667,0,1,0.0,3,4,0.75,1,7,8,0,2,3,0,1,11
2024-02-08_uc_san_diego_hawaii,Hawaii,34,"David, Jacque",False,18,1,8,0.125,1,5,0.2,3,4,0.75,0,1,1,2,2,2,0,1,6
2024-02-08_uc_san_diego_hawaii,Hawaii,01,"Imai, Kelsie",False,18,2,5,0.4,0,1,0.0,0,0,,1,3,4,1,3,1,0,1,4
2024-02-08_uc_san_diego_hawaii,Hawaii,22,"Peacock, Jade",False,9,0,4,0.0,0,4,0.0,0,0,,1,0,1,0,0,1,0,0,0
2024-02-08_uc_san_diego_hawaii,Hawaii,11,"Berrett, Vivienne",False,8,0,0,,0,0,,0,0,,0,2,2,3,0,1,0,0,0
2024-02-08_uc_san_diego_hawaii,Hawaii,TM,TEAM,False,0,0,0,,0,0,,0,0,,2,1,3,0,0,3,0,0,0
2024-02-08_uc_san_diego_hawaii,UC San Diego,22,"Gallegos, Gracie",True,32,5,11,0.455,2,3,0.667,1,2,0.5,2,2,4,3,3,0,0,1,13
2024-02-08_uc_san_diego_hawaii,UC San Diego,03,"Sugapong, Sumayah",True,31,4,16,0.25,1,5,0.2,0,0,,0,1,1,4,3,5,1,0,9
2024-02-08_uc_san_diego_hawaii,UC San Diego,24,"Pinto, Denali",True,28,2,5,0.4,2,4,0.5,2,3,0.667,0,3,3,1,0,2,0,2,8
2024-02-08_uc_san_diego_hawaii,UC San Diego,32,"Montgomery, Parker",True,37,3,10,0.3,0,3,0.0,0,0,,1,1,2,2,2,2,0,0,6
2024-02-08_uc_san_diego_hawaii,UC San Diego,20,"Forsyth, Izzy",True,18,0,2,0.0,0,1,0.0,2,2,1.0,1,0,1,0,1,1,0,0,2
2024-02-08_uc_san_diego_hawaii,UC San Diego,30,"Sule, Damilola",False,25,2,5,0.4,0,0,,8,12,0.667,5,7,12,2,0,0,2,2,12
2024-02-08_uc_san_diego_hawaii,UC San Diego,11,"Condron, Erin",False,5,1,2,0.5,0,0,,0,0,,0,2,2,0,0,0,0,0,2
2024-02-08_uc_san_diego_hawaii,UC San Diego,33,"Svoboda, Emma",False,9,0,0,,0,0,,0,0,,0,1,1,1,0,1,0,0,0
2024-02-08_uc_san_diego_hawaii,UC San Diego,05,"Louther, Gabby",False,6,0,0,,0,0,,0,0,,0,2,2,0,1,1,0,0,0
2024-02-08_uc_san_diego_hawaii,UC San Diego,35,"Springs, Katie",False,5,0,0,,0,0,,0,0,,0,1,1,1,0,0,0,0,0
2024-02-08_uc_san_diego_hawaii,UC San Diego,23,"Blithikioti, Eri",False,4,0,2,0.0,0,1,0.0,0,0,,0,1,1,0,0,0,0,0,0
2024-02-08_uc_san_diego_hawaii,UC San Diego,TM,TEAM,False,0,0,0,,0,0,,0,0,,2,3,5,0,0,1,0,0,0
2024-02-08_uc_irvine_uc_santa_barbara,UC Santa Barbara,23,"Whitfield, Alexis",True,31,2,9,0.222,1,2,0.5,4,4,1.0,0,8,8,3,1,2,0,0,9
2024-02-08_uc_irvine_uc_santa_barbara,UC Santa Barbara,20,"Rockwood, Laurel",True,31,2,4,0.5,0,0,,1,2,0.5,3,5,8,3,0,0,3,0,5
2024-02-08_uc_irvine_uc_santa_barbara,UC Santa Barbara,55,"Burke, Skylar",True,19,1,3,0.333,1,1,1.0,2,2,1.0,3,0,3,3,0,2,0,1,5
2024-02-08_uc_irvine_uc_santa_barbara,UC Santa Barbara,10,"Choice, Anya",True,34,1,3,0.333,1,2,0.5,0,0,,1,0,1,2,2,5,0,0,3
2024-02-08_uc_irvine_uc_santa_barbara,UC Santa Barbara,3,"Marin, Alyssa",True,7,0,3,0.0,0,2,0.0,0,0,,0,1,1,1,0,1,0,0,0
2024-02-08_uc_irvine_uc_santa_barbara,UC Santa Barbara,32,"Grant, Jessica",False,28,3,9,0.333,2,7,0.286,2,2,1.0,0,0,0,1,1,2,0,0,10
2024-02-08_uc_irvine_uc_santa_barbara,UC Santa Barbara,15,"McMorris, Mary",False,23,3,9,0.333,0,2,0.0,0,0,,0,2,2,1,2,3,0,1,6
2024-02-08_uc_irvine_uc_santa_barbara,UC Santa Barbara,2,"Borter, Zoe",False,23,0,3,0.0,0,2,0.0,0,0,,0,0,0,2,1,1,0,1,0
2024-02-08_uc_irvine_uc_santa_barbara,UC Santa Barbara,14,"Coon, Kanani",False,2,0,0,,0,0,,0,0,,0,0,0,0,0,0,0,0,0
2024-02-08_uc_irvine_uc_santa_barbara,UC Santa Barbara,25,"Cabuena, Analillia",False,2,0,1,0.0,0,0,,0,0,,0,0,0,0,0,0,0,0,0
2024-02-08_uc_irvine_uc_santa_barbara,UC Santa Barbara,TM,TEAM,False,0,0,0,,0,0,,0,0,,0,2,2,0,0,3,0,0,0
2024-02-08_uc_irvine_uc_santa_barbara,UC Irvine,13,"Lee, Déja",True,28,4,7,0.571,1,1,1.0,0,0,,1,2,3,3,0,0,0,3,9
2024-02-08_uc_irvine_uc_santa_barbara,UC Irvine,24,"Dean, Nevaeh",True,24,3,6,0.5,0,1,0.0,2,2,1.0,1,1,2,3,3,0,0,2,8
2024-02-08_uc_irvine_uc_santa_barbara,UC Irvine,11,"Scharpf, Amelia",True,25,2,7,0.286,1,3,0.333,0,0,,1,4,5,0,1,0,0,0,5
2024-02-08_uc_irvine_uc_santa_barbara,UC Irvine,23,"Konate, Diaba",True,25,2,9,0.222,0,0,,0,0,,0,2,2,1,4,2,0,0,4
2024-02-08_uc_irvine_uc_santa_barbara,UC Irvine,3,"Tom, Nikki",True,27,1,5,0.2,0,2,0.0,0,0,,4,4,8,1,2,3,0,3,2
2024-02-08_uc_irvine_uc_santa_barbara,UC Irvine,12,"Nahum, Shirel",False,21,4,8,0.5,1,3,0.333,1,1,1.0,1,3,4,2,3,3,0,2,10
2024-02-08_uc_irvine_uc_santa_barbara,UC Irvine,1,"Johnson Sidi Baba, Moulayna",False,16,4,7,0.571,1,1,1.0,1,2,0.5,3,4,7,0,1,0,0,1,10
2024-02-08_uc_irvine_uc_santa_barbara,UC Irvine,32,"Parkinson, Nevaeh",False,16,3,10,0.3,0,0,,4,4,1.0,4,1,5,3,1,1,0,0,10
2024-02-08_uc_irvine_uc_santa_barbara,UC Irvine,22,"Djoko, Clara",False,10,1,2,0.5,0,0,,0,0,,1,1,2,0,0,0,0,0,2
2024-02-08_uc_irvine_uc_santa_barbara,UC Irvine,5,"Ross, Tarryn",False,3,0,1,0.0,0,1,0.0,0,0,,0,0,0,1,0,1,0,0,0
2024-02-08_uc_irvine_uc_santa_barbara,UC Irvine,33,"Kaupu, Caiyle",False,3,0,0,,0,0,,0,0,,0,1,1,0,0,1,0,0,0
2024-02-08_uc_irvine_uc_santa_barbara,UC Irvine,2,"Hernandez, Haley",False,2,0,0,,0,0,,0,0,,1,0,1,0,0,0,0,0,0
2024-02-08_uc_irvine_uc_santa_barbara,UC Irvine,TM,TEAM,False,0,0,0,,0,0,,0,0,,2,1,3,0,0,1,0,0,0
2024-02-08_cal_poly_csun,CSUN,24,"Spriggs, Kayanna",True,27,5,8,0.625,0,0,,4,5,0.8,2,4,6,5,0,4,2,3,14
2024-02-08_cal_poly_csun,CSUN,22,"Elsholz, Kaitlyn",True,35,3,9,0.333,3,3,1.0,4,4,1.0,2,1,3,2,2,5,0,4,13
2024-02-08_cal_poly_csun,CSUN,20,"Adams, Erica",True,26,4,7,0.571,0,0,,3,3,1.0,0,2,2,4,3,4,0,2,11
2024-02-08_cal_poly_csun,CSUN,23,"Li-uperesa , Talo",True,28,1,5,0.2,0,1,0.0,6,10,0.6,1,2,3,4,1,3,1,1,8
2024-02-08_cal_poly_csun,CSUN,15,"Amundsen, Laney",True,23,2,6,0.333,2,4,0.5,0,0,,2,4,6,5,1,5,1,0,6
2024-02-08_cal_poly_csun,CSUN,1,"Ferguson, Amiyah",False,14,3,6,0.5,1,1,1.0,2,4,0.5,1,1,2,3,1,2,0,0,9
2024-02-08_cal_poly_csun,CSUN,4,"Harvey, Rachel",False,14,2,3,0.667,1,1,1.0,0,2,0.0,1,2,3,1,0,2,0,1,5
2024-02-08_cal_poly_csun,CSUN,10,"Lizama, Alondra",False,10,1,2,0.5,0,0,,0,0,,0,1,1,3,0,1,1,0,2
2024-02-08_cal_poly_csun,CSUN,11,"Smith, Olivia",False,23,0,2,0.0,0,2,0.0,0,0,,0,0,0,1,2,2,0,2,0
2024-02-08_cal_poly_csun,CSUN,TM,TEAM,False,0,0,0,,0,0,,0,0,,1,3,4,0,0,0,0,0,0
2024-02-08_cal_poly_csun,Cal Poly,2,"Shah, Annika",True,36,5,10,0.5,5,7,0.714,10,10,1.0,2,0,2,1,2,2,0,2,25
2024-02-08_cal_poly_csun,Cal Poly,35,"Ackerman, Natalia",True,28,4,7,0.571,0,0,,9,14,0.643,4,8,12,1,1,3,2,1,17
2024-02-08_cal_poly_csun,Cal Poly,15,"Bourland, Sydney",True,31,5,11,0.455,0,0,,2,4,0.5,2,1,3,4,2,2,0,7,12
2024-02-08_cal_poly_csun,Cal Poly,5,"McNicholas, Ania",True,35,3,9,0.333,1,4,0.25,2,2,1.0,0,0,0,3,3,9,0,6,9
2024-02-08_cal_poly_csun,Cal Poly,4,"Lichtie, Sierra",True,28,1,1,1.0,0,0,,4,6,0.667,1,4,5,3,1,4,1,0,6
2024-02-08_cal_poly_csun,Cal Poly,24,"Carter, Mary",False,10,2,9,0.222,0,2,0.0,0,0,,2,3,5,3,0,1,0,0,4
2024-02-08_cal_poly_csun,Cal Poly,33,"Olinger, Amanda",False,11,1,1,1.0,0,0,,0,0,,1,3,4,0,1,1,1,1,2
2024-02-08_cal_poly_csun,Cal Poly,10,"Richards, Sidney",False,13,0,0,,0,0,,0,0,,0,2,2,4,1,2,0,0,0
2024-02-08_cal_poly_csun,Cal Poly,25,"Hoffman, Jordan",False,8,0,3,0.0,0,1,0.0,0,2,0.0,0,0,0,1,1,0,0,1,0
2024-02-08_cal_poly_csun,Cal Poly,TM,TEAM,False,0,0,0,,0,0,,0,0,,3,1,4,0,0,0,0,0,0
2024-02-08_csu_bakersfield_uc_riverside,UC Riverside,32,"Webster, Jordan",True,36,8,14,0.571,3,6,0.5,5,5,1.0,1,6,7,2,1,2,0,1,24
2024-02-08_csu_bakersfield_uc_riverside,UC Riverside,01,"Bryant, Matehya",True,35,5,12,0.417,0,0,,0,0,,2,4,6,2,0,2,0,1,10
2024-02-08_csu_bakersfield_uc_riverside,UC Riverside,02,"Walters, RyAnne",True,31,1,5,0.2,1,5,0.2,6,6,1.0,0,2,2,2,4,1,0,2,9
2024-02-08_csu_bakersfield_uc_riverside,UC Riverside,00,"Jackson, Makayla",True,34,2,9,0.222,0,4,0.0,1,2,0.5,1,4,5,3,2,0,0,3,5
2024-02-08_csu_bakersfield_uc_riverside,UC Riverside,10,"Stenberg, Julia",True,4,0,1,0.0,0,1,0.0,0,0,,0,0,0,0,0,0,0,0,0
2024-02-08_csu_bakersfield_uc_riverside,UC Riverside,15,"Sanderson, Jaden",False,18,2,4,0.5,0,1,0.0,0,0,,3,1,4,1,0,1,0,1,4
2024-02-08_csu_bakersfield_uc_riverside,UC Riverside,11,"Matarranz, Esther",False,19,1,5,0.2,0,0,,0,0,,1,3,4,1,2,2,0,0,2
2024-02-08_csu_bakersfield_uc_riverside,UC Riverside,04,"Marshall, Jordyn",False,15,0,2,0.0,0,1,0.0,0,0,,0,0,0,0,0,3,0,0,0
2024-02-08_csu_bakersfield_uc_riverside,UC Riverside,03,"Tillery, Zoe",False,5,0,0,,0,0,,0,0,,0,0,0,0,0,0,0,0,0
2024-02-08_csu_bakersfield_uc_riverside,UC Riverside,23,"Aikins, India",False,3,0,1,0.0,0,0,,0,0,,0,0,0,0,0,0,0,0,0
2024-02-08_csu_bakersfield_uc_riverside,UC Riverside,TM,TEAM,False,0,0,0,,0,0,,0,0,,1,0,1,0,0,1,0,0,0
2024-02-08_csu_bakersfield_uc_riverside,CSU Bakersfield,00,"Brown, Shaunae",True,39,7,16,0.438,4,9,0.444,0,0,,1,1,2,2,2,5,1,2,18
2024-02-08_csu_bakersfield_uc_riverside,CSU Bakersfield,23,"Olivares, Jordan",True,33,4,9,0.444,1,5,0.2,2,2,1.0,1,5,6,2,3,2,0,0,11
2024-02-08_csu_bakersfield_uc_riverside,CSU Bakersfield,15,"Porter, Amourie",True,21,3,7,0.429,0,1,0.0,2,2,1.0,1,5,6,1,0,0,0,0,8
2024-02-08_csu_bakersfield_uc_riverside,CSU Bakersfield,32,"Freeman, Garrisen",True,35,2,3,0.667,0,0,,0,0,,4,3,7,0,1,1,0,1,4
2024-02-08_csu_bakersfield_uc_riverside,CSU Bakersfield,14,"Ortiz, Nseije",True,26,0,1,0.0,0,0,,0,0,,0,2,2,2,3,5,0,1,0
2024-02-08_csu_bakersfield_uc_riverside,CSU Bakersfield,05,"Tougas, Sophia",False,10,2,7,0.286,1,5,0.2,0,0,,0,3,3,1,0,0,1,0,5
2024-02-08_csu_bakersfield_uc_riverside,CSU Bakersfield,04,"Hunter, Grace",False,17,1,3,0.333,0,1,0.0,0,0,,0,1,1,4,2,3,0,0,2
2024-02-08_csu_bakersfield_uc_riverside,CSU Bakersfield,33,"Riley, Julia",False,8,0,2,0.0,0,2,0.0,0,0,,0,3,3,1,0,1,0,1,0
2024-02-08_csu_bakersfield_uc_riverside,CSU Bakersfield,02,"Edwards, Morgan",False,6,0,0,,0,0,,0,0,,0,0,0,1,0,0,0,0,0
2024-02-08_csu_bakersfield_uc_riverside,CSU Bakersfield,12,"Johnson, Cassidy",False,5,0,0,,0,0,,0,0,,0,0,0,0,0,0,0,0,0
2024-02-08_csu_bakersfield_uc_riverside,CSU Bakersfield,TM,TEAM,False,0,0,0,,0,0,,0,0,,1,1,2,0,0,2,0,0,0
2024-02-10_uc_davis_hawaii,Hawaii,12,"Perez, Imani",True,34,5,10,0.5,2,4,0.5,2,4,0.5,3,4,7,3,0,0,0,0,14
2024-02-10_uc_davis_hawaii,Hawaii,03,"Wahinekapu, Lily",True,30,3,5,0.6,2,2,1.0,4,4,1.0,1,4,5,1,3,4,0,0,12
2024-02-10_uc_davis_hawaii,Hawaii,45,"Davies, Olivia",True,15,2,6,0.333,2,5,0.4,0,0,,1,2,3,2,2,0,0,0,6
2024-02-10_uc_davis_hawaii,Hawaii,23,"McBee, MeiLani",True,37,2,11,0.182,1,7,0.143,0,0,,2,3,5,2,1,3,0,4,5
2024-02-10_uc_davis_hawaii,Hawaii,02,"Thoms, Ashley",True,31,0,4,0.0,0,2,0.0,0,0,,0,0,0,2,1,0,0,0,0
2024-02-10_uc_davis_hawaii,Hawaii,15,"Phillips, Daejah",False,25,2,10,0.2,0,1,0.0,6,9,0.667,3,4,7,4,0,1,0,2,10
2024-02-10_uc_davis_hawaii,Hawaii,01,"Imai, Kelsie",False,19,2,6,0.333,0,2,0.0,0,1,0.0,0,0,0,3,1,3,0,0,4
2024-02-10_uc_davis_hawaii,Hawaii,34,"David, Jacque",False,5,0,2,0.0,0,2,0.0,0,0,,0,2,2,0,0,0,0,0,0
2024-02-10_uc_davis_hawaii,Hawaii,22,"Peacock, Jade",False,4,0,0,,0,0,,0,0,,0,0,0,0,0,0,1,1,0
2024-02-10_uc_davis_hawaii,Hawaii,TM,TEAM,False,0,0,0,,0,0,,0,0,,1,3,4,0,0,0,0,0,0
2024-02-10_uc_davis_hawaii,UC Davis,14,"Sabel, Tova",True,38,5,11,0.455,2,5,0.4,5,5,1.0,0,7,7,2,1,2,0,0,17
2024-02-10_uc_davis_hawaii,UC Davis,15,"Turner, Evanne",True,39,4,10,0.4,1,5,0.2,2,3,0.667,0,4,4,1,2,2,0,0,11
2024-02-10_uc_davis_hawaii,UC Davis,33,"Harris, Mazatlan",True,19,2,4,0.5,1,3,0.333,0,0,,1,2,3,4,1,0,0,1,5
2024-02-10_uc_davis_hawaii,UC Davis,25,"Norris, Megan",True,23,2,4,0.5,0,2,0.0,0,0,,0,4,4,4,3,4,3,0,4
2024-02-10_uc_davis_hawaii,UC Davis,13,"Burns, Sydney",True,12,1,2,0.5,0,1,0.0,0,0,,0,1,1,1,1,2,0,0,2
2024-02-10_uc_davis_hawaii,UC Davis,23,"Baker, Victoria",False,18,5,7,0.714,1,2,0.5,1,1,1.0,0,4,4,3,2,1,1,0,12
2024-02-10_uc_davis_hawaii,UC Davis,04,"Epps, Nya",False,22,5,8,0.625,0,1,0.0,0,0,,0,2,2,2,0,1,0,2,10
2024-02-10_uc_davis_hawaii,UC Davis,41,"Shine, Bria",False,15,0,2,0.0,0,1,0.0,0,0,,0,3,3,2,0,0,0,0,0
2024-02-10_uc_davis_hawaii,UC Davis,03,"Gray, Campbell",False,8,0,0,,0,0,,0,0,,0,1,1,2,0,1,0,1,0
2024-02-10_uc_davis_hawaii,UC Davis,10,"Svanholm, Lena",False,3,0,0,,0,0,,0,0,,1,1,2,0,1,0,0,0,0
2024-02-10_uc_davis_hawaii,UC Davis,11,"Glad, Clara",False,3,0,1,0.0,0,1,0.0,0,0,,0,0,0,1,0,0,0,0,0
2024-02-10_uc_davis_hawaii,UC Davis,TM,TEAM,False,0,0,0,,0,0,,0,0,,2,2,4,0,0,0,0,0,0
2024-02-10_uc_irvine_uc_riverside,UC Riverside,32,"Webster, Jordan",True,34,4,17,0.235,1,5,0.2,7,8,0.875,2,3,5,3,2,3,0,1,16
2024-02-10_uc_irvine_uc_riverside,UC Riverside,1,"Bryant, Matehya",True,34,6,11,0.545,0,0,,0,0,,3,5,8,1,2,2,0,0,12
2024-02-10_uc_irvine_uc_riverside,UC Riverside,00,"Jackson, Makayla",True,33,3,6,0.5,2,4,0.5,1,2,0.5,0,1,1,1,0,1,0,0,9
2024-02-10_uc_irvine_uc_riverside,UC Riverside,11,"Matarranz, Esther",True,28,3,11,0.273,0,0,,0,0,,4,3,7,4,5,1,0,2,6
2024-02-10_uc_irvine_uc_riverside,UC Riverside,2,"Walters, Ryanne",True,33,1,3,0.333,1,2,0.5,0,0,,0,0,0,2,2,2,0,3,3
2024-02-10_uc_irvine_uc_riverside,UC Riverside,15,"Sanderson, Jaden",False,16,3,6,0.5,0,0,,1,1,1.0,0,2,2,2,0,1,0,1,7
2024-02-10_uc_irvine_uc_riverside,UC Riverside,4,"Marshall, Jordyn",False,13,0,3,0.0,0,0,,0,0,,0,0,0,0,1,1,1,0,0
2024-02-10_uc_irvine_uc_riverside,UC Riverside,3,"Tillery, Zoe",False,5,0,1,0.0,0,1,0.0,0,0,,0,0,0,1,0,0,0,0,0
2024-02-10_uc_irvine_uc_riverside,UC Riverside,10,"Stenberg, Julia",False,2,0,0,,0,0,,0,0,,0,0,0,0,0,1,0,0,0
2024-02-10_uc_irvine_uc_riverside,UC Riverside,23,"Aikins, India",False,2,0,0,,0,0,,0,0,,0,0,0,0,0,1,0,0,0
2024-02-10_uc_irvine_uc_riverside,UC Riverside,TM,TEAM,False,0,0,0,,0,0,,0,0,,2,3,5,0,0,1,0,0,0
2024-02-10_uc_irvine_uc_riverside,UC Irvine,13,"Lee, Déja",True,36,7,12,0.583,1,4,0.25,0,0,,1,3,4,1,6,0,0,4,15
2024-02-10_uc_irvine_uc_riverside,UC Irvine,24,"Dean, Nevaeh",True,23,6,7,0.857,0,0,,1,2,0.5,1,2,3,4,1,4,0,1,13
2024-02-10_uc_irvine_uc_riverside,UC Irvine,3,"Tom, Nikki",True,35,3,5,0.6,0,1,0.0,2,2,1.0,1,5,6,3,1,2,1,1,8
2024-02-10_uc_irvine_uc_riverside,UC Irvine,11,"Scharpf, Amelia",True,23,2,5,0.4,1,3,0.333,0,0,,0,0,0,2,1,3,0,1,5
2024-02-10_uc_irvine_uc_riverside,UC Irvine,23,"Konate, Diaba",True,20,1,3,0.333,0,0,,0,0,,1,1,2,3,2,2,0,0,2
2024-02-10_uc_irvine_uc_riverside,UC Irvine,12,"Nahum, Shirel",False,17,1,2,0.5,0,1,0.0,5,6,0.833,0,2,2,1,0,0,1,0,7
2024-02-10_uc_irvine_uc_riverside,UC Irvine,1,"Johnson Sidi Baba, Moulayna",False,25,1,9,0.111,0,1,0.0,4,4,1.0,1,5,6,1,2,1,0,0,6
2024-02-10_uc_irvine_uc_riverside,UC Irvine,32,"Parkinson, Nevaeh",False,19,2,4,0.5,0,0,,2,2,1.0,2,8,10,2,0,3,1,0,6
2024-02-10_uc_irvine_uc_riverside,UC Irvine,22,"Djoko, Clara",False,2,0,1,0.0,0,1,0.0,0,0,,0,0,0,0,0,1,0,0,0
2024-02-10_uc_irvine_uc_riverside,UC Irvine,2,"Hernandez, Haley",False,0,0,0,,0,0,,0,0,,0,0,0,0,0,0,0,0,0
2024-02-10_uc_irvine_uc_riverside,UC Irvine,5,"Ross, Tarryn",False,0,0,0,,0,0,,0,0,,0,1,1,0,0,0,0,0,0
2024-02-10_uc_irvine_uc_riverside,UC Irvine,TM,TEAM,False,0,0,0,,0,0,,0,0,,1,1,2,0,0,2,0,0,0
2024-02-10_csun_uc_santa_barbara,UC Santa Barbara,23,"Whitfield, Alexis",True,30,5,13,0.385,1,4,0.25,0,0,,1,7,8,2,2,1,1,2,11
2024-02-10_csun_uc_santa_barbara,UC Santa Barbara,55,"Burke, Skylar",True,17,2,5,0.4,0,3,0.0,7,8,0.875,2,2,4,2,1,2,0,0,11
2024-02-10_csun_uc_santa_barbara,UC Santa Barbara,10,"Choice, Anya",True,31,3,8,0.375,1,4,0.25,0,2,0.0,0,2,2,3,2,4,0,2,7
2024-02-10_csun_uc_santa_barbara,UC Santa Barbara,15,"McMorris, Mary",True,34,2,9,0.222,0,1,0.0,1,2,0.5,2,5,7,2,8,3,0,2,5
2024-02-10_csun_uc_santa_barbara,UC Santa Barbara,20,"Rockwood, Laurel",True,29,1,2,0.5,0,0,,3,3,1.0,2,4,6,3,0,2,0,0,5
2024-02-10_csun_uc_santa_barbara,UC Santa Barbara,32,"Grant, Jessica",False,35,6,13,0.462,5,12,0.417,0,0,,0,6,6,1,1,5,0,2,17
2024-02-10_csun_uc_santa_barbara,UC Santa Barbara,2,"Borter, Zoe",False,18,3,5,0.6,1,2,0.5,0,0,,2,2,4,1,0,0,0,0,7
2024-02-10_csun_uc_santa_barbara,UC Santa Barbara,14,"Coon, Kanani",False,3,0,1,0.0,0,0,,1,2,0.5,0,0,0,0,0,0,0,0,1
2024-02-10_csun_uc_santa_barbara,UC Santa Barbara,4,"Hutchens, Kathleen",False,3,0,1,0.0,0,1,0.0,0,0,,1,0,1,0,0,0,0,0,0
2024-02-10_csun_uc_santa_barbara,UC Santa Barbara,TM,TEAM,False,0,0,0,,0,0,,0,0,,1,3,4,0,0,1,0,0,0
2024-02-10_csun_uc_santa_barbara,CSUN,22,"Elsholz, Kaitlyn",True,32,8,15,0.533,2,5,0.4,3,3,1.0,1,3,4,3,0,0,1,2,21
2024-02-10_csun_uc_santa_barbara,CSUN,23,"Li-uperesa, Talo",True,31,3,6,0.5,0,1,0.0,3,3,1.0,0,1,1,3,2,0,1,2,9
2024-02-10_csun_uc_santa_barbara,CSUN,24,"Spriggs, Kayanna",True,34,4,13,0.308,0,1,0.0,0,0,,0,9,9,3,0,0,0,4,8
2024-02-10_csun_uc_santa_barbara,CSUN,3,"Adams, Erica",True,28,3,9,0.333,0,4,0.0,0,0,,1,2,3,0,2,1,0,0,6
2024-02-10_csun_uc_santa_barbara,CSUN,15,"Amundsen, Laney",True,32,1,7,0.143,1,2,0.5,2,2,1.0,1,7,8,4,1,5,0,4,5
2024-02-10_csun_uc_santa_barbara,CSUN,1,"Ferguson, Amiyah",False,17,1,4,0.25,0,1,0.0,3,4,0.75,0,2,2,0,4,3,0,1,5
2024-02-10_csun_uc_santa_barbara,CSUN,4,"Harvey, Rachel",False,16,1,2,0.5,0,0,,2,3,0.667,2,0,2,2,2,2,0,2,4
2024-02-10_csun_uc_santa_barbara,CSUN,11,"Smith, Olivia",False,9,1,6,0.167,0,3,0.0,0,0,,0,1,1,2,2,0,0,0,2
2024-02-10_csun_uc_santa_barbara,CSUN,10,"Lizama, Alondra",False,1,0,0,,0,0,,0,0,,0,1,1,0,0,0,0,0,0
2024-02-10_csun_uc_santa_barbara,CSUN,TM,TEAM,False,0,0,0,,0,0,,0,0,,3,1,4,0,0,2,0,0,0
2024-02-10_cal_poly_long_beach_st,Long Beach St.,52,"Matthews, Davai",True,27,5,8,0.625,0,0,,5,7,0.714,4,1,5,4,2,2,2,2,15
2024-02-10_cal_poly_long_beach_st,Long Beach St.,22,"Woodley, Sydney",True,35,5,10,0.5,1,3,0.333,2,2,1.0,1,3,4,1,1,3,0,2,13
2024-02-10_cal_poly_long_beach_st,Long Beach St.,2,"Tucker, Savannah",True,30,5,9,0.556,0,2,0.0,2,2,1.0,0,7,7,3,1,3,0,0,12
2024-02-10_cal_poly_long_beach_st,Long Beach St.,10,"Valenti-paea, Casey",True,33,1,8,0.125,1,4,0.25,0,0,,1,3,4,4,3,3,0,3,3
2024-02-10_cal_poly_long_beach_st,Long Beach St.,3,"Chung, Patricia",True,24,1,5,0.2,1,3,0.333,0,0,,0,2,2,4,3,3,0,3,3
2024-02-10_cal_poly_long_beach_st,Long Beach St.,12,"Crawshaw , Jada",False,19,6,10,0.6,0,1,0.0,5,7,0.714,5,1,6,4,0,6,1,0,17
2024-02-10_cal_poly_long_beach_st,Long Beach St.,4,"Givens, Cheyenne",False,19,3,7,0.429,0,0,,4,4,1.0,0,1,1,2,0,3,0,0,10
2024-02-10_cal_poly_long_beach_st,Long Beach St.,1,"Sonnier, Lovely",False,9,1,2,0.5,0,0,,1,4,0.25,0,1,1,3,0,0,0,1,3
2024-02-10_cal_poly_long_beach_st,Long Beach St.,00,"Cummings , Lauren",False,2,0,0,,0,0,,0,0,,0,0,0,0,0,0,0,0,0
2024-02-10_cal_poly_long_beach_st,Long Beach St.,30,"Moore, Olivia",False,2,0,0,,0,0,,0,0,,0,0,0,1,0,0,0,0,0
2024-02-10_cal_poly_long_beach_st,Long Beach St.,TM,TEAM,False,0,0,0,,0,0,,0,0,,4,1,5,0,0,1,0,0,0
2024-02-10_cal_poly_long_beach_st,Cal Poly,35,"Ackerman, Natalia",True,26,6,10,0.6,0,0,,13,14,0.929,6,5,11,4,1,2,2,2,25
2024-02-10_cal_poly_long_beach_st,Cal Poly,5,"McNicholas, Ania",True,29,5,6,0.833,2,2,1.0,4,4,1.0,0,5,5,4,4,3,0,3,16
2024-02-10_cal_poly_long_beach_st,Cal Poly,2,"Shah, Annika",True,40,5,13,0.385,1,5,0.2,2,2,1.0,0,0,0,3,2,3,0,1,13
2024-02-10_cal_poly_long_beach_st,Cal Poly,15,"Bourland, Sydney",True,37,5,10,0.5,0,1,0.0,2,3,0.667,0,1,1,1,3,4,0,2,12
2024-02-10_cal_poly_long_beach_st,Cal Poly,4,"Lichtie, Sierra",True,22,1,7,0.143,0,2,0.0,4,4,1.0,4,2,6,3,1,6,0,0,6
2024-02-10_cal_poly_long_beach_st,Cal Poly,24,"Carter, Mary",False,17,3,11,0.273,2,8,0.25,2,2,1.0,1,1,2,0,3,0,1,1,10
2024-02-10_cal_poly_long_beach_st,Cal Poly,33,"Olinger, Amanda",False,12,1,2,0.5,0,0,,0,0,,1,0,1,2,0,1,0,0,2
2024-02-10_cal_poly_long_beach_st,Cal Poly,10,"Richards, Sidney",False,14,0,2,0.0,0,0,,0,0,,0,1,1,4,2,2,0,3,0
2024-02-10_cal_poly_long_beach_st,Cal Poly,25,"Hoffman, Jordan",False,2,0,0,,0,0,,0,0,,0,0,0,1,3,0,0,1,0
2024-02-10_cal_poly_long_beach_st,Cal Poly,3,"Richardson, Diamond",False,1,0,0,,0,0,,0,0,,0,0,0,0,0,0,0,0,0
2024-02-10_cal_poly_long_beach_st,Cal Poly,TM,TEAM,False,0,0,0,,0,0,,0,0,,4,5,9,0,0,0,0,0,0
2024-02-10_cal_st_fullerton_csu_bakersfield,CSU Bakersfield,23,"Olivares, Jordan",True,32,7,10,0.7,2,3,0.667,3,4,0.75,0,3,3,3,6,1,0,2,19
2024-02-10_cal_st_fullerton_csu_bakersfield,CSU Bakersfield,00,"Brown, Shaunae",True,38,7,14,0.5,1,5,0.2,0,2,0.0,0,0,0,2,2,1,0,1,15
2024-02-10_cal_st_fullerton_csu_bakersfield,CSU Bakersfield,32,"Freeman, Garrisen",True,31,5,7,0.714,0,0,,1,2,0.5,0,2,2,1,0,3,0,1,11
2024-02-10_cal_st_fullerton_csu_bakersfield,CSU Bakersfield,15,"Porter, Amourie",True,22,4,7,0.571,0,1,0.0,0,0,,3,6,9,2,0,3,0,0,8
2024-02-10_cal_st_fullerton_csu_bakersfield,CSU Bakersfield,14,"Ortiz, Nseije",True,22,1,4,0.25,0,2,0.0,0,0,,1,2,3,1,4,0,0,2,2
2024-02-10_cal_st_fullerton_csu_bakersfield,CSU Bakersfield,05,"Tougas, Sophia",False,23,4,7,0.571,2,4,0.5,1,2,0.5,1,6,7,3,2,2,2,1,11
2024-02-10_cal_st_fullerton_csu_bakersfield,CSU Bakersfield,12,"Johnson, Cassidy",False,7,1,1,1.0,0,0,,0,0,,1,1,2,1,0,0,0,0,2
2024-02-10_cal_st_fullerton_csu_bakersfield,CSU Bakersfield,04,"Hunter, Grace",False,18,0,3,0.0,0,1,0.0,1,4,0.25,1,0,1,0,2,1,0,0,1
2024-02-10_cal_st_fullerton_csu_bakersfield,CSU Bakersfield,02,"Edwards, Morgan",False,7,0,1,0.0,0,0,,0,0,,0,0,0,1,0,1,0,0,0
2024-02-10_cal_st_fullerton_csu_bakersfield,CSU Bakersfield,TM,TEAM,False,0,0,0,,0,0,,0,0,,2,1,3,0,0,0,0,0,0
2024-02-10_cal_st_fullerton_csu_bakersfield,Cal St. Fullerton,04,"Vidmar, Gabi",True,39,5,13,0.385,5,12,0.417,0,0,,0,1,1,2,2,0,0,0,15
2024-02-10_cal_st_fullerton_csu_bakersfield,Cal St. Fullerton,02,"Hassmann, Hope",True,37,5,8,0.625,2,4,0.5,0,0,,2,3,5,4,4,3,0,3,12
2024-02-10_cal_st_fullerton_csu_bakersfield,Cal St. Fullerton,21,"Tse, Allysan",True,21,3,10,0.3,1,5,0.2,0,0,,2,1,3,1,2,1,0,0,7
2024-02-10_cal_st_fullerton_csu_bakersfield,Cal St. Fullerton,32,"Lewis, Ashlee",True,23,2,4,0.5,0,0,,2,2,1.0,1,3,4,1,2,2,1,0,6
2024-02-10_cal_st_fullerton_csu_bakersfield,Cal St. Fullerton,24,"Neff, Kathryn",True,13,1,4,0.25,0,2,0.0,0,0,,0,0,0,2,0,1,0,1,2
2024-02-10_cal_st_fullerton_csu_bakersfield,Cal St. Fullerton,12,"Levingston, Eva",False,24,4,5,0.8,0,0,,2,3,0.667,0,3,3,2,1,3,1,2,10
2024-02-10_cal_st_fullerton_csu_bakersfield,Cal St. Fullerton,13,"Hernandez, Aixchel",False,17,2,8,0.25,0,0,,2,4,0.5,4,2,6,1,1,0,2,0,6
2024-02-10_cal_st_fullerton_csu_bakersfield,Cal St. Fullerton,23,"Strachan, Emily",False,20,1,2,0.5,1,2,0.5,0,0,,2,2,4,1,2,5,0,0,3
2024-02-10_cal_st_fullerton_csu_bakersfield,Cal St. Fullerton,03,"Salazar-Harrell, Kaliana",False,3,0,0,,0,0,,0,0,,0,0,0,0,0,0,0,0,0
2024-02-10_cal_st_fullerton_csu_bakersfield,Cal St. Fullerton,10,"Lagway, Demonnie",False,3,0,2,0.0,0,1,0.0,0,0,,0,0,0,0,0,1,0,0,0
2024-02-10_cal_st_fullerton_csu_bakersfield,Cal St. Fullerton,TM,TEAM,False,0,0,0,,0,0,,0,0,,1,3,4,0,0,1,0,0,0
2024-02-15_long_beach_st_uc_davis,UC Davis,14,"Sabel, Tova",True,28,4,12,0.333,2,6,0.333,2,2,1.0,3,2,5,1,2,3,0,3,12
2024-02-15_long_beach_st_uc_davis,UC Davis,15,"Turner, Evanne",True,27,4,15,0.267,2,8,0.25,0,0,,1,0,1,1,3,1,0,0,10
2024-02-15_long_beach_st_uc_davis,UC Davis,33,"Harris, Mazatlan",True,22,2,6,0.333,2,6,0.333,0,0,,2,2,4,4,0,1,0,0,6
2024-02-15_long_beach_st_uc_davis,UC Davis,13,"Burns, Sydney",True,14,1,5,0.2,1,3,0.333,0,0,,0,3,3,1,1,3,0,0,3
2024-02-15_long_beach_st_uc_davis,UC Davis,25,"Norris, Megan",True,22,1,3,0.333,0,1,0.0,0,0,,4,3,7,2,0,2,4,1,2
2024-02-15_long_beach_st_uc_davis,UC Davis,23,"Baker, Victoria",False,13,3,6,0.5,1,3,0.333,2,2,1.0,0,1,1,5,0,0,0,2,9
2024-02-15_long_beach_st_uc_davis,UC Davis,3,"Gray, Campbell",False,14,2,4,0.5,0,0,,0,0,,1,2,3,1,1,3,0,0,4
2024-02-15_long_beach_st_uc_davis,UC Davis,4,"Epps, Nya",False,21,0,6,0.0,0,1,0.0,2,2,1.0,2,3,5,1,1,1,0,1,2
2024-02-15_long_beach_st_uc_davis,UC Davis,11,"Glad, Clara",False,12,1,6,0.167,0,3,0.0,0,1,0.0,1,0,1,0,1,1,0,2,2
2024-02-15_long_beach_st_uc_davis,UC Davis,10,"Svanholm, Lena",False,8,1,4,0.25,0,1,0.0,0,0,,1,1,2,0,1,0,0,1,2
2024-02-15_long_beach_st_uc_davis,UC Davis,41,"Shine, Bria",False,19,0,2,0.0,0,1,0.0,0,0,,1,3,4,2,1,3,1,0,0
2024-02-15_long_beach_st_uc_davis,UC Davis,TM,TEAM,False,0,0,0,,0,0,,0,0,,1,3,4,0,0,1,0,0,0
2024-02-15_long_beach_st_uc_davis,Long Beach St.,10,"Valenti Paea, Casey",True,26,6,9,0.667,2,3,0.667,3,3,1.0,1,7,8,2,3,4,0,3,17
2024-02-15_long_beach_st_uc_davis,Long Beach St.,3,"Chung, Patricia",True,35,2,7,0.286,2,5,0.4,2,2,1.0,0,3,3,2,2,2,0,0,8
2024-02-15_long_beach_st_uc_davis,Long Beach St.,22,"Woodley, Sydney",True,31,4,10,0.4,0,1,0.0,0,0,,0,3,3,2,3,2,0,3,8
2024-02-15_long_beach_st_uc_davis,Long Beach St.,2,"Tucker, Savannah",True,29,3,7,0.429,1,3,0.333,1,2,0.5,0,1,1,0,0,2,0,0,8
2024-02-15_long_beach_st_uc_davis,Long Beach St.,52,"Matthews, Davai",True,20,2,5,0.4,0,0,,4,6,0.667,1,6,7,1,1,0,2,3,8
2024-02-15_long_beach_st_uc_davis,Long Beach St.,12,"Crawshaw, Jada",False,22,5,10,0.5,0,2,0.0,5,5,1.0,2,6,8,2,1,3,0,3,15
2024-02-15_long_beach_st_uc_davis,Long Beach St.,4,"Givens, Cheyenne",False,18,4,8,0.5,1,2,0.5,0,0,,0,1,1,0,0,0,0,0,9
2024-02-15_long_beach_st_uc_davis,Long Beach St.,1,"Sonnier, Lovely",False,15,1,2,0.5,0,1,0.0,1,2,0.5,2,4,6,1,1,3,0,0,3
2024-02-15_long_beach_st_uc_davis,Long Beach St.,30,"Moore, Olivia",False,2,1,1,1.0,0,0,,0,0,,1,0,1,0,0,0,1,0,2
2024-02-15_long_beach_st_uc_davis,Long Beach St.,00,"Cummings, Lauren",False,2,0,1,0.0,0,0,,0,0,,0,0,0,0,0,0,0,0,0
2024-02-15_long_beach_st_uc_davis,Long Beach St.,TM,TEAM,False,0,0,0,,0,0,,0,0,,2,2,4,0,0,0,0,0,0
2024-02-15_hawaii_cal_poly,Cal Poly,02,"Shah, Annika",True,38,5,13,0.385,3,6,0.5,1,2,0.5,2,1,3,1,1,0,0,2,14
2024-02-15_hawaii_cal_poly,Cal Poly,04,"Lichtie, Sierra",True,28,4,9,0.444,1,4,0.25,2,2,1.0,1,4,5,4,2,3,0,1,11
2024-02-15_hawaii_cal_poly,Cal Poly,15,"Bourland, Sydney",True,32,2,5,0.4,0,0,,0,0,,1,3,4,5,0,2,1,0,4
2024-02-15_hawaii_cal_poly,Cal Poly,35,"Ackerman, Natalia",True,19,2,7,0.286,0,1,0.0,0,0,,1,5,6,4,0,0,1,0,4
2024-02-15_hawaii_cal_poly,Cal Poly,05,"McNicholas, Ania",True,23,0,6,0.0,0,5,0.0,0,0,,0,1,1,1,2,3,1,2,0
2024-02-15_hawaii_cal_poly,Cal Poly,10,"Richards, Sidney",False,28,2,4,0.5,1,2,0.5,4,6,0.667,0,1,1,3,4,3,0,1,9
2024-02-15_hawaii_cal_poly,Cal Poly,33,"Olinger, Amanda",False,16,2,4,0.5,1,1,1.0,0,0,,2,1,3,2,0,2,0,0,5
2024-02-15_hawaii_cal_poly,Cal Poly,24,"Carter, Mary",False,14,0,3,0.0,0,0,,0,0,,2,2,4,2,0,0,0,0,0
2024-02-15_hawaii_cal_poly,Cal Poly,25,"Hoffman, Jordan",False,2,0,0,,0,0,,0,0,,0,0,0,1,0,0,0,0,0
2024-02-15_hawaii_cal_poly,Cal Poly,TM,TEAM,False,0,0,0,,0,0,,0,0,,2,2,4,0,0,2,0,0,0
2024-02-15_hawaii_cal_poly,Hawaii,23,"McBee, MeiLani",True,35,6,8,0.75,2,3,0.667,7,7,1.0,1,4,5,1,0,2,1,1,21
2024-02-15_hawaii_cal_poly,Hawaii,03,"Wahinekapu, Lily",True,27,4,12,0.333,0,3,0.0,1,1,1.0,0,2,2,1,0,2,0,1,9
2024-02-15_hawaii_cal_poly,Hawaii,12,"Perez, Imani",True,27,2,3,0.667,1,1,1.0,0,2,0.0,2,8,10,3,2,3,4,1,5
2024-02-15_hawaii_cal_poly,Hawaii,02,"Thoms, Ashley",True,36,1,4,0.25,0,1,0.0,2,2,1.0,0,0,0,3,1,0,0,0,4
2024-02-15_hawaii_cal_poly,Hawaii,45,"Davies, Olivia",True,13,0,5,0.0,0,3,0.0,4,4,1.0,1,2,3,1,1,0,0,0,4
2024-02-15_hawaii_cal_poly,Hawaii,15,"Phillips, Daejah",False,28,1,6,0.167,0,1,0.0,5,8,0.625,1,3,4,3,3,5,0,2,7
2024-02-15_hawaii_cal_poly,Hawaii,34,"David, Jacque",False,13,2,3,0.667,0,1,0.0,1,2,0.5,0,2,2,0,1,0,0,0,5
2024-02-15_hawaii_cal_poly,Hawaii,01,"Imai, Kelsie",False,12,1,1,1.0,0,0,,0,0,,0,2,2,3,0,1,0,0,2
2024-02-15_hawaii_cal_poly,Hawaii,22,"Peacock, Jade",False,9,1,2,0.5,0,0,,0,0,,1,0,1,0,0,0,1,1,2
2024-02-15_hawaii_cal_poly,Hawaii,TM,TEAM,False,0,0,0,,0,0,,0,0,,1,1,2,0,0,0,0,0,0
2024-02-15_uc_santa_barbara_uc_san_diego,UC San Diego,24,"Pinto, Denali",True,24,3,4,0.75,3,3,1.0,5,5,1.0,1,2,3,3,0,3,0,2,14
2024-02-15_uc_santa_barbara_uc_san_diego,UC San Diego,03,"Sugapong, Sumayah",True,32,6,18,0.333,0,2,0.0,1,1,1.0,1,2,3,2,2,3,0,2,13
2024-02-15_uc_santa_barbara_uc_san_diego,UC San Diego,20,"Forsyth, Izzy",True,33,3,9,0.333,1,3,0.333,2,2,1.0,0,3,3,1,1,1,0,0,9
2024-02-15_uc_santa_barbara_uc_san_diego,UC San Diego,22,"Gallegos, Gracie",True,33,3,11,0.273,0,2,0.0,0,0,,2,4,6,5,0,1,0,1,6
2024-02-15_uc_santa_barbara_uc_san_diego,UC San Diego,32,"Montgomery, Parker",True,36,1,9,0.111,0,4,0.0,0,0,,3,4,7,1,3,3,0,2,2
2024-02-15_uc_santa_barbara_uc_san_diego,UC San Diego,05,"Louther, Gabby",False,13,1,1,1.0,1,1,1.0,0,0,,0,0,0,0,2,1,0,0,3
2024-02-15_uc_santa_barbara_uc_san_diego,UC San Diego,23,"Blithikioti, Eri",False,2,1,1,1.0,1,1,1.0,0,0,,0,0,0,0,0,0,0,0,3
2024-02-15_uc_santa_barbara_uc_san_diego,UC San Diego,33,"Svoboda, Emma",False,9,1,2,0.5,0,1,0.0,0,0,,1,2,3,0,0,0,1,0,2
2024-02-15_uc_santa_barbara_uc_san_diego,UC San Diego,35,"Springs, Katie",False,16,0,2,0.0,0,0,,0,0,,2,3,5,2,1,3,2,1,0
2024-02-15_uc_santa_barbara_uc_san_diego,UC San Diego,30,"Sule, Damilola",False,2,0,0,,0,0,,0,0,,0,1,1,0,0,1,0,0,0
2024-02-15_uc_santa_barbara_uc_san_diego,UC San Diego,TM,TEAM,False,0,0,0,,0,0,,0,0,,0,4,4,0,0,0,0,0,0
2024-02-15_uc_santa_barbara_uc_san_diego,UC Santa Barbara,23,"Whitfield, Alexis",True,39,6,12,0.5,2,2,1.0,5,6,0.833,1,7,8,1,4,3,1,2,19
2024-02-15_uc_santa_barbara_uc_san_diego,UC Santa Barbara,15,"McMorris, Mary",True,29,4,10,0.4,1,3,0.333,4,6,0.667,0,1,1,3,1,4,0,2,13
2024-02-15_uc_santa_barbara_uc_san_diego,UC Santa Barbara,10,"Choice, Anya",True,35,2,6,0.333,1,3,0.333,1,1,1.0,0,3,3,3,5,3,0,0,6
2024-02-15_uc_santa_barbara_uc_san_diego,UC Santa Barbara,20,"Rockwood, Laurel",True,30,2,4,0.5,0,0,,2,2,1.0,2,7,9,3,0,1,1,1,6
2024-02-15_uc_santa_barbara_uc_san_diego,UC Santa Barbara,55,"Burke, Skylar",True,16,1,6,0.167,0,1,0.0,0,0,,2,3,5,1,0,1,0,0,2
2024-02-15_uc_santa_barbara_uc_san_diego,UC Santa Barbara,32,"Grant, Jessica",False,35,2,8,0.25,2,8,0.25,1,2,0.5,0,6,6,0,2,1,0,2,7
2024-02-15_uc_santa_barbara_uc_san_diego,UC Santa Barbara,02,"Borter, Zoe",False,16,3,3,1.0,1,1,1.0,0,0,,0,1,1,1,0,0,0,1,7
2024-02-15_uc_santa_barbara_uc_san_diego,UC Santa Barbara,TM,TEAM,False,0,0,0,,0,0,,0,0,,2,0,2,0,0,2,0,0,0
2024-02-15_csun_csu_bakersfield,CSU Bakersfield,00,"Brown, Shaunae",True,38,4,18,0.222,2,12,0.167,0,0,,1,2,3,2,6,1,0,1,10
2024-02-15_csun_csu_bakersfield,CSU Bakersfield,23,"Olivares, Jordan",True,32,2,8,0.25,0,2,0.0,5,6,0.833,0,9,9,4,6,1,0,1,9
2024-02-15_csun_csu_bakersfield,CSU Bakersfield,15,"Porter, Amourie",True,29,2,5,0.4,2,2,1.0,0,0,,1,7,8,2,2,1,0,0,6
2024-02-15_csun_csu_bakersfield,CSU Bakersfield,2,"Edwards, Morgan",True,18,1,4,0.25,1,3,0.333,1,2,0.5,1,1,2,4,0,4,1,0,4
2024-02-15_csun_csu_bakersfield,CSU Bakersfield,12,"Johnson, Cassidy",True,10,1,1,1.0,0,0,,0,0,,0,0,0,3,0,2,1,1,2
2024-02-15_csun_csu_bakersfield,CSU Bakersfield,33,"Riley, Julia",False,30,7,10,0.7,7,7,1.0,0,0,,0,5,5,1,1,0,1,0,21
2024-02-15_csun_csu_bakersfield,CSU Bakersfield,5,"Tougas, Sophia",False,23,3,9,0.333,1,7,0.143,2,2,1.0,2,7,9,2,0,2,1,2,9
2024-02-15_csun_csu_bakersfield,CSU Bakersfield,4,"Hunter, Grace",False,20,0,2,0.0,0,0,,0,0,,0,2,2,1,2,2,2,0,0
2024-02-15_csun_csu_bakersfield,CSU Bakersfield,TM,TEAM,False,0,0,0,,0,0,,0,0,,2,5,7,0,0,1,0,0,0
2024-02-15_csun_csu_bakersfield,CSUN,24,"Spriggs, Kayanna",True,37,7,15,0.467,0,0,,1,2,0.5,6,10,16,1,3,3,3,1,15
2024-02-15_csun_csu_bakersfield,CSUN,15,"Amundsen, Laney",True,35,3,12,0.25,2,5,0.4,1,2,0.5,1,6,7,3,2,2,0,0,9
2024-02-15_csun_csu_bakersfield,CSUN,23,"Li-uperesa, Talo",True,34,3,10,0.3,1,3,0.333,1,2,0.5,1,2,3,2,3,1,1,1,8
2024-02-15_csun_csu_bakersfield,CSUN,22,"Elsholz, Kaitlyn",True,35,2,14,0.143,1,6,0.167,1,2,0.5,0,3,3,4,0,1,0,2,6
2024-02-15_csun_csu_bakersfield,CSUN,20,"Adams, Erica",True,33,1,9,0.111,0,1,0.0,2,2,1.0,0,4,4,1,2,0,1,0,4
2024-02-15_csun_csu_bakersfield,CSUN,4,"Harvey, Rachel",False,12,1,3,0.333,0,0,,2,3,0.667,0,2,2,3,1,0,0,1,4
2024-02-15_csun_csu_bakersfield,CSUN,43,"Nikishina , Arina",False,6,2,2,1.0,0,0,,0,0,,0,2,2,0,0,0,0,0,4
2024-02-15_csun_csu_bakersfield,CSUN,11,"Smith, Olivia",False,6,0,1,0.0,0,1,0.0,0,0,,0,0,0,0,1,1,1,0,0
2024-02-15_csun_csu_bakersfield,CSUN,10,"Lizama, Alondra",False,2,0,0,,0,0,,0,0,,0,0,0,0,0,0,0,0,0
2024-02-15_csun_csu_bakersfield,CSUN,TM,TEAM,False,0,0,0,,0,0,,0,0,,5,3,8,0,0,0,0,0,0
2024-02-15_uc_riverside_cal_st_fullerton,Cal St. Fullerton,32,"Lewis, Ashlee",True,27,1,6,0.167,0,0,,7,10,0.7,1,10,11,3,3,3,3,3,9
2024-02-15_uc_riverside_cal_st_fullerton,Cal St. Fullerton,2,"Hassmann, Hope",True,22,4,6,0.667,1,3,0.333,0,0,,0,0,0,0,0,5,0,0,9
2024-02-15_uc_riverside_cal_st_fullerton,Cal St. Fullerton,4,"Vidmar, Gabi",True,40,2,6,0.333,1,2,0.5,1,2,0.5,0,4,4,2,3,2,0,2,6
2024-02-15_uc_riverside_cal_st_fullerton,Cal St. Fullerton,24,"Neff, Kathryn",True,7,1,1,1.0,0,0,,0,0,,0,0,0,0,0,0,0,0,2
2024-02-15_uc_riverside_cal_st_fullerton,Cal St. Fullerton,55,"Nimmo, Fujika",True,18,0,2,0.0,0,1,0.0,0,0,,0,1,1,1,1,5,0,0,0
2024-02-15_uc_riverside_cal_st_fullerton,Cal St. Fullerton,13,"Hernandez, Aixchel",False,20,6,9,0.667,0,0,,0,2,0.0,1,4,5,4,1,2,2,0,12
2024-02-15_uc_riverside_cal_st_fullerton,Cal St. Fullerton,10,"Lagway, Demonnie",False,13,3,5,0.6,1,1,1.0,0,0,,0,1,1,1,0,1,0,0,7
2024-02-15_uc_riverside_cal_st_fullerton,Cal St. Fullerton,12,"Levingston, Eva",False,18,1,3,0.333,0,0,,3,4,0.75,1,1,2,2,1,4,0,3,5
2024-02-15_uc_riverside_cal_st_fullerton,Cal St. Fullerton,21,"Tse, Allysan",False,22,2,4,0.5,0,0,,0,0,,1,1,2,2,3,2,0,0,4
2024-02-15_uc_riverside_cal_st_fullerton,Cal St. Fullerton,33,"Minor, Brielle",False,10,1,1,1.0,0,0,,0,2,0.0,2,0,2,3,1,2,0,0,2
2024-02-15_uc_riverside_cal_st_fullerton,Cal St. Fullerton,23,"Strachan, Emily",False,3,0,1,0.0,0,1,0.0,0,0,,0,0,0,0,1,1,0,0,0
2024-02-15_uc_riverside_cal_st_fullerton,Cal St. Fullerton,TM,TEAM,False,0,0,0,,0,0,,0,0,,1,4,5,0,0,0,0,0,0
2024-02-15_uc_riverside_cal_st_fullerton,UC Riverside,32,"Webster, Jordan",True,35,7,17,0.412,2,7,0.286,2,4,0.5,1,4,5,2,1,3,0,6,18
2024-02-15_uc_riverside_cal_st_fullerton,UC Riverside,1,"Bryant, Matehya",True,29,6,12,0.5,0,0,,5,7,0.714,2,4,6,3,3,3,0,1,17
2024-02-15_uc_riverside_cal_st_fullerton,UC Riverside,00,"Jackson, Makayla",True,31,4,8,0.5,2,3,0.667,5,5,1.0,3,0,3,3,0,1,0,2,15
2024-02-15_uc_riverside_cal_st_fullerton,UC Riverside,11,"Matarranz, Esther",True,30,2,7,0.286,0,0,,0,0,,2,6,8,4,3,4,0,4,4
2024-02-15_uc_riverside_cal_st_fullerton,UC Riverside,2,"Walters, Ryanne",True,27,1,5,0.2,0,2,0.0,1,2,0.5,0,0,0,1,2,2,0,2,3
2024-02-15_uc_riverside_cal_st_fullerton,UC Riverside,15,"Sanderson, Jaden",False,19,2,5,0.4,0,1,0.0,1,1,1.0,2,1,3,3,1,0,0,2,5
2024-02-15_uc_riverside_cal_st_fullerton,UC Riverside,4,"Marshall, Jordyn",False,14,1,2,0.5,1,1,1.0,0,0,,0,1,1,2,0,2,0,1,3
2024-02-15_uc_riverside_cal_st_fullerton,UC Riverside,3,"Tillery, Zoe",False,11,1,4,0.25,0,3,0.0,0,0,,0,0,0,0,1,1,0,0,2
2024-02-15_uc_riverside_cal_st_fullerton,UC Riverside,10,"Stenberg, Julia",False,3,0,1,0.0,0,0,,0,0,,0,1,1,0,0,0,0,0,0
2024-02-15_uc_riverside_cal_st_fullerton,UC Riverside,23,"Aikins, India",False,1,0,1,0.0,0,0,,0,0,,0,0,0,0,0,0,0,0,0
2024-02-15_uc_riverside_cal_st_fullerton,UC Riverside,TM,TEAM,False,0,0,0,,0,0,,0,0,,4,3,7,0,0,0,0,0,0
2024-02-17_uc_riverside_uc_davis,UC Davis,14,"Sabel, Tova",True,36,4,17,0.235,2,11,0.182,2,2,1.0,2,8,10,5,1,3,2,3,12
2024-02-17_uc_riverside_uc_davis,UC Davis,33,"Harris, Mazatlan",True,36,4,8,0.5,2,6,0.333,1,1,1.0,1,3,4,2,0,3,2,0,11
2024-02-17_uc_riverside_uc_davis,UC Davis,25,"Norris, Megan",True,31,3,6,0.5,1,3,0.333,0,0,,1,8,9,2,2,3,4,1,7
2024-02-17_uc_riverside_uc_davis,UC Davis,4,"Epps, Nya",True,29,2,8,0.25,1,4,0.25,0,0,,0,3,3,0,1,1,0,1,5
2024-02-17_uc_riverside_uc_davis,UC Davis,13,"Burns, Sydney",True,20,0,1,0.0,0,1,0.0,0,0,,1,2,3,1,3,5,0,3,0
2024-02-17_uc_riverside_uc_davis,UC Davis,3,"Gray, Campbell",False,20,2,3,0.667,0,0,,0,0,,0,2,2,2,1,4,1,1,4
2024-02-17_uc_riverside_uc_davis,UC Davis,23,"Baker, Victoria",False,5,1,2,0.5,0,0,,0,0,,1,0,1,3,0,5,0,0,2
2024-02-17_uc_riverside_uc_davis,UC Davis,41,"Shine, Bria",False,13,0,2,0.0,0,1,0.0,0,0,,0,2,2,0,2,2,0,1,0
2024-02-17_uc_riverside_uc_davis,UC Davis,11,"Glad, Clara",False,7,0,1,0.0,0,1,0.0,0,0,,0,1,1,0,0,1,0,0,0
2024-02-17_uc_riverside_uc_davis,UC Davis,10,"Svanholm, Lena",False,3,0,0,,0,0,,0,0,,0,0,0,0,0,0,0,0,0
2024-02-17_uc_riverside_uc_davis,UC Davis,TM,TEAM,False,0,0,0,,0,0,,0,0,,3,3,6,0,0,2,0,0,0
2024-02-17_uc_riverside_uc_davis,UC Riverside,32,"Webster, Jordan",True,35,1,9,0.111,0,1,0.0,10,10,1.0,0,3,3,0,1,1,0,5,12
2024-02-17_uc_riverside_uc_davis,UC Riverside,00,"Jackson, Makayla",True,35,5,11,0.455,1,4,0.25,0,0,,0,1,1,2,1,1,0,4,11
2024-02-17_uc_riverside_uc_davis,UC Riverside,11,"Matarranz, Esther",True,25,4,6,0.667,0,0,,0,0,,1,0,1,2,1,0,2,2,8
2024-02-17_uc_riverside_uc_davis,UC Riverside,2,"Walters, Ryanne",True,24,3,8,0.375,2,5,0.4,0,0,,1,6,7,4,3,4,0,1,8
2024-02-17_uc_riverside_uc_davis,UC Riverside,1,"Bryant, Matehya",True,34,2,14,0.143,0,0,,2,2,1.0,1,9,10,2,1,3,0,2,6
2024-02-17_uc_riverside_uc_davis,UC Riverside,4,"Marshall, Jordyn",False,23,2,6,0.333,0,2,0.0,0,0,,0,0,0,2,2,3,0,1,4
2024-02-17_uc_riverside_uc_davis,UC Riverside,15,"Sanderson, Jaden",False,17,0,3,0.0,0,0,,1,2,0.5,1,3,4,3,0,2,1,1,1
2024-02-17_uc_riverside_uc_davis,UC Riverside,10,"Stenberg, Julia",False,4,0,0,,0,0,,0,0,,0,0,0,0,0,1,0,0,0
2024-02-17_uc_riverside_uc_davis,UC Riverside,3,"Tillery, Zoe",False,3,0,1,0.0,0,1,0.0,0,0,,0,0,0,0,0,0,0,0,0
2024-02-17_uc_riverside_uc_davis,UC Riverside,TM,TEAM,False,0,0,0,,0,0,,0,0,,5,1,6,0,0,0,0,0,0
2024-02-17_hawaii_uc_santa_barbara,UC Santa Barbara,23,"Whitfield, Alexis",True,40,7,16,0.438,3,5,0.6,4,6,0.667,3,14,17,2,3,4,1,1,21
2024-02-17_hawaii_uc_santa_barbara,UC Santa Barbara,10,"Choice, Anya",True,26,6,12,0.5,3,7,0.429,0,1,0.0,0,1,1,3,3,0,0,0,15
2024-02-17_hawaii_uc_santa_barbara,UC Santa Barbara,15,"McMorris, Mary",True,30,3,11,0.273,0,2,0.0,0,0,,0,7,7,5,2,3,0,0,6
2024-02-17_hawaii_uc_santa_barbara,UC Santa Barbara,20,"Rockwood, Laurel",True,21,1,1,1.0,0,0,,0,0,,1,3,4,3,0,0,0,0,2
2024-02-17_hawaii_uc_santa_barbara,UC Santa Barbara,55,"Burke, Skylar",True,22,0,3,0.0,0,2,0.0,0,0,,1,2,3,1,2,1,0,1,0
2024-02-17_hawaii_uc_santa_barbara,UC Santa Barbara,32,"Grant, Jessica",False,33,5,14,0.357,5,11,0.455,0,0,,0,1,1,3,2,3,0,1,15
2024-02-17_hawaii_uc_santa_barbara,UC Santa Barbara,02,"Borter, Zoe",False,28,2,4,0.5,1,2,0.5,0,0,,0,0,0,1,0,0,0,0,5
2024-02-17_hawaii_uc_santa_barbara,UC Santa Barbara,TM,TEAM,False,0,0,0,,0,0,,0,0,,3,0,3,0,0,1,0,0,0
2024-02-17_hawaii_uc_santa_barbara,Hawaii,03,"Wahinekapu, Lily",True,30,8,13,0.615,2,2,1.0,2,4,0.5,1,2,3,2,3,0,0,1,20
2024-02-17_hawaii_uc_santa_barbara,Hawaii,12,"Perez, Imani",True,33,5,9,0.556,0,1,0.0,0,0,,3,5,8,2,0,1,0,0,10
2024-02-17_hawaii_uc_santa_barbara,Hawaii,02,"Thoms, Ashley",True,30,2,7,0.286,2,4,0.5,0,0,,1,3,4,0,2,3,1,0,6
2024-02-17_hawaii_uc_santa_barbara,Hawaii,23,"McBee, MeiLani",True,32,1,6,0.167,1,5,0.2,2,2,1.0,0,6,6,1,0,0,1,1,5
2024-02-17_hawaii_uc_santa_barbara,Hawaii,45,"Davies, Olivia",True,16,1,5,0.2,1,4,0.25,0,0,,0,2,2,2,1,0,0,0,3
2024-02-17_hawaii_uc_santa_barbara,Hawaii,15,"Phillips, Daejah",False,28,6,12,0.5,1,4,0.25,9,12,0.75,0,5,5,1,1,0,0,2,22
2024-02-17_hawaii_uc_santa_barbara,Hawaii,34,"David, Jacque",False,10,1,3,0.333,0,1,0.0,0,2,0.0,0,3,3,0,0,0,0,0,2
2024-02-17_hawaii_uc_santa_barbara,Hawaii,01,"Imai, Kelsie",False,19,0,0,,0,0,,0,0,,0,0,0,1,0,4,0,2,0
2024-02-17_hawaii_uc_santa_barbara,Hawaii,22,"Peacock, Jade",False,2,0,0,,0,0,,0,0,,0,0,0,0,0,0,0,0,0
2024-02-17_hawaii_uc_santa_barbara,Hawaii,TM,TEAM,False,0,0,0,,0,0,,0,0,,1,3,4,0,0,0,0,0,0
2024-02-17_csu_bakersfield_uc_irvine,UC Irvine,11,"Scharpf, Amelia",True,24,5,11,0.455,3,9,0.333,0,0,,3,1,4,2,1,1,0,0,13
2024-02-17_csu_bakersfield_uc_irvine,UC Irvine,13,"Lee, Deja",True,32,1,12,0.083,0,5,0.0,7,8,0.875,4,1,5,4,2,2,0,2,9
2024-02-17_csu_bakersfield_uc_irvine,UC Irvine,03,"Tom, Nikki",True,37,2,8,0.25,1,6,0.167,2,2,1.0,2,6,8,1,4,1,0,2,7
2024-02-17_csu_bakersfield_uc_irvine,UC Irvine,23,"Konate, Diaba",True,26,3,9,0.333,0,1,0.0,0,0,,1,0,1,1,1,3,0,4,6
2024-02-17_csu_bakersfield_uc_irvine,UC Irvine,24,"Dean, Nevaeh",True,15,1,4,0.25,0,0,,2,2,1.0,5,2,7,2,1,2,0,2,4
2024-02-17_csu_bakersfield_uc_irvine,UC Irvine,32,"Parkinson, Nevaeh",False,22,7,12,0.583,0,0,,2,3,0.667,7,2,9,1,0,0,0,0,16
2024-02-17_csu_bakersfield_uc_irvine,UC Irvine,01,"Johnson Sidi Baba, Moulayna",False,31,2,10,0.2,0,0,,8,10,0.8,7,8,15,2,2,2,1,1,12
2024-02-17_csu_bakersfield_uc_irvine,UC Irvine,12,"Nahum, Shirel",False,11,2,7,0.286,1,6,0.167,0,0,,0,0,0,1,2,1,0,0,5
2024-02-17_csu_bakersfield_uc_irvine,UC Irvine,22,"Djoko, Clara",False,2,0,1,0.0,0,0,,0,0,,1,0,1,0,0,0,0,0,0
2024-02-17_csu_bakersfield_uc_irvine,UC Irvine,TM,TEAM,False,0,0,0,,0,0,,0,0,,1,1,2,0,0,0,0,0,0
2024-02-17_csu_bakersfield_uc_irvine,CSU Bakersfield,00,"Brown, Shaunae",True,40,7,15,0.467,6,8,0.75,2,2,1.0,0,2,2,2,3,2,0,0,22
2024-02-17_csu_bakersfield_uc_irvine,CSU Bakersfield,33,"Riley, Julia",True,32,6,12,0.5,4,8,0.5,0,0,,1,6,7,4,0,1,0,0,16
2024-02-17_csu_bakersfield_uc_irvine,CSU Bakersfield,23,"Olivares, Jordan",True,35,3,7,0.429,1,3,0.333,4,5,0.8,1,6,7,2,2,4,0,2,11
2024-02-17_csu_bakersfield_uc_irvine,CSU Bakersfield,15,"Porter, Amourie",True,20,2,2,1.0,0,0,,2,2,1.0,4,3,7,2,1,3,0,2,6
2024-02-17_csu_bakersfield_uc_irvine,CSU Bakersfield,02,"Edwards, Morgan",True,10,0,0,,0,0,,0,0,,1,0,1,3,0,3,0,0,0
2024-02-17_csu_bakersfield_uc_irvine,CSU Bakersfield,05,"Tougas, Sophia",False,18,3,5,0.6,1,2,0.5,1,1,1.0,0,1,1,1,1,0,0,1,8
2024-02-17_csu_bakersfield_uc_irvine,CSU Bakersfield,04,"Hunter, Grace",False,33,2,8,0.25,0,3,0.0,1,2,0.5,0,2,2,2,4,2,0,0,5
2024-02-17_csu_bakersfield_uc_irvine,CSU Bakersfield,12,"Johnson, Cassidy",False,12,0,1,0.0,0,0,,0,0,,0,1,1,3,2,1,0,0,0
2024-02-17_csu_bakersfield_uc_irvine,CSU Bakersfield,TM,TEAM,False,0,0,0,,0,0,,0,0,,0,2,2,0,0,0,0,0,0
2024-02-17_cal_st_fullerton_uc_san_diego,UC San Diego,24,"Pinto, Denali",True,32,3,9,0.333,2,6,0.333,5,8,0.625,1,5,6,1,0,1,0,0,13
2024-02-17_cal_st_fullerton_uc_san_diego,UC San Diego,32,"Montgomery, Parker",True,31,3,8,0.375,2,5,0.4,0,0,,1,3,4,1,0,4,0,2,8
2024-02-17_cal_st_fullerton_uc_san_diego,UC San Diego,03,"Sugapong, Sumayah",True,29,3,12,0.25,1,6,0.167,1,2,0.5,0,2,2,2,1,3,0,1,8
2024-02-17_cal_st_fullerton_uc_san_diego,UC San Diego,33,"Svoboda, Emma",True,23,3,5,0.6,0,0,,2,2,1.0,4,2,6,2,1,3,0,0,8
2024-02-17_cal_st_fullerton_uc_san_diego,UC San Diego,22,"Gallegos, Gracie",True,19,1,4,0.25,1,3,0.333,0,0,,0,3,3,4,1,2,1,0,3
2024-02-17_cal_st_fullerton_uc_san_diego,UC San Diego,35,"Springs, Katie",False,11,2,2,1.0,0,0,,0,0,,0,2,2,1,0,2,0,2,4
2024-02-17_cal_st_fullerton_uc_san_diego,UC San Diego,20,"Forsyth, Izzy",False,21,1,4,0.25,0,1,0.0,0,0,,0,0,0,3,2,5,0,1,2
2024-02-17_cal_st_fullerton_uc_san_diego,UC San Diego,05,"Louther, Gabby",False,16,0,1,0.0,0,0,,0,0,,0,0,0,1,0,2,0,0,0
2024-02-17_cal_st_fullerton_uc_san_diego,UC San Diego,23,"Blithikioti, Eri",False,11,0,0,,0,0,,0,0,,0,0,0,1,2,2,1,0,0
2024-02-17_cal_st_fullerton_uc_san_diego,UC San Diego,30,"Sule, Damilola",False,5,0,0,,0,0,,0,0,,0,0,0,1,0,0,0,0,0
2024-02-17_cal_st_fullerton_uc_san_diego,UC San Diego,11,"Condron, Erin",False,2,0,0,,0,0,,0,0,,0,0,0,0,0,0,0,0,0
2024-02-17_cal_st_fullerton_uc_san_diego,UC San Diego,TM,TEAM,False,0,0,0,,0,0,,0,0,,1,1,2,0,0,0,0,0,0
2024-02-17_cal_st_fullerton_uc_san_diego,Cal St. Fullerton,02,"Hassmann, Hope",True,31,7,15,0.467,2,7,0.286,7,8,0.875,1,2,3,1,3,2,0,4,23
2024-02-17_cal_st_fullerton_uc_san_diego,Cal St. Fullerton,04,"Vidmar, Gabi",True,39,4,7,0.571,1,2,0.5,3,3,1.0,1,5,6,2,1,3,0,5,12
2024-02-17_cal_st_fullerton_uc_san_diego,Cal St. Fullerton,24,"Neff, Kathryn",True,22,4,9,0.444,1,5,0.2,0,0,,0,1,1,0,0,0,0,0,9
2024-02-17_cal_st_fullerton_uc_san_diego,Cal St. Fullerton,10,"Lagway, Demonnie",True,14,1,3,0.333,0,1,0.0,2,2,1.0,0,1,1,0,2,0,0,1,4
2024-02-17_cal_st_fullerton_uc_san_diego,Cal St. Fullerton,32,"Lewis, Ashlee",True,22,1,5,0.2,0,0,,0,0,,1,5,6,4,1,1,0,2,2
2024-02-17_cal_st_fullerton_uc_san_diego,Cal St. Fullerton,13,"Hernandez, Aixchel",False,18,3,4,0.75,0,0,,0,0,,0,2,2,2,1,2,0,0,6
2024-02-17_cal_st_fullerton_uc_san_diego,Cal St. Fullerton,12,"Levingston, Eva",False,18,1,4,0.25,0,0,,1,2,0.5,2,3,5,0,2,3,0,0,3
2024-02-17_cal_st_fullerton_uc_san_diego,Cal St. Fullerton,23,"Strachan, Emily",False,16,0,1,0.0,0,0,,1,2,0.5,1,2,3,1,1,2,0,2,1
2024-02-17_cal_st_fullerton_uc_san_diego,Cal St. Fullerton,21,"Tse, Allysan",False,10,0,0,,0,0,,0,0,,2,0,2,1,1,1,0,0,0
2024-02-17_cal_st_fullerton_uc_san_diego,Cal St. Fullerton,33,"Minor, Brielle",False,9,0,0,,0,0,,0,0,,0,1,1,4,0,3,0,0,0
2024-02-17_cal_st_fullerton_uc_san_diego,Cal St. Fullerton,01,"Wienecke, Genna",False,1,0,0,,0,0,,0,0,,0,0,0,0,0,0,0,0,0
2024-02-17_cal_st_fullerton_uc_san_diego,Cal St. Fullerton,TM,TEAM,False,0,0,0,,0,0,,0,0,,2,1,3,0,0,1,0,0,0
2024-02-17_long_beach_st_csun,CSUN,20,"Adams, Erica",True,27,6,12,0.5,0,2,0.0,3,5,0.6,2,1,3,2,2,4,1,2,15
2024-02-17_long_beach_st_csun,CSUN,22,"Elsholz, Kaitlyn",True,23,6,12,0.5,2,6,0.333,0,0,,0,0,0,4,2,6,0,4,14
2024-02-17_long_beach_st_csun,CSUN,24,"Spriggs, Kayanna",True,33,4,10,0.4,0,0,,3,7,0.429,6,11,17,1,2,8,3,0,11
2024-02-17_long_beach_st_csun,CSUN,15,"Amundsen, Laney",True,30,3,10,0.3,2,4,0.5,0,0,,1,3,4,3,1,3,0,1,8
2024-02-17_long_beach_st_csun,CSUN,23,"Li-uperesa , Talo",True,30,1,4,0.25,0,0,,2,6,0.333,2,6,8,2,2,2,1,1,4
2024-02-17_long_beach_st_csun,CSUN,43,"Nikishina , Arina",False,12,4,9,0.444,0,0,,0,1,0.0,1,1,2,2,0,0,0,0,8
2024-02-17_long_beach_st_csun,CSUN,11,"Smith, Olivia",False,18,1,3,0.333,0,0,,0,0,,0,5,5,2,0,2,0,0,2
2024-02-17_long_beach_st_csun,CSUN,4,"Harvey, Rachel",False,17,0,1,0.0,0,1,0.0,0,0,,1,3,4,4,0,6,1,2,0
2024-02-17_long_beach_st_csun,CSUN,10,"Lizama, Alondra",False,10,0,3,0.0,0,2,0.0,0,0,,2,0,2,0,0,1,0,0,0
2024-02-17_long_beach_st_csun,CSUN,TM,TEAM,False,0,0,0,,0,0,,0,0,,2,4,6,0,0,0,0,0,0
2024-02-17_long_beach_st_csun,Long Beach St.,22,"Woodley, Sydney",True,30,9,13,0.692,3,4,0.75,0,0,,5,2,7,1,2,2,0,6,21
2024-02-17_long_beach_st_csun,Long Beach St.,2,"Tucker, Savannah",True,38,5,14,0.357,1,5,0.2,4,4,1.0,2,1,3,1,4,1,0,1,15
2024-02-17_long_beach_st_csun,Long Beach St.,10,"Valenti Paea, Casey",True,23,5,13,0.385,2,5,0.4,2,2,1.0,1,1,2,5,4,3,0,4,14
2024-02-17_long_beach_st_csun,Long Beach St.,3,"Chung, Patricia",True,34,4,9,0.444,4,8,0.5,0,2,0.0,0,3,3,1,3,3,0,1,12
2024-02-17_long_beach_st_csun,Long Beach St.,52,"Matthews, Davai",True,18,4,5,0.8,0,0,,1,2,0.5,4,2,6,3,1,2,0,2,9
2024-02-17_long_beach_st_csun,Long Beach St.,1,"Sonnier, Lovely",False,16,3,9,0.333,1,4,0.25,2,3,0.667,1,6,7,3,2,0,0,3,9
2024-02-17_long_beach_st_csun,Long Beach St.,12,"Crawshaw, Jada",False,19,2,8,0.25,0,0,,2,3,0.667,4,6,10,4,1,7,1,3,6
2024-02-17_long_beach_st_csun,Long Beach St.,30,"Moore, Olivia",False,11,0,1,0.0,0,0,,0,0,,0,1,1,0,0,0,0,2,0
2024-02-17_long_beach_st_csun,Long Beach St.,4,"Givens, Cheyenne",False,6,0,4,0.0,0,0,,0,0,,0,0,0,3,0,0,0,0,0
2024-02-17_long_beach_st_csun,Long Beach St.,00,"Cummings, Lauren",False,5,0,3,0.0,0,2,0.0,0,2,0.0,0,1,1,1,0,0,0,0,0
2024-02-17_long_beach_st_csun,Long Beach St.,TM,TEAM,False,0,0,0,,0,0,,0,0,,1,3,4,0,0,1,0,0,0
2024-02-22_uc_davis_csun,CSUN,20,"Adams, Erica",True,33,4,13,0.308,0,2,0.0,4,4,1.0,1,7,8,0,3,1,0,2,12
2024-02-22_uc_davis_csun,CSUN,15,"Amundsen, Laney",True,34,3,10,0.3,1,5,0.2,2,3,0.667,2,6,8,3,0,2,0,2,9
2024-02-22_uc_davis_csun,CSUN,22,"Elsholz, Kaitlyn",True,30,3,15,0.2,2,4,0.5,0,0,,0,2,2,2,0,1,0,0,8
2024-02-22_uc_davis_csun,CSUN,24,"Spriggs, Kayanna",True,16,1,5,0.2,0,0,,3,6,0.5,5,5,10,5,1,5,0,0,5
2024-02-22_uc_davis_csun,CSUN,23,"Li-Uperesa , Talo",True,25,1,6,0.167,0,0,,1,1,1.0,1,3,4,5,0,1,0,1,3
2024-02-22_uc_davis_csun,CSUN,04,"Harvey, Rachel",False,29,4,6,0.667,0,0,,4,4,1.0,0,5,5,5,0,3,0,1,12
2024-02-22_uc_davis_csun,CSUN,11,"Smith, Olivia",False,24,1,3,0.333,1,3,0.333,0,0,,1,2,3,1,2,1,1,0,3
2024-02-22_uc_davis_csun,CSUN,43,"Nikishina , Arina",False,5,1,4,0.25,0,1,0.0,0,0,,0,0,0,0,0,0,1,1,2
2024-02-22_uc_davis_csun,CSUN,10,"Lizama, Alondra",False,4,0,1,0.0,0,0,,0,0,,0,0,0,0,0,0,0,0,0
2024-02-22_uc_davis_csun,CSUN,TM,TEAM,False,0,0,0,,0,0,,0,0,,4,1,5,0,0,0,0,0,0
2024-02-22_uc_davis_csun,UC Davis,15,"Turner, Evanne",True,38,9,19,0.474,3,11,0.273,2,2,1.0,0,2,2,2,3,3,0,0,23
2024-02-22_uc_davis_csun,UC Davis,25,"Norris, Megan",True,18,3,4,0.75,0,1,0.0,4,4,1.0,2,7,9,5,0,4,0,0,10
2024-02-22_uc_davis_csun,UC Davis,33,"Harris, Mazatlan",True,29,3,6,0.5,1,2,0.5,1,2,0.5,1,5,6,2,1,0,2,0,8
2024-02-22_uc_davis_csun,UC Davis,13,"Burns, Sydney",True,34,2,5,0.4,0,2,0.0,2,2,1.0,0,4,4,1,7,3,0,2,6
2024-02-22_uc_davis_csun,UC Davis,14,"Sabel, Tova",True,34,0,11,0.0,0,7,0.0,2,4,0.5,0,4,4,1,1,2,2,1,2
2024-02-22_uc_davis_csun,UC Davis,41,"Shine, Bria",False,16,2,3,0.667,2,2,1.0,1,4,0.25,1,5,6,1,1,2,0,3,7
2024-02-22_uc_davis_csun,UC Davis,10,"Svanholm, Lena",False,4,1,2,0.5,0,1,0.0,0,0,,0,1,1,0,0,0,1,0,2
2024-02-22_uc_davis_csun,UC Davis,04,"Epps, Nya",False,12,0,4,0.0,0,1,0.0,0,0,,2,0,2,3,0,2,0,0,0
2024-02-22_uc_davis_csun,UC Davis,03,"Gray, Campbell",False,8,0,0,,0,0,,0,0,,1,2,3,2,0,0,0,0,0
2024-02-22_uc_davis_csun,UC Davis,11,"Glad, Clara",False,7,0,1,0.0,0,1,0.0,0,0,,0,1,1,1,0,0,0,1,0
2024-02-22_uc_davis_csun,UC Davis,TM,TEAM,False,0,0,0,,0,0,,0,0,,1,1,2,0,0,0,0,0,0
2024-02-22_uc_santa_barbara_uc_irvine,UC Irvine,13,"Lee, Deja",True,30,5,10,0.5,2,4,0.5,2,3,0.667,1,3,4,4,1,0,0,1,14
2024-02-22_uc_santa_barbara_uc_irvine,UC Irvine,24,"Dean, Nevaeh",True,27,2,6,0.333,0,2,0.0,3,4,0.75,2,2,4,2,0,0,1,1,7
2024-02-22_uc_santa_barbara_uc_irvine,UC Irvine,11,"Scharpf, Amelia",True,25,3,7,0.429,0,2,0.0,0,0,,1,2,3,1,0,0,0,0,6
2024-02-22_uc_santa_barbara_uc_irvine,UC Irvine,03,"Tom, Nikki",True,36,1,7,0.143,0,2,0.0,2,2,1.0,2,2,4,1,2,0,0,2,4
2024-02-22_uc_santa_barbara_uc_irvine,UC Irvine,23,"Konate, Diaba",True,30,2,11,0.182,0,2,0.0,0,2,0.0,0,2,2,3,4,3,0,3,4
2024-02-22_uc_santa_barbara_uc_irvine,UC Irvine,01,"Johnson Sidi Baba, Moulayna",False,22,4,12,0.333,0,2,0.0,3,6,0.5,2,4,6,3,0,4,1,0,11
2024-02-22_uc_santa_barbara_uc_irvine,UC Irvine,32,"Parkinson, Nevaeh",False,15,4,6,0.667,0,0,,0,0,,3,2,5,2,0,0,0,0,8
2024-02-22_uc_santa_barbara_uc_irvine,UC Irvine,12,"Nahum, Shirel",False,15,0,4,0.0,0,0,,0,0,,2,2,4,2,1,2,0,0,0
2024-02-22_uc_santa_barbara_uc_irvine,UC Irvine,TM,TEAM,False,0,0,0,,0,0,,0,0,,1,3,4,0,0,0,0,0,0
2024-02-22_uc_santa_barbara_uc_irvine,UC Santa Barbara,10,"Choice, Anya",True,30,3,5,0.6,2,2,1.0,0,0,,0,2,2,4,3,3,0,0,8
2024-02-22_uc_santa_barbara_uc_irvine,UC Santa Barbara,23,"Whitfield, Alexis",True,35,2,7,0.286,0,2,0.0,3,6,0.5,0,12,12,4,7,6,1,0,7
2024-02-22_uc_santa_barbara_uc_irvine,UC Santa Barbara,32,"Grant, Jessica",True,36,2,3,0.667,1,2,0.5,0,0,,1,2,3,1,1,2,0,1,5
2024-02-22_uc_santa_barbara_uc_irvine,UC Santa Barbara,20,"Rockwood, Laurel",True,18,1,2,0.5,0,0,,0,0,,1,0,1,1,0,1,0,1,2
2024-02-22_uc_santa_barbara_uc_irvine,UC Santa Barbara,15,"McMorris, Mary",True,13,0,5,0.0,0,1,0.0,0,2,0.0,0,2,2,4,0,3,0,1,0
2024-02-22_uc_santa_barbara_uc_irvine,UC Santa Barbara,13,"Goed, Flora",False,22,4,6,0.667,0,0,,2,2,1.0,1,2,3,1,0,1,2,0,10
2024-02-22_uc_santa_barbara_uc_irvine,UC Santa Barbara,03,"Marin, Alyssa",False,11,3,9,0.333,0,2,0.0,3,4,0.75,0,2,2,0,0,1,0,0,9
2024-02-22_uc_santa_barbara_uc_irvine,UC Santa Barbara,55,"Burke, Skylar",False,27,1,5,0.2,0,1,0.0,1,2,0.5,2,7,9,4,0,3,0,0,3
2024-02-22_uc_santa_barbara_uc_irvine,UC Santa Barbara,02,"Borter, Zoe",False,5,1,1,1.0,0,0,,0,0,,0,0,0,1,0,1,0,0,2
2024-02-22_uc_santa_barbara_uc_irvine,UC Santa Barbara,04,"Hutchens, Kathleen",False,3,0,0,,0,0,,0,0,,0,0,0,0,0,0,0,0,0
2024-02-22_uc_santa_barbara_uc_irvine,UC Santa Barbara,TM,TEAM,False,0,0,0,,0,0,,0,0,,2,4,6,0,0,2,0,0,0
2024-02-22_uc_san_diego_uc_riverside,UC Riverside,32,"Webster, Jordan",True,30,8,14,0.571,2,6,0.333,5,6,0.833,2,2,4,3,2,3,0,6,23
2024-02-22_uc_san_diego_uc_riverside,UC Riverside,00,"Jackson, Makayla",True,38,4,7,0.571,2,4,0.5,1,3,0.333,1,2,3,3,1,1,0,3,11
2024-02-22_uc_san_diego_uc_riverside,UC Riverside,01,"Bryant, Matehya",True,27,5,10,0.5,0,0,,0,0,,0,7,7,1,1,3,1,0,10
2024-02-22_uc_san_diego_uc_riverside,UC Riverside,11,"Matarranz, Esther",True,31,3,8,0.375,0,0,,0,0,,3,1,4,3,6,2,1,0,6
2024-02-22_uc_san_diego_uc_riverside,UC Riverside,02,"Walters, RyAnne",True,26,1,6,0.167,1,3,0.333,0,0,,1,5,6,2,4,0,0,3,3
2024-02-22_uc_san_diego_uc_riverside,UC Riverside,10,"Stenberg, Julia",False,15,2,6,0.333,2,5,0.4,1,2,0.5,1,1,2,0,0,2,0,0,7
2024-02-22_uc_san_diego_uc_riverside,UC Riverside,04,"Marshall, Jordyn",False,25,1,3,0.333,1,2,0.5,0,0,,0,1,1,1,1,2,0,1,3
2024-02-22_uc_san_diego_uc_riverside,UC Riverside,15,"Sanderson, Jaden",False,8,0,2,0.0,0,0,,0,0,,0,1,1,1,0,1,0,0,0
2024-02-22_uc_san_diego_uc_riverside,UC Riverside,TM,TEAM,False,0,0,0,,0,0,,0,0,,2,1,3,0,0,0,0,0,0
2024-02-22_uc_san_diego_uc_riverside,UC San Diego,24,"Pinto, Denali",True,29,6,10,0.6,3,7,0.429,0,0,,1,6,7,3,2,2,2,0,15
2024-02-22_uc_san_diego_uc_riverside,UC San Diego,22,"Gallegos, Gracie",True,32,3,8,0.375,1,2,0.5,0,0,,1,3,4,2,0,5,0,1,7
2024-02-22_uc_san_diego_uc_riverside,UC San Diego,33,"Svoboda, Emma",True,16,2,4,0.5,0,0,,2,2,1.0,2,0,2,1,1,1,0,0,6
2024-02-22_uc_san_diego_uc_riverside,UC San Diego,03,"Sugapong, Sumayah",True,27,1,10,0.1,0,3,0.0,2,2,1.0,2,2,4,2,4,4,0,1,4
2024-02-22_uc_san_diego_uc_riverside,UC San Diego,32,"Montgomery, Parker",True,20,2,9,0.222,0,2,0.0,0,0,,0,1,1,1,0,1,0,0,4
2024-02-22_uc_san_diego_uc_riverside,UC San Diego,20,"Forsyth, Izzy",False,20,3,8,0.375,1,3,0.333,0,0,,3,4,7,1,0,1,1,0,7
2024-02-22_uc_san_diego_uc_riverside,UC San Diego,02,"Talbot, Grace",False,18,1,2,0.5,1,2,0.5,0,0,,0,1,1,1,3,2,0,1,3
2024-02-22_uc_san_diego_uc_riverside,UC San Diego,11,"Condron, Erin",False,10,1,3,0.333,0,0,,0,0,,3,1,4,1,0,1,0,1,2
2024-02-22_uc_san_diego_uc_riverside,UC San Diego,23,"Blithikioti, Eri",False,10,0,1,0.0,0,1,0.0,0,0,,0,0,0,0,3,1,0,0,0
2024-02-22_uc_san_diego_uc_riverside,UC San Diego,35,"Springs, Katie",False,8,0,1,0.0,0,0,,0,0,,2,2,4,1,1,1,0,1,0
2024-02-22_uc_san_diego_uc_riverside,UC San Diego,05,"Louther, Gabby",False,6,0,0,,0,0,,0,0,,0,0,0,0,1,1,0,0,0
2024-02-22_uc_san_diego_uc_riverside,UC San Diego,30,"Sule, Damilola",False,4,0,0,,0,0,,0,0,,0,2,2,1,0,1,0,0,0
2024-02-22_uc_san_diego_uc_riverside,UC San Diego,TM,TEAM,False,0,0,0,,0,0,,0,0,,2,0,2,0,0,0,0,0,0
2024-02-22_cal_poly_cal_st_fullerton,Cal St. Fullerton,2,"Hassmann, Hope",True,36,4,12,0.333,0,4,0.0,3,3,1.0,0,1,1,1,6,3,1,3,11
2024-02-22_cal_poly_cal_st_fullerton,Cal St. Fullerton,32,"Lewis, Ashlee",True,26,4,6,0.667,0,0,,0,0,,5,3,8,2,0,4,2,2,8
2024-02-22_cal_poly_cal_st_fullerton,Cal St. Fullerton,4,"Vidmar, Gabi",True,34,2,9,0.222,1,5,0.2,2,2,1.0,0,1,1,1,0,1,0,1,7
2024-02-22_cal_poly_cal_st_fullerton,Cal St. Fullerton,10,"Lagway, Demonnie",True,26,3,11,0.273,1,1,1.0,0,0,,1,0,1,0,0,2,0,5,7
2024-02-22_cal_poly_cal_st_fullerton,Cal St. Fullerton,24,"Neff, Kathryn",True,22,0,2,0.0,0,1,0.0,0,0,,1,1,2,1,1,0,0,0,0
2024-02-22_cal_poly_cal_st_fullerton,Cal St. Fullerton,12,"Levingston, Eva",False,18,5,10,0.5,0,0,,1,4,0.25,1,3,4,2,1,2,2,2,11
2024-02-22_cal_poly_cal_st_fullerton,Cal St. Fullerton,13,"Hernandez, Aixchel",False,14,1,5,0.2,0,0,,0,0,,2,1,3,2,0,1,1,0,2
2024-02-22_cal_poly_cal_st_fullerton,Cal St. Fullerton,33,"Minor, Brielle",False,7,0,0,,0,0,,1,2,0.5,0,0,0,1,0,0,0,1,1
2024-02-22_cal_poly_cal_st_fullerton,Cal St. Fullerton,23,"Strachan, Emily",False,15,0,3,0.0,0,1,0.0,0,0,,1,1,2,2,0,1,0,0,0
2024-02-22_cal_poly_cal_st_fullerton,Cal St. Fullerton,21,"Tse, Allysan",False,2,0,1,0.0,0,0,,0,0,,0,0,0,1,1,0,0,1,0
2024-02-22_cal_poly_cal_st_fullerton,Cal St. Fullerton,TM,TEAM,False,0,0,0,,0,0,,0,0,,2,0,2,0,0,0,0,0,0
2024-02-22_cal_poly_cal_st_fullerton,Cal Poly,2,"Shah, Annika",True,35,4,6,0.667,2,3,0.667,2,2,1.0,0,2,2,0,10,2,0,3,12
2024-02-22_cal_poly_cal_st_fullerton,Cal Poly,35,"Ackerman, Natalia",True,24,4,8,0.5,0,0,,2,4,0.5,2,8,10,1,0,0,0,0,10
2024-02-22_cal_poly_cal_st_fullerton,Cal Poly,15,"Bourland, Sydney",True,35,2,5,0.4,0,0,,2,2,1.0,0,3,3,1,1,3,0,0,6
2024-02-22_cal_poly_cal_st_fullerton,Cal Poly,5,"McNicholas, Ania",True,22,1,2,0.5,1,1,1.0,0,0,,0,3,3,3,0,4,1,2,3
2024-02-22_cal_poly_cal_st_fullerton,Cal Poly,4,"Lichtie, Sierra",True,21,1,5,0.2,1,1,1.0,0,0,,3,3,6,1,1,4,2,2,3
2024-02-22_cal_poly_cal_st_fullerton,Cal Poly,10,"Richards, Sidney",False,21,3,6,0.5,0,2,0.0,4,4,1.0,1,5,6,3,0,4,0,1,10
2024-02-22_cal_poly_cal_st_fullerton,Cal Poly,33,"Olinger, Amanda",False,16,4,5,0.8,0,0,,0,0,,1,0,1,0,1,1,0,0,8
2024-02-22_cal_poly_cal_st_fullerton,Cal Poly,24,"Carter, Mary",False,24,3,6,0.5,0,2,0.0,0,0,,3,4,7,1,1,3,0,2,6
2024-02-22_cal_poly_cal_st_fullerton,Cal Poly,25,"Hoffman, Jordan",False,2,0,0,,0,0,,0,0,,0,0,0,0,0,1,0,0,0
2024-02-22_cal_poly_cal_st_fullerton,Cal Poly,TM,TEAM,False,0,0,0,,0,0,,0,0,,1,1,2,0,0,1,0,0,0
2024-02-22_csu_bakersfield_long_beach_st,Long Beach St.,02,"Tucker, Savannah",True,40,5,10,0.5,3,7,0.429,7,9,0.778,1,3,4,2,4,1,1,1,20
2024-02-22_csu_bakersfield_long_beach_st,Long Beach St.,03,"Chung, Patricia",True,22,3,8,0.375,3,6,0.5,2,2,1.0,0,5,5,1,0,1,0,1,11
2024-02-22_csu_bakersfield_long_beach_st,Long Beach St.,52,"Matthews, Davai",True,32,4,6,0.667,0,0,,2,4,0.5,2,8,10,1,3,2,0,1,10
2024-02-22_csu_bakersfield_long_beach_st,Long Beach St.,10,"Valenti-Paea, Casey",True,23,3,10,0.3,0,4,0.0,1,3,0.333,2,0,2,1,0,2,0,2,7
2024-02-22_csu_bakersfield_long_beach_st,Long Beach St.,22,"Woodley, Sydney",True,19,2,5,0.4,0,2,0.0,0,0,,1,1,2,4,2,3,0,2,4
2024-02-22_csu_bakersfield_long_beach_st,Long Beach St.,04,"Givens, Cheyenne",False,25,3,11,0.273,2,5,0.4,0,4,0.0,0,2,2,2,0,3,0,2,8
2024-02-22_csu_bakersfield_long_beach_st,Long Beach St.,30,"Moore, Olivia",False,9,2,2,1.0,2,2,1.0,0,0,,0,1,1,2,1,0,0,0,6
2024-02-22_csu_bakersfield_long_beach_st,Long Beach St.,01,"Sonnier, Lovely",False,12,1,2,0.5,0,1,0.0,1,2,0.5,0,0,0,1,1,3,0,0,3
2024-02-22_csu_bakersfield_long_beach_st,Long Beach St.,12,"Crawshaw , Jada",False,18,0,1,0.0,0,0,,0,0,,1,3,4,4,1,2,0,1,0
2024-02-22_csu_bakersfield_long_beach_st,Long Beach St.,TM,TEAM,False,0,0,0,,0,0,,0,0,,5,4,9,0,0,1,0,0,0
2024-02-22_csu_bakersfield_long_beach_st,CSU Bakersfield,23,"Olivares, Jordan",True,32,5,11,0.455,0,1,0.0,10,12,0.833,3,3,6,4,3,2,0,3,20
2024-02-22_csu_bakersfield_long_beach_st,CSU Bakersfield,00,"Brown, Shaunae",True,39,4,14,0.286,3,9,0.333,3,4,0.75,0,0,0,2,1,1,0,0,14
2024-02-22_csu_bakersfield_long_beach_st,CSU Bakersfield,15,"Porter, Amourie",True,35,5,17,0.294,0,2,0.0,3,4,0.75,3,7,10,2,1,3,0,5,13
2024-02-22_csu_bakersfield_long_beach_st,CSU Bakersfield,33,"Riley, Julia",True,34,4,5,0.8,2,3,0.667,2,2,1.0,0,10,10,4,1,3,1,2,12
2024-02-22_csu_bakersfield_long_beach_st,CSU Bakersfield,02,"Edwards, Morgan",True,12,0,4,0.0,0,1,0.0,0,0,,0,0,0,3,1,2,0,1,0
2024-02-22_csu_bakersfield_long_beach_st,CSU Bakersfield,32,"Freeman, Garrisen",False,14,2,2,1.0,0,0,,0,0,,2,1,3,1,1,0,0,0,4
2024-02-22_csu_bakersfield_long_beach_st,CSU Bakersfield,04,"Hunter, Grace",False,31,0,2,0.0,0,2,0.0,2,2,1.0,0,2,2,4,1,3,1,1,2
2024-02-22_csu_bakersfield_long_beach_st,CSU Bakersfield,12,"Johnson, Cassidy",False,3,1,1,1.0,0,0,,0,0,,0,0,0,0,0,1,0,0,2
2024-02-22_csu_bakersfield_long_beach_st,CSU Bakersfield,TM,TEAM,False,0,0,0,,0,0,,0,0,,1,4,5,0,0,0,0,0,0
2024-02-24_uc_davis_csu_bakersfield,CSU Bakersfield,23,"Olivares, Jordan",True,34,7,18,0.389,0,4,0.0,11,12,0.917,1,2,3,3,4,3,0,2,25
2024-02-24_uc_davis_csu_bakersfield,CSU Bakersfield,02,"Edwards, Morgan",True,29,5,7,0.714,3,3,1.0,0,0,,0,0,0,3,0,1,0,0,13
2024-02-24_uc_davis_csu_bakersfield,CSU Bakersfield,15,"Porter, Amourie",True,24,3,9,0.333,1,2,0.5,3,3,1.0,1,3,4,2,0,1,0,1,10
2024-02-24_uc_davis_csu_bakersfield,CSU Bakersfield,00,"Brown, Shaunae",True,31,2,10,0.2,2,4,0.5,0,0,,1,0,1,0,2,0,0,0,6
2024-02-24_uc_davis_csu_bakersfield,CSU Bakersfield,33,"Riley, Julia",True,27,0,1,0.0,0,1,0.0,0,0,,0,3,3,1,1,0,0,0,0
2024-02-24_uc_davis_csu_bakersfield,CSU Bakersfield,25,"Tougas, Sophia",False,21,3,6,0.5,1,2,0.5,1,2,0.5,2,3,5,2,0,1,0,0,8
2024-02-24_uc_davis_csu_bakersfield,CSU Bakersfield,04,"Hunter, Grace",False,21,0,4,0.0,0,1,0.0,0,0,,0,0,0,2,1,0,1,2,0
2024-02-24_uc_davis_csu_bakersfield,CSU Bakersfield,12,"Johnson, Cassidy",False,5,0,0,,0,0,,0,0,,0,0,0,1,0,1,0,0,0
2024-02-24_uc_davis_csu_bakersfield,CSU Bakersfield,55,"Bertotti Metoyer, Sophia",False,5,0,0,,0,0,,0,0,,0,1,1,3,0,1,0,0,0
2024-02-24_uc_davis_csu_bakersfield,CSU Bakersfield,32,"Freeman, Garrisen",False,3,0,0,,0,0,,0,0,,0,0,0,0,0,0,0,0,0
2024-02-24_uc_davis_csu_bakersfield,CSU Bakersfield,TM,TEAM,False,0,0,0,,0,0,,0,0,,0,3,3,0,0,0,0,0,0
2024-02-24_uc_davis_csu_bakersfield,UC Davis,14,"Sabel, Tova",True,33,6,11,0.545,2,7,0.286,1,2,0.5,0,4,4,3,4,1,1,0,15
2024-02-24_uc_davis_csu_bakersfield,UC Davis,33,"Harris, Mazatlan",True,30,4,6,0.667,3,5,0.6,4,4,1.0,3,4,7,3,3,1,0,1,15
2024-02-24_uc_davis_csu_bakersfield,UC Davis,15,"Turner, Evanne",True,36,4,9,0.444,3,7,0.429,2,2,1.0,1,4,5,1,5,2,0,1,13
2024-02-24_uc_davis_csu_bakersfield,UC Davis,25,"Norris, Megan",True,19,4,8,0.5,1,3,0.333,3,3,1.0,0,4,4,2,0,4,0,0,12
2024-02-24_uc_davis_csu_bakersfield,UC Davis,13,"Burns, Sydney",True,18,1,1,1.0,0,0,,0,0,,0,1,1,1,0,1,0,0,2
2024-02-24_uc_davis_csu_bakersfield,UC Davis,04,"Epps, Nya",False,23,2,3,0.667,1,1,1.0,0,0,,1,3,4,2,1,0,0,0,5
2024-02-24_uc_davis_csu_bakersfield,UC Davis,41,"Shine, Bria",False,17,2,4,0.5,1,2,0.5,0,0,,2,5,7,1,3,3,0,0,5
2024-02-24_uc_davis_csu_bakersfield,UC Davis,03,"Gray, Campbell",False,8,2,2,1.0,1,1,1.0,0,0,,0,1,1,0,2,1,0,0,5
2024-02-24_uc_davis_csu_bakersfield,UC Davis,20,"Fitzgerald, Ally",False,2,1,1,1.0,0,0,,3,4,0.75,0,2,2,0,0,1,0,0,5
2024-02-24_uc_davis_csu_bakersfield,UC Davis,23,"Baker, Victoria",False,6,0,1,0.0,0,0,,1,2,0.5,0,0,0,1,0,2,0,0,1
2024-02-24_uc_davis_csu_bakersfield,UC Davis,11,"Glad, Clara",False,6,0,1,0.0,0,1,0.0,0,0,,0,0,0,2,0,1,0,1,0
2024-02-24_uc_davis_csu_bakersfield,UC Davis,10,"Svanholm, Lena",False,2,0,0,,0,0,,0,0,,0,0,0,0,1,0,0,0,0
2024-02-24_uc_davis_csu_bakersfield,UC Davis,TM,TEAM,False,0,0,0,,0,0,,0,0,,0,3,3,0,0,0,0,0,0
2024-02-24_long_beach_st_hawaii,Hawaii,12,"Perez, Imani",True,32,5,10,0.5,2,4,0.5,0,0,,3,6,9,0,4,1,3,0,12
2024-02-24_long_beach_st_hawaii,Hawaii,23,"McBee, Meilani",True,30,3,6,0.5,3,6,0.5,0,0,,0,7,7,4,1,3,2,2,9
2024-02-24_long_beach_st_hawaii,Hawaii,3,"Wahinekapu, Lily",True,28,3,6,0.5,0,0,,0,0,,0,2,2,3,6,5,0,3,6
2024-02-24_long_beach_st_hawaii,Hawaii,2,"Thoms, Ashley",True,29,2,7,0.286,0,4,0.0,0,0,,2,4,6,1,0,0,0,0,4
2024-02-24_long_beach_st_hawaii,Hawaii,22,"Peacock, Jade",True,20,2,6,0.333,0,3,0.0,0,0,,0,3,3,1,2,1,0,0,4
2024-02-24_long_beach_st_hawaii,Hawaii,15,"Phillips, Daejah",False,20,12,14,0.857,1,1,1.0,4,5,0.8,0,4,4,3,1,3,0,2,29
2024-02-24_long_beach_st_hawaii,Hawaii,34,"David, Jacque",False,18,4,8,0.5,1,3,0.333,0,0,,2,1,3,2,2,1,0,1,9
2024-02-24_long_beach_st_hawaii,Hawaii,1,"Imai, Kelsie",False,23,2,4,0.5,1,1,1.0,2,2,1.0,0,2,2,2,6,5,0,1,7
2024-02-24_long_beach_st_hawaii,Hawaii,TM,TEAM,False,0,0,0,,0,0,,0,0,,2,1,3,0,0,0,0,0,0
2024-02-24_long_beach_st_hawaii,Long Beach St.,22,"Woodley, Sydney",True,35,6,13,0.462,0,2,0.0,0,1,0.0,4,4,8,2,1,0,0,6,12
2024-02-24_long_beach_st_hawaii,Long Beach St.,2,"Tucker, Savannah",True,29,3,7,0.429,3,4,0.75,3,4,0.75,2,1,3,3,2,3,0,0,12
2024-02-24_long_beach_st_hawaii,Long Beach St.,10,"Valenti Paea, Casey",True,25,3,8,0.375,2,4,0.5,4,4,1.0,0,4,4,1,1,2,0,4,12
2024-02-24_long_beach_st_hawaii,Long Beach St.,3,"Chung, Patricia",True,33,4,9,0.444,2,6,0.333,0,0,,1,4,5,1,4,0,0,1,10
2024-02-24_long_beach_st_hawaii,Long Beach St.,52,"Matthews, Davai",True,26,1,8,0.125,0,1,0.0,4,6,0.667,3,3,6,2,2,1,1,1,6
2024-02-24_long_beach_st_hawaii,Long Beach St.,4,"Givens, Cheyenne",False,22,6,12,0.5,1,6,0.167,1,1,1.0,0,1,1,1,1,2,0,0,14
2024-02-24_long_beach_st_hawaii,Long Beach St.,30,"Moore, Olivia",False,4,1,2,0.5,0,1,0.0,0,0,,1,0,1,0,0,0,0,0,2
2024-02-24_long_beach_st_hawaii,Long Beach St.,1,"Sonnier, Lovely",False,20,0,4,0.0,0,2,0.0,0,0,,0,2,2,1,3,3,0,1,0
2024-02-24_long_beach_st_hawaii,Long Beach St.,12,"Crawshaw, Jada",False,5,0,2,0.0,0,1,0.0,0,0,,0,0,0,1,0,2,0,0,0
2024-02-24_long_beach_st_hawaii,Long Beach St.,00,"Cummings, Lauren",False,1,0,1,0.0,0,1,0.0,0,0,,0,0,0,0,0,0,0,0,0
2024-02-24_long_beach_st_hawaii,Long Beach St.,TM,TEAM,False,0,0,0,,0,0,,0,0,,3,1,4,0,0,0,0,0,0
2024-02-24_uc_irvine_uc_san_diego,UC San Diego,22,"Gallegos, Gracie",True,45,5,8,0.625,2,4,0.5,6,10,0.6,4,8,12,1,3,2,0,2,18
2024-02-24_uc_irvine_uc_san_diego,UC San Diego,3,"Sugapong, Sumayah",True,30,6,11,0.545,1,4,0.25,2,4,0.5,0,0,0,3,1,6,0,1,15
2024-02-24_uc_irvine_uc_san_diego,UC San Diego,24,"Pinto, Denali",True,38,4,11,0.364,2,6,0.333,2,3,0.667,1,3,4,3,1,1,0,3,12
2024-02-24_uc_irvine_uc_san_diego,UC San Diego,32,"Montgomery, Parker",True,38,3,9,0.333,1,3,0.333,1,2,0.5,1,4,5,4,1,2,0,0,8
2024-02-24_uc_irvine_uc_san_diego,UC San Diego,20,"Forsyth, Izzy",True,23,3,6,0.5,1,4,0.25,0,0,,0,2,2,3,2,2,0,0,7
2024-02-24_uc_irvine_uc_san_diego,UC San Diego,35,"Springs, Katie",False,24,1,2,0.5,0,0,,4,4,1.0,4,1,5,5,3,2,1,3,6
2024-02-24_uc_irvine_uc_san_diego,UC San Diego,23,"Blithikioti, Eri",False,8,1,3,0.333,1,1,1.0,0,0,,0,2,2,1,0,0,0,0,3
2024-02-24_uc_irvine_uc_san_diego,UC San Diego,2,"Talbot, Grace",False,12,0,0,,0,0,,0,0,,0,0,0,0,1,5,0,0,0
2024-02-24_uc_irvine_uc_san_diego,UC San Diego,33,"Svoboda, Emma",False,6,0,1,0.0,0,0,,0,0,,2,0,2,0,0,1,0,0,0
2024-02-24_uc_irvine_uc_san_diego,UC San Diego,30,"Sule, Damilola",False,1,0,0,,0,0,,0,0,,0,0,0,0,0,1,0,0,0
2024-02-24_uc_irvine_uc_san_diego,UC San Diego,TM,TEAM,False,0,0,0,,0,0,,0,0,,3,4,7,0,0,1,0,0,0
2024-02-24_uc_irvine_uc_san_diego,UC Irvine,13,"Lee, Déja",True,43,6,14,0.429,4,10,0.4,2,2,1.0,1,0,1,3,0,3,0,3,18
2024-02-24_uc_irvine_uc_san_diego,UC Irvine,3,"Tom, Nikki",True,43,3,9,0.333,2,6,0.333,4,4,1.0,1,1,2,3,2,1,0,3,12
2024-02-24_uc_irvine_uc_san_diego,UC Irvine,23,"Konate, Diaba",True,37,3,9,0.333,0,2,0.0,2,4,0.5,1,1,2,4,9,4,0,5,8
2024-02-24_uc_irvine_uc_san_diego,UC Irvine,11,"Scharpf, Amelia",True,30,4,6,0.667,0,1,0.0,0,0,,1,1,2,2,1,0,0,0,8
2024-02-24_uc_irvine_uc_san_diego,UC Irvine,24,"Dean, Nevaeh",True,22,1,4,0.25,0,1,0.0,0,0,,1,2,3,3,2,0,1,2,2
2024-02-24_uc_irvine_uc_san_diego,UC Irvine,1,"Johnson Sidi Baba, Moulayna",False,16,4,7,0.571,0,1,0.0,2,3,0.667,0,1,1,0,0,3,0,0,10
2024-02-24_uc_irvine_uc_san_diego,UC Irvine,32,"Parkinson, Nevaeh",False,19,2,6,0.333,0,0,,3,5,0.6,4,4,8,3,1,2,0,1,7
2024-02-24_uc_irvine_uc_san_diego,UC Irvine,12,"Nahum, Shirel",False,9,0,3,0.0,0,3,0.0,0,0,,0,1,1,2,2,2,1,1,0
2024-02-24_uc_irvine_uc_san_diego,UC Irvine,33,"Kaupu, Caiyle",False,3,0,1,0.0,0,0,,0,0,,0,0,0,0,0,0,0,0,0
2024-02-24_uc_irvine_uc_san_diego,UC Irvine,22,"Djoko, Clara",False,2,0,0,,0,0,,0,0,,0,3,3,0,0,0,0,0,0
2024-02-24_uc_irvine_uc_san_diego,UC Irvine,5,"Ross, Tarryn",False,1,0,1,0.0,0,1,0.0,0,0,,0,0,0,0,0,0,0,0,0
2024-02-24_uc_irvine_uc_san_diego,UC Irvine,TM,TEAM,False,0,0,0,,0,0,,0,0,,7,1,8,0,0,2,0,0,0
2024-02-24_uc_riverside_cal_poly,Cal Poly,35,"Ackerman, Natalia",True,26,7,10,0.7,0,0,,2,2,1.0,4,8,12,2,0,2,1,0,16
2024-02-24_uc_riverside_cal_poly,Cal Poly,15,"Bourland, Sydney",True,43,3,6,0.5,0,0,,8,8,1.0,0,6,6,2,4,3,0,1,14
2024-02-24_uc_riverside_cal_poly,Cal Poly,2,"Shah, Annika",True,42,3,6,0.5,2,3,0.667,1,2,0.5,0,3,3,3,0,5,0,2,9
2024-02-24_uc_riverside_cal_poly,Cal Poly,5,"McNicholas, Ania",True,26,2,7,0.286,2,2,1.0,0,0,,1,1,2,4,1,2,0,1,6
2024-02-24_uc_riverside_cal_poly,Cal Poly,4,"Lichtie, Sierra",True,18,0,4,0.0,0,2,0.0,0,0,,0,2,2,1,3,3,0,1,0
2024-02-24_uc_riverside_cal_poly,Cal Poly,10,"Richards, Sidney",False,33,3,7,0.429,0,0,,0,2,0.0,0,0,0,3,2,5,0,3,6
2024-02-24_uc_riverside_cal_poly,Cal Poly,33,"Olinger, Amanda",False,19,2,5,0.4,0,0,,1,2,0.5,3,1,4,0,1,0,0,0,5
2024-02-24_uc_riverside_cal_poly,Cal Poly,24,"Carter, Mary",False,18,2,5,0.4,0,1,0.0,0,0,,0,3,3,1,0,4,1,0,4
2024-02-24_uc_riverside_cal_poly,Cal Poly,25,"Hoffman, Jordan",False,0,0,1,0.0,0,0,,0,0,,0,0,0,0,0,0,0,0,0
2024-02-24_uc_riverside_cal_poly,Cal Poly,TM,TEAM,False,0,0,0,,0,0,,0,0,,4,2,6,0,0,1,0,0,0
2024-02-24_uc_riverside_cal_poly,UC Riverside,11,"Matarranz, Esther",True,25,8,12,0.667,0,0,,0,2,0.0,1,2,3,5,2,3,1,0,16
2024-02-24_uc_riverside_cal_poly,UC Riverside,1,"Bryant, Matehya",True,43,4,10,0.4,0,0,,0,0,,0,4,4,2,6,4,1,3,8
2024-02-24_uc_riverside_cal_poly,UC Riverside,00,"Jackson, Makayla",True,39,3,8,0.375,1,4,0.25,1,2,0.5,1,1,2,2,1,1,0,2,8
2024-02-24_uc_riverside_cal_poly,UC Riverside,32,"Webster, Jordan",True,30,3,13,0.231,0,5,0.0,1,2,0.5,0,3,3,3,1,2,0,2,7
2024-02-24_uc_riverside_cal_poly,UC Riverside,2,"Walters, Ryanne",True,30,2,5,0.4,1,3,0.333,0,2,0.0,1,1,2,3,2,4,0,2,5
2024-02-24_uc_riverside_cal_poly,UC Riverside,4,"Marshall, Jordyn",False,29,4,6,0.667,0,1,0.0,3,3,1.0,0,3,3,1,3,2,1,0,11
2024-02-24_uc_riverside_cal_poly,UC Riverside,3,"Tillery, Zoe",False,10,1,1,1.0,1,1,1.0,1,2,0.5,0,0,0,2,2,0,0,0,4
2024-02-24_uc_riverside_cal_poly,UC Riverside,10,"Stenberg, Julia",False,13,1,3,0.333,1,2,0.5,0,0,,0,2,2,0,0,2,0,1,3
2024-02-24_uc_riverside_cal_poly,UC Riverside,15,"Sanderson, Jaden",False,6,0,2,0.0,0,0,,0,0,,0,0,0,3,0,0,0,0,0
2024-02-24_uc_riverside_cal_poly,UC Riverside,TM,TEAM,False,0,0,0,,0,0,,0,0,,8,3,11,0,0,0,0,0,0
2024-02-24_csun_cal_st_fullerton,Cal St. Fullerton,32,"Lewis, Ashlee",True,29,9,15,0.6,0,0,,3,3,1.0,3,5,8,3,0,1,1,0,21
2024-02-24_csun_cal_st_fullerton,Cal St. Fullerton,2,"Hassmann, Hope",True,30,3,4,0.75,2,3,0.667,4,4,1.0,1,2,3,2,6,3,0,0,12
2024-02-24_csun_cal_st_fullerton,Cal St. Fullerton,10,"Lagway, Demonnie",True,22,3,9,0.333,0,0,,1,1,1.0,1,5,6,2,4,0,0,1,7
2024-02-24_csun_cal_st_fullerton,Cal St. Fullerton,4,"Vidmar, Gabi",True,34,3,10,0.3,0,3,0.0,0,0,,0,5,5,0,3,2,0,2,6
2024-02-24_csun_cal_st_fullerton,Cal St. Fullerton,24,"Neff, Kathryn",True,26,2,4,0.5,2,4,0.5,0,0,,0,2,2,2,1,0,0,2,6
2024-02-24_csun_cal_st_fullerton,Cal St. Fullerton,55,"Nimmo, Fujika",False,20,4,15,0.267,3,8,0.375,2,2,1.0,1,4,5,1,3,4,0,1,13
2024-02-24_csun_cal_st_fullerton,Cal St. Fullerton,12,"Levingston, Eva",False,14,3,5,0.6,0,0,,0,0,,1,3,4,2,3,0,1,1,6
2024-02-24_csun_cal_st_fullerton,Cal St. Fullerton,13,"Hernandez, Aixchel",False,10,2,3,0.667,0,0,,0,0,,2,1,3,2,0,0,0,0,4
2024-02-24_csun_cal_st_fullerton,Cal St. Fullerton,23,"Strachan, Emily",False,9,0,1,0.0,0,1,0.0,0,0,,0,1,1,0,2,0,0,0,0
2024-02-24_csun_cal_st_fullerton,Cal St. Fullerton,33,"Minor, Brielle",False,4,0,0,,0,0,,0,0,,0,0,0,0,0,3,0,0,0
2024-02-24_csun_cal_st_fullerton,Cal St. Fullerton,1,"Wienecke, Genna",False,2,0,0,,0,0,,0,0,,0,0,0,0,0,0,0,0,0
2024-02-24_csun_cal_st_fullerton,Cal St. Fullerton,TM,TEAM,False,0,0,0,,0,0,,0,0,,6,2,8,0,0,2,0,0,0
2024-02-24_csun_cal_st_fullerton,CSUN,24,"Spriggs, Kayanna",True,33,4,5,0.8,0,0,,4,7,0.571,2,3,5,2,2,0,3,3,12
2024-02-24_csun_cal_st_fullerton,CSUN,20,"Adams, Erica",True,33,3,11,0.273,1,3,0.333,4,4,1.0,0,0,0,1,4,2,0,1,11
2024-02-24_csun_cal_st_fullerton,CSUN,22,"Elsholz, Kaitlyn",True,30,4,15,0.267,1,7,0.143,2,2,1.0,2,2,4,0,0,1,0,2,11
2024-02-24_csun_cal_st_fullerton,CSUN,23,"Li-uperesa, Talo",True,19,4,5,0.8,0,1,0.0,1,2,0.5,2,2,4,5,0,2,0,2,9
2024-02-24_csun_cal_st_fullerton,CSUN,15,"Amundsen, Laney",True,28,0,7,0.0,0,5,0.0,2,2,1.0,0,7,7,0,1,1,0,0,2
2024-02-24_csun_cal_st_fullerton,CSUN,4,"Harvey, Rachel",False,15,4,6,0.667,0,0,,0,0,,0,1,1,3,1,1,0,0,8
2024-02-24_csun_cal_st_fullerton,CSUN,43,"Nikishina , Arina",False,12,2,4,0.5,0,0,,0,0,,0,1,1,0,0,0,0,0,4
2024-02-24_csun_cal_st_fullerton,CSUN,11,"Smith, Olivia",False,21,0,4,0.0,0,3,0.0,0,0,,0,2,2,0,2,1,0,1,0
2024-02-24_csun_cal_st_fullerton,CSUN,10,"Lizama, Alondra",False,9,0,1,0.0,0,1,0.0,0,0,,0,1,1,1,1,2,1,0,0
2024-02-24_csun_cal_st_fullerton,CSUN,TM,TEAM,False,0,0,0,,0,0,,0,0,,1,2,3,0,0,3,0,0,0
2024-02-29_hawaii_uc_davis,UC Davis,14,"Sabel, Tova",True,42,7,17,0.412,1,5,0.2,2,5,0.4,0,9,9,4,2,2,3,0,17
2024-02-29_hawaii_uc_davis,UC Davis,25,"Norris, Megan",True,34,5,11,0.455,3,7,0.429,1,4,0.25,2,8,10,3,2,2,2,1,14
2024-02-29_hawaii_uc_davis,UC Davis,15,"Turner, Evanne",True,43,3,14,0.214,0,7,0.0,2,2,1.0,2,2,4,0,4,3,0,0,8
2024-02-29_hawaii_uc_davis,UC Davis,13,"Burns, Sydney",True,34,3,7,0.429,2,4,0.5,0,0,,0,2,2,0,1,0,0,0,8
2024-02-29_hawaii_uc_davis,UC Davis,33,"Harris, Mazatlan",True,39,1,3,0.333,0,2,0.0,0,0,,1,7,8,1,1,0,1,0,2
2024-02-29_hawaii_uc_davis,UC Davis,23,"Baker, Victoria",False,7,2,5,0.4,0,1,0.0,2,2,1.0,0,1,1,2,1,1,0,1,6
2024-02-29_hawaii_uc_davis,UC Davis,04,"Epps, Nya",False,9,1,4,0.25,0,2,0.0,0,0,,1,2,3,0,0,1,0,0,2
2024-02-29_hawaii_uc_davis,UC Davis,41,"Shine, Bria",False,12,0,2,0.0,0,2,0.0,0,0,,0,3,3,1,0,2,0,0,0
2024-02-29_hawaii_uc_davis,UC Davis,03,"Gray, Campbell",False,5,0,0,,0,0,,0,0,,0,0,0,0,0,0,0,0,0
2024-02-29_hawaii_uc_davis,UC Davis,TM,TEAM,False,0,0,0,,0,0,,0,0,,5,0,5,0,0,1,0,0,0
2024-02-29_hawaii_uc_davis,Hawaii,03,"Wahinekapu, Lily",True,40,7,15,0.467,2,4,0.5,2,2,1.0,0,4,4,1,2,0,0,0,18
2024-02-29_hawaii_uc_davis,Hawaii,02,"Thoms, Ashley",True,34,2,2,1.0,1,1,1.0,0,0,,1,0,1,0,0,1,0,0,5
2024-02-29_hawaii_uc_davis,Hawaii,45,"Davies, Olivia",True,18,2,5,0.4,1,3,0.333,0,0,,0,2,2,1,2,1,0,0,5
2024-02-29_hawaii_uc_davis,Hawaii,23,"McBee, MeiLani",True,28,1,6,0.167,1,5,0.2,1,2,0.5,0,6,6,3,0,1,2,1,4
2024-02-29_hawaii_uc_davis,Hawaii,14,"Rewers, Brooklyn",True,7,1,5,0.2,0,1,0.0,0,0,,0,1,1,1,0,0,0,0,2
2024-02-29_hawaii_uc_davis,Hawaii,34,"David, Jacque",False,33,3,12,0.25,2,7,0.286,2,2,1.0,0,4,4,2,0,3,0,1,10
2024-02-29_hawaii_uc_davis,Hawaii,15,"Phillips, Daejah",False,32,3,7,0.429,1,1,1.0,3,6,0.5,0,7,7,3,2,1,1,1,10
2024-02-29_hawaii_uc_davis,Hawaii,01,"Imai, Kelsie",False,13,2,5,0.4,0,2,0.0,2,2,1.0,0,3,3,1,1,0,0,2,6
2024-02-29_hawaii_uc_davis,Hawaii,22,"Peacock, Jade",False,17,1,3,0.333,1,2,0.5,0,0,,0,1,1,0,0,1,0,0,3
2024-02-29_hawaii_uc_davis,Hawaii,11,"Berrett, Vivienne",False,3,0,0,,0,0,,0,0,,0,0,0,0,0,0,0,0,0
2024-02-29_hawaii_uc_davis,Hawaii,TM,TEAM,False,0,0,0,,0,0,,0,0,,6,4,10,0,0,1,0,0,0
2024-02-29_uc_irvine_csun,CSUN,20,"Adams, Erica",True,38,4,11,0.364,0,0,,1,2,0.5,0,3,3,4,2,2,0,0,9
2024-02-29_uc_irvine_csun,CSUN,24,"Spriggs, Kayanna",True,32,3,12,0.25,0,0,,3,7,0.429,3,6,9,4,1,5,1,1,9
2024-02-29_uc_irvine_csun,CSUN,15,"Amundsen, Laney",True,32,2,7,0.286,2,4,0.5,2,2,1.0,0,5,5,2,3,1,0,1,8
2024-02-29_uc_irvine_csun,CSUN,22,"Elsholz, Kaitlyn",True,28,2,6,0.333,2,5,0.4,1,2,0.5,0,3,3,2,1,1,1,0,7
2024-02-29_uc_irvine_csun,CSUN,4,"Harvey, Rachel",True,30,3,8,0.375,0,0,,0,0,,1,1,2,4,2,1,0,2,6
2024-02-29_uc_irvine_csun,CSUN,23,"Li-uperesa , Talo",False,28,4,7,0.571,0,1,0.0,3,3,1.0,1,2,3,1,1,3,0,1,11
2024-02-29_uc_irvine_csun,CSUN,43,"Nikishina , Arina",False,12,2,6,0.333,0,0,,0,0,,0,2,2,0,0,0,1,2,4
2024-02-29_uc_irvine_csun,CSUN,11,"Smith, Olivia",False,0,0,0,,0,0,,0,0,,0,0,0,0,0,0,0,0,0
2024-02-29_uc_irvine_csun,CSUN,TM,TEAM,False,0,0,0,,0,0,,0,0,,1,4,5,0,0,0,0,0,0
2024-02-29_uc_irvine_csun,UC Irvine,13,"Lee, Déja",True,36,6,15,0.4,3,8,0.375,5,6,0.833,2,1,3,4,3,4,0,2,20
2024-02-29_uc_irvine_csun,UC Irvine,24,"Dean, Nevaeh",True,24,2,5,0.4,1,1,1.0,2,2,1.0,0,2,2,1,0,1,0,1,7
2024-02-29_uc_irvine_csun,UC Irvine,11,"Scharpf, Amelia",True,25,2,7,0.286,1,5,0.2,0,0,,1,5,6,0,2,0,1,1,5
2024-02-29_uc_irvine_csun,UC Irvine,3,"Tom, Nikki",True,34,1,7,0.143,0,5,0.0,0,0,,2,1,3,3,1,3,0,2,2
2024-02-29_uc_irvine_csun,UC Irvine,23,"Konate, Diaba",True,8,0,2,0.0,0,0,,1,2,0.5,0,1,1,1,1,1,0,0,1
2024-02-29_uc_irvine_csun,UC Irvine,1,"Johnson Sidi Baba, Moulayna",False,23,4,8,0.5,0,1,0.0,6,8,0.75,2,10,12,0,2,3,0,0,14
2024-02-29_uc_irvine_csun,UC Irvine,12,"Nahum, Shirel",False,23,4,10,0.4,0,4,0.0,1,1,1.0,1,6,7,5,2,1,0,1,9
2024-02-29_uc_irvine_csun,UC Irvine,32,"Parkinson, Nevaeh",False,20,3,7,0.429,0,0,,0,0,,4,7,11,2,0,1,3,1,6
2024-02-29_uc_irvine_csun,UC Irvine,22,"Djoko, Clara",False,4,0,0,,0,0,,0,0,,1,0,1,0,0,0,0,0,0
2024-02-29_uc_irvine_csun,UC Irvine,2,"Hernandez, Haley",False,1,0,0,,0,0,,0,0,,0,0,0,0,0,0,0,0,0
2024-02-29_uc_irvine_csun,UC Irvine,5,"Ross, Tarryn",False,1,0,0,,0,0,,0,0,,0,0,0,0,0,0,0,0,0
2024-02-29_uc_irvine_csun,UC Irvine,33,"Kaupu, Caiyle",False,1,0,0,,0,0,,0,0,,0,1,1,0,1,0,0,0,0
2024-02-29_uc_irvine_csun,UC Irvine,TM,TEAM,False,0,0,0,,0,0,,0,0,,2,2,4,0,0,1,0,0,0
2024-02-29_uc_san_diego_csu_bakersfield,CSU Bakersfield,23,"Olivares, Jordan",True,39,5,21,0.238,1,10,0.1,3,5,0.6,2,6,8,3,3,5,0,2,14
2024-02-29_uc_san_diego_csu_bakersfield,CSU Bakersfield,33,"Riley, Julia",True,32,3,8,0.375,1,5,0.2,0,0,,0,6,6,3,0,0,2,0,7
2024-02-29_uc_san_diego_csu_bakersfield,CSU Bakersfield,00,"Brown, Shaunae",True,37,2,12,0.167,1,7,0.143,0,0,,0,2,2,0,2,1,0,0,5
2024-02-29_uc_san_diego_csu_bakersfield,CSU Bakersfield,02,"Edwards, Morgan",True,24,1,5,0.2,1,4,0.25,2,2,1.0,2,2,4,3,0,0,1,0,5
2024-02-29_uc_san_diego_csu_bakersfield,CSU Bakersfield,15,"Porter, Amourie",True,21,1,5,0.2,0,1,0.0,2,2,1.0,1,4,5,1,1,1,0,2,4
2024-02-29_uc_san_diego_csu_bakersfield,CSU Bakersfield,05,"Tougas, Sophia",False,18,1,4,0.25,1,4,0.25,0,0,,1,0,1,1,1,0,1,2,3
2024-02-29_uc_san_diego_csu_bakersfield,CSU Bakersfield,32,"Freeman, Garrisen",False,12,0,1,0.0,0,0,,3,4,0.75,1,2,3,2,0,1,1,0,3
2024-02-29_uc_san_diego_csu_bakersfield,CSU Bakersfield,04,"Hunter, Grace",False,15,1,5,0.2,0,4,0.0,0,0,,0,1,1,2,0,1,1,0,2
2024-02-29_uc_san_diego_csu_bakersfield,CSU Bakersfield,12,"Johnson, Cassidy",False,2,0,0,,0,0,,0,0,,0,1,1,0,0,0,0,0,0
2024-02-29_uc_san_diego_csu_bakersfield,CSU Bakersfield,TM,TEAM,False,0,0,0,,0,0,,0,0,,1,3,4,0,0,0,0,0,0
2024-02-29_uc_san_diego_csu_bakersfield,UC San Diego,20,"Forsyth, Izzy",True,27,6,6,1.0,1,1,1.0,2,4,0.5,4,3,7,2,0,2,0,2,15
2024-02-29_uc_san_diego_csu_bakersfield,UC San Diego,03,"Sugapong, Sumayah",True,23,3,15,0.2,0,3,0.0,4,6,0.667,0,5,5,2,2,2,0,0,10
2024-02-29_uc_san_diego_csu_bakersfield,UC San Diego,22,"Gallegos, Gracie",True,39,4,7,0.571,0,3,0.0,1,2,0.5,1,10,11,3,2,0,3,1,9
2024-02-29_uc_san_diego_csu_bakersfield,UC San Diego,24,"Pinto, Denali",True,35,3,11,0.273,2,6,0.333,1,2,0.5,1,7,8,1,0,2,0,0,9
2024-02-29_uc_san_diego_csu_bakersfield,UC San Diego,32,"Montgomery, Parker",True,24,1,11,0.091,0,7,0.0,0,0,,2,1,3,1,1,2,0,2,2
2024-02-29_uc_san_diego_csu_bakersfield,UC San Diego,02,"Talbot, Grace",False,10,1,6,0.167,1,4,0.25,0,0,,1,0,1,1,0,2,0,0,3
2024-02-29_uc_san_diego_csu_bakersfield,UC San Diego,23,"Blithikioti, Eri",False,12,1,2,0.5,0,0,,0,0,,0,0,0,0,3,0,0,0,2
2024-02-29_uc_san_diego_csu_bakersfield,UC San Diego,05,"Louther, Gabby",False,12,0,2,0.0,0,1,0.0,0,0,,0,1,1,1,0,0,0,0,0
2024-02-29_uc_san_diego_csu_bakersfield,UC San Diego,35,"Springs, Katie",False,11,0,0,,0,0,,0,0,,1,4,5,2,2,0,1,0,0
2024-02-29_uc_san_diego_csu_bakersfield,UC San Diego,30,"Sule, Damilola",False,5,0,1,0.0,0,0,,0,0,,1,5,6,1,0,2,0,0,0
2024-02-29_uc_san_diego_csu_bakersfield,UC San Diego,33,"Svoboda, Emma",False,2,0,0,,0,0,,0,0,,1,0,1,1,0,3,0,0,0
2024-02-29_uc_san_diego_csu_bakersfield,UC San Diego,TM,TEAM,False,0,0,0,,0,0,,0,0,,3,4,7,0,0,1,0,0,0
2024-02-29_cal_poly_uc_santa_barbara,UC Santa Barbara,23,"Whitfield, Alexis",True,39,9,19,0.474,1,5,0.2,2,3,0.667,2,7,9,2,2,7,2,2,21
2024-02-29_cal_poly_uc_santa_barbara,UC Santa Barbara,03,"Marin, Alyssa",True,39,3,12,0.25,2,7,0.286,10,12,0.833,1,1,2,4,4,1,0,1,18
2024-02-29_cal_poly_uc_santa_barbara,UC Santa Barbara,10,"Choice, Anya",True,35,3,4,0.75,1,2,0.5,1,3,0.333,1,1,2,2,1,4,1,0,8
2024-02-29_cal_poly_uc_santa_barbara,UC Santa Barbara,32,"Grant, Jessica",True,29,2,7,0.286,2,7,0.286,0,0,,0,2,2,3,1,1,0,0,6
2024-02-29_cal_poly_uc_santa_barbara,UC Santa Barbara,20,"Rockwood, Laurel",True,20,0,2,0.0,0,0,,0,0,,1,4,5,3,0,1,0,1,0
2024-02-29_cal_poly_uc_santa_barbara,UC Santa Barbara,02,"Borter, Zoe",False,18,3,6,0.5,3,5,0.6,0,0,,0,2,2,3,0,0,0,0,9
2024-02-29_cal_poly_uc_santa_barbara,UC Santa Barbara,13,"Goed, Flora",False,8,1,3,0.333,0,0,,0,2,0.0,2,1,3,1,0,0,0,0,2
2024-02-29_cal_poly_uc_santa_barbara,UC Santa Barbara,55,"Burke, Skylar",False,12,0,2,0.0,0,2,0.0,0,0,,1,3,4,0,1,0,0,0,0
2024-02-29_cal_poly_uc_santa_barbara,UC Santa Barbara,TM,TEAM,False,0,0,0,,0,0,,0,0,,4,4,8,0,0,1,0,0,0
2024-02-29_cal_poly_uc_santa_barbara,Cal Poly,15,"Bourland, Sydney",True,38,7,11,0.636,0,1,0.0,0,2,0.0,1,8,9,2,4,2,0,3,14
2024-02-29_cal_poly_uc_santa_barbara,Cal Poly,35,"Ackerman, Natalia",True,31,6,11,0.545,0,1,0.0,2,4,0.5,2,9,11,3,2,2,5,2,14
2024-02-29_cal_poly_uc_santa_barbara,Cal Poly,05,"McNicholas, Ania",True,21,3,6,0.5,1,2,0.5,6,7,0.857,0,0,0,3,0,1,0,2,13
2024-02-29_cal_poly_uc_santa_barbara,Cal Poly,04,"Lichtie, Sierra",True,15,3,9,0.333,0,3,0.0,0,0,,0,0,0,3,0,0,0,0,6
2024-02-29_cal_poly_uc_santa_barbara,Cal Poly,02,"Shah, Annika",True,34,1,6,0.167,0,0,,2,2,1.0,1,2,3,2,4,2,0,0,4
2024-02-29_cal_poly_uc_santa_barbara,Cal Poly,10,"Richards, Sidney",False,32,5,6,0.833,4,4,1.0,3,6,0.5,0,3,3,3,5,0,0,2,17
2024-02-29_cal_poly_uc_santa_barbara,Cal Poly,24,"Carter, Mary",False,19,1,1,1.0,1,1,1.0,0,0,,0,2,2,2,0,0,0,1,3
2024-02-29_cal_poly_uc_santa_barbara,Cal Poly,33,"Olinger, Amanda",False,9,0,2,0.0,0,2,0.0,2,2,1.0,0,0,0,2,1,0,1,0,2
2024-02-29_cal_poly_uc_santa_barbara,Cal Poly,25,"Hoffman, Jordan",False,1,0,1,0.0,0,1,0.0,0,0,,0,0,0,0,0,0,0,0,0
2024-02-29_cal_poly_uc_santa_barbara,Cal Poly,TM,TEAM,False,0,0,0,,0,0,,0,0,,1,1,2,0,0,0,0,0,0
2024-02-29_cal_st_fullerton_long_beach_st,Long Beach St.,10,"Valenti-Paea, Casey",True,32,5,13,0.385,2,4,0.5,4,4,1.0,2,3,5,1,4,3,0,4,16
2024-02-29_cal_st_fullerton_long_beach_st,Long Beach St.,02,"Tucker, Savannah",True,37,5,12,0.417,3,8,0.375,2,2,1.0,0,4,4,1,0,1,0,1,15
2024-02-29_cal_st_fullerton_long_beach_st,Long Beach St.,22,"Woodley, Sydney",True,27,5,10,0.5,3,3,1.0,0,0,,0,2,2,2,2,1,0,2,13
2024-02-29_cal_st_fullerton_long_beach_st,Long Beach St.,03,"Chung, Patricia",True,32,4,7,0.571,2,3,0.667,0,0,,1,5,6,1,1,4,0,1,10
2024-02-29_cal_st_fullerton_long_beach_st,Long Beach St.,52,"Matthews, Davai",True,24,1,5,0.2,0,1,0.0,1,2,0.5,2,1,3,1,0,2,1,2,3
2024-02-29_cal_st_fullerton_long_beach_st,Long Beach St.,04,"Givens, Cheyenne",False,17,5,7,0.714,1,1,1.0,2,3,0.667,0,1,1,0,1,3,0,0,13
2024-02-29_cal_st_fullerton_long_beach_st,Long Beach St.,01,"Sonnier, Lovely",False,16,1,6,0.167,0,1,0.0,0,0,,2,4,6,2,1,2,2,2,2
2024-02-29_cal_st_fullerton_long_beach_st,Long Beach St.,12,"Crawshaw , Jada",False,15,0,5,0.0,0,1,0.0,2,2,1.0,4,4,8,2,0,2,1,3,2
2024-02-29_cal_st_fullerton_long_beach_st,Long Beach St.,TM,TEAM,False,0,0,0,,0,0,,0,0,,2,2,4,0,0,1,0,0,0
2024-02-29_cal_st_fullerton_long_beach_st,Cal St. Fullerton,02,"Hassmann, Hope",True,24,5,8,0.625,2,3,0.667,0,0,,1,3,4,3,3,5,1,3,12
2024-02-29_cal_st_fullerton_long_beach_st,Cal St. Fullerton,10,"Lagway, Demonnie",True,23,4,9,0.444,1,2,0.5,2,2,1.0,0,1,1,1,0,1,0,0,11
2024-02-29_cal_st_fullerton_long_beach_st,Cal St. Fullerton,32,"Lewis, Ashlee",True,36,5,9,0.556,0,0,,0,2,0.0,2,5,7,5,1,4,1,0,10
2024-02-29_cal_st_fullerton_long_beach_st,Cal St. Fullerton,04,"Vidmar, Gabi",True,40,2,8,0.25,1,5,0.2,2,2,1.0,2,11,13,3,3,2,0,5,7
2024-02-29_cal_st_fullerton_long_beach_st,Cal St. Fullerton,24,"Neff, Kathryn",True,22,1,6,0.167,0,4,0.0,0,0,,1,1,2,0,0,2,1,0,2
2024-02-29_cal_st_fullerton_long_beach_st,Cal St. Fullerton,55,"Nimmo, Fujika",False,17,3,10,0.3,0,2,0.0,1,1,1.0,0,1,1,0,1,6,0,2,7
2024-02-29_cal_st_fullerton_long_beach_st,Cal St. Fullerton,12,"Levingston, Eva",False,18,1,5,0.2,0,0,,2,2,1.0,3,1,4,2,1,3,0,0,4
2024-02-29_cal_st_fullerton_long_beach_st,Cal St. Fullerton,21,"Tse, Allysan",False,8,2,3,0.667,0,0,,0,0,,0,1,1,0,0,1,0,0,4
2024-02-29_cal_st_fullerton_long_beach_st,Cal St. Fullerton,33,"Minor, Brielle",False,6,1,4,0.25,0,0,,0,0,,0,0,0,0,0,0,0,0,2
2024-02-29_cal_st_fullerton_long_beach_st,Cal St. Fullerton,13,"Hernandez, Aixchel",False,3,0,0,,0,0,,0,0,,0,0,0,0,0,0,0,0,0
2024-02-29_cal_st_fullerton_long_beach_st,Cal St. Fullerton,23,"Strachan, Emily",False,3,0,0,,0,0,,0,0,,0,1,1,1,0,0,0,0,0
2024-02-29_cal_st_fullerton_long_beach_st,Cal St. Fullerton,TM,TEAM,False,0,0,0,,0,0,,0,0,,3,1,4,0,0,0,0,0,0
2024-03-02_hawaii_uc_riverside,UC Riverside,00,"Jackson, Makayla",True,37,8,10,0.8,3,4,0.75,1,4,0.25,4,3,7,0,1,0,0,3,20
2024-03-02_hawaii_uc_riverside,UC Riverside,01,"Bryant, Matehya",True,23,3,12,0.25,0,0,,5,5,1.0,1,3,4,4,1,2,0,1,11
2024-03-02_hawaii_uc_riverside,UC Riverside,32,"Webster, Jordan",True,39,1,14,0.071,0,5,0.0,8,11,0.727,4,0,4,3,0,5,0,0,10
2024-03-02_hawaii_uc_riverside,UC Riverside,02,"Walters, RyAnne",True,27,3,6,0.5,2,3,0.667,0,0,,1,5,6,2,3,2,0,2,8
2024-03-02_hawaii_uc_riverside,UC Riverside,10,"Stenberg, Julia",True,16,0,2,0.0,0,1,0.0,0,0,,1,1,2,1,0,2,0,1,0
2024-03-02_hawaii_uc_riverside,UC Riverside,04,"Marshall, Jordyn",False,31,1,5,0.2,0,0,,0,0,,1,4,5,4,1,1,0,0,2
2024-03-02_hawaii_uc_riverside,UC Riverside,13,"Chocano, Maya",False,19,0,5,0.0,0,3,0.0,0,0,,0,2,2,4,0,0,0,0,0
2024-03-02_hawaii_uc_riverside,UC Riverside,03,"Tillery, Zoe",False,8,0,1,0.0,0,1,0.0,0,0,,0,1,1,0,0,1,0,0,0
2024-03-02_hawaii_uc_riverside,UC Riverside,TM,TEAM,False,0,0,0,,0,0,,0,0,,1,3,4,0,0,0,0,0,0
2024-03-02_hawaii_uc_riverside,Hawaii,03,"Wahinekapu, Lily",True,28,2,6,0.333,1,3,0.333,3,4,0.75,0,0,0,0,1,3,0,1,8
2024-03-02_hawaii_uc_riverside,Hawaii,23,"McBee, MeiLani",True,24,3,8,0.375,2,6,0.333,0,0,,1,4,5,2,1,0,0,0,8
2024-03-02_hawaii_uc_riverside,Hawaii,45,"Davies, Olivia",True,19,2,5,0.4,2,4,0.5,1,2,0.5,0,3,3,1,1,1,0,1,7
2024-03-02_hawaii_uc_riverside,Hawaii,14,"Rewers, Brooklyn",True,5,0,3,0.0,0,0,,2,2,1.0,0,2,2,1,0,1,0,0,2
2024-03-02_hawaii_uc_riverside,Hawaii,02,"Thoms, Ashley",True,35,0,4,0.0,0,2,0.0,0,0,,0,0,0,4,2,1,0,3,0
2024-03-02_hawaii_uc_riverside,Hawaii,15,"Phillips, Daejah",False,31,7,13,0.538,0,2,0.0,4,4,1.0,2,7,9,2,4,3,0,2,18
2024-03-02_hawaii_uc_riverside,Hawaii,34,"David, Jacque",False,27,4,6,0.667,3,4,0.75,0,0,,0,8,8,3,1,3,1,1,11
2024-03-02_hawaii_uc_riverside,Hawaii,01,"Imai, Kelsie",False,16,1,2,0.5,0,1,0.0,2,2,1.0,2,0,2,0,1,0,0,0,4
2024-03-02_hawaii_uc_riverside,Hawaii,22,"Peacock, Jade",False,15,2,3,0.667,0,1,0.0,0,0,,1,1,2,2,0,1,1,0,4
2024-03-02_hawaii_uc_riverside,Hawaii,TM,TEAM,False,0,0,0,,0,0,,0,0,,2,5,7,0,0,1,0,0,0
2024-03-02_long_beach_st_uc_irvine,UC Irvine,13,"Lee, Deja",True,37,9,14,0.643,5,6,0.833,6,8,0.75,3,1,4,4,5,3,1,4,29
2024-03-02_long_beach_st_uc_irvine,UC Irvine,3,"Tom, Nikki",True,39,3,8,0.375,3,5,0.6,2,4,0.5,0,3,3,4,0,1,0,1,11
2024-03-02_long_beach_st_uc_irvine,UC Irvine,11,"Scharpf, Amelia",True,33,3,7,0.429,0,2,0.0,0,0,,0,5,5,3,0,0,0,1,6
2024-03-02_long_beach_st_uc_irvine,UC Irvine,24,"Dean, Nevaeh",True,28,1,7,0.143,0,1,0.0,2,6,0.333,4,3,7,4,2,2,0,0,4
2024-03-02_long_beach_st_uc_irvine,UC Irvine,12,"Nahum, Shirel",True,25,1,5,0.2,0,1,0.0,2,4,0.5,0,3,3,1,3,4,0,2,4
2024-03-02_long_beach_st_uc_irvine,UC Irvine,1,"Johnson Sidi Baba, Moulayna",False,23,6,14,0.429,0,0,,8,11,0.727,4,8,12,3,1,1,0,1,20
2024-03-02_long_beach_st_uc_irvine,UC Irvine,23,"Konate, Diaba",False,22,3,5,0.6,0,0,,1,2,0.5,1,1,2,4,5,2,0,0,7
2024-03-02_long_beach_st_uc_irvine,UC Irvine,32,"Parkinson, Nevaeh",False,12,2,6,0.333,0,0,,1,2,0.5,2,1,3,2,0,1,1,1,5
2024-03-02_long_beach_st_uc_irvine,UC Irvine,22,"Djoko, Clara",False,6,0,0,,0,0,,0,0,,0,0,0,1,1,0,0,0,0
2024-03-02_long_beach_st_uc_irvine,UC Irvine,2,"Hernandez, Haley",False,0,0,0,,0,0,,0,0,,0,0,0,0,0,0,0,0,0
2024-03-02_long_beach_st_uc_irvine,UC Irvine,5,"Ross, Tarryn",False,0,0,0,,0,0,,0,0,,0,0,0,0,0,0,0,0,0
2024-03-02_long_beach_st_uc_irvine,UC Irvine,33,"Kaupu, Caiyle",False,0,0,0,,0,0,,0,0,,0,1,1,0,0,0,0,0,0
2024-03-02_long_beach_st_uc_irvine,UC Irvine,TM,TEAM,False,0,0,0,,0,0,,0,0,,3,1,4,0,0,0,0,0,0
2024-03-02_long_beach_st_uc_irvine,Long Beach St.,22,"Woodley, Sydney",True,32,7,13,0.538,2,2,1.0,5,6,0.833,3,6,9,4,1,1,0,2,21
2024-03-02_long_beach_st_uc_irvine,Long Beach St.,3,"Chung, Patricia",True,34,4,10,0.4,3,5,0.6,1,2,0.5,0,3,3,5,3,2,1,0,12
2024-03-02_long_beach_st_uc_irvine,Long Beach St.,2,"Tucker, Savannah",True,42,3,8,0.375,1,3,0.333,1,2,0.5,1,1,2,0,0,0,0,0,8
2024-03-02_long_beach_st_uc_irvine,Long Beach St.,52,"Matthews, Davai",True,21,3,7,0.429,0,0,,2,2,1.0,3,6,9,5,0,3,0,1,8
2024-03-02_long_beach_st_uc_irvine,Long Beach St.,10,"Valenti Paea, Casey",True,35,1,8,0.125,0,2,0.0,1,2,0.5,0,2,2,4,11,1,1,1,3
2024-03-02_long_beach_st_uc_irvine,Long Beach St.,4,"Givens, Cheyenne",False,26,4,5,0.8,2,2,1.0,1,4,0.25,0,1,1,3,4,4,0,1,11
2024-03-02_long_beach_st_uc_irvine,Long Beach St.,12,"Crawshaw, Jada",False,18,3,7,0.429,0,1,0.0,3,4,0.75,1,2,3,5,0,3,2,1,9
2024-03-02_long_beach_st_uc_irvine,Long Beach St.,1,"Sonnier, Lovely",False,10,1,1,1.0,0,0,,2,4,0.5,2,3,5,1,2,4,1,0,4
2024-03-02_long_beach_st_uc_irvine,Long Beach St.,00,"Cummings, Lauren",False,6,0,1,0.0,0,0,,0,0,,0,0,0,0,0,0,1,0,0
2024-03-02_long_beach_st_uc_irvine,Long Beach St.,30,"Moore, Olivia",False,1,0,0,,0,0,,0,0,,0,0,0,2,0,0,0,0,0
2024-03-02_long_beach_st_uc_irvine,Long Beach St.,TM,TEAM,False,0,0,0,,0,0,,0,0,,1,1,2,0,0,1,0,0,0
2024-03-02_uc_san_diego_csun,CSUN,24,"Spriggs, Kayanna",True,36,5,9,0.556,0,0,,4,4,1.0,5,11,16,5,2,2,0,0,14
2024-03-02_uc_san_diego_csun,CSUN,20,"Adams, Erica",True,35,6,11,0.545,0,1,0.0,2,3,0.667,0,8,8,1,3,4,0,1,14
2024-03-02_uc_san_diego_csun,CSUN,22,"Elsholz, Kaitlyn",True,38,4,13,0.308,2,6,0.333,0,0,,0,3,3,2,3,1,2,3,10
2024-03-02_uc_san_diego_csun,CSUN,23,"Li-Uperesa , Talo",True,37,1,7,0.143,0,3,0.0,6,7,0.857,0,6,6,2,1,5,2,2,8
2024-03-02_uc_san_diego_csun,CSUN,15,"Amundsen, Laney",True,17,1,2,0.5,1,1,1.0,0,0,,0,2,2,5,1,4,0,0,3
2024-03-02_uc_san_diego_csun,CSUN,43,"Nikishina , Arina",False,28,3,6,0.5,0,0,,3,4,0.75,2,5,7,2,2,3,2,0,9
2024-03-02_uc_san_diego_csun,CSUN,11,"Smith, Olivia",False,23,3,11,0.273,2,6,0.333,0,0,,0,0,0,1,0,1,1,2,8
2024-03-02_uc_san_diego_csun,CSUN,04,"Harvey, Rachel",False,6,0,1,0.0,0,0,,0,0,,0,1,1,5,0,2,0,0,0
2024-03-02_uc_san_diego_csun,CSUN,10,"Lizama, Alondra",False,5,0,2,0.0,0,1,0.0,0,0,,1,0,1,0,0,0,0,0,0
2024-03-02_uc_san_diego_csun,CSUN,TM,TEAM,False,0,0,0,,0,0,,0,0,,3,4,7,0,0,1,0,0,0
2024-03-02_uc_san_diego_csun,UC San Diego,03,"Sugapong, Sumayah",True,37,6,21,0.286,0,4,0.0,8,11,0.727,2,1,3,4,1,6,0,5,20
2024-03-02_uc_san_diego_csun,UC San Diego,24,"Pinto, Denali",True,43,5,19,0.263,2,13,0.154,5,7,0.714,2,3,5,1,1,1,0,1,17
2024-03-02_uc_san_diego_csun,UC San Diego,32,"Montgomery, Parker",True,40,3,15,0.2,0,7,0.0,1,2,0.5,2,3,5,1,4,0,0,5,7
2024-03-02_uc_san_diego_csun,UC San Diego,35,"Springs, Katie",True,30,3,5,0.6,0,0,,0,2,0.0,10,6,16,5,2,1,2,4,6
2024-03-02_uc_san_diego_csun,UC San Diego,22,"Gallegos, Gracie",True,29,1,7,0.143,1,4,0.25,0,0,,2,5,7,2,2,2,0,1,3
2024-03-02_uc_san_diego_csun,UC San Diego,20,"Forsyth, Izzy",False,14,2,4,0.5,0,2,0.0,0,0,,1,1,2,0,1,0,0,0,4
2024-03-02_uc_san_diego_csun,UC San Diego,23,"Blithikioti, Eri",False,8,1,4,0.25,0,1,0.0,0,0,,0,0,0,0,0,0,0,0,2
2024-03-02_uc_san_diego_csun,UC San Diego,02,"Talbot, Grace",False,5,0,1,0.0,0,1,0.0,2,2,1.0,0,0,0,0,0,1,0,0,2
2024-03-02_uc_san_diego_csun,UC San Diego,30,"Sule, Damilola",False,2,1,3,0.333,0,0,,0,0,,1,1,2,0,0,0,1,0,2
2024-03-02_uc_san_diego_csun,UC San Diego,33,"Svoboda, Emma",False,10,0,1,0.0,0,0,,1,2,0.5,0,3,3,2,0,0,1,1,1
2024-03-02_uc_san_diego_csun,UC San Diego,05,"Louther, Gabby",False,7,0,0,,0,0,,0,0,,0,1,1,1,1,0,0,0,0
2024-03-02_uc_san_diego_csun,UC San Diego,TM,TEAM,False,0,0,0,,0,0,,0,0,,0,4,4,0,0,2,0,0,0
2024-03-02_uc_santa_barbara_cal_st_fullerton,Cal St. Fullerton,10,"Lagway, Demonnie",True,36,6,13,0.462,1,1,1.0,2,2,1.0,1,3,4,1,2,0,0,0,15
2024-03-02_uc_santa_barbara_cal_st_fullerton,Cal St. Fullerton,04,"Vidmar, Gabi",True,40,5,10,0.5,3,7,0.429,0,0,,0,4,4,0,4,3,0,4,13
2024-03-02_uc_santa_barbara_cal_st_fullerton,Cal St. Fullerton,13,"Hernandez, Aixchel",True,24,5,5,1.0,0,0,,3,6,0.5,0,3,3,3,2,1,2,1,13
2024-03-02_uc_santa_barbara_cal_st_fullerton,Cal St. Fullerton,02,"Hassmann, Hope",True,30,2,6,0.333,0,0,,6,6,1.0,0,1,1,2,5,3,0,0,10
2024-03-02_uc_santa_barbara_cal_st_fullerton,Cal St. Fullerton,32,"Lewis, Ashlee",True,21,2,6,0.333,0,0,,2,2,1.0,1,4,5,4,2,2,1,0,6
2024-03-02_uc_santa_barbara_cal_st_fullerton,Cal St. Fullerton,12,"Levingston, Eva",False,21,6,8,0.75,0,0,,1,2,0.5,1,4,5,1,1,2,0,0,13
2024-03-02_uc_santa_barbara_cal_st_fullerton,Cal St. Fullerton,33,"Minor, Brielle",False,6,0,1,0.0,0,0,,4,4,1.0,0,2,2,0,1,0,0,0,4
2024-03-02_uc_santa_barbara_cal_st_fullerton,Cal St. Fullerton,21,"Tse, Allysan",False,5,1,2,0.5,0,0,,0,0,,0,0,0,2,0,0,0,0,2
2024-03-02_uc_santa_barbara_cal_st_fullerton,Cal St. Fullerton,55,"Nimmo, Fujika",False,5,1,2,0.5,0,0,,0,0,,0,1,1,0,2,0,0,0,2
2024-03-02_uc_santa_barbara_cal_st_fullerton,Cal St. Fullerton,24,"Neff, Kathryn",False,12,0,0,,0,0,,0,0,,1,1,2,0,0,0,1,0,0
2024-03-02_uc_santa_barbara_cal_st_fullerton,Cal St. Fullerton,23,"Strachan, Emily",False,,0,0,,0,0,,0,0,,0,0,0,0,0,0,0,0,0
2024-03-02_uc_santa_barbara_cal_st_fullerton,Cal St. Fullerton,TM,TEAM,False,0,0,0,,0,0,,0,0,,1,2,3,0,0,0,0,0,0
2024-03-02_uc_santa_barbara_cal_st_fullerton,UC Santa Barbara,03,"Marin, Alyssa",True,33,4,11,0.364,2,7,0.286,9,10,0.9,2,1,3,4,4,4,0,1,19
2024-03-02_uc_santa_barbara_cal_st_fullerton,UC Santa Barbara,23,"Whitfield, Alexis",True,31,5,17,0.294,2,8,0.25,3,6,0.5,1,9,10,4,2,4,3,0,15
2024-03-02_uc_santa_barbara_cal_st_fullerton,UC Santa Barbara,32,"Grant, Jessica",True,22,3,7,0.429,2,6,0.333,0,0,,0,0,0,2,2,0,0,0,8
2024-03-02_uc_santa_barbara_cal_st_fullerton,UC Santa Barbara,10,"Choice, Anya",True,35,3,8,0.375,1,2,0.5,0,2,0.0,0,1,1,0,5,2,0,0,7
2024-03-02_uc_santa_barbara_cal_st_fullerton,UC Santa Barbara,20,"Rockwood, Laurel",True,24,0,0,,0,0,,0,0,,2,2,4,1,0,1,0,0,0
2024-03-02_uc_santa_barbara_cal_st_fullerton,UC Santa Barbara,55,"Burke, Skylar",False,27,4,7,0.571,1,3,0.333,2,2,1.0,1,6,7,5,1,4,0,1,11
2024-03-02_uc_santa_barbara_cal_st_fullerton,UC Santa Barbara,02,"Borter, Zoe",False,28,2,5,0.4,1,4,0.25,0,0,,0,3,3,2,0,2,0,1,5
2024-03-02_uc_santa_barbara_cal_st_fullerton,UC Santa Barbara,04,"Hutchens, Kathleen",False,,0,0,,0,0,,0,0,,0,0,0,0,0,0,0,0,0
2024-03-02_uc_santa_barbara_cal_st_fullerton,UC Santa Barbara,TM,TEAM,False,0,0,0,,0,0,,0,0,,4,1,5,0,0,0,0,0,0
2024-03-02_csu_bakersfield_cal_poly,Cal Poly,35,"Ackerman, Natalia",True,32,9,12,0.75,0,0,,2,2,1.0,3,8,11,3,2,5,4,2,20
2024-03-02_csu_bakersfield_cal_poly,Cal Poly,2,"Shah, Annika",True,32,6,10,0.6,4,7,0.571,2,2,1.0,0,0,0,3,3,3,0,0,18
2024-03-02_csu_bakersfield_cal_poly,Cal Poly,5,"McNicholas, Ania",True,29,2,10,0.2,2,7,0.286,2,2,1.0,1,4,5,2,4,0,0,2,8
2024-03-02_csu_bakersfield_cal_poly,Cal Poly,4,"Lichtie, Sierra",True,20,3,5,0.6,0,0,,0,1,0.0,1,0,1,2,1,6,0,2,6
2024-03-02_csu_bakersfield_cal_poly,Cal Poly,15,"Bourland, Sydney",True,36,1,4,0.25,0,1,0.0,2,2,1.0,1,3,4,2,5,0,0,0,4
2024-03-02_csu_bakersfield_cal_poly,Cal Poly,10,"Richards, Sidney",False,24,2,5,0.4,1,3,0.333,4,4,1.0,1,2,3,3,3,1,0,1,9
2024-03-02_csu_bakersfield_cal_poly,Cal Poly,24,"Carter, Mary",False,17,3,8,0.375,1,3,0.333,0,0,,1,4,5,3,0,3,0,2,7
2024-03-02_csu_bakersfield_cal_poly,Cal Poly,25,"Hoffman, Jordan",False,1,1,1,1.0,0,0,,0,2,0.0,0,0,0,1,0,0,0,0,2
2024-03-02_csu_bakersfield_cal_poly,Cal Poly,33,"Olinger, Amanda",False,8,0,2,0.0,0,0,,0,0,,1,1,2,1,0,0,0,0,0
2024-03-02_csu_bakersfield_cal_poly,Cal Poly,12,"Billing, Jordan",False,1,0,0,,0,0,,0,0,,0,0,0,0,0,0,0,0,0
2024-03-02_csu_bakersfield_cal_poly,Cal Poly,TM,TEAM,False,0,0,0,,0,0,,0,0,,3,3,6,0,0,2,0,0,0
2024-03-02_csu_bakersfield_cal_poly,CSU Bakersfield,15,"Porter, Amourie",True,26,6,10,0.6,0,0,,4,6,0.667,1,1,2,3,0,3,0,1,16
2024-03-02_csu_bakersfield_cal_poly,CSU Bakersfield,00,"Brown, Shaunae",True,34,4,9,0.444,2,5,0.4,2,4,0.5,0,2,2,3,1,2,1,1,12
2024-03-02_csu_bakersfield_cal_poly,CSU Bakersfield,23,"Olivares, Jordan",True,31,4,9,0.444,1,2,0.5,2,3,0.667,1,1,2,5,4,6,3,1,11
2024-03-02_csu_bakersfield_cal_poly,CSU Bakersfield,2,"Edwards, Morgan",True,27,1,3,0.333,0,0,,2,2,1.0,1,0,1,2,0,1,0,2,4
2024-03-02_csu_bakersfield_cal_poly,CSU Bakersfield,33,"Riley, Julia",True,28,0,5,0.0,0,3,0.0,2,2,1.0,0,4,4,3,0,3,0,2,2
2024-03-02_csu_bakersfield_cal_poly,CSU Bakersfield,5,"Tougas, Sophia",False,25,5,7,0.714,1,2,0.5,0,0,,0,5,5,0,0,3,0,0,11
2024-03-02_csu_bakersfield_cal_poly,CSU Bakersfield,32,"Freeman, Garrisen",False,15,0,2,0.0,0,0,,0,0,,0,1,1,0,0,0,0,0,0
2024-03-02_csu_bakersfield_cal_poly,CSU Bakersfield,12,"Johnson, Cassidy",False,7,0,1,0.0,0,0,,0,0,,0,1,1,1,0,1,0,0,0
2024-03-02_csu_bakersfield_cal_poly,CSU Bakersfield,4,"Hunter, Grace",False,6,0,0,,0,0,,0,0,,0,0,0,1,1,1,0,0,0
2024-03-02_csu_bakersfield_cal_poly,CSU Bakersfield,55,"Bertotti Metoyer, Sophia",False,1,0,0,,0,0,,0,0,,0,0,0,0,0,0,0,0,0
2024-03-02_csu_bakersfield_cal_poly,CSU Bakersfield,TM,TEAM,False,0,0,0,,0,0,,0,0,,0,5,5,0,0,2,0,0,0
2024-03-07_uc_davis_uc_san_diego,UC San Diego,03,"Sugapong, Sumayah",True,33,6,21,0.286,2,8,0.25,9,10,0.9,0,4,4,2,1,5,0,4,23
2024-03-07_uc_davis_uc_san_diego,UC San Diego,24,"Pinto, Denali",True,32,2,9,0.222,1,5,0.2,6,7,0.857,2,7,9,2,0,2,0,0,11
2024-03-07_uc_davis_uc_san_diego,UC San Diego,32,"Montgomery, Parker",True,27,2,7,0.286,0,3,0.0,0,0,,0,2,2,1,1,1,0,0,4
2024-03-07_uc_davis_uc_san_diego,UC San Diego,22,"Gallegos, Gracie",True,25,0,5,0.0,0,1,0.0,0,0,,0,2,2,3,0,0,0,1,0
2024-03-07_uc_davis_uc_san_diego,UC San Diego,35,"Springs, Katie",True,9,0,2,0.0,0,0,,0,0,,1,5,6,3,0,1,0,0,0
2024-03-07_uc_davis_uc_san_diego,UC San Diego,30,"Sule, Damilola",False,15,4,11,0.364,0,0,,2,5,0.4,8,2,10,1,0,1,1,0,10
2024-03-07_uc_davis_uc_san_diego,UC San Diego,02,"Talbot, Grace",False,13,2,5,0.4,2,5,0.4,0,0,,0,0,0,2,1,1,0,0,6
2024-03-07_uc_davis_uc_san_diego,UC San Diego,33,"Svoboda, Emma",False,11,1,2,0.5,0,0,,0,0,,1,1,2,2,0,1,0,0,2
2024-03-07_uc_davis_uc_san_diego,UC San Diego,20,"Forsyth, Izzy",False,17,0,2,0.0,0,1,0.0,0,0,,0,2,2,2,1,0,0,0,0
2024-03-07_uc_davis_uc_san_diego,UC San Diego,23,"Blithikioti, Eri",False,8,0,1,0.0,0,0,,0,0,,0,0,0,1,0,0,0,1,0
2024-03-07_uc_davis_uc_san_diego,UC San Diego,05,"Louther, Gabby",False,5,0,0,,0,0,,0,0,,0,0,0,2,1,0,0,0,0
2024-03-07_uc_davis_uc_san_diego,UC San Diego,11,"Condron, Erin",False,5,0,0,,0,0,,0,0,,0,1,1,0,0,0,1,0,0
2024-03-07_uc_davis_uc_san_diego,UC San Diego,TM,TEAM,False,0,0,0,,0,0,,0,0,,4,1,5,0,0,1,0,0,0
2024-03-07_uc_davis_uc_san_diego,UC Davis,14,"Sabel, Tova",True,38,10,17,0.588,4,6,0.667,4,5,0.8,2,10,12,3,0,3,1,1,28
2024-03-07_uc_davis_uc_san_diego,UC Davis,13,"Burns, Sydney",True,32,4,12,0.333,0,6,0.0,5,7,0.714,1,4,5,1,5,3,0,0,13
2024-03-07_uc_davis_uc_san_diego,UC Davis,15,"Turner, Evanne",True,31,2,9,0.222,1,4,0.25,4,4,1.0,0,3,3,5,0,1,0,0,9
2024-03-07_uc_davis_uc_san_diego,UC Davis,33,"Harris, Mazatlan",True,30,0,1,0.0,0,0,,0,0,,3,1,4,3,0,1,1,3,0
2024-03-07_uc_davis_uc_san_diego,UC Davis,10,"Svanholm, Lena",True,11,0,3,0.0,0,2,0.0,0,0,,0,3,3,0,0,1,1,0,0
2024-03-07_uc_davis_uc_san_diego,UC Davis,23,"Baker, Victoria",False,13,3,7,0.429,2,4,0.5,0,0,,1,1,2,2,1,2,0,0,8
2024-03-07_uc_davis_uc_san_diego,UC Davis,20,"Fitzgerald, Ally",False,12,1,2,0.5,1,2,0.5,0,0,,1,2,3,5,1,0,4,0,3
2024-03-07_uc_davis_uc_san_diego,UC Davis,03,"Gray, Campbell",False,10,1,2,0.5,0,0,,0,0,,1,1,2,0,1,1,0,1,2
2024-03-07_uc_davis_uc_san_diego,UC Davis,41,"Shine, Bria",False,17,0,2,0.0,0,2,0.0,1,4,0.25,1,4,5,3,2,2,0,0,1
2024-03-07_uc_davis_uc_san_diego,UC Davis,11,"Glad, Clara",False,6,0,3,0.0,0,2,0.0,0,0,,0,1,1,0,0,0,0,0,0
2024-03-07_uc_davis_uc_san_diego,UC Davis,TM,TEAM,False,0,0,0,,0,0,,0,0,,2,3,5,0,0,3,0,0,0
2024-03-07_csun_hawaii,Hawaii,23,"McBee, Meilani",True,34,6,11,0.545,5,9,0.556,1,2,0.5,1,2,3,3,2,1,0,1,18
2024-03-07_csun_hawaii,Hawaii,3,"Wahinekapu, Lily",True,27,6,12,0.5,1,6,0.167,3,4,0.75,0,5,5,1,3,2,0,1,16
2024-03-07_csun_hawaii,Hawaii,14,"Rewers, Brooklyn",True,20,5,13,0.385,0,1,0.0,0,0,,7,5,12,3,0,0,0,0,10
2024-03-07_csun_hawaii,Hawaii,22,"Peacock, Jade",True,20,1,2,0.5,1,2,0.5,0,0,,0,3,3,1,1,0,0,2,3
2024-03-07_csun_hawaii,Hawaii,2,"Thoms, Ashley",True,28,0,5,0.0,0,3,0.0,0,0,,1,0,1,1,0,2,0,0,0
2024-03-07_csun_hawaii,Hawaii,34,"David, Jacque",False,20,4,8,0.5,2,5,0.4,0,0,,1,4,5,2,1,2,0,1,10
2024-03-07_csun_hawaii,Hawaii,15,"Phillips, Daejah",False,27,0,5,0.0,0,3,0.0,6,8,0.75,0,3,3,1,2,5,0,0,6
2024-03-07_csun_hawaii,Hawaii,1,"Imai, Kelsie",False,24,1,3,0.333,0,1,0.0,0,0,,0,2,2,0,4,2,0,0,2
2024-03-07_csun_hawaii,Hawaii,TM,TEAM,False,0,0,0,,0,0,,0,0,,2,2,4,0,0,0,0,0,0
2024-03-07_csun_hawaii,CSUN,23,"Li-uperesa, Talo",True,33,6,10,0.6,0,1,0.0,6,8,0.75,2,4,6,1,1,2,2,1,18
2024-03-07_csun_hawaii,CSUN,24,"Spriggs, Kayanna",True,32,3,8,0.375,0,0,,4,6,0.667,2,5,7,3,2,1,0,1,10
2024-03-07_csun_hawaii,CSUN,20,"Adams, Erica",True,30,4,9,0.444,0,0,,1,2,0.5,1,6,7,3,1,3,0,0,9
2024-03-07_csun_hawaii,CSUN,11,"Smith, Olivia",True,31,2,5,0.4,2,4,0.5,0,0,,0,2,2,0,1,0,0,2,6
2024-03-07_csun_hawaii,CSUN,15,"Amundsen, Laney",True,25,1,4,0.25,1,3,0.333,0,0,,0,3,3,4,1,2,0,0,3
2024-03-07_csun_hawaii,CSUN,22,"Elsholz, Kaitlyn",False,28,5,13,0.385,2,6,0.333,2,2,1.0,1,1,2,1,2,0,0,1,14
2024-03-07_csun_hawaii,CSUN,4,"Harvey, Rachel",False,18,1,2,0.5,0,0,,0,0,,0,2,2,2,1,1,0,3,2
2024-03-07_csun_hawaii,CSUN,43,"Nikishina , Arina",False,3,0,0,,0,0,,0,0,,0,1,1,2,0,4,0,0,0
2024-03-07_csun_hawaii,CSUN,TM,TEAM,False,0,0,0,,0,0,,0,0,,0,1,1,0,0,0,0,0,0
2024-03-07_cal_poly_uc_irvine,UC Irvine,12,"Nahum, Shirel",True,30,4,7,0.571,1,2,0.5,5,6,0.833,1,6,7,1,3,2,0,2,14
2024-03-07_cal_poly_uc_irvine,UC Irvine,13,"Lee, Deja",True,34,2,7,0.286,0,2,0.0,3,3,1.0,0,3,3,2,1,1,0,5,7
2024-03-07_cal_poly_uc_irvine,UC Irvine,23,"Konate, Diaba",True,28,3,7,0.429,0,1,0.0,1,2,0.5,1,0,1,1,2,4,0,0,7
2024-03-07_cal_poly_uc_irvine,UC Irvine,3,"Tom, Nikki",True,26,3,8,0.375,0,3,0.0,0,0,,0,0,0,1,2,1,0,1,6
2024-03-07_cal_poly_uc_irvine,UC Irvine,24,"Dean, Nevaeh",True,16,0,4,0.0,0,1,0.0,0,0,,2,5,7,2,0,1,1,0,0
2024-03-07_cal_poly_uc_irvine,UC Irvine,1,"Johnson Sidi Baba, Moulayna",False,24,6,11,0.545,0,0,,2,4,0.5,1,6,7,2,3,3,0,0,14
2024-03-07_cal_poly_uc_irvine,UC Irvine,32,"Parkinson, Nevaeh",False,19,6,9,0.667,0,0,,0,0,,6,4,10,2,0,1,2,1,12
2024-03-07_cal_poly_uc_irvine,UC Irvine,2,"Hernandez, Haley",False,3,2,2,1.0,0,0,,1,1,1.0,0,0,0,0,0,1,0,0,5
2024-03-07_cal_poly_uc_irvine,UC Irvine,22,"Djoko, Clara",False,6,0,0,,0,0,,0,0,,0,2,2,0,0,0,1,0,0
2024-03-07_cal_poly_uc_irvine,UC Irvine,5,"Ross, Tarryn",False,5,0,0,,0,0,,0,0,,0,0,0,0,0,0,0,0,0
2024-03-07_cal_poly_uc_irvine,UC Irvine,33,"Kaupu, Caiyle",False,5,0,1,0.0,0,1,0.0,0,0,,0,2,2,1,0,0,0,0,0
2024-03-07_cal_poly_uc_irvine,UC Irvine,11,"Scharpf, Amelia",False,4,0,0,,0,0,,0,0,,0,0,0,1,0,0,0,0,0
2024-03-07_cal_poly_uc_irvine,UC Irvine,TM,TEAM,False,0,0,0,,0,0,,0,0,,0,3,3,0,0,0,0,0,0
2024-03-07_cal_poly_uc_irvine,Cal Poly,5,"McNicholas, Ania",True,28,3,8,0.375,1,3,0.333,1,2,0.5,1,2,3,2,0,2,0,1,8
2024-03-07_cal_poly_uc_irvine,Cal Poly,35,"Ackerman, Natalia",True,25,3,5,0.6,0,0,,1,4,0.25,1,9,10,2,0,3,1,2,7
2024-03-07_cal_poly_uc_irvine,Cal Poly,4,"Lichtie, Sierra",True,24,3,6,0.5,0,2,0.0,1,1,1.0,1,0,1,4,0,3,0,1,7
2024-03-07_cal_poly_uc_irvine,Cal Poly,2,"Shah, Annika",True,34,2,7,0.286,0,2,0.0,1,2,0.5,0,0,0,1,2,3,0,0,5
2024-03-07_cal_poly_uc_irvine,Cal Poly,15,"Bourland, Sydney",True,28,0,8,0.0,0,3,0.0,1,2,0.5,1,4,5,2,2,2,0,1,1
2024-03-07_cal_poly_uc_irvine,Cal Poly,24,"Carter, Mary",False,18,1,6,0.167,0,3,0.0,1,2,0.5,1,1,2,1,1,1,0,0,3
2024-03-07_cal_poly_uc_irvine,Cal Poly,10,"Richards, Sidney",False,22,0,4,0.0,0,2,0.0,0,0,,0,0,0,4,2,1,0,1,0
2024-03-07_cal_poly_uc_irvine,Cal Poly,33,"Olinger, Amanda",False,13,0,3,0.0,0,0,,0,0,,0,1,1,2,0,0,0,1,0
2024-03-07_cal_poly_uc_irvine,Cal Poly,25,"Hoffman, Jordan",False,5,0,1,0.0,0,1,0.0,0,0,,0,0,0,2,0,1,0,0,0
2024-03-07_cal_poly_uc_irvine,Cal Poly,12,"Billing, Jordan",False,3,0,0,,0,0,,0,0,,0,0,0,0,0,0,0,0,0
2024-03-07_cal_poly_uc_irvine,Cal Poly,TM,TEAM,False,0,0,0,,0,0,,0,0,,2,4,6,0,0,1,0,0,0
2024-03-07_uc_santa_barbara_long_beach_st,Long Beach St.,02,"Tucker, Savannah",True,37,7,11,0.636,1,3,0.333,2,3,0.667,1,1,2,1,0,0,0,0,17
2024-03-07_uc_santa_barbara_long_beach_st,Long Beach St.,22,"Woodley, Sydney",True,30,7,9,0.778,1,3,0.333,1,1,1.0,3,3,6,0,4,0,0,3,16
2024-03-07_uc_santa_barbara_long_beach_st,Long Beach St.,03,"Chung, Patricia",True,36,6,10,0.6,0,3,0.0,1,2,0.5,0,1,1,2,5,2,0,0,13
2024-03-07_uc_santa_barbara_long_beach_st,Long Beach St.,52,"Matthews, Davai",True,28,6,11,0.545,0,0,,0,2,0.0,2,2,4,1,0,0,0,1,12
2024-03-07_uc_santa_barbara_long_beach_st,Long Beach St.,10,"Valenti-Paea, Casey",True,36,3,8,0.375,0,2,0.0,0,0,,0,5,5,0,2,2,0,1,6
2024-03-07_uc_santa_barbara_long_beach_st,Long Beach St.,01,"Sonnier, Lovely",False,12,3,4,0.75,1,2,0.5,2,2,1.0,0,3,3,2,1,1,0,0,9
2024-03-07_uc_santa_barbara_long_beach_st,Long Beach St.,04,"Givens, Cheyenne",False,13,1,3,0.333,0,0,,0,0,,0,0,0,1,2,0,0,0,2
2024-03-07_uc_santa_barbara_long_beach_st,Long Beach St.,12,"Crawshaw , Jada",False,8,0,3,0.0,0,1,0.0,0,0,,0,2,2,2,0,4,1,0,0
2024-03-07_uc_santa_barbara_long_beach_st,Long Beach St.,TM,TEAM,False,0,0,0,,0,0,,0,0,,0,6,6,0,0,0,0,0,0
2024-03-07_uc_santa_barbara_long_beach_st,UC Santa Barbara,23,"Whitfield, Alexis",True,38,11,18,0.611,1,2,0.5,4,5,0.8,1,3,4,4,3,2,0,1,27
2024-03-07_uc_santa_barbara_long_beach_st,UC Santa Barbara,10,"Choice, Anya",True,40,5,10,0.5,1,4,0.25,0,0,,1,3,4,0,3,2,0,0,11
2024-03-07_uc_santa_barbara_long_beach_st,UC Santa Barbara,55,"Burke, Skylar",True,28,3,6,0.5,0,2,0.0,2,2,1.0,2,3,5,2,3,2,0,0,8
2024-03-07_uc_santa_barbara_long_beach_st,UC Santa Barbara,20,"Rockwood, Laurel",True,23,2,3,0.667,0,0,,1,2,0.5,0,3,3,2,0,2,0,0,5
2024-03-07_uc_santa_barbara_long_beach_st,UC Santa Barbara,03,"Marin, Alyssa",True,25,2,10,0.2,0,4,0.0,0,0,,1,3,4,3,2,4,0,1,4
2024-03-07_uc_santa_barbara_long_beach_st,UC Santa Barbara,32,"Grant, Jessica",False,28,4,8,0.5,2,5,0.4,0,0,,1,4,5,3,3,2,1,0,10
2024-03-07_uc_santa_barbara_long_beach_st,UC Santa Barbara,02,"Borter, Zoe",False,17,1,3,0.333,0,1,0.0,2,2,1.0,1,1,2,0,0,0,0,0,4
2024-03-07_uc_santa_barbara_long_beach_st,UC Santa Barbara,13,"Goed, Flora",False,1,0,0,,0,0,,0,0,,0,0,0,0,0,1,0,0,0
2024-03-07_uc_santa_barbara_long_beach_st,UC Santa Barbara,TM,TEAM,False,0,0,0,,0,0,,0,0,,1,3,4,0,0,2,0,0,0
2024-03-07_cal_st_fullerton_uc_riverside,UC Riverside,01,"Bryant, Matehya",True,36,9,19,0.474,0,0,,0,0,,4,9,13,1,3,3,0,3,18
2024-03-07_cal_st_fullerton_uc_riverside,UC Riverside,32,"Webster, Jordan",True,34,6,13,0.462,4,8,0.5,0,0,,0,0,0,2,1,1,0,2,16
2024-03-07_cal_st_fullerton_uc_riverside,UC Riverside,10,"Stenberg, Julia",True,23,3,7,0.429,2,4,0.5,0,0,,1,0,1,1,0,0,0,0,8
2024-03-07_cal_st_fullerton_uc_riverside,UC Riverside,00,"Jackson, Makayla",True,33,2,7,0.286,0,3,0.0,3,3,1.0,4,2,6,1,1,2,0,2,7
2024-03-07_cal_st_fullerton_uc_riverside,UC Riverside,02,"Walters, RyAnne",True,32,2,5,0.4,0,2,0.0,2,2,1.0,1,3,4,4,5,2,0,3,6
2024-03-07_cal_st_fullerton_uc_riverside,UC Riverside,04,"Marshall, Jordyn",False,17,2,6,0.333,1,2,0.5,0,0,,1,2,3,1,2,0,0,0,5
2024-03-07_cal_st_fullerton_uc_riverside,UC Riverside,03,"Tillery, Zoe",False,9,1,1,1.0,1,1,1.0,0,0,,0,1,1,0,1,0,0,1,3
2024-03-07_cal_st_fullerton_uc_riverside,UC Riverside,11,"Matarranz, Esther",False,9,1,3,0.333,0,0,,0,0,,1,1,2,0,0,2,0,0,2
2024-03-07_cal_st_fullerton_uc_riverside,UC Riverside,13,"Chocano, Maya",False,7,0,1,0.0,0,1,0.0,0,0,,1,1,2,1,1,1,0,0,0
2024-03-07_cal_st_fullerton_uc_riverside,UC Riverside,TM,TEAM,False,0,0,0,,0,0,,0,0,,1,3,4,0,0,1,0,0,0
2024-03-07_cal_st_fullerton_uc_riverside,Cal St. Fullerton,32,"Lewis, Ashlee",True,32,8,13,0.615,0,0,,4,7,0.571,2,7,9,0,0,2,4,0,20
2024-03-07_cal_st_fullerton_uc_riverside,Cal St. Fullerton,55,"Nimmo, Fujika",True,25,4,7,0.571,0,1,0.0,1,2,0.5,0,1,1,2,4,2,0,1,9
2024-03-07_cal_st_fullerton_uc_riverside,Cal St. Fullerton,04,"Vidmar, Gabi",True,40,2,9,0.222,1,5,0.2,1,2,0.5,1,2,3,0,3,1,1,3,6
2024-03-07_cal_st_fullerton_uc_riverside,Cal St. Fullerton,24,"Neff, Kathryn",True,16,1,1,1.0,0,0,,0,0,,0,1,1,1,0,1,1,0,2
2024-03-07_cal_st_fullerton_uc_riverside,Cal St. Fullerton,02,"Hassmann, Hope",True,23,0,5,0.0,0,2,0.0,0,0,,0,0,0,2,0,3,0,0,0
2024-03-07_cal_st_fullerton_uc_riverside,Cal St. Fullerton,10,"Lagway, Demonnie",False,25,3,9,0.333,1,2,0.5,0,0,,3,3,6,2,3,4,0,3,7
2024-03-07_cal_st_fullerton_uc_riverside,Cal St. Fullerton,13,"Hernandez, Aixchel",False,21,3,6,0.5,0,0,,0,0,,5,4,9,2,0,2,0,0,6
2024-03-07_cal_st_fullerton_uc_riverside,Cal St. Fullerton,12,"Levingston, Eva",False,11,0,2,0.0,0,0,,0,0,,0,1,1,0,0,0,0,0,0
2024-03-07_cal_st_fullerton_uc_riverside,Cal St. Fullerton,23,"Strachan, Emily",False,5,0,0,,0,0,,0,0,,0,0,0,0,0,0,0,0,0
2024-03-07_cal_st_fullerton_uc_riverside,Cal St. Fullerton,33,"Minor, Brielle",False,2,0,0,,0,0,,0,0,,0,1,1,0,1,1,0,0,0
2024-03-07_cal_st_fullerton_uc_riverside,Cal St. Fullerton,TM,TEAM,False,0,0,0,,0,0,,0,0,,1,2,3,0,0,0,0,0,0
2024-03-09_uc_davis_long_beach_st,Long Beach St.,02,"Tucker, Savannah",True,32,5,12,0.417,1,4,0.25,0,1,0.0,1,2,3,1,2,2,0,0,11
2024-03-09_uc_davis_long_beach_st,Long Beach St.,03,"Chung, Patricia",True,32,4,7,0.571,1,3,0.333,0,1,0.0,0,4,4,4,1,1,0,4,9
2024-03-09_uc_davis_long_beach_st,Long Beach St.,22,"Woodley, Sydney",True,24,3,7,0.429,1,1,1.0,1,2,0.5,0,4,4,1,1,1,0,2,8
2024-03-09_uc_davis_long_beach_st,Long Beach St.,10,"Valenti-Paea, Casey",True,27,1,5,0.2,0,3,0.0,2,2,1.0,0,4,4,0,1,2,0,4,4
2024-03-09_uc_davis_long_beach_st,Long Beach St.,52,"Matthews, Davai",True,15,2,4,0.5,0,0,,0,0,,1,0,1,0,0,2,1,0,4
2024-03-09_uc_davis_long_beach_st,Long Beach St.,04,"Givens, Cheyenne",False,20,3,9,0.333,1,3,0.333,3,4,0.75,1,0,1,2,1,3,0,0,10
2024-03-09_uc_davis_long_beach_st,Long Beach St.,12,"Crawshaw , Jada",False,18,2,7,0.286,1,1,1.0,5,6,0.833,4,2,6,0,0,0,0,2,10
2024-03-09_uc_davis_long_beach_st,Long Beach St.,00,"Cummings , Lauren",False,11,1,3,0.333,0,0,,0,0,,1,1,2,0,0,0,0,0,2
2024-03-09_uc_davis_long_beach_st,Long Beach St.,01,"Sonnier, Lovely",False,15,0,6,0.0,0,2,0.0,0,2,0.0,1,3,4,1,0,0,0,1,0
2024-03-09_uc_davis_long_beach_st,Long Beach St.,30,"Moore, Olivia",False,6,0,1,0.0,0,0,,0,0,,0,1,1,1,0,2,0,0,0
2024-03-09_uc_davis_long_beach_st,Long Beach St.,TM,TEAM,False,0,0,0,,0,0,,0,0,,1,1,2,0,0,0,0,0,0
2024-03-09_uc_davis_long_beach_st,UC Davis,15,"Turner, Evanne",True,38,9,19,0.474,5,10,0.5,1,1,1.0,0,5,5,2,3,4,0,1,24
2024-03-09_uc_davis_long_beach_st,UC Davis,14,"Sabel, Tova",True,28,6,13,0.462,3,4,0.75,2,2,1.0,0,0,0,0,1,3,1,0,17
2024-03-09_uc_davis_long_beach_st,UC Davis,33,"Harris, Mazatlan",True,33,5,7,0.714,4,5,0.8,0,0,,3,8,11,2,2,1,1,2,14
2024-03-09_uc_davis_long_beach_st,UC Davis,10,"Svanholm, Lena",True,15,2,4,0.5,0,0,,0,0,,2,4,6,1,0,0,0,1,4
2024-03-09_uc_davis_long_beach_st,UC Davis,03,"Gray, Campbell",True,24,1,5,0.2,0,1,0.0,1,2,0.5,1,4,5,4,6,2,0,4,3
2024-03-09_uc_davis_long_beach_st,UC Davis,20,"Fitzgerald, Ally",False,8,2,2,1.0,0,0,,0,0,,0,5,5,2,0,1,0,0,4
2024-03-09_uc_davis_long_beach_st,UC Davis,13,"Burns, Sydney",False,15,1,5,0.2,1,4,0.25,0,0,,1,2,3,3,0,2,0,0,3
2024-03-09_uc_davis_long_beach_st,UC Davis,23,"Baker, Victoria",False,10,0,1,0.0,0,0,,1,2,0.5,0,0,0,3,0,3,0,0,1
2024-03-09_uc_davis_long_beach_st,UC Davis,41,"Shine, Bria",False,17,0,0,,0,0,,0,0,,0,3,3,0,6,0,2,0,0
2024-03-09_uc_davis_long_beach_st,UC Davis,11,"Glad, Clara",False,12,0,0,,0,0,,0,0,,0,1,1,2,0,3,0,0,0
2024-03-09_uc_davis_long_beach_st,UC Davis,TM,TEAM,False,0,0,0,,0,0,,0,0,,1,3,4,0,0,2,0,0,0
2024-03-09_csu_bakersfield_hawaii,Hawaii,03,"Wahinekapu, Lily",True,27,7,9,0.778,4,4,1.0,4,4,1.0,0,3,3,1,2,1,0,0,22
2024-03-09_csu_bakersfield_hawaii,Hawaii,23,"McBee, MeiLani",True,17,3,5,0.6,3,5,0.6,0,0,,0,3,3,3,2,0,0,2,9
2024-03-09_csu_bakersfield_hawaii,Hawaii,02,"Thoms, Ashley",True,30,3,8,0.375,2,7,0.286,0,0,,0,4,4,1,1,3,0,1,8
2024-03-09_csu_bakersfield_hawaii,Hawaii,12,"Perez, Imani",True,11,3,4,0.75,1,1,1.0,0,0,,1,1,2,0,1,0,0,0,7
2024-03-09_csu_bakersfield_hawaii,Hawaii,22,"Peacock, Jade",True,27,2,3,0.667,2,3,0.667,0,0,,0,3,3,3,2,1,0,0,6
2024-03-09_csu_bakersfield_hawaii,Hawaii,15,"Phillips, Daejah",False,22,4,8,0.5,3,5,0.6,1,1,1.0,0,6,6,0,1,1,0,2,12
2024-03-09_csu_bakersfield_hawaii,Hawaii,34,"David, Jacque",False,13,3,5,0.6,1,3,0.333,0,0,,0,2,2,2,2,2,0,0,7
2024-03-09_csu_bakersfield_hawaii,Hawaii,14,"Rewers, Brooklyn",False,14,3,6,0.5,0,1,0.0,0,0,,2,4,6,0,1,1,0,0,6
2024-03-09_csu_bakersfield_hawaii,Hawaii,01,"Imai, Kelsie",False,29,2,7,0.286,1,2,0.5,0,0,,2,6,8,0,8,1,1,1,5
2024-03-09_csu_bakersfield_hawaii,Hawaii,11,"Berrett, Vivienne",False,8,1,1,1.0,0,0,,1,4,0.25,1,1,2,0,0,1,0,0,3
2024-03-09_csu_bakersfield_hawaii,Hawaii,13,"Birdsong, Hallie",False,2,0,2,0.0,0,2,0.0,0,0,,0,0,0,0,0,0,0,0,0
2024-03-09_csu_bakersfield_hawaii,Hawaii,TM,TEAM,False,0,0,0,,0,0,,0,0,,2,2,4,0,0,1,0,0,0
2024-03-09_csu_bakersfield_hawaii,CSU Bakersfield,00,"Brown, Shaunae",True,33,7,16,0.438,3,7,0.429,0,0,,2,1,3,0,1,2,0,1,17
2024-03-09_csu_bakersfield_hawaii,CSU Bakersfield,23,"Olivares, Jordan",True,33,2,9,0.222,0,5,0.0,4,6,0.667,0,4,4,2,0,2,0,2,8
2024-03-09_csu_bakersfield_hawaii,CSU Bakersfield,05,"Tougas, Sophia",True,29,1,11,0.091,1,7,0.143,1,2,0.5,2,1,3,0,1,0,0,1,4
2024-03-09_csu_bakersfield_hawaii,CSU Bakersfield,04,"Hunter, Grace",True,18,1,6,0.167,0,3,0.0,2,2,1.0,2,2,4,2,1,2,1,0,4
2024-03-09_csu_bakersfield_hawaii,CSU Bakersfield,12,"Johnson, Cassidy",True,24,1,3,0.333,0,0,,0,0,,0,3,3,2,0,1,1,1,2
2024-03-09_csu_bakersfield_hawaii,CSU Bakersfield,15,"Porter, Amourie",False,23,3,11,0.273,0,3,0.0,0,2,0.0,3,6,9,3,2,0,0,0,6
2024-03-09_csu_bakersfield_hawaii,CSU Bakersfield,33,"Riley, Julia",False,18,1,3,0.333,1,1,1.0,2,2,1.0,1,0,1,0,0,0,0,0,5
2024-03-09_csu_bakersfield_hawaii,CSU Bakersfield,02,"Edwards, Morgan",False,12,1,3,0.333,0,0,,0,0,,1,3,4,1,1,1,0,1,2
2024-03-09_csu_bakersfield_hawaii,CSU Bakersfield,32,"Freeman, Garrisen",False,9,0,1,0.0,0,1,0.0,0,0,,0,0,0,0,0,0,1,0,0
2024-03-09_csu_bakersfield_hawaii,CSU Bakersfield,55,"Bertotti Metoyer, Sophia",False,1,0,0,,0,0,,0,0,,0,0,0,0,0,0,0,0,0
2024-03-09_csu_bakersfield_hawaii,CSU Bakersfield,TM,TEAM,False,0,0,0,,0,0,,0,0,,2,1,3,0,0,0,0,0,0
2024-03-09_uc_irvine_cal_st_fullerton,Cal St. Fullerton,32,"Lewis, Ashlee",True,28,7,13,0.538,0,0,,0,0,,2,5,7,4,0,5,0,0,14
2024-03-09_uc_irvine_cal_st_fullerton,Cal St. Fullerton,4,"Vidmar, Gabi",True,28,4,8,0.5,3,7,0.429,0,0,,1,4,5,2,2,1,0,2,11
2024-03-09_uc_irvine_cal_st_fullerton,Cal St. Fullerton,10,"Lagway, Demonnie",True,21,2,8,0.25,0,2,0.0,0,0,,0,1,1,1,3,0,0,0,4
2024-03-09_uc_irvine_cal_st_fullerton,Cal St. Fullerton,2,"Hassmann, Hope",True,18,0,5,0.0,0,2,0.0,0,0,,0,1,1,0,1,2,0,0,0
2024-03-09_uc_irvine_cal_st_fullerton,Cal St. Fullerton,24,"Neff, Kathryn",True,11,0,0,,0,0,,0,0,,0,1,1,0,3,0,1,0,0
2024-03-09_uc_irvine_cal_st_fullerton,Cal St. Fullerton,55,"Nimmo, Fujika",False,15,3,8,0.375,1,2,0.5,1,2,0.5,1,0,1,1,0,0,0,0,8
2024-03-09_uc_irvine_cal_st_fullerton,Cal St. Fullerton,13,"Hernandez, Aixchel",False,18,3,8,0.375,0,0,,0,0,,0,4,4,1,0,0,1,0,6
2024-03-09_uc_irvine_cal_st_fullerton,Cal St. Fullerton,12,"Levingston, Eva",False,17,3,4,0.75,0,0,,0,0,,3,1,4,2,1,2,0,1,6
2024-03-09_uc_irvine_cal_st_fullerton,Cal St. Fullerton,33,"Minor, Brielle",False,22,0,3,0.0,0,0,,2,2,1.0,0,1,1,3,5,2,0,0,2
2024-03-09_uc_irvine_cal_st_fullerton,Cal St. Fullerton,23,"Strachan, Emily",False,16,1,1,1.0,0,0,,0,0,,0,1,1,0,1,2,0,0,2
2024-03-09_uc_irvine_cal_st_fullerton,Cal St. Fullerton,21,"Tse, Allysan",False,6,0,1,0.0,0,1,0.0,0,0,,0,1,1,1,1,1,0,0,0
2024-03-09_uc_irvine_cal_st_fullerton,Cal St. Fullerton,TM,TEAM,False,0,0,0,,0,0,,0,0,,3,4,7,0,0,3,0,0,0
2024-03-09_uc_irvine_cal_st_fullerton,UC Irvine,1,"Johnson Sidi Baba, Moulayna",True,29,7,15,0.467,0,0,,6,9,0.667,2,7,9,0,3,2,0,1,20
2024-03-09_uc_irvine_cal_st_fullerton,UC Irvine,23,"Konate, Diaba",True,26,4,9,0.444,0,0,,0,0,,0,2,2,1,7,0,0,0,8
2024-03-09_uc_irvine_cal_st_fullerton,UC Irvine,24,"Dean, Nevaeh",True,19,3,4,0.75,0,1,0.0,0,0,,1,2,3,0,0,1,0,1,6
2024-03-09_uc_irvine_cal_st_fullerton,UC Irvine,5,"Ross, Tarryn",True,12,0,2,0.0,0,1,0.0,0,0,,0,1,1,0,0,1,1,0,0
2024-03-09_uc_irvine_cal_st_fullerton,UC Irvine,33,"Kaupu, Caiyle",True,8,0,3,0.0,0,1,0.0,0,0,,1,0,1,0,1,1,0,0,0
2024-03-09_uc_irvine_cal_st_fullerton,UC Irvine,13,"Lee, Déja",False,31,6,13,0.462,3,7,0.429,1,2,0.5,1,2,3,3,0,1,0,3,16
2024-03-09_uc_irvine_cal_st_fullerton,UC Irvine,3,"Tom, Nikki",False,30,3,3,1.0,1,1,1.0,3,4,0.75,2,2,4,0,1,1,0,2,10
2024-03-09_uc_irvine_cal_st_fullerton,UC Irvine,32,"Parkinson, Nevaeh",False,15,2,5,0.4,0,0,,3,4,0.75,1,4,5,0,1,2,0,0,7
2024-03-09_uc_irvine_cal_st_fullerton,UC Irvine,12,"Nahum, Shirel",False,15,1,3,0.333,0,0,,0,0,,0,0,0,3,0,2,0,1,2
2024-03-09_uc_irvine_cal_st_fullerton,UC Irvine,11,"Scharpf, Amelia",False,9,0,0,,0,0,,0,0,,1,1,2,1,1,0,0,1,0
2024-03-09_uc_irvine_cal_st_fullerton,UC Irvine,22,"Djoko, Clara",False,4,0,0,,0,0,,0,0,,0,2,2,1,0,0,0,0,0
2024-03-09_uc_irvine_cal_st_fullerton,UC Irvine,2,"Hernandez, Haley",False,2,0,0,,0,0,,0,0,,0,1,1,0,0,1,0,0,0
2024-03-09_uc_irvine_cal_st_fullerton,UC Irvine,TM,TEAM,False,0,0,0,,0,0,,0,0,,1,1,2,0,0,0,0,0,0
2024-03-09_cal_poly_uc_san_diego,UC San Diego,3,"Sugapong, Sumayah",True,32,7,20,0.35,1,5,0.2,4,7,0.571,2,0,2,2,2,4,0,0,19
2024-03-09_cal_poly_uc_san_diego,UC San Diego,24,"Pinto, Denali",True,35,2,11,0.182,1,8,0.125,8,10,0.8,1,6,7,3,0,0,0,0,13
2024-03-09_cal_poly_uc_san_diego,UC San Diego,22,"Gallegos, Gracie",True,32,2,5,0.4,0,0,,0,0,,0,4,4,1,0,1,0,0,4
2024-03-09_cal_poly_uc_san_diego,UC San Diego,35,"Springs, Katie",True,26,2,3,0.667,0,0,,0,0,,5,3,8,4,0,4,1,1,4
2024-03-09_cal_poly_uc_san_diego,UC San Diego,32,"Montgomery, Parker",True,30,0,4,0.0,0,3,0.0,0,0,,0,2,2,4,0,2,0,0,0
2024-03-09_cal_poly_uc_san_diego,UC San Diego,20,"Forsyth, Izzy",False,17,2,5,0.4,2,3,0.667,0,0,,1,0,1,1,0,1,1,0,6
2024-03-09_cal_poly_uc_san_diego,UC San Diego,30,"Sule, Damilola",False,7,2,3,0.667,0,0,,0,0,,0,1,1,4,1,1,0,0,4
2024-03-09_cal_poly_uc_san_diego,UC San Diego,2,"Talbot, Grace",False,11,0,1,0.0,0,0,,2,4,0.5,0,0,0,1,1,1,0,1,2
2024-03-09_cal_poly_uc_san_diego,UC San Diego,33,"Svoboda, Emma",False,7,0,0,,0,0,,0,0,,1,0,1,1,0,1,0,0,0
2024-03-09_cal_poly_uc_san_diego,UC San Diego,23,"Blithikioti, Eri",False,3,0,0,,0,0,,0,0,,0,0,0,0,0,0,0,0,0
2024-03-09_cal_poly_uc_san_diego,UC San Diego,TM,TEAM,False,0,0,0,,0,0,,0,0,,4,7,11,0,0,0,0,0,0
2024-03-09_cal_poly_uc_san_diego,Cal Poly,4,"Lichtie, Sierra",True,26,5,9,0.556,2,4,0.5,2,4,0.5,1,4,5,4,0,3,0,1,14
2024-03-09_cal_poly_uc_san_diego,Cal Poly,15,"Bourland, Sydney",True,37,5,12,0.417,0,1,0.0,0,0,,4,5,9,2,1,0,0,2,10
2024-03-09_cal_poly_uc_san_diego,Cal Poly,5,"McNicholas, Ania",True,34,3,8,0.375,1,4,0.25,0,0,,0,2,2,2,1,2,1,2,7
2024-03-09_cal_poly_uc_san_diego,Cal Poly,2,"Shah, Annika",True,27,1,10,0.1,1,6,0.167,4,4,1.0,0,2,2,3,2,1,0,0,7
2024-03-09_cal_poly_uc_san_diego,Cal Poly,35,"Ackerman, Natalia",True,29,1,2,0.5,0,0,,2,4,0.5,2,8,10,4,1,1,4,1,4
2024-03-09_cal_poly_uc_san_diego,Cal Poly,10,"Richards, Sidney",False,28,4,9,0.444,1,2,0.5,4,5,0.8,1,2,3,1,2,1,0,2,13
2024-03-09_cal_poly_uc_san_diego,Cal Poly,24,"Carter, Mary",False,14,1,4,0.25,1,2,0.5,1,2,0.5,2,1,3,2,1,3,0,1,4
2024-03-09_cal_poly_uc_san_diego,Cal Poly,33,"Olinger, Amanda",False,5,0,1,0.0,0,0,,0,0,,0,0,0,3,1,0,0,0,0
2024-03-09_cal_poly_uc_san_diego,Cal Poly,TM,TEAM,False,0,0,0,,0,0,,0,0,,5,1,6,0,0,2,0,0,0
2024-03-09_uc_riverside_uc_santa_barbara,UC Santa Barbara,55,"Burke, Skylar",True,25,4,9,0.444,0,2,0.0,2,2,1.0,3,8,11,3,3,2,0,0,10
2024-03-09_uc_riverside_uc_santa_barbara,UC Santa Barbara,3,"Marin, Alyssa",True,28,0,4,0.0,0,2,0.0,7,7,1.0,1,2,3,4,2,2,0,0,7
2024-03-09_uc_riverside_uc_santa_barbara,UC Santa Barbara,10,"Choice, Anya",True,33,2,6,0.333,0,4,0.0,1,1,1.0,0,1,1,1,2,5,0,0,5
2024-03-09_uc_riverside_uc_santa_barbara,UC Santa Barbara,23,"Whitfield, Alexis",True,36,1,11,0.091,0,2,0.0,0,0,,0,7,7,4,4,3,1,0,2
2024-03-09_uc_riverside_uc_santa_barbara,UC Santa Barbara,20,"Rockwood, Laurel",True,12,1,1,1.0,0,0,,0,0,,2,0,2,0,0,1,0,0,2
2024-03-09_uc_riverside_uc_santa_barbara,UC Santa Barbara,32,"Grant, Jessica",False,33,3,7,0.429,3,7,0.429,0,0,,0,1,1,2,0,3,1,0,9
2024-03-09_uc_riverside_uc_santa_barbara,UC Santa Barbara,2,"Borter, Zoe",False,27,4,8,0.5,0,3,0.0,1,2,0.5,2,4,6,2,2,3,0,1,9
2024-03-09_uc_riverside_uc_santa_barbara,UC Santa Barbara,13,"Goed, Flora",False,6,1,1,1.0,0,0,,0,0,,0,0,0,1,0,0,0,0,2
2024-03-09_uc_riverside_uc_santa_barbara,UC Santa Barbara,14,"Coon, Kanani",False,0,0,0,,0,0,,0,0,,0,0,0,0,0,0,0,0,0
2024-03-09_uc_riverside_uc_santa_barbara,UC Santa Barbara,TM,TEAM,False,0,0,0,,0,0,,0,0,,2,3,5,0,0,0,0,0,0
2024-03-09_uc_riverside_uc_santa_barbara,UC Riverside,1,"Bryant, Matehya",True,34,5,12,0.417,0,0,,4,4,1.0,2,6,8,1,1,4,1,1,14
2024-03-09_uc_riverside_uc_santa_barbara,UC Riverside,32,"Webster, Jordan",True,34,4,11,0.364,0,2,0.0,4,6,0.667,1,3,4,1,1,1,0,2,12
2024-03-09_uc_riverside_uc_santa_barbara,UC Riverside,2,"Walters, Ryanne",True,33,2,6,0.333,0,3,0.0,0,0,,0,3,3,2,4,1,0,5,4
2024-03-09_uc_riverside_uc_santa_barbara,UC Riverside,10,"Stenberg, Julia",True,10,0,0,,0,0,,0,0,,1,0,1,0,0,1,0,0,0
2024-03-09_uc_riverside_uc_santa_barbara,UC Riverside,23,"Aikins, India",True,3,0,1,0.0,0,0,,0,0,,0,0,0,0,0,0,0,0,0
2024-03-09_uc_riverside_uc_santa_barbara,UC Riverside,00,"Jackson, Makayla",False,29,3,10,0.3,1,4,0.25,5,5,1.0,2,2,4,2,0,0,0,2,12
2024-03-09_uc_riverside_uc_santa_barbara,UC Riverside,11,"Matarranz, Esther",False,23,3,3,1.0,0,0,,0,4,0.0,1,3,4,5,1,2,0,1,6
2024-03-09_uc_riverside_uc_santa_barbara,UC Riverside,4,"Marshall, Jordyn",False,12,1,5,0.2,0,0,,1,2,0.5,0,0,0,0,0,0,0,0,3
2024-03-09_uc_riverside_uc_santa_barbara,UC Riverside,13,"Chocano, Maya",False,13,1,2,0.5,0,1,0.0,0,0,,1,3,4,2,0,1,0,0,2
2024-03-09_uc_riverside_uc_santa_barbara,UC Riverside,3,"Tillery, Zoe",False,9,0,3,0.0,0,2,0.0,0,0,,0,0,0,0,1,0,0,0,0
2024-03-09_uc_riverside_uc_santa_barbara,UC Riverside,TM,TEAM,False,0,0,0,,0,0,,0,0,,2,2,4,0,0,1,0,0,0
2024-03-13_uc_davis_cal_st_fullerton,Cal St. Fullerton,04,"Vidmar, Gabi",True,36,4,12,0.333,3,9,0.333,1,1,1.0,0,2,2,0,3,3,0,3,12
2024-03-13_uc_davis_cal_st_fullerton,Cal St. Fullerton,32,"Lewis, Ashlee",True,29,4,12,0.333,0,0,,2,2,1.0,3,6,9,4,2,3,0,0,10
2024-03-13_uc_davis_cal_st_fullerton,Cal St. Fullerton,13,"Hernandez, Aixchel",True,25,2,6,0.333,0,0,,0,0,,5,2,7,1,2,2,1,0,4
2024-03-13_uc_davis_cal_st_fullerton,Cal St. Fullerton,10,"Lagway, Demonnie",True,9,1,3,0.333,1,1,1.0,0,0,,1,2,3,1,1,1,0,1,3
2024-03-13_uc_davis_cal_st_fullerton,Cal St. Fullerton,02,"Hassmann, Hope",True,19,0,7,0.0,0,2,0.0,0,0,,1,0,1,0,2,1,0,0,0
2024-03-13_uc_davis_cal_st_fullerton,Cal St. Fullerton,55,"Nimmo, Fujika",False,28,9,16,0.562,4,7,0.571,0,0,,0,0,0,3,2,0,1,1,22
2024-03-13_uc_davis_cal_st_fullerton,Cal St. Fullerton,33,"Minor, Brielle",False,16,1,5,0.2,0,1,0.0,3,5,0.6,0,3,3,0,2,2,0,1,5
2024-03-13_uc_davis_cal_st_fullerton,Cal St. Fullerton,12,"Levingston, Eva",False,14,0,3,0.0,0,0,,0,0,,3,1,4,1,1,2,0,0,0
2024-03-13_uc_davis_cal_st_fullerton,Cal St. Fullerton,23,"Strachan, Emily",False,13,0,1,0.0,0,0,,0,0,,0,1,1,0,0,1,0,0,0
2024-03-13_uc_davis_cal_st_fullerton,Cal St. Fullerton,21,"Tse, Allysan",False,5,0,1,0.0,0,1,0.0,0,0,,0,0,0,0,0,0,0,0,0
2024-03-13_uc_davis_cal_st_fullerton,Cal St. Fullerton,24,"Neff, Kathryn",False,5,0,2,0.0,0,1,0.0,0,0,,0,0,0,0,0,0,0,1,0
2024-03-13_uc_davis_cal_st_fullerton,Cal St. Fullerton,01,"Wienecke, Genna",False,1,0,0,,0,0,,0,0,,0,0,0,0,0,0,0,0,0
2024-03-13_uc_davis_cal_st_fullerton,Cal St. Fullerton,TM,TEAM,False,0,0,0,,0,0,,0,0,,7,3,10,0,0,1,0,0,0
2024-03-13_uc_davis_cal_st_fullerton,UC Davis,15,"Turner, Evanne",True,26,11,15,0.733,7,10,0.7,0,0,,0,2,2,2,2,3,0,3,29
2024-03-13_uc_davis_cal_st_fullerton,UC Davis,14,"Sabel, Tova",True,22,5,9,0.556,2,4,0.5,0,2,0.0,0,2,2,0,3,0,1,0,12
2024-03-13_uc_davis_cal_st_fullerton,UC Davis,13,"Burns, Sydney",True,23,3,7,0.429,3,5,0.6,0,0,,0,2,2,1,3,2,1,0,9
2024-03-13_uc_davis_cal_st_fullerton,UC Davis,25,"Norris, Megan",True,22,2,6,0.333,2,5,0.4,0,0,,1,11,12,0,2,0,1,3,6
2024-03-13_uc_davis_cal_st_fullerton,UC Davis,33,"Harris, Mazatlan",True,22,2,5,0.4,1,3,0.333,0,0,,2,4,6,1,6,1,2,1,5
2024-03-13_uc_davis_cal_st_fullerton,UC Davis,41,"Shine, Bria",False,13,2,3,0.667,1,2,0.5,2,2,1.0,0,1,1,1,0,2,0,2,7
2024-03-13_uc_davis_cal_st_fullerton,UC Davis,23,"Baker, Victoria",False,18,2,4,0.5,1,1,1.0,0,0,,0,2,2,2,4,2,1,0,5
2024-03-13_uc_davis_cal_st_fullerton,UC Davis,04,"Epps, Nya",False,11,2,2,1.0,0,0,,0,0,,1,0,1,1,0,1,0,0,4
2024-03-13_uc_davis_cal_st_fullerton,UC Davis,20,"Fitzgerald, Ally",False,10,0,0,,0,0,,2,2,1.0,0,3,3,1,4,0,0,0,2
2024-03-13_uc_davis_cal_st_fullerton,UC Davis,10,"Svanholm, Lena",False,8,1,3,0.333,0,1,0.0,0,0,,0,0,0,0,2,0,0,0,2
2024-03-13_uc_davis_cal_st_fullerton,UC Davis,03,"Gray, Campbell",False,17,0,0,,0,0,,0,0,,0,0,0,3,1,2,0,2,0
2024-03-13_uc_davis_cal_st_fullerton,UC Davis,11,"Glad, Clara",False,8,0,1,0.0,0,1,0.0,0,0,,2,1,3,0,0,1,0,0,0
2024-03-13_uc_davis_cal_st_fullerton,UC Davis,TM,TEAM,False,0,0,0,,0,0,,0,0,,0,0,0,0,0,0,0,0,0
2024-03-13_uc_santa_barbara_long_beach_st,Long Beach St.,02,"Tucker, Savannah",True,37,5,12,0.417,3,6,0.5,4,5,0.8,2,4,6,2,0,3,0,0,17
2024-03-13_uc_santa_barbara_long_beach_st,Long Beach St.,22,"Woodley, Sydney",True,35,7,17,0.412,2,6,0.333,0,0,,3,5,8,3,6,3,0,5,16
2024-03-13_uc_santa_barbara_long_beach_st,Long Beach St.,03,"Chung, Patricia",True,36,2,8,0.25,2,5,0.4,4,4,1.0,1,9,10,2,4,1,0,0,10
2024-03-13_uc_santa_barbara_long_beach_st,Long Beach St.,10,"Valenti-Paea, Casey",True,34,4,9,0.444,2,4,0.5,0,0,,0,3,3,2,4,3,0,1,10
2024-03-13_uc_santa_barbara_long_beach_st,Long Beach St.,52,"Matthews, Davai",True,4,1,2,0.5,0,0,,1,1,1.0,1,0,1,1,1,0,0,1,3
2024-03-13_uc_santa_barbara_long_beach_st,Long Beach St.,04,"Givens, Cheyenne",False,21,4,6,0.667,1,3,0.333,7,7,1.0,0,2,2,0,1,1,0,1,16
2024-03-13_uc_santa_barbara_long_beach_st,Long Beach St.,12,"Crawshaw , Jada",False,22,6,11,0.545,2,3,0.667,0,0,,1,4,5,1,1,4,1,0,14
2024-03-13_uc_santa_barbara_long_beach_st,Long Beach St.,01,"Sonnier, Lovely",False,9,2,2,1.0,0,0,,0,1,0.0,1,2,3,4,1,2,0,1,4
2024-03-13_uc_santa_barbara_long_beach_st,Long Beach St.,30,"Moore, Olivia",False,2,0,0,,0,0,,0,0,,0,1,1,1,0,0,0,0,0
2024-03-13_uc_santa_barbara_long_beach_st,Long Beach St.,00,"Cummings , Lauren",False,,0,0,,0,0,,0,0,,0,0,0,0,0,0,0,0,0
2024-03-13_uc_santa_barbara_long_beach_st,Long Beach St.,TM,TEAM,False,0,0,0,,0,0,,0,0,,2,1,3,0,0,0,0,0,0
2024-03-13_uc_santa_barbara_long_beach_st,UC Santa Barbara,23,"Whitfield, Alexis",True,38,12,20,0.6,3,7,0.429,3,4,0.75,4,13,17,4,8,1,1,3,30
2024-03-13_uc_santa_barbara_long_beach_st,UC Santa Barbara,03,"Marin, Alyssa",True,40,6,15,0.4,4,10,0.4,5,6,0.833,1,0,1,4,8,3,0,1,21
2024-03-13_uc_santa_barbara_long_beach_st,UC Santa Barbara,55,"Burke, Skylar",True,23,3,9,0.333,0,2,0.0,1,2,0.5,4,4,8,3,1,5,0,0,7
2024-03-13_uc_santa_barbara_long_beach_st,UC Santa Barbara,10,"Choice, Anya",True,28,2,4,0.5,0,1,0.0,0,0,,1,3,4,4,2,4,0,2,4
2024-03-13_uc_santa_barbara_long_beach_st,UC Santa Barbara,20,"Rockwood, Laurel",True,12,1,2,0.5,0,0,,0,0,,0,0,0,3,0,3,0,0,2
2024-03-13_uc_santa_barbara_long_beach_st,UC Santa Barbara,32,"Grant, Jessica",False,28,2,11,0.182,2,10,0.2,0,0,,0,1,1,0,1,1,0,1,6
2024-03-13_uc_santa_barbara_long_beach_st,UC Santa Barbara,02,"Borter, Zoe",False,29,2,9,0.222,1,5,0.2,0,0,,1,5,6,2,0,1,1,0,5
2024-03-13_uc_santa_barbara_long_beach_st,UC Santa Barbara,13,"Goed, Flora",False,2,0,1,0.0,0,0,,0,0,,0,1,1,1,0,1,1,0,0
2024-03-13_uc_santa_barbara_long_beach_st,UC Santa Barbara,04,"Hutchens, Kathleen",False,,0,0,,0,0,,0,0,,0,0,0,1,0,0,0,0,0
2024-03-13_uc_santa_barbara_long_beach_st,UC Santa Barbara,TM,TEAM,False,0,0,0,,0,0,,0,0,,2,0,2,0,0,0,0,0,0
2024-03-14_cal_poly_uc_davis,UC Davis,14,"Sabel, Tova",True,34,7,15,0.467,3,3,1.0,0,0,,0,4,4,1,2,2,1,0,17
2024-03-14_cal_poly_uc_davis,UC Davis,15,"Turner, Evanne",True,35,3,13,0.231,0,3,0.0,3,4,0.75,2,6,8,2,1,2,0,1,9
2024-03-14_cal_poly_uc_davis,UC Davis,25,"Norris, Megan",True,29,1,4,0.25,0,2,0.0,7,9,0.778,0,5,5,2,1,2,2,0,9
2024-03-14_cal_poly_uc_davis,UC Davis,13,"Burns, Sydney",True,15,1,5,0.2,1,3,0.333,0,0,,1,0,1,3,0,3,0,1,3
2024-03-14_cal_poly_uc_davis,UC Davis,33,"Harris, Mazatlan",True,29,1,3,0.333,0,1,0.0,0,0,,1,6,7,2,3,3,0,0,2
2024-03-14_cal_poly_uc_davis,UC Davis,04,"Epps, Nya",False,20,5,7,0.714,2,2,1.0,3,5,0.6,2,0,2,1,2,1,1,3,15
2024-03-14_cal_poly_uc_davis,UC Davis,03,"Gray, Campbell",False,14,0,2,0.0,0,1,0.0,1,4,0.25,0,2,2,3,2,1,1,1,1
2024-03-14_cal_poly_uc_davis,UC Davis,20,"Fitzgerald, Ally",False,11,0,0,,0,0,,0,0,,0,3,3,1,0,2,0,0,0
2024-03-14_cal_poly_uc_davis,UC Davis,23,"Baker, Victoria",False,7,0,1,0.0,0,0,,0,0,,0,0,0,0,2,2,0,0,0
2024-03-14_cal_poly_uc_davis,UC Davis,41,"Shine, Bria",False,6,0,1,0.0,0,1,0.0,0,0,,0,1,1,1,0,0,0,0,0
2024-03-14_cal_poly_uc_davis,UC Davis,11,"Glad, Clara",False,,0,0,,0,0,,0,0,,0,0,0,0,0,0,0,0,0
2024-03-14_cal_poly_uc_davis,UC Davis,TM,TEAM,False,0,0,0,,0,0,,0,0,,3,5,8,0,0,2,0,0,0
2024-03-14_cal_poly_uc_davis,Cal Poly,05,"McNicholas, Ania",True,34,4,13,0.308,2,6,0.333,7,9,0.778,1,5,6,3,6,2,0,1,17
2024-03-14_cal_poly_uc_davis,Cal Poly,04,"Lichtie, Sierra",True,27,5,9,0.556,0,2,0.0,0,0,,1,1,2,3,2,3,1,3,10
2024-03-14_cal_poly_uc_davis,Cal Poly,35,"Ackerman, Natalia",True,26,3,9,0.333,0,0,,2,2,1.0,4,12,16,4,0,0,2,1,8
2024-03-14_cal_poly_uc_davis,Cal Poly,02,"Shah, Annika",True,26,1,7,0.143,1,5,0.2,0,0,,0,0,0,1,1,1,0,2,3
2024-03-14_cal_poly_uc_davis,Cal Poly,15,"Bourland, Sydney",True,32,0,7,0.0,0,1,0.0,0,0,,0,4,4,4,2,3,0,2,0
2024-03-14_cal_poly_uc_davis,Cal Poly,24,"Carter, Mary",False,16,4,10,0.4,2,6,0.333,0,0,,1,2,3,0,0,5,1,0,10
2024-03-14_cal_poly_uc_davis,Cal Poly,10,"Richards, Sidney",False,17,0,3,0.0,0,1,0.0,0,0,,0,1,1,5,1,2,0,3,0
2024-03-14_cal_poly_uc_davis,Cal Poly,33,"Olinger, Amanda",False,14,0,4,0.0,0,0,,0,0,,2,2,4,2,0,1,0,0,0
2024-03-14_cal_poly_uc_davis,Cal Poly,25,"Hoffman, Jordan",False,8,0,0,,0,0,,0,0,,0,0,0,0,1,0,0,0,0
2024-03-14_cal_poly_uc_davis,Cal Poly,TM,TEAM,False,0,0,0,,0,0,,0,0,,5,2,7,0,0,3,0,0,0
2024-03-14_uc_riverside_long_beach_st,Long Beach St.,3,"Chung, Patricia",True,42,8,15,0.533,3,9,0.333,1,1,1.0,1,7,8,1,4,1,0,1,20
2024-03-14_uc_riverside_long_beach_st,Long Beach St.,2,"Tucker, Savannah",True,33,4,9,0.444,2,6,0.333,3,6,0.5,0,2,2,1,2,2,0,1,13
2024-03-14_uc_riverside_long_beach_st,Long Beach St.,22,"Woodley, Sydney",True,36,4,13,0.308,1,5,0.2,0,0,,3,7,10,1,3,1,0,5,9
2024-03-14_uc_riverside_long_beach_st,Long Beach St.,4,"Givens, Cheyenne",True,24,2,4,0.5,0,1,0.0,5,8,0.625,1,1,2,3,3,5,0,0,9
2024-03-14_uc_riverside_long_beach_st,Long Beach St.,10,"Valenti Paea, Casey",True,37,3,12,0.25,0,2,0.0,2,2,1.0,1,7,8,2,4,3,0,2,8
2024-03-14_uc_riverside_long_beach_st,Long Beach St.,12,"Crawshaw, Jada",False,28,8,14,0.571,1,1,1.0,0,3,0.0,5,1,6,2,1,1,0,1,17
2024-03-14_uc_riverside_long_beach_st,Long Beach St.,1,"Sonnier, Lovely",False,18,3,7,0.429,0,3,0.0,1,2,0.5,2,3,5,1,1,1,3,0,7
2024-03-14_uc_riverside_long_beach_st,Long Beach St.,30,"Moore, Olivia",False,4,0,0,,0,0,,0,0,,0,0,0,0,0,0,0,0,0
2024-03-14_uc_riverside_long_beach_st,Long Beach St.,00,"Cummings, Lauren",False,3,0,0,,0,0,,0,0,,1,0,1,0,0,0,0,0,0
2024-03-14_uc_riverside_long_beach_st,Long Beach St.,TM,TEAM,False,0,0,0,,0,0,,0,0,,4,3,7,0,0,0,0,0,0
2024-03-14_uc_riverside_long_beach_st,UC Riverside,00,"Jackson, Makayla",True,45,9,23,0.391,3,11,0.273,4,5,0.8,0,1,1,3,1,1,1,5,25
2024-03-14_uc_riverside_long_beach_st,UC Riverside,32,"Webster, Jordan",True,42,8,21,0.381,1,5,0.2,3,3,1.0,4,11,15,0,3,3,1,4,20
2024-03-14_uc_riverside_long_beach_st,UC Riverside,1,"Bryant, Matehya",True,43,6,11,0.545,0,1,0.0,0,0,,1,10,11,3,2,4,2,0,12
2024-03-14_uc_riverside_long_beach_st,UC Riverside,11,"Matarranz, Esther",True,29,3,7,0.429,0,0,,0,0,,3,1,4,4,1,2,0,0,6
2024-03-14_uc_riverside_long_beach_st,UC Riverside,2,"Walters, Ryanne",True,28,1,3,0.333,1,2,0.5,0,0,,0,2,2,4,2,3,0,0,3
2024-03-14_uc_riverside_long_beach_st,UC Riverside,3,"Tillery, Zoe",False,11,2,3,0.667,1,2,0.5,0,0,,0,2,2,1,3,0,0,0,5
2024-03-14_uc_riverside_long_beach_st,UC Riverside,4,"Marshall, Jordyn",False,12,1,4,0.25,0,0,,2,2,1.0,0,0,0,1,0,3,0,1,4
2024-03-14_uc_riverside_long_beach_st,UC Riverside,13,"Chocano, Maya",False,11,0,1,0.0,0,1,0.0,0,0,,1,1,2,3,2,0,0,0,0
2024-03-14_uc_riverside_long_beach_st,UC Riverside,10,"Stenberg, Julia",False,4,0,0,,0,0,,0,0,,0,0,0,0,1,0,0,0,0
2024-03-14_uc_riverside_long_beach_st,UC Riverside,TM,TEAM,False,0,0,0,,0,0,,0,0,,4,1,5,0,0,0,0,0,0
2024-03-15_hawaii_uc_davis,UC Davis,14,"Sabel, Tova",True,35,4,15,0.267,3,10,0.3,3,4,0.75,0,3,3,2,2,3,0,2,14
2024-03-15_hawaii_uc_davis,UC Davis,15,"Turner, Evanne",True,36,3,12,0.25,3,6,0.5,4,4,1.0,1,1,2,1,1,2,0,1,13
2024-03-15_hawaii_uc_davis,UC Davis,33,"Harris, Mazatlan",True,36,4,5,0.8,3,4,0.75,2,2,1.0,0,4,4,0,0,1,3,1,13
2024-03-15_hawaii_uc_davis,UC Davis,25,"Norris, Megan",True,29,2,5,0.4,2,3,0.667,0,0,,2,5,7,1,1,1,1,0,6
2024-03-15_hawaii_uc_davis,UC Davis,13,"Burns, Sydney",True,14,0,2,0.0,0,0,,0,0,,2,2,4,2,0,0,0,0,0
2024-03-15_hawaii_uc_davis,UC Davis,23,"Baker, Victoria",False,9,2,7,0.286,0,2,0.0,0,0,,1,0,1,3,1,2,0,1,4
2024-03-15_hawaii_uc_davis,UC Davis,41,"Shine, Bria",False,12,0,0,,0,0,,1,2,0.5,2,3,5,0,1,1,0,1,1
2024-03-15_hawaii_uc_davis,UC Davis,04,"Epps, Nya",False,18,0,5,0.0,0,1,0.0,0,0,,1,1,2,1,0,1,0,2,0
2024-03-15_hawaii_uc_davis,UC Davis,03,"Gray, Campbell",False,10,0,1,0.0,0,0,,0,0,,0,1,1,2,3,0,0,1,0
2024-03-15_hawaii_uc_davis,UC Davis,20,"Fitzgerald, Ally",False,1,0,0,,0,0,,0,0,,0,0,0,0,0,0,0,0,0
2024-03-15_hawaii_uc_davis,UC Davis,TM,TEAM,False,0,0,0,,0,0,,0,0,,4,1,5,0,0,1,0,0,0
2024-03-15_hawaii_uc_davis,Hawaii,23,"McBee, MeiLani",True,36,5,7,0.714,2,2,1.0,0,0,,2,2,4,4,0,2,1,4,12
2024-03-15_hawaii_uc_davis,Hawaii,02,"Thoms, Ashley",True,26,2,3,0.667,2,3,0.667,1,2,0.5,1,1,2,4,0,0,1,0,7
2024-03-15_hawaii_uc_davis,Hawaii,03,"Wahinekapu, Lily",True,34,1,14,0.071,0,3,0.0,4,6,0.667,1,7,8,2,3,3,0,1,6
2024-03-15_hawaii_uc_davis,Hawaii,12,"Perez, Imani",True,24,0,2,0.0,0,2,0.0,1,2,0.5,1,1,2,0,0,0,0,0,1
2024-03-15_hawaii_uc_davis,Hawaii,45,"Davies, Olivia",True,13,0,7,0.0,0,4,0.0,0,0,,1,2,3,0,0,1,0,0,0
2024-03-15_hawaii_uc_davis,Hawaii,34,"David, Jacque",False,24,4,9,0.444,2,6,0.333,1,1,1.0,0,6,6,3,2,3,0,0,11
2024-03-15_hawaii_uc_davis,Hawaii,15,"Phillips, Daejah",False,10,2,4,0.5,1,1,1.0,0,0,,0,0,0,2,1,1,0,1,5
2024-03-15_hawaii_uc_davis,Hawaii,01,"Imai, Kelsie",False,29,1,3,0.333,0,0,,2,2,1.0,1,2,3,1,4,2,0,1,4
2024-03-15_hawaii_uc_davis,Hawaii,14,"Rewers, Brooklyn",False,4,1,3,0.333,0,0,,0,0,,1,1,2,0,0,0,1,0,2
2024-03-15_hawaii_uc_davis,Hawaii,TM,TEAM,False,0,0,0,,0,0,,0,0,,6,3,9,0,0,4,0,0,0
2024-03-15_uc_irvine_long_beach_st,Long Beach St.,10,"Valenti-paea, Casey",True,28,6,8,0.75,1,1,1.0,0,0,,1,2,3,2,0,1,0,0,13
2024-03-15_uc_irvine_long_beach_st,Long Beach St.,22,"Woodley, Sydney",True,35,4,11,0.364,2,6,0.333,2,2,1.0,0,6,6,2,0,2,0,1,12
2024-03-15_uc_irvine_long_beach_st,Long Beach St.,2,"Tucker, Savannah",True,36,2,10,0.2,1,4,0.25,4,4,1.0,1,0,1,0,1,0,0,0,9
2024-03-15_uc_irvine_long_beach_st,Long Beach St.,3,"Chung, Patricia",True,35,2,5,0.4,0,1,0.0,2,2,1.0,0,2,2,3,1,1,1,0,6
2024-03-15_uc_irvine_long_beach_st,Long Beach St.,1,"Sonnier, Lovely",True,19,1,7,0.143,0,2,0.0,0,0,,2,5,7,5,3,4,0,0,2
2024-03-15_uc_irvine_long_beach_st,Long Beach St.,4,"Givens, Cheyenne",False,19,2,7,0.286,0,3,0.0,2,3,0.667,0,2,2,1,0,2,0,0,6
2024-03-15_uc_irvine_long_beach_st,Long Beach St.,30,"Moore, Olivia",False,5,2,3,0.667,2,2,1.0,0,0,,0,0,0,0,0,0,0,0,6
2024-03-15_uc_irvine_long_beach_st,Long Beach St.,12,"Crawshaw , Jada",False,19,1,4,0.25,0,1,0.0,0,0,,0,4,4,3,0,3,0,0,2
2024-03-15_uc_irvine_long_beach_st,Long Beach St.,00,"Cummings , Lauren",False,4,0,0,,0,0,,1,2,0.5,0,0,0,0,1,0,0,0,1
2024-03-15_uc_irvine_long_beach_st,Long Beach St.,TM,TEAM,False,0,0,0,,0,0,,0,0,,3,2,5,0,0,2,0,0,0
2024-03-15_uc_irvine_long_beach_st,UC Irvine,1,"Johnson Sidi Baba, Moulayna",True,28,9,15,0.6,0,0,,4,7,0.571,2,8,10,1,0,1,0,1,22
2024-03-15_uc_irvine_long_beach_st,UC Irvine,13,"Lee, Déja",True,29,5,12,0.417,1,3,0.333,1,2,0.5,0,2,2,4,0,1,0,3,12
2024-03-15_uc_irvine_long_beach_st,UC Irvine,23,"Konate, Diaba",True,28,2,9,0.222,0,1,0.0,4,6,0.667,0,1,1,1,4,0,0,0,8
2024-03-15_uc_irvine_long_beach_st,UC Irvine,24,"Dean, Nevaeh",True,26,4,5,0.8,0,0,,0,0,,3,2,5,0,3,0,2,2,8
2024-03-15_uc_irvine_long_beach_st,UC Irvine,3,"Tom, Nikki",True,33,1,5,0.2,1,2,0.5,0,0,,1,5,6,0,1,2,0,1,3
2024-03-15_uc_irvine_long_beach_st,UC Irvine,32,"Parkinson, Nevaeh",False,11,4,6,0.667,0,0,,0,0,,2,6,8,5,1,3,0,1,8
2024-03-15_uc_irvine_long_beach_st,UC Irvine,12,"Nahum, Shirel",False,21,2,6,0.333,0,2,0.0,1,3,0.333,0,0,0,2,0,0,1,0,5
2024-03-15_uc_irvine_long_beach_st,UC Irvine,11,"Scharpf, Amelia",False,16,1,3,0.333,1,2,0.5,0,0,,0,0,0,0,4,0,0,0,3
2024-03-15_uc_irvine_long_beach_st,UC Irvine,5,"Ross, Tarryn",False,4,0,1,0.0,0,1,0.0,0,0,,0,0,0,0,0,0,0,0,0
2024-03-15_uc_irvine_long_beach_st,UC Irvine,22,"Djoko, Clara",False,2,0,0,,0,0,,0,0,,0,1,1,0,0,1,1,0,0
2024-03-15_uc_irvine_long_beach_st,UC Irvine,33,"Kaupu, Caiyle",False,2,0,0,,0,0,,0,0,,1,0,1,0,0,1,0,0,0
2024-03-15_uc_irvine_long_beach_st,UC Irvine,TM,TEAM,False,0,0,0,,0,0,,0,0,,4,2,6,0,0,2,0,0,0
2024-03-16_uc_irvine_uc_davis,UC Davis,15,"Turner, Evanne",True,38,7,19,0.368,4,12,0.333,0,0,,3,4,7,2,1,4,1,0,18
2024-03-16_uc_irvine_uc_davis,UC Davis,14,"Sabel, Tova",True,26,3,13,0.231,1,6,0.167,0,0,,0,2,2,4,0,3,0,0,7
2024-03-16_uc_irvine_uc_davis,UC Davis,33,"Harris, Mazatlan",True,33,0,4,0.0,0,4,0.0,2,2,1.0,2,6,8,2,2,2,1,3,2
2024-03-16_uc_irvine_uc_davis,UC Davis,25,"Norris, Megan",True,24,0,4,0.0,0,2,0.0,2,2,1.0,0,4,4,1,1,0,1,0,2
2024-03-16_uc_irvine_uc_davis,UC Davis,13,"Burns, Sydney",True,19,1,1,1.0,0,0,,0,0,,0,2,2,0,0,0,0,0,2
2024-03-16_uc_irvine_uc_davis,UC Davis,04,"Epps, Nya",False,24,2,4,0.5,0,0,,0,0,,1,0,1,0,0,0,0,1,4
2024-03-16_uc_irvine_uc_davis,UC Davis,23,"Baker, Victoria",False,7,1,4,0.25,0,1,0.0,2,2,1.0,1,1,2,2,0,1,0,1,4
2024-03-16_uc_irvine_uc_davis,UC Davis,41,"Shine, Bria",False,11,0,1,0.0,0,1,0.0,0,0,,0,0,0,2,1,1,0,2,0
2024-03-16_uc_irvine_uc_davis,UC Davis,20,"Fitzgerald, Ally",False,9,0,2,0.0,0,1,0.0,0,0,,1,1,2,1,0,1,1,0,0
2024-03-16_uc_irvine_uc_davis,UC Davis,03,"Gray, Campbell",False,7,0,1,0.0,0,0,,0,0,,0,0,0,1,0,3,0,1,0
2024-03-16_uc_irvine_uc_davis,UC Davis,10,"Svanholm, Lena",False,1,0,0,,0,0,,0,0,,0,0,0,0,0,0,0,0,0
2024-03-16_uc_irvine_uc_davis,UC Davis,11,"Glad, Clara",False,1,0,0,,0,0,,0,0,,0,0,0,0,0,0,0,0,0
2024-03-16_uc_irvine_uc_davis,UC Davis,TM,TEAM,False,0,0,0,,0,0,,0,0,,3,1,4,0,0,2,0,0,0
2024-03-16_uc_irvine_uc_davis,UC Irvine,13,"Lee, Deja",True,36,8,12,0.667,2,4,0.5,3,4,0.75,2,4,6,1,1,1,0,2,21
2024-03-16_uc_irvine_uc_davis,UC Irvine,01,"Johnson Sidi Baba, Moulayna",True,35,1,6,0.167,0,0,,11,12,0.917,1,8,9,2,1,4,0,1,13
2024-03-16_uc_irvine_uc_davis,UC Irvine,23,"Konate, Diaba",True,32,4,12,0.333,1,2,0.5,1,2,0.5,2,4,6,1,3,0,0,2,10
2024-03-16_uc_irvine_uc_davis,UC Irvine,03,"Tom, Nikki",True,31,1,6,0.167,1,3,0.333,0,0,,1,4,5,3,1,2,1,3,3
2024-03-16_uc_irvine_uc_davis,UC Irvine,24,"Dean, Nevaeh",True,25,1,5,0.2,0,1,0.0,0,2,0.0,1,4,5,2,0,2,0,0,2
2024-03-16_uc_irvine_uc_davis,UC Irvine,32,"Parkinson, Nevaeh",False,14,2,4,0.5,0,0,,0,0,,3,2,5,3,0,2,0,0,4
2024-03-16_uc_irvine_uc_davis,UC Irvine,12,"Nahum, Shirel",False,12,0,2,0.0,0,0,,0,0,,0,1,1,0,0,1,0,0,0
2024-03-16_uc_irvine_uc_davis,UC Irvine,11,"Scharpf, Amelia",False,11,0,1,0.0,0,0,,0,0,,0,1,1,0,0,2,0,0,0
2024-03-16_uc_irvine_uc_davis,UC Irvine,02,"Hernandez, Haley",False,1,0,0,,0,0,,0,0,,0,0,0,0,0,0,0,0,0
2024-03-16_uc_irvine_uc_davis,UC Irvine,05,"Ross, Tarryn",False,1,0,0,,0,0,,0,0,,0,0,0,0,0,0,0,0,0
2024-03-16_uc_irvine_uc_davis,UC Irvine,22,"Djoko, Clara",False,1,0,0,,0,0,,0,0,,0,0,0,0,0,0,0,0,0
2024-03-16_uc_irvine_uc_davis,UC Irvine,33,"Kaupu, Caiyle",False,1,0,1,0.0,0,0,,0,0,,1,0,1,0,0,0,0,0,0
2024-03-16_uc_irvine_uc_davis,UC Irvine,TM,TEAM,False,0,0,0,,0,0,,0,0,,3,0,3,0,0,2,0,0,0
2024-03-21_california_hawaii,Hawaii,03,"Wahinekapu, Lily",True,28,6,10,0.6,1,1,1.0,2,3,0.667,1,2,3,2,0,0,0,1,15
2024-03-21_california_hawaii,Hawaii,12,"Perez, Imani",True,22,4,10,0.4,3,8,0.375,0,0,,1,4,5,4,1,0,1,1,11
2024-03-21_california_hawaii,Hawaii,23,"McBee, MeiLani",True,30,3,12,0.25,2,7,0.286,2,4,0.5,0,1,1,1,3,0,0,1,10
2024-03-21_california_hawaii,Hawaii,45,"Davies, Olivia",True,19,1,2,0.5,1,1,1.0,2,2,1.0,1,1,2,2,2,0,0,0,5
2024-03-21_california_hawaii,Hawaii,02,"Thoms, Ashley",True,29,0,3,0.0,0,1,0.0,0,0,,0,1,1,1,0,0,0,0,0
2024-03-21_california_hawaii,Hawaii,15,"Phillips, Daejah",False,22,1,6,0.167,0,0,,7,7,1.0,1,1,2,0,0,4,0,2,9
2024-03-21_california_hawaii,Hawaii,14,"Rewers, Brooklyn",False,17,2,4,0.5,0,0,,2,2,1.0,2,6,8,1,0,1,0,0,6
2024-03-21_california_hawaii,Hawaii,01,"Imai, Kelsie",False,17,2,5,0.4,0,0,,0,0,,0,2,2,2,2,2,0,1,4
2024-03-21_california_hawaii,Hawaii,34,"David, Jacque",False,11,0,3,0.0,0,1,0.0,0,0,,0,0,0,0,0,1,0,0,0
2024-03-21_california_hawaii,Hawaii,22,"Peacock, Jade",False,5,0,0,,0,0,,0,0,,0,0,0,1,0,0,0,0,0
2024-03-21_california_hawaii,Hawaii,TM,TEAM,False,0,0,0,,0,0,,0,0,,4,3,7,0,0,2,0,0,0
2024-03-21_california_hawaii,California,07,"Suárez, Marta",True,27,4,11,0.364,1,3,0.333,0,1,0.0,5,3,8,3,2,7,0,0,9
2024-03-21_california_hawaii,California,32,"Krimili, Ioanna",True,25,3,9,0.333,1,6,0.167,2,2,1.0,1,2,3,2,3,2,1,0,9
2024-03-21_california_hawaii,California,15,"Martin, Kemery",True,29,3,7,0.429,2,5,0.4,0,0,,0,4,4,2,1,1,0,1,8
2024-03-21_california_hawaii,California,01,"McIntosh, Leilani",True,35,2,7,0.286,2,6,0.333,0,0,,1,2,3,4,6,3,0,2,6
2024-03-21_california_hawaii,California,00,"Onyiah, Ugonne",True,27,2,7,0.286,0,0,,2,6,0.333,4,8,12,3,1,2,2,1,6
2024-03-21_california_hawaii,California,10,"Laditan-Twidale, Lulu",False,26,6,7,0.857,4,5,0.8,4,5,0.8,1,1,2,2,0,0,0,0,20
2024-03-21_california_hawaii,California,12,"Lane, Ila",False,7,1,2,0.5,0,0,,2,2,1.0,1,2,3,1,0,0,0,0,4
2024-03-21_california_hawaii,California,22,"Langarita, Claudia",False,8,1,2,0.5,1,2,0.5,0,0,,0,0,0,0,0,0,0,0,3
2024-03-21_california_hawaii,California,21,"Mastrov, Mia",False,16,0,4,0.0,0,2,0.0,0,0,,0,1,1,1,0,1,0,1,0
2024-03-21_california_hawaii,California,TM,TEAM,False,0,0,0,,0,0,,0,0,,2,3,5,0,0,0,0,0,0
2024-03-21_pacific_cal_poly,Cal Poly,2,"Shah, Annika",True,32,3,12,0.25,2,7,0.286,2,2,1.0,0,1,1,2,2,2,0,0,10
2024-03-21_pacific_cal_poly,Cal Poly,15,"Bourland, Sydney",True,32,3,9,0.333,0,0,,0,0,,1,7,8,2,1,2,0,2,6
2024-03-21_pacific_cal_poly,Cal Poly,4,"Lichtie, Sierra",True,26,2,8,0.25,1,4,0.25,0,0,,1,3,4,4,1,3,0,1,5
2024-03-21_pacific_cal_poly,Cal Poly,33,"Olinger, Amanda",True,31,2,12,0.167,0,3,0.0,0,0,,4,2,6,4,0,1,0,0,4
2024-03-21_pacific_cal_poly,Cal Poly,5,"McNicholas, Ania",True,25,0,9,0.0,0,5,0.0,0,0,,0,3,3,4,0,2,0,2,0
2024-03-21_pacific_cal_poly,Cal Poly,24,"Carter, Mary",False,20,4,9,0.444,4,8,0.5,0,0,,1,6,7,2,0,2,2,1,12
2024-03-21_pacific_cal_poly,Cal Poly,10,"Richards, Sidney",False,26,0,5,0.0,0,2,0.0,3,4,0.75,0,1,1,5,3,1,0,4,3
2024-03-21_pacific_cal_poly,Cal Poly,25,"Hoffman, Jordan",False,7,0,0,,0,0,,3,4,0.75,0,0,0,0,0,3,0,0,3
2024-03-21_pacific_cal_poly,Cal Poly,12,"Billing, Jordan",False,1,0,1,0.0,0,0,,0,0,,0,0,0,0,0,0,0,0,0
2024-03-21_pacific_cal_poly,Cal Poly,TM,TEAM,False,0,0,0,,0,0,,0,0,,5,0,5,0,0,1,0,0,0
2024-03-21_pacific_cal_poly,Pacific,14,"Elliott, Elizabeth",True,22,5,10,0.5,0,0,,6,7,0.857,0,5,5,1,3,0,4,0,16
2024-03-21_pacific_cal_poly,Pacific,1,"Deaton, Kadie",True,23,3,5,0.6,2,3,0.667,3,3,1.0,0,9,9,2,1,7,0,0,11
2024-03-21_pacific_cal_poly,Pacific,11,"Holmberg, Cecilia",True,24,4,11,0.364,1,3,0.333,0,0,,0,3,3,2,1,2,1,1,9
2024-03-21_pacific_cal_poly,Pacific,24,"Smith, Liz",True,34,2,7,0.286,0,3,0.0,1,2,0.5,1,7,8,3,4,4,0,2,5
2024-03-21_pacific_cal_poly,Pacific,3,"James, Anaya",True,31,1,5,0.2,0,1,0.0,2,3,0.667,0,3,3,2,5,5,0,0,4
2024-03-21_pacific_cal_poly,Pacific,25,"Glazier, Lauren",False,11,3,5,0.6,0,0,,1,2,0.5,2,4,6,0,0,0,2,0,7
2024-03-21_pacific_cal_poly,Pacific,15,"Lowery, Nyah",False,24,2,5,0.4,1,2,0.5,0,0,,1,2,3,2,0,1,1,1,5
2024-03-21_pacific_cal_poly,Pacific,33,"Ennis, Madelene",False,16,1,3,0.333,0,0,,1,2,0.5,4,1,5,2,1,4,1,1,3
2024-03-21_pacific_cal_poly,Pacific,23,"Durrill, Kenlee",False,6,1,1,1.0,1,1,1.0,0,0,,1,1,2,0,1,0,0,1,3
2024-03-21_pacific_cal_poly,Pacific,4,"Schweizer, Rosie",False,6,0,3,0.0,0,0,,0,0,,0,1,1,1,0,0,0,0,0
2024-03-21_pacific_cal_poly,Pacific,10,"Ward, Sydney",False,3,0,0,,0,0,,0,0,,0,0,0,0,0,1,0,0,0
2024-03-21_pacific_cal_poly,Pacific,TM,TEAM,False,0,0,0,,0,0,,0,0,,4,3,7,0,0,0,0,0,0
2024-03-22_south_dakota_uc_riverside,UC Riverside,32,"Webster, Jordan",True,36,7,21,0.333,3,10,0.3,2,2,1.0,1,3,4,1,1,0,0,2,19
2024-03-22_south_dakota_uc_riverside,UC Riverside,1,"Bryant, Matehya",True,33,7,16,0.438,0,0,,3,6,0.5,3,5,8,3,3,0,1,2,17
2024-03-22_south_dakota_uc_riverside,UC Riverside,11,"Matarranz, Esther",True,20,3,7,0.429,0,0,,0,0,,3,1,4,4,2,1,1,0,6
2024-03-22_south_dakota_uc_riverside,UC Riverside,00,"Jackson, Makayla",True,25,1,10,0.1,0,4,0.0,2,2,1.0,0,3,3,1,1,2,0,2,4
2024-03-22_south_dakota_uc_riverside,UC Riverside,2,"Walters, Ryanne",True,29,0,3,0.0,0,2,0.0,0,0,,0,0,0,0,1,1,0,2,0
2024-03-22_south_dakota_uc_riverside,UC Riverside,4,"Marshall, Jordyn",False,23,4,7,0.571,1,1,1.0,0,0,,2,1,3,1,2,1,0,0,9
2024-03-22_south_dakota_uc_riverside,UC Riverside,3,"Tillery, Zoe",False,11,1,1,1.0,0,0,,0,0,,0,2,2,0,1,0,0,1,2
2024-03-22_south_dakota_uc_riverside,UC Riverside,13,"Chocano, Maya",False,14,0,2,0.0,0,2,0.0,0,0,,0,0,0,2,1,1,0,0,0
2024-03-22_south_dakota_uc_riverside,UC Riverside,10,"Stenberg, Julia",False,9,0,2,0.0,0,2,0.0,0,0,,0,0,0,1,0,1,0,0,0
2024-03-22_south_dakota_uc_riverside,UC Riverside,TM,TEAM,False,0,0,0,,0,0,,0,0,,2,2,4,0,0,1,0,0,0
2024-03-22_south_dakota_uc_riverside,South Dakota,20,"Duffney, Carley",True,25,5,7,0.714,1,2,0.5,4,4,1.0,1,2,3,4,4,2,0,0,15
2024-03-22_south_dakota_uc_riverside,South Dakota,23,"Mazurek, Natalie",True,24,4,9,0.444,2,4,0.5,0,0,,5,3,8,2,2,4,0,0,10
2024-03-22_south_dakota_uc_riverside,South Dakota,21,"Larkins, Grace",True,37,3,8,0.375,0,3,0.0,2,2,1.0,1,10,11,2,7,5,0,2,8
2024-03-22_south_dakota_uc_riverside,South Dakota,2,"Avila-ambrosi, Nicole",True,32,2,9,0.222,1,5,0.2,0,0,,1,3,4,1,1,2,2,0,5
2024-03-22_south_dakota_uc_riverside,South Dakota,41,"Hempe, Alexi",True,27,2,10,0.2,1,7,0.143,0,0,,1,5,6,0,1,1,1,0,5
2024-03-22_south_dakota_uc_riverside,South Dakota,10,"Hansen, Morgan",False,10,4,4,1.0,4,4,1.0,0,0,,0,0,0,1,1,3,0,0,12
2024-03-22_south_dakota_uc_riverside,South Dakota,12,"Deperry, Tori",False,17,3,6,0.5,0,0,,4,5,0.8,3,4,7,1,3,2,1,0,10
2024-03-22_south_dakota_uc_riverside,South Dakota,00,"Kieffer, Olivia",False,22,2,5,0.4,1,2,0.5,2,2,1.0,3,5,8,0,3,2,0,0,7
2024-03-22_south_dakota_uc_riverside,South Dakota,3,"Mason, Coral",False,4,0,1,0.0,0,0,,0,0,,0,1,1,0,0,0,1,0,0
2024-03-22_south_dakota_uc_riverside,South Dakota,33,"Haydon, Sophie",False,1,0,0,,0,0,,0,0,,0,0,0,1,0,0,0,0,0
2024-03-22_south_dakota_uc_riverside,South Dakota,34,"Broughton, Avery",False,1,0,0,,0,0,,0,0,,0,1,1,0,0,1,0,0,0
2024-03-22_south_dakota_uc_riverside,South Dakota,TM,TEAM,False,0,0,0,,0,0,,0,0,,2,1,3,0,0,0,0,0,0
2024-03-23_gonzaga_uc_irvine,UC Irvine,1,"Johnson Sidi Baba, Moulayna",True,31,3,13,0.231,0,0,,9,11,0.818,5,7,12,1,2,2,0,2,15
2024-03-23_gonzaga_uc_irvine,UC Irvine,13,"Lee, Déja",True,33,5,14,0.357,2,8,0.25,1,1,1.0,0,1,1,3,0,3,0,3,13
2024-03-23_gonzaga_uc_irvine,UC Irvine,23,"Konate, Diaba",True,27,2,9,0.222,1,3,0.333,0,0,,0,1,1,1,2,3,0,1,5
2024-03-23_gonzaga_uc_irvine,UC Irvine,3,"Tom, Nikki",True,35,1,5,0.2,1,4,0.25,0,0,,1,2,3,3,1,1,0,1,3
2024-03-23_gonzaga_uc_irvine,UC Irvine,24,"Dean, Nevaeh",True,19,0,3,0.0,0,2,0.0,2,2,1.0,1,2,3,3,1,2,0,0,2
2024-03-23_gonzaga_uc_irvine,UC Irvine,32,"Parkinson, Nevaeh",False,26,8,10,0.8,0,0,,2,2,1.0,7,3,10,3,0,1,0,1,18
2024-03-23_gonzaga_uc_irvine,UC Irvine,12,"Nahum, Shirel",False,20,0,3,0.0,0,2,0.0,0,0,,0,0,0,3,0,1,0,0,0
2024-03-23_gonzaga_uc_irvine,UC Irvine,11,"Scharpf, Amelia",False,6,0,2,0.0,0,2,0.0,0,0,,0,0,0,0,1,1,0,0,0
2024-03-23_gonzaga_uc_irvine,UC Irvine,22,"Djoko, Clara",False,3,0,0,,0,0,,0,0,,0,0,0,0,0,0,0,0,0
2024-03-23_gonzaga_uc_irvine,UC Irvine,TM,TEAM,False,0,0,0,,0,0,,0,0,,2,2,4,0,0,2,0,0,0
2024-03-23_gonzaga_uc_irvine,Gonzaga,15,"Ejim, Yvonne",True,32,12,23,0.522,0,1,0.0,1,1,1.0,4,10,14,4,4,3,1,0,25
2024-03-23_gonzaga_uc_irvine,Gonzaga,11,"Truong, Kayleigh",True,22,5,8,0.625,2,4,0.5,4,4,1.0,1,2,3,3,5,2,0,3,16
2024-03-23_gonzaga_uc_irvine,Gonzaga,22,"Maxwell, Brynna",True,28,4,12,0.333,2,7,0.286,1,2,0.5,1,1,2,1,0,1,0,4,11
2024-03-23_gonzaga_uc_irvine,Gonzaga,12,"Hollingsworth, Eliza",True,30,4,5,0.8,1,2,0.5,0,0,,2,2,4,4,1,3,1,2,9
2024-03-23_gonzaga_uc_irvine,Gonzaga,14,"Truong, Kaylynne",True,33,3,11,0.273,2,9,0.222,0,0,,1,4,5,2,5,2,0,2,8
2024-03-23_gonzaga_uc_irvine,Gonzaga,5,"Huijbens, Maud",False,18,2,3,0.667,0,0,,0,0,,1,1,2,2,1,1,1,1,4
2024-03-23_gonzaga_uc_irvine,Gonzaga,4,"O'connor, Claire",False,11,1,1,1.0,0,0,,0,0,,2,1,3,0,0,1,0,0,2
2024-03-23_gonzaga_uc_irvine,Gonzaga,00,"Little, Esther",False,26,0,0,,0,0,,0,0,,0,2,2,3,1,0,0,0,0
2024-03-23_gonzaga_uc_irvine,Gonzaga,TM,TEAM,False,0,0,0,,0,0,,0,0,,1,2,3,0,0,0,0,0,0
