game_id,team,jersey,player,started,min,fg_m,fg_a,fg_pct,3p_m,3p_a,3p_pct,ft_m,ft_a,ft_pct,oreb,dreb,reb,pf,ast,to,blk,stl,pts
2025-10-21_hawaii_chaminade,Chaminade,01,"Parado, Julien",True,22,4,4,1.0,0,0,,0,0,,1,1,2,0,1,1,1,1,8
2025-10-21_hawaii_chaminade,Chaminade,03,"Schuetze, Alyssa",True,25,3,11,0.273,0,3,0.0,1,2,0.5,0,0,0,2,0,3,0,1,7
2025-10-21_hawaii_chaminade,Chaminade,13,"Dolny, Holly",True,29,2,11,0.182,2,9,0.222,0,0,,1,3,4,3,1,4,1,1,6
2025-10-21_hawaii_chaminade,Chaminade,02,"Carter, Dezaray",True,21,1,5,0.2,0,2,0.0,1,1,1.0,1,5,6,2,0,0,0,1,3
2025-10-21_hawaii_chaminade,Chaminade,30,"Sirianni, Addison",True,15,0,1,0.0,0,1,0.0,0,0,,0,0,0,2,0,3,0,0,0
2025-10-21_hawaii_chaminade,Chaminade,22,"Squier, Kylie",False,23,2,5,0.4,2,4,0.5,0,0,,0,3,3,0,0,5,0,1,6
2025-10-21_hawaii_chaminade,Chaminade,24,"Buttery, Selena",False,17,1,4,0.25,0,3,0.0,0,0,,0,3,3,0,0,1,0,1,2
2025-10-21_hawaii_chaminade,Chaminade,14,"Holen, Ashley",False,16,0,7,0.0,0,2,0.0,1,2,0.5,0,0,0,2,1,2,0,0,1
2025-10-21_hawaii_chaminade,Chaminade,51,"Weaver, Maddy",False,17,0,1,0.0,0,0,,0,0,,0,1,1,2,0,4,0,0,0
2025-10-21_hawaii_chaminade,Chaminade,00,"Hein, Libby",False,15,0,2,0.0,0,1,0.0,0,0,,2,1,3,1,1,5,0,0,0
2025-10-21_hawaii_chaminade,Chaminade,TM,TEAM,False,0,0,0,,0,0,,0,0,,1,3,4,0,0,4,0,0,0
2025-10-21_hawaii_chaminade,Hawaii,08,"Moors, Rebecca",True,17,5,8,0.625,2,5,0.4,2,2,1.0,3,1,4,2,0,2,1,0,14
2025-10-21_hawaii_chaminade,Hawaii,33,"Neverson, Saniyah",True,16,6,9,0.667,0,2,0.0,2,2,1.0,2,3,5,0,2,2,1,1,14
2025-10-21_hawaii_chaminade,Hawaii,03,"Flavell, Bailey",True,20,5,7,0.714,1,2,0.5,0,0,,1,4,5,0,1,4,0,1,11
2025-10-21_hawaii_chaminade,Hawaii,12,"Perez, Imani",True,21,3,4,0.75,0,0,,2,4,0.5,0,7,7,1,3,1,1,2,8
2025-10-21_hawaii_chaminade,Hawaii,02,"Bond, Teyahna",True,20,1,6,0.167,1,3,0.333,0,0,,0,4,4,0,6,0,0,1,3
2025-10-21_hawaii_chaminade,Hawaii,01,"Filemu, Kira-May",False,17,6,12,0.5,4,10,0.4,0,0,,0,1,1,2,1,1,1,2,16
2025-10-21_hawaii_chaminade,Hawaii,10,"Kujovic, Danijela",False,19,4,6,0.667,2,3,0.667,0,0,,1,0,1,0,1,1,0,0,10
2025-10-21_hawaii_chaminade,Hawaii,06,"Webb, Kyra",False,20,3,9,0.333,0,1,0.0,0,0,,3,2,5,2,3,4,0,4,6
2025-10-21_hawaii_chaminade,Hawaii,07,"Collins, Ella",False,11,1,5,0.2,1,3,0.333,2,2,1.0,1,1,2,2,0,1,0,2,5
2025-10-21_hawaii_chaminade,Hawaii,11,"Curtis, Keiara",False,20,1,3,0.333,0,2,0.0,0,0,,0,4,4,1,5,0,1,1,2
2025-10-21_hawaii_chaminade,Hawaii,17,"Serra, Fiamma",False,19,0,3,0.0,0,0,,1,2,0.5,3,4,7,0,1,1,0,1,1
2025-10-21_hawaii_chaminade,Hawaii,TM,TEAM,False,0,0,0,,0,0,,0,0,,3,2,5,0,0,0,0,0,0
2025-10-28_hawaii_hawaii_pacific,Hawaii Pacific,22,"Hopton, Kyla",True,25,4,10,0.4,3,7,0.429,0,0,,0,1,1,1,0,7,1,0,11
2025-10-28_hawaii_hawaii_pacific,Hawaii Pacific,01,"Frye, Mia",True,29,3,8,0.375,1,2,0.5,1,2,0.5,0,2,2,4,1,1,0,3,8
2025-10-28_hawaii_hawaii_pacific,Hawaii Pacific,23,"Hadsell, Abbey",True,24,2,6,0.333,1,2,0.5,0,0,,4,3,7,1,0,3,0,0,5
2025-10-28_hawaii_hawaii_pacific,Hawaii Pacific,20,"Roberts, Alana",True,28,0,6,0.0,0,0,,0,2,0.0,0,2,2,1,0,0,0,1,0
2025-10-28_hawaii_hawaii_pacific,Hawaii Pacific,21,"Ng, KalysaMarie",True,20,0,1,0.0,0,1,0.0,0,0,,1,1,2,3,2,3,0,4,0
2025-10-28_hawaii_hawaii_pacific,Hawaii Pacific,11,"Ricci, Lucia",False,19,1,6,0.167,1,4,0.25,1,2,0.5,1,3,4,3,0,6,0,4,4
2025-10-28_hawaii_hawaii_pacific,Hawaii Pacific,03,"Samuel, Jalen",False,14,1,5,0.2,1,4,0.25,0,0,,0,1,1,1,0,1,0,0,3
2025-10-28_hawaii_hawaii_pacific,Hawaii Pacific,15,"Holland, Tiana",False,2,1,1,1.0,1,1,1.0,0,0,,0,0,0,0,0,0,0,0,3
2025-10-28_hawaii_hawaii_pacific,Hawaii Pacific,04,"Hatchett, Mya",False,14,0,1,0.0,0,1,0.0,0,0,,0,2,2,2,1,6,0,0,0
2025-10-28_hawaii_hawaii_pacific,Hawaii Pacific,12,"Santos, Serenity",False,9,0,3,0.0,0,3,0.0,0,0,,0,0,0,1,1,0,0,0,0
2025-10-28_hawaii_hawaii_pacific,Hawaii Pacific,10,"Torres, Anisa",False,7,0,0,,0,0,,0,0,,2,2,4,0,1,0,0,0,0
2025-10-28_hawaii_hawaii_pacific,Hawaii Pacific,02,"Forgue, Raina",False,5,0,0,,0,0,,0,0,,0,0,0,1,0,1,0,0,0
2025-10-28_hawaii_hawaii_pacific,Hawaii Pacific,05,"Angel, Dani",False,2,0,0,,0,0,,0,0,,0,0,0,1,0,2,0,0,0
2025-10-28_hawaii_hawaii_pacific,Hawaii Pacific,14,"Hyatt, Victoria",False,2,0,1,0.0,0,0,,0,0,,0,0,0,0,0,0,0,0,0
2025-10-28_hawaii_hawaii_pacific,Hawaii Pacific,TM,TEAM,False,0,0,0,,0,0,,0,0,,3,1,4,0,0,2,0,0,0
2025-10-28_hawaii_hawaii_pacific,Hawaii,12,"Perez, Imani",True,27,6,9,0.667,2,4,0.5,0,0,,2,5,7,2,1,4,0,2,14
2025-10-28_hawaii_hawaii_pacific,Hawaii,33,"Neverson, Saniyah",True,22,6,7,0.857,1,1,1.0,0,0,,2,4,6,0,3,1,3,0,13
2025-10-28_hawaii_hawaii_pacific,Hawaii,03,"Flavell, Bailey",True,25,5,8,0.625,0,1,0.0,2,5,0.4,0,6,6,0,3,4,1,3,12
2025-10-28_hawaii_hawaii_pacific,Hawaii,02,"Bond, Teyahna",True,26,3,3,1.0,0,0,,0,0,,0,0,0,1,4,4,0,1,6
2025-10-28_hawaii_hawaii_pacific,Hawaii,08,"Moors, Rebecca",True,15,2,2,1.0,1,1,1.0,0,0,,0,1,1,0,0,2,0,0,5
2025-10-28_hawaii_hawaii_pacific,Hawaii,01,"Filemu, Kira-May",False,22,3,6,0.5,1,4,0.25,2,3,0.667,0,4,4,2,2,0,0,5,9
2025-10-28_hawaii_hawaii_pacific,Hawaii,06,"Webb, Kyra",False,13,3,5,0.6,0,2,0.0,0,0,,0,2,2,2,2,1,0,3,6
2025-10-28_hawaii_hawaii_pacific,Hawaii,10,"Kujovic, Danijela",False,18,2,5,0.4,0,1,0.0,1,2,0.5,0,1,1,0,1,1,2,0,5
2025-10-28_hawaii_hawaii_pacific,Hawaii,17,"Serra, Fiamma",False,13,1,3,0.333,0,0,,0,0,,0,0,0,3,1,2,0,0,2
2025-10-28_hawaii_hawaii_pacific,Hawaii,11,"Curtis, Keiara",False,9,1,3,0.333,0,0,,0,0,,1,0,1,0,1,1,0,2,2
2025-10-28_hawaii_hawaii_pacific,Hawaii,07,"Collins, Ella",False,10,0,3,0.0,0,2,0.0,0,0,,0,1,1,2,0,2,0,1,0
2025-10-28_hawaii_hawaii_pacific,Hawaii,TM,TEAM,False,0,0,0,,0,0,,0,0,,3,2,5,0,0,1,0,0,0
2025-10-30_cal_poly_simpson_ca,Simpson (CA),5,"Kang, Nisha",True,24,3,8,0.375,0,0,,11,16,0.688,0,0,0,4,0,3,0,2,17
2025-10-30_cal_poly_simpson_ca,Simpson (CA),3,"Marshall, Anna",True,25,3,11,0.273,0,3,0.0,4,5,0.8,1,2,3,1,1,5,0,2,10
2025-10-30_cal_poly_simpson_ca,Simpson (CA),10,"King, Nisha",True,31,0,7,0.0,0,1,0.0,2,2,1.0,0,6,6,1,0,4,0,1,2
2025-10-30_cal_poly_simpson_ca,Simpson (CA),21,"Lemus, Lupe",True,16,0,0,,0,0,,0,0,,0,1,1,4,1,2,1,0,0
2025-10-30_cal_poly_simpson_ca,Simpson (CA),23,"Nguyen, Cerina",True,10,0,0,,0,0,,0,0,,0,1,1,0,0,2,0,0,0
2025-10-30_cal_poly_simpson_ca,Simpson (CA),24,"Thompson, Nikki",False,31,2,5,0.4,2,4,0.5,1,4,0.25,1,3,4,3,0,3,0,0,7
2025-10-30_cal_poly_simpson_ca,Simpson (CA),4,"Garcia, Haily",False,29,0,4,0.0,0,2,0.0,3,4,0.75,0,2,2,0,0,2,0,0,3
2025-10-30_cal_poly_simpson_ca,Simpson (CA),12,"Brown, Natalie",False,23,1,4,0.25,0,0,,1,4,0.25,0,2,2,3,0,1,0,0,3
2025-10-30_cal_poly_simpson_ca,Simpson (CA),1,"Cushman, Katie",False,11,0,1,0.0,0,0,,0,0,,0,0,0,2,0,2,0,0,0
2025-10-30_cal_poly_simpson_ca,Simpson (CA),TM,TEAM,False,0,0,0,,0,0,,0,0,,2,4,6,0,0,1,0,0,0
2025-10-30_cal_poly_simpson_ca,Cal Poly,00,"McManus, Vanessa",True,26,4,7,0.571,2,5,0.4,5,5,1.0,1,3,4,4,1,2,1,2,15
2025-10-30_cal_poly_simpson_ca,Cal Poly,32,"Thompson, Charish",True,20,5,9,0.556,0,1,0.0,0,2,0.0,4,4,8,3,0,0,0,0,10
2025-10-30_cal_poly_simpson_ca,Cal Poly,23,"Moleón Hidalgo, Ana",True,21,4,6,0.667,1,2,0.5,0,0,,1,3,4,3,2,0,1,1,9
2025-10-30_cal_poly_simpson_ca,Cal Poly,22,"Goosby, Alana",True,22,3,3,1.0,1,1,1.0,0,1,0.0,2,3,5,0,4,1,0,2,7
2025-10-30_cal_poly_simpson_ca,Cal Poly,24,"Butcher, Madison",True,20,2,4,0.5,1,2,0.5,2,2,1.0,1,7,8,2,5,4,1,1,7
2025-10-30_cal_poly_simpson_ca,Cal Poly,14,"Bears, Gillian",False,18,9,11,0.818,0,1,0.0,7,7,1.0,1,1,2,2,2,0,0,2,25
2025-10-30_cal_poly_simpson_ca,Cal Poly,7,"Billing, Jordan",False,21,5,12,0.417,5,9,0.556,0,0,,0,4,4,0,4,1,0,4,15
2025-10-30_cal_poly_simpson_ca,Cal Poly,8,"Peiffer, Katie",False,9,3,7,0.429,3,5,0.6,0,0,,1,1,2,4,2,0,0,0,9
2025-10-30_cal_poly_simpson_ca,Cal Poly,9,"Perez, Nora",False,15,3,5,0.6,0,1,0.0,1,3,0.333,3,2,5,3,1,0,1,2,7
2025-10-30_cal_poly_simpson_ca,Cal Poly,3,"Skrzyniarz, Ella",False,11,1,4,0.25,1,4,0.25,0,0,,1,2,3,1,4,1,0,0,3
2025-10-30_cal_poly_simpson_ca,Cal Poly,55,"Franklin, Vivian",False,17,0,6,0.0,0,5,0.0,0,0,,0,2,2,2,2,2,0,0,0
2025-10-30_cal_poly_simpson_ca,Cal Poly,TM,TEAM,False,0,0,0,,0,0,,0,0,,3,2,5,0,0,0,0,0,0
2025-11-01_long_beach_st_point_loma,Point Loma,15,"Tippins, Eiley",True,30,9,12,0.75,0,0,,5,10,0.5,1,3,4,2,0,0,4,1,23
2025-11-01_long_beach_st_point_loma,Point Loma,12,"Vlahov, Ruby",True,33,8,15,0.533,1,3,0.333,1,2,0.5,3,1,4,3,2,1,0,1,18
2025-11-01_long_beach_st_point_loma,Point Loma,24,"Navarro, Izzy",True,31,5,11,0.455,2,5,0.4,3,6,0.5,0,4,4,4,6,6,2,4,15
2025-11-01_long_beach_st_point_loma,Point Loma,11,"Morrow, Maddie",True,26,2,8,0.25,2,7,0.286,0,0,,0,1,1,1,3,2,0,0,6
2025-11-01_long_beach_st_point_loma,Point Loma,10,"Golan, Hannah",True,35,2,6,0.333,0,0,,0,0,,2,12,14,1,5,2,0,4,4
2025-11-01_long_beach_st_point_loma,Point Loma,1,"Bartolotto, Cassidy",False,14,2,4,0.5,0,1,0.0,0,0,,0,3,3,1,0,0,0,1,4
2025-11-01_long_beach_st_point_loma,Point Loma,5,"Pascual, Jocelyn",False,17,1,3,0.333,0,1,0.0,0,0,,0,0,0,2,2,1,0,0,2
2025-11-01_long_beach_st_point_loma,Point Loma,13,"Mersch, Maddie",False,5,1,2,0.5,0,0,,0,0,,0,0,0,3,1,1,0,0,2
2025-11-01_long_beach_st_point_loma,Point Loma,22,"Sales, Emma",False,9,0,2,0.0,0,2,0.0,0,0,,0,0,0,0,1,0,0,0,0
2025-11-01_long_beach_st_point_loma,Point Loma,TM,TEAM,False,0,0,0,,0,0,,0,0,,0,2,2,0,0,0,0,0,0
2025-11-01_long_beach_st_point_loma,Long Beach St.,13,"Pepe, Khylee",True,27,7,18,0.389,0,1,0.0,2,2,1.0,2,7,9,4,1,1,0,1,16
2025-11-01_long_beach_st_point_loma,Long Beach St.,30,"Jones-brown, Jaquoia",True,28,5,10,0.5,0,0,,4,6,0.667,3,3,6,3,6,5,0,0,14
2025-11-01_long_beach_st_point_loma,Long Beach St.,42,"Oliva Fernandez, Judit",True,26,6,10,0.6,2,4,0.5,0,2,0.0,2,5,7,0,2,5,2,3,14
2025-11-01_long_beach_st_point_loma,Long Beach St.,32,"Pukis, Brynna",True,28,5,9,0.556,2,5,0.4,0,0,,0,2,2,4,0,1,0,1,12
2025-11-01_long_beach_st_point_loma,Long Beach St.,5,"Ka, Kennan",True,23,3,5,0.6,0,0,,0,0,,0,3,3,3,3,2,0,1,6
2025-11-01_long_beach_st_point_loma,Long Beach St.,3,"Samuel-afolabi, Tairat",False,16,2,4,0.5,1,3,0.333,1,4,0.25,0,1,1,0,1,1,0,1,6
2025-11-01_long_beach_st_point_loma,Long Beach St.,10,"Reynoso, Christy",False,15,1,5,0.2,0,3,0.0,1,1,1.0,0,0,0,0,1,1,0,1,3
2025-11-01_long_beach_st_point_loma,Long Beach St.,33,"Wright, Haley",False,18,0,2,0.0,0,0,,0,0,,0,3,3,5,0,2,2,0,0
2025-11-01_long_beach_st_point_loma,Long Beach St.,25,"Mack, Morgan",False,10,0,0,,0,0,,0,0,,0,1,1,2,0,0,0,2,0
2025-11-01_long_beach_st_point_loma,Long Beach St.,00,"Cummings, Lauren",False,5,0,0,,0,0,,0,0,,1,1,2,1,0,0,0,0,0
2025-11-01_long_beach_st_point_loma,Long Beach St.,2,"Akot, Rosie",False,4,0,0,,0,0,,0,0,,0,0,0,0,0,0,0,0,0
2025-11-01_long_beach_st_point_loma,Long Beach St.,TM,TEAM,False,0,0,0,,0,0,,0,0,,1,3,4,0,0,0,0,0,0
2025-11-03_uc_davis_jessup,Jessup,31,"Guiton, Amari",True,17,4,11,0.364,0,0,,2,3,0.667,0,3,3,3,0,0,0,1,10
2025-11-03_uc_davis_jessup,Jessup,02,"Dogan, Giselle",True,23,2,12,0.167,1,6,0.167,0,0,,0,2,2,0,0,1,0,3,5
2025-11-03_uc_davis_jessup,Jessup,05,"Aurelio, Andheya",True,21,1,11,0.091,0,4,0.0,2,2,1.0,1,3,4,0,2,0,0,2,4
2025-11-03_uc_davis_jessup,Jessup,12,"Hoff, Hailey",True,13,1,3,0.333,1,3,0.333,0,0,,1,0,1,1,0,1,0,0,3
2025-11-03_uc_davis_jessup,Jessup,24,"Fergerson, Raylyn",True,27,0,3,0.0,0,0,,1,2,0.5,2,0,2,1,0,1,0,1,1
2025-11-03_uc_davis_jessup,Jessup,15,"Wood, Porter",False,28,1,6,0.167,0,1,0.0,3,8,0.375,2,2,4,3,0,3,1,1,5
2025-11-03_uc_davis_jessup,Jessup,04,"Jimenez, Claudia",False,18,1,9,0.111,1,3,0.333,0,0,,0,4,4,1,0,1,0,0,3
2025-11-03_uc_davis_jessup,Jessup,14,"Boshell-Fernandes, Mirella",False,8,0,1,0.0,0,0,,3,4,0.75,1,4,5,0,0,0,0,0,3
2025-11-03_uc_davis_jessup,Jessup,23,"Gonzalez, Patricia",False,17,0,2,0.0,0,0,,1,2,0.5,1,2,3,0,1,0,0,0,1
2025-11-03_uc_davis_jessup,Jessup,11,"Nicolas, Olivia",False,21,0,2,0.0,0,1,0.0,0,0,,0,1,1,2,1,0,0,0,0
2025-11-03_uc_davis_jessup,Jessup,32,"Baumgartner, Ella",False,3,0,0,,0,0,,0,0,,0,0,0,0,0,1,0,0,0
2025-11-03_uc_davis_jessup,Jessup,10,"Cross, Aniah",False,2,0,0,,0,0,,0,0,,0,0,0,1,0,0,0,0,0
2025-11-03_uc_davis_jessup,Jessup,03,"Delgado, Eva",False,1,0,0,,0,0,,0,0,,0,0,0,0,0,0,0,0,0
2025-11-03_uc_davis_jessup,Jessup,13,"Shaver, Hannah",False,1,0,0,,0,0,,0,0,,0,0,0,0,0,0,0,0,0
2025-11-03_uc_davis_jessup,Jessup,TM,TEAM,False,0,0,0,,0,0,,0,0,,2,3,5,0,0,1,0,0,0
2025-11-03_uc_davis_jessup,UC Davis,02,"Bennett, Ryann",True,31,8,14,0.571,2,7,0.286,3,4,0.75,1,1,2,1,1,4,0,1,21
2025-11-03_uc_davis_jessup,UC Davis,25,"Norris, Megan",True,33,5,10,0.5,3,5,0.6,0,0,,3,14,17,3,2,0,6,2,13
2025-11-03_uc_davis_jessup,UC Davis,04,"Epps, Nya",True,26,5,12,0.417,0,3,0.0,0,0,,2,2,4,2,3,3,0,0,10
2025-11-03_uc_davis_jessup,UC Davis,10,"Young, Tegan",True,27,2,5,0.4,1,4,0.25,0,0,,1,6,7,2,4,0,2,0,5
2025-11-03_uc_davis_jessup,UC Davis,09,"Sussex, Avery",True,25,2,8,0.25,1,5,0.2,0,0,,1,2,3,0,4,3,0,0,5
2025-11-03_uc_davis_jessup,UC Davis,11,"Ersdala, Emmy",False,19,3,7,0.429,2,6,0.333,1,2,0.5,3,2,5,2,1,0,0,2,9
2025-11-03_uc_davis_jessup,UC Davis,01,"Davis, Carrington",False,10,2,4,0.5,0,0,,1,1,1.0,2,5,7,0,0,0,0,1,5
2025-11-03_uc_davis_jessup,UC Davis,15,"Lentfer, Sophie",False,17,0,6,0.0,0,4,0.0,2,2,1.0,0,5,5,2,1,1,0,1,2
2025-11-03_uc_davis_jessup,UC Davis,03,"Kanagasabay, Sahana",False,6,1,1,1.0,0,0,,0,0,,0,1,1,0,0,0,0,0,2
2025-11-03_uc_davis_jessup,UC Davis,21,"Tsami, Theoni",False,6,0,2,0.0,0,0,,0,0,,1,4,5,2,0,0,0,0,0
2025-11-03_uc_davis_jessup,UC Davis,TM,TEAM,False,0,0,0,,0,0,,0,0,,0,1,1,0,0,0,0,0,0
2025-11-03_pacific_uc_san_diego,UC San Diego,04,"Rose, Makayla",True,31,6,12,0.5,1,4,0.25,3,3,1.0,0,1,1,3,1,1,0,3,16
2025-11-03_pacific_uc_san_diego,UC San Diego,13,"Feiman, Lev",True,24,5,11,0.455,1,1,1.0,4,4,1.0,2,2,4,1,0,0,0,4,15
2025-11-03_pacific_uc_san_diego,UC San Diego,11,"Condron, Erin",True,35,5,10,0.5,0,3,0.0,1,3,0.333,2,6,8,2,1,1,1,1,11
2025-11-03_pacific_uc_san_diego,UC San Diego,10,"Maxie, Dymonique",True,40,2,11,0.182,0,3,0.0,6,8,0.75,1,0,1,3,4,4,0,6,10
2025-11-03_pacific_uc_san_diego,UC San Diego,15,"Ma, Sabrina",True,35,2,11,0.182,1,7,0.143,0,0,,0,2,2,2,3,1,0,1,5
2025-11-03_pacific_uc_san_diego,UC San Diego,02,"Fairwell, Michaela",False,15,1,4,0.25,0,2,0.0,2,3,0.667,0,2,2,3,1,1,1,1,4
2025-11-03_pacific_uc_san_diego,UC San Diego,25,"Mahan, Junaé",False,13,1,4,0.25,1,2,0.5,0,0,,0,0,0,2,0,1,0,0,3
2025-11-03_pacific_uc_san_diego,UC San Diego,21,"Polocheck, Nicki",False,2,1,2,0.5,0,1,0.0,0,0,,1,0,1,0,0,0,0,0,2
2025-11-03_pacific_uc_san_diego,UC San Diego,24,"Price, Niya",False,3,0,2,0.0,0,2,0.0,0,0,,0,0,0,0,0,0,0,0,0
2025-11-03_pacific_uc_san_diego,UC San Diego,22,"Gallegos, Gracie",False,2,0,0,,0,0,,0,0,,0,1,1,0,0,0,0,0,0
2025-11-03_pacific_uc_san_diego,UC San Diego,TM,TEAM,False,0,0,0,,0,0,,0,0,,6,3,9,0,0,0,0,0,0
2025-11-03_pacific_uc_san_diego,Pacific,21,"Nestorov, Daria",True,27,5,7,0.714,4,6,0.667,1,2,0.5,0,6,6,1,3,4,0,0,15
2025-11-03_pacific_uc_san_diego,Pacific,10,"Ward, Sydney",True,27,4,9,0.444,2,5,0.4,3,4,0.75,2,4,6,3,3,3,2,0,13
2025-11-03_pacific_uc_san_diego,Pacific,09,"Radocaj, Marina",True,32,3,3,1.0,0,0,,0,0,,1,9,10,4,2,6,1,1,6
2025-11-03_pacific_uc_san_diego,Pacific,25,"Bartholomew, Winner",True,26,3,8,0.375,0,0,,0,2,0.0,2,7,9,4,1,1,0,2,6
2025-11-03_pacific_uc_san_diego,Pacific,05,"Szabo, Stella",True,21,2,5,0.4,2,4,0.5,0,0,,0,3,3,2,1,1,0,0,6
2025-11-03_pacific_uc_san_diego,Pacific,07,"Yergensen, Liv",False,19,4,7,0.571,0,2,0.0,0,0,,1,1,2,2,0,2,1,0,8
2025-11-03_pacific_uc_san_diego,Pacific,15,"Lowery, Nyah",False,16,3,3,1.0,2,2,1.0,0,0,,0,0,0,4,1,2,1,0,8
2025-11-03_pacific_uc_san_diego,Pacific,08,"Mindermann, Sophia",False,19,1,10,0.1,1,7,0.143,1,3,0.333,0,1,1,1,4,1,0,0,4
2025-11-03_pacific_uc_san_diego,Pacific,11,"Anderegg, Luisa",False,9,1,2,0.5,1,2,0.5,0,0,,0,1,1,0,0,2,0,0,3
2025-11-03_pacific_uc_san_diego,Pacific,32,"Fautua, Tyla",False,3,0,0,,0,0,,0,0,,0,2,2,0,0,0,0,0,0
2025-11-03_pacific_uc_san_diego,Pacific,03,"Burg, Hannah",False,1,0,0,,0,0,,0,0,,0,0,0,0,0,0,0,0,0
2025-11-03_pacific_uc_san_diego,Pacific,TM,TEAM,False,0,0,0,,0,0,,0,0,,5,1,6,0,0,3,0,0,0
2025-11-03_uc_santa_barbara_cal_st_monterey_bay,Cal St. Monterey Bay,11,"Sarabia, Leah",True,30,4,8,0.5,2,4,0.5,2,2,1.0,3,5,8,1,1,6,1,1,12
2025-11-03_uc_santa_barbara_cal_st_monterey_bay,Cal St. Monterey Bay,12,"Moreno Ortiz, Jennifer",True,27,3,9,0.333,0,3,0.0,0,2,0.0,1,1,2,2,0,5,0,1,6
2025-11-03_uc_santa_barbara_cal_st_monterey_bay,Cal St. Monterey Bay,20,"McNeal, Jayden",True,19,1,3,0.333,0,0,,2,4,0.5,1,1,2,0,2,1,0,0,4
2025-11-03_uc_santa_barbara_cal_st_monterey_bay,Cal St. Monterey Bay,13,"Whitfield, Cheyanne",True,16,0,7,0.0,0,1,0.0,3,4,0.75,3,2,5,2,0,3,0,2,3
2025-11-03_uc_santa_barbara_cal_st_monterey_bay,Cal St. Monterey Bay,05,"Slocum, A'ajah",True,18,1,5,0.2,0,1,0.0,0,0,,1,3,4,3,2,3,0,1,2
2025-11-03_uc_santa_barbara_cal_st_monterey_bay,Cal St. Monterey Bay,01,"Young, Aliyah",False,20,2,3,0.667,2,3,0.667,0,0,,2,0,2,2,0,0,0,1,6
2025-11-03_uc_santa_barbara_cal_st_monterey_bay,Cal St. Monterey Bay,02,"Walls, Riley",False,23,2,2,1.0,0,0,,0,0,,1,5,6,2,1,3,0,2,4
2025-11-03_uc_santa_barbara_cal_st_monterey_bay,Cal St. Monterey Bay,22,"Lucero, Malaysia",False,20,2,5,0.4,0,0,,0,0,,2,1,3,2,0,0,2,1,4
2025-11-03_uc_santa_barbara_cal_st_monterey_bay,Cal St. Monterey Bay,03,"Thompson Lopez, Demi",False,9,0,1,0.0,0,0,,2,2,1.0,0,0,0,0,0,1,0,0,2
2025-11-03_uc_santa_barbara_cal_st_monterey_bay,Cal St. Monterey Bay,23,"Johnson, Jolie",False,7,0,1,0.0,0,0,,1,4,0.25,0,1,1,0,0,1,0,0,1
2025-11-03_uc_santa_barbara_cal_st_monterey_bay,Cal St. Monterey Bay,00,"Bouton, Brianna",False,5,0,4,0.0,0,3,0.0,0,0,,0,0,0,0,0,0,0,1,0
2025-11-03_uc_santa_barbara_cal_st_monterey_bay,Cal St. Monterey Bay,10,"Pahukoa, Ledjan",False,3,0,2,0.0,0,2,0.0,0,0,,0,0,0,0,0,0,0,0,0
2025-11-03_uc_santa_barbara_cal_st_monterey_bay,Cal St. Monterey Bay,15,"Capers, Sasha",False,3,0,0,,0,0,,0,0,,0,0,0,0,0,1,0,0,0
2025-11-03_uc_santa_barbara_cal_st_monterey_bay,Cal St. Monterey Bay,TM,TEAM,False,0,0,0,,0,0,,0,0,,1,2,3,0,0,2,0,0,0
2025-11-03_uc_santa_barbara_cal_st_monterey_bay,UC Santa Barbara,05,"Bradley, Olivia",True,21,7,9,0.778,1,2,0.5,4,5,0.8,2,2,4,0,0,1,1,4,19
2025-11-03_uc_santa_barbara_cal_st_monterey_bay,UC Santa Barbara,02,"Borter, Zoe",True,24,7,15,0.467,2,6,0.333,0,1,0.0,1,5,6,0,2,0,0,1,16
2025-11-03_uc_santa_barbara_cal_st_monterey_bay,UC Santa Barbara,23,"Shaw, Zoe",True,25,3,4,0.75,1,2,0.5,0,0,,1,2,3,1,5,1,0,2,7
2025-11-03_uc_santa_barbara_cal_st_monterey_bay,UC Santa Barbara,55,"Burke, Skylar",True,20,3,7,0.429,0,2,0.0,1,2,0.5,1,2,3,2,1,2,2,1,7
2025-11-03_uc_santa_barbara_cal_st_monterey_bay,UC Santa Barbara,12,"Naro, Maddie",True,24,1,3,0.333,0,0,,0,1,0.0,1,1,2,1,6,3,0,3,2
2025-11-03_uc_santa_barbara_cal_st_monterey_bay,UC Santa Barbara,32,"Grant, Jessica",False,22,5,7,0.714,5,7,0.714,0,0,,1,0,1,3,2,0,0,0,15
2025-11-03_uc_santa_barbara_cal_st_monterey_bay,UC Santa Barbara,15,"Andersen, Chauncey",False,20,1,7,0.143,0,1,0.0,3,6,0.5,2,4,6,4,0,2,2,0,5
2025-11-03_uc_santa_barbara_cal_st_monterey_bay,UC Santa Barbara,04,"Puente-Valverde, Júlia",False,15,2,3,0.667,1,1,1.0,0,0,,1,3,4,4,1,3,0,0,5
2025-11-03_uc_santa_barbara_cal_st_monterey_bay,UC Santa Barbara,08,"Rawlins, Ava",False,18,2,5,0.4,0,2,0.0,0,0,,0,1,1,0,1,2,2,1,4
2025-11-03_uc_santa_barbara_cal_st_monterey_bay,UC Santa Barbara,44,"Radnjic, Bojana",False,5,0,0,,0,0,,0,0,,0,0,0,0,1,1,0,0,0
2025-11-03_uc_santa_barbara_cal_st_monterey_bay,UC Santa Barbara,21,"Penna, Valentina",False,2,0,0,,0,0,,0,0,,0,0,0,1,0,1,0,0,0
2025-11-03_uc_santa_barbara_cal_st_monterey_bay,UC Santa Barbara,22,"Shum-Koubek, Helena",False,2,0,1,0.0,0,0,,0,0,,1,1,2,0,0,1,0,0,0
2025-11-03_uc_santa_barbara_cal_st_monterey_bay,UC Santa Barbara,35,"Mastora, Malani",False,2,0,0,,0,0,,0,0,,0,0,0,0,0,0,0,0,0
2025-11-03_uc_santa_barbara_cal_st_monterey_bay,UC Santa Barbara,TM,TEAM,False,0,0,0,,0,0,,0,0,,3,2,5,0,0,1,0,0,0
2025-11-03_cal_poly_uc_santa_cruz,UC Santa Cruz,25,"Gorton, Jenna",True,24,3,7,0.429,2,3,0.667,2,4,0.5,0,4,4,1,0,2,4,0,10
2025-11-03_cal_poly_uc_santa_cruz,UC Santa Cruz,44,"Litchev, Alexa",True,23,3,5,0.6,0,1,0.0,4,5,0.8,1,7,8,3,0,5,1,1,10
2025-11-03_cal_poly_uc_santa_cruz,UC Santa Cruz,8,"Tate, Bria",True,34,1,9,0.111,0,1,0.0,0,0,,1,3,4,1,0,4,0,1,2
2025-11-03_cal_poly_uc_santa_cruz,UC Santa Cruz,11,"Papador, Lia",True,31,0,4,0.0,0,3,0.0,1,2,0.5,0,1,1,3,1,5,0,1,1
2025-11-03_cal_poly_uc_santa_cruz,UC Santa Cruz,2,"Jackson, Alyssa",True,30,0,8,0.0,0,4,0.0,0,0,,0,0,0,2,2,6,0,1,0
2025-11-03_cal_poly_uc_santa_cruz,UC Santa Cruz,10,"Reuter, Sarah",False,16,1,1,1.0,0,0,,0,0,,2,0,2,2,0,4,0,0,2
2025-11-03_cal_poly_uc_santa_cruz,UC Santa Cruz,5,"Busch, Katie",False,21,0,5,0.0,0,3,0.0,1,2,0.5,1,4,5,1,1,3,0,0,1
2025-11-03_cal_poly_uc_santa_cruz,UC Santa Cruz,20,"Tyner, Danielle",False,21,0,1,0.0,0,0,,1,2,0.5,0,3,3,1,1,4,0,0,1
2025-11-03_cal_poly_uc_santa_cruz,UC Santa Cruz,TM,TEAM,False,0,0,0,,0,0,,0,0,,3,1,4,0,0,5,0,0,0
2025-11-03_cal_poly_uc_santa_cruz,Cal Poly,00,"McManus, Vanessa",True,29,10,15,0.667,1,4,0.25,3,3,1.0,1,7,8,1,3,1,1,0,24
2025-11-03_cal_poly_uc_santa_cruz,Cal Poly,32,"Thompson, Charish",True,24,3,11,0.273,0,1,0.0,4,4,1.0,4,2,6,2,2,3,0,2,10
2025-11-03_cal_poly_uc_santa_cruz,Cal Poly,22,"Goosby, Alana",True,29,3,8,0.375,0,1,0.0,0,0,,0,5,5,2,3,3,0,5,6
2025-11-03_cal_poly_uc_santa_cruz,Cal Poly,7,"Billing, Jordan",True,29,3,8,0.375,0,4,0.0,0,2,0.0,1,2,3,1,3,4,0,5,6
2025-11-03_cal_poly_uc_santa_cruz,Cal Poly,24,"Butcher, Madison",True,15,2,2,1.0,0,0,,0,0,,2,1,3,4,0,1,0,1,4
2025-11-03_cal_poly_uc_santa_cruz,Cal Poly,9,"Perez, Nora",False,24,7,10,0.7,0,0,,0,0,,3,5,8,2,4,1,1,3,14
2025-11-03_cal_poly_uc_santa_cruz,Cal Poly,14,"Bears, Gillian",False,23,5,11,0.455,0,0,,2,4,0.5,5,0,5,1,0,0,0,2,12
2025-11-03_cal_poly_uc_santa_cruz,Cal Poly,23,"Moleón Hidalgo, Ana",False,27,5,12,0.417,1,1,1.0,0,2,0.0,1,2,3,3,1,1,1,2,11
2025-11-03_cal_poly_uc_santa_cruz,Cal Poly,TM,TEAM,False,0,0,0,,0,0,,0,0,,2,4,6,0,0,0,0,0,0
2025-11-03_csu_bakersfield_utah_valley,Utah Valley,25,"Nelson, Halle",True,26,8,11,0.727,1,2,0.5,1,2,0.5,2,7,9,2,1,3,0,3,18
2025-11-03_csu_bakersfield_utah_valley,Utah Valley,34,"Chaney, Tessa",True,30,6,11,0.545,0,1,0.0,2,6,0.333,3,3,6,2,1,5,0,0,14
2025-11-03_csu_bakersfield_utah_valley,Utah Valley,03,"Barcello, Amanda",True,21,5,6,0.833,4,5,0.8,0,0,,0,2,2,2,0,0,0,4,14
2025-11-03_csu_bakersfield_utah_valley,Utah Valley,05,"Blackham, Cambree",True,23,1,5,0.2,0,0,,1,2,0.5,0,4,4,2,3,2,0,1,3
2025-11-03_csu_bakersfield_utah_valley,Utah Valley,01,"Mabry, Kylee",True,24,1,6,0.167,0,1,0.0,0,0,,0,2,2,1,5,2,0,2,2
2025-11-03_csu_bakersfield_utah_valley,Utah Valley,14,"Headrick, Kaylee",False,16,2,6,0.333,0,0,,3,4,0.75,2,4,6,2,3,1,0,1,7
2025-11-03_csu_bakersfield_utah_valley,Utah Valley,10,"Gibb, Saige",False,21,1,2,0.5,1,2,0.5,1,2,0.5,1,4,5,3,0,4,0,4,4
2025-11-03_csu_bakersfield_utah_valley,Utah Valley,21,"Tanuvasa, Naia",False,19,1,8,0.125,0,4,0.0,2,2,1.0,0,4,4,3,1,6,0,0,4
2025-11-03_csu_bakersfield_utah_valley,Utah Valley,02,"Shreeve, Anna",False,9,0,4,0.0,0,1,0.0,0,0,,0,2,2,1,2,0,0,2,0
2025-11-03_csu_bakersfield_utah_valley,Utah Valley,15,"Leeson, Eibhlin",False,5,0,1,0.0,0,0,,0,0,,0,2,2,1,0,1,0,0,0
2025-11-03_csu_bakersfield_utah_valley,Utah Valley,04,"Carlyle, KJ",False,3,0,0,,0,0,,0,0,,0,1,1,0,0,1,0,0,0
2025-11-03_csu_bakersfield_utah_valley,Utah Valley,12,"Goo, Gaby",False,3,0,0,,0,0,,0,0,,0,0,0,1,0,0,0,0,0
2025-11-03_csu_bakersfield_utah_valley,Utah Valley,TM,TEAM,False,0,0,0,,0,0,,0,0,,0,1,1,0,0,0,0,0,0
2025-11-03_csu_bakersfield_utah_valley,CSU Bakersfield,11,"Dias, Maria",True,27,3,12,0.25,1,7,0.143,2,3,0.667,2,2,4,0,1,3,0,0,9
2025-11-03_csu_bakersfield_utah_valley,CSU Bakersfield,12,"Coleman , Chrishawn",True,22,3,11,0.273,0,2,0.0,3,5,0.6,0,3,3,4,2,6,0,0,9
2025-11-03_csu_bakersfield_utah_valley,CSU Bakersfield,14,"Hawkins, Morgan",True,35,3,6,0.5,1,2,0.5,0,0,,0,2,2,2,1,3,0,3,7
2025-11-03_csu_bakersfield_utah_valley,CSU Bakersfield,08,"Langi, Marley",True,24,3,12,0.25,1,5,0.2,0,0,,0,2,2,1,1,4,1,0,7
2025-11-03_csu_bakersfield_utah_valley,CSU Bakersfield,24,"Ikidi, Tena",True,22,2,5,0.4,0,0,,0,0,,2,6,8,4,0,0,3,0,4
2025-11-03_csu_bakersfield_utah_valley,CSU Bakersfield,55,"Puletasi, Adrienne",False,18,1,3,0.333,0,0,,3,6,0.5,2,4,6,3,0,4,0,3,5
2025-11-03_csu_bakersfield_utah_valley,CSU Bakersfield,02,"Carter, Aliyah",False,12,0,2,0.0,0,0,,1,2,0.5,1,0,1,3,1,4,0,1,1
2025-11-03_csu_bakersfield_utah_valley,CSU Bakersfield,22,"Kincade, Dae’Jaidence",False,14,0,2,0.0,0,0,,0,0,,1,3,4,4,2,2,0,3,0
2025-11-03_csu_bakersfield_utah_valley,CSU Bakersfield,21,"Sutherland, Tianna",False,9,0,1,0.0,0,1,0.0,0,0,,0,1,1,1,0,1,0,1,0
2025-11-03_csu_bakersfield_utah_valley,CSU Bakersfield,04,"Powell, Ophelia",False,6,0,1,0.0,0,1,0.0,0,0,,0,0,0,1,1,3,0,0,0
2025-11-03_csu_bakersfield_utah_valley,CSU Bakersfield,07,"Gallatly, Jaime",False,4,0,0,,0,0,,0,0,,0,0,0,0,0,0,0,1,0
2025-11-03_csu_bakersfield_utah_valley,CSU Bakersfield,30,"Dioli, Alli",False,4,0,3,0.0,0,3,0.0,0,0,,0,1,1,0,0,1,0,0,0
2025-11-03_csu_bakersfield_utah_valley,CSU Bakersfield,01,"Finley, Zalissa",False,3,0,1,0.0,0,0,,0,0,,2,1,3,0,0,0,1,0,0
2025-11-03_csu_bakersfield_utah_valley,CSU Bakersfield,TM,TEAM,False,0,0,0,,0,0,,0,0,,1,4,5,0,0,0,0,0,0
2025-11-03_california_baptist_uc_riverside,UC Riverside,2,"Hackley, Seneca",True,27,5,13,0.385,2,4,0.5,0,0,,1,3,4,1,4,1,0,0,12
2025-11-03_california_baptist_uc_riverside,UC Riverside,5,"Duchemin, Shelley",True,27,2,10,0.2,1,1,1.0,2,5,0.4,3,6,9,1,1,1,0,0,7
2025-11-03_california_baptist_uc_riverside,UC Riverside,8,"Stanton, Aaliyah",True,22,2,11,0.182,0,3,0.0,2,4,0.5,0,2,2,3,1,0,0,1,6
2025-11-03_california_baptist_uc_riverside,UC Riverside,41,"Shine, Bria",True,28,0,3,0.0,0,2,0.0,0,0,,1,6,7,3,3,3,1,0,0
2025-11-03_california_baptist_uc_riverside,UC Riverside,22,"Swanson, Taylor",True,27,0,6,0.0,0,2,0.0,0,0,,1,2,3,1,0,2,1,0,0
2025-11-03_california_baptist_uc_riverside,UC Riverside,1,"Polk, Kaylani",False,27,6,13,0.462,3,7,0.429,0,1,0.0,0,3,3,2,1,2,0,0,15
2025-11-03_california_baptist_uc_riverside,UC Riverside,10,"Minshall, Makayla",False,16,2,4,0.5,2,3,0.667,0,0,,1,2,3,0,0,1,0,1,6
2025-11-03_california_baptist_uc_riverside,UC Riverside,9,"Chocano, Maya",False,14,1,3,0.333,1,2,0.5,2,2,1.0,1,5,6,2,0,1,0,0,5
2025-11-03_california_baptist_uc_riverside,UC Riverside,32,"Moreno Tallon, Lucia",False,12,1,2,0.5,0,1,0.0,0,0,,0,3,3,1,0,2,2,0,2
2025-11-03_california_baptist_uc_riverside,UC Riverside,TM,TEAM,False,0,0,0,,0,0,,0,0,,1,6,7,0,0,1,0,0,0
2025-11-03_california_baptist_uc_riverside,California Baptist,10,"Bucher, Chance",True,37,7,18,0.389,4,8,0.5,4,4,1.0,3,1,4,2,2,1,1,0,22
2025-11-03_california_baptist_uc_riverside,California Baptist,5,"Barros, Filipa",True,37,4,10,0.4,0,1,0.0,5,8,0.625,6,12,18,3,3,3,2,6,13
2025-11-03_california_baptist_uc_riverside,California Baptist,14,"Johansson, Emma",True,37,3,12,0.25,0,6,0.0,2,4,0.5,2,18,20,3,2,2,7,0,8
2025-11-03_california_baptist_uc_riverside,California Baptist,27,"Legaspi, Cece",True,24,1,6,0.167,1,2,0.5,3,6,0.5,2,2,4,2,1,2,0,2,6
2025-11-03_california_baptist_uc_riverside,California Baptist,11,"Alonso Hidalgo, Sofia",True,11,0,3,0.0,0,1,0.0,0,0,,0,2,2,2,1,1,0,0,0
2025-11-03_california_baptist_uc_riverside,California Baptist,13,"Olsen, Lauren",False,17,1,6,0.167,0,3,0.0,2,2,1.0,1,1,2,3,1,1,0,1,4
2025-11-03_california_baptist_uc_riverside,California Baptist,3,"Nordstrom, Shawnee",False,27,1,13,0.077,1,9,0.111,0,0,,0,3,3,3,1,1,0,2,3
2025-11-03_california_baptist_uc_riverside,California Baptist,4,"Hess, Reyleigh",False,10,0,1,0.0,0,0,,0,0,,0,2,2,0,0,1,0,0,0
2025-11-03_california_baptist_uc_riverside,California Baptist,TM,TEAM,False,0,0,0,,0,0,,0,0,,4,1,5,0,0,0,0,0,0
2025-11-04_hawaii_portland_st,Portland St.,11,"Torres-Kahapea, Laynee",True,37,6,8,0.75,2,3,0.667,8,10,0.8,1,5,6,3,0,2,0,0,22
2025-11-04_hawaii_portland_st,Portland St.,12,"Brown, Kyleigh",True,27,4,9,0.444,1,2,0.5,3,3,1.0,1,4,5,5,2,4,2,1,12
2025-11-04_hawaii_portland_st,Portland St.,05,"Yoakum, Ajae",True,33,1,7,0.143,0,2,0.0,1,2,0.5,3,2,5,3,1,4,0,0,3
2025-11-04_hawaii_portland_st,Portland St.,10,"Munk, Kirstine",True,26,0,5,0.0,0,2,0.0,2,2,1.0,0,2,2,2,1,1,0,1,2
2025-11-04_hawaii_portland_st,Portland St.,13,"Encinas, Alani",True,12,0,4,0.0,0,3,0.0,0,0,,1,1,2,1,0,1,0,0,0
2025-11-04_hawaii_portland_st,Portland St.,04,"Buzzard, Sophie",False,31,7,10,0.7,0,1,0.0,6,11,0.545,2,3,5,4,1,1,0,0,20
2025-11-04_hawaii_portland_st,Portland St.,09,"Chicken, Hannah",False,20,2,10,0.2,0,2,0.0,0,0,,1,3,4,2,0,1,0,1,4
2025-11-04_hawaii_portland_st,Portland St.,23,"Moffat, Taylor",False,13,0,2,0.0,0,1,0.0,0,0,,0,2,2,2,3,2,0,1,0
2025-11-04_hawaii_portland_st,Portland St.,20,"Best, Katelyn",False,1,0,0,,0,0,,0,0,,0,0,0,0,0,1,0,0,0
2025-11-04_hawaii_portland_st,Portland St.,TM,TEAM,False,0,0,0,,0,0,,0,0,,5,2,7,0,0,0,0,0,0
2025-11-04_hawaii_portland_st,Hawaii,03,"Flavell, Bailey",True,27,4,14,0.286,0,3,0.0,6,9,0.667,0,2,2,3,0,1,1,0,14
2025-11-04_hawaii_portland_st,Hawaii,33,"Neverson, Saniyah",True,31,3,8,0.375,1,1,1.0,4,4,1.0,3,3,6,2,0,1,0,3,11
2025-11-04_hawaii_portland_st,Hawaii,02,"Bond, Teyahna",True,28,4,9,0.444,0,3,0.0,3,6,0.5,1,2,3,2,5,4,0,1,11
2025-11-04_hawaii_portland_st,Hawaii,08,"Moors, Rebecca",True,19,2,4,0.5,0,0,,1,1,1.0,1,5,6,2,2,0,0,0,5
2025-11-04_hawaii_portland_st,Hawaii,12,"Perez, Imani",True,4,0,1,0.0,0,1,0.0,1,2,0.5,0,1,1,0,0,0,1,0,1
2025-11-04_hawaii_portland_st,Hawaii,10,"Kujovic, Danijela",False,32,4,6,0.667,2,4,0.5,1,2,0.5,3,2,5,3,2,1,3,2,11
2025-11-04_hawaii_portland_st,Hawaii,06,"Webb, Kyra",False,22,4,8,0.5,0,0,,2,5,0.4,4,3,7,4,1,0,0,1,10
2025-11-04_hawaii_portland_st,Hawaii,01,"Filemu, Kira-May",False,16,4,7,0.571,1,2,0.5,0,0,,1,1,2,3,0,2,0,1,9
2025-11-04_hawaii_portland_st,Hawaii,11,"Curtis, Keiara",False,14,1,5,0.2,0,0,,0,0,,1,0,1,3,0,1,0,1,2
2025-11-04_hawaii_portland_st,Hawaii,17,"Serra, Fiamma",False,6,0,0,,0,0,,0,0,,0,1,1,0,0,0,0,1,0
2025-11-04_hawaii_portland_st,Hawaii,07,"Collins, Ella",False,1,0,0,,0,0,,0,0,,0,0,0,0,0,1,0,0,0
2025-11-04_hawaii_portland_st,Hawaii,TM,TEAM,False,0,0,0,,0,0,,0,0,,0,4,4,0,0,0,0,0,0
2025-11-04_csun_bethesda_ca,Bethesda (CA),22,"Aguilar, Jacqueline",True,40,3,20,0.15,3,17,0.176,0,0,,0,1,1,4,0,2,1,0,9
2025-11-04_csun_bethesda_ca,Bethesda (CA),25,"Smith, Makaia",True,40,1,3,0.333,0,0,,1,2,0.5,1,3,4,2,0,1,0,0,3
2025-11-04_csun_bethesda_ca,Bethesda (CA),7,"Carter, Aaliyah",True,40,0,6,0.0,0,3,0.0,1,4,0.25,0,2,2,1,0,1,0,0,1
2025-11-04_csun_bethesda_ca,Bethesda (CA),10,"Roberts, Danielle",True,40,0,5,0.0,0,0,,0,2,0.0,0,0,0,2,3,5,1,2,0
2025-11-04_csun_bethesda_ca,Bethesda (CA),2,"Quezada, Serina",True,40,0,10,0.0,0,2,0.0,0,0,,2,2,4,3,1,4,0,0,0
2025-11-04_csun_bethesda_ca,Bethesda (CA),TM,TEAM,False,0,0,0,,0,0,,0,0,,1,5,6,0,0,8,0,0,0
2025-11-04_csun_bethesda_ca,CSUN,33,"Nazário, Rita",True,14,5,7,0.714,3,5,0.6,0,0,,1,4,5,0,2,0,1,1,13
2025-11-04_csun_bethesda_ca,CSUN,4,"Edwards, Morgan",True,12,4,5,0.8,3,3,1.0,0,0,,0,1,1,0,0,2,0,2,11
2025-11-04_csun_bethesda_ca,CSUN,34,"Bernard, Nadia",True,10,4,5,0.8,0,0,,0,0,,3,2,5,0,0,0,1,0,8
2025-11-04_csun_bethesda_ca,CSUN,24,"Cos-morales, Mariona",True,10,2,4,0.5,0,1,0.0,0,0,,1,0,1,2,2,1,2,1,4
2025-11-04_csun_bethesda_ca,CSUN,12,"Aspajo, Erika",True,15,0,2,0.0,0,2,0.0,0,0,,0,4,4,1,8,0,0,0,0
2025-11-04_csun_bethesda_ca,CSUN,22,"Dahlin, Laini",False,21,7,14,0.5,5,12,0.417,0,0,,2,2,4,1,0,0,0,0,19
2025-11-04_csun_bethesda_ca,CSUN,23,"Contreras, Maya",False,11,5,7,0.714,0,0,,3,5,0.6,7,3,10,2,0,0,0,1,13
2025-11-04_csun_bethesda_ca,CSUN,10,"Lizama, Alondra",False,14,5,7,0.714,0,2,0.0,0,0,,3,1,4,2,0,0,0,0,10
2025-11-04_csun_bethesda_ca,CSUN,00,"Gbemuotor, Jite",False,14,3,7,0.429,0,0,,2,4,0.5,9,7,16,1,1,1,0,0,8
2025-11-04_csun_bethesda_ca,CSUN,1,"Moody, Amya",False,22,2,9,0.222,2,6,0.333,1,2,0.5,4,3,7,0,5,0,1,0,7
2025-11-04_csun_bethesda_ca,CSUN,2,"White, Saray",False,12,2,6,0.333,0,2,0.0,1,1,1.0,3,0,3,0,2,1,0,1,5
2025-11-04_csun_bethesda_ca,CSUN,3,"Tumlin, Kelly",False,23,1,8,0.125,1,8,0.125,0,0,,1,3,4,1,4,1,1,4,3
2025-11-04_csun_bethesda_ca,CSUN,21,"Canadell, Jana",False,22,0,10,0.0,0,6,0.0,2,2,1.0,6,5,11,1,1,2,3,1,2
2025-11-04_csun_bethesda_ca,CSUN,TM,TEAM,False,0,0,0,,0,0,,0,0,,0,4,4,0,0,0,0,0,0
2025-11-04_cal_st_fullerton_pepperdine,Pepperdine,02,"Guiney, Elli",True,28,4,8,0.5,2,6,0.333,4,6,0.667,1,3,4,1,3,3,0,2,14
2025-11-04_cal_st_fullerton_pepperdine,Pepperdine,13,"Fiso, Meghan",True,22,6,9,0.667,0,2,0.0,1,1,1.0,0,4,4,1,2,4,2,1,13
2025-11-04_cal_st_fullerton_pepperdine,Pepperdine,01,"Sta. Maria, Taija",True,34,1,4,0.25,1,1,1.0,3,4,0.75,0,2,2,3,7,5,0,1,6
2025-11-04_cal_st_fullerton_pepperdine,Pepperdine,31,"Orio, Irune",True,18,1,1,1.0,1,1,1.0,3,4,0.75,0,2,2,2,5,2,1,0,6
2025-11-04_cal_st_fullerton_pepperdine,Pepperdine,12,"Preston, Shorna",True,16,2,2,1.0,0,0,,0,0,,0,8,8,3,2,3,0,1,4
2025-11-04_cal_st_fullerton_pepperdine,Pepperdine,00,"Finley, Ivory",False,22,7,10,0.7,3,6,0.5,0,2,0.0,3,2,5,3,2,2,0,2,17
2025-11-04_cal_st_fullerton_pepperdine,Pepperdine,30,"Harmon, Seleh",False,22,5,7,0.714,5,7,0.714,0,0,,0,0,0,0,2,2,1,2,15
2025-11-04_cal_st_fullerton_pepperdine,Pepperdine,22,"Falk, Lina",False,11,3,5,0.6,0,2,0.0,0,0,,1,3,4,2,0,1,1,1,6
2025-11-04_cal_st_fullerton_pepperdine,Pepperdine,03,"Green, Bella",False,17,0,1,0.0,0,0,,3,4,0.75,1,5,6,3,1,5,0,1,3
2025-11-04_cal_st_fullerton_pepperdine,Pepperdine,11,"VanSickle, Quinn",False,7,0,0,,0,0,,0,0,,0,0,0,1,0,1,0,0,0
2025-11-04_cal_st_fullerton_pepperdine,Pepperdine,44,"Shanahan, Zoe",False,2,0,0,,0,0,,0,0,,0,0,0,2,0,0,0,0,0
2025-11-04_cal_st_fullerton_pepperdine,Pepperdine,10,"Belegante, Ilinca",False,1,0,0,,0,0,,0,0,,0,0,0,0,0,1,0,0,0
2025-11-04_cal_st_fullerton_pepperdine,Pepperdine,TM,TEAM,False,0,0,0,,0,0,,0,0,,1,4,5,0,0,1,0,0,0
2025-11-04_cal_st_fullerton_pepperdine,Cal St. Fullerton,00,"Steiner, Nicole",True,27,4,8,0.5,0,0,,9,13,0.692,8,3,11,3,3,2,0,4,17
2025-11-04_cal_st_fullerton_pepperdine,Cal St. Fullerton,04,"Falsdottir, Jana",True,24,4,7,0.571,2,4,0.5,0,0,,0,1,1,2,1,1,0,2,10
2025-11-04_cal_st_fullerton_pepperdine,Cal St. Fullerton,03,"Tauro, Maddy",True,18,2,11,0.182,0,1,0.0,0,0,,0,2,2,3,2,1,0,2,4
2025-11-04_cal_st_fullerton_pepperdine,Cal St. Fullerton,33,"Pearson, Kya",True,22,1,5,0.2,0,2,0.0,0,0,,0,1,1,4,3,6,0,6,2
2025-11-04_cal_st_fullerton_pepperdine,Cal St. Fullerton,55,"Jones, Cristina",True,12,0,6,0.0,0,0,,1,4,0.25,1,0,1,4,1,4,0,3,1
2025-11-04_cal_st_fullerton_pepperdine,Cal St. Fullerton,05,"Sutisna, Maxine",False,23,6,12,0.5,3,5,0.6,0,0,,2,3,5,2,0,1,0,1,15
2025-11-04_cal_st_fullerton_pepperdine,Cal St. Fullerton,01,"Moon, Mimi",False,15,2,7,0.286,0,3,0.0,2,2,1.0,1,2,3,0,1,0,0,0,6
2025-11-04_cal_st_fullerton_pepperdine,Cal St. Fullerton,13,"Petersen, Lilliana",False,11,2,4,0.5,2,2,1.0,0,0,,0,0,0,0,1,0,0,0,6
2025-11-04_cal_st_fullerton_pepperdine,Cal St. Fullerton,10,"Swindle, Dylan",False,15,1,5,0.2,0,4,0.0,2,2,1.0,1,0,1,3,1,1,0,1,4
2025-11-04_cal_st_fullerton_pepperdine,Cal St. Fullerton,22,"Muniz, Madelynn",False,26,1,7,0.143,1,5,0.2,0,0,,1,0,1,3,1,2,0,1,3
2025-11-04_cal_st_fullerton_pepperdine,Cal St. Fullerton,23,"Maxwell, Talia",False,7,1,1,1.0,0,0,,0,0,,0,1,1,0,1,0,0,0,2
2025-11-04_cal_st_fullerton_pepperdine,Cal St. Fullerton,TM,TEAM,False,0,0,0,,0,0,,0,0,,6,2,8,0,0,0,0,0,0
2025-11-05_uc_irvine_san_diego,San Diego,6,"Ray, Kylie",True,37,7,23,0.304,3,7,0.429,6,6,1.0,4,4,8,3,1,10,0,4,23
2025-11-05_uc_irvine_san_diego,San Diego,24,"Owens, Olivia",True,25,2,7,0.286,2,5,0.4,0,0,,0,0,0,3,1,2,0,1,6
2025-11-05_uc_irvine_san_diego,San Diego,20,"Rhodes, Hallie",True,32,2,7,0.286,1,4,0.25,0,0,,2,2,4,1,1,0,0,2,5
2025-11-05_uc_irvine_san_diego,San Diego,11,"Tharpe, Malia",True,18,2,5,0.4,0,1,0.0,0,2,0.0,1,0,1,3,1,1,0,0,4
2025-11-05_uc_irvine_san_diego,San Diego,10,"Holley, Helen",True,30,1,5,0.2,0,2,0.0,1,2,0.5,2,7,9,3,0,0,2,2,3
2025-11-05_uc_irvine_san_diego,San Diego,1,"Moore, Dresha",False,22,3,6,0.5,1,1,1.0,0,1,0.0,1,1,2,4,0,0,0,0,7
2025-11-05_uc_irvine_san_diego,San Diego,15,"Ruse, Eva",False,10,2,2,1.0,0,0,,2,4,0.5,2,0,2,3,1,1,0,0,6
2025-11-05_uc_irvine_san_diego,San Diego,19,"Rhodes, Jayden",False,14,0,2,0.0,0,2,0.0,0,0,,0,1,1,0,1,0,1,1,0
2025-11-05_uc_irvine_san_diego,San Diego,4,"Ajayi, Jessica",False,7,0,2,0.0,0,1,0.0,0,0,,1,1,2,2,0,1,0,0,0
2025-11-05_uc_irvine_san_diego,San Diego,3,"Amor, Lilly",False,3,0,0,,0,0,,0,0,,0,0,0,0,0,0,0,0,0
2025-11-05_uc_irvine_san_diego,San Diego,22,"Williams, Ayla",False,2,0,0,,0,0,,0,0,,0,0,0,1,1,0,0,1,0
2025-11-05_uc_irvine_san_diego,San Diego,TM,TEAM,False,0,0,0,,0,0,,0,0,,1,3,4,0,0,1,0,0,0
2025-11-05_uc_irvine_san_diego,UC Irvine,23,"Wynn, Jada",True,36,3,10,0.3,2,8,0.25,9,9,1.0,0,6,6,2,7,0,0,1,17
2025-11-05_uc_irvine_san_diego,UC Irvine,20,"Hernandez, Hunter",True,25,4,12,0.333,3,5,0.6,2,2,1.0,2,4,6,0,2,3,0,0,13
2025-11-05_uc_irvine_san_diego,UC Irvine,10,"Madsen, Lauryn",True,34,4,8,0.5,4,8,0.5,0,0,,1,7,8,0,3,2,1,1,12
2025-11-05_uc_irvine_san_diego,UC Irvine,12,"Nahum, Shirel",True,34,1,7,0.143,0,1,0.0,4,6,0.667,0,3,3,1,4,3,0,3,6
2025-11-05_uc_irvine_san_diego,UC Irvine,9,"Falcon Hernandez, Daniela",True,15,1,2,0.5,0,0,,2,2,1.0,0,4,4,2,0,2,1,1,4
2025-11-05_uc_irvine_san_diego,UC Irvine,13,"Stores, Nohe'alani",False,25,7,8,0.875,0,0,,3,5,0.6,4,1,5,2,0,1,0,2,17
2025-11-05_uc_irvine_san_diego,UC Irvine,24,"Zonzon-huyghe, Naomy",False,22,0,0,,0,0,,3,4,0.75,1,1,2,4,0,2,0,2,3
2025-11-05_uc_irvine_san_diego,UC Irvine,1,"Grant, Ameerah",False,5,0,2,0.0,0,1,0.0,0,0,,0,0,0,0,0,1,0,0,0
2025-11-05_uc_irvine_san_diego,UC Irvine,2,"Hernandez, Haley",False,2,0,0,,0,0,,0,0,,0,0,0,1,0,0,0,0,0
2025-11-05_uc_irvine_san_diego,UC Irvine,21,"Baltzi, Despoina",False,1,0,0,,0,0,,0,0,,0,0,0,0,0,0,0,0,0
2025-11-05_uc_irvine_san_diego,UC Irvine,22,"Noa, Reese",False,1,0,0,,0,0,,0,0,,0,0,0,0,0,0,0,0,0
2025-11-05_uc_irvine_san_diego,UC Irvine,TM,TEAM,False,0,0,0,,0,0,,0,0,,2,1,3,0,0,1,0,0,0
2025-11-06_ucla_uc_santa_barbara,UC Santa Barbara,05,"Bradley, Olivia",True,18,5,8,0.625,1,3,0.333,0,0,,0,3,3,1,0,1,0,0,11
2025-11-06_ucla_uc_santa_barbara,UC Santa Barbara,12,"Naro, Maddie",True,28,3,9,0.333,1,5,0.2,0,0,,0,2,2,2,3,1,1,2,7
2025-11-06_ucla_uc_santa_barbara,UC Santa Barbara,02,"Borter, Zoe",True,27,2,6,0.333,0,3,0.0,2,2,1.0,0,0,0,2,1,3,0,0,6
2025-11-06_ucla_uc_santa_barbara,UC Santa Barbara,55,"Burke, Skylar",True,20,3,10,0.3,0,3,0.0,0,1,0.0,1,0,1,3,0,2,0,0,6
2025-11-06_ucla_uc_santa_barbara,UC Santa Barbara,23,"Shaw, Zoe",True,27,0,5,0.0,0,3,0.0,0,0,,0,1,1,2,2,3,0,0,0
2025-11-06_ucla_uc_santa_barbara,UC Santa Barbara,04,"Puente-Valverde, Júlia",False,25,4,7,0.571,0,0,,2,2,1.0,1,3,4,4,2,3,0,1,10
2025-11-06_ucla_uc_santa_barbara,UC Santa Barbara,15,"Andersen, Chauncey",False,18,3,5,0.6,1,3,0.333,0,0,,1,3,4,4,0,2,0,0,7
2025-11-06_ucla_uc_santa_barbara,UC Santa Barbara,03,"Grant, Jessica",False,25,1,4,0.25,1,4,0.25,0,0,,1,0,1,1,0,0,0,0,3
2025-11-06_ucla_uc_santa_barbara,UC Santa Barbara,08,"Rawlins, Ava",False,12,0,4,0.0,0,3,0.0,0,0,,0,1,1,0,0,0,0,0,0
2025-11-06_ucla_uc_santa_barbara,UC Santa Barbara,TM,TEAM,False,0,0,0,,0,0,,0,0,,3,4,7,0,0,2,0,0,0
2025-11-06_ucla_uc_santa_barbara,UCLA,11,"Jaquez, Gabriela",True,31,7,11,0.636,4,7,0.571,3,3,1.0,2,4,6,2,1,3,1,1,21
2025-11-06_ucla_uc_santa_barbara,UCLA,01,"Rice, Kiki",True,31,6,12,0.5,1,3,0.333,7,7,1.0,0,8,8,1,3,2,0,1,20
2025-11-06_ucla_uc_santa_barbara,UCLA,08,"Kneepkens, Gianna",True,25,7,12,0.583,4,8,0.5,2,2,1.0,0,3,3,1,3,1,0,1,20
2025-11-06_ucla_uc_santa_barbara,UCLA,51,"Betts, Lauren",True,26,5,7,0.714,0,0,,2,2,1.0,3,4,7,2,6,2,2,0,12
2025-11-06_ucla_uc_santa_barbara,UCLA,05,"Leger-Walker, Charlisse",True,31,3,8,0.375,1,6,0.167,1,2,0.5,1,2,3,1,7,1,0,3,8
2025-11-06_ucla_uc_santa_barbara,UCLA,32,"Dugalić, Angela",False,21,1,5,0.2,0,3,0.0,0,0,,2,4,6,2,1,2,0,4,2
2025-11-06_ucla_uc_santa_barbara,UCLA,09,"Bilic, Lena",False,16,1,3,0.333,0,2,0.0,0,0,,0,2,2,3,1,1,0,0,2
2025-11-06_ucla_uc_santa_barbara,UCLA,33,"Muse, Amanda",False,13,0,0,,0,0,,2,2,1.0,1,0,1,2,0,1,0,0,2
2025-11-06_ucla_uc_santa_barbara,UCLA,03,"Karamouzi Siegel, Christina",False,3,0,1,0.0,0,1,0.0,0,0,,1,0,1,0,0,1,0,0,0
2025-11-06_ucla_uc_santa_barbara,UCLA,43,"Grant, Megan",False,3,0,2,0.0,0,0,,0,0,,1,1,2,0,0,0,0,0,0
2025-11-06_ucla_uc_santa_barbara,UCLA,TM,TEAM,False,0,0,0,,0,0,,0,0,,3,1,4,0,0,0,0,0,0
2025-11-06_arizona_uc_riverside,UC Riverside,8,"Stanton, Aaliyah",True,32,6,13,0.462,0,3,0.0,2,4,0.5,0,0,0,2,2,3,0,0,14
2025-11-06_arizona_uc_riverside,UC Riverside,2,"Hackley, Seneca",True,35,3,9,0.333,1,6,0.167,2,2,1.0,2,2,4,1,4,3,0,3,9
2025-11-06_arizona_uc_riverside,UC Riverside,41,"Shine, Bria",True,24,3,4,0.75,1,1,1.0,0,0,,0,2,2,4,2,7,0,2,7
2025-11-06_arizona_uc_riverside,UC Riverside,5,"Duchemin, Shelley",True,23,3,11,0.273,0,1,0.0,0,0,,4,2,6,2,0,1,2,1,6
2025-11-06_arizona_uc_riverside,UC Riverside,22,"Swanson, Taylor",True,12,1,2,0.5,1,2,0.5,0,0,,0,3,3,0,0,0,1,0,3
2025-11-06_arizona_uc_riverside,UC Riverside,9,"Chocano, Maya",False,17,3,4,0.75,3,4,0.75,2,2,1.0,0,6,6,2,0,0,0,0,11
2025-11-06_arizona_uc_riverside,UC Riverside,1,"Polk, Kaylani",False,30,3,6,0.5,2,5,0.4,1,2,0.5,1,3,4,1,4,3,0,2,9
2025-11-06_arizona_uc_riverside,UC Riverside,10,"Minshall, Makayla",False,11,0,1,0.0,0,1,0.0,0,0,,0,1,1,0,1,3,0,0,0
2025-11-06_arizona_uc_riverside,UC Riverside,32,"Moreno Tallon, Lucia",False,10,0,0,,0,0,,0,0,,0,1,1,3,1,1,0,0,0
2025-11-06_arizona_uc_riverside,UC Riverside,30,"Sylla, Dieynaba",False,6,0,0,,0,0,,0,0,,0,0,0,0,0,0,0,0,0
2025-11-06_arizona_uc_riverside,UC Riverside,TM,TEAM,False,0,0,0,,0,0,,0,0,,3,3,6,0,0,2,0,0,0
2025-11-06_arizona_uc_riverside,Arizona,33,"Trammell, Daniah",True,27,5,5,1.0,0,0,,3,5,0.6,0,1,1,1,0,3,0,0,13
2025-11-06_arizona_uc_riverside,Arizona,4,"Cornfield, Noelani",True,28,5,8,0.625,0,1,0.0,0,0,,1,1,2,5,8,3,0,2,10
2025-11-06_arizona_uc_riverside,Arizona,3,"Sugapong, Sumayah",True,38,1,9,0.111,1,2,0.5,6,6,1.0,0,6,6,3,2,1,0,2,9
2025-11-06_arizona_uc_riverside,Arizona,8,"Jurado, Mireia",True,31,1,4,0.25,1,2,0.5,0,0,,0,4,4,3,2,2,0,0,3
2025-11-06_arizona_uc_riverside,Arizona,5,"Ladwig, Molly",True,6,0,0,,0,0,,0,0,,0,0,0,2,0,0,0,1,0
2025-11-06_arizona_uc_riverside,Arizona,00,"Perdue, Mickayla",False,34,6,15,0.4,3,9,0.333,2,2,1.0,1,2,3,1,0,3,1,0,17
2025-11-06_arizona_uc_riverside,Arizona,13,"Francois, Nora",False,21,4,7,0.571,0,0,,0,3,0.0,1,4,5,2,0,2,2,3,8
2025-11-06_arizona_uc_riverside,Arizona,1,"Kitchen, Kamryn",False,13,1,2,0.5,0,1,0.0,0,0,,0,0,0,2,0,1,0,2,2
2025-11-06_arizona_uc_riverside,Arizona,14,"Adebanjo, Blessing",False,2,0,0,,0,0,,0,0,,0,0,0,1,1,1,0,1,0
2025-11-06_arizona_uc_riverside,Arizona,20,"Magot, Achol",False,0,0,0,,0,0,,0,0,,0,0,0,0,0,0,0,0,0
2025-11-06_arizona_uc_riverside,Arizona,TM,TEAM,False,0,0,0,,0,0,,0,0,,2,1,3,0,0,0,0,0,0
2025-11-07_uc_davis_idaho,Idaho,37,"Pinheiro, Ana",True,32,7,13,0.538,2,3,0.667,1,6,0.167,2,9,11,1,6,2,0,3,17
2025-11-07_uc_davis_idaho,Idaho,03,"Gardner, Kyra",True,30,5,16,0.312,4,9,0.444,2,2,1.0,1,3,4,4,1,2,2,2,16
2025-11-07_uc_davis_idaho,Idaho,10,"Barbosa Anunciacao, Lorena Vitoria",True,18,4,9,0.444,0,0,,2,2,1.0,3,4,7,0,0,2,1,0,10
2025-11-07_uc_davis_idaho,Idaho,04,"Hassmann, Hope",True,30,1,11,0.091,0,6,0.0,3,3,1.0,1,2,3,3,4,3,0,0,5
2025-11-07_uc_davis_idaho,Idaho,05,"Uriarte, Ella",True,23,1,3,0.333,1,3,0.333,0,0,,1,0,1,1,1,2,0,0,3
2025-11-07_uc_davis_idaho,Idaho,02,"Brans, Sarah",False,13,3,3,1.0,0,0,,2,2,1.0,1,0,1,2,2,2,0,0,8
2025-11-07_uc_davis_idaho,Idaho,24,"McMorris, Mary",False,16,3,13,0.231,0,3,0.0,0,0,,3,2,5,4,1,1,0,1,6
2025-11-07_uc_davis_idaho,Idaho,23,"Beatriz Passos Alves da Silva, Ana",False,14,2,4,0.5,0,0,,1,2,0.5,0,1,1,0,0,1,0,1,5
2025-11-07_uc_davis_idaho,Idaho,14,"Kangur, Katlin",False,13,2,3,0.667,0,0,,0,0,,1,1,2,1,1,0,0,1,4
2025-11-07_uc_davis_idaho,Idaho,09,"Reis Dos Santos, Debora",False,8,1,5,0.2,0,0,,0,1,0.0,1,1,2,1,0,0,0,0,2
2025-11-07_uc_davis_idaho,Idaho,21,"Henley, Niveya",False,3,0,1,0.0,0,0,,0,0,,0,0,0,0,1,0,0,0,0
2025-11-07_uc_davis_idaho,Idaho,TM,TEAM,False,0,0,0,,0,0,,0,0,,7,3,10,0,0,0,0,0,0
2025-11-07_uc_davis_idaho,UC Davis,02,"Bennett, Ryann",True,34,8,17,0.471,3,8,0.375,2,2,1.0,0,4,4,1,6,0,2,2,21
2025-11-07_uc_davis_idaho,UC Davis,04,"Epps, Nya",True,37,7,17,0.412,3,8,0.375,2,2,1.0,0,3,3,1,3,4,0,2,19
2025-11-07_uc_davis_idaho,UC Davis,10,"Young, Tegan",True,35,5,8,0.625,3,4,0.75,4,5,0.8,2,6,8,4,1,2,0,1,17
2025-11-07_uc_davis_idaho,UC Davis,25,"Norris, Megan",True,33,5,11,0.455,2,4,0.5,2,4,0.5,2,9,11,3,3,4,3,1,14
2025-11-07_uc_davis_idaho,UC Davis,09,"Sussex, Avery",True,24,4,6,0.667,2,2,1.0,2,2,1.0,0,5,5,3,2,4,0,0,12
2025-11-07_uc_davis_idaho,UC Davis,15,"Lentfer, Sophie",False,21,1,4,0.25,1,2,0.5,0,0,,1,2,3,2,1,2,0,1,3
2025-11-07_uc_davis_idaho,UC Davis,11,"Ersdala, Emmy",False,14,1,3,0.333,0,2,0.0,1,2,0.5,1,3,4,0,1,0,0,0,3
2025-11-07_uc_davis_idaho,UC Davis,01,"Davis, Carrington",False,1,0,0,,0,0,,0,0,,0,0,0,0,0,0,0,0,0
2025-11-07_uc_davis_idaho,UC Davis,21,"Tsami, Theoni",False,1,0,0,,0,0,,0,0,,0,1,1,0,0,0,0,0,0
2025-11-07_uc_davis_idaho,UC Davis,TM,TEAM,False,0,0,0,,0,0,,0,0,,4,1,5,0,0,0,0,0,0
2025-11-07_uc_san_diego_denver,Denver,10,"Watts, Coryn",True,30,5,8,0.625,3,5,0.6,2,4,0.5,1,3,4,1,2,3,0,2,15
2025-11-07_uc_san_diego_denver,Denver,12,"Monclova, Laia",True,28,3,8,0.375,1,2,0.5,4,8,0.5,3,3,6,2,3,3,0,0,11
2025-11-07_uc_san_diego_denver,Denver,00,"Murrell, Brooke",True,21,2,8,0.25,0,0,,0,1,0.0,3,5,8,0,0,2,2,0,4
2025-11-07_uc_san_diego_denver,Denver,03,"Baker, Victoria",True,27,0,4,0.0,0,3,0.0,2,6,0.333,1,3,4,2,1,0,0,0,2
2025-11-07_uc_san_diego_denver,Denver,13,"Conde, Ana",True,12,1,5,0.2,0,2,0.0,0,2,0.0,0,0,0,2,0,1,0,0,2
2025-11-07_uc_san_diego_denver,Denver,15,"Medina, Jocelyn",False,20,1,5,0.2,0,2,0.0,9,10,0.9,0,5,5,0,1,3,0,0,11
2025-11-07_uc_san_diego_denver,Denver,01,"McLeod, Laila",False,11,1,4,0.25,0,3,0.0,1,2,0.5,0,1,1,1,0,3,0,0,3
2025-11-07_uc_san_diego_denver,Denver,32,"Esparza, Lily",False,16,1,2,0.5,0,0,,0,0,,2,1,3,1,1,1,0,0,2
2025-11-07_uc_san_diego_denver,Denver,11,"Padilla, Karolina",False,13,1,4,0.25,0,1,0.0,0,0,,3,2,5,4,0,3,0,0,2
2025-11-07_uc_san_diego_denver,Denver,22,"Oliva Gomez, Paula",False,3,1,1,1.0,0,0,,0,0,,2,0,2,0,0,0,1,1,2
2025-11-07_uc_san_diego_denver,Denver,02,"Pletschette, Alexa",False,5,0,3,0.0,0,3,0.0,0,0,,0,1,1,0,0,0,0,0,0
2025-11-07_uc_san_diego_denver,Denver,05,"Rosenberger, Anna",False,5,0,0,,0,0,,0,0,,0,0,0,0,0,0,0,0,0
2025-11-07_uc_san_diego_denver,Denver,09,"Simoncevic, Teodora",False,5,0,0,,0,0,,0,0,,0,1,1,1,0,0,1,0,0
2025-11-07_uc_san_diego_denver,Denver,08,"Fanjul Mardones, Natalia",False,4,0,1,0.0,0,0,,0,0,,0,0,0,0,0,1,0,0,0
2025-11-07_uc_san_diego_denver,Denver,TM,TEAM,False,0,0,0,,0,0,,0,0,,4,2,6,0,0,3,0,0,0
2025-11-07_uc_san_diego_denver,UC San Diego,15,"Ma, Sabrina",True,24,6,10,0.6,3,6,0.5,4,4,1.0,1,3,4,3,1,0,1,1,19
2025-11-07_uc_san_diego_denver,UC San Diego,13,"Feiman, Lev",True,14,3,7,0.429,1,2,0.5,2,2,1.0,1,1,2,5,1,0,0,0,9
2025-11-07_uc_san_diego_denver,UC San Diego,04,"Rose, Makayla",True,35,3,15,0.2,0,5,0.0,2,3,0.667,0,0,0,0,1,0,0,4,8
2025-11-07_uc_san_diego_denver,UC San Diego,11,"Condron, Erin",True,17,4,6,0.667,0,0,,0,0,,1,2,3,4,1,1,3,0,8
2025-11-07_uc_san_diego_denver,UC San Diego,10,"Maxie, Dymonique",True,32,1,6,0.167,0,1,0.0,2,2,1.0,5,3,8,1,3,3,1,2,4
2025-11-07_uc_san_diego_denver,UC San Diego,24,"Price, Niya",False,11,3,8,0.375,1,5,0.2,1,2,0.5,0,2,2,4,0,2,0,1,8
2025-11-07_uc_san_diego_denver,UC San Diego,25,"Mahan, Junaé",False,18,3,5,0.6,0,1,0.0,0,0,,0,3,3,3,2,3,0,1,6
2025-11-07_uc_san_diego_denver,UC San Diego,21,"Polocheck, Nicki",False,21,2,2,1.0,1,1,1.0,0,0,,2,4,6,1,1,2,0,1,5
2025-11-07_uc_san_diego_denver,UC San Diego,12,"Smith, Rosa",False,16,2,3,0.667,1,2,0.5,0,0,,1,3,4,4,0,1,0,0,5
2025-11-07_uc_san_diego_denver,UC San Diego,02,"Fairwell, Michaela",False,10,0,4,0.0,0,1,0.0,0,0,,0,1,1,1,0,0,0,1,0
2025-11-07_uc_san_diego_denver,UC San Diego,30,"Sule, Damilola",False,2,0,0,,0,0,,0,0,,0,0,0,0,0,0,0,0,0
2025-11-07_uc_san_diego_denver,UC San Diego,TM,TEAM,False,0,0,0,,0,0,,0,0,,1,0,1,0,0,0,0,0,0
2025-11-07_wyoming_long_beach_st,Long Beach St.,30,"Jones-brown, Jaquoia",True,28,5,13,0.385,0,2,0.0,3,4,0.75,1,3,4,0,3,3,0,2,13
2025-11-07_wyoming_long_beach_st,Long Beach St.,42,"Oliva Fernandez, Judit",True,21,3,10,0.3,1,7,0.143,2,2,1.0,0,2,2,0,0,0,0,2,9
2025-11-07_wyoming_long_beach_st,Long Beach St.,32,"Pukis, Brynna",True,31,2,6,0.333,2,6,0.333,0,0,,0,1,1,1,1,4,0,1,6
2025-11-07_wyoming_long_beach_st,Long Beach St.,13,"Pepe, Khylee",True,18,2,3,0.667,1,1,1.0,0,0,,0,3,3,0,1,1,1,1,5
2025-11-07_wyoming_long_beach_st,Long Beach St.,5,"Ka, Kennan",True,22,1,6,0.167,0,1,0.0,0,0,,0,1,1,1,0,2,1,0,2
2025-11-07_wyoming_long_beach_st,Long Beach St.,33,"Wright, Haley",False,13,1,3,0.333,0,1,0.0,0,0,,1,2,3,1,0,0,0,0,2
2025-11-07_wyoming_long_beach_st,Long Beach St.,2,"Akot, Rosie",False,10,1,4,0.25,0,0,,0,0,,0,1,1,4,0,1,0,1,2
2025-11-07_wyoming_long_beach_st,Long Beach St.,00,"Cummings, Lauren",False,25,0,2,0.0,0,0,,0,2,0.0,3,6,9,2,0,1,0,1,0
2025-11-07_wyoming_long_beach_st,Long Beach St.,10,"Reynoso, Christy",False,13,0,2,0.0,0,2,0.0,0,0,,0,0,0,0,1,0,0,1,0
2025-11-07_wyoming_long_beach_st,Long Beach St.,3,"Samuel-afolabi, Tairat",False,11,0,6,0.0,0,2,0.0,0,0,,0,0,0,2,0,0,0,0,0
2025-11-07_wyoming_long_beach_st,Long Beach St.,25,"Mack, Morgan",False,8,0,0,,0,0,,0,0,,0,1,1,1,0,1,0,0,0
2025-11-07_wyoming_long_beach_st,Long Beach St.,TM,TEAM,False,0,0,0,,0,0,,0,0,,2,1,3,0,0,1,0,0,0
2025-11-07_wyoming_long_beach_st,Wyoming,12,"Pedersen, Malene",True,28,6,8,0.75,3,4,0.75,0,0,,0,8,8,0,7,1,0,2,15
2025-11-07_wyoming_long_beach_st,Wyoming,1,"Alvar, Logann",True,23,7,9,0.778,0,0,,0,0,,2,3,5,0,0,0,0,0,14
2025-11-07_wyoming_long_beach_st,Wyoming,26,"Sandvik, Henna",True,24,4,10,0.4,2,6,0.333,0,0,,2,2,4,1,2,2,0,0,10
2025-11-07_wyoming_long_beach_st,Wyoming,10,"Beslic, Lana",True,24,3,5,0.6,0,1,0.0,4,6,0.667,0,4,4,2,4,1,0,1,10
2025-11-07_wyoming_long_beach_st,Wyoming,11,"Symons, Madi",True,24,3,4,0.75,2,2,1.0,0,0,,0,4,4,0,0,1,1,1,8
2025-11-07_wyoming_long_beach_st,Wyoming,3,"Muma, Payton",False,24,3,9,0.333,0,3,0.0,1,2,0.5,0,3,3,2,5,0,1,3,7
2025-11-07_wyoming_long_beach_st,Wyoming,22,"Wohlford, Peyton",False,17,1,3,0.333,1,3,0.333,0,0,,0,1,1,0,1,2,0,0,3
2025-11-07_wyoming_long_beach_st,Wyoming,2,"Rumpf, Jane",False,14,1,3,0.333,1,2,0.5,0,0,,0,4,4,1,0,2,2,0,3
2025-11-07_wyoming_long_beach_st,Wyoming,15,"Karlsdottir, Heidur",False,17,1,1,1.0,0,0,,0,1,0.0,1,0,1,0,0,2,0,1,2
2025-11-07_wyoming_long_beach_st,Wyoming,6,"Eyango, Aurore",False,5,0,1,0.0,0,0,,0,0,,0,1,1,0,1,1,0,0,0
2025-11-07_wyoming_long_beach_st,Wyoming,TM,TEAM,False,0,0,0,,0,0,,0,0,,0,4,4,0,0,1,0,0,0
2025-11-07_csu_bakersfield_fresno_st,Fresno St.,14,"Rean, Ashlyn",True,33,14,21,0.667,0,0,,0,2,0.0,0,9,9,1,1,2,1,1,28
2025-11-07_csu_bakersfield_fresno_st,Fresno St.,04,"Gamble, Jaisa",True,38,6,13,0.462,0,0,,2,4,0.5,0,2,2,2,4,4,0,2,14
2025-11-07_csu_bakersfield_fresno_st,Fresno St.,11,"Long, Emilia",True,24,2,6,0.333,1,3,0.333,0,0,,2,5,7,3,2,0,1,5,5
2025-11-07_csu_bakersfield_fresno_st,Fresno St.,03,"Powell, Danae",True,26,2,10,0.2,0,1,0.0,0,0,,2,0,2,3,3,1,0,2,4
2025-11-07_csu_bakersfield_fresno_st,Fresno St.,32,"Diawara, Djessira",True,9,1,1,1.0,0,0,,0,0,,0,1,1,2,1,0,0,0,2
2025-11-07_csu_bakersfield_fresno_st,Fresno St.,25,"Koehne, Hedda",False,28,4,5,0.8,0,0,,2,2,1.0,6,3,9,2,5,3,0,1,10
2025-11-07_csu_bakersfield_fresno_st,Fresno St.,21,"Marr, Ava",False,24,2,4,0.5,1,3,0.333,1,4,0.25,0,3,3,3,0,2,0,0,6
2025-11-07_csu_bakersfield_fresno_st,Fresno St.,12,"Watkins, Avery",False,11,1,3,0.333,0,0,,1,2,0.5,0,2,2,3,0,1,0,1,3
2025-11-07_csu_bakersfield_fresno_st,Fresno St.,34,"Webb, Briana",False,6,1,1,1.0,0,0,,0,0,,1,2,3,1,0,1,0,0,2
2025-11-07_csu_bakersfield_fresno_st,Fresno St.,01,"Oliver, Aloni",False,1,0,0,,0,0,,0,0,,0,0,0,0,0,0,0,0,0
2025-11-07_csu_bakersfield_fresno_st,Fresno St.,TM,TEAM,False,0,0,0,,0,0,,0,0,,2,1,3,0,0,2,0,0,0
2025-11-07_csu_bakersfield_fresno_st,CSU Bakersfield,12,"Coleman , Chrishawn",True,27,11,14,0.786,0,0,,4,9,0.444,0,0,0,3,2,6,0,0,26
2025-11-07_csu_bakersfield_fresno_st,CSU Bakersfield,24,"Ikidi, Tena",True,21,3,8,0.375,0,0,,1,2,0.5,1,6,7,3,0,0,2,1,7
2025-11-07_csu_bakersfield_fresno_st,CSU Bakersfield,14,"Hawkins, Morgan",True,35,1,3,0.333,0,1,0.0,3,4,0.75,0,3,3,2,3,3,0,3,5
2025-11-07_csu_bakersfield_fresno_st,CSU Bakersfield,08,"Langi, Marley",True,23,1,8,0.125,0,3,0.0,0,1,0.0,0,1,1,1,1,1,0,0,2
2025-11-07_csu_bakersfield_fresno_st,CSU Bakersfield,11,"Dias, Maria",True,20,1,3,0.333,0,0,,0,0,,0,0,0,1,1,2,0,0,2
2025-11-07_csu_bakersfield_fresno_st,CSU Bakersfield,55,"Puletasi, Adrienne",False,20,2,3,0.667,0,0,,1,1,1.0,0,3,3,1,0,2,1,2,5
2025-11-07_csu_bakersfield_fresno_st,CSU Bakersfield,02,"Carter, Aliyah",False,20,1,5,0.2,0,1,0.0,0,0,,0,2,2,1,0,3,0,1,2
2025-11-07_csu_bakersfield_fresno_st,CSU Bakersfield,04,"Powell, Ophelia",False,5,1,1,1.0,0,0,,0,0,,0,1,1,0,0,1,0,0,2
2025-11-07_csu_bakersfield_fresno_st,CSU Bakersfield,22,"Kincade, Dae’Jaidence",False,16,0,1,0.0,0,0,,0,0,,1,4,5,1,0,0,0,1,0
2025-11-07_csu_bakersfield_fresno_st,CSU Bakersfield,01,"Finley, Zalissa",False,5,0,0,,0,0,,0,0,,0,1,1,0,0,0,0,1,0
2025-11-07_csu_bakersfield_fresno_st,CSU Bakersfield,07,"Gallatly, Jaime",False,4,0,0,,0,0,,0,0,,0,0,0,0,0,0,0,0,0
2025-11-07_csu_bakersfield_fresno_st,CSU Bakersfield,30,"Dioli, Alli",False,4,0,1,0.0,0,1,0.0,0,0,,0,0,0,0,0,0,0,0,0
2025-11-07_csu_bakersfield_fresno_st,CSU Bakersfield,TM,TEAM,False,0,0,0,,0,0,,0,0,,0,0,0,0,0,1,0,0,0
2025-11-08_csun_san_diego,San Diego,6,"Ray, Kylie",True,38,7,22,0.318,3,7,0.429,3,4,0.75,1,8,9,2,3,9,0,3,20
2025-11-08_csun_san_diego,San Diego,20,"Rhodes, Hallie",True,30,5,12,0.417,0,1,0.0,4,5,0.8,2,3,5,2,2,1,2,1,14
2025-11-08_csun_san_diego,San Diego,10,"Holley, Helen",True,28,1,4,0.25,0,2,0.0,0,2,0.0,1,1,2,3,1,3,1,3,2
2025-11-08_csun_san_diego,San Diego,1,"Moore, Dresha",True,14,1,3,0.333,0,1,0.0,0,0,,1,0,1,3,1,1,0,0,2
2025-11-08_csun_san_diego,San Diego,11,"Tharpe, Malia",True,13,0,2,0.0,0,1,0.0,0,0,,0,1,1,2,0,0,0,0,0
2025-11-08_csun_san_diego,San Diego,3,"Amor, Lilly",False,17,2,2,1.0,0,0,,0,0,,0,1,1,0,0,2,0,1,4
2025-11-08_csun_san_diego,San Diego,22,"Williams, Ayla",False,10,0,1,0.0,0,0,,3,6,0.5,1,2,3,3,0,3,1,0,3
2025-11-08_csun_san_diego,San Diego,15,"Ruse, Eva",False,25,1,4,0.25,0,2,0.0,0,2,0.0,0,3,3,1,1,1,1,1,2
2025-11-08_csun_san_diego,San Diego,24,"Owens, Olivia",False,18,0,6,0.0,0,2,0.0,1,2,0.5,3,3,6,2,1,1,0,4,1
2025-11-08_csun_san_diego,San Diego,19,"Rhodes, Jayden",False,6,0,0,,0,0,,0,0,,0,0,0,0,0,0,0,0,0
2025-11-08_csun_san_diego,San Diego,12,"Carr, Erica",False,1,0,0,,0,0,,0,0,,0,0,0,0,0,1,0,0,0
2025-11-08_csun_san_diego,San Diego,TM,TEAM,False,0,0,0,,0,0,,0,0,,6,1,7,0,0,0,0,0,0
2025-11-08_csun_san_diego,CSUN,33,"Nazário, Rita",True,34,7,12,0.583,6,9,0.667,1,1,1.0,0,3,3,3,2,4,0,3,21
2025-11-08_csun_san_diego,CSUN,12,"Aspajo, Erika",True,27,2,9,0.222,0,4,0.0,0,0,,1,3,4,3,5,4,1,1,4
2025-11-08_csun_san_diego,CSUN,24,"Cos-morales, Mariona",True,20,2,6,0.333,0,2,0.0,0,0,,1,5,6,0,0,2,0,1,4
2025-11-08_csun_san_diego,CSUN,34,"Bernard, Nadia",True,15,2,4,0.5,0,0,,0,0,,3,1,4,6,1,3,1,0,4
2025-11-08_csun_san_diego,CSUN,22,"Dahlin, Laini",True,9,2,3,0.667,0,0,,0,0,,3,1,4,0,1,0,0,1,4
2025-11-08_csun_san_diego,CSUN,00,"Gbemuotor, Jite",False,20,4,7,0.571,1,1,1.0,2,2,1.0,3,5,8,2,0,0,1,1,11
2025-11-08_csun_san_diego,CSUN,2,"White, Saray",False,20,2,6,0.333,1,1,1.0,3,4,0.75,3,2,5,2,2,3,2,1,8
2025-11-08_csun_san_diego,CSUN,10,"Lizama, Alondra",False,17,1,4,0.25,0,2,0.0,2,2,1.0,2,1,3,0,0,1,0,0,4
2025-11-08_csun_san_diego,CSUN,1,"Moody, Amya",False,12,1,4,0.25,1,1,1.0,0,0,,0,2,2,1,3,1,0,0,3
2025-11-08_csun_san_diego,CSUN,4,"Edwards, Morgan",False,20,0,8,0.0,0,5,0.0,0,0,,0,2,2,1,2,3,1,1,0
2025-11-08_csun_san_diego,CSUN,3,"Tumlin, Kelly",False,3,0,1,0.0,0,0,,0,0,,0,1,1,0,0,1,0,0,0
2025-11-08_csun_san_diego,CSUN,23,"Contreras, Maya",False,3,0,0,,0,0,,0,0,,0,0,0,3,0,1,0,0,0
2025-11-08_csun_san_diego,CSUN,TM,TEAM,False,0,0,0,,0,0,,0,0,,2,2,4,0,0,0,0,0,0
2025-11-09_arizona_uc_irvine,UC Irvine,20,"Hernandez, Hunter",True,37,8,19,0.421,2,7,0.286,5,6,0.833,1,7,8,2,1,3,0,0,23
2025-11-09_arizona_uc_irvine,UC Irvine,23,"Wynn, Jada",True,29,1,6,0.167,0,3,0.0,10,16,0.625,1,8,9,3,1,2,0,0,12
2025-11-09_arizona_uc_irvine,UC Irvine,9,"Falcon Hernandez, Daniela",True,17,3,5,0.6,1,1,1.0,0,0,,0,2,2,5,0,2,1,0,7
2025-11-09_arizona_uc_irvine,UC Irvine,10,"Madsen, Lauryn",True,36,1,4,0.25,1,4,0.25,1,2,0.5,0,2,2,1,3,0,0,1,4
2025-11-09_arizona_uc_irvine,UC Irvine,12,"Nahum, Shirel",True,13,1,4,0.25,0,1,0.0,2,2,1.0,0,0,0,2,0,3,0,0,4
2025-11-09_arizona_uc_irvine,UC Irvine,24,"Zonzon-huyghe, Naomy",False,24,2,3,0.667,0,1,0.0,3,4,0.75,2,1,3,4,1,5,0,2,7
2025-11-09_arizona_uc_irvine,UC Irvine,13,"Stores, Nohe'alani",False,14,1,1,1.0,0,0,,2,3,0.667,0,0,0,5,0,1,2,0,4
2025-11-09_arizona_uc_irvine,UC Irvine,2,"Hernandez, Haley",False,20,0,3,0.0,0,0,,0,0,,1,2,3,1,0,0,0,0,0
2025-11-09_arizona_uc_irvine,UC Irvine,22,"Noa, Reese",False,5,0,0,,0,0,,0,0,,0,0,0,0,1,0,0,0,0
2025-11-09_arizona_uc_irvine,UC Irvine,1,"Grant, Ameerah",False,4,0,0,,0,0,,0,0,,0,0,0,0,0,1,0,0,0
2025-11-09_arizona_uc_irvine,UC Irvine,21,"Baltzi, Despoina",False,1,0,0,,0,0,,0,0,,0,0,0,0,0,0,0,0,0
2025-11-09_arizona_uc_irvine,UC Irvine,TM,TEAM,False,0,0,0,,0,0,,0,0,,4,4,8,0,0,0,0,0,0
2025-11-09_arizona_uc_irvine,Arizona,00,"Perdue, Mickayla",True,40,9,20,0.45,5,13,0.385,8,10,0.8,0,1,1,3,0,1,0,0,31
2025-11-09_arizona_uc_irvine,Arizona,4,"Cornfield, Noelani",True,38,4,14,0.286,0,5,0.0,6,7,0.857,0,5,5,5,12,4,0,5,14
2025-11-09_arizona_uc_irvine,Arizona,33,"Trammell, Daniah",True,27,5,7,0.714,0,0,,3,3,1.0,0,2,2,5,0,4,0,0,13
2025-11-09_arizona_uc_irvine,Arizona,8,"Jurado, Mireia",True,28,2,5,0.4,0,1,0.0,0,0,,2,6,8,5,0,0,0,0,4
2025-11-09_arizona_uc_irvine,Arizona,3,"Sugapong, Sumayah",True,17,0,2,0.0,0,0,,0,0,,0,3,3,4,1,1,0,1,0
2025-11-09_arizona_uc_irvine,Arizona,13,"Francois, Nora",False,24,2,5,0.4,0,0,,4,4,1.0,2,7,9,3,2,1,0,0,8
2025-11-09_arizona_uc_irvine,Arizona,5,"Ladwig, Molly",False,18,2,6,0.333,1,5,0.2,0,0,,1,0,1,4,0,0,0,1,5
2025-11-09_arizona_uc_irvine,Arizona,1,"Kitchen, Kamryn",False,5,0,2,0.0,0,1,0.0,0,0,,0,1,1,0,1,0,0,0,0
2025-11-09_arizona_uc_irvine,Arizona,11,"Welch, Tanyuel",False,3,0,0,,0,0,,0,0,,0,0,0,1,0,0,0,0,0
2025-11-09_arizona_uc_irvine,Arizona,20,"Magot, Achol",False,0,0,0,,0,0,,0,0,,1,0,1,2,0,2,0,0,0
2025-11-09_arizona_uc_irvine,Arizona,TM,TEAM,False,0,0,0,,0,0,,0,0,,7,0,7,0,0,0,0,0,0
2025-11-09_seattle_u_uc_santa_barbara,UC Santa Barbara,23,"Shaw, Zoe",True,28,7,11,0.636,5,9,0.556,0,0,,1,6,7,0,4,0,0,1,19
2025-11-09_seattle_u_uc_santa_barbara,UC Santa Barbara,02,"Borter, Zoe",True,23,8,12,0.667,1,3,0.333,1,2,0.5,1,4,5,0,2,0,0,1,18
2025-11-09_seattle_u_uc_santa_barbara,UC Santa Barbara,05,"Bradley, Olivia",True,23,6,11,0.545,1,3,0.333,1,2,0.5,1,6,7,1,2,1,2,1,14
2025-11-09_seattle_u_uc_santa_barbara,UC Santa Barbara,12,"Naro, Maddie",True,25,3,4,0.75,0,0,,2,3,0.667,1,3,4,2,2,0,0,0,8
2025-11-09_seattle_u_uc_santa_barbara,UC Santa Barbara,55,"Burke, Skylar",True,26,1,7,0.143,0,1,0.0,0,0,,0,2,2,1,4,0,1,0,2
2025-11-09_seattle_u_uc_santa_barbara,UC Santa Barbara,15,"Andersen, Chauncey",False,19,5,9,0.556,4,7,0.571,0,1,0.0,1,3,4,3,2,1,0,1,14
2025-11-09_seattle_u_uc_santa_barbara,UC Santa Barbara,32,"Grant, Jessica",False,17,2,3,0.667,2,3,0.667,0,0,,0,2,2,2,3,2,0,0,6
2025-11-09_seattle_u_uc_santa_barbara,UC Santa Barbara,04,"Puente-Valverde, Júlia",False,11,2,5,0.4,0,1,0.0,0,0,,0,3,3,4,1,1,0,1,4
2025-11-09_seattle_u_uc_santa_barbara,UC Santa Barbara,21,"Penna, Valentina",False,3,0,0,,0,0,,2,2,1.0,1,0,1,0,0,0,0,0,2
2025-11-09_seattle_u_uc_santa_barbara,UC Santa Barbara,22,"Shum-Koubek, Helena",False,3,1,2,0.5,0,0,,0,0,,0,0,0,0,0,0,0,0,2
2025-11-09_seattle_u_uc_santa_barbara,UC Santa Barbara,08,"Rawlins, Ava",False,13,0,2,0.0,0,2,0.0,0,0,,0,1,1,1,0,2,1,0,0
2025-11-09_seattle_u_uc_santa_barbara,UC Santa Barbara,44,"Radnjic, Bojana",False,6,0,1,0.0,0,0,,0,0,,0,0,0,1,0,1,0,1,0
2025-11-09_seattle_u_uc_santa_barbara,UC Santa Barbara,35,"Mastora, Malani",False,3,0,0,,0,0,,0,0,,1,0,1,0,0,0,0,0,0
2025-11-09_seattle_u_uc_santa_barbara,UC Santa Barbara,TM,TEAM,False,0,0,0,,0,0,,0,0,,0,0,0,0,0,1,0,0,0
2025-11-09_seattle_u_uc_santa_barbara,Seattle U,09,"Vesic, Jana",True,35,7,13,0.538,2,4,0.5,1,3,0.333,0,1,1,2,3,5,0,0,17
2025-11-09_seattle_u_uc_santa_barbara,Seattle U,03,"Brubaker, Ella",True,24,3,8,0.375,2,4,0.5,5,5,1.0,0,4,4,3,0,3,0,1,13
2025-11-09_seattle_u_uc_santa_barbara,Seattle U,14,"Stricklin, Tamia",True,19,2,11,0.182,0,4,0.0,1,1,1.0,3,7,10,2,1,0,2,0,5
2025-11-09_seattle_u_uc_santa_barbara,Seattle U,05,"Mogel, Dylan",True,27,1,3,0.333,0,0,,0,0,,0,0,0,0,1,0,0,0,2
2025-11-09_seattle_u_uc_santa_barbara,Seattle U,24,"Rodriguez, Sydnie",True,21,0,3,0.0,0,3,0.0,2,2,1.0,1,3,4,2,1,4,1,1,2
2025-11-09_seattle_u_uc_santa_barbara,Seattle U,07,"Milkovic, Lucija",False,10,3,5,0.6,0,0,,0,0,,1,2,3,1,0,2,0,0,6
2025-11-09_seattle_u_uc_santa_barbara,Seattle U,08,"Emanga, Chloe",False,25,1,8,0.125,0,2,0.0,0,0,,0,3,3,1,0,0,0,1,2
2025-11-09_seattle_u_uc_santa_barbara,Seattle U,21,"Ibarra, Aaliyah",False,13,1,3,0.333,0,1,0.0,0,0,,0,2,2,1,0,0,0,1,2
2025-11-09_seattle_u_uc_santa_barbara,Seattle U,04,"Proctor, Fia",False,14,0,1,0.0,0,1,0.0,0,0,,0,0,0,2,1,0,0,0,0
2025-11-09_seattle_u_uc_santa_barbara,Seattle U,22,"Larson, Lucy",False,12,0,2,0.0,0,2,0.0,0,0,,0,0,0,2,0,2,0,1,0
2025-11-09_seattle_u_uc_santa_barbara,Seattle U,TM,TEAM,False,0,0,0,,0,0,,0,0,,0,0,0,0,0,1,0,0,0
2025-11-09_stanford_cal_poly,Cal Poly,00,"McManus, Vanessa",True,30,11,17,0.647,3,5,0.6,4,4,1.0,1,2,3,0,0,1,0,0,29
2025-11-09_stanford_cal_poly,Cal Poly,32,"Thompson, Charish",True,33,3,10,0.3,0,0,,4,4,1.0,1,2,3,2,0,5,0,0,10
2025-11-09_stanford_cal_poly,Cal Poly,22,"Goosby, Alana",True,29,3,6,0.5,0,0,,0,0,,1,5,6,0,1,1,0,0,6
2025-11-09_stanford_cal_poly,Cal Poly,7,"Billing, Jordan",True,21,0,3,0.0,0,2,0.0,2,2,1.0,0,0,0,2,1,0,0,1,2
2025-11-09_stanford_cal_poly,Cal Poly,24,"Butcher, Madison",True,16,0,2,0.0,0,0,,0,0,,1,2,3,0,0,4,0,0,0
2025-11-09_stanford_cal_poly,Cal Poly,23,"Moleón Hidalgo, Ana",False,28,2,6,0.333,0,0,,0,0,,0,2,2,2,0,6,0,1,4
2025-11-09_stanford_cal_poly,Cal Poly,14,"Bears, Gillian",False,20,1,4,0.25,0,0,,0,0,,0,2,2,4,0,2,0,1,2
2025-11-09_stanford_cal_poly,Cal Poly,9,"Perez, Nora",False,16,1,5,0.2,0,0,,0,0,,1,2,3,4,0,2,0,0,2
2025-11-09_stanford_cal_poly,Cal Poly,55,"Franklin, Vivian",False,7,0,1,0.0,0,1,0.0,0,0,,0,0,0,0,0,0,0,0,0
2025-11-09_stanford_cal_poly,Cal Poly,TM,TEAM,False,0,0,0,,0,0,,0,0,,2,2,4,0,0,0,0,0,0
2025-11-09_stanford_cal_poly,Stanford,3,"Agara, Nunu",True,20,6,10,0.6,0,1,0.0,4,4,1.0,5,2,7,1,0,1,1,1,16
2025-11-09_stanford_cal_poly,Stanford,12,"Somfai, Lara",True,23,6,14,0.429,1,6,0.167,1,2,0.5,3,7,10,0,1,4,1,3,14
2025-11-09_stanford_cal_poly,Stanford,40,"Ogden, Courtney",True,26,5,10,0.5,1,4,0.25,1,1,1.0,2,5,7,1,1,1,2,2,12
2025-11-09_stanford_cal_poly,Stanford,2,"Swain, Hailee",True,22,6,10,0.6,0,1,0.0,0,0,,0,1,1,0,1,0,0,0,12
2025-11-09_stanford_cal_poly,Stanford,10,"Lepolo, Talana",True,24,2,3,0.667,2,3,0.667,0,0,,0,2,2,2,4,0,0,0,6
2025-11-09_stanford_cal_poly,Stanford,13,"Clardy, Chloe",False,28,4,8,0.5,1,4,0.25,5,5,1.0,0,1,1,1,3,1,0,2,14
2025-11-09_stanford_cal_poly,Stanford,22,"Stevenson, Mary Ashley",False,19,1,2,0.5,0,0,,6,6,1.0,0,4,4,0,2,2,0,0,8
2025-11-09_stanford_cal_poly,Stanford,11,"Amborn, Carly",False,4,2,2,1.0,2,2,1.0,0,0,,0,0,0,0,0,0,0,1,6
2025-11-09_stanford_cal_poly,Stanford,6,"Ijiwoye, Shay",False,12,1,2,0.5,0,1,0.0,0,0,,0,1,1,2,2,0,0,0,2
2025-11-09_stanford_cal_poly,Stanford,4,"Eschmeyer, Alexandra",False,14,0,3,0.0,0,0,,0,0,,1,2,3,2,3,1,1,1,0
2025-11-09_stanford_cal_poly,Stanford,15,"Peterson, Harper",False,5,0,1,0.0,0,0,,0,2,0.0,0,0,0,1,0,0,0,0,0
2025-11-09_stanford_cal_poly,Stanford,24,"Papadaki, Stavi",False,3,0,0,,0,0,,0,0,,0,0,0,0,0,0,0,0,0
2025-11-09_stanford_cal_poly,Stanford,TM,TEAM,False,0,0,0,,0,0,,0,0,,2,1,3,0,0,2,0,0,0
2025-11-09_colorado_st_long_beach_st,Long Beach St.,30,"Jones-brown, Jaquoia",True,34,6,13,0.462,1,4,0.25,0,0,,0,10,10,2,2,0,0,1,13
2025-11-09_colorado_st_long_beach_st,Long Beach St.,32,"Pukis, Brynna",True,33,2,6,0.333,2,5,0.4,0,0,,1,5,6,2,1,4,0,0,6
2025-11-09_colorado_st_long_beach_st,Long Beach St.,42,"Oliva Fernandez, Judit",True,19,2,11,0.182,1,3,0.333,1,2,0.5,2,4,6,2,1,4,2,0,6
2025-11-09_colorado_st_long_beach_st,Long Beach St.,5,"Ka, Kennan",True,29,1,6,0.167,1,3,0.333,2,2,1.0,1,2,3,3,2,1,1,0,5
2025-11-09_colorado_st_long_beach_st,Long Beach St.,13,"Pepe, Khylee",True,19,0,5,0.0,0,1,0.0,0,0,,1,3,4,2,0,4,0,0,0
2025-11-09_colorado_st_long_beach_st,Long Beach St.,10,"Reynoso, Christy",False,19,1,5,0.2,1,5,0.2,0,0,,0,1,1,0,1,1,0,0,3
2025-11-09_colorado_st_long_beach_st,Long Beach St.,2,"Akot, Rosie",False,7,0,3,0.0,0,0,,1,2,0.5,1,2,3,3,0,4,0,0,1
2025-11-09_colorado_st_long_beach_st,Long Beach St.,00,"Cummings, Lauren",False,18,0,0,,0,0,,0,0,,0,4,4,3,0,2,0,1,0
2025-11-09_colorado_st_long_beach_st,Long Beach St.,33,"Wright, Haley",False,16,0,1,0.0,0,1,0.0,0,2,0.0,0,1,1,3,0,3,0,0,0
2025-11-09_colorado_st_long_beach_st,Long Beach St.,25,"Mack, Morgan",False,5,0,2,0.0,0,1,0.0,0,0,,0,0,0,1,0,0,0,0,0
2025-11-09_colorado_st_long_beach_st,Long Beach St.,3,"Samuel-afolabi, Tairat",False,1,0,0,,0,0,,0,0,,1,1,2,0,0,1,0,0,0
2025-11-09_colorado_st_long_beach_st,Long Beach St.,TM,TEAM,False,0,0,0,,0,0,,0,0,,1,1,2,0,0,0,0,0,0
2025-11-09_colorado_st_long_beach_st,Colorado St.,3,"Bargesser, Lexus",True,23,6,9,0.667,1,3,0.333,4,4,1.0,1,6,7,1,4,1,0,0,17
2025-11-09_colorado_st_long_beach_st,Colorado St.,30,"Ronsiek, Hannah",True,26,4,11,0.364,2,9,0.222,0,0,,2,4,6,1,0,1,1,2,10
2025-11-09_colorado_st_long_beach_st,Colorado St.,00,"Bragg, Madelyn",True,15,4,7,0.571,0,0,,2,2,1.0,2,0,2,3,1,1,1,1,10
2025-11-09_colorado_st_long_beach_st,Colorado St.,2,"Carlson, Brooke",True,21,3,9,0.333,0,4,0.0,0,0,,2,3,5,2,5,2,0,1,6
2025-11-09_colorado_st_long_beach_st,Colorado St.,1,"Froebe, Kloe",True,21,2,6,0.333,0,1,0.0,0,1,0.0,1,1,2,0,4,0,0,1,4
2025-11-09_colorado_st_long_beach_st,Colorado St.,6,"Deden, Lexi",False,14,4,7,0.571,0,0,,3,4,0.75,2,5,7,1,0,0,1,0,11
2025-11-09_colorado_st_long_beach_st,Colorado St.,31,"Murphy, McKenna",False,24,3,9,0.333,2,7,0.286,2,2,1.0,0,3,3,0,1,0,0,4,10
2025-11-09_colorado_st_long_beach_st,Colorado St.,23,"Kramer, Caitlin",False,7,1,3,0.333,1,2,0.5,0,0,,0,2,2,1,0,0,0,2,3
2025-11-09_colorado_st_long_beach_st,Colorado St.,24,"Pawlicki, Olivia",False,6,1,1,1.0,0,0,,0,0,,1,1,2,2,0,1,0,0,2
2025-11-09_colorado_st_long_beach_st,Colorado St.,5,"Fife, Jadyn",False,19,0,2,0.0,0,2,0.0,0,0,,0,7,7,2,1,0,0,0,0
2025-11-09_colorado_st_long_beach_st,Colorado St.,14,"Leimane, Marta",False,17,0,4,0.0,0,2,0.0,0,0,,0,1,1,0,0,1,0,0,0
2025-11-09_colorado_st_long_beach_st,Colorado St.,11,"Smith, Gianna",False,7,0,4,0.0,0,4,0.0,0,0,,0,0,0,0,0,0,0,1,0
2025-11-09_colorado_st_long_beach_st,Colorado St.,TM,TEAM,False,0,0,0,,0,0,,0,0,,1,1,2,0,0,0,0,0,0
2025-11-09_cal_st_fullerton_cleveland_st,Cleveland St.,13,"Zingaro, Izabella",True,29,6,8,0.75,0,0,,4,5,0.8,4,8,12,3,0,2,2,1,16
2025-11-09_cal_st_fullerton_cleveland_st,Cleveland St.,11,"Maples, Colbi",True,20,2,7,0.286,2,5,0.4,6,8,0.75,1,1,2,5,0,6,0,0,12
2025-11-09_cal_st_fullerton_cleveland_st,Cleveland St.,03,"Leonard, Jada",True,37,3,11,0.273,1,5,0.2,4,6,0.667,0,3,3,1,1,8,0,5,11
2025-11-09_cal_st_fullerton_cleveland_st,Cleveland St.,30,"Fegan, Macey",True,33,4,6,0.667,0,1,0.0,1,2,0.5,1,3,4,3,1,4,1,0,9
2025-11-09_cal_st_fullerton_cleveland_st,Cleveland St.,25,"Van Weelden, Ella",True,8,0,1,0.0,0,1,0.0,0,0,,0,0,0,2,0,1,0,0,0
2025-11-09_cal_st_fullerton_cleveland_st,Cleveland St.,10,"Pique, Paula",False,33,4,7,0.571,2,4,0.5,0,0,,3,7,10,3,6,5,0,3,10
2025-11-09_cal_st_fullerton_cleveland_st,Cleveland St.,20,"Rockwood, Laurel",False,7,1,2,0.5,0,0,,4,4,1.0,1,2,3,3,1,1,0,0,6
2025-11-09_cal_st_fullerton_cleveland_st,Cleveland St.,12,"Magassa, Ayisse",False,17,1,2,0.5,0,0,,2,2,1.0,2,3,5,2,1,4,1,1,4
2025-11-09_cal_st_fullerton_cleveland_st,Cleveland St.,21,"Royal-Davis, Madison",False,9,0,1,0.0,0,0,,0,0,,2,0,2,3,0,0,0,0,0
2025-11-09_cal_st_fullerton_cleveland_st,Cleveland St.,09,"Hurley, Sarah",False,4,0,0,,0,0,,0,0,,0,0,0,0,0,0,0,1,0
2025-11-09_cal_st_fullerton_cleveland_st,Cleveland St.,07,"Medina Kajevic, Hanna",False,3,0,0,,0,0,,0,2,0.0,0,0,0,1,0,1,0,0,0
2025-11-09_cal_st_fullerton_cleveland_st,Cleveland St.,TM,TEAM,False,0,0,0,,0,0,,0,0,,0,4,4,0,0,0,0,0,0
2025-11-09_cal_st_fullerton_cleveland_st,Cal St. Fullerton,00,"Steiner, Nicole",True,32,6,10,0.6,0,0,,6,8,0.75,3,3,6,4,3,1,1,1,18
2025-11-09_cal_st_fullerton_cleveland_st,Cal St. Fullerton,55,"Jones, Cristina",True,23,2,7,0.286,0,0,,2,7,0.286,4,0,4,4,1,2,0,2,6
2025-11-09_cal_st_fullerton_cleveland_st,Cal St. Fullerton,03,"Tauro, Maddy",True,18,2,8,0.25,0,0,,0,0,,1,2,3,3,1,3,0,1,4
2025-11-09_cal_st_fullerton_cleveland_st,Cal St. Fullerton,33,"Pearson, Kya",True,18,0,4,0.0,0,2,0.0,3,4,0.75,0,2,2,3,0,3,1,2,3
2025-11-09_cal_st_fullerton_cleveland_st,Cal St. Fullerton,04,"Falsdottir, Jana",True,24,1,4,0.25,0,1,0.0,0,4,0.0,1,0,1,5,2,2,0,4,2
2025-11-09_cal_st_fullerton_cleveland_st,Cal St. Fullerton,22,"Muniz, Madelynn",False,32,3,10,0.3,2,9,0.222,3,4,0.75,1,1,2,2,1,1,0,2,11
2025-11-09_cal_st_fullerton_cleveland_st,Cal St. Fullerton,05,"Sutisna, Maxine",False,21,4,7,0.571,0,2,0.0,3,4,0.75,0,2,2,1,1,2,0,2,11
2025-11-09_cal_st_fullerton_cleveland_st,Cal St. Fullerton,23,"Maxwell, Talia",False,12,0,1,0.0,0,0,,4,6,0.667,0,2,2,1,0,0,0,1,4
2025-11-09_cal_st_fullerton_cleveland_st,Cal St. Fullerton,13,"Petersen, Lilliana",False,5,1,2,0.5,0,1,0.0,0,0,,0,0,0,1,0,0,1,0,2
2025-11-09_cal_st_fullerton_cleveland_st,Cal St. Fullerton,10,"Swindle, Dylan",False,11,0,0,,0,0,,0,0,,0,2,2,1,1,1,0,1,0
2025-11-09_cal_st_fullerton_cleveland_st,Cal St. Fullerton,01,"Moon, Mimi",False,4,0,1,0.0,0,0,,0,0,,0,0,0,0,0,2,0,0,0
2025-11-09_cal_st_fullerton_cleveland_st,Cal St. Fullerton,TM,TEAM,False,0,0,0,,0,0,,0,0,,1,0,1,0,0,1,0,0,0
2025-11-11_csu_bakersfield_utah_st,Utah St.,55,"Sene, Sophie",True,24,4,7,0.571,0,1,0.0,10,10,1.0,2,5,7,4,1,2,0,1,18
2025-11-11_csu_bakersfield_utah_st,Utah St.,03,"Gayles, Aaliyah",True,29,6,15,0.4,3,7,0.429,2,2,1.0,1,1,2,4,1,4,0,2,17
2025-11-11_csu_bakersfield_utah_st,Utah St.,15,"Sanford, Karyn",True,33,3,6,0.5,2,3,0.667,2,2,1.0,2,3,5,1,2,3,0,0,10
2025-11-11_csu_bakersfield_utah_st,Utah St.,54,"Asensio, Marina",True,32,2,10,0.2,1,6,0.167,4,6,0.667,0,1,1,3,3,0,1,1,9
2025-11-11_csu_bakersfield_utah_st,Utah St.,31,"Brown, Macie",True,8,0,1,0.0,0,1,0.0,0,0,,0,4,4,1,0,1,0,1,0
2025-11-11_csu_bakersfield_utah_st,Utah St.,00,"Wilson, Rachel",False,16,2,4,0.5,0,0,,1,2,0.5,1,1,2,3,2,3,0,0,5
2025-11-11_csu_bakersfield_utah_st,Utah St.,09,"Munoz Herreros, Paloma",False,6,1,1,1.0,1,1,1.0,0,0,,0,0,0,1,0,0,0,0,3
2025-11-11_csu_bakersfield_utah_st,Utah St.,32,"Heaton, Jamisyn",False,30,1,2,0.5,0,0,,0,0,,2,4,6,1,3,3,0,0,2
2025-11-11_csu_bakersfield_utah_st,Utah St.,08,"Rosello Lopez, Aitana",False,7,1,1,1.0,0,0,,0,0,,0,0,0,0,1,0,0,0,2
2025-11-11_csu_bakersfield_utah_st,Utah St.,13,"Marojevic, Andjela",False,6,1,1,1.0,0,0,,0,0,,0,0,0,1,0,0,0,0,2
2025-11-11_csu_bakersfield_utah_st,Utah St.,23,"Livingston, Elise",False,9,0,0,,0,0,,0,0,,1,0,1,1,0,1,0,0,0
2025-11-11_csu_bakersfield_utah_st,Utah St.,12,"Cosme, Bella",False,,0,0,,0,0,,0,0,,0,0,0,0,0,0,0,0,0
2025-11-11_csu_bakersfield_utah_st,Utah St.,TM,TEAM,False,0,0,0,,0,0,,0,0,,1,3,4,0,0,0,0,0,0
2025-11-11_csu_bakersfield_utah_st,CSU Bakersfield,11,"Dias, Maria",True,32,6,18,0.333,2,6,0.333,0,0,,0,3,3,3,3,2,0,1,14
2025-11-11_csu_bakersfield_utah_st,CSU Bakersfield,12,"Coleman , Chrishawn",True,28,3,15,0.2,1,6,0.167,5,6,0.833,1,5,6,4,1,3,1,1,12
2025-11-11_csu_bakersfield_utah_st,CSU Bakersfield,14,"Hawkins, Morgan",True,34,4,6,0.667,1,2,0.5,2,3,0.667,1,3,4,4,4,0,0,1,11
2025-11-11_csu_bakersfield_utah_st,CSU Bakersfield,08,"Langi, Marley",True,23,5,7,0.714,1,2,0.5,0,0,,3,2,5,4,1,1,0,0,11
2025-11-11_csu_bakersfield_utah_st,CSU Bakersfield,22,"Kincade, Dae’Jaidence",True,25,1,2,0.5,0,0,,0,0,,1,1,2,4,1,2,1,3,2
2025-11-11_csu_bakersfield_utah_st,CSU Bakersfield,24,"Ikidi, Tena",False,31,4,10,0.4,0,0,,4,6,0.667,6,3,9,1,1,3,2,0,12
2025-11-11_csu_bakersfield_utah_st,CSU Bakersfield,04,"Powell, Ophelia",False,4,1,1,1.0,0,0,,0,0,,0,0,0,0,0,1,0,1,2
2025-11-11_csu_bakersfield_utah_st,CSU Bakersfield,02,"Carter, Aliyah",False,18,0,1,0.0,0,0,,1,2,0.5,2,0,2,1,2,1,0,2,1
2025-11-11_csu_bakersfield_utah_st,CSU Bakersfield,07,"Gallatly, Jaime",False,2,0,0,,0,0,,0,0,,0,0,0,0,0,0,1,0,0
2025-11-11_csu_bakersfield_utah_st,CSU Bakersfield,30,"Dioli, Alli",False,2,0,0,,0,0,,0,0,,0,0,0,0,0,0,0,0,0
2025-11-11_csu_bakersfield_utah_st,CSU Bakersfield,01,"Finley, Zalissa",False,1,0,0,,0,0,,0,0,,1,0,1,0,0,0,0,0,0
2025-11-11_csu_bakersfield_utah_st,CSU Bakersfield,TM,TEAM,False,0,0,0,,0,0,,0,0,,1,1,2,0,0,3,0,0,0
2025-11-12_weber_st_uc_davis,UC Davis,04,"Epps, Nya",True,30,7,11,0.636,4,6,0.667,2,2,1.0,1,3,4,1,1,3,0,2,20
2025-11-12_weber_st_uc_davis,UC Davis,02,"Bennett, Ryann",True,33,5,12,0.417,2,5,0.4,4,4,1.0,3,2,5,2,4,5,0,0,16
2025-11-12_weber_st_uc_davis,UC Davis,09,"Sussex, Avery",True,29,6,13,0.462,3,9,0.333,0,0,,0,5,5,1,1,2,0,2,15
2025-11-12_weber_st_uc_davis,UC Davis,25,"Norris, Megan",True,31,2,9,0.222,1,2,0.5,4,5,0.8,1,8,9,1,5,1,1,1,9
2025-11-12_weber_st_uc_davis,UC Davis,10,"Young, Tegan",True,28,1,6,0.167,0,5,0.0,0,0,,0,5,5,0,1,1,0,2,2
2025-11-12_weber_st_uc_davis,UC Davis,11,"Ersdala, Emmy",False,21,2,4,0.5,1,3,0.333,0,0,,1,7,8,0,2,2,0,1,5
2025-11-12_weber_st_uc_davis,UC Davis,15,"Lentfer, Sophie",False,16,1,2,0.5,1,1,1.0,0,0,,1,4,5,0,0,0,0,0,3
2025-11-12_weber_st_uc_davis,UC Davis,21,"Tsami, Theoni",False,7,1,3,0.333,1,1,1.0,0,0,,0,1,1,3,1,2,0,2,3
2025-11-12_weber_st_uc_davis,UC Davis,01,"Davis, Carrington",False,5,1,1,1.0,0,0,,0,0,,0,2,2,0,1,0,0,0,2
2025-11-12_weber_st_uc_davis,UC Davis,TM,TEAM,False,0,0,0,,0,0,,0,0,,1,0,1,0,0,0,0,0,0
2025-11-12_weber_st_uc_davis,Weber St.,32,"Billy, Lanae",True,36,7,15,0.467,3,8,0.375,2,2,1.0,0,1,1,1,3,4,0,1,19
2025-11-12_weber_st_uc_davis,Weber St.,07,"Emma-Nnopu, Antoniette",True,28,4,9,0.444,0,2,0.0,1,2,0.5,6,10,16,2,1,1,0,2,9
2025-11-12_weber_st_uc_davis,Weber St.,08,"Robbins, Hannah",True,33,3,13,0.231,1,4,0.25,0,1,0.0,1,0,1,1,0,1,2,1,7
2025-11-12_weber_st_uc_davis,Weber St.,10,"Lauro, Paris",True,24,2,7,0.286,0,4,0.0,0,0,,0,4,4,1,0,2,0,0,4
2025-11-12_weber_st_uc_davis,Weber St.,22,"White, Sydney",True,28,0,8,0.0,0,4,0.0,0,0,,0,3,3,2,2,2,1,2,0
2025-11-12_weber_st_uc_davis,Weber St.,00,"Davis, Maya",False,16,3,9,0.333,0,2,0.0,1,1,1.0,0,4,4,3,2,2,0,2,7
2025-11-12_weber_st_uc_davis,Weber St.,13,"Shaffer, Makenna",False,24,2,5,0.4,2,4,0.5,0,0,,1,3,4,2,0,1,0,0,6
2025-11-12_weber_st_uc_davis,Weber St.,25,"Willardson, Nicole",False,11,0,2,0.0,0,0,,0,0,,0,2,2,1,0,0,1,1,0
2025-11-12_weber_st_uc_davis,Weber St.,TM,TEAM,False,0,0,0,,0,0,,0,0,,2,1,3,0,0,1,0,0,0
2025-11-12_idaho_st_uc_irvine,UC Irvine,10,"Madsen, Lauryn",True,33,4,9,0.444,4,9,0.444,0,0,,1,1,2,1,0,2,0,0,12
2025-11-12_idaho_st_uc_irvine,UC Irvine,24,"Zonzon-huyghe, Naomy",True,25,4,5,0.8,1,2,0.5,0,0,,0,3,3,2,1,4,0,1,9
2025-11-12_idaho_st_uc_irvine,UC Irvine,23,"Wynn, Jada",True,33,2,7,0.286,1,2,0.5,0,0,,0,8,8,1,2,6,0,0,5
2025-11-12_idaho_st_uc_irvine,UC Irvine,20,"Hernandez, Hunter",True,31,0,7,0.0,0,1,0.0,4,4,1.0,0,2,2,3,1,5,0,1,4
2025-11-12_idaho_st_uc_irvine,UC Irvine,9,"Falcon Hernandez, Daniela",True,19,1,3,0.333,0,1,0.0,0,0,,1,2,3,0,0,0,0,0,2
2025-11-12_idaho_st_uc_irvine,UC Irvine,1,"Grant, Ameerah",False,13,1,2,0.5,1,1,1.0,4,4,1.0,0,1,1,2,4,1,0,1,7
2025-11-12_idaho_st_uc_irvine,UC Irvine,12,"Nahum, Shirel",False,13,2,6,0.333,0,1,0.0,0,0,,0,2,2,0,0,3,0,0,4
2025-11-12_idaho_st_uc_irvine,UC Irvine,22,"Noa, Reese",False,5,2,2,1.0,0,0,,0,0,,0,2,2,0,1,0,0,0,4
2025-11-12_idaho_st_uc_irvine,UC Irvine,2,"Hernandez, Haley",False,4,1,1,1.0,0,0,,0,0,,0,0,0,0,2,0,0,0,2
2025-11-12_idaho_st_uc_irvine,UC Irvine,13,"Stores, Nohe'alani",False,21,0,2,0.0,0,0,,0,0,,2,7,9,0,0,1,0,0,0
2025-11-12_idaho_st_uc_irvine,UC Irvine,21,"Baltzi, Despoina",False,3,0,0,,0,0,,0,0,,0,0,0,0,0,0,0,0,0
2025-11-12_idaho_st_uc_irvine,UC Irvine,TM,TEAM,False,0,0,0,,0,0,,0,0,,0,0,0,0,0,1,0,0,0
2025-11-12_idaho_st_uc_irvine,Idaho St.,5,"Jordan, Tasia",True,25,5,14,0.357,1,2,0.5,1,1,1.0,2,3,5,1,2,0,1,2,12
2025-11-12_idaho_st_uc_irvine,Idaho St.,14,"Carlson, Piper",True,28,5,11,0.455,0,0,,0,1,0.0,3,6,9,1,2,1,1,3,10
2025-11-12_idaho_st_uc_irvine,Idaho St.,1,"Spink, Kacey",True,28,4,11,0.364,0,1,0.0,0,0,,2,7,9,1,5,2,0,5,8
2025-11-12_idaho_st_uc_irvine,Idaho St.,4,"Aby, Alyse",True,26,3,8,0.375,1,4,0.25,1,2,0.5,0,0,0,1,0,1,0,1,8
2025-11-12_idaho_st_uc_irvine,Idaho St.,22,"Covello, Sophia",True,30,3,8,0.375,1,4,0.25,0,0,,0,1,1,2,3,1,0,2,7
2025-11-12_idaho_st_uc_irvine,Idaho St.,18,"Gauffrenet, Maeva",False,23,3,8,0.375,2,4,0.5,0,0,,0,2,2,3,0,3,0,0,8
2025-11-12_idaho_st_uc_irvine,Idaho St.,13,"Wolfram, Asa",False,12,2,3,0.667,0,0,,1,2,0.5,1,1,2,1,0,0,0,1,5
2025-11-12_idaho_st_uc_irvine,Idaho St.,2,"Caldwell, Aspen",False,10,1,2,0.5,1,1,1.0,0,0,,0,0,0,2,1,0,0,1,3
2025-11-12_idaho_st_uc_irvine,Idaho St.,12,"Marenchin, Mackenzie",False,8,0,1,0.0,0,0,,0,0,,0,0,0,0,1,0,0,0,0
2025-11-12_idaho_st_uc_irvine,Idaho St.,24,"Wright, Halle",False,7,0,1,0.0,0,0,,0,0,,1,0,1,1,0,0,0,0,0
2025-11-12_idaho_st_uc_irvine,Idaho St.,3,"Collman, Camryn",False,3,0,0,,0,0,,0,0,,0,0,0,0,0,0,0,0,0
2025-11-12_idaho_st_uc_irvine,Idaho St.,TM,TEAM,False,0,0,0,,0,0,,0,0,,1,0,1,0,0,1,0,0,0
2025-11-12_uc_san_diego_sacramento_st,Sacramento St.,11,"Gray, Rubi",True,38,8,18,0.444,4,9,0.444,4,4,1.0,1,3,4,0,0,3,3,1,24
2025-11-12_uc_san_diego_sacramento_st,Sacramento St.,02,"Picton, Natalie",True,40,3,8,0.375,2,6,0.333,5,6,0.833,1,2,3,0,1,1,0,3,13
2025-11-12_uc_san_diego_sacramento_st,Sacramento St.,45,"Jaiteh, Fatoumata",True,22,3,7,0.429,1,2,0.5,2,4,0.5,3,6,9,5,2,2,0,0,9
2025-11-12_uc_san_diego_sacramento_st,Sacramento St.,01,"Versteeg, Benthe",True,26,3,13,0.231,1,2,0.5,0,2,0.0,2,5,7,5,6,6,1,0,7
2025-11-12_uc_san_diego_sacramento_st,Sacramento St.,05,"Abiara, Elizabeth",True,14,1,1,1.0,0,0,,0,0,,2,6,8,0,0,0,0,2,2
2025-11-12_uc_san_diego_sacramento_st,Sacramento St.,03,"Taylor, Brooklyn",False,14,3,5,0.6,0,0,,3,4,0.75,3,4,7,2,2,0,0,0,9
2025-11-12_uc_san_diego_sacramento_st,Sacramento St.,08,"Salave'a, Keanna",False,23,2,5,0.4,0,0,,0,2,0.0,2,4,6,3,2,2,0,0,4
2025-11-12_uc_san_diego_sacramento_st,Sacramento St.,10,"Paananen, Pinja",False,6,1,1,1.0,0,0,,1,1,1.0,1,0,1,2,0,4,0,0,3
2025-11-12_uc_san_diego_sacramento_st,Sacramento St.,14,"Fa'i, Tali",False,10,0,1,0.0,0,1,0.0,0,0,,0,5,5,2,0,1,0,0,0
2025-11-12_uc_san_diego_sacramento_st,Sacramento St.,04,"Fontenberry, Jamiah",False,3,0,0,,0,0,,0,0,,0,1,1,0,0,0,1,0,0
2025-11-12_uc_san_diego_sacramento_st,Sacramento St.,22,"Mandaquit, Jaety",False,3,0,0,,0,0,,0,0,,0,0,0,0,0,0,0,0,0
2025-11-12_uc_san_diego_sacramento_st,Sacramento St.,12,"Lual, Ajong",False,1,0,0,,0,0,,0,0,,0,0,0,0,0,0,1,0,0
2025-11-12_uc_san_diego_sacramento_st,Sacramento St.,TM,TEAM,False,0,0,0,,0,0,,0,0,,1,1,2,0,0,3,0,0,0
2025-11-12_uc_san_diego_sacramento_st,UC San Diego,13,"Feiman, Lev",True,34,4,9,0.444,2,3,0.667,5,6,0.833,0,4,4,3,0,3,0,1,15
2025-11-12_uc_san_diego_sacramento_st,UC San Diego,15,"Ma, Sabrina",True,26,5,9,0.556,1,3,0.333,2,4,0.5,1,4,5,4,1,2,0,0,13
2025-11-12_uc_san_diego_sacramento_st,UC San Diego,10,"Maxie, Dymonique",True,39,5,13,0.385,0,2,0.0,1,3,0.333,2,0,2,5,3,4,0,2,11
2025-11-12_uc_san_diego_sacramento_st,UC San Diego,11,"Condron, Erin",True,30,2,10,0.2,0,2,0.0,3,4,0.75,3,6,9,1,4,3,1,2,7
2025-11-12_uc_san_diego_sacramento_st,UC San Diego,04,"Rose, Makayla",True,25,1,11,0.091,0,3,0.0,0,0,,0,2,2,0,0,0,0,1,2
2025-11-12_uc_san_diego_sacramento_st,UC San Diego,24,"Price, Niya",False,14,2,9,0.222,2,7,0.286,2,2,1.0,0,2,2,3,0,0,0,2,8
2025-11-12_uc_san_diego_sacramento_st,UC San Diego,12,"Smith, Rosa",False,10,1,1,1.0,1,1,1.0,0,0,,0,1,1,0,1,0,0,0,3
2025-11-12_uc_san_diego_sacramento_st,UC San Diego,21,"Polocheck, Nicki",False,13,0,0,,0,0,,1,2,0.5,1,3,4,4,0,1,0,0,1
2025-11-12_uc_san_diego_sacramento_st,UC San Diego,25,"Mahan, Junaé",False,5,0,0,,0,0,,0,0,,0,0,0,0,0,0,0,0,0
2025-11-12_uc_san_diego_sacramento_st,UC San Diego,30,"Sule, Damilola",False,4,0,0,,0,0,,0,0,,0,0,0,3,0,1,0,0,0
2025-11-12_uc_san_diego_sacramento_st,UC San Diego,TM,TEAM,False,0,0,0,,0,0,,0,0,,3,0,3,0,0,0,0,0,0
2025-11-12_long_beach_st_california_baptist,California Baptist,24,"Lemon, Khloe",True,24,6,10,0.6,5,7,0.714,0,2,0.0,0,2,2,1,1,0,1,1,17
2025-11-12_long_beach_st_california_baptist,California Baptist,10,"Bucher, Chance",True,24,5,11,0.455,5,8,0.625,0,0,,0,2,2,1,0,2,0,0,15
2025-11-12_long_beach_st_california_baptist,California Baptist,14,"Johansson, Emma",True,16,5,10,0.5,1,3,0.333,0,0,,2,3,5,5,4,3,3,1,11
2025-11-12_long_beach_st_california_baptist,California Baptist,5,"Barros, Filipa",True,36,3,8,0.375,0,4,0.0,4,5,0.8,1,11,12,2,11,0,1,4,10
2025-11-12_long_beach_st_california_baptist,California Baptist,27,"Legaspi, Cece",True,28,3,7,0.429,0,3,0.0,3,3,1.0,0,2,2,3,0,0,1,2,9
2025-11-12_long_beach_st_california_baptist,California Baptist,13,"Olsen, Lauren",False,25,5,13,0.385,3,6,0.5,2,2,1.0,1,4,5,0,2,3,0,1,15
2025-11-12_long_beach_st_california_baptist,California Baptist,4,"Hess, Reyleigh",False,27,2,7,0.286,0,2,0.0,2,2,1.0,1,4,5,4,2,2,1,0,6
2025-11-12_long_beach_st_california_baptist,California Baptist,11,"Alonso Hidalgo, Sofia",False,10,0,2,0.0,0,2,0.0,0,0,,0,1,1,3,1,1,0,0,0
2025-11-12_long_beach_st_california_baptist,California Baptist,3,"Nordstrom, Shawnee",False,7,0,3,0.0,0,3,0.0,0,0,,0,1,1,0,0,0,0,0,0
2025-11-12_long_beach_st_california_baptist,California Baptist,21,"Haw, Paula",False,3,0,0,,0,0,,0,0,,0,0,0,1,0,1,0,0,0
2025-11-12_long_beach_st_california_baptist,California Baptist,TM,TEAM,False,0,0,0,,0,0,,0,0,,3,4,7,0,0,0,0,0,0
2025-11-12_long_beach_st_california_baptist,Long Beach St.,30,"Jones-brown, Jaquoia",True,34,6,16,0.375,1,2,0.5,6,6,1.0,2,5,7,3,2,2,0,2,19
2025-11-12_long_beach_st_california_baptist,Long Beach St.,13,"Pepe, Khylee",True,32,5,14,0.357,1,2,0.5,2,2,1.0,2,7,9,0,5,2,0,0,13
2025-11-12_long_beach_st_california_baptist,Long Beach St.,42,"Oliva Fernandez, Judit",True,30,5,9,0.556,0,1,0.0,2,2,1.0,2,9,11,3,1,6,2,1,12
2025-11-12_long_beach_st_california_baptist,Long Beach St.,5,"Ka, Kennan",True,31,2,9,0.222,1,4,0.25,0,2,0.0,0,6,6,3,2,1,0,0,5
2025-11-12_long_beach_st_california_baptist,Long Beach St.,32,"Pukis, Brynna",True,32,0,9,0.0,0,6,0.0,1,2,0.5,0,2,2,2,1,2,0,0,1
2025-11-12_long_beach_st_california_baptist,Long Beach St.,00,"Cummings, Lauren",False,14,1,2,0.5,0,1,0.0,2,4,0.5,5,3,8,0,0,2,0,0,4
2025-11-12_long_beach_st_california_baptist,Long Beach St.,3,"Samuel-afolabi, Tairat",False,7,1,3,0.333,0,1,0.0,1,2,0.5,0,0,0,1,1,1,0,0,3
2025-11-12_long_beach_st_california_baptist,Long Beach St.,25,"Mack, Morgan",False,7,1,2,0.5,1,2,0.5,0,0,,0,1,1,1,0,1,0,0,3
2025-11-12_long_beach_st_california_baptist,Long Beach St.,2,"Akot, Rosie",False,5,0,1,0.0,0,0,,0,2,0.0,1,0,1,1,0,2,0,0,0
2025-11-12_long_beach_st_california_baptist,Long Beach St.,10,"Reynoso, Christy",False,5,0,2,0.0,0,2,0.0,0,0,,0,0,0,1,0,0,0,0,0
2025-11-12_long_beach_st_california_baptist,Long Beach St.,33,"Wright, Haley",False,3,0,0,,0,0,,0,0,,0,0,0,0,0,0,0,0,0
2025-11-12_long_beach_st_california_baptist,Long Beach St.,TM,TEAM,False,0,0,0,,0,0,,0,0,,4,2,6,0,0,0,0,0,0
2025-11-12_san_diego_st_csun,CSUN,33,"Nazário, Rita",True,25,4,10,0.4,3,9,0.333,5,5,1.0,0,2,2,3,2,2,0,2,16
2025-11-12_san_diego_st_csun,CSUN,34,"Bernard, Nadia",True,24,4,6,0.667,0,0,,2,2,1.0,2,4,6,1,0,1,0,0,10
2025-11-12_san_diego_st_csun,CSUN,12,"Aspajo, Erika",True,24,3,5,0.6,1,1,1.0,0,0,,0,1,1,4,6,7,0,3,7
2025-11-12_san_diego_st_csun,CSUN,24,"Cos-morales, Mariona",True,19,3,6,0.5,0,1,0.0,0,0,,0,6,6,2,1,1,0,0,6
2025-11-12_san_diego_st_csun,CSUN,22,"Dahlin, Laini",True,18,0,3,0.0,0,1,0.0,2,2,1.0,0,0,0,2,0,1,0,0,2
2025-11-12_san_diego_st_csun,CSUN,4,"Edwards, Morgan",False,19,3,10,0.3,2,5,0.4,0,0,,1,0,1,1,2,1,0,0,8
2025-11-12_san_diego_st_csun,CSUN,3,"Tumlin, Kelly",False,12,2,4,0.5,1,3,0.333,0,0,,0,3,3,0,0,0,0,0,5
2025-11-12_san_diego_st_csun,CSUN,00,"Gbemuotor, Jite",False,8,2,3,0.667,0,1,0.0,1,2,0.5,1,0,1,4,0,2,0,0,5
2025-11-12_san_diego_st_csun,CSUN,1,"Moody, Amya",False,18,1,4,0.25,1,3,0.333,0,0,,0,2,2,1,5,1,0,0,3
2025-11-12_san_diego_st_csun,CSUN,2,"White, Saray",False,13,1,2,0.5,1,1,1.0,0,0,,0,0,0,2,0,0,0,1,3
2025-11-12_san_diego_st_csun,CSUN,23,"Contreras, Maya",False,8,1,3,0.333,0,0,,1,4,0.25,2,0,2,1,0,0,0,0,3
2025-11-12_san_diego_st_csun,CSUN,10,"Lizama, Alondra",False,12,1,3,0.333,0,0,,0,0,,0,1,1,0,0,0,1,0,2
2025-11-12_san_diego_st_csun,CSUN,TM,TEAM,False,0,0,0,,0,0,,0,0,,2,0,2,0,0,0,0,0,0
2025-11-12_san_diego_st_csun,San Diego St.,00,"Lee, Kennedy",True,21,8,14,0.571,7,10,0.7,1,2,0.5,1,4,5,3,1,2,0,3,24
2025-11-12_san_diego_st_csun,San Diego St.,14,"Williams, Nala",True,21,8,10,0.8,2,3,0.667,1,3,0.333,1,2,3,2,6,3,0,5,19
2025-11-12_san_diego_st_csun,San Diego St.,24,"Panganiban, Naomi",True,22,4,10,0.4,1,3,0.333,6,6,1.0,1,0,1,1,1,0,0,0,15
2025-11-12_san_diego_st_csun,San Diego St.,20,"Barnhard, Bailey",True,19,2,7,0.286,1,2,0.5,2,2,1.0,4,2,6,0,1,1,1,0,7
2025-11-12_san_diego_st_csun,San Diego St.,10,"Martinez, Nat",True,23,1,5,0.2,1,4,0.25,1,2,0.5,0,4,4,3,4,2,0,0,4
2025-11-12_san_diego_st_csun,San Diego St.,3,"Jackson, Alyssa",False,16,4,7,0.571,0,0,,0,0,,3,3,6,0,3,0,0,1,8
2025-11-12_san_diego_st_csun,San Diego St.,12,"Hamilton, Kaelyn",False,21,2,5,0.4,0,1,0.0,1,2,0.5,0,3,3,1,0,2,0,0,5
2025-11-12_san_diego_st_csun,San Diego St.,13,"Konstantinidou, Maria",False,12,2,3,0.667,0,1,0.0,0,0,,0,2,2,5,1,2,1,1,4
2025-11-12_san_diego_st_csun,San Diego St.,1,"Mosley, Kendall",False,16,1,2,0.5,1,2,0.5,0,0,,0,3,3,1,1,1,0,0,3
2025-11-12_san_diego_st_csun,San Diego St.,6,"Kelemeni, Sofia",False,10,0,1,0.0,0,0,,2,2,1.0,3,0,3,0,0,1,0,0,2
2025-11-12_san_diego_st_csun,San Diego St.,4,"Latta, Cj",False,16,0,1,0.0,0,1,0.0,0,0,,1,0,1,0,0,0,0,0,0
2025-11-12_san_diego_st_csun,San Diego St.,2,"Chen, Ellie",False,2,0,0,,0,0,,0,0,,0,0,0,1,0,1,0,0,0
2025-11-12_san_diego_st_csun,San Diego St.,8,"Cook, Aubrey",False,1,0,0,,0,0,,0,0,,0,1,1,0,0,0,0,0,0
2025-11-12_san_diego_st_csun,San Diego St.,TM,TEAM,False,0,0,0,,0,0,,0,0,,1,3,4,0,0,1,0,0,0
2025-11-12_cal_st_fullerton_hope_intl,Hope Int'l,30,"Gonzalez, Aliyah",True,27,3,9,0.333,2,5,0.4,2,2,1.0,1,1,2,3,4,4,3,1,10
2025-11-12_cal_st_fullerton_hope_intl,Hope Int'l,25,"Austin, Amira",True,23,4,7,0.571,0,0,,1,2,0.5,0,7,7,3,0,1,5,0,9
2025-11-12_cal_st_fullerton_hope_intl,Hope Int'l,24,"Cota-Gaxiola, Elizabeth",True,28,3,8,0.375,0,5,0.0,2,2,1.0,0,1,1,1,1,4,0,1,8
2025-11-12_cal_st_fullerton_hope_intl,Hope Int'l,01,"Acuna, Natalie",True,21,1,6,0.167,0,1,0.0,2,2,1.0,2,4,6,1,2,3,2,0,4
2025-11-12_cal_st_fullerton_hope_intl,Hope Int'l,12,"Javier, Andrea",True,24,0,3,0.0,0,2,0.0,0,0,,0,2,2,2,1,4,0,2,0
2025-11-12_cal_st_fullerton_hope_intl,Hope Int'l,13,"Coleman, Jamelia",False,18,3,5,0.6,2,4,0.5,0,0,,0,3,3,2,0,1,0,0,8
2025-11-12_cal_st_fullerton_hope_intl,Hope Int'l,04,"Fust, Casey",False,4,2,3,0.667,0,1,0.0,0,0,,1,0,1,1,1,1,0,0,4
2025-11-12_cal_st_fullerton_hope_intl,Hope Int'l,20,"Anderson, Calla",False,29,0,3,0.0,0,1,0.0,3,4,0.75,0,3,3,1,0,5,0,3,3
2025-11-12_cal_st_fullerton_hope_intl,Hope Int'l,11,"McNamee, Keira",False,6,1,2,0.5,1,2,0.5,0,0,,0,0,0,1,0,2,0,1,3
2025-11-12_cal_st_fullerton_hope_intl,Hope Int'l,22,"Long, Jada",False,13,1,4,0.25,0,2,0.0,0,0,,0,1,1,4,1,5,0,1,2
2025-11-12_cal_st_fullerton_hope_intl,Hope Int'l,10,"Pucci, Kennedy",False,7,0,0,,0,0,,0,0,,0,0,0,2,0,0,0,0,0
2025-11-12_cal_st_fullerton_hope_intl,Hope Int'l,TM,TEAM,False,0,0,0,,0,0,,0,0,,1,4,5,0,0,1,0,0,0
2025-11-12_cal_st_fullerton_hope_intl,Cal St. Fullerton,55,"Jones, Cristina",True,29,9,16,0.562,0,0,,5,6,0.833,4,3,7,1,0,1,0,2,23
2025-11-12_cal_st_fullerton_hope_intl,Cal St. Fullerton,05,"Sutisna, Maxine",True,16,2,2,1.0,2,2,1.0,3,4,0.75,0,4,4,2,0,3,1,1,9
2025-11-12_cal_st_fullerton_hope_intl,Cal St. Fullerton,04,"Falsdottir, Jana",True,21,3,4,0.75,2,3,0.667,0,0,,0,4,4,1,2,1,0,3,8
2025-11-12_cal_st_fullerton_hope_intl,Cal St. Fullerton,00,"Steiner, Nicole",True,17,1,5,0.2,0,0,,4,6,0.667,0,1,1,0,2,4,0,3,6
2025-11-12_cal_st_fullerton_hope_intl,Cal St. Fullerton,33,"Pearson, Kya",True,4,0,2,0.0,0,0,,0,0,,0,0,0,3,0,0,0,1,0
2025-11-12_cal_st_fullerton_hope_intl,Cal St. Fullerton,03,"Tauro, Maddy",False,31,4,10,0.4,0,1,0.0,3,3,1.0,0,6,6,0,2,1,1,4,11
2025-11-12_cal_st_fullerton_hope_intl,Cal St. Fullerton,01,"Moon, Mimi",False,14,3,4,0.75,0,1,0.0,3,3,1.0,0,1,1,3,0,1,0,3,9
2025-11-12_cal_st_fullerton_hope_intl,Cal St. Fullerton,22,"Muniz, Madelynn",False,22,2,6,0.333,2,5,0.4,0,0,,0,2,2,1,2,0,1,2,6
2025-11-12_cal_st_fullerton_hope_intl,Cal St. Fullerton,23,"Maxwell, Talia",False,14,3,5,0.6,0,0,,0,1,0.0,2,3,5,0,1,2,0,0,6
2025-11-12_cal_st_fullerton_hope_intl,Cal St. Fullerton,10,"Swindle, Dylan",False,9,0,4,0.0,0,1,0.0,3,4,0.75,0,1,1,1,2,0,0,3,3
2025-11-12_cal_st_fullerton_hope_intl,Cal St. Fullerton,13,"Petersen, Lilliana",False,14,0,4,0.0,0,1,0.0,0,0,,2,1,3,3,1,2,0,0,0
2025-11-12_cal_st_fullerton_hope_intl,Cal St. Fullerton,24,"Orhan, Basak",False,9,0,1,0.0,0,1,0.0,0,0,,0,0,0,0,1,0,0,0,0
2025-11-12_cal_st_fullerton_hope_intl,Cal St. Fullerton,TM,TEAM,False,0,0,0,,0,0,,0,0,,3,0,3,0,0,1,0,0,0
2025-11-13_hawaii_saint_martins,Saint Martin's,20,"Rios, Kiana",True,33,2,9,0.222,1,3,0.333,3,4,0.75,0,3,3,1,2,3,0,3,8
2025-11-13_hawaii_saint_martins,Saint Martin's,32,"Oaster, Avery",True,34,2,8,0.25,1,1,1.0,2,4,0.5,3,4,7,2,0,3,1,3,7
2025-11-13_hawaii_saint_martins,Saint Martin's,03,"Brown, Madelyn",True,12,1,2,0.5,0,0,,4,4,1.0,1,1,2,0,0,1,0,0,6
2025-11-13_hawaii_saint_martins,Saint Martin's,04,"Travis, Jada",True,37,1,10,0.1,1,7,0.143,1,4,0.25,1,2,3,4,3,5,0,5,4
2025-11-13_hawaii_saint_martins,Saint Martin's,01,"Hill, Laiken",True,28,0,5,0.0,0,3,0.0,0,0,,0,1,1,3,1,2,0,0,0
2025-11-13_hawaii_saint_martins,Saint Martin's,11,"Brown, Jaylah",False,26,3,7,0.429,3,7,0.429,0,0,,0,1,1,0,0,0,0,1,9
2025-11-13_hawaii_saint_martins,Saint Martin's,22,"Lopez, Sabrina",False,21,2,10,0.2,0,2,0.0,0,0,,2,1,3,0,1,1,0,2,4
2025-11-13_hawaii_saint_martins,Saint Martin's,13,"Wagner, Harper",False,22,1,4,0.25,1,1,1.0,0,0,,2,5,7,2,1,2,0,1,3
2025-11-13_hawaii_saint_martins,Saint Martin's,10,"Lacanlale, Karyss",False,9,0,1,0.0,0,1,0.0,0,0,,0,0,0,0,1,1,0,0,0
2025-11-13_hawaii_saint_martins,Saint Martin's,02,"Koki, Lilly",False,3,0,1,0.0,0,1,0.0,0,0,,0,1,1,1,0,0,0,0,0
2025-11-13_hawaii_saint_martins,Saint Martin's,TM,TEAM,False,0,0,0,,0,0,,0,0,,3,1,4,0,0,3,0,0,0
2025-11-13_hawaii_saint_martins,Hawaii,03,"Flavell, Bailey",True,37,7,12,0.583,0,3,0.0,1,2,0.5,2,6,8,0,1,5,0,3,15
2025-11-13_hawaii_saint_martins,Hawaii,33,"Neverson, Saniyah",True,36,2,3,0.667,0,0,,0,0,,2,7,9,3,0,0,2,0,4
2025-11-13_hawaii_saint_martins,Hawaii,02,"Bond, Teyahna",True,25,1,7,0.143,0,3,0.0,0,0,,1,0,1,1,0,6,0,0,2
2025-11-13_hawaii_saint_martins,Hawaii,10,"Kujovic, Danijela",True,14,0,3,0.0,0,2,0.0,0,0,,1,2,3,0,0,3,1,0,0
2025-11-13_hawaii_saint_martins,Hawaii,08,"Moors, Rebecca",True,13,0,1,0.0,0,1,0.0,0,0,,2,2,4,1,1,2,0,0,0
2025-11-13_hawaii_saint_martins,Hawaii,11,"Curtis, Keiara",False,28,5,11,0.455,1,3,0.333,3,5,0.6,2,5,7,4,1,6,0,3,14
2025-11-13_hawaii_saint_martins,Hawaii,06,"Webb, Kyra",False,26,2,8,0.25,0,3,0.0,0,0,,5,5,10,3,3,1,0,3,4
2025-11-13_hawaii_saint_martins,Hawaii,22,"Peacock, Jade",False,5,1,4,0.25,0,2,0.0,1,2,0.5,0,0,0,1,0,0,0,0,3
2025-11-13_hawaii_saint_martins,Hawaii,01,"Filemu, Kira-May",False,24,1,9,0.111,0,7,0.0,0,0,,3,1,4,2,0,3,2,0,2
2025-11-13_hawaii_saint_martins,Hawaii,20,"Forsyth, Izzy",False,10,0,2,0.0,0,2,0.0,2,2,1.0,1,2,3,0,1,2,0,1,2
2025-11-13_hawaii_saint_martins,Hawaii,17,"Serra, Fiamma",False,7,0,1,0.0,0,0,,0,0,,0,0,0,0,0,2,0,0,0
2025-11-13_hawaii_saint_martins,Hawaii,TM,TEAM,False,0,0,0,,0,0,,0,0,,3,4,7,0,0,0,0,0,0
2025-11-14_boise_st_uc_davis,UC Davis,09,"Sussex, Avery",True,31,7,12,0.583,5,7,0.714,4,4,1.0,1,3,4,1,4,4,0,1,23
2025-11-14_boise_st_uc_davis,UC Davis,02,"Bennett, Ryann",True,34,6,11,0.545,2,4,0.5,1,2,0.5,0,3,3,3,3,2,0,2,15
2025-11-14_boise_st_uc_davis,UC Davis,04,"Epps, Nya",True,28,5,10,0.5,1,4,0.25,4,4,1.0,0,2,2,3,0,5,1,1,15
2025-11-14_boise_st_uc_davis,UC Davis,25,"Norris, Megan",True,31,2,7,0.286,0,2,0.0,1,2,0.5,2,6,8,3,2,3,0,3,5
2025-11-14_boise_st_uc_davis,UC Davis,10,"Young, Tegan",True,24,2,5,0.4,0,1,0.0,0,0,,1,0,1,2,0,1,0,0,4
2025-11-14_boise_st_uc_davis,UC Davis,11,"Ersdala, Emmy",False,24,4,8,0.5,2,4,0.5,0,0,,0,1,1,2,2,0,0,1,10
2025-11-14_boise_st_uc_davis,UC Davis,15,"Lentfer, Sophie",False,11,1,3,0.333,1,2,0.5,0,0,,0,1,1,0,0,1,0,1,3
2025-11-14_boise_st_uc_davis,UC Davis,23,"Baker, Victoria",False,7,1,1,1.0,0,0,,0,0,,0,1,1,5,1,2,1,0,2
2025-11-14_boise_st_uc_davis,UC Davis,01,"Davis, Carrington",False,5,0,0,,0,0,,0,0,,0,0,0,1,0,0,0,0,0
2025-11-14_boise_st_uc_davis,UC Davis,21,"Tsami, Theoni",False,5,0,1,0.0,0,0,,0,0,,0,0,0,0,0,0,0,1,0
2025-11-14_boise_st_uc_davis,UC Davis,TM,TEAM,False,0,0,0,,0,0,,0,0,,3,0,3,0,0,0,0,0,0
2025-11-14_boise_st_uc_davis,Boise St.,04,"Bayes, Dani",True,33,11,13,0.846,7,9,0.778,2,2,1.0,0,4,4,4,2,4,0,5,31
2025-11-14_boise_st_uc_davis,Boise St.,00,"Thompson, Tatum",True,35,10,18,0.556,0,2,0.0,6,9,0.667,6,8,14,0,1,2,1,0,26
2025-11-14_boise_st_uc_davis,Boise St.,14,"Hansen, Mya",True,22,3,7,0.429,2,3,0.667,4,4,1.0,0,1,1,4,3,1,0,0,12
2025-11-14_boise_st_uc_davis,Boise St.,32,"Pasco, Natalie",True,35,4,9,0.444,2,2,1.0,0,0,,1,2,3,2,3,3,1,1,10
2025-11-14_boise_st_uc_davis,Boise St.,09,"Hutton, Libby",True,18,0,2,0.0,0,0,,0,0,,0,3,3,1,1,2,1,1,0
2025-11-14_boise_st_uc_davis,Boise St.,10,"Cooke, Madeline",False,20,2,3,0.667,0,0,,2,2,1.0,1,2,3,1,2,1,2,0,6
2025-11-14_boise_st_uc_davis,Boise St.,03,"Maldonado, Morgan",False,15,0,3,0.0,0,0,,2,2,1.0,3,1,4,2,2,3,0,3,2
2025-11-14_boise_st_uc_davis,Boise St.,21,"Borcherding, Mason",False,3,1,1,1.0,0,0,,0,0,,0,0,0,1,0,0,0,0,2
2025-11-14_boise_st_uc_davis,Boise St.,24,"Lewis, Jayda",False,1,1,1,1.0,0,0,,0,0,,0,0,0,0,0,0,0,0,2
2025-11-14_boise_st_uc_davis,Boise St.,35,"Thompson, Keirra",False,8,0,1,0.0,0,1,0.0,0,0,,0,0,0,0,2,0,0,1,0
2025-11-14_boise_st_uc_davis,Boise St.,07,"Harms, Izzie",False,5,0,1,0.0,0,1,0.0,0,0,,0,0,0,0,1,0,0,1,0
2025-11-14_boise_st_uc_davis,Boise St.,22,"Garza, Kenna",False,3,0,0,,0,0,,0,0,,0,0,0,0,0,0,0,0,0
2025-11-14_boise_st_uc_davis,Boise St.,25,"Steadman, Josee",False,2,0,0,,0,0,,0,0,,0,0,0,0,0,0,0,0,0
2025-11-14_boise_st_uc_davis,Boise St.,TM,TEAM,False,0,0,0,,0,0,,0,0,,0,1,1,0,0,0,0,0,0
2025-11-14_uc_riverside_saint_marys_ca,Saint Mary's (CA),23,"Wedin, Addi",True,23,3,6,0.5,1,2,0.5,2,2,1.0,0,0,0,1,2,2,0,2,9
2025-11-14_uc_riverside_saint_marys_ca,Saint Mary's (CA),7,"Clarke, Edie",True,27,4,9,0.444,0,1,0.0,0,0,,2,3,5,2,1,2,0,6,8
2025-11-14_uc_riverside_saint_marys_ca,Saint Mary's (CA),00,"Hunter, Jada",True,30,1,4,0.25,1,2,0.5,3,4,0.75,1,4,5,0,2,6,0,2,6
2025-11-14_uc_riverside_saint_marys_ca,Saint Mary's (CA),13,"Latu, Malia",True,27,3,5,0.6,0,0,,0,0,,1,2,3,0,2,4,0,1,6
2025-11-14_uc_riverside_saint_marys_ca,Saint Mary's (CA),5,"Shoff, Abigail",True,18,1,6,0.167,1,4,0.25,1,2,0.5,0,1,1,3,0,1,0,0,4
2025-11-14_uc_riverside_saint_marys_ca,Saint Mary's (CA),4,"Ohiaeri, Charlece",False,16,2,6,0.333,0,2,0.0,0,2,0.0,2,3,5,2,1,0,0,1,4
2025-11-14_uc_riverside_saint_marys_ca,Saint Mary's (CA),2,"Kurkowski, Amy",False,12,1,3,0.333,1,3,0.333,0,0,,1,3,4,2,0,2,1,0,3
2025-11-14_uc_riverside_saint_marys_ca,Saint Mary's (CA),33,"Wedin, Ella",False,3,1,2,0.5,1,2,0.5,0,0,,0,0,0,0,0,0,0,0,3
2025-11-14_uc_riverside_saint_marys_ca,Saint Mary's (CA),3,"Hashemian-orr, Mauriana",False,15,1,2,0.5,0,1,0.0,0,0,,1,1,2,2,3,2,0,1,2
2025-11-14_uc_riverside_saint_marys_ca,Saint Mary's (CA),8,"Foy, Emily",False,14,1,3,0.333,0,2,0.0,0,0,,1,2,3,0,0,0,0,0,2
2025-11-14_uc_riverside_saint_marys_ca,Saint Mary's (CA),22,"Afeaki, Melesungu",False,12,1,3,0.333,0,0,,0,0,,0,2,2,2,1,0,0,0,2
2025-11-14_uc_riverside_saint_marys_ca,Saint Mary's (CA),10,"Grigoropoulou, Georgia",False,3,1,3,0.333,0,0,,0,0,,0,1,1,0,0,0,0,0,2
2025-11-14_uc_riverside_saint_marys_ca,Saint Mary's (CA),TM,TEAM,False,0,0,0,,0,0,,0,0,,1,3,4,0,0,2,0,0,0
2025-11-14_uc_riverside_saint_marys_ca,UC Riverside,8,"Stanton, Aaliyah",True,31,6,11,0.545,0,3,0.0,1,6,0.167,0,3,3,1,1,8,0,1,13
2025-11-14_uc_riverside_saint_marys_ca,UC Riverside,5,"Duchemin, Shelley",True,22,1,4,0.25,1,1,1.0,4,4,1.0,2,3,5,0,1,2,0,1,7
2025-11-14_uc_riverside_saint_marys_ca,UC Riverside,41,"Shine, Bria",True,28,3,6,0.5,0,1,0.0,0,0,,1,4,5,0,0,1,0,2,6
2025-11-14_uc_riverside_saint_marys_ca,UC Riverside,22,"Swanson, Taylor",True,19,3,5,0.6,0,2,0.0,0,0,,0,1,1,1,1,3,0,2,6
2025-11-14_uc_riverside_saint_marys_ca,UC Riverside,2,"Hackley, Seneca",True,32,2,4,0.5,0,2,0.0,0,0,,1,1,2,3,2,0,0,2,4
2025-11-14_uc_riverside_saint_marys_ca,UC Riverside,9,"Chocano, Maya",False,18,1,7,0.143,1,5,0.2,0,0,,0,3,3,3,0,1,1,0,3
2025-11-14_uc_riverside_saint_marys_ca,UC Riverside,32,"Moreno Tallon, Lucia",False,10,1,4,0.25,0,1,0.0,0,0,,2,2,4,1,0,0,0,0,2
2025-11-14_uc_riverside_saint_marys_ca,UC Riverside,1,"Polk, Kaylani",False,26,0,7,0.0,0,6,0.0,0,0,,1,0,1,1,1,5,0,1,0
2025-11-14_uc_riverside_saint_marys_ca,UC Riverside,10,"Minshall, Makayla",False,12,0,1,0.0,0,1,0.0,0,0,,0,0,0,1,0,1,0,0,0
2025-11-14_uc_riverside_saint_marys_ca,UC Riverside,30,"Sylla, Dieynaba",False,2,0,0,,0,0,,0,0,,1,0,1,0,0,1,0,0,0
2025-11-14_uc_riverside_saint_marys_ca,UC Riverside,TM,TEAM,False,0,0,0,,0,0,,0,0,,1,5,6,0,0,1,0,0,0
2025-11-15_uc_irvine_northern_ariz,Northern Ariz.,25,"White, Naomi",True,39,6,17,0.353,2,7,0.286,7,8,0.875,1,3,4,1,4,6,0,1,21
2025-11-15_uc_irvine_northern_ariz,Northern Ariz.,35,"Morris, Simone",True,12,3,3,1.0,0,0,,5,6,0.833,0,0,0,4,0,0,0,0,11
2025-11-15_uc_irvine_northern_ariz,Northern Ariz.,00,"Dasovich, Emma",True,29,1,3,0.333,0,1,0.0,6,6,1.0,2,2,4,2,0,1,0,0,8
2025-11-15_uc_irvine_northern_ariz,Northern Ariz.,11,"Taylor, Audrey",True,34,2,9,0.222,1,6,0.167,0,0,,1,4,5,1,5,1,0,1,5
2025-11-15_uc_irvine_northern_ariz,Northern Ariz.,5,"Blithikioti, Eri",True,23,1,3,0.333,1,1,1.0,0,0,,1,3,4,3,2,1,0,1,3
2025-11-15_uc_irvine_northern_ariz,Northern Ariz.,30,"Curry, Faith",False,20,4,7,0.571,3,6,0.5,2,2,1.0,0,1,1,2,0,2,0,1,13
2025-11-15_uc_irvine_northern_ariz,Northern Ariz.,3,"Watts, Madison",False,22,3,10,0.3,1,1,1.0,3,5,0.6,2,5,7,4,1,1,1,3,10
2025-11-15_uc_irvine_northern_ariz,Northern Ariz.,7,"Davis, Layla",False,10,0,1,0.0,0,0,,2,4,0.5,1,1,2,0,1,2,0,0,2
2025-11-15_uc_irvine_northern_ariz,Northern Ariz.,10,"Williams, Hannah",False,8,1,1,1.0,0,0,,0,2,0.0,0,3,3,5,1,1,0,0,2
2025-11-15_uc_irvine_northern_ariz,Northern Ariz.,14,"Saric, Valentina",False,2,0,0,,0,0,,0,0,,0,0,0,0,0,0,0,0,0
2025-11-15_uc_irvine_northern_ariz,Northern Ariz.,13,"Robinson, Jbionna",False,1,0,0,,0,0,,0,0,,0,0,0,1,0,0,0,0,0
2025-11-15_uc_irvine_northern_ariz,Northern Ariz.,TM,TEAM,False,0,0,0,,0,0,,0,0,,0,2,2,0,0,0,0,0,0
2025-11-15_uc_irvine_northern_ariz,UC Irvine,12,"Nahum, Shirel",True,39,6,18,0.333,3,5,0.6,8,8,1.0,1,4,5,5,4,5,0,1,23
2025-11-15_uc_irvine_northern_ariz,UC Irvine,23,"Wynn, Jada",True,37,4,9,0.444,4,7,0.571,9,10,0.9,1,10,11,4,6,3,0,2,21
2025-11-15_uc_irvine_northern_ariz,UC Irvine,20,"Hernandez, Hunter",True,31,4,13,0.308,0,3,0.0,3,4,0.75,7,4,11,2,2,1,0,3,11
2025-11-15_uc_irvine_northern_ariz,UC Irvine,10,"Madsen, Lauryn",True,31,2,10,0.2,1,9,0.111,2,2,1.0,2,3,5,1,3,0,1,1,7
2025-11-15_uc_irvine_northern_ariz,UC Irvine,9,"Falcon Hernandez, Daniela",True,24,1,6,0.167,0,0,,0,0,,4,2,6,3,0,0,0,0,2
2025-11-15_uc_irvine_northern_ariz,UC Irvine,13,"Stores, Nohe'alani",False,15,6,11,0.545,0,1,0.0,2,2,1.0,2,1,3,5,1,2,0,1,14
2025-11-15_uc_irvine_northern_ariz,UC Irvine,24,"Zonzon-huyghe, Naomy",False,20,4,5,0.8,2,2,1.0,0,0,,3,1,4,3,2,1,0,0,10
2025-11-15_uc_irvine_northern_ariz,UC Irvine,1,"Grant, Ameerah",False,1,1,1,1.0,0,0,,0,0,,0,0,0,0,0,0,0,0,2
2025-11-15_uc_irvine_northern_ariz,UC Irvine,2,"Hernandez, Haley",False,2,0,0,,0,0,,0,0,,0,1,1,1,0,0,0,0,0
2025-11-15_uc_irvine_northern_ariz,UC Irvine,22,"Noa, Reese",False,0,0,0,,0,0,,0,0,,0,0,0,0,0,0,0,0,0
2025-11-15_uc_irvine_northern_ariz,UC Irvine,TM,TEAM,False,0,0,0,,0,0,,0,0,,1,1,2,0,0,0,0,0,0
2025-11-15_uc_santa_barbara_grand_canyon,Grand Canyon,20,"LaMendola, Julianna",True,33,7,12,0.583,1,3,0.333,2,4,0.5,0,7,7,2,1,0,0,0,17
2025-11-15_uc_santa_barbara_grand_canyon,Grand Canyon,00,"Mann, Chloe",True,27,2,10,0.2,0,3,0.0,6,8,0.75,1,2,3,1,5,1,0,1,10
2025-11-15_uc_santa_barbara_grand_canyon,Grand Canyon,01,"Jeffries, Anisa",True,25,4,10,0.4,1,3,0.333,0,0,,1,5,6,2,4,3,0,1,9
2025-11-15_uc_santa_barbara_grand_canyon,Grand Canyon,06,"Valenti-Paea, Casey",True,20,1,3,0.333,0,0,,0,0,,0,1,1,1,0,0,0,0,2
2025-11-15_uc_santa_barbara_grand_canyon,Grand Canyon,11,"Griffiths, Holly",True,7,0,3,0.0,0,1,0.0,0,0,,0,0,0,1,1,0,0,0,0
2025-11-15_uc_santa_barbara_grand_canyon,Grand Canyon,03,"Douglas, Ale'Jah",False,24,4,6,0.667,2,3,0.667,1,1,1.0,0,3,3,0,3,0,1,0,11
2025-11-15_uc_santa_barbara_grand_canyon,Grand Canyon,33,"Zounia, Ines",False,22,3,9,0.333,0,1,0.0,0,0,,1,3,4,3,2,6,0,1,6
2025-11-15_uc_santa_barbara_grand_canyon,Grand Canyon,24,"Moo, Norah",False,10,3,4,0.75,0,0,,0,0,,1,1,2,0,1,0,0,0,6
2025-11-15_uc_santa_barbara_grand_canyon,Grand Canyon,07,"Johnson, Karley",False,15,2,2,1.0,0,0,,1,1,1.0,1,1,2,2,1,2,0,2,5
2025-11-15_uc_santa_barbara_grand_canyon,Grand Canyon,15,"Ayodele, Favor",False,15,2,6,0.333,0,0,,0,0,,5,2,7,2,0,2,0,0,4
2025-11-15_uc_santa_barbara_grand_canyon,Grand Canyon,08,"Joyeuse, Sifa",False,2,0,0,,0,0,,0,0,,0,0,0,0,0,0,0,0,0
2025-11-15_uc_santa_barbara_grand_canyon,Grand Canyon,TM,TEAM,False,0,0,0,,0,0,,0,0,,2,1,3,0,0,0,0,0,0
2025-11-15_uc_santa_barbara_grand_canyon,UC Santa Barbara,23,"Shaw, Zoe",True,35,6,9,0.667,3,4,0.75,2,2,1.0,0,2,2,2,1,1,0,0,17
2025-11-15_uc_santa_barbara_grand_canyon,UC Santa Barbara,05,"Bradley, Olivia",True,32,7,11,0.636,1,2,0.5,1,3,0.333,1,6,7,2,3,2,5,0,16
2025-11-15_uc_santa_barbara_grand_canyon,UC Santa Barbara,12,"Naro, Maddie",True,36,5,11,0.455,4,5,0.8,0,0,,1,4,5,3,4,6,0,1,14
2025-11-15_uc_santa_barbara_grand_canyon,UC Santa Barbara,55,"Burke, Skylar",True,13,3,4,0.75,1,1,1.0,2,2,1.0,0,4,4,5,0,2,1,0,9
2025-11-15_uc_santa_barbara_grand_canyon,UC Santa Barbara,02,"Borter, Zoe",True,37,1,6,0.167,0,2,0.0,0,0,,0,3,3,2,6,2,0,0,2
2025-11-15_uc_santa_barbara_grand_canyon,UC Santa Barbara,32,"Grant, Jessica",False,24,3,8,0.375,3,8,0.375,0,0,,0,2,2,3,1,0,1,1,9
2025-11-15_uc_santa_barbara_grand_canyon,UC Santa Barbara,04,"Puente-Valverde, Júlia",False,15,2,5,0.4,1,1,1.0,0,0,,1,2,3,1,0,4,0,0,5
2025-11-15_uc_santa_barbara_grand_canyon,UC Santa Barbara,15,"Andersen, Chauncey",False,8,0,0,,0,0,,0,0,,0,0,0,1,0,1,0,0,0
2025-11-15_uc_santa_barbara_grand_canyon,UC Santa Barbara,TM,TEAM,False,0,0,0,,0,0,,0,0,,0,3,3,0,0,1,0,0,0
2025-11-15_seattle_u_cal_poly,Cal Poly,32,"Thompson, Charish",True,35,10,14,0.714,1,1,1.0,8,8,1.0,2,5,7,2,2,2,2,0,29
2025-11-15_seattle_u_cal_poly,Cal Poly,00,"McManus, Vanessa",True,36,7,23,0.304,1,8,0.125,2,4,0.5,3,7,10,0,1,6,0,1,17
2025-11-15_seattle_u_cal_poly,Cal Poly,24,"Butcher, Madison",True,26,4,7,0.571,1,3,0.333,0,0,,1,2,3,3,1,0,0,3,9
2025-11-15_seattle_u_cal_poly,Cal Poly,22,"Goosby, Alana",True,37,3,6,0.5,0,0,,0,4,0.0,2,3,5,2,7,2,2,4,6
2025-11-15_seattle_u_cal_poly,Cal Poly,23,"Moleón Hidalgo, Ana",True,18,1,4,0.25,0,0,,0,0,,0,2,2,0,1,2,0,0,2
2025-11-15_seattle_u_cal_poly,Cal Poly,9,"Perez, Nora",False,25,3,6,0.5,0,1,0.0,2,2,1.0,0,4,4,4,1,2,0,1,8
2025-11-15_seattle_u_cal_poly,Cal Poly,7,"Billing, Jordan",False,15,0,3,0.0,0,3,0.0,2,2,1.0,1,0,1,1,0,0,0,0,2
2025-11-15_seattle_u_cal_poly,Cal Poly,14,"Bears, Gillian",False,5,0,0,,0,0,,0,0,,1,1,2,0,0,1,0,0,0
2025-11-15_seattle_u_cal_poly,Cal Poly,55,"Franklin, Vivian",False,3,0,0,,0,0,,0,0,,0,1,1,0,0,0,0,0,0
2025-11-15_seattle_u_cal_poly,Cal Poly,TM,TEAM,False,0,0,0,,0,0,,0,0,,1,0,1,0,0,1,0,0,0
2025-11-15_seattle_u_cal_poly,Seattle U,14,"Stricklin, Tamia",True,29,4,9,0.444,1,1,1.0,1,2,0.5,3,7,10,3,3,1,0,4,10
2025-11-15_seattle_u_cal_poly,Seattle U,9,"Vesic, Jana",True,30,2,7,0.286,0,2,0.0,1,1,1.0,0,0,0,0,3,2,0,1,5
2025-11-15_seattle_u_cal_poly,Seattle U,5,"Mogel, Dylan",True,33,2,4,0.5,0,0,,0,0,,1,2,3,1,6,3,0,2,4
2025-11-15_seattle_u_cal_poly,Seattle U,24,"Rodriguez, Sydnie",True,16,1,5,0.2,1,4,0.25,0,0,,1,2,3,1,2,1,0,0,3
2025-11-15_seattle_u_cal_poly,Seattle U,4,"Proctor, Fia",True,6,0,2,0.0,0,1,0.0,2,2,1.0,0,0,0,2,0,0,0,0,2
2025-11-15_seattle_u_cal_poly,Seattle U,6,"Bigovic, Andjela",False,30,9,17,0.529,2,7,0.286,0,0,,2,6,8,1,0,2,1,1,20
2025-11-15_seattle_u_cal_poly,Seattle U,3,"Brubaker, Ella",False,26,7,15,0.467,1,4,0.25,1,2,0.5,3,5,8,4,0,3,3,4,16
2025-11-15_seattle_u_cal_poly,Seattle U,8,"Emanga, Chloe",False,28,6,8,0.75,2,2,1.0,1,2,0.5,1,2,3,2,2,3,0,0,15
2025-11-15_seattle_u_cal_poly,Seattle U,22,"Larson, Lucy",False,2,0,0,,0,0,,0,0,,0,0,0,1,0,1,0,0,0
2025-11-15_seattle_u_cal_poly,Seattle U,TM,TEAM,False,0,0,0,,0,0,,0,0,,0,3,3,0,0,0,0,0,0
2025-11-15_long_beach_st_sacramento_st,Sacramento St.,11,"Gray, Rubi",True,30,6,13,0.462,1,5,0.2,0,1,0.0,0,1,1,3,0,0,0,0,13
2025-11-15_long_beach_st_sacramento_st,Sacramento St.,2,"Picton, Natalie",True,38,4,11,0.364,2,4,0.5,2,2,1.0,2,2,4,3,3,5,0,2,12
2025-11-15_long_beach_st_sacramento_st,Sacramento St.,1,"Versteeg, Benthe",True,39,4,15,0.267,0,7,0.0,3,6,0.5,0,6,6,3,6,4,0,1,11
2025-11-15_long_beach_st_sacramento_st,Sacramento St.,45,"Jaiteh, Fatoumata",True,31,2,6,0.333,1,3,0.333,0,0,,1,3,4,4,1,4,0,5,5
2025-11-15_long_beach_st_sacramento_st,Sacramento St.,5,"Abiara, Elizabeth",True,7,0,2,0.0,0,0,,1,2,0.5,1,1,2,0,0,1,0,0,1
2025-11-15_long_beach_st_sacramento_st,Sacramento St.,3,"Taylor, Brooklyn",False,23,3,8,0.375,0,1,0.0,1,2,0.5,4,5,9,2,0,0,0,0,7
2025-11-15_long_beach_st_sacramento_st,Sacramento St.,10,"Paananen, Pinja",False,8,1,2,0.5,1,1,1.0,0,0,,0,0,0,1,0,0,0,0,3
2025-11-15_long_beach_st_sacramento_st,Sacramento St.,12,"Lual, Ajong",False,3,1,1,1.0,0,0,,1,1,1.0,1,1,2,0,0,1,1,0,3
2025-11-15_long_beach_st_sacramento_st,Sacramento St.,8,"Salave'a, Keanna",False,13,1,2,0.5,0,0,,0,0,,3,1,4,0,0,2,0,0,2
2025-11-15_long_beach_st_sacramento_st,Sacramento St.,14,"Fa'i, Tali",False,8,0,1,0.0,0,1,0.0,0,0,,0,0,0,2,0,0,0,1,0
2025-11-15_long_beach_st_sacramento_st,Sacramento St.,4,"Fontenberry, Jamiah",False,0,0,0,,0,0,,0,0,,0,0,0,0,0,0,0,0,0
2025-11-15_long_beach_st_sacramento_st,Sacramento St.,TM,TEAM,False,0,0,0,,0,0,,0,0,,4,2,6,0,0,0,0,0,0
2025-11-15_long_beach_st_sacramento_st,Long Beach St.,30,"Jones-brown, Jaquoia",True,38,9,16,0.562,1,2,0.5,10,12,0.833,1,3,4,0,0,3,0,1,29
2025-11-15_long_beach_st_sacramento_st,Long Beach St.,13,"Pepe, Khylee",True,36,4,13,0.308,0,2,0.0,1,4,0.25,3,7,10,3,1,4,2,5,9
2025-11-15_long_beach_st_sacramento_st,Long Beach St.,5,"Ka, Kennan",True,38,3,8,0.375,1,4,0.25,1,2,0.5,0,3,3,1,2,4,0,0,8
2025-11-15_long_beach_st_sacramento_st,Long Beach St.,42,"Oliva Fernandez, Judit",True,32,2,3,0.667,0,0,,2,2,1.0,0,5,5,4,4,3,0,0,6
2025-11-15_long_beach_st_sacramento_st,Long Beach St.,32,"Pukis, Brynna",True,27,0,2,0.0,0,1,0.0,0,0,,0,2,2,4,3,2,0,3,0
2025-11-15_long_beach_st_sacramento_st,Long Beach St.,2,"Akot, Rosie",False,5,0,2,0.0,0,0,,2,2,1.0,0,1,1,1,0,1,0,1,2
2025-11-15_long_beach_st_sacramento_st,Long Beach St.,25,"Mack, Morgan",False,12,0,1,0.0,0,0,,0,0,,0,1,1,1,0,0,0,0,0
2025-11-15_long_beach_st_sacramento_st,Long Beach St.,33,"Wright, Haley",False,6,0,1,0.0,0,1,0.0,0,0,,0,0,0,1,0,0,0,0,0
2025-11-15_long_beach_st_sacramento_st,Long Beach St.,00,"Cummings, Lauren",False,3,0,0,,0,0,,0,0,,0,0,0,2,0,0,0,0,0
2025-11-15_long_beach_st_sacramento_st,Long Beach St.,3,"Samuel-afolabi, Tairat",False,3,0,1,0.0,0,0,,0,0,,0,0,0,2,0,1,0,0,0
2025-11-15_long_beach_st_sacramento_st,Long Beach St.,10,"Reynoso, Christy",False,0,0,0,,0,0,,0,0,,0,0,0,0,0,0,0,0,0
2025-11-15_long_beach_st_sacramento_st,Long Beach St.,TM,TEAM,False,0,0,0,,0,0,,0,0,,4,0,4,0,0,0,0,0,0
2025-11-15_san_diego_st_csu_bakersfield,CSU Bakersfield,12,"Coleman , Chrishawn",True,31,8,16,0.5,3,5,0.6,6,9,0.667,1,2,3,2,2,4,0,1,25
2025-11-15_san_diego_st_csu_bakersfield,CSU Bakersfield,08,"Langi, Marley",True,17,2,8,0.25,1,5,0.2,0,0,,0,5,5,5,0,3,0,1,5
2025-11-15_san_diego_st_csu_bakersfield,CSU Bakersfield,14,"Hawkins, Morgan",True,29,0,5,0.0,0,2,0.0,1,2,0.5,0,3,3,1,2,4,0,1,1
2025-11-15_san_diego_st_csu_bakersfield,CSU Bakersfield,22,"Kincade, Dae’Jaidence",True,18,0,1,0.0,0,1,0.0,0,0,,1,0,1,3,0,2,0,1,0
2025-11-15_san_diego_st_csu_bakersfield,CSU Bakersfield,11,"Dias, Maria",True,15,0,4,0.0,0,1,0.0,0,0,,1,2,3,1,1,1,0,0,0
2025-11-15_san_diego_st_csu_bakersfield,CSU Bakersfield,24,"Ikidi, Tena",False,17,3,4,0.75,0,0,,4,8,0.5,1,4,5,4,1,0,0,0,10
2025-11-15_san_diego_st_csu_bakersfield,CSU Bakersfield,55,"Puletasi, Adrienne",False,19,1,3,0.333,0,0,,1,2,0.5,1,1,2,2,0,1,3,0,3
2025-11-15_san_diego_st_csu_bakersfield,CSU Bakersfield,21,"Sutherland, Tianna",False,19,0,3,0.0,0,0,,2,3,0.667,0,1,1,5,0,1,0,1,2
2025-11-15_san_diego_st_csu_bakersfield,CSU Bakersfield,02,"Carter, Aliyah",False,12,0,3,0.0,0,0,,2,2,1.0,2,0,2,3,1,2,0,1,2
2025-11-15_san_diego_st_csu_bakersfield,CSU Bakersfield,07,"Gallatly, Jaime",False,8,0,0,,0,0,,0,0,,1,2,3,1,0,0,0,0,0
2025-11-15_san_diego_st_csu_bakersfield,CSU Bakersfield,01,"Finley, Zalissa",False,6,0,1,0.0,0,1,0.0,0,0,,0,3,3,0,0,0,0,0,0
2025-11-15_san_diego_st_csu_bakersfield,CSU Bakersfield,04,"Powell, Ophelia",False,6,0,1,0.0,0,0,,0,2,0.0,0,0,0,0,0,1,0,0,0
2025-11-15_san_diego_st_csu_bakersfield,CSU Bakersfield,30,"Dioli, Alli",False,3,0,0,,0,0,,0,0,,0,0,0,0,0,0,0,0,0
2025-11-15_san_diego_st_csu_bakersfield,CSU Bakersfield,TM,TEAM,False,0,0,0,,0,0,,0,0,,0,1,1,0,0,1,0,0,0
2025-11-15_san_diego_st_csu_bakersfield,San Diego St.,14,"Williams, Nala",True,29,7,14,0.5,4,7,0.571,7,7,1.0,7,3,10,4,1,0,0,1,25
2025-11-15_san_diego_st_csu_bakersfield,San Diego St.,24,"Panganiban, Naomi",True,17,5,7,0.714,1,1,1.0,2,2,1.0,0,2,2,3,1,0,0,0,13
2025-11-15_san_diego_st_csu_bakersfield,San Diego St.,10,"Martinez, Nat",True,19,2,11,0.182,0,7,0.0,4,4,1.0,0,3,3,2,5,3,0,2,8
2025-11-15_san_diego_st_csu_bakersfield,San Diego St.,20,"Barnhard, Bailey",True,18,2,4,0.5,0,1,0.0,4,4,1.0,2,2,4,1,1,2,0,0,8
2025-11-15_san_diego_st_csu_bakersfield,San Diego St.,00,"Lee, Kennedy",True,19,1,5,0.2,0,4,0.0,2,2,1.0,1,5,6,2,1,3,0,1,4
2025-11-15_san_diego_st_csu_bakersfield,San Diego St.,04,"Latta, CJ",False,21,3,6,0.5,1,3,0.333,0,0,,0,0,0,2,1,2,0,0,7
2025-11-15_san_diego_st_csu_bakersfield,San Diego St.,12,"Hamilton, Kaelyn",False,20,2,3,0.667,1,2,0.5,1,4,0.25,0,0,0,2,1,1,2,2,6
2025-11-15_san_diego_st_csu_bakersfield,San Diego St.,06,"Kelemeni, Sofia",False,8,1,2,0.5,1,2,0.5,0,2,0.0,0,3,3,2,0,1,1,0,3
2025-11-15_san_diego_st_csu_bakersfield,San Diego St.,03,"Jackson, Alyssa",False,19,1,3,0.333,0,0,,0,0,,1,4,5,2,1,2,0,1,2
2025-11-15_san_diego_st_csu_bakersfield,San Diego St.,13,"Konstantinidou, Maria",False,15,1,3,0.333,0,1,0.0,0,0,,2,4,6,3,0,1,1,0,2
2025-11-15_san_diego_st_csu_bakersfield,San Diego St.,01,"Mosley, Kendall",False,11,0,3,0.0,0,2,0.0,0,2,0.0,0,1,1,1,0,0,0,0,0
2025-11-15_san_diego_st_csu_bakersfield,San Diego St.,02,"Chen, Ellie",False,3,0,0,,0,0,,0,0,,0,0,0,1,0,0,0,0,0
2025-11-15_san_diego_st_csu_bakersfield,San Diego St.,08,"Cook, Aubrey",False,1,0,0,,0,0,,0,0,,0,1,1,0,0,0,0,0,0
2025-11-15_san_diego_st_csu_bakersfield,San Diego St.,TM,TEAM,False,0,0,0,,0,0,,0,0,,2,4,6,0,0,1,0,0,0
2025-11-16_san_francisco_uc_san_diego,UC San Diego,11,"Condron, Erin",True,38,8,11,0.727,0,0,,2,2,1.0,2,4,6,4,3,2,0,1,18
2025-11-16_san_francisco_uc_san_diego,UC San Diego,15,"Ma, Sabrina",True,40,3,10,0.3,2,7,0.286,2,3,0.667,0,4,4,4,2,0,1,1,10
2025-11-16_san_francisco_uc_san_diego,UC San Diego,04,"Rose, Makayla",True,29,3,7,0.429,1,2,0.5,0,0,,1,0,1,1,1,2,0,2,7
2025-11-16_san_francisco_uc_san_diego,UC San Diego,10,"Maxie, Dymonique",True,23,1,12,0.083,0,1,0.0,4,4,1.0,1,1,2,3,1,2,1,2,6
2025-11-16_san_francisco_uc_san_diego,UC San Diego,24,"Price, Niya",True,7,0,1,0.0,0,1,0.0,1,2,0.5,0,0,0,1,0,1,0,0,1
2025-11-16_san_francisco_uc_san_diego,UC San Diego,12,"Smith, Rosa",False,30,4,7,0.571,1,2,0.5,4,4,1.0,1,4,5,2,2,6,0,2,13
2025-11-16_san_francisco_uc_san_diego,UC San Diego,02,"Fairwell, Michaela",False,22,5,16,0.312,2,9,0.222,0,2,0.0,1,4,5,2,0,3,0,3,12
2025-11-16_san_francisco_uc_san_diego,UC San Diego,25,"Mahan, Junaé",False,7,1,2,0.5,0,0,,0,0,,0,0,0,1,0,0,0,0,2
2025-11-16_san_francisco_uc_san_diego,UC San Diego,21,"Polocheck, Nicki",False,4,0,0,,0,0,,0,0,,0,1,1,1,0,1,0,0,0
2025-11-16_san_francisco_uc_san_diego,UC San Diego,TM,TEAM,False,0,0,0,,0,0,,0,0,,1,5,6,0,0,1,0,0,0
2025-11-16_san_francisco_uc_san_diego,San Francisco,23,"Edokpaigbe, Candy",True,38,9,19,0.474,0,5,0.0,6,7,0.857,4,6,10,2,1,5,0,2,24
2025-11-16_san_francisco_uc_san_diego,San Francisco,03,"Mourino, Noelia",True,27,8,14,0.571,0,3,0.0,0,0,,2,6,8,1,3,6,0,0,16
2025-11-16_san_francisco_uc_san_diego,San Francisco,09,"Cargol, Aina",True,34,4,7,0.571,2,5,0.4,1,2,0.5,3,3,6,3,6,2,1,1,11
2025-11-16_san_francisco_uc_san_diego,San Francisco,12,"Tausova, Natasa",True,22,2,4,0.5,0,1,0.0,0,0,,1,4,5,4,3,3,1,1,4
2025-11-16_san_francisco_uc_san_diego,San Francisco,22,"Tirado, Paula",True,17,1,6,0.167,0,3,0.0,0,0,,0,0,0,1,2,1,0,2,2
2025-11-16_san_francisco_uc_san_diego,San Francisco,02,"Neira, Mara",False,19,3,10,0.3,2,6,0.333,2,2,1.0,1,5,6,2,3,0,0,2,10
2025-11-16_san_francisco_uc_san_diego,San Francisco,04,"McIntyre, Meghan",False,26,4,7,0.571,1,3,0.333,0,0,,2,6,8,1,4,1,0,1,9
2025-11-16_san_francisco_uc_san_diego,San Francisco,14,"Ugwah, Michelle",False,13,2,3,0.667,0,0,,0,0,,0,3,3,2,0,3,0,0,4
2025-11-16_san_francisco_uc_san_diego,San Francisco,07,"Ferrara Horne, Nevaeh",False,2,0,0,,0,0,,0,0,,0,0,0,0,0,0,0,0,0
2025-11-16_san_francisco_uc_san_diego,San Francisco,32,"Priestley, Sophia",False,2,0,0,,0,0,,0,0,,0,0,0,0,0,1,0,0,0
2025-11-16_san_francisco_uc_san_diego,San Francisco,TM,TEAM,False,0,0,0,,0,0,,0,0,,1,3,4,0,0,2,0,0,0
2025-11-16_denver_cal_st_fullerton,Cal St. Fullerton,55,"Jones, Cristina",True,37,8,17,0.471,0,0,,3,6,0.5,2,4,6,3,0,2,0,3,19
2025-11-16_denver_cal_st_fullerton,Cal St. Fullerton,22,"Muniz, Madelynn",True,34,3,13,0.231,2,11,0.182,2,2,1.0,0,2,2,5,2,2,0,4,10
2025-11-16_denver_cal_st_fullerton,Cal St. Fullerton,00,"Steiner, Nicole",True,21,2,5,0.4,0,0,,3,4,0.75,2,6,8,4,1,5,0,0,7
2025-11-16_denver_cal_st_fullerton,Cal St. Fullerton,04,"Falsdottir, Jana",True,32,2,5,0.4,0,1,0.0,0,0,,1,5,6,3,2,2,1,4,4
2025-11-16_denver_cal_st_fullerton,Cal St. Fullerton,03,"Tauro, Maddy",True,11,0,4,0.0,0,2,0.0,0,0,,0,1,1,4,0,1,0,0,0
2025-11-16_denver_cal_st_fullerton,Cal St. Fullerton,23,"Maxwell, Talia",False,15,2,6,0.333,0,0,,2,2,1.0,4,1,5,0,0,1,0,0,6
2025-11-16_denver_cal_st_fullerton,Cal St. Fullerton,10,"Swindle, Dylan",False,6,1,2,0.5,1,2,0.5,0,0,,0,0,0,0,1,3,0,1,3
2025-11-16_denver_cal_st_fullerton,Cal St. Fullerton,33,"Pearson, Kya",False,16,1,4,0.25,0,1,0.0,0,0,,0,1,1,3,5,1,1,4,2
2025-11-16_denver_cal_st_fullerton,Cal St. Fullerton,05,"Sutisna, Maxine",False,14,0,3,0.0,0,1,0.0,2,2,1.0,0,2,2,1,2,3,0,0,2
2025-11-16_denver_cal_st_fullerton,Cal St. Fullerton,13,"Petersen, Lilliana",False,10,0,0,,0,0,,2,2,1.0,1,3,4,0,0,0,0,0,2
2025-11-16_denver_cal_st_fullerton,Cal St. Fullerton,01,"Moon, Mimi",False,4,0,1,0.0,0,1,0.0,0,0,,0,0,0,2,1,0,0,0,0
2025-11-16_denver_cal_st_fullerton,Cal St. Fullerton,TM,TEAM,False,0,0,0,,0,0,,0,0,,2,1,3,0,0,0,0,0,0
2025-11-16_denver_cal_st_fullerton,Denver,10,"Watts, Coryn",True,39,7,15,0.467,3,8,0.375,6,7,0.857,0,5,5,2,3,8,0,0,23
2025-11-16_denver_cal_st_fullerton,Denver,03,"Baker, Victoria",True,36,4,7,0.571,2,4,0.5,5,9,0.556,0,5,5,2,4,2,1,2,15
2025-11-16_denver_cal_st_fullerton,Denver,12,"Monclova, Laia",True,35,4,9,0.444,1,5,0.2,1,2,0.5,0,4,4,3,2,7,0,5,10
2025-11-16_denver_cal_st_fullerton,Denver,13,"Conde, Ana",True,15,3,4,0.75,1,1,1.0,0,0,,1,0,1,5,1,1,0,0,7
2025-11-16_denver_cal_st_fullerton,Denver,00,"Murrell, Brooke",True,17,2,7,0.286,0,1,0.0,0,0,,2,3,5,2,0,1,1,1,4
2025-11-16_denver_cal_st_fullerton,Denver,01,"McLeod, Laila",False,27,0,5,0.0,0,3,0.0,1,2,0.5,0,7,7,1,1,2,1,1,1
2025-11-16_denver_cal_st_fullerton,Denver,05,"Rosenberger, Anna",False,13,0,1,0.0,0,0,,0,0,,1,1,2,2,1,0,1,0,0
2025-11-16_denver_cal_st_fullerton,Denver,32,"Esparza, Lily",False,10,0,2,0.0,0,0,,0,0,,0,0,0,0,0,2,1,0,0
2025-11-16_denver_cal_st_fullerton,Denver,15,"Medina, Jocelyn",False,7,0,1,0.0,0,0,,0,0,,0,0,0,0,1,1,0,1,0
2025-11-16_denver_cal_st_fullerton,Denver,11,"Padilla, Karolina",False,1,0,0,,0,0,,0,0,,0,0,0,0,0,0,0,0,0
2025-11-16_denver_cal_st_fullerton,Denver,TM,TEAM,False,0,0,0,,0,0,,0,0,,3,6,9,0,0,0,0,0,0
2025-11-17_eastern_wash_cal_poly,Cal Poly,00,"McManus, Vanessa",True,34,4,11,0.364,2,6,0.333,12,15,0.8,0,5,5,5,2,2,1,0,22
2025-11-17_eastern_wash_cal_poly,Cal Poly,32,"Thompson, Charish",True,25,2,6,0.333,0,1,0.0,10,10,1.0,2,2,4,3,1,3,0,2,14
2025-11-17_eastern_wash_cal_poly,Cal Poly,9,"Perez, Nora",True,32,3,6,0.5,1,2,0.5,0,0,,1,2,3,5,0,2,1,0,7
2025-11-17_eastern_wash_cal_poly,Cal Poly,22,"Goosby, Alana",True,28,2,9,0.222,0,0,,1,2,0.5,0,4,4,3,4,4,1,2,5
2025-11-17_eastern_wash_cal_poly,Cal Poly,24,"Butcher, Madison",True,17,1,4,0.25,1,2,0.5,0,0,,0,3,3,3,0,1,0,0,3
2025-11-17_eastern_wash_cal_poly,Cal Poly,7,"Billing, Jordan",False,26,4,8,0.5,2,4,0.5,0,0,,0,1,1,2,0,2,0,1,10
2025-11-17_eastern_wash_cal_poly,Cal Poly,14,"Bears, Gillian",False,20,1,5,0.2,0,2,0.0,4,6,0.667,1,4,5,5,0,3,0,0,6
2025-11-17_eastern_wash_cal_poly,Cal Poly,23,"Moleón Hidalgo, Ana",False,9,0,0,,0,0,,0,0,,0,1,1,2,0,1,0,1,0
2025-11-17_eastern_wash_cal_poly,Cal Poly,55,"Franklin, Vivian",False,9,0,3,0.0,0,2,0.0,0,0,,0,0,0,3,0,2,0,0,0
2025-11-17_eastern_wash_cal_poly,Cal Poly,TM,TEAM,False,0,0,0,,0,0,,0,0,,0,2,2,0,0,0,0,0,0
2025-11-17_eastern_wash_cal_poly,Eastern Wash.,1,"Bowers, Elyn",True,22,4,6,0.667,1,2,0.5,10,11,0.909,1,3,4,4,3,2,0,2,19
2025-11-17_eastern_wash_cal_poly,Eastern Wash.,22,"Grossman, Kourtney",True,34,5,11,0.455,1,5,0.2,6,8,0.75,2,8,10,5,1,2,0,2,17
2025-11-17_eastern_wash_cal_poly,Eastern Wash.,13,"Gingras, Caitie",True,28,6,8,0.75,4,5,0.8,0,0,,0,1,1,3,0,2,0,0,16
2025-11-17_eastern_wash_cal_poly,Eastern Wash.,10,"Eggers, Jaecy",True,32,3,9,0.333,0,1,0.0,9,14,0.643,3,5,8,4,1,1,2,1,15
2025-11-17_eastern_wash_cal_poly,Eastern Wash.,2,"Gallatin, Ella",True,38,2,11,0.182,1,6,0.167,3,4,0.75,2,4,6,0,4,5,0,4,8
2025-11-17_eastern_wash_cal_poly,Eastern Wash.,23,"McElmurry, Emily",False,18,1,4,0.25,0,0,,1,2,0.5,0,0,0,3,1,3,0,1,3
2025-11-17_eastern_wash_cal_poly,Eastern Wash.,24,"Magnuson, Brielle",False,11,0,1,0.0,0,1,0.0,0,0,,0,1,1,2,0,3,0,0,0
2025-11-17_eastern_wash_cal_poly,Eastern Wash.,52,"Hays, Bella",False,11,0,0,,0,0,,0,2,0.0,0,1,1,2,2,1,1,1,0
2025-11-17_eastern_wash_cal_poly,Eastern Wash.,21,"Romain, Léa-line",False,6,0,0,,0,0,,0,0,,0,0,0,3,1,1,0,0,0
2025-11-17_eastern_wash_cal_poly,Eastern Wash.,TM,TEAM,False,0,0,0,,0,0,,0,0,,1,5,6,0,0,1,0,0,0
2025-11-19_san_jose_st_uc_santa_barbara,UC Santa Barbara,02,"Borter, Zoe",True,37,6,14,0.429,4,8,0.5,6,6,1.0,1,2,3,1,3,1,0,2,22
2025-11-19_san_jose_st_uc_santa_barbara,UC Santa Barbara,12,"Naro, Maddie",True,35,6,12,0.5,2,7,0.286,4,4,1.0,1,3,4,3,2,1,0,3,18
2025-11-19_san_jose_st_uc_santa_barbara,UC Santa Barbara,05,"Bradley, Olivia",True,25,4,11,0.364,1,2,0.5,2,2,1.0,1,5,6,2,3,1,0,2,11
2025-11-19_san_jose_st_uc_santa_barbara,UC Santa Barbara,55,"Burke, Skylar",True,26,1,7,0.143,0,3,0.0,2,2,1.0,2,4,6,2,1,3,2,1,4
2025-11-19_san_jose_st_uc_santa_barbara,UC Santa Barbara,23,"Shaw, Zoe",True,31,1,11,0.091,0,5,0.0,1,2,0.5,0,3,3,2,2,0,0,0,3
2025-11-19_san_jose_st_uc_santa_barbara,UC Santa Barbara,32,"Grant, Jessica",False,21,3,3,1.0,3,3,1.0,0,0,,0,1,1,3,1,2,0,0,9
2025-11-19_san_jose_st_uc_santa_barbara,UC Santa Barbara,04,"Puente-Valverde, Júlia",False,14,1,5,0.2,0,2,0.0,2,4,0.5,0,6,6,3,1,3,0,1,4
2025-11-19_san_jose_st_uc_santa_barbara,UC Santa Barbara,15,"Andersen, Chauncey",False,6,2,2,1.0,0,0,,0,0,,0,1,1,4,0,0,0,0,4
2025-11-19_san_jose_st_uc_santa_barbara,UC Santa Barbara,08,"Rawlins, Ava",False,5,0,0,,0,0,,0,0,,0,0,0,0,1,0,0,0,0
2025-11-19_san_jose_st_uc_santa_barbara,UC Santa Barbara,TM,TEAM,False,0,0,0,,0,0,,0,0,,3,3,6,0,0,1,0,0,0
2025-11-19_san_jose_st_uc_santa_barbara,San Jose St.,15,"Anderson, Maya",True,34,5,8,0.625,2,4,0.5,0,0,,1,8,9,3,0,8,0,0,12
2025-11-19_san_jose_st_uc_santa_barbara,San Jose St.,08,"Brown, Amira",True,20,3,5,0.6,0,0,,5,6,0.833,0,4,4,1,0,3,0,0,11
2025-11-19_san_jose_st_uc_santa_barbara,San Jose St.,01,"Cummins, Allie",True,29,1,8,0.125,0,6,0.0,2,2,1.0,1,1,2,0,3,1,0,0,4
2025-11-19_san_jose_st_uc_santa_barbara,San Jose St.,22,"Dillard, Kaliyah",True,15,2,4,0.5,0,2,0.0,0,2,0.0,1,4,5,2,0,3,2,0,4
2025-11-19_san_jose_st_uc_santa_barbara,San Jose St.,10,"Sitterud, Amelie",True,7,0,3,0.0,0,3,0.0,0,0,,0,4,4,2,0,1,0,0,0
2025-11-19_san_jose_st_uc_santa_barbara,San Jose St.,04,"Waugh, Rylei",False,31,1,8,0.125,0,3,0.0,7,10,0.7,0,9,9,3,3,1,0,2,9
2025-11-19_san_jose_st_uc_santa_barbara,San Jose St.,11,"Fuster, Carla",False,25,3,6,0.5,1,4,0.25,0,0,,0,1,1,2,1,3,0,1,7
2025-11-19_san_jose_st_uc_santa_barbara,San Jose St.,32,"Pato, Gabriela",False,14,1,2,0.5,0,0,,4,4,1.0,2,1,3,2,0,0,0,0,6
2025-11-19_san_jose_st_uc_santa_barbara,San Jose St.,03,"Alexander, Mecca",False,13,2,3,0.667,1,1,1.0,1,2,0.5,0,1,1,2,0,2,0,0,6
2025-11-19_san_jose_st_uc_santa_barbara,San Jose St.,05,"Mehmedovic, Harisa",False,3,0,0,,0,0,,1,2,0.5,0,0,0,1,0,1,1,0,1
2025-11-19_san_jose_st_uc_santa_barbara,San Jose St.,00,"Anderson, Katarina",False,9,0,0,,0,0,,0,0,,0,0,0,2,1,1,0,0,0
2025-11-19_san_jose_st_uc_santa_barbara,San Jose St.,TM,TEAM,False,0,0,0,,0,0,,0,0,,1,2,3,0,0,1,0,0,0
2025-11-19_california_baptist_csun,CSUN,34,"Bernard, Nadia",True,23,7,8,0.875,0,1,0.0,1,1,1.0,0,7,7,1,1,0,0,1,15
2025-11-19_california_baptist_csun,CSUN,4,"Edwards, Morgan",True,22,3,8,0.375,2,5,0.4,2,4,0.5,0,1,1,2,4,4,0,2,10
2025-11-19_california_baptist_csun,CSUN,12,"Aspajo, Erika",True,22,3,7,0.429,1,1,1.0,2,3,0.667,2,0,2,2,3,4,0,1,9
2025-11-19_california_baptist_csun,CSUN,33,"Nazário, Rita",True,26,1,6,0.167,1,4,0.25,5,6,0.833,1,1,2,1,0,0,0,1,8
2025-11-19_california_baptist_csun,CSUN,24,"Cos-morales, Mariona",True,15,1,5,0.2,0,0,,0,0,,1,1,2,0,0,3,2,2,2
2025-11-19_california_baptist_csun,CSUN,10,"Lizama, Alondra",False,21,1,3,0.333,1,2,0.5,2,4,0.5,1,2,3,2,0,0,0,1,5
2025-11-19_california_baptist_csun,CSUN,00,"Gbemuotor, Jite",False,14,1,4,0.25,0,1,0.0,0,0,,2,1,3,2,0,2,0,1,2
2025-11-19_california_baptist_csun,CSUN,2,"White, Saray",False,14,1,3,0.333,0,1,0.0,0,0,,1,1,2,0,0,3,0,1,2
2025-11-19_california_baptist_csun,CSUN,22,"Dahlin, Laini",False,19,0,2,0.0,0,2,0.0,1,2,0.5,0,1,1,0,0,2,0,0,1
2025-11-19_california_baptist_csun,CSUN,3,"Tumlin, Kelly",False,13,0,1,0.0,0,1,0.0,0,0,,0,1,1,2,1,1,0,1,0
2025-11-19_california_baptist_csun,CSUN,1,"Moody, Amya",False,11,0,6,0.0,0,2,0.0,0,0,,0,1,1,1,2,2,0,0,0
2025-11-19_california_baptist_csun,CSUN,TM,TEAM,False,0,0,0,,0,0,,0,0,,2,4,6,0,0,0,0,0,0
2025-11-19_california_baptist_csun,California Baptist,5,"Barros, Filipa",True,30,7,11,0.636,6,9,0.667,3,3,1.0,6,5,11,3,7,7,1,1,23
2025-11-19_california_baptist_csun,California Baptist,14,"Johansson, Emma",True,24,5,10,0.5,1,2,0.5,0,0,,5,6,11,1,5,5,3,2,11
2025-11-19_california_baptist_csun,California Baptist,13,"Olsen, Lauren",True,23,4,10,0.4,1,5,0.2,2,3,0.667,0,1,1,4,1,2,0,4,11
2025-11-19_california_baptist_csun,California Baptist,10,"Bucher, Chance",True,24,3,15,0.2,1,9,0.111,2,2,1.0,0,0,0,3,0,0,1,2,9
2025-11-19_california_baptist_csun,California Baptist,27,"Legaspi, Cece",True,9,0,2,0.0,0,1,0.0,0,0,,0,0,0,1,0,0,0,0,0
2025-11-19_california_baptist_csun,California Baptist,3,"Nordstrom, Shawnee",False,25,5,8,0.625,1,3,0.333,3,5,0.6,2,2,4,1,1,1,0,2,14
2025-11-19_california_baptist_csun,California Baptist,4,"Hess, Reyleigh",False,28,3,5,0.6,1,3,0.333,0,0,,1,1,2,0,1,0,2,0,7
2025-11-19_california_baptist_csun,California Baptist,11,"Alonso Hidalgo, Sofia",False,17,2,2,1.0,0,0,,0,0,,0,1,1,4,4,1,0,1,4
2025-11-19_california_baptist_csun,California Baptist,21,"Haw, Paula",False,12,2,3,0.667,0,0,,0,2,0.0,2,1,3,2,0,2,0,0,4
2025-11-19_california_baptist_csun,California Baptist,15,"Harmon, Aleyah",False,3,1,1,1.0,1,1,1.0,0,0,,0,0,0,1,0,1,0,0,3
2025-11-19_california_baptist_csun,California Baptist,32,"de la Fuente de la Puente, Marta",False,5,0,2,0.0,0,1,0.0,0,0,,0,1,1,1,2,0,0,0,0
2025-11-19_california_baptist_csun,California Baptist,TM,TEAM,False,0,0,0,,0,0,,0,0,,3,8,11,0,0,0,0,0,0
2025-11-20_stanford_uc_davis,UC Davis,02,"Bennett, Ryann",True,37,6,14,0.429,5,5,1.0,2,2,1.0,2,3,5,1,0,2,0,1,19
2025-11-20_stanford_uc_davis,UC Davis,25,"Norris, Megan",True,38,3,11,0.273,1,5,0.2,6,6,1.0,1,3,4,2,3,3,4,0,13
2025-11-20_stanford_uc_davis,UC Davis,04,"Epps, Nya",True,33,2,16,0.125,0,7,0.0,0,0,,0,5,5,2,0,1,0,1,4
2025-11-20_stanford_uc_davis,UC Davis,09,"Sussex, Avery",True,20,0,6,0.0,0,4,0.0,3,3,1.0,0,3,3,2,0,0,0,2,3
2025-11-20_stanford_uc_davis,UC Davis,10,"Young, Tegan",True,27,1,4,0.25,0,3,0.0,0,0,,1,1,2,0,0,0,0,0,2
2025-11-20_stanford_uc_davis,UC Davis,15,"Lentfer, Sophie",False,17,1,3,0.333,1,3,0.333,0,0,,0,2,2,3,1,0,0,0,3
2025-11-20_stanford_uc_davis,UC Davis,23,"Baker, Victoria",False,18,0,3,0.0,0,1,0.0,1,2,0.5,1,1,2,3,0,0,0,1,1
2025-11-20_stanford_uc_davis,UC Davis,11,"Ersdala, Emmy",False,8,0,1,0.0,0,1,0.0,0,0,,0,0,0,2,0,0,0,0,0
2025-11-20_stanford_uc_davis,UC Davis,01,"Davis, Carrington",False,1,0,0,,0,0,,0,0,,0,0,0,0,0,0,0,0,0
2025-11-20_stanford_uc_davis,UC Davis,21,"Tsami, Theoni",False,1,0,0,,0,0,,0,0,,0,0,0,0,0,0,0,0,0
2025-11-20_stanford_uc_davis,UC Davis,TM,TEAM,False,0,0,0,,0,0,,0,0,,1,1,2,0,0,0,0,0,0
2025-11-20_stanford_uc_davis,Stanford,03,"Agara, Nunu",True,29,5,10,0.5,0,2,0.0,6,7,0.857,8,8,16,3,1,2,0,0,16
2025-11-20_stanford_uc_davis,Stanford,12,"Somfai, Lara",True,28,5,11,0.455,2,7,0.286,2,4,0.5,1,11,12,2,1,2,0,0,14
2025-11-20_stanford_uc_davis,Stanford,40,"Ogden, Courtney",True,27,3,7,0.429,0,1,0.0,0,0,,1,4,5,1,0,0,0,0,6
2025-11-20_stanford_uc_davis,Stanford,10,"Lepolo, Talana",True,24,2,2,1.0,1,1,1.0,0,0,,0,1,1,1,3,1,0,1,5
2025-11-20_stanford_uc_davis,Stanford,02,"Swain, Hailee",True,20,1,8,0.125,0,0,,1,2,0.5,1,1,2,0,0,2,0,0,3
2025-11-20_stanford_uc_davis,Stanford,13,"Clardy, Chloe",False,29,3,8,0.375,1,4,0.25,4,4,1.0,1,2,3,3,3,0,1,0,11
2025-11-20_stanford_uc_davis,Stanford,22,"Stevenson, Mary Ashley",False,12,2,2,1.0,0,0,,2,2,1.0,1,3,4,2,0,0,0,0,6
2025-11-20_stanford_uc_davis,Stanford,04,"Eschmeyer, Alexandra",False,15,2,7,0.286,0,2,0.0,0,0,,2,2,4,0,0,1,0,0,4
2025-11-20_stanford_uc_davis,Stanford,15,"Peterson, Harper",False,3,1,1,1.0,1,1,1.0,0,0,,0,3,3,0,0,0,0,0,3
2025-11-20_stanford_uc_davis,Stanford,11,"Amborn, Carly",False,2,0,0,,0,0,,2,2,1.0,0,0,0,0,1,1,0,0,2
2025-11-20_stanford_uc_davis,Stanford,06,"Ijiwoye, Shay",False,9,0,2,0.0,0,1,0.0,0,0,,0,2,2,0,0,1,0,1,0
2025-11-20_stanford_uc_davis,Stanford,24,"Papadaki, Stavi",False,2,0,0,,0,0,,0,0,,0,0,0,0,0,0,0,0,0
2025-11-20_stanford_uc_davis,Stanford,TM,TEAM,False,0,0,0,,0,0,,0,0,,2,2,4,0,0,1,0,0,0
2025-11-20_long_beach_st_san_francisco,San Francisco,23,"Edokpaigbe, Candy",True,38,9,16,0.562,0,4,0.0,4,7,0.571,4,3,7,4,4,4,0,3,22
2025-11-20_long_beach_st_san_francisco,San Francisco,3,"Mourino, Noelia",True,24,4,11,0.364,0,1,0.0,1,2,0.5,8,9,17,2,3,2,0,1,9
2025-11-20_long_beach_st_san_francisco,San Francisco,2,"Neira, Mara",True,20,3,11,0.273,2,9,0.222,0,0,,0,1,1,0,1,1,0,1,8
2025-11-20_long_beach_st_san_francisco,San Francisco,9,"Cargol, Aina",True,37,2,13,0.154,1,5,0.2,0,0,,0,1,1,0,4,1,0,2,5
2025-11-20_long_beach_st_san_francisco,San Francisco,12,"Tausova, Natasa",True,20,2,5,0.4,1,3,0.333,0,0,,1,2,3,5,1,2,0,1,5
2025-11-20_long_beach_st_san_francisco,San Francisco,22,"Tirado, Paula",False,23,3,5,0.6,1,1,1.0,1,1,1.0,0,4,4,1,2,0,0,2,8
2025-11-20_long_beach_st_san_francisco,San Francisco,14,"Ugwah, Michelle",False,17,3,6,0.5,0,0,,0,1,0.0,0,3,3,1,3,2,2,1,6
2025-11-20_long_beach_st_san_francisco,San Francisco,4,"McIntyre, Meghan",False,17,1,4,0.25,1,2,0.5,0,0,,0,3,3,3,0,0,0,2,3
2025-11-20_long_beach_st_san_francisco,San Francisco,7,"Ferrara Horne, Nevaeh",False,4,1,1,1.0,0,0,,0,0,,0,1,1,1,0,1,1,0,2
2025-11-20_long_beach_st_san_francisco,San Francisco,TM,TEAM,False,0,0,0,,0,0,,0,0,,0,1,1,0,0,3,0,0,0
2025-11-20_long_beach_st_san_francisco,Long Beach St.,30,"Jones-brown, Jaquoia",True,40,7,15,0.467,2,2,1.0,4,6,0.667,1,9,10,2,5,3,0,2,20
2025-11-20_long_beach_st_san_francisco,Long Beach St.,32,"Pukis, Brynna",True,35,6,12,0.5,2,8,0.25,0,0,,1,4,5,1,3,2,0,1,14
2025-11-20_long_beach_st_san_francisco,Long Beach St.,42,"Oliva Fernandez, Judit",True,31,3,8,0.375,0,2,0.0,3,4,0.75,0,3,3,3,2,5,1,0,9
2025-11-20_long_beach_st_san_francisco,Long Beach St.,5,"Ka, Kennan",True,27,4,9,0.444,0,2,0.0,0,0,,1,2,3,2,1,3,0,1,8
2025-11-20_long_beach_st_san_francisco,Long Beach St.,13,"Pepe, Khylee",True,31,0,7,0.0,0,0,,2,2,1.0,2,2,4,0,1,2,1,3,2
2025-11-20_long_beach_st_san_francisco,Long Beach St.,25,"Mack, Morgan",False,9,1,3,0.333,0,1,0.0,0,0,,0,0,0,4,1,2,0,0,2
2025-11-20_long_beach_st_san_francisco,Long Beach St.,00,"Cummings, Lauren",False,13,0,1,0.0,0,1,0.0,0,0,,0,6,6,2,0,0,0,1,0
2025-11-20_long_beach_st_san_francisco,Long Beach St.,33,"Wright, Haley",False,9,0,0,,0,0,,0,0,,1,0,1,2,0,0,0,0,0
2025-11-20_long_beach_st_san_francisco,Long Beach St.,10,"Reynoso, Christy",False,4,0,1,0.0,0,0,,0,0,,0,0,0,0,0,0,0,0,0
2025-11-20_long_beach_st_san_francisco,Long Beach St.,2,"Akot, Rosie",False,1,0,0,,0,0,,0,0,,0,0,0,0,0,2,0,0,0
2025-11-20_long_beach_st_san_francisco,Long Beach St.,3,"Samuel-afolabi, Tairat",False,0,0,0,,0,0,,0,0,,0,0,0,0,0,0,0,0,0
2025-11-20_long_beach_st_san_francisco,Long Beach St.,TM,TEAM,False,0,0,0,,0,0,,0,0,,1,0,1,0,0,1,0,0,0
2025-11-20_omaha_csu_bakersfield,CSU Bakersfield,12,"Coleman , Chrishawn",True,28,6,11,0.545,1,1,1.0,8,12,0.667,0,6,6,5,3,4,0,3,21
2025-11-20_omaha_csu_bakersfield,CSU Bakersfield,08,"Langi, Marley",True,29,6,11,0.545,4,6,0.667,3,4,0.75,0,3,3,3,0,2,1,1,19
2025-11-20_omaha_csu_bakersfield,CSU Bakersfield,24,"Ikidi, Tena",True,29,6,11,0.545,0,0,,4,6,0.667,6,9,15,3,3,5,2,0,16
2025-11-20_omaha_csu_bakersfield,CSU Bakersfield,14,"Hawkins, Morgan",True,33,4,9,0.444,2,4,0.5,4,4,1.0,1,0,1,4,1,2,0,3,14
2025-11-20_omaha_csu_bakersfield,CSU Bakersfield,11,"Dias, Maria",True,28,2,10,0.2,0,2,0.0,4,6,0.667,0,2,2,4,0,2,0,1,8
2025-11-20_omaha_csu_bakersfield,CSU Bakersfield,02,"Carter, Aliyah",False,23,1,2,0.5,0,0,,2,2,1.0,0,1,1,1,1,1,0,2,4
2025-11-20_omaha_csu_bakersfield,CSU Bakersfield,22,"Kincade, Dae’Jaidence",False,20,0,1,0.0,0,0,,0,0,,2,2,4,4,1,1,0,0,0
2025-11-20_omaha_csu_bakersfield,CSU Bakersfield,55,"Puletasi, Adrienne",False,4,0,0,,0,0,,0,0,,0,0,0,2,0,2,0,0,0
2025-11-20_omaha_csu_bakersfield,CSU Bakersfield,01,"Finley, Zalissa",False,3,0,0,,0,0,,0,0,,0,0,0,0,0,0,0,0,0
2025-11-20_omaha_csu_bakersfield,CSU Bakersfield,21,"Sutherland, Tianna",False,3,0,0,,0,0,,0,0,,1,0,1,0,1,0,0,0,0
2025-11-20_omaha_csu_bakersfield,CSU Bakersfield,TM,TEAM,False,0,0,0,,0,0,,0,0,,1,2,3,0,0,0,0,0,0
2025-11-20_omaha_csu_bakersfield,Omaha,22,"Olsen, Cora",True,39,7,15,0.467,2,2,1.0,7,10,0.7,2,5,7,4,2,2,0,1,23
2025-11-20_omaha_csu_bakersfield,Omaha,05,"Estupiñan, Sarai",True,32,6,16,0.375,2,7,0.286,5,5,1.0,2,0,2,4,5,4,0,0,19
2025-11-20_omaha_csu_bakersfield,Omaha,11,"Stephens, Ali",True,33,4,9,0.444,3,7,0.429,0,0,,1,2,3,4,0,3,0,1,11
2025-11-20_omaha_csu_bakersfield,Omaha,14,"Smith, Avril",True,40,1,3,0.333,0,0,,1,6,0.167,3,10,13,4,3,3,5,4,3
2025-11-20_omaha_csu_bakersfield,Omaha,02,"Burke Perryman, Leekaya",True,25,0,4,0.0,0,1,0.0,2,2,1.0,1,1,2,1,3,5,0,1,2
2025-11-20_omaha_csu_bakersfield,Omaha,24,"Juenemann, Regan",False,17,3,5,0.6,1,2,0.5,3,4,0.75,1,0,1,4,0,4,0,1,10
2025-11-20_omaha_csu_bakersfield,Omaha,12,"Vedral, Elsa",False,5,1,2,0.5,1,2,0.5,0,0,,0,0,0,2,0,1,0,0,3
2025-11-20_omaha_csu_bakersfield,Omaha,33,"Merow, Lillian",False,9,1,1,1.0,0,0,,0,0,,0,1,1,1,0,1,1,0,2
2025-11-20_omaha_csu_bakersfield,Omaha,TM,TEAM,False,0,0,0,,0,0,,0,0,,0,2,2,0,0,0,0,0,0
2025-11-21_hawaii_lmu_ca,LMU (CA),00,"Lawson, Jess",True,29,5,9,0.556,0,1,0.0,5,6,0.833,3,3,6,3,2,0,0,2,15
2025-11-21_hawaii_lmu_ca,LMU (CA),55,"Hernandez, Maya",True,27,5,14,0.357,0,0,,2,2,1.0,3,2,5,5,1,4,1,0,12
2025-11-21_hawaii_lmu_ca,LMU (CA),28,"Matic, Andjela",True,38,3,11,0.273,2,5,0.4,1,2,0.5,0,4,4,1,2,1,0,4,9
2025-11-21_hawaii_lmu_ca,LMU (CA),13,"Krajina, Ivana",True,35,2,8,0.25,1,5,0.2,0,0,,0,2,2,4,2,1,0,0,5
2025-11-21_hawaii_lmu_ca,LMU (CA),05,"Heidger, Carly",True,16,1,4,0.25,1,3,0.333,1,3,0.333,1,2,3,4,0,0,0,1,4
2025-11-21_hawaii_lmu_ca,LMU (CA),24,"Jones, Kayla",False,22,2,4,0.5,1,2,0.5,1,4,0.25,0,3,3,2,0,0,0,0,6
2025-11-21_hawaii_lmu_ca,LMU (CA),10,"Lagerlid, Lova",False,15,0,3,0.0,0,2,0.0,0,2,0.0,2,3,5,0,0,0,0,0,0
2025-11-21_hawaii_lmu_ca,LMU (CA),02,"Somvichian, Mari",False,9,0,2,0.0,0,2,0.0,0,0,,1,0,1,1,1,0,0,0,0
2025-11-21_hawaii_lmu_ca,LMU (CA),54,"Ogot, Zawadi",False,9,0,0,,0,0,,0,0,,0,2,2,2,0,0,0,0,0
2025-11-21_hawaii_lmu_ca,LMU (CA),TM,TEAM,False,0,0,0,,0,0,,0,0,,2,0,2,0,0,7,0,0,0
2025-11-21_hawaii_lmu_ca,Hawaii,33,"Neverson, Saniyah",True,25,4,7,0.571,1,2,0.5,1,4,0.25,1,4,5,3,3,0,0,0,10
2025-11-21_hawaii_lmu_ca,Hawaii,03,"Flavell, Bailey",True,24,2,6,0.333,1,1,1.0,4,6,0.667,0,2,2,4,0,0,0,0,9
2025-11-21_hawaii_lmu_ca,Hawaii,02,"Bond, Teyahna",True,25,3,7,0.429,0,1,0.0,0,0,,2,1,3,2,4,4,0,0,6
2025-11-21_hawaii_lmu_ca,Hawaii,08,"Moors, Rebecca",True,16,1,1,1.0,0,0,,0,1,0.0,0,4,4,0,1,2,0,1,2
2025-11-21_hawaii_lmu_ca,Hawaii,12,"Perez, Imani",True,16,0,0,,0,0,,2,2,1.0,1,2,3,0,0,0,0,0,2
2025-11-21_hawaii_lmu_ca,Hawaii,06,"Webb, Kyra",False,18,4,6,0.667,0,1,0.0,0,1,0.0,1,3,4,2,0,0,0,1,8
2025-11-21_hawaii_lmu_ca,Hawaii,11,"Curtis, Keiara",False,23,2,4,0.5,2,3,0.667,0,0,,0,1,1,5,1,3,0,0,6
2025-11-21_hawaii_lmu_ca,Hawaii,01,"Filemu, Kira-May",False,14,2,5,0.4,1,3,0.333,0,0,,0,0,0,1,0,1,0,0,5
2025-11-21_hawaii_lmu_ca,Hawaii,10,"Kujovic, Danijela",False,17,1,3,0.333,1,2,0.5,1,2,0.5,0,4,4,2,1,1,0,0,4
2025-11-21_hawaii_lmu_ca,Hawaii,24,"Tamilo, Ritorya",False,12,1,7,0.143,0,0,,1,2,0.5,0,0,0,2,0,1,1,0,3
2025-11-21_hawaii_lmu_ca,Hawaii,22,"Peacock, Jade",False,6,0,1,0.0,0,1,0.0,0,0,,0,0,0,1,1,0,0,0,0
2025-11-21_hawaii_lmu_ca,Hawaii,20,"Forsyth, Izzy",False,4,0,0,,0,0,,0,0,,0,1,1,0,0,0,0,0,0
2025-11-21_hawaii_lmu_ca,Hawaii,TM,TEAM,False,0,0,0,,0,0,,0,0,,2,1,3,0,0,0,0,0,0
2025-11-21_uc_irvine_bowling_green,Bowling Green,10,"Kohler, Paige",True,28,5,10,0.5,3,8,0.375,5,6,0.833,0,2,2,4,3,3,0,0,18
2025-11-21_uc_irvine_bowling_green,Bowling Green,3,"Donahue, Johnea",True,33,2,5,0.4,0,2,0.0,6,6,1.0,1,5,6,2,5,2,0,3,10
2025-11-21_uc_irvine_bowling_green,Bowling Green,11,"Ellis, Taya",True,22,1,6,0.167,0,0,,2,4,0.5,4,0,4,1,0,0,1,0,4
2025-11-21_uc_irvine_bowling_green,Bowling Green,12,"Miller, Ky'aira",True,15,1,4,0.25,0,3,0.0,0,0,,0,2,2,2,1,3,0,2,2
2025-11-21_uc_irvine_bowling_green,Bowling Green,22,"Gerken, Lauren",True,18,0,7,0.0,0,6,0.0,0,0,,1,5,6,2,0,1,0,2,0
2025-11-21_uc_irvine_bowling_green,Bowling Green,20,"Fearne, Jasmine",False,13,3,8,0.375,3,8,0.375,0,0,,1,2,3,1,1,1,0,0,9
2025-11-21_uc_irvine_bowling_green,Bowling Green,1,"Woods, Kaia",False,18,0,2,0.0,0,1,0.0,3,4,0.75,0,3,3,0,0,1,0,1,3
2025-11-21_uc_irvine_bowling_green,Bowling Green,4,"Cook, Jaedyn",False,10,1,3,0.333,0,0,,0,0,,0,2,2,1,0,0,1,0,2
2025-11-21_uc_irvine_bowling_green,Bowling Green,00,"Harrison, Laila",False,5,1,3,0.333,0,0,,0,0,,1,0,1,0,0,1,0,0,2
2025-11-21_uc_irvine_bowling_green,Bowling Green,8,"Bland-fitzpatrick, Joniyah",False,20,0,4,0.0,0,0,,0,0,,1,0,1,0,0,2,2,0,0
2025-11-21_uc_irvine_bowling_green,Bowling Green,2,"Siesel, Emily",False,9,0,2,0.0,0,1,0.0,0,0,,0,1,1,2,0,1,1,0,0
2025-11-21_uc_irvine_bowling_green,Bowling Green,13,"Moschen, Sofia",False,6,0,4,0.0,0,4,0.0,0,0,,0,1,1,0,0,0,0,0,0
2025-11-21_uc_irvine_bowling_green,Bowling Green,33,"Moxey, Kendal",False,3,0,0,,0,0,,0,0,,0,1,1,1,0,0,0,0,0
2025-11-21_uc_irvine_bowling_green,Bowling Green,TM,TEAM,False,0,0,0,,0,0,,0,0,,3,2,5,0,0,0,0,0,0
2025-11-21_uc_irvine_bowling_green,UC Irvine,10,"Madsen, Lauryn",True,32,5,9,0.556,5,9,0.556,0,0,,0,4,4,0,0,3,1,4,15
2025-11-21_uc_irvine_bowling_green,UC Irvine,23,"Wynn, Jada",True,28,3,11,0.273,1,6,0.167,7,8,0.875,2,10,12,0,6,3,0,2,14
2025-11-21_uc_irvine_bowling_green,UC Irvine,12,"Nahum, Shirel",True,28,5,11,0.455,0,3,0.0,0,0,,0,5,5,1,2,2,0,1,10
2025-11-21_uc_irvine_bowling_green,UC Irvine,20,"Hernandez, Hunter",True,19,3,9,0.333,1,2,0.5,3,3,1.0,1,2,3,1,2,0,0,0,10
2025-11-21_uc_irvine_bowling_green,UC Irvine,9,"Falcon Hernandez, Daniela",True,20,0,2,0.0,0,0,,0,0,,1,5,6,3,0,0,0,0,0
2025-11-21_uc_irvine_bowling_green,UC Irvine,13,"Stores, Nohe'alani",False,20,6,7,0.857,0,0,,1,2,0.5,3,3,6,3,0,0,0,1,13
2025-11-21_uc_irvine_bowling_green,UC Irvine,1,"Grant, Ameerah",False,23,3,6,0.5,1,3,0.333,1,1,1.0,0,1,1,4,3,2,0,1,8
2025-11-21_uc_irvine_bowling_green,UC Irvine,2,"Hernandez, Haley",False,7,1,1,1.0,0,0,,1,1,1.0,0,2,2,0,0,0,1,1,3
2025-11-21_uc_irvine_bowling_green,UC Irvine,21,"Baltzi, Despoina",False,3,0,0,,0,0,,2,2,1.0,0,0,0,0,0,0,0,0,2
2025-11-21_uc_irvine_bowling_green,UC Irvine,22,"Noa, Reese",False,10,0,2,0.0,0,2,0.0,0,0,,0,0,0,0,1,2,1,0,0
2025-11-21_uc_irvine_bowling_green,UC Irvine,24,"Zonzon-huyghe, Naomy",False,10,0,3,0.0,0,1,0.0,0,0,,0,0,0,5,1,1,0,0,0
2025-11-21_uc_irvine_bowling_green,UC Irvine,TM,TEAM,False,0,0,0,,0,0,,0,0,,3,3,6,0,0,1,0,0,0
2025-11-21_cal_poly_southern_utah,Southern Utah,22,"Kiernan, Devyn",True,41,8,20,0.4,3,9,0.333,3,5,0.6,1,1,2,2,3,2,3,2,22
2025-11-21_cal_poly_southern_utah,Southern Utah,3,"Chambers, Sierra",True,35,3,9,0.333,1,5,0.2,10,10,1.0,0,2,2,2,0,2,0,0,17
2025-11-21_cal_poly_southern_utah,Southern Utah,44,"Uhrich, Ava",True,41,4,11,0.364,0,1,0.0,3,4,0.75,2,8,10,3,2,3,0,1,11
2025-11-21_cal_poly_southern_utah,Southern Utah,4,"Fely, Brooklyn",True,14,2,4,0.5,0,1,0.0,2,2,1.0,1,5,6,5,2,1,0,3,6
2025-11-21_cal_poly_southern_utah,Southern Utah,1,"Doman, Kortney",True,32,1,6,0.167,0,3,0.0,3,4,0.75,1,2,3,5,1,3,1,2,5
2025-11-21_cal_poly_southern_utah,Southern Utah,34,"Anderson, Denver",False,26,3,8,0.375,1,3,0.333,6,10,0.6,1,3,4,2,0,0,0,1,13
2025-11-21_cal_poly_southern_utah,Southern Utah,2,"Hasan, Bella",False,12,1,2,0.5,0,0,,4,4,1.0,1,1,2,0,0,0,0,0,6
2025-11-21_cal_poly_southern_utah,Southern Utah,13,"Banks, Ashley",False,5,1,1,1.0,0,0,,2,2,1.0,0,2,2,0,0,0,1,0,4
2025-11-21_cal_poly_southern_utah,Southern Utah,35,"Malafu, Olivia",False,11,0,2,0.0,0,0,,1,2,0.5,0,0,0,5,0,1,1,0,1
2025-11-21_cal_poly_southern_utah,Southern Utah,11,"Trigueiro, Morgan",False,8,0,0,,0,0,,0,0,,0,0,0,1,0,0,0,0,0
2025-11-21_cal_poly_southern_utah,Southern Utah,TM,TEAM,False,0,0,0,,0,0,,0,0,,7,6,13,0,0,1,0,0,0
2025-11-21_cal_poly_southern_utah,Cal Poly,00,"McManus, Vanessa",True,41,13,26,0.5,4,7,0.571,4,4,1.0,2,5,7,3,4,7,0,0,34
2025-11-21_cal_poly_southern_utah,Cal Poly,32,"Thompson, Charish",True,43,6,12,0.5,0,2,0.0,9,10,0.9,2,6,8,3,0,0,0,2,21
2025-11-21_cal_poly_southern_utah,Cal Poly,24,"Butcher, Madison",True,31,2,4,0.5,2,3,0.667,0,0,,0,0,0,5,1,2,0,1,6
2025-11-21_cal_poly_southern_utah,Cal Poly,9,"Perez, Nora",True,20,1,7,0.143,0,1,0.0,4,6,0.667,3,2,5,5,1,3,0,0,6
2025-11-21_cal_poly_southern_utah,Cal Poly,7,"Billing, Jordan",True,18,0,1,0.0,0,0,,0,0,,0,4,4,2,1,1,0,0,0
2025-11-21_cal_poly_southern_utah,Cal Poly,8,"Peiffer, Katie",False,28,3,6,0.5,2,5,0.4,1,1,1.0,1,2,3,3,0,0,0,1,9
2025-11-21_cal_poly_southern_utah,Cal Poly,23,"Moleón Hidalgo, Ana",False,18,1,5,0.2,0,1,0.0,0,0,,0,2,2,4,0,5,0,0,2
2025-11-21_cal_poly_southern_utah,Cal Poly,55,"Franklin, Vivian",False,13,1,3,0.333,0,2,0.0,0,0,,0,5,5,5,0,1,0,0,2
2025-11-21_cal_poly_southern_utah,Cal Poly,14,"Bears, Gillian",False,13,0,2,0.0,0,1,0.0,0,0,,0,1,1,5,0,2,0,0,0
2025-11-21_cal_poly_southern_utah,Cal Poly,1,"Garcia, Arissa",False,0,0,0,,0,0,,0,0,,0,0,0,1,0,0,0,0,0
2025-11-21_cal_poly_southern_utah,Cal Poly,TM,TEAM,False,0,0,0,,0,0,,0,0,,2,4,6,0,0,0,0,0,0
2025-11-21_sacramento_st_cal_st_fullerton,Cal St. Fullerton,33,"Pearson, Kya",True,36,7,19,0.368,2,8,0.25,2,2,1.0,0,2,2,3,3,3,0,5,18
2025-11-21_sacramento_st_cal_st_fullerton,Cal St. Fullerton,55,"Jones, Cristina",True,29,4,11,0.364,0,0,,0,0,,5,4,9,3,1,4,0,2,8
2025-11-21_sacramento_st_cal_st_fullerton,Cal St. Fullerton,00,"Steiner, Nicole",True,24,3,10,0.3,0,0,,1,3,0.333,8,5,13,3,1,2,0,0,7
2025-11-21_sacramento_st_cal_st_fullerton,Cal St. Fullerton,04,"Falsdottir, Jana",True,11,1,5,0.2,1,3,0.333,0,0,,0,0,0,0,0,2,0,0,3
2025-11-21_sacramento_st_cal_st_fullerton,Cal St. Fullerton,22,"Muniz, Madelynn",True,19,1,6,0.167,0,3,0.0,0,0,,3,1,4,0,1,2,0,1,2
2025-11-21_sacramento_st_cal_st_fullerton,Cal St. Fullerton,10,"Swindle, Dylan",False,26,1,7,0.143,0,4,0.0,5,6,0.833,1,1,2,2,1,2,1,1,7
2025-11-21_sacramento_st_cal_st_fullerton,Cal St. Fullerton,05,"Sutisna, Maxine",False,12,2,4,0.5,0,1,0.0,2,2,1.0,1,1,2,2,0,2,0,0,6
2025-11-21_sacramento_st_cal_st_fullerton,Cal St. Fullerton,24,"Orhan, Basak",False,12,2,3,0.667,1,1,1.0,0,0,,1,2,3,0,1,0,0,0,5
2025-11-21_sacramento_st_cal_st_fullerton,Cal St. Fullerton,23,"Maxwell, Talia",False,16,1,3,0.333,0,0,,0,0,,2,1,3,0,0,2,1,1,2
2025-11-21_sacramento_st_cal_st_fullerton,Cal St. Fullerton,13,"Petersen, Lilliana",False,12,0,1,0.0,0,0,,0,0,,0,0,0,3,0,1,0,1,0
2025-11-21_sacramento_st_cal_st_fullerton,Cal St. Fullerton,01,"Moon, Mimi",False,3,0,0,,0,0,,0,0,,0,0,0,0,0,0,0,1,0
2025-11-21_sacramento_st_cal_st_fullerton,Cal St. Fullerton,TM,TEAM,False,0,0,0,,0,0,,0,0,,2,2,4,0,0,0,0,0,0
2025-11-21_sacramento_st_cal_st_fullerton,Sacramento St.,11,"Gray, Rubi",True,35,11,20,0.55,4,11,0.364,0,0,,0,3,3,0,0,1,0,2,26
2025-11-21_sacramento_st_cal_st_fullerton,Sacramento St.,01,"Versteeg, Benthe",True,34,6,12,0.5,0,4,0.0,0,0,,2,2,4,5,7,6,0,2,12
2025-11-21_sacramento_st_cal_st_fullerton,Sacramento St.,02,"Picton, Natalie",True,34,3,8,0.375,1,6,0.167,4,4,1.0,1,3,4,2,5,2,0,2,11
2025-11-21_sacramento_st_cal_st_fullerton,Sacramento St.,45,"Jaiteh, Fatoumata",True,27,2,5,0.4,0,1,0.0,3,4,0.75,1,2,3,4,0,3,1,7,7
2025-11-21_sacramento_st_cal_st_fullerton,Sacramento St.,05,"Abiara, Elizabeth",True,14,1,2,0.5,0,0,,0,0,,2,4,6,0,0,1,1,0,2
2025-11-21_sacramento_st_cal_st_fullerton,Sacramento St.,08,"Salave'a, Keanna",False,22,4,7,0.571,0,0,,1,1,1.0,2,4,6,1,4,2,2,3,9
2025-11-21_sacramento_st_cal_st_fullerton,Sacramento St.,03,"Taylor, Brooklyn",False,11,2,4,0.5,0,0,,2,2,1.0,0,2,2,1,1,2,0,0,6
2025-11-21_sacramento_st_cal_st_fullerton,Sacramento St.,10,"Paananen, Pinja",False,9,1,1,1.0,1,1,1.0,0,0,,0,0,0,1,0,0,1,0,3
2025-11-21_sacramento_st_cal_st_fullerton,Sacramento St.,04,"Fontenberry, Jamiah",False,2,0,1,0.0,0,1,0.0,2,2,1.0,0,0,0,0,0,0,0,0,2
2025-11-21_sacramento_st_cal_st_fullerton,Sacramento St.,22,"Mandaquit, Jaety",False,8,0,0,,0,0,,0,0,,1,0,1,2,0,0,0,1,0
2025-11-21_sacramento_st_cal_st_fullerton,Sacramento St.,12,"Lual, Ajong",False,2,0,0,,0,0,,0,0,,0,0,0,0,0,0,0,0,0
2025-11-21_sacramento_st_cal_st_fullerton,Sacramento St.,14,"Fa'i, Tali",False,2,0,0,,0,0,,0,0,,0,1,1,0,0,1,0,0,0
2025-11-21_sacramento_st_cal_st_fullerton,Sacramento St.,TM,TEAM,False,0,0,0,,0,0,,0,0,,1,5,6,0,0,0,0,0,0
2025-11-21_idaho_uc_riverside,UC Riverside,22,"Swanson, Taylor",True,32,5,10,0.5,2,5,0.4,3,4,0.75,1,5,6,3,0,2,1,1,15
2025-11-21_idaho_uc_riverside,UC Riverside,7,"Wickstrom, Hannah",True,31,5,19,0.263,0,4,0.0,3,6,0.5,1,7,8,1,4,1,0,1,13
2025-11-21_idaho_uc_riverside,UC Riverside,1,"Polk, Kaylani",True,27,3,7,0.429,2,5,0.4,2,3,0.667,0,0,0,3,2,3,0,0,10
2025-11-21_idaho_uc_riverside,UC Riverside,8,"Stanton, Aaliyah",True,17,3,6,0.5,0,0,,0,0,,0,0,0,1,2,2,0,1,6
2025-11-21_idaho_uc_riverside,UC Riverside,41,"Shine, Bria",True,28,1,5,0.2,1,3,0.333,0,0,,1,2,3,1,1,1,1,2,3
2025-11-21_idaho_uc_riverside,UC Riverside,10,"Minshall, Makayla",False,22,5,5,1.0,3,3,1.0,0,0,,0,0,0,2,0,4,0,0,13
2025-11-21_idaho_uc_riverside,UC Riverside,2,"Hackley, Seneca",False,15,2,7,0.286,0,0,,3,3,1.0,1,1,2,1,0,0,0,2,7
2025-11-21_idaho_uc_riverside,UC Riverside,23,"Mejia, Maria",False,11,0,1,0.0,0,0,,3,4,0.75,0,2,2,2,2,1,0,5,3
2025-11-21_idaho_uc_riverside,UC Riverside,9,"Chocano, Maya",False,5,1,3,0.333,1,3,0.333,0,0,,0,0,0,1,0,0,0,0,3
2025-11-21_idaho_uc_riverside,UC Riverside,32,"Moreno Tallon, Lucia",False,9,1,1,1.0,0,0,,0,0,,0,0,0,0,0,1,1,0,2
2025-11-21_idaho_uc_riverside,UC Riverside,30,"Sylla, Dieynaba",False,3,0,0,,0,0,,0,0,,0,0,0,0,0,0,0,0,0
2025-11-21_idaho_uc_riverside,UC Riverside,TM,TEAM,False,0,0,0,,0,0,,0,0,,5,4,9,0,0,2,0,0,0
2025-11-21_idaho_uc_riverside,Idaho,4,"Hassmann, Hope",True,20,6,10,0.6,3,4,0.75,0,0,,1,1,2,1,4,1,0,1,15
2025-11-21_idaho_uc_riverside,Idaho,10,"Barbosa Anunciacao, Lorena Vitoria",True,10,2,3,0.667,0,0,,6,6,1.0,3,2,5,1,0,1,0,0,10
2025-11-21_idaho_uc_riverside,Idaho,3,"Gardner, Kyra",True,20,3,6,0.5,1,3,0.333,0,0,,0,5,5,1,1,1,0,2,7
2025-11-21_idaho_uc_riverside,Idaho,37,"Pinheiro, Ana",True,20,2,6,0.333,0,0,,2,2,1.0,3,3,6,3,0,2,2,0,6
2025-11-21_idaho_uc_riverside,Idaho,5,"Uriarte, Ella",True,24,2,7,0.286,1,3,0.333,0,0,,0,0,0,3,0,1,1,0,5
2025-11-21_idaho_uc_riverside,Idaho,23,"Beatriz Passos Alves da Silva, Ana",False,25,6,7,0.857,2,2,1.0,4,4,1.0,1,3,4,3,2,4,0,1,18
2025-11-21_idaho_uc_riverside,Idaho,9,"Reis dos Santos, Debora",False,10,4,9,0.444,0,0,,3,3,1.0,3,3,6,0,0,1,0,0,11
2025-11-21_idaho_uc_riverside,Idaho,24,"McMorris, Mary",False,22,2,5,0.4,0,1,0.0,3,4,0.75,0,4,4,2,3,4,0,1,7
2025-11-21_idaho_uc_riverside,Idaho,2,"Brans, Sarah",False,17,2,5,0.4,1,2,0.5,0,0,,1,4,5,0,0,2,0,0,5
2025-11-21_idaho_uc_riverside,Idaho,21,"Henley, Niveya",False,12,1,7,0.143,1,6,0.167,0,0,,0,3,3,1,0,2,1,0,3
2025-11-21_idaho_uc_riverside,Idaho,6,"Ekh, Sofia",False,13,1,3,0.333,0,1,0.0,0,0,,2,0,2,0,1,2,0,0,2
2025-11-21_idaho_uc_riverside,Idaho,14,"Kangur, Katlin",False,4,0,0,,0,0,,0,0,,0,0,0,2,0,0,0,0,0
2025-11-21_idaho_uc_riverside,Idaho,13,"Deaver, Catelyn",False,3,0,0,,0,0,,0,0,,1,0,1,1,0,0,0,0,0
2025-11-21_idaho_uc_riverside,Idaho,TM,TEAM,False,0,0,0,,0,0,,0,0,,1,4,5,0,0,0,0,0,0
2025-11-22_st_thomas_mn_uc_irvine,UC Irvine,23,"Wynn, Jada",True,38,6,15,0.4,3,6,0.5,5,5,1.0,2,7,9,1,0,1,0,2,20
2025-11-22_st_thomas_mn_uc_irvine,UC Irvine,20,"Hernandez, Hunter",True,38,5,14,0.357,0,3,0.0,5,6,0.833,1,5,6,2,3,1,1,2,15
2025-11-22_st_thomas_mn_uc_irvine,UC Irvine,10,"Madsen, Lauryn",True,29,2,5,0.4,1,4,0.25,0,0,,2,2,4,1,1,2,0,0,5
2025-11-22_st_thomas_mn_uc_irvine,UC Irvine,12,"Nahum, Shirel",True,33,2,9,0.222,0,1,0.0,0,0,,1,0,1,3,4,1,0,4,4
2025-11-22_st_thomas_mn_uc_irvine,UC Irvine,9,"Falcon Hernandez, Daniela",True,24,1,1,1.0,1,1,1.0,0,0,,1,3,4,3,1,1,1,0,3
2025-11-22_st_thomas_mn_uc_irvine,UC Irvine,13,"Stores, Nohe'alani",False,16,3,5,0.6,0,0,,4,4,1.0,2,2,4,2,0,0,0,1,10
2025-11-22_st_thomas_mn_uc_irvine,UC Irvine,24,"Zonzon-huyghe, Naomy",False,17,2,3,0.667,0,0,,2,2,1.0,1,1,2,2,2,1,0,2,6
2025-11-22_st_thomas_mn_uc_irvine,UC Irvine,1,"Grant, Ameerah",False,3,0,0,,0,0,,0,0,,0,0,0,0,1,1,0,1,0
2025-11-22_st_thomas_mn_uc_irvine,UC Irvine,2,"Hernandez, Haley",False,2,0,0,,0,0,,0,0,,0,0,0,0,0,0,0,0,0
2025-11-22_st_thomas_mn_uc_irvine,UC Irvine,TM,TEAM,False,0,0,0,,0,0,,0,0,,0,1,1,0,0,0,0,0,0
2025-11-22_st_thomas_mn_uc_irvine,St. Thomas (MN),24,"Sand, Alyssa",True,35,9,11,0.818,2,2,1.0,2,3,0.667,2,3,5,2,1,4,2,1,22
2025-11-22_st_thomas_mn_uc_irvine,St. Thomas (MN),52,"McGowan, Savannah",True,36,5,14,0.357,0,1,0.0,2,2,1.0,5,8,13,1,2,1,0,0,12
2025-11-22_st_thomas_mn_uc_irvine,St. Thomas (MN),11,"Hood, Jada",True,32,1,6,0.167,1,5,0.2,2,2,1.0,2,2,4,3,5,2,0,1,5
2025-11-22_st_thomas_mn_uc_irvine,St. Thomas (MN),5,"Feuerbach, Faith",True,28,2,5,0.4,1,2,0.5,0,0,,0,1,1,4,2,2,0,0,5
2025-11-22_st_thomas_mn_uc_irvine,St. Thomas (MN),14,"McCall, Autumn",True,17,0,5,0.0,0,1,0.0,0,0,,0,1,1,1,3,1,0,0,0
2025-11-22_st_thomas_mn_uc_irvine,St. Thomas (MN),30,"Hauge, Laura",False,31,4,11,0.364,3,10,0.3,0,0,,0,1,1,4,3,0,0,2,11
2025-11-22_st_thomas_mn_uc_irvine,St. Thomas (MN),12,"Werner, Mikayla",False,10,0,0,,0,0,,0,0,,0,1,1,3,0,1,0,0,0
2025-11-22_st_thomas_mn_uc_irvine,St. Thomas (MN),10,"Gage, Savannah",False,9,0,0,,0,0,,0,0,,0,0,0,0,0,3,0,0,0
2025-11-22_st_thomas_mn_uc_irvine,St. Thomas (MN),33,"Ludwig, Kammie",False,2,0,0,,0,0,,0,0,,0,0,0,0,2,1,0,0,0
2025-11-22_st_thomas_mn_uc_irvine,St. Thomas (MN),TM,TEAM,False,0,0,0,,0,0,,0,0,,1,2,3,0,0,0,0,0,0
2025-11-22_uc_san_diego_air_force,Air Force,02,"Perry, Milahnie",True,35,7,18,0.389,0,2,0.0,1,2,0.5,0,5,5,1,1,2,1,2,15
2025-11-22_uc_san_diego_air_force,Air Force,10,"McNabb, Jayda",True,32,4,6,0.667,1,2,0.5,1,4,0.25,7,7,14,3,2,2,2,2,10
2025-11-22_uc_san_diego_air_force,Air Force,00,"DeVaughn, Jordyn",True,31,1,10,0.1,0,7,0.0,2,2,1.0,1,0,1,2,2,6,0,1,4
2025-11-22_uc_san_diego_air_force,Air Force,14,"Clay, Bhret",True,34,1,8,0.125,1,6,0.167,0,0,,0,3,3,3,1,2,0,1,3
2025-11-22_uc_san_diego_air_force,Air Force,31,"Adams, Emily",True,15,1,5,0.2,0,0,,0,0,,1,4,5,0,0,1,0,0,2
2025-11-22_uc_san_diego_air_force,Air Force,13,"O'Hollaren, Keelie",False,28,2,11,0.182,1,7,0.143,2,2,1.0,0,3,3,2,0,2,0,1,7
2025-11-22_uc_san_diego_air_force,Air Force,24,"Hargrave, Marissa",False,16,1,3,0.333,0,1,0.0,0,0,,1,3,4,0,1,1,0,0,2
2025-11-22_uc_san_diego_air_force,Air Force,09,"Jensen, Madelyn",False,9,0,2,0.0,0,2,0.0,0,0,,0,0,0,0,0,1,0,1,0
2025-11-22_uc_san_diego_air_force,Air Force,TM,TEAM,False,0,0,0,,0,0,,0,0,,4,2,6,0,0,3,0,0,0
2025-11-22_uc_san_diego_air_force,UC San Diego,11,"Condron, Erin",True,38,6,11,0.545,0,0,,0,2,0.0,2,3,5,3,3,4,3,1,12
2025-11-22_uc_san_diego_air_force,UC San Diego,04,"Rose, Makayla",True,37,5,11,0.455,1,3,0.333,0,0,,2,5,7,1,5,5,1,3,11
2025-11-22_uc_san_diego_air_force,UC San Diego,13,"Feiman, Lev",True,26,5,8,0.625,0,2,0.0,0,0,,0,1,1,4,3,2,0,1,10
2025-11-22_uc_san_diego_air_force,UC San Diego,12,"Smith, Rosa",True,30,2,5,0.4,2,4,0.5,3,4,0.75,0,5,5,3,1,3,1,1,9
2025-11-22_uc_san_diego_air_force,UC San Diego,15,"Ma, Sabrina",True,33,3,10,0.3,1,6,0.167,0,0,,1,4,5,5,1,2,1,2,7
2025-11-22_uc_san_diego_air_force,UC San Diego,10,"Maxie, Dymonique",False,21,2,6,0.333,0,0,,0,0,,0,5,5,1,0,0,1,1,4
2025-11-22_uc_san_diego_air_force,UC San Diego,21,"Polocheck, Nicki",False,2,0,0,,0,0,,2,2,1.0,1,0,1,0,0,1,0,0,2
2025-11-22_uc_san_diego_air_force,UC San Diego,02,"Fairwell, Michaela",False,11,0,4,0.0,0,2,0.0,0,0,,0,1,1,0,0,1,0,0,0
2025-11-22_uc_san_diego_air_force,UC San Diego,25,"Mahan, Junaé",False,2,0,0,,0,0,,0,0,,0,1,1,0,0,0,0,0,0
2025-11-22_uc_san_diego_air_force,UC San Diego,TM,TEAM,False,0,0,0,,0,0,,0,0,,0,5,5,0,0,0,0,0,0
2025-11-22_wichita_st_csu_bakersfield,CSU Bakersfield,12,"Coleman , Chrishawn",True,33,7,14,0.5,1,4,0.25,1,6,0.167,0,3,3,3,3,4,0,3,16
2025-11-22_wichita_st_csu_bakersfield,CSU Bakersfield,14,"Hawkins, Morgan",True,36,3,9,0.333,2,5,0.4,4,6,0.667,2,2,4,3,2,0,0,1,12
2025-11-22_wichita_st_csu_bakersfield,CSU Bakersfield,08,"Langi, Marley",True,24,4,9,0.444,2,5,0.4,0,0,,0,2,2,4,1,3,1,1,10
2025-11-22_wichita_st_csu_bakersfield,CSU Bakersfield,11,"Dias, Maria",True,25,3,10,0.3,1,2,0.5,0,0,,0,1,1,1,2,4,0,2,7
2025-11-22_wichita_st_csu_bakersfield,CSU Bakersfield,24,"Ikidi, Tena",True,20,1,3,0.333,0,0,,0,0,,3,5,8,4,0,1,0,1,2
2025-11-22_wichita_st_csu_bakersfield,CSU Bakersfield,02,"Carter, Aliyah",False,25,3,6,0.5,0,1,0.0,0,0,,0,1,1,1,2,1,0,2,6
2025-11-22_wichita_st_csu_bakersfield,CSU Bakersfield,22,"Kincade, Dae’Jaidence",False,7,2,2,1.0,0,0,,1,3,0.333,1,2,3,3,0,0,0,0,5
2025-11-22_wichita_st_csu_bakersfield,CSU Bakersfield,01,"Finley, Zalissa",False,19,1,4,0.25,0,2,0.0,0,0,,2,5,7,1,0,0,1,2,2
2025-11-22_wichita_st_csu_bakersfield,CSU Bakersfield,55,"Puletasi, Adrienne",False,10,0,1,0.0,0,0,,0,0,,1,2,3,2,0,0,0,0,0
2025-11-22_wichita_st_csu_bakersfield,CSU Bakersfield,21,"Sutherland, Tianna",False,1,0,1,0.0,0,0,,0,0,,1,0,1,0,1,0,0,0,0
2025-11-22_wichita_st_csu_bakersfield,CSU Bakersfield,TM,TEAM,False,0,0,0,,0,0,,0,0,,4,0,4,0,0,1,0,0,0
2025-11-22_wichita_st_csu_bakersfield,Wichita St.,02,"Cater, Abby",True,29,3,9,0.333,0,1,0.0,5,5,1.0,3,2,5,3,0,6,2,2,11
2025-11-22_wichita_st_csu_bakersfield,Wichita St.,04,"Harding, Jaila",True,34,2,9,0.222,1,6,0.167,3,6,0.5,1,3,4,3,2,0,0,2,8
2025-11-22_wichita_st_csu_bakersfield,Wichita St.,05,"Richardson, Diamond",True,22,2,5,0.4,0,1,0.0,2,3,0.667,0,1,1,1,1,1,0,3,6
2025-11-22_wichita_st_csu_bakersfield,Wichita St.,11,"Mcdonald, Jaida",True,19,1,4,0.25,0,0,,1,2,0.5,2,3,5,1,2,1,1,0,3
2025-11-22_wichita_st_csu_bakersfield,Wichita St.,77,"Benharouga, Sophie",True,11,1,2,0.5,0,0,,0,0,,1,1,2,2,0,3,0,0,2
2025-11-22_wichita_st_csu_bakersfield,Wichita St.,01,"Ortiz, Kyleigh",False,17,2,4,0.5,1,3,0.333,2,2,1.0,0,0,0,1,0,2,0,2,7
2025-11-22_wichita_st_csu_bakersfield,Wichita St.,24,"Sissoko, Maimouna",False,21,1,3,0.333,0,0,,3,4,0.75,1,6,7,1,0,3,2,0,5
2025-11-22_wichita_st_csu_bakersfield,Wichita St.,14,"Davis, Taya",False,18,1,4,0.25,0,2,0.0,2,2,1.0,0,3,3,3,1,3,0,1,4
2025-11-22_wichita_st_csu_bakersfield,Wichita St.,12,"White, Bre'Yon",False,10,1,2,0.5,0,0,,2,2,1.0,0,1,1,2,0,0,0,0,4
2025-11-22_wichita_st_csu_bakersfield,Wichita St.,21,"Thompson, Treasure",False,14,1,3,0.333,0,0,,1,2,0.5,0,2,2,0,0,0,0,0,3
2025-11-22_wichita_st_csu_bakersfield,Wichita St.,42,"Banks, Cheyenne",False,5,1,1,1.0,0,0,,0,0,,1,0,1,0,0,1,0,0,2
2025-11-22_wichita_st_csu_bakersfield,Wichita St.,TM,TEAM,False,0,0,0,,0,0,,0,0,,2,3,5,0,0,0,0,0,0
2025-11-23_hawaii_portland,Portland,22,"Mogel, Rhyan",True,29,5,8,0.625,3,3,1.0,3,5,0.6,0,2,2,4,4,2,0,1,16
2025-11-23_hawaii_portland,Portland,02,"Ananiev, Dyani",True,35,4,12,0.333,1,5,0.2,4,4,1.0,2,5,7,1,5,4,0,1,13
2025-11-23_hawaii_portland,Portland,03,"Dallow, Florence",True,22,3,9,0.333,2,3,0.667,0,0,,1,2,3,4,0,1,0,1,8
2025-11-23_hawaii_portland,Portland,20,"Spear, Lainey",True,25,0,3,0.0,0,1,0.0,3,4,0.75,1,2,3,3,2,2,0,0,3
2025-11-23_hawaii_portland,Portland,44,"Dalan, Julia",True,14,1,1,1.0,0,0,,0,0,,2,6,8,0,0,1,4,0,2
2025-11-23_hawaii_portland,Portland,17,"Rodriguez, Nicole",False,27,4,15,0.267,3,12,0.25,2,2,1.0,0,2,2,1,2,2,0,0,13
2025-11-23_hawaii_portland,Portland,42,"Zimmerman, Ella",False,13,3,6,0.5,0,1,0.0,0,0,,1,1,2,1,0,1,1,0,6
2025-11-23_hawaii_portland,Portland,07,"Barbosa, Tiffany",False,14,0,2,0.0,0,1,0.0,0,0,,1,0,1,1,0,2,0,2,0
2025-11-23_hawaii_portland,Portland,10,"Fraley, Natalie",False,12,0,2,0.0,0,2,0.0,0,0,,0,0,0,3,2,1,0,0,0
2025-11-23_hawaii_portland,Portland,09,"Kennedy, Jada",False,5,0,1,0.0,0,1,0.0,0,0,,0,1,1,0,1,1,0,0,0
2025-11-23_hawaii_portland,Portland,12,"Smith, Brynn",False,4,0,0,,0,0,,0,0,,0,0,0,0,0,0,0,0,0
2025-11-23_hawaii_portland,Portland,TM,TEAM,False,0,0,0,,0,0,,0,0,,4,1,5,0,0,3,0,0,0
2025-11-23_hawaii_portland,Hawaii,03,"Flavell, Bailey",True,25,1,7,0.143,0,1,0.0,7,8,0.875,0,5,5,4,3,3,0,0,9
2025-11-23_hawaii_portland,Hawaii,12,"Perez, Imani",True,18,2,6,0.333,2,4,0.5,2,2,1.0,0,3,3,0,0,0,2,2,8
2025-11-23_hawaii_portland,Hawaii,02,"Bond, Teyahna",True,26,1,6,0.167,1,2,0.5,1,2,0.5,0,2,2,2,4,2,0,0,4
2025-11-23_hawaii_portland,Hawaii,33,"Neverson, Saniyah",True,17,1,8,0.125,0,1,0.0,1,1,1.0,3,2,5,0,1,1,0,2,3
2025-11-23_hawaii_portland,Hawaii,08,"Moors, Rebecca",True,12,1,2,0.5,0,0,,0,0,,0,1,1,1,0,0,0,2,2
2025-11-23_hawaii_portland,Hawaii,24,"Tamilo, Ritorya",False,21,6,8,0.75,1,1,1.0,3,4,0.75,3,1,4,3,2,1,0,0,16
2025-11-23_hawaii_portland,Hawaii,01,"Filemu, Kira-May",False,20,2,4,0.5,1,2,0.5,1,2,0.5,1,2,3,0,1,0,1,0,6
2025-11-23_hawaii_portland,Hawaii,11,"Curtis, Keiara",False,12,2,3,0.667,0,0,,1,2,0.5,2,1,3,1,1,4,1,0,5
2025-11-23_hawaii_portland,Hawaii,22,"Peacock, Jade",False,9,2,5,0.4,1,1,1.0,0,0,,2,2,4,0,1,1,0,1,5
2025-11-23_hawaii_portland,Hawaii,10,"Kujovic, Danijela",False,19,2,5,0.4,0,2,0.0,0,0,,0,2,2,1,1,2,0,1,4
2025-11-23_hawaii_portland,Hawaii,06,"Webb, Kyra",False,16,2,3,0.667,0,0,,0,0,,1,1,2,1,0,3,1,1,4
2025-11-23_hawaii_portland,Hawaii,20,"Forsyth, Izzy",False,5,0,0,,0,0,,0,0,,0,0,0,0,0,0,0,0,0
2025-11-23_hawaii_portland,Hawaii,TM,TEAM,False,0,0,0,,0,0,,0,0,,0,3,3,0,0,1,0,0,0
2025-11-23_oregon_st_long_beach_st,Long Beach St.,30,"Jones-brown, Jaquoia",True,37,6,16,0.375,2,6,0.333,2,2,1.0,0,5,5,1,4,2,0,3,16
2025-11-23_oregon_st_long_beach_st,Long Beach St.,42,"Oliva Fernandez, Judit",True,26,3,11,0.273,0,5,0.0,0,0,,2,0,2,2,2,2,0,0,6
2025-11-23_oregon_st_long_beach_st,Long Beach St.,13,"Pepe, Khylee",True,16,2,5,0.4,0,2,0.0,0,0,,2,1,3,4,0,1,0,2,4
2025-11-23_oregon_st_long_beach_st,Long Beach St.,5,"Ka, Kennan",True,23,1,4,0.25,1,3,0.333,0,0,,1,2,3,5,2,1,0,1,3
2025-11-23_oregon_st_long_beach_st,Long Beach St.,32,"Pukis, Brynna",True,21,0,4,0.0,0,3,0.0,0,0,,0,0,0,4,1,4,0,0,0
2025-11-23_oregon_st_long_beach_st,Long Beach St.,2,"Akot, Rosie",False,22,5,11,0.455,2,4,0.5,1,4,0.25,5,8,13,2,2,0,0,1,13
2025-11-23_oregon_st_long_beach_st,Long Beach St.,25,"Mack, Morgan",False,21,3,6,0.5,2,4,0.5,0,0,,3,1,4,4,0,1,0,1,8
2025-11-23_oregon_st_long_beach_st,Long Beach St.,10,"Reynoso, Christy",False,19,2,7,0.286,1,5,0.2,0,0,,0,3,3,1,0,1,0,1,5
2025-11-23_oregon_st_long_beach_st,Long Beach St.,33,"Wright, Haley",False,10,0,1,0.0,0,1,0.0,0,0,,1,0,1,3,0,1,0,0,0
2025-11-23_oregon_st_long_beach_st,Long Beach St.,3,"Samuel-afolabi, Tairat",False,3,0,0,,0,0,,0,0,,0,0,0,0,0,1,0,0,0
2025-11-23_oregon_st_long_beach_st,Long Beach St.,00,"Cummings, Lauren",False,2,0,0,,0,0,,0,0,,0,0,0,1,0,1,0,0,0
2025-11-23_oregon_st_long_beach_st,Long Beach St.,TM,TEAM,False,0,0,0,,0,0,,0,0,,1,3,4,0,0,0,0,0,0
2025-11-23_oregon_st_long_beach_st,Oregon St.,3,"Villa, Jenna",True,35,5,17,0.294,0,7,0.0,4,4,1.0,6,4,10,1,1,0,0,0,14
2025-11-23_oregon_st_long_beach_st,Oregon St.,00,"Bolden, Tiara",True,26,4,7,0.571,2,4,0.5,4,4,1.0,0,7,7,4,0,2,0,2,14
2025-11-23_oregon_st_long_beach_st,Oregon St.,32,"Sow, Nene",True,11,4,4,1.0,0,0,,1,4,0.25,1,4,5,1,0,2,1,0,9
2025-11-23_oregon_st_long_beach_st,Oregon St.,1,"Shuler, Kennedie",True,32,3,6,0.5,0,1,0.0,2,6,0.333,0,0,0,2,14,2,0,4,8
2025-11-23_oregon_st_long_beach_st,Oregon St.,4,"Schimel, Ally",True,20,2,4,0.5,2,2,1.0,0,0,,1,0,1,0,0,0,0,0,6
2025-11-23_oregon_st_long_beach_st,Oregon St.,22,"Alonso, Lara",False,27,3,6,0.5,1,2,0.5,3,6,0.5,1,4,5,1,1,2,2,1,10
2025-11-23_oregon_st_long_beach_st,Oregon St.,15,"Williamson, Lizzy",False,19,2,2,1.0,0,0,,3,4,0.75,0,6,6,2,0,0,1,0,7
2025-11-23_oregon_st_long_beach_st,Oregon St.,2,"Field, Katelyn",False,6,0,1,0.0,0,1,0.0,2,2,1.0,0,0,0,0,0,1,0,1,2
2025-11-23_oregon_st_long_beach_st,Oregon St.,16,"Mehyar, Elisa",False,6,0,0,,0,0,,1,2,0.5,0,1,1,0,0,2,1,0,1
2025-11-23_oregon_st_long_beach_st,Oregon St.,10,"Yepes, Susana",False,10,0,3,0.0,0,2,0.0,0,0,,1,2,3,0,0,0,0,0,0
2025-11-23_oregon_st_long_beach_st,Oregon St.,25,"Lindemans, Keira",False,4,0,2,0.0,0,1,0.0,0,0,,0,0,0,1,0,1,0,0,0
2025-11-23_oregon_st_long_beach_st,Oregon St.,31,"Vecina, Cloe",False,4,0,0,,0,0,,0,0,,0,0,0,0,0,0,0,0,0
2025-11-23_oregon_st_long_beach_st,Oregon St.,TM,TEAM,False,0,0,0,,0,0,,0,0,,1,1,2,0,0,0,0,0,0
2025-11-23_idaho_csun,CSUN,33,"Nazário, Rita",True,34,4,12,0.333,3,9,0.333,0,0,,0,2,2,3,1,5,0,1,11
2025-11-23_idaho_csun,CSUN,34,"Bernard, Nadia",True,16,4,10,0.4,0,0,,0,0,,1,2,3,4,0,0,1,0,8
2025-11-23_idaho_csun,CSUN,22,"Dahlin, Laini",True,14,1,3,0.333,1,2,0.5,0,0,,0,0,0,1,0,1,0,1,3
2025-11-23_idaho_csun,CSUN,24,"Cos-morales, Mariona",True,25,1,9,0.111,0,4,0.0,0,0,,1,4,5,3,0,3,0,1,2
2025-11-23_idaho_csun,CSUN,4,"Edwards, Morgan",True,18,1,5,0.2,0,3,0.0,0,0,,1,3,4,1,3,4,2,2,2
2025-11-23_idaho_csun,CSUN,00,"Gbemuotor, Jite",False,9,3,4,0.75,1,1,1.0,0,1,0.0,2,2,4,3,0,1,0,0,7
2025-11-23_idaho_csun,CSUN,2,"White, Saray",False,17,2,8,0.25,0,1,0.0,2,4,0.5,3,0,3,0,2,0,1,1,6
2025-11-23_idaho_csun,CSUN,10,"Lizama, Alondra",False,17,2,5,0.4,1,3,0.333,1,1,1.0,0,2,2,2,1,0,0,0,6
2025-11-23_idaho_csun,CSUN,21,"Canadell, Jana",False,15,2,5,0.4,0,3,0.0,0,0,,1,1,2,0,0,0,1,0,4
2025-11-23_idaho_csun,CSUN,1,"Moody, Amya",False,10,1,2,0.5,1,2,0.5,1,2,0.5,0,1,1,1,1,0,0,1,4
2025-11-23_idaho_csun,CSUN,3,"Tumlin, Kelly",False,25,1,6,0.167,1,5,0.2,0,0,,0,2,2,0,1,0,0,2,3
2025-11-23_idaho_csun,CSUN,23,"Contreras, Maya",False,0,0,0,,0,0,,0,0,,0,0,0,0,0,0,0,0,0
2025-11-23_idaho_csun,CSUN,TM,TEAM,False,0,0,0,,0,0,,0,0,,2,2,4,0,0,0,0,0,0
2025-11-23_idaho_csun,Idaho,10,"Barbosa Anunciacao, Lorena Vitoria",True,26,5,6,0.833,0,1,0.0,8,9,0.889,0,4,4,1,1,1,0,0,18
2025-11-23_idaho_csun,Idaho,4,"Hassmann, Hope",True,24,5,11,0.455,2,5,0.4,2,2,1.0,2,3,5,0,3,3,0,1,14
2025-11-23_idaho_csun,Idaho,37,"Pinheiro, Ana",True,27,4,5,0.8,1,1,1.0,2,2,1.0,1,4,5,0,4,0,2,3,11
2025-11-23_idaho_csun,Idaho,5,"Uriarte, Ella",True,24,5,9,0.556,1,3,0.333,0,0,,1,2,3,3,2,1,0,1,11
2025-11-23_idaho_csun,Idaho,3,"Gardner, Kyra",True,27,2,10,0.2,1,7,0.143,0,0,,2,4,6,3,2,3,1,4,5
2025-11-23_idaho_csun,Idaho,9,"Reis dos Santos, Debora",False,11,4,8,0.5,0,2,0.0,3,5,0.6,4,4,8,0,0,0,1,0,11
2025-11-23_idaho_csun,Idaho,24,"McMorris, Mary",False,20,4,11,0.364,1,3,0.333,1,4,0.25,2,3,5,1,1,1,0,1,10
2025-11-23_idaho_csun,Idaho,23,"Beatriz Passos Alves da Silva, Ana",False,20,1,6,0.167,1,2,0.5,0,0,,3,3,6,1,2,3,0,0,3
2025-11-23_idaho_csun,Idaho,2,"Brans, Sarah",False,7,1,4,0.25,1,2,0.5,0,0,,5,3,8,1,0,0,0,0,3
2025-11-23_idaho_csun,Idaho,6,"Ekh, Sofia",False,5,1,4,0.25,0,1,0.0,0,0,,1,1,2,0,0,0,0,0,2
2025-11-23_idaho_csun,Idaho,21,"Henley, Niveya",False,5,0,0,,0,0,,1,2,0.5,0,1,1,0,0,1,0,0,1
2025-11-23_idaho_csun,Idaho,13,"Deaver, Catelyn",False,2,0,0,,0,0,,0,0,,0,0,0,0,0,0,0,0,0
2025-11-23_idaho_csun,Idaho,14,"Kangur, Katlin",False,2,0,0,,0,0,,0,0,,0,1,1,0,0,0,0,0,0
2025-11-23_idaho_csun,Idaho,TM,TEAM,False,0,0,0,,0,0,,0,0,,1,6,7,0,0,1,0,0,0
2025-11-23_pacific_cal_st_fullerton,Cal St. Fullerton,00,"Steiner, Nicole",True,37,9,14,0.643,0,0,,4,8,0.5,4,7,11,2,1,2,0,2,22
2025-11-23_pacific_cal_st_fullerton,Cal St. Fullerton,55,"Jones, Cristina",True,29,6,13,0.462,0,0,,3,6,0.5,4,3,7,4,1,6,0,10,15
2025-11-23_pacific_cal_st_fullerton,Cal St. Fullerton,10,"Swindle, Dylan",True,27,3,8,0.375,1,4,0.25,6,6,1.0,1,1,2,4,0,4,0,1,13
2025-11-23_pacific_cal_st_fullerton,Cal St. Fullerton,33,"Pearson, Kya",True,35,1,8,0.125,0,0,,4,4,1.0,1,3,4,1,4,4,0,5,6
2025-11-23_pacific_cal_st_fullerton,Cal St. Fullerton,04,"Falsdottir, Jana",True,25,2,5,0.4,1,3,0.333,1,1,1.0,1,1,2,3,5,1,0,1,6
2025-11-23_pacific_cal_st_fullerton,Cal St. Fullerton,22,"Muniz, Madelynn",False,17,1,5,0.2,0,3,0.0,0,0,,1,0,1,5,0,1,0,0,2
2025-11-23_pacific_cal_st_fullerton,Cal St. Fullerton,05,"Sutisna, Maxine",False,15,1,4,0.25,0,2,0.0,0,0,,0,1,1,2,0,0,0,0,2
2025-11-23_pacific_cal_st_fullerton,Cal St. Fullerton,24,"Orhan, Basak",False,4,1,1,1.0,0,0,,0,0,,0,0,0,1,0,1,0,0,2
2025-11-23_pacific_cal_st_fullerton,Cal St. Fullerton,13,"Petersen, Lilliana",False,7,0,1,0.0,0,1,0.0,0,0,,0,0,0,1,0,0,0,0,0
2025-11-23_pacific_cal_st_fullerton,Cal St. Fullerton,23,"Maxwell, Talia",False,4,0,1,0.0,0,0,,0,0,,0,1,1,1,0,0,0,0,0
2025-11-23_pacific_cal_st_fullerton,Cal St. Fullerton,01,"Moon, Mimi",False,,0,0,,0,0,,0,0,,0,0,0,0,0,0,0,0,0
2025-11-23_pacific_cal_st_fullerton,Cal St. Fullerton,TM,TEAM,False,0,0,0,,0,0,,0,0,,3,1,4,0,0,0,0,0,0
2025-11-23_pacific_cal_st_fullerton,Pacific,10,"Ward, Sydney",True,31,4,9,0.444,0,2,0.0,8,8,1.0,3,5,8,3,0,4,1,2,16
2025-11-23_pacific_cal_st_fullerton,Pacific,25,"Bartholomew, Winner",True,23,4,5,0.8,0,0,,2,3,0.667,2,5,7,4,2,2,0,1,10
2025-11-23_pacific_cal_st_fullerton,Pacific,05,"Szabo, Stella",True,27,2,4,0.5,2,4,0.5,1,2,0.5,5,2,7,4,1,5,0,0,7
2025-11-23_pacific_cal_st_fullerton,Pacific,07,"Yergensen, Liv",True,35,1,10,0.1,1,6,0.167,2,2,1.0,0,3,3,3,2,4,1,1,5
2025-11-23_pacific_cal_st_fullerton,Pacific,21,"Nestorov, Daria",True,32,1,7,0.143,0,2,0.0,2,2,1.0,0,2,2,4,3,8,1,3,4
2025-11-23_pacific_cal_st_fullerton,Pacific,08,"Mindermann, Sophia",False,28,3,10,0.3,2,9,0.222,2,2,1.0,0,2,2,3,2,3,0,3,10
2025-11-23_pacific_cal_st_fullerton,Pacific,15,"Lowery, Nyah",False,11,1,3,0.333,0,1,0.0,2,2,1.0,0,0,0,1,0,3,1,0,4
2025-11-23_pacific_cal_st_fullerton,Pacific,09,"Radocaj, Marina",False,7,0,0,,0,0,,0,0,,1,0,1,1,0,2,0,0,0
2025-11-23_pacific_cal_st_fullerton,Pacific,11,"Anderegg, Luisa",False,6,0,1,0.0,0,1,0.0,0,0,,0,2,2,0,0,0,0,0,0
2025-11-23_pacific_cal_st_fullerton,Pacific,TM,TEAM,False,0,0,0,,0,0,,0,0,,5,4,9,0,0,3,0,0,0
2025-11-23_boise_st_uc_riverside,UC Riverside,7,"Wickstrom, Hannah",True,33,6,11,0.545,0,2,0.0,3,4,0.75,2,8,10,1,2,5,0,3,15
2025-11-23_boise_st_uc_riverside,UC Riverside,1,"Polk, Kaylani",True,28,4,12,0.333,4,11,0.364,0,0,,0,1,1,4,3,5,0,0,12
2025-11-23_boise_st_uc_riverside,UC Riverside,22,"Swanson, Taylor",True,20,2,6,0.333,2,5,0.4,0,0,,1,1,2,4,1,1,1,2,6
2025-11-23_boise_st_uc_riverside,UC Riverside,41,"Shine, Bria",True,26,2,5,0.4,1,2,0.5,0,0,,1,2,3,2,2,3,1,1,5
2025-11-23_boise_st_uc_riverside,UC Riverside,2,"Hackley, Seneca",True,17,1,6,0.167,0,2,0.0,3,4,0.75,2,3,5,3,0,1,0,1,5
2025-11-23_boise_st_uc_riverside,UC Riverside,8,"Stanton, Aaliyah",False,14,2,4,0.5,0,1,0.0,4,6,0.667,1,0,1,2,0,0,0,2,8
2025-11-23_boise_st_uc_riverside,UC Riverside,23,"Mejia, Maria",False,8,1,1,1.0,1,1,1.0,0,0,,0,1,1,0,0,3,0,0,3
2025-11-23_boise_st_uc_riverside,UC Riverside,9,"Chocano, Maya",False,20,1,3,0.333,0,2,0.0,0,2,0.0,1,0,1,4,0,2,0,0,2
2025-11-23_boise_st_uc_riverside,UC Riverside,10,"Minshall, Makayla",False,20,0,2,0.0,0,2,0.0,0,0,,0,1,1,0,1,0,0,0,0
2025-11-23_boise_st_uc_riverside,UC Riverside,30,"Sylla, Dieynaba",False,8,0,0,,0,0,,0,0,,1,2,3,0,0,1,0,0,0
2025-11-23_boise_st_uc_riverside,UC Riverside,32,"Moreno Tallon, Lucia",False,6,0,0,,0,0,,0,0,,0,0,0,2,0,1,2,0,0
2025-11-23_boise_st_uc_riverside,UC Riverside,TM,TEAM,False,0,0,0,,0,0,,0,0,,2,0,2,0,0,2,0,0,0
2025-11-23_boise_st_uc_riverside,Boise St.,32,"Pasco, Natalie",True,38,6,13,0.462,4,5,0.8,3,4,0.75,0,2,2,1,2,2,0,1,19
2025-11-23_boise_st_uc_riverside,Boise St.,4,"Bayes, Dani",True,31,4,5,0.8,3,4,0.75,0,2,0.0,1,2,3,3,1,2,1,3,11
2025-11-23_boise_st_uc_riverside,Boise St.,9,"Hutton, Libby",True,24,2,5,0.4,1,1,1.0,3,4,0.75,2,5,7,2,2,5,0,1,8
2025-11-23_boise_st_uc_riverside,Boise St.,00,"Thompson, Tatum",True,27,3,6,0.5,0,0,,1,2,0.5,0,4,4,4,5,3,0,2,7
2025-11-23_boise_st_uc_riverside,Boise St.,14,"Hansen, Mya",True,33,3,6,0.5,0,1,0.0,0,0,,1,4,5,3,5,4,0,1,6
2025-11-23_boise_st_uc_riverside,Boise St.,22,"Garza, Kenna",False,9,4,5,0.8,0,0,,0,0,,0,0,0,1,1,0,0,0,8
2025-11-23_boise_st_uc_riverside,Boise St.,21,"Borcherding, Mason",False,12,1,6,0.167,0,1,0.0,2,2,1.0,3,2,5,1,0,1,0,0,4
2025-11-23_boise_st_uc_riverside,Boise St.,2,"Howard, Emily",False,8,1,3,0.333,0,0,,0,0,,0,0,0,0,1,0,0,1,2
2025-11-23_boise_st_uc_riverside,Boise St.,3,"Maldonado, Morgan",False,7,1,2,0.5,0,0,,0,0,,0,0,0,1,1,1,0,1,2
2025-11-23_boise_st_uc_riverside,Boise St.,35,"Thompson, Keirra",False,6,0,1,0.0,0,1,0.0,0,0,,0,0,0,1,0,1,0,0,0
2025-11-23_boise_st_uc_riverside,Boise St.,7,"Harms, Izzie",False,5,0,0,,0,0,,0,0,,0,0,0,0,0,1,0,0,0
2025-11-23_boise_st_uc_riverside,Boise St.,TM,TEAM,False,0,0,0,,0,0,,0,0,,1,1,2,0,0,1,0,0,0
2025-11-24_sacramento_st_uc_davis,UC Davis,02,"Bennett, Ryann",True,44,9,18,0.5,3,9,0.333,4,5,0.8,0,4,4,2,1,2,0,4,25
2025-11-24_sacramento_st_uc_davis,UC Davis,09,"Sussex, Avery",True,35,4,12,0.333,3,11,0.273,4,4,1.0,0,3,3,1,2,2,2,1,15
2025-11-24_sacramento_st_uc_davis,UC Davis,04,"Epps, Nya",True,39,4,13,0.308,0,4,0.0,2,6,0.333,2,3,5,2,2,2,0,1,10
2025-11-24_sacramento_st_uc_davis,UC Davis,25,"Norris, Megan",True,41,2,6,0.333,0,2,0.0,2,4,0.5,1,8,9,3,3,1,3,4,6
2025-11-24_sacramento_st_uc_davis,UC Davis,10,"Young, Tegan",True,19,1,8,0.125,0,4,0.0,0,0,,3,2,5,2,1,1,0,3,2
2025-11-24_sacramento_st_uc_davis,UC Davis,11,"Ersdala, Emmy",False,29,5,7,0.714,1,3,0.333,0,0,,2,2,4,0,1,1,0,0,11
2025-11-24_sacramento_st_uc_davis,UC Davis,15,"Lentfer, Sophie",False,9,0,3,0.0,0,2,0.0,1,2,0.5,1,1,2,0,0,0,0,0,1
2025-11-24_sacramento_st_uc_davis,UC Davis,23,"Baker, Victoria",False,7,0,2,0.0,0,0,,0,0,,0,0,0,0,0,0,0,1,0
2025-11-24_sacramento_st_uc_davis,UC Davis,21,"Tsami, Theoni",False,2,0,0,,0,0,,0,0,,0,0,0,0,0,0,0,0,0
2025-11-24_sacramento_st_uc_davis,UC Davis,TM,TEAM,False,0,0,0,,0,0,,0,0,,3,2,5,0,0,0,0,0,0
2025-11-24_sacramento_st_uc_davis,Sacramento St.,02,"Picton, Natalie",True,43,8,16,0.5,6,8,0.75,2,2,1.0,0,5,5,1,1,4,0,2,24
2025-11-24_sacramento_st_uc_davis,Sacramento St.,11,"Gray, Rubi",True,42,5,9,0.556,2,4,0.5,0,0,,0,3,3,1,2,2,0,0,12
2025-11-24_sacramento_st_uc_davis,Sacramento St.,45,"Jaiteh, Fatoumata",True,28,3,7,0.429,2,3,0.667,4,4,1.0,1,3,4,3,0,2,1,1,12
2025-11-24_sacramento_st_uc_davis,Sacramento St.,01,"Versteeg, Benthe",True,43,4,14,0.286,0,1,0.0,3,4,0.75,1,11,12,3,6,9,2,0,11
2025-11-24_sacramento_st_uc_davis,Sacramento St.,05,"Abiara, Elizabeth",True,16,0,2,0.0,0,0,,0,0,,1,3,4,2,0,0,1,0,0
2025-11-24_sacramento_st_uc_davis,Sacramento St.,08,"Salave'a, Keanna",False,27,1,5,0.2,0,1,0.0,2,2,1.0,5,3,8,4,1,2,1,0,4
2025-11-24_sacramento_st_uc_davis,Sacramento St.,03,"Taylor, Brooklyn",False,14,2,4,0.5,0,1,0.0,0,0,,1,3,4,0,1,2,0,1,4
2025-11-24_sacramento_st_uc_davis,Sacramento St.,10,"Paananen, Pinja",False,5,0,0,,0,0,,0,0,,0,1,1,1,0,0,0,0,0
2025-11-24_sacramento_st_uc_davis,Sacramento St.,22,"Mandaquit, Jaety",False,4,0,0,,0,0,,0,0,,0,0,0,0,0,0,0,1,0
2025-11-24_sacramento_st_uc_davis,Sacramento St.,12,"Lual, Ajong",False,2,0,0,,0,0,,0,0,,0,1,1,0,0,0,0,0,0
2025-11-24_sacramento_st_uc_davis,Sacramento St.,14,"Fa'i, Tali",False,1,0,0,,0,0,,0,0,,0,0,0,3,0,0,0,0,0
2025-11-24_sacramento_st_uc_davis,Sacramento St.,TM,TEAM,False,0,0,0,,0,0,,0,0,,1,3,4,0,0,1,0,0,0
2025-11-24_uc_san_diego_occidental,Occidental,35,"Yasukochi, Paige",True,31,4,11,0.364,2,4,0.5,0,0,,0,2,2,0,1,1,0,1,10
2025-11-24_uc_san_diego_occidental,Occidental,01,"Cabading, Dominique",True,29,2,6,0.333,1,3,0.333,2,4,0.5,0,6,6,4,1,2,0,1,7
2025-11-24_uc_san_diego_occidental,Occidental,04,"Tokeshi, Dara",True,30,2,11,0.182,2,8,0.25,0,0,,0,0,0,2,3,2,0,1,6
2025-11-24_uc_san_diego_occidental,Occidental,23,"Ikuma, Kayla",True,22,2,5,0.4,1,2,0.5,0,0,,0,4,4,4,2,1,0,0,5
2025-11-24_uc_san_diego_occidental,Occidental,10,"Giblin, Ila",True,19,1,3,0.333,0,1,0.0,0,0,,1,0,1,0,1,1,0,0,2
2025-11-24_uc_san_diego_occidental,Occidental,00,"Ko, Emily",False,24,1,6,0.167,1,5,0.2,0,0,,1,0,1,1,1,4,0,1,3
2025-11-24_uc_san_diego_occidental,Occidental,12,"Delgado, Megan",False,7,1,5,0.2,0,3,0.0,1,2,0.5,1,0,1,0,0,0,0,0,3
2025-11-24_uc_san_diego_occidental,Occidental,20,"Daggett, Makena",False,15,1,2,0.5,0,0,,0,0,,0,2,2,1,0,2,0,1,2
2025-11-24_uc_san_diego_occidental,Occidental,21,"Spector, Lillian",False,6,0,3,0.0,0,0,,1,2,0.5,2,0,2,0,1,0,0,1,1
2025-11-24_uc_san_diego_occidental,Occidental,05,"Vanegas, Nicole",False,11,0,6,0.0,0,1,0.0,0,0,,1,0,1,2,1,0,0,1,0
2025-11-24_uc_san_diego_occidental,Occidental,30,"Sepulveda, Cristina",False,6,0,1,0.0,0,0,,0,0,,0,0,0,0,0,0,0,0,0
2025-11-24_uc_san_diego_occidental,Occidental,TM,TEAM,False,0,0,0,,0,0,,0,0,,3,3,6,0,0,2,0,0,0
2025-11-24_uc_san_diego_occidental,UC San Diego,15,"Ma, Sabrina",True,26,9,11,0.818,4,5,0.8,0,0,,2,5,7,0,1,1,0,1,22
2025-11-24_uc_san_diego_occidental,UC San Diego,11,"Condron, Erin",True,22,8,12,0.667,0,0,,1,1,1.0,4,7,11,0,0,2,0,0,17
2025-11-24_uc_san_diego_occidental,UC San Diego,12,"Smith, Rosa",True,23,3,7,0.429,1,4,0.25,4,4,1.0,0,3,3,0,8,0,0,0,11
2025-11-24_uc_san_diego_occidental,UC San Diego,04,"Rose, Makayla",True,24,3,8,0.375,0,3,0.0,2,2,1.0,1,1,2,1,2,1,0,5,8
2025-11-24_uc_san_diego_occidental,UC San Diego,13,"Feiman, Lev",True,16,1,3,0.333,0,2,0.0,0,0,,0,4,4,1,2,1,0,0,2
2025-11-24_uc_san_diego_occidental,UC San Diego,10,"Maxie, Dymonique",False,23,3,5,0.6,0,1,0.0,1,1,1.0,2,1,3,0,4,0,1,1,7
2025-11-24_uc_san_diego_occidental,UC San Diego,24,"Price, Niya",False,10,3,6,0.5,0,3,0.0,0,0,,0,3,3,1,0,1,2,1,6
2025-11-24_uc_san_diego_occidental,UC San Diego,25,"Mahan, Junaé",False,13,2,3,0.667,0,1,0.0,0,2,0.0,0,2,2,3,0,1,1,0,4
2025-11-24_uc_san_diego_occidental,UC San Diego,03,"Jones, Tatum",False,10,2,2,1.0,0,0,,0,0,,0,2,2,1,0,1,1,0,4
2025-11-24_uc_san_diego_occidental,UC San Diego,02,"Fairwell, Michaela",False,16,1,3,0.333,0,1,0.0,0,0,,1,4,5,2,2,5,0,0,2
2025-11-24_uc_san_diego_occidental,UC San Diego,21,"Polocheck, Nicki",False,9,0,2,0.0,0,1,0.0,2,2,1.0,1,4,5,1,1,0,0,0,2
2025-11-24_uc_san_diego_occidental,UC San Diego,30,"Sule, Damilola",False,8,1,2,0.5,0,0,,0,2,0.0,2,0,2,0,1,0,0,0,2
2025-11-24_uc_san_diego_occidental,UC San Diego,TM,TEAM,False,0,0,0,,0,0,,0,0,,0,2,2,0,0,0,0,0,0
2025-11-24_cal_poly_chapman,Chapman,25,"Woods, Layla",True,24,2,9,0.222,0,0,,3,5,0.6,1,3,4,3,1,1,0,1,7
2025-11-24_cal_poly_chapman,Chapman,11,"Watanabe, Kira",True,22,2,10,0.2,1,8,0.125,0,0,,0,0,0,1,3,3,0,0,5
2025-11-24_cal_poly_chapman,Chapman,21,"Cajala, Kali",True,24,1,5,0.2,0,2,0.0,2,2,1.0,0,1,1,1,0,3,0,3,4
2025-11-24_cal_poly_chapman,Chapman,20,"Barretto, Trinity",True,21,1,3,0.333,0,0,,2,2,1.0,4,3,7,3,1,8,0,1,4
2025-11-24_cal_poly_chapman,Chapman,14,"Sherfey, Aidan",True,23,0,0,,0,0,,0,2,0.0,3,4,7,1,1,0,2,0,0
2025-11-24_cal_poly_chapman,Chapman,8,"Teoh, Sydney",False,15,1,7,0.143,1,7,0.143,2,3,0.667,1,0,1,1,0,2,0,1,5
2025-11-24_cal_poly_chapman,Chapman,23,"Nakaji, Maile",False,18,1,10,0.1,1,7,0.143,0,0,,3,0,3,1,1,1,0,1,3
2025-11-24_cal_poly_chapman,Chapman,22,"McCoy, Darcy",False,5,1,1,1.0,1,1,1.0,0,0,,1,0,1,1,0,1,0,0,3
2025-11-24_cal_poly_chapman,Chapman,24,"Lacap, Jemma",False,16,0,1,0.0,0,1,0.0,0,0,,1,0,1,1,0,1,1,1,0
2025-11-24_cal_poly_chapman,Chapman,5,"Ludwick, Emerson",False,14,0,2,0.0,0,0,,0,2,0.0,0,0,0,4,0,1,0,1,0
2025-11-24_cal_poly_chapman,Chapman,4,"Martinez, Andi",False,11,0,0,,0,0,,0,0,,1,0,1,4,0,1,0,0,0
2025-11-24_cal_poly_chapman,Chapman,3,"Lu, Ciara",False,7,0,3,0.0,0,2,0.0,0,0,,1,0,1,0,0,2,0,0,0
2025-11-24_cal_poly_chapman,Chapman,TM,TEAM,False,0,0,0,,0,0,,0,0,,3,4,7,0,0,0,0,0,0
2025-11-24_cal_poly_chapman,Cal Poly,00,"McManus, Vanessa",True,22,4,11,0.364,1,3,0.333,5,6,0.833,5,4,9,2,1,3,0,0,14
2025-11-24_cal_poly_chapman,Cal Poly,9,"Perez, Nora",True,33,3,7,0.429,0,1,0.0,2,3,0.667,5,3,8,2,0,2,0,4,8
2025-11-24_cal_poly_chapman,Cal Poly,32,"Thompson, Charish",True,16,3,4,0.75,0,0,,2,4,0.5,2,1,3,2,1,2,0,0,8
2025-11-24_cal_poly_chapman,Cal Poly,23,"Moleón Hidalgo, Ana",True,36,2,7,0.286,1,2,0.5,0,0,,0,1,1,2,3,1,0,1,5
2025-11-24_cal_poly_chapman,Cal Poly,24,"Butcher, Madison",True,21,0,3,0.0,0,3,0.0,0,0,,0,4,4,3,0,4,0,2,0
2025-11-24_cal_poly_chapman,Cal Poly,11,"Knapp, Avery",False,21,4,8,0.5,0,1,0.0,1,2,0.5,3,1,4,2,1,3,0,2,9
2025-11-24_cal_poly_chapman,Cal Poly,8,"Peiffer, Katie",False,16,3,11,0.273,1,7,0.143,0,0,,1,1,2,1,3,2,0,3,7
2025-11-24_cal_poly_chapman,Cal Poly,55,"Franklin, Vivian",False,12,3,5,0.6,1,3,0.333,0,2,0.0,1,4,5,2,4,1,0,2,7
2025-11-24_cal_poly_chapman,Cal Poly,14,"Bears, Gillian",False,23,0,2,0.0,0,0,,1,2,0.5,4,5,9,3,0,2,1,0,1
2025-11-24_cal_poly_chapman,Cal Poly,TM,TEAM,False,0,0,0,,0,0,,0,0,,3,2,5,0,0,1,0,0,0
2025-11-26_csun_life_pacific,LIFE Pacific,4,"Waldram, Brooklyn",True,30,5,11,0.455,3,8,0.375,0,4,0.0,0,4,4,0,0,6,0,0,13
2025-11-26_csun_life_pacific,LIFE Pacific,11,"Torres, Adrianna",True,31,4,13,0.308,0,3,0.0,3,3,1.0,0,2,2,1,4,3,0,0,11
2025-11-26_csun_life_pacific,LIFE Pacific,44,"Cooper, Ebony",True,25,3,11,0.273,1,4,0.25,2,2,1.0,0,6,6,1,1,3,0,1,9
2025-11-26_csun_life_pacific,LIFE Pacific,13,"Salcedo, Kiana",True,31,3,9,0.333,0,2,0.0,1,1,1.0,0,0,0,4,0,0,0,2,7
2025-11-26_csun_life_pacific,LIFE Pacific,30,"New, Kailey",True,22,1,8,0.125,0,4,0.0,0,0,,0,4,4,2,0,0,0,0,2
2025-11-26_csun_life_pacific,LIFE Pacific,34,"Carren, Adrienne",False,20,0,0,,0,0,,1,2,0.5,1,0,1,2,0,2,0,0,1
2025-11-26_csun_life_pacific,LIFE Pacific,24,"Ramos, Jaelyn",False,22,0,4,0.0,0,1,0.0,0,0,,0,3,3,2,0,2,0,0,0
2025-11-26_csun_life_pacific,LIFE Pacific,12,"Brattrud, Shekinah",False,19,0,1,0.0,0,1,0.0,0,0,,0,0,0,0,0,0,0,1,0
2025-11-26_csun_life_pacific,LIFE Pacific,TM,TEAM,False,0,0,0,,0,0,,0,0,,4,2,6,0,0,1,0,0,0
2025-11-26_csun_life_pacific,CSUN,33,"Nazário, Rita",True,16,6,10,0.6,5,9,0.556,2,2,1.0,1,4,5,2,4,1,0,1,19
2025-11-26_csun_life_pacific,CSUN,22,"Dahlin, Laini",True,12,4,9,0.444,1,6,0.167,1,1,1.0,3,1,4,0,3,1,0,1,10
2025-11-26_csun_life_pacific,CSUN,3,"Tumlin, Kelly",True,19,3,5,0.6,2,4,0.5,1,3,0.333,0,1,1,2,5,3,0,1,9
2025-11-26_csun_life_pacific,CSUN,34,"Bernard, Nadia",True,17,2,4,0.5,0,0,,0,0,,2,6,8,1,1,0,0,0,4
2025-11-26_csun_life_pacific,CSUN,24,"Cos-morales, Mariona",True,15,2,5,0.4,0,1,0.0,0,0,,1,3,4,1,0,0,0,0,4
2025-11-26_csun_life_pacific,CSUN,4,"Edwards, Morgan",False,18,8,14,0.571,5,11,0.455,0,0,,1,0,1,1,0,0,0,2,21
2025-11-26_csun_life_pacific,CSUN,1,"Moody, Amya",False,21,6,6,1.0,2,2,1.0,0,0,,0,2,2,0,5,1,1,0,14
2025-11-26_csun_life_pacific,CSUN,2,"White, Saray",False,16,5,8,0.625,1,4,0.25,0,0,,3,3,6,3,0,0,4,1,11
2025-11-26_csun_life_pacific,CSUN,00,"Gbemuotor, Jite",False,17,3,8,0.375,0,3,0.0,1,1,1.0,4,5,9,2,2,3,0,2,7
2025-11-26_csun_life_pacific,CSUN,23,"Contreras, Maya",False,12,1,1,1.0,0,0,,1,2,0.5,2,1,3,1,0,0,0,0,3
2025-11-26_csun_life_pacific,CSUN,10,"Lizama, Alondra",False,20,1,4,0.25,0,1,0.0,0,0,,3,3,6,1,0,0,0,0,2
2025-11-26_csun_life_pacific,CSUN,21,"Canadell, Jana",False,17,1,10,0.1,0,8,0.0,0,0,,1,5,6,1,0,0,0,0,2
2025-11-26_csun_life_pacific,CSUN,TM,TEAM,False,0,0,0,,0,0,,0,0,,2,3,5,0,0,0,0,0,0
2025-11-28_jacksonville_st_uc_davis,UC Davis,25,"Norris, Megan",True,29,7,10,0.7,1,2,0.5,4,6,0.667,1,10,11,3,3,3,1,1,19
2025-11-28_jacksonville_st_uc_davis,UC Davis,02,"Bennett, Ryann",True,27,5,9,0.556,0,2,0.0,2,3,0.667,0,1,1,1,5,2,0,1,12
2025-11-28_jacksonville_st_uc_davis,UC Davis,10,"Young, Tegan",True,28,3,6,0.5,0,2,0.0,2,2,1.0,3,1,4,2,0,0,0,2,8
2025-11-28_jacksonville_st_uc_davis,UC Davis,04,"Epps, Nya",True,26,3,6,0.5,0,1,0.0,0,0,,0,3,3,4,3,1,0,1,6
2025-11-28_jacksonville_st_uc_davis,UC Davis,09,"Sussex, Avery",True,30,1,4,0.25,1,3,0.333,0,0,,0,3,3,3,5,2,1,0,3
2025-11-28_jacksonville_st_uc_davis,UC Davis,15,"Lentfer, Sophie",False,12,3,4,0.75,2,3,0.667,0,0,,0,2,2,1,0,2,0,0,8
2025-11-28_jacksonville_st_uc_davis,UC Davis,21,"Tsami, Theoni",False,11,2,2,1.0,0,0,,3,6,0.5,0,2,2,1,0,1,0,0,7
2025-11-28_jacksonville_st_uc_davis,UC Davis,11,"Ersdala, Emmy",False,17,2,2,1.0,1,1,1.0,0,0,,0,3,3,0,1,2,1,1,5
2025-11-28_jacksonville_st_uc_davis,UC Davis,01,"Davis, Carrington",False,7,0,2,0.0,0,0,,1,2,0.5,0,1,1,2,0,1,0,0,1
2025-11-28_jacksonville_st_uc_davis,UC Davis,23,"Baker, Victoria",False,13,0,2,0.0,0,0,,0,0,,0,1,1,2,2,1,0,0,0
2025-11-28_jacksonville_st_uc_davis,UC Davis,TM,TEAM,False,0,0,0,,0,0,,0,0,,4,4,8,0,0,1,0,0,0
2025-11-28_jacksonville_st_uc_davis,Jacksonville St.,01,"Sample, Eden",True,36,3,8,0.375,1,3,0.333,4,5,0.8,1,0,1,4,0,1,0,0,11
2025-11-28_jacksonville_st_uc_davis,Jacksonville St.,23,"Jones, Adriana",True,32,3,13,0.231,1,4,0.25,2,2,1.0,5,0,5,3,2,1,1,0,9
2025-11-28_jacksonville_st_uc_davis,Jacksonville St.,32,"McDaniel, Brooklyn",True,32,2,7,0.286,0,2,0.0,2,2,1.0,0,1,1,4,0,1,0,1,6
2025-11-28_jacksonville_st_uc_davis,Jacksonville St.,11,"Carvalho, Vitoria",True,21,1,3,0.333,0,0,,0,0,,1,4,5,0,0,1,0,0,2
2025-11-28_jacksonville_st_uc_davis,Jacksonville St.,15,"Hobdy, Makala",True,17,1,5,0.2,0,2,0.0,0,0,,0,3,3,4,2,1,0,2,2
2025-11-28_jacksonville_st_uc_davis,Jacksonville St.,14,"Djurdjevic, Mina",False,27,6,12,0.5,3,7,0.429,2,4,0.5,0,6,6,1,1,0,0,1,17
2025-11-28_jacksonville_st_uc_davis,Jacksonville St.,21,"Thornsbury, Kyera",False,25,2,8,0.25,1,2,0.5,2,2,1.0,1,1,2,3,2,1,0,1,7
2025-11-28_jacksonville_st_uc_davis,Jacksonville St.,71,"Ponce, Maria Sanchez",False,10,2,2,1.0,0,0,,1,1,1.0,0,1,1,0,0,3,0,0,5
2025-11-28_jacksonville_st_uc_davis,Jacksonville St.,TM,TEAM,False,0,0,0,,0,0,,0,0,,0,1,1,0,0,0,0,0,0
2025-11-28_hawaii_vermont,Vermont,25,"Priede, Nikola",True,37,7,16,0.438,0,0,,4,7,0.571,1,7,8,2,3,3,1,2,18
2025-11-28_hawaii_vermont,Vermont,00,"Lenz, Malia",True,35,5,8,0.625,4,7,0.571,0,0,,2,2,4,2,2,2,0,0,14
2025-11-28_hawaii_vermont,Vermont,24,"Weltz, Jadyn",True,27,5,12,0.417,2,4,0.5,1,2,0.5,2,4,6,4,2,0,0,3,13
2025-11-28_hawaii_vermont,Vermont,12,"Hanson, Keira",True,34,5,12,0.417,2,4,0.5,0,0,,1,2,3,3,1,1,1,2,12
2025-11-28_hawaii_vermont,Vermont,14,"Gilwee, Catherine",True,32,2,6,0.333,0,3,0.0,2,2,1.0,2,0,2,1,2,1,0,0,6
2025-11-28_hawaii_vermont,Vermont,33,"Creal, Savanna",False,9,3,3,1.0,0,0,,0,0,,1,1,2,0,0,0,0,0,6
2025-11-28_hawaii_vermont,Vermont,03,"Haan, Emma",False,14,1,2,0.5,1,2,0.5,1,2,0.5,0,2,2,3,0,0,0,0,4
2025-11-28_hawaii_vermont,Vermont,01,"Hosier, Jacklynn",False,12,0,2,0.0,0,0,,0,0,,0,0,0,4,0,0,0,0,0
2025-11-28_hawaii_vermont,Vermont,TM,TEAM,False,0,0,0,,0,0,,0,0,,2,3,5,0,0,1,0,0,0
2025-11-28_hawaii_vermont,Hawaii,03,"Flavell, Bailey",True,30,6,12,0.5,0,3,0.0,3,5,0.6,0,2,2,4,4,3,0,0,15
2025-11-28_hawaii_vermont,Hawaii,12,"Perez, Imani",True,27,1,2,0.5,0,0,,2,2,1.0,3,7,10,1,2,2,2,0,4
2025-11-28_hawaii_vermont,Hawaii,08,"Moors, Rebecca",True,11,2,5,0.4,0,2,0.0,0,0,,2,0,2,0,0,1,0,1,4
2025-11-28_hawaii_vermont,Hawaii,33,"Neverson, Saniyah",True,20,0,4,0.0,0,1,0.0,2,2,1.0,1,2,3,2,0,1,0,0,2
2025-11-28_hawaii_vermont,Hawaii,02,"Bond, Teyahna",True,16,0,3,0.0,0,1,0.0,0,0,,0,0,0,0,3,1,0,0,0
2025-11-28_hawaii_vermont,Hawaii,11,"Curtis, Keiara",False,25,4,9,0.444,2,6,0.333,6,6,1.0,1,3,4,2,1,2,0,0,16
2025-11-28_hawaii_vermont,Hawaii,01,"Filemu, Kira-May",False,16,3,6,0.5,2,5,0.4,0,0,,0,0,0,1,0,0,0,0,8
2025-11-28_hawaii_vermont,Hawaii,24,"Tamilo, Ritorya",False,13,0,0,,0,0,,6,6,1.0,0,2,2,1,0,2,1,0,6
2025-11-28_hawaii_vermont,Hawaii,06,"Webb, Kyra",False,16,2,5,0.4,0,0,,1,1,1.0,3,3,6,4,0,2,0,1,5
2025-11-28_hawaii_vermont,Hawaii,22,"Peacock, Jade",False,6,2,2,1.0,0,0,,0,1,0.0,0,1,1,0,0,0,0,0,4
2025-11-28_hawaii_vermont,Hawaii,20,"Forsyth, Izzy",False,11,1,4,0.25,0,2,0.0,1,1,1.0,0,1,1,0,0,0,0,0,3
2025-11-28_hawaii_vermont,Hawaii,10,"Kujovic, Danijela",False,9,0,1,0.0,0,1,0.0,0,0,,0,0,0,1,0,0,1,0,0
2025-11-28_hawaii_vermont,Hawaii,TM,TEAM,False,0,0,0,,0,0,,0,0,,2,1,3,0,0,0,0,0,0
2025-11-28_uc_irvine_wichita_st,Wichita St.,4,"Harding, Jaila",True,31,8,15,0.533,5,10,0.5,0,0,,0,1,1,2,2,0,0,1,21
2025-11-28_uc_irvine_wichita_st,Wichita St.,14,"Davis, Taya",True,35,3,7,0.429,0,2,0.0,1,1,1.0,0,3,3,3,6,2,0,1,7
2025-11-28_uc_irvine_wichita_st,Wichita St.,2,"Cater, Abby",True,15,3,5,0.6,0,1,0.0,1,2,0.5,0,1,1,3,0,4,0,2,7
2025-11-28_uc_irvine_wichita_st,Wichita St.,21,"Thompson, Treasure",True,24,2,7,0.286,0,0,,0,2,0.0,2,4,6,1,1,3,2,0,4
2025-11-28_uc_irvine_wichita_st,Wichita St.,24,"Sissoko, Maimouna",True,20,2,7,0.286,0,0,,0,0,,3,6,9,1,0,2,1,2,4
2025-11-28_uc_irvine_wichita_st,Wichita St.,12,"White, Bre'yon",False,13,3,3,1.0,0,0,,0,0,,1,3,4,3,0,0,1,0,6
2025-11-28_uc_irvine_wichita_st,Wichita St.,5,"Richardson, Diamond",False,22,1,4,0.25,1,3,0.333,0,0,,1,3,4,4,1,4,0,1,3
2025-11-28_uc_irvine_wichita_st,Wichita St.,11,"McDonald, Jaida",False,20,0,2,0.0,0,0,,0,0,,0,0,0,1,2,1,0,0,0
2025-11-28_uc_irvine_wichita_st,Wichita St.,1,"Ortiz, Kyleigh",False,13,0,4,0.0,0,4,0.0,0,0,,0,1,1,0,1,1,0,1,0
2025-11-28_uc_irvine_wichita_st,Wichita St.,00,"Reeves, Azjah",False,4,0,1,0.0,0,1,0.0,0,0,,0,0,0,1,0,1,0,0,0
2025-11-28_uc_irvine_wichita_st,Wichita St.,77,"Benharouga, Sophie",False,3,0,1,0.0,0,0,,0,0,,0,0,0,0,0,1,0,0,0
2025-11-28_uc_irvine_wichita_st,Wichita St.,TM,TEAM,False,0,0,0,,0,0,,0,0,,3,4,7,0,0,1,0,0,0
2025-11-28_uc_irvine_wichita_st,UC Irvine,20,"Hernandez, Hunter",True,38,3,16,0.188,1,7,0.143,13,16,0.812,0,7,7,1,2,3,0,2,20
2025-11-28_uc_irvine_wichita_st,UC Irvine,10,"Madsen, Lauryn",True,34,4,12,0.333,4,10,0.4,2,2,1.0,2,1,3,0,1,4,0,2,14
2025-11-28_uc_irvine_wichita_st,UC Irvine,23,"Wynn, Jada",True,39,3,10,0.3,2,7,0.286,0,0,,3,5,8,2,3,0,1,1,8
2025-11-28_uc_irvine_wichita_st,UC Irvine,12,"Nahum, Shirel",True,28,1,5,0.2,0,3,0.0,3,4,0.75,2,4,6,2,3,1,0,2,5
2025-11-28_uc_irvine_wichita_st,UC Irvine,13,"Stores, Nohe'alani",True,20,0,3,0.0,0,0,,0,0,,2,5,7,3,0,1,2,1,0
2025-11-28_uc_irvine_wichita_st,UC Irvine,24,"Zonzon-huyghe, Naomy",False,25,4,8,0.5,1,4,0.25,0,0,,4,0,4,1,0,3,0,1,9
2025-11-28_uc_irvine_wichita_st,UC Irvine,1,"Grant, Ameerah",False,13,1,2,0.5,0,0,,0,0,,0,0,0,0,1,1,0,1,2
2025-11-28_uc_irvine_wichita_st,UC Irvine,2,"Hernandez, Haley",False,3,0,1,0.0,0,1,0.0,0,0,,0,0,0,0,0,0,0,0,0
2025-11-28_uc_irvine_wichita_st,UC Irvine,TM,TEAM,False,0,0,0,,0,0,,0,0,,1,3,4,0,0,2,0,0,0
2025-11-28_washington_uc_san_diego,UC San Diego,12,"Smith, Rosa",True,40,8,14,0.571,2,6,0.333,1,1,1.0,0,1,1,2,3,4,2,1,19
2025-11-28_washington_uc_san_diego,UC San Diego,11,"Condron, Erin",True,40,6,12,0.5,1,2,0.5,2,9,0.222,3,12,15,2,1,4,2,3,15
2025-11-28_washington_uc_san_diego,UC San Diego,15,"Ma, Sabrina",True,38,3,12,0.25,3,11,0.273,0,0,,0,1,1,5,0,4,0,2,9
2025-11-28_washington_uc_san_diego,UC San Diego,04,"Rose, Makayla",True,40,2,6,0.333,1,3,0.333,0,2,0.0,0,5,5,2,2,2,0,1,5
2025-11-28_washington_uc_san_diego,UC San Diego,13,"Feiman, Lev",True,7,0,2,0.0,0,0,,0,0,,0,1,1,0,0,1,0,0,0
2025-11-28_washington_uc_san_diego,UC San Diego,10,"Maxie, Dymonique",False,33,1,6,0.167,0,1,0.0,0,0,,1,1,2,1,2,3,0,2,2
2025-11-28_washington_uc_san_diego,UC San Diego,25,"Mahan, Junaé",False,2,0,0,,0,0,,0,0,,0,0,0,1,0,0,0,0,0
2025-11-28_washington_uc_san_diego,UC San Diego,TM,TEAM,False,0,0,0,,0,0,,0,0,,1,1,2,0,0,1,0,0,0
2025-11-28_washington_uc_san_diego,Washington,00,"Sellers, Sayvia",True,38,5,13,0.385,3,7,0.429,4,4,1.0,0,5,5,3,4,6,1,2,17
2025-11-28_washington_uc_san_diego,Washington,02,"Howell, Avery",True,39,4,9,0.444,4,8,0.5,3,3,1.0,2,6,8,2,1,2,1,0,15
2025-11-28_washington_uc_san_diego,Washington,05,"Brown, Teagan",True,19,1,3,0.333,0,0,,1,1,1.0,2,3,5,0,1,2,0,4,3
2025-11-28_washington_uc_san_diego,Washington,55,"Grabovskaia, Yulia",True,13,0,2,0.0,0,0,,0,2,0.0,2,2,4,0,3,2,0,1,0
2025-11-28_washington_uc_san_diego,Washington,01,"Stines, Hannah",True,4,0,1,0.0,0,0,,0,0,,0,0,0,1,0,0,0,0,0
2025-11-28_washington_uc_san_diego,Washington,21,"McGaughy, Brynn",False,24,4,14,0.286,0,1,0.0,2,3,0.667,5,3,8,2,2,1,1,1,10
2025-11-28_washington_uc_san_diego,Washington,35,"Harvey, Sienna",False,20,4,8,0.5,0,0,,1,2,0.5,1,4,5,2,5,3,0,0,9
2025-11-28_washington_uc_san_diego,Washington,24,"Ladine, Elle",False,14,4,8,0.5,1,2,0.5,0,0,,2,1,3,3,0,1,0,1,9
2025-11-28_washington_uc_san_diego,Washington,03,"Coppinger, Devin",False,19,2,3,0.667,0,0,,0,0,,2,2,4,0,0,4,0,0,4
2025-11-28_washington_uc_san_diego,Washington,11,"Briggs, Chloe",False,10,0,0,,0,0,,0,0,,0,1,1,0,1,0,0,1,0
2025-11-28_washington_uc_san_diego,Washington,TM,TEAM,False,0,0,0,,0,0,,0,0,,2,5,7,0,0,1,0,0,0
2025-11-28_california_baptist_uc_santa_barbara,UC Santa Barbara,02,"Borter, Zoe",True,29,7,13,0.538,3,4,0.75,2,2,1.0,1,2,3,2,4,2,0,0,19
2025-11-28_california_baptist_uc_santa_barbara,UC Santa Barbara,23,"Shaw, Zoe",True,26,5,11,0.455,5,7,0.714,0,0,,1,5,6,1,2,1,0,1,15
2025-11-28_california_baptist_uc_santa_barbara,UC Santa Barbara,05,"Bradley, Olivia",True,21,4,10,0.4,1,4,0.25,0,0,,1,5,6,4,0,1,0,0,9
2025-11-28_california_baptist_uc_santa_barbara,UC Santa Barbara,12,"Naro, Maddie",True,26,3,6,0.5,1,3,0.333,0,0,,1,1,2,0,8,2,1,2,7
2025-11-28_california_baptist_uc_santa_barbara,UC Santa Barbara,55,"Burke, Skylar",True,31,2,6,0.333,1,4,0.25,0,0,,2,4,6,3,4,1,0,0,5
2025-11-28_california_baptist_uc_santa_barbara,UC Santa Barbara,32,"Grant, Jessica",False,26,5,11,0.455,5,10,0.5,0,0,,0,1,1,0,1,1,0,1,15
2025-11-28_california_baptist_uc_santa_barbara,UC Santa Barbara,44,"Radnjic, Bojana",False,3,1,1,1.0,0,0,,1,2,0.5,0,1,1,0,0,0,0,0,3
2025-11-28_california_baptist_uc_santa_barbara,UC Santa Barbara,08,"Rawlins, Ava",False,5,0,0,,0,0,,1,2,0.5,0,0,0,0,0,0,0,0,1
2025-11-28_california_baptist_uc_santa_barbara,UC Santa Barbara,04,"Puente-Valverde, Júlia",False,20,0,2,0.0,0,1,0.0,0,0,,2,7,9,2,0,2,1,2,0
2025-11-28_california_baptist_uc_santa_barbara,UC Santa Barbara,15,"Andersen, Chauncey",False,8,0,0,,0,0,,0,0,,0,2,2,3,0,0,0,0,0
2025-11-28_california_baptist_uc_santa_barbara,UC Santa Barbara,21,"Penna, Valentina",False,2,0,2,0.0,0,0,,0,0,,0,0,0,0,0,0,0,0,0
2025-11-28_california_baptist_uc_santa_barbara,UC Santa Barbara,22,"Shum-Koubek, Helena",False,2,0,0,,0,0,,0,0,,0,1,1,0,0,0,0,0,0
2025-11-28_california_baptist_uc_santa_barbara,UC Santa Barbara,35,"Mastora, Malani",False,1,0,0,,0,0,,0,0,,0,0,0,0,0,0,0,0,0
2025-11-28_california_baptist_uc_santa_barbara,UC Santa Barbara,TM,TEAM,False,0,0,0,,0,0,,0,0,,1,3,4,0,0,2,0,0,0
2025-11-28_california_baptist_uc_santa_barbara,California Baptist,13,"Olsen, Lauren",True,25,6,10,0.6,1,3,0.333,0,0,,0,0,0,1,0,0,0,0,13
2025-11-28_california_baptist_uc_santa_barbara,California Baptist,10,"Bucher, Chance",True,22,5,12,0.417,1,7,0.143,0,0,,0,2,2,1,2,0,1,3,11
2025-11-28_california_baptist_uc_santa_barbara,California Baptist,04,"Hess, Reyleigh",True,24,2,6,0.333,0,1,0.0,0,3,0.0,2,1,3,0,0,0,0,0,4
2025-11-28_california_baptist_uc_santa_barbara,California Baptist,14,"Johansson, Emma",True,21,1,6,0.167,0,1,0.0,2,4,0.5,2,6,8,2,1,3,1,0,4
2025-11-28_california_baptist_uc_santa_barbara,California Baptist,05,"Barros, Filipa",True,16,0,5,0.0,0,2,0.0,0,0,,2,3,5,1,2,2,0,0,0
2025-11-28_california_baptist_uc_santa_barbara,California Baptist,24,"Lemon, Khloe",False,22,3,10,0.3,1,4,0.25,0,0,,1,3,4,1,0,0,0,0,7
2025-11-28_california_baptist_uc_santa_barbara,California Baptist,03,"Nordstrom, Shawnee",False,26,2,6,0.333,0,2,0.0,1,2,0.5,2,2,4,0,1,2,0,1,5
2025-11-28_california_baptist_uc_santa_barbara,California Baptist,27,"Legaspi, CeCe",False,19,0,2,0.0,0,0,,3,4,0.75,1,3,4,2,1,1,1,0,3
2025-11-28_california_baptist_uc_santa_barbara,California Baptist,11,"Alonso Hidalgo, Sofia",False,16,1,6,0.167,0,4,0.0,0,0,,1,2,3,3,1,4,0,0,2
2025-11-28_california_baptist_uc_santa_barbara,California Baptist,15,"Harmon, Aleyah",False,3,0,0,,0,0,,0,0,,1,0,1,1,0,0,0,0,0
2025-11-28_california_baptist_uc_santa_barbara,California Baptist,21,"Haw, Paula",False,3,0,1,0.0,0,0,,0,0,,0,2,2,0,0,0,1,0,0
2025-11-28_california_baptist_uc_santa_barbara,California Baptist,32,"De La Fuente De La Puente, Marta",False,3,0,1,0.0,0,1,0.0,0,0,,0,0,0,0,0,1,0,0,0
2025-11-28_california_baptist_uc_santa_barbara,California Baptist,TM,TEAM,False,0,0,0,,0,0,,0,0,,2,1,3,0,0,0,0,0,0
2025-11-29_milwaukee_uc_davis,UC Davis,02,"Bennett, Ryann",True,35,7,13,0.538,3,8,0.375,2,2,1.0,0,2,2,2,7,4,0,1,19
2025-11-29_milwaukee_uc_davis,UC Davis,25,"Norris, Megan",True,34,6,10,0.6,3,5,0.6,2,2,1.0,0,15,15,2,3,3,0,1,17
2025-11-29_milwaukee_uc_davis,UC Davis,04,"Epps, Nya",True,29,4,7,0.571,2,5,0.4,0,0,,0,1,1,4,3,3,0,3,10
2025-11-29_milwaukee_uc_davis,UC Davis,09,"Sussex, Avery",True,8,3,4,0.75,2,2,1.0,0,0,,0,2,2,0,0,0,0,0,8
2025-11-29_milwaukee_uc_davis,UC Davis,10,"Young, Tegan",True,26,2,7,0.286,2,3,0.667,0,0,,3,2,5,1,4,2,0,1,6
2025-11-29_milwaukee_uc_davis,UC Davis,15,"Lentfer, Sophie",False,20,3,4,0.75,2,3,0.667,0,0,,1,2,3,2,1,1,0,0,8
2025-11-29_milwaukee_uc_davis,UC Davis,11,"Ersdala, Emmy",False,20,1,5,0.2,1,3,0.333,2,2,1.0,0,1,1,0,0,2,0,0,5
2025-11-29_milwaukee_uc_davis,UC Davis,23,"Baker, Victoria",False,17,0,0,,0,0,,5,6,0.833,0,2,2,1,1,1,0,2,5
2025-11-29_milwaukee_uc_davis,UC Davis,21,"Tsami, Theoni",False,7,1,1,1.0,1,1,1.0,0,0,,0,0,0,0,0,2,0,0,3
2025-11-29_milwaukee_uc_davis,UC Davis,01,"Davis, Carrington",False,4,0,0,,0,0,,0,0,,0,0,0,1,0,0,0,0,0
2025-11-29_milwaukee_uc_davis,UC Davis,TM,TEAM,False,0,0,0,,0,0,,0,0,,1,2,3,0,0,1,0,0,0
2025-11-29_milwaukee_uc_davis,Milwaukee,32,"Buwalda, Jorey",True,27,7,18,0.389,1,4,0.25,4,5,0.8,3,5,8,1,1,0,0,0,19
2025-11-29_milwaukee_uc_davis,Milwaukee,05,"Rechlicz, Payton",True,28,2,5,0.4,1,4,0.25,0,0,,0,1,1,1,0,1,1,0,5
2025-11-29_milwaukee_uc_davis,Milwaukee,02,"Williams, Jada",True,26,2,5,0.4,0,0,,1,2,0.5,1,1,2,1,1,0,0,1,5
2025-11-29_milwaukee_uc_davis,Milwaukee,52,"Lomen, Grace",True,12,2,4,0.5,1,2,0.5,0,0,,0,1,1,1,0,1,0,1,5
2025-11-29_milwaukee_uc_davis,Milwaukee,13,"Silas, Micayla",True,15,2,6,0.333,0,3,0.0,0,0,,0,0,0,0,1,1,0,0,4
2025-11-29_milwaukee_uc_davis,Milwaukee,00,"Madigan, Tierney",False,22,3,5,0.6,0,1,0.0,7,8,0.875,4,5,9,2,2,3,0,4,13
2025-11-29_milwaukee_uc_davis,Milwaukee,16,"Gomes, Rita",False,14,3,10,0.3,3,9,0.333,0,0,,0,2,2,2,0,1,1,0,9
2025-11-29_milwaukee_uc_davis,Milwaukee,01,"Barnes, Kendall",False,14,2,3,0.667,0,0,,1,2,0.5,1,0,1,2,4,0,0,1,5
2025-11-29_milwaukee_uc_davis,Milwaukee,30,"Rampulla, Sophia",False,13,2,4,0.5,0,2,0.0,0,0,,0,0,0,1,1,0,0,1,4
2025-11-29_milwaukee_uc_davis,Milwaukee,14,"Fitzgibbon, Madison",False,10,1,3,0.333,1,3,0.333,0,0,,0,1,1,0,0,1,0,2,3
2025-11-29_milwaukee_uc_davis,Milwaukee,11,"Pugh, Izzy",False,9,0,2,0.0,0,0,,0,0,,0,2,2,2,0,1,0,0,0
2025-11-29_milwaukee_uc_davis,Milwaukee,24,"Cassidy-De Falco, Valerie",False,6,0,0,,0,0,,0,0,,0,0,0,0,0,2,0,0,0
2025-11-29_milwaukee_uc_davis,Milwaukee,45,"McNair, Cece",False,4,0,0,,0,0,,0,0,,0,0,0,0,0,0,0,0,0
2025-11-29_milwaukee_uc_davis,Milwaukee,TM,TEAM,False,0,0,0,,0,0,,0,0,,3,2,5,0,0,1,0,0,0
2025-11-29_hawaii_lindenwood,Lindenwood,02,"Jones, Aleshia",True,27,8,14,0.571,1,5,0.2,2,2,1.0,3,6,9,3,5,4,0,3,19
2025-11-29_hawaii_lindenwood,Lindenwood,03,"Wernli, Gracy",True,29,6,10,0.6,5,6,0.833,1,2,0.5,2,1,3,2,0,1,0,1,18
2025-11-29_hawaii_lindenwood,Lindenwood,04,"Brueggemann, Ellie",True,30,2,7,0.286,2,6,0.333,3,4,0.75,1,1,2,3,4,1,0,3,9
2025-11-29_hawaii_lindenwood,Lindenwood,12,"Coffey, Brooke",True,28,4,7,0.571,0,3,0.0,1,3,0.333,0,7,7,3,4,1,0,3,9
2025-11-29_hawaii_lindenwood,Lindenwood,33,"Kelsey, Gracie",True,29,3,10,0.3,0,1,0.0,1,2,0.5,0,6,6,1,0,1,0,0,7
2025-11-29_hawaii_lindenwood,Lindenwood,22,"Skoff, Mya",False,21,0,4,0.0,0,2,0.0,2,2,1.0,0,0,0,3,1,0,0,1,2
2025-11-29_hawaii_lindenwood,Lindenwood,01,"Norwood, Valerie",False,13,0,2,0.0,0,0,,2,4,0.5,0,1,1,0,0,2,0,1,2
2025-11-29_hawaii_lindenwood,Lindenwood,15,"Nielsen, Alyssa",False,12,1,2,0.5,0,1,0.0,0,0,,1,0,1,1,0,0,0,0,2
2025-11-29_hawaii_lindenwood,Lindenwood,27,"Garcia, Noah",False,6,0,1,0.0,0,0,,0,0,,2,0,2,0,0,1,0,0,0
2025-11-29_hawaii_lindenwood,Lindenwood,21,"McCarn, Anna",False,5,0,0,,0,0,,0,0,,0,0,0,0,0,3,0,0,0
2025-11-29_hawaii_lindenwood,Lindenwood,TM,TEAM,False,0,0,0,,0,0,,0,0,,6,0,6,0,0,2,0,0,0
2025-11-29_hawaii_lindenwood,Hawaii,03,"Flavell, Bailey",True,30,6,14,0.429,2,4,0.5,6,8,0.75,0,2,2,2,2,6,0,0,20
2025-11-29_hawaii_lindenwood,Hawaii,33,"Neverson, Saniyah",True,22,2,10,0.2,1,5,0.2,4,4,1.0,4,1,5,0,1,0,1,1,9
2025-11-29_hawaii_lindenwood,Hawaii,12,"Perez, Imani",True,20,3,6,0.5,1,2,0.5,2,3,0.667,3,3,6,2,3,0,1,0,9
2025-11-29_hawaii_lindenwood,Hawaii,02,"Bond, Teyahna",True,24,1,3,0.333,0,1,0.0,0,2,0.0,0,0,0,0,4,3,1,0,2
2025-11-29_hawaii_lindenwood,Hawaii,08,"Moors, Rebecca",True,17,0,1,0.0,0,0,,0,0,,1,4,5,3,0,0,0,0,0
2025-11-29_hawaii_lindenwood,Hawaii,24,"Tamilo, Ritorya",False,17,4,6,0.667,0,0,,1,3,0.333,4,3,7,0,1,0,3,2,9
2025-11-29_hawaii_lindenwood,Hawaii,22,"Peacock, Jade",False,12,2,3,0.667,0,1,0.0,0,1,0.0,0,1,1,0,0,2,0,1,4
2025-11-29_hawaii_lindenwood,Hawaii,11,"Curtis, Keiara",False,19,1,6,0.167,1,2,0.5,0,0,,1,1,2,4,2,2,0,0,3
2025-11-29_hawaii_lindenwood,Hawaii,01,"Filemu, Kira-May",False,12,1,1,1.0,1,1,1.0,0,0,,0,0,0,3,0,3,0,0,3
2025-11-29_hawaii_lindenwood,Hawaii,06,"Webb, Kyra",False,13,0,4,0.0,0,2,0.0,0,0,,1,3,4,2,0,4,1,1,0
2025-11-29_hawaii_lindenwood,Hawaii,10,"Kujovic, Danijela",False,7,0,0,,0,0,,0,0,,0,0,0,0,0,1,0,0,0
2025-11-29_hawaii_lindenwood,Hawaii,20,"Forsyth, Izzy",False,7,0,0,,0,0,,0,0,,0,0,0,0,0,0,0,0,0
2025-11-29_hawaii_lindenwood,Hawaii,TM,TEAM,False,0,0,0,,0,0,,0,0,,3,2,5,0,0,0,0,0,0
2025-11-29_uc_irvine_colgate,Colgate,21,"Cook, Lara",True,32,5,11,0.455,2,6,0.333,2,3,0.667,3,4,7,2,1,1,0,1,14
2025-11-29_uc_irvine_colgate,Colgate,25,"Meabon, Ella",True,30,3,12,0.25,1,1,1.0,2,2,1.0,2,4,6,2,4,4,0,2,9
2025-11-29_uc_irvine_colgate,Colgate,12,"Hankerson, Laila",True,27,3,7,0.429,3,6,0.5,0,0,,0,4,4,1,4,4,2,1,9
2025-11-29_uc_irvine_colgate,Colgate,41,"Ferguson, Abbey",True,33,1,3,0.333,1,3,0.333,0,0,,1,2,3,1,1,2,0,0,3
2025-11-29_uc_irvine_colgate,Colgate,2,"Midgette, Christina",True,17,1,3,0.333,0,0,,0,0,,0,2,2,1,1,0,0,1,2
2025-11-29_uc_irvine_colgate,Colgate,44,"Klag, Grace",False,23,1,2,0.5,0,0,,4,6,0.667,0,5,5,1,0,1,1,0,6
2025-11-29_uc_irvine_colgate,Colgate,20,"Matthews, Tatiana",False,13,1,2,0.5,1,2,0.5,0,0,,0,0,0,1,2,2,0,0,3
2025-11-29_uc_irvine_colgate,Colgate,8,"Parrott, Kennedy",False,11,1,3,0.333,0,1,0.0,0,0,,1,0,1,0,0,1,0,0,2
2025-11-29_uc_irvine_colgate,Colgate,3,"Mahaffey, Ella",False,8,0,5,0.0,0,5,0.0,0,0,,0,0,0,2,0,1,0,0,0
2025-11-29_uc_irvine_colgate,Colgate,11,"Cronin, Ellie",False,6,0,1,0.0,0,1,0.0,0,0,,0,0,0,0,0,1,0,0,0
2025-11-29_uc_irvine_colgate,Colgate,TM,TEAM,False,0,0,0,,0,0,,0,0,,1,2,3,0,0,2,0,0,0
2025-11-29_uc_irvine_colgate,UC Irvine,23,"Wynn, Jada",True,27,6,11,0.545,4,7,0.571,2,2,1.0,1,5,6,1,6,0,0,2,18
2025-11-29_uc_irvine_colgate,UC Irvine,20,"Hernandez, Hunter",True,25,5,8,0.625,2,4,0.5,2,2,1.0,0,1,1,1,1,1,0,1,14
2025-11-29_uc_irvine_colgate,UC Irvine,13,"Stores, Nohe'alani",True,21,5,8,0.625,0,0,,1,2,0.5,2,3,5,0,0,2,0,4,11
2025-11-29_uc_irvine_colgate,UC Irvine,12,"Nahum, Shirel",True,23,3,6,0.5,0,2,0.0,2,2,1.0,0,3,3,3,7,1,0,0,8
2025-11-29_uc_irvine_colgate,UC Irvine,10,"Madsen, Lauryn",True,23,1,5,0.2,1,5,0.2,0,0,,1,1,2,1,1,0,0,1,3
2025-11-29_uc_irvine_colgate,UC Irvine,24,"Zonzon-huyghe, Naomy",False,18,5,7,0.714,3,4,0.75,0,0,,0,3,3,3,2,1,0,1,13
2025-11-29_uc_irvine_colgate,UC Irvine,1,"Grant, Ameerah",False,24,2,8,0.25,0,3,0.0,2,3,0.667,1,2,3,1,4,0,0,2,6
2025-11-29_uc_irvine_colgate,UC Irvine,21,"Baltzi, Despoina",False,8,2,3,0.667,0,0,,0,0,,0,0,0,0,0,0,0,2,4
2025-11-29_uc_irvine_colgate,UC Irvine,22,"Noa, Reese",False,12,1,4,0.25,1,2,0.5,0,0,,1,1,2,1,2,0,0,0,3
2025-11-29_uc_irvine_colgate,UC Irvine,2,"Hernandez, Haley",False,19,1,2,0.5,0,0,,0,0,,1,2,3,3,1,1,0,1,2
2025-11-29_uc_irvine_colgate,UC Irvine,TM,TEAM,False,0,0,0,,0,0,,0,0,,3,5,8,0,0,0,0,0,0
2025-11-29_uc_santa_barbara_chattanooga,Chattanooga,11,"Elisaldez, Caia",True,37,7,13,0.538,0,1,0.0,4,5,0.8,0,4,4,2,3,2,0,0,18
2025-11-29_uc_santa_barbara_chattanooga,Chattanooga,22,"Corbitt, Gianna",True,28,7,11,0.636,4,6,0.667,0,0,,3,6,9,1,0,2,1,2,18
2025-11-29_uc_santa_barbara_chattanooga,Chattanooga,34,"Ford, Kalifa",True,35,4,13,0.308,0,3,0.0,3,4,0.75,4,2,6,2,1,1,0,1,11
2025-11-29_uc_santa_barbara_chattanooga,Chattanooga,05,"Owona, Sarah",True,21,2,8,0.25,0,4,0.0,0,0,,2,3,5,0,1,0,0,2,4
2025-11-29_uc_santa_barbara_chattanooga,Chattanooga,21,"Bedke, Falon",True,10,0,0,,0,0,,2,2,1.0,0,2,2,5,0,2,0,1,2
2025-11-29_uc_santa_barbara_chattanooga,Chattanooga,23,"Card, Ava",False,20,3,8,0.375,1,3,0.333,1,1,1.0,2,3,5,1,2,0,0,0,8
2025-11-29_uc_santa_barbara_chattanooga,Chattanooga,14,"McPherson, Izzy",False,19,1,5,0.2,1,4,0.25,0,0,,2,0,2,4,0,1,0,0,3
2025-11-29_uc_santa_barbara_chattanooga,Chattanooga,15,"van der Schans, Frode Flos",False,19,0,4,0.0,0,2,0.0,0,0,,0,1,1,1,1,1,0,1,0
2025-11-29_uc_santa_barbara_chattanooga,Chattanooga,08,"Bruce, Evie",False,6,0,1,0.0,0,1,0.0,0,0,,1,0,1,0,1,1,0,0,0
2025-11-29_uc_santa_barbara_chattanooga,Chattanooga,12,"Weaver, London",False,5,0,0,,0,0,,0,0,,1,0,1,1,0,1,0,0,0
2025-11-29_uc_santa_barbara_chattanooga,Chattanooga,TM,TEAM,False,0,0,0,,0,0,,0,0,,2,2,4,0,0,0,0,0,0
2025-11-29_uc_santa_barbara_chattanooga,UC Santa Barbara,05,"Bradley, Olivia",True,28,7,11,0.636,2,4,0.5,1,2,0.5,1,3,4,3,0,4,0,0,17
2025-11-29_uc_santa_barbara_chattanooga,UC Santa Barbara,02,"Borter, Zoe",True,38,4,8,0.5,1,3,0.333,6,6,1.0,1,1,2,2,2,2,0,0,15
2025-11-29_uc_santa_barbara_chattanooga,UC Santa Barbara,12,"Naro, Maddie",True,34,4,7,0.571,4,6,0.667,2,2,1.0,1,3,4,2,1,1,0,1,14
2025-11-29_uc_santa_barbara_chattanooga,UC Santa Barbara,23,"Shaw, Zoe",True,30,4,11,0.364,0,4,0.0,1,3,0.333,0,2,2,2,0,1,0,4,9
2025-11-29_uc_santa_barbara_chattanooga,UC Santa Barbara,55,"Burke, Skylar",True,30,2,8,0.25,0,3,0.0,4,4,1.0,2,5,7,4,2,3,0,1,8
2025-11-29_uc_santa_barbara_chattanooga,UC Santa Barbara,15,"Andersen, Chauncey",False,7,1,2,0.5,0,0,,0,0,,0,1,1,1,0,0,0,0,2
2025-11-29_uc_santa_barbara_chattanooga,UC Santa Barbara,04,"Puente-Valverde, Júlia",False,15,0,2,0.0,0,0,,1,2,0.5,1,4,5,1,0,1,2,0,1
2025-11-29_uc_santa_barbara_chattanooga,UC Santa Barbara,32,"Grant, Jessica",False,18,0,0,,0,0,,0,0,,0,0,0,1,0,0,0,0,0
2025-11-29_uc_santa_barbara_chattanooga,UC Santa Barbara,TM,TEAM,False,0,0,0,,0,0,,0,0,,0,4,4,0,0,0,0,0,0
2025-11-29_cal_st_fullerton_lmu_ca,LMU (CA),00,"Lawson, Jess",True,29,7,11,0.636,0,0,,10,11,0.909,3,4,7,2,3,2,0,1,24
2025-11-29_cal_st_fullerton_lmu_ca,LMU (CA),05,"Heidger, Carly",True,29,5,10,0.5,3,5,0.6,2,2,1.0,1,2,3,0,1,0,0,0,15
2025-11-29_cal_st_fullerton_lmu_ca,LMU (CA),28,"Matic, Andjela",True,36,4,5,0.8,3,4,0.75,3,4,0.75,0,3,3,3,1,3,0,1,14
2025-11-29_cal_st_fullerton_lmu_ca,LMU (CA),55,"Hernandez, Maya",True,25,5,12,0.417,0,0,,0,0,,2,6,8,4,3,4,1,1,10
2025-11-29_cal_st_fullerton_lmu_ca,LMU (CA),13,"Krajina, Ivana",True,29,1,2,0.5,0,0,,0,0,,0,2,2,1,1,6,0,1,2
2025-11-29_cal_st_fullerton_lmu_ca,LMU (CA),54,"Ogot, Zawadi",False,20,1,4,0.25,0,0,,1,2,0.5,2,1,3,0,0,1,0,0,3
2025-11-29_cal_st_fullerton_lmu_ca,LMU (CA),07,"Milanovic, Ana",False,10,0,2,0.0,0,1,0.0,3,4,0.75,1,2,3,0,1,1,0,1,3
2025-11-29_cal_st_fullerton_lmu_ca,LMU (CA),24,"Jones, Kayla",False,15,1,6,0.167,0,1,0.0,0,0,,0,2,2,1,2,0,0,1,2
2025-11-29_cal_st_fullerton_lmu_ca,LMU (CA),02,"Somvichian, Mari",False,7,0,2,0.0,0,1,0.0,0,0,,0,0,0,2,0,0,0,1,0
2025-11-29_cal_st_fullerton_lmu_ca,LMU (CA),TM,TEAM,False,0,0,0,,0,0,,0,0,,0,4,4,0,0,0,0,0,0
2025-11-29_cal_st_fullerton_lmu_ca,Cal St. Fullerton,55,"Jones, Cristina",True,33,7,12,0.583,0,0,,6,10,0.6,3,4,7,4,2,2,0,1,20
2025-11-29_cal_st_fullerton_lmu_ca,Cal St. Fullerton,10,"Swindle, Dylan",True,38,4,9,0.444,1,2,0.5,0,1,0.0,0,0,0,4,3,4,0,1,9
2025-11-29_cal_st_fullerton_lmu_ca,Cal St. Fullerton,00,"Steiner, Nicole",True,26,4,11,0.364,0,0,,0,0,,1,2,3,1,2,2,1,2,8
2025-11-29_cal_st_fullerton_lmu_ca,Cal St. Fullerton,33,"Pearson, Kya",True,21,1,4,0.25,0,0,,2,2,1.0,0,2,2,3,2,4,0,0,4
2025-11-29_cal_st_fullerton_lmu_ca,Cal St. Fullerton,04,"Falsdottir, Jana",True,21,1,2,0.5,0,0,,0,0,,1,3,4,1,1,1,0,0,2
2025-11-29_cal_st_fullerton_lmu_ca,Cal St. Fullerton,05,"Sutisna, Maxine",False,21,5,13,0.385,1,4,0.25,0,1,0.0,1,3,4,3,0,3,0,3,11
2025-11-29_cal_st_fullerton_lmu_ca,Cal St. Fullerton,22,"Muniz, Madelynn",False,24,2,4,0.5,1,2,0.5,0,0,,0,1,1,2,2,1,0,1,5
2025-11-29_cal_st_fullerton_lmu_ca,Cal St. Fullerton,23,"Maxwell, Talia",False,13,1,2,0.5,0,0,,1,1,1.0,1,4,5,0,0,0,0,0,3
2025-11-29_cal_st_fullerton_lmu_ca,Cal St. Fullerton,13,"Petersen, Lilliana",False,3,0,0,,0,0,,0,0,,0,1,1,1,0,0,0,0,0
2025-11-29_cal_st_fullerton_lmu_ca,Cal St. Fullerton,01,"Moon, Mimi",False,,0,0,,0,0,,0,0,,0,0,0,1,0,0,0,0,0
2025-11-29_cal_st_fullerton_lmu_ca,Cal St. Fullerton,TM,TEAM,False,0,0,0,,0,0,,0,0,,1,2,3,0,0,2,0,0,0
2025-11-29_arizona_csu_bakersfield,CSU Bakersfield,11,"Dias, Maria",True,32,6,13,0.462,2,6,0.333,2,2,1.0,4,2,6,2,2,5,0,0,16
2025-11-29_arizona_csu_bakersfield,CSU Bakersfield,14,"Hawkins, Morgan",True,35,3,4,0.75,2,3,0.667,2,2,1.0,0,3,3,3,3,3,0,2,10
2025-11-29_arizona_csu_bakersfield,CSU Bakersfield,12,"Coleman , Chrishawn",True,31,3,14,0.214,1,7,0.143,3,6,0.5,0,2,2,3,2,5,1,2,10
2025-11-29_arizona_csu_bakersfield,CSU Bakersfield,24,"Ikidi, Tena",True,18,3,6,0.5,0,0,,1,1,1.0,0,3,3,4,2,0,1,0,7
2025-11-29_arizona_csu_bakersfield,CSU Bakersfield,08,"Langi, Marley",True,25,1,10,0.1,0,4,0.0,1,2,0.5,0,3,3,1,2,2,1,2,3
2025-11-29_arizona_csu_bakersfield,CSU Bakersfield,01,"Finley, Zalissa",False,16,3,8,0.375,3,8,0.375,0,0,,0,6,6,2,0,0,0,0,9
2025-11-29_arizona_csu_bakersfield,CSU Bakersfield,02,"Carter, Aliyah",False,19,1,8,0.125,0,1,0.0,1,2,0.5,1,2,3,1,2,0,0,2,3
2025-11-29_arizona_csu_bakersfield,CSU Bakersfield,07,"Gallatly, Jaime",False,5,1,1,1.0,1,1,1.0,0,0,,0,1,1,0,0,1,0,0,3
2025-11-29_arizona_csu_bakersfield,CSU Bakersfield,22,"Kincade, Dae’Jaidence",False,15,1,1,1.0,0,0,,0,0,,2,3,5,5,1,0,0,1,2
2025-11-29_arizona_csu_bakersfield,CSU Bakersfield,30,"Dioli, Alli",False,2,0,0,,0,0,,0,0,,0,0,0,0,0,0,0,0,0
2025-11-29_arizona_csu_bakersfield,CSU Bakersfield,55,"Puletasi, Adrienne",False,2,0,0,,0,0,,0,0,,0,0,0,0,0,0,0,0,0
2025-11-29_arizona_csu_bakersfield,CSU Bakersfield,TM,TEAM,False,0,0,0,,0,0,,0,0,,4,1,5,0,0,1,0,0,0
2025-11-29_arizona_csu_bakersfield,Arizona,04,"Cornfield, Noelani",True,40,7,12,0.583,0,1,0.0,8,8,1.0,2,4,6,2,9,3,0,4,22
2025-11-29_arizona_csu_bakersfield,Arizona,00,"Perdue, Mickayla",True,34,5,9,0.556,1,4,0.25,3,5,0.6,1,0,1,1,2,2,1,3,14
2025-11-29_arizona_csu_bakersfield,Arizona,08,"Jurado, Mireia",True,36,5,6,0.833,1,1,1.0,0,0,,0,6,6,2,3,1,0,2,11
2025-11-29_arizona_csu_bakersfield,Arizona,33,"Trammell, Daniah",True,19,3,13,0.231,0,0,,3,4,0.75,1,5,6,3,0,1,1,0,9
2025-11-29_arizona_csu_bakersfield,Arizona,03,"Sugapong, Sumayah",True,21,2,5,0.4,1,3,0.333,1,2,0.5,1,5,6,4,4,1,0,2,6
2025-11-29_arizona_csu_bakersfield,Arizona,13,"Francois, Nora",False,13,4,5,0.8,0,0,,0,0,,0,0,0,0,0,0,2,0,8
2025-11-29_arizona_csu_bakersfield,Arizona,20,"Magot, Achol",False,9,4,5,0.8,0,0,,0,3,0.0,0,1,1,2,0,1,0,0,8
2025-11-29_arizona_csu_bakersfield,Arizona,01,"Kitchen, Kamryn",False,16,0,3,0.0,0,2,0.0,0,0,,0,3,3,0,0,2,1,0,0
2025-11-29_arizona_csu_bakersfield,Arizona,05,"Ladwig, Molly",False,10,0,1,0.0,0,0,,0,0,,0,2,2,2,0,0,0,1,0
2025-11-29_arizona_csu_bakersfield,Arizona,11,"Welch, Tanyuel",False,2,0,1,0.0,0,0,,0,0,,0,0,0,0,0,1,0,0,0
2025-11-29_arizona_csu_bakersfield,Arizona,14,"Adebanjo, Blessing",False,,0,0,,0,0,,0,0,,0,0,0,0,0,1,0,0,0
2025-11-29_arizona_csu_bakersfield,Arizona,TM,TEAM,False,0,0,0,,0,0,,0,0,,1,2,3,0,0,0,0,0,0
2025-11-29_uc_riverside_cal_lutheran,Cal Lutheran,21,"Ballard, Alline",True,28,6,14,0.429,0,0,,2,2,1.0,4,9,13,5,0,5,0,2,14
2025-11-29_uc_riverside_cal_lutheran,Cal Lutheran,22,"Holley, Janna",True,36,4,9,0.444,0,2,0.0,2,3,0.667,2,2,4,2,3,4,0,0,10
2025-11-29_uc_riverside_cal_lutheran,Cal Lutheran,12,"Heyn, Sydney",True,23,1,3,0.333,1,3,0.333,4,4,1.0,2,3,5,3,1,3,1,0,7
2025-11-29_uc_riverside_cal_lutheran,Cal Lutheran,25,"Villamor, Natalie",True,20,2,9,0.222,2,6,0.333,0,0,,1,0,1,5,0,3,1,0,6
2025-11-29_uc_riverside_cal_lutheran,Cal Lutheran,41,"Mack, Kaiya",True,31,2,7,0.286,1,4,0.25,0,0,,0,4,4,2,4,3,0,1,5
2025-11-29_uc_riverside_cal_lutheran,Cal Lutheran,1,"Ong, Genessa",False,8,1,3,0.333,1,2,0.5,0,0,,0,1,1,1,1,0,0,0,3
2025-11-29_uc_riverside_cal_lutheran,Cal Lutheran,45,"Brongiel, Kaitlyn",False,18,1,3,0.333,0,0,,0,0,,3,3,6,4,0,1,1,1,2
2025-11-29_uc_riverside_cal_lutheran,Cal Lutheran,10,"Berry, Devyn",False,9,0,1,0.0,0,0,,0,2,0.0,1,0,1,0,1,1,0,0,0
2025-11-29_uc_riverside_cal_lutheran,Cal Lutheran,13,"Sherman, Anna",False,9,0,1,0.0,0,1,0.0,0,0,,0,0,0,0,1,0,0,0,0
2025-11-29_uc_riverside_cal_lutheran,Cal Lutheran,3,"Brackett, Alana",False,6,0,0,,0,0,,0,0,,0,0,0,1,0,1,0,0,0
2025-11-29_uc_riverside_cal_lutheran,Cal Lutheran,2,"Otsuji, Esabel",False,4,0,1,0.0,0,0,,0,0,,0,0,0,0,0,0,0,0,0
2025-11-29_uc_riverside_cal_lutheran,Cal Lutheran,4,"Brown, Cary",False,2,0,1,0.0,0,0,,0,0,,0,0,0,0,0,0,0,0,0
2025-11-29_uc_riverside_cal_lutheran,Cal Lutheran,11,"Cox, Bridget",False,2,0,1,0.0,0,0,,0,0,,0,0,0,0,0,1,1,0,0
2025-11-29_uc_riverside_cal_lutheran,Cal Lutheran,24,"Broughton, Deanna",False,2,0,1,0.0,0,0,,0,0,,1,0,1,0,0,0,0,0,0
2025-11-29_uc_riverside_cal_lutheran,Cal Lutheran,7,"Lee, Maddi",False,1,0,0,,0,0,,0,0,,0,0,0,0,0,0,0,0,0
2025-11-29_uc_riverside_cal_lutheran,Cal Lutheran,23,"Yamaguchi, Jordyn",False,1,0,0,,0,0,,0,0,,0,0,0,0,0,2,0,0,0
2025-11-29_uc_riverside_cal_lutheran,Cal Lutheran,TM,TEAM,False,0,0,0,,0,0,,0,0,,1,4,5,0,0,0,0,0,0
2025-11-29_uc_riverside_cal_lutheran,UC Riverside,7,"Wickstrom, Hannah",True,34,9,13,0.692,1,3,0.333,11,16,0.688,6,8,14,1,2,2,0,7,30
2025-11-29_uc_riverside_cal_lutheran,UC Riverside,2,"Hackley, Seneca",True,38,3,7,0.429,0,1,0.0,2,2,1.0,1,3,4,1,0,0,0,5,8
2025-11-29_uc_riverside_cal_lutheran,UC Riverside,22,"Swanson, Taylor",True,11,2,7,0.286,0,2,0.0,0,0,,0,1,1,0,0,0,0,2,4
2025-11-29_uc_riverside_cal_lutheran,UC Riverside,41,"Shine, Bria",True,32,1,7,0.143,0,4,0.0,1,4,0.25,0,2,2,1,1,0,0,1,3
2025-11-29_uc_riverside_cal_lutheran,UC Riverside,1,"Polk, Kaylani",True,28,1,3,0.333,0,2,0.0,0,0,,0,1,1,4,3,2,0,0,2
2025-11-29_uc_riverside_cal_lutheran,UC Riverside,10,"Minshall, Makayla",False,20,5,12,0.417,1,4,0.25,0,2,0.0,2,1,3,2,0,3,0,1,11
2025-11-29_uc_riverside_cal_lutheran,UC Riverside,23,"Mejia, Maria",False,13,0,3,0.0,0,2,0.0,4,4,1.0,1,1,2,1,1,0,0,0,4
2025-11-29_uc_riverside_cal_lutheran,UC Riverside,5,"Duchemin, Shelley",False,4,1,3,0.333,0,1,0.0,0,0,,0,2,2,0,0,0,0,0,2
2025-11-29_uc_riverside_cal_lutheran,UC Riverside,9,"Chocano, Maya",False,12,0,3,0.0,0,3,0.0,0,0,,0,1,1,3,2,0,0,0,0
2025-11-29_uc_riverside_cal_lutheran,UC Riverside,32,"Moreno Tallon, Lucia",False,5,0,1,0.0,0,1,0.0,0,0,,2,0,2,0,0,0,0,0,0
2025-11-29_uc_riverside_cal_lutheran,UC Riverside,30,"Sylla, Dieynaba",False,3,0,0,,0,0,,0,0,,0,0,0,0,0,0,0,1,0
2025-11-29_uc_riverside_cal_lutheran,UC Riverside,TM,TEAM,False,0,0,0,,0,0,,0,0,,2,3,5,0,0,3,0,0,0
2025-11-30_hawaii_santa_clara,Santa Clara,12,"Glancey, Sophie",True,32,8,19,0.421,1,6,0.167,2,2,1.0,5,7,12,2,0,0,0,1,19
2025-11-30_hawaii_santa_clara,Santa Clara,30,"Fox, Kylee",True,29,7,12,0.583,4,8,0.5,0,0,,2,4,6,1,2,1,0,2,18
2025-11-30_hawaii_santa_clara,Santa Clara,00,"Jones, Maia",True,20,5,10,0.5,2,5,0.4,3,3,1.0,1,3,4,2,5,0,3,1,15
2025-11-30_hawaii_santa_clara,Santa Clara,23,"Hawkins, Ashley",True,28,2,9,0.222,0,3,0.0,4,5,0.8,1,1,2,0,3,0,0,1,8
2025-11-30_hawaii_santa_clara,Santa Clara,13,"Schmidt, Ava",True,24,2,10,0.2,2,7,0.286,0,0,,0,2,2,1,1,1,3,4,6
2025-11-30_hawaii_santa_clara,Santa Clara,20,"Miller, Delainey",False,20,2,6,0.333,1,2,0.5,0,0,,0,3,3,2,3,0,0,1,5
2025-11-30_hawaii_santa_clara,Santa Clara,03,"Schat, Kate",False,6,1,2,0.5,1,1,1.0,0,0,,0,0,0,1,0,0,0,0,3
2025-11-30_hawaii_santa_clara,Santa Clara,02,"Hooker, Aniya",False,28,1,7,0.143,0,2,0.0,0,0,,1,2,3,1,0,2,0,3,2
2025-11-30_hawaii_santa_clara,Santa Clara,34,"Gildersleeve-Stiles, Tyler",False,9,0,1,0.0,0,0,,0,0,,0,3,3,0,1,1,0,0,0
2025-11-30_hawaii_santa_clara,Santa Clara,06,"Grieger, Sienna",False,2,0,0,,0,0,,0,0,,0,0,0,1,1,1,0,0,0
2025-11-30_hawaii_santa_clara,Santa Clara,11,"Goodchild, Alana",False,2,0,1,0.0,0,0,,0,0,,0,0,0,0,0,0,0,0,0
2025-11-30_hawaii_santa_clara,Santa Clara,10,"Grover, Lauren",False,,0,0,,0,0,,0,0,,0,0,0,0,0,0,0,0,0
2025-11-30_hawaii_santa_clara,Santa Clara,TM,TEAM,False,0,0,0,,0,0,,0,0,,3,1,4,0,0,0,0,0,0
2025-11-30_hawaii_santa_clara,Hawaii,03,"Flavell, Bailey",True,23,3,10,0.3,1,1,1.0,3,4,0.75,0,6,6,0,1,2,0,0,10
2025-11-30_hawaii_santa_clara,Hawaii,12,"Perez, Imani",True,23,4,7,0.571,1,2,0.5,0,0,,1,7,8,0,1,0,1,1,9
2025-11-30_hawaii_santa_clara,Hawaii,02,"Bond, Teyahna",True,23,2,5,0.4,0,0,,0,0,,0,2,2,1,2,4,0,1,4
2025-11-30_hawaii_santa_clara,Hawaii,33,"Neverson, Saniyah",True,14,0,2,0.0,0,0,,2,2,1.0,1,4,5,3,1,2,0,0,2
2025-11-30_hawaii_santa_clara,Hawaii,08,"Moors, Rebecca",True,11,0,2,0.0,0,1,0.0,0,0,,0,0,0,0,0,1,1,0,0
2025-11-30_hawaii_santa_clara,Hawaii,20,"Forsyth, Izzy",False,20,3,7,0.429,3,5,0.6,0,0,,0,1,1,1,1,1,1,1,9
2025-11-30_hawaii_santa_clara,Hawaii,24,"Tamilo, Ritorya",False,15,3,4,0.75,0,0,,1,1,1.0,1,1,2,1,1,2,0,0,7
2025-11-30_hawaii_santa_clara,Hawaii,06,"Webb, Kyra",False,20,2,6,0.333,0,0,,1,2,0.5,0,1,1,2,1,1,0,0,5
2025-11-30_hawaii_santa_clara,Hawaii,07,"Collins, Ella",False,5,1,3,0.333,0,1,0.0,2,2,1.0,1,0,1,1,0,3,0,0,4
2025-11-30_hawaii_santa_clara,Hawaii,01,"Filemu, Kira-May",False,17,1,5,0.2,1,3,0.333,0,0,,1,2,3,1,0,3,2,1,3
2025-11-30_hawaii_santa_clara,Hawaii,10,"Kujovic, Danijela",False,6,1,1,1.0,0,0,,0,0,,0,0,0,1,0,0,0,0,2
2025-11-30_hawaii_santa_clara,Hawaii,17,"Serra, Fiamma",False,2,1,1,1.0,0,0,,0,0,,0,0,0,0,0,0,0,0,2
2025-11-30_hawaii_santa_clara,Hawaii,11,"Curtis, Keiara",False,12,0,1,0.0,0,0,,0,0,,0,3,3,1,0,3,0,0,0
2025-11-30_hawaii_santa_clara,Hawaii,22,"Peacock, Jade",False,9,0,1,0.0,0,0,,0,0,,1,1,2,0,3,0,1,0,0
2025-11-30_hawaii_santa_clara,Hawaii,TM,TEAM,False,0,0,0,,0,0,,0,0,,3,7,10,0,0,2,0,0,0
2025-11-30_portland_st_uc_san_diego,UC San Diego,15,"Ma, Sabrina",True,26,7,13,0.538,6,9,0.667,1,1,1.0,2,2,4,3,1,0,1,0,21
2025-11-30_portland_st_uc_san_diego,UC San Diego,12,"Smith, Rosa",True,34,7,15,0.467,2,5,0.4,1,1,1.0,0,5,5,2,4,0,0,0,17
2025-11-30_portland_st_uc_san_diego,UC San Diego,11,"Condron, Erin",True,25,7,13,0.538,0,0,,3,3,1.0,2,7,9,2,1,1,1,0,17
2025-11-30_portland_st_uc_san_diego,UC San Diego,04,"Rose, Makayla",True,27,3,8,0.375,0,2,0.0,0,0,,1,2,3,3,3,1,0,3,6
2025-11-30_portland_st_uc_san_diego,UC San Diego,10,"Maxie, Dymonique",True,29,2,5,0.4,1,1,1.0,0,0,,0,3,3,3,11,3,0,3,5
2025-11-30_portland_st_uc_san_diego,UC San Diego,24,"Price, Niya",False,8,3,6,0.5,1,3,0.333,2,2,1.0,0,3,3,3,1,1,0,1,9
2025-11-30_portland_st_uc_san_diego,UC San Diego,21,"Polocheck, Nicki",False,16,2,5,0.4,1,3,0.333,2,2,1.0,2,2,4,3,0,0,0,0,7
2025-11-30_portland_st_uc_san_diego,UC San Diego,30,"Sule, Damilola",False,6,2,2,1.0,0,0,,1,2,0.5,1,3,4,3,0,0,0,0,5
2025-11-30_portland_st_uc_san_diego,UC San Diego,03,"Jones, Tatum",False,9,2,2,1.0,0,0,,0,0,,0,1,1,1,1,0,1,0,4
2025-11-30_portland_st_uc_san_diego,UC San Diego,25,"Mahan, Junaé",False,14,1,3,0.333,0,1,0.0,1,2,0.5,0,1,1,2,2,2,0,0,3
2025-11-30_portland_st_uc_san_diego,UC San Diego,02,"Fairwell, Michaela",False,6,0,0,,0,0,,0,0,,0,1,1,2,0,0,0,0,0
2025-11-30_portland_st_uc_san_diego,UC San Diego,TM,TEAM,False,0,0,0,,0,0,,0,0,,1,3,4,0,0,0,0,0,0
2025-11-30_portland_st_uc_san_diego,Portland St.,08,"Ellington, Cici",True,28,7,15,0.467,1,3,0.333,5,9,0.556,2,4,6,2,0,0,0,1,20
2025-11-30_portland_st_uc_san_diego,Portland St.,12,"Brown, Kyleigh",True,30,2,6,0.333,0,0,,11,12,0.917,0,9,9,0,2,2,0,2,15
2025-11-30_portland_st_uc_san_diego,Portland St.,11,"Torres-Kahapea, Laynee",True,26,3,7,0.429,3,6,0.5,2,2,1.0,0,2,2,1,2,2,0,0,11
2025-11-30_portland_st_uc_san_diego,Portland St.,09,"Chicken, Hannah",True,28,1,8,0.125,0,2,0.0,4,4,1.0,4,3,7,0,4,1,0,1,6
2025-11-30_portland_st_uc_san_diego,Portland St.,10,"Munk, Kirstine",True,26,1,3,0.333,0,0,,1,3,0.333,0,1,1,3,1,2,1,0,3
2025-11-30_portland_st_uc_san_diego,Portland St.,23,"Moffat, Taylor",False,14,1,4,0.25,0,3,0.0,3,4,0.75,1,2,3,2,0,2,0,0,5
2025-11-30_portland_st_uc_san_diego,Portland St.,04,"Buzzard, Sophie",False,16,1,6,0.167,0,2,0.0,0,0,,1,1,2,0,0,2,0,0,2
2025-11-30_portland_st_uc_san_diego,Portland St.,13,"Encinas, Alani",False,9,0,3,0.0,0,1,0.0,1,3,0.333,0,1,1,0,0,1,0,0,1
2025-11-30_portland_st_uc_san_diego,Portland St.,03,"Strandy, Brooklyn",False,8,0,0,,0,0,,1,2,0.5,1,0,1,2,0,0,0,0,1
2025-11-30_portland_st_uc_san_diego,Portland St.,20,"Best, Katelyn",False,15,0,3,0.0,0,1,0.0,0,0,,1,2,3,3,0,1,0,0,0
2025-11-30_portland_st_uc_san_diego,Portland St.,TM,TEAM,False,0,0,0,,0,0,,0,0,,3,4,7,0,0,1,0,0,0
2025-12-04_uc_davis_hawaii,Hawaii,03,"Flavell, Bailey",True,33,8,13,0.615,4,7,0.571,2,3,0.667,0,6,6,1,3,9,0,4,22
2025-12-04_uc_davis_hawaii,Hawaii,33,"Neverson, Saniyah",True,30,7,10,0.7,2,5,0.4,1,1,1.0,2,5,7,0,2,2,2,0,17
2025-12-04_uc_davis_hawaii,Hawaii,02,"Bond, Teyahna",True,24,2,5,0.4,1,4,0.25,0,0,,0,2,2,1,4,4,0,0,5
2025-12-04_uc_davis_hawaii,Hawaii,08,"Moors, Rebecca",True,18,2,3,0.667,1,1,1.0,0,0,,0,1,1,3,0,1,0,0,5
2025-12-04_uc_davis_hawaii,Hawaii,12,"Perez, Imani",True,21,1,2,0.5,1,2,0.5,1,1,1.0,0,7,7,5,1,2,1,0,4
2025-12-04_uc_davis_hawaii,Hawaii,11,"Curtis, Keiara",False,15,2,7,0.286,0,4,0.0,1,1,1.0,1,1,2,1,1,0,0,0,5
2025-12-04_uc_davis_hawaii,Hawaii,04,"Lefotu, Jovi",False,4,1,1,1.0,1,1,1.0,0,0,,0,0,0,0,0,1,0,0,3
2025-12-04_uc_davis_hawaii,Hawaii,24,"Tamilo, Ritorya",False,18,1,3,0.333,0,1,0.0,0,0,,1,1,2,0,0,2,1,1,2
2025-12-04_uc_davis_hawaii,Hawaii,22,"Peacock, Jade",False,12,0,2,0.0,0,1,0.0,0,0,,0,0,0,0,0,1,0,0,0
2025-12-04_uc_davis_hawaii,Hawaii,06,"Webb, Kyra",False,11,0,4,0.0,0,2,0.0,0,0,,0,3,3,0,1,3,0,0,0
2025-12-04_uc_davis_hawaii,Hawaii,20,"Forsyth, Izzy",False,6,0,1,0.0,0,1,0.0,0,0,,0,1,1,0,0,0,0,0,0
2025-12-04_uc_davis_hawaii,Hawaii,10,"Kujovic, Danijela",False,5,0,1,0.0,0,0,,0,0,,1,0,1,1,0,0,0,1,0
2025-12-04_uc_davis_hawaii,Hawaii,01,"Filemu, Kira-May",False,3,0,1,0.0,0,1,0.0,0,0,,0,0,0,0,0,0,0,0,0
2025-12-04_uc_davis_hawaii,Hawaii,TM,TEAM,False,0,0,0,,0,0,,0,0,,0,2,2,0,0,0,0,0,0
2025-12-04_uc_davis_hawaii,UC Davis,25,"Norris, Megan",True,39,8,16,0.5,2,8,0.25,8,9,0.889,3,8,11,1,2,2,0,1,26
2025-12-04_uc_davis_hawaii,UC Davis,02,"Bennett, Ryann",True,37,5,15,0.333,1,4,0.25,5,6,0.833,2,2,4,3,3,0,0,2,16
2025-12-04_uc_davis_hawaii,UC Davis,04,"Epps, Nya",True,37,5,12,0.417,2,4,0.5,0,0,,1,4,5,2,2,4,0,4,12
2025-12-04_uc_davis_hawaii,UC Davis,09,"Sussex, Avery",True,23,3,10,0.3,2,6,0.333,0,0,,0,1,1,0,2,5,0,2,8
2025-12-04_uc_davis_hawaii,UC Davis,10,"Young, Tegan",True,26,3,5,0.6,0,1,0.0,0,0,,2,1,3,1,2,0,0,2,6
2025-12-04_uc_davis_hawaii,UC Davis,23,"Baker, Victoria",False,17,0,3,0.0,0,1,0.0,0,0,,0,0,0,0,1,2,0,4,0
2025-12-04_uc_davis_hawaii,UC Davis,11,"Ersdala, Emmy",False,14,0,1,0.0,0,0,,0,0,,0,2,2,1,0,0,0,1,0
2025-12-04_uc_davis_hawaii,UC Davis,15,"Lentfer, Sophie",False,6,0,0,,0,0,,0,0,,0,0,0,1,0,0,0,0,0
2025-12-04_uc_davis_hawaii,UC Davis,21,"Tsami, Theoni",False,1,0,0,,0,0,,0,0,,0,0,0,1,1,1,0,0,0
2025-12-04_uc_davis_hawaii,UC Davis,TM,TEAM,False,0,0,0,,0,0,,0,0,,1,6,7,0,0,0,0,0,0
2025-12-04_uc_riverside_uc_irvine,UC Irvine,20,"Hernandez, Hunter",True,31,5,12,0.417,0,4,0.0,6,6,1.0,1,3,4,2,1,1,1,1,16
2025-12-04_uc_riverside_uc_irvine,UC Irvine,23,"Wynn, Jada",True,31,5,6,0.833,3,4,0.75,2,2,1.0,0,13,13,1,4,2,2,4,15
2025-12-04_uc_riverside_uc_irvine,UC Irvine,12,"Nahum, Shirel",True,30,4,9,0.444,2,5,0.4,1,2,0.5,2,6,8,3,2,3,1,0,11
2025-12-04_uc_riverside_uc_irvine,UC Irvine,10,"Madsen, Lauryn",True,33,3,12,0.25,2,9,0.222,0,0,,2,1,3,0,3,1,2,3,8
2025-12-04_uc_riverside_uc_irvine,UC Irvine,13,"Stores, Nohealani",True,1,0,0,,0,0,,0,0,,0,0,0,0,0,0,1,0,0
2025-12-04_uc_riverside_uc_irvine,UC Irvine,1,"Grant, Ameerah",False,24,3,9,0.333,1,4,0.25,4,4,1.0,1,4,5,3,0,3,0,2,11
2025-12-04_uc_riverside_uc_irvine,UC Irvine,2,"Hernandez, Haley",False,13,3,3,1.0,1,1,1.0,1,3,0.333,0,2,2,1,0,2,1,0,8
2025-12-04_uc_riverside_uc_irvine,UC Irvine,22,"Noa, Reese",False,10,2,4,0.5,0,2,0.0,4,4,1.0,1,0,1,1,2,0,0,0,8
2025-12-04_uc_riverside_uc_irvine,UC Irvine,24,"Zonzon-huyghe, Naomy",False,20,0,4,0.0,0,3,0.0,0,0,,1,3,4,4,2,2,1,4,0
2025-12-04_uc_riverside_uc_irvine,UC Irvine,21,"Baltzi, Despoina",False,7,0,1,0.0,0,0,,0,0,,0,0,0,1,0,1,0,1,0
2025-12-04_uc_riverside_uc_irvine,UC Irvine,TM,TEAM,False,0,0,0,,0,0,,0,0,,1,3,4,0,0,0,0,0,0
2025-12-04_uc_riverside_uc_irvine,UC Riverside,7,"Wickstrom, Hannah",True,29,4,15,0.267,0,2,0.0,6,6,1.0,0,4,4,0,2,2,1,1,14
2025-12-04_uc_riverside_uc_irvine,UC Riverside,9,"Chocano, Maya",True,22,3,6,0.5,2,4,0.5,0,0,,1,4,5,3,0,2,0,1,8
2025-12-04_uc_riverside_uc_irvine,UC Riverside,2,"Hackley, Seneca",True,27,3,10,0.3,1,2,0.5,0,0,,2,4,6,3,0,3,0,1,7
2025-12-04_uc_riverside_uc_irvine,UC Riverside,1,"Polk, Kaylani",True,25,2,8,0.25,1,6,0.167,0,0,,1,3,4,1,1,7,0,0,5
2025-12-04_uc_riverside_uc_irvine,UC Riverside,41,"Shine, Bria",True,18,1,2,0.5,0,1,0.0,0,0,,1,3,4,0,0,1,1,1,2
2025-12-04_uc_riverside_uc_irvine,UC Riverside,10,"Minshall, Makayla",False,22,1,7,0.143,0,4,0.0,1,2,0.5,2,1,3,4,1,4,0,2,3
2025-12-04_uc_riverside_uc_irvine,UC Riverside,11,"Cobbs, Jayda",False,24,0,4,0.0,0,3,0.0,1,2,0.5,1,1,2,2,1,2,0,1,1
2025-12-04_uc_riverside_uc_irvine,UC Riverside,23,"Mejia, Maria",False,13,0,2,0.0,0,1,0.0,0,0,,0,1,1,1,0,1,0,0,0
2025-12-04_uc_riverside_uc_irvine,UC Riverside,22,"Swanson, Taylor",False,12,0,4,0.0,0,0,,0,0,,1,2,3,1,0,2,0,1,0
2025-12-04_uc_riverside_uc_irvine,UC Riverside,32,"Moreno Tallon, Lucia",False,8,0,0,,0,0,,0,0,,0,0,0,0,0,0,0,0,0
2025-12-04_uc_riverside_uc_irvine,UC Riverside,TM,TEAM,False,0,0,0,,0,0,,0,0,,2,5,7,0,0,0,0,0,0
2025-12-04_long_beach_st_uc_santa_barbara,UC Santa Barbara,2,"Borter, Zoe",True,32,5,13,0.385,3,5,0.6,1,2,0.5,2,3,5,0,4,0,0,2,14
2025-12-04_long_beach_st_uc_santa_barbara,UC Santa Barbara,23,"Shaw, Zoe",True,34,4,9,0.444,4,5,0.8,0,0,,1,4,5,0,4,1,0,1,12
2025-12-04_long_beach_st_uc_santa_barbara,UC Santa Barbara,5,"Bradley, Olivia",True,30,5,11,0.455,1,2,0.5,0,0,,2,6,8,1,0,2,0,1,11
2025-12-04_long_beach_st_uc_santa_barbara,UC Santa Barbara,12,"Naro, Madison",True,32,1,6,0.167,0,3,0.0,2,4,0.5,3,3,6,1,6,1,0,0,4
2025-12-04_long_beach_st_uc_santa_barbara,UC Santa Barbara,55,"Burke, Skylar",True,12,0,2,0.0,0,0,,1,2,0.5,2,2,4,0,2,5,0,1,1
2025-12-04_long_beach_st_uc_santa_barbara,UC Santa Barbara,32,"Grant, Jessica",False,31,5,12,0.417,5,12,0.417,0,0,,0,3,3,0,2,0,0,0,15
2025-12-04_long_beach_st_uc_santa_barbara,UC Santa Barbara,4,"Puente-valverde, Júlia",False,17,2,4,0.5,1,1,1.0,1,2,0.5,0,1,1,2,0,1,0,0,6
2025-12-04_long_beach_st_uc_santa_barbara,UC Santa Barbara,15,"Andersen, Chauncey",False,12,1,4,0.25,0,0,,2,2,1.0,1,1,2,1,1,1,0,0,4
2025-12-04_long_beach_st_uc_santa_barbara,UC Santa Barbara,TM,TEAM,False,0,0,0,,0,0,,0,0,,1,3,4,0,0,0,0,0,0
2025-12-04_long_beach_st_uc_santa_barbara,Long Beach St.,30,"Jones-brown, Jaquoia",True,38,6,15,0.4,1,1,1.0,2,2,1.0,2,5,7,0,2,4,0,1,15
2025-12-04_long_beach_st_uc_santa_barbara,Long Beach St.,5,"Ka, Kennan",True,27,3,7,0.429,1,3,0.333,0,0,,1,6,7,2,2,3,0,0,7
2025-12-04_long_beach_st_uc_santa_barbara,Long Beach St.,42,"Oliva Fernandez, Judit",True,29,3,6,0.5,0,2,0.0,0,0,,1,4,5,0,3,2,2,1,6
2025-12-04_long_beach_st_uc_santa_barbara,Long Beach St.,13,"Pepe, Khylee",True,28,2,8,0.25,0,3,0.0,0,0,,5,2,7,3,1,0,0,0,4
2025-12-04_long_beach_st_uc_santa_barbara,Long Beach St.,32,"Pukis, Brynna",True,19,1,5,0.2,1,5,0.2,0,0,,0,2,2,0,0,0,0,1,3
2025-12-04_long_beach_st_uc_santa_barbara,Long Beach St.,10,"Reynoso, Christy",False,21,3,7,0.429,3,7,0.429,0,0,,0,1,1,0,0,0,0,0,9
2025-12-04_long_beach_st_uc_santa_barbara,Long Beach St.,2,"Akot, Rosie",False,18,4,7,0.571,0,1,0.0,0,0,,0,3,3,4,1,4,0,1,8
2025-12-04_long_beach_st_uc_santa_barbara,Long Beach St.,25,"Mack, Morgan",False,16,0,3,0.0,0,2,0.0,0,0,,0,2,2,2,2,0,0,0,0
2025-12-04_long_beach_st_uc_santa_barbara,Long Beach St.,00,"Cummings, Lauren",False,2,0,0,,0,0,,0,0,,1,0,1,1,0,0,0,0,0
2025-12-04_long_beach_st_uc_santa_barbara,Long Beach St.,3,"Samuel-afolabi, Tairat",False,2,0,0,,0,0,,0,0,,0,0,0,0,0,1,0,0,0
2025-12-04_long_beach_st_uc_santa_barbara,Long Beach St.,TM,TEAM,False,0,0,0,,0,0,,0,0,,0,1,1,0,0,1,0,0,0
2025-12-04_cal_poly_cal_st_fullerton,Cal St. Fullerton,00,"Steiner, Nicole",True,26,6,11,0.545,0,0,,1,3,0.333,8,1,9,1,1,4,1,2,13
2025-12-04_cal_poly_cal_st_fullerton,Cal St. Fullerton,5,"Sutisna, Maxine",True,25,4,8,0.5,1,4,0.25,0,0,,0,2,2,3,2,3,0,3,9
2025-12-04_cal_poly_cal_st_fullerton,Cal St. Fullerton,4,"Falsdottir, Jana",True,19,4,9,0.444,1,4,0.25,0,0,,1,1,2,3,1,0,0,3,9
2025-12-04_cal_poly_cal_st_fullerton,Cal St. Fullerton,10,"Swindle, Dylan",True,25,2,9,0.222,1,4,0.25,2,2,1.0,0,1,1,3,4,3,0,4,7
2025-12-04_cal_poly_cal_st_fullerton,Cal St. Fullerton,33,"Pearson, Kya",True,17,0,3,0.0,0,0,,0,0,,1,1,2,3,2,1,1,3,0
2025-12-04_cal_poly_cal_st_fullerton,Cal St. Fullerton,1,"Moon, Mimi",False,26,6,8,0.75,3,4,0.75,8,10,0.8,4,4,8,1,1,3,0,2,23
2025-12-04_cal_poly_cal_st_fullerton,Cal St. Fullerton,3,"Tauro, Maddy",False,24,6,11,0.545,0,0,,6,6,1.0,0,1,1,2,2,3,0,5,18
2025-12-04_cal_poly_cal_st_fullerton,Cal St. Fullerton,23,"Maxwell, Talia",False,22,4,7,0.571,0,0,,4,4,1.0,2,2,4,4,2,1,3,1,12
2025-12-04_cal_poly_cal_st_fullerton,Cal St. Fullerton,24,"Orhan, Basak",False,11,1,1,1.0,1,1,1.0,0,0,,0,0,0,1,2,1,0,0,3
2025-12-04_cal_poly_cal_st_fullerton,Cal St. Fullerton,13,"Petersen, Lilliana",False,5,0,1,0.0,0,1,0.0,2,2,1.0,0,1,1,2,1,0,0,0,2
2025-12-04_cal_poly_cal_st_fullerton,Cal St. Fullerton,TM,TEAM,False,0,0,0,,0,0,,0,0,,1,4,5,0,0,0,0,0,0
2025-12-04_cal_poly_cal_st_fullerton,Cal Poly,00,"McManus, Vanessa",True,32,6,16,0.375,2,6,0.333,5,6,0.833,1,4,5,0,1,5,0,2,19
2025-12-04_cal_poly_cal_st_fullerton,Cal Poly,32,"Thompson, Charish",True,34,4,9,0.444,0,0,,10,10,1.0,3,3,6,3,1,3,1,2,18
2025-12-04_cal_poly_cal_st_fullerton,Cal Poly,9,"Perez, Nora",True,17,3,4,0.75,0,0,,0,0,,1,1,2,1,0,3,1,0,6
2025-12-04_cal_poly_cal_st_fullerton,Cal Poly,24,"Butcher, Madison",True,20,1,3,0.333,0,2,0.0,2,2,1.0,2,3,5,1,0,1,0,1,4
2025-12-04_cal_poly_cal_st_fullerton,Cal Poly,22,"Goosby, Alana",True,26,1,4,0.25,0,2,0.0,0,0,,3,1,4,1,7,9,0,1,2
2025-12-04_cal_poly_cal_st_fullerton,Cal Poly,1,"Garcia, Arissa",False,22,2,3,0.667,1,1,1.0,0,0,,0,2,2,1,2,6,0,1,5
2025-12-04_cal_poly_cal_st_fullerton,Cal Poly,14,"Bears, Gillian",False,12,2,2,1.0,0,0,,1,2,0.5,0,0,0,0,0,1,0,0,5
2025-12-04_cal_poly_cal_st_fullerton,Cal Poly,55,"Franklin, Vivian",False,5,1,2,0.5,1,2,0.5,0,0,,1,0,1,3,0,1,0,0,3
2025-12-04_cal_poly_cal_st_fullerton,Cal Poly,11,"Knapp, Avery",False,5,0,0,,0,0,,2,2,1.0,1,1,2,1,1,1,0,0,2
2025-12-04_cal_poly_cal_st_fullerton,Cal Poly,5,"Robinson, Gabby",False,12,0,1,0.0,0,0,,0,0,,0,1,1,2,1,2,0,0,0
2025-12-04_cal_poly_cal_st_fullerton,Cal Poly,7,"Billing, Jordan",False,11,0,4,0.0,0,3,0.0,0,0,,0,0,0,1,0,2,0,1,0
2025-12-04_cal_poly_cal_st_fullerton,Cal Poly,8,"Peiffer, Katie",False,4,0,3,0.0,0,2,0.0,0,0,,0,0,0,3,0,0,0,0,0
2025-12-04_cal_poly_cal_st_fullerton,Cal Poly,TM,TEAM,False,0,0,0,,0,0,,0,0,,2,4,6,0,0,3,0,0,0
2025-12-04_csu_bakersfield_csun,CSUN,33,"Nazario, Rita",True,32,4,11,0.364,3,6,0.5,0,0,,1,3,4,3,3,1,0,2,11
2025-12-04_csu_bakersfield_csun,CSUN,03,"Tumlin, Kelly",True,21,3,6,0.5,2,4,0.5,0,0,,0,0,0,1,0,1,0,0,8
2025-12-04_csu_bakersfield_csun,CSUN,00,"Gbemuotor, Jite",True,24,2,7,0.286,0,1,0.0,0,0,,1,6,7,2,1,3,2,2,4
2025-12-04_csu_bakersfield_csun,CSUN,24,"Cos Morales, Mariona",True,26,0,3,0.0,0,0,,0,0,,2,3,5,3,0,2,2,3,0
2025-12-04_csu_bakersfield_csun,CSUN,34,"Bernard, Nadia",True,24,0,4,0.0,0,0,,0,0,,1,5,6,4,2,2,1,0,0
2025-12-04_csu_bakersfield_csun,CSUN,02,"White, Saray",False,25,5,6,0.833,1,1,1.0,2,4,0.5,1,6,7,3,2,2,1,1,13
2025-12-04_csu_bakersfield_csun,CSUN,01,"Moody, Amya",False,19,5,9,0.556,2,4,0.5,0,0,,0,0,0,2,0,4,0,0,12
2025-12-04_csu_bakersfield_csun,CSUN,04,"Edwards, Morgan",False,23,2,7,0.286,1,5,0.2,3,5,0.6,0,3,3,1,1,2,0,0,8
2025-12-04_csu_bakersfield_csun,CSUN,10,"Lizama, Alondra",False,3,0,0,,0,0,,2,2,1.0,0,0,0,2,1,1,0,0,2
2025-12-04_csu_bakersfield_csun,CSUN,22,"Dahlin, Laini",False,3,0,1,0.0,0,1,0.0,1,2,0.5,1,1,2,2,0,1,0,0,1
2025-12-04_csu_bakersfield_csun,CSUN,TM,TEAM,False,0,0,0,,0,0,,0,0,,0,1,1,0,0,0,0,0,0
2025-12-04_csu_bakersfield_csun,CSU Bakersfield,12,"Coleman , Chrishawn",True,36,4,16,0.25,3,6,0.5,10,10,1.0,0,3,3,1,0,2,0,7,21
2025-12-04_csu_bakersfield_csun,CSU Bakersfield,14,"Hawkins, Morgan",True,37,5,9,0.556,0,1,0.0,3,4,0.75,1,2,3,3,2,2,0,2,13
2025-12-04_csu_bakersfield_csun,CSU Bakersfield,11,"Dias, Maria",True,28,4,13,0.308,1,3,0.333,0,0,,0,3,3,1,0,4,0,2,9
2025-12-04_csu_bakersfield_csun,CSU Bakersfield,08,"Langi, Marley",True,25,3,12,0.25,0,5,0.0,0,0,,0,4,4,3,0,4,0,1,6
2025-12-04_csu_bakersfield_csun,CSU Bakersfield,24,"Ikidi, Tena",True,15,1,5,0.2,0,0,,0,2,0.0,4,4,8,4,1,0,1,0,2
2025-12-04_csu_bakersfield_csun,CSU Bakersfield,22,"Kincade, Dae’Jaidence",False,20,2,3,0.667,0,0,,0,0,,3,2,5,2,0,0,0,0,4
2025-12-04_csu_bakersfield_csun,CSU Bakersfield,01,"Finley, Zalissa",False,14,0,1,0.0,0,1,0.0,2,2,1.0,0,3,3,1,0,1,1,0,2
2025-12-04_csu_bakersfield_csun,CSU Bakersfield,02,"Carter, Aliyah",False,7,0,0,,0,0,,0,2,0.0,0,0,0,2,0,2,0,0,0
2025-12-04_csu_bakersfield_csun,CSU Bakersfield,21,"Sutherland, Tianna",False,6,0,0,,0,0,,0,0,,0,1,1,1,0,0,0,0,0
2025-12-04_csu_bakersfield_csun,CSU Bakersfield,30,"Dioli, Alli",False,6,0,1,0.0,0,1,0.0,0,0,,0,0,0,0,0,0,0,0,0
2025-12-04_csu_bakersfield_csun,CSU Bakersfield,07,"Gallatly, Jaime",False,4,0,0,,0,0,,0,0,,0,0,0,0,0,0,0,0,0
2025-12-04_csu_bakersfield_csun,CSU Bakersfield,04,"Powell, Ophelia",False,2,0,0,,0,0,,0,0,,0,0,0,0,0,0,0,0,0
2025-12-04_csu_bakersfield_csun,CSU Bakersfield,TM,TEAM,False,0,0,0,,0,0,,0,0,,7,5,12,0,0,1,0,0,0
2025-12-06_gonzaga_uc_davis,UC Davis,04,"Epps, Nya",True,35,9,19,0.474,3,8,0.375,2,2,1.0,3,5,8,4,3,4,0,1,23
2025-12-06_gonzaga_uc_davis,UC Davis,09,"Sussex, Avery",True,34,5,8,0.625,5,8,0.625,8,8,1.0,0,0,0,0,1,2,0,0,23
2025-12-06_gonzaga_uc_davis,UC Davis,02,"Bennett, Ryann",True,38,6,12,0.5,1,2,0.5,5,5,1.0,0,3,3,1,6,4,0,2,18
2025-12-06_gonzaga_uc_davis,UC Davis,10,"Young, Tegan",True,25,2,6,0.333,0,3,0.0,0,0,,1,1,2,3,2,1,0,1,4
2025-12-06_gonzaga_uc_davis,UC Davis,25,"Norris, Megan",True,37,1,4,0.25,0,1,0.0,0,0,,0,6,6,4,2,3,1,2,2
2025-12-06_gonzaga_uc_davis,UC Davis,11,"Ersdala, Emmy",False,4,1,2,0.5,0,1,0.0,0,0,,0,0,0,1,0,0,0,0,2
2025-12-06_gonzaga_uc_davis,UC Davis,15,"Lentfer, Sophie",False,13,0,3,0.0,0,1,0.0,0,0,,1,1,2,0,0,1,0,0,0
2025-12-06_gonzaga_uc_davis,UC Davis,23,"Baker, Victoria",False,11,0,0,,0,0,,0,0,,0,0,0,1,0,2,0,0,0
2025-12-06_gonzaga_uc_davis,UC Davis,21,"Tsami, Theoni",False,3,0,2,0.0,0,1,0.0,0,0,,1,0,1,0,0,0,0,0,0
2025-12-06_gonzaga_uc_davis,UC Davis,TM,TEAM,False,0,0,0,,0,0,,0,0,,2,3,5,0,0,0,0,0,0
2025-12-06_gonzaga_uc_davis,Gonzaga,33,"Whittaker, Lauren",True,29,8,9,0.889,2,2,1.0,1,3,0.333,1,4,5,3,1,4,0,4,19
2025-12-06_gonzaga_uc_davis,Gonzaga,08,"Bettencourt, Ines",True,27,5,10,0.5,3,5,0.6,3,4,0.75,1,2,3,2,3,2,1,1,16
2025-12-06_gonzaga_uc_davis,Gonzaga,11,"Turner, Allie",True,36,4,10,0.4,3,8,0.375,2,2,1.0,1,2,3,1,6,1,0,0,13
2025-12-06_gonzaga_uc_davis,Gonzaga,55,"Aokuso, Zeryhia",True,19,4,6,0.667,2,3,0.667,0,0,,0,1,1,1,2,2,0,0,10
2025-12-06_gonzaga_uc_davis,Gonzaga,20,"Smith, Taylor",True,26,4,8,0.5,0,2,0.0,0,0,,1,2,3,1,6,2,0,1,8
2025-12-06_gonzaga_uc_davis,Gonzaga,24,"Gardner, Teryn",False,21,2,6,0.333,2,5,0.4,0,0,,0,3,3,2,1,0,0,2,6
2025-12-06_gonzaga_uc_davis,Gonzaga,22,"Dalan, McKynnlie",False,12,2,4,0.5,0,1,0.0,1,1,1.0,3,2,5,0,2,0,0,0,5
2025-12-06_gonzaga_uc_davis,Gonzaga,23,"Haile, Jaiden",False,13,2,3,0.667,0,0,,0,0,,0,5,5,2,0,2,0,0,4
2025-12-06_gonzaga_uc_davis,Gonzaga,03,"Wilson, Julia",False,11,1,2,0.5,0,0,,0,0,,1,2,3,1,0,0,0,0,2
2025-12-06_gonzaga_uc_davis,Gonzaga,12,"Osarobo, Christabel",False,4,0,0,,0,0,,0,0,,0,1,1,0,1,1,0,0,0
2025-12-06_gonzaga_uc_davis,Gonzaga,01,"Lofing, Paige",False,2,0,1,0.0,0,1,0.0,0,0,,0,0,0,1,0,0,0,0,0
2025-12-06_gonzaga_uc_davis,Gonzaga,TM,TEAM,False,0,0,0,,0,0,,0,0,,2,0,2,0,0,2,0,0,0
2025-12-06_cal_st_fullerton_hawaii,Hawaii,03,"Flavell, Bailey",True,36,6,11,0.545,4,7,0.571,1,2,0.5,0,1,1,0,3,5,0,0,17
2025-12-06_cal_st_fullerton_hawaii,Hawaii,12,"Perez, Imani",True,29,3,10,0.3,0,2,0.0,4,4,1.0,3,10,13,0,3,1,5,2,10
2025-12-06_cal_st_fullerton_hawaii,Hawaii,33,"Neverson, Saniyah",True,18,3,4,0.75,0,0,,1,2,0.5,2,3,5,3,1,0,3,0,7
2025-12-06_cal_st_fullerton_hawaii,Hawaii,02,"Bond, Teyahna",True,28,1,1,1.0,1,1,1.0,0,0,,0,2,2,1,9,7,0,0,3
2025-12-06_cal_st_fullerton_hawaii,Hawaii,08,"Moors, Rebecca",True,5,0,1,0.0,0,0,,0,0,,1,0,1,1,1,1,0,0,0
2025-12-06_cal_st_fullerton_hawaii,Hawaii,06,"Webb, Kyra",False,24,6,9,0.667,3,4,0.75,0,0,,1,6,7,3,1,3,3,1,15
2025-12-06_cal_st_fullerton_hawaii,Hawaii,24,"Tamilo, Ritorya",False,11,3,4,0.75,0,0,,5,6,0.833,1,2,3,3,1,1,1,1,11
2025-12-06_cal_st_fullerton_hawaii,Hawaii,01,"Filemu, Kira-May",False,14,2,7,0.286,1,5,0.2,0,0,,0,1,1,4,2,0,1,1,5
2025-12-06_cal_st_fullerton_hawaii,Hawaii,22,"Peacock, Jade",False,12,2,4,0.5,0,0,,0,0,,2,2,4,0,0,2,1,0,4
2025-12-06_cal_st_fullerton_hawaii,Hawaii,04,"Lefotu, Jovi",False,10,0,1,0.0,0,0,,4,4,1.0,0,2,2,1,1,3,0,1,4
2025-12-06_cal_st_fullerton_hawaii,Hawaii,11,"Curtis, Keiara",False,7,2,2,1.0,0,0,,0,0,,0,0,0,4,1,3,0,0,4
2025-12-06_cal_st_fullerton_hawaii,Hawaii,07,"Collins, Ella",False,2,0,1,0.0,0,0,,0,0,,0,1,1,0,0,0,0,1,0
2025-12-06_cal_st_fullerton_hawaii,Hawaii,10,"Kujovic, Danijela",False,2,0,0,,0,0,,0,0,,0,0,0,1,0,1,0,0,0
2025-12-06_cal_st_fullerton_hawaii,Hawaii,20,"Forsyth, Izzy",False,2,0,1,0.0,0,1,0.0,0,0,,0,0,0,0,0,0,0,0,0
2025-12-06_cal_st_fullerton_hawaii,Hawaii,TM,TEAM,False,0,0,0,,0,0,,0,0,,1,2,3,0,0,0,0,0,0
2025-12-06_cal_st_fullerton_hawaii,Cal St. Fullerton,10,"Swindle, Dylan",True,31,6,15,0.4,1,4,0.25,6,10,0.6,3,1,4,3,2,1,0,1,19
2025-12-06_cal_st_fullerton_hawaii,Cal St. Fullerton,00,"Steiner, Nicole",True,36,5,14,0.357,0,0,,4,6,0.667,7,5,12,2,5,2,3,3,14
2025-12-06_cal_st_fullerton_hawaii,Cal St. Fullerton,03,"Tauro, Maddy",True,18,6,13,0.462,0,0,,2,2,1.0,1,3,4,3,2,1,1,1,14
2025-12-06_cal_st_fullerton_hawaii,Cal St. Fullerton,04,"Falsdottir, Jana",True,24,3,5,0.6,0,2,0.0,0,0,,0,4,4,2,5,1,0,3,6
2025-12-06_cal_st_fullerton_hawaii,Cal St. Fullerton,33,"Pearson, Kya",True,21,1,3,0.333,0,0,,0,0,,1,0,1,5,2,1,0,2,2
2025-12-06_cal_st_fullerton_hawaii,Cal St. Fullerton,55,"Jones, Cristina",False,29,10,18,0.556,0,0,,2,4,0.5,3,2,5,3,2,4,1,6,22
2025-12-06_cal_st_fullerton_hawaii,Cal St. Fullerton,22,"Muniz, Madelynn",False,16,1,4,0.25,1,3,0.333,0,0,,0,0,0,3,1,1,0,1,3
2025-12-06_cal_st_fullerton_hawaii,Cal St. Fullerton,05,"Sutisna, Maxine",False,8,1,3,0.333,0,1,0.0,0,0,,0,0,0,1,0,0,0,0,2
2025-12-06_cal_st_fullerton_hawaii,Cal St. Fullerton,01,"Moon, Mimi",False,11,0,4,0.0,0,0,,0,0,,0,0,0,0,1,0,0,1,0
2025-12-06_cal_st_fullerton_hawaii,Cal St. Fullerton,23,"Maxwell, Talia",False,6,0,1,0.0,0,0,,0,0,,0,0,0,0,0,1,1,0,0
2025-12-06_cal_st_fullerton_hawaii,Cal St. Fullerton,TM,TEAM,False,0,0,0,,0,0,,0,0,,4,4,8,0,0,0,0,0,0
2025-12-06_csun_uc_irvine,UC Irvine,20,"Hernandez, Hunter",True,30,11,25,0.44,1,4,0.25,8,9,0.889,5,3,8,1,1,0,0,2,31
2025-12-06_csun_uc_irvine,UC Irvine,23,"Wynn, Jada",True,33,4,11,0.364,4,7,0.571,6,6,1.0,3,9,12,1,2,1,0,3,18
2025-12-06_csun_uc_irvine,UC Irvine,24,"Zonzon-huyghe, Naomy",True,18,5,8,0.625,0,1,0.0,0,0,,3,4,7,1,0,3,0,1,10
2025-12-06_csun_uc_irvine,UC Irvine,12,"Nahum, Shirel",True,28,1,6,0.167,0,3,0.0,3,4,0.75,1,4,5,1,1,3,0,4,5
2025-12-06_csun_uc_irvine,UC Irvine,10,"Madsen, Lauryn",True,33,0,5,0.0,0,5,0.0,0,0,,1,3,4,1,1,0,0,1,0
2025-12-06_csun_uc_irvine,UC Irvine,2,"Hernandez, Haley",False,14,1,2,0.5,1,1,1.0,0,0,,1,1,2,3,1,0,0,0,3
2025-12-06_csun_uc_irvine,UC Irvine,1,"Grant, Ameerah",False,25,0,6,0.0,0,2,0.0,2,6,0.333,1,1,2,3,1,1,0,0,2
2025-12-06_csun_uc_irvine,UC Irvine,22,"Noa, Reese",False,12,1,1,1.0,0,0,,0,2,0.0,1,3,4,1,1,1,0,1,2
2025-12-06_csun_uc_irvine,UC Irvine,21,"Baltzi, Despoina",False,7,0,0,,0,0,,1,2,0.5,0,1,1,0,1,0,0,0,1
2025-12-06_csun_uc_irvine,UC Irvine,TM,TEAM,False,0,0,0,,0,0,,0,0,,2,1,3,0,0,2,0,0,0
2025-12-06_csun_uc_irvine,CSUN,33,"Nazário, Rita",True,35,3,8,0.375,2,7,0.286,1,2,0.5,1,3,4,1,4,4,1,0,9
2025-12-06_csun_uc_irvine,CSUN,24,"Cos-morales, Mariona",True,18,2,5,0.4,1,2,0.5,0,0,,0,2,2,3,0,1,1,0,5
2025-12-06_csun_uc_irvine,CSUN,00,"Gbemuotor, Jite",True,11,2,5,0.4,0,1,0.0,0,0,,1,5,6,2,0,0,1,1,4
2025-12-06_csun_uc_irvine,CSUN,3,"Tumlin, Kelly",True,20,1,3,0.333,1,3,0.333,0,0,,0,1,1,1,1,4,0,0,3
2025-12-06_csun_uc_irvine,CSUN,34,"Bernard, Nadia",True,14,0,1,0.0,0,0,,0,0,,0,4,4,1,0,3,0,0,0
2025-12-06_csun_uc_irvine,CSUN,2,"White, Saray",False,18,4,9,0.444,1,3,0.333,1,2,0.5,1,1,2,5,0,6,1,1,10
2025-12-06_csun_uc_irvine,CSUN,10,"Lizama, Alondra",False,21,3,4,0.75,0,0,,2,4,0.5,3,4,7,4,0,0,0,2,8
2025-12-06_csun_uc_irvine,CSUN,1,"Moody, Amya",False,26,3,14,0.214,0,7,0.0,1,1,1.0,0,0,0,0,3,0,0,1,7
2025-12-06_csun_uc_irvine,CSUN,4,"Edwards, Morgan",False,26,0,2,0.0,0,2,0.0,0,0,,1,1,2,4,2,1,0,0,0
2025-12-06_csun_uc_irvine,CSUN,22,"Dahlin, Laini",False,9,0,2,0.0,0,1,0.0,0,0,,1,2,3,1,0,1,0,0,0
2025-12-06_csun_uc_irvine,CSUN,21,"Canadell, Jana",False,2,0,1,0.0,0,1,0.0,0,0,,0,0,0,1,0,0,0,0,0
2025-12-06_csun_uc_irvine,CSUN,TM,TEAM,False,0,0,0,,0,0,,0,0,,1,2,3,0,0,0,0,0,0
2025-12-06_uc_san_diego_long_beach_st,Long Beach St.,32,"Pukis, Brynna",True,23,4,7,0.571,4,7,0.571,0,0,,0,3,3,0,0,1,0,0,12
2025-12-06_uc_san_diego_long_beach_st,Long Beach St.,42,"Oliva Fernandez, Judit",True,23,4,10,0.4,3,5,0.6,0,0,,2,2,4,2,1,6,3,2,11
2025-12-06_uc_san_diego_long_beach_st,Long Beach St.,05,"Ka, Kennan",True,29,4,8,0.5,1,3,0.333,0,0,,1,3,4,1,3,4,0,0,9
2025-12-06_uc_san_diego_long_beach_st,Long Beach St.,30,"Jones-Brown, JaQuoia",True,34,2,6,0.333,0,1,0.0,1,2,0.5,2,2,4,0,2,8,0,0,5
2025-12-06_uc_san_diego_long_beach_st,Long Beach St.,13,"Pepe, Khylee",True,21,0,3,0.0,0,2,0.0,1,2,0.5,1,0,1,1,2,2,0,4,1
2025-12-06_uc_san_diego_long_beach_st,Long Beach St.,10,"Reynoso, Christy",False,22,2,8,0.25,1,7,0.143,0,0,,0,1,1,1,1,1,0,2,5
2025-12-06_uc_san_diego_long_beach_st,Long Beach St.,00,"Cummings, Lauren",False,10,1,3,0.333,0,1,0.0,0,0,,2,1,3,0,2,0,0,1,2
2025-12-06_uc_san_diego_long_beach_st,Long Beach St.,25,"Mack, Morgan",False,16,0,2,0.0,0,2,0.0,0,0,,0,4,4,1,3,2,0,0,0
2025-12-06_uc_san_diego_long_beach_st,Long Beach St.,02,"Akot, Rosie",False,13,0,2,0.0,0,1,0.0,0,0,,0,3,3,3,0,3,1,0,0
2025-12-06_uc_san_diego_long_beach_st,Long Beach St.,03,"Samuel  - Afolabi, Tairat",False,5,0,2,0.0,0,0,,0,0,,0,0,0,0,0,1,0,0,0
2025-12-06_uc_san_diego_long_beach_st,Long Beach St.,33,"Wright, Haley",False,4,0,1,0.0,0,1,0.0,0,0,,1,0,1,1,0,0,0,0,0
2025-12-06_uc_san_diego_long_beach_st,Long Beach St.,TM,TEAM,False,0,0,0,,0,0,,0,0,,1,2,3,0,0,0,0,0,0
2025-12-06_uc_san_diego_long_beach_st,UC San Diego,12,"Smith, Rosa",True,32,11,18,0.611,4,10,0.4,1,2,0.5,2,2,4,1,5,2,0,2,27
2025-12-06_uc_san_diego_long_beach_st,UC San Diego,11,"Condron, Erin",True,29,9,13,0.692,0,1,0.0,1,3,0.333,2,5,7,0,5,3,1,3,19
2025-12-06_uc_san_diego_long_beach_st,UC San Diego,10,"Maxie, Dymonique",True,33,4,6,0.667,1,2,0.5,0,0,,1,1,2,1,6,3,0,3,9
2025-12-06_uc_san_diego_long_beach_st,UC San Diego,15,"Ma, Sabrina",True,27,2,9,0.222,2,7,0.286,0,0,,0,4,4,1,2,3,0,2,6
2025-12-06_uc_san_diego_long_beach_st,UC San Diego,04,"Rose, Makayla",True,26,1,3,0.333,0,2,0.0,0,0,,1,1,2,0,1,2,0,3,2
2025-12-06_uc_san_diego_long_beach_st,UC San Diego,02,"Fairwell, Michaela",False,8,2,4,0.5,1,2,0.5,0,0,,0,1,1,1,1,1,0,0,5
2025-12-06_uc_san_diego_long_beach_st,UC San Diego,25,"Mahan, Junaé",False,19,1,3,0.333,0,0,,2,4,0.5,5,3,8,2,2,2,0,1,4
2025-12-06_uc_san_diego_long_beach_st,UC San Diego,24,"Price, Niya",False,10,1,6,0.167,1,5,0.2,0,0,,0,3,3,0,0,1,1,1,3
2025-12-06_uc_san_diego_long_beach_st,UC San Diego,03,"Jones, Tatum",False,8,0,0,,0,0,,0,0,,0,0,0,0,0,0,0,1,0
2025-12-06_uc_san_diego_long_beach_st,UC San Diego,21,"Polocheck, Nicki",False,8,0,1,0.0,0,0,,0,0,,0,0,0,2,0,1,0,2,0
2025-12-06_uc_san_diego_long_beach_st,UC San Diego,TM,TEAM,False,0,0,0,,0,0,,0,0,,2,6,8,0,0,1,0,0,0
2025-12-06_csu_bakersfield_uc_santa_barbara,UC Santa Barbara,02,"Borter, Zoe",True,28,7,11,0.636,5,5,1.0,6,6,1.0,1,1,2,3,0,0,0,0,25
2025-12-06_csu_bakersfield_uc_santa_barbara,UC Santa Barbara,55,"Burke, Skylar",True,27,5,8,0.625,0,2,0.0,1,1,1.0,0,5,5,0,1,2,0,1,11
2025-12-06_csu_bakersfield_uc_santa_barbara,UC Santa Barbara,12,"Naro, Madison",True,27,2,5,0.4,1,2,0.5,3,4,0.75,0,5,5,2,5,2,0,1,8
2025-12-06_csu_bakersfield_uc_santa_barbara,UC Santa Barbara,05,"Bradley, Olivia",True,27,3,12,0.25,0,2,0.0,0,2,0.0,2,5,7,1,4,1,1,1,6
2025-12-06_csu_bakersfield_uc_santa_barbara,UC Santa Barbara,23,"Shaw, Zoe",True,30,1,5,0.2,0,2,0.0,3,4,0.75,0,4,4,0,1,0,0,1,5
2025-12-06_csu_bakersfield_uc_santa_barbara,UC Santa Barbara,04,"Puente-Valverde, Júlia",False,14,2,2,1.0,0,0,,1,2,0.5,1,2,3,3,1,4,0,0,5
2025-12-06_csu_bakersfield_uc_santa_barbara,UC Santa Barbara,44,"Radnjic, Bojana",False,7,1,2,0.5,1,1,1.0,0,0,,0,0,0,2,2,1,0,0,3
2025-12-06_csu_bakersfield_uc_santa_barbara,UC Santa Barbara,08,"Rawlins, Ava",False,10,1,1,1.0,0,0,,0,0,,1,2,3,1,1,2,1,1,2
2025-12-06_csu_bakersfield_uc_santa_barbara,UC Santa Barbara,21,"Penna, Valentina",False,2,1,1,1.0,0,0,,0,0,,0,0,0,2,0,0,0,0,2
2025-12-06_csu_bakersfield_uc_santa_barbara,UC Santa Barbara,03,"Grant, Jessica",False,18,0,1,0.0,0,1,0.0,0,0,,0,2,2,1,0,1,1,0,0
2025-12-06_csu_bakersfield_uc_santa_barbara,UC Santa Barbara,15,"Andersen, Chauncey",False,8,0,1,0.0,0,1,0.0,0,0,,0,3,3,0,0,2,0,0,0
2025-12-06_csu_bakersfield_uc_santa_barbara,UC Santa Barbara,22,"Koubek, Helena",False,2,0,0,,0,0,,0,0,,0,0,0,0,0,0,0,0,0
2025-12-06_csu_bakersfield_uc_santa_barbara,UC Santa Barbara,TM,TEAM,False,0,0,0,,0,0,,0,0,,0,1,1,0,0,1,0,0,0
2025-12-06_csu_bakersfield_uc_santa_barbara,CSU Bakersfield,11,"Dias, Maria",True,32,4,16,0.25,2,6,0.333,4,4,1.0,1,1,2,0,1,2,0,1,14
2025-12-06_csu_bakersfield_uc_santa_barbara,CSU Bakersfield,12,"Coleman , Chrishawn",True,33,5,19,0.263,0,7,0.0,2,6,0.333,3,5,8,3,0,5,0,5,12
2025-12-06_csu_bakersfield_uc_santa_barbara,CSU Bakersfield,24,"Ikidi, Tena",True,23,4,7,0.571,0,0,,0,2,0.0,3,4,7,2,0,2,0,2,8
2025-12-06_csu_bakersfield_uc_santa_barbara,CSU Bakersfield,14,"Hawkins, Morgan",True,29,3,5,0.6,0,2,0.0,0,0,,0,1,1,1,0,1,0,2,6
2025-12-06_csu_bakersfield_uc_santa_barbara,CSU Bakersfield,01,"Finley, Zalissa",True,13,0,2,0.0,0,1,0.0,0,0,,0,2,2,1,0,0,0,0,0
2025-12-06_csu_bakersfield_uc_santa_barbara,CSU Bakersfield,02,"Carter, Aliyah",False,20,2,3,0.667,0,0,,0,0,,1,3,4,2,2,2,0,0,4
2025-12-06_csu_bakersfield_uc_santa_barbara,CSU Bakersfield,08,"Langi, Marley",False,17,0,3,0.0,0,2,0.0,3,4,0.75,1,1,2,4,0,2,0,0,3
2025-12-06_csu_bakersfield_uc_santa_barbara,CSU Bakersfield,22,"Kincade, Dae’Jaidence",False,17,0,2,0.0,0,0,,0,0,,0,5,5,2,0,2,0,1,0
2025-12-06_csu_bakersfield_uc_santa_barbara,CSU Bakersfield,30,"Dioli, Alli",False,7,0,1,0.0,0,1,0.0,0,0,,0,0,0,2,0,0,0,0,0
2025-12-06_csu_bakersfield_uc_santa_barbara,CSU Bakersfield,04,"Powell, Ophelia",False,5,0,1,0.0,0,1,0.0,0,0,,1,0,1,0,0,0,0,0,0
2025-12-06_csu_bakersfield_uc_santa_barbara,CSU Bakersfield,21,"Sutherland, Tianna",False,3,0,0,,0,0,,0,0,,0,0,0,1,0,0,0,0,0
2025-12-06_csu_bakersfield_uc_santa_barbara,CSU Bakersfield,07,"Gallatly, Jaime",False,1,0,0,,0,0,,0,0,,0,0,0,0,0,0,0,0,0
2025-12-06_csu_bakersfield_uc_santa_barbara,CSU Bakersfield,TM,TEAM,False,0,0,0,,0,0,,0,0,,4,0,4,0,0,2,0,0,0
2025-12-06_uc_riverside_cal_poly,Cal Poly,32,"Thompson, Charish",True,30,4,11,0.364,0,0,,3,4,0.75,2,8,10,1,2,3,1,0,11
2025-12-06_uc_riverside_cal_poly,Cal Poly,00,"McManus, Vanessa",True,31,1,7,0.143,1,4,0.25,5,7,0.714,0,2,2,2,3,2,0,0,8
2025-12-06_uc_riverside_cal_poly,Cal Poly,24,"Butcher, Madison",True,28,3,8,0.375,2,5,0.4,0,0,,2,4,6,1,0,1,0,0,8
2025-12-06_uc_riverside_cal_poly,Cal Poly,22,"Goosby, Alana",True,28,1,9,0.111,1,5,0.2,0,0,,1,0,1,2,2,4,0,1,3
2025-12-06_uc_riverside_cal_poly,Cal Poly,1,"Garcia, Arissa",True,27,0,2,0.0,0,2,0.0,0,0,,2,2,4,2,2,5,0,0,0
2025-12-06_uc_riverside_cal_poly,Cal Poly,55,"Franklin, Vivian",False,4,2,2,1.0,2,2,1.0,0,0,,0,0,0,0,0,0,0,0,6
2025-12-06_uc_riverside_cal_poly,Cal Poly,5,"Robinson, Gabby",False,12,1,1,1.0,0,0,,1,2,0.5,0,2,2,1,1,0,0,0,3
2025-12-06_uc_riverside_cal_poly,Cal Poly,7,"Billing, Jordan",False,5,1,1,1.0,1,1,1.0,0,0,,0,0,0,0,0,0,0,0,3
2025-12-06_uc_riverside_cal_poly,Cal Poly,9,"Perez, Nora",False,17,1,6,0.167,0,1,0.0,0,0,,2,4,6,1,0,3,0,1,2
2025-12-06_uc_riverside_cal_poly,Cal Poly,14,"Bears, Gillian",False,4,0,1,0.0,0,0,,2,2,1.0,0,1,1,1,0,0,0,0,2
2025-12-06_uc_riverside_cal_poly,Cal Poly,11,"Knapp, Avery",False,9,0,0,,0,0,,0,0,,0,1,1,1,1,0,0,0,0
2025-12-06_uc_riverside_cal_poly,Cal Poly,23,"Moleon Hidalgo, Ana",False,3,0,0,,0,0,,0,0,,0,0,0,1,0,1,0,0,0
2025-12-06_uc_riverside_cal_poly,Cal Poly,8,"Peiffer, Katie",False,2,0,1,0.0,0,0,,0,0,,2,0,2,0,0,2,0,0,0
2025-12-06_uc_riverside_cal_poly,Cal Poly,TM,TEAM,False,0,0,0,,0,0,,0,0,,1,1,2,0,0,3,0,0,0
2025-12-06_uc_riverside_cal_poly,UC Riverside,7,"Wickstrom, Hannah",True,31,9,19,0.474,2,6,0.333,2,2,1.0,1,6,7,3,2,4,0,2,22
2025-12-06_uc_riverside_cal_poly,UC Riverside,9,"Chocano, Maya",True,23,3,7,0.429,2,6,0.333,2,2,1.0,0,3,3,3,0,1,0,1,10
2025-12-06_uc_riverside_cal_poly,UC Riverside,41,"Shine, Bria",True,28,3,4,0.75,0,1,0.0,0,0,,0,4,4,1,1,0,0,2,6
2025-12-06_uc_riverside_cal_poly,UC Riverside,2,"Hackley, Seneca",True,28,3,6,0.5,0,2,0.0,0,0,,3,4,7,4,3,1,0,1,6
2025-12-06_uc_riverside_cal_poly,UC Riverside,1,"Polk, Kaylani",True,28,2,9,0.222,2,7,0.286,0,0,,1,0,1,1,5,3,0,0,6
2025-12-06_uc_riverside_cal_poly,UC Riverside,10,"Minshall, Makayla",False,18,3,4,0.75,2,3,0.667,2,2,1.0,0,1,1,2,0,2,0,1,10
2025-12-06_uc_riverside_cal_poly,UC Riverside,30,"Sylla, Dieynaba",False,12,1,1,1.0,0,0,,0,0,,0,0,0,2,0,0,0,0,2
2025-12-06_uc_riverside_cal_poly,UC Riverside,22,"Swanson, Taylor",False,11,0,3,0.0,0,1,0.0,1,2,0.5,1,3,4,1,0,1,0,1,1
2025-12-06_uc_riverside_cal_poly,UC Riverside,23,"Mejia, Maria",False,12,0,1,0.0,0,1,0.0,0,2,0.0,0,0,0,1,0,1,0,1,0
2025-12-06_uc_riverside_cal_poly,UC Riverside,11,"Cobbs, Jayda",False,9,0,1,0.0,0,1,0.0,0,0,,0,0,0,0,1,0,0,0,0
2025-12-06_uc_riverside_cal_poly,UC Riverside,TM,TEAM,False,0,0,0,,0,0,,0,0,,2,2,4,0,0,1,0,0,0
2025-12-11_hawaii_hawaii_hilo,Hawaii Hilo,15,"Kawaha, Mindy",True,22,4,7,0.571,3,5,0.6,0,0,,0,0,0,1,0,1,0,1,11
2025-12-11_hawaii_hawaii_hilo,Hawaii Hilo,33,"Harris, Tavina",True,24,2,6,0.333,0,0,,0,0,,1,3,4,3,0,0,1,2,4
2025-12-11_hawaii_hawaii_hilo,Hawaii Hilo,12,"Samura, Brooke",True,23,1,10,0.1,0,1,0.0,0,0,,2,3,5,0,1,2,0,1,2
2025-12-11_hawaii_hawaii_hilo,Hawaii Hilo,10,"Agonias, Keirstyn",True,23,0,1,0.0,0,0,,0,0,,0,1,1,1,2,1,0,1,0
2025-12-11_hawaii_hawaii_hilo,Hawaii Hilo,21,"Sua-Godinet, Noelle",True,23,0,3,0.0,0,0,,0,2,0.0,2,2,4,1,1,0,0,0,0
2025-12-11_hawaii_hawaii_hilo,Hawaii Hilo,20,"Huihui, KeanuMarie",False,23,4,14,0.286,3,7,0.429,0,0,,0,1,1,0,0,0,0,0,11
2025-12-11_hawaii_hawaii_hilo,Hawaii Hilo,03,"Cruz, Kaile",False,20,1,10,0.1,1,5,0.2,8,10,0.8,0,3,3,1,0,0,0,1,11
2025-12-11_hawaii_hawaii_hilo,Hawaii Hilo,11,"Macias, Kimberly",False,16,3,6,0.5,2,4,0.5,0,0,,0,1,1,0,1,1,0,3,8
2025-12-11_hawaii_hawaii_hilo,Hawaii Hilo,04,"Hiu, Melanie",False,18,0,0,,0,0,,0,0,,0,0,0,2,2,0,1,0,0
2025-12-11_hawaii_hawaii_hilo,Hawaii Hilo,05,"Roach, Evie",False,4,0,0,,0,0,,0,0,,0,0,0,0,0,1,0,0,0
2025-12-11_hawaii_hawaii_hilo,Hawaii Hilo,25,"Febo-Santiago, Kacie",False,4,0,2,0.0,0,1,0.0,0,0,,0,2,2,1,0,0,0,0,0
2025-12-11_hawaii_hawaii_hilo,Hawaii Hilo,TM,TEAM,False,0,0,0,,0,0,,0,0,,1,2,3,0,0,1,0,0,0
2025-12-11_hawaii_hawaii_hilo,Hawaii,03,"Flavell, Bailey",True,19,4,8,0.5,1,2,0.5,0,0,,0,2,2,0,3,1,0,0,9
2025-12-11_hawaii_hawaii_hilo,Hawaii,04,"Lefotu, Jovi",True,20,3,6,0.5,0,0,,2,2,1.0,0,4,4,2,1,2,0,0,8
2025-12-11_hawaii_hawaii_hilo,Hawaii,24,"Tamilo, Ritorya",True,16,3,8,0.375,0,0,,0,0,,4,4,8,2,0,1,0,0,6
2025-12-11_hawaii_hawaii_hilo,Hawaii,33,"Neverson, Saniyah",True,15,2,5,0.4,1,1,1.0,1,2,0.5,1,3,4,1,1,0,0,0,6
2025-12-11_hawaii_hawaii_hilo,Hawaii,08,"Moors, Rebecca",True,16,0,0,,0,0,,0,0,,0,3,3,0,0,1,0,0,0
2025-12-11_hawaii_hawaii_hilo,Hawaii,06,"Webb, Kyra",False,19,4,7,0.571,0,1,0.0,1,2,0.5,2,2,4,0,0,2,1,0,9
2025-12-11_hawaii_hawaii_hilo,Hawaii,12,"Perez, Imani",False,20,3,3,1.0,1,1,1.0,1,1,1.0,1,9,10,1,1,0,2,0,8
2025-12-11_hawaii_hawaii_hilo,Hawaii,02,"Bond, Teyahna",False,11,3,3,1.0,1,1,1.0,0,0,,0,1,1,1,1,4,0,0,7
2025-12-11_hawaii_hawaii_hilo,Hawaii,20,"Forsyth, Izzy",False,13,1,3,0.333,1,3,0.333,0,0,,0,2,2,0,2,1,0,0,3
2025-12-11_hawaii_hawaii_hilo,Hawaii,01,"Filemu, Kira-May",False,17,1,5,0.2,0,4,0.0,0,0,,1,1,2,0,1,1,1,0,2
2025-12-11_hawaii_hawaii_hilo,Hawaii,22,"Peacock, Jade",False,11,1,1,1.0,0,0,,0,0,,0,3,3,0,0,2,0,0,2
2025-12-11_hawaii_hawaii_hilo,Hawaii,07,"Collins, Ella",False,11,0,2,0.0,0,1,0.0,1,2,0.5,0,1,1,1,0,1,0,0,1
2025-12-11_hawaii_hawaii_hilo,Hawaii,11,"Curtis, Keiara",False,7,0,1,0.0,0,0,,0,0,,0,0,0,2,0,2,0,0,0
2025-12-11_hawaii_hawaii_hilo,Hawaii,10,"Kujovic, Danijela",False,4,0,0,,0,0,,0,0,,0,1,1,0,0,1,0,0,0
2025-12-11_hawaii_hawaii_hilo,Hawaii,17,"Serra, Fiamma",False,1,0,0,,0,0,,0,0,,0,1,1,0,0,0,0,0,0
2025-12-11_hawaii_hawaii_hilo,Hawaii,TM,TEAM,False,0,0,0,,0,0,,0,0,,0,2,2,0,0,0,0,0,0
2025-12-11_long_beach_st_portland,Portland,20,"Spear, Lainey",True,18,5,7,0.714,0,0,,4,5,0.8,1,4,5,1,3,3,1,2,14
2025-12-11_long_beach_st_portland,Portland,44,"Dalan, Julia",True,21,5,12,0.417,0,0,,3,3,1.0,7,5,12,4,0,0,4,0,13
2025-12-11_long_beach_st_portland,Portland,3,"Dallow, Florence",True,15,2,4,0.5,0,1,0.0,4,4,1.0,3,3,6,2,2,1,0,1,8
2025-12-11_long_beach_st_portland,Portland,22,"Mogel, Rhyan",True,22,2,6,0.333,2,4,0.5,0,0,,0,4,4,3,6,2,1,2,6
2025-12-11_long_beach_st_portland,Portland,2,"Ananiev, Dyani",True,23,2,8,0.25,1,5,0.2,0,0,,1,3,4,1,3,1,0,1,5
2025-12-11_long_beach_st_portland,Portland,9,"Kennedy, Jada",False,10,7,7,1.0,0,0,,0,1,0.0,3,0,3,1,2,0,0,1,14
2025-12-11_long_beach_st_portland,Portland,17,"Rodriguez, Nicole",False,18,3,11,0.273,3,8,0.375,0,0,,0,1,1,0,1,1,0,0,9
2025-12-11_long_beach_st_portland,Portland,10,"Fraley, Natalie",False,19,3,7,0.429,0,1,0.0,2,2,1.0,1,0,1,1,1,0,0,2,8
2025-12-11_long_beach_st_portland,Portland,42,"Zimmerman, Ella",False,12,2,9,0.222,0,0,,3,3,1.0,0,2,2,0,0,0,0,0,7
2025-12-11_long_beach_st_portland,Portland,14,"Monahan, Caitlin",False,8,2,2,1.0,1,1,1.0,0,0,,1,1,2,0,0,0,0,0,5
2025-12-11_long_beach_st_portland,Portland,12,"Smith, Brynn",False,15,1,5,0.2,1,2,0.5,0,0,,0,2,2,1,2,0,0,1,3
2025-12-11_long_beach_st_portland,Portland,7,"Barbosa, Tiffany",False,19,1,3,0.333,0,2,0.0,0,0,,1,3,4,2,5,0,0,1,2
2025-12-11_long_beach_st_portland,Portland,TM,TEAM,False,0,0,0,,0,0,,0,0,,0,1,1,0,0,1,0,0,0
2025-12-11_long_beach_st_portland,Long Beach St.,30,"Jones-brown, Jaquoia",True,39,8,21,0.381,1,4,0.25,8,10,0.8,3,6,9,2,2,3,0,0,25
2025-12-11_long_beach_st_portland,Long Beach St.,32,"Pukis, Brynna",True,26,3,4,0.75,3,3,1.0,2,2,1.0,0,3,3,2,0,2,0,1,11
2025-12-11_long_beach_st_portland,Long Beach St.,13,"Pepe, Khylee",True,35,2,12,0.167,0,0,,3,6,0.5,2,5,7,2,0,4,0,1,7
2025-12-11_long_beach_st_portland,Long Beach St.,5,"Ka, Kennan",True,34,2,5,0.4,0,1,0.0,0,0,,1,4,5,1,6,4,1,0,4
2025-12-11_long_beach_st_portland,Long Beach St.,42,"Oliva Fernandez, Judit",True,25,1,4,0.25,0,1,0.0,0,0,,2,5,7,4,3,3,4,0,2
2025-12-11_long_beach_st_portland,Long Beach St.,10,"Reynoso, Christy",False,15,3,5,0.6,1,2,0.5,0,1,0.0,0,2,2,0,0,1,0,0,7
2025-12-11_long_beach_st_portland,Long Beach St.,3,"Samuel-afolabi, Tairat",False,5,1,1,1.0,0,0,,0,0,,0,0,0,0,1,1,0,0,2
2025-12-11_long_beach_st_portland,Long Beach St.,25,"Mack, Morgan",False,8,0,0,,0,0,,0,0,,0,0,0,1,3,1,0,0,0
2025-12-11_long_beach_st_portland,Long Beach St.,33,"Wright, Haley",False,8,0,1,0.0,0,0,,0,0,,0,0,0,3,0,2,0,1,0
2025-12-11_long_beach_st_portland,Long Beach St.,2,"Akot, Rosie",False,3,0,3,0.0,0,0,,0,0,,1,1,2,0,0,0,0,0,0
2025-12-11_long_beach_st_portland,Long Beach St.,00,"Cummings, Lauren",False,2,0,0,,0,0,,0,0,,0,1,1,1,0,0,0,0,0
2025-12-11_long_beach_st_portland,Long Beach St.,TM,TEAM,False,0,0,0,,0,0,,0,0,,2,3,5,0,0,1,0,0,0
2025-12-13_uc_irvine_california_baptist,California Baptist,13,"Olsen, Lauren",True,31,5,15,0.333,3,8,0.375,2,4,0.5,0,5,5,3,1,5,0,0,15
2025-12-13_uc_irvine_california_baptist,California Baptist,14,"Johansson, Emma",True,18,3,8,0.375,1,4,0.25,0,0,,2,5,7,2,1,2,0,1,7
2025-12-13_uc_irvine_california_baptist,California Baptist,5,"Barros, Filipa",True,22,0,3,0.0,0,2,0.0,5,6,0.833,1,2,3,1,1,2,0,1,5
2025-12-13_uc_irvine_california_baptist,California Baptist,10,"Bucher, Chance",True,17,1,5,0.2,1,4,0.25,2,3,0.667,0,2,2,2,0,0,0,2,5
2025-12-13_uc_irvine_california_baptist,California Baptist,24,"Lemon, Khloe",True,24,0,4,0.0,0,3,0.0,3,6,0.5,0,5,5,1,1,0,0,0,3
2025-12-13_uc_irvine_california_baptist,California Baptist,4,"Hess, Reyleigh",False,22,4,6,0.667,0,0,,4,5,0.8,0,5,5,3,1,4,0,0,12
2025-12-13_uc_irvine_california_baptist,California Baptist,3,"Nordstrom, Shawnee",False,20,4,7,0.571,0,3,0.0,0,0,,0,3,3,3,2,0,0,0,8
2025-12-13_uc_irvine_california_baptist,California Baptist,15,"Harmon, Aleyah",False,4,1,1,1.0,0,0,,0,0,,0,0,0,0,0,0,0,1,2
2025-12-13_uc_irvine_california_baptist,California Baptist,27,"Legaspi, Cece",False,21,0,3,0.0,0,2,0.0,0,0,,0,3,3,4,1,0,0,1,0
2025-12-13_uc_irvine_california_baptist,California Baptist,11,"Alonso, Sofia",False,18,0,5,0.0,0,1,0.0,0,0,,2,2,4,2,1,2,0,0,0
2025-12-13_uc_irvine_california_baptist,California Baptist,32,"de la Fuente de la Puente, Marta",False,3,0,0,,0,0,,0,0,,0,0,0,0,0,0,0,0,0
2025-12-13_uc_irvine_california_baptist,California Baptist,TM,TEAM,False,0,0,0,,0,0,,0,0,,3,2,5,0,0,0,0,0,0
2025-12-13_uc_irvine_california_baptist,UC Irvine,20,"Hernandez, Hunter",True,36,8,20,0.4,3,5,0.6,8,8,1.0,0,4,4,1,4,0,0,1,27
2025-12-13_uc_irvine_california_baptist,UC Irvine,23,"Wynn, Jada",True,33,3,11,0.273,2,7,0.286,4,5,0.8,1,10,11,2,4,4,0,1,12
2025-12-13_uc_irvine_california_baptist,UC Irvine,10,"Madsen, Lauryn",True,32,4,10,0.4,4,9,0.444,0,0,,1,2,3,1,2,0,0,2,12
2025-12-13_uc_irvine_california_baptist,UC Irvine,14,"Hanson, Summah",True,19,3,8,0.375,0,1,0.0,1,2,0.5,3,2,5,4,0,0,1,1,7
2025-12-13_uc_irvine_california_baptist,UC Irvine,12,"Nahum, Shirel",True,23,1,4,0.25,0,1,0.0,4,4,1.0,0,3,3,3,3,0,0,0,6
2025-12-13_uc_irvine_california_baptist,UC Irvine,13,"Stores, Nohe'alani",False,17,3,4,0.75,0,0,,0,2,0.0,1,5,6,4,0,1,0,1,6
2025-12-13_uc_irvine_california_baptist,UC Irvine,24,"Zonzon-huyghe, Naomy",False,11,2,2,1.0,0,0,,1,2,0.5,0,4,4,3,0,1,0,0,5
2025-12-13_uc_irvine_california_baptist,UC Irvine,22,"Noa, Reese",False,7,1,1,1.0,0,0,,0,0,,0,1,1,0,0,0,0,0,2
2025-12-13_uc_irvine_california_baptist,UC Irvine,1,"Grant, Ameerah",False,14,0,2,0.0,0,1,0.0,0,0,,0,0,0,2,1,1,0,0,0
2025-12-13_uc_irvine_california_baptist,UC Irvine,2,"Hernandez, Haley",False,5,0,1,0.0,0,0,,0,0,,0,0,0,0,0,0,0,0,0
2025-12-13_uc_irvine_california_baptist,UC Irvine,21,"Baltzi, Despoina",False,3,0,0,,0,0,,0,0,,0,0,0,1,0,0,0,0,0
2025-12-13_uc_irvine_california_baptist,UC Irvine,TM,TEAM,False,0,0,0,,0,0,,0,0,,1,2,3,0,0,0,0,0,0
2025-12-13_utah_tech_uc_santa_barbara,UC Santa Barbara,23,"Shaw, Zoe",True,34,4,12,0.333,3,7,0.429,2,2,1.0,0,3,3,1,0,0,0,2,13
2025-12-13_utah_tech_uc_santa_barbara,UC Santa Barbara,02,"Borter, Zoe",True,29,4,17,0.235,2,7,0.286,3,3,1.0,4,2,6,2,1,1,0,0,13
2025-12-13_utah_tech_uc_santa_barbara,UC Santa Barbara,05,"Bradley, Olivia",True,28,4,8,0.5,0,2,0.0,3,4,0.75,3,3,6,2,4,2,3,0,11
2025-12-13_utah_tech_uc_santa_barbara,UC Santa Barbara,12,"Naro, Maddie",True,30,2,9,0.222,1,5,0.2,1,2,0.5,2,4,6,0,4,3,0,1,6
2025-12-13_utah_tech_uc_santa_barbara,UC Santa Barbara,55,"Burke, Skylar",True,27,2,3,0.667,0,1,0.0,1,3,0.333,1,3,4,2,2,2,0,1,5
2025-12-13_utah_tech_uc_santa_barbara,UC Santa Barbara,32,"Grant, Jessica",False,28,6,12,0.5,4,10,0.4,0,0,,0,1,1,3,0,1,0,0,16
2025-12-13_utah_tech_uc_santa_barbara,UC Santa Barbara,04,"Puente-Valverde, Júlia",False,15,1,3,0.333,0,1,0.0,0,0,,2,4,6,1,2,0,0,0,2
2025-12-13_utah_tech_uc_santa_barbara,UC Santa Barbara,15,"Andersen, Chauncey",False,9,1,4,0.25,0,2,0.0,0,0,,1,3,4,1,1,1,0,1,2
2025-12-13_utah_tech_uc_santa_barbara,UC Santa Barbara,TM,TEAM,False,0,0,0,,0,0,,0,0,,3,1,4,0,0,0,0,0,0
2025-12-13_utah_tech_uc_santa_barbara,Utah Tech,04,"Crittendon, Brie",True,34,7,14,0.5,2,7,0.286,1,1,1.0,0,9,9,2,0,0,0,1,17
2025-12-13_utah_tech_uc_santa_barbara,Utah Tech,11,"Cofer, Paige",True,30,5,7,0.714,0,0,,3,3,1.0,3,4,7,4,1,1,0,1,13
2025-12-13_utah_tech_uc_santa_barbara,Utah Tech,01,"Warren, Maddie",True,25,3,10,0.3,3,8,0.375,0,0,,1,4,5,2,3,2,1,1,9
2025-12-13_utah_tech_uc_santa_barbara,Utah Tech,21,"Borden, Kaylee",True,37,2,7,0.286,2,3,0.667,2,2,1.0,0,2,2,2,4,1,0,0,8
2025-12-13_utah_tech_uc_santa_barbara,Utah Tech,05,"Hartley, Chardonnay",True,33,1,6,0.167,0,2,0.0,4,4,1.0,0,2,2,1,7,2,0,0,6
2025-12-13_utah_tech_uc_santa_barbara,Utah Tech,22,"Boisnel, Rose",False,19,4,6,0.667,1,3,0.333,1,2,0.5,1,4,5,5,0,3,1,0,10
2025-12-13_utah_tech_uc_santa_barbara,Utah Tech,20,"Mili, Merceius",False,7,1,2,0.5,0,1,0.0,0,0,,0,0,0,0,0,2,0,1,2
2025-12-13_utah_tech_uc_santa_barbara,Utah Tech,24,"Crocker, Lauren",False,8,0,1,0.0,0,1,0.0,0,0,,0,1,1,0,0,0,0,0,0
2025-12-13_utah_tech_uc_santa_barbara,Utah Tech,03,"Dallas, Calyn",False,6,0,2,0.0,0,2,0.0,0,0,,0,1,1,0,0,0,0,1,0
2025-12-13_utah_tech_uc_santa_barbara,Utah Tech,10,"Colic, Andjela",False,1,0,0,,0,0,,0,0,,0,0,0,0,0,0,0,0,0
2025-12-13_utah_tech_uc_santa_barbara,Utah Tech,TM,TEAM,False,0,0,0,,0,0,,0,0,,3,1,4,0,0,3,0,0,0
2025-12-13_cal_poly_idaho_st,Idaho St.,14,"Carlson, Piper",True,26,5,9,0.556,0,1,0.0,2,5,0.4,2,4,6,3,0,2,0,1,12
2025-12-13_cal_poly_idaho_st,Idaho St.,2,"Caldwell, Aspen",True,32,4,5,0.8,2,2,1.0,0,0,,0,3,3,0,3,2,0,3,10
2025-12-13_cal_poly_idaho_st,Idaho St.,1,"Spink, Kacey",True,31,3,6,0.5,0,2,0.0,0,0,,3,5,8,4,6,2,0,1,6
2025-12-13_cal_poly_idaho_st,Idaho St.,4,"Aby, Alyse",True,29,2,8,0.25,1,4,0.25,0,0,,0,2,2,4,0,4,0,3,5
2025-12-13_cal_poly_idaho_st,Idaho St.,5,"Jordan, Tasia",True,29,2,9,0.222,0,0,,0,0,,1,2,3,1,2,0,0,2,4
2025-12-13_cal_poly_idaho_st,Idaho St.,13,"Wolfram, Asa",False,12,1,2,0.5,0,0,,6,6,1.0,4,1,5,1,0,2,0,0,8
2025-12-13_cal_poly_idaho_st,Idaho St.,18,"Gauffrenet, Maeva",False,23,2,6,0.333,2,6,0.333,1,2,0.5,0,1,1,3,0,3,0,0,7
2025-12-13_cal_poly_idaho_st,Idaho St.,12,"Marenchin, Mackenzie",False,5,2,4,0.5,2,3,0.667,0,0,,1,0,1,0,0,0,0,1,6
2025-12-13_cal_poly_idaho_st,Idaho St.,24,"Wright, Halle",False,9,1,3,0.333,0,1,0.0,2,3,0.667,2,2,4,0,0,1,1,0,4
2025-12-13_cal_poly_idaho_st,Idaho St.,3,"Collman, Camryn",False,4,0,0,,0,0,,0,0,,0,0,0,0,1,0,0,0,0
2025-12-13_cal_poly_idaho_st,Idaho St.,TM,TEAM,False,0,0,0,,0,0,,0,0,,0,1,1,0,0,0,0,0,0
2025-12-13_cal_poly_idaho_st,Cal Poly,32,"Thompson, Charish",True,38,7,8,0.875,3,3,1.0,2,3,0.667,1,5,6,1,2,5,0,0,19
2025-12-13_cal_poly_idaho_st,Cal Poly,00,"McManus, Vanessa",True,35,3,10,0.3,1,3,0.333,7,8,0.875,1,1,2,1,2,5,0,2,14
2025-12-13_cal_poly_idaho_st,Cal Poly,9,"Perez, Nora",True,32,4,8,0.5,0,1,0.0,1,3,0.333,2,8,10,2,1,2,3,1,9
2025-12-13_cal_poly_idaho_st,Cal Poly,24,"Butcher, Madison",True,22,2,3,0.667,1,2,0.5,0,0,,0,0,0,0,1,2,0,0,5
2025-12-13_cal_poly_idaho_st,Cal Poly,22,"Goosby, Alana",True,32,1,3,0.333,0,0,,0,0,,0,3,3,1,3,3,0,0,2
2025-12-13_cal_poly_idaho_st,Cal Poly,5,"Robinson, Gabby",False,24,0,4,0.0,0,0,,0,0,,0,0,0,2,0,3,0,1,0
2025-12-13_cal_poly_idaho_st,Cal Poly,7,"Billing, Jordan",False,10,0,3,0.0,0,2,0.0,0,0,,0,1,1,1,0,0,0,1,0
2025-12-13_cal_poly_idaho_st,Cal Poly,11,"Knapp, Avery",False,3,0,0,,0,0,,0,0,,0,0,0,2,0,1,0,0,0
2025-12-13_cal_poly_idaho_st,Cal Poly,14,"Bears, Gillian",False,2,0,0,,0,0,,0,0,,1,0,1,1,0,0,0,0,0
2025-12-13_cal_poly_idaho_st,Cal Poly,55,"Franklin, Vivian",False,2,0,1,0.0,0,1,0.0,0,0,,0,0,0,0,0,0,0,0,0
2025-12-13_cal_poly_idaho_st,Cal Poly,TM,TEAM,False,0,0,0,,0,0,,0,0,,0,3,3,0,0,1,0,0,0
2025-12-13_csun_san_jose_st,San Jose St.,15,"Anderson, Maya",True,37,4,15,0.267,3,8,0.375,2,4,0.5,1,5,6,1,1,4,0,1,13
2025-12-13_csun_san_jose_st,San Jose St.,3,"Alexander, Mecca",True,10,2,2,1.0,1,1,1.0,1,2,0.5,0,1,1,0,0,0,0,0,6
2025-12-13_csun_san_jose_st,San Jose St.,1,"Cummins, Allie",True,37,1,8,0.125,1,5,0.2,0,0,,0,3,3,4,3,2,0,0,3
2025-12-13_csun_san_jose_st,San Jose St.,11,"Fuster, Carla",True,16,1,1,1.0,1,1,1.0,0,0,,0,1,1,1,0,3,0,0,3
2025-12-13_csun_san_jose_st,San Jose St.,32,"Pato, Gabriela",True,11,0,3,0.0,0,1,0.0,0,0,,0,2,2,1,0,1,0,0,0
2025-12-13_csun_san_jose_st,San Jose St.,23,"Sgro, Stella",False,26,3,8,0.375,3,7,0.429,0,0,,0,2,2,3,1,2,0,0,9
2025-12-13_csun_san_jose_st,San Jose St.,22,"Dillard, Kaliyah",False,20,3,8,0.375,0,1,0.0,1,2,0.5,3,5,8,3,1,1,1,0,7
2025-12-13_csun_san_jose_st,San Jose St.,00,"Anderson, Katarina",False,23,2,8,0.25,0,1,0.0,1,2,0.5,0,3,3,3,4,1,0,0,5
2025-12-13_csun_san_jose_st,San Jose St.,5,"Mehmedovic, Harisa",False,9,1,2,0.5,0,0,,2,2,1.0,0,1,1,4,0,3,0,0,4
2025-12-13_csun_san_jose_st,San Jose St.,8,"Brown, Amira",False,8,1,5,0.2,1,2,0.5,0,0,,1,1,2,0,1,1,0,2,3
2025-12-13_csun_san_jose_st,San Jose St.,10,"Sitterud, Amelie",False,3,1,1,1.0,0,0,,0,0,,0,0,0,2,0,1,0,0,2
2025-12-13_csun_san_jose_st,San Jose St.,TM,TEAM,False,0,0,0,,0,0,,0,0,,3,5,8,0,0,0,0,0,0
2025-12-13_csun_san_jose_st,CSUN,33,"Nazário, Rita",True,32,6,10,0.6,5,8,0.625,3,4,0.75,0,3,3,1,0,1,0,1,20
2025-12-13_csun_san_jose_st,CSUN,3,"Tumlin, Kelly",True,30,2,9,0.222,2,9,0.222,2,2,1.0,0,8,8,0,2,4,0,0,8
2025-12-13_csun_san_jose_st,CSUN,34,"Bernard, Nadia",True,19,2,5,0.4,0,0,,4,6,0.667,1,6,7,2,1,0,0,0,8
2025-12-13_csun_san_jose_st,CSUN,22,"Dahlin, Laini",True,26,2,10,0.2,2,8,0.25,0,0,,2,3,5,2,0,1,0,1,6
2025-12-13_csun_san_jose_st,CSUN,24,"Cos-morales, Mariona",True,17,1,4,0.25,0,1,0.0,0,2,0.0,1,2,3,0,2,1,0,2,2
2025-12-13_csun_san_jose_st,CSUN,2,"White, Saray",False,25,2,4,0.5,2,3,0.667,3,4,0.75,2,3,5,3,1,2,1,1,9
2025-12-13_csun_san_jose_st,CSUN,4,"Edwards, Morgan",False,18,3,9,0.333,1,6,0.167,1,2,0.5,1,2,3,2,1,1,0,1,8
2025-12-13_csun_san_jose_st,CSUN,00,"Gbemuotor, Jite",False,13,2,4,0.5,1,1,1.0,0,0,,3,2,5,5,1,1,1,2,5
2025-12-13_csun_san_jose_st,CSUN,1,"Moody, Amya",False,9,0,2,0.0,0,0,,0,0,,0,0,0,1,3,4,0,0,0
2025-12-13_csun_san_jose_st,CSUN,23,"Contreras, Maya",False,6,0,1,0.0,0,0,,0,0,,0,3,3,0,1,1,3,0,0
2025-12-13_csun_san_jose_st,CSUN,10,"Lizama, Alondra",False,5,0,1,0.0,0,0,,0,0,,0,0,0,3,2,1,0,2,0
2025-12-13_csun_san_jose_st,CSUN,TM,TEAM,False,0,0,0,,0,0,,0,0,,1,3,4,0,0,2,0,0,0
2025-12-13_cal_st_fullerton_portland_st,Portland St.,12,"Brown, Kyleigh",True,17,3,6,0.5,2,3,0.667,4,4,1.0,0,2,2,4,0,6,0,2,12
2025-12-13_cal_st_fullerton_portland_st,Portland St.,11,"Torres-Kahapea, Laynee",True,29,4,11,0.364,0,5,0.0,1,1,1.0,2,1,3,3,1,4,0,0,9
2025-12-13_cal_st_fullerton_portland_st,Portland St.,23,"Moffat, Taylor",True,29,2,10,0.2,2,6,0.333,1,4,0.25,2,0,2,1,2,3,1,0,7
2025-12-13_cal_st_fullerton_portland_st,Portland St.,05,"Yoakum, Ajae",True,33,2,5,0.4,0,0,,2,2,1.0,2,3,5,1,2,2,2,0,6
2025-12-13_cal_st_fullerton_portland_st,Portland St.,25,"Ellington, Cici",True,28,2,7,0.286,0,2,0.0,0,0,,2,1,3,3,2,3,0,2,4
2025-12-13_cal_st_fullerton_portland_st,Portland St.,09,"Chicken, Hannah",False,25,4,7,0.571,1,1,1.0,6,7,0.857,4,6,10,3,1,4,1,3,15
2025-12-13_cal_st_fullerton_portland_st,Portland St.,04,"Buzzard, Sophie",False,28,2,6,0.333,1,4,0.25,5,5,1.0,3,1,4,2,1,2,0,0,10
2025-12-13_cal_st_fullerton_portland_st,Portland St.,10,"Munk, Kirstine",False,5,1,2,0.5,0,1,0.0,0,0,,0,1,1,1,0,0,0,0,2
2025-12-13_cal_st_fullerton_portland_st,Portland St.,02,"Carter, Jamia",False,6,0,3,0.0,0,2,0.0,1,2,0.5,0,0,0,3,0,0,0,0,1
2025-12-13_cal_st_fullerton_portland_st,Portland St.,TM,TEAM,False,0,0,0,,0,0,,0,0,,5,0,5,0,0,2,0,0,0
2025-12-13_cal_st_fullerton_portland_st,Cal St. Fullerton,10,"Swindle, Dylan",True,33,4,8,0.5,0,1,0.0,7,8,0.875,1,0,1,2,2,2,0,0,15
2025-12-13_cal_st_fullerton_portland_st,Cal St. Fullerton,03,"Tauro, Maddy",True,9,7,9,0.778,0,0,,0,0,,0,0,0,3,0,1,0,2,14
2025-12-13_cal_st_fullerton_portland_st,Cal St. Fullerton,33,"Pearson, Kya",True,24,4,6,0.667,1,1,1.0,4,4,1.0,1,3,4,2,3,2,2,2,13
2025-12-13_cal_st_fullerton_portland_st,Cal St. Fullerton,00,"Steiner, Nicole",True,30,3,6,0.5,0,0,,3,3,1.0,3,6,9,3,0,5,0,1,9
2025-12-13_cal_st_fullerton_portland_st,Cal St. Fullerton,55,"Jones, Cristina",True,24,4,6,0.667,0,0,,0,0,,2,1,3,3,1,3,0,1,8
2025-12-13_cal_st_fullerton_portland_st,Cal St. Fullerton,04,"Falsdottir, Jana",False,27,5,9,0.556,2,3,0.667,1,1,1.0,0,2,2,2,3,0,0,5,13
2025-12-13_cal_st_fullerton_portland_st,Cal St. Fullerton,23,"Maxwell, Talia",False,12,2,6,0.333,0,0,,0,0,,2,1,3,1,1,0,0,1,4
2025-12-13_cal_st_fullerton_portland_st,Cal St. Fullerton,22,"Muniz, Madelynn",False,21,1,5,0.2,0,2,0.0,0,0,,2,1,3,3,0,1,0,0,2
2025-12-13_cal_st_fullerton_portland_st,Cal St. Fullerton,05,"Sutisna, Maxine",False,6,1,2,0.5,0,0,,0,0,,1,0,1,3,0,2,0,0,2
2025-12-13_cal_st_fullerton_portland_st,Cal St. Fullerton,01,"Moon, Mimi",False,10,0,5,0.0,0,2,0.0,1,2,0.5,0,0,0,1,0,0,0,0,1
2025-12-13_cal_st_fullerton_portland_st,Cal St. Fullerton,24,"Orhan, Basak",False,4,0,0,,0,0,,0,0,,0,0,0,0,0,0,0,0,0
2025-12-13_cal_st_fullerton_portland_st,Cal St. Fullerton,TM,TEAM,False,0,0,0,,0,0,,0,0,,3,3,6,0,0,3,0,0,0
2025-12-13_seattle_u_csu_bakersfield,CSU Bakersfield,13,"Hawkins, Morgan",True,31,5,9,0.556,1,2,0.5,2,2,1.0,1,1,2,4,1,2,0,0,13
2025-12-13_seattle_u_csu_bakersfield,CSU Bakersfield,02,"Carter, Aliyah",True,35,3,7,0.429,0,0,,4,4,1.0,2,4,6,2,5,1,0,1,10
2025-12-13_seattle_u_csu_bakersfield,CSU Bakersfield,11,"Dias, Maria",True,18,4,9,0.444,1,4,0.25,1,2,0.5,0,2,2,2,1,2,0,2,10
2025-12-13_seattle_u_csu_bakersfield,CSU Bakersfield,24,"Ikidi, Tena",True,30,4,9,0.444,0,0,,1,4,0.25,7,7,14,2,2,6,1,2,9
2025-12-13_seattle_u_csu_bakersfield,CSU Bakersfield,08,"Langi, Marley",True,17,1,7,0.143,1,5,0.2,0,0,,1,1,2,4,0,3,0,0,3
2025-12-13_seattle_u_csu_bakersfield,CSU Bakersfield,12,"Coleman , Chrishawn",False,29,8,13,0.615,3,4,0.75,2,3,0.667,1,5,6,4,0,3,1,2,21
2025-12-13_seattle_u_csu_bakersfield,CSU Bakersfield,22,"Kincade, Dae’Jaidence",False,15,0,0,,0,0,,2,2,1.0,1,2,3,1,0,0,0,1,2
2025-12-13_seattle_u_csu_bakersfield,CSU Bakersfield,01,"Finley, Zalissa",False,11,1,4,0.25,0,3,0.0,0,0,,1,1,2,1,0,0,0,0,2
2025-12-13_seattle_u_csu_bakersfield,CSU Bakersfield,21,"Sutherland, Tianna",False,5,0,1,0.0,0,0,,1,2,0.5,0,1,1,0,0,0,0,0,1
2025-12-13_seattle_u_csu_bakersfield,CSU Bakersfield,55,"Puletasi, Adrienne",False,2,0,0,,0,0,,1,2,0.5,0,0,0,0,0,0,0,0,1
2025-12-13_seattle_u_csu_bakersfield,CSU Bakersfield,07,"Gallatly, Jaime",False,3,0,0,,0,0,,0,0,,1,0,1,0,0,0,0,0,0
2025-12-13_seattle_u_csu_bakersfield,CSU Bakersfield,04,"Powell, Ophelia",False,2,0,0,,0,0,,0,0,,0,0,0,0,0,0,0,0,0
2025-12-13_seattle_u_csu_bakersfield,CSU Bakersfield,30,"Dioli, Alli",False,2,0,2,0.0,0,2,0.0,0,0,,0,0,0,0,0,0,0,0,0
2025-12-13_seattle_u_csu_bakersfield,CSU Bakersfield,TM,TEAM,False,0,0,0,,0,0,,0,0,,1,0,1,0,0,2,0,0,0
2025-12-13_seattle_u_csu_bakersfield,Seattle U,14,"Stricklin, Tamia",True,32,6,13,0.462,0,3,0.0,4,4,1.0,2,3,5,1,0,3,0,0,16
2025-12-13_seattle_u_csu_bakersfield,Seattle U,03,"Brubaker, Ella",True,29,6,13,0.462,0,3,0.0,2,2,1.0,2,2,4,3,1,4,0,1,14
2025-12-13_seattle_u_csu_bakersfield,Seattle U,24,"Rodriguez, Sydnie",True,19,1,6,0.167,1,3,0.333,1,2,0.5,2,4,6,3,0,2,0,1,4
2025-12-13_seattle_u_csu_bakersfield,Seattle U,05,"Mogel, Dylan",True,26,0,3,0.0,0,1,0.0,0,0,,0,2,2,2,2,5,1,1,0
2025-12-13_seattle_u_csu_bakersfield,Seattle U,06,"Bigovic, Andjela",True,12,0,5,0.0,0,3,0.0,0,0,,2,1,3,1,0,0,0,0,0
2025-12-13_seattle_u_csu_bakersfield,Seattle U,07,"Milkovic, Lucija",False,18,4,6,0.667,1,1,1.0,0,0,,1,1,2,1,2,2,0,0,9
2025-12-13_seattle_u_csu_bakersfield,Seattle U,08,"Emanga, Chloe",False,18,2,2,1.0,0,0,,0,0,,1,3,4,2,0,2,1,1,4
2025-12-13_seattle_u_csu_bakersfield,Seattle U,09,"Vesic, Jana",False,23,1,5,0.2,0,2,0.0,0,0,,1,1,2,2,2,4,0,0,2
2025-12-13_seattle_u_csu_bakersfield,Seattle U,04,"Proctor, Fia",False,10,1,1,1.0,0,0,,0,0,,0,1,1,3,0,1,0,0,2
2025-12-13_seattle_u_csu_bakersfield,Seattle U,22,"Larson, Lucy",False,9,0,1,0.0,0,1,0.0,0,0,,0,2,2,1,0,0,0,0,0
2025-12-13_seattle_u_csu_bakersfield,Seattle U,21,"Ibarra, Aaliyah",False,4,0,2,0.0,0,1,0.0,0,0,,0,1,1,2,0,0,0,0,0
2025-12-13_seattle_u_csu_bakersfield,Seattle U,TM,TEAM,False,0,0,0,,0,0,,0,0,,0,0,0,0,0,0,0,0,0
2025-12-14_uc_davis_chico_st,Chico St.,30,"Aragon, Meadow",True,25,6,17,0.353,1,1,1.0,0,2,0.0,2,1,3,1,2,0,0,0,13
2025-12-14_uc_davis_chico_st,Chico St.,12,"Reid, Kamil",True,22,2,7,0.286,0,1,0.0,2,3,0.667,1,5,6,0,3,0,0,1,6
2025-12-14_uc_davis_chico_st,Chico St.,23,"Ortiz, Nseije",True,22,1,2,0.5,1,2,0.5,0,0,,0,2,2,1,2,3,0,1,3
2025-12-14_uc_davis_chico_st,Chico St.,24,"Parry, Madison",True,25,1,9,0.111,0,2,0.0,0,0,,0,6,6,1,1,1,1,0,2
2025-12-14_uc_davis_chico_st,Chico St.,10,"Creswell, Jiana",True,17,0,3,0.0,0,0,,0,0,,0,2,2,0,1,0,1,1,0
2025-12-14_uc_davis_chico_st,Chico St.,33,"Edge, Kaylie",False,21,3,9,0.333,3,6,0.5,1,2,0.5,1,0,1,3,0,0,0,1,10
2025-12-14_uc_davis_chico_st,Chico St.,04,"Peterson, Sydney",False,18,2,7,0.286,0,1,0.0,0,0,,0,1,1,0,0,2,0,0,4
2025-12-14_uc_davis_chico_st,Chico St.,11,"Gonzalez, Ivy",False,18,1,7,0.143,1,2,0.5,0,0,,3,5,8,1,4,2,1,0,3
2025-12-14_uc_davis_chico_st,Chico St.,03,"Florvilus, Laila",False,16,0,3,0.0,0,0,,1,2,0.5,1,2,3,0,0,0,0,0,1
2025-12-14_uc_davis_chico_st,Chico St.,20,"Slaughter, Sadie",False,8,0,4,0.0,0,0,,0,0,,0,1,1,0,0,1,0,0,0
2025-12-14_uc_davis_chico_st,Chico St.,40,"Harter, Torrence",False,8,0,3,0.0,0,0,,0,2,0.0,2,3,5,1,0,0,0,0,0
2025-12-14_uc_davis_chico_st,Chico St.,TM,TEAM,False,0,0,0,,0,0,,0,0,,1,4,5,0,0,0,0,0,0
2025-12-14_uc_davis_chico_st,UC Davis,10,"Young, Tegan",True,25,5,8,0.625,3,6,0.5,0,1,0.0,2,5,7,3,0,2,0,1,13
2025-12-14_uc_davis_chico_st,UC Davis,02,"Bennett, Ryann",True,29,4,9,0.444,4,9,0.444,0,0,,0,4,4,0,4,5,0,0,12
2025-12-14_uc_davis_chico_st,UC Davis,25,"Norris, Megan",True,26,4,4,1.0,2,2,1.0,0,0,,0,13,13,2,3,1,3,0,10
2025-12-14_uc_davis_chico_st,UC Davis,09,"Sussex, Avery",True,25,4,9,0.444,2,7,0.286,0,0,,0,12,12,0,6,1,0,0,10
2025-12-14_uc_davis_chico_st,UC Davis,04,"Epps, Nya",True,28,4,13,0.308,0,6,0.0,1,2,0.5,0,0,0,4,0,0,0,0,9
2025-12-14_uc_davis_chico_st,UC Davis,23,"Baker, Victoria",False,15,3,7,0.429,1,5,0.2,0,0,,0,4,4,3,1,0,0,1,7
2025-12-14_uc_davis_chico_st,UC Davis,11,"Ersdala, Emmy",False,13,2,4,0.5,1,2,0.5,2,2,1.0,1,3,4,0,0,0,0,0,7
2025-12-14_uc_davis_chico_st,UC Davis,15,"Lentfer, Sophie",False,13,1,2,0.5,0,0,,2,3,0.667,2,0,2,0,1,0,0,2,4
2025-12-14_uc_davis_chico_st,UC Davis,01,"Davis, Carrington",False,12,1,6,0.167,0,0,,0,0,,0,1,1,0,1,1,0,3,2
2025-12-14_uc_davis_chico_st,UC Davis,21,"Tsami, Theoni",False,14,0,3,0.0,0,2,0.0,0,0,,1,4,5,1,1,1,0,0,0
2025-12-14_uc_davis_chico_st,UC Davis,TM,TEAM,False,0,0,0,,0,0,,0,0,,1,2,3,0,0,0,0,0,0
2025-12-14_san_diego_uc_riverside,UC Riverside,7,"Wickstrom, Hannah",True,35,6,20,0.3,1,8,0.125,4,4,1.0,2,4,6,1,2,4,0,3,17
2025-12-14_san_diego_uc_riverside,UC Riverside,2,"Hackley, Seneca",True,30,3,10,0.3,2,4,0.5,2,2,1.0,1,1,2,1,2,0,0,1,10
2025-12-14_san_diego_uc_riverside,UC Riverside,1,"Polk, Kaylani",True,27,2,7,0.286,2,5,0.4,0,0,,1,1,2,4,2,0,0,1,6
2025-12-14_san_diego_uc_riverside,UC Riverside,9,"Chocano, Maya",True,23,1,4,0.25,1,2,0.5,3,3,1.0,0,4,4,1,0,0,0,0,6
2025-12-14_san_diego_uc_riverside,UC Riverside,41,"Shine, Bria",True,30,1,10,0.1,0,6,0.0,1,2,0.5,3,1,4,2,2,0,0,1,3
2025-12-14_san_diego_uc_riverside,UC Riverside,22,"Swanson, Taylor",False,17,3,6,0.5,1,2,0.5,2,2,1.0,0,4,4,3,0,1,1,0,9
2025-12-14_san_diego_uc_riverside,UC Riverside,10,"Minshall, Makayla",False,15,2,4,0.5,1,3,0.333,0,0,,3,0,3,2,0,1,0,0,5
2025-12-14_san_diego_uc_riverside,UC Riverside,23,"Mejia, Maria",False,13,0,0,,0,0,,0,0,,1,2,3,0,5,1,0,0,0
2025-12-14_san_diego_uc_riverside,UC Riverside,30,"Sylla, Dieynaba",False,10,0,0,,0,0,,0,0,,0,0,0,1,0,1,1,0,0
2025-12-14_san_diego_uc_riverside,UC Riverside,TM,TEAM,False,0,0,0,,0,0,,0,0,,2,0,2,0,0,0,0,0,0
2025-12-14_san_diego_uc_riverside,San Diego,6,"Ray, Kylie",True,34,5,15,0.333,3,6,0.5,5,6,0.833,0,9,9,3,3,0,2,0,18
2025-12-14_san_diego_uc_riverside,San Diego,20,"Rhodes, Hallie",True,34,4,10,0.4,0,2,0.0,1,1,1.0,2,2,4,2,5,4,3,3,9
2025-12-14_san_diego_uc_riverside,San Diego,22,"Williams, Ayla",True,18,4,6,0.667,0,0,,1,2,0.5,2,2,4,3,0,2,1,1,9
2025-12-14_san_diego_uc_riverside,San Diego,24,"Owens, Olivia",True,29,3,10,0.3,2,3,0.667,0,0,,1,8,9,3,3,1,1,0,8
2025-12-14_san_diego_uc_riverside,San Diego,3,"Amor, Lilly",True,23,1,2,0.5,1,2,0.5,0,0,,0,2,2,0,2,1,0,0,3
2025-12-14_san_diego_uc_riverside,San Diego,15,"Ruse, Eva",False,22,3,4,0.75,0,0,,1,2,0.5,2,4,6,1,0,3,1,0,7
2025-12-14_san_diego_uc_riverside,San Diego,19,"Rhodes, Jayden",False,23,1,1,1.0,1,1,1.0,2,2,1.0,1,0,1,3,0,0,0,0,5
2025-12-14_san_diego_uc_riverside,San Diego,10,"Holley, Helen",False,11,1,3,0.333,0,0,,0,0,,2,2,4,3,1,1,1,0,2
2025-12-14_san_diego_uc_riverside,San Diego,1,"Moore, Dresha",False,6,1,1,1.0,0,0,,0,0,,0,0,0,0,1,0,1,0,2
2025-12-14_san_diego_uc_riverside,San Diego,TM,TEAM,False,0,0,0,,0,0,,0,0,,3,0,3,0,0,1,0,0,0
2025-12-15_california_baptist_uc_san_diego,UC San Diego,11,"Condron, Erin",True,36,7,12,0.583,0,1,0.0,1,3,0.333,4,9,13,1,2,3,0,2,15
2025-12-15_california_baptist_uc_san_diego,UC San Diego,15,"Ma, Sabrina",True,32,4,10,0.4,4,10,0.4,2,2,1.0,0,5,5,3,1,1,0,2,14
2025-12-15_california_baptist_uc_san_diego,UC San Diego,12,"Smith, Rosa",True,29,5,12,0.417,2,5,0.4,0,0,,0,1,1,4,2,4,0,1,12
2025-12-15_california_baptist_uc_san_diego,UC San Diego,04,"Rose, Makayla",True,40,4,7,0.571,0,0,,2,4,0.5,4,4,8,1,3,2,1,4,10
2025-12-15_california_baptist_uc_san_diego,UC San Diego,10,"Maxie, Dymonique",True,38,1,8,0.125,0,0,,5,7,0.714,0,1,1,2,5,3,2,2,7
2025-12-15_california_baptist_uc_san_diego,UC San Diego,25,"Mahan, Junaé",False,15,2,7,0.286,1,1,1.0,0,0,,2,2,4,2,0,0,0,0,5
2025-12-15_california_baptist_uc_san_diego,UC San Diego,21,"Polocheck, Nicki",False,6,1,4,0.25,0,3,0.0,0,0,,0,0,0,1,0,0,0,1,2
2025-12-15_california_baptist_uc_san_diego,UC San Diego,30,"Sule, Damilola",False,4,1,3,0.333,0,0,,0,0,,0,2,2,1,0,0,0,0,2
2025-12-15_california_baptist_uc_san_diego,UC San Diego,TM,TEAM,False,0,0,0,,0,0,,0,0,,2,1,3,0,0,1,0,0,0
2025-12-15_california_baptist_uc_san_diego,California Baptist,05,"Barros, Filipa",True,29,3,10,0.3,0,3,0.0,5,5,1.0,3,3,6,2,1,4,0,2,11
2025-12-15_california_baptist_uc_san_diego,California Baptist,14,"Johansson, Emma",True,24,5,8,0.625,0,2,0.0,0,0,,2,5,7,4,2,2,3,1,10
2025-12-15_california_baptist_uc_san_diego,California Baptist,24,"Lemon, Khloe",True,25,2,8,0.25,1,7,0.143,3,5,0.6,1,2,3,1,1,2,0,1,8
2025-12-15_california_baptist_uc_san_diego,California Baptist,10,"Bucher, Chance",True,11,2,3,0.667,1,2,0.5,0,0,,0,2,2,1,0,4,0,1,5
2025-12-15_california_baptist_uc_san_diego,California Baptist,27,"Legaspi, CeCe",True,22,1,4,0.25,0,2,0.0,0,0,,1,5,6,1,0,1,1,2,2
2025-12-15_california_baptist_uc_san_diego,California Baptist,13,"Olsen, Lauren",False,28,4,9,0.444,0,1,0.0,1,3,0.333,0,0,0,1,1,1,0,0,9
2025-12-15_california_baptist_uc_san_diego,California Baptist,03,"Nordstrom, Shawnee",False,18,3,7,0.429,0,3,0.0,0,0,,1,2,3,2,0,1,0,1,6
2025-12-15_california_baptist_uc_san_diego,California Baptist,33,"Schmidt, Grace",False,16,2,4,0.5,0,0,,1,2,0.5,1,3,4,3,0,4,0,0,5
2025-12-15_california_baptist_uc_san_diego,California Baptist,04,"Hess, Reyleigh",False,21,1,2,0.5,1,2,0.5,0,0,,1,2,3,3,1,0,0,1,3
2025-12-15_california_baptist_uc_san_diego,California Baptist,11,"Alonso, Sofia",False,6,0,4,0.0,0,3,0.0,0,0,,0,1,1,0,0,0,0,0,0
2025-12-15_california_baptist_uc_san_diego,California Baptist,TM,TEAM,False,0,0,0,,0,0,,0,0,,3,3,6,0,0,0,0,0,0
2025-12-16_new_mexico_st_uc_irvine,UC Irvine,23,"Wynn, Jada",True,27,6,9,0.667,3,5,0.6,2,2,1.0,0,2,2,3,0,4,1,2,17
2025-12-16_new_mexico_st_uc_irvine,UC Irvine,10,"Madsen, Lauryn",True,31,5,9,0.556,5,8,0.625,0,0,,1,0,1,0,2,0,0,1,15
2025-12-16_new_mexico_st_uc_irvine,UC Irvine,20,"Hernandez, Hunter",True,32,4,11,0.364,2,5,0.4,3,4,0.75,2,5,7,3,5,2,0,1,13
2025-12-16_new_mexico_st_uc_irvine,UC Irvine,12,"Nahum, Shirel",True,22,2,6,0.333,1,3,0.333,0,0,,0,1,1,3,3,4,0,2,5
2025-12-16_new_mexico_st_uc_irvine,UC Irvine,14,"Hanson, Summah",True,15,1,3,0.333,1,3,0.333,2,2,1.0,1,7,8,0,0,0,1,1,5
2025-12-16_new_mexico_st_uc_irvine,UC Irvine,1,"Grant, Ameerah",False,24,4,5,0.8,1,2,0.5,10,10,1.0,0,2,2,3,2,1,0,2,19
2025-12-16_new_mexico_st_uc_irvine,UC Irvine,13,"Stores, Nohe'alani",False,17,2,5,0.4,0,0,,5,6,0.833,1,3,4,3,1,3,0,0,9
2025-12-16_new_mexico_st_uc_irvine,UC Irvine,24,"Zonzon-huyghe, Naomy",False,20,0,4,0.0,0,1,0.0,0,0,,0,4,4,2,2,2,0,2,0
2025-12-16_new_mexico_st_uc_irvine,UC Irvine,2,"Hernandez, Haley",False,4,0,0,,0,0,,0,0,,0,2,2,0,0,0,0,0,0
2025-12-16_new_mexico_st_uc_irvine,UC Irvine,21,"Baltzi, Despoina",False,4,0,0,,0,0,,0,0,,0,0,0,0,0,1,0,0,0
2025-12-16_new_mexico_st_uc_irvine,UC Irvine,22,"Noa, Reese",False,4,0,0,,0,0,,0,0,,0,0,0,0,0,1,0,0,0
2025-12-16_new_mexico_st_uc_irvine,UC Irvine,TM,TEAM,False,0,0,0,,0,0,,0,0,,1,1,2,0,0,1,0,0,0
2025-12-16_new_mexico_st_uc_irvine,New Mexico St.,24,"Yenes, Lucia",True,34,9,17,0.529,1,2,0.5,3,4,0.75,1,6,7,2,3,7,0,1,22
2025-12-16_new_mexico_st_uc_irvine,New Mexico St.,1,"Warren, Imani",True,32,5,11,0.455,0,2,0.0,4,7,0.571,0,5,5,3,3,2,1,3,14
2025-12-16_new_mexico_st_uc_irvine,New Mexico St.,30,"Csenyi, Anna",True,35,4,10,0.4,4,7,0.571,0,0,,1,0,1,2,1,0,0,2,12
2025-12-16_new_mexico_st_uc_irvine,New Mexico St.,5,"Dossou, Morane",True,18,0,2,0.0,0,0,,5,6,0.833,0,4,4,4,1,2,0,1,5
2025-12-16_new_mexico_st_uc_irvine,New Mexico St.,2,"Rozing, Loes",True,22,1,3,0.333,1,2,0.5,0,0,,0,2,2,3,0,2,0,0,3
2025-12-16_new_mexico_st_uc_irvine,New Mexico St.,16,"Guilera, Marta",False,14,3,4,0.75,0,0,,0,0,,1,0,1,2,1,1,0,1,6
2025-12-16_new_mexico_st_uc_irvine,New Mexico St.,22,"Christiano, Emma",False,23,0,1,0.0,0,1,0.0,2,2,1.0,0,1,1,1,2,1,0,1,2
2025-12-16_new_mexico_st_uc_irvine,New Mexico St.,3,"Hudson, Keira",False,12,1,1,1.0,0,0,,0,0,,0,0,0,3,1,1,0,0,2
2025-12-16_new_mexico_st_uc_irvine,New Mexico St.,33,"Jones, Senoj",False,6,0,2,0.0,0,0,,0,0,,0,0,0,0,0,0,0,0,0
2025-12-16_new_mexico_st_uc_irvine,New Mexico St.,7,"Stanic, Nikki",False,3,0,2,0.0,0,1,0.0,0,0,,1,2,3,0,0,1,0,0,0
2025-12-16_new_mexico_st_uc_irvine,New Mexico St.,27,"Lara, Lucia",False,1,0,0,,0,0,,0,0,,0,0,0,0,0,1,0,0,0
2025-12-16_new_mexico_st_uc_irvine,New Mexico St.,TM,TEAM,False,0,0,0,,0,0,,0,0,,1,2,3,0,0,1,0,0,0
2025-12-16_ucla_cal_poly,Cal Poly,32,"Thompson, Charish",True,15,3,9,0.333,2,2,1.0,0,0,,0,2,2,2,0,1,0,0,8
2025-12-16_ucla_cal_poly,Cal Poly,5,"Robinson, Gabby",True,26,2,4,0.5,0,1,0.0,0,0,,0,2,2,2,0,3,0,0,4
2025-12-16_ucla_cal_poly,Cal Poly,24,"Butcher, Madison",True,25,1,4,0.25,0,1,0.0,0,0,,0,1,1,1,0,1,0,0,2
2025-12-16_ucla_cal_poly,Cal Poly,9,"Perez, Nora",True,18,1,3,0.333,0,0,,0,0,,0,1,1,4,2,3,0,0,2
2025-12-16_ucla_cal_poly,Cal Poly,22,"Goosby, Alana",True,25,0,2,0.0,0,0,,0,0,,2,1,3,0,2,7,0,0,0
2025-12-16_ucla_cal_poly,Cal Poly,8,"Peiffer, Katie",False,18,3,6,0.5,2,4,0.5,0,0,,0,0,0,4,0,1,0,0,8
2025-12-16_ucla_cal_poly,Cal Poly,11,"Knapp, Avery",False,15,1,4,0.25,0,1,0.0,1,2,0.5,0,1,1,0,0,1,0,0,3
2025-12-16_ucla_cal_poly,Cal Poly,23,"Moleón Hidalgo, Ana",False,11,0,0,,0,0,,1,2,0.5,0,0,0,0,1,0,0,0,1
2025-12-16_ucla_cal_poly,Cal Poly,55,"Franklin, Vivian",False,15,0,6,0.0,0,4,0.0,0,0,,0,1,1,2,0,4,0,0,0
2025-12-16_ucla_cal_poly,Cal Poly,14,"Bears, Gillian",False,12,0,0,,0,0,,0,0,,0,3,3,5,0,1,0,0,0
2025-12-16_ucla_cal_poly,Cal Poly,1,"Garcia, Arissa",False,10,0,2,0.0,0,0,,0,0,,0,0,0,2,1,7,0,0,0
2025-12-16_ucla_cal_poly,Cal Poly,7,"Billing, Jordan",False,10,0,0,,0,0,,0,0,,0,0,0,1,0,1,0,0,0
2025-12-16_ucla_cal_poly,Cal Poly,TM,TEAM,False,0,0,0,,0,0,,0,0,,0,1,1,0,0,1,0,0,0
2025-12-16_ucla_cal_poly,UCLA,1,"Rice, Kiki",True,27,8,11,0.727,2,3,0.667,5,6,0.833,2,6,8,0,4,1,0,4,23
2025-12-16_ucla_cal_poly,UCLA,51,"Betts, Lauren",True,16,10,14,0.714,0,0,,0,1,0.0,7,3,10,0,2,0,1,1,20
2025-12-16_ucla_cal_poly,UCLA,8,"Kneepkens, Gianna",True,21,7,11,0.636,4,7,0.571,1,1,1.0,0,2,2,0,5,0,0,6,19
2025-12-16_ucla_cal_poly,UCLA,11,"Jaquez, Gabriela",True,24,4,7,0.571,3,4,0.75,3,4,0.75,1,4,5,3,2,1,0,2,14
2025-12-16_ucla_cal_poly,UCLA,5,"Leger-walker, Charlisse",True,22,4,7,0.571,2,4,0.5,4,4,1.0,0,2,2,0,7,1,0,4,14
2025-12-16_ucla_cal_poly,UCLA,32,"Dugalić, Angela",False,20,3,5,0.6,2,4,0.5,0,0,,1,2,3,2,2,2,0,2,8
2025-12-16_ucla_cal_poly,UCLA,9,"Bilic, Lena",False,25,3,13,0.231,0,7,0.0,0,0,,2,2,4,1,1,0,2,0,6
2025-12-16_ucla_cal_poly,UCLA,16,"Betts, Sienna",False,11,1,1,1.0,0,0,,3,8,0.375,0,0,0,0,2,1,0,0,5
2025-12-16_ucla_cal_poly,UCLA,33,"Muse, Amanda",False,21,1,2,0.5,0,0,,0,0,,4,0,4,1,2,0,1,0,2
2025-12-16_ucla_cal_poly,UCLA,3,"Karamouzi Siegel, Christina",False,9,0,1,0.0,0,1,0.0,2,2,1.0,1,1,2,1,1,0,0,0,2
2025-12-16_ucla_cal_poly,UCLA,43,"Grant, Megan",False,4,1,1,1.0,0,0,,0,0,,0,0,0,0,0,0,0,0,2
2025-12-16_ucla_cal_poly,UCLA,TM,TEAM,False,0,0,0,,0,0,,0,0,,2,4,6,0,0,1,0,0,0
2025-12-16_csu_bakersfield_cal_st_east_bay,Cal St. East Bay,03,"Akaka, Aloha",True,29,6,10,0.6,0,0,,0,0,,0,7,7,3,2,5,0,2,12
2025-12-16_csu_bakersfield_cal_st_east_bay,Cal St. East Bay,11,"Lowenberg, Lucca",True,29,3,9,0.333,1,4,0.25,1,1,1.0,1,3,4,0,0,2,0,1,8
2025-12-16_csu_bakersfield_cal_st_east_bay,Cal St. East Bay,04,"Estrada, Hailey",True,26,3,8,0.375,0,0,,2,2,1.0,1,3,4,4,2,4,1,0,8
2025-12-16_csu_bakersfield_cal_st_east_bay,Cal St. East Bay,02,"Carey, Lailah",True,21,3,4,0.75,0,1,0.0,0,2,0.0,0,1,1,2,1,2,0,0,6
2025-12-16_csu_bakersfield_cal_st_east_bay,Cal St. East Bay,21,"Gilbertson, Meredith",True,22,0,0,,0,0,,0,0,,1,7,8,2,0,2,0,0,0
2025-12-16_csu_bakersfield_cal_st_east_bay,Cal St. East Bay,14,"Eldredge, Taylor",False,26,5,10,0.5,0,1,0.0,2,2,1.0,1,7,8,3,0,6,3,0,12
2025-12-16_csu_bakersfield_cal_st_east_bay,Cal St. East Bay,15,"Morris, Sierra",False,11,3,3,1.0,0,0,,1,2,0.5,0,1,1,0,0,2,0,0,7
2025-12-16_csu_bakersfield_cal_st_east_bay,Cal St. East Bay,05,"Campbell, Nivea",False,13,0,1,0.0,0,0,,2,4,0.5,0,4,4,0,1,4,0,2,2
2025-12-16_csu_bakersfield_cal_st_east_bay,Cal St. East Bay,01,"Vaasili, Mia",False,8,0,2,0.0,0,2,0.0,0,0,,0,2,2,0,0,0,0,0,0
2025-12-16_csu_bakersfield_cal_st_east_bay,Cal St. East Bay,41,"Dennis-Burch, Sanaa",False,8,0,3,0.0,0,0,,0,0,,1,2,3,2,0,0,0,0,0
2025-12-16_csu_bakersfield_cal_st_east_bay,Cal St. East Bay,33,"Sheaffer, Krista",False,6,0,0,,0,0,,0,0,,0,3,3,1,0,1,0,0,0
2025-12-16_csu_bakersfield_cal_st_east_bay,Cal St. East Bay,08,"Alexandre, Fernanda",False,1,0,0,,0,0,,0,0,,0,0,0,0,0,0,0,0,0
2025-12-16_csu_bakersfield_cal_st_east_bay,Cal St. East Bay,TM,TEAM,False,0,0,0,,0,0,,0,0,,1,1,2,0,0,5,0,0,0
2025-12-16_csu_bakersfield_cal_st_east_bay,CSU Bakersfield,12,"Coleman , Chrishawn",True,34,8,28,0.286,2,8,0.25,7,9,0.778,2,4,6,3,3,2,0,6,25
2025-12-16_csu_bakersfield_cal_st_east_bay,CSU Bakersfield,08,"Langi, Marley",True,30,6,18,0.333,3,7,0.429,2,2,1.0,1,5,6,1,3,1,0,1,17
2025-12-16_csu_bakersfield_cal_st_east_bay,CSU Bakersfield,14,"Hawkins, Morgan",True,31,4,11,0.364,1,5,0.2,0,0,,2,4,6,3,3,1,1,3,9
2025-12-16_csu_bakersfield_cal_st_east_bay,CSU Bakersfield,02,"Carter, Aliyah",True,25,2,4,0.5,0,0,,0,1,0.0,3,3,6,4,3,2,0,3,4
2025-12-16_csu_bakersfield_cal_st_east_bay,CSU Bakersfield,24,"Ikidi, Tena",True,10,2,3,0.667,0,0,,0,0,,1,3,4,2,0,0,1,0,4
2025-12-16_csu_bakersfield_cal_st_east_bay,CSU Bakersfield,22,"Kincade, Dae’Jaidence",False,21,1,5,0.2,0,0,,3,4,0.75,6,2,8,1,2,0,0,2,5
2025-12-16_csu_bakersfield_cal_st_east_bay,CSU Bakersfield,11,"Dias, Maria",False,28,1,9,0.111,0,4,0.0,1,2,0.5,2,1,3,3,0,2,0,0,3
2025-12-16_csu_bakersfield_cal_st_east_bay,CSU Bakersfield,21,"Sutherland, Tianna",False,15,0,5,0.0,0,3,0.0,0,0,,1,1,2,1,0,0,0,0,0
2025-12-16_csu_bakersfield_cal_st_east_bay,CSU Bakersfield,01,"Finley, Zalissa",False,3,0,1,0.0,0,0,,0,0,,1,0,1,0,0,0,0,0,0
2025-12-16_csu_bakersfield_cal_st_east_bay,CSU Bakersfield,04,"Powell, Ophelia",False,2,0,0,,0,0,,0,0,,0,0,0,0,0,0,0,0,0
2025-12-16_csu_bakersfield_cal_st_east_bay,CSU Bakersfield,07,"Gallatly, Jaime",False,1,0,0,,0,0,,0,0,,0,0,0,0,0,0,0,0,0
2025-12-16_csu_bakersfield_cal_st_east_bay,CSU Bakersfield,TM,TEAM,False,0,0,0,,0,0,,0,0,,2,0,2,0,0,3,0,0,0
2025-12-17_utah_uc_riverside,UC Riverside,2,"Hackley, Seneca",True,34,6,12,0.5,3,3,1.0,4,6,0.667,0,4,4,3,0,2,1,3,19
2025-12-17_utah_uc_riverside,UC Riverside,7,"Wickstrom, Hannah",True,23,4,9,0.444,0,2,0.0,1,1,1.0,1,1,2,4,2,4,0,1,9
2025-12-17_utah_uc_riverside,UC Riverside,22,"Swanson, Taylor",True,18,2,8,0.25,1,5,0.2,0,0,,1,1,2,2,0,2,0,1,5
2025-12-17_utah_uc_riverside,UC Riverside,41,"Shine, Bria",True,25,2,9,0.222,0,3,0.0,0,0,,3,4,7,3,2,2,2,4,4
2025-12-17_utah_uc_riverside,UC Riverside,1,"Polk, Kaylani",True,31,0,6,0.0,0,3,0.0,0,0,,0,2,2,2,2,0,0,2,0
2025-12-17_utah_uc_riverside,UC Riverside,9,"Chocano, Maya",False,26,3,7,0.429,2,5,0.4,0,0,,0,2,2,3,1,1,0,1,8
2025-12-17_utah_uc_riverside,UC Riverside,10,"Minshall, Makayla",False,23,2,5,0.4,1,4,0.25,0,0,,0,2,2,2,1,3,0,0,5
2025-12-17_utah_uc_riverside,UC Riverside,11,"Cobbs, Jayda",False,9,1,1,1.0,0,0,,0,0,,0,0,0,1,1,0,0,1,2
2025-12-17_utah_uc_riverside,UC Riverside,30,"Sylla, Dieynaba",False,7,0,0,,0,0,,0,0,,0,1,1,3,0,2,1,0,0
2025-12-17_utah_uc_riverside,UC Riverside,23,"Mejia, Maria",False,4,0,0,,0,0,,0,0,,0,0,0,0,0,3,0,1,0
2025-12-17_utah_uc_riverside,UC Riverside,TM,TEAM,False,0,0,0,,0,0,,0,0,,5,2,7,0,0,1,0,0,0
2025-12-17_utah_uc_riverside,Utah,20,"Ross, Reese",True,33,6,10,0.6,1,2,0.5,4,6,0.667,4,9,13,1,0,6,1,1,17
2025-12-17_utah_uc_riverside,Utah,2,"Sneed, la",True,37,4,7,0.571,1,3,0.333,0,3,0.0,2,0,2,3,3,4,0,4,9
2025-12-17_utah_uc_riverside,Utah,00,"White, Lani",True,29,3,7,0.429,0,4,0.0,2,2,1.0,0,1,1,1,0,2,1,1,8
2025-12-17_utah_uc_riverside,Utah,12,"Evans, Chyra",True,21,4,7,0.571,0,0,,0,5,0.0,0,6,6,2,2,4,1,0,8
2025-12-17_utah_uc_riverside,Utah,23,"Wilke, Maty",True,27,2,5,0.4,0,3,0.0,0,0,,1,4,5,0,3,2,1,3,4
2025-12-17_utah_uc_riverside,Utah,1,"Hjelmstad, Avery",False,20,3,9,0.333,2,7,0.286,2,2,1.0,2,1,3,0,1,2,0,0,10
2025-12-17_utah_uc_riverside,Utah,6,"Otto, Evelina",False,19,2,6,0.333,0,0,,1,3,0.333,4,3,7,3,3,2,1,0,5
2025-12-17_utah_uc_riverside,Utah,10,"Foster, Grace",False,7,0,1,0.0,0,1,0.0,0,0,,0,0,0,2,0,0,0,0,0
2025-12-17_utah_uc_riverside,Utah,44,"Crispe, Sam",False,7,0,0,,0,0,,0,0,,1,1,2,1,1,0,0,0,0
2025-12-17_utah_uc_riverside,Utah,14,"Mafua, Kamryn",False,0,0,0,,0,0,,0,0,,0,0,0,0,0,0,0,0,0
2025-12-17_utah_uc_riverside,Utah,TM,TEAM,False,0,0,0,,0,0,,0,0,,2,2,4,0,0,1,0,0,0
2025-12-18_utep_uc_irvine,UC Irvine,20,"Hernandez, Hunter",True,34,13,18,0.722,4,5,0.8,6,6,1.0,1,5,6,1,1,3,0,0,36
2025-12-18_utep_uc_irvine,UC Irvine,23,"Wynn, Jada",True,32,4,10,0.4,1,3,0.333,2,2,1.0,1,6,7,3,7,2,0,0,11
2025-12-18_utep_uc_irvine,UC Irvine,12,"Nahum, Shirel",True,27,3,4,0.75,1,1,1.0,4,4,1.0,0,1,1,3,4,1,0,2,11
2025-12-18_utep_uc_irvine,UC Irvine,10,"Madsen, Lauryn",True,34,3,6,0.5,3,6,0.5,0,0,,0,2,2,0,1,0,0,2,9
2025-12-18_utep_uc_irvine,UC Irvine,14,"Hanson, Summah",True,15,3,6,0.5,0,2,0.0,3,5,0.6,1,5,6,4,1,2,1,2,9
2025-12-18_utep_uc_irvine,UC Irvine,13,"Stores, Nohe'alani",False,20,2,3,0.667,0,0,,2,2,1.0,0,2,2,5,0,3,2,1,6
2025-12-18_utep_uc_irvine,UC Irvine,24,"Zonzon-huyghe, Naomy",False,15,2,4,0.5,0,1,0.0,2,4,0.5,1,1,2,0,0,1,0,0,6
2025-12-18_utep_uc_irvine,UC Irvine,1,"Grant, Ameerah",False,10,0,1,0.0,0,0,,4,4,1.0,2,1,3,4,1,1,0,0,4
2025-12-18_utep_uc_irvine,UC Irvine,22,"Noa, Reese",False,5,0,1,0.0,0,0,,1,2,0.5,0,2,2,0,0,2,0,0,1
2025-12-18_utep_uc_irvine,UC Irvine,2,"Hernandez, Haley",False,4,0,0,,0,0,,0,0,,0,0,0,0,0,0,0,0,0
2025-12-18_utep_uc_irvine,UC Irvine,21,"Baltzi, Despoina",False,4,0,0,,0,0,,0,0,,0,0,0,2,0,2,0,0,0
2025-12-18_utep_uc_irvine,UC Irvine,TM,TEAM,False,0,0,0,,0,0,,0,0,,2,1,3,0,0,0,0,0,0
2025-12-18_utep_uc_irvine,UTEP,11,"Adams, Portia",True,28,5,9,0.556,2,2,1.0,6,6,1.0,0,1,1,3,3,1,0,0,18
2025-12-18_utep_uc_irvine,UTEP,13,"Mbengue, Ndack",True,27,6,9,0.667,0,0,,5,9,0.556,4,2,6,4,0,3,0,1,17
2025-12-18_utep_uc_irvine,UTEP,3,"Tensaie, Ivane",True,30,4,12,0.333,3,6,0.5,0,0,,0,1,1,1,1,2,0,1,11
2025-12-18_utep_uc_irvine,UTEP,2,"Legions, Sirviva",True,31,2,9,0.222,0,2,0.0,5,8,0.625,3,2,5,2,1,1,0,2,9
2025-12-18_utep_uc_irvine,UTEP,4,"Zita, Delma",True,12,1,2,0.5,0,1,0.0,0,0,,1,2,3,2,5,0,0,0,2
2025-12-18_utep_uc_irvine,UTEP,5,"Samayoa-mathis, Heaven",False,26,0,5,0.0,0,4,0.0,4,4,1.0,1,3,4,3,5,3,0,1,4
2025-12-18_utep_uc_irvine,UTEP,22,"Moses Amaniyo, Mary",False,14,2,2,1.0,0,0,,0,0,,0,4,4,5,0,1,0,0,4
2025-12-18_utep_uc_irvine,UTEP,12,"Asensio, Irene",False,6,1,3,0.333,1,3,0.333,0,0,,0,0,0,0,0,0,0,0,3
2025-12-18_utep_uc_irvine,UTEP,1,"Davis, Aaliyah",False,8,1,1,1.0,0,0,,0,0,,0,0,0,1,0,1,0,0,2
2025-12-18_utep_uc_irvine,UTEP,8,"Terry, Brooklyn",False,6,1,3,0.333,0,2,0.0,0,0,,0,1,1,0,0,0,0,1,2
2025-12-18_utep_uc_irvine,UTEP,14,"Collazo, Tatiana",False,5,0,2,0.0,0,1,0.0,0,0,,1,0,1,0,0,1,0,0,0
2025-12-18_utep_uc_irvine,UTEP,10,"Igbinedion Omoruyi, Osadebamwen",False,4,0,1,0.0,0,0,,0,0,,0,0,0,1,0,1,0,0,0
2025-12-18_utep_uc_irvine,UTEP,23,"Woldai, Aolani",False,3,0,0,,0,0,,0,0,,0,0,0,3,0,0,0,0,0
2025-12-18_utep_uc_irvine,UTEP,TM,TEAM,False,0,0,0,,0,0,,0,0,,1,1,2,0,0,0,0,0,0
2025-12-18_uc_santa_barbara_eastern_wash,Eastern Wash.,22,"Grossman, Kourtney",True,33,5,9,0.556,1,2,0.5,6,6,1.0,2,10,12,2,0,2,0,0,17
2025-12-18_uc_santa_barbara_eastern_wash,Eastern Wash.,02,"Gallatin, Ella",True,32,6,17,0.353,0,4,0.0,4,8,0.5,2,4,6,3,3,2,0,0,16
2025-12-18_uc_santa_barbara_eastern_wash,Eastern Wash.,10,"Eggers, Jaecy",True,23,3,11,0.273,0,1,0.0,2,2,1.0,2,3,5,4,0,2,0,0,8
2025-12-18_uc_santa_barbara_eastern_wash,Eastern Wash.,01,"Bowers, Elyn",True,31,2,13,0.154,0,5,0.0,2,2,1.0,0,4,4,3,6,0,0,0,6
2025-12-18_uc_santa_barbara_eastern_wash,Eastern Wash.,13,"Gingras, Caitie",True,24,1,6,0.167,1,5,0.2,0,0,,0,1,1,1,0,0,1,0,3
2025-12-18_uc_santa_barbara_eastern_wash,Eastern Wash.,12,"Kirk, Paris",False,17,3,4,0.75,0,0,,1,5,0.2,1,2,3,1,2,0,0,0,7
2025-12-18_uc_santa_barbara_eastern_wash,Eastern Wash.,23,"McElmurry, Emily",False,24,1,8,0.125,1,1,1.0,0,0,,1,1,2,3,0,0,0,0,3
2025-12-18_uc_santa_barbara_eastern_wash,Eastern Wash.,21,"Romain, Léa-line",False,8,0,0,,0,0,,3,4,0.75,1,2,3,3,0,0,0,0,3
2025-12-18_uc_santa_barbara_eastern_wash,Eastern Wash.,03,"Gibbs, Madeline",False,6,0,0,,0,0,,0,0,,0,0,0,0,0,0,0,0,0
2025-12-18_uc_santa_barbara_eastern_wash,Eastern Wash.,41,"Hall, Addison",False,2,0,0,,0,0,,0,0,,0,0,0,0,0,0,0,0,0
2025-12-18_uc_santa_barbara_eastern_wash,Eastern Wash.,TM,TEAM,False,0,0,0,,0,0,,0,0,,1,1,2,0,0,0,0,0,0
2025-12-18_uc_santa_barbara_eastern_wash,UC Santa Barbara,02,"Borter, Zoe",True,33,9,14,0.643,2,3,0.667,4,6,0.667,2,2,4,1,1,1,0,0,24
2025-12-18_uc_santa_barbara_eastern_wash,UC Santa Barbara,05,"Bradley, Olivia",True,24,7,12,0.583,3,6,0.5,3,5,0.6,1,12,13,2,2,1,3,0,20
2025-12-18_uc_santa_barbara_eastern_wash,UC Santa Barbara,55,"Burke, Skylar",True,28,4,11,0.364,1,5,0.2,5,5,1.0,1,9,10,3,5,2,2,1,14
2025-12-18_uc_santa_barbara_eastern_wash,UC Santa Barbara,23,"Shaw, Zoe",True,31,3,8,0.375,2,4,0.5,2,2,1.0,1,2,3,3,3,2,0,0,10
2025-12-18_uc_santa_barbara_eastern_wash,UC Santa Barbara,12,"Naro, Maddie",True,25,1,4,0.25,0,2,0.0,0,0,,0,2,2,4,0,0,0,0,2
2025-12-18_uc_santa_barbara_eastern_wash,UC Santa Barbara,15,"Andersen, Chauncey",False,12,3,5,0.6,0,0,,2,4,0.5,2,2,4,3,0,1,0,0,8
2025-12-18_uc_santa_barbara_eastern_wash,UC Santa Barbara,04,"Puente-Valverde, Júlia",False,14,3,8,0.375,0,2,0.0,0,0,,1,5,6,2,1,0,0,0,6
2025-12-18_uc_santa_barbara_eastern_wash,UC Santa Barbara,32,"Grant, Jessica",False,21,1,2,0.5,1,2,0.5,0,0,,0,0,0,1,3,0,0,0,3
2025-12-18_uc_santa_barbara_eastern_wash,UC Santa Barbara,44,"Radnjic, Bojana",False,5,0,1,0.0,0,1,0.0,2,2,1.0,0,0,0,1,0,0,0,0,2
2025-12-18_uc_santa_barbara_eastern_wash,UC Santa Barbara,22,"Shum-Koubek, Helena",False,3,0,0,,0,0,,0,0,,0,2,2,0,0,0,0,0,0
2025-12-18_uc_santa_barbara_eastern_wash,UC Santa Barbara,21,"Penna, Valentina",False,2,0,1,0.0,0,0,,0,0,,0,0,0,2,0,1,0,0,0
2025-12-18_uc_santa_barbara_eastern_wash,UC Santa Barbara,35,"Mastora, Malani",False,2,0,0,,0,0,,0,0,,0,0,0,0,0,0,0,0,0
2025-12-18_uc_santa_barbara_eastern_wash,UC Santa Barbara,TM,TEAM,False,0,0,0,,0,0,,0,0,,1,5,6,0,0,0,0,0,0
2025-12-18_southern_california_cal_poly,Cal Poly,24,"Butcher, Madison",True,34,3,5,0.6,3,5,0.6,2,2,1.0,0,7,7,1,1,1,0,2,11
2025-12-18_southern_california_cal_poly,Cal Poly,9,"Perez, Nora",True,36,4,11,0.364,0,1,0.0,1,4,0.25,0,2,2,2,2,2,0,0,9
2025-12-18_southern_california_cal_poly,Cal Poly,22,"Goosby, Alana",True,29,1,2,0.5,0,0,,0,0,,1,1,2,1,7,4,0,0,2
2025-12-18_southern_california_cal_poly,Cal Poly,5,"Robinson, Gabby",True,25,1,2,0.5,0,1,0.0,0,0,,1,1,2,1,0,3,0,0,2
2025-12-18_southern_california_cal_poly,Cal Poly,7,"Billing, Jordan",True,10,0,2,0.0,0,2,0.0,0,0,,0,2,2,1,1,1,0,0,0
2025-12-18_southern_california_cal_poly,Cal Poly,11,"Knapp, Avery",False,27,4,11,0.364,0,1,0.0,2,2,1.0,1,3,4,2,0,2,0,1,10
2025-12-18_southern_california_cal_poly,Cal Poly,8,"Peiffer, Katie",False,15,1,4,0.25,1,3,0.333,0,0,,0,2,2,2,0,1,0,0,3
2025-12-18_southern_california_cal_poly,Cal Poly,1,"Garcia, Arissa",False,11,0,3,0.0,0,0,,2,4,0.5,1,1,2,3,1,5,0,0,2
2025-12-18_southern_california_cal_poly,Cal Poly,55,"Franklin, Vivian",False,7,0,2,0.0,0,2,0.0,0,0,,0,0,0,2,0,1,0,0,0
2025-12-18_southern_california_cal_poly,Cal Poly,14,"Bears, Gillian",False,6,0,2,0.0,0,0,,0,0,,0,0,0,2,0,2,0,0,0
2025-12-18_southern_california_cal_poly,Cal Poly,TM,TEAM,False,0,0,0,,0,0,,0,0,,3,3,6,0,0,5,0,0,0
2025-12-18_southern_california_cal_poly,Southern California,9,"Davidson, Jazzy",True,30,8,21,0.381,1,7,0.143,0,0,,6,3,9,2,4,0,1,6,17
2025-12-18_southern_california_cal_poly,Southern California,25,"Dunn, Kara",True,25,4,9,0.444,3,7,0.429,1,2,0.5,1,2,3,2,4,0,0,0,12
2025-12-18_southern_california_cal_poly,Southern California,10,"Samuels, Malia",True,18,3,5,0.6,0,1,0.0,0,0,,2,1,3,1,7,0,0,2,6
2025-12-18_southern_california_cal_poly,Southern California,8,"Raulusaityte, Gerda",True,18,1,2,0.5,0,0,,2,2,1.0,1,2,3,1,1,1,0,0,4
2025-12-18_southern_california_cal_poly,Southern California,11,"Smith, Kennedy",True,27,1,8,0.125,0,7,0.0,0,1,0.0,4,2,6,2,5,2,0,2,2
2025-12-18_southern_california_cal_poly,Southern California,3,"Jones, Londynn",False,23,11,16,0.688,5,8,0.625,1,1,1.0,1,1,2,1,0,0,1,4,28
2025-12-18_southern_california_cal_poly,Southern California,6,"Williams, Laura",False,13,4,5,0.8,0,0,,0,0,,2,3,5,1,0,1,3,0,8
2025-12-18_southern_california_cal_poly,Southern California,7,"Milton, Yakiya",False,9,1,2,0.5,0,0,,4,6,0.667,2,6,8,0,0,0,4,0,6
2025-12-18_southern_california_cal_poly,Southern California,13,"Mendes, Dayana",False,16,1,2,0.5,0,1,0.0,0,0,,1,0,1,1,0,3,0,1,2
2025-12-18_southern_california_cal_poly,Southern California,00,"Iwuchukwu, Vivian",False,9,0,1,0.0,0,0,,1,2,0.5,1,2,3,2,0,0,0,0,1
2025-12-18_southern_california_cal_poly,Southern California,4,"Forestier, Rian",False,9,0,6,0.0,0,5,0.0,0,0,,0,0,0,0,0,0,0,0,0
2025-12-18_southern_california_cal_poly,Southern California,24,"Shamblin, Brooklyn",False,3,0,1,0.0,0,0,,0,0,,0,0,0,0,0,0,0,0,0
2025-12-18_southern_california_cal_poly,Southern California,TM,TEAM,False,0,0,0,,0,0,,0,0,,0,1,1,0,0,0,0,0,0
2025-12-18_csun_northern_ariz,Northern Ariz.,25,"White, Naomi",True,38,9,21,0.429,2,8,0.25,7,8,0.875,2,8,10,1,5,5,1,5,27
2025-12-18_csun_northern_ariz,Northern Ariz.,3,"Watts, Madison",True,35,9,13,0.692,1,2,0.5,1,2,0.5,2,5,7,3,1,6,0,3,20
2025-12-18_csun_northern_ariz,Northern Ariz.,35,"Morris, Simone",True,27,2,4,0.5,1,1,1.0,0,0,,2,7,9,0,3,2,0,0,5
2025-12-18_csun_northern_ariz,Northern Ariz.,7,"Davis, Layla",True,14,2,5,0.4,0,0,,1,2,0.5,2,3,5,5,1,1,2,0,5
2025-12-18_csun_northern_ariz,Northern Ariz.,11,"Taylor, Audrey",True,31,1,5,0.2,0,3,0.0,0,0,,2,0,2,3,5,4,0,6,2
2025-12-18_csun_northern_ariz,Northern Ariz.,13,"Robinson, Jbionna",False,22,2,6,0.333,0,1,0.0,5,9,0.556,0,3,3,3,1,3,0,3,9
2025-12-18_csun_northern_ariz,Northern Ariz.,00,"Dasovich, Emma",False,14,2,3,0.667,0,1,0.0,3,4,0.75,0,1,1,5,1,0,0,1,7
2025-12-18_csun_northern_ariz,Northern Ariz.,30,"Curry, Faith",False,4,1,4,0.25,0,2,0.0,0,2,0.0,0,0,0,0,0,0,0,0,2
2025-12-18_csun_northern_ariz,Northern Ariz.,10,"Williams, Hannah",False,9,0,2,0.0,0,0,,0,0,,2,1,3,0,0,1,0,0,0
2025-12-18_csun_northern_ariz,Northern Ariz.,23,"Williams, Kayla",False,4,0,0,,0,0,,0,0,,0,0,0,1,0,3,0,0,0
2025-12-18_csun_northern_ariz,Northern Ariz.,1,"Harris, Alyssa",False,1,0,0,,0,0,,0,0,,0,0,0,0,0,0,0,0,0
2025-12-18_csun_northern_ariz,Northern Ariz.,12,"Dunn, Addison",False,1,0,0,,0,0,,0,0,,0,0,0,0,0,0,0,0,0
2025-12-18_csun_northern_ariz,Northern Ariz.,TM,TEAM,False,0,0,0,,0,0,,0,0,,1,2,3,0,0,0,0,0,0
2025-12-18_csun_northern_ariz,CSUN,3,"Tumlin, Kelly",True,19,3,9,0.333,2,7,0.286,2,2,1.0,1,2,3,4,0,9,0,1,10
2025-12-18_csun_northern_ariz,CSUN,33,"Nazário, Rita",True,30,3,10,0.3,2,7,0.286,1,2,0.5,1,3,4,2,3,6,0,6,9
2025-12-18_csun_northern_ariz,CSUN,22,"Dahlin, Laini",True,26,2,7,0.286,2,6,0.333,0,0,,2,3,5,3,1,2,0,2,6
2025-12-18_csun_northern_ariz,CSUN,34,"Bernard, Nadia",True,14,0,0,,0,0,,1,2,0.5,1,3,4,1,1,2,2,0,1
2025-12-18_csun_northern_ariz,CSUN,24,"Cos-morales, Mariona",True,14,0,4,0.0,0,3,0.0,1,2,0.5,3,2,5,2,1,2,0,1,1
2025-12-18_csun_northern_ariz,CSUN,4,"Edwards, Morgan",False,24,3,14,0.214,0,9,0.0,2,3,0.667,0,1,1,2,2,3,0,2,8
2025-12-18_csun_northern_ariz,CSUN,23,"Contreras, Maya",False,13,1,3,0.333,0,0,,6,6,1.0,3,4,7,4,1,0,1,0,8
2025-12-18_csun_northern_ariz,CSUN,2,"White, Saray",False,24,1,3,0.333,1,2,0.5,1,4,0.25,1,1,2,3,4,3,2,2,4
2025-12-18_csun_northern_ariz,CSUN,00,"Gbemuotor, Jite",False,11,2,2,1.0,0,0,,0,2,0.0,0,1,1,2,0,2,1,1,4
2025-12-18_csun_northern_ariz,CSUN,21,"Canadell, Jana",False,4,1,2,0.5,1,2,0.5,0,0,,0,0,0,1,0,0,0,0,3
2025-12-18_csun_northern_ariz,CSUN,10,"Lizama, Alondra",False,10,0,3,0.0,0,1,0.0,2,2,1.0,0,2,2,0,0,1,0,0,2
2025-12-18_csun_northern_ariz,CSUN,1,"Moody, Amya",False,11,0,2,0.0,0,0,,0,0,,1,1,2,0,0,3,0,1,0
2025-12-18_csun_northern_ariz,CSUN,TM,TEAM,False,0,0,0,,0,0,,0,0,,3,3,6,0,0,2,0,0,0
2025-12-19_liberty_hawaii,Hawaii,33,"Neverson, Saniyah",True,29,4,8,0.5,2,4,0.5,0,0,,1,2,3,3,1,3,2,2,10
2025-12-19_liberty_hawaii,Hawaii,03,"Flavell, Bailey",True,23,3,13,0.231,2,7,0.286,2,4,0.5,0,2,2,1,1,4,0,0,10
2025-12-19_liberty_hawaii,Hawaii,04,"Lefotu, Jovi",True,20,3,7,0.429,1,1,1.0,2,2,1.0,1,0,1,4,3,1,0,0,9
2025-12-19_liberty_hawaii,Hawaii,24,"Tamilo, Ritorya",True,18,1,2,0.5,0,1,0.0,1,2,0.5,1,5,6,3,0,1,0,0,3
2025-12-19_liberty_hawaii,Hawaii,08,"Moors, Rebecca",True,7,0,0,,0,0,,0,0,,0,0,0,1,0,0,0,0,0
2025-12-19_liberty_hawaii,Hawaii,12,"Perez, Imani",False,25,4,6,0.667,4,6,0.667,2,2,1.0,0,5,5,2,2,0,3,1,14
2025-12-19_liberty_hawaii,Hawaii,11,"Curtis, Keiara",False,26,3,6,0.5,2,4,0.5,5,6,0.833,0,1,1,3,3,0,1,1,13
2025-12-19_liberty_hawaii,Hawaii,22,"Peacock, Jade",False,16,2,2,1.0,2,2,1.0,0,0,,1,0,1,0,3,0,0,0,6
2025-12-19_liberty_hawaii,Hawaii,06,"Webb, Kyra",False,21,1,6,0.167,0,2,0.0,0,0,,0,2,2,2,2,1,1,1,2
2025-12-19_liberty_hawaii,Hawaii,20,"Forsyth, Izzy",False,8,0,3,0.0,0,3,0.0,0,0,,0,0,0,0,0,1,0,0,0
2025-12-19_liberty_hawaii,Hawaii,02,"Bond, Teyahna",False,7,0,2,0.0,0,2,0.0,0,0,,0,0,0,0,1,1,0,0,0
2025-12-19_liberty_hawaii,Hawaii,TM,TEAM,False,0,0,0,,0,0,,0,0,,3,2,5,0,0,0,0,0,0
2025-12-19_liberty_hawaii,Liberty,06,"Nwaobi, Ify",True,22,3,5,0.6,1,1,1.0,1,2,0.5,1,4,5,2,0,5,0,1,8
2025-12-19_liberty_hawaii,Liberty,04,"Acin, Claudia",True,32,3,6,0.5,1,2,0.5,0,0,,0,3,3,0,2,1,0,0,7
2025-12-19_liberty_hawaii,Liberty,01,"Mills, Avery",True,25,2,9,0.222,0,2,0.0,0,0,,1,4,5,0,3,0,0,1,4
2025-12-19_liberty_hawaii,Liberty,17,"Stout, Emmy",True,16,1,4,0.25,0,0,,1,4,0.25,1,3,4,5,0,4,0,0,3
2025-12-19_liberty_hawaii,Liberty,21,"Aegisdottir, Elisabeth",True,19,0,5,0.0,0,1,0.0,1,2,0.5,0,4,4,2,0,3,0,1,1
2025-12-19_liberty_hawaii,Liberty,22,"Mwamba, Lydie",False,18,5,8,0.625,3,5,0.6,0,0,,0,5,5,2,0,0,0,1,13
2025-12-19_liberty_hawaii,Liberty,24,"Leon, Emma",False,18,4,5,0.8,1,2,0.5,4,4,1.0,0,1,1,2,1,1,0,0,13
2025-12-19_liberty_hawaii,Liberty,03,"Thompson, JaKayla",False,21,2,3,0.667,0,0,,2,4,0.5,1,1,2,2,4,3,0,1,6
2025-12-19_liberty_hawaii,Liberty,33,"Peters, Lynn",False,24,1,2,0.5,0,0,,1,2,0.5,1,2,3,1,1,2,0,0,3
2025-12-19_liberty_hawaii,Liberty,15,"Alexander, Maleah",False,5,0,1,0.0,0,1,0.0,0,0,,0,0,0,3,0,0,0,0,0
2025-12-19_liberty_hawaii,Liberty,25,"Avci, Zeynep",False,,0,0,,0,0,,0,0,,0,0,0,0,0,0,0,0,0
2025-12-19_liberty_hawaii,Liberty,TM,TEAM,False,0,0,0,,0,0,,0,0,,4,0,4,0,0,0,0,0,0
2025-12-20_uc_davis_northern_colo,Northern Colo.,05,"George, Neenah",True,27,6,19,0.316,1,4,0.25,9,10,0.9,2,1,3,4,0,2,0,2,22
2025-12-20_uc_davis_northern_colo,Northern Colo.,24,"West, Tatum",True,19,2,4,0.5,0,0,,1,2,0.5,3,6,9,3,0,0,0,3,5
2025-12-20_uc_davis_northern_colo,Northern Colo.,08,"Powell, Erin",True,37,0,4,0.0,0,2,0.0,2,2,1.0,4,0,4,0,0,0,0,1,2
2025-12-20_uc_davis_northern_colo,Northern Colo.,15,"Fields, Gabi",True,34,1,4,0.25,0,3,0.0,0,0,,1,3,4,2,5,3,1,1,2
2025-12-20_uc_davis_northern_colo,Northern Colo.,13,"Tanuvasa, Lele",True,7,0,1,0.0,0,1,0.0,0,0,,0,0,0,1,0,0,1,0,0
2025-12-20_uc_davis_northern_colo,Northern Colo.,33,"Riley, Julia",False,26,5,12,0.417,4,10,0.4,0,0,,1,1,2,0,0,1,1,3,14
2025-12-20_uc_davis_northern_colo,Northern Colo.,22,"Hall, Aniah",False,18,2,6,0.333,0,0,,3,4,0.75,2,4,6,4,0,2,0,2,7
2025-12-20_uc_davis_northern_colo,Northern Colo.,02,"Baymon, Heather",False,20,2,5,0.4,1,3,0.333,0,0,,0,2,2,2,1,0,0,1,5
2025-12-20_uc_davis_northern_colo,Northern Colo.,12,"Loomis-Goltl, Ruthie",False,9,0,1,0.0,0,0,,0,0,,0,3,3,1,0,1,0,0,0
2025-12-20_uc_davis_northern_colo,Northern Colo.,04,"Fraser, Claire",False,3,0,1,0.0,0,0,,0,0,,1,0,1,0,0,0,0,1,0
2025-12-20_uc_davis_northern_colo,Northern Colo.,TM,TEAM,False,0,0,0,,0,0,,0,0,,1,5,6,0,0,3,0,0,0
2025-12-20_uc_davis_northern_colo,UC Davis,02,"Bennett, Ryann",True,39,6,15,0.4,1,9,0.111,0,0,,1,1,2,1,4,4,0,2,13
2025-12-20_uc_davis_northern_colo,UC Davis,09,"Sussex, Avery",True,33,4,10,0.4,3,8,0.375,2,3,0.667,0,6,6,3,2,2,0,0,13
2025-12-20_uc_davis_northern_colo,UC Davis,25,"Norris, Megan",True,37,1,5,0.2,0,0,,5,8,0.625,4,7,11,3,1,6,0,0,7
2025-12-20_uc_davis_northern_colo,UC Davis,04,"Epps, Nya",True,32,2,9,0.222,1,6,0.167,0,0,,0,1,1,2,0,4,0,1,5
2025-12-20_uc_davis_northern_colo,UC Davis,10,"Young, Tegan",True,16,1,6,0.167,1,3,0.333,0,2,0.0,1,1,2,3,2,1,1,0,3
2025-12-20_uc_davis_northern_colo,UC Davis,23,"Baker, Victoria",False,16,1,2,0.5,1,2,0.5,1,2,0.5,0,0,0,2,0,0,0,0,4
2025-12-20_uc_davis_northern_colo,UC Davis,21,"Tsami, Theoni",False,3,1,1,1.0,0,0,,0,0,,0,0,0,0,0,0,0,0,2
2025-12-20_uc_davis_northern_colo,UC Davis,15,"Lentfer, Sophie",False,13,0,0,,0,0,,0,0,,0,1,1,0,2,1,0,0,0
2025-12-20_uc_davis_northern_colo,UC Davis,11,"Ersdala, Emmy",False,11,0,1,0.0,0,1,0.0,0,0,,0,2,2,1,0,0,0,0,0
2025-12-20_uc_davis_northern_colo,UC Davis,TM,TEAM,False,0,0,0,,0,0,,0,0,,5,2,7,0,0,1,0,0,0
2025-12-20_montana_st_hawaii,Hawaii,03,"Flavell, Bailey",True,33,4,11,0.364,2,5,0.4,1,3,0.333,2,1,3,0,1,3,0,1,11
2025-12-20_montana_st_hawaii,Hawaii,24,"Tamilo, Ritorya",True,17,1,2,0.5,0,0,,2,4,0.5,1,6,7,1,0,3,2,0,4
2025-12-20_montana_st_hawaii,Hawaii,04,"Lefotu, Jovi",True,18,1,6,0.167,0,0,,0,0,,1,2,3,3,1,5,0,1,2
2025-12-20_montana_st_hawaii,Hawaii,33,"Neverson, Saniyah",True,13,0,2,0.0,0,1,0.0,0,0,,1,2,3,0,1,1,0,0,0
2025-12-20_montana_st_hawaii,Hawaii,08,"Moors, Rebecca",True,6,0,1,0.0,0,0,,0,0,,0,0,0,0,2,0,0,0,0
2025-12-20_montana_st_hawaii,Hawaii,11,"Curtis, Keiara",False,19,6,10,0.6,2,4,0.5,0,0,,0,1,1,3,2,4,0,0,14
2025-12-20_montana_st_hawaii,Hawaii,22,"Peacock, Jade",False,16,3,6,0.5,1,3,0.333,0,0,,0,1,1,3,2,1,1,1,7
2025-12-20_montana_st_hawaii,Hawaii,06,"Webb, Kyra",False,14,3,3,1.0,1,1,1.0,0,0,,1,0,1,2,1,3,0,0,7
2025-12-20_montana_st_hawaii,Hawaii,20,"Forsyth, Izzy",False,20,2,3,0.667,2,3,0.667,0,0,,0,0,0,2,1,1,0,0,6
2025-12-20_montana_st_hawaii,Hawaii,01,"Filemu, Kira-May",False,4,1,2,0.5,1,1,1.0,0,0,,0,0,0,0,0,1,0,0,3
2025-12-20_montana_st_hawaii,Hawaii,12,"Perez, Imani",False,26,1,2,0.5,0,0,,0,0,,1,1,2,2,0,3,1,1,2
2025-12-20_montana_st_hawaii,Hawaii,02,"Bond, Teyahna",False,13,0,0,,0,0,,0,0,,2,1,3,1,1,4,1,1,0
2025-12-20_montana_st_hawaii,Hawaii,10,"Kujovic, Danijela",False,1,0,0,,0,0,,0,0,,0,0,0,0,0,0,0,0,0
2025-12-20_montana_st_hawaii,Hawaii,TM,TEAM,False,0,0,0,,0,0,,0,0,,3,5,8,0,0,0,0,0,0
2025-12-20_montana_st_hawaii,Montana St.,44,"Chirrick, Taylee",True,34,12,20,0.6,0,2,0.0,2,2,1.0,3,5,8,1,2,6,0,3,26
2025-12-20_montana_st_hawaii,Montana St.,33,"Harris, Addison",True,25,8,15,0.533,3,7,0.429,1,2,0.5,0,3,3,2,0,2,1,2,20
2025-12-20_montana_st_hawaii,Montana St.,12,"Philip, Jamison",True,31,2,5,0.4,1,1,1.0,0,0,,0,2,2,3,3,1,1,4,5
2025-12-20_montana_st_hawaii,Montana St.,05,"Johnson, Ella",True,27,2,3,0.667,0,0,,0,0,,2,2,4,2,1,1,1,3,4
2025-12-20_montana_st_hawaii,Montana St.,15,"Bunyan, Isobel",True,27,1,6,0.167,0,4,0.0,0,0,,0,2,2,2,1,0,0,3,2
2025-12-20_montana_st_hawaii,Montana St.,24,"Couture, Kadynce",False,14,2,3,0.667,0,0,,1,1,1.0,3,0,3,0,2,0,1,0,5
2025-12-20_montana_st_hawaii,Montana St.,13,"Hintz, Grace",False,12,1,3,0.333,0,2,0.0,3,3,1.0,0,0,0,2,0,1,0,0,5
2025-12-20_montana_st_hawaii,Montana St.,23,"Erickson, Teagan",False,12,1,5,0.2,0,2,0.0,1,2,0.5,0,1,1,0,0,0,0,0,3
2025-12-20_montana_st_hawaii,Montana St.,21,"Bailey, Brianne",False,11,1,3,0.333,0,0,,0,0,,1,1,2,5,0,2,0,2,2
2025-12-20_montana_st_hawaii,Montana St.,02,"Smith, Courtney",False,7,0,0,,0,0,,0,0,,0,0,0,1,0,0,0,0,0
2025-12-20_montana_st_hawaii,Montana St.,TM,TEAM,False,0,0,0,,0,0,,0,0,,2,0,2,0,0,1,0,0,0
2025-12-20_uc_san_diego_northern_ariz,Northern Ariz.,25,"White, Naomi",True,40,5,15,0.333,1,4,0.25,7,7,1.0,2,4,6,1,0,1,0,0,18
2025-12-20_uc_san_diego_northern_ariz,Northern Ariz.,11,"Taylor, Audrey",True,33,4,6,0.667,2,4,0.5,2,4,0.5,1,2,3,4,3,4,0,2,12
2025-12-20_uc_san_diego_northern_ariz,Northern Ariz.,03,"Watts, Madison",True,27,6,7,0.857,0,0,,0,0,,3,4,7,2,0,4,1,0,12
2025-12-20_uc_san_diego_northern_ariz,Northern Ariz.,00,"Dasovich, Emma",True,24,3,10,0.3,1,4,0.25,2,4,0.5,1,5,6,2,1,1,0,1,9
2025-12-20_uc_san_diego_northern_ariz,Northern Ariz.,35,"Morris, Simone",True,22,2,5,0.4,1,2,0.5,1,2,0.5,1,7,8,3,1,1,0,0,6
2025-12-20_uc_san_diego_northern_ariz,Northern Ariz.,07,"Davis, Layla",False,16,3,6,0.5,0,0,,0,0,,1,3,4,1,3,0,2,1,6
2025-12-20_uc_san_diego_northern_ariz,Northern Ariz.,13,"Robinson, JBionna",False,20,2,4,0.5,0,1,0.0,0,4,0.0,0,1,1,1,2,3,0,0,4
2025-12-20_uc_san_diego_northern_ariz,Northern Ariz.,10,"Williams, Hannah",False,9,2,2,1.0,0,0,,0,0,,0,3,3,1,0,1,0,0,4
2025-12-20_uc_san_diego_northern_ariz,Northern Ariz.,01,"Harris, Alyssa",False,5,0,1,0.0,0,0,,0,0,,0,1,1,0,0,2,0,2,0
2025-12-20_uc_san_diego_northern_ariz,Northern Ariz.,23,"Williams, Kayla",False,4,0,0,,0,0,,0,0,,0,2,2,0,0,1,0,0,0
2025-12-20_uc_san_diego_northern_ariz,Northern Ariz.,TM,TEAM,False,0,0,0,,0,0,,0,0,,3,2,5,0,0,1,0,0,0
2025-12-20_uc_san_diego_northern_ariz,UC San Diego,11,"Condron, Erin",True,32,7,14,0.5,0,0,,2,6,0.333,2,4,6,3,3,1,2,1,16
2025-12-20_uc_san_diego_northern_ariz,UC San Diego,04,"Rose, Makayla",True,40,5,15,0.333,3,6,0.5,1,3,0.333,0,3,3,3,2,1,0,0,14
2025-12-20_uc_san_diego_northern_ariz,UC San Diego,10,"Maxie, Dymonique",True,40,6,11,0.545,0,2,0.0,2,2,1.0,2,2,4,1,6,1,0,3,14
2025-12-20_uc_san_diego_northern_ariz,UC San Diego,15,"Ma, Sabrina",True,37,5,14,0.357,2,8,0.25,0,0,,2,1,3,5,1,0,0,1,12
2025-12-20_uc_san_diego_northern_ariz,UC San Diego,12,"Smith, Rosa",True,20,3,9,0.333,0,5,0.0,0,0,,0,3,3,4,1,4,0,2,6
2025-12-20_uc_san_diego_northern_ariz,UC San Diego,25,"Mahan, Junaé",False,23,2,3,0.667,0,1,0.0,0,0,,2,4,6,3,2,1,2,1,4
2025-12-20_uc_san_diego_northern_ariz,UC San Diego,21,"Polocheck, Nicki",False,3,1,4,0.25,0,1,0.0,0,1,0.0,2,1,3,0,0,0,0,0,2
2025-12-20_uc_san_diego_northern_ariz,UC San Diego,30,"Sule, Damilola",False,5,0,2,0.0,0,0,,0,0,,0,0,0,1,0,1,0,0,0
2025-12-20_uc_san_diego_northern_ariz,UC San Diego,TM,TEAM,False,0,0,0,,0,0,,0,0,,2,1,3,0,0,0,0,0,0
2025-12-20_ucla_long_beach_st,Long Beach St.,30,"Jones-brown, Jaquoia",True,34,4,18,0.222,0,3,0.0,2,2,1.0,2,1,3,0,1,4,0,2,10
2025-12-20_ucla_long_beach_st,Long Beach St.,5,"Ka, Kennan",True,26,3,4,0.75,1,2,0.5,0,0,,1,1,2,1,0,1,0,0,7
2025-12-20_ucla_long_beach_st,Long Beach St.,13,"Pepe, Khylee",True,24,2,5,0.4,0,0,,1,2,0.5,0,1,1,4,2,2,1,0,5
2025-12-20_ucla_long_beach_st,Long Beach St.,42,"Oliva Fernandez, Judit",True,20,1,6,0.167,0,0,,0,0,,0,1,1,4,1,2,0,0,2
2025-12-20_ucla_long_beach_st,Long Beach St.,32,"Pukis, Brynna",True,24,0,3,0.0,0,2,0.0,0,0,,0,2,2,1,0,1,0,0,0
2025-12-20_ucla_long_beach_st,Long Beach St.,2,"Akot, Rosie",False,17,2,5,0.4,0,1,0.0,3,4,0.75,2,2,4,2,0,2,1,0,7
2025-12-20_ucla_long_beach_st,Long Beach St.,10,"Reynoso, Christy",False,15,2,4,0.5,2,4,0.5,0,0,,0,1,1,1,2,1,0,0,6
2025-12-20_ucla_long_beach_st,Long Beach St.,25,"Mack, Morgan",False,18,2,3,0.667,1,2,0.5,0,0,,0,2,2,0,0,3,0,0,5
2025-12-20_ucla_long_beach_st,Long Beach St.,33,"Wright, Haley",False,16,1,3,0.333,0,1,0.0,0,0,,1,1,2,2,1,2,0,0,2
2025-12-20_ucla_long_beach_st,Long Beach St.,00,"Cummings, Lauren",False,4,0,0,,0,0,,0,0,,0,0,0,1,0,0,0,0,0
2025-12-20_ucla_long_beach_st,Long Beach St.,3,"Samuel-afolabi, Tairat",False,2,0,1,0.0,0,0,,0,0,,0,1,1,1,0,1,0,0,0
2025-12-20_ucla_long_beach_st,Long Beach St.,TM,TEAM,False,0,0,0,,0,0,,0,0,,2,5,7,0,0,1,0,0,0
2025-12-20_ucla_long_beach_st,UCLA,51,"Betts, Lauren",True,24,7,12,0.583,0,1,0.0,3,6,0.5,1,1,2,3,3,0,2,3,17
2025-12-20_ucla_long_beach_st,UCLA,11,"Jaquez, Gabriela",True,23,6,8,0.75,5,6,0.833,0,0,,2,2,4,0,1,0,0,0,17
2025-12-20_ucla_long_beach_st,UCLA,1,"Rice, Kiki",True,27,5,8,0.625,0,2,0.0,5,6,0.833,0,9,9,0,7,0,1,4,15
2025-12-20_ucla_long_beach_st,UCLA,8,"Kneepkens, Gianna",True,25,4,10,0.4,2,7,0.286,0,0,,5,5,10,0,2,2,0,2,10
2025-12-20_ucla_long_beach_st,UCLA,5,"Leger-walker, Charlisse",True,21,1,3,0.333,0,2,0.0,0,0,,1,2,3,2,10,1,0,2,2
2025-12-20_ucla_long_beach_st,UCLA,16,"Betts, Sienna",False,15,6,9,0.667,0,0,,2,4,0.5,3,2,5,0,2,0,1,0,14
2025-12-20_ucla_long_beach_st,UCLA,32,"Dugalić, Angela",False,14,5,6,0.833,0,0,,3,3,1.0,3,1,4,1,2,3,0,0,13
2025-12-20_ucla_long_beach_st,UCLA,9,"Bilic, Lena",False,24,4,11,0.364,1,7,0.143,0,0,,3,0,3,0,3,0,0,1,9
2025-12-20_ucla_long_beach_st,UCLA,33,"Muse, Amanda",False,16,2,3,0.667,0,0,,0,0,,1,3,4,0,0,1,0,0,4
2025-12-20_ucla_long_beach_st,UCLA,3,"Karamouzi Siegel, Christina",False,8,1,5,0.2,1,4,0.25,0,0,,0,0,0,0,0,0,0,1,3
2025-12-20_ucla_long_beach_st,UCLA,43,"Grant, Megan",False,3,1,1,1.0,0,0,,0,1,0.0,0,0,0,0,0,0,0,0,2
2025-12-20_ucla_long_beach_st,UCLA,TM,TEAM,False,0,0,0,,0,0,,0,0,,2,2,4,0,0,0,0,0,0
2025-12-20_pepperdine_csun,CSUN,33,"Nazário, Rita",True,35,6,15,0.4,3,8,0.375,1,1,1.0,1,0,1,1,3,2,0,2,16
2025-12-20_pepperdine_csun,CSUN,34,"Bernard, Nadia",True,31,6,13,0.462,0,0,,2,4,0.5,4,4,8,2,1,1,1,1,14
2025-12-20_pepperdine_csun,CSUN,22,"Dahlin, Laini",True,36,3,9,0.333,2,6,0.333,1,2,0.5,2,9,11,4,2,0,0,0,9
2025-12-20_pepperdine_csun,CSUN,3,"Tumlin, Kelly",True,21,2,4,0.5,1,2,0.5,0,0,,0,3,3,1,0,3,0,1,5
2025-12-20_pepperdine_csun,CSUN,24,"Cos-morales, Mariona",True,11,0,3,0.0,0,0,,0,0,,0,1,1,1,0,1,0,1,0
2025-12-20_pepperdine_csun,CSUN,2,"White, Saray",False,31,5,10,0.5,1,3,0.333,3,5,0.6,0,5,5,3,4,2,1,0,14
2025-12-20_pepperdine_csun,CSUN,4,"Edwards, Morgan",False,6,1,2,0.5,1,2,0.5,0,0,,0,0,0,0,0,2,0,1,3
2025-12-20_pepperdine_csun,CSUN,00,"Gbemuotor, Jite",False,5,1,1,1.0,0,0,,0,0,,1,1,2,0,0,0,0,0,2
2025-12-20_pepperdine_csun,CSUN,12,"Aspajo, Erika",False,14,0,3,0.0,0,0,,0,0,,0,2,2,1,1,3,0,0,0
2025-12-20_pepperdine_csun,CSUN,1,"Moody, Amya",False,5,0,2,0.0,0,1,0.0,0,0,,1,0,1,0,0,1,0,0,0
2025-12-20_pepperdine_csun,CSUN,10,"Lizama, Alondra",False,4,0,0,,0,0,,0,2,0.0,0,0,0,1,0,0,0,0,0
2025-12-20_pepperdine_csun,CSUN,23,"Contreras, Maya",False,1,0,0,,0,0,,0,0,,0,0,0,1,0,0,0,0,0
2025-12-20_pepperdine_csun,CSUN,TM,TEAM,False,0,0,0,,0,0,,0,0,,1,1,2,0,0,0,0,0,0
2025-12-20_pepperdine_csun,Pepperdine,22,"Falk, Lina",True,30,7,13,0.538,2,4,0.5,2,2,1.0,4,1,5,0,2,0,1,2,18
2025-12-20_pepperdine_csun,Pepperdine,12,"Preston, Shorna",True,25,5,11,0.455,2,3,0.667,1,2,0.5,4,12,16,4,3,3,1,2,13
2025-12-20_pepperdine_csun,Pepperdine,13,"Fiso, Meghan",True,27,4,9,0.444,1,1,1.0,0,0,,0,3,3,2,2,1,0,1,9
2025-12-20_pepperdine_csun,Pepperdine,2,"Guiney, Elli",True,23,0,8,0.0,0,6,0.0,3,4,0.75,1,1,2,1,2,4,0,1,3
2025-12-20_pepperdine_csun,Pepperdine,1,"Sta. Maria, Taija",True,33,1,3,0.333,0,1,0.0,0,0,,0,0,0,1,4,3,0,1,2
2025-12-20_pepperdine_csun,Pepperdine,30,"Harmon, Seleh",False,24,4,10,0.4,2,7,0.286,0,0,,1,2,3,1,1,0,0,1,10
2025-12-20_pepperdine_csun,Pepperdine,31,"Orio, Irune",False,12,1,3,0.333,0,0,,3,3,1.0,1,4,5,1,0,0,1,1,5
2025-12-20_pepperdine_csun,Pepperdine,00,"Finley, Ivory",False,10,2,3,0.667,0,1,0.0,1,2,0.5,1,0,1,1,0,2,0,0,5
2025-12-20_pepperdine_csun,Pepperdine,3,"Green, Bella",False,8,1,5,0.2,0,1,0.0,0,0,,3,2,5,2,0,0,0,0,2
2025-12-20_pepperdine_csun,Pepperdine,44,"Shanahan, Zoe",False,6,1,2,0.5,0,0,,0,0,,1,1,2,0,1,2,0,0,2
2025-12-20_pepperdine_csun,Pepperdine,10,"Belegante, Ilinca",False,2,0,1,0.0,0,1,0.0,0,0,,0,0,0,0,0,0,0,0,0
2025-12-20_pepperdine_csun,Pepperdine,TM,TEAM,False,0,0,0,,0,0,,0,0,,1,4,5,0,0,0,0,0,0
2025-12-20_san_diego_cal_st_fullerton,Cal St. Fullerton,55,"Jones, Cristina",True,40,7,20,0.35,0,1,0.0,2,4,0.5,5,2,7,1,2,6,1,6,16
2025-12-20_san_diego_cal_st_fullerton,Cal St. Fullerton,00,"Steiner, Nicole",True,29,5,11,0.455,0,0,,2,3,0.667,4,3,7,5,1,3,0,2,12
2025-12-20_san_diego_cal_st_fullerton,Cal St. Fullerton,04,"Falsdottir, Jana",True,14,3,6,0.5,2,3,0.667,0,0,,1,2,3,3,0,0,0,1,8
2025-12-20_san_diego_cal_st_fullerton,Cal St. Fullerton,33,"Pearson, Kya",True,31,2,5,0.4,0,0,,2,2,1.0,2,3,5,5,4,2,0,1,6
2025-12-20_san_diego_cal_st_fullerton,Cal St. Fullerton,03,"Tauro, Maddy",True,13,2,4,0.5,0,0,,0,2,0.0,0,1,1,2,1,1,0,1,4
2025-12-20_san_diego_cal_st_fullerton,Cal St. Fullerton,05,"Sutisna, Maxine",False,17,1,5,0.2,0,3,0.0,2,4,0.5,1,0,1,2,1,2,0,0,4
2025-12-20_san_diego_cal_st_fullerton,Cal St. Fullerton,22,"Muniz, Madelynn",False,20,1,6,0.167,1,6,0.167,0,0,,0,0,0,0,0,0,0,0,3
2025-12-20_san_diego_cal_st_fullerton,Cal St. Fullerton,10,"Swindle, Dylan",False,23,0,10,0.0,0,2,0.0,1,2,0.5,2,0,2,4,2,2,0,1,1
2025-12-20_san_diego_cal_st_fullerton,Cal St. Fullerton,23,"Maxwell, Talia",False,13,0,0,,0,0,,1,2,0.5,1,1,2,0,0,0,1,1,1
2025-12-20_san_diego_cal_st_fullerton,Cal St. Fullerton,TM,TEAM,False,0,0,0,,0,0,,0,0,,3,0,3,0,0,0,0,0,0
2025-12-20_san_diego_cal_st_fullerton,San Diego,24,"Owens, Olivia",True,38,3,10,0.3,2,6,0.333,5,6,0.833,1,8,9,4,2,7,0,3,13
2025-12-20_san_diego_cal_st_fullerton,San Diego,20,"Rhodes, Hallie",True,37,5,10,0.5,0,1,0.0,2,2,1.0,1,2,3,1,5,3,1,1,12
2025-12-20_san_diego_cal_st_fullerton,San Diego,22,"Williams, Ayla",True,25,2,4,0.5,0,0,,2,4,0.5,2,3,5,4,1,2,1,0,6
2025-12-20_san_diego_cal_st_fullerton,San Diego,03,"Amor, Lilly",True,15,2,3,0.667,1,2,0.5,0,0,,0,2,2,0,2,0,0,2,5
2025-12-20_san_diego_cal_st_fullerton,San Diego,06,"Ray, Kylie",True,21,1,5,0.2,0,2,0.0,0,0,,0,2,2,1,4,8,0,1,2
2025-12-20_san_diego_cal_st_fullerton,San Diego,19,"Rhodes, Jayden",False,20,2,4,0.5,2,3,0.667,2,2,1.0,1,1,2,1,0,1,0,0,8
2025-12-20_san_diego_cal_st_fullerton,San Diego,10,"Holley, Helen",False,16,3,4,0.75,1,1,1.0,0,0,,2,3,5,3,0,1,0,0,7
2025-12-20_san_diego_cal_st_fullerton,San Diego,01,"Moore, Dresha",False,22,1,5,0.2,1,1,1.0,0,0,,2,8,10,4,0,3,3,0,3
2025-12-20_san_diego_cal_st_fullerton,San Diego,15,"Ruse, Eva",False,6,0,0,,0,0,,0,0,,0,1,1,2,0,2,0,0,0
2025-12-20_san_diego_cal_st_fullerton,San Diego,TM,TEAM,False,0,0,0,,0,0,,0,0,,2,1,3,0,0,5,0,0,0
2025-12-20_csu_bakersfield_eastern_wash,Eastern Wash.,22,"Grossman, Kourtney",True,38,7,13,0.538,3,7,0.429,4,8,0.5,4,13,17,3,1,3,1,2,21
2025-12-20_csu_bakersfield_eastern_wash,Eastern Wash.,02,"Gallatin, Ella",True,31,6,11,0.545,2,3,0.667,4,4,1.0,2,3,5,1,2,0,1,0,18
2025-12-20_csu_bakersfield_eastern_wash,Eastern Wash.,01,"Bowers, Elyn",True,33,5,14,0.357,0,3,0.0,3,4,0.75,0,2,2,4,3,0,0,0,13
2025-12-20_csu_bakersfield_eastern_wash,Eastern Wash.,10,"Eggers, Jaecy",True,29,1,12,0.083,0,5,0.0,10,14,0.714,4,3,7,4,2,1,3,1,12
2025-12-20_csu_bakersfield_eastern_wash,Eastern Wash.,13,"Gingras, Caitie",True,28,2,5,0.4,2,4,0.5,0,0,,0,0,0,5,0,3,0,2,6
2025-12-20_csu_bakersfield_eastern_wash,Eastern Wash.,52,"Hays, Bella",False,8,1,2,0.5,0,0,,0,2,0.0,1,0,1,0,0,0,0,0,2
2025-12-20_csu_bakersfield_eastern_wash,Eastern Wash.,23,"McElmurry, Emily",False,22,0,2,0.0,0,1,0.0,0,0,,0,3,3,4,0,0,0,1,0
2025-12-20_csu_bakersfield_eastern_wash,Eastern Wash.,03,"Gibbs, Madeline",False,6,0,2,0.0,0,2,0.0,0,0,,0,1,1,0,0,1,0,0,0
2025-12-20_csu_bakersfield_eastern_wash,Eastern Wash.,12,"Kirk, Paris",False,3,0,0,,0,0,,0,0,,0,0,0,0,0,0,0,0,0
2025-12-20_csu_bakersfield_eastern_wash,Eastern Wash.,21,"Romain, Léa-line",False,2,0,0,,0,0,,0,0,,0,0,0,0,0,0,0,0,0
2025-12-20_csu_bakersfield_eastern_wash,Eastern Wash.,TM,TEAM,False,0,0,0,,0,0,,0,0,,1,1,2,0,0,1,0,0,0
2025-12-20_csu_bakersfield_eastern_wash,CSU Bakersfield,08,"Langi, Marley",True,31,4,10,0.4,1,4,0.25,10,11,0.909,0,6,6,3,0,2,0,1,19
2025-12-20_csu_bakersfield_eastern_wash,CSU Bakersfield,14,"Hawkins, Morgan",True,39,4,9,0.444,3,3,1.0,5,6,0.833,0,2,2,2,1,0,0,0,16
2025-12-20_csu_bakersfield_eastern_wash,CSU Bakersfield,12,"Coleman , Chrishawn",True,30,6,13,0.462,3,4,0.75,0,0,,2,3,5,5,3,3,2,0,15
2025-12-20_csu_bakersfield_eastern_wash,CSU Bakersfield,24,"Ikidi, Tena",True,22,6,12,0.5,0,0,,3,7,0.429,4,12,16,4,0,2,2,1,15
2025-12-20_csu_bakersfield_eastern_wash,CSU Bakersfield,02,"Carter, Aliyah",True,32,4,6,0.667,0,0,,1,2,0.5,0,4,4,3,3,3,1,2,9
2025-12-20_csu_bakersfield_eastern_wash,CSU Bakersfield,11,"Dias, Maria",False,19,2,5,0.4,2,3,0.667,2,2,1.0,0,0,0,0,1,0,0,0,8
2025-12-20_csu_bakersfield_eastern_wash,CSU Bakersfield,21,"Sutherland, Tianna",False,2,1,1,1.0,0,0,,0,0,,0,1,1,0,0,0,0,0,2
2025-12-20_csu_bakersfield_eastern_wash,CSU Bakersfield,55,"Puletasi, Adrienne",False,1,0,0,,0,0,,1,2,0.5,0,0,0,0,0,0,0,0,1
2025-12-20_csu_bakersfield_eastern_wash,CSU Bakersfield,22,"Kincade, Dae’Jaidence",False,20,0,3,0.0,0,0,,0,0,,1,2,3,4,0,0,0,2,0
2025-12-20_csu_bakersfield_eastern_wash,CSU Bakersfield,01,"Finley, Zalissa",False,4,0,1,0.0,0,1,0.0,0,0,,0,2,2,0,0,0,0,0,0
2025-12-20_csu_bakersfield_eastern_wash,CSU Bakersfield,TM,TEAM,False,0,0,0,,0,0,,0,0,,4,2,6,0,0,1,0,0,0
2025-12-21_uc_riverside_gonzaga,Gonzaga,11,"Turner, Allie",True,35,5,11,0.455,3,5,0.6,5,6,0.833,1,2,3,1,1,3,1,1,18
2025-12-21_uc_riverside_gonzaga,Gonzaga,33,"Whittaker, Lauren",True,31,7,13,0.538,0,2,0.0,2,2,1.0,1,12,13,1,1,5,1,3,16
2025-12-21_uc_riverside_gonzaga,Gonzaga,20,"Smith, Taylor",True,23,3,7,0.429,0,1,0.0,2,4,0.5,0,1,1,2,7,1,1,1,8
2025-12-21_uc_riverside_gonzaga,Gonzaga,55,"Aokuso, Zeryhia",True,22,3,5,0.6,1,1,1.0,0,0,,2,1,3,4,2,3,0,1,7
2025-12-21_uc_riverside_gonzaga,Gonzaga,8,"Bettencourt, Ines",True,33,1,5,0.2,0,1,0.0,2,2,1.0,0,7,7,1,3,3,0,3,4
2025-12-21_uc_riverside_gonzaga,Gonzaga,22,"Dalan, McKynnlie",False,11,1,1,1.0,0,0,,5,6,0.833,0,1,1,0,2,1,1,0,7
2025-12-21_uc_riverside_gonzaga,Gonzaga,23,"Haile, Jaiden",False,16,2,6,0.333,0,0,,0,1,0.0,4,1,5,0,1,0,0,0,4
2025-12-21_uc_riverside_gonzaga,Gonzaga,24,"Gardner, Teryn",False,16,1,3,0.333,0,2,0.0,0,0,,0,0,0,3,0,0,0,0,2
2025-12-21_uc_riverside_gonzaga,Gonzaga,3,"Wilson, Julia",False,10,1,1,1.0,0,0,,0,2,0.0,0,1,1,0,2,2,1,1,2
2025-12-21_uc_riverside_gonzaga,Gonzaga,12,"Osarobo, Christabel",False,3,0,0,,0,0,,0,0,,0,3,3,0,0,1,0,0,0
2025-12-21_uc_riverside_gonzaga,Gonzaga,TM,TEAM,False,0,0,0,,0,0,,0,0,,1,1,2,0,0,2,0,0,0
2025-12-21_uc_riverside_gonzaga,UC Riverside,7,"Wickstrom, Hannah",True,36,9,15,0.6,1,3,0.333,3,5,0.6,2,5,7,1,3,3,0,3,22
2025-12-21_uc_riverside_gonzaga,UC Riverside,2,"Hackley, Seneca",True,34,8,18,0.444,2,5,0.4,0,0,,1,4,5,1,2,1,2,2,18
2025-12-21_uc_riverside_gonzaga,UC Riverside,1,"Polk, Kaylani",True,29,3,9,0.333,3,6,0.5,0,0,,0,0,0,4,6,3,0,0,9
2025-12-21_uc_riverside_gonzaga,UC Riverside,22,"Swanson, Taylor",True,24,2,7,0.286,0,2,0.0,0,0,,0,3,3,4,1,1,0,2,4
2025-12-21_uc_riverside_gonzaga,UC Riverside,41,"Shine, Bria",True,24,1,5,0.2,0,2,0.0,0,0,,0,4,4,4,0,1,0,0,2
2025-12-21_uc_riverside_gonzaga,UC Riverside,23,"Mejia, Maria",False,11,2,7,0.286,0,3,0.0,0,0,,0,0,0,2,3,0,0,1,4
2025-12-21_uc_riverside_gonzaga,UC Riverside,9,"Chocano, Maya",False,16,1,4,0.25,1,3,0.333,0,0,,1,2,3,2,0,1,0,0,3
2025-12-21_uc_riverside_gonzaga,UC Riverside,30,"Sylla, Dieynaba",False,16,0,0,,0,0,,0,0,,1,2,3,2,0,1,0,0,0
2025-12-21_uc_riverside_gonzaga,UC Riverside,10,"Minshall, Makayla",False,10,0,2,0.0,0,1,0.0,0,0,,1,0,1,2,1,2,0,1,0
2025-12-21_uc_riverside_gonzaga,UC Riverside,TM,TEAM,False,0,0,0,,0,0,,0,0,,5,1,6,0,0,1,0,0,0
2025-12-22_long_beach_st_toledo,Toledo,2,"Fedd-robinson, Faith",True,26,6,10,0.6,0,1,0.0,0,0,,0,4,4,2,2,4,1,2,12
2025-12-22_long_beach_st_toledo,Toledo,21,"Diala, Miriam",True,15,5,6,0.833,0,0,,2,2,1.0,0,1,1,3,0,2,2,0,12
2025-12-22_long_beach_st_toledo,Toledo,10,"Cole, Evalyse",True,26,4,7,0.571,1,2,0.5,0,0,,0,8,8,0,2,2,0,0,9
2025-12-22_long_beach_st_toledo,Toledo,4,"Carruthers, Kendall",True,28,2,9,0.222,0,2,0.0,4,5,0.8,1,2,3,2,4,4,0,3,8
2025-12-22_long_beach_st_toledo,Toledo,8,"Anumgba, Patricia",True,21,2,7,0.286,2,5,0.4,0,0,,0,3,3,3,2,1,0,0,6
2025-12-22_long_beach_st_toledo,Toledo,13,"Puot, Lizzy",False,15,3,3,1.0,0,0,,1,2,0.5,1,3,4,2,2,0,1,0,7
2025-12-22_long_beach_st_toledo,Toledo,12,"Weaver, Ella",False,20,2,2,1.0,2,2,1.0,0,0,,0,0,0,3,1,1,0,1,6
2025-12-22_long_beach_st_toledo,Toledo,5,"Hocevar, Alexa",False,16,1,5,0.2,0,3,0.0,1,2,0.5,0,5,5,1,2,2,0,2,3
2025-12-22_long_beach_st_toledo,Toledo,32,"Carrier, Evyn",False,6,0,2,0.0,0,0,,1,2,0.5,1,1,2,1,1,0,0,0,1
2025-12-22_long_beach_st_toledo,Toledo,24,"Dykstra, Cadence",False,16,0,0,,0,0,,0,0,,0,0,0,0,1,1,0,0,0
2025-12-22_long_beach_st_toledo,Toledo,22,"Dykstra, Elisha",False,11,0,2,0.0,0,2,0.0,0,0,,1,0,1,2,1,1,0,0,0
2025-12-22_long_beach_st_toledo,Toledo,TM,TEAM,False,0,0,0,,0,0,,0,0,,1,5,6,0,0,1,0,0,0
2025-12-22_long_beach_st_toledo,Long Beach St.,30,"Jones-brown, Jaquoia",True,40,7,11,0.636,0,1,0.0,7,9,0.778,1,2,3,4,0,2,0,0,21
2025-12-22_long_beach_st_toledo,Long Beach St.,13,"Pepe, Khylee",True,28,4,9,0.444,0,2,0.0,1,3,0.333,1,2,3,2,1,4,0,5,9
2025-12-22_long_beach_st_toledo,Long Beach St.,42,"Oliva Fernandez, Judit",True,20,1,9,0.111,1,1,1.0,1,2,0.5,1,3,4,3,1,3,0,0,4
2025-12-22_long_beach_st_toledo,Long Beach St.,5,"Ka, Kennan",True,35,1,4,0.25,1,3,0.333,0,0,,0,4,4,0,3,1,0,1,3
2025-12-22_long_beach_st_toledo,Long Beach St.,32,"Pukis, Brynna",True,26,1,4,0.25,0,2,0.0,0,0,,0,1,1,0,2,1,0,2,2
2025-12-22_long_beach_st_toledo,Long Beach St.,2,"Akot, Rosie",False,18,2,9,0.222,0,0,,0,2,0.0,2,4,6,2,1,4,0,1,4
2025-12-22_long_beach_st_toledo,Long Beach St.,10,"Reynoso, Christy",False,13,0,3,0.0,0,3,0.0,0,0,,0,0,0,1,0,1,0,1,0
2025-12-22_long_beach_st_toledo,Long Beach St.,25,"Mack, Morgan",False,10,0,2,0.0,0,1,0.0,0,0,,0,1,1,0,2,1,0,1,0
2025-12-22_long_beach_st_toledo,Long Beach St.,33,"Wright, Haley",False,9,0,3,0.0,0,1,0.0,0,0,,0,1,1,1,0,0,0,0,0
2025-12-22_long_beach_st_toledo,Long Beach St.,3,"Samuel-afolabi, Tairat",False,1,0,1,0.0,0,0,,0,0,,0,0,0,0,0,0,0,0,0
2025-12-22_long_beach_st_toledo,Long Beach St.,TM,TEAM,False,0,0,0,,0,0,,0,0,,3,0,3,0,0,0,0,0,0
2025-12-28_california_cal_poly,Cal Poly,00,"McManus, Vanessa",True,28,4,11,0.364,1,3,0.333,6,6,1.0,0,3,3,2,0,5,0,1,15
2025-12-28_california_cal_poly,Cal Poly,32,"Thompson, Charish",True,16,2,5,0.4,1,1,1.0,2,4,0.5,0,4,4,3,0,2,1,0,7
2025-12-28_california_cal_poly,Cal Poly,9,"Perez, Nora",True,32,2,7,0.286,0,0,,0,0,,1,2,3,1,2,1,0,0,4
2025-12-28_california_cal_poly,Cal Poly,5,"Robinson, Gabby",True,32,2,6,0.333,0,1,0.0,0,0,,1,5,6,0,4,1,0,1,4
2025-12-28_california_cal_poly,Cal Poly,22,"Goosby, Alana",True,26,1,3,0.333,0,0,,0,0,,0,3,3,0,2,2,0,3,2
2025-12-28_california_cal_poly,Cal Poly,11,"Knapp, Avery",False,18,3,7,0.429,1,2,0.5,0,0,,1,2,3,3,0,1,0,0,7
2025-12-28_california_cal_poly,Cal Poly,1,"Garcia, Arissa",False,13,1,3,0.333,0,0,,2,2,1.0,0,2,2,3,3,4,0,1,4
2025-12-28_california_cal_poly,Cal Poly,8,"Peiffer, Katie",False,8,1,4,0.25,1,3,0.333,0,0,,0,1,1,0,0,1,0,0,3
2025-12-28_california_cal_poly,Cal Poly,14,"Bears, Gillian",False,14,1,4,0.25,0,0,,0,0,,1,1,2,0,1,1,1,0,2
2025-12-28_california_cal_poly,Cal Poly,7,"Billing, Jordan",False,4,1,1,1.0,0,0,,0,0,,0,1,1,3,1,0,0,0,2
2025-12-28_california_cal_poly,Cal Poly,55,"Franklin, Vivian",False,9,0,1,0.0,0,1,0.0,0,0,,0,0,0,1,1,4,0,0,0
2025-12-28_california_cal_poly,Cal Poly,TM,TEAM,False,0,0,0,,0,0,,0,0,,6,1,7,0,0,1,0,0,0
2025-12-28_california_cal_poly,California,10,"Twidale, Lulu",True,26,7,13,0.538,5,11,0.455,0,0,,0,2,2,1,6,3,0,2,19
2025-12-28_california_cal_poly,California,1,"Sheppard, Mjracle",True,24,5,7,0.714,1,1,1.0,0,0,,0,1,1,1,2,0,0,3,11
2025-12-28_california_cal_poly,California,35,"Walker, Sakima",True,21,4,6,0.667,0,0,,1,3,0.333,1,7,8,3,1,3,1,0,9
2025-12-28_california_cal_poly,California,25,"Morris, Aliyahna",True,28,2,7,0.286,1,6,0.167,1,2,0.5,0,4,4,1,3,0,0,1,6
2025-12-28_california_cal_poly,California,3,"Barnes, Taylor",True,23,2,6,0.333,1,5,0.2,0,0,,1,3,4,1,4,2,2,0,5
2025-12-28_california_cal_poly,California,7,"Ojukwu, Naya",False,19,7,8,0.875,0,0,,2,4,0.5,4,1,5,1,0,0,2,1,16
2025-12-28_california_cal_poly,California,21,"Maul, Gisella",False,20,4,7,0.571,0,2,0.0,1,2,0.5,0,4,4,0,6,1,1,0,9
2025-12-28_california_cal_poly,California,23,"Drosouni, Anastasia",False,8,2,4,0.5,2,4,0.5,0,0,,0,0,0,0,0,0,0,0,6
2025-12-28_california_cal_poly,California,12,"McCallop, Grace",False,8,1,3,0.333,0,2,0.0,3,4,0.75,2,0,2,1,2,0,0,0,5
2025-12-28_california_cal_poly,California,6,"Johnson, Isis",False,6,2,2,1.0,0,0,,1,1,1.0,0,1,1,0,0,1,0,1,5
2025-12-28_california_cal_poly,California,5,"Donez, Lola",False,14,0,3,0.0,0,3,0.0,0,0,,1,0,1,1,0,0,0,1,0
2025-12-28_california_cal_poly,California,42,"Bowes, Sofia",False,3,0,1,0.0,0,1,0.0,0,0,,0,0,0,0,1,0,0,0,0
2025-12-28_california_cal_poly,California,TM,TEAM,False,0,0,0,,0,0,,0,0,,0,2,2,0,0,0,0,0,0
2025-12-28_cal_st_fullerton_la_sierra,La Sierra,02,"Sanchez, Amaya",True,19,3,6,0.5,0,1,0.0,0,0,,0,0,0,2,0,6,0,0,6
2025-12-28_cal_st_fullerton_la_sierra,La Sierra,03,"Martinez, Breonna",True,21,0,9,0.0,0,3,0.0,2,2,1.0,1,5,6,0,1,5,0,4,2
2025-12-28_cal_st_fullerton_la_sierra,La Sierra,06,"Watson, Akilah",True,15,1,8,0.125,0,2,0.0,0,0,,0,1,1,1,1,2,0,0,2
2025-12-28_cal_st_fullerton_la_sierra,La Sierra,33,"Munane, Naomie",True,17,0,3,0.0,0,0,,0,0,,2,0,2,1,0,0,0,1,0
2025-12-28_cal_st_fullerton_la_sierra,La Sierra,23,"Liu, Emily",True,9,0,3,0.0,0,2,0.0,0,0,,1,0,1,1,0,1,0,0,0
2025-12-28_cal_st_fullerton_la_sierra,La Sierra,08,"Garrett, Yasmine",False,20,1,5,0.2,0,2,0.0,1,1,1.0,0,2,2,0,1,7,0,2,3
2025-12-28_cal_st_fullerton_la_sierra,La Sierra,05,"Thomas, Brookelynn",False,15,0,3,0.0,0,2,0.0,3,4,0.75,1,0,1,2,0,3,0,1,3
2025-12-28_cal_st_fullerton_la_sierra,La Sierra,00,"Valdivia, Angeline",False,13,1,5,0.2,1,4,0.25,0,0,,0,0,0,2,0,4,0,1,3
2025-12-28_cal_st_fullerton_la_sierra,La Sierra,04,"Wilson, Sydeny",False,12,1,1,1.0,1,1,1.0,0,0,,0,0,0,1,0,3,1,0,3
2025-12-28_cal_st_fullerton_la_sierra,La Sierra,10,"Peters, Ty",False,15,0,2,0.0,0,0,,0,0,,1,1,2,1,1,3,0,1,0
2025-12-28_cal_st_fullerton_la_sierra,La Sierra,13,"Raleigh, Maysan",False,13,0,1,0.0,0,0,,0,0,,0,1,1,2,0,1,1,0,0
2025-12-28_cal_st_fullerton_la_sierra,La Sierra,14,"Gonzalez, Alexis",False,13,0,3,0.0,0,3,0.0,0,0,,1,0,1,1,1,0,0,1,0
2025-12-28_cal_st_fullerton_la_sierra,La Sierra,34,"Smith, Crystal",False,11,0,0,,0,0,,0,0,,1,2,3,2,0,3,0,0,0
2025-12-28_cal_st_fullerton_la_sierra,La Sierra,12,"Vasquez, Kayleen",False,6,0,2,0.0,0,0,,0,0,,1,1,2,2,0,0,0,0,0
2025-12-28_cal_st_fullerton_la_sierra,La Sierra,44,"Cephas, Dana",False,1,0,1,0.0,0,0,,0,0,,0,0,0,0,0,0,0,0,0
2025-12-28_cal_st_fullerton_la_sierra,La Sierra,TM,TEAM,False,0,0,0,,0,0,,0,0,,3,4,7,0,0,2,0,0,0
2025-12-28_cal_st_fullerton_la_sierra,Cal St. Fullerton,55,"Jones, Cristina",True,17,11,13,0.846,0,0,,3,3,1.0,4,4,8,1,3,2,0,5,25
2025-12-28_cal_st_fullerton_la_sierra,Cal St. Fullerton,10,"Swindle, Dylan",True,18,6,12,0.5,1,3,0.333,0,1,0.0,1,0,1,1,1,1,0,1,13
2025-12-28_cal_st_fullerton_la_sierra,Cal St. Fullerton,01,"Moon, Mimi",True,24,5,10,0.5,0,2,0.0,2,2,1.0,1,2,3,0,6,2,0,5,12
2025-12-28_cal_st_fullerton_la_sierra,Cal St. Fullerton,00,"Steiner, Nicole",True,18,5,9,0.556,0,0,,0,0,,4,4,8,0,2,1,0,2,10
2025-12-28_cal_st_fullerton_la_sierra,Cal St. Fullerton,04,"Falsdottir, Jana",True,18,4,6,0.667,1,3,0.333,0,0,,1,2,3,0,4,0,0,2,9
2025-12-28_cal_st_fullerton_la_sierra,Cal St. Fullerton,05,"Sutisna, Maxine",False,19,4,7,0.571,0,0,,4,4,1.0,1,1,2,4,3,1,1,3,12
2025-12-28_cal_st_fullerton_la_sierra,Cal St. Fullerton,23,"Maxwell, Talia",False,22,2,5,0.4,0,0,,5,7,0.714,5,3,8,1,1,4,2,1,9
2025-12-28_cal_st_fullerton_la_sierra,Cal St. Fullerton,13,"Petersen, Lilliana",False,16,3,10,0.3,0,4,0.0,1,2,0.5,5,4,9,1,1,2,0,2,7
2025-12-28_cal_st_fullerton_la_sierra,Cal St. Fullerton,24,"Orhan, Basak",False,22,2,4,0.5,0,2,0.0,2,2,1.0,1,6,7,1,1,2,0,2,6
2025-12-28_cal_st_fullerton_la_sierra,Cal St. Fullerton,33,"Pearson, Kya",False,5,1,1,1.0,1,1,1.0,0,0,,0,0,0,3,2,0,0,0,3
2025-12-28_cal_st_fullerton_la_sierra,Cal St. Fullerton,22,"Muniz, Madelynn",False,11,1,5,0.2,0,2,0.0,0,0,,0,2,2,0,2,1,0,1,2
2025-12-28_cal_st_fullerton_la_sierra,Cal St. Fullerton,03,"Tauro, Maddy",False,10,0,5,0.0,0,0,,2,2,1.0,2,4,6,3,1,1,0,4,2
2025-12-28_cal_st_fullerton_la_sierra,Cal St. Fullerton,TM,TEAM,False,0,0,0,,0,0,,0,0,,4,2,6,0,0,0,0,0,0
2025-12-29_long_beach_st_hope_intl,Hope Int'l,24,"Chuang, Nicole",True,38,7,19,0.368,4,13,0.308,4,6,0.667,0,3,3,0,1,1,1,0,22
2025-12-29_long_beach_st_hope_intl,Hope Int'l,25,"Austin, Amira",True,34,6,13,0.462,2,3,0.667,0,0,,0,8,8,5,4,3,4,2,14
2025-12-29_long_beach_st_hope_intl,Hope Int'l,12,"Javier, Andrea",True,28,4,9,0.444,0,2,0.0,3,4,0.75,0,6,6,2,3,2,0,0,11
2025-12-29_long_beach_st_hope_intl,Hope Int'l,1,"Acuna, Natalie",True,23,2,9,0.222,1,5,0.2,0,0,,1,2,3,1,1,1,0,0,5
2025-12-29_long_beach_st_hope_intl,Hope Int'l,20,"de Leon, Angelina",True,28,1,4,0.25,0,2,0.0,2,4,0.5,2,5,7,4,1,0,2,3,4
2025-12-29_long_beach_st_hope_intl,Hope Int'l,30,"Gonzalez, Aliyah",False,27,2,6,0.333,2,5,0.4,0,0,,2,4,6,2,2,2,0,2,6
2025-12-29_long_beach_st_hope_intl,Hope Int'l,22,"Long, Jada",False,12,0,5,0.0,0,4,0.0,0,0,,0,0,0,1,0,0,0,0,0
2025-12-29_long_beach_st_hope_intl,Hope Int'l,13,"Coleman, Jamelia",False,10,0,4,0.0,0,3,0.0,0,0,,0,3,3,2,0,0,0,0,0
2025-12-29_long_beach_st_hope_intl,Hope Int'l,TM,TEAM,False,0,0,0,,0,0,,0,0,,3,2,5,0,0,0,0,0,0
2025-12-29_long_beach_st_hope_intl,Long Beach St.,30,"Jones-brown, Jaquoia",True,40,9,18,0.5,0,1,0.0,5,6,0.833,6,11,17,0,4,1,1,1,23
2025-12-29_long_beach_st_hope_intl,Long Beach St.,42,"Oliva Fernandez, Judit",True,28,5,15,0.333,3,6,0.5,0,2,0.0,1,9,10,1,6,5,5,2,13
2025-12-29_long_beach_st_hope_intl,Long Beach St.,5,"Ka, Kennan",True,39,4,13,0.308,0,1,0.0,2,2,1.0,4,3,7,1,2,1,0,0,10
2025-12-29_long_beach_st_hope_intl,Long Beach St.,13,"Pepe, Khylee",True,11,2,7,0.286,0,1,0.0,0,0,,0,3,3,0,0,0,0,0,4
2025-12-29_long_beach_st_hope_intl,Long Beach St.,10,"Reynoso, Christy",True,27,1,4,0.25,1,4,0.25,0,0,,0,3,3,2,2,1,0,0,3
2025-12-29_long_beach_st_hope_intl,Long Beach St.,25,"Mack, Morgan",False,17,4,7,0.571,0,1,0.0,0,0,,2,4,6,2,0,0,0,0,8
2025-12-29_long_beach_st_hope_intl,Long Beach St.,33,"Wright, Haley",False,12,1,3,0.333,1,2,0.5,1,2,0.5,1,1,2,0,0,0,0,0,4
2025-12-29_long_beach_st_hope_intl,Long Beach St.,32,"Pukis, Brynna",False,18,1,3,0.333,0,2,0.0,0,0,,0,0,0,2,2,1,1,1,2
2025-12-29_long_beach_st_hope_intl,Long Beach St.,3,"Samuel-afolabi, Tairat",False,6,0,2,0.0,0,0,,1,2,0.5,1,0,1,0,0,0,0,0,1
2025-12-29_long_beach_st_hope_intl,Long Beach St.,2,"Akot, Rosie",False,2,0,2,0.0,0,0,,0,0,,0,1,1,0,0,0,0,0,0
2025-12-29_long_beach_st_hope_intl,Long Beach St.,TM,TEAM,False,0,0,0,,0,0,,0,0,,1,4,5,0,0,0,0,0,0
2025-12-30_uc_riverside_uc_merced,UC Merced,20,"Flores, Mariah",True,32,6,15,0.4,2,8,0.25,3,4,0.75,0,2,2,2,2,4,1,2,17
2025-12-30_uc_riverside_uc_merced,UC Merced,00,"Nagra, Sarina",True,26,3,9,0.333,2,5,0.4,0,0,,0,3,3,1,2,1,0,1,8
2025-12-30_uc_riverside_uc_merced,UC Merced,35,"Lukito, Nicole",True,24,1,5,0.2,1,2,0.5,2,2,1.0,3,6,9,2,2,4,1,0,5
2025-12-30_uc_riverside_uc_merced,UC Merced,44,"Ramirez, Paloma",True,34,2,13,0.154,0,4,0.0,0,0,,0,2,2,0,4,7,0,2,4
2025-12-30_uc_riverside_uc_merced,UC Merced,8,"Lebeau, Elise",True,25,1,1,1.0,1,1,1.0,0,2,0.0,0,0,0,3,2,4,0,1,3
2025-12-30_uc_riverside_uc_merced,UC Merced,30,"Godfrey, Quinn",False,22,4,6,0.667,0,0,,0,0,,2,3,5,4,0,2,2,0,8
2025-12-30_uc_riverside_uc_merced,UC Merced,24,"Salzler, Kylie",False,11,1,4,0.25,0,1,0.0,2,2,1.0,0,2,2,1,0,2,0,0,4
2025-12-30_uc_riverside_uc_merced,UC Merced,13,"Torrez, Amanda",False,14,1,3,0.333,0,1,0.0,1,2,0.5,1,1,2,1,1,1,0,0,3
2025-12-30_uc_riverside_uc_merced,UC Merced,14,"Rojo Valdez, Ixchel",False,7,0,0,,0,0,,0,0,,0,3,3,2,0,1,0,1,0
2025-12-30_uc_riverside_uc_merced,UC Merced,21,"Latif, Aliya",False,5,0,0,,0,0,,0,0,,0,0,0,0,0,0,0,0,0
2025-12-30_uc_riverside_uc_merced,UC Merced,TM,TEAM,False,0,0,0,,0,0,,0,0,,2,1,3,0,0,0,0,0,0
2025-12-30_uc_riverside_uc_merced,UC Riverside,7,"Wickstrom, Hannah",True,21,13,17,0.765,2,3,0.667,2,2,1.0,1,4,5,1,2,0,0,7,30
2025-12-30_uc_riverside_uc_merced,UC Riverside,22,"Swanson, Taylor",True,21,7,9,0.778,2,3,0.667,5,7,0.714,1,4,5,2,2,0,0,3,21
2025-12-30_uc_riverside_uc_merced,UC Riverside,2,"Hackley, Seneca",True,23,7,11,0.636,1,2,0.5,4,4,1.0,4,2,6,1,6,1,0,6,19
2025-12-30_uc_riverside_uc_merced,UC Riverside,1,"Polk, Kaylani",True,22,1,5,0.2,1,4,0.25,0,0,,2,1,3,1,4,2,0,2,3
2025-12-30_uc_riverside_uc_merced,UC Riverside,41,"Shine, Bria",True,19,0,1,0.0,0,1,0.0,1,2,0.5,0,3,3,1,1,0,0,1,1
2025-12-30_uc_riverside_uc_merced,UC Riverside,9,"Chocano, Maya",False,19,2,8,0.25,0,4,0.0,3,4,0.75,0,5,5,0,0,2,0,0,7
2025-12-30_uc_riverside_uc_merced,UC Riverside,10,"Minshall, Makayla",False,19,1,9,0.111,1,7,0.143,2,2,1.0,1,1,2,3,0,2,0,1,5
2025-12-30_uc_riverside_uc_merced,UC Riverside,23,"Mejia, Maria",False,18,1,2,0.5,0,1,0.0,1,5,0.2,0,0,0,2,3,3,0,0,3
2025-12-30_uc_riverside_uc_merced,UC Riverside,11,"Cobbs, Jayda",False,17,1,6,0.167,0,2,0.0,0,0,,1,4,5,3,2,1,0,2,2
2025-12-30_uc_riverside_uc_merced,UC Riverside,32,"Moreno Tallon, Lucia",False,10,1,2,0.5,0,0,,0,2,0.0,4,2,6,1,0,1,1,0,2
2025-12-30_uc_riverside_uc_merced,UC Riverside,30,"Sylla, Dieynaba",False,11,0,1,0.0,0,0,,0,0,,1,2,3,0,0,0,0,0,0
2025-12-30_uc_riverside_uc_merced,UC Riverside,TM,TEAM,False,0,0,0,,0,0,,0,0,,4,3,7,0,0,0,0,0,0
2026-01-01_csun_uc_davis,UC Davis,2,"Bennett, Ryann",True,31,12,17,0.706,2,3,0.667,0,0,,1,4,5,2,3,1,0,4,26
2026-01-01_csun_uc_davis,UC Davis,9,"Sussex, Avery",True,29,4,11,0.364,3,9,0.333,2,2,1.0,0,0,0,2,5,2,1,2,13
2026-01-01_csun_uc_davis,UC Davis,4,"Epps, Nya",True,32,5,14,0.357,2,9,0.222,0,0,,1,3,4,1,3,1,0,2,12
2026-01-01_csun_uc_davis,UC Davis,10,"Young, Tegan",True,26,5,6,0.833,0,1,0.0,1,1,1.0,2,1,3,2,2,1,1,1,11
2026-01-01_csun_uc_davis,UC Davis,25,"Norris, Megan",True,32,5,8,0.625,0,3,0.0,0,2,0.0,2,14,16,3,4,1,2,0,10
2026-01-01_csun_uc_davis,UC Davis,23,"Baker, Victoria",False,17,2,4,0.5,1,1,1.0,0,0,,0,3,3,2,1,4,0,1,5
2026-01-01_csun_uc_davis,UC Davis,21,"Tsami, Theoni",False,8,2,2,1.0,1,1,1.0,0,0,,0,1,1,1,1,1,1,0,5
2026-01-01_csun_uc_davis,UC Davis,11,"Ersdala, Emmy",False,19,1,2,0.5,0,0,,1,1,1.0,1,4,5,1,1,3,0,0,3
2026-01-01_csun_uc_davis,UC Davis,15,"Lentfer, Sophie",False,6,0,1,0.0,0,1,0.0,0,0,,0,1,1,2,0,0,0,0,0
2026-01-01_csun_uc_davis,UC Davis,TM,TEAM,False,0,0,0,,0,0,,0,0,,2,1,3,0,0,1,0,0,0
2026-01-01_csun_uc_davis,CSUN,2,"White, Saray",True,31,6,12,0.5,1,2,0.5,5,6,0.833,0,4,4,3,3,2,1,2,18
2026-01-01_csun_uc_davis,CSUN,3,"Tumlin, Kelly",True,24,2,7,0.286,2,6,0.333,0,0,,0,2,2,0,3,2,0,0,6
2026-01-01_csun_uc_davis,CSUN,33,"Nazário, Rita",True,22,2,8,0.25,2,7,0.286,0,0,,0,2,2,1,1,2,0,0,6
2026-01-01_csun_uc_davis,CSUN,34,"Bernard, Nadia",True,13,2,5,0.4,0,0,,2,2,1.0,1,2,3,2,0,1,0,0,6
2026-01-01_csun_uc_davis,CSUN,22,"Dahlin, Laini",True,27,0,1,0.0,0,1,0.0,0,0,,0,0,0,1,0,2,0,2,0
2026-01-01_csun_uc_davis,CSUN,00,"Gbemuotor, Jite",False,26,5,10,0.5,1,4,0.25,2,6,0.333,3,6,9,2,0,3,0,4,13
2026-01-01_csun_uc_davis,CSUN,1,"Moody, Amya",False,16,3,10,0.3,2,5,0.4,0,0,,1,1,2,0,2,0,0,0,8
2026-01-01_csun_uc_davis,CSUN,12,"Aspajo, Erika",False,20,2,4,0.5,0,1,0.0,0,0,,1,2,3,2,3,1,0,3,4
2026-01-01_csun_uc_davis,CSUN,4,"Edwards, Morgan",False,11,1,4,0.25,1,3,0.333,0,0,,0,0,0,2,1,0,0,1,3
2026-01-01_csun_uc_davis,CSUN,24,"Cos-morales, Mariona",False,9,1,1,1.0,0,0,,0,0,,0,0,0,1,0,0,1,0,2
2026-01-01_csun_uc_davis,CSUN,23,"Contreras, Maya",False,1,0,1,0.0,0,0,,0,0,,0,0,0,0,0,0,0,0,0
2026-01-01_csun_uc_davis,CSUN,TM,TEAM,False,0,0,0,,0,0,,0,0,,3,2,5,0,0,0,0,0,0
2026-01-01_hawaii_uc_riverside,UC Riverside,07,"Wickstrom, Hannah",True,36,11,19,0.579,3,6,0.5,11,11,1.0,1,5,6,1,2,3,0,2,36
2026-01-01_hawaii_uc_riverside,UC Riverside,02,"Hackley, Seneca",True,29,3,9,0.333,0,2,0.0,5,6,0.833,0,3,3,4,2,1,0,3,11
2026-01-01_hawaii_uc_riverside,UC Riverside,01,"Polk, Kaylani",True,34,3,8,0.375,1,5,0.2,0,0,,1,6,7,3,3,2,0,1,7
2026-01-01_hawaii_uc_riverside,UC Riverside,41,"Shine, Bria",True,32,2,4,0.5,0,1,0.0,0,0,,1,4,5,0,3,1,1,0,4
2026-01-01_hawaii_uc_riverside,UC Riverside,22,"Swanson, Taylor",True,23,2,6,0.333,0,1,0.0,0,0,,1,2,3,3,0,2,0,2,4
2026-01-01_hawaii_uc_riverside,UC Riverside,23,"Mejia, Maria",False,6,1,1,1.0,1,1,1.0,0,0,,0,1,1,0,0,1,0,0,3
2026-01-01_hawaii_uc_riverside,UC Riverside,09,"Chocano, Maya",False,17,0,1,0.0,0,1,0.0,0,0,,0,3,3,1,1,2,0,1,0
2026-01-01_hawaii_uc_riverside,UC Riverside,10,"Minshall, Makayla",False,13,0,3,0.0,0,2,0.0,0,2,0.0,0,0,0,2,0,1,0,0,0
2026-01-01_hawaii_uc_riverside,UC Riverside,30,"Sylla, Dieynaba",False,4,0,0,,0,0,,0,0,,0,0,0,0,0,0,0,0,0
2026-01-01_hawaii_uc_riverside,UC Riverside,32,"Moreno Tallon, Lucia",False,4,0,0,,0,0,,0,0,,0,0,0,0,0,0,0,0,0
2026-01-01_hawaii_uc_riverside,UC Riverside,11,"Cobbs, Jayda",False,2,0,2,0.0,0,2,0.0,0,0,,1,1,2,0,0,1,0,0,0
2026-01-01_hawaii_uc_riverside,UC Riverside,TM,TEAM,False,0,0,0,,0,0,,0,0,,3,3,6,0,0,1,0,0,0
2026-01-01_hawaii_uc_riverside,Hawaii,03,"Flavell, Bailey",True,28,5,11,0.455,0,1,0.0,5,6,0.833,1,1,2,3,0,2,1,1,15
2026-01-01_hawaii_uc_riverside,Hawaii,33,"Neverson, Saniyah",True,27,5,9,0.556,0,4,0.0,1,2,0.5,1,1,2,2,0,0,1,1,11
2026-01-01_hawaii_uc_riverside,Hawaii,04,"Lefotu, Jovi",True,17,1,6,0.167,0,1,0.0,0,0,,0,2,2,3,0,4,0,1,2
2026-01-01_hawaii_uc_riverside,Hawaii,24,"Tamilo, Ritorya",True,12,1,4,0.25,0,0,,0,0,,3,3,6,1,0,0,2,1,2
2026-01-01_hawaii_uc_riverside,Hawaii,06,"Webb, Kyra",True,15,0,2,0.0,0,2,0.0,0,2,0.0,1,1,2,2,0,4,0,2,0
2026-01-01_hawaii_uc_riverside,Hawaii,11,"Curtis, Keiara",False,26,7,15,0.467,2,6,0.333,1,2,0.5,0,0,0,2,3,1,1,1,17
2026-01-01_hawaii_uc_riverside,Hawaii,12,"Perez, Imani",False,28,3,9,0.333,1,3,0.333,1,2,0.5,3,9,12,0,1,1,1,0,8
2026-01-01_hawaii_uc_riverside,Hawaii,22,"Peacock, Jade",False,27,1,3,0.333,1,2,0.5,0,0,,1,5,6,4,3,0,2,1,3
2026-01-01_hawaii_uc_riverside,Hawaii,20,"Forsyth, Izzy",False,13,0,1,0.0,0,1,0.0,0,0,,0,2,2,1,0,1,0,1,0
2026-01-01_hawaii_uc_riverside,Hawaii,02,"Bond, Teyahna",False,4,0,0,,0,0,,0,0,,0,0,0,1,0,1,0,0,0
2026-01-01_hawaii_uc_riverside,Hawaii,08,"Moors, Rebecca",False,3,0,0,,0,0,,0,0,,0,0,0,1,0,0,0,0,0
2026-01-01_hawaii_uc_riverside,Hawaii,TM,TEAM,False,0,0,0,,0,0,,0,0,,0,1,1,0,0,0,0,0,0
2026-01-01_uc_irvine_csu_bakersfield,CSU Bakersfield,12,"Coleman, Chrishawn",True,33,10,21,0.476,3,8,0.375,6,6,1.0,4,7,11,3,1,3,0,3,29
2026-01-01_uc_irvine_csu_bakersfield,CSU Bakersfield,13,"Hawkins, Morgan",True,35,2,7,0.286,1,5,0.2,4,4,1.0,0,0,0,1,2,4,0,2,9
2026-01-01_uc_irvine_csu_bakersfield,CSU Bakersfield,24,"Ikidi, Tena",True,33,1,6,0.167,0,0,,2,4,0.5,3,4,7,3,1,2,0,0,4
2026-01-01_uc_irvine_csu_bakersfield,CSU Bakersfield,8,"Langi, Marley",True,22,1,6,0.167,0,3,0.0,0,0,,0,3,3,5,1,1,1,1,2
2026-01-01_uc_irvine_csu_bakersfield,CSU Bakersfield,2,"Carter, Aliyah",True,16,0,2,0.0,0,0,,0,2,0.0,2,1,3,4,4,0,0,0,0
2026-01-01_uc_irvine_csu_bakersfield,CSU Bakersfield,11,"Dias, Maria",False,31,7,12,0.583,5,9,0.556,0,0,,0,2,2,4,1,3,0,2,19
2026-01-01_uc_irvine_csu_bakersfield,CSU Bakersfield,22,"Kincade, Dae'jaidence",False,12,0,3,0.0,0,0,,0,0,,1,2,3,1,0,1,0,0,0
2026-01-01_uc_irvine_csu_bakersfield,CSU Bakersfield,55,"Puletasi, Adrienne",False,6,0,0,,0,0,,0,0,,0,0,0,0,1,0,0,0,0
2026-01-01_uc_irvine_csu_bakersfield,CSU Bakersfield,21,"Sutherland, Tianna",False,4,0,0,,0,0,,0,0,,0,1,1,1,0,0,0,0,0
2026-01-01_uc_irvine_csu_bakersfield,CSU Bakersfield,7,"Gallatly, Jaime",False,3,0,0,,0,0,,0,0,,0,0,0,0,0,0,0,0,0
2026-01-01_uc_irvine_csu_bakersfield,CSU Bakersfield,1,"Finley, Zalissa",False,2,0,0,,0,0,,0,0,,0,0,0,0,0,1,0,0,0
2026-01-01_uc_irvine_csu_bakersfield,CSU Bakersfield,4,"Powell, Ophelia",False,2,0,1,0.0,0,1,0.0,0,0,,0,0,0,0,0,1,0,0,0
2026-01-01_uc_irvine_csu_bakersfield,CSU Bakersfield,30,"Dioli, Alli",False,1,0,1,0.0,0,1,0.0,0,0,,0,0,0,0,0,0,0,0,0
2026-01-01_uc_irvine_csu_bakersfield,CSU Bakersfield,TM,TEAM,False,0,0,0,,0,0,,0,0,,1,3,4,0,0,1,0,0,0
2026-01-01_uc_irvine_csu_bakersfield,UC Irvine,20,"Hernandez, Hunter",True,37,8,16,0.5,2,4,0.5,9,10,0.9,3,8,11,2,4,5,0,1,27
2026-01-01_uc_irvine_csu_bakersfield,UC Irvine,23,"Wynn, Jada",True,36,7,14,0.5,4,9,0.444,7,8,0.875,1,6,7,3,3,1,0,2,25
2026-01-01_uc_irvine_csu_bakersfield,UC Irvine,12,"Nahum, Shirel",True,25,2,4,0.5,1,1,1.0,3,4,0.75,3,2,5,2,3,3,0,3,8
2026-01-01_uc_irvine_csu_bakersfield,UC Irvine,10,"Madsen, Lauryn",True,32,1,6,0.167,0,5,0.0,0,0,,0,3,3,1,2,0,0,1,2
2026-01-01_uc_irvine_csu_bakersfield,UC Irvine,14,"Hanson, Summah",True,16,0,4,0.0,0,2,0.0,2,2,1.0,0,3,3,2,1,0,0,1,2
2026-01-01_uc_irvine_csu_bakersfield,UC Irvine,13,"Stores, Nohe'alani",False,15,2,4,0.5,0,0,,2,2,1.0,1,1,2,1,1,1,1,0,6
2026-01-01_uc_irvine_csu_bakersfield,UC Irvine,1,"Grant, Ameerah",False,11,1,2,0.5,1,1,1.0,2,2,1.0,0,3,3,3,0,0,0,0,5
2026-01-01_uc_irvine_csu_bakersfield,UC Irvine,9,"Falcon Hernandez, Daniela",False,11,2,4,0.5,1,3,0.333,0,0,,0,1,1,1,0,0,0,0,5
2026-01-01_uc_irvine_csu_bakersfield,UC Irvine,24,"Zonzon-huyghe, Naomy",False,14,1,2,0.5,0,0,,0,0,,0,0,0,1,2,0,0,0,2
2026-01-01_uc_irvine_csu_bakersfield,UC Irvine,2,"Hernandez, Haley",False,1,0,0,,0,0,,0,0,,0,0,0,0,1,1,0,0,0
2026-01-01_uc_irvine_csu_bakersfield,UC Irvine,8,"Wormly, Kianna",False,1,0,0,,0,0,,0,0,,0,0,0,0,0,0,0,0,0
2026-01-01_uc_irvine_csu_bakersfield,UC Irvine,22,"Noa, Reese",False,1,0,0,,0,0,,0,0,,0,0,0,0,0,0,0,0,0
2026-01-01_uc_irvine_csu_bakersfield,UC Irvine,TM,TEAM,False,0,0,0,,0,0,,0,0,,1,0,1,0,0,0,0,0,0
2026-01-01_uc_san_diego_cal_poly,Cal Poly,00,"McManus, Vanessa",True,34,6,15,0.4,3,7,0.429,2,2,1.0,1,4,5,1,2,4,0,0,17
2026-01-01_uc_san_diego_cal_poly,Cal Poly,32,"Thompson, Charish",True,22,5,7,0.714,0,0,,0,0,,0,2,2,2,3,1,0,1,10
2026-01-01_uc_san_diego_cal_poly,Cal Poly,22,"Goosby, Alana",True,29,3,6,0.5,1,1,1.0,0,0,,0,3,3,1,1,2,0,0,7
2026-01-01_uc_san_diego_cal_poly,Cal Poly,05,"Robinson, Gabby",True,30,2,6,0.333,0,1,0.0,2,2,1.0,0,6,6,4,1,5,0,1,6
2026-01-01_uc_san_diego_cal_poly,Cal Poly,09,"Perez, Nora",True,11,0,1,0.0,0,0,,1,2,0.5,0,1,1,2,1,0,0,0,1
2026-01-01_uc_san_diego_cal_poly,Cal Poly,21,"Vail, Dulci",False,21,1,6,0.167,0,0,,2,2,1.0,3,3,6,2,1,0,1,1,4
2026-01-01_uc_san_diego_cal_poly,Cal Poly,11,"Knapp, Avery",False,16,1,4,0.25,0,0,,2,2,1.0,2,1,3,3,1,1,0,0,4
2026-01-01_uc_san_diego_cal_poly,Cal Poly,01,"Garcia, Arissa",False,18,1,8,0.125,0,3,0.0,1,2,0.5,0,1,1,3,2,0,0,0,3
2026-01-01_uc_san_diego_cal_poly,Cal Poly,07,"Billing, Jordan",False,7,1,4,0.25,0,3,0.0,0,0,,1,2,3,0,1,1,0,0,2
2026-01-01_uc_san_diego_cal_poly,Cal Poly,25,"Sharvit, Maya",False,12,0,0,,0,0,,0,0,,0,2,2,3,1,2,1,0,0
2026-01-01_uc_san_diego_cal_poly,Cal Poly,TM,TEAM,False,0,0,0,,0,0,,0,0,,3,1,4,0,0,0,0,0,0
2026-01-01_uc_san_diego_cal_poly,UC San Diego,12,"Smith, Rosa",True,34,7,11,0.636,4,8,0.5,3,4,0.75,1,4,5,0,8,2,0,3,21
2026-01-01_uc_san_diego_cal_poly,UC San Diego,11,"Condron, Erin",True,18,6,8,0.75,0,0,,2,4,0.5,3,3,6,3,0,1,1,1,14
2026-01-01_uc_san_diego_cal_poly,UC San Diego,15,"Ma, Sabrina",True,33,5,14,0.357,2,9,0.222,0,0,,1,3,4,2,1,1,2,1,12
2026-01-01_uc_san_diego_cal_poly,UC San Diego,04,"Rose, Makayla",True,32,2,11,0.182,0,4,0.0,0,0,,2,2,4,0,2,2,0,2,4
2026-01-01_uc_san_diego_cal_poly,UC San Diego,10,"Maxie, Dymonique",True,22,1,5,0.2,0,2,0.0,1,2,0.5,0,2,2,5,2,3,0,0,3
2026-01-01_uc_san_diego_cal_poly,UC San Diego,25,"Mahan, Junaé",False,18,2,4,0.5,1,1,1.0,2,2,1.0,0,4,4,1,1,1,0,1,7
2026-01-01_uc_san_diego_cal_poly,UC San Diego,24,"Price, Niya",False,15,2,6,0.333,1,4,0.25,0,0,,0,3,3,4,0,1,0,1,5
2026-01-01_uc_san_diego_cal_poly,UC San Diego,21,"Polocheck, Nicki",False,10,2,2,1.0,0,0,,1,1,1.0,2,0,2,1,0,0,0,0,5
2026-01-01_uc_san_diego_cal_poly,UC San Diego,13,"Feiman, Lev",False,14,1,3,0.333,0,1,0.0,0,0,,2,1,3,2,3,1,0,0,2
2026-01-01_uc_san_diego_cal_poly,UC San Diego,30,"Sule, Damilola",False,4,1,1,1.0,0,0,,0,0,,0,0,0,0,0,0,0,0,2
2026-01-01_uc_san_diego_cal_poly,UC San Diego,TM,TEAM,False,0,0,0,,0,0,,0,0,,1,4,5,0,0,0,0,0,0
2026-01-01_uc_santa_barbara_cal_st_fullerton,Cal St. Fullerton,55,"Jones, Cristina",True,25,8,15,0.533,0,0,,1,2,0.5,4,3,7,4,0,4,0,0,17
2026-01-01_uc_santa_barbara_cal_st_fullerton,Cal St. Fullerton,00,"Steiner, Nicole",True,38,6,11,0.545,0,0,,4,6,0.667,8,5,13,1,1,3,0,3,16
2026-01-01_uc_santa_barbara_cal_st_fullerton,Cal St. Fullerton,33,"Pearson, Kya",True,28,3,9,0.333,0,3,0.0,0,0,,1,3,4,3,0,1,0,2,6
2026-01-01_uc_santa_barbara_cal_st_fullerton,Cal St. Fullerton,10,"Swindle, Dylan",True,26,2,6,0.333,0,4,0.0,2,2,1.0,1,0,1,4,2,2,1,2,6
2026-01-01_uc_santa_barbara_cal_st_fullerton,Cal St. Fullerton,04,"Falsdottir, Jana",True,34,2,7,0.286,0,2,0.0,0,0,,1,1,2,3,4,1,0,5,4
2026-01-01_uc_santa_barbara_cal_st_fullerton,Cal St. Fullerton,05,"Sutisna, Maxine",False,12,3,8,0.375,2,6,0.333,0,0,,1,2,3,3,0,1,0,1,8
2026-01-01_uc_santa_barbara_cal_st_fullerton,Cal St. Fullerton,03,"Tauro, Maddy",False,16,2,12,0.167,0,1,0.0,1,1,1.0,0,0,0,0,0,1,0,1,5
2026-01-01_uc_santa_barbara_cal_st_fullerton,Cal St. Fullerton,22,"Muniz, Madelynn",False,12,0,3,0.0,0,3,0.0,0,0,,1,0,1,2,1,0,0,0,0
2026-01-01_uc_santa_barbara_cal_st_fullerton,Cal St. Fullerton,01,"Moon, Mimi",False,4,0,1,0.0,0,0,,0,0,,0,0,0,1,0,0,0,1,0
2026-01-01_uc_santa_barbara_cal_st_fullerton,Cal St. Fullerton,23,"Maxwell, Talia",False,4,0,1,0.0,0,0,,0,0,,0,0,0,0,0,0,0,1,0
2026-01-01_uc_santa_barbara_cal_st_fullerton,Cal St. Fullerton,13,"Petersen, Lilliana",False,1,0,0,,0,0,,0,0,,0,0,0,0,0,0,0,0,0
2026-01-01_uc_santa_barbara_cal_st_fullerton,Cal St. Fullerton,TM,TEAM,False,0,0,0,,0,0,,0,0,,7,2,9,0,0,0,0,0,0
2026-01-01_uc_santa_barbara_cal_st_fullerton,UC Santa Barbara,02,"Borter, Zoe",True,39,4,11,0.364,3,7,0.429,1,2,0.5,0,1,1,2,1,3,0,0,12
2026-01-01_uc_santa_barbara_cal_st_fullerton,UC Santa Barbara,23,"Shaw, Zoe",True,25,3,7,0.429,2,5,0.4,2,2,1.0,0,3,3,0,0,1,0,1,10
2026-01-01_uc_santa_barbara_cal_st_fullerton,UC Santa Barbara,05,"Bradley, Olivia",True,26,4,7,0.571,1,2,0.5,0,0,,3,3,6,3,0,2,1,0,9
2026-01-01_uc_santa_barbara_cal_st_fullerton,UC Santa Barbara,55,"Burke, Skylar",True,25,3,6,0.5,0,1,0.0,2,4,0.5,2,6,8,3,3,5,1,1,8
2026-01-01_uc_santa_barbara_cal_st_fullerton,UC Santa Barbara,12,"Naro, Maddie",True,30,1,2,0.5,0,0,,0,0,,0,4,4,2,6,8,0,1,2
2026-01-01_uc_santa_barbara_cal_st_fullerton,UC Santa Barbara,32,"Grant, Jessica",False,31,4,7,0.571,4,7,0.571,0,0,,0,1,1,2,2,1,0,1,12
2026-01-01_uc_santa_barbara_cal_st_fullerton,UC Santa Barbara,04,"Puente-Valverde, Júlia",False,15,1,1,1.0,0,0,,3,3,1.0,0,2,2,2,1,4,0,1,5
2026-01-01_uc_santa_barbara_cal_st_fullerton,UC Santa Barbara,15,"Andersen, Chauncey",False,9,1,1,1.0,1,1,1.0,0,0,,0,4,4,0,1,2,1,0,3
2026-01-01_uc_santa_barbara_cal_st_fullerton,UC Santa Barbara,TM,TEAM,False,0,0,0,,0,0,,0,0,,1,1,2,0,0,1,0,0,0
2026-01-03_csu_bakersfield_uc_davis,UC Davis,04,"Epps, Nya",True,32,8,11,0.727,2,3,0.667,10,14,0.714,1,7,8,3,0,3,0,1,28
2026-01-03_csu_bakersfield_uc_davis,UC Davis,25,"Norris, Megan",True,36,5,7,0.714,0,2,0.0,5,7,0.714,1,12,13,1,2,1,3,1,15
2026-01-03_csu_bakersfield_uc_davis,UC Davis,02,"Bennett, Ryann",True,37,3,11,0.273,0,4,0.0,2,2,1.0,0,3,3,1,6,5,0,2,8
2026-01-03_csu_bakersfield_uc_davis,UC Davis,09,"Sussex, Avery",True,29,2,6,0.333,2,5,0.4,1,3,0.333,1,2,3,3,3,4,1,0,7
2026-01-03_csu_bakersfield_uc_davis,UC Davis,10,"Young, Tegan",True,33,2,5,0.4,1,3,0.333,1,2,0.5,1,4,5,1,0,0,0,0,6
2026-01-03_csu_bakersfield_uc_davis,UC Davis,23,"Baker, Victoria",False,17,2,3,0.667,1,2,0.5,0,0,,0,3,3,1,0,0,0,0,5
2026-01-03_csu_bakersfield_uc_davis,UC Davis,11,"Ersdala, Emmy",False,7,0,2,0.0,0,1,0.0,0,0,,0,1,1,1,0,0,0,0,0
2026-01-03_csu_bakersfield_uc_davis,UC Davis,15,"Lentfer, Sophie",False,7,0,1,0.0,0,1,0.0,0,0,,0,1,1,0,0,1,0,0,0
2026-01-03_csu_bakersfield_uc_davis,UC Davis,21,"Tsami, Theoni",False,2,0,1,0.0,0,0,,0,0,,0,0,0,0,0,0,0,0,0
2026-01-03_csu_bakersfield_uc_davis,UC Davis,TM,TEAM,False,0,0,0,,0,0,,0,0,,1,2,3,0,0,0,0,0,0
2026-01-03_csu_bakersfield_uc_davis,CSU Bakersfield,08,"Langi, Marley",True,35,6,18,0.333,3,9,0.333,0,0,,1,8,9,2,2,0,0,0,15
2026-01-03_csu_bakersfield_uc_davis,CSU Bakersfield,12,"Coleman , Chrishawn",True,34,6,22,0.273,1,7,0.143,2,2,1.0,3,2,5,4,3,4,0,2,15
2026-01-03_csu_bakersfield_uc_davis,CSU Bakersfield,14,"Hawkins, Morgan",True,37,3,6,0.5,2,3,0.667,2,2,1.0,0,2,2,3,5,1,0,0,10
2026-01-03_csu_bakersfield_uc_davis,CSU Bakersfield,24,"Ikidi, Tena",True,23,2,8,0.25,0,0,,1,2,0.5,5,4,9,3,1,1,0,1,5
2026-01-03_csu_bakersfield_uc_davis,CSU Bakersfield,02,"Carter, Aliyah",True,15,0,2,0.0,0,0,,0,0,,2,2,4,3,2,1,0,1,0
2026-01-03_csu_bakersfield_uc_davis,CSU Bakersfield,11,"Dias, Maria",False,32,3,11,0.273,2,7,0.286,0,0,,2,0,2,3,0,0,0,1,8
2026-01-03_csu_bakersfield_uc_davis,CSU Bakersfield,22,"Kincade, Dae’Jaidence",False,16,3,4,0.75,0,0,,0,0,,0,3,3,1,1,0,0,1,6
2026-01-03_csu_bakersfield_uc_davis,CSU Bakersfield,55,"Puletasi, Adrienne",False,6,0,0,,0,0,,0,0,,0,0,0,0,0,1,0,0,0
2026-01-03_csu_bakersfield_uc_davis,CSU Bakersfield,01,"Finley, Zalissa",False,1,0,0,,0,0,,0,0,,0,0,0,0,0,0,0,0,0
2026-01-03_csu_bakersfield_uc_davis,CSU Bakersfield,21,"Sutherland, Tianna",False,1,0,0,,0,0,,0,0,,0,0,0,0,0,0,0,0,0
2026-01-03_csu_bakersfield_uc_davis,CSU Bakersfield,TM,TEAM,False,0,0,0,,0,0,,0,0,,0,4,4,0,0,0,0,0,0
2026-01-03_hawaii_uc_san_diego,UC San Diego,11,"Condron, Erin",True,38,6,12,0.5,0,1,0.0,4,6,0.667,1,4,5,2,3,2,0,1,16
2026-01-03_hawaii_uc_san_diego,UC San Diego,12,"Smith, Rosa",True,39,4,12,0.333,4,8,0.5,2,3,0.667,0,4,4,5,4,3,0,1,14
2026-01-03_hawaii_uc_san_diego,UC San Diego,15,"Ma, Sabrina",True,40,3,12,0.25,3,9,0.333,4,4,1.0,1,5,6,1,1,0,0,3,13
2026-01-03_hawaii_uc_san_diego,UC San Diego,10,"Maxie, Dymonique",True,38,2,5,0.4,0,1,0.0,4,7,0.571,1,1,2,0,6,4,0,4,8
2026-01-03_hawaii_uc_san_diego,UC San Diego,04,"Rose, Makayla",True,29,2,7,0.286,0,2,0.0,0,0,,0,4,4,2,0,1,0,2,4
2026-01-03_hawaii_uc_san_diego,UC San Diego,13,"Feiman, Lev",False,14,4,7,0.571,2,2,1.0,0,0,,0,0,0,0,1,0,0,1,10
2026-01-03_hawaii_uc_san_diego,UC San Diego,30,"Sule, Damilola",False,2,0,0,,0,0,,0,0,,1,0,1,1,0,0,0,0,0
2026-01-03_hawaii_uc_san_diego,UC San Diego,TM,TEAM,False,0,0,0,,0,0,,0,0,,3,3,6,0,0,2,0,0,0
2026-01-03_hawaii_uc_san_diego,Hawaii,11,"Curtis, Keiara",True,30,4,11,0.364,2,6,0.333,3,3,1.0,1,4,5,2,1,4,1,1,13
2026-01-03_hawaii_uc_san_diego,Hawaii,03,"Flavell, Bailey",True,31,4,13,0.308,2,8,0.25,2,2,1.0,3,4,7,2,1,6,0,0,12
2026-01-03_hawaii_uc_san_diego,Hawaii,33,"Neverson, Saniyah",True,26,5,7,0.714,0,2,0.0,1,2,0.5,1,2,3,2,1,0,2,1,11
2026-01-03_hawaii_uc_san_diego,Hawaii,12,"Perez, Imani",True,27,3,4,0.75,1,2,0.5,2,2,1.0,1,3,4,1,2,2,5,1,9
2026-01-03_hawaii_uc_san_diego,Hawaii,22,"Peacock, Jade",True,19,1,7,0.143,1,4,0.25,0,0,,0,4,4,1,1,1,0,1,3
2026-01-03_hawaii_uc_san_diego,Hawaii,24,"Tamilo, Ritorya",False,16,1,2,0.5,0,0,,2,2,1.0,0,5,5,1,1,2,0,1,4
2026-01-03_hawaii_uc_san_diego,Hawaii,06,"Webb, Kyra",False,23,1,2,0.5,0,0,,0,0,,1,4,5,3,0,2,2,1,2
2026-01-03_hawaii_uc_san_diego,Hawaii,02,"Bond, Teyahna",False,14,0,1,0.0,0,1,0.0,0,0,,0,1,1,0,1,4,0,0,0
2026-01-03_hawaii_uc_san_diego,Hawaii,20,"Forsyth, Izzy",False,8,0,1,0.0,0,1,0.0,0,0,,0,1,1,2,0,1,0,0,0
2026-01-03_hawaii_uc_san_diego,Hawaii,08,"Moors, Rebecca",False,4,0,0,,0,0,,0,0,,0,1,1,2,0,1,0,1,0
2026-01-03_hawaii_uc_san_diego,Hawaii,10,"Kujovic, Danijela",False,2,0,0,,0,0,,0,0,,0,0,0,1,0,0,0,0,0
2026-01-03_hawaii_uc_san_diego,Hawaii,TM,TEAM,False,0,0,0,,0,0,,0,0,,2,0,2,0,0,1,0,0,0
2026-01-03_uc_irvine_cal_st_fullerton,Cal St. Fullerton,55,"Jones, Cristina",True,35,8,16,0.5,0,0,,5,10,0.5,11,7,18,3,1,3,1,4,21
2026-01-03_uc_irvine_cal_st_fullerton,Cal St. Fullerton,33,"Pearson, Kya",True,24,2,8,0.25,0,1,0.0,1,3,0.333,2,0,2,4,2,5,0,2,5
2026-01-03_uc_irvine_cal_st_fullerton,Cal St. Fullerton,10,"Swindle, Dylan",True,20,1,5,0.2,0,2,0.0,1,2,0.5,0,3,3,2,2,1,0,0,3
2026-01-03_uc_irvine_cal_st_fullerton,Cal St. Fullerton,00,"Steiner, Nicole",True,19,1,6,0.167,0,0,,0,3,0.0,3,1,4,5,1,2,0,3,2
2026-01-03_uc_irvine_cal_st_fullerton,Cal St. Fullerton,4,"Falsdottir, Jana",True,33,0,9,0.0,0,6,0.0,0,0,,2,1,3,2,3,3,0,0,0
2026-01-03_uc_irvine_cal_st_fullerton,Cal St. Fullerton,3,"Tauro, Maddy",False,15,3,7,0.429,0,0,,2,2,1.0,0,0,0,5,0,3,0,2,8
2026-01-03_uc_irvine_cal_st_fullerton,Cal St. Fullerton,22,"Muniz, Madelynn",False,21,2,7,0.286,1,5,0.2,0,0,,0,0,0,3,0,0,0,1,5
2026-01-03_uc_irvine_cal_st_fullerton,Cal St. Fullerton,23,"Maxwell, Talia",False,14,2,3,0.667,0,0,,0,1,0.0,1,1,2,1,0,0,0,0,4
2026-01-03_uc_irvine_cal_st_fullerton,Cal St. Fullerton,1,"Moon, Mimi",False,7,0,2,0.0,0,2,0.0,2,2,1.0,1,1,2,1,0,0,0,0,2
2026-01-03_uc_irvine_cal_st_fullerton,Cal St. Fullerton,5,"Sutisna, Maxine",False,9,0,7,0.0,0,4,0.0,1,2,0.5,1,0,1,1,0,1,0,0,1
2026-01-03_uc_irvine_cal_st_fullerton,Cal St. Fullerton,13,"Petersen, Lilliana",False,2,0,1,0.0,0,1,0.0,0,0,,0,0,0,1,0,0,0,0,0
2026-01-03_uc_irvine_cal_st_fullerton,Cal St. Fullerton,24,"Orhan, Basak",False,1,0,0,,0,0,,0,0,,0,0,0,0,0,0,0,0,0
2026-01-03_uc_irvine_cal_st_fullerton,Cal St. Fullerton,TM,TEAM,False,0,0,0,,0,0,,0,0,,3,5,8,0,0,0,0,0,0
2026-01-03_uc_irvine_cal_st_fullerton,UC Irvine,20,"Hernandez, Hunter",True,34,8,19,0.421,3,7,0.429,7,10,0.7,1,7,8,3,3,6,0,3,26
2026-01-03_uc_irvine_cal_st_fullerton,UC Irvine,23,"Wynn, Jada",True,32,2,7,0.286,1,4,0.25,5,6,0.833,0,4,4,4,4,6,0,1,10
2026-01-03_uc_irvine_cal_st_fullerton,UC Irvine,14,"Hanson, Summah",True,21,1,4,0.25,0,2,0.0,4,6,0.667,2,7,9,5,0,0,2,0,6
2026-01-03_uc_irvine_cal_st_fullerton,UC Irvine,10,"Madsen, Lauryn",True,37,1,7,0.143,1,7,0.143,2,2,1.0,0,2,2,0,1,1,0,3,5
2026-01-03_uc_irvine_cal_st_fullerton,UC Irvine,12,"Nahum, Shirel",True,28,0,1,0.0,0,0,,3,4,0.75,0,1,1,2,2,5,1,0,3
2026-01-03_uc_irvine_cal_st_fullerton,UC Irvine,1,"Grant, Ameerah",False,15,2,2,1.0,1,1,1.0,1,1,1.0,0,2,2,1,0,2,0,1,6
2026-01-03_uc_irvine_cal_st_fullerton,UC Irvine,13,"Stores, Nohe'alani",False,16,1,4,0.25,0,0,,2,4,0.5,3,4,7,2,0,0,0,2,4
2026-01-03_uc_irvine_cal_st_fullerton,UC Irvine,24,"Zonzon-huyghe, Naomy",False,14,1,1,1.0,0,0,,0,1,0.0,0,4,4,3,0,2,0,1,2
2026-01-03_uc_irvine_cal_st_fullerton,UC Irvine,9,"Falcon Hernandez, Daniela",False,3,1,1,1.0,0,0,,0,0,,1,0,1,2,0,0,0,0,2
2026-01-03_uc_irvine_cal_st_fullerton,UC Irvine,22,"Noa, Reese",False,0,0,0,,0,0,,0,0,,0,0,0,0,0,0,0,0,0
2026-01-03_uc_irvine_cal_st_fullerton,UC Irvine,TM,TEAM,False,0,0,0,,0,0,,0,0,,6,3,9,0,0,1,0,0,0
2026-01-03_uc_santa_barbara_csun,CSUN,12,"Aspajo, Erika",True,28,7,10,0.7,2,2,1.0,3,4,0.75,0,5,5,4,3,7,0,3,19
2026-01-03_uc_santa_barbara_csun,CSUN,02,"White, Saray",True,34,3,8,0.375,1,3,0.333,6,9,0.667,3,1,4,4,4,6,2,1,13
2026-01-03_uc_santa_barbara_csun,CSUN,00,"Gbemuotor, Jite",True,11,2,4,0.5,0,0,,0,0,,2,2,4,2,0,4,0,0,4
2026-01-03_uc_santa_barbara_csun,CSUN,22,"Dahlin, Laini",True,22,0,5,0.0,0,2,0.0,1,2,0.5,0,1,1,3,0,1,1,1,1
2026-01-03_uc_santa_barbara_csun,CSUN,33,"Nazario, Rita",True,20,0,2,0.0,0,2,0.0,0,0,,0,1,1,2,0,1,0,1,0
2026-01-03_uc_santa_barbara_csun,CSUN,24,"Cos-Morales, Mariona",False,30,5,7,0.714,1,1,1.0,1,3,0.333,1,3,4,3,1,1,0,2,12
2026-01-03_uc_santa_barbara_csun,CSUN,21,"Canadell, Jana",False,3,2,2,1.0,2,2,1.0,0,0,,0,0,0,0,0,1,0,0,6
2026-01-03_uc_santa_barbara_csun,CSUN,03,"Tumlin, Kelly",False,23,1,5,0.2,1,5,0.2,1,2,0.5,0,2,2,0,2,1,0,1,4
2026-01-03_uc_santa_barbara_csun,CSUN,34,"Bernard, Nadia",False,8,1,2,0.5,0,0,,2,2,1.0,1,1,2,0,0,1,0,0,4
2026-01-03_uc_santa_barbara_csun,CSUN,10,"Lizama, Alondra",False,5,1,1,1.0,0,0,,2,2,1.0,0,0,0,3,0,0,0,0,4
2026-01-03_uc_santa_barbara_csun,CSUN,01,"Moody, Amya",False,10,1,3,0.333,0,2,0.0,1,4,0.25,0,1,1,1,3,1,0,1,3
2026-01-03_uc_santa_barbara_csun,CSUN,04,"Edwards, Morgan",False,6,0,1,0.0,0,0,,0,0,,1,0,1,1,0,0,0,0,0
2026-01-03_uc_santa_barbara_csun,CSUN,TM,TEAM,False,0,0,0,,0,0,,0,0,,0,1,1,0,0,0,0,0,0
2026-01-03_uc_santa_barbara_csun,UC Santa Barbara,05,"Bradley, Olivia",True,26,6,10,0.6,1,4,0.25,5,7,0.714,1,1,2,5,3,3,1,0,18
2026-01-03_uc_santa_barbara_csun,UC Santa Barbara,02,"Borter, Zoe",True,32,6,14,0.429,1,6,0.167,4,5,0.8,0,3,3,2,2,2,0,0,17
2026-01-03_uc_santa_barbara_csun,UC Santa Barbara,55,"Burke, Skylar",True,30,5,6,0.833,0,0,,4,5,0.8,2,1,3,2,4,4,0,3,14
2026-01-03_uc_santa_barbara_csun,UC Santa Barbara,23,"Shaw, Zoe",True,32,5,9,0.556,0,1,0.0,2,2,1.0,1,3,4,2,3,2,0,1,12
2026-01-03_uc_santa_barbara_csun,UC Santa Barbara,32,"Grant, Jessica",True,32,4,5,0.8,4,5,0.8,0,0,,0,3,3,2,0,0,1,0,12
2026-01-03_uc_santa_barbara_csun,UC Santa Barbara,04,"Puente-Valverde, Júlia",False,16,3,7,0.429,0,0,,2,3,0.667,0,4,4,3,1,2,1,0,8
2026-01-03_uc_santa_barbara_csun,UC Santa Barbara,15,"Andersen, Chauncey",False,18,3,5,0.6,0,1,0.0,1,1,1.0,1,4,5,3,0,2,0,0,7
2026-01-03_uc_santa_barbara_csun,UC Santa Barbara,44,"Radnjic, Bojana",False,12,0,0,,0,0,,0,0,,1,2,3,2,2,2,0,1,0
2026-01-03_uc_santa_barbara_csun,UC Santa Barbara,22,"Shum-Koubek, Helena",False,1,0,0,,0,0,,0,0,,0,1,1,0,0,1,0,0,0
2026-01-03_uc_santa_barbara_csun,UC Santa Barbara,35,"Mastora, Malani",False,1,0,0,,0,0,,0,0,,0,0,0,1,0,1,0,0,0
2026-01-03_uc_santa_barbara_csun,UC Santa Barbara,TM,TEAM,False,0,0,0,,0,0,,0,0,,1,1,2,0,0,1,0,0,0
2026-01-03_cal_poly_long_beach_st,Long Beach St.,30,"Jones-brown, Jaquoia",True,40,3,13,0.231,3,3,1.0,4,6,0.667,4,7,11,1,1,6,0,5,13
2026-01-03_cal_poly_long_beach_st,Long Beach St.,42,"Oliva Fernandez, Judit",True,22,1,7,0.143,0,3,0.0,2,2,1.0,2,1,3,3,1,1,1,1,4
2026-01-03_cal_poly_long_beach_st,Long Beach St.,13,"Pepe, Khylee",True,18,2,4,0.5,0,0,,0,0,,1,1,2,4,1,2,0,0,4
2026-01-03_cal_poly_long_beach_st,Long Beach St.,25,"Mack, Morgan",True,20,1,5,0.2,1,5,0.2,0,0,,0,1,1,5,1,2,0,1,3
2026-01-03_cal_poly_long_beach_st,Long Beach St.,5,"Ka, Kennan",True,37,0,4,0.0,0,3,0.0,2,2,1.0,0,3,3,2,0,1,0,0,2
2026-01-03_cal_poly_long_beach_st,Long Beach St.,10,"Reynoso, Christy",False,20,4,5,0.8,4,5,0.8,0,2,0.0,0,2,2,2,2,1,0,0,12
2026-01-03_cal_poly_long_beach_st,Long Beach St.,2,"Akot, Rosie",False,16,2,5,0.4,0,1,0.0,2,4,0.5,1,4,5,5,0,3,1,1,6
2026-01-03_cal_poly_long_beach_st,Long Beach St.,32,"Pukis, Brynna",False,10,1,4,0.25,1,4,0.25,0,0,,1,0,1,0,0,1,0,0,3
2026-01-03_cal_poly_long_beach_st,Long Beach St.,33,"Wright, Haley",False,17,0,0,,0,0,,2,2,1.0,1,0,1,0,1,0,0,0,2
2026-01-03_cal_poly_long_beach_st,Long Beach St.,TM,TEAM,False,0,0,0,,0,0,,0,0,,0,4,4,0,0,1,0,0,0
2026-01-03_cal_poly_long_beach_st,Cal Poly,32,"Thompson, Charish",True,31,8,13,0.615,0,2,0.0,4,4,1.0,0,3,3,3,1,1,0,1,20
2026-01-03_cal_poly_long_beach_st,Cal Poly,00,"McManus, Vanessa",True,36,3,13,0.231,2,7,0.286,7,7,1.0,1,6,7,2,2,0,0,0,15
2026-01-03_cal_poly_long_beach_st,Cal Poly,9,"Perez, Nora",True,20,5,8,0.625,0,0,,1,1,1.0,2,2,4,2,2,1,0,1,11
2026-01-03_cal_poly_long_beach_st,Cal Poly,22,"Goosby, Alana",True,34,3,4,0.75,0,1,0.0,2,2,1.0,1,3,4,3,3,2,0,1,8
2026-01-03_cal_poly_long_beach_st,Cal Poly,5,"Robinson, Gabby",True,38,1,8,0.125,0,3,0.0,0,0,,1,7,8,4,1,1,0,1,2
2026-01-03_cal_poly_long_beach_st,Cal Poly,11,"Knapp, Avery",False,13,2,4,0.5,0,0,,3,4,0.75,0,0,0,0,1,3,0,2,7
2026-01-03_cal_poly_long_beach_st,Cal Poly,1,"Garcia, Arissa",False,12,0,2,0.0,0,0,,0,0,,0,0,0,3,2,2,0,2,0
2026-01-03_cal_poly_long_beach_st,Cal Poly,25,"Sharvit, Maya",False,9,0,1,0.0,0,0,,0,0,,1,4,5,1,1,1,0,0,0
2026-01-03_cal_poly_long_beach_st,Cal Poly,21,"Vail, Dulci",False,7,0,1,0.0,0,0,,0,0,,1,0,1,0,0,0,0,0,0
2026-01-03_cal_poly_long_beach_st,Cal Poly,TM,TEAM,False,0,0,0,,0,0,,0,0,,2,0,2,0,0,0,0,0,0
2026-01-08_uc_davis_uc_santa_barbara,UC Santa Barbara,02,"Borter, Zoe",True,40,7,18,0.389,1,6,0.167,2,2,1.0,0,5,5,2,1,1,1,0,17
2026-01-08_uc_davis_uc_santa_barbara,UC Santa Barbara,05,"Bradley, Olivia",True,36,4,17,0.235,0,5,0.0,2,2,1.0,4,5,9,1,3,3,0,0,10
2026-01-08_uc_davis_uc_santa_barbara,UC Santa Barbara,04,"Puente-Valverde, Júlia",True,32,5,10,0.5,0,1,0.0,0,0,,2,7,9,3,1,2,0,3,10
2026-01-08_uc_davis_uc_santa_barbara,UC Santa Barbara,23,"Shaw, Zoe",True,34,1,8,0.125,1,6,0.167,5,6,0.833,0,5,5,1,1,1,0,0,8
2026-01-08_uc_davis_uc_santa_barbara,UC Santa Barbara,55,"Burke, Skylar",True,23,2,3,0.667,0,0,,1,2,0.5,0,8,8,3,0,2,0,1,5
2026-01-08_uc_davis_uc_santa_barbara,UC Santa Barbara,32,"Grant, Jessica",False,30,1,4,0.25,1,4,0.25,0,0,,0,0,0,1,0,0,0,0,3
2026-01-08_uc_davis_uc_santa_barbara,UC Santa Barbara,15,"Andersen, Chauncey",False,5,1,1,1.0,0,0,,0,0,,0,2,2,3,0,1,0,0,2
2026-01-08_uc_davis_uc_santa_barbara,UC Santa Barbara,TM,TEAM,False,0,0,0,,0,0,,0,0,,3,3,6,0,0,1,0,0,0
2026-01-08_uc_davis_uc_santa_barbara,UC Davis,25,"Norris, Megan",True,37,6,16,0.375,0,4,0.0,0,0,,3,15,18,3,2,3,2,0,12
2026-01-08_uc_davis_uc_santa_barbara,UC Davis,02,"Bennett, Ryann",True,38,4,12,0.333,1,5,0.2,2,2,1.0,2,3,5,2,1,4,1,0,11
2026-01-08_uc_davis_uc_santa_barbara,UC Davis,04,"Epps, Nya",True,25,3,12,0.25,1,3,0.333,1,2,0.5,2,3,5,4,1,1,0,2,8
2026-01-08_uc_davis_uc_santa_barbara,UC Davis,09,"Sussex, Avery",True,33,3,10,0.3,1,7,0.143,0,0,,0,5,5,1,3,2,0,1,7
2026-01-08_uc_davis_uc_santa_barbara,UC Davis,10,"Young, Tegan",True,28,3,10,0.3,1,6,0.167,0,0,,0,2,2,1,0,1,0,0,7
2026-01-08_uc_davis_uc_santa_barbara,UC Davis,15,"Lentfer, Sophie",False,15,0,2,0.0,0,0,,2,2,1.0,0,0,0,1,1,1,0,0,2
2026-01-08_uc_davis_uc_santa_barbara,UC Davis,23,"Baker, Victoria",False,18,0,2,0.0,0,1,0.0,0,0,,0,2,2,3,1,0,0,1,0
2026-01-08_uc_davis_uc_santa_barbara,UC Davis,11,"Ersdala, Emmy",False,5,0,1,0.0,0,1,0.0,0,0,,0,1,1,0,1,0,0,1,0
2026-01-08_uc_davis_uc_santa_barbara,UC Davis,21,"Tsami, Theoni",False,1,0,0,,0,0,,0,0,,0,0,0,1,0,0,0,0,0
2026-01-08_uc_davis_uc_santa_barbara,UC Davis,01,"Davis, Carrington",False,,0,0,,0,0,,0,0,,0,0,0,0,0,0,0,0,0
2026-01-08_uc_davis_uc_santa_barbara,UC Davis,TM,TEAM,False,0,0,0,,0,0,,0,0,,3,0,3,0,0,0,0,0,0
2026-01-08_long_beach_st_uc_irvine,UC Irvine,20,"Hernandez, Hunter",True,36,7,17,0.412,4,5,0.8,3,4,0.75,2,5,7,0,0,4,1,1,21
2026-01-08_long_beach_st_uc_irvine,UC Irvine,23,"Wynn, Jada",True,27,6,13,0.462,3,6,0.5,5,5,1.0,2,1,3,5,5,1,0,3,20
2026-01-08_long_beach_st_uc_irvine,UC Irvine,14,"Hanson, Summah",True,21,3,6,0.5,1,2,0.5,0,0,,4,4,8,2,0,2,0,1,7
2026-01-08_long_beach_st_uc_irvine,UC Irvine,10,"Madsen, Lauryn",True,38,1,5,0.2,1,5,0.2,1,2,0.5,1,5,6,2,3,1,0,6,4
2026-01-08_long_beach_st_uc_irvine,UC Irvine,12,"Nahum, Shirel",True,28,1,8,0.125,0,2,0.0,0,0,,1,3,4,1,3,1,0,2,2
2026-01-08_long_beach_st_uc_irvine,UC Irvine,24,"Zonzon-huyghe, Naomy",False,9,4,5,0.8,1,2,0.5,0,0,,0,0,0,1,0,4,0,1,9
2026-01-08_long_beach_st_uc_irvine,UC Irvine,13,"Stores, Nohealani",False,11,1,5,0.2,0,0,,6,7,0.857,2,2,4,0,0,0,0,2,8
2026-01-08_long_beach_st_uc_irvine,UC Irvine,1,"Grant, Ameerah",False,15,1,3,0.333,1,3,0.333,4,4,1.0,1,1,2,2,2,0,0,1,7
2026-01-08_long_beach_st_uc_irvine,UC Irvine,9,"Falcon Hernandez, Daniela",False,7,0,0,,0,0,,0,2,0.0,1,0,1,0,0,1,0,0,0
2026-01-08_long_beach_st_uc_irvine,UC Irvine,2,"Hernandez, Haley",False,4,0,0,,0,0,,0,0,,0,0,0,0,0,0,0,0,0
2026-01-08_long_beach_st_uc_irvine,UC Irvine,8,"Wormly, Kianna",False,2,0,0,,0,0,,0,0,,0,0,0,0,0,0,0,0,0
2026-01-08_long_beach_st_uc_irvine,UC Irvine,22,"Noa, Reese",False,2,0,0,,0,0,,0,0,,0,0,0,1,0,1,0,0,0
2026-01-08_long_beach_st_uc_irvine,UC Irvine,TM,TEAM,False,0,0,0,,0,0,,0,0,,5,1,6,0,0,0,0,0,0
2026-01-08_long_beach_st_uc_irvine,Long Beach St.,2,"Akot, Rosie",True,25,7,13,0.538,3,6,0.5,1,2,0.5,2,6,8,4,0,4,2,4,18
2026-01-08_long_beach_st_uc_irvine,Long Beach St.,5,"Ka, Kennan",True,37,5,10,0.5,2,6,0.333,0,0,,3,1,4,1,6,8,0,0,12
2026-01-08_long_beach_st_uc_irvine,Long Beach St.,42,"Oliva Fernandez, Judit",True,35,4,11,0.364,3,8,0.375,0,0,,1,6,7,4,5,4,5,0,11
2026-01-08_long_beach_st_uc_irvine,Long Beach St.,13,"Pepe, Khylee",True,37,4,10,0.4,0,1,0.0,2,3,0.667,0,4,4,3,3,4,1,5,10
2026-01-08_long_beach_st_uc_irvine,Long Beach St.,10,"Reynoso, Christy",True,21,0,3,0.0,0,3,0.0,0,0,,1,1,2,1,2,1,0,0,0
2026-01-08_long_beach_st_uc_irvine,Long Beach St.,32,"Pukis, Brynna",False,13,1,1,1.0,1,1,1.0,0,0,,0,0,0,1,2,1,0,0,3
2026-01-08_long_beach_st_uc_irvine,Long Beach St.,3,"Samuel-afolabi, Tairat",False,6,1,3,0.333,1,1,1.0,0,0,,0,0,0,1,2,0,0,0,3
2026-01-08_long_beach_st_uc_irvine,Long Beach St.,33,"Wright, Haley",False,15,0,1,0.0,0,1,0.0,2,2,1.0,1,1,2,4,0,0,0,0,2
2026-01-08_long_beach_st_uc_irvine,Long Beach St.,25,"Mack, Morgan",False,11,0,2,0.0,0,1,0.0,0,0,,0,0,0,0,1,0,0,1,0
2026-01-08_long_beach_st_uc_irvine,Long Beach St.,TM,TEAM,False,0,0,0,,0,0,,0,0,,0,2,2,0,0,1,0,0,0
2026-01-08_cal_st_fullerton_uc_san_diego,UC San Diego,04,"Rose, Makayla",True,45,10,20,0.5,0,4,0.0,2,2,1.0,2,6,8,2,7,3,1,5,22
2026-01-08_cal_st_fullerton_uc_san_diego,UC San Diego,15,"Ma, Sabrina",True,45,7,15,0.467,5,12,0.417,2,2,1.0,0,1,1,5,0,1,3,7,21
2026-01-08_cal_st_fullerton_uc_san_diego,UC San Diego,12,"Smith, Rosa",True,42,4,9,0.444,3,7,0.429,0,0,,0,4,4,3,3,7,0,1,11
2026-01-08_cal_st_fullerton_uc_san_diego,UC San Diego,11,"Condron, Erin",True,36,4,6,0.667,0,0,,3,6,0.5,1,3,4,2,1,4,2,1,11
2026-01-08_cal_st_fullerton_uc_san_diego,UC San Diego,10,"Maxie, Dymonique",True,43,3,9,0.333,2,3,0.667,2,2,1.0,0,5,5,4,10,4,0,5,10
2026-01-08_cal_st_fullerton_uc_san_diego,UC San Diego,13,"Feiman, Lev",False,5,2,2,1.0,0,0,,1,1,1.0,1,2,3,0,0,1,0,0,5
2026-01-08_cal_st_fullerton_uc_san_diego,UC San Diego,30,"Sule, Damilola",False,5,0,1,0.0,0,0,,1,2,0.5,2,0,2,0,0,0,0,0,1
2026-01-08_cal_st_fullerton_uc_san_diego,UC San Diego,25,"Mahan, Junae",False,4,0,0,,0,0,,0,0,,0,0,0,1,2,1,0,0,0
2026-01-08_cal_st_fullerton_uc_san_diego,UC San Diego,TM,TEAM,False,0,0,0,,0,0,,0,0,,0,6,6,0,0,3,0,0,0
2026-01-08_cal_st_fullerton_uc_san_diego,Cal St. Fullerton,55,"Jones, Cristina",True,45,7,18,0.389,0,0,,7,9,0.778,7,10,17,1,2,2,0,8,21
2026-01-08_cal_st_fullerton_uc_san_diego,Cal St. Fullerton,00,"Steiner, Nicole",True,36,8,14,0.571,0,0,,3,4,0.75,5,5,10,3,3,5,2,3,19
2026-01-08_cal_st_fullerton_uc_san_diego,Cal St. Fullerton,03,"Tauro, Maddy",True,32,3,10,0.3,1,2,0.5,3,4,0.75,1,4,5,5,1,4,1,1,10
2026-01-08_cal_st_fullerton_uc_san_diego,Cal St. Fullerton,10,"Swindle, Dylan",True,30,1,4,0.25,0,2,0.0,2,2,1.0,1,2,3,2,1,4,0,1,4
2026-01-08_cal_st_fullerton_uc_san_diego,Cal St. Fullerton,04,"Falsdottir, Jana",True,28,0,7,0.0,0,3,0.0,0,0,,2,0,2,1,5,2,0,2,0
2026-01-08_cal_st_fullerton_uc_san_diego,Cal St. Fullerton,22,"Muniz, Madelynn",False,19,3,6,0.5,2,5,0.4,0,0,,0,0,0,1,1,4,0,0,8
2026-01-08_cal_st_fullerton_uc_san_diego,Cal St. Fullerton,23,"Maxwell, Talia",False,9,2,2,1.0,0,0,,1,2,0.5,1,1,2,0,0,0,1,0,5
2026-01-08_cal_st_fullerton_uc_san_diego,Cal St. Fullerton,01,"Moon, Mimi",False,10,1,4,0.25,0,1,0.0,0,0,,0,1,1,1,2,1,0,0,2
2026-01-08_cal_st_fullerton_uc_san_diego,Cal St. Fullerton,33,"Pearson, Kya",False,13,0,1,0.0,0,0,,0,0,,0,1,1,2,1,3,0,0,0
2026-01-08_cal_st_fullerton_uc_san_diego,Cal St. Fullerton,05,"Sutisna, Maxine",False,3,0,2,0.0,0,1,0.0,0,0,,1,0,1,2,0,1,0,0,0
2026-01-08_cal_st_fullerton_uc_san_diego,Cal St. Fullerton,TM,TEAM,False,0,0,0,,0,0,,0,0,,2,2,4,0,0,0,0,0,0
2026-01-08_cal_poly_csun,CSUN,00,"Gbemuotor, Jite",True,32,6,11,0.545,1,2,0.5,3,4,0.75,8,7,15,1,0,4,2,3,16
2026-01-08_cal_poly_csun,CSUN,4,"Edwards, Morgan",True,24,6,10,0.6,2,6,0.333,1,4,0.25,1,1,2,3,1,3,0,0,15
2026-01-08_cal_poly_csun,CSUN,24,"Cos-morales, Mariona",True,31,5,12,0.417,1,3,0.333,2,2,1.0,2,1,3,5,2,2,0,2,13
2026-01-08_cal_poly_csun,CSUN,2,"White, Saray",True,32,2,7,0.286,1,2,0.5,6,11,0.545,1,4,5,4,3,4,0,2,11
2026-01-08_cal_poly_csun,CSUN,12,"Aspajo, Erika",True,31,3,6,0.5,0,0,,4,6,0.667,2,3,5,4,3,3,0,3,10
2026-01-08_cal_poly_csun,CSUN,22,"Dahlin, Laini",False,22,3,4,0.75,3,4,0.75,0,0,,1,5,6,2,1,1,1,0,9
2026-01-08_cal_poly_csun,CSUN,33,"Nazario, Rita",False,12,0,4,0.0,0,3,0.0,3,4,0.75,0,1,1,0,1,1,0,0,3
2026-01-08_cal_poly_csun,CSUN,3,"Tumlin, Kelly",False,10,0,2,0.0,0,1,0.0,0,0,,1,1,2,1,0,2,0,1,0
2026-01-08_cal_poly_csun,CSUN,21,"Canadell, Jana",False,5,0,0,,0,0,,0,0,,0,0,0,1,1,0,0,0,0
2026-01-08_cal_poly_csun,CSUN,1,"Moody, Amya",False,1,0,0,,0,0,,0,0,,0,0,0,0,0,0,0,0,0
2026-01-08_cal_poly_csun,CSUN,TM,TEAM,False,0,0,0,,0,0,,0,0,,2,3,5,0,0,1,0,0,0
2026-01-08_cal_poly_csun,Cal Poly,00,"McManus, Vanessa",True,36,10,18,0.556,3,8,0.375,8,11,0.727,0,4,4,2,0,5,0,0,31
2026-01-08_cal_poly_csun,Cal Poly,32,"Thompson, Charish",True,33,6,9,0.667,1,2,0.5,2,4,0.5,1,4,5,4,1,2,0,3,15
2026-01-08_cal_poly_csun,Cal Poly,22,"Goosby, Alana",True,29,4,10,0.4,1,1,1.0,0,0,,0,3,3,2,4,2,0,1,9
2026-01-08_cal_poly_csun,Cal Poly,5,"Robinson, Gabby",True,34,1,4,0.25,0,1,0.0,1,2,0.5,3,6,9,3,2,3,1,1,3
2026-01-08_cal_poly_csun,Cal Poly,9,"Perez, Nora",True,26,1,8,0.125,0,1,0.0,0,0,,3,2,5,4,2,2,0,0,2
2026-01-08_cal_poly_csun,Cal Poly,11,"Knapp, Avery",False,12,2,4,0.5,1,1,1.0,1,2,0.5,1,1,2,3,1,0,0,0,6
2026-01-08_cal_poly_csun,Cal Poly,21,"Vail, Dulci",False,16,0,3,0.0,0,2,0.0,1,2,0.5,1,0,1,2,0,2,0,0,1
2026-01-08_cal_poly_csun,Cal Poly,7,"Billing, Jordan",False,14,0,2,0.0,0,1,0.0,1,2,0.5,0,1,1,2,1,1,0,3,1
2026-01-08_cal_poly_csun,Cal Poly,TM,TEAM,False,0,0,0,,0,0,,0,0,,2,0,2,0,0,0,0,0,0
2026-01-08_uc_riverside_csu_bakersfield,CSU Bakersfield,8,"Langi, Marley",True,27,4,20,0.2,2,11,0.182,1,1,1.0,2,2,4,3,1,5,0,1,11
2026-01-08_uc_riverside_csu_bakersfield,CSU Bakersfield,12,"Coleman, Chrishawn",True,26,1,6,0.167,0,2,0.0,4,8,0.5,1,0,1,5,2,4,1,0,6
2026-01-08_uc_riverside_csu_bakersfield,CSU Bakersfield,14,"Hawkins, Morgan",True,32,1,6,0.167,0,3,0.0,3,4,0.75,1,3,4,1,2,2,0,0,5
2026-01-08_uc_riverside_csu_bakersfield,CSU Bakersfield,2,"Carter, Aliyah",True,17,2,5,0.4,0,0,,0,0,,4,5,9,2,1,0,0,0,4
2026-01-08_uc_riverside_csu_bakersfield,CSU Bakersfield,24,"Ikidi, Tena",True,17,0,2,0.0,0,0,,0,0,,0,6,6,3,0,0,1,1,0
2026-01-08_uc_riverside_csu_bakersfield,CSU Bakersfield,11,"Dias, Maria",False,26,4,13,0.308,0,4,0.0,1,2,0.5,0,1,1,0,0,1,0,0,9
2026-01-08_uc_riverside_csu_bakersfield,CSU Bakersfield,22,"Kincade, Dae'jaidence",False,24,2,5,0.4,0,0,,0,0,,2,1,3,3,0,1,0,4,4
2026-01-08_uc_riverside_csu_bakersfield,CSU Bakersfield,55,"Puletasi, Adrienne",False,5,1,1,1.0,0,0,,1,1,1.0,1,1,2,1,0,0,0,0,3
2026-01-08_uc_riverside_csu_bakersfield,CSU Bakersfield,21,"Sutherland, Tianna",False,7,0,1,0.0,0,1,0.0,0,0,,0,0,0,3,0,1,0,0,0
2026-01-08_uc_riverside_csu_bakersfield,CSU Bakersfield,4,"Powell, Ophelia",False,6,0,0,,0,0,,0,0,,0,0,0,0,0,0,0,0,0
2026-01-08_uc_riverside_csu_bakersfield,CSU Bakersfield,1,"Finley, Zalissa",False,5,0,0,,0,0,,0,0,,0,1,1,1,0,2,0,0,0
2026-01-08_uc_riverside_csu_bakersfield,CSU Bakersfield,7,"Gallatly, Jaime",False,5,0,2,0.0,0,1,0.0,0,0,,0,0,0,0,0,0,1,0,0
2026-01-08_uc_riverside_csu_bakersfield,CSU Bakersfield,30,"Dioli, Alli",False,3,0,1,0.0,0,1,0.0,0,0,,0,0,0,1,1,0,0,0,0
2026-01-08_uc_riverside_csu_bakersfield,CSU Bakersfield,TM,TEAM,False,0,0,0,,0,0,,0,0,,2,5,7,0,0,0,0,0,0
2026-01-08_uc_riverside_csu_bakersfield,UC Riverside,7,"Wickstrom, Hannah",True,35,6,16,0.375,1,3,0.333,11,11,1.0,1,3,4,3,2,2,1,3,24
2026-01-08_uc_riverside_csu_bakersfield,UC Riverside,1,"Polk, Kaylani",True,35,4,11,0.364,2,7,0.286,3,4,0.75,0,4,4,3,4,5,0,0,13
2026-01-08_uc_riverside_csu_bakersfield,UC Riverside,2,"Hackley, Seneca",True,28,2,6,0.333,1,5,0.2,3,4,0.75,2,7,9,3,1,2,1,2,8
2026-01-08_uc_riverside_csu_bakersfield,UC Riverside,41,"Shine, Bria",True,29,1,5,0.2,0,3,0.0,2,4,0.5,0,4,4,2,2,2,1,2,4
2026-01-08_uc_riverside_csu_bakersfield,UC Riverside,22,"Swanson, Taylor",True,13,0,4,0.0,0,1,0.0,0,0,,1,4,5,0,1,1,0,0,0
2026-01-08_uc_riverside_csu_bakersfield,UC Riverside,9,"Chocano, Maya",False,27,4,8,0.5,3,6,0.5,2,2,1.0,1,7,8,1,2,5,0,0,13
2026-01-08_uc_riverside_csu_bakersfield,UC Riverside,32,"Moreno Tallon, Lucia",False,8,1,1,1.0,0,0,,0,0,,0,1,1,0,0,0,0,0,2
2026-01-08_uc_riverside_csu_bakersfield,UC Riverside,10,"Minshall, Makayla",False,15,0,0,,0,0,,0,0,,0,0,0,5,1,1,0,1,0
2026-01-08_uc_riverside_csu_bakersfield,UC Riverside,23,"Mejia, Maria",False,5,0,0,,0,0,,0,0,,0,0,0,0,2,1,0,0,0
2026-01-08_uc_riverside_csu_bakersfield,UC Riverside,30,"Sylla, Dieynaba",False,3,0,0,,0,0,,0,0,,0,0,0,1,0,1,0,0,0
2026-01-08_uc_riverside_csu_bakersfield,UC Riverside,11,"Cobbs, Jayda",False,2,0,0,,0,0,,0,0,,0,0,0,0,0,0,0,0,0
2026-01-08_uc_riverside_csu_bakersfield,UC Riverside,TM,TEAM,False,0,0,0,,0,0,,0,0,,3,6,9,0,0,0,0,0,0
2026-01-10_uc_davis_cal_poly,Cal Poly,32,"Thompson, Charish",True,27,5,10,0.5,0,1,0.0,8,12,0.667,1,1,2,3,0,5,0,0,18
2026-01-10_uc_davis_cal_poly,Cal Poly,05,"Robinson, Gabby",True,34,4,8,0.5,0,0,,2,4,0.5,0,4,4,3,3,0,0,0,10
2026-01-10_uc_davis_cal_poly,Cal Poly,00,"McManus, Vanessa",True,18,3,9,0.333,0,3,0.0,1,4,0.25,0,2,2,0,0,0,1,1,7
2026-01-10_uc_davis_cal_poly,Cal Poly,22,"Goosby, Alana",True,29,2,7,0.286,1,1,1.0,0,0,,0,2,2,1,1,3,0,0,5
2026-01-10_uc_davis_cal_poly,Cal Poly,09,"Perez, Nora",True,27,1,2,0.5,0,1,0.0,0,2,0.0,1,7,8,1,4,3,0,2,2
2026-01-10_uc_davis_cal_poly,Cal Poly,07,"Billing, Jordan",False,15,3,5,0.6,2,4,0.5,1,2,0.5,1,1,2,2,0,1,0,1,9
2026-01-10_uc_davis_cal_poly,Cal Poly,25,"Sharvit, Maya",False,6,1,1,1.0,1,1,1.0,1,2,0.5,0,1,1,0,1,1,0,1,4
2026-01-10_uc_davis_cal_poly,Cal Poly,14,"Bears, Gillian",False,5,1,2,0.5,1,1,1.0,0,0,,0,0,0,2,0,0,0,0,3
2026-01-10_uc_davis_cal_poly,Cal Poly,55,"Franklin, Vivian",False,2,1,1,1.0,1,1,1.0,0,0,,0,0,0,0,0,0,0,0,3
2026-01-10_uc_davis_cal_poly,Cal Poly,01,"Garcia, Arissa",False,16,0,1,0.0,0,0,,0,2,0.0,0,3,3,2,2,4,0,2,0
2026-01-10_uc_davis_cal_poly,Cal Poly,11,"Knapp, Avery",False,9,0,2,0.0,0,2,0.0,0,0,,2,1,3,5,0,3,0,1,0
2026-01-10_uc_davis_cal_poly,Cal Poly,08,"Peiffer, Katie",False,6,0,2,0.0,0,2,0.0,0,0,,0,0,0,1,0,0,0,1,0
2026-01-10_uc_davis_cal_poly,Cal Poly,21,"Vail, Dulci",False,6,0,1,0.0,0,0,,0,0,,1,1,2,2,0,1,0,0,0
2026-01-10_uc_davis_cal_poly,Cal Poly,TM,TEAM,False,0,0,0,,0,0,,0,0,,1,2,3,0,0,0,0,0,0
2026-01-10_uc_davis_cal_poly,UC Davis,04,"Epps, Nya",True,29,5,12,0.417,2,4,0.5,5,5,1.0,3,5,8,1,1,4,1,2,17
2026-01-10_uc_davis_cal_poly,UC Davis,25,"Norris, Megan",True,19,6,7,0.857,1,2,0.5,2,2,1.0,2,6,8,4,4,2,2,0,15
2026-01-10_uc_davis_cal_poly,UC Davis,02,"Bennett, Ryann",True,33,5,13,0.385,2,6,0.333,2,2,1.0,1,2,3,3,2,1,0,3,14
2026-01-10_uc_davis_cal_poly,UC Davis,10,"Young, Tegan",True,23,2,8,0.25,1,4,0.25,4,4,1.0,1,4,5,4,1,1,0,2,9
2026-01-10_uc_davis_cal_poly,UC Davis,09,"Sussex, Avery",True,31,2,6,0.333,1,5,0.2,3,5,0.6,0,4,4,1,3,1,0,3,8
2026-01-10_uc_davis_cal_poly,UC Davis,23,"Baker, Victoria",False,17,3,6,0.5,1,3,0.333,5,5,1.0,1,1,2,0,3,0,0,2,12
2026-01-10_uc_davis_cal_poly,UC Davis,15,"Lentfer, Sophie",False,16,2,3,0.667,1,2,0.5,4,4,1.0,3,1,4,2,1,1,0,1,9
2026-01-10_uc_davis_cal_poly,UC Davis,01,"Davis, Carrington",False,8,0,2,0.0,0,1,0.0,2,2,1.0,0,0,0,0,0,2,0,0,2
2026-01-10_uc_davis_cal_poly,UC Davis,21,"Tsami, Theoni",False,11,0,1,0.0,0,1,0.0,1,2,0.5,1,1,2,2,0,1,0,0,1
2026-01-10_uc_davis_cal_poly,UC Davis,11,"Ersdala, Emmy",False,13,0,4,0.0,0,3,0.0,0,0,,2,1,3,1,0,2,0,0,0
2026-01-10_uc_davis_cal_poly,UC Davis,TM,TEAM,False,0,0,0,,0,0,,0,0,,0,3,3,0,0,0,0,0,0
2026-01-10_uc_irvine_hawaii,Hawaii,3,"Flavell, Bailey",True,37,4,13,0.308,3,8,0.375,2,2,1.0,0,1,1,1,6,1,0,0,13
2026-01-10_uc_irvine_hawaii,Hawaii,12,"Perez, Imani",True,40,4,11,0.364,2,6,0.333,0,0,,2,5,7,2,2,2,2,0,10
2026-01-10_uc_irvine_hawaii,Hawaii,4,"Lefotu, Jovi",True,17,2,7,0.286,0,0,,0,0,,2,3,5,1,1,1,0,0,4
2026-01-10_uc_irvine_hawaii,Hawaii,33,"Neverson, Saniyah",True,16,1,1,1.0,0,0,,0,0,,0,4,4,3,1,1,1,0,2
2026-01-10_uc_irvine_hawaii,Hawaii,22,"Peacock, Jade",True,25,0,4,0.0,0,3,0.0,0,0,,1,4,5,1,1,3,2,0,0
2026-01-10_uc_irvine_hawaii,Hawaii,11,"Curtis, Keiara",False,23,4,13,0.308,4,7,0.571,0,0,,0,5,5,1,2,0,1,1,12
2026-01-10_uc_irvine_hawaii,Hawaii,24,"Tamilo, Ritorya",False,19,1,3,0.333,0,0,,1,2,0.5,1,4,5,1,0,4,2,0,3
2026-01-10_uc_irvine_hawaii,Hawaii,20,"Forsyth, Izzy",False,15,1,1,1.0,0,0,,1,1,1.0,2,1,3,0,0,0,0,0,3
2026-01-10_uc_irvine_hawaii,Hawaii,2,"Bond, Teyahna",False,3,0,0,,0,0,,0,0,,0,0,0,0,0,0,0,0,0
2026-01-10_uc_irvine_hawaii,Hawaii,8,"Moors, Rebecca",False,3,0,0,,0,0,,0,0,,0,0,0,2,0,0,0,0,0
2026-01-10_uc_irvine_hawaii,Hawaii,6,"Webb, Kyra",False,2,0,0,,0,0,,0,0,,0,0,0,2,0,0,0,0,0
2026-01-10_uc_irvine_hawaii,Hawaii,TM,TEAM,False,0,0,0,,0,0,,0,0,,1,3,4,0,0,2,0,0,0
2026-01-10_uc_irvine_hawaii,UC Irvine,20,"Hernandez, Hunter",True,40,6,19,0.316,1,4,0.25,7,10,0.7,0,5,5,1,0,0,0,2,20
2026-01-10_uc_irvine_hawaii,UC Irvine,23,"Wynn, Jada",True,37,5,15,0.333,2,6,0.333,3,5,0.6,3,5,8,0,5,2,0,2,15
2026-01-10_uc_irvine_hawaii,UC Irvine,14,"Hanson, Summah",True,24,2,8,0.25,1,5,0.2,0,0,,1,7,8,1,0,1,2,0,5
2026-01-10_uc_irvine_hawaii,UC Irvine,12,"Nahum, Shirel",True,31,2,7,0.286,0,2,0.0,0,0,,0,1,1,1,5,0,0,0,4
2026-01-10_uc_irvine_hawaii,UC Irvine,10,"Madsen, Lauryn",True,40,1,4,0.25,1,4,0.25,0,0,,1,2,3,1,1,0,0,5,3
2026-01-10_uc_irvine_hawaii,UC Irvine,13,"Stores, Nohe'alani",False,10,1,2,0.5,0,0,,1,1,1.0,0,0,0,2,0,0,0,0,3
2026-01-10_uc_irvine_hawaii,UC Irvine,1,"Grant, Ameerah",False,9,0,2,0.0,0,1,0.0,0,0,,0,0,0,0,1,0,0,0,0
2026-01-10_uc_irvine_hawaii,UC Irvine,9,"Falcon Hernandez, Daniela",False,6,0,0,,0,0,,0,0,,0,1,1,0,0,0,0,0,0
2026-01-10_uc_irvine_hawaii,UC Irvine,24,"Zonzon-huyghe, Naomy",False,3,0,0,,0,0,,0,0,,0,0,0,1,0,0,0,0,0
2026-01-10_uc_irvine_hawaii,UC Irvine,TM,TEAM,False,0,0,0,,0,0,,0,0,,4,3,7,0,0,2,0,0,0
2026-01-10_uc_san_diego_uc_riverside,UC Riverside,07,"Wickstrom, Hannah",True,33,8,18,0.444,3,10,0.3,0,0,,0,7,7,0,0,1,0,1,19
2026-01-10_uc_san_diego_uc_riverside,UC Riverside,01,"Polk, Kaylani",True,34,4,10,0.4,3,7,0.429,2,2,1.0,2,3,5,0,3,3,0,1,13
2026-01-10_uc_san_diego_uc_riverside,UC Riverside,02,"Hackley, Seneca",True,32,3,9,0.333,3,6,0.5,2,2,1.0,3,2,5,0,2,1,0,3,11
2026-01-10_uc_san_diego_uc_riverside,UC Riverside,22,"Swanson, Taylor",True,16,1,4,0.25,0,2,0.0,0,0,,3,2,5,1,0,0,0,0,2
2026-01-10_uc_san_diego_uc_riverside,UC Riverside,41,"Shine, Bria",True,23,0,3,0.0,0,1,0.0,0,0,,0,2,2,4,2,2,0,0,0
2026-01-10_uc_san_diego_uc_riverside,UC Riverside,10,"Minshall, Makayla",False,17,2,9,0.222,0,3,0.0,0,0,,2,1,3,2,1,0,0,0,4
2026-01-10_uc_san_diego_uc_riverside,UC Riverside,09,"Chocano, Maya",False,21,1,7,0.143,0,6,0.0,1,2,0.5,2,5,7,0,1,2,0,0,3
2026-01-10_uc_san_diego_uc_riverside,UC Riverside,32,"Moreno Tallon, Lucia",False,6,1,2,0.5,0,1,0.0,0,0,,0,0,0,1,0,0,0,0,2
2026-01-10_uc_san_diego_uc_riverside,UC Riverside,30,"Sylla, Dieynaba",False,11,0,0,,0,0,,0,0,,0,0,0,1,0,0,1,0,0
2026-01-10_uc_san_diego_uc_riverside,UC Riverside,23,"Mejia, Maria",False,6,0,0,,0,0,,0,0,,0,0,0,1,0,1,0,0,0
2026-01-10_uc_san_diego_uc_riverside,UC Riverside,11,"Cobbs, Jayda",False,1,0,0,,0,0,,0,0,,0,0,0,0,1,0,0,0,0
2026-01-10_uc_san_diego_uc_riverside,UC Riverside,TM,TEAM,False,0,0,0,,0,0,,0,0,,1,0,1,0,0,3,0,0,0
2026-01-10_uc_san_diego_uc_riverside,UC San Diego,11,"Condron, Erin",True,37,11,20,0.55,0,0,,0,1,0.0,3,9,12,3,3,2,2,0,22
2026-01-10_uc_san_diego_uc_riverside,UC San Diego,10,"Maxie, Dymonique",True,36,7,13,0.538,2,3,0.667,1,1,1.0,2,1,3,2,1,6,0,0,17
2026-01-10_uc_san_diego_uc_riverside,UC San Diego,15,"Ma, Sabrina",True,39,3,7,0.429,2,5,0.4,0,0,,0,4,4,2,1,2,0,3,8
2026-01-10_uc_san_diego_uc_riverside,UC San Diego,12,"Smith, Rosa",True,34,3,7,0.429,1,2,0.5,0,0,,0,6,6,1,4,1,0,1,7
2026-01-10_uc_san_diego_uc_riverside,UC San Diego,04,"Rose, Makayla",True,31,3,5,0.6,0,0,,1,1,1.0,1,6,7,0,2,0,1,1,7
2026-01-10_uc_san_diego_uc_riverside,UC San Diego,25,"Mahan, Junaé",False,4,1,2,0.5,1,1,1.0,0,0,,0,0,0,0,1,0,0,0,3
2026-01-10_uc_san_diego_uc_riverside,UC San Diego,13,"Feiman, Lev",False,14,1,6,0.167,0,1,0.0,0,0,,0,1,1,1,1,0,0,1,2
2026-01-10_uc_san_diego_uc_riverside,UC San Diego,30,"Sule, Damilola",False,3,1,2,0.5,0,0,,0,0,,1,0,1,0,0,0,0,0,2
2026-01-10_uc_san_diego_uc_riverside,UC San Diego,21,"Polocheck, Nicki",False,1,1,1,1.0,0,0,,0,0,,1,0,1,0,0,0,0,0,2
2026-01-10_uc_san_diego_uc_riverside,UC San Diego,24,"Price, Niya",False,1,0,0,,0,0,,0,0,,0,0,0,1,0,0,0,0,0
2026-01-10_uc_san_diego_uc_riverside,UC San Diego,TM,TEAM,False,0,0,0,,0,0,,0,0,,1,1,2,0,0,0,0,0,0
2026-01-10_csu_bakersfield_long_beach_st,Long Beach St.,30,"Jones-Brown, JaQuoia",True,36,8,20,0.4,0,4,0.0,0,0,,2,5,7,2,3,1,0,3,16
2026-01-10_csu_bakersfield_long_beach_st,Long Beach St.,02,"Akot, Rosie",True,22,3,11,0.273,1,4,0.25,1,2,0.5,3,2,5,5,0,3,1,1,8
2026-01-10_csu_bakersfield_long_beach_st,Long Beach St.,13,"Pepe, Khylee",True,20,1,8,0.125,1,3,0.333,0,0,,2,1,3,1,3,1,0,0,3
2026-01-10_csu_bakersfield_long_beach_st,Long Beach St.,05,"Ka, Kennan",True,37,1,5,0.2,0,1,0.0,0,2,0.0,4,4,8,0,2,3,0,1,2
2026-01-10_csu_bakersfield_long_beach_st,Long Beach St.,42,"Oliva Fernandez, Judit",True,4,0,2,0.0,0,1,0.0,1,2,0.5,1,0,1,0,0,0,0,0,1
2026-01-10_csu_bakersfield_long_beach_st,Long Beach St.,32,"Pukis, Brynna",False,17,3,3,1.0,3,3,1.0,2,2,1.0,0,1,1,2,1,1,0,0,11
2026-01-10_csu_bakersfield_long_beach_st,Long Beach St.,10,"Reynoso, Christy",False,22,2,6,0.333,0,3,0.0,0,0,,0,2,2,0,1,0,0,0,4
2026-01-10_csu_bakersfield_long_beach_st,Long Beach St.,03,"Samuel  - Afolabi, Tairat",False,21,1,7,0.143,0,2,0.0,0,0,,1,0,1,0,1,1,0,0,2
2026-01-10_csu_bakersfield_long_beach_st,Long Beach St.,33,"Wright, Haley",False,21,0,7,0.0,0,4,0.0,1,2,0.5,1,1,2,2,1,0,0,0,1
2026-01-10_csu_bakersfield_long_beach_st,Long Beach St.,TM,TEAM,False,0,0,0,,0,0,,0,0,,2,4,6,0,0,0,0,0,0
2026-01-10_csu_bakersfield_long_beach_st,CSU Bakersfield,12,"Coleman , Chrishawn",True,18,5,9,0.556,3,5,0.6,2,2,1.0,0,3,3,2,4,1,1,0,15
2026-01-10_csu_bakersfield_long_beach_st,CSU Bakersfield,24,"Ikidi, Tena",True,27,6,7,0.857,0,0,,2,2,1.0,3,8,11,1,1,2,7,0,14
2026-01-10_csu_bakersfield_long_beach_st,CSU Bakersfield,08,"Langi, Marley",True,26,1,5,0.2,1,2,0.5,4,5,0.8,2,2,4,1,0,1,0,0,7
2026-01-10_csu_bakersfield_long_beach_st,CSU Bakersfield,14,"Hawkins, Morgan",True,32,2,7,0.286,0,3,0.0,2,2,1.0,0,3,3,3,7,2,0,1,6
2026-01-10_csu_bakersfield_long_beach_st,CSU Bakersfield,22,"Kincade, Dae’Jaidence",True,14,1,1,1.0,0,0,,0,0,,0,1,1,1,0,1,0,0,2
2026-01-10_csu_bakersfield_long_beach_st,CSU Bakersfield,11,"Dias, Maria",False,24,6,14,0.429,2,7,0.286,0,0,,0,4,4,1,1,2,1,2,14
2026-01-10_csu_bakersfield_long_beach_st,CSU Bakersfield,01,"Finley, Zalissa",False,14,2,3,0.667,2,3,0.667,0,0,,1,3,4,4,0,1,0,1,6
2026-01-10_csu_bakersfield_long_beach_st,CSU Bakersfield,07,"Gallatly, Jaime",False,6,2,4,0.5,1,3,0.333,0,0,,1,1,2,1,0,1,0,0,5
2026-01-10_csu_bakersfield_long_beach_st,CSU Bakersfield,02,"Carter, Aliyah",False,18,2,4,0.5,0,1,0.0,0,0,,3,5,8,1,3,2,0,0,4
2026-01-10_csu_bakersfield_long_beach_st,CSU Bakersfield,55,"Puletasi, Adrienne",False,7,1,1,1.0,0,0,,0,0,,0,0,0,1,0,0,0,0,2
2026-01-10_csu_bakersfield_long_beach_st,CSU Bakersfield,21,"Sutherland, Tianna",False,6,0,0,,0,0,,0,0,,0,1,1,1,0,0,0,0,0
2026-01-10_csu_bakersfield_long_beach_st,CSU Bakersfield,04,"Powell, Ophelia",False,4,0,0,,0,0,,0,0,,0,0,0,0,0,0,0,0,0
2026-01-10_csu_bakersfield_long_beach_st,CSU Bakersfield,30,"Dioli, Alli",False,4,0,3,0.0,0,3,0.0,0,0,,0,0,0,0,1,0,0,0,0
2026-01-10_csu_bakersfield_long_beach_st,CSU Bakersfield,TM,TEAM,False,0,0,0,,0,0,,0,0,,0,2,2,0,0,0,0,0,0
2026-01-10_csun_cal_st_fullerton,Cal St. Fullerton,55,"Jones, Cristina",True,34,8,18,0.444,0,0,,4,4,1.0,4,5,9,1,2,2,0,8,20
2026-01-10_csun_cal_st_fullerton,Cal St. Fullerton,33,"Pearson, Kya",True,29,4,9,0.444,1,4,0.25,1,2,0.5,2,1,3,2,5,3,0,4,10
2026-01-10_csun_cal_st_fullerton,Cal St. Fullerton,3,"Tauro, Maddy",True,27,3,12,0.25,0,0,,4,4,1.0,3,1,4,4,3,4,1,3,10
2026-01-10_csun_cal_st_fullerton,Cal St. Fullerton,00,"Steiner, Nicole",True,26,2,8,0.25,0,0,,4,4,1.0,1,3,4,3,2,0,0,2,8
2026-01-10_csun_cal_st_fullerton,Cal St. Fullerton,10,"Swindle, Dylan",True,24,1,5,0.2,0,1,0.0,3,4,0.75,1,1,2,3,2,3,0,3,5
2026-01-10_csun_cal_st_fullerton,Cal St. Fullerton,4,"Falsdottir, Jana",False,26,3,8,0.375,1,4,0.25,4,8,0.5,0,1,1,4,1,3,0,3,11
2026-01-10_csun_cal_st_fullerton,Cal St. Fullerton,22,"Muniz, Madelynn",False,17,2,3,0.667,1,2,0.5,0,0,,0,0,0,0,0,0,0,1,5
2026-01-10_csun_cal_st_fullerton,Cal St. Fullerton,1,"Moon, Mimi",False,7,1,4,0.25,0,1,0.0,0,0,,2,0,2,1,0,0,0,0,2
2026-01-10_csun_cal_st_fullerton,Cal St. Fullerton,23,"Maxwell, Talia",False,4,0,2,0.0,0,0,,2,4,0.5,1,1,2,0,0,1,0,0,2
2026-01-10_csun_cal_st_fullerton,Cal St. Fullerton,5,"Sutisna, Maxine",False,6,0,1,0.0,0,0,,0,0,,1,1,2,2,0,0,0,1,0
2026-01-10_csun_cal_st_fullerton,Cal St. Fullerton,TM,TEAM,False,0,0,0,,0,0,,0,0,,4,1,5,0,0,1,0,0,0
2026-01-10_csun_cal_st_fullerton,CSUN,2,"White, Saray",True,38,9,17,0.529,3,5,0.6,5,5,1.0,3,6,9,2,1,7,1,3,26
2026-01-10_csun_cal_st_fullerton,CSUN,00,"Gbemuotor, Jite",True,25,6,10,0.6,0,1,0.0,4,4,1.0,4,10,14,4,1,1,0,1,16
2026-01-10_csun_cal_st_fullerton,CSUN,24,"Cos-morales, Mariona",True,31,3,5,0.6,1,1,1.0,1,2,0.5,1,3,4,5,2,6,2,0,8
2026-01-10_csun_cal_st_fullerton,CSUN,4,"Edwards, Morgan",True,20,1,7,0.143,1,6,0.167,1,2,0.5,1,4,5,5,2,6,0,4,4
2026-01-10_csun_cal_st_fullerton,CSUN,12,"Aspajo, Erika",True,36,1,2,0.5,0,1,0.0,0,2,0.0,0,1,1,4,5,13,0,2,2
2026-01-10_csun_cal_st_fullerton,CSUN,34,"Bernard, Nadia",False,11,1,1,1.0,0,0,,0,0,,2,1,3,1,0,1,0,0,2
2026-01-10_csun_cal_st_fullerton,CSUN,22,"Dahlin, Laini",False,21,0,6,0.0,0,4,0.0,0,0,,2,1,3,1,1,4,0,0,0
2026-01-10_csun_cal_st_fullerton,CSUN,1,"Moody, Amya",False,8,0,0,,0,0,,0,0,,0,0,0,1,0,1,0,0,0
2026-01-10_csun_cal_st_fullerton,CSUN,33,"Nazário, Rita",False,8,0,1,0.0,0,1,0.0,0,0,,0,2,2,1,0,2,0,0,0
2026-01-10_csun_cal_st_fullerton,CSUN,3,"Tumlin, Kelly",False,2,0,0,,0,0,,0,0,,0,0,0,0,0,1,0,0,0
2026-01-10_csun_cal_st_fullerton,CSUN,TM,TEAM,False,0,0,0,,0,0,,0,0,,2,3,5,0,0,1,0,0,0
2026-01-15_cal_st_fullerton_uc_davis,UC Davis,09,"Sussex, Avery",True,37,6,16,0.375,6,15,0.4,2,2,1.0,1,2,3,1,4,1,1,1,20
2026-01-15_cal_st_fullerton_uc_davis,UC Davis,25,"Norris, Megan",True,33,4,8,0.5,1,2,0.5,6,8,0.75,4,10,14,3,4,3,1,2,15
2026-01-15_cal_st_fullerton_uc_davis,UC Davis,02,"Bennett, Ryann",True,39,5,12,0.417,1,4,0.25,3,4,0.75,1,2,3,3,10,3,1,2,14
2026-01-15_cal_st_fullerton_uc_davis,UC Davis,10,"Young, Tegan",True,32,3,9,0.333,2,4,0.5,3,3,1.0,6,1,7,2,1,2,0,1,11
2026-01-15_cal_st_fullerton_uc_davis,UC Davis,04,"Epps, Nya",True,31,3,11,0.273,2,6,0.333,0,0,,1,2,3,5,3,3,0,0,8
2026-01-15_cal_st_fullerton_uc_davis,UC Davis,15,"Lentfer, Sophie",False,9,2,4,0.5,1,3,0.333,0,0,,0,1,1,0,0,2,0,2,5
2026-01-15_cal_st_fullerton_uc_davis,UC Davis,23,"Baker, Victoria",False,14,0,1,0.0,0,1,0.0,0,0,,1,1,2,3,0,1,0,0,0
2026-01-15_cal_st_fullerton_uc_davis,UC Davis,21,"Tsami, Theoni",False,4,0,2,0.0,0,0,,0,0,,1,2,3,0,0,0,0,0,0
2026-01-15_cal_st_fullerton_uc_davis,UC Davis,11,"Ersdala, Emmy",False,1,0,1,0.0,0,1,0.0,0,0,,0,0,0,0,0,1,0,0,0
2026-01-15_cal_st_fullerton_uc_davis,UC Davis,TM,TEAM,False,0,0,0,,0,0,,0,0,,3,1,4,0,0,1,0,0,0
2026-01-15_cal_st_fullerton_uc_davis,Cal St. Fullerton,23,"Maxwell, Talia",True,32,6,11,0.545,0,0,,5,8,0.625,3,9,12,3,0,3,2,0,17
2026-01-15_cal_st_fullerton_uc_davis,Cal St. Fullerton,55,"Jones, Cristina",True,32,7,20,0.35,0,0,,1,2,0.5,12,5,17,5,2,3,1,2,15
2026-01-15_cal_st_fullerton_uc_davis,Cal St. Fullerton,10,"Swindle, Dylan",True,31,4,10,0.4,3,5,0.6,2,3,0.667,1,4,5,3,1,2,0,0,13
2026-01-15_cal_st_fullerton_uc_davis,Cal St. Fullerton,04,"Falsdottir, Jana",True,25,2,7,0.286,1,5,0.2,0,0,,4,0,4,2,4,2,0,0,5
2026-01-15_cal_st_fullerton_uc_davis,Cal St. Fullerton,33,"Pearson, Kya",True,22,0,1,0.0,0,1,0.0,0,0,,0,2,2,4,5,4,0,3,0
2026-01-15_cal_st_fullerton_uc_davis,Cal St. Fullerton,03,"Tauro, Maddy",False,29,6,14,0.429,1,2,0.5,1,3,0.333,0,1,1,2,3,2,0,4,14
2026-01-15_cal_st_fullerton_uc_davis,Cal St. Fullerton,22,"Muniz, Madelynn",False,20,1,4,0.25,1,4,0.25,0,0,,0,1,1,1,2,1,0,1,3
2026-01-15_cal_st_fullerton_uc_davis,Cal St. Fullerton,13,"Petersen, Lilliana",False,6,0,1,0.0,0,1,0.0,0,0,,0,1,1,1,0,0,1,1,0
2026-01-15_cal_st_fullerton_uc_davis,Cal St. Fullerton,05,"Sutisna, Maxine",False,3,0,0,,0,0,,0,0,,0,0,0,0,0,1,0,0,0
2026-01-15_cal_st_fullerton_uc_davis,Cal St. Fullerton,TM,TEAM,False,0,0,0,,0,0,,0,0,,2,1,3,0,0,0,0,0,0
2026-01-15_hawaii_cal_poly,Cal Poly,00,"McManus, Vanessa",True,34,8,13,0.615,2,2,1.0,4,4,1.0,0,4,4,2,0,4,0,1,22
2026-01-15_hawaii_cal_poly,Cal Poly,32,"Thompson, Charish",True,29,3,9,0.333,0,1,0.0,2,2,1.0,0,5,5,0,0,3,0,0,8
2026-01-15_hawaii_cal_poly,Cal Poly,09,"Perez, Nora",True,27,2,4,0.5,0,0,,0,1,0.0,2,3,5,1,0,1,0,1,4
2026-01-15_hawaii_cal_poly,Cal Poly,22,"Goosby, Alana",True,23,2,5,0.4,0,0,,0,0,,0,1,1,0,1,4,0,0,4
2026-01-15_hawaii_cal_poly,Cal Poly,07,"Billing, Jordan",True,13,0,2,0.0,0,2,0.0,0,0,,0,0,0,0,0,0,0,0,0
2026-01-15_hawaii_cal_poly,Cal Poly,01,"Garcia, Arissa",False,27,2,5,0.4,0,0,,2,2,1.0,1,3,4,1,1,2,0,1,6
2026-01-15_hawaii_cal_poly,Cal Poly,11,"Knapp, Avery",False,16,1,2,0.5,0,1,0.0,0,0,,1,3,4,1,0,0,0,1,2
2026-01-15_hawaii_cal_poly,Cal Poly,08,"Peiffer, Katie",False,10,0,6,0.0,0,5,0.0,0,0,,0,1,1,1,1,0,0,0,0
2026-01-15_hawaii_cal_poly,Cal Poly,25,"Sharvit, Maya",False,8,0,0,,0,0,,0,0,,0,2,2,2,1,3,0,0,0
2026-01-15_hawaii_cal_poly,Cal Poly,55,"Franklin, Vivian",False,6,0,1,0.0,0,0,,0,0,,0,1,1,0,0,1,0,0,0
2026-01-15_hawaii_cal_poly,Cal Poly,21,"Vail, Dulci",False,5,0,0,,0,0,,0,0,,0,1,1,3,0,1,0,0,0
2026-01-15_hawaii_cal_poly,Cal Poly,14,"Bears, Gillian",False,2,0,1,0.0,0,0,,0,0,,0,1,1,1,0,1,0,0,0
2026-01-15_hawaii_cal_poly,Cal Poly,TM,TEAM,False,0,0,0,,0,0,,0,0,,1,0,1,0,0,0,0,0,0
2026-01-15_hawaii_cal_poly,Hawaii,03,"Flavell, Bailey",True,21,8,10,0.8,1,3,0.333,5,5,1.0,3,3,6,0,4,0,0,0,22
2026-01-15_hawaii_cal_poly,Hawaii,12,"Perez, Imani",True,24,4,7,0.571,1,1,1.0,2,2,1.0,2,3,5,0,2,0,3,2,11
2026-01-15_hawaii_cal_poly,Hawaii,33,"Neverson, Saniyah",True,20,5,10,0.5,1,2,0.5,0,0,,3,1,4,1,0,0,1,1,11
2026-01-15_hawaii_cal_poly,Hawaii,04,"Lefotu, Jovi",True,15,0,4,0.0,0,0,,0,0,,1,3,4,0,4,0,0,0,0
2026-01-15_hawaii_cal_poly,Hawaii,22,"Peacock, Jade",True,13,0,4,0.0,0,4,0.0,0,0,,0,1,1,2,0,0,0,1,0
2026-01-15_hawaii_cal_poly,Hawaii,11,"Curtis, Keiara",False,25,6,11,0.545,3,4,0.75,1,1,1.0,0,1,1,4,4,1,0,2,16
2026-01-15_hawaii_cal_poly,Hawaii,02,"Bond, Teyahna",False,16,3,5,0.6,0,1,0.0,0,0,,0,3,3,0,0,0,0,0,6
2026-01-15_hawaii_cal_poly,Hawaii,20,"Forsyth, Izzy",False,15,2,6,0.333,2,6,0.333,0,0,,0,3,3,1,0,0,0,1,6
2026-01-15_hawaii_cal_poly,Hawaii,06,"Webb, Kyra",False,13,2,4,0.5,0,1,0.0,0,0,,0,0,0,1,0,1,0,3,4
2026-01-15_hawaii_cal_poly,Hawaii,08,"Moors, Rebecca",False,11,1,3,0.333,0,0,,0,0,,0,1,1,0,0,0,0,0,2
2026-01-15_hawaii_cal_poly,Hawaii,24,"Tamilo, Ritorya",False,10,0,1,0.0,0,0,,2,2,1.0,0,3,3,0,0,1,0,2,2
2026-01-15_hawaii_cal_poly,Hawaii,07,"Collins, Ella",False,7,1,3,0.333,0,1,0.0,0,0,,0,1,1,0,1,1,0,0,2
2026-01-15_hawaii_cal_poly,Hawaii,17,"Serra, Fiamma",False,6,1,3,0.333,0,0,,0,0,,2,1,3,0,0,0,0,1,2
2026-01-15_hawaii_cal_poly,Hawaii,10,"Kujovic, Danijela",False,4,1,1,1.0,0,0,,0,0,,0,0,0,0,0,1,0,0,2
2026-01-15_hawaii_cal_poly,Hawaii,TM,TEAM,False,0,0,0,,0,0,,0,0,,1,1,2,0,0,0,0,0,0
2026-01-15_csun_uc_san_diego,UC San Diego,15,"Ma, Sabrina",True,40,6,12,0.5,5,9,0.556,6,6,1.0,3,5,8,3,1,5,0,1,23
2026-01-15_csun_uc_san_diego,UC San Diego,11,"Condron, Erin",True,38,6,13,0.462,0,0,,1,2,0.5,4,7,11,2,0,4,3,0,13
2026-01-15_csun_uc_san_diego,UC San Diego,10,"Maxie, Dymonique",True,35,2,6,0.333,0,0,,5,6,0.833,0,2,2,3,3,2,0,6,9
2026-01-15_csun_uc_san_diego,UC San Diego,4,"Rose, Makayla",True,36,4,13,0.308,0,4,0.0,0,2,0.0,2,4,6,0,2,3,0,6,8
2026-01-15_csun_uc_san_diego,UC San Diego,12,"Smith, Rosa",True,27,2,9,0.222,1,3,0.333,0,0,,1,3,4,5,2,4,0,1,5
2026-01-15_csun_uc_san_diego,UC San Diego,13,"Feiman, Lev",False,17,1,6,0.167,0,2,0.0,0,0,,0,1,1,1,1,3,0,0,2
2026-01-15_csun_uc_san_diego,UC San Diego,25,"Mahan, Junae",False,5,0,1,0.0,0,0,,0,0,,0,1,1,0,0,0,0,0,0
2026-01-15_csun_uc_san_diego,UC San Diego,30,"Sule, Damilola",False,2,0,0,,0,0,,0,0,,0,0,0,0,0,1,0,0,0
2026-01-15_csun_uc_san_diego,UC San Diego,TM,TEAM,False,0,0,0,,0,0,,0,0,,3,2,5,0,0,0,0,0,0
2026-01-15_csun_uc_san_diego,CSUN,00,"Gbemuotor, Jite",True,24,5,15,0.333,1,5,0.2,2,2,1.0,3,5,8,4,1,2,2,1,13
2026-01-15_csun_uc_san_diego,CSUN,2,"White, Saray",True,34,3,11,0.273,1,3,0.333,5,6,0.833,2,6,8,3,4,5,0,2,12
2026-01-15_csun_uc_san_diego,CSUN,12,"Aspajo, Erika",True,36,1,2,0.5,1,1,1.0,1,1,1.0,0,1,1,2,1,8,0,5,4
2026-01-15_csun_uc_san_diego,CSUN,24,"Cos-morales, Mariona",True,37,0,4,0.0,0,2,0.0,1,2,0.5,2,5,7,3,0,4,1,1,1
2026-01-15_csun_uc_san_diego,CSUN,4,"Edwards, Morgan",True,12,0,4,0.0,0,3,0.0,0,0,,0,1,1,3,0,0,0,0,0
2026-01-15_csun_uc_san_diego,CSUN,33,"Nazário, Rita",False,30,6,14,0.429,2,10,0.2,0,0,,3,3,6,2,3,3,0,1,14
2026-01-15_csun_uc_san_diego,CSUN,34,"Bernard, Nadia",False,16,2,2,1.0,0,0,,0,0,,0,4,4,2,1,2,1,1,4
2026-01-15_csun_uc_san_diego,CSUN,22,"Dahlin, Laini",False,6,0,0,,0,0,,0,0,,0,2,2,0,0,2,0,0,0
2026-01-15_csun_uc_san_diego,CSUN,1,"Moody, Amya",False,4,0,0,,0,0,,0,0,,0,0,0,0,0,0,0,0,0
2026-01-15_csun_uc_san_diego,CSUN,21,"Canadell, Jana",False,1,0,0,,0,0,,0,0,,0,0,0,1,0,0,0,0,0
2026-01-15_csun_uc_san_diego,CSUN,TM,TEAM,False,0,0,0,,0,0,,0,0,,1,1,2,0,0,2,0,0,0
2026-01-15_uc_santa_barbara_csu_bakersfield,CSU Bakersfield,12,"Coleman, Chrishawn",True,31,8,18,0.444,2,5,0.4,9,10,0.9,0,4,4,2,3,2,0,3,27
2026-01-15_uc_santa_barbara_csu_bakersfield,CSU Bakersfield,08,"Langi, Marley",True,25,5,12,0.417,1,6,0.167,1,2,0.5,1,3,4,5,0,0,0,1,12
2026-01-15_uc_santa_barbara_csu_bakersfield,CSU Bakersfield,02,"Carter, Aliyah",True,31,2,8,0.25,0,0,,0,0,,2,5,7,2,3,2,0,1,4
2026-01-15_uc_santa_barbara_csu_bakersfield,CSU Bakersfield,14,"Hawkins, Morgan",True,34,1,6,0.167,0,2,0.0,1,2,0.5,0,3,3,1,1,2,0,2,3
2026-01-15_uc_santa_barbara_csu_bakersfield,CSU Bakersfield,24,"Ikidi, Tena",True,19,1,5,0.2,0,0,,0,0,,1,3,4,5,3,1,0,0,2
2026-01-15_uc_santa_barbara_csu_bakersfield,CSU Bakersfield,11,"Dias, Maria",False,29,5,15,0.333,2,8,0.25,1,2,0.5,0,2,2,1,1,2,1,0,13
2026-01-15_uc_santa_barbara_csu_bakersfield,CSU Bakersfield,22,"Kincade, Dae'Jaidence",False,19,1,1,1.0,0,0,,1,4,0.25,1,3,4,4,1,0,0,1,3
2026-01-15_uc_santa_barbara_csu_bakersfield,CSU Bakersfield,21,"Sutherland, Tianna",False,3,1,1,1.0,1,1,1.0,0,0,,1,0,1,0,0,0,0,0,3
2026-01-15_uc_santa_barbara_csu_bakersfield,CSU Bakersfield,55,"Puletasi, Adrienne",False,4,0,1,0.0,0,0,,0,0,,0,0,0,0,1,0,0,0,0
2026-01-15_uc_santa_barbara_csu_bakersfield,CSU Bakersfield,04,"Powell, Ophelia",False,2,0,0,,0,0,,0,0,,0,0,0,0,0,0,0,0,0
2026-01-15_uc_santa_barbara_csu_bakersfield,CSU Bakersfield,30,"Dioli, Alli",False,2,0,0,,0,0,,0,0,,0,0,0,0,0,0,0,0,0
2026-01-15_uc_santa_barbara_csu_bakersfield,CSU Bakersfield,01,"Finley, Zalissa",False,1,0,0,,0,0,,0,0,,0,0,0,1,0,0,0,0,0
2026-01-15_uc_santa_barbara_csu_bakersfield,CSU Bakersfield,TM,TEAM,False,0,0,0,,0,0,,0,0,,3,1,4,0,0,1,0,0,0
2026-01-15_uc_santa_barbara_csu_bakersfield,UC Santa Barbara,05,"Bradley, Olivia",True,29,11,14,0.786,1,3,0.333,4,7,0.571,0,6,6,4,3,3,0,1,27
2026-01-15_uc_santa_barbara_csu_bakersfield,UC Santa Barbara,02,"Borter, Zoe",True,40,7,10,0.7,1,3,0.333,5,8,0.625,0,4,4,2,5,3,0,0,20
2026-01-15_uc_santa_barbara_csu_bakersfield,UC Santa Barbara,23,"Shaw, Zoe",True,36,5,8,0.625,4,6,0.667,0,2,0.0,0,4,4,1,3,1,0,0,14
2026-01-15_uc_santa_barbara_csu_bakersfield,UC Santa Barbara,04,"Puente-Valverde, Júlia",True,20,2,7,0.286,0,2,0.0,3,4,0.75,0,11,11,4,1,3,0,1,7
2026-01-15_uc_santa_barbara_csu_bakersfield,UC Santa Barbara,32,"Grant, Jessica",True,40,2,6,0.333,2,6,0.333,0,0,,0,1,1,3,1,1,0,0,6
2026-01-15_uc_santa_barbara_csu_bakersfield,UC Santa Barbara,15,"Andersen, Chauncey",False,26,2,3,0.667,0,0,,4,8,0.5,1,11,12,4,1,4,2,0,8
2026-01-15_uc_santa_barbara_csu_bakersfield,UC Santa Barbara,44,"Radnjic, Bojana",False,6,0,0,,0,0,,0,0,,0,0,0,1,0,0,0,1,0
2026-01-15_uc_santa_barbara_csu_bakersfield,UC Santa Barbara,22,"Shum-Koubek, Helena",False,3,0,0,,0,0,,0,0,,0,0,0,2,0,1,0,0,0
2026-01-15_uc_santa_barbara_csu_bakersfield,UC Santa Barbara,35,"Mastora, Malani",False,,0,0,,0,0,,0,0,,0,0,0,0,0,0,0,0,0
2026-01-15_uc_santa_barbara_csu_bakersfield,UC Santa Barbara,TM,TEAM,False,0,0,0,,0,0,,0,0,,2,1,3,0,0,0,0,0,0
2026-01-15_uc_riverside_long_beach_st,Long Beach St.,30,"Jones-brown, Jaquoia",True,37,6,17,0.353,0,1,0.0,3,3,1.0,4,3,7,1,1,2,0,0,15
2026-01-15_uc_riverside_long_beach_st,Long Beach St.,5,"Ka, Kennan",True,33,3,9,0.333,1,4,0.25,3,4,0.75,1,3,4,0,4,1,1,0,10
2026-01-15_uc_riverside_long_beach_st,Long Beach St.,13,"Pepe, Khylee",True,32,3,9,0.333,0,2,0.0,4,4,1.0,0,4,4,2,3,3,0,0,10
2026-01-15_uc_riverside_long_beach_st,Long Beach St.,2,"Akot, Rosie",True,30,3,12,0.25,1,4,0.25,0,0,,2,8,10,2,0,3,1,1,7
2026-01-15_uc_riverside_long_beach_st,Long Beach St.,10,"Reynoso, Christy",True,18,0,3,0.0,0,3,0.0,0,0,,0,0,0,2,1,1,0,1,0
2026-01-15_uc_riverside_long_beach_st,Long Beach St.,25,"Mack, Morgan",False,18,3,6,0.5,2,3,0.667,3,3,1.0,1,5,6,0,1,2,0,1,11
2026-01-15_uc_riverside_long_beach_st,Long Beach St.,33,"Wright, Haley",False,9,2,5,0.4,2,3,0.667,0,0,,2,1,3,2,0,1,0,0,6
2026-01-15_uc_riverside_long_beach_st,Long Beach St.,32,"Pukis, Brynna",False,22,0,3,0.0,0,3,0.0,0,2,0.0,0,0,0,1,4,0,0,1,0
2026-01-15_uc_riverside_long_beach_st,Long Beach St.,3,"Samuel  - Afolabi, Tairat",False,1,0,0,,0,0,,0,0,,0,1,1,0,0,0,0,0,0
2026-01-15_uc_riverside_long_beach_st,Long Beach St.,TM,TEAM,False,0,0,0,,0,0,,0,0,,6,0,6,0,0,0,0,0,0
2026-01-15_uc_riverside_long_beach_st,UC Riverside,7,"Wickstrom, Hannah",True,29,9,18,0.5,1,6,0.167,2,4,0.5,2,10,12,1,3,3,1,2,21
2026-01-15_uc_riverside_long_beach_st,UC Riverside,22,"Swanson, Taylor",True,22,7,10,0.7,2,2,1.0,0,0,,3,4,7,2,2,2,0,2,16
2026-01-15_uc_riverside_long_beach_st,UC Riverside,2,"Hackley, Seneca",True,23,2,8,0.25,0,4,0.0,4,4,1.0,1,3,4,1,2,0,0,0,8
2026-01-15_uc_riverside_long_beach_st,UC Riverside,1,"Polk, Kaylani",True,26,2,6,0.333,2,6,0.333,0,0,,0,1,1,0,5,0,0,0,6
2026-01-15_uc_riverside_long_beach_st,UC Riverside,41,"Shine, Bria",True,17,1,1,1.0,0,0,,1,2,0.5,1,2,3,2,2,1,0,0,3
2026-01-15_uc_riverside_long_beach_st,UC Riverside,9,"Chocano, Maya",False,21,4,7,0.571,3,5,0.6,2,2,1.0,0,3,3,0,0,0,0,0,13
2026-01-15_uc_riverside_long_beach_st,UC Riverside,10,"Minshall, Makayla",False,17,2,6,0.333,1,5,0.2,0,0,,2,2,4,4,1,0,0,1,5
2026-01-15_uc_riverside_long_beach_st,UC Riverside,23,"Mejia, Maria",False,14,1,2,0.5,1,2,0.5,0,0,,0,0,0,0,2,0,0,0,3
2026-01-15_uc_riverside_long_beach_st,UC Riverside,32,"Moreno Tallon, Lucia",False,11,1,3,0.333,0,0,,0,0,,0,1,1,2,0,0,1,0,2
2026-01-15_uc_riverside_long_beach_st,UC Riverside,11,"Cobbs, Jayda",False,11,0,1,0.0,0,1,0.0,0,0,,0,0,0,2,3,0,0,0,0
2026-01-15_uc_riverside_long_beach_st,UC Riverside,30,"Sylla, Dieynaba",False,9,0,2,0.0,0,0,,0,0,,0,0,0,0,0,1,0,0,0
2026-01-15_uc_riverside_long_beach_st,UC Riverside,TM,TEAM,False,0,0,0,,0,0,,0,0,,1,3,4,0,0,1,0,0,0
2026-01-17_uc_irvine_uc_davis,UC Davis,25,"Norris, Megan",True,36,2,8,0.25,0,3,0.0,7,10,0.7,6,9,15,3,1,1,2,2,11
2026-01-17_uc_irvine_uc_davis,UC Davis,10,"Young, Tegan",True,30,2,6,0.333,1,2,0.5,2,2,1.0,3,2,5,0,0,0,0,1,7
2026-01-17_uc_irvine_uc_davis,UC Davis,2,"Bennett, Ryann",True,33,2,8,0.25,0,4,0.0,2,2,1.0,0,0,0,2,1,4,0,1,6
2026-01-17_uc_irvine_uc_davis,UC Davis,9,"Sussex, Avery",True,27,2,9,0.222,1,6,0.167,1,1,1.0,0,4,4,2,5,6,0,0,6
2026-01-17_uc_irvine_uc_davis,UC Davis,4,"Epps, Nya",True,23,2,13,0.154,0,2,0.0,2,2,1.0,2,3,5,4,0,3,1,0,6
2026-01-17_uc_irvine_uc_davis,UC Davis,1,"Davis, Carrington",False,14,1,2,0.5,0,1,0.0,2,4,0.5,2,2,4,1,0,3,0,0,4
2026-01-17_uc_irvine_uc_davis,UC Davis,21,"Tsami, Theoni",False,3,0,0,,0,0,,2,4,0.5,0,1,1,1,0,0,0,0,2
2026-01-17_uc_irvine_uc_davis,UC Davis,23,"Baker, Victoria",False,14,0,2,0.0,0,1,0.0,0,0,,0,0,0,3,0,2,1,1,0
2026-01-17_uc_irvine_uc_davis,UC Davis,11,"Ersdala, Emmy",False,10,0,3,0.0,0,2,0.0,0,0,,1,0,1,3,0,0,0,0,0
2026-01-17_uc_irvine_uc_davis,UC Davis,15,"Lentfer, Sophie",False,10,0,1,0.0,0,1,0.0,0,0,,0,0,0,0,0,0,0,0,0
2026-01-17_uc_irvine_uc_davis,UC Davis,TM,TEAM,False,0,0,0,,0,0,,0,0,,3,3,6,0,0,1,0,0,0
2026-01-17_uc_irvine_uc_davis,UC Irvine,23,"Wynn, Jada",True,36,8,12,0.667,5,8,0.625,3,4,0.75,0,8,8,2,3,4,1,3,24
2026-01-17_uc_irvine_uc_davis,UC Irvine,20,"Hernandez, Hunter",True,34,6,13,0.462,3,5,0.6,4,4,1.0,0,4,4,2,4,1,0,1,19
2026-01-17_uc_irvine_uc_davis,UC Irvine,14,"Hanson, Summah",True,17,2,4,0.5,2,3,0.667,4,4,1.0,2,3,5,5,0,1,2,1,10
2026-01-17_uc_irvine_uc_davis,UC Irvine,10,"Madsen, Lauryn",True,35,2,8,0.25,2,8,0.25,0,0,,0,1,1,3,1,1,2,4,6
2026-01-17_uc_irvine_uc_davis,UC Irvine,12,"Nahum, Shirel",True,11,0,1,0.0,0,0,,0,0,,0,1,1,4,2,1,0,0,0
2026-01-17_uc_irvine_uc_davis,UC Irvine,24,"Zonzon-huyghe, Naomy",False,17,1,3,0.333,1,1,1.0,2,4,0.5,1,1,2,2,0,0,0,0,5
2026-01-17_uc_irvine_uc_davis,UC Irvine,13,"Stores, Nohe'alani",False,16,1,2,0.5,0,0,,1,2,0.5,2,1,3,2,0,0,0,2,3
2026-01-17_uc_irvine_uc_davis,UC Irvine,1,"Grant, Ameerah",False,14,0,2,0.0,0,0,,2,4,0.5,0,1,1,3,2,1,0,1,2
2026-01-17_uc_irvine_uc_davis,UC Irvine,8,"Wormly, Kianna",False,4,1,1,1.0,0,0,,0,0,,1,0,1,2,0,0,0,0,2
2026-01-17_uc_irvine_uc_davis,UC Irvine,22,"Noa, Reese",False,4,1,1,1.0,0,0,,0,0,,0,1,1,1,0,0,0,3,2
2026-01-17_uc_irvine_uc_davis,UC Irvine,9,"Falcon Hernandez, Daniela",False,8,0,3,0.0,0,2,0.0,0,0,,0,0,0,0,0,1,0,0,0
2026-01-17_uc_irvine_uc_davis,UC Irvine,2,"Hernandez, Haley",False,4,0,2,0.0,0,1,0.0,0,0,,0,2,2,0,0,0,0,0,0
2026-01-17_uc_irvine_uc_davis,UC Irvine,TM,TEAM,False,0,0,0,,0,0,,0,0,,2,2,4,0,0,0,0,0,0
2026-01-17_hawaii_uc_santa_barbara,UC Santa Barbara,05,"Bradley, Olivia",True,11,6,16,0.375,2,10,0.2,1,2,0.5,2,1,3,1,0,2,1,2,15
2026-01-17_hawaii_uc_santa_barbara,UC Santa Barbara,23,"Shaw, Zoe",True,29,4,10,0.4,3,8,0.375,0,0,,1,3,4,0,0,2,0,1,11
2026-01-17_hawaii_uc_santa_barbara,UC Santa Barbara,02,"Borter, Zoe",True,36,2,11,0.182,1,6,0.167,0,0,,0,1,1,3,1,0,1,0,5
2026-01-17_hawaii_uc_santa_barbara,UC Santa Barbara,04,"Puente-Valverde, Júlia",True,34,2,8,0.25,0,0,,1,2,0.5,1,4,5,0,0,1,0,1,5
2026-01-17_hawaii_uc_santa_barbara,UC Santa Barbara,32,"Grant, Jessica",True,33,0,1,0.0,0,1,0.0,0,0,,1,1,2,1,0,2,1,0,0
2026-01-17_hawaii_uc_santa_barbara,UC Santa Barbara,15,"Andersen, Chauncey",False,25,4,7,0.571,0,0,,0,0,,0,6,6,3,0,1,0,2,8
2026-01-17_hawaii_uc_santa_barbara,UC Santa Barbara,12,"Naro, Madison",False,23,1,4,0.25,1,2,0.5,0,0,,0,3,3,2,2,0,0,0,3
2026-01-17_hawaii_uc_santa_barbara,UC Santa Barbara,44,"Radnjic, Bojana",False,4,1,1,1.0,1,1,1.0,0,0,,0,0,0,1,0,1,0,0,3
2026-01-17_hawaii_uc_santa_barbara,UC Santa Barbara,22,"Koubek, Helena",False,3,0,0,,0,0,,0,0,,0,0,0,0,0,1,0,0,0
2026-01-17_hawaii_uc_santa_barbara,UC Santa Barbara,35,"Mastora, Malani",False,2,0,0,,0,0,,0,0,,0,0,0,0,0,0,0,0,0
2026-01-17_hawaii_uc_santa_barbara,UC Santa Barbara,TM,TEAM,False,0,0,0,,0,0,,0,0,,3,2,5,0,0,0,0,0,0
2026-01-17_hawaii_uc_santa_barbara,Hawaii,11,"Curtis, Keiara",True,34,8,13,0.615,3,6,0.5,0,0,,0,8,8,1,4,1,0,3,19
2026-01-17_hawaii_uc_santa_barbara,Hawaii,33,"Neverson, Saniyah",True,27,6,14,0.429,3,5,0.6,0,0,,3,2,5,2,1,1,0,0,15
2026-01-17_hawaii_uc_santa_barbara,Hawaii,12,"Perez, Imani",True,32,2,2,1.0,0,0,,2,2,1.0,2,5,7,1,4,1,3,1,6
2026-01-17_hawaii_uc_santa_barbara,Hawaii,03,"Flavell, Bailey",True,31,2,9,0.222,0,2,0.0,0,0,,0,1,1,0,0,2,0,1,4
2026-01-17_hawaii_uc_santa_barbara,Hawaii,22,"Peacock, Jade",True,18,0,3,0.0,0,2,0.0,0,0,,1,3,4,1,0,2,2,0,0
2026-01-17_hawaii_uc_santa_barbara,Hawaii,06,"Webb, Kyra",False,23,3,3,1.0,2,2,1.0,1,2,0.5,1,3,4,0,0,2,2,0,9
2026-01-17_hawaii_uc_santa_barbara,Hawaii,02,"Bond, Teyahna",False,17,3,7,0.429,0,1,0.0,1,2,0.5,0,4,4,0,1,2,0,1,7
2026-01-17_hawaii_uc_santa_barbara,Hawaii,24,"Tamilo, Ritorya",False,11,3,3,1.0,0,0,,1,2,0.5,0,2,2,1,0,0,1,0,7
2026-01-17_hawaii_uc_santa_barbara,Hawaii,20,"Forsyth, Izzy",False,7,0,1,0.0,0,1,0.0,0,0,,0,0,0,0,0,0,0,0,0
2026-01-17_hawaii_uc_santa_barbara,Hawaii,TM,TEAM,False,0,0,0,,0,0,,0,0,,1,2,3,0,0,0,0,0,0
2026-01-17_uc_san_diego_csu_bakersfield,CSU Bakersfield,08,"Langi, Marley",True,26,6,11,0.545,5,9,0.556,0,0,,0,3,3,4,0,3,0,0,17
2026-01-17_uc_san_diego_csu_bakersfield,CSU Bakersfield,14,"Hawkins, Morgan",True,36,5,9,0.556,1,3,0.333,3,3,1.0,0,1,1,1,9,4,0,1,14
2026-01-17_uc_san_diego_csu_bakersfield,CSU Bakersfield,12,"Coleman, Chrishawn",True,33,3,9,0.333,1,3,0.333,1,1,1.0,2,4,6,4,1,6,1,1,8
2026-01-17_uc_san_diego_csu_bakersfield,CSU Bakersfield,02,"Carter, Aliyah",True,30,2,8,0.25,0,1,0.0,2,2,1.0,3,5,8,3,1,4,0,2,6
2026-01-17_uc_san_diego_csu_bakersfield,CSU Bakersfield,24,"Ikidi, Tena",True,18,2,7,0.286,0,0,,0,0,,1,6,7,4,0,1,1,0,4
2026-01-17_uc_san_diego_csu_bakersfield,CSU Bakersfield,11,"Dias, Maria",False,28,6,12,0.5,3,5,0.6,0,0,,2,3,5,1,2,4,0,0,15
2026-01-17_uc_san_diego_csu_bakersfield,CSU Bakersfield,01,"Finley, Zalissa",False,12,1,4,0.25,0,2,0.0,0,0,,1,1,2,1,0,0,0,0,2
2026-01-17_uc_san_diego_csu_bakersfield,CSU Bakersfield,22,"Kincade, Dae'Jaidence",False,14,0,3,0.0,0,0,,0,0,,0,1,1,2,0,1,0,2,0
2026-01-17_uc_san_diego_csu_bakersfield,CSU Bakersfield,21,"Sutherland, Tianna",False,3,0,0,,0,0,,0,0,,0,0,0,0,0,0,0,0,0
2026-01-17_uc_san_diego_csu_bakersfield,CSU Bakersfield,55,"Puletasi, Adrienne",False,,0,0,,0,0,,0,0,,0,0,0,0,0,0,0,0,0
2026-01-17_uc_san_diego_csu_bakersfield,CSU Bakersfield,TM,TEAM,False,0,0,0,,0,0,,0,0,,2,1,3,0,0,0,0,0,0
2026-01-17_uc_san_diego_csu_bakersfield,UC San Diego,04,"Rose, Makayla",True,37,8,11,0.727,1,2,0.5,4,6,0.667,0,8,8,2,1,1,0,3,21
2026-01-17_uc_san_diego_csu_bakersfield,UC San Diego,11,"Condron, Erin",True,35,7,11,0.636,1,1,1.0,6,7,0.857,1,7,8,1,2,4,3,0,21
2026-01-17_uc_san_diego_csu_bakersfield,UC San Diego,12,"Smith, Rosa",True,21,7,11,0.636,3,5,0.6,2,2,1.0,0,1,1,2,2,2,0,0,19
2026-01-17_uc_san_diego_csu_bakersfield,UC San Diego,15,"Ma, Sabrina",True,34,3,7,0.429,2,3,0.667,2,2,1.0,1,0,1,2,4,1,1,5,10
2026-01-17_uc_san_diego_csu_bakersfield,UC San Diego,10,"Maxie, Dymonique",True,35,0,4,0.0,0,2,0.0,2,4,0.5,0,2,2,2,6,2,0,2,2
2026-01-17_uc_san_diego_csu_bakersfield,UC San Diego,25,"Mahan, Junaé",False,21,2,6,0.333,1,2,0.5,0,0,,0,4,4,0,3,2,1,2,5
2026-01-17_uc_san_diego_csu_bakersfield,UC San Diego,30,"Sule, Damilola",False,5,2,3,0.667,0,0,,0,0,,1,0,1,1,0,1,0,0,4
2026-01-17_uc_san_diego_csu_bakersfield,UC San Diego,13,"Feiman, Lev",False,9,1,3,0.333,0,0,,0,0,,0,3,3,1,0,1,0,1,2
2026-01-17_uc_san_diego_csu_bakersfield,UC San Diego,21,"Polocheck, Nicki",False,3,0,1,0.0,0,1,0.0,0,0,,0,0,0,0,0,0,0,0,0
2026-01-17_uc_san_diego_csu_bakersfield,UC San Diego,TM,TEAM,False,0,0,0,,0,0,,0,0,,1,2,3,0,0,0,0,0,0
2026-01-17_long_beach_st_csun,CSUN,00,"Gbemuotor, Jite",True,19,6,11,0.545,2,3,0.667,2,2,1.0,3,2,5,2,0,1,0,0,16
2026-01-17_long_beach_st_csun,CSUN,12,"Aspajo, Erika",True,38,3,14,0.214,0,3,0.0,1,2,0.5,2,6,8,4,6,1,0,2,7
2026-01-17_long_beach_st_csun,CSUN,2,"White, Saray",True,34,2,11,0.182,0,5,0.0,3,3,1.0,1,4,5,2,0,2,3,6,7
2026-01-17_long_beach_st_csun,CSUN,4,"Edwards, Morgan",True,11,1,3,0.333,1,2,0.5,0,0,,0,0,0,1,2,2,0,1,3
2026-01-17_long_beach_st_csun,CSUN,24,"Cos-morales, Mariona",True,15,0,5,0.0,0,4,0.0,0,0,,0,2,2,1,0,1,1,0,0
2026-01-17_long_beach_st_csun,CSUN,33,"Nazario, Rita",False,30,5,11,0.455,5,10,0.5,1,2,0.5,1,3,4,2,0,0,0,1,16
2026-01-17_long_beach_st_csun,CSUN,34,"Bernard, Nadia",False,17,4,7,0.571,0,0,,1,2,0.5,1,1,2,1,0,1,0,0,9
2026-01-17_long_beach_st_csun,CSUN,22,"Dahlin, Laini",False,23,1,6,0.167,1,5,0.2,0,0,,4,1,5,4,2,0,0,0,3
2026-01-17_long_beach_st_csun,CSUN,1,"Moody, Amya",False,7,0,4,0.0,0,3,0.0,0,0,,0,1,1,0,0,1,0,0,0
2026-01-17_long_beach_st_csun,CSUN,23,"Contreras, Maya",False,4,0,1,0.0,0,0,,0,0,,1,1,2,1,0,0,0,0,0
2026-01-17_long_beach_st_csun,CSUN,3,"Tumlin, Kelly",False,2,0,1,0.0,0,1,0.0,0,0,,1,0,1,0,1,0,0,0,0
2026-01-17_long_beach_st_csun,CSUN,TM,TEAM,False,0,0,0,,0,0,,0,0,,2,2,4,0,0,0,0,0,0
2026-01-17_long_beach_st_csun,Long Beach St.,13,"Pepe, Khylee",True,35,4,9,0.444,1,3,0.333,7,10,0.7,2,6,8,1,1,6,0,1,16
2026-01-17_long_beach_st_csun,Long Beach St.,30,"Jones-brown, Jaquoia",True,36,4,11,0.364,1,3,0.333,1,2,0.5,1,7,8,0,1,2,0,1,10
2026-01-17_long_beach_st_csun,Long Beach St.,25,"Mack, Morgan",True,28,3,6,0.5,2,4,0.5,2,2,1.0,0,2,2,5,1,3,0,0,10
2026-01-17_long_beach_st_csun,Long Beach St.,5,"Ka, Kennan",True,35,4,7,0.571,1,1,1.0,0,0,,1,5,6,2,1,4,0,0,9
2026-01-17_long_beach_st_csun,Long Beach St.,2,"Akot, Rosie",True,29,4,13,0.308,1,5,0.2,0,2,0.0,2,9,11,3,3,3,0,2,9
2026-01-17_long_beach_st_csun,Long Beach St.,10,"Reynoso, Christy",False,18,1,5,0.2,1,4,0.25,2,2,1.0,1,2,3,1,3,2,0,1,5
2026-01-17_long_beach_st_csun,Long Beach St.,32,"Pukis, Brynna",False,13,1,3,0.333,1,3,0.333,0,0,,0,1,1,2,2,0,0,0,3
2026-01-17_long_beach_st_csun,Long Beach St.,3,"Samuel-afolabi, Tairat",False,3,0,0,,0,0,,0,0,,1,0,1,1,0,0,0,0,0
2026-01-17_long_beach_st_csun,Long Beach St.,33,"Wright, Haley",False,3,0,0,,0,0,,0,0,,0,0,0,0,1,0,0,0,0
2026-01-17_long_beach_st_csun,Long Beach St.,TM,TEAM,False,0,0,0,,0,0,,0,0,,3,2,5,0,0,0,0,0,0
2026-01-17_cal_st_fullerton_uc_riverside,UC Riverside,07,"Wickstrom, Hannah",True,35,10,20,0.5,4,6,0.667,4,4,1.0,0,4,4,1,2,5,2,2,28
2026-01-17_cal_st_fullerton_uc_riverside,UC Riverside,41,"Shine, Bria",True,33,3,5,0.6,0,0,,0,0,,2,10,12,1,4,3,1,1,6
2026-01-17_cal_st_fullerton_uc_riverside,UC Riverside,01,"Polk, Kaylani",True,36,1,4,0.25,0,1,0.0,2,2,1.0,0,2,2,3,5,5,1,0,4
2026-01-17_cal_st_fullerton_uc_riverside,UC Riverside,02,"Hackley, Seneca",True,27,1,4,0.25,0,0,,2,2,1.0,0,3,3,2,3,4,1,1,4
2026-01-17_cal_st_fullerton_uc_riverside,UC Riverside,22,"Swanson, Taylor",True,6,1,2,0.5,0,1,0.0,0,0,,0,2,2,0,0,0,1,0,2
2026-01-17_cal_st_fullerton_uc_riverside,UC Riverside,10,"Minshall, Makayla",False,27,7,11,0.636,4,6,0.667,0,1,0.0,3,3,6,2,2,3,0,1,18
2026-01-17_cal_st_fullerton_uc_riverside,UC Riverside,09,"Chocano, Maya",False,30,3,9,0.333,2,6,0.333,1,2,0.5,0,1,1,2,3,4,0,2,9
2026-01-17_cal_st_fullerton_uc_riverside,UC Riverside,23,"Mejia, Maria",False,3,0,0,,0,0,,0,0,,0,0,0,0,1,0,0,0,0
2026-01-17_cal_st_fullerton_uc_riverside,UC Riverside,32,"Moreno Tallon, Lucia",False,3,0,0,,0,0,,0,0,,0,0,0,0,0,0,0,0,0
2026-01-17_cal_st_fullerton_uc_riverside,UC Riverside,TM,TEAM,False,0,0,0,,0,0,,0,0,,2,2,4,0,0,0,0,0,0
2026-01-17_cal_st_fullerton_uc_riverside,Cal St. Fullerton,55,"Jones, Cristina",True,34,9,19,0.474,0,0,,4,6,0.667,5,7,12,2,3,3,0,5,22
2026-01-17_cal_st_fullerton_uc_riverside,Cal St. Fullerton,33,"Pearson, Kya",True,29,6,12,0.5,1,2,0.5,0,0,,0,2,2,1,6,3,0,5,13
2026-01-17_cal_st_fullerton_uc_riverside,Cal St. Fullerton,03,"Tauro, Maddy",True,33,4,10,0.4,1,2,0.5,2,2,1.0,2,1,3,3,2,2,2,4,11
2026-01-17_cal_st_fullerton_uc_riverside,Cal St. Fullerton,10,"Swindle, Dylan",True,29,4,9,0.444,2,3,0.667,0,0,,0,3,3,2,4,1,0,1,10
2026-01-17_cal_st_fullerton_uc_riverside,Cal St. Fullerton,23,"Maxwell, Talia",True,25,4,6,0.667,0,0,,0,0,,1,3,4,0,2,0,2,0,8
2026-01-17_cal_st_fullerton_uc_riverside,Cal St. Fullerton,22,"Muniz, Madelynn",False,21,6,6,1.0,6,6,1.0,0,0,,0,3,3,1,0,0,0,1,18
2026-01-17_cal_st_fullerton_uc_riverside,Cal St. Fullerton,01,"Moon, Mimi",False,8,0,2,0.0,0,1,0.0,1,2,0.5,0,1,1,2,0,0,0,0,1
2026-01-17_cal_st_fullerton_uc_riverside,Cal St. Fullerton,04,"Falsdottir, Jana",False,14,0,3,0.0,0,2,0.0,0,0,,0,1,1,2,4,2,0,0,0
2026-01-17_cal_st_fullerton_uc_riverside,Cal St. Fullerton,05,"Sutisna, Maxine",False,4,0,2,0.0,0,2,0.0,0,0,,0,1,1,0,1,0,0,0,0
2026-01-17_cal_st_fullerton_uc_riverside,Cal St. Fullerton,24,"Orhan, Basak",False,2,0,0,,0,0,,0,0,,1,0,1,0,0,0,0,0,0
2026-01-17_cal_st_fullerton_uc_riverside,Cal St. Fullerton,13,"Petersen, Lilliana",False,1,0,0,,0,0,,0,0,,0,0,0,0,0,0,0,0,0
2026-01-17_cal_st_fullerton_uc_riverside,Cal St. Fullerton,TM,TEAM,False,0,0,0,,0,0,,0,0,,1,1,2,0,0,1,0,0,0
2026-01-22_uc_san_diego_uc_davis,UC Davis,25,"Norris, Megan",True,38,9,13,0.692,2,4,0.5,3,4,0.75,2,14,16,3,3,3,3,3,23
2026-01-22_uc_san_diego_uc_davis,UC Davis,10,"Young, Tegan",True,31,4,9,0.444,2,4,0.5,1,3,0.333,3,6,9,2,3,1,0,1,11
2026-01-22_uc_san_diego_uc_davis,UC Davis,02,"Bennett, Ryann",True,32,4,11,0.364,1,6,0.167,1,2,0.5,0,1,1,2,3,3,0,2,10
2026-01-22_uc_san_diego_uc_davis,UC Davis,09,"Sussex, Avery",True,32,2,8,0.25,1,5,0.2,3,4,0.75,0,5,5,0,3,1,0,0,8
2026-01-22_uc_san_diego_uc_davis,UC Davis,04,"Epps, Nya",True,38,2,6,0.333,1,2,0.5,1,2,0.5,0,4,4,0,3,5,0,0,6
2026-01-22_uc_san_diego_uc_davis,UC Davis,23,"Baker, Victoria",False,16,2,2,1.0,0,0,,1,1,1.0,0,2,2,3,0,3,0,0,5
2026-01-22_uc_san_diego_uc_davis,UC Davis,11,"Ersdala, Emmy",False,11,1,2,0.5,1,2,0.5,0,0,,0,0,0,0,0,1,0,0,3
2026-01-22_uc_san_diego_uc_davis,UC Davis,15,"Lentfer, Sophie",False,2,0,1,0.0,0,0,,0,0,,0,0,0,0,0,1,0,0,0
2026-01-22_uc_san_diego_uc_davis,UC Davis,TM,TEAM,False,0,0,0,,0,0,,0,0,,0,3,3,0,0,1,0,0,0
2026-01-22_uc_san_diego_uc_davis,UC San Diego,11,"Condron, Erin",True,38,9,18,0.5,1,1,1.0,2,2,1.0,2,8,10,1,4,1,0,4,21
2026-01-22_uc_san_diego_uc_davis,UC San Diego,12,"Smith, Rosa",True,40,4,14,0.286,3,10,0.3,4,5,0.8,0,5,5,3,2,3,0,1,15
2026-01-22_uc_san_diego_uc_davis,UC San Diego,04,"Rose, Makayla",True,40,5,14,0.357,1,4,0.25,1,2,0.5,2,5,7,1,1,2,0,6,12
2026-01-22_uc_san_diego_uc_davis,UC San Diego,15,"Ma, Sabrina",True,32,4,14,0.286,1,9,0.111,2,2,1.0,2,4,6,4,0,0,0,1,11
2026-01-22_uc_san_diego_uc_davis,UC San Diego,10,"Maxie, Dymonique",True,40,1,6,0.167,0,2,0.0,1,2,0.5,1,2,3,3,4,2,1,3,3
2026-01-22_uc_san_diego_uc_davis,UC San Diego,13,"Feiman, Lev",False,8,0,2,0.0,0,0,,0,0,,1,1,2,2,1,2,0,0,0
2026-01-22_uc_san_diego_uc_davis,UC San Diego,30,"Sule, Damilola",False,2,0,0,,0,0,,0,0,,0,1,1,1,0,1,0,0,0
2026-01-22_uc_san_diego_uc_davis,UC San Diego,TM,TEAM,False,0,0,0,,0,0,,0,0,,4,1,5,0,0,0,0,0,0
2026-01-22_csu_bakersfield_hawaii,Hawaii,03,"Flavell, Bailey",True,34,7,16,0.438,1,7,0.143,7,8,0.875,0,10,10,2,2,5,0,2,22
2026-01-22_csu_bakersfield_hawaii,Hawaii,11,"Curtis, Keiara",True,28,4,7,0.571,2,4,0.5,3,4,0.75,0,9,9,3,4,4,0,0,13
2026-01-22_csu_bakersfield_hawaii,Hawaii,33,"Neverson, Saniyah",True,32,4,8,0.5,0,1,0.0,1,2,0.5,3,5,8,3,0,2,2,0,9
2026-01-22_csu_bakersfield_hawaii,Hawaii,12,"Perez, Imani",True,29,3,5,0.6,1,1,1.0,0,0,,1,2,3,3,1,0,1,3,7
2026-01-22_csu_bakersfield_hawaii,Hawaii,22,"Peacock, Jade",True,23,2,4,0.5,0,2,0.0,0,0,,0,2,2,0,1,1,0,0,4
2026-01-22_csu_bakersfield_hawaii,Hawaii,06,"Webb, Kyra",False,11,1,1,1.0,1,1,1.0,1,2,0.5,1,2,3,3,0,1,0,0,4
2026-01-22_csu_bakersfield_hawaii,Hawaii,08,"Moors, Rebecca",False,8,1,1,1.0,1,1,1.0,0,0,,0,1,1,2,0,1,0,0,3
2026-01-22_csu_bakersfield_hawaii,Hawaii,02,"Bond, Teyahna",False,18,1,6,0.167,0,3,0.0,0,0,,0,1,1,1,3,3,0,1,2
2026-01-22_csu_bakersfield_hawaii,Hawaii,24,"Tamilo, Ritorya",False,9,0,4,0.0,0,1,0.0,0,0,,1,0,1,1,0,1,0,0,0
2026-01-22_csu_bakersfield_hawaii,Hawaii,20,"Forsyth, Izzy",False,5,0,1,0.0,0,0,,0,0,,0,0,0,1,0,0,0,0,0
2026-01-22_csu_bakersfield_hawaii,Hawaii,07,"Collins, Ella",False,3,0,1,0.0,0,0,,0,0,,0,0,0,0,0,0,0,0,0
2026-01-22_csu_bakersfield_hawaii,Hawaii,TM,TEAM,False,0,0,0,,0,0,,0,0,,1,5,6,0,0,1,0,0,0
2026-01-22_csu_bakersfield_hawaii,CSU Bakersfield,12,"Coleman, Chrishawn",True,28,1,12,0.083,1,3,0.333,9,10,0.9,0,2,2,4,0,4,0,1,12
2026-01-22_csu_bakersfield_hawaii,CSU Bakersfield,14,"Hawkins, Morgan",True,35,4,8,0.5,0,0,,0,0,,0,3,3,4,3,2,0,3,8
2026-01-22_csu_bakersfield_hawaii,CSU Bakersfield,08,"Langi, Marley",True,27,3,13,0.231,2,5,0.4,0,0,,0,1,1,0,0,0,0,0,8
2026-01-22_csu_bakersfield_hawaii,CSU Bakersfield,24,"Ikidi, Tena",True,31,2,7,0.286,0,0,,3,5,0.6,6,6,12,3,1,2,0,0,7
2026-01-22_csu_bakersfield_hawaii,CSU Bakersfield,02,"Carter, Aliyah",True,31,0,2,0.0,0,0,,2,2,1.0,2,2,4,2,2,1,0,3,2
2026-01-22_csu_bakersfield_hawaii,CSU Bakersfield,11,"Dias, Maria",False,30,5,16,0.312,3,8,0.375,0,0,,0,4,4,1,0,2,0,2,13
2026-01-22_csu_bakersfield_hawaii,CSU Bakersfield,22,"Kincade, Dae'Jaidence",False,8,1,2,0.5,0,0,,0,0,,0,1,1,2,0,0,0,2,2
2026-01-22_csu_bakersfield_hawaii,CSU Bakersfield,01,"Finley, Zalissa",False,4,0,1,0.0,0,1,0.0,0,0,,0,1,1,0,0,0,0,0,0
2026-01-22_csu_bakersfield_hawaii,CSU Bakersfield,30,"Dioli, Alli",False,3,0,2,0.0,0,2,0.0,0,0,,0,0,0,1,0,0,0,0,0
2026-01-22_csu_bakersfield_hawaii,CSU Bakersfield,04,"Powell, Ophelia",False,2,0,0,,0,0,,0,0,,0,0,0,0,0,0,0,1,0
2026-01-22_csu_bakersfield_hawaii,CSU Bakersfield,55,"Puletasi, Adrienne",False,1,0,0,,0,0,,0,0,,0,0,0,0,0,0,0,0,0
2026-01-22_csu_bakersfield_hawaii,CSU Bakersfield,TM,TEAM,False,0,0,0,,0,0,,0,0,,3,4,7,0,0,0,0,0,0
2026-01-22_uc_irvine_uc_riverside,UC Riverside,7,"Wickstrom, Hannah",True,39,13,19,0.684,3,5,0.6,1,2,0.5,1,6,7,1,4,1,0,3,30
2026-01-22_uc_irvine_uc_riverside,UC Riverside,22,"Swanson, Taylor",True,15,5,9,0.556,2,3,0.667,2,2,1.0,1,1,2,2,0,0,0,2,14
2026-01-22_uc_irvine_uc_riverside,UC Riverside,1,"Polk, Kaylani",True,32,3,7,0.429,2,5,0.4,4,4,1.0,0,1,1,5,6,2,0,0,12
2026-01-22_uc_irvine_uc_riverside,UC Riverside,2,"Hackley, Seneca",True,27,1,6,0.167,0,1,0.0,6,6,1.0,1,2,3,2,1,3,0,1,8
2026-01-22_uc_irvine_uc_riverside,UC Riverside,41,"Shine, Bria",True,34,1,2,0.5,0,1,0.0,0,0,,1,9,10,1,2,1,0,1,2
2026-01-22_uc_irvine_uc_riverside,UC Riverside,10,"Minshall, Makayla",False,15,1,2,0.5,0,1,0.0,0,2,0.0,1,1,2,2,0,1,0,0,2
2026-01-22_uc_irvine_uc_riverside,UC Riverside,9,"Chocano, Maya",False,25,0,6,0.0,0,4,0.0,0,0,,0,1,1,4,1,1,0,0,0
2026-01-22_uc_irvine_uc_riverside,UC Riverside,23,"Mejia, Maria",False,7,0,2,0.0,0,2,0.0,0,0,,1,0,1,2,0,0,0,0,0
2026-01-22_uc_irvine_uc_riverside,UC Riverside,30,"Sylla, Dieynaba",False,3,0,0,,0,0,,0,0,,0,0,0,1,0,0,0,0,0
2026-01-22_uc_irvine_uc_riverside,UC Riverside,32,"Moreno Tallon, Lucia",False,3,0,3,0.0,0,1,0.0,0,0,,0,1,1,0,0,0,0,0,0
2026-01-22_uc_irvine_uc_riverside,UC Riverside,TM,TEAM,False,0,0,0,,0,0,,0,0,,2,2,4,0,0,0,0,0,0
2026-01-22_uc_irvine_uc_riverside,UC Irvine,20,"Hernandez, Hunter",True,39,8,19,0.421,1,5,0.2,3,6,0.5,1,6,7,3,0,1,0,1,20
2026-01-22_uc_irvine_uc_riverside,UC Irvine,23,"Wynn, Jada",True,39,3,10,0.3,3,7,0.429,9,10,0.9,0,7,7,3,6,3,1,1,18
2026-01-22_uc_irvine_uc_riverside,UC Irvine,14,"Hanson, Summah",True,20,3,5,0.6,2,3,0.667,0,0,,2,2,4,1,0,0,2,1,8
2026-01-22_uc_irvine_uc_riverside,UC Irvine,12,"Nahum, Shirel",True,33,3,8,0.375,0,1,0.0,1,2,0.5,4,3,7,4,4,2,0,0,7
2026-01-22_uc_irvine_uc_riverside,UC Irvine,10,"Madsen, Lauryn",True,31,1,4,0.25,1,4,0.25,0,0,,2,2,4,1,0,0,0,1,3
2026-01-22_uc_irvine_uc_riverside,UC Irvine,13,"Stores, Nohe'alani",False,15,3,4,0.75,0,0,,2,2,1.0,0,3,3,2,0,0,0,2,8
2026-01-22_uc_irvine_uc_riverside,UC Irvine,1,"Grant, Ameerah",False,15,1,2,0.5,1,2,0.5,2,2,1.0,1,1,2,2,2,3,0,0,5
2026-01-22_uc_irvine_uc_riverside,UC Irvine,24,"Zonzon-huyghe, Naomy",False,8,2,2,1.0,1,1,1.0,0,0,,0,0,0,2,0,1,0,1,5
2026-01-22_uc_irvine_uc_riverside,UC Irvine,TM,TEAM,False,0,0,0,,0,0,,0,0,,0,2,2,0,0,0,0,0,0
2026-01-22_cal_poly_uc_santa_barbara,UC Santa Barbara,02,"Borter, Zoe",True,34,8,17,0.471,5,10,0.5,3,4,0.75,0,2,2,3,0,0,1,1,24
2026-01-22_cal_poly_uc_santa_barbara,UC Santa Barbara,23,"Shaw, Zoe",True,29,3,6,0.5,2,5,0.4,5,6,0.833,1,2,3,2,1,3,0,1,13
2026-01-22_cal_poly_uc_santa_barbara,UC Santa Barbara,05,"Bradley, Olivia",True,32,2,5,0.4,0,3,0.0,2,4,0.5,3,3,6,3,1,2,2,1,6
2026-01-22_cal_poly_uc_santa_barbara,UC Santa Barbara,12,"Naro, Maddie",True,32,3,7,0.429,0,4,0.0,0,2,0.0,0,5,5,2,4,2,0,0,6
2026-01-22_cal_poly_uc_santa_barbara,UC Santa Barbara,03,"Grant, Jessica",True,35,1,9,0.111,1,9,0.111,0,0,,2,4,6,1,3,0,2,2,3
2026-01-22_cal_poly_uc_santa_barbara,UC Santa Barbara,15,"Andersen, Chauncey",False,12,2,3,0.667,0,1,0.0,1,2,0.5,0,2,2,0,0,1,2,0,5
2026-01-22_cal_poly_uc_santa_barbara,UC Santa Barbara,04,"Puente-Valverde, Júlia",False,26,2,4,0.5,0,1,0.0,0,0,,1,3,4,3,1,4,0,1,4
2026-01-22_cal_poly_uc_santa_barbara,UC Santa Barbara,TM,TEAM,False,0,0,0,,0,0,,0,0,,0,5,5,0,0,1,0,0,0
2026-01-22_cal_poly_uc_santa_barbara,Cal Poly,21,"Vail, Dulci",True,31,5,15,0.333,2,4,0.5,2,2,1.0,2,4,6,2,1,4,0,0,14
2026-01-22_cal_poly_uc_santa_barbara,Cal Poly,32,"Thompson, Charish",True,36,2,9,0.222,0,0,,2,3,0.667,2,7,9,4,3,4,0,0,6
2026-01-22_cal_poly_uc_santa_barbara,Cal Poly,22,"Goosby, Alana",True,31,2,7,0.286,0,0,,0,0,,0,2,2,1,1,2,0,3,4
2026-01-22_cal_poly_uc_santa_barbara,Cal Poly,11,"Knapp, Avery",True,19,1,3,0.333,0,1,0.0,2,2,1.0,1,4,5,4,1,0,0,2,4
2026-01-22_cal_poly_uc_santa_barbara,Cal Poly,05,"Robinson, Gabby",True,13,0,1,0.0,0,0,,0,0,,0,3,3,0,1,1,0,0,0
2026-01-22_cal_poly_uc_santa_barbara,Cal Poly,08,"Peiffer, Katie",False,27,4,11,0.364,4,10,0.4,3,4,0.75,0,3,3,2,0,2,0,0,15
2026-01-22_cal_poly_uc_santa_barbara,Cal Poly,01,"Garcia, Arissa",False,22,2,4,0.5,1,3,0.333,0,0,,2,2,4,2,2,0,0,1,5
2026-01-22_cal_poly_uc_santa_barbara,Cal Poly,55,"Franklin, Vivian",False,16,1,6,0.167,1,5,0.2,0,0,,0,2,2,0,0,3,0,0,3
2026-01-22_cal_poly_uc_santa_barbara,Cal Poly,23,"Moleon Hidalgo, Ana",False,3,0,0,,0,0,,0,0,,0,0,0,0,0,0,0,0,0
2026-01-22_cal_poly_uc_santa_barbara,Cal Poly,14,"Bears, Gillian",False,2,0,1,0.0,0,0,,0,0,,1,0,1,0,0,1,0,0,0
2026-01-22_cal_poly_uc_santa_barbara,Cal Poly,TM,TEAM,False,0,0,0,,0,0,,0,0,,6,1,7,0,0,1,0,0,0
2026-01-22_long_beach_st_cal_st_fullerton,Cal St. Fullerton,33,"Pearson, Kya",True,31,9,14,0.643,3,5,0.6,2,2,1.0,1,2,3,4,5,4,0,5,23
2026-01-22_long_beach_st_cal_st_fullerton,Cal St. Fullerton,23,"Maxwell, Talia",True,29,9,15,0.6,0,0,,1,1,1.0,1,3,4,0,1,2,1,2,19
2026-01-22_long_beach_st_cal_st_fullerton,Cal St. Fullerton,55,"Jones, Cristina",True,25,6,10,0.6,0,0,,3,4,0.75,2,1,3,3,2,5,0,6,15
2026-01-22_long_beach_st_cal_st_fullerton,Cal St. Fullerton,3,"Tauro, Maddy",True,23,5,9,0.556,0,1,0.0,0,0,,1,1,2,5,1,1,0,4,10
2026-01-22_long_beach_st_cal_st_fullerton,Cal St. Fullerton,10,"Swindle, Dylan",True,27,2,8,0.25,0,4,0.0,2,2,1.0,3,0,3,3,5,3,0,1,6
2026-01-22_long_beach_st_cal_st_fullerton,Cal St. Fullerton,4,"Falsdottir, Jana",False,27,0,4,0.0,0,1,0.0,4,4,1.0,3,2,5,2,4,1,0,5,4
2026-01-22_long_beach_st_cal_st_fullerton,Cal St. Fullerton,5,"Sutisna, Maxine",False,4,1,3,0.333,0,0,,2,2,1.0,0,0,0,3,0,1,0,0,4
2026-01-22_long_beach_st_cal_st_fullerton,Cal St. Fullerton,1,"Moon, Mimi",False,9,1,1,1.0,0,0,,1,3,0.333,0,0,0,1,0,0,0,1,3
2026-01-22_long_beach_st_cal_st_fullerton,Cal St. Fullerton,22,"Muniz, Madelynn",False,23,0,5,0.0,0,5,0.0,0,0,,2,1,3,0,1,1,0,1,0
2026-01-22_long_beach_st_cal_st_fullerton,Cal St. Fullerton,13,"Petersen, Lilliana",False,1,0,0,,0,0,,0,0,,0,0,0,0,0,0,0,0,0
2026-01-22_long_beach_st_cal_st_fullerton,Cal St. Fullerton,24,"Orhan, Basak",False,1,0,0,,0,0,,0,0,,0,0,0,0,0,0,0,0,0
2026-01-22_long_beach_st_cal_st_fullerton,Cal St. Fullerton,TM,TEAM,False,0,0,0,,0,0,,0,0,,3,4,7,0,0,0,0,0,0
2026-01-22_long_beach_st_cal_st_fullerton,Long Beach St.,2,"Akot, Rosie",True,36,6,9,0.667,2,4,0.5,2,4,0.5,4,5,9,5,0,8,4,2,16
2026-01-22_long_beach_st_cal_st_fullerton,Long Beach St.,30,"Jones-brown, Jaquoia",True,39,5,9,0.556,0,1,0.0,3,4,0.75,6,3,9,0,2,7,1,0,13
2026-01-22_long_beach_st_cal_st_fullerton,Long Beach St.,25,"Mack, Morgan",True,28,5,7,0.714,2,4,0.5,0,0,,0,3,3,4,2,4,1,0,12
2026-01-22_long_beach_st_cal_st_fullerton,Long Beach St.,5,"Ka, Kennan",True,21,3,6,0.5,1,2,0.5,0,0,,0,3,3,1,4,3,0,1,7
2026-01-22_long_beach_st_cal_st_fullerton,Long Beach St.,13,"Pepe, Khylee",True,24,2,7,0.286,1,4,0.25,0,0,,1,3,4,4,3,5,2,3,5
2026-01-22_long_beach_st_cal_st_fullerton,Long Beach St.,32,"Pukis, Brynna",False,24,2,6,0.333,1,2,0.5,2,2,1.0,0,0,0,1,4,2,0,0,7
2026-01-22_long_beach_st_cal_st_fullerton,Long Beach St.,3,"Samuel-afolabi, Tairat",False,9,1,2,0.5,1,1,1.0,3,4,0.75,0,0,0,1,1,0,0,0,6
2026-01-22_long_beach_st_cal_st_fullerton,Long Beach St.,10,"Reynoso, Christy",False,12,0,2,0.0,0,2,0.0,0,0,,0,1,1,0,2,3,0,0,0
2026-01-22_long_beach_st_cal_st_fullerton,Long Beach St.,33,"Wright, Haley",False,7,0,0,,0,0,,0,0,,0,0,0,0,0,0,0,0,0
2026-01-22_long_beach_st_cal_st_fullerton,Long Beach St.,TM,TEAM,False,0,0,0,,0,0,,0,0,,0,2,2,0,0,3,0,0,0
2026-01-24_uc_riverside_uc_davis,UC Davis,25,"Norris, Megan",True,35,8,10,0.8,3,5,0.6,2,3,0.667,1,11,12,1,1,3,1,0,21
2026-01-24_uc_riverside_uc_davis,UC Davis,9,"Sussex, Avery",True,28,6,8,0.75,4,5,0.8,5,5,1.0,1,0,1,1,4,2,0,3,21
2026-01-24_uc_riverside_uc_davis,UC Davis,2,"Bennett, Ryann",True,32,5,9,0.556,0,3,0.0,2,2,1.0,1,6,7,2,6,2,0,2,12
2026-01-24_uc_riverside_uc_davis,UC Davis,4,"Epps, Nya",True,28,3,11,0.273,2,4,0.5,2,4,0.5,1,6,7,4,3,6,1,1,10
2026-01-24_uc_riverside_uc_davis,UC Davis,10,"Young, Tegan",True,26,2,7,0.286,0,2,0.0,2,2,1.0,2,1,3,0,1,1,0,1,6
2026-01-24_uc_riverside_uc_davis,UC Davis,11,"Ersdala, Emmy",False,15,3,3,1.0,0,0,,0,0,,1,1,2,3,3,0,0,0,6
2026-01-24_uc_riverside_uc_davis,UC Davis,15,"Lentfer, Sophie",False,11,2,3,0.667,0,1,0.0,1,2,0.5,0,1,1,3,0,1,0,0,5
2026-01-24_uc_riverside_uc_davis,UC Davis,23,"Baker, Victoria",False,13,0,1,0.0,0,1,0.0,0,0,,2,1,3,0,1,2,0,1,0
2026-01-24_uc_riverside_uc_davis,UC Davis,1,"Davis, Carrington",False,7,0,2,0.0,0,0,,0,0,,0,0,0,1,0,1,0,0,0
2026-01-24_uc_riverside_uc_davis,UC Davis,21,"Tsami, Theoni",False,5,0,0,,0,0,,0,0,,0,0,0,0,0,0,0,0,0
2026-01-24_uc_riverside_uc_davis,UC Davis,TM,TEAM,False,0,0,0,,0,0,,0,0,,1,0,1,0,0,0,0,0,0
2026-01-24_uc_riverside_uc_davis,UC Riverside,7,"Wickstrom, Hannah",True,33,9,16,0.562,1,2,0.5,7,7,1.0,1,5,6,4,5,3,1,1,26
2026-01-24_uc_riverside_uc_davis,UC Riverside,2,"Hackley, Seneca",True,30,5,12,0.417,2,3,0.667,1,2,0.5,2,2,4,1,1,3,1,2,13
2026-01-24_uc_riverside_uc_davis,UC Riverside,41,"Shine, Bria",True,35,4,9,0.444,0,2,0.0,1,2,0.5,2,4,6,1,2,1,0,1,9
2026-01-24_uc_riverside_uc_davis,UC Riverside,22,"Swanson, Taylor",True,19,2,8,0.25,1,4,0.25,2,2,1.0,0,1,1,2,0,1,0,0,7
2026-01-24_uc_riverside_uc_davis,UC Riverside,1,"Polk, Kaylani",True,34,1,6,0.167,0,3,0.0,0,1,0.0,1,1,2,2,4,3,2,2,2
2026-01-24_uc_riverside_uc_davis,UC Riverside,9,"Chocano, Maya",False,22,2,6,0.333,1,3,0.333,1,2,0.5,0,3,3,0,2,1,0,1,6
2026-01-24_uc_riverside_uc_davis,UC Riverside,10,"Minshall, Makayla",False,16,2,2,1.0,1,1,1.0,0,0,,0,1,1,3,1,1,0,0,5
2026-01-24_uc_riverside_uc_davis,UC Riverside,23,"Mejia, Maria",False,6,0,0,,0,0,,0,0,,0,1,1,0,2,0,0,1,0
2026-01-24_uc_riverside_uc_davis,UC Riverside,30,"Sylla, Dieynaba",False,3,0,0,,0,0,,0,0,,0,0,0,2,0,0,0,0,0
2026-01-24_uc_riverside_uc_davis,UC Riverside,32,"Moreno Tallon, Lucia",False,2,0,0,,0,0,,0,0,,0,0,0,1,0,0,0,0,0
2026-01-24_uc_riverside_uc_davis,UC Riverside,TM,TEAM,False,0,0,0,,0,0,,0,0,,1,0,1,0,0,1,0,0,0
2026-01-24_csun_hawaii,Hawaii,3,"Flavell, Bailey",True,38,4,14,0.286,2,7,0.286,7,8,0.875,0,3,3,1,2,6,0,2,17
2026-01-24_csun_hawaii,Hawaii,33,"Neverson, Saniyah",True,25,4,6,0.667,0,0,,5,5,1.0,1,0,1,2,0,0,0,1,13
2026-01-24_csun_hawaii,Hawaii,12,"Perez, Imani",True,35,4,8,0.5,3,7,0.429,1,2,0.5,0,8,8,0,1,2,0,0,12
2026-01-24_csun_hawaii,Hawaii,11,"Curtis, Keiara",True,24,2,10,0.2,1,4,0.25,4,4,1.0,2,2,4,4,3,5,0,1,9
2026-01-24_csun_hawaii,Hawaii,22,"Peacock, Jade",True,16,0,2,0.0,0,2,0.0,0,0,,0,4,4,1,0,1,1,0,0
2026-01-24_csun_hawaii,Hawaii,2,"Bond, Teyahna",False,22,2,8,0.25,1,4,0.25,0,0,,2,1,3,2,1,0,1,0,5
2026-01-24_csun_hawaii,Hawaii,6,"Webb, Kyra",False,21,1,6,0.167,0,2,0.0,2,2,1.0,0,3,3,2,2,3,0,1,4
2026-01-24_csun_hawaii,Hawaii,24,"Tamilo, Ritorya",False,13,0,3,0.0,0,2,0.0,2,2,1.0,0,2,2,3,1,0,3,1,2
2026-01-24_csun_hawaii,Hawaii,20,"Forsyth, Izzy",False,6,0,2,0.0,0,1,0.0,2,2,1.0,1,1,2,0,1,0,0,0,2
2026-01-24_csun_hawaii,Hawaii,TM,TEAM,False,0,0,0,,0,0,,0,0,,6,6,12,0,0,3,0,0,0
2026-01-24_csun_hawaii,CSUN,12,"Aspajo, Erika",True,36,7,13,0.538,1,2,0.5,5,5,1.0,0,3,3,4,5,6,0,2,20
2026-01-24_csun_hawaii,CSUN,00,"Gbemuotor, Jite",True,25,4,10,0.4,0,4,0.0,2,2,1.0,2,10,12,5,0,2,0,3,10
2026-01-24_csun_hawaii,CSUN,33,"Nazário, Rita",True,31,2,11,0.182,2,11,0.182,2,3,0.667,1,2,3,3,1,3,0,0,8
2026-01-24_csun_hawaii,CSUN,2,"White, Saray",True,19,0,5,0.0,0,2,0.0,2,2,1.0,0,0,0,2,0,4,2,0,2
2026-01-24_csun_hawaii,CSUN,22,"Dahlin, Laini",True,8,0,0,,0,0,,0,0,,0,0,0,0,1,0,0,1,0
2026-01-24_csun_hawaii,CSUN,21,"Canadell, Jana",False,28,3,6,0.5,2,5,0.4,0,0,,0,3,3,4,1,0,0,0,8
2026-01-24_csun_hawaii,CSUN,24,"Cos-morales, Mariona",False,30,2,5,0.4,0,0,,0,4,0.0,2,2,4,4,3,0,0,5,4
2026-01-24_csun_hawaii,CSUN,4,"Edwards, Morgan",False,5,1,1,1.0,1,1,1.0,0,0,,0,0,0,0,0,0,0,0,3
2026-01-24_csun_hawaii,CSUN,34,"Bernard, Nadia",False,11,0,1,0.0,0,0,,0,0,,0,2,2,1,2,3,0,0,0
2026-01-24_csun_hawaii,CSUN,3,"Tumlin, Kelly",False,7,0,1,0.0,0,1,0.0,0,0,,0,3,3,0,0,3,0,0,0
2026-01-24_csun_hawaii,CSUN,TM,TEAM,False,0,0,0,,0,0,,0,0,,0,2,2,0,0,1,0,0,0
2026-01-24_uc_irvine_uc_san_diego,UC San Diego,12,"Smith, Rosa",True,37,7,13,0.538,4,6,0.667,2,2,1.0,1,1,2,4,3,2,1,2,20
2026-01-24_uc_irvine_uc_san_diego,UC San Diego,11,"Condron, Erin",True,37,6,12,0.5,0,0,,7,10,0.7,2,5,7,2,0,3,2,1,19
2026-01-24_uc_irvine_uc_san_diego,UC San Diego,4,"Rose, Makayla",True,40,3,8,0.375,1,2,0.5,5,6,0.833,1,5,6,3,5,3,0,2,12
2026-01-24_uc_irvine_uc_san_diego,UC San Diego,15,"Ma, Sabrina",True,40,4,12,0.333,2,8,0.25,1,1,1.0,2,1,3,2,2,1,0,1,11
2026-01-24_uc_irvine_uc_san_diego,UC San Diego,10,"Maxie, Dymonique",True,23,1,4,0.25,0,0,,0,0,,0,1,1,4,3,0,0,1,2
2026-01-24_uc_irvine_uc_san_diego,UC San Diego,21,"Polocheck, Nicki",False,17,1,4,0.25,0,2,0.0,0,0,,3,5,8,3,0,1,0,0,2
2026-01-24_uc_irvine_uc_san_diego,UC San Diego,30,"Sule, Damilola",False,4,1,3,0.333,0,0,,0,0,,0,1,1,0,0,0,0,0,2
2026-01-24_uc_irvine_uc_san_diego,UC San Diego,13,"Feiman, Lev",False,2,0,0,,0,0,,0,0,,0,0,0,0,0,1,0,0,0
2026-01-24_uc_irvine_uc_san_diego,UC San Diego,TM,TEAM,False,0,0,0,,0,0,,0,0,,1,3,4,0,0,0,0,0,0
2026-01-24_uc_irvine_uc_san_diego,UC Irvine,20,"Hernandez, Hunter",True,38,6,11,0.545,2,4,0.5,5,7,0.714,2,8,10,1,3,3,0,1,19
2026-01-24_uc_irvine_uc_san_diego,UC Irvine,14,"Hanson, Summah",True,25,6,9,0.667,2,2,1.0,4,4,1.0,4,3,7,3,0,1,0,1,18
2026-01-24_uc_irvine_uc_san_diego,UC Irvine,23,"Wynn, Jada",True,34,3,11,0.273,2,5,0.4,1,2,0.5,0,5,5,3,5,4,0,5,9
2026-01-24_uc_irvine_uc_san_diego,UC Irvine,10,"Madsen, Lauryn",True,37,2,7,0.286,2,7,0.286,0,0,,0,1,1,1,1,1,0,2,6
2026-01-24_uc_irvine_uc_san_diego,UC Irvine,12,"Nahum, Shirel",True,30,1,4,0.25,0,1,0.0,0,0,,0,3,3,3,3,1,0,0,2
2026-01-24_uc_irvine_uc_san_diego,UC Irvine,9,"Falcon Hernandez, Daniela",False,6,2,3,0.667,1,1,1.0,0,0,,2,0,2,0,1,0,0,0,5
2026-01-24_uc_irvine_uc_san_diego,UC Irvine,1,"Grant, Ameerah",False,13,1,3,0.333,0,1,0.0,1,1,1.0,0,1,1,2,3,2,0,0,3
2026-01-24_uc_irvine_uc_san_diego,UC Irvine,13,"Stores, Nohe'alani",False,9,1,4,0.25,0,0,,0,0,,1,2,3,1,0,1,0,0,2
2026-01-24_uc_irvine_uc_san_diego,UC Irvine,24,"Zonzon-huyghe, Naomy",False,8,1,2,0.5,0,0,,0,0,,1,1,2,0,0,0,0,0,2
2026-01-24_uc_irvine_uc_san_diego,UC Irvine,TM,TEAM,False,0,0,0,,0,0,,0,0,,0,1,1,0,0,1,0,0,0
2026-01-24_uc_santa_barbara_long_beach_st,Long Beach St.,30,"Jones-Brown, JaQuoia",True,38,7,20,0.35,0,1,0.0,5,5,1.0,5,9,14,1,1,0,1,1,19
2026-01-24_uc_santa_barbara_long_beach_st,Long Beach St.,13,"Pepe, Khylee",True,38,7,16,0.438,2,6,0.333,1,2,0.5,1,4,5,2,3,1,1,3,17
2026-01-24_uc_santa_barbara_long_beach_st,Long Beach St.,02,"Akot, Rosie",True,17,4,6,0.667,3,3,1.0,1,1,1.0,0,4,4,5,0,4,0,2,12
2026-01-24_uc_santa_barbara_long_beach_st,Long Beach St.,05,"Ka, Kennan",True,33,2,4,0.5,2,4,0.5,2,2,1.0,0,2,2,0,4,1,0,1,8
2026-01-24_uc_santa_barbara_long_beach_st,Long Beach St.,25,"Mack, Morgan",True,20,0,4,0.0,0,3,0.0,0,2,0.0,0,3,3,3,2,2,0,0,0
2026-01-24_uc_santa_barbara_long_beach_st,Long Beach St.,32,"Pukis, Brynna",False,22,0,5,0.0,0,4,0.0,0,0,,0,0,0,0,0,0,0,0,0
2026-01-24_uc_santa_barbara_long_beach_st,Long Beach St.,10,"Reynoso, Christy",False,16,0,2,0.0,0,2,0.0,0,0,,0,0,0,0,0,0,0,0,0
2026-01-24_uc_santa_barbara_long_beach_st,Long Beach St.,33,"Wright, Haley",False,13,0,0,,0,0,,0,2,0.0,0,1,1,2,1,0,0,0,0
2026-01-24_uc_santa_barbara_long_beach_st,Long Beach St.,03,"Samuel  - Afolabi, Tairat",False,3,0,1,0.0,0,0,,0,0,,0,1,1,1,0,0,0,0,0
2026-01-24_uc_santa_barbara_long_beach_st,Long Beach St.,TM,TEAM,False,0,0,0,,0,0,,0,0,,4,1,5,0,0,3,0,0,0
2026-01-24_uc_santa_barbara_long_beach_st,UC Santa Barbara,05,"Bradley, Olivia",True,32,7,10,0.7,1,3,0.333,5,6,0.833,0,5,5,1,4,2,4,0,20
2026-01-24_uc_santa_barbara_long_beach_st,UC Santa Barbara,12,"Naro, Maddie",True,32,6,11,0.545,5,9,0.556,0,0,,1,5,6,0,3,0,0,1,17
2026-01-24_uc_santa_barbara_long_beach_st,UC Santa Barbara,02,"Borter, Zoe",True,29,3,9,0.333,1,5,0.2,3,4,0.75,1,1,2,0,2,0,0,2,10
2026-01-24_uc_santa_barbara_long_beach_st,UC Santa Barbara,23,"Shaw, Zoe",True,30,3,9,0.333,3,8,0.375,0,0,,0,4,4,1,4,1,0,1,9
2026-01-24_uc_santa_barbara_long_beach_st,UC Santa Barbara,04,"Puente-Valverde, Júlia",True,26,2,4,0.5,0,0,,4,5,0.8,2,6,8,4,1,4,1,1,8
2026-01-24_uc_santa_barbara_long_beach_st,UC Santa Barbara,15,"Andersen, Chauncey",False,17,2,7,0.286,1,5,0.2,1,2,0.5,3,5,8,5,1,1,0,0,6
2026-01-24_uc_santa_barbara_long_beach_st,UC Santa Barbara,32,"Grant, Jessica",False,31,0,6,0.0,0,6,0.0,2,2,1.0,0,2,2,0,3,2,1,0,2
2026-01-24_uc_santa_barbara_long_beach_st,UC Santa Barbara,44,"Radnjic, Bojana",False,3,0,0,,0,0,,0,0,,0,0,0,0,0,0,0,0,0
2026-01-24_uc_santa_barbara_long_beach_st,UC Santa Barbara,TM,TEAM,False,0,0,0,,0,0,,0,0,,3,2,5,0,0,1,0,0,0
2026-01-24_cal_st_fullerton_cal_poly,Cal Poly,32,"Thompson, Charish",True,33,3,6,0.5,1,1,1.0,5,8,0.625,0,6,6,0,0,3,2,1,12
2026-01-24_cal_st_fullerton_cal_poly,Cal Poly,08,"Peiffer, Katie",True,20,3,11,0.273,1,6,0.167,2,2,1.0,0,3,3,5,1,1,1,1,9
2026-01-24_cal_st_fullerton_cal_poly,Cal Poly,11,"Knapp, Avery",True,15,3,7,0.429,0,1,0.0,2,2,1.0,2,4,6,3,0,1,0,0,8
2026-01-24_cal_st_fullerton_cal_poly,Cal Poly,22,"Goosby, Alana",True,32,1,5,0.2,0,1,0.0,3,4,0.75,1,3,4,2,3,2,0,2,5
2026-01-24_cal_st_fullerton_cal_poly,Cal Poly,21,"Vail, Dulci",True,26,1,4,0.25,0,1,0.0,0,0,,0,2,2,1,2,4,3,1,2
2026-01-24_cal_st_fullerton_cal_poly,Cal Poly,55,"Franklin, Vivian",False,24,1,10,0.1,0,5,0.0,0,0,,1,1,2,2,1,3,0,3,2
2026-01-24_cal_st_fullerton_cal_poly,Cal Poly,23,"Moleon Hidalgo, Ana",False,17,1,2,0.5,0,0,,0,0,,0,2,2,2,2,3,1,0,2
2026-01-24_cal_st_fullerton_cal_poly,Cal Poly,14,"Bears, Gillian",False,8,0,1,0.0,0,0,,1,2,0.5,1,0,1,0,0,0,0,0,1
2026-01-24_cal_st_fullerton_cal_poly,Cal Poly,01,"Garcia, Arissa",False,25,0,3,0.0,0,2,0.0,0,0,,1,1,2,4,0,5,0,2,0
2026-01-24_cal_st_fullerton_cal_poly,Cal Poly,TM,TEAM,False,0,0,0,,0,0,,0,0,,2,3,5,0,0,4,0,0,0
2026-01-24_cal_st_fullerton_cal_poly,Cal St. Fullerton,23,"Maxwell, Talia",True,28,7,14,0.5,0,0,,3,4,0.75,5,4,9,1,0,4,4,2,17
2026-01-24_cal_st_fullerton_cal_poly,Cal St. Fullerton,03,"Tauro, Maddy",True,16,5,10,0.5,0,0,,2,2,1.0,2,2,4,4,1,0,0,2,12
2026-01-24_cal_st_fullerton_cal_poly,Cal St. Fullerton,33,"Pearson, Kya",True,21,3,8,0.375,0,2,0.0,4,4,1.0,0,3,3,4,6,1,0,0,10
2026-01-24_cal_st_fullerton_cal_poly,Cal St. Fullerton,10,"Swindle, Dylan",True,22,3,5,0.6,2,2,1.0,0,0,,1,3,4,1,3,2,0,2,8
2026-01-24_cal_st_fullerton_cal_poly,Cal St. Fullerton,55,"Jones, Cristina",True,23,2,7,0.286,0,0,,3,7,0.429,2,5,7,0,3,2,0,3,7
2026-01-24_cal_st_fullerton_cal_poly,Cal St. Fullerton,04,"Falsdottir, Jana",False,24,3,7,0.429,1,3,0.333,1,2,0.5,2,3,5,1,4,4,0,2,8
2026-01-24_cal_st_fullerton_cal_poly,Cal St. Fullerton,13,"Petersen, Lilliana",False,15,2,5,0.4,0,1,0.0,0,0,,0,1,1,4,0,2,0,0,4
2026-01-24_cal_st_fullerton_cal_poly,Cal St. Fullerton,22,"Muniz, Madelynn",False,19,1,3,0.333,1,3,0.333,0,0,,0,4,4,0,1,1,0,1,3
2026-01-24_cal_st_fullerton_cal_poly,Cal St. Fullerton,05,"Sutisna, Maxine",False,16,0,5,0.0,0,1,0.0,2,2,1.0,3,3,6,4,1,0,1,1,2
2026-01-24_cal_st_fullerton_cal_poly,Cal St. Fullerton,01,"Moon, Mimi",False,14,1,5,0.2,0,1,0.0,0,0,,2,2,4,1,1,3,0,1,2
2026-01-24_cal_st_fullerton_cal_poly,Cal St. Fullerton,24,"Orhan, Basak",False,2,0,0,,0,0,,0,0,,0,0,0,1,0,0,0,0,0
2026-01-24_cal_st_fullerton_cal_poly,Cal St. Fullerton,TM,TEAM,False,0,0,0,,0,0,,0,0,,4,2,6,0,0,1,0,0,0
2026-01-29_uc_davis_csun,CSUN,02,"White, Saray",True,24,5,11,0.455,3,4,0.75,2,3,0.667,1,5,6,2,0,6,1,0,15
2026-01-29_uc_davis_csun,CSUN,21,"Canadell, Jana",True,23,2,9,0.222,1,6,0.167,0,0,,1,2,3,1,0,0,0,0,5
2026-01-29_uc_davis_csun,CSUN,33,"Nazario, Rita",True,23,2,9,0.222,1,6,0.167,0,0,,1,0,1,2,1,1,0,0,5
2026-01-29_uc_davis_csun,CSUN,00,"Gbemuotor, Jite",True,11,2,11,0.182,0,2,0.0,0,0,,3,5,8,0,0,0,1,0,4
2026-01-29_uc_davis_csun,CSUN,12,"Aspajo, Erika",True,25,1,3,0.333,0,1,0.0,0,0,,2,1,3,5,4,2,0,1,2
2026-01-29_uc_davis_csun,CSUN,10,"Lizama, Alondra",False,25,5,7,0.714,0,0,,5,8,0.625,2,3,5,1,1,2,0,1,15
2026-01-29_uc_davis_csun,CSUN,04,"Edwards, Morgan",False,13,1,5,0.2,1,3,0.333,0,0,,0,1,1,2,0,0,0,0,3
2026-01-29_uc_davis_csun,CSUN,34,"Bernard, Nadia",False,9,1,1,1.0,0,0,,0,0,,1,0,1,2,0,1,0,1,2
2026-01-29_uc_davis_csun,CSUN,03,"Tumlin, Kelly",False,17,0,0,,0,0,,0,0,,0,2,2,1,1,3,0,1,0
2026-01-29_uc_davis_csun,CSUN,24,"Cos-Morales, Mariona",False,14,0,2,0.0,0,1,0.0,0,0,,0,1,1,1,0,0,0,0,0
2026-01-29_uc_davis_csun,CSUN,22,"Dahlin, Laini",False,12,0,1,0.0,0,0,,0,0,,1,2,3,1,0,1,0,1,0
2026-01-29_uc_davis_csun,CSUN,01,"Moody, Amya",False,4,0,4,0.0,0,1,0.0,0,0,,0,0,0,0,0,0,0,0,0
2026-01-29_uc_davis_csun,CSUN,TM,TEAM,False,0,0,0,,0,0,,0,0,,3,2,5,0,0,1,0,0,0
2026-01-29_uc_davis_csun,UC Davis,04,"Epps, Nya",True,28,12,24,0.5,2,9,0.222,1,1,1.0,1,2,3,2,1,2,0,0,27
2026-01-29_uc_davis_csun,UC Davis,02,"Bennett, Ryann",True,31,3,8,0.375,0,4,0.0,4,4,1.0,1,2,3,0,3,1,0,4,10
2026-01-29_uc_davis_csun,UC Davis,25,"Norris, Megan",True,30,4,9,0.444,0,3,0.0,2,5,0.4,6,9,15,2,4,2,0,0,10
2026-01-29_uc_davis_csun,UC Davis,09,"Sussex, Avery",True,26,1,7,0.143,1,6,0.167,1,3,0.333,1,1,2,2,3,1,1,2,4
2026-01-29_uc_davis_csun,UC Davis,10,"Young, Tegan",True,22,0,3,0.0,0,2,0.0,0,0,,3,1,4,1,1,1,0,1,0
2026-01-29_uc_davis_csun,UC Davis,23,"Baker, Victoria",False,22,3,5,0.6,1,2,0.5,2,4,0.5,1,4,5,2,0,2,1,2,9
2026-01-29_uc_davis_csun,UC Davis,15,"Lentfer, Sophie",False,9,1,4,0.25,0,2,0.0,1,2,0.5,1,1,2,2,0,0,0,0,3
2026-01-29_uc_davis_csun,UC Davis,21,"Tsami, Theoni",False,9,1,1,1.0,0,0,,1,2,0.5,1,1,2,0,0,0,0,1,3
2026-01-29_uc_davis_csun,UC Davis,01,"Davis, Carrington",False,9,1,2,0.5,0,1,0.0,0,0,,0,1,1,0,0,1,0,0,2
2026-01-29_uc_davis_csun,UC Davis,11,"Ersdala, Emmy",False,14,0,1,0.0,0,1,0.0,0,0,,0,5,5,2,0,2,0,0,0
2026-01-29_uc_davis_csun,UC Davis,TM,TEAM,False,0,0,0,,0,0,,0,0,,2,2,4,0,0,0,0,0,0
2026-01-29_hawaii_uc_irvine,UC Irvine,23,"Wynn, Jada",True,36,5,11,0.455,1,7,0.143,6,6,1.0,0,4,4,4,3,3,0,2,17
2026-01-29_hawaii_uc_irvine,UC Irvine,20,"Hernandez, Hunter",True,39,3,20,0.15,2,9,0.222,1,2,0.5,2,8,10,4,0,3,0,0,9
2026-01-29_hawaii_uc_irvine,UC Irvine,12,"Nahum, Shirel",True,33,3,6,0.5,1,2,0.5,1,2,0.5,2,3,5,2,0,0,0,0,8
2026-01-29_hawaii_uc_irvine,UC Irvine,10,"Madsen, Lauryn",True,27,2,6,0.333,1,4,0.25,0,0,,0,0,0,2,1,1,0,1,5
2026-01-29_hawaii_uc_irvine,UC Irvine,14,"Hanson, Summah",True,24,1,4,0.25,1,2,0.5,0,0,,0,6,6,3,0,2,2,0,3
2026-01-29_hawaii_uc_irvine,UC Irvine,13,"Stores, Nohealani",False,19,4,6,0.667,0,0,,0,0,,1,1,2,2,1,1,0,1,8
2026-01-29_hawaii_uc_irvine,UC Irvine,01,"Grant, Ameerah",False,9,0,1,0.0,0,0,,0,0,,0,0,0,2,0,0,0,0,0
2026-01-29_hawaii_uc_irvine,UC Irvine,24,"Zonzon-Huyghe, Naomy",False,7,0,1,0.0,0,0,,0,0,,0,3,3,2,0,0,0,0,0
2026-01-29_hawaii_uc_irvine,UC Irvine,09,"Falcon Hernandez, Daniela",False,6,0,0,,0,0,,0,0,,0,0,0,0,0,0,0,0,0
2026-01-29_hawaii_uc_irvine,UC Irvine,TM,TEAM,False,0,0,0,,0,0,,0,0,,2,3,5,0,0,3,0,0,0
2026-01-29_hawaii_uc_irvine,Hawaii,03,"Flavell, Bailey",True,34,4,12,0.333,2,4,0.5,8,10,0.8,1,7,8,2,1,2,2,1,18
2026-01-29_hawaii_uc_irvine,Hawaii,11,"Curtis, Keiara",True,30,4,12,0.333,3,8,0.375,0,0,,0,4,4,3,0,4,0,1,11
2026-01-29_hawaii_uc_irvine,Hawaii,33,"Neverson, Saniyah",True,25,3,7,0.429,0,1,0.0,4,5,0.8,0,0,0,1,0,0,0,0,10
2026-01-29_hawaii_uc_irvine,Hawaii,12,"Perez, Imani",True,29,1,4,0.25,0,2,0.0,0,0,,2,7,9,4,1,2,1,1,2
2026-01-29_hawaii_uc_irvine,Hawaii,22,"Peacock, Jade",True,11,0,4,0.0,0,3,0.0,0,0,,0,0,0,1,1,1,0,0,0
2026-01-29_hawaii_uc_irvine,Hawaii,06,"Webb, Kyra",False,26,4,6,0.667,0,1,0.0,2,3,0.667,2,3,5,2,0,0,1,1,10
2026-01-29_hawaii_uc_irvine,Hawaii,24,"Tamilo, Ritorya",False,21,1,6,0.167,1,1,1.0,1,2,0.5,1,6,7,3,3,1,3,0,4
2026-01-29_hawaii_uc_irvine,Hawaii,02,"Bond, Teyahna",False,13,0,2,0.0,0,0,,0,0,,1,0,1,0,2,0,0,0,0
2026-01-29_hawaii_uc_irvine,Hawaii,08,"Moors, Rebecca",False,5,0,0,,0,0,,0,0,,1,0,1,0,0,0,0,0,0
2026-01-29_hawaii_uc_irvine,Hawaii,04,"Lefotu, Jovi",False,3,0,1,0.0,0,1,0.0,0,0,,0,0,0,1,0,1,0,0,0
2026-01-29_hawaii_uc_irvine,Hawaii,20,"Forsyth, Izzy",False,3,0,1,0.0,0,0,,0,0,,1,0,1,0,0,0,0,0,0
2026-01-29_hawaii_uc_irvine,Hawaii,TM,TEAM,False,0,0,0,,0,0,,0,0,,2,1,3,0,0,0,0,0,0
2026-01-29_uc_santa_barbara_uc_san_diego,UC San Diego,04,"Rose, Makayla",True,40,5,13,0.385,0,4,0.0,1,1,1.0,1,4,5,1,2,0,0,0,11
2026-01-29_uc_santa_barbara_uc_san_diego,UC San Diego,10,"Maxie, Dymonique",True,34,4,10,0.4,0,2,0.0,3,4,0.75,1,2,3,2,4,3,0,0,11
2026-01-29_uc_santa_barbara_uc_san_diego,UC San Diego,15,"Ma, Sabrina",True,40,4,7,0.571,2,3,0.667,0,0,,0,8,8,1,2,1,2,1,10
2026-01-29_uc_santa_barbara_uc_san_diego,UC San Diego,11,"Condron, Erin",True,38,4,8,0.5,0,1,0.0,1,2,0.5,0,9,9,0,2,2,2,0,9
2026-01-29_uc_santa_barbara_uc_san_diego,UC San Diego,12,"Smith, Rosa",True,40,1,6,0.167,0,2,0.0,3,7,0.429,0,6,6,1,4,4,0,0,5
2026-01-29_uc_santa_barbara_uc_san_diego,UC San Diego,21,"Polocheck, Nicki",False,4,2,3,0.667,2,3,0.667,0,0,,0,1,1,1,0,0,0,0,6
2026-01-29_uc_santa_barbara_uc_san_diego,UC San Diego,13,"Feiman, Lev",False,2,0,2,0.0,0,2,0.0,0,0,,0,0,0,1,0,0,0,0,0
2026-01-29_uc_santa_barbara_uc_san_diego,UC San Diego,30,"Sule, Damilola",False,2,0,1,0.0,0,0,,0,0,,0,0,0,0,0,0,0,0,0
2026-01-29_uc_santa_barbara_uc_san_diego,UC San Diego,TM,TEAM,False,0,0,0,,0,0,,0,0,,0,1,1,0,0,0,0,0,0
2026-01-29_uc_santa_barbara_uc_san_diego,UC Santa Barbara,05,"Bradley, Olivia",True,33,6,16,0.375,3,6,0.5,0,0,,2,5,7,3,2,3,0,1,15
2026-01-29_uc_santa_barbara_uc_san_diego,UC Santa Barbara,12,"Naro, Maddie",True,33,3,8,0.375,1,5,0.2,0,0,,0,1,1,0,3,0,0,0,7
2026-01-29_uc_santa_barbara_uc_san_diego,UC Santa Barbara,02,"Borter, Zoe",True,38,1,10,0.1,1,4,0.25,0,0,,1,1,2,2,0,3,1,0,3
2026-01-29_uc_santa_barbara_uc_san_diego,UC Santa Barbara,23,"Shaw, Zoe",True,28,1,3,0.333,0,2,0.0,0,0,,0,2,2,1,3,0,1,0,2
2026-01-29_uc_santa_barbara_uc_san_diego,UC Santa Barbara,04,"Puente-Valverde, Júlia",True,22,1,5,0.2,0,0,,0,0,,2,4,6,3,0,0,0,1,2
2026-01-29_uc_santa_barbara_uc_san_diego,UC Santa Barbara,15,"Andersen, Chauncey",False,27,5,9,0.556,2,4,0.5,5,7,0.714,1,12,13,3,0,0,1,1,17
2026-01-29_uc_santa_barbara_uc_san_diego,UC Santa Barbara,32,"Grant, Jessica",False,19,1,5,0.2,1,5,0.2,0,0,,0,3,3,1,2,0,0,1,3
2026-01-29_uc_santa_barbara_uc_san_diego,UC Santa Barbara,TM,TEAM,False,0,0,0,,0,0,,0,0,,1,2,3,0,0,5,0,0,0
2026-01-29_cal_poly_csu_bakersfield,CSU Bakersfield,12,"Coleman, Chrishawn",True,34,7,17,0.412,1,4,0.25,8,12,0.667,1,0,1,4,1,3,0,4,23
2026-01-29_cal_poly_csu_bakersfield,CSU Bakersfield,14,"Hawkins, Morgan",True,34,3,10,0.3,0,4,0.0,4,4,1.0,0,2,2,4,1,2,0,6,10
2026-01-29_cal_poly_csu_bakersfield,CSU Bakersfield,2,"Carter, Aliyah",True,36,3,5,0.6,0,1,0.0,2,2,1.0,1,7,8,2,3,2,2,0,8
2026-01-29_cal_poly_csu_bakersfield,CSU Bakersfield,8,"Langi, Marley",True,17,1,5,0.2,0,2,0.0,4,6,0.667,3,1,4,4,1,3,0,2,6
2026-01-29_cal_poly_csu_bakersfield,CSU Bakersfield,11,"Dias, Maria",True,16,0,4,0.0,0,2,0.0,0,0,,1,1,2,2,0,1,0,0,0
2026-01-29_cal_poly_csu_bakersfield,CSU Bakersfield,21,"Sutherland, Tianna",False,30,2,7,0.286,2,3,0.667,2,2,1.0,0,1,1,3,1,2,0,2,8
2026-01-29_cal_poly_csu_bakersfield,CSU Bakersfield,22,"Kincade, Dae'jaidence",False,8,2,2,1.0,0,0,,0,0,,1,0,1,2,2,0,0,1,4
2026-01-29_cal_poly_csu_bakersfield,CSU Bakersfield,1,"Finley, Zalissa",False,18,1,5,0.2,0,1,0.0,1,4,0.25,2,3,5,0,0,1,0,0,3
2026-01-29_cal_poly_csu_bakersfield,CSU Bakersfield,24,"Ikidi, Tena",False,6,0,3,0.0,0,0,,0,0,,1,0,1,1,0,0,0,0,0
2026-01-29_cal_poly_csu_bakersfield,CSU Bakersfield,30,"Dioli, Alli",False,1,0,0,,0,0,,0,0,,0,0,0,0,0,0,0,0,0
2026-01-29_cal_poly_csu_bakersfield,CSU Bakersfield,4,"Powell, Ophelia",False,0,0,1,0.0,0,0,,0,0,,0,0,0,0,0,0,0,1,0
2026-01-29_cal_poly_csu_bakersfield,CSU Bakersfield,TM,TEAM,False,0,0,0,,0,0,,0,0,,1,3,4,0,0,0,0,0,0
2026-01-29_cal_poly_csu_bakersfield,Cal Poly,00,"McManus, Vanessa",True,38,7,14,0.5,0,2,0.0,4,6,0.667,1,7,8,2,0,3,0,2,18
2026-01-29_cal_poly_csu_bakersfield,Cal Poly,21,"Vail, Dulci",True,23,6,10,0.6,0,0,,5,6,0.833,4,2,6,5,2,4,0,0,17
2026-01-29_cal_poly_csu_bakersfield,Cal Poly,32,"Thompson, Charish",True,36,2,9,0.222,0,1,0.0,3,4,0.75,0,7,7,3,3,3,0,1,7
2026-01-29_cal_poly_csu_bakersfield,Cal Poly,22,"Goosby, Alana",True,29,3,5,0.6,0,0,,0,0,,1,5,6,3,3,7,1,3,6
2026-01-29_cal_poly_csu_bakersfield,Cal Poly,7,"Billing, Jordan",True,17,2,4,0.5,1,3,0.333,0,0,,0,1,1,0,1,2,0,1,5
2026-01-29_cal_poly_csu_bakersfield,Cal Poly,1,"Garcia, Arissa",False,29,1,4,0.25,0,1,0.0,1,2,0.5,2,3,5,4,0,3,0,0,3
2026-01-29_cal_poly_csu_bakersfield,Cal Poly,11,"Knapp, Avery",False,12,0,1,0.0,0,0,,1,2,0.5,2,0,2,5,1,1,0,0,1
2026-01-29_cal_poly_csu_bakersfield,Cal Poly,8,"Peiffer, Katie",False,8,0,2,0.0,0,2,0.0,1,2,0.5,0,1,1,1,0,0,0,0,1
2026-01-29_cal_poly_csu_bakersfield,Cal Poly,14,"Bears, Gillian",False,6,0,1,0.0,0,1,0.0,0,0,,0,2,2,2,0,2,0,0,0
2026-01-29_cal_poly_csu_bakersfield,Cal Poly,55,"Franklin, Vivian",False,2,0,1,0.0,0,1,0.0,0,0,,0,1,1,0,0,0,0,0,0
2026-01-29_cal_poly_csu_bakersfield,Cal Poly,TM,TEAM,False,0,0,0,,0,0,,0,0,,3,4,7,0,0,2,0,0,0
2026-01-29_long_beach_st_uc_riverside,UC Riverside,7,"Wickstrom, Hannah",True,40,6,18,0.333,2,4,0.5,14,16,0.875,2,8,10,3,5,5,0,5,28
2026-01-29_long_beach_st_uc_riverside,UC Riverside,1,"Polk, Kaylani",True,37,3,8,0.375,2,6,0.333,2,2,1.0,0,5,5,3,5,1,1,0,10
2026-01-29_long_beach_st_uc_riverside,UC Riverside,41,"Shine, Bria",True,33,3,8,0.375,0,0,,0,1,0.0,0,6,6,2,0,1,1,0,6
2026-01-29_long_beach_st_uc_riverside,UC Riverside,2,"Hackley, Seneca",True,8,1,1,1.0,1,1,1.0,2,2,1.0,0,0,0,0,1,1,0,0,5
2026-01-29_long_beach_st_uc_riverside,UC Riverside,22,"Swanson, Taylor",True,15,1,3,0.333,0,0,,0,0,,1,2,3,3,1,0,0,0,2
2026-01-29_long_beach_st_uc_riverside,UC Riverside,9,"Chocano, Maya",False,25,4,8,0.5,2,5,0.4,0,1,0.0,1,0,1,3,1,1,0,3,10
2026-01-29_long_beach_st_uc_riverside,UC Riverside,10,"Minshall, Makayla",False,32,3,5,0.6,1,2,0.5,0,0,,1,2,3,4,0,5,0,1,7
2026-01-29_long_beach_st_uc_riverside,UC Riverside,32,"Moreno Tallon, Lucia",False,7,2,2,1.0,0,0,,0,0,,0,1,1,0,0,0,0,0,4
2026-01-29_long_beach_st_uc_riverside,UC Riverside,23,"Mejia, Maria",False,3,0,0,,0,0,,0,0,,0,0,0,0,0,0,0,0,0
2026-01-29_long_beach_st_uc_riverside,UC Riverside,TM,TEAM,False,0,0,0,,0,0,,0,0,,2,0,2,0,0,0,0,0,0
2026-01-29_long_beach_st_uc_riverside,Long Beach St.,30,"Jones-brown, Jaquoia",True,40,10,19,0.526,3,3,1.0,6,6,1.0,2,4,6,1,4,2,0,3,29
2026-01-29_long_beach_st_uc_riverside,Long Beach St.,13,"Pepe, Khylee",True,33,6,8,0.75,1,3,0.333,0,1,0.0,0,3,3,2,1,1,1,2,13
2026-01-29_long_beach_st_uc_riverside,Long Beach St.,32,"Pukis, Brynna",True,29,3,5,0.6,3,5,0.6,2,2,1.0,0,3,3,4,3,0,0,0,11
2026-01-29_long_beach_st_uc_riverside,Long Beach St.,5,"Ka, Kennan",True,27,0,4,0.0,0,1,0.0,2,2,1.0,1,5,6,4,4,4,1,1,2
2026-01-29_long_beach_st_uc_riverside,Long Beach St.,25,"Mack, Morgan",True,33,0,3,0.0,0,3,0.0,1,2,0.5,0,5,5,4,3,3,1,1,1
2026-01-29_long_beach_st_uc_riverside,Long Beach St.,2,"Akot, Rosie",False,20,5,9,0.556,2,3,0.667,3,3,1.0,1,3,4,3,0,4,1,0,15
2026-01-29_long_beach_st_uc_riverside,Long Beach St.,33,"Wright, Haley",False,9,1,2,0.5,1,2,0.5,0,0,,1,1,2,1,2,2,0,0,3
2026-01-29_long_beach_st_uc_riverside,Long Beach St.,10,"Reynoso, Christy",False,8,0,1,0.0,0,1,0.0,1,2,0.5,0,0,0,0,0,0,0,0,1
2026-01-29_long_beach_st_uc_riverside,Long Beach St.,3,"Samuel-afolabi, Tairat",False,1,0,1,0.0,0,0,,0,0,,0,0,0,0,0,0,0,0,0
2026-01-29_long_beach_st_uc_riverside,Long Beach St.,TM,TEAM,False,0,0,0,,0,0,,0,0,,1,3,4,0,0,0,0,0,0
2026-01-31_uc_davis_csu_bakersfield,CSU Bakersfield,08,"Langi, Marley",True,32,10,18,0.556,7,12,0.583,2,2,1.0,0,3,3,4,0,4,0,3,29
2026-01-31_uc_davis_csu_bakersfield,CSU Bakersfield,12,"Coleman, Chrishawn",True,25,6,15,0.4,0,2,0.0,3,3,1.0,1,2,3,5,0,1,0,2,15
2026-01-31_uc_davis_csu_bakersfield,CSU Bakersfield,21,"Sutherland, Tianna",True,29,3,7,0.429,1,2,0.5,0,0,,1,0,1,2,0,2,0,3,7
2026-01-31_uc_davis_csu_bakersfield,CSU Bakersfield,14,"Hawkins, Morgan",True,35,1,6,0.167,0,2,0.0,2,4,0.5,0,2,2,1,2,0,0,3,4
2026-01-31_uc_davis_csu_bakersfield,CSU Bakersfield,24,"Ikidi, Tena",True,8,0,2,0.0,0,0,,0,0,,0,1,1,2,0,0,1,0,0
2026-01-31_uc_davis_csu_bakersfield,CSU Bakersfield,11,"Dias, Maria",False,26,2,9,0.222,0,3,0.0,3,3,1.0,1,2,3,2,0,0,0,0,7
2026-01-31_uc_davis_csu_bakersfield,CSU Bakersfield,02,"Carter, Aliyah",False,22,1,2,0.5,0,0,,4,4,1.0,0,1,1,2,5,1,0,1,6
2026-01-31_uc_davis_csu_bakersfield,CSU Bakersfield,01,"Finley, Zalissa",False,17,0,3,0.0,0,1,0.0,0,0,,2,3,5,2,0,2,0,1,0
2026-01-31_uc_davis_csu_bakersfield,CSU Bakersfield,22,"Kincade, Dae'Jaidence",False,6,0,1,0.0,0,0,,0,0,,1,1,2,1,0,2,0,1,0
2026-01-31_uc_davis_csu_bakersfield,CSU Bakersfield,TM,TEAM,False,0,0,0,,0,0,,0,0,,1,3,4,0,0,0,0,0,0
2026-01-31_uc_davis_csu_bakersfield,UC Davis,02,"Bennett, Ryann",True,36,4,10,0.4,3,6,0.5,3,4,0.75,1,4,5,0,8,6,0,3,14
2026-01-31_uc_davis_csu_bakersfield,UC Davis,09,"Sussex, Avery",True,32,6,8,0.75,2,3,0.667,0,0,,0,6,6,3,2,4,0,1,14
2026-01-31_uc_davis_csu_bakersfield,UC Davis,04,"Epps, Nya",True,30,4,12,0.333,1,4,0.25,4,4,1.0,2,2,4,3,3,4,0,0,13
2026-01-31_uc_davis_csu_bakersfield,UC Davis,25,"Norris, Megan",True,38,5,9,0.556,1,4,0.25,0,0,,3,15,18,1,2,4,1,3,11
2026-01-31_uc_davis_csu_bakersfield,UC Davis,10,"Young, Tegan",True,23,3,10,0.3,0,5,0.0,0,0,,2,2,4,4,0,2,0,0,6
2026-01-31_uc_davis_csu_bakersfield,UC Davis,23,"Baker, Victoria",False,21,3,3,1.0,2,2,1.0,1,2,0.5,1,1,2,2,2,2,0,0,9
2026-01-31_uc_davis_csu_bakersfield,UC Davis,11,"Ersdala, Emmy",False,14,3,3,1.0,2,2,1.0,0,0,,1,1,2,1,1,2,0,0,8
2026-01-31_uc_davis_csu_bakersfield,UC Davis,21,"Tsami, Theoni",False,2,0,0,,0,0,,1,2,0.5,0,0,0,0,0,0,0,0,1
2026-01-31_uc_davis_csu_bakersfield,UC Davis,15,"Lentfer, Sophie",False,3,0,0,,0,0,,0,0,,0,0,0,2,0,0,0,0,0
2026-01-31_uc_davis_csu_bakersfield,UC Davis,01,"Davis, Carrington",False,1,0,0,,0,0,,0,0,,0,0,0,1,0,0,0,0,0
2026-01-31_uc_davis_csu_bakersfield,UC Davis,TM,TEAM,False,0,0,0,,0,0,,0,0,,1,1,2,0,0,0,0,0,0
2026-01-31_hawaii_long_beach_st,Long Beach St.,30,"Jones-Brown, JaQuoia",True,40,7,16,0.438,1,3,0.333,3,4,0.75,2,3,5,2,1,2,0,0,18
2026-01-31_hawaii_long_beach_st,Long Beach St.,13,"Pepe, Khylee",True,38,5,13,0.385,0,1,0.0,3,8,0.375,2,7,9,3,1,6,0,1,13
2026-01-31_hawaii_long_beach_st,Long Beach St.,05,"Ka, Kennan",True,34,3,4,0.75,1,1,1.0,0,0,,0,1,1,2,1,3,0,0,7
2026-01-31_hawaii_long_beach_st,Long Beach St.,25,"Mack, Morgan",True,29,1,2,0.5,1,1,1.0,0,0,,0,0,0,2,0,2,0,1,3
2026-01-31_hawaii_long_beach_st,Long Beach St.,32,"Pukis, Brynna",True,17,1,2,0.5,1,1,1.0,0,0,,0,2,2,4,1,1,0,0,3
2026-01-31_hawaii_long_beach_st,Long Beach St.,02,"Akot, Rosie",False,22,0,6,0.0,0,3,0.0,0,0,,1,3,4,4,0,2,2,3,0
2026-01-31_hawaii_long_beach_st,Long Beach St.,10,"Reynoso, Christy",False,14,0,3,0.0,0,3,0.0,0,0,,0,0,0,0,1,0,0,0,0
2026-01-31_hawaii_long_beach_st,Long Beach St.,03,"Samuel  - Afolabi, Tairat",False,3,0,0,,0,0,,0,0,,0,0,0,0,0,0,0,0,0
2026-01-31_hawaii_long_beach_st,Long Beach St.,33,"Wright, Haley",False,3,0,0,,0,0,,0,0,,0,0,0,2,0,0,0,0,0
2026-01-31_hawaii_long_beach_st,Long Beach St.,TM,TEAM,False,0,0,0,,0,0,,0,0,,4,3,7,0,0,3,0,0,0
2026-01-31_hawaii_long_beach_st,Hawaii,12,"Perez, Imani",True,34,6,11,0.545,2,5,0.4,1,1,1.0,3,2,5,2,0,1,0,0,15
2026-01-31_hawaii_long_beach_st,Hawaii,11,"Curtis, Keiara",True,30,3,7,0.429,2,3,0.667,2,2,1.0,0,2,2,2,3,5,0,0,10
2026-01-31_hawaii_long_beach_st,Hawaii,33,"Neverson, Saniyah",True,20,2,7,0.286,0,1,0.0,1,1,1.0,3,4,7,0,1,0,1,0,5
2026-01-31_hawaii_long_beach_st,Hawaii,22,"Peacock, Jade",True,9,1,2,0.5,1,2,0.5,0,0,,0,0,0,0,0,0,0,0,3
2026-01-31_hawaii_long_beach_st,Hawaii,03,"Flavell, Bailey",True,20,1,8,0.125,0,5,0.0,0,0,,1,0,1,0,0,2,0,0,2
2026-01-31_hawaii_long_beach_st,Hawaii,24,"Tamilo, Ritorya",False,24,4,5,0.8,0,0,,2,4,0.5,5,5,10,1,2,0,2,1,10
2026-01-31_hawaii_long_beach_st,Hawaii,04,"Lefotu, Jovi",False,13,3,5,0.6,0,1,0.0,3,5,0.6,0,2,2,1,2,1,0,2,9
2026-01-31_hawaii_long_beach_st,Hawaii,02,"Bond, Teyahna",False,18,3,7,0.429,0,1,0.0,0,0,,0,2,2,2,2,3,0,1,6
2026-01-31_hawaii_long_beach_st,Hawaii,20,"Forsyth, Izzy",False,16,1,3,0.333,1,2,0.5,0,0,,2,1,3,0,1,1,0,0,3
2026-01-31_hawaii_long_beach_st,Hawaii,06,"Webb, Kyra",False,13,1,3,0.333,0,2,0.0,0,0,,0,1,1,2,0,0,0,1,2
2026-01-31_hawaii_long_beach_st,Hawaii,07,"Collins, Ella",False,1,1,1,1.0,0,0,,0,0,,0,0,0,0,0,0,0,0,2
2026-01-31_hawaii_long_beach_st,Hawaii,08,"Moors, Rebecca",False,1,0,0,,0,0,,0,0,,0,0,0,0,0,0,1,0,0
2026-01-31_hawaii_long_beach_st,Hawaii,17,"Serra, Fiamma",False,1,0,0,,0,0,,0,0,,0,0,0,0,0,0,0,0,0
2026-01-31_hawaii_long_beach_st,Hawaii,TM,TEAM,False,0,0,0,,0,0,,0,0,,0,2,2,0,0,0,0,0,0
2026-01-31_uc_san_diego_csun,CSUN,12,"Aspajo, Erika",True,34,6,12,0.5,2,4,0.5,6,6,1.0,0,1,1,3,6,11,0,3,20
2026-01-31_uc_san_diego_csun,CSUN,33,"Nazario, Rita",True,27,3,9,0.333,2,5,0.4,0,0,,0,2,2,1,0,4,0,2,8
2026-01-31_uc_san_diego_csun,CSUN,02,"White, Saray",True,13,0,0,,0,0,,2,2,1.0,0,1,1,0,0,0,0,1,2
2026-01-31_uc_san_diego_csun,CSUN,00,"Gbemuotor, Jite",True,10,1,3,0.333,0,0,,0,0,,0,5,5,1,0,2,2,1,2
2026-01-31_uc_san_diego_csun,CSUN,21,"Canadell, Jana",True,7,0,1,0.0,0,0,,0,0,,0,1,1,1,0,0,0,0,0
2026-01-31_uc_san_diego_csun,CSUN,10,"Lizama, Alondra",False,18,5,6,0.833,1,1,1.0,3,4,0.75,1,4,5,5,0,5,0,2,14
2026-01-31_uc_san_diego_csun,CSUN,34,"Bernard, Nadia",False,11,3,6,0.5,1,1,1.0,2,2,1.0,1,2,3,1,0,1,0,1,9
2026-01-31_uc_san_diego_csun,CSUN,04,"Edwards, Morgan",False,24,3,7,0.429,2,4,0.5,0,0,,0,1,1,4,0,2,0,1,8
2026-01-31_uc_san_diego_csun,CSUN,24,"Cos-Morales, Mariona",False,25,2,5,0.4,0,0,,0,0,,4,2,6,2,1,4,2,0,4
2026-01-31_uc_san_diego_csun,CSUN,03,"Tumlin, Kelly",False,26,0,0,,0,0,,0,0,,0,5,5,1,4,1,0,0,0
2026-01-31_uc_san_diego_csun,CSUN,22,"Dahlin, Laini",False,5,0,1,0.0,0,1,0.0,0,0,,0,0,0,1,0,0,0,0,0
2026-01-31_uc_san_diego_csun,CSUN,TM,TEAM,False,0,0,0,,0,0,,0,0,,1,1,2,0,0,1,0,0,0
2026-01-31_uc_san_diego_csun,UC San Diego,04,"Rose, Makayla",True,34,8,12,0.667,0,0,,2,2,1.0,0,4,4,3,3,1,0,8,18
2026-01-31_uc_san_diego_csun,UC San Diego,12,"Smith, Rosa",True,35,4,14,0.286,4,10,0.4,4,5,0.8,1,2,3,1,2,4,0,2,16
2026-01-31_uc_san_diego_csun,UC San Diego,11,"Condron, Erin",True,26,7,11,0.636,0,0,,2,2,1.0,3,4,7,3,2,4,0,3,16
2026-01-31_uc_san_diego_csun,UC San Diego,10,"Maxie, Dymonique",True,36,5,7,0.714,0,0,,4,6,0.667,1,1,2,1,5,4,0,6,14
2026-01-31_uc_san_diego_csun,UC San Diego,15,"Ma, Sabrina",True,38,5,14,0.357,1,7,0.143,0,1,0.0,1,4,5,3,5,1,0,1,11
2026-01-31_uc_san_diego_csun,UC San Diego,30,"Sule, Damilola",False,11,2,3,0.667,0,0,,0,0,,2,1,3,3,1,2,0,0,4
2026-01-31_uc_san_diego_csun,UC San Diego,21,"Polocheck, Nicki",False,11,1,3,0.333,0,1,0.0,1,2,0.5,2,0,2,2,0,1,0,1,3
2026-01-31_uc_san_diego_csun,UC San Diego,13,"Feiman, Lev",False,7,0,2,0.0,0,0,,0,0,,0,1,1,0,2,0,0,1,0
2026-01-31_uc_san_diego_csun,UC San Diego,24,"Price, Niya",False,2,0,1,0.0,0,1,0.0,0,0,,0,0,0,0,0,0,0,0,0
2026-01-31_uc_san_diego_csun,UC San Diego,TM,TEAM,False,0,0,0,,0,0,,0,0,,2,2,4,0,0,1,0,0,0
2026-01-31_cal_st_fullerton_uc_santa_barbara,UC Santa Barbara,05,"Bradley, Olivia",True,37,9,15,0.6,3,8,0.375,4,5,0.8,2,4,6,3,3,2,3,4,25
2026-01-31_cal_st_fullerton_uc_santa_barbara,UC Santa Barbara,02,"Borter, Zoe",True,40,6,14,0.429,3,6,0.5,4,6,0.667,0,4,4,1,4,4,0,0,19
2026-01-31_cal_st_fullerton_uc_santa_barbara,UC Santa Barbara,12,"Naro, Madison",True,38,2,8,0.25,0,4,0.0,0,0,,2,1,3,0,2,3,0,0,4
2026-01-31_cal_st_fullerton_uc_santa_barbara,UC Santa Barbara,23,"Shaw, Zoe",True,33,1,6,0.167,1,5,0.2,0,0,,2,2,4,1,0,2,0,1,3
2026-01-31_cal_st_fullerton_uc_santa_barbara,UC Santa Barbara,04,"Puente-Valverde, Júlia",True,27,1,1,1.0,0,0,,1,2,0.5,2,11,13,3,0,5,1,1,3
2026-01-31_cal_st_fullerton_uc_santa_barbara,UC Santa Barbara,15,"Andersen, Chauncey",False,15,3,5,0.6,0,1,0.0,0,0,,2,5,7,5,0,3,1,0,6
2026-01-31_cal_st_fullerton_uc_santa_barbara,UC Santa Barbara,32,"Grant, Jessica",False,10,0,1,0.0,0,1,0.0,0,0,,0,0,0,0,0,0,0,0,0
2026-01-31_cal_st_fullerton_uc_santa_barbara,UC Santa Barbara,TM,TEAM,False,0,0,0,,0,0,,0,0,,0,2,2,0,0,1,0,0,0
2026-01-31_cal_st_fullerton_uc_santa_barbara,Cal St. Fullerton,33,"Pearson, Kya",True,32,6,12,0.5,2,4,0.5,5,6,0.833,0,3,3,4,5,4,0,2,19
2026-01-31_cal_st_fullerton_uc_santa_barbara,Cal St. Fullerton,03,"Tauro, Maddy",True,22,6,15,0.4,0,0,,2,2,1.0,1,5,6,5,1,3,0,2,14
2026-01-31_cal_st_fullerton_uc_santa_barbara,Cal St. Fullerton,55,"Jones, Cristina",True,25,6,14,0.429,0,0,,1,2,0.5,5,4,9,4,2,1,0,2,13
2026-01-31_cal_st_fullerton_uc_santa_barbara,Cal St. Fullerton,10,"Swindle, Dylan",True,36,2,8,0.25,0,4,0.0,3,3,1.0,1,1,2,1,2,0,0,0,7
2026-01-31_cal_st_fullerton_uc_santa_barbara,Cal St. Fullerton,23,"Maxwell, Talia",True,38,3,8,0.375,0,0,,0,0,,0,2,2,0,1,1,0,3,6
2026-01-31_cal_st_fullerton_uc_santa_barbara,Cal St. Fullerton,04,"Falsdottir, Jana",False,19,1,2,0.5,1,2,0.5,0,0,,1,0,1,1,1,3,0,0,3
2026-01-31_cal_st_fullerton_uc_santa_barbara,Cal St. Fullerton,22,"Muniz, Madelynn",False,25,0,4,0.0,0,4,0.0,0,0,,0,3,3,2,1,0,0,0,0
2026-01-31_cal_st_fullerton_uc_santa_barbara,Cal St. Fullerton,01,"Moon, Mimi",False,3,0,2,0.0,0,0,,0,0,,0,0,0,0,0,0,0,0,0
2026-01-31_cal_st_fullerton_uc_santa_barbara,Cal St. Fullerton,TM,TEAM,False,0,0,0,,0,0,,0,0,,6,1,7,0,0,0,0,0,0
2026-01-31_cal_poly_uc_riverside,UC Riverside,7,"Wickstrom, Hannah",True,36,10,21,0.476,1,7,0.143,3,4,0.75,0,4,4,2,4,4,0,4,24
2026-01-31_cal_poly_uc_riverside,UC Riverside,41,"Shine, Bria",True,25,4,5,0.8,0,1,0.0,2,6,0.333,1,5,6,4,2,1,0,1,10
2026-01-31_cal_poly_uc_riverside,UC Riverside,22,"Swanson, Taylor",True,20,4,8,0.5,1,2,0.5,0,2,0.0,1,2,3,3,2,2,0,0,9
2026-01-31_cal_poly_uc_riverside,UC Riverside,10,"Minshall, Makayla",True,23,3,4,0.75,2,2,1.0,0,2,0.0,2,4,6,3,1,2,0,0,8
2026-01-31_cal_poly_uc_riverside,UC Riverside,1,"Polk, Kaylani",True,34,1,2,0.5,1,2,0.5,2,2,1.0,0,0,0,1,3,1,0,0,5
2026-01-31_cal_poly_uc_riverside,UC Riverside,2,"Hackley, Seneca",False,20,4,9,0.444,2,3,0.667,0,0,,0,1,1,2,0,1,1,1,10
2026-01-31_cal_poly_uc_riverside,UC Riverside,9,"Chocano, Maya",False,20,1,7,0.143,0,5,0.0,2,2,1.0,0,9,9,2,2,1,1,0,4
2026-01-31_cal_poly_uc_riverside,UC Riverside,32,"Moreno Tallon, Lucia",False,15,0,1,0.0,0,1,0.0,0,0,,0,3,3,1,0,0,0,1,0
2026-01-31_cal_poly_uc_riverside,UC Riverside,23,"Mejia, Maria",False,7,0,1,0.0,0,1,0.0,0,0,,0,0,0,0,0,1,0,1,0
2026-01-31_cal_poly_uc_riverside,UC Riverside,TM,TEAM,False,0,0,0,,0,0,,0,0,,2,3,5,0,0,0,0,0,0
2026-01-31_cal_poly_uc_riverside,Cal Poly,32,"Thompson, Charish",True,35,7,14,0.5,0,1,0.0,6,10,0.6,2,7,9,3,3,4,0,0,20
2026-01-31_cal_poly_uc_riverside,Cal Poly,00,"McManus, Vanessa",True,35,7,18,0.389,2,6,0.333,3,4,0.75,2,1,3,0,0,1,0,3,19
2026-01-31_cal_poly_uc_riverside,Cal Poly,21,"Vail, Dulci",True,27,2,11,0.182,0,1,0.0,3,4,0.75,3,4,7,3,1,2,0,0,7
2026-01-31_cal_poly_uc_riverside,Cal Poly,22,"Goosby, Alana",True,32,2,4,0.5,1,3,0.333,0,0,,1,5,6,4,2,1,0,0,5
2026-01-31_cal_poly_uc_riverside,Cal Poly,7,"Billing, Jordan",True,6,0,0,,0,0,,0,0,,0,1,1,0,0,1,0,0,0
2026-01-31_cal_poly_uc_riverside,Cal Poly,25,"Sharvit, Maya",False,12,3,3,1.0,0,0,,0,0,,0,3,3,3,0,2,0,0,6
2026-01-31_cal_poly_uc_riverside,Cal Poly,1,"Garcia, Arissa",False,28,2,6,0.333,1,2,0.5,0,2,0.0,2,4,6,3,3,1,0,1,5
2026-01-31_cal_poly_uc_riverside,Cal Poly,8,"Peiffer, Katie",False,20,1,6,0.167,0,4,0.0,0,0,,1,3,4,1,1,0,1,2,2
2026-01-31_cal_poly_uc_riverside,Cal Poly,11,"Knapp, Avery",False,5,0,2,0.0,0,0,,2,2,1.0,1,0,1,0,0,0,0,0,2
2026-01-31_cal_poly_uc_riverside,Cal Poly,TM,TEAM,False,0,0,0,,0,0,,0,0,,1,3,4,0,0,0,0,0,0
2026-02-05_uc_santa_barbara_uc_davis,UC Davis,02,"Bennett, Ryann",True,36,7,15,0.467,1,4,0.25,2,4,0.5,0,5,5,1,2,2,0,1,17
2026-02-05_uc_santa_barbara_uc_davis,UC Davis,09,"Sussex, Avery",True,36,3,14,0.214,3,9,0.333,7,8,0.875,0,5,5,2,6,1,0,0,16
2026-02-05_uc_santa_barbara_uc_davis,UC Davis,04,"Epps, Nya",True,35,4,15,0.267,0,7,0.0,2,2,1.0,2,6,8,4,1,4,0,1,10
2026-02-05_uc_santa_barbara_uc_davis,UC Davis,25,"Norris, Megan",True,37,2,6,0.333,0,2,0.0,2,2,1.0,3,10,13,2,0,3,0,0,6
2026-02-05_uc_santa_barbara_uc_davis,UC Davis,10,"Young, Tegan",True,20,1,4,0.25,1,4,0.25,2,2,1.0,0,2,2,0,0,1,0,0,5
2026-02-05_uc_santa_barbara_uc_davis,UC Davis,23,"Baker, Victoria",False,21,2,6,0.333,1,4,0.25,0,0,,0,0,0,2,1,0,0,1,5
2026-02-05_uc_santa_barbara_uc_davis,UC Davis,15,"Lentfer, Sophie",False,6,1,2,0.5,0,1,0.0,0,0,,1,1,2,1,0,0,0,0,2
2026-02-05_uc_santa_barbara_uc_davis,UC Davis,11,"Ersdala, Emmy",False,9,0,1,0.0,0,1,0.0,0,0,,0,4,4,0,1,0,0,1,0
2026-02-05_uc_santa_barbara_uc_davis,UC Davis,01,"Davis, Carrington",False,,0,0,,0,0,,0,0,,0,0,0,2,0,0,0,0,0
2026-02-05_uc_santa_barbara_uc_davis,UC Davis,TM,TEAM,False,0,0,0,,0,0,,0,0,,4,1,5,0,0,1,0,0,0
2026-02-05_uc_santa_barbara_uc_davis,UC Santa Barbara,23,"Shaw, Zoe",True,39,9,16,0.562,7,13,0.538,4,4,1.0,0,4,4,1,0,0,2,1,29
2026-02-05_uc_santa_barbara_uc_davis,UC Santa Barbara,02,"Borter, Zoe",True,40,5,14,0.357,1,6,0.167,3,4,0.75,1,5,6,3,4,2,0,1,14
2026-02-05_uc_santa_barbara_uc_davis,UC Santa Barbara,12,"Naro, Maddie",True,38,4,9,0.444,1,5,0.2,0,0,,1,1,2,3,5,2,0,0,9
2026-02-05_uc_santa_barbara_uc_davis,UC Santa Barbara,05,"Bradley, Olivia",True,27,3,7,0.429,1,2,0.5,0,2,0.0,1,4,5,2,3,0,1,2,7
2026-02-05_uc_santa_barbara_uc_davis,UC Santa Barbara,04,"Puente-Valverde, Júlia",True,14,0,2,0.0,0,0,,3,4,0.75,1,5,6,5,0,2,1,0,3
2026-02-05_uc_santa_barbara_uc_davis,UC Santa Barbara,15,"Andersen, Chauncey",False,25,3,11,0.273,1,6,0.167,0,0,,3,6,9,3,0,2,0,2,7
2026-02-05_uc_santa_barbara_uc_davis,UC Santa Barbara,32,"Grant, Jessica",False,17,0,3,0.0,0,3,0.0,0,0,,0,3,3,3,1,2,0,0,0
2026-02-05_uc_santa_barbara_uc_davis,UC Santa Barbara,TM,TEAM,False,0,0,0,,0,0,,0,0,,0,5,5,0,0,1,0,0,0
2026-02-05_csu_bakersfield_uc_irvine,UC Irvine,10,"Madsen, Lauryn",True,32,5,9,0.556,5,9,0.556,0,0,,3,4,7,0,1,0,0,3,15
2026-02-05_csu_bakersfield_uc_irvine,UC Irvine,23,"Wynn, Jada",True,31,4,14,0.286,3,10,0.3,4,4,1.0,2,6,8,2,3,4,0,3,15
2026-02-05_csu_bakersfield_uc_irvine,UC Irvine,12,"Nahum, Shirel",True,24,6,11,0.545,0,3,0.0,0,0,,1,3,4,4,3,2,0,2,12
2026-02-05_csu_bakersfield_uc_irvine,UC Irvine,20,"Hernandez, Hunter",True,27,3,9,0.333,0,4,0.0,4,4,1.0,0,2,2,0,2,0,1,0,10
2026-02-05_csu_bakersfield_uc_irvine,UC Irvine,14,"Hanson, Summah",True,13,1,4,0.25,0,3,0.0,2,3,0.667,3,3,6,2,0,1,1,0,4
2026-02-05_csu_bakersfield_uc_irvine,UC Irvine,01,"Grant, Ameerah",False,18,4,5,0.8,2,2,1.0,4,4,1.0,2,0,2,4,0,2,0,0,14
2026-02-05_csu_bakersfield_uc_irvine,UC Irvine,13,"Stores, Nohealani",False,15,2,3,0.667,0,0,,3,6,0.5,2,3,5,5,0,1,0,0,7
2026-02-05_csu_bakersfield_uc_irvine,UC Irvine,09,"Falcon Hernandez, Daniela",False,18,2,2,1.0,0,0,,0,0,,2,4,6,2,1,0,0,0,4
2026-02-05_csu_bakersfield_uc_irvine,UC Irvine,22,"Noa, Reese",False,14,1,4,0.25,0,1,0.0,0,0,,1,1,2,2,1,0,0,1,2
2026-02-05_csu_bakersfield_uc_irvine,UC Irvine,02,"Hernandez, Haley",False,8,0,0,,0,0,,2,7,0.286,2,0,2,0,0,1,0,0,2
2026-02-05_csu_bakersfield_uc_irvine,UC Irvine,TM,TEAM,False,0,0,0,,0,0,,0,0,,1,1,2,0,0,1,0,0,0
2026-02-05_csu_bakersfield_uc_irvine,CSU Bakersfield,08,"Langi, Marley",True,32,6,14,0.429,2,7,0.286,8,9,0.889,0,2,2,1,0,4,0,0,22
2026-02-05_csu_bakersfield_uc_irvine,CSU Bakersfield,11,"Dias, Maria",True,30,4,11,0.364,1,1,1.0,0,0,,1,2,3,0,0,3,0,1,9
2026-02-05_csu_bakersfield_uc_irvine,CSU Bakersfield,24,"Ikidi, Tena",True,21,1,5,0.2,0,0,,2,4,0.5,3,2,5,5,1,0,0,0,4
2026-02-05_csu_bakersfield_uc_irvine,CSU Bakersfield,12,"Coleman , Chrishawn",True,14,1,6,0.167,0,1,0.0,1,3,0.333,0,0,0,5,0,5,0,1,3
2026-02-05_csu_bakersfield_uc_irvine,CSU Bakersfield,21,"Sutherland, Tianna",True,13,0,1,0.0,0,1,0.0,0,0,,0,1,1,5,1,0,0,0,0
2026-02-05_csu_bakersfield_uc_irvine,CSU Bakersfield,22,"Kincade, Dae’Jaidence",False,17,2,2,1.0,0,0,,2,3,0.667,1,5,6,2,1,1,0,2,6
2026-02-05_csu_bakersfield_uc_irvine,CSU Bakersfield,02,"Carter, Aliyah",False,26,1,3,0.333,0,0,,2,2,1.0,1,3,4,5,3,1,0,0,4
2026-02-05_csu_bakersfield_uc_irvine,CSU Bakersfield,30,"Dioli, Alli",False,9,1,3,0.333,1,3,0.333,0,0,,0,0,0,1,0,1,0,0,3
2026-02-05_csu_bakersfield_uc_irvine,CSU Bakersfield,04,"Powell, Ophelia",False,21,1,5,0.2,0,1,0.0,0,0,,0,1,1,0,1,1,0,0,2
2026-02-05_csu_bakersfield_uc_irvine,CSU Bakersfield,07,"Gallatly, Jaime",False,10,0,1,0.0,0,0,,0,0,,1,1,2,0,0,1,0,0,0
2026-02-05_csu_bakersfield_uc_irvine,CSU Bakersfield,01,"Finley, Zalissa",False,7,0,0,,0,0,,0,2,0.0,4,0,4,0,0,1,0,0,0
2026-02-05_csu_bakersfield_uc_irvine,CSU Bakersfield,TM,TEAM,False,0,0,0,,0,0,,0,0,,0,2,2,0,0,0,0,0,0
2026-02-05_long_beach_st_uc_san_diego,UC San Diego,11,"Condron, Erin",True,38,9,15,0.6,0,0,,14,16,0.875,7,6,13,3,0,4,2,1,32
2026-02-05_long_beach_st_uc_san_diego,UC San Diego,10,"Maxie, Dymonique",True,30,3,8,0.375,1,2,0.5,3,4,0.75,0,3,3,2,3,4,0,1,10
2026-02-05_long_beach_st_uc_san_diego,UC San Diego,4,"Rose, Makayla",True,40,2,10,0.2,0,1,0.0,5,6,0.833,2,5,7,1,4,0,0,3,9
2026-02-05_long_beach_st_uc_san_diego,UC San Diego,15,"Ma, Sabrina",True,40,1,6,0.167,0,4,0.0,4,4,1.0,0,4,4,2,4,2,0,3,6
2026-02-05_long_beach_st_uc_san_diego,UC San Diego,12,"Smith, Rosa",True,29,0,6,0.0,0,4,0.0,3,4,0.75,0,5,5,1,2,1,0,0,3
2026-02-05_long_beach_st_uc_san_diego,UC San Diego,13,"Feiman, Lev",False,14,2,3,0.667,0,0,,0,0,,0,0,0,3,0,1,0,1,4
2026-02-05_long_beach_st_uc_san_diego,UC San Diego,21,"Polocheck, Nicki",False,7,0,2,0.0,0,1,0.0,0,0,,0,1,1,0,0,1,1,1,0
2026-02-05_long_beach_st_uc_san_diego,UC San Diego,30,"Sule, Damilola",False,2,0,1,0.0,0,0,,0,0,,0,1,1,1,1,0,1,0,0
2026-02-05_long_beach_st_uc_san_diego,UC San Diego,TM,TEAM,False,0,0,0,,0,0,,0,0,,1,1,2,0,0,0,0,0,0
2026-02-05_long_beach_st_uc_san_diego,Long Beach St.,13,"Pepe, Khylee",True,24,5,12,0.417,0,2,0.0,3,4,0.75,0,5,5,3,1,2,0,1,13
2026-02-05_long_beach_st_uc_san_diego,Long Beach St.,30,"Jones-brown, Jaquoia",True,40,6,12,0.5,0,1,0.0,0,1,0.0,2,3,5,3,3,5,0,0,12
2026-02-05_long_beach_st_uc_san_diego,Long Beach St.,2,"Akot, Rosie",True,16,3,9,0.333,0,2,0.0,1,3,0.333,1,2,3,5,1,4,0,1,7
2026-02-05_long_beach_st_uc_san_diego,Long Beach St.,5,"Ka, Kennan",True,32,1,3,0.333,1,3,0.333,0,0,,1,2,3,5,4,3,1,0,3
2026-02-05_long_beach_st_uc_san_diego,Long Beach St.,25,"Mack, Morgan",True,31,0,8,0.0,0,5,0.0,0,0,,2,5,7,4,2,1,0,2,0
2026-02-05_long_beach_st_uc_san_diego,Long Beach St.,32,"Pukis, Brynna",False,32,5,9,0.556,4,6,0.667,0,0,,1,1,2,5,3,3,0,1,14
2026-02-05_long_beach_st_uc_san_diego,Long Beach St.,3,"Samuel-afolabi, Tairat",False,9,2,3,0.667,0,1,0.0,0,0,,1,0,1,2,0,1,0,0,4
2026-02-05_long_beach_st_uc_san_diego,Long Beach St.,33,"Wright, Haley",False,15,0,1,0.0,0,1,0.0,0,2,0.0,1,4,5,1,0,1,0,0,0
2026-02-05_long_beach_st_uc_san_diego,Long Beach St.,10,"Reynoso, Christy",False,1,0,1,0.0,0,1,0.0,0,0,,0,0,0,0,0,0,0,0,0
2026-02-05_long_beach_st_uc_san_diego,Long Beach St.,TM,TEAM,False,0,0,0,,0,0,,0,0,,2,3,5,0,0,1,0,0,0
2026-02-05_csun_cal_poly,Cal Poly,32,"Thompson, Charish",True,38,5,18,0.278,0,0,,8,8,1.0,5,2,7,3,2,7,1,3,18
2026-02-05_csun_cal_poly,Cal Poly,21,"Vail, Dulci",True,31,5,9,0.556,0,2,0.0,2,2,1.0,0,5,5,4,0,3,0,1,12
2026-02-05_csun_cal_poly,Cal Poly,00,"McManus, Vanessa",True,38,4,15,0.267,1,7,0.143,2,2,1.0,0,5,5,3,3,5,0,1,11
2026-02-05_csun_cal_poly,Cal Poly,7,"Billing, Jordan",True,10,1,1,1.0,1,1,1.0,0,0,,0,2,2,2,0,1,0,2,3
2026-02-05_csun_cal_poly,Cal Poly,22,"Goosby, Alana",True,37,1,2,0.5,0,0,,0,0,,2,4,6,1,4,9,0,1,2
2026-02-05_csun_cal_poly,Cal Poly,1,"Garcia, Arissa",False,30,1,2,0.5,0,1,0.0,0,0,,1,3,4,4,3,6,0,2,2
2026-02-05_csun_cal_poly,Cal Poly,9,"Perez, Nora",False,11,1,2,0.5,0,1,0.0,0,0,,0,1,1,1,0,1,0,0,2
2026-02-05_csun_cal_poly,Cal Poly,8,"Peiffer, Katie",False,5,0,2,0.0,0,2,0.0,0,2,0.0,0,0,0,2,0,0,1,0,0
2026-02-05_csun_cal_poly,Cal Poly,25,"Sharvit, Maya",False,0,0,0,,0,0,,0,0,,0,0,0,0,0,0,0,0,0
2026-02-05_csun_cal_poly,Cal Poly,TM,TEAM,False,0,0,0,,0,0,,0,0,,4,4,8,0,0,0,0,0,0
2026-02-05_csun_cal_poly,CSUN,00,"Gbemuotor, Jite",True,35,6,12,0.5,0,0,,3,6,0.5,5,11,16,3,1,1,2,3,15
2026-02-05_csun_cal_poly,CSUN,4,"Edwards, Morgan",True,29,5,13,0.385,1,5,0.2,3,4,0.75,1,1,2,2,0,4,0,3,14
2026-02-05_csun_cal_poly,CSUN,24,"Cos-morales, Mariona",True,36,5,10,0.5,1,4,0.25,1,1,1.0,4,1,5,1,7,2,0,4,12
2026-02-05_csun_cal_poly,CSUN,12,"Aspajo, Erika",True,38,2,4,0.5,1,3,0.333,3,4,0.75,1,3,4,3,4,8,0,6,8
2026-02-05_csun_cal_poly,CSUN,33,"Nazário, Rita",True,13,1,6,0.167,1,5,0.2,0,0,,0,1,1,1,0,3,0,1,3
2026-02-05_csun_cal_poly,CSUN,2,"White, Saray",False,26,5,10,0.5,0,4,0.0,3,6,0.5,2,3,5,4,0,1,1,2,13
2026-02-05_csun_cal_poly,CSUN,22,"Dahlin, Laini",False,9,0,1,0.0,0,0,,0,0,,0,2,2,0,0,0,0,1,0
2026-02-05_csun_cal_poly,CSUN,10,"Lizama, Alondra",False,8,0,1,0.0,0,0,,0,0,,1,0,1,1,0,1,0,0,0
2026-02-05_csun_cal_poly,CSUN,1,"Moody, Amya",False,2,0,3,0.0,0,1,0.0,0,0,,0,0,0,0,0,1,0,0,0
2026-02-05_csun_cal_poly,CSUN,21,"Canadell, Jana",False,2,0,1,0.0,0,1,0.0,0,0,,0,0,0,0,0,0,0,0,0
2026-02-05_csun_cal_poly,CSUN,34,"Bernard, Nadia",False,2,0,0,,0,0,,0,0,,0,0,0,1,0,1,0,0,0
2026-02-05_csun_cal_poly,CSUN,TM,TEAM,False,0,0,0,,0,0,,0,0,,1,0,1,0,0,2,0,0,0
2026-02-05_uc_riverside_cal_st_fullerton,Cal St. Fullerton,55,"Jones, Cristina",True,44,10,17,0.588,0,0,,4,14,0.286,9,10,19,4,2,4,1,8,24
2026-02-05_uc_riverside_cal_st_fullerton,Cal St. Fullerton,3,"Tauro, Maddy",True,37,9,18,0.5,0,1,0.0,4,7,0.571,1,4,5,3,4,6,0,5,22
2026-02-05_uc_riverside_cal_st_fullerton,Cal St. Fullerton,23,"Maxwell, Talia",True,28,4,8,0.5,0,0,,2,2,1.0,1,2,3,1,0,2,0,1,10
2026-02-05_uc_riverside_cal_st_fullerton,Cal St. Fullerton,33,"Pearson, Kya",True,28,4,8,0.5,0,0,,1,2,0.5,1,2,3,2,2,4,0,1,9
2026-02-05_uc_riverside_cal_st_fullerton,Cal St. Fullerton,10,"Swindle, Dylan",True,24,1,4,0.25,1,1,1.0,0,0,,0,3,3,1,5,3,0,2,3
2026-02-05_uc_riverside_cal_st_fullerton,Cal St. Fullerton,4,"Falsdottir, Jana",False,38,4,8,0.5,2,3,0.667,2,2,1.0,1,1,2,2,3,1,0,2,12
2026-02-05_uc_riverside_cal_st_fullerton,Cal St. Fullerton,22,"Muniz, Madelynn",False,19,1,3,0.333,0,1,0.0,0,0,,1,1,2,2,1,1,0,2,2
2026-02-05_uc_riverside_cal_st_fullerton,Cal St. Fullerton,5,"Sutisna, Maxine",False,5,0,1,0.0,0,0,,0,0,,0,0,0,2,1,0,0,0,0
2026-02-05_uc_riverside_cal_st_fullerton,Cal St. Fullerton,00,"Moon, Mimi",False,2,0,3,0.0,0,0,,0,0,,0,0,0,1,0,0,0,0,0
2026-02-05_uc_riverside_cal_st_fullerton,Cal St. Fullerton,TM,TEAM,False,0,0,0,,0,0,,0,0,,6,3,9,0,0,0,0,0,0
2026-02-05_uc_riverside_cal_st_fullerton,UC Riverside,7,"Wickstrom, Hannah",True,40,14,25,0.56,2,8,0.25,5,5,1.0,1,5,6,4,4,5,0,6,35
2026-02-05_uc_riverside_cal_st_fullerton,UC Riverside,1,"Polk, Kaylani",True,39,4,7,0.571,2,3,0.667,2,2,1.0,0,1,1,3,9,10,2,2,12
2026-02-05_uc_riverside_cal_st_fullerton,UC Riverside,2,"Hackley, Seneca",True,35,2,7,0.286,2,4,0.5,3,4,0.75,1,4,5,1,4,2,1,4,9
2026-02-05_uc_riverside_cal_st_fullerton,UC Riverside,41,"Shine, Bria",True,34,4,6,0.667,0,0,,0,1,0.0,3,3,6,2,3,0,0,2,8
2026-02-05_uc_riverside_cal_st_fullerton,UC Riverside,22,"Swanson, Taylor",True,14,1,4,0.25,0,1,0.0,2,2,1.0,0,1,1,4,0,4,0,0,4
2026-02-05_uc_riverside_cal_st_fullerton,UC Riverside,9,"Chocano, Maya",False,37,2,10,0.2,0,4,0.0,1,2,0.5,2,4,6,4,1,4,0,1,5
2026-02-05_uc_riverside_cal_st_fullerton,UC Riverside,10,"Minshall, Makayla",False,17,2,5,0.4,1,2,0.5,0,0,,0,0,0,3,2,1,0,0,5
2026-02-05_uc_riverside_cal_st_fullerton,UC Riverside,23,"Mejia, Maria",False,6,0,0,,0,0,,0,0,,1,0,1,0,0,1,0,0,0
2026-02-05_uc_riverside_cal_st_fullerton,UC Riverside,32,"Moreno Tallon, Lucia",False,3,0,0,,0,0,,0,0,,0,0,0,1,0,0,0,0,0
2026-02-05_uc_riverside_cal_st_fullerton,UC Riverside,TM,TEAM,False,0,0,0,,0,0,,0,0,,1,4,5,0,0,1,0,0,0
2026-02-07_cal_poly_uc_davis,UC Davis,2,"Bennett, Ryann",True,39,7,14,0.5,2,5,0.4,4,6,0.667,0,4,4,3,4,2,0,2,20
2026-02-07_cal_poly_uc_davis,UC Davis,9,"Sussex, Avery",True,35,3,8,0.375,3,7,0.429,0,2,0.0,0,1,1,1,5,3,0,1,9
2026-02-07_cal_poly_uc_davis,UC Davis,4,"Epps, Nya",True,31,2,12,0.167,1,8,0.125,4,4,1.0,0,2,2,3,0,5,0,0,9
2026-02-07_cal_poly_uc_davis,UC Davis,25,"Norris, Megan",True,38,3,9,0.333,1,4,0.25,1,2,0.5,4,11,15,3,1,1,1,0,8
2026-02-07_cal_poly_uc_davis,UC Davis,10,"Young, Tegan",True,30,1,6,0.167,1,5,0.2,2,2,1.0,0,3,3,2,2,0,1,0,5
2026-02-07_cal_poly_uc_davis,UC Davis,23,"Baker, Victoria",False,15,2,3,0.667,1,1,1.0,0,0,,0,1,1,2,0,1,0,0,5
2026-02-07_cal_poly_uc_davis,UC Davis,15,"Lentfer, Sophie",False,9,1,1,1.0,1,1,1.0,0,0,,0,1,1,0,1,0,0,1,3
2026-02-07_cal_poly_uc_davis,UC Davis,11,"Ersdala, Emmy",False,2,0,0,,0,0,,0,0,,0,0,0,1,0,1,0,0,0
2026-02-07_cal_poly_uc_davis,UC Davis,21,"Tsami, Theoni",False,1,0,0,,0,0,,0,0,,0,0,0,1,0,1,0,0,0
2026-02-07_cal_poly_uc_davis,UC Davis,TM,TEAM,False,0,0,0,,0,0,,0,0,,2,2,4,0,0,0,0,0,0
2026-02-07_cal_poly_uc_davis,Cal Poly,32,"Thompson, Charish",True,32,8,15,0.533,0,0,,4,4,1.0,5,3,8,3,1,2,0,0,20
2026-02-07_cal_poly_uc_davis,Cal Poly,22,"Goosby, Alana",True,34,3,7,0.429,0,2,0.0,2,4,0.5,0,4,4,2,4,4,0,0,8
2026-02-07_cal_poly_uc_davis,Cal Poly,21,"Vail, Dulci",True,23,3,4,0.75,1,1,1.0,0,0,,0,4,4,4,0,3,0,0,7
2026-02-07_cal_poly_uc_davis,Cal Poly,00,"McManus, Vanessa",True,35,2,11,0.182,1,6,0.167,0,0,,0,5,5,4,2,1,0,0,5
2026-02-07_cal_poly_uc_davis,Cal Poly,7,"Billing, Jordan",True,10,1,1,1.0,1,1,1.0,0,0,,0,0,0,3,0,1,0,0,3
2026-02-07_cal_poly_uc_davis,Cal Poly,1,"Garcia, Arissa",False,33,2,9,0.222,0,2,0.0,3,4,0.75,0,5,5,1,1,0,1,4,7
2026-02-07_cal_poly_uc_davis,Cal Poly,11,"Knapp, Avery",False,20,2,4,0.5,1,2,0.5,0,0,,5,2,7,0,0,3,1,0,5
2026-02-07_cal_poly_uc_davis,Cal Poly,8,"Peiffer, Katie",False,8,0,2,0.0,0,1,0.0,0,0,,0,2,2,1,0,0,0,0,0
2026-02-07_cal_poly_uc_davis,Cal Poly,9,"Perez, Nora",False,5,0,3,0.0,0,0,,0,2,0.0,1,0,1,0,0,0,0,0,0
2026-02-07_cal_poly_uc_davis,Cal Poly,TM,TEAM,False,0,0,0,,0,0,,0,0,,0,5,5,0,0,0,0,0,0
2026-02-07_uc_san_diego_hawaii,Hawaii,03,"Flavell, Bailey",True,31,7,15,0.467,2,7,0.286,2,3,0.667,2,1,3,0,2,3,0,0,18
2026-02-07_uc_san_diego_hawaii,Hawaii,33,"Neverson, Saniyah",True,26,4,8,0.5,1,3,0.333,0,0,,0,8,8,1,3,4,2,0,9
2026-02-07_uc_san_diego_hawaii,Hawaii,22,"Peacock, Jade",True,16,2,3,0.667,1,1,1.0,1,1,1.0,1,1,2,1,0,0,0,0,6
2026-02-07_uc_san_diego_hawaii,Hawaii,11,"Curtis, Keiara",True,29,2,7,0.286,0,3,0.0,0,0,,0,3,3,0,1,3,0,0,4
2026-02-07_uc_san_diego_hawaii,Hawaii,12,"Perez, Imani",True,31,0,2,0.0,0,0,,0,0,,1,7,8,1,2,0,3,3,0
2026-02-07_uc_san_diego_hawaii,Hawaii,24,"Tamilo, Ritorya",False,18,2,5,0.4,1,3,0.333,0,0,,1,3,4,1,0,1,3,0,5
2026-02-07_uc_san_diego_hawaii,Hawaii,02,"Bond, Teyahna",False,12,1,5,0.2,0,2,0.0,0,2,0.0,0,0,0,2,0,3,0,0,2
2026-02-07_uc_san_diego_hawaii,Hawaii,00,"Lefotu, Jovi",False,10,1,2,0.5,0,0,,0,0,,0,4,4,4,1,3,0,0,2
2026-02-07_uc_san_diego_hawaii,Hawaii,06,"Webb, Kyra",False,19,0,2,0.0,0,0,,0,0,,1,2,3,0,2,0,1,1,0
2026-02-07_uc_san_diego_hawaii,Hawaii,20,"Forsyth, Izzy",False,6,0,0,,0,0,,0,0,,0,0,0,1,0,0,0,0,0
2026-02-07_uc_san_diego_hawaii,Hawaii,08,"Moors, Rebecca",False,2,0,1,0.0,0,1,0.0,0,0,,0,1,1,0,0,0,0,0,0
2026-02-07_uc_san_diego_hawaii,Hawaii,TM,TEAM,False,0,0,0,,0,0,,0,0,,1,0,1,0,0,2,0,0,0
2026-02-07_uc_san_diego_hawaii,UC San Diego,04,"Rose, Makayla",True,40,10,16,0.625,3,3,1.0,5,9,0.556,1,1,2,0,2,1,0,9,28
2026-02-07_uc_san_diego_hawaii,UC San Diego,11,"Condron, Erin",True,40,5,13,0.385,0,0,,2,2,1.0,1,4,5,0,0,2,3,2,12
2026-02-07_uc_san_diego_hawaii,UC San Diego,12,"Smith, Rosa",True,32,3,8,0.375,2,5,0.4,2,2,1.0,0,4,4,2,2,2,0,0,10
2026-02-07_uc_san_diego_hawaii,UC San Diego,10,"Maxie, Dymonique",True,38,2,6,0.333,1,3,0.333,0,0,,1,4,5,2,6,2,0,0,5
2026-02-07_uc_san_diego_hawaii,UC San Diego,15,"Ma, Sabrina",True,29,2,7,0.286,0,4,0.0,0,0,,1,5,6,3,2,1,0,0,4
2026-02-07_uc_san_diego_hawaii,UC San Diego,21,"Polocheck, Nicki",False,11,0,1,0.0,0,0,,0,0,,0,1,1,0,0,0,0,0,0
2026-02-07_uc_san_diego_hawaii,UC San Diego,13,"Feiman, Lev",False,10,0,3,0.0,0,0,,0,0,,0,2,2,0,0,0,0,0,0
2026-02-07_uc_san_diego_hawaii,UC San Diego,24,"Price, Niya",False,,0,0,,0,0,,0,0,,0,0,0,0,0,0,0,0,0
2026-02-07_uc_san_diego_hawaii,UC San Diego,30,"Sule, Damilola",False,,0,0,,0,0,,0,0,,0,0,0,0,0,0,0,0,0
2026-02-07_uc_san_diego_hawaii,UC San Diego,TM,TEAM,False,0,0,0,,0,0,,0,0,,0,3,3,0,0,0,0,0,0
2026-02-07_uc_irvine_uc_santa_barbara,UC Santa Barbara,4,"Puente-valverde, Júlia",True,26,4,7,0.571,0,0,,1,2,0.5,2,8,10,3,0,2,0,1,9
2026-02-07_uc_irvine_uc_santa_barbara,UC Santa Barbara,23,"Shaw, Zoe",True,34,2,8,0.25,2,6,0.333,1,2,0.5,1,3,4,1,2,2,0,1,7
2026-02-07_uc_irvine_uc_santa_barbara,UC Santa Barbara,12,"Naro, Madison",True,30,2,8,0.25,1,5,0.2,0,0,,0,5,5,3,3,1,0,0,5
2026-02-07_uc_irvine_uc_santa_barbara,UC Santa Barbara,2,"Borter, Zoe",True,32,2,9,0.222,0,5,0.0,0,0,,0,2,2,2,1,0,0,1,4
2026-02-07_uc_irvine_uc_santa_barbara,UC Santa Barbara,5,"Bradley, Olivia",True,19,1,7,0.143,0,3,0.0,2,4,0.5,0,6,6,0,0,3,1,1,4
2026-02-07_uc_irvine_uc_santa_barbara,UC Santa Barbara,32,"Grant, Jessica",False,18,2,6,0.333,2,5,0.4,0,0,,0,1,1,3,0,1,0,0,6
2026-02-07_uc_irvine_uc_santa_barbara,UC Santa Barbara,55,"Burke, Skylar",False,12,1,2,0.5,0,1,0.0,2,2,1.0,1,1,2,1,2,1,0,0,4
2026-02-07_uc_irvine_uc_santa_barbara,UC Santa Barbara,15,"Andersen, Chauncey",False,29,1,6,0.167,0,0,,0,1,0.0,0,3,3,2,2,2,0,0,2
2026-02-07_uc_irvine_uc_santa_barbara,UC Santa Barbara,TM,TEAM,False,0,0,0,,0,0,,0,0,,0,3,3,0,0,1,0,0,0
2026-02-07_uc_irvine_uc_santa_barbara,UC Irvine,20,"Hernandez, Hunter",True,35,6,19,0.316,0,3,0.0,3,5,0.6,2,8,10,0,1,2,0,1,15
2026-02-07_uc_irvine_uc_santa_barbara,UC Irvine,14,"Hanson, Summah",True,29,5,14,0.357,2,8,0.25,0,0,,3,10,13,2,0,0,1,1,12
2026-02-07_uc_irvine_uc_santa_barbara,UC Irvine,12,"Nahum, Shirel",True,29,5,13,0.385,2,9,0.222,0,0,,1,2,3,2,3,0,0,3,12
2026-02-07_uc_irvine_uc_santa_barbara,UC Irvine,23,"Wynn, Jada",True,37,2,9,0.222,1,4,0.25,4,4,1.0,2,6,8,2,3,2,0,1,9
2026-02-07_uc_irvine_uc_santa_barbara,UC Irvine,10,"Madsen, Lauryn",True,32,0,3,0.0,0,3,0.0,0,0,,2,1,3,2,2,0,0,1,0
2026-02-07_uc_irvine_uc_santa_barbara,UC Irvine,24,"Zonzon-huyghe, Naomy",False,12,2,2,1.0,2,2,1.0,2,2,1.0,1,1,2,1,1,1,0,0,8
2026-02-07_uc_irvine_uc_santa_barbara,UC Irvine,9,"Falcon Hernandez, Daniela",False,4,1,2,0.5,1,1,1.0,0,0,,0,2,2,2,1,0,0,0,3
2026-02-07_uc_irvine_uc_santa_barbara,UC Irvine,1,"Grant, Ameerah",False,13,1,2,0.5,0,0,,0,0,,0,2,2,2,0,0,0,0,2
2026-02-07_uc_irvine_uc_santa_barbara,UC Irvine,13,"Stores, Nohe'alani",False,7,1,2,0.5,0,0,,0,0,,0,3,3,2,0,2,0,0,2
2026-02-07_uc_irvine_uc_santa_barbara,UC Irvine,2,"Hernandez, Haley",False,1,0,0,,0,0,,0,0,,0,0,0,0,0,0,0,0,0
2026-02-07_uc_irvine_uc_santa_barbara,UC Irvine,22,"Noa, Reese",False,1,0,0,,0,0,,0,0,,0,0,0,0,1,0,0,0,0
2026-02-07_uc_irvine_uc_santa_barbara,UC Irvine,TM,TEAM,False,0,0,0,,0,0,,0,0,,0,2,2,0,0,0,0,0,0
2026-02-07_uc_riverside_csun,CSUN,00,"Gbemuotor, Jite",True,34,6,12,0.5,1,2,0.5,0,2,0.0,4,9,13,2,0,0,3,1,13
2026-02-07_uc_riverside_csun,CSUN,2,"White, Saray",True,38,3,10,0.3,1,3,0.333,4,4,1.0,1,5,6,3,0,2,2,3,11
2026-02-07_uc_riverside_csun,CSUN,24,"Cos-morales, Mariona",True,32,3,8,0.375,0,3,0.0,0,0,,3,4,7,2,2,4,0,1,6
2026-02-07_uc_riverside_csun,CSUN,12,"Aspajo, Erika",True,28,2,7,0.286,0,2,0.0,1,2,0.5,2,3,5,5,7,4,0,2,5
2026-02-07_uc_riverside_csun,CSUN,4,"Edwards, Morgan",True,14,1,4,0.25,0,3,0.0,1,2,0.5,0,1,1,2,0,0,0,0,3
2026-02-07_uc_riverside_csun,CSUN,33,"Nazario, Rita",False,21,5,8,0.625,4,6,0.667,2,4,0.5,0,2,2,0,1,3,0,2,16
2026-02-07_uc_riverside_csun,CSUN,1,"Moody, Amya",False,19,2,7,0.286,0,3,0.0,0,0,,0,0,0,2,0,0,0,1,4
2026-02-07_uc_riverside_csun,CSUN,10,"Lizama, Alondra",False,7,0,2,0.0,0,0,,0,2,0.0,0,1,1,0,0,0,0,0,0
2026-02-07_uc_riverside_csun,CSUN,22,"Dahlin, Laini",False,7,0,3,0.0,0,3,0.0,0,0,,1,1,2,1,2,1,0,0,0
2026-02-07_uc_riverside_csun,CSUN,21,"Canadell, Jana",False,0,0,0,,0,0,,0,0,,0,0,0,0,0,0,0,0,0
2026-02-07_uc_riverside_csun,CSUN,TM,TEAM,False,0,0,0,,0,0,,0,0,,2,2,4,0,0,0,0,0,0
2026-02-07_uc_riverside_csun,UC Riverside,7,"Wickstrom, Hannah",True,37,6,14,0.429,3,4,0.75,8,8,1.0,2,8,10,1,1,3,0,2,23
2026-02-07_uc_riverside_csun,UC Riverside,2,"Hackley, Seneca",True,30,5,11,0.455,3,5,0.6,2,4,0.5,2,4,6,2,4,2,1,0,15
2026-02-07_uc_riverside_csun,UC Riverside,1,"Polk, Kaylani",True,34,2,8,0.25,1,4,0.25,0,0,,0,5,5,3,5,2,0,3,5
2026-02-07_uc_riverside_csun,UC Riverside,22,"Swanson, Taylor",True,15,0,3,0.0,0,1,0.0,1,2,0.5,0,3,3,2,0,2,1,2,1
2026-02-07_uc_riverside_csun,UC Riverside,41,"Shine, Bria",True,29,0,7,0.0,0,1,0.0,0,2,0.0,5,2,7,2,2,0,2,0,0
2026-02-07_uc_riverside_csun,UC Riverside,9,"Chocano, Maya",False,24,2,8,0.25,0,5,0.0,0,0,,0,4,4,1,0,1,0,0,4
2026-02-07_uc_riverside_csun,UC Riverside,30,"Sylla, Dieynaba",False,8,2,2,1.0,0,0,,0,0,,0,1,1,1,0,0,0,0,4
2026-02-07_uc_riverside_csun,UC Riverside,23,"Mejia, Maria",False,7,0,2,0.0,0,1,0.0,1,2,0.5,0,0,0,1,0,3,0,0,1
2026-02-07_uc_riverside_csun,UC Riverside,10,"Minshall, Makayla",False,13,0,1,0.0,0,1,0.0,0,0,,0,3,3,3,2,0,0,0,0
2026-02-07_uc_riverside_csun,UC Riverside,32,"Moreno Tallon, Lucia",False,3,0,0,,0,0,,0,0,,0,0,0,1,0,0,0,0,0
2026-02-07_uc_riverside_csun,UC Riverside,TM,TEAM,False,0,0,0,,0,0,,0,0,,3,0,3,0,0,2,0,0,0
2026-02-07_csu_bakersfield_cal_st_fullerton,Cal St. Fullerton,55,"Jones, Cristina",True,50,11,18,0.611,0,0,,13,21,0.619,7,13,20,4,1,4,0,3,35
2026-02-07_csu_bakersfield_cal_st_fullerton,Cal St. Fullerton,23,"Maxwell, Talia",True,46,5,11,0.455,0,0,,7,9,0.778,2,8,10,4,0,0,2,3,17
2026-02-07_csu_bakersfield_cal_st_fullerton,Cal St. Fullerton,03,"Tauro, Maddy",True,21,6,17,0.353,0,2,0.0,1,2,0.5,1,2,3,5,0,2,0,1,13
2026-02-07_csu_bakersfield_cal_st_fullerton,Cal St. Fullerton,10,"Swindle, Dylan",True,41,1,8,0.125,1,4,0.25,9,10,0.9,0,1,1,4,3,3,0,2,12
2026-02-07_csu_bakersfield_cal_st_fullerton,Cal St. Fullerton,33,"Pearson, Kya",True,22,2,3,0.667,0,0,,1,1,1.0,0,2,2,5,4,2,1,0,5
2026-02-07_csu_bakersfield_cal_st_fullerton,Cal St. Fullerton,04,"Falsdottir, Jana",False,37,2,8,0.25,1,6,0.167,2,4,0.5,2,0,2,3,2,2,0,0,7
2026-02-07_csu_bakersfield_cal_st_fullerton,Cal St. Fullerton,01,"Moon, Mimi",False,7,1,3,0.333,0,1,0.0,1,1,1.0,0,0,0,0,0,1,0,0,3
2026-02-07_csu_bakersfield_cal_st_fullerton,Cal St. Fullerton,22,"Muniz, Madelynn",False,24,0,0,,0,0,,0,0,,2,1,3,4,0,0,0,0,0
2026-02-07_csu_bakersfield_cal_st_fullerton,Cal St. Fullerton,05,"Sutisna, Maxine",False,2,0,0,,0,0,,0,0,,0,0,0,0,0,1,0,0,0
2026-02-07_csu_bakersfield_cal_st_fullerton,Cal St. Fullerton,TM,TEAM,False,0,0,0,,0,0,,0,0,,3,3,6,0,0,0,0,0,0
2026-02-07_csu_bakersfield_cal_st_fullerton,CSU Bakersfield,12,"Coleman , Chrishawn",True,37,5,15,0.333,1,6,0.167,11,14,0.786,0,4,4,5,3,4,0,3,22
2026-02-07_csu_bakersfield_cal_st_fullerton,CSU Bakersfield,11,"Dias, Maria",True,38,8,21,0.381,2,8,0.25,0,0,,2,1,3,2,2,1,0,1,18
2026-02-07_csu_bakersfield_cal_st_fullerton,CSU Bakersfield,08,"Langi, Marley",True,38,5,12,0.417,2,6,0.333,2,2,1.0,0,3,3,5,0,2,0,2,14
2026-02-07_csu_bakersfield_cal_st_fullerton,CSU Bakersfield,02,"Carter, Aliyah",True,42,5,8,0.625,0,0,,2,4,0.5,2,7,9,5,2,5,0,1,12
2026-02-07_csu_bakersfield_cal_st_fullerton,CSU Bakersfield,24,"Ikidi, Tena",True,27,6,8,0.75,0,0,,0,0,,3,6,9,5,1,1,0,2,12
2026-02-07_csu_bakersfield_cal_st_fullerton,CSU Bakersfield,55,"Puletasi, Adrienne",False,23,1,2,0.5,0,0,,2,4,0.5,2,2,4,3,1,0,0,0,4
2026-02-07_csu_bakersfield_cal_st_fullerton,CSU Bakersfield,04,"Powell, Ophelia",False,12,1,2,0.5,0,0,,1,3,0.333,0,0,0,5,1,3,1,0,3
2026-02-07_csu_bakersfield_cal_st_fullerton,CSU Bakersfield,22,"Kincade, Dae’Jaidence",False,27,1,3,0.333,0,0,,0,0,,1,1,2,4,1,0,0,0,2
2026-02-07_csu_bakersfield_cal_st_fullerton,CSU Bakersfield,07,"Gallatly, Jaime",False,3,0,1,0.0,0,1,0.0,0,0,,0,1,1,1,0,0,0,0,0
2026-02-07_csu_bakersfield_cal_st_fullerton,CSU Bakersfield,30,"Dioli, Alli",False,3,0,0,,0,0,,0,0,,0,0,0,1,0,0,0,0,0
2026-02-07_csu_bakersfield_cal_st_fullerton,CSU Bakersfield,TM,TEAM,False,0,0,0,,0,0,,0,0,,3,4,7,0,0,0,0,0,0
2026-02-12_uc_davis_uc_san_diego,UC San Diego,11,"Condron, Erin",True,54,11,20,0.55,0,0,,0,0,,1,10,11,1,0,1,1,0,22
2026-02-12_uc_davis_uc_san_diego,UC San Diego,04,"Rose, Makayla",True,54,6,17,0.353,0,1,0.0,4,6,0.667,1,7,8,2,0,3,0,6,16
2026-02-12_uc_davis_uc_san_diego,UC San Diego,15,"Ma, Sabrina",True,38,5,14,0.357,4,11,0.364,2,2,1.0,0,6,6,2,0,2,1,3,16
2026-02-12_uc_davis_uc_san_diego,UC San Diego,10,"Maxie, Dymonique",True,51,4,7,0.571,0,1,0.0,3,6,0.5,0,3,3,4,5,1,0,1,11
2026-02-12_uc_davis_uc_san_diego,UC San Diego,12,"Smith, Rosa",True,48,2,11,0.182,1,8,0.125,2,2,1.0,1,1,2,5,2,2,1,0,7
2026-02-12_uc_davis_uc_san_diego,UC San Diego,13,"Feiman, Lev",False,7,2,2,1.0,0,0,,0,0,,1,0,1,1,0,0,0,1,4
2026-02-12_uc_davis_uc_san_diego,UC San Diego,02,"Fairwell, Michaela",False,5,0,0,,0,0,,2,2,1.0,0,0,0,0,0,0,0,1,2
2026-02-12_uc_davis_uc_san_diego,UC San Diego,30,"Sule, Damilola",False,1,1,1,1.0,0,0,,0,0,,1,0,1,2,0,1,0,0,2
2026-02-12_uc_davis_uc_san_diego,UC San Diego,21,"Polocheck, Nicki",False,17,0,2,0.0,0,2,0.0,0,0,,0,6,6,2,0,1,0,1,0
2026-02-12_uc_davis_uc_san_diego,UC San Diego,TM,TEAM,False,0,0,0,,0,0,,0,0,,2,2,4,0,0,0,0,0,0
2026-02-12_uc_davis_uc_san_diego,UC Davis,04,"Epps, Nya",True,54,5,20,0.25,4,9,0.444,9,12,0.75,1,7,8,3,1,4,1,1,23
2026-02-12_uc_davis_uc_san_diego,UC Davis,09,"Sussex, Avery",True,55,7,17,0.412,5,14,0.357,2,2,1.0,0,2,2,3,4,4,0,1,21
2026-02-12_uc_davis_uc_san_diego,UC Davis,25,"Norris, Megan",True,54,4,18,0.222,3,5,0.6,2,2,1.0,11,18,29,1,4,0,0,1,13
2026-02-12_uc_davis_uc_san_diego,UC Davis,02,"Bennett, Ryann",True,53,3,11,0.273,2,4,0.5,4,4,1.0,0,3,3,3,6,2,0,0,12
2026-02-12_uc_davis_uc_san_diego,UC Davis,10,"Young, Tegan",True,18,0,2,0.0,0,0,,0,0,,1,1,2,1,1,1,0,0,0
2026-02-12_uc_davis_uc_san_diego,UC Davis,23,"Baker, Victoria",False,35,8,11,0.727,2,4,0.5,1,3,0.333,2,1,3,5,1,3,1,3,19
2026-02-12_uc_davis_uc_san_diego,UC Davis,11,"Ersdala, Emmy",False,6,0,0,,0,0,,0,0,,1,1,2,0,0,1,0,1,0
2026-02-12_uc_davis_uc_san_diego,UC Davis,TM,TEAM,False,0,0,0,,0,0,,0,0,,1,4,5,0,0,1,0,0,0
2026-02-12_hawaii_csu_bakersfield,CSU Bakersfield,12,"Coleman, Chrishawn",True,33,4,12,0.333,2,5,0.4,6,8,0.75,1,2,3,4,3,3,1,0,16
2026-02-12_hawaii_csu_bakersfield,CSU Bakersfield,08,"Langi, Marley",True,30,5,14,0.357,3,7,0.429,3,3,1.0,0,1,1,1,1,3,0,1,16
2026-02-12_hawaii_csu_bakersfield,CSU Bakersfield,02,"Carter, Aliyah",True,37,2,11,0.182,0,3,0.0,3,4,0.75,3,5,8,3,1,2,0,3,7
2026-02-12_hawaii_csu_bakersfield,CSU Bakersfield,21,"Sutherland, Tianna",True,28,2,4,0.5,0,0,,0,0,,0,1,1,3,0,0,0,1,4
2026-02-12_hawaii_csu_bakersfield,CSU Bakersfield,24,"Ikidi, Tena",True,14,0,2,0.0,0,0,,0,0,,0,4,4,5,0,2,0,0,0
2026-02-12_hawaii_csu_bakersfield,CSU Bakersfield,11,"Dias, Maria",False,19,4,9,0.444,1,4,0.25,0,0,,0,0,0,1,0,1,0,0,9
2026-02-12_hawaii_csu_bakersfield,CSU Bakersfield,55,"Puletasi, Adrienne",False,19,0,2,0.0,0,0,,2,2,1.0,2,2,4,4,1,4,0,2,2
2026-02-12_hawaii_csu_bakersfield,CSU Bakersfield,22,"Kincade, Dae'Jaidence",False,18,0,0,,0,0,,0,0,,1,4,5,0,1,1,0,0,0
2026-02-12_hawaii_csu_bakersfield,CSU Bakersfield,04,"Powell, Ophelia",False,2,0,1,0.0,0,0,,0,0,,0,0,0,1,0,0,0,0,0
2026-02-12_hawaii_csu_bakersfield,CSU Bakersfield,01,"Finley, Zalissa",False,,0,0,,0,0,,0,0,,0,0,0,1,0,0,0,0,0
2026-02-12_hawaii_csu_bakersfield,CSU Bakersfield,TM,TEAM,False,0,0,0,,0,0,,0,0,,3,2,5,0,0,2,0,0,0
2026-02-12_hawaii_csu_bakersfield,Hawaii,33,"Neverson, Saniyah",True,24,4,6,0.667,0,1,0.0,5,6,0.833,0,4,4,4,2,4,1,3,13
2026-02-12_hawaii_csu_bakersfield,Hawaii,03,"Flavell, Bailey",True,35,4,12,0.333,1,3,0.333,3,4,0.75,0,3,3,2,1,3,0,0,12
2026-02-12_hawaii_csu_bakersfield,Hawaii,11,"Curtis, Keiara",True,30,1,8,0.125,0,3,0.0,8,9,0.889,1,2,3,3,1,2,0,1,10
2026-02-12_hawaii_csu_bakersfield,Hawaii,22,"Peacock, Jade",True,21,2,3,0.667,1,1,1.0,0,0,,0,1,1,0,1,1,2,0,5
2026-02-12_hawaii_csu_bakersfield,Hawaii,12,"Perez, Imani",True,29,0,2,0.0,0,2,0.0,0,0,,0,6,6,4,2,1,1,2,0
2026-02-12_hawaii_csu_bakersfield,Hawaii,24,"Tamilo, Ritorya",False,18,2,3,0.667,0,0,,9,10,0.9,2,4,6,3,0,1,3,0,13
2026-02-12_hawaii_csu_bakersfield,Hawaii,06,"Webb, Kyra",False,7,3,3,1.0,0,0,,0,0,,1,0,1,3,0,0,0,1,6
2026-02-12_hawaii_csu_bakersfield,Hawaii,08,"Moors, Rebecca",False,12,1,1,1.0,0,0,,0,0,,0,3,3,1,0,0,0,1,2
2026-02-12_hawaii_csu_bakersfield,Hawaii,02,"Bond, Teyahna",False,11,0,4,0.0,0,1,0.0,0,0,,0,3,3,0,0,3,0,0,0
2026-02-12_hawaii_csu_bakersfield,Hawaii,04,"Lefotu, Jovi",False,8,0,1,0.0,0,0,,0,0,,0,0,0,1,0,2,0,0,0
2026-02-12_hawaii_csu_bakersfield,Hawaii,20,"Forsyth, Izzy",False,5,0,1,0.0,0,1,0.0,0,0,,0,0,0,0,0,0,0,0,0
2026-02-12_hawaii_csu_bakersfield,Hawaii,TM,TEAM,False,0,0,0,,0,0,,0,0,,1,2,3,0,0,0,0,0,0
2026-02-12_uc_irvine_cal_poly,Cal Poly,32,"Thompson, Charish",True,29,6,16,0.375,0,0,,3,4,0.75,0,3,3,1,0,2,1,1,15
2026-02-12_uc_irvine_cal_poly,Cal Poly,00,"McManus, Vanessa",True,29,3,8,0.375,2,6,0.333,0,2,0.0,1,3,4,1,0,3,0,1,8
2026-02-12_uc_irvine_cal_poly,Cal Poly,22,"Goosby, Alana",True,29,1,6,0.167,0,2,0.0,0,0,,0,3,3,1,0,5,1,0,2
2026-02-12_uc_irvine_cal_poly,Cal Poly,21,"Vail, Dulci",True,16,0,1,0.0,0,0,,0,0,,0,2,2,1,0,3,0,1,0
2026-02-12_uc_irvine_cal_poly,Cal Poly,7,"Billing, Jordan",True,10,0,1,0.0,0,1,0.0,0,0,,0,0,0,3,0,0,0,1,0
2026-02-12_uc_irvine_cal_poly,Cal Poly,8,"Peiffer, Katie",False,13,2,4,0.5,1,3,0.333,2,2,1.0,1,3,4,0,0,0,1,0,7
2026-02-12_uc_irvine_cal_poly,Cal Poly,1,"Garcia, Arissa",False,26,2,5,0.4,0,2,0.0,0,0,,0,2,2,3,1,4,0,1,4
2026-02-12_uc_irvine_cal_poly,Cal Poly,9,"Perez, Nora",False,24,1,4,0.25,0,0,,0,0,,0,3,3,2,2,4,0,1,2
2026-02-12_uc_irvine_cal_poly,Cal Poly,11,"Knapp, Avery",False,11,0,2,0.0,0,0,,1,2,0.5,0,0,0,0,0,0,0,0,1
2026-02-12_uc_irvine_cal_poly,Cal Poly,23,"Moleon Hidalgo, Ana",False,7,0,1,0.0,0,0,,0,0,,1,1,2,0,1,0,0,0,0
2026-02-12_uc_irvine_cal_poly,Cal Poly,55,"Franklin, Vivian",False,6,0,1,0.0,0,0,,0,0,,0,0,0,2,0,0,0,0,0
2026-02-12_uc_irvine_cal_poly,Cal Poly,TM,TEAM,False,0,0,0,,0,0,,0,0,,3,2,5,0,0,0,0,0,0
2026-02-12_uc_irvine_cal_poly,UC Irvine,23,"Wynn, Jada",True,26,8,10,0.8,5,7,0.714,0,1,0.0,0,3,3,0,4,3,1,1,21
2026-02-12_uc_irvine_cal_poly,UC Irvine,12,"Nahum, Shirel",True,25,7,8,0.875,2,3,0.667,0,0,,1,1,2,1,5,1,0,2,16
2026-02-12_uc_irvine_cal_poly,UC Irvine,20,"Hernandez, Hunter",True,25,3,12,0.25,2,6,0.333,0,0,,1,4,5,1,6,2,1,2,8
2026-02-12_uc_irvine_cal_poly,UC Irvine,10,"Madsen, Lauryn",True,19,2,4,0.5,2,4,0.5,0,0,,1,2,3,0,1,0,2,3,6
2026-02-12_uc_irvine_cal_poly,UC Irvine,14,"Hanson, Summah",True,15,2,3,0.667,1,2,0.5,0,0,,0,4,4,0,1,2,0,1,5
2026-02-12_uc_irvine_cal_poly,UC Irvine,24,"Zonzon-huyghe, Naomy",False,22,4,12,0.333,0,3,0.0,3,4,0.75,7,5,12,0,1,0,0,0,11
2026-02-12_uc_irvine_cal_poly,UC Irvine,9,"Falcon Hernandez, Daniela",False,20,3,5,0.6,2,3,0.667,0,0,,1,2,3,2,1,1,0,0,8
2026-02-12_uc_irvine_cal_poly,UC Irvine,1,"Grant, Ameerah",False,19,1,6,0.167,0,3,0.0,4,5,0.8,1,3,4,1,2,0,0,2,6
2026-02-12_uc_irvine_cal_poly,UC Irvine,2,"Hernandez, Haley",False,11,1,3,0.333,0,0,,1,1,1.0,0,0,0,2,0,0,0,2,3
2026-02-12_uc_irvine_cal_poly,UC Irvine,22,"Noa, Reese",False,13,0,4,0.0,0,1,0.0,0,0,,4,4,8,2,0,1,0,0,0
2026-02-12_uc_irvine_cal_poly,UC Irvine,13,"Stores, Nohe'alani",False,5,0,1,0.0,0,0,,0,0,,0,1,1,0,0,0,0,0,0
2026-02-12_uc_irvine_cal_poly,UC Irvine,TM,TEAM,False,0,0,0,,0,0,,0,0,,1,1,2,0,0,1,0,0,0
2026-02-12_uc_santa_barbara_uc_riverside,UC Riverside,07,"Wickstrom, Hannah",True,39,10,17,0.588,5,8,0.625,2,3,0.667,1,12,13,3,5,3,0,1,27
2026-02-12_uc_santa_barbara_uc_riverside,UC Riverside,02,"Hackley, Seneca",True,36,6,14,0.429,2,5,0.4,6,8,0.75,0,0,0,2,2,0,1,0,20
2026-02-12_uc_santa_barbara_uc_riverside,UC Riverside,41,"Shine, Bria",True,34,4,6,0.667,0,0,,1,2,0.5,0,2,2,3,1,0,0,0,9
2026-02-12_uc_santa_barbara_uc_riverside,UC Riverside,01,"Polk, Kaylani",True,36,3,8,0.375,2,5,0.4,0,0,,1,1,2,2,6,1,0,2,8
2026-02-12_uc_santa_barbara_uc_riverside,UC Riverside,22,"Swanson, Taylor",True,26,0,5,0.0,0,2,0.0,2,4,0.5,2,6,8,4,0,2,0,1,2
2026-02-12_uc_santa_barbara_uc_riverside,UC Riverside,09,"Chocano, Maya",False,17,1,4,0.25,1,4,0.25,0,0,,0,3,3,3,0,1,1,0,3
2026-02-12_uc_santa_barbara_uc_riverside,UC Riverside,10,"Minshall, Makayla",False,5,0,1,0.0,0,1,0.0,0,0,,0,0,0,0,0,0,0,0,0
2026-02-12_uc_santa_barbara_uc_riverside,UC Riverside,23,"Mejia, Maria",False,4,0,2,0.0,0,2,0.0,0,0,,0,0,0,0,0,1,0,1,0
2026-02-12_uc_santa_barbara_uc_riverside,UC Riverside,32,"Moreno Tallon, Lucia",False,3,0,0,,0,0,,0,0,,0,1,1,0,0,0,0,0,0
2026-02-12_uc_santa_barbara_uc_riverside,UC Riverside,TM,TEAM,False,0,0,0,,0,0,,0,0,,3,2,5,0,0,1,0,0,0
2026-02-12_uc_santa_barbara_uc_riverside,UC Santa Barbara,02,"Borter, Zoe",True,40,6,13,0.462,3,5,0.6,5,6,0.833,0,3,3,0,4,0,0,1,20
2026-02-12_uc_santa_barbara_uc_riverside,UC Santa Barbara,12,"Naro, Maddie",True,39,4,7,0.571,0,1,0.0,0,1,0.0,0,5,5,5,3,2,0,0,8
2026-02-12_uc_santa_barbara_uc_riverside,UC Santa Barbara,55,"Burke, Skylar",True,21,2,3,0.667,0,0,,4,4,1.0,0,4,4,5,1,3,1,0,8
2026-02-12_uc_santa_barbara_uc_riverside,UC Santa Barbara,05,"Bradley, Olivia",True,33,2,7,0.286,0,1,0.0,2,4,0.5,1,3,4,2,2,2,1,0,6
2026-02-12_uc_santa_barbara_uc_riverside,UC Santa Barbara,23,"Shaw, Zoe",True,34,2,7,0.286,1,6,0.167,0,0,,0,0,0,1,2,3,0,0,5
2026-02-12_uc_santa_barbara_uc_riverside,UC Santa Barbara,15,"Andersen, Chauncey",False,22,5,8,0.625,0,2,0.0,3,3,1.0,1,10,11,3,0,1,1,0,13
2026-02-12_uc_santa_barbara_uc_riverside,UC Santa Barbara,04,"Puente-Valverde, Júlia",False,5,0,0,,0,0,,2,4,0.5,0,1,1,2,0,0,0,0,2
2026-02-12_uc_santa_barbara_uc_riverside,UC Santa Barbara,32,"Grant, Jessica",False,6,0,3,0.0,0,3,0.0,0,0,,0,0,0,0,0,0,0,0,0
2026-02-12_uc_santa_barbara_uc_riverside,UC Santa Barbara,35,"Mastora, Malani",False,,0,1,0.0,0,1,0.0,0,0,,0,0,0,0,0,0,0,0,0
2026-02-12_uc_santa_barbara_uc_riverside,UC Santa Barbara,TM,TEAM,False,0,0,0,,0,0,,0,0,,1,1,2,0,0,1,0,0,0
2026-02-12_cal_st_fullerton_long_beach_st,Long Beach St.,13,"Pepe, Khylee",True,35,5,8,0.625,0,1,0.0,8,12,0.667,1,7,8,4,4,6,2,0,18
2026-02-12_cal_st_fullerton_long_beach_st,Long Beach St.,30,"Jones-Brown, JaQuoia",True,37,3,9,0.333,0,1,0.0,6,8,0.75,2,2,4,1,5,3,1,0,12
2026-02-12_cal_st_fullerton_long_beach_st,Long Beach St.,32,"Pukis, Brynna",True,31,3,8,0.375,1,6,0.167,3,4,0.75,0,2,2,5,0,3,1,1,10
2026-02-12_cal_st_fullerton_long_beach_st,Long Beach St.,02,"Akot, Rosie",True,28,2,8,0.25,1,5,0.2,2,2,1.0,1,5,6,4,2,8,3,1,7
2026-02-12_cal_st_fullerton_long_beach_st,Long Beach St.,05,"Ka, Kennan",True,23,2,2,1.0,1,1,1.0,0,0,,1,3,4,3,2,1,2,1,5
2026-02-12_cal_st_fullerton_long_beach_st,Long Beach St.,03,"Samuel  - Afolabi, Tairat",False,15,2,3,0.667,1,2,0.5,0,2,0.0,0,3,3,4,0,0,0,0,5
2026-02-12_cal_st_fullerton_long_beach_st,Long Beach St.,10,"Reynoso, Christy",False,8,1,2,0.5,1,2,0.5,0,0,,0,0,0,0,0,0,1,1,3
2026-02-12_cal_st_fullerton_long_beach_st,Long Beach St.,25,"Mack, Morgan",False,17,1,3,0.333,0,1,0.0,0,0,,1,0,1,3,1,1,1,2,2
2026-02-12_cal_st_fullerton_long_beach_st,Long Beach St.,33,"Wright, Haley",False,6,0,1,0.0,0,1,0.0,0,0,,0,1,1,0,0,1,2,0,0
2026-02-12_cal_st_fullerton_long_beach_st,Long Beach St.,TM,TEAM,False,0,0,0,,0,0,,0,0,,0,3,3,0,0,2,0,0,0
2026-02-12_cal_st_fullerton_long_beach_st,Cal St. Fullerton,33,"Pearson, Kya",True,40,3,13,0.231,0,3,0.0,15,16,0.938,0,7,7,1,4,5,2,4,21
2026-02-12_cal_st_fullerton_long_beach_st,Cal St. Fullerton,03,"Tauro, Maddy",True,39,5,18,0.278,0,0,,2,2,1.0,1,2,3,3,4,1,0,1,12
2026-02-12_cal_st_fullerton_long_beach_st,Cal St. Fullerton,23,"Maxwell, Talia",True,28,4,10,0.4,0,0,,4,5,0.8,4,1,5,1,0,0,1,2,12
2026-02-12_cal_st_fullerton_long_beach_st,Cal St. Fullerton,55,"Jones, Cristina",True,27,4,11,0.364,0,0,,0,2,0.0,4,7,11,4,2,4,0,4,8
2026-02-12_cal_st_fullerton_long_beach_st,Cal St. Fullerton,10,"Swindle, Dylan",True,14,1,3,0.333,0,1,0.0,0,0,,3,0,3,2,0,1,0,2,2
2026-02-12_cal_st_fullerton_long_beach_st,Cal St. Fullerton,00,"Steiner, Nicole",False,11,3,5,0.6,0,1,0.0,4,7,0.571,4,3,7,1,0,0,1,0,10
2026-02-12_cal_st_fullerton_long_beach_st,Cal St. Fullerton,22,"Muniz, Madelynn",False,23,1,6,0.167,1,5,0.2,0,0,,0,0,0,3,0,0,0,1,3
2026-02-12_cal_st_fullerton_long_beach_st,Cal St. Fullerton,04,"Falsdottir, Jana",False,9,1,2,0.5,0,1,0.0,0,0,,0,0,0,4,1,0,0,1,2
2026-02-12_cal_st_fullerton_long_beach_st,Cal St. Fullerton,01,"Moon, Mimi",False,9,0,2,0.0,0,1,0.0,0,0,,1,1,2,0,1,1,0,0,0
2026-02-12_cal_st_fullerton_long_beach_st,Cal St. Fullerton,TM,TEAM,False,0,0,0,,0,0,,0,0,,8,1,9,0,0,1,0,0,0
2026-02-14_long_beach_st_uc_davis,UC Davis,2,"Bennett, Ryann",True,39,7,12,0.583,6,9,0.667,6,6,1.0,0,1,1,1,1,4,0,0,26
2026-02-14_long_beach_st_uc_davis,UC Davis,25,"Norris, Megan",True,29,6,10,0.6,0,3,0.0,4,4,1.0,2,12,14,5,3,2,0,0,16
2026-02-14_long_beach_st_uc_davis,UC Davis,10,"Young, Tegan",True,32,5,7,0.714,1,3,0.333,2,4,0.5,2,2,4,1,0,3,0,0,13
2026-02-14_long_beach_st_uc_davis,UC Davis,4,"Epps, Nya",True,31,3,9,0.333,1,4,0.25,2,2,1.0,2,3,5,0,4,3,0,0,9
2026-02-14_long_beach_st_uc_davis,UC Davis,9,"Sussex, Avery",True,32,1,8,0.125,1,8,0.125,2,4,0.5,0,3,3,1,5,3,0,3,5
2026-02-14_long_beach_st_uc_davis,UC Davis,23,"Baker, Victoria",False,17,2,5,0.4,1,3,0.333,0,0,,0,7,7,3,4,2,0,1,5
2026-02-14_long_beach_st_uc_davis,UC Davis,1,"Davis, Carrington",False,8,1,1,1.0,1,1,1.0,0,0,,1,0,1,0,1,0,0,0,3
2026-02-14_long_beach_st_uc_davis,UC Davis,11,"Ersdala, Emmy",False,5,0,2,0.0,0,2,0.0,0,0,,1,0,1,1,1,0,0,0,0
2026-02-14_long_beach_st_uc_davis,UC Davis,15,"Lentfer, Sophie",False,5,0,1,0.0,0,1,0.0,0,0,,0,3,3,1,0,0,0,0,0
2026-02-14_long_beach_st_uc_davis,UC Davis,21,"Tsami, Theoni",False,2,0,0,,0,0,,0,0,,0,2,2,1,0,0,0,0,0
2026-02-14_long_beach_st_uc_davis,UC Davis,TM,TEAM,False,0,0,0,,0,0,,0,0,,1,0,1,0,0,0,0,0,0
2026-02-14_long_beach_st_uc_davis,Long Beach St.,30,"Jones-brown, Jaquoia",True,38,8,16,0.5,0,0,,5,9,0.556,0,6,6,0,7,0,0,7,21
2026-02-14_long_beach_st_uc_davis,Long Beach St.,5,"Ka, Kennan",True,36,7,10,0.7,1,3,0.333,1,2,0.5,0,2,2,3,4,0,0,0,16
2026-02-14_long_beach_st_uc_davis,Long Beach St.,44,"Pepe, Khylee",True,36,4,15,0.267,1,3,0.333,4,7,0.571,2,5,7,4,4,3,0,2,13
2026-02-14_long_beach_st_uc_davis,Long Beach St.,2,"Akot, Rosie",True,26,2,8,0.25,1,3,0.333,2,2,1.0,3,2,5,5,0,4,0,2,7
2026-02-14_long_beach_st_uc_davis,Long Beach St.,32,"Pukis, Brynna",True,30,1,6,0.167,1,5,0.2,0,0,,1,0,1,4,1,0,0,0,3
2026-02-14_long_beach_st_uc_davis,Long Beach St.,25,"Mack, Morgan",False,15,1,2,0.5,1,2,0.5,0,0,,0,4,4,3,1,0,0,1,3
2026-02-14_long_beach_st_uc_davis,Long Beach St.,10,"Reynoso, Christy",False,13,1,3,0.333,1,2,0.5,0,0,,0,1,1,1,0,0,0,0,3
2026-02-14_long_beach_st_uc_davis,Long Beach St.,3,"Samuel-afolabi, Tairat",False,6,0,1,0.0,0,0,,0,0,,1,1,2,0,0,0,0,0,0
2026-02-14_long_beach_st_uc_davis,Long Beach St.,TM,TEAM,False,0,0,0,,0,0,,0,0,,0,2,2,0,0,1,0,0,0
2026-02-14_hawaii_csun,CSUN,00,"Gbemuotor, Jite",True,30,9,14,0.643,1,2,0.5,0,1,0.0,2,8,10,3,0,2,2,1,19
2026-02-14_hawaii_csun,CSUN,02,"White, Saray",True,34,4,14,0.286,1,6,0.167,0,2,0.0,1,4,5,4,2,1,1,1,9
2026-02-14_hawaii_csun,CSUN,24,"Cos-Morales, Mariona",True,30,3,7,0.429,1,1,1.0,0,0,,0,3,3,4,1,1,1,1,7
2026-02-14_hawaii_csun,CSUN,12,"Aspajo, Erika",True,38,3,10,0.3,0,2,0.0,0,0,,2,2,4,4,2,3,0,2,6
2026-02-14_hawaii_csun,CSUN,04,"Edwards, Morgan",True,14,1,3,0.333,1,1,1.0,0,0,,0,1,1,2,0,2,0,0,3
2026-02-14_hawaii_csun,CSUN,33,"Nazario, Rita",False,26,2,6,0.333,1,4,0.25,5,5,1.0,1,1,2,1,1,1,0,0,10
2026-02-14_hawaii_csun,CSUN,22,"Dahlin, Laini",False,11,0,3,0.0,0,2,0.0,0,0,,0,1,1,2,0,1,0,0,0
2026-02-14_hawaii_csun,CSUN,34,"Bernard, Nadia",False,7,0,0,,0,0,,0,0,,1,1,2,1,0,0,0,0,0
2026-02-14_hawaii_csun,CSUN,21,"Canadell, Jana",False,5,0,0,,0,0,,0,0,,0,1,1,0,0,0,0,0,0
2026-02-14_hawaii_csun,CSUN,10,"Lizama, Alondra",False,3,0,0,,0,0,,0,0,,0,0,0,1,0,1,0,0,0
2026-02-14_hawaii_csun,CSUN,01,"Moody, Amya",False,2,0,0,,0,0,,0,0,,0,0,0,0,0,0,0,0,0
2026-02-14_hawaii_csun,CSUN,TM,TEAM,False,0,0,0,,0,0,,0,0,,2,4,6,0,0,1,0,0,0
2026-02-14_hawaii_csun,Hawaii,12,"Perez, Imani",True,34,3,6,0.5,1,4,0.25,11,13,0.846,1,3,4,1,1,2,3,0,18
2026-02-14_hawaii_csun,Hawaii,33,"Neverson, Saniyah",True,34,6,10,0.6,1,2,0.5,4,6,0.667,1,11,12,0,0,4,3,1,17
2026-02-14_hawaii_csun,Hawaii,11,"Curtis, Keiara",True,31,4,7,0.571,0,2,0.0,2,4,0.5,0,3,3,1,4,2,0,1,10
2026-02-14_hawaii_csun,Hawaii,22,"Peacock, Jade",True,11,1,2,0.5,0,1,0.0,0,0,,0,0,0,1,1,1,0,1,2
2026-02-14_hawaii_csun,Hawaii,03,"Flavell, Bailey",True,30,0,9,0.0,0,4,0.0,0,0,,0,2,2,1,1,0,1,0,0
2026-02-14_hawaii_csun,Hawaii,24,"Tamilo, Ritorya",False,14,3,4,0.75,0,0,,0,0,,0,2,2,1,0,0,3,0,6
2026-02-14_hawaii_csun,Hawaii,02,"Bond, Teyahna",False,11,2,4,0.5,1,3,0.333,0,0,,0,1,1,1,0,0,0,0,5
2026-02-14_hawaii_csun,Hawaii,06,"Webb, Kyra",False,22,1,4,0.25,0,0,,1,2,0.5,1,2,3,1,1,3,0,0,3
2026-02-14_hawaii_csun,Hawaii,04,"Lefotu, Jovi",False,9,1,1,1.0,0,0,,0,2,0.0,0,0,0,1,0,0,0,0,2
2026-02-14_hawaii_csun,Hawaii,08,"Moors, Rebecca",False,2,0,1,0.0,0,0,,0,0,,1,0,1,0,0,0,0,0,0
2026-02-14_hawaii_csun,Hawaii,20,"Forsyth, Izzy",False,2,0,0,,0,0,,0,0,,0,0,0,0,0,0,0,0,0
2026-02-14_hawaii_csun,Hawaii,TM,TEAM,False,0,0,0,,0,0,,0,0,,2,4,6,0,0,0,0,0,0
2026-02-14_cal_st_fullerton_uc_irvine,UC Irvine,20,"Hernandez, Hunter",True,40,10,16,0.625,4,6,0.667,6,8,0.75,0,3,3,2,2,2,0,5,30
2026-02-14_cal_st_fullerton_uc_irvine,UC Irvine,23,"Wynn, Jada",True,37,8,14,0.571,5,7,0.714,2,3,0.667,1,5,6,4,2,2,0,1,23
2026-02-14_cal_st_fullerton_uc_irvine,UC Irvine,14,"Hanson, Summah",True,23,3,8,0.375,1,3,0.333,2,2,1.0,1,1,2,4,2,1,1,1,9
2026-02-14_cal_st_fullerton_uc_irvine,UC Irvine,12,"Nahum, Shirel",True,31,1,3,0.333,1,2,0.5,0,0,,1,2,3,5,6,5,0,0,3
2026-02-14_cal_st_fullerton_uc_irvine,UC Irvine,10,"Madsen, Lauryn",True,35,0,3,0.0,0,3,0.0,0,0,,0,1,1,2,2,2,0,2,0
2026-02-14_cal_st_fullerton_uc_irvine,UC Irvine,13,"Stores, Nohealani",False,17,5,8,0.625,0,0,,0,3,0.0,2,4,6,1,0,1,0,2,10
2026-02-14_cal_st_fullerton_uc_irvine,UC Irvine,01,"Grant, Ameerah",False,10,0,2,0.0,0,0,,2,2,1.0,2,0,2,1,1,3,0,1,2
2026-02-14_cal_st_fullerton_uc_irvine,UC Irvine,24,"Zonzon-Huyghe, Naomy",False,7,0,1,0.0,0,0,,0,0,,0,0,0,2,0,0,0,0,0
2026-02-14_cal_st_fullerton_uc_irvine,UC Irvine,TM,TEAM,False,0,0,0,,0,0,,0,0,,4,2,6,0,0,0,0,0,0
2026-02-14_cal_st_fullerton_uc_irvine,Cal St. Fullerton,55,"Jones, Cristina",True,38,5,12,0.417,0,0,,5,7,0.714,9,4,13,3,3,4,0,2,15
2026-02-14_cal_st_fullerton_uc_irvine,Cal St. Fullerton,33,"Pearson, Kya",True,33,4,8,0.5,2,4,0.5,5,8,0.625,1,3,4,4,6,8,1,1,15
2026-02-14_cal_st_fullerton_uc_irvine,Cal St. Fullerton,10,"Swindle, Dylan",True,26,4,10,0.4,3,9,0.333,1,1,1.0,0,2,2,5,2,0,0,2,12
2026-02-14_cal_st_fullerton_uc_irvine,Cal St. Fullerton,03,"Tauro, Maddy",True,25,3,9,0.333,0,0,,3,4,0.75,1,4,5,3,3,1,0,0,9
2026-02-14_cal_st_fullerton_uc_irvine,Cal St. Fullerton,23,"Maxwell, Talia",True,27,2,3,0.667,0,0,,3,4,0.75,2,1,3,1,0,2,2,0,7
2026-02-14_cal_st_fullerton_uc_irvine,Cal St. Fullerton,22,"Muniz, Madelynn",False,24,2,6,0.333,2,6,0.333,0,0,,1,2,3,1,0,0,0,1,6
2026-02-14_cal_st_fullerton_uc_irvine,Cal St. Fullerton,01,"Moon, Mimi",False,11,1,4,0.25,0,2,0.0,2,4,0.5,1,0,1,0,0,2,0,1,4
2026-02-14_cal_st_fullerton_uc_irvine,Cal St. Fullerton,04,"Falsdottir, Jana",False,9,1,4,0.25,1,4,0.25,0,0,,2,0,2,3,0,1,0,0,3
2026-02-14_cal_st_fullerton_uc_irvine,Cal St. Fullerton,24,"Orhan, Basak",False,4,0,1,0.0,0,1,0.0,0,0,,0,0,0,0,0,0,0,0,0
2026-02-14_cal_st_fullerton_uc_irvine,Cal St. Fullerton,05,"Sutisna, Maxine",False,3,0,0,,0,0,,0,0,,0,0,0,0,0,0,0,0,0
2026-02-14_cal_st_fullerton_uc_irvine,Cal St. Fullerton,TM,TEAM,False,0,0,0,,0,0,,0,0,,3,5,8,0,0,0,0,0,0
2026-02-14_uc_riverside_uc_san_diego,UC San Diego,4,"Rose, Makayla",True,40,8,16,0.5,3,3,1.0,5,6,0.833,0,4,4,0,1,1,0,2,24
2026-02-14_uc_riverside_uc_san_diego,UC San Diego,11,"Condron, Erin",True,24,5,7,0.714,0,0,,0,0,,2,4,6,3,0,3,0,0,10
2026-02-14_uc_riverside_uc_san_diego,UC San Diego,12,"Smith, Rosa",True,35,2,4,0.5,1,3,0.333,4,8,0.5,0,1,1,4,1,3,0,0,9
2026-02-14_uc_riverside_uc_san_diego,UC San Diego,15,"Ma, Sabrina",True,31,2,4,0.5,1,1,1.0,3,4,0.75,2,4,6,3,0,2,0,2,8
2026-02-14_uc_riverside_uc_san_diego,UC San Diego,10,"Maxie, Dymonique",True,34,1,8,0.125,0,1,0.0,5,8,0.625,0,0,0,0,7,1,0,1,7
2026-02-14_uc_riverside_uc_san_diego,UC San Diego,13,"Feiman, Lev",False,21,7,9,0.778,2,2,1.0,4,5,0.8,0,3,3,3,3,1,1,4,20
2026-02-14_uc_riverside_uc_san_diego,UC San Diego,30,"Sule, Damilola",False,11,0,1,0.0,0,0,,1,2,0.5,0,3,3,2,2,1,0,0,1
2026-02-14_uc_riverside_uc_san_diego,UC San Diego,21,"Polocheck, Nicki",False,3,0,0,,0,0,,0,0,,0,0,0,1,0,0,0,0,0
2026-02-14_uc_riverside_uc_san_diego,UC San Diego,2,"Fairwell, Michaela",False,1,0,1,0.0,0,1,0.0,0,0,,0,0,0,0,0,1,0,0,0
2026-02-14_uc_riverside_uc_san_diego,UC San Diego,TM,TEAM,False,0,0,0,,0,0,,0,0,,1,1,2,0,0,0,0,0,0
2026-02-14_uc_riverside_uc_san_diego,UC Riverside,7,"Wickstrom, Hannah",True,35,7,14,0.5,1,4,0.25,2,2,1.0,4,6,10,4,3,5,0,3,17
2026-02-14_uc_riverside_uc_san_diego,UC Riverside,1,"Polk, Kaylani",True,38,4,10,0.4,1,3,0.333,5,6,0.833,2,3,5,4,7,6,0,1,14
2026-02-14_uc_riverside_uc_san_diego,UC Riverside,22,"Swanson, Taylor",True,23,2,6,0.333,1,2,0.5,6,6,1.0,1,2,3,5,1,1,0,1,11
2026-02-14_uc_riverside_uc_san_diego,UC Riverside,2,"Hackley, Seneca",True,35,2,8,0.25,2,6,0.333,4,5,0.8,2,5,7,3,2,2,1,0,10
2026-02-14_uc_riverside_uc_san_diego,UC Riverside,41,"Shine, Bria",True,25,2,3,0.667,0,0,,0,2,0.0,1,4,5,2,1,1,0,1,4
2026-02-14_uc_riverside_uc_san_diego,UC Riverside,9,"Chocano, Maya",False,20,2,6,0.333,2,6,0.333,0,0,,0,3,3,1,1,1,0,0,6
2026-02-14_uc_riverside_uc_san_diego,UC Riverside,10,"Minshall, Makayla",False,10,2,3,0.667,0,0,,2,2,1.0,0,1,1,1,0,2,0,1,6
2026-02-14_uc_riverside_uc_san_diego,UC Riverside,32,"Moreno Tallon, Lucia",False,10,0,1,0.0,0,0,,0,0,,0,1,1,3,1,2,3,0,0
2026-02-14_uc_riverside_uc_san_diego,UC Riverside,23,"Mejia, Maria",False,2,0,0,,0,0,,0,0,,0,0,0,2,0,2,0,0,0
2026-02-14_uc_riverside_uc_san_diego,UC Riverside,30,"Sylla, Dieynaba",False,2,0,0,,0,0,,0,0,,0,0,0,1,0,0,0,0,0
2026-02-14_uc_riverside_uc_san_diego,UC Riverside,TM,TEAM,False,0,0,0,,0,0,,0,0,,2,1,3,0,0,1,0,0,0
2026-02-14_uc_santa_barbara_cal_poly,Cal Poly,32,"Thompson, Charish",True,27,5,8,0.625,0,1,0.0,1,2,0.5,0,4,4,5,3,3,0,0,11
2026-02-14_uc_santa_barbara_cal_poly,Cal Poly,00,"McManus, Vanessa",True,37,4,8,0.5,0,0,,0,0,,1,5,6,2,2,3,0,0,8
2026-02-14_uc_santa_barbara_cal_poly,Cal Poly,21,"Vail, Dulci",True,22,2,5,0.4,1,2,0.5,2,3,0.667,0,3,3,1,2,1,1,0,7
2026-02-14_uc_santa_barbara_cal_poly,Cal Poly,07,"Billing, Jordan",True,11,1,4,0.25,1,3,0.333,0,0,,0,2,2,2,0,0,0,0,3
2026-02-14_uc_santa_barbara_cal_poly,Cal Poly,22,"Goosby, Alana",True,36,1,4,0.25,0,1,0.0,0,0,,0,2,2,3,5,1,0,1,2
2026-02-14_uc_santa_barbara_cal_poly,Cal Poly,01,"Garcia, Arissa",False,26,2,9,0.222,0,1,0.0,5,8,0.625,0,3,3,5,1,0,0,3,9
2026-02-14_uc_santa_barbara_cal_poly,Cal Poly,08,"Peiffer, Katie",False,10,1,3,0.333,1,3,0.333,3,4,0.75,0,1,1,1,0,0,0,0,6
2026-02-14_uc_santa_barbara_cal_poly,Cal Poly,09,"Perez, Nora",False,22,2,8,0.25,1,2,0.5,0,0,,3,4,7,2,1,0,0,0,5
2026-02-14_uc_santa_barbara_cal_poly,Cal Poly,11,"Knapp, Avery",False,9,1,2,0.5,0,0,,1,2,0.5,0,1,1,1,0,0,0,0,3
2026-02-14_uc_santa_barbara_cal_poly,Cal Poly,TM,TEAM,False,0,0,0,,0,0,,0,0,,0,3,3,0,0,0,0,0,0
2026-02-14_uc_santa_barbara_cal_poly,UC Santa Barbara,02,"Borter, Zoe",True,37,5,11,0.455,3,6,0.5,5,5,1.0,1,2,3,4,3,2,0,0,18
2026-02-14_uc_santa_barbara_cal_poly,UC Santa Barbara,12,"Naro, Maddie",True,37,3,10,0.3,3,9,0.333,1,2,0.5,1,2,3,1,6,1,0,0,10
2026-02-14_uc_santa_barbara_cal_poly,UC Santa Barbara,05,"Bradley, Olivia",True,26,4,8,0.5,0,2,0.0,1,2,0.5,0,6,6,2,2,3,1,0,9
2026-02-14_uc_santa_barbara_cal_poly,UC Santa Barbara,55,"Burke, Skylar",True,12,2,4,0.5,0,1,0.0,3,4,0.75,1,3,4,4,0,0,1,0,7
2026-02-14_uc_santa_barbara_cal_poly,UC Santa Barbara,23,"Shaw, Zoe",True,31,1,6,0.167,1,4,0.25,0,0,,0,4,4,0,2,1,1,0,3
2026-02-14_uc_santa_barbara_cal_poly,UC Santa Barbara,04,"Puente-Valverde, Júlia",False,20,3,4,0.75,0,0,,2,4,0.5,0,4,4,3,1,0,2,0,8
2026-02-14_uc_santa_barbara_cal_poly,UC Santa Barbara,15,"Andersen, Chauncey",False,24,2,5,0.4,1,2,0.5,0,0,,0,4,4,3,3,2,0,0,5
2026-02-14_uc_santa_barbara_cal_poly,UC Santa Barbara,32,"Grant, Jessica",False,13,1,4,0.25,1,4,0.25,0,0,,0,1,1,0,0,0,0,0,3
2026-02-14_uc_santa_barbara_cal_poly,UC Santa Barbara,44,"Radnjic, Bojana",False,,0,0,,0,0,,0,0,,0,0,0,0,0,0,0,0,0
2026-02-14_uc_santa_barbara_cal_poly,UC Santa Barbara,TM,TEAM,False,0,0,0,,0,0,,0,0,,2,4,6,0,0,0,0,0,0
2026-02-19_uc_davis_cal_st_fullerton,Cal St. Fullerton,03,"Tauro, Maddy",True,29,7,19,0.368,1,1,1.0,1,2,0.5,1,5,6,4,2,2,0,3,16
2026-02-19_uc_davis_cal_st_fullerton,Cal St. Fullerton,55,"Jones, Cristina",True,30,4,7,0.571,0,0,,2,4,0.5,4,5,9,3,1,3,0,0,10
2026-02-19_uc_davis_cal_st_fullerton,Cal St. Fullerton,10,"Swindle, Dylan",True,22,3,5,0.6,1,2,0.5,3,4,0.75,0,1,1,2,1,4,0,0,10
2026-02-19_uc_davis_cal_st_fullerton,Cal St. Fullerton,33,"Pearson, Kya",True,33,4,11,0.364,1,3,0.333,0,0,,3,1,4,3,2,6,0,5,9
2026-02-19_uc_davis_cal_st_fullerton,Cal St. Fullerton,23,"Maxwell, Talia",True,31,2,3,0.667,0,0,,0,0,,2,2,4,1,2,1,0,2,4
2026-02-19_uc_davis_cal_st_fullerton,Cal St. Fullerton,04,"Falsdottir, Jana",False,29,3,8,0.375,1,3,0.333,1,2,0.5,2,3,5,1,3,1,0,2,8
2026-02-19_uc_davis_cal_st_fullerton,Cal St. Fullerton,00,"Steiner, Nicole",False,12,2,7,0.286,0,0,,0,2,0.0,3,0,3,4,0,2,0,2,4
2026-02-19_uc_davis_cal_st_fullerton,Cal St. Fullerton,01,"Moon, Mimi",False,2,1,2,0.5,0,0,,1,1,1.0,0,1,1,0,0,0,0,0,3
2026-02-19_uc_davis_cal_st_fullerton,Cal St. Fullerton,22,"Muniz, Madelynn",False,12,0,2,0.0,0,2,0.0,0,0,,0,2,2,0,0,0,0,0,0
2026-02-19_uc_davis_cal_st_fullerton,Cal St. Fullerton,TM,TEAM,False,0,0,0,,0,0,,0,0,,1,2,3,0,0,0,0,0,0
2026-02-19_uc_davis_cal_st_fullerton,UC Davis,04,"Epps, Nya",True,37,7,15,0.467,4,10,0.4,1,2,0.5,0,2,2,2,2,4,0,1,19
2026-02-19_uc_davis_cal_st_fullerton,UC Davis,25,"Norris, Megan",True,39,6,10,0.6,1,3,0.333,4,4,1.0,2,10,12,2,3,3,2,0,17
2026-02-19_uc_davis_cal_st_fullerton,UC Davis,02,"Bennett, Ryann",True,38,5,7,0.714,1,3,0.333,5,6,0.833,0,1,1,2,6,2,0,3,16
2026-02-19_uc_davis_cal_st_fullerton,UC Davis,10,"Young, Tegan",True,35,4,6,0.667,2,4,0.5,0,0,,0,4,4,4,4,0,1,2,10
2026-02-19_uc_davis_cal_st_fullerton,UC Davis,09,"Sussex, Avery",True,36,3,7,0.429,0,4,0.0,0,1,0.0,0,4,4,2,3,5,0,6,6
2026-02-19_uc_davis_cal_st_fullerton,UC Davis,15,"Lentfer, Sophie",False,6,0,3,0.0,0,1,0.0,2,2,1.0,1,2,3,2,0,0,0,0,2
2026-02-19_uc_davis_cal_st_fullerton,UC Davis,23,"Baker, Victoria",False,9,0,0,,0,0,,0,0,,0,0,0,2,0,3,0,0,0
2026-02-19_uc_davis_cal_st_fullerton,UC Davis,TM,TEAM,False,0,0,0,,0,0,,0,0,,0,2,2,0,0,3,0,0,0
2026-02-19_cal_poly_hawaii,Hawaii,3,"Flavell, Bailey",True,25,6,10,0.6,3,5,0.6,0,2,0.0,1,6,7,1,4,0,0,0,15
2026-02-19_cal_poly_hawaii,Hawaii,12,"Perez, Imani",True,24,5,8,0.625,4,5,0.8,0,0,,1,0,1,0,3,0,0,0,14
2026-02-19_cal_poly_hawaii,Hawaii,33,"Neverson, Saniyah",True,23,5,8,0.625,0,0,,4,4,1.0,1,2,3,1,1,2,1,2,14
2026-02-19_cal_poly_hawaii,Hawaii,11,"Curtis, Keiara",True,18,1,5,0.2,0,3,0.0,0,0,,0,2,2,1,2,1,0,1,2
2026-02-19_cal_poly_hawaii,Hawaii,22,"Peacock, Jade",True,12,0,3,0.0,0,1,0.0,0,0,,0,0,0,2,0,0,0,0,0
2026-02-19_cal_poly_hawaii,Hawaii,24,"Tamilo, Ritorya",False,13,5,6,0.833,0,0,,3,3,1.0,3,0,3,1,0,0,1,2,13
2026-02-19_cal_poly_hawaii,Hawaii,8,"Moors, Rebecca",False,18,1,3,0.333,1,2,0.5,2,2,1.0,0,2,2,3,0,0,0,1,5
2026-02-19_cal_poly_hawaii,Hawaii,2,"Bond, Teyahna",False,14,1,4,0.25,0,2,0.0,2,2,1.0,0,1,1,2,0,2,0,1,4
2026-02-19_cal_poly_hawaii,Hawaii,4,"Lefotu, Jovi",False,14,1,3,0.333,0,1,0.0,0,0,,0,1,1,0,4,0,0,1,2
2026-02-19_cal_poly_hawaii,Hawaii,6,"Webb, Kyra",False,12,1,1,1.0,0,0,,0,0,,1,0,1,1,0,2,0,0,2
2026-02-19_cal_poly_hawaii,Hawaii,17,"Serra, Fiamma",False,9,0,1,0.0,0,0,,0,2,0.0,0,1,1,2,0,0,0,0,0
2026-02-19_cal_poly_hawaii,Hawaii,1,"Filemu, Kira-may",False,7,0,1,0.0,0,1,0.0,0,0,,1,1,2,1,0,0,0,1,0
2026-02-19_cal_poly_hawaii,Hawaii,20,"Forsyth, Izzy",False,7,0,1,0.0,0,1,0.0,0,0,,0,0,0,1,0,0,0,0,0
2026-02-19_cal_poly_hawaii,Hawaii,7,"Collins, Ella",False,4,0,1,0.0,0,0,,0,0,,0,0,0,0,0,0,0,0,0
2026-02-19_cal_poly_hawaii,Hawaii,TM,TEAM,False,0,0,0,,0,0,,0,0,,3,0,3,0,0,3,0,0,0
2026-02-19_cal_poly_hawaii,Cal Poly,32,"Thompson, Charish",True,31,9,15,0.6,1,4,0.25,3,3,1.0,0,4,4,3,0,4,0,0,22
2026-02-19_cal_poly_hawaii,Cal Poly,00,"McManus, Vanessa",True,31,2,11,0.182,1,4,0.25,5,5,1.0,0,3,3,2,2,3,0,0,10
2026-02-19_cal_poly_hawaii,Cal Poly,1,"Garcia, Arissa",True,36,1,6,0.167,0,0,,0,0,,1,1,2,1,3,4,0,0,2
2026-02-19_cal_poly_hawaii,Cal Poly,21,"Vail, Dulci",True,13,1,3,0.333,0,0,,0,0,,1,0,1,3,0,2,0,0,2
2026-02-19_cal_poly_hawaii,Cal Poly,7,"Billing, Jordan",True,19,0,1,0.0,0,0,,0,0,,1,1,2,0,0,0,1,1,0
2026-02-19_cal_poly_hawaii,Cal Poly,11,"Knapp, Avery",False,20,3,4,0.75,1,1,1.0,6,6,1.0,3,6,9,2,1,0,1,1,13
2026-02-19_cal_poly_hawaii,Cal Poly,9,"Perez, Nora",False,15,2,5,0.4,0,0,,0,0,,0,1,1,3,0,2,0,1,4
2026-02-19_cal_poly_hawaii,Cal Poly,23,"Moleón Hidalgo, Ana",False,22,0,2,0.0,0,1,0.0,1,2,0.5,0,2,2,3,3,1,0,0,1
2026-02-19_cal_poly_hawaii,Cal Poly,55,"Franklin, Vivian",False,5,0,0,,0,0,,0,0,,0,0,0,0,0,0,0,0,0
2026-02-19_cal_poly_hawaii,Cal Poly,8,"Peiffer, Katie",False,3,0,0,,0,0,,0,0,,0,0,0,0,1,0,0,0,0
2026-02-19_cal_poly_hawaii,Cal Poly,14,"Bears, Gillian",False,3,0,0,,0,0,,0,0,,1,1,2,0,0,3,1,0,0
2026-02-19_cal_poly_hawaii,Cal Poly,3,"Skrzyniarz, Ella",False,2,0,0,,0,0,,0,0,,0,0,0,0,0,0,0,0,0
2026-02-19_cal_poly_hawaii,Cal Poly,TM,TEAM,False,0,0,0,,0,0,,0,0,,6,1,7,0,0,1,0,0,0
2026-02-19_uc_irvine_long_beach_st,Long Beach St.,30,"Jones-brown, Jaquoia",True,40,6,16,0.375,1,4,0.25,11,11,1.0,3,4,7,2,2,5,0,0,24
2026-02-19_uc_irvine_long_beach_st,Long Beach St.,5,"Ka, Kennan",True,35,4,8,0.5,1,3,0.333,0,0,,0,4,4,1,2,2,0,1,9
2026-02-19_uc_irvine_long_beach_st,Long Beach St.,32,"Pukis, Brynna",True,31,2,6,0.333,2,6,0.333,2,2,1.0,0,1,1,2,1,1,1,0,8
2026-02-19_uc_irvine_long_beach_st,Long Beach St.,13,"Pepe, Khylee",True,27,2,5,0.4,0,1,0.0,4,4,1.0,0,2,2,2,4,6,0,2,8
2026-02-19_uc_irvine_long_beach_st,Long Beach St.,2,"Akot, Rosie",True,33,1,6,0.167,0,5,0.0,0,0,,2,12,14,4,3,6,1,0,2
2026-02-19_uc_irvine_long_beach_st,Long Beach St.,3,"Samuel  - Afolabi, Tairat",False,25,5,7,0.714,1,1,1.0,0,0,,2,0,2,4,2,0,0,0,11
2026-02-19_uc_irvine_long_beach_st,Long Beach St.,10,"Reynoso, Christy",False,9,0,2,0.0,0,2,0.0,0,0,,0,0,0,1,0,0,0,0,0
2026-02-19_uc_irvine_long_beach_st,Long Beach St.,TM,TEAM,False,0,0,0,,0,0,,0,0,,2,6,8,0,0,1,0,0,0
2026-02-19_uc_irvine_long_beach_st,UC Irvine,20,"Hernandez, Hunter",True,24,7,19,0.368,2,6,0.333,3,3,1.0,0,4,4,0,2,0,1,1,19
2026-02-19_uc_irvine_long_beach_st,UC Irvine,10,"Madsen, Lauryn",True,29,5,7,0.714,5,7,0.714,0,0,,0,1,1,1,1,1,0,4,15
2026-02-19_uc_irvine_long_beach_st,UC Irvine,23,"Wynn, Jada",True,30,5,12,0.417,1,4,0.25,2,2,1.0,1,3,4,1,6,2,0,3,13
2026-02-19_uc_irvine_long_beach_st,UC Irvine,14,"Hanson, Summah",True,16,1,3,0.333,0,2,0.0,4,4,1.0,1,2,3,3,1,1,3,2,6
2026-02-19_uc_irvine_long_beach_st,UC Irvine,12,"Nahum, Shirel",True,25,0,2,0.0,0,1,0.0,2,2,1.0,0,3,3,3,3,1,0,0,2
2026-02-19_uc_irvine_long_beach_st,UC Irvine,13,"Stores, Nohe'alani",False,13,4,6,0.667,0,0,,1,2,0.5,1,2,3,3,0,0,0,1,9
2026-02-19_uc_irvine_long_beach_st,UC Irvine,24,"Zonzon-huyghe, Naomy",False,13,2,5,0.4,0,1,0.0,2,2,1.0,1,2,3,2,0,0,0,0,6
2026-02-19_uc_irvine_long_beach_st,UC Irvine,1,"Grant, Ameerah",False,22,2,4,0.5,1,2,0.5,0,2,0.0,0,2,2,1,4,0,0,0,5
2026-02-19_uc_irvine_long_beach_st,UC Irvine,22,"Noa, Reese",False,8,1,1,1.0,0,0,,0,0,,0,1,1,0,0,0,0,2,2
2026-02-19_uc_irvine_long_beach_st,UC Irvine,9,"Falcon Hernandez, Daniela",False,11,0,0,,0,0,,0,0,,0,0,0,2,0,0,1,0,0
2026-02-19_uc_irvine_long_beach_st,UC Irvine,2,"Hernandez, Haley",False,9,0,1,0.0,0,1,0.0,0,0,,0,0,0,0,0,0,0,0,0
2026-02-19_uc_irvine_long_beach_st,UC Irvine,TM,TEAM,False,0,0,0,,0,0,,0,0,,2,0,2,0,0,0,0,0,0
2026-02-19_csun_uc_santa_barbara,UC Santa Barbara,2,"Borter, Zoe",True,39,6,12,0.5,4,8,0.5,4,4,1.0,0,3,3,3,1,1,0,2,20
2026-02-19_csun_uc_santa_barbara,UC Santa Barbara,5,"Bradley, Olivia",True,27,3,7,0.429,1,3,0.333,3,3,1.0,0,0,0,1,3,4,1,0,10
2026-02-19_csun_uc_santa_barbara,UC Santa Barbara,23,"Shaw, Zoe",True,20,3,10,0.3,2,7,0.286,0,0,,2,0,2,0,0,0,0,3,8
2026-02-19_csun_uc_santa_barbara,UC Santa Barbara,12,"Naro, Madison",True,30,2,7,0.286,1,5,0.2,2,2,1.0,3,2,5,1,4,7,0,3,7
2026-02-19_csun_uc_santa_barbara,UC Santa Barbara,4,"Puente-valverde, Júlia",True,26,2,6,0.333,0,1,0.0,0,0,,2,8,10,4,3,1,0,0,4
2026-02-19_csun_uc_santa_barbara,UC Santa Barbara,15,"Andersen, Chauncey",False,17,4,8,0.5,1,4,0.25,2,2,1.0,0,3,3,1,0,0,0,2,11
2026-02-19_csun_uc_santa_barbara,UC Santa Barbara,55,"Burke, Skylar",False,27,2,7,0.286,1,1,1.0,3,3,1.0,6,2,8,3,5,4,0,2,8
2026-02-19_csun_uc_santa_barbara,UC Santa Barbara,32,"Grant, Jessica",False,14,2,3,0.667,2,3,0.667,0,0,,0,1,1,1,1,0,0,1,6
2026-02-19_csun_uc_santa_barbara,UC Santa Barbara,TM,TEAM,False,0,0,0,,0,0,,0,0,,2,3,5,0,0,1,0,0,0
2026-02-19_csun_uc_santa_barbara,CSUN,12,"Aspajo, Erika",True,38,5,10,0.5,1,1,1.0,0,0,,1,2,3,4,5,2,0,6,11
2026-02-19_csun_uc_santa_barbara,CSUN,00,"Gbemuotor, Jite",True,24,4,7,0.571,1,2,0.5,2,2,1.0,2,5,7,3,0,7,3,0,11
2026-02-19_csun_uc_santa_barbara,CSUN,2,"White, Saray",True,33,3,8,0.375,0,1,0.0,3,4,0.75,0,3,3,3,1,3,0,3,9
2026-02-19_csun_uc_santa_barbara,CSUN,4,"Edwards, Morgan",True,29,3,11,0.273,2,7,0.286,1,1,1.0,0,3,3,1,0,2,0,0,9
2026-02-19_csun_uc_santa_barbara,CSUN,24,"Cos-morales, Mariona",True,21,0,1,0.0,0,1,0.0,0,0,,1,3,4,3,3,1,0,0,0
2026-02-19_csun_uc_santa_barbara,CSUN,10,"Lizama, Alondra",False,24,2,5,0.4,0,2,0.0,5,5,1.0,0,1,1,1,0,1,0,1,9
2026-02-19_csun_uc_santa_barbara,CSUN,34,"Bernard, Nadia",False,15,3,4,0.75,0,0,,1,2,0.5,2,2,4,2,0,1,0,0,7
2026-02-19_csun_uc_santa_barbara,CSUN,33,"Nazário, Rita",False,11,1,3,0.333,0,1,0.0,0,0,,0,0,0,1,0,1,1,0,2
2026-02-19_csun_uc_santa_barbara,CSUN,21,"Canadell, Jana",False,3,0,0,,0,0,,0,0,,0,1,1,0,0,1,0,0,0
2026-02-19_csun_uc_santa_barbara,CSUN,1,"Moody, Amya",False,2,0,1,0.0,0,1,0.0,0,0,,0,0,0,0,0,0,0,0,0
2026-02-19_csun_uc_santa_barbara,CSUN,22,"Dahlin, Laini",False,0,0,0,,0,0,,0,0,,0,0,0,0,0,0,0,0,0
2026-02-19_csun_uc_santa_barbara,CSUN,TM,TEAM,False,0,0,0,,0,0,,0,0,,2,1,3,0,0,0,0,0,0
2026-02-19_csu_bakersfield_uc_riverside,UC Riverside,07,"Wickstrom, Hannah",True,36,10,20,0.5,1,4,0.25,3,4,0.75,2,7,9,3,2,4,0,2,24
2026-02-19_csu_bakersfield_uc_riverside,UC Riverside,02,"Hackley, Seneca",True,39,5,14,0.357,0,4,0.0,5,7,0.714,0,2,2,3,3,1,0,1,15
2026-02-19_csu_bakersfield_uc_riverside,UC Riverside,01,"Polk, Kaylani",True,39,2,5,0.4,2,5,0.4,1,2,0.5,0,5,5,2,0,3,1,1,7
2026-02-19_csu_bakersfield_uc_riverside,UC Riverside,41,"Shine, Bria",True,23,1,5,0.2,0,0,,0,0,,1,2,3,2,2,1,0,0,2
2026-02-19_csu_bakersfield_uc_riverside,UC Riverside,22,"Swanson, Taylor",True,10,1,4,0.25,0,1,0.0,0,0,,0,2,2,1,1,0,0,0,2
2026-02-19_csu_bakersfield_uc_riverside,UC Riverside,09,"Chocano, Maya",False,30,3,7,0.429,2,5,0.4,0,0,,0,1,1,1,0,1,0,1,8
2026-02-19_csu_bakersfield_uc_riverside,UC Riverside,32,"Moreno Tallon, Lucia",False,17,1,3,0.333,0,1,0.0,2,2,1.0,3,2,5,2,0,1,1,1,4
2026-02-19_csu_bakersfield_uc_riverside,UC Riverside,10,"Minshall, Makayla",False,5,0,1,0.0,0,0,,0,0,,1,0,1,1,0,0,0,1,0
2026-02-19_csu_bakersfield_uc_riverside,UC Riverside,23,"Mejia, Maria",False,1,0,0,,0,0,,0,0,,0,0,0,0,0,1,0,0,0
2026-02-19_csu_bakersfield_uc_riverside,UC Riverside,TM,TEAM,False,0,0,0,,0,0,,0,0,,1,5,6,0,0,0,0,0,0
2026-02-19_csu_bakersfield_uc_riverside,CSU Bakersfield,12,"Coleman , Chrishawn",True,34,6,23,0.261,1,7,0.143,2,2,1.0,0,4,4,2,0,3,0,2,15
2026-02-19_csu_bakersfield_uc_riverside,CSU Bakersfield,08,"Langi, Marley",True,24,4,10,0.4,2,4,0.5,4,5,0.8,1,4,5,4,0,1,0,1,14
2026-02-19_csu_bakersfield_uc_riverside,CSU Bakersfield,02,"Carter, Aliyah",True,30,3,8,0.375,1,2,0.5,4,6,0.667,1,4,5,2,2,1,0,2,11
2026-02-19_csu_bakersfield_uc_riverside,CSU Bakersfield,24,"Ikidi, Tena",True,31,2,5,0.4,0,0,,1,4,0.25,9,13,22,2,0,6,5,2,5
2026-02-19_csu_bakersfield_uc_riverside,CSU Bakersfield,21,"Sutherland, Tianna",True,26,0,3,0.0,0,2,0.0,0,0,,2,2,4,3,3,2,1,1,0
2026-02-19_csu_bakersfield_uc_riverside,CSU Bakersfield,14,"Hawkins, Morgan",False,29,3,7,0.429,1,3,0.333,0,0,,1,0,1,2,0,2,0,1,7
2026-02-19_csu_bakersfield_uc_riverside,CSU Bakersfield,22,"Kincade, Dae’Jaidence",False,21,2,2,1.0,0,0,,0,0,,0,1,1,3,0,0,0,1,4
2026-02-19_csu_bakersfield_uc_riverside,CSU Bakersfield,11,"Dias, Maria",False,4,0,1,0.0,0,1,0.0,2,2,1.0,0,0,0,0,0,0,0,0,2
2026-02-19_csu_bakersfield_uc_riverside,CSU Bakersfield,55,"Puletasi, Adrienne",False,1,0,0,,0,0,,0,0,,0,0,0,0,0,0,0,0,0
2026-02-19_csu_bakersfield_uc_riverside,CSU Bakersfield,TM,TEAM,False,0,0,0,,0,0,,0,0,,2,0,2,0,0,2,0,0,0
2026-02-21_uc_davis_uc_riverside,UC Riverside,07,"Wickstrom, Hannah",True,39,12,20,0.6,3,7,0.429,4,5,0.8,0,7,7,2,2,2,0,0,31
2026-02-21_uc_davis_uc_riverside,UC Riverside,41,"Shine, Bria",True,37,4,7,0.571,0,0,,0,0,,0,5,5,4,2,2,1,0,8
2026-02-21_uc_davis_uc_riverside,UC Riverside,01,"Polk, Kaylani",True,35,1,8,0.125,1,6,0.167,1,2,0.5,0,3,3,2,0,1,0,1,4
2026-02-21_uc_davis_uc_riverside,UC Riverside,02,"Hackley, Seneca",True,31,1,14,0.071,0,6,0.0,0,0,,2,2,4,4,1,1,1,2,2
2026-02-21_uc_davis_uc_riverside,UC Riverside,22,"Swanson, Taylor",True,13,0,1,0.0,0,0,,0,0,,1,1,2,1,0,1,1,0,0
2026-02-21_uc_davis_uc_riverside,UC Riverside,10,"Minshall, Makayla",False,10,2,3,0.667,0,1,0.0,0,0,,0,1,1,3,1,0,0,0,4
2026-02-21_uc_davis_uc_riverside,UC Riverside,09,"Chocano, Maya",False,27,1,4,0.25,1,4,0.25,0,0,,0,5,5,3,2,0,0,0,3
2026-02-21_uc_davis_uc_riverside,UC Riverside,23,"Mejia, Maria",False,5,1,2,0.5,0,1,0.0,0,0,,2,0,2,1,0,1,0,0,2
2026-02-21_uc_davis_uc_riverside,UC Riverside,32,"Moreno Tallon, Lucia",False,3,1,1,1.0,0,0,,0,0,,0,1,1,0,0,0,0,0,2
2026-02-21_uc_davis_uc_riverside,UC Riverside,TM,TEAM,False,0,0,0,,0,0,,0,0,,0,1,1,0,0,0,0,0,0
2026-02-21_uc_davis_uc_riverside,UC Davis,09,"Sussex, Avery",True,36,7,18,0.389,4,10,0.4,2,2,1.0,4,4,8,2,4,3,0,1,20
2026-02-21_uc_davis_uc_riverside,UC Davis,02,"Bennett, Ryann",True,39,5,9,0.556,2,4,0.5,7,9,0.778,0,4,4,0,3,1,0,1,19
2026-02-21_uc_davis_uc_riverside,UC Davis,10,"Young, Tegan",True,31,4,13,0.308,1,5,0.2,0,1,0.0,3,5,8,3,1,2,0,2,9
2026-02-21_uc_davis_uc_riverside,UC Davis,04,"Epps, Nya",True,29,3,8,0.375,1,3,0.333,2,2,1.0,0,2,2,4,0,2,0,1,9
2026-02-21_uc_davis_uc_riverside,UC Davis,25,"Norris, Megan",True,36,2,8,0.25,1,3,0.333,0,2,0.0,5,11,16,3,3,0,1,0,5
2026-02-21_uc_davis_uc_riverside,UC Davis,23,"Baker, Victoria",False,20,0,2,0.0,0,2,0.0,2,2,1.0,0,5,5,0,1,1,0,0,2
2026-02-21_uc_davis_uc_riverside,UC Davis,11,"Ersdala, Emmy",False,9,0,2,0.0,0,1,0.0,1,2,0.5,1,0,1,2,2,2,0,1,1
2026-02-21_uc_davis_uc_riverside,UC Davis,TM,TEAM,False,0,0,0,,0,0,,0,0,,2,0,2,0,0,1,0,0,0
2026-02-21_uc_santa_barbara_hawaii,Hawaii,12,"Perez, Imani",True,34,4,6,0.667,3,5,0.6,3,4,0.75,2,2,4,3,1,1,0,0,14
2026-02-21_uc_santa_barbara_hawaii,Hawaii,33,"Neverson, Saniyah",True,31,4,9,0.444,1,1,1.0,4,4,1.0,1,11,12,0,2,2,1,2,13
2026-02-21_uc_santa_barbara_hawaii,Hawaii,03,"Flavell, Bailey",True,31,4,12,0.333,2,4,0.5,2,2,1.0,0,7,7,2,2,3,0,0,12
2026-02-21_uc_santa_barbara_hawaii,Hawaii,22,"Peacock, Jade",True,20,4,7,0.571,0,3,0.0,0,0,,0,0,0,0,0,0,1,0,8
2026-02-21_uc_santa_barbara_hawaii,Hawaii,11,"Curtis, Keiara",True,29,1,11,0.091,0,3,0.0,2,2,1.0,1,5,6,4,4,4,0,3,4
2026-02-21_uc_santa_barbara_hawaii,Hawaii,02,"Bond, Teyahna",False,15,2,3,0.667,1,2,0.5,0,0,,1,3,4,2,2,0,0,0,5
2026-02-21_uc_santa_barbara_hawaii,Hawaii,24,"Tamilo, Ritorya",False,13,1,3,0.333,0,0,,0,0,,0,3,3,2,0,2,0,0,2
2026-02-21_uc_santa_barbara_hawaii,Hawaii,04,"Lefotu, Jovi",False,16,0,2,0.0,0,1,0.0,0,0,,0,3,3,2,1,0,1,0,0
2026-02-21_uc_santa_barbara_hawaii,Hawaii,06,"Webb, Kyra",False,7,0,1,0.0,0,0,,0,0,,0,1,1,0,1,1,0,0,0
2026-02-21_uc_santa_barbara_hawaii,Hawaii,08,"Moors, Rebecca",False,4,0,0,,0,0,,0,0,,0,0,0,0,0,0,0,0,0
2026-02-21_uc_santa_barbara_hawaii,Hawaii,TM,TEAM,False,0,0,0,,0,0,,0,0,,3,1,4,0,0,2,0,0,0
2026-02-21_uc_santa_barbara_hawaii,UC Santa Barbara,02,"Borter, Zoe",True,38,3,9,0.333,3,7,0.429,3,4,0.75,1,4,5,4,2,0,0,1,12
2026-02-21_uc_santa_barbara_hawaii,UC Santa Barbara,05,"Bradley, Olivia",True,32,3,8,0.375,0,4,0.0,0,0,,0,3,3,0,1,2,1,0,6
2026-02-21_uc_santa_barbara_hawaii,UC Santa Barbara,12,"Naro, Maddie",True,33,1,13,0.077,1,9,0.111,0,2,0.0,3,6,9,1,3,1,0,1,3
2026-02-21_uc_santa_barbara_hawaii,UC Santa Barbara,23,"Shaw, Zoe",True,21,1,10,0.1,1,8,0.125,0,0,,1,4,5,2,1,2,0,1,3
2026-02-21_uc_santa_barbara_hawaii,UC Santa Barbara,04,"Puente-Valverde, Júlia",True,9,1,1,1.0,0,0,,0,0,,1,2,3,3,0,1,0,0,2
2026-02-21_uc_santa_barbara_hawaii,UC Santa Barbara,55,"Burke, Skylar",False,34,5,15,0.333,3,6,0.5,3,4,0.75,3,3,6,1,2,0,0,2,16
2026-02-21_uc_santa_barbara_hawaii,UC Santa Barbara,15,"Andersen, Chauncey",False,20,3,6,0.5,2,5,0.4,2,2,1.0,0,3,3,3,0,2,0,0,10
2026-02-21_uc_santa_barbara_hawaii,UC Santa Barbara,32,"Grant, Jessica",False,13,0,2,0.0,0,2,0.0,0,0,,0,0,0,0,1,0,0,0,0
2026-02-21_uc_santa_barbara_hawaii,UC Santa Barbara,TM,TEAM,False,0,0,0,,0,0,,0,0,,3,1,4,0,0,1,0,0,0
2026-02-21_uc_san_diego_uc_irvine,UC Irvine,23,"Wynn, Jada",True,35,4,12,0.333,0,3,0.0,12,13,0.923,1,7,8,4,2,4,0,0,20
2026-02-21_uc_san_diego_uc_irvine,UC Irvine,20,"Hernandez, Hunter",True,37,6,15,0.4,0,2,0.0,6,7,0.857,1,4,5,1,0,3,0,2,18
2026-02-21_uc_san_diego_uc_irvine,UC Irvine,12,"Nahum, Shirel",True,38,3,10,0.3,0,2,0.0,6,8,0.75,1,2,3,4,2,4,0,1,12
2026-02-21_uc_san_diego_uc_irvine,UC Irvine,14,"Hanson, Summah",True,16,2,3,0.667,2,2,1.0,0,0,,2,3,5,5,0,1,0,0,6
2026-02-21_uc_san_diego_uc_irvine,UC Irvine,10,"Madsen, Lauryn",True,32,1,5,0.2,1,5,0.2,0,0,,0,2,2,0,2,1,0,2,3
2026-02-21_uc_san_diego_uc_irvine,UC Irvine,24,"Zonzon-Huyghe, Naomy",False,19,1,2,0.5,0,0,,4,5,0.8,2,3,5,0,0,0,0,2,6
2026-02-21_uc_san_diego_uc_irvine,UC Irvine,13,"Stores, Nohealani",False,19,2,4,0.5,0,0,,1,2,0.5,2,1,3,2,0,0,1,1,5
2026-02-21_uc_san_diego_uc_irvine,UC Irvine,09,"Falcon Hernandez, Daniela",False,3,0,0,,0,0,,0,0,,0,0,0,0,0,0,0,0,0
2026-02-21_uc_san_diego_uc_irvine,UC Irvine,01,"Grant, Ameerah",False,1,0,0,,0,0,,0,0,,0,0,0,1,0,1,0,0,0
2026-02-21_uc_san_diego_uc_irvine,UC Irvine,TM,TEAM,False,0,0,0,,0,0,,0,0,,2,1,3,0,0,1,0,0,0
2026-02-21_uc_san_diego_uc_irvine,UC San Diego,04,"Rose, Makayla",True,34,6,11,0.545,0,2,0.0,4,4,1.0,1,4,5,3,3,3,0,0,16
2026-02-21_uc_san_diego_uc_irvine,UC San Diego,11,"Condron, Erin",True,33,6,12,0.5,0,0,,2,2,1.0,5,6,11,4,2,2,1,1,14
2026-02-21_uc_san_diego_uc_irvine,UC San Diego,15,"Ma, Sabrina",True,38,3,7,0.429,3,7,0.429,0,0,,0,6,6,5,4,2,1,1,9
2026-02-21_uc_san_diego_uc_irvine,UC San Diego,12,"Smith, Rosa",True,35,2,11,0.182,1,8,0.125,2,2,1.0,1,0,1,4,1,3,0,3,7
2026-02-21_uc_san_diego_uc_irvine,UC San Diego,10,"Maxie, Dymonique",True,26,1,5,0.2,0,1,0.0,2,2,1.0,1,1,2,3,7,0,0,1,4
2026-02-21_uc_san_diego_uc_irvine,UC San Diego,13,"Feiman, Lev",False,13,5,10,0.5,2,5,0.4,0,0,,0,0,0,4,0,1,0,0,12
2026-02-21_uc_san_diego_uc_irvine,UC San Diego,30,"Sule, Damilola",False,7,1,1,1.0,0,0,,1,2,0.5,1,3,4,3,0,2,0,0,3
2026-02-21_uc_san_diego_uc_irvine,UC San Diego,21,"Polocheck, Nicki",False,6,1,1,1.0,0,0,,0,0,,1,0,1,1,0,0,1,1,2
2026-02-21_uc_san_diego_uc_irvine,UC San Diego,02,"Fairwell, Michaela",False,8,0,3,0.0,0,2,0.0,1,2,0.5,0,1,1,0,0,0,0,0,1
2026-02-21_uc_san_diego_uc_irvine,UC San Diego,TM,TEAM,False,0,0,0,,0,0,,0,0,,1,2,3,0,0,2,0,0,0
2026-02-21_csun_long_beach_st,Long Beach St.,13,"Pepe, Khylee",True,37,8,12,0.667,1,2,0.5,7,11,0.636,0,6,6,4,2,7,0,3,24
2026-02-21_csun_long_beach_st,Long Beach St.,30,"Jones-brown, Jaquoia",True,33,2,8,0.25,0,2,0.0,13,13,1.0,1,1,2,3,1,1,1,1,17
2026-02-21_csun_long_beach_st,Long Beach St.,5,"Ka, Kennan",True,33,6,10,0.6,0,2,0.0,2,2,1.0,2,2,4,3,4,3,3,1,14
2026-02-21_csun_long_beach_st,Long Beach St.,32,"Pukis, Brynna",True,30,2,6,0.333,1,4,0.25,5,6,0.833,0,0,0,1,2,6,0,1,10
2026-02-21_csun_long_beach_st,Long Beach St.,2,"Akot, Rosie",True,31,2,5,0.4,0,3,0.0,4,4,1.0,3,5,8,4,0,3,1,1,8
2026-02-21_csun_long_beach_st,Long Beach St.,25,"Mack, Morgan",False,13,0,2,0.0,0,0,,2,2,1.0,0,1,1,2,1,3,0,0,2
2026-02-21_csun_long_beach_st,Long Beach St.,10,"Reynoso, Christy",False,18,0,1,0.0,0,1,0.0,0,0,,0,2,2,3,0,1,0,1,0
2026-02-21_csun_long_beach_st,Long Beach St.,3,"Samuel  - Afolabi, Tairat",False,5,0,0,,0,0,,0,0,,0,1,1,1,0,1,0,0,0
2026-02-21_csun_long_beach_st,Long Beach St.,TM,TEAM,False,0,0,0,,0,0,,0,0,,3,4,7,0,0,2,0,0,0
2026-02-21_csun_long_beach_st,CSUN,2,"White, Saray",True,37,7,11,0.636,0,1,0.0,5,8,0.625,0,3,3,3,3,0,1,6,19
2026-02-21_csun_long_beach_st,CSUN,00,"Gbemuotor, Jite",True,28,7,10,0.7,0,0,,2,3,0.667,5,5,10,4,3,2,0,2,16
2026-02-21_csun_long_beach_st,CSUN,4,"Edwards, Morgan",True,38,3,10,0.3,2,6,0.333,1,2,0.5,0,1,1,3,2,5,0,0,9
2026-02-21_csun_long_beach_st,CSUN,12,"Aspajo, Erika",True,23,4,7,0.571,1,1,1.0,0,0,,2,3,5,5,4,4,0,4,9
2026-02-21_csun_long_beach_st,CSUN,24,"Cos-morales, Mariona",True,8,0,2,0.0,0,1,0.0,0,0,,1,0,1,5,1,1,0,1,0
2026-02-21_csun_long_beach_st,CSUN,33,"Nazário, Rita",False,36,5,9,0.556,4,7,0.571,6,6,1.0,0,1,1,4,1,2,1,2,20
2026-02-21_csun_long_beach_st,CSUN,10,"Lizama, Alondra",False,6,3,3,1.0,0,0,,1,2,0.5,1,0,1,3,0,1,0,0,7
2026-02-21_csun_long_beach_st,CSUN,1,"Moody, Amya",False,14,1,3,0.333,0,0,,1,2,0.5,0,0,0,1,1,2,0,1,3
2026-02-21_csun_long_beach_st,CSUN,34,"Bernard, Nadia",False,6,1,3,0.333,0,0,,0,0,,0,2,2,2,0,0,1,0,2
2026-02-21_csun_long_beach_st,CSUN,22,"Dahlin, Laini",False,4,0,0,,0,0,,0,0,,0,0,0,1,0,2,0,1,0
2026-02-21_csun_long_beach_st,CSUN,TM,TEAM,False,0,0,0,,0,0,,0,0,,0,2,2,0,0,0,0,0,0
2026-02-21_cal_st_fullerton_csu_bakersfield,CSU Bakersfield,12,"Coleman, Chrishawn",True,37,6,18,0.333,1,3,0.333,7,9,0.778,1,4,5,4,1,3,0,3,20
2026-02-21_cal_st_fullerton_csu_bakersfield,CSU Bakersfield,21,"Sutherland, Tianna",True,13,3,4,0.75,1,2,0.5,1,1,1.0,0,1,1,0,0,1,0,1,8
2026-02-21_cal_st_fullerton_csu_bakersfield,CSU Bakersfield,24,"Ikidi, Tena",True,26,2,5,0.4,0,0,,2,3,0.667,5,8,13,5,1,3,5,0,6
2026-02-21_cal_st_fullerton_csu_bakersfield,CSU Bakersfield,08,"Langi, Marley",True,18,0,8,0.0,0,4,0.0,3,4,0.75,0,1,1,4,1,4,0,0,3
2026-02-21_cal_st_fullerton_csu_bakersfield,CSU Bakersfield,02,"Carter, Aliyah",True,31,0,3,0.0,0,1,0.0,0,0,,1,4,5,5,1,5,0,4,0
2026-02-21_cal_st_fullerton_csu_bakersfield,CSU Bakersfield,14,"Hawkins, Morgan",False,33,5,11,0.455,1,4,0.25,0,0,,1,3,4,3,3,1,0,2,11
2026-02-21_cal_st_fullerton_csu_bakersfield,CSU Bakersfield,11,"Dias, Maria",False,12,2,7,0.286,1,1,1.0,1,2,0.5,0,1,1,0,0,1,0,0,6
2026-02-21_cal_st_fullerton_csu_bakersfield,CSU Bakersfield,22,"Kincade, Dae'Jaidence",False,20,1,2,0.5,0,0,,0,0,,2,1,3,4,1,1,0,0,2
2026-02-21_cal_st_fullerton_csu_bakersfield,CSU Bakersfield,01,"Finley, Zalissa",False,7,0,1,0.0,0,1,0.0,1,2,0.5,0,0,0,0,0,0,0,0,1
2026-02-21_cal_st_fullerton_csu_bakersfield,CSU Bakersfield,55,"Puletasi, Adrienne",False,3,0,0,,0,0,,0,0,,0,0,0,0,0,0,0,1,0
2026-02-21_cal_st_fullerton_csu_bakersfield,CSU Bakersfield,TM,TEAM,False,0,0,0,,0,0,,0,0,,3,3,6,0,0,1,0,0,0
2026-02-21_cal_st_fullerton_csu_bakersfield,Cal St. Fullerton,55,"Jones, Cristina",True,40,8,19,0.421,0,0,,5,12,0.417,9,12,21,3,1,4,0,4,21
2026-02-21_cal_st_fullerton_csu_bakersfield,Cal St. Fullerton,00,"Steiner, Nicole",True,21,5,8,0.625,0,0,,2,3,0.667,4,3,7,4,1,2,0,1,12
2026-02-21_cal_st_fullerton_csu_bakersfield,Cal St. Fullerton,03,"Tauro, Maddy",True,35,3,13,0.231,0,0,,2,4,0.5,0,6,6,4,0,1,1,0,8
2026-02-21_cal_st_fullerton_csu_bakersfield,Cal St. Fullerton,10,"Swindle, Dylan",True,34,2,4,0.5,2,3,0.667,0,2,0.0,0,1,1,2,0,5,0,2,6
2026-02-21_cal_st_fullerton_csu_bakersfield,Cal St. Fullerton,33,"Pearson, Kya",True,13,1,2,0.5,0,0,,1,1,1.0,0,1,1,4,1,2,0,1,3
2026-02-21_cal_st_fullerton_csu_bakersfield,Cal St. Fullerton,04,"Falsdottir, Jana",False,22,1,7,0.143,1,6,0.167,1,2,0.5,0,0,0,5,4,2,1,1,4
2026-02-21_cal_st_fullerton_csu_bakersfield,Cal St. Fullerton,23,"Maxwell, Talia",False,20,2,6,0.333,0,0,,0,0,,2,3,5,1,1,0,0,1,4
2026-02-21_cal_st_fullerton_csu_bakersfield,Cal St. Fullerton,05,"Sutisna, Maxine",False,2,1,1,1.0,0,0,,0,0,,0,0,0,0,0,0,0,0,2
2026-02-21_cal_st_fullerton_csu_bakersfield,Cal St. Fullerton,22,"Muniz, Madelynn",False,8,0,0,,0,0,,0,0,,0,1,1,2,1,1,0,0,0
2026-02-21_cal_st_fullerton_csu_bakersfield,Cal St. Fullerton,01,"Moon, Mimi",False,5,0,1,0.0,0,0,,0,0,,0,0,0,0,0,1,0,0,0
2026-02-21_cal_st_fullerton_csu_bakersfield,Cal St. Fullerton,TM,TEAM,False,0,0,0,,0,0,,0,0,,3,2,5,0,0,1,0,0,0
2026-02-26_hawaii_uc_davis,UC Davis,04,"Epps, Nya",True,33,7,16,0.438,1,4,0.25,0,0,,0,0,0,3,0,2,1,0,15
2026-02-26_hawaii_uc_davis,UC Davis,02,"Bennett, Ryann",True,36,5,15,0.333,1,6,0.167,0,2,0.0,1,2,3,1,4,2,0,0,11
2026-02-26_hawaii_uc_davis,UC Davis,09,"Sussex, Avery",True,32,3,11,0.273,1,8,0.125,0,0,,0,2,2,2,2,1,0,3,7
2026-02-26_hawaii_uc_davis,UC Davis,25,"Norris, Megan",True,32,2,4,0.5,1,2,0.5,0,0,,1,8,9,2,2,4,1,1,5
2026-02-26_hawaii_uc_davis,UC Davis,10,"Young, Tegan",True,31,1,3,0.333,1,2,0.5,0,0,,0,4,4,1,1,2,0,1,3
2026-02-26_hawaii_uc_davis,UC Davis,11,"Ersdala, Emmy",False,14,1,1,1.0,1,1,1.0,0,0,,0,3,3,0,0,0,0,0,3
2026-02-26_hawaii_uc_davis,UC Davis,23,"Baker, Victoria",False,14,1,6,0.167,0,3,0.0,0,0,,0,0,0,1,0,0,0,1,2
2026-02-26_hawaii_uc_davis,UC Davis,15,"Lentfer, Sophie",False,3,0,0,,0,0,,0,0,,2,0,2,0,0,1,0,0,0
2026-02-26_hawaii_uc_davis,UC Davis,21,"Tsami, Theoni",False,3,0,0,,0,0,,0,0,,0,0,0,0,0,0,0,0,0
2026-02-26_hawaii_uc_davis,UC Davis,01,"Davis, Carrington",False,2,0,0,,0,0,,0,2,0.0,0,0,0,0,0,0,0,0,0
2026-02-26_hawaii_uc_davis,UC Davis,TM,TEAM,False,0,0,0,,0,0,,0,0,,2,5,7,0,0,0,0,0,0
2026-02-26_hawaii_uc_davis,Hawaii,03,"Flavell, Bailey",True,27,4,10,0.4,2,6,0.333,6,6,1.0,1,7,8,0,2,1,1,1,16
2026-02-26_hawaii_uc_davis,Hawaii,11,"Curtis, Keiara",True,29,5,12,0.417,2,3,0.667,3,3,1.0,1,2,3,1,3,1,0,1,15
2026-02-26_hawaii_uc_davis,Hawaii,33,"Neverson, Saniyah",True,26,6,10,0.6,3,3,1.0,0,0,,0,4,4,1,2,3,1,1,15
2026-02-26_hawaii_uc_davis,Hawaii,12,"Perez, Imani",True,30,1,6,0.167,0,2,0.0,0,0,,0,2,2,0,0,1,0,0,2
2026-02-26_hawaii_uc_davis,Hawaii,22,"Peacock, Jade",True,10,0,0,,0,0,,0,0,,0,2,2,0,0,0,1,0,0
2026-02-26_hawaii_uc_davis,Hawaii,06,"Webb, Kyra",False,16,3,5,0.6,1,2,0.5,0,0,,0,4,4,2,0,1,0,1,7
2026-02-26_hawaii_uc_davis,Hawaii,08,"Moors, Rebecca",False,11,2,3,0.667,1,1,1.0,0,0,,1,1,2,2,1,0,0,0,5
2026-02-26_hawaii_uc_davis,Hawaii,20,"Forsyth, Izzy",False,8,1,3,0.333,1,3,0.333,0,0,,2,0,2,1,0,0,0,0,3
2026-02-26_hawaii_uc_davis,Hawaii,02,"Bond, Teyahna",False,14,1,3,0.333,0,1,0.0,0,0,,0,1,1,1,1,1,0,1,2
2026-02-26_hawaii_uc_davis,Hawaii,24,"Tamilo, Ritorya",False,13,1,3,0.333,0,0,,0,0,,2,4,6,1,0,0,0,2,2
2026-02-26_hawaii_uc_davis,Hawaii,04,"Lefotu, Jovi",False,11,0,1,0.0,0,0,,0,0,,0,1,1,0,0,2,0,0,0
2026-02-26_hawaii_uc_davis,Hawaii,01,"Filemu, Kira-May",False,2,0,0,,0,0,,0,0,,0,0,0,0,0,0,0,0,0
2026-02-26_hawaii_uc_davis,Hawaii,17,"Serra, Fiamma",False,2,0,1,0.0,0,0,,0,0,,0,1,1,0,0,0,0,0,0
2026-02-26_hawaii_uc_davis,Hawaii,07,"Collins, Ella",False,1,0,1,0.0,0,1,0.0,0,0,,0,0,0,0,0,0,0,0,0
2026-02-26_hawaii_uc_davis,Hawaii,TM,TEAM,False,0,0,0,,0,0,,0,0,,2,3,5,0,0,1,0,0,0
2026-02-26_uc_irvine_csun,CSUN,2,"White, Saray",True,37,9,14,0.643,2,3,0.667,3,5,0.6,3,4,7,4,5,3,2,4,23
2026-02-26_uc_irvine_csun,CSUN,00,"Gbemuotor, Jite",True,31,6,9,0.667,0,0,,0,0,,3,12,15,1,0,0,4,0,12
2026-02-26_uc_irvine_csun,CSUN,24,"Cos-morales, Mariona",True,29,2,6,0.333,1,2,0.5,0,0,,2,4,6,3,1,3,1,1,5
2026-02-26_uc_irvine_csun,CSUN,4,"Edwards, Morgan",True,21,1,5,0.2,1,5,0.2,0,0,,0,2,2,1,1,2,0,0,3
2026-02-26_uc_irvine_csun,CSUN,12,"Aspajo, Erika",True,23,0,5,0.0,0,2,0.0,0,0,,0,3,3,4,4,3,1,1,0
2026-02-26_uc_irvine_csun,CSUN,10,"Lizama, Alondra",False,18,2,6,0.333,1,2,0.5,3,3,1.0,0,0,0,0,0,0,0,1,8
2026-02-26_uc_irvine_csun,CSUN,33,"Nazario, Rita",False,24,1,9,0.111,1,9,0.111,3,3,1.0,0,1,1,2,2,0,0,1,6
2026-02-26_uc_irvine_csun,CSUN,3,"Tumlin, Kelly",False,14,0,3,0.0,0,3,0.0,0,0,,0,0,0,4,0,3,0,1,0
2026-02-26_uc_irvine_csun,CSUN,1,"Moody, Amya",False,3,0,2,0.0,0,2,0.0,0,0,,0,0,0,0,0,0,0,0,0
2026-02-26_uc_irvine_csun,CSUN,TM,TEAM,False,0,0,0,,0,0,,0,0,,1,6,7,0,0,0,0,0,0
2026-02-26_uc_irvine_csun,UC Irvine,20,"Hernandez, Hunter",True,39,5,21,0.238,2,7,0.286,6,7,0.857,1,4,5,0,4,4,0,0,18
2026-02-26_uc_irvine_csun,UC Irvine,10,"Madsen, Lauryn",True,35,5,12,0.417,5,12,0.417,0,0,,0,1,1,2,0,0,0,4,15
2026-02-26_uc_irvine_csun,UC Irvine,14,"Hanson, Summah",True,30,3,10,0.3,2,7,0.286,5,6,0.833,4,7,11,3,0,0,2,1,13
2026-02-26_uc_irvine_csun,UC Irvine,23,"Wynn, Jada",True,40,3,13,0.231,2,8,0.25,0,0,,0,12,12,2,4,4,0,1,8
2026-02-26_uc_irvine_csun,UC Irvine,12,"Nahum, Shirel",True,24,0,3,0.0,0,0,,2,2,1.0,1,1,2,3,4,0,0,0,2
2026-02-26_uc_irvine_csun,UC Irvine,24,"Zonzon-huyghe, Naomy",False,19,1,5,0.2,1,2,0.5,1,2,0.5,1,3,4,1,0,0,1,1,4
2026-02-26_uc_irvine_csun,UC Irvine,13,"Stores, Nohe'alani",False,10,0,0,,0,0,,0,0,,1,1,2,1,0,1,0,0,0
2026-02-26_uc_irvine_csun,UC Irvine,1,"Grant, Ameerah",False,3,0,0,,0,0,,0,0,,0,0,0,2,0,1,0,0,0
2026-02-26_uc_irvine_csun,UC Irvine,TM,TEAM,False,0,0,0,,0,0,,0,0,,6,0,6,0,0,0,0,0,0
2026-02-26_csu_bakersfield_uc_san_diego,UC San Diego,04,"Rose, Makayla",True,38,6,9,0.667,0,1,0.0,7,10,0.7,1,4,5,2,1,1,0,1,19
2026-02-26_csu_bakersfield_uc_san_diego,UC San Diego,11,"Condron, Erin",True,38,4,15,0.267,0,0,,8,10,0.8,3,6,9,3,1,1,1,0,16
2026-02-26_csu_bakersfield_uc_san_diego,UC San Diego,10,"Maxie, Dymonique",True,38,5,10,0.5,0,1,0.0,5,8,0.625,2,5,7,3,2,2,0,1,15
2026-02-26_csu_bakersfield_uc_san_diego,UC San Diego,12,"Smith, Rosa",True,28,6,8,0.75,2,4,0.5,1,2,0.5,1,1,2,5,1,1,1,2,15
2026-02-26_csu_bakersfield_uc_san_diego,UC San Diego,15,"Ma, Sabrina",True,25,4,10,0.4,1,6,0.167,0,0,,1,4,5,0,1,0,0,0,9
2026-02-26_csu_bakersfield_uc_san_diego,UC San Diego,02,"Fairwell, Michaela",False,19,1,1,1.0,1,1,1.0,6,8,0.75,0,3,3,0,1,1,0,0,9
2026-02-26_csu_bakersfield_uc_san_diego,UC San Diego,13,"Feiman, Lev",False,11,1,2,0.5,0,1,0.0,0,0,,0,2,2,1,1,0,0,3,2
2026-02-26_csu_bakersfield_uc_san_diego,UC San Diego,30,"Sule, Damilola",False,2,0,2,0.0,0,0,,0,0,,1,1,2,0,0,0,0,0,0
2026-02-26_csu_bakersfield_uc_san_diego,UC San Diego,21,"Polocheck, Nicki",False,1,0,0,,0,0,,0,0,,0,0,0,1,0,0,0,0,0
2026-02-26_csu_bakersfield_uc_san_diego,UC San Diego,TM,TEAM,False,0,0,0,,0,0,,0,0,,3,5,8,0,0,0,0,0,0
2026-02-26_csu_bakersfield_uc_san_diego,CSU Bakersfield,08,"Langi, Marley",True,32,7,16,0.438,5,10,0.5,2,2,1.0,1,4,5,5,2,2,0,0,21
2026-02-26_csu_bakersfield_uc_san_diego,CSU Bakersfield,11,"Dias, Maria",True,27,7,13,0.538,3,5,0.6,0,1,0.0,1,5,6,2,1,1,1,0,17
2026-02-26_csu_bakersfield_uc_san_diego,CSU Bakersfield,12,"Coleman , Chrishawn",True,33,4,13,0.308,1,5,0.2,2,2,1.0,1,2,3,3,0,2,0,2,11
2026-02-26_csu_bakersfield_uc_san_diego,CSU Bakersfield,24,"Ikidi, Tena",True,24,3,9,0.333,0,0,,1,2,0.5,3,5,8,5,1,0,2,0,7
2026-02-26_csu_bakersfield_uc_san_diego,CSU Bakersfield,14,"Hawkins, Morgan",True,31,1,2,0.5,0,0,,3,4,0.75,0,1,1,4,7,1,0,0,5
2026-02-26_csu_bakersfield_uc_san_diego,CSU Bakersfield,22,"Kincade, Dae’Jaidence",False,19,3,7,0.429,0,0,,2,2,1.0,2,1,3,3,1,1,0,0,8
2026-02-26_csu_bakersfield_uc_san_diego,CSU Bakersfield,21,"Sutherland, Tianna",False,24,2,5,0.4,1,1,1.0,2,2,1.0,1,1,2,1,0,1,0,0,7
2026-02-26_csu_bakersfield_uc_san_diego,CSU Bakersfield,04,"Powell, Ophelia",False,5,1,1,1.0,0,0,,1,1,1.0,1,0,1,0,1,0,0,0,3
2026-02-26_csu_bakersfield_uc_san_diego,CSU Bakersfield,01,"Finley, Zalissa",False,5,0,0,,0,0,,0,0,,0,2,2,2,0,0,0,0,0
2026-02-26_csu_bakersfield_uc_san_diego,CSU Bakersfield,TM,TEAM,False,0,0,0,,0,0,,0,0,,0,3,3,0,0,1,0,0,0
2026-02-26_uc_riverside_uc_santa_barbara,UC Santa Barbara,55,"Burke, Skylar",True,34,5,9,0.556,0,2,0.0,5,6,0.833,2,10,12,3,3,4,0,2,15
2026-02-26_uc_riverside_uc_santa_barbara,UC Santa Barbara,5,"Bradley, Olivia",True,32,5,13,0.385,1,4,0.25,3,4,0.75,2,3,5,2,1,2,0,0,14
2026-02-26_uc_riverside_uc_santa_barbara,UC Santa Barbara,12,"Naro, Madison",True,34,4,7,0.571,4,6,0.667,0,0,,0,4,4,1,3,1,0,3,12
2026-02-26_uc_riverside_uc_santa_barbara,UC Santa Barbara,2,"Borter, Zoe",True,40,3,9,0.333,2,3,0.667,2,2,1.0,1,0,1,3,4,1,0,1,10
2026-02-26_uc_riverside_uc_santa_barbara,UC Santa Barbara,23,"Shaw, Zoe",True,29,0,5,0.0,0,5,0.0,1,2,0.5,0,1,1,1,0,0,0,0,1
2026-02-26_uc_riverside_uc_santa_barbara,UC Santa Barbara,15,"Andersen, Chauncey",False,11,2,5,0.4,0,0,,0,0,,0,0,0,3,1,3,0,0,4
2026-02-26_uc_riverside_uc_santa_barbara,UC Santa Barbara,32,"Grant, Jessica",False,10,1,2,0.5,1,2,0.5,0,0,,0,0,0,1,1,0,0,0,3
2026-02-26_uc_riverside_uc_santa_barbara,UC Santa Barbara,4,"Puente-valverde, Júlia",False,10,1,1,1.0,0,0,,0,1,0.0,0,1,1,2,1,0,0,0,2
2026-02-26_uc_riverside_uc_santa_barbara,UC Santa Barbara,TM,TEAM,False,0,0,0,,0,0,,0,0,,5,1,6,0,0,2,0,0,0
2026-02-26_uc_riverside_uc_santa_barbara,UC Riverside,7,"Wickstrom, Hannah",True,39,8,14,0.571,1,3,0.333,8,9,0.889,0,4,4,2,3,5,0,0,25
2026-02-26_uc_riverside_uc_santa_barbara,UC Riverside,1,"Polk, Kaylani",True,37,4,7,0.571,3,5,0.6,2,2,1.0,0,3,3,2,6,0,0,0,13
2026-02-26_uc_riverside_uc_santa_barbara,UC Riverside,41,"Shine, Bria",True,28,2,5,0.4,0,0,,1,2,0.5,3,2,5,3,3,2,1,1,5
2026-02-26_uc_riverside_uc_santa_barbara,UC Riverside,2,"Hackley, Seneca",True,33,2,6,0.333,0,2,0.0,0,0,,0,2,2,4,1,4,1,1,4
2026-02-26_uc_riverside_uc_santa_barbara,UC Riverside,22,"Swanson, Taylor",True,10,0,3,0.0,0,1,0.0,2,2,1.0,0,1,1,4,0,2,1,0,2
2026-02-26_uc_riverside_uc_santa_barbara,UC Riverside,9,"Chocano, Maya",False,31,3,5,0.6,2,3,0.667,0,0,,0,6,6,2,1,0,1,1,8
2026-02-26_uc_riverside_uc_santa_barbara,UC Riverside,32,"Moreno Tallon, Lucia",False,11,0,3,0.0,0,2,0.0,0,0,,0,0,0,1,0,0,0,1,0
2026-02-26_uc_riverside_uc_santa_barbara,UC Riverside,10,"Minshall, Makayla",False,8,0,1,0.0,0,0,,0,0,,1,0,1,2,0,2,0,0,0
2026-02-26_uc_riverside_uc_santa_barbara,UC Riverside,23,"Mejia, Maria",False,3,0,0,,0,0,,0,0,,0,0,0,0,0,0,0,0,0
2026-02-26_uc_riverside_uc_santa_barbara,UC Riverside,TM,TEAM,False,0,0,0,,0,0,,0,0,,1,4,5,0,0,1,0,0,0
2026-02-26_long_beach_st_cal_poly,Cal Poly,32,"Thompson, Charish",True,37,5,14,0.357,0,3,0.0,5,5,1.0,1,4,5,1,0,2,0,2,15
2026-02-26_long_beach_st_cal_poly,Cal Poly,00,"McManus, Vanessa",True,35,6,14,0.429,0,2,0.0,3,5,0.6,0,1,1,4,2,3,0,2,15
2026-02-26_long_beach_st_cal_poly,Cal Poly,22,"Goosby, Alana",True,37,4,11,0.364,1,4,0.25,0,0,,0,6,6,0,6,3,0,1,9
2026-02-26_long_beach_st_cal_poly,Cal Poly,7,"Billing, Jordan",True,9,0,0,,0,0,,0,0,,0,3,3,0,0,0,0,0,0
2026-02-26_long_beach_st_cal_poly,Cal Poly,21,"Vail, Dulci",True,7,0,2,0.0,0,0,,0,0,,0,0,0,2,0,1,0,1,0
2026-02-26_long_beach_st_cal_poly,Cal Poly,9,"Perez, Nora",False,27,2,5,0.4,0,1,0.0,2,4,0.5,3,3,6,4,2,1,0,1,6
2026-02-26_long_beach_st_cal_poly,Cal Poly,1,"Garcia, Arissa",False,25,1,5,0.2,1,2,0.5,2,2,1.0,1,2,3,2,2,3,0,2,5
2026-02-26_long_beach_st_cal_poly,Cal Poly,24,"Butcher, Madison",False,14,2,3,0.667,1,1,1.0,0,0,,0,0,0,0,0,0,0,1,5
2026-02-26_long_beach_st_cal_poly,Cal Poly,11,"Knapp, Avery",False,9,0,1,0.0,0,0,,2,2,1.0,3,2,5,1,0,0,0,0,2
2026-02-26_long_beach_st_cal_poly,Cal Poly,TM,TEAM,False,0,0,0,,0,0,,0,0,,2,0,2,0,0,0,0,0,0
2026-02-26_long_beach_st_cal_poly,Long Beach St.,30,"Jones-brown, Jaquoia",True,40,10,19,0.526,1,2,0.5,7,7,1.0,0,6,6,1,2,2,0,0,28
2026-02-26_long_beach_st_cal_poly,Long Beach St.,2,"Akot, Rosie",True,33,5,10,0.5,2,4,0.5,3,4,0.75,2,3,5,3,3,3,0,2,15
2026-02-26_long_beach_st_cal_poly,Long Beach St.,13,"Pepe, Khylee",True,27,2,7,0.286,1,1,1.0,2,4,0.5,2,6,8,1,3,3,0,1,7
2026-02-26_long_beach_st_cal_poly,Long Beach St.,32,"Pukis, Brynna",True,21,2,5,0.4,2,4,0.5,0,0,,0,2,2,1,1,1,0,0,6
2026-02-26_long_beach_st_cal_poly,Long Beach St.,5,"Ka, Kennan",True,29,2,4,0.5,0,1,0.0,1,2,0.5,0,3,3,4,4,2,0,1,5
2026-02-26_long_beach_st_cal_poly,Long Beach St.,42,"Oliva Fernandez, Judit",False,16,2,2,1.0,0,0,,0,0,,0,2,2,2,0,2,1,0,4
2026-02-26_long_beach_st_cal_poly,Long Beach St.,25,"Mack, Morgan",False,28,1,4,0.25,0,0,,0,0,,2,2,4,2,1,1,0,3,2
2026-02-26_long_beach_st_cal_poly,Long Beach St.,3,"Samuel-afolabi, Tairat",False,4,0,1,0.0,0,0,,0,0,,1,0,1,0,0,0,0,0,0
2026-02-26_long_beach_st_cal_poly,Long Beach St.,10,"Reynoso, Christy",False,2,0,0,,0,0,,0,0,,0,0,0,0,0,0,0,0,0
2026-02-26_long_beach_st_cal_poly,Long Beach St.,TM,TEAM,False,0,0,0,,0,0,,0,0,,1,1,2,0,0,0,0,0,0
2026-02-28_hawaii_cal_st_fullerton,Cal St. Fullerton,55,"Jones, Cristina",True,26,4,16,0.25,0,0,,2,2,1.0,0,2,2,1,0,2,0,3,10
2026-02-28_hawaii_cal_st_fullerton,Cal St. Fullerton,33,"Pearson, Kya",True,28,4,17,0.235,0,5,0.0,1,3,0.333,2,1,3,4,2,0,0,4,9
2026-02-28_hawaii_cal_st_fullerton,Cal St. Fullerton,10,"Swindle, Dylan",True,34,2,12,0.167,1,4,0.25,0,0,,1,4,5,1,1,1,0,0,5
2026-02-28_hawaii_cal_st_fullerton,Cal St. Fullerton,04,"Falsdottir, Jana",True,31,2,6,0.333,0,1,0.0,0,0,,4,2,6,1,3,2,0,1,4
2026-02-28_hawaii_cal_st_fullerton,Cal St. Fullerton,00,"Steiner, Nicole",True,22,0,4,0.0,0,0,,2,2,1.0,3,1,4,4,0,0,0,0,2
2026-02-28_hawaii_cal_st_fullerton,Cal St. Fullerton,23,"Maxwell, Talia",False,26,4,7,0.571,0,0,,2,3,0.667,2,1,3,0,0,1,0,1,10
2026-02-28_hawaii_cal_st_fullerton,Cal St. Fullerton,22,"Muniz, Madelynn",False,17,2,5,0.4,2,5,0.4,0,0,,0,2,2,0,0,2,0,0,6
2026-02-28_hawaii_cal_st_fullerton,Cal St. Fullerton,05,"Sutisna, Maxine",False,9,1,4,0.25,1,2,0.5,0,0,,3,2,5,0,2,1,0,1,3
2026-02-28_hawaii_cal_st_fullerton,Cal St. Fullerton,01,"Moon, Mimi",False,3,0,0,,0,0,,0,0,,0,0,0,2,0,0,0,0,0
2026-02-28_hawaii_cal_st_fullerton,Cal St. Fullerton,24,"Orhan, Basak",False,3,0,0,,0,0,,0,0,,0,0,0,0,1,0,0,0,0
2026-02-28_hawaii_cal_st_fullerton,Cal St. Fullerton,13,"Petersen, Lilliana",False,1,0,0,,0,0,,0,0,,0,0,0,0,0,0,0,0,0
2026-02-28_hawaii_cal_st_fullerton,Cal St. Fullerton,TM,TEAM,False,0,0,0,,0,0,,0,0,,4,1,5,0,0,0,0,0,0
2026-02-28_hawaii_cal_st_fullerton,Hawaii,33,"Neverson, Saniyah",True,24,5,8,0.625,2,4,0.5,0,0,,0,7,7,1,4,1,1,1,12
2026-02-28_hawaii_cal_st_fullerton,Hawaii,12,"Perez, Imani",True,34,3,6,0.5,2,4,0.5,0,0,,3,3,6,3,1,1,2,0,8
2026-02-28_hawaii_cal_st_fullerton,Hawaii,11,"Curtis, Keiara",True,25,3,7,0.429,1,3,0.333,1,2,0.5,0,3,3,3,1,3,0,0,8
2026-02-28_hawaii_cal_st_fullerton,Hawaii,20,"Forsyth, Izzy",True,15,3,4,0.75,2,3,0.667,0,0,,0,1,1,0,0,2,1,0,8
2026-02-28_hawaii_cal_st_fullerton,Hawaii,03,"Flavell, Bailey",True,34,2,9,0.222,0,3,0.0,2,2,1.0,0,7,7,2,4,2,1,0,6
2026-02-28_hawaii_cal_st_fullerton,Hawaii,24,"Tamilo, Ritorya",False,15,5,6,0.833,0,0,,0,0,,4,3,7,2,2,0,3,3,10
2026-02-28_hawaii_cal_st_fullerton,Hawaii,08,"Moors, Rebecca",False,8,2,2,1.0,1,1,1.0,2,2,1.0,1,2,3,0,1,1,0,0,7
2026-02-28_hawaii_cal_st_fullerton,Hawaii,06,"Webb, Kyra",False,15,2,5,0.4,1,2,0.5,1,2,0.5,1,3,4,2,1,4,1,0,6
2026-02-28_hawaii_cal_st_fullerton,Hawaii,02,"Bond, Teyahna",False,9,0,2,0.0,0,1,0.0,2,2,1.0,1,0,1,1,1,2,0,0,2
2026-02-28_hawaii_cal_st_fullerton,Hawaii,04,"Lefotu, Jovi",False,11,0,1,0.0,0,0,,0,0,,0,1,1,0,1,1,0,1,0
2026-02-28_hawaii_cal_st_fullerton,Hawaii,22,"Peacock, Jade",False,5,0,1,0.0,0,1,0.0,0,0,,0,0,0,1,0,1,0,0,0
2026-02-28_hawaii_cal_st_fullerton,Hawaii,01,"Filemu, Kira-May",False,2,0,0,,0,0,,0,0,,0,0,0,0,0,0,0,0,0
2026-02-28_hawaii_cal_st_fullerton,Hawaii,07,"Collins, Ella",False,2,0,0,,0,0,,0,0,,0,0,0,0,0,0,0,0,0
2026-02-28_hawaii_cal_st_fullerton,Hawaii,17,"Serra, Fiamma",False,1,0,0,,0,0,,0,0,,0,0,0,0,0,0,0,0,0
2026-02-28_hawaii_cal_st_fullerton,Hawaii,TM,TEAM,False,0,0,0,,0,0,,0,0,,1,3,4,0,0,1,0,0,0
2026-02-28_uc_santa_barbara_uc_irvine,UC Irvine,20,"Hernandez, Hunter",True,40,8,15,0.533,1,3,0.333,9,10,0.9,2,4,6,4,4,0,0,0,26
2026-02-28_uc_santa_barbara_uc_irvine,UC Irvine,12,"Nahum, Shirel",True,32,6,15,0.4,4,9,0.444,2,2,1.0,1,2,3,4,2,4,0,1,18
2026-02-28_uc_santa_barbara_uc_irvine,UC Irvine,23,"Wynn, Jada",True,37,3,15,0.2,1,2,0.5,3,3,1.0,1,8,9,2,3,3,1,1,10
2026-02-28_uc_santa_barbara_uc_irvine,UC Irvine,14,"Hanson, Summah",True,18,1,4,0.25,1,2,0.5,0,0,,2,1,3,0,1,0,0,0,3
2026-02-28_uc_santa_barbara_uc_irvine,UC Irvine,10,"Madsen, Lauryn",True,38,0,2,0.0,0,2,0.0,0,0,,0,2,2,1,0,1,0,2,0
2026-02-28_uc_santa_barbara_uc_irvine,UC Irvine,01,"Grant, Ameerah",False,4,1,1,1.0,1,1,1.0,0,0,,0,1,1,0,0,1,0,0,3
2026-02-28_uc_santa_barbara_uc_irvine,UC Irvine,13,"Stores, Nohealani",False,9,0,2,0.0,0,0,,2,2,1.0,2,0,2,2,0,1,0,0,2
2026-02-28_uc_santa_barbara_uc_irvine,UC Irvine,24,"Zonzon-Huyghe, Naomy",False,15,0,1,0.0,0,1,0.0,0,0,,0,1,1,5,1,2,0,0,0
2026-02-28_uc_santa_barbara_uc_irvine,UC Irvine,09,"Falcon Hernandez, Daniela",False,7,0,0,,0,0,,0,0,,0,1,1,0,0,0,0,0,0
2026-02-28_uc_santa_barbara_uc_irvine,UC Irvine,TM,TEAM,False,0,0,0,,0,0,,0,0,,2,2,4,0,0,0,0,0,0
2026-02-28_uc_santa_barbara_uc_irvine,UC Santa Barbara,02,"Borter, Zoe",True,40,4,10,0.4,3,7,0.429,7,7,1.0,0,3,3,3,1,2,0,0,18
2026-02-28_uc_santa_barbara_uc_irvine,UC Santa Barbara,05,"Bradley, Olivia",True,31,6,11,0.545,2,4,0.5,0,0,,0,7,7,2,1,3,1,0,14
2026-02-28_uc_santa_barbara_uc_irvine,UC Santa Barbara,12,"Naro, Maddie",True,37,5,12,0.417,2,8,0.25,0,4,0.0,0,2,2,4,8,0,0,1,12
2026-02-28_uc_santa_barbara_uc_irvine,UC Santa Barbara,23,"Shaw, Zoe",True,33,5,5,1.0,2,2,1.0,0,0,,1,5,6,2,0,1,0,2,12
2026-02-28_uc_santa_barbara_uc_irvine,UC Santa Barbara,55,"Burke, Skylar",True,28,2,4,0.5,0,0,,7,8,0.875,3,3,6,3,2,4,0,2,11
2026-02-28_uc_santa_barbara_uc_irvine,UC Santa Barbara,15,"Andersen, Chauncey",False,12,1,2,0.5,0,1,0.0,1,1,1.0,0,1,1,1,0,0,0,0,3
2026-02-28_uc_santa_barbara_uc_irvine,UC Santa Barbara,32,"Grant, Jessica",False,10,0,1,0.0,0,1,0.0,0,0,,0,2,2,0,0,0,0,0,0
2026-02-28_uc_santa_barbara_uc_irvine,UC Santa Barbara,04,"Puente-Valverde, Júlia",False,9,0,1,0.0,0,1,0.0,0,0,,0,3,3,0,0,1,0,0,0
2026-02-28_uc_santa_barbara_uc_irvine,UC Santa Barbara,TM,TEAM,False,0,0,0,,0,0,,0,0,,0,1,1,0,0,2,0,0,0
2026-02-28_cal_poly_uc_san_diego,UC San Diego,4,"Rose, Makayla",True,35,6,12,0.5,1,1,1.0,3,3,1.0,0,3,3,1,1,1,0,3,16
2026-02-28_cal_poly_uc_san_diego,UC San Diego,11,"Condron, Erin",True,27,5,12,0.417,0,0,,5,6,0.833,4,8,12,0,2,2,0,3,15
2026-02-28_cal_poly_uc_san_diego,UC San Diego,12,"Smith, Rosa",True,22,3,8,0.375,2,6,0.333,4,4,1.0,0,1,1,2,1,1,0,1,12
2026-02-28_cal_poly_uc_san_diego,UC San Diego,15,"Ma, Sabrina",True,19,3,10,0.3,3,9,0.333,0,0,,0,3,3,0,2,0,1,1,9
2026-02-28_cal_poly_uc_san_diego,UC San Diego,10,"Maxie, Dymonique",True,30,2,4,0.5,0,1,0.0,0,2,0.0,0,0,0,0,6,0,1,1,4
2026-02-28_cal_poly_uc_san_diego,UC San Diego,13,"Feiman, Lev",False,27,4,10,0.4,2,3,0.667,2,2,1.0,2,1,3,2,3,0,0,2,12
2026-02-28_cal_poly_uc_san_diego,UC San Diego,2,"Fairwell, Michaela",False,16,3,6,0.5,1,3,0.333,0,0,,0,2,2,0,1,2,1,0,7
2026-02-28_cal_poly_uc_san_diego,UC San Diego,24,"Price, Niya",False,4,2,3,0.667,1,2,0.5,0,0,,0,1,1,0,0,0,0,0,5
2026-02-28_cal_poly_uc_san_diego,UC San Diego,21,"Polocheck, Nicki",False,15,1,2,0.5,0,0,,1,2,0.5,0,2,2,0,0,0,0,0,3
2026-02-28_cal_poly_uc_san_diego,UC San Diego,30,"Sule, Damilola",False,5,1,2,0.5,0,0,,0,0,,2,2,4,1,0,0,0,0,2
2026-02-28_cal_poly_uc_san_diego,UC San Diego,TM,TEAM,False,0,0,0,,0,0,,0,0,,3,4,7,0,0,0,0,0,0
2026-02-28_cal_poly_uc_san_diego,Cal Poly,21,"Vail, Dulci",True,20,6,12,0.5,2,2,1.0,0,0,,0,1,1,0,1,1,1,0,14
2026-02-28_cal_poly_uc_san_diego,Cal Poly,00,"McManus, Vanessa",True,24,4,11,0.364,0,3,0.0,1,1,1.0,0,4,4,3,2,2,0,0,9
2026-02-28_cal_poly_uc_san_diego,Cal Poly,32,"Thompson, Charish",True,23,3,10,0.3,0,2,0.0,0,0,,2,2,4,3,0,2,0,0,6
2026-02-28_cal_poly_uc_san_diego,Cal Poly,7,"Billing, Jordan",True,13,2,2,1.0,1,1,1.0,0,0,,0,1,1,1,1,0,1,0,5
2026-02-28_cal_poly_uc_san_diego,Cal Poly,22,"Goosby, Alana",True,34,1,4,0.25,0,1,0.0,0,0,,0,7,7,0,6,6,0,1,2
2026-02-28_cal_poly_uc_san_diego,Cal Poly,9,"Perez, Nora",False,23,5,6,0.833,1,1,1.0,1,1,1.0,1,2,3,2,2,1,1,1,12
2026-02-28_cal_poly_uc_san_diego,Cal Poly,1,"Garcia, Arissa",False,24,2,4,0.5,0,0,,0,0,,0,1,1,2,0,5,0,2,4
2026-02-28_cal_poly_uc_san_diego,Cal Poly,25,"Sharvit, Maya",False,6,2,4,0.5,0,0,,0,0,,1,2,3,1,0,1,0,0,4
2026-02-28_cal_poly_uc_san_diego,Cal Poly,24,"Butcher, Madison",False,16,1,3,0.333,1,3,0.333,0,0,,0,3,3,1,0,1,0,0,3
2026-02-28_cal_poly_uc_san_diego,Cal Poly,11,"Knapp, Avery",False,5,0,1,0.0,0,1,0.0,2,2,1.0,0,1,1,1,1,0,0,0,2
2026-02-28_cal_poly_uc_san_diego,Cal Poly,23,"Moleón Hidalgo, Ana",False,6,0,0,,0,0,,0,0,,0,0,0,1,0,1,0,0,0
2026-02-28_cal_poly_uc_san_diego,Cal Poly,8,"Peiffer, Katie",False,3,0,0,,0,0,,0,0,,0,0,0,0,2,0,0,0,0
2026-02-28_cal_poly_uc_san_diego,Cal Poly,14,"Bears, Gillian",False,3,0,0,,0,0,,0,0,,0,0,0,0,0,0,0,0,0
2026-02-28_cal_poly_uc_san_diego,Cal Poly,TM,TEAM,False,0,0,0,,0,0,,0,0,,0,5,5,0,0,0,0,0,0
2026-02-28_long_beach_st_csu_bakersfield,CSU Bakersfield,14,"Hawkins, Morgan",True,45,7,15,0.467,2,5,0.4,0,0,,0,4,4,4,5,2,0,0,16
2026-02-28_long_beach_st_csu_bakersfield,CSU Bakersfield,11,"Dias, Maria",True,35,4,18,0.222,2,8,0.25,0,1,0.0,2,4,6,1,1,2,0,1,10
2026-02-28_long_beach_st_csu_bakersfield,CSU Bakersfield,12,"Coleman, Chrishawn",True,11,2,6,0.333,0,3,0.0,1,3,0.333,0,2,2,1,1,1,0,2,5
2026-02-28_long_beach_st_csu_bakersfield,CSU Bakersfield,24,"Ikidi, Tena",True,34,2,8,0.25,0,0,,0,0,,5,7,12,4,1,1,3,1,4
2026-02-28_long_beach_st_csu_bakersfield,CSU Bakersfield,8,"Langi, Marley",True,25,1,12,0.083,1,7,0.143,0,0,,1,3,4,4,2,1,1,0,3
2026-02-28_long_beach_st_csu_bakersfield,CSU Bakersfield,21,"Sutherland, Tianna",False,35,7,14,0.5,3,5,0.6,2,3,0.667,2,1,3,4,0,2,0,2,19
2026-02-28_long_beach_st_csu_bakersfield,CSU Bakersfield,22,"Kincade, Dae'jaidence",False,28,2,3,0.667,0,0,,0,0,,3,2,5,3,2,3,0,1,4
2026-02-28_long_beach_st_csu_bakersfield,CSU Bakersfield,55,"Puletasi, Adrienne",False,5,0,1,0.0,0,0,,1,2,0.5,0,0,0,0,0,0,0,0,1
2026-02-28_long_beach_st_csu_bakersfield,CSU Bakersfield,4,"Powell, Ophelia",False,5,0,0,,0,0,,0,0,,0,0,0,0,0,1,0,0,0
2026-02-28_long_beach_st_csu_bakersfield,CSU Bakersfield,1,"Finley, Zalissa",False,2,0,0,,0,0,,0,0,,0,1,1,0,0,0,0,0,0
2026-02-28_long_beach_st_csu_bakersfield,CSU Bakersfield,TM,TEAM,False,0,0,0,,0,0,,0,0,,2,1,3,0,0,0,0,0,0
2026-02-28_long_beach_st_csu_bakersfield,Long Beach St.,30,"Jones-brown, Jaquoia",True,38,9,19,0.474,0,1,0.0,7,9,0.778,0,5,5,3,1,2,0,2,25
2026-02-28_long_beach_st_csu_bakersfield,Long Beach St.,13,"Pepe, Khylee",True,41,8,19,0.421,1,3,0.333,2,2,1.0,3,9,12,3,2,5,3,2,19
2026-02-28_long_beach_st_csu_bakersfield,Long Beach St.,5,"Ka, Kennan",True,39,3,6,0.5,1,1,1.0,3,4,0.75,1,4,5,0,3,0,1,1,10
2026-02-28_long_beach_st_csu_bakersfield,Long Beach St.,32,"Pukis, Brynna",True,42,1,4,0.25,1,2,0.5,4,4,1.0,1,3,4,2,5,0,0,2,7
2026-02-28_long_beach_st_csu_bakersfield,Long Beach St.,2,"Akot, Rosie",True,17,2,6,0.333,0,3,0.0,2,2,1.0,1,5,6,5,0,2,1,0,6
2026-02-28_long_beach_st_csu_bakersfield,Long Beach St.,3,"Samuel-afolabi, Tairat",False,15,1,1,1.0,0,0,,1,2,0.5,2,4,6,1,1,3,0,0,3
2026-02-28_long_beach_st_csu_bakersfield,Long Beach St.,25,"Mack, Morgan",False,22,1,2,0.5,0,1,0.0,0,2,0.0,1,3,4,2,0,1,0,1,2
2026-02-28_long_beach_st_csu_bakersfield,Long Beach St.,42,"Oliva Fernandez, Judit",False,11,0,4,0.0,0,1,0.0,0,0,,2,2,4,0,0,3,1,0,0
2026-02-28_long_beach_st_csu_bakersfield,Long Beach St.,TM,TEAM,False,0,0,0,,0,0,,0,0,,1,3,4,0,0,0,0,0,0
2026-02-28_csun_uc_riverside,UC Riverside,7,"Wickstrom, Hannah",True,32,8,19,0.421,3,7,0.429,5,8,0.625,2,10,12,4,2,3,0,0,24
2026-02-28_csun_uc_riverside,UC Riverside,2,"Hackley, Seneca",True,36,3,7,0.429,0,1,0.0,8,9,0.889,2,0,2,0,3,0,0,2,14
2026-02-28_csun_uc_riverside,UC Riverside,1,"Polk, Kaylani",True,34,4,7,0.571,2,3,0.667,2,2,1.0,1,3,4,2,4,3,1,1,12
2026-02-28_csun_uc_riverside,UC Riverside,22,"Swanson, Taylor",True,25,3,10,0.3,1,1,1.0,0,2,0.0,0,2,2,1,3,2,1,4,7
2026-02-28_csun_uc_riverside,UC Riverside,41,"Shine, Bria",True,33,2,7,0.286,0,0,,0,0,,3,4,7,0,3,1,0,1,4
2026-02-28_csun_uc_riverside,UC Riverside,23,"Mejia, Maria",False,9,1,1,1.0,1,1,1.0,0,0,,0,1,1,2,0,1,0,0,3
2026-02-28_csun_uc_riverside,UC Riverside,9,"Chocano, Maya",False,15,1,2,0.5,0,1,0.0,0,0,,0,2,2,0,1,3,0,0,2
2026-02-28_csun_uc_riverside,UC Riverside,10,"Minshall, Makayla",False,9,1,5,0.2,0,2,0.0,0,0,,0,1,1,1,1,2,0,0,2
2026-02-28_csun_uc_riverside,UC Riverside,32,"Moreno Tallon, Lucia",False,7,1,3,0.333,0,0,,0,0,,0,0,0,2,0,1,0,0,2
2026-02-28_csun_uc_riverside,UC Riverside,TM,TEAM,False,0,0,0,,0,0,,0,0,,5,4,9,0,0,1,0,0,0
2026-02-28_csun_uc_riverside,CSUN,00,"Gbemuotor, Jite",True,35,7,13,0.538,1,1,1.0,4,7,0.571,3,5,8,2,1,2,2,0,19
2026-02-28_csun_uc_riverside,CSUN,12,"Aspajo, Erika",True,32,3,10,0.3,2,3,0.667,3,4,0.75,1,6,7,3,2,6,0,4,11
2026-02-28_csun_uc_riverside,CSUN,4,"Edwards, Morgan",True,27,3,7,0.429,2,5,0.4,0,0,,0,4,4,5,1,2,0,0,8
2026-02-28_csun_uc_riverside,CSUN,2,"White, Saray",True,17,2,6,0.333,0,0,,4,4,1.0,1,1,2,4,3,2,0,1,8
2026-02-28_csun_uc_riverside,CSUN,24,"Cos-morales, Mariona",True,24,1,6,0.167,0,2,0.0,0,0,,1,6,7,4,3,3,1,0,2
2026-02-28_csun_uc_riverside,CSUN,33,"Nazário, Rita",False,32,3,9,0.333,0,5,0.0,2,2,1.0,0,0,0,3,1,3,0,1,8
2026-02-28_csun_uc_riverside,CSUN,10,"Lizama, Alondra",False,10,2,2,1.0,1,1,1.0,0,0,,0,0,0,1,1,3,0,1,5
2026-02-28_csun_uc_riverside,CSUN,1,"Moody, Amya",False,14,0,0,,0,0,,0,0,,0,1,1,0,1,1,0,0,0
2026-02-28_csun_uc_riverside,CSUN,3,"Tumlin, Kelly",False,9,0,2,0.0,0,1,0.0,0,0,,1,0,1,1,1,1,1,2,0
2026-02-28_csun_uc_riverside,CSUN,22,"Dahlin, Laini",False,0,0,0,,0,0,,0,0,,0,0,0,0,0,0,0,0,0
2026-02-28_csun_uc_riverside,CSUN,TM,TEAM,False,0,0,0,,0,0,,0,0,,2,1,3,0,0,0,0,0,0
2026-03-05_uc_davis_long_beach_st,Long Beach St.,30,"Jones-Brown, JaQuoia",True,38,10,15,0.667,2,2,1.0,1,2,0.5,0,8,8,2,2,4,0,0,23
2026-03-05_uc_davis_long_beach_st,Long Beach St.,13,"Pepe, Khylee",True,39,6,13,0.462,1,3,0.333,2,4,0.5,3,7,10,3,0,3,0,4,15
2026-03-05_uc_davis_long_beach_st,Long Beach St.,02,"Akot, Rosie",True,25,5,10,0.5,1,2,0.5,0,0,,0,4,4,4,0,4,1,3,11
2026-03-05_uc_davis_long_beach_st,Long Beach St.,32,"Pukis, Brynna",True,40,2,6,0.333,1,5,0.2,0,0,,0,0,0,2,3,0,0,1,5
2026-03-05_uc_davis_long_beach_st,Long Beach St.,05,"Ka, Kennan",True,30,1,5,0.2,0,3,0.0,0,0,,1,2,3,2,1,4,0,0,2
2026-03-05_uc_davis_long_beach_st,Long Beach St.,25,"Mack, Morgan",False,22,0,2,0.0,0,1,0.0,0,0,,0,5,5,1,1,1,0,0,0
2026-03-05_uc_davis_long_beach_st,Long Beach St.,42,"Oliva Fernandez, Judit",False,4,0,1,0.0,0,1,0.0,0,0,,0,1,1,0,0,0,1,0,0
2026-03-05_uc_davis_long_beach_st,Long Beach St.,03,"Samuel  - Afolabi, Tairat",False,2,0,1,0.0,0,1,0.0,0,0,,0,0,0,0,0,0,0,0,0
2026-03-05_uc_davis_long_beach_st,Long Beach St.,TM,TEAM,False,0,0,0,,0,0,,0,0,,2,1,3,0,0,1,0,0,0
2026-03-05_uc_davis_long_beach_st,UC Davis,02,"Bennett, Ryann",True,40,9,16,0.562,0,3,0.0,2,4,0.5,2,2,4,1,5,2,0,1,20
2026-03-05_uc_davis_long_beach_st,UC Davis,25,"Norris, Megan",True,38,5,13,0.385,3,6,0.5,2,2,1.0,1,5,6,3,2,2,1,1,15
2026-03-05_uc_davis_long_beach_st,UC Davis,04,"Epps, Nya",True,40,4,9,0.444,1,6,0.167,2,2,1.0,0,5,5,2,2,2,0,2,11
2026-03-05_uc_davis_long_beach_st,UC Davis,09,"Sussex, Avery",True,32,2,7,0.286,2,7,0.286,0,0,,1,3,4,2,5,4,0,4,6
2026-03-05_uc_davis_long_beach_st,UC Davis,10,"Young, Tegan",True,22,1,5,0.2,0,2,0.0,0,1,0.0,1,3,4,0,0,1,0,0,2
2026-03-05_uc_davis_long_beach_st,UC Davis,23,"Baker, Victoria",False,19,2,5,0.4,1,3,0.333,0,0,,0,3,3,1,2,1,1,0,5
2026-03-05_uc_davis_long_beach_st,UC Davis,11,"Ersdala, Emmy",False,9,0,2,0.0,0,1,0.0,0,0,,0,0,0,0,1,0,0,1,0
2026-03-05_uc_davis_long_beach_st,UC Davis,TM,TEAM,False,0,0,0,,0,0,,0,0,,2,2,4,0,0,0,0,0,0
2026-03-05_uc_riverside_hawaii,Hawaii,33,"Neverson, Saniyah",True,30,8,11,0.727,1,2,0.5,2,3,0.667,2,2,4,0,4,1,2,2,19
2026-03-05_uc_riverside_hawaii,Hawaii,11,"Curtis, Keiara",True,25,4,7,0.571,2,3,0.667,0,2,0.0,0,5,5,2,6,1,0,1,10
2026-03-05_uc_riverside_hawaii,Hawaii,12,"Perez, Imani",True,17,4,5,0.8,2,3,0.667,0,0,,0,4,4,4,0,0,2,0,10
2026-03-05_uc_riverside_hawaii,Hawaii,3,"Flavell, Bailey",True,23,3,7,0.429,0,2,0.0,2,3,0.667,0,2,2,3,0,2,0,0,8
2026-03-05_uc_riverside_hawaii,Hawaii,22,"Peacock, Jade",True,9,2,4,0.5,2,2,1.0,0,0,,0,1,1,1,1,1,0,0,6
2026-03-05_uc_riverside_hawaii,Hawaii,4,"Lefotu, Jovi",False,13,5,6,0.833,1,1,1.0,1,1,1.0,0,1,1,1,3,0,0,2,12
2026-03-05_uc_riverside_hawaii,Hawaii,24,"Tamilo, Ritorya",False,18,2,5,0.4,0,1,0.0,0,1,0.0,0,3,3,1,2,2,2,2,4
2026-03-05_uc_riverside_hawaii,Hawaii,2,"Bond, Teyahna",False,16,1,4,0.25,0,1,0.0,2,2,1.0,0,1,1,1,0,1,0,0,4
2026-03-05_uc_riverside_hawaii,Hawaii,8,"Moors, Rebecca",False,16,2,5,0.4,0,2,0.0,0,0,,0,1,1,3,1,0,1,0,4
2026-03-05_uc_riverside_hawaii,Hawaii,7,"Collins, Ella",False,2,1,1,1.0,1,1,1.0,0,0,,0,0,0,0,0,0,0,0,3
2026-03-05_uc_riverside_hawaii,Hawaii,10,"Kujovic, Danijela",False,1,1,1,1.0,1,1,1.0,0,0,,0,1,1,1,0,0,0,0,3
2026-03-05_uc_riverside_hawaii,Hawaii,6,"Webb, Kyra",False,14,1,4,0.25,0,0,,0,0,,2,2,4,0,0,0,0,0,2
2026-03-05_uc_riverside_hawaii,Hawaii,20,"Forsyth, Izzy",False,8,0,1,0.0,0,1,0.0,2,2,1.0,0,3,3,0,0,0,2,0,2
2026-03-05_uc_riverside_hawaii,Hawaii,17,"Serra, Fiamma",False,6,1,1,1.0,0,0,,0,0,,1,1,2,2,1,0,0,0,2
2026-03-05_uc_riverside_hawaii,Hawaii,1,"Filemu, Kira-may",False,2,0,0,,0,0,,0,0,,0,0,0,0,1,0,0,0,0
2026-03-05_uc_riverside_hawaii,Hawaii,TM,TEAM,False,0,0,0,,0,0,,0,0,,4,3,7,0,0,1,0,0,0
2026-03-05_uc_riverside_hawaii,UC Riverside,7,"Wickstrom, Hannah",True,30,5,17,0.294,1,6,0.167,3,5,0.6,1,2,3,1,4,2,0,0,14
2026-03-05_uc_riverside_hawaii,UC Riverside,2,"Hackley, Seneca",True,34,3,11,0.273,2,5,0.4,4,4,1.0,0,4,4,1,2,2,1,0,12
2026-03-05_uc_riverside_hawaii,UC Riverside,41,"Shine, Bria",True,22,2,4,0.5,2,2,1.0,0,0,,0,2,2,2,2,0,0,1,6
2026-03-05_uc_riverside_hawaii,UC Riverside,1,"Polk, Kaylani",True,34,0,5,0.0,0,5,0.0,4,4,1.0,1,4,5,3,3,1,0,0,4
2026-03-05_uc_riverside_hawaii,UC Riverside,22,"Swanson, Taylor",True,13,1,3,0.333,1,1,1.0,0,0,,0,0,0,2,0,0,1,0,3
2026-03-05_uc_riverside_hawaii,UC Riverside,9,"Chocano, Maya",False,27,2,11,0.182,1,6,0.167,3,5,0.6,2,4,6,0,1,0,0,1,8
2026-03-05_uc_riverside_hawaii,UC Riverside,32,"Moreno Tallon, Lucia",False,13,2,5,0.4,0,0,,0,0,,4,1,5,2,0,0,0,1,4
2026-03-05_uc_riverside_hawaii,UC Riverside,10,"Minshall, Makayla",False,14,1,1,1.0,1,1,1.0,0,0,,1,1,2,1,1,2,0,0,3
2026-03-05_uc_riverside_hawaii,UC Riverside,30,"Sylla, Dieynaba",False,4,1,3,0.333,0,0,,0,2,0.0,1,0,1,1,0,1,0,0,2
2026-03-05_uc_riverside_hawaii,UC Riverside,23,"Mejia, Maria",False,9,0,1,0.0,0,1,0.0,0,0,,0,0,0,0,1,3,0,0,0
2026-03-05_uc_riverside_hawaii,UC Riverside,TM,TEAM,False,0,0,0,,0,0,,0,0,,6,4,10,0,0,2,0,0,0
2026-03-05_cal_poly_uc_irvine,UC Irvine,20,"Hernandez, Hunter",True,34,11,22,0.5,3,8,0.375,16,18,0.889,0,2,2,0,2,1,0,0,41
2026-03-05_cal_poly_uc_irvine,UC Irvine,24,"Zonzon-huyghe, Naomy",True,34,5,9,0.556,0,2,0.0,2,7,0.286,1,2,3,4,5,0,0,1,12
2026-03-05_cal_poly_uc_irvine,UC Irvine,10,"Madsen, Lauryn",True,33,3,6,0.5,3,6,0.5,2,2,1.0,2,1,3,1,2,1,2,1,11
2026-03-05_cal_poly_uc_irvine,UC Irvine,23,"Wynn, Jada",True,31,0,5,0.0,0,4,0.0,8,11,0.727,0,4,4,3,4,4,1,2,8
2026-03-05_cal_poly_uc_irvine,UC Irvine,14,"Hanson, Summah",True,16,0,1,0.0,0,0,,1,2,0.5,1,5,6,4,1,1,0,2,1
2026-03-05_cal_poly_uc_irvine,UC Irvine,13,"Stores, Nohealani",False,13,1,1,1.0,0,0,,2,4,0.5,3,2,5,1,0,0,0,0,4
2026-03-05_cal_poly_uc_irvine,UC Irvine,1,"Grant, Ameerah",False,12,1,2,0.5,0,1,0.0,2,2,1.0,0,0,0,3,0,1,0,0,4
2026-03-05_cal_poly_uc_irvine,UC Irvine,2,"Hernandez, Haley",False,7,1,2,0.5,0,1,0.0,0,0,,1,1,2,0,0,0,0,2,2
2026-03-05_cal_poly_uc_irvine,UC Irvine,22,"Noa, Reese",False,6,0,1,0.0,0,0,,2,2,1.0,0,0,0,1,0,1,0,1,2
2026-03-05_cal_poly_uc_irvine,UC Irvine,9,"Falcon Hernandez, Daniela",False,14,0,1,0.0,0,0,,0,0,,1,1,2,1,0,0,1,0,0
2026-03-05_cal_poly_uc_irvine,UC Irvine,TM,TEAM,False,0,0,0,,0,0,,0,0,,6,5,11,0,0,0,0,0,0
2026-03-05_cal_poly_uc_irvine,Cal Poly,32,"Thompson, Charish",True,25,6,14,0.429,0,1,0.0,3,4,0.75,1,5,6,3,1,3,1,1,15
2026-03-05_cal_poly_uc_irvine,Cal Poly,00,"McManus, Vanessa",True,36,4,13,0.308,1,7,0.143,2,2,1.0,1,2,3,3,1,2,0,1,11
2026-03-05_cal_poly_uc_irvine,Cal Poly,21,"Vail, Dulci",True,17,4,5,0.8,1,1,1.0,2,3,0.667,1,1,2,5,2,2,0,0,11
2026-03-05_cal_poly_uc_irvine,Cal Poly,22,"Goosby, Alana",True,30,1,4,0.25,1,2,0.5,0,0,,0,0,0,4,7,2,0,0,3
2026-03-05_cal_poly_uc_irvine,Cal Poly,7,"Billing, Jordan",True,13,0,3,0.0,0,2,0.0,0,0,,0,0,0,3,2,0,0,0,0
2026-03-05_cal_poly_uc_irvine,Cal Poly,9,"Perez, Nora",False,24,5,6,0.833,0,0,,1,4,0.25,1,2,3,1,1,0,0,2,11
2026-03-05_cal_poly_uc_irvine,Cal Poly,24,"Butcher, Madison",False,22,2,5,0.4,2,5,0.4,2,2,1.0,0,2,2,2,0,0,0,0,8
2026-03-05_cal_poly_uc_irvine,Cal Poly,11,"Knapp, Avery",False,7,0,0,,0,0,,4,4,1.0,0,0,0,1,1,0,0,0,4
2026-03-05_cal_poly_uc_irvine,Cal Poly,23,"Moleón Hidalgo, Ana",False,6,1,1,1.0,0,0,,0,0,,2,0,2,0,0,1,0,0,2
2026-03-05_cal_poly_uc_irvine,Cal Poly,1,"Garcia, Arissa",False,8,0,0,,0,0,,0,0,,0,0,0,3,0,1,0,0,0
2026-03-05_cal_poly_uc_irvine,Cal Poly,8,"Peiffer, Katie",False,5,0,3,0.0,0,3,0.0,0,0,,0,1,1,4,0,2,0,0,0
2026-03-05_cal_poly_uc_irvine,Cal Poly,25,"Sharvit, Maya",False,5,0,0,,0,0,,0,0,,0,0,0,3,0,0,0,0,0
2026-03-05_cal_poly_uc_irvine,Cal Poly,14,"Bears, Gillian",False,2,0,2,0.0,0,0,,0,0,,1,0,1,0,0,0,0,1,0
2026-03-05_cal_poly_uc_irvine,Cal Poly,TM,TEAM,False,0,0,0,,0,0,,0,0,,4,7,11,0,0,2,0,0,0
2026-03-05_uc_san_diego_cal_st_fullerton,Cal St. Fullerton,33,"Pearson, Kya",True,39,4,10,0.4,2,3,0.667,2,2,1.0,2,5,7,2,5,3,0,6,12
2026-03-05_uc_san_diego_cal_st_fullerton,Cal St. Fullerton,05,"Sutisna, Maxine",True,29,5,10,0.5,1,4,0.25,1,2,0.5,1,1,2,3,6,6,0,1,12
2026-03-05_uc_san_diego_cal_st_fullerton,Cal St. Fullerton,00,"Steiner, Nicole",True,25,3,9,0.333,0,0,,4,4,1.0,4,5,9,5,0,2,0,1,10
2026-03-05_uc_san_diego_cal_st_fullerton,Cal St. Fullerton,10,"Swindle, Dylan",True,38,1,7,0.143,1,4,0.25,6,6,1.0,1,0,1,4,1,2,0,2,9
2026-03-05_uc_san_diego_cal_st_fullerton,Cal St. Fullerton,03,"Tauro, Maddy",True,20,4,14,0.286,0,0,,0,0,,0,2,2,5,0,0,0,2,8
2026-03-05_uc_san_diego_cal_st_fullerton,Cal St. Fullerton,23,"Maxwell, Talia",False,25,6,10,0.6,0,0,,4,4,1.0,4,5,9,1,1,4,2,3,16
2026-03-05_uc_san_diego_cal_st_fullerton,Cal St. Fullerton,01,"Moon, Mimi",False,5,1,2,0.5,0,1,0.0,0,0,,0,0,0,1,1,1,0,0,2
2026-03-05_uc_san_diego_cal_st_fullerton,Cal St. Fullerton,22,"Muniz, Madelynn",False,18,0,0,,0,0,,0,0,,2,2,4,2,0,2,0,0,0
2026-03-05_uc_san_diego_cal_st_fullerton,Cal St. Fullerton,13,"Petersen, Lilliana",False,1,0,0,,0,0,,0,0,,0,0,0,1,0,0,0,0,0
2026-03-05_uc_san_diego_cal_st_fullerton,Cal St. Fullerton,TM,TEAM,False,0,0,0,,0,0,,0,0,,2,0,2,0,0,1,0,0,0
2026-03-05_uc_san_diego_cal_st_fullerton,UC San Diego,11,"Condron, Erin",True,35,10,13,0.769,0,0,,3,6,0.5,5,4,9,2,0,5,3,1,23
2026-03-05_uc_san_diego_cal_st_fullerton,UC San Diego,04,"Rose, Makayla",True,40,4,12,0.333,1,2,0.5,4,6,0.667,1,4,5,2,4,3,0,4,13
2026-03-05_uc_san_diego_cal_st_fullerton,UC San Diego,15,"Ma, Sabrina",True,27,5,12,0.417,1,7,0.143,1,2,0.5,2,4,6,4,2,2,0,1,12
2026-03-05_uc_san_diego_cal_st_fullerton,UC San Diego,10,"Maxie, Dymonique",True,40,3,6,0.5,1,1,1.0,3,4,0.75,2,4,6,1,5,6,0,3,10
2026-03-05_uc_san_diego_cal_st_fullerton,UC San Diego,12,"Smith, Rosa",True,30,2,5,0.4,1,3,0.333,2,4,0.5,0,2,2,4,5,1,0,1,7
2026-03-05_uc_san_diego_cal_st_fullerton,UC San Diego,13,"Feiman, Lev",False,14,3,5,0.6,1,2,0.5,3,3,1.0,0,1,1,1,0,1,0,2,10
2026-03-05_uc_san_diego_cal_st_fullerton,UC San Diego,30,"Sule, Damilola",False,5,1,1,1.0,0,0,,0,0,,0,0,0,2,0,1,0,0,2
2026-03-05_uc_san_diego_cal_st_fullerton,UC San Diego,02,"Fairwell, Michaela",False,7,0,1,0.0,0,1,0.0,0,0,,0,0,0,1,1,1,0,1,0
2026-03-05_uc_san_diego_cal_st_fullerton,UC San Diego,21,"Polocheck, Nicki",False,2,0,0,,0,0,,0,0,,0,0,0,0,0,0,0,0,0
2026-03-05_uc_san_diego_cal_st_fullerton,UC San Diego,TM,TEAM,False,0,0,0,,0,0,,0,0,,1,3,4,0,0,1,0,0,0
2026-03-05_csun_csu_bakersfield,CSU Bakersfield,14,"Hawkins, Morgan",True,34,4,10,0.4,1,4,0.25,3,3,1.0,1,1,2,1,0,0,0,1,12
2026-03-05_csun_csu_bakersfield,CSU Bakersfield,11,"Dias, Maria",True,27,4,11,0.364,0,5,0.0,2,2,1.0,0,0,0,2,2,0,0,0,10
2026-03-05_csun_csu_bakersfield,CSU Bakersfield,12,"Coleman, Chrishawn",True,19,0,4,0.0,0,1,0.0,5,6,0.833,1,1,2,4,1,4,0,2,5
2026-03-05_csun_csu_bakersfield,CSU Bakersfield,8,"Langi, Marley",True,25,0,13,0.0,0,7,0.0,2,4,0.5,0,1,1,2,1,4,0,4,2
2026-03-05_csun_csu_bakersfield,CSU Bakersfield,24,"Ikidi, Tena",True,23,1,5,0.2,0,0,,0,2,0.0,1,7,8,3,2,1,0,1,2
2026-03-05_csun_csu_bakersfield,CSU Bakersfield,7,"Gallatly, Jaime",False,13,1,5,0.2,1,4,0.25,2,2,1.0,0,0,0,1,0,0,0,0,5
2026-03-05_csun_csu_bakersfield,CSU Bakersfield,4,"Powell, Ophelia",False,11,1,3,0.333,0,1,0.0,1,2,0.5,0,0,0,1,1,1,0,0,3
2026-03-05_csun_csu_bakersfield,CSU Bakersfield,30,"Dioli, Alli",False,9,1,5,0.2,1,5,0.2,0,0,,1,0,1,0,0,0,0,1,3
2026-03-05_csun_csu_bakersfield,CSU Bakersfield,22,"Kincade, Dae'jaidence",False,16,1,1,1.0,0,0,,0,2,0.0,1,3,4,3,0,1,0,1,2
2026-03-05_csun_csu_bakersfield,CSU Bakersfield,21,"Sutherland, Tianna",False,8,1,1,1.0,0,0,,0,0,,0,0,0,1,0,1,0,1,2
2026-03-05_csun_csu_bakersfield,CSU Bakersfield,55,"Puletasi, Adrienne",False,7,0,1,0.0,0,0,,1,2,0.5,1,1,2,2,0,0,0,1,1
2026-03-05_csun_csu_bakersfield,CSU Bakersfield,1,"Finley, Zalissa",False,8,0,2,0.0,0,0,,0,0,,1,2,3,1,0,0,0,0,0
2026-03-05_csun_csu_bakersfield,CSU Bakersfield,TM,TEAM,False,0,0,0,,0,0,,0,0,,5,4,9,0,0,3,0,0,0
2026-03-05_csun_csu_bakersfield,CSUN,00,"Gbemuotor, Jite",True,22,4,6,0.667,0,0,,4,6,0.667,4,11,15,2,2,5,1,1,12
2026-03-05_csun_csu_bakersfield,CSUN,4,"Edwards, Morgan",True,22,3,6,0.5,0,2,0.0,3,4,0.75,0,3,3,3,2,2,0,1,9
2026-03-05_csun_csu_bakersfield,CSUN,24,"Cos-morales, Mariona",True,24,3,4,0.75,1,2,0.5,0,0,,0,2,2,0,2,1,1,2,7
2026-03-05_csun_csu_bakersfield,CSUN,12,"Aspajo, Erika",True,23,2,5,0.4,0,0,,0,0,,0,0,0,2,1,4,0,2,4
2026-03-05_csun_csu_bakersfield,CSUN,2,"White, Saray",True,14,1,6,0.167,0,4,0.0,2,2,1.0,1,1,2,4,3,1,0,0,4
2026-03-05_csun_csu_bakersfield,CSUN,33,"Nazário, Rita",False,21,6,12,0.5,4,9,0.444,0,0,,0,2,2,3,1,1,0,0,16
2026-03-05_csun_csu_bakersfield,CSUN,1,"Moody, Amya",False,15,4,4,1.0,2,2,1.0,3,3,1.0,0,2,2,1,2,2,0,0,13
2026-03-05_csun_csu_bakersfield,CSUN,10,"Lizama, Alondra",False,12,3,5,0.6,0,1,0.0,0,2,0.0,1,4,5,1,0,0,0,0,6
2026-03-05_csun_csu_bakersfield,CSUN,23,"Contreras, Maya",False,7,1,3,0.333,0,0,,3,4,0.75,1,0,1,2,0,0,0,0,5
2026-03-05_csun_csu_bakersfield,CSUN,22,"Dahlin, Laini",False,11,0,0,,0,0,,2,2,1.0,1,0,1,3,1,1,0,1,2
2026-03-05_csun_csu_bakersfield,CSUN,21,"Canadell, Jana",False,7,1,3,0.333,0,1,0.0,0,0,,2,1,3,0,2,0,0,0,2
2026-03-05_csun_csu_bakersfield,CSUN,34,"Bernard, Nadia",False,4,1,1,1.0,0,0,,0,0,,0,2,2,0,0,2,0,0,2
2026-03-05_csun_csu_bakersfield,CSUN,3,"Tumlin, Kelly",False,18,0,3,0.0,0,3,0.0,0,0,,0,1,1,1,1,2,1,0,0
2026-03-05_csun_csu_bakersfield,CSUN,TM,TEAM,False,0,0,0,,0,0,,0,0,,3,8,11,0,0,0,0,0,0
2026-03-07_uc_davis_uc_irvine,UC Irvine,20,"Hernandez, Hunter",True,40,6,15,0.4,2,3,0.667,10,10,1.0,1,5,6,1,3,6,0,3,24
2026-03-07_uc_davis_uc_irvine,UC Irvine,12,"Nahum, Shirel",True,40,5,11,0.455,3,4,0.75,2,2,1.0,1,5,6,2,3,3,1,0,15
2026-03-07_uc_davis_uc_irvine,UC Irvine,23,"Wynn, Jada",True,30,4,9,0.444,2,5,0.4,3,3,1.0,0,2,2,4,5,6,0,2,13
2026-03-07_uc_davis_uc_irvine,UC Irvine,10,"Madsen, Lauryn",True,35,3,5,0.6,3,5,0.6,0,0,,2,2,4,0,0,0,0,2,9
2026-03-07_uc_davis_uc_irvine,UC Irvine,13,"Stores, Nohealani",True,17,1,2,0.5,0,0,,0,0,,0,3,3,5,0,0,0,2,2
2026-03-07_uc_davis_uc_irvine,UC Irvine,24,"Zonzon-Huyghe, Naomy",False,14,2,5,0.4,0,2,0.0,0,0,,2,1,3,3,1,1,0,1,4
2026-03-07_uc_davis_uc_irvine,UC Irvine,09,"Falcon Hernandez, Daniela",False,22,1,4,0.25,1,3,0.333,0,0,,2,5,7,3,0,3,2,0,3
2026-03-07_uc_davis_uc_irvine,UC Irvine,01,"Grant, Ameerah",False,2,0,0,,0,0,,0,0,,0,0,0,1,0,0,0,0,0
2026-03-07_uc_davis_uc_irvine,UC Irvine,02,"Hernandez, Haley",False,,0,0,,0,0,,0,0,,0,0,0,0,0,0,0,0,0
2026-03-07_uc_davis_uc_irvine,UC Irvine,22,"Noa, Reese",False,,0,0,,0,0,,0,0,,0,0,0,0,0,0,0,0,0
2026-03-07_uc_davis_uc_irvine,UC Irvine,TM,TEAM,False,0,0,0,,0,0,,0,0,,1,2,3,0,0,0,0,0,0
2026-03-07_uc_davis_uc_irvine,UC Davis,04,"Epps, Nya",True,34,7,16,0.438,1,6,0.167,6,6,1.0,0,3,3,4,0,2,0,3,21
2026-03-07_uc_davis_uc_irvine,UC Davis,09,"Sussex, Avery",True,37,6,14,0.429,2,9,0.222,1,1,1.0,1,3,4,1,3,1,0,1,15
2026-03-07_uc_davis_uc_irvine,UC Davis,25,"Norris, Megan",True,39,3,6,0.5,0,3,0.0,7,7,1.0,2,5,7,3,3,5,0,1,13
2026-03-07_uc_davis_uc_irvine,UC Davis,02,"Bennett, Ryann",True,38,1,7,0.143,0,1,0.0,0,0,,0,3,3,3,5,6,1,1,2
2026-03-07_uc_davis_uc_irvine,UC Davis,23,"Baker, Victoria",True,18,0,3,0.0,0,2,0.0,0,0,,1,1,2,4,1,2,0,1,0
2026-03-07_uc_davis_uc_irvine,UC Davis,10,"Young, Tegan",False,20,2,4,0.5,0,2,0.0,1,1,1.0,0,3,3,3,1,1,0,1,5
2026-03-07_uc_davis_uc_irvine,UC Davis,15,"Lentfer, Sophie",False,11,1,1,1.0,0,0,,0,0,,0,0,0,0,0,1,0,0,2
2026-03-07_uc_davis_uc_irvine,UC Davis,01,"Davis, Carrington",False,1,0,0,,0,0,,0,0,,0,0,0,0,0,0,0,0,0
2026-03-07_uc_davis_uc_irvine,UC Davis,11,"Ersdala, Emmy",False,1,0,0,,0,0,,0,0,,0,0,0,0,0,0,0,0,0
2026-03-07_uc_davis_uc_irvine,UC Davis,21,"Tsami, Theoni",False,1,0,0,,0,0,,0,0,,0,0,0,1,0,0,0,0,0
2026-03-07_uc_davis_uc_irvine,UC Davis,TM,TEAM,False,0,0,0,,0,0,,0,0,,2,2,4,0,0,0,0,0,0
2026-03-07_long_beach_st_hawaii,Hawaii,11,"Curtis, Keiara",True,27,7,11,0.636,2,3,0.667,0,0,,3,4,7,0,4,4,0,0,16
2026-03-07_long_beach_st_hawaii,Hawaii,33,"Neverson, Saniyah",True,25,7,10,0.7,1,1,1.0,0,0,,2,5,7,0,3,2,2,5,15
2026-03-07_long_beach_st_hawaii,Hawaii,12,"Perez, Imani",True,26,5,6,0.833,2,3,0.667,1,2,0.5,1,7,8,2,3,0,2,0,13
2026-03-07_long_beach_st_hawaii,Hawaii,3,"Flavell, Bailey",True,22,1,11,0.091,0,2,0.0,0,0,,0,2,2,1,2,4,0,0,2
2026-03-07_long_beach_st_hawaii,Hawaii,22,"Peacock, Jade",True,19,1,1,1.0,0,0,,0,0,,0,1,1,2,0,0,1,0,2
2026-03-07_long_beach_st_hawaii,Hawaii,24,"Tamilo, Ritorya",False,11,2,3,0.667,0,0,,2,2,1.0,2,2,4,1,1,3,3,0,6
2026-03-07_long_beach_st_hawaii,Hawaii,20,"Forsyth, Izzy",False,8,2,3,0.667,2,3,0.667,0,0,,0,2,2,0,0,0,0,0,6
2026-03-07_long_beach_st_hawaii,Hawaii,2,"Bond, Teyahna",False,18,2,4,0.5,0,0,,0,0,,0,3,3,0,4,1,0,0,4
2026-03-07_long_beach_st_hawaii,Hawaii,4,"Lefotu, Jovi",False,9,2,4,0.5,0,0,,0,0,,1,3,4,1,1,0,0,0,4
2026-03-07_long_beach_st_hawaii,Hawaii,8,"Moors, Rebecca",False,7,1,1,1.0,1,1,1.0,0,0,,0,1,1,0,0,1,0,0,3
2026-03-07_long_beach_st_hawaii,Hawaii,17,"Serra, Fiamma",False,3,1,1,1.0,0,0,,0,0,,1,1,2,0,0,0,0,0,2
2026-03-07_long_beach_st_hawaii,Hawaii,6,"Webb, Kyra",False,12,0,2,0.0,0,1,0.0,1,2,0.5,0,3,3,0,1,2,0,0,1
2026-03-07_long_beach_st_hawaii,Hawaii,1,"Filemu, Kira-may",False,7,0,0,,0,0,,0,0,,0,2,2,0,0,1,0,0,0
2026-03-07_long_beach_st_hawaii,Hawaii,7,"Collins, Ella",False,3,0,0,,0,0,,0,0,,0,1,1,0,0,0,0,0,0
2026-03-07_long_beach_st_hawaii,Hawaii,10,"Kujovic, Danijela",False,3,0,1,0.0,0,0,,0,0,,0,0,0,0,0,0,0,0,0
2026-03-07_long_beach_st_hawaii,Hawaii,TM,TEAM,False,0,0,0,,0,0,,0,0,,0,1,1,0,0,0,0,0,0
2026-03-07_long_beach_st_hawaii,Long Beach St.,5,"Ka, Kennan",True,34,4,7,0.571,2,4,0.5,0,0,,0,2,2,1,0,1,0,1,10
2026-03-07_long_beach_st_hawaii,Long Beach St.,32,"Pukis, Brynna",True,34,3,8,0.375,3,6,0.5,0,0,,1,2,3,1,1,1,0,0,9
2026-03-07_long_beach_st_hawaii,Long Beach St.,13,"Pepe, Khylee",True,26,3,10,0.3,0,1,0.0,1,4,0.25,2,5,7,0,3,1,0,2,7
2026-03-07_long_beach_st_hawaii,Long Beach St.,30,"Jones-brown, Jaquoia",True,40,2,13,0.154,0,3,0.0,1,2,0.5,1,1,2,1,2,2,0,2,5
2026-03-07_long_beach_st_hawaii,Long Beach St.,2,"Akot, Rosie",True,29,1,10,0.1,0,4,0.0,0,2,0.0,0,1,1,3,0,5,1,2,2
2026-03-07_long_beach_st_hawaii,Long Beach St.,25,"Mack, Morgan",False,19,1,4,0.25,0,2,0.0,2,2,1.0,0,1,1,2,0,0,0,2,4
2026-03-07_long_beach_st_hawaii,Long Beach St.,3,"Samuel-afolabi, Tairat",False,8,1,3,0.333,0,1,0.0,0,0,,0,2,2,0,0,1,0,0,2
2026-03-07_long_beach_st_hawaii,Long Beach St.,10,"Reynoso, Christy",False,10,0,1,0.0,0,1,0.0,0,0,,0,1,1,0,1,0,0,1,0
2026-03-07_long_beach_st_hawaii,Long Beach St.,TM,TEAM,False,0,0,0,,0,0,,0,0,,1,1,2,0,0,0,0,0,0
2026-03-07_uc_san_diego_uc_santa_barbara,UC Santa Barbara,02,"Borter, Zoe",True,39,8,10,0.8,5,6,0.833,0,0,,1,2,3,2,2,1,1,1,21
2026-03-07_uc_san_diego_uc_santa_barbara,UC Santa Barbara,05,"Bradley, Olivia",True,33,5,15,0.333,1,7,0.143,2,3,0.667,0,8,8,4,2,3,3,1,13
2026-03-07_uc_san_diego_uc_santa_barbara,UC Santa Barbara,55,"Burke, Skylar",True,24,3,5,0.6,0,0,,3,3,1.0,1,5,6,4,0,5,1,0,9
2026-03-07_uc_san_diego_uc_santa_barbara,UC Santa Barbara,12,"Naro, Madison",True,38,3,8,0.375,2,5,0.4,0,0,,0,6,6,1,3,2,0,0,8
2026-03-07_uc_san_diego_uc_santa_barbara,UC Santa Barbara,23,"Shaw, Zoe",True,25,3,7,0.429,2,6,0.333,0,0,,0,1,1,0,2,4,0,0,8
2026-03-07_uc_san_diego_uc_santa_barbara,UC Santa Barbara,15,"Andersen, Chauncey",False,25,2,6,0.333,0,1,0.0,0,0,,2,2,4,2,1,2,0,2,4
2026-03-07_uc_san_diego_uc_santa_barbara,UC Santa Barbara,04,"Puente-Valverde, Júlia",False,7,0,0,,0,0,,2,2,1.0,1,2,3,2,0,1,0,0,2
2026-03-07_uc_san_diego_uc_santa_barbara,UC Santa Barbara,32,"Grant, Jessica",False,9,0,1,0.0,0,1,0.0,0,0,,0,0,0,0,1,0,0,0,0
2026-03-07_uc_san_diego_uc_santa_barbara,UC Santa Barbara,TM,TEAM,False,0,0,0,,0,0,,0,0,,2,1,3,0,0,1,0,0,0
2026-03-07_uc_san_diego_uc_santa_barbara,UC San Diego,04,"Rose, Makayla",True,40,10,18,0.556,1,3,0.333,4,7,0.571,0,4,4,1,1,2,0,4,25
2026-03-07_uc_san_diego_uc_santa_barbara,UC San Diego,11,"Condron, Erin",True,35,5,10,0.5,0,0,,2,2,1.0,2,6,8,0,4,3,0,0,12
2026-03-07_uc_san_diego_uc_santa_barbara,UC San Diego,10,"Maxie, Dymonique",True,34,5,12,0.417,1,2,0.5,0,0,,2,3,5,3,4,2,1,0,11
2026-03-07_uc_san_diego_uc_santa_barbara,UC San Diego,12,"Smith, Rosa",True,23,1,7,0.143,1,3,0.333,2,2,1.0,0,0,0,3,2,1,0,2,5
2026-03-07_uc_san_diego_uc_santa_barbara,UC San Diego,15,"Ma, Sabrina",True,34,0,5,0.0,0,2,0.0,3,4,0.75,1,2,3,1,3,0,0,1,3
2026-03-07_uc_san_diego_uc_santa_barbara,UC San Diego,13,"Feiman, Lev",False,29,8,10,0.8,0,0,,0,1,0.0,1,3,4,1,0,0,0,2,16
2026-03-07_uc_san_diego_uc_santa_barbara,UC San Diego,02,"Fairwell, Michaela",False,5,0,1,0.0,0,0,,0,0,,1,3,4,1,1,0,0,1,0
2026-03-07_uc_san_diego_uc_santa_barbara,UC San Diego,TM,TEAM,False,0,0,0,,0,0,,0,0,,4,0,4,0,0,0,0,0,0
2026-03-07_csu_bakersfield_cal_poly,Cal Poly,32,"Thompson, Charish",True,35,8,21,0.381,1,2,0.5,2,3,0.667,1,6,7,1,1,1,3,0,19
2026-03-07_csu_bakersfield_cal_poly,Cal Poly,00,"McManus, Vanessa",True,22,5,10,0.5,1,2,0.5,0,2,0.0,2,1,3,2,0,2,0,0,11
2026-03-07_csu_bakersfield_cal_poly,Cal Poly,21,"Vail, Dulci",True,17,2,5,0.4,0,0,,2,2,1.0,1,0,1,2,0,2,0,0,6
2026-03-07_csu_bakersfield_cal_poly,Cal Poly,22,"Goosby, Alana",True,32,1,7,0.143,0,4,0.0,2,2,1.0,2,3,5,3,4,3,0,1,4
2026-03-07_csu_bakersfield_cal_poly,Cal Poly,07,"Billing, Jordan",True,10,0,0,,0,0,,2,2,1.0,2,3,5,2,0,0,1,0,2
2026-03-07_csu_bakersfield_cal_poly,Cal Poly,09,"Perez, Nora",False,21,5,7,0.714,1,1,1.0,0,0,,4,2,6,4,2,2,0,0,11
2026-03-07_csu_bakersfield_cal_poly,Cal Poly,24,"Butcher, Madison",False,23,3,6,0.5,1,3,0.333,0,0,,0,3,3,1,1,0,1,1,7
2026-03-07_csu_bakersfield_cal_poly,Cal Poly,01,"Garcia, Arissa",False,22,2,4,0.5,0,1,0.0,0,0,,0,5,5,3,3,5,0,2,4
2026-03-07_csu_bakersfield_cal_poly,Cal Poly,08,"Peiffer, Katie",False,5,1,2,0.5,0,1,0.0,0,0,,0,1,1,0,0,0,0,1,2
2026-03-07_csu_bakersfield_cal_poly,Cal Poly,11,"Knapp, Avery",False,5,0,0,,0,0,,0,0,,0,1,1,0,2,0,0,0,0
2026-03-07_csu_bakersfield_cal_poly,Cal Poly,23,"Moleon Hidalgo, Ana",False,4,0,0,,0,0,,0,0,,0,0,0,0,0,0,0,1,0
2026-03-07_csu_bakersfield_cal_poly,Cal Poly,25,"Sharvit, Maya",False,3,0,0,,0,0,,0,0,,0,2,2,0,0,0,0,0,0
2026-03-07_csu_bakersfield_cal_poly,Cal Poly,14,"Bears, Gillian",False,1,0,0,,0,0,,0,0,,0,0,0,0,0,0,0,0,0
2026-03-07_csu_bakersfield_cal_poly,Cal Poly,TM,TEAM,False,0,0,0,,0,0,,0,0,,2,3,5,0,0,0,0,0,0
2026-03-07_csu_bakersfield_cal_poly,CSU Bakersfield,08,"Langi, Marley",True,29,6,13,0.462,3,8,0.375,2,2,1.0,0,2,2,3,1,3,0,0,17
2026-03-07_csu_bakersfield_cal_poly,CSU Bakersfield,12,"Coleman , Chrishawn",True,35,3,12,0.25,1,2,0.5,8,9,0.889,1,2,3,3,1,5,0,2,15
2026-03-07_csu_bakersfield_cal_poly,CSU Bakersfield,11,"Dias, Maria",True,32,4,14,0.286,1,6,0.167,0,0,,0,1,1,4,1,0,0,1,9
2026-03-07_csu_bakersfield_cal_poly,CSU Bakersfield,24,"Ikidi, Tena",True,23,2,7,0.286,0,0,,0,0,,3,5,8,2,0,2,2,1,4
2026-03-07_csu_bakersfield_cal_poly,CSU Bakersfield,14,"Hawkins, Morgan",True,34,1,7,0.143,0,2,0.0,0,0,,1,2,3,4,3,2,0,0,2
2026-03-07_csu_bakersfield_cal_poly,CSU Bakersfield,07,"Gallatly, Jaime",False,5,2,2,1.0,1,1,1.0,0,0,,0,0,0,0,0,0,0,0,5
2026-03-07_csu_bakersfield_cal_poly,CSU Bakersfield,01,"Finley, Zalissa",False,5,1,1,1.0,0,0,,0,4,0.0,1,1,2,1,0,1,0,1,2
2026-03-07_csu_bakersfield_cal_poly,CSU Bakersfield,22,"Kincade, Dae’Jaidence",False,19,0,0,,0,0,,0,0,,1,4,5,2,2,1,0,0,0
2026-03-07_csu_bakersfield_cal_poly,CSU Bakersfield,55,"Puletasi, Adrienne",False,8,0,0,,0,0,,0,0,,1,2,3,1,0,0,0,0,0
2026-03-07_csu_bakersfield_cal_poly,CSU Bakersfield,04,"Powell, Ophelia",False,7,0,1,0.0,0,0,,0,0,,0,0,0,0,0,0,0,0,0
2026-03-07_csu_bakersfield_cal_poly,CSU Bakersfield,30,"Dioli, Alli",False,3,0,1,0.0,0,1,0.0,0,0,,0,0,0,0,0,0,0,0,0
2026-03-07_csu_bakersfield_cal_poly,CSU Bakersfield,TM,TEAM,False,0,0,0,,0,0,,0,0,,3,4,7,0,0,0,0,0,0
2026-03-07_cal_st_fullerton_csun,CSUN,02,"White, Saray",True,29,5,10,0.5,2,4,0.5,1,2,0.5,1,3,4,4,2,3,0,1,13
2026-03-07_cal_st_fullerton_csun,CSUN,24,"Cos-Morales, Mariona",True,29,6,7,0.857,1,2,0.5,0,0,,2,2,4,2,3,3,4,1,13
2026-03-07_cal_st_fullerton_csun,CSUN,04,"Edwards, Morgan",True,25,3,10,0.3,3,7,0.429,0,0,,1,1,2,2,1,6,0,1,9
2026-03-07_cal_st_fullerton_csun,CSUN,00,"Gbemuotor, Jite",True,28,1,4,0.25,0,0,,2,6,0.333,0,6,6,3,2,2,2,2,4
2026-03-07_cal_st_fullerton_csun,CSUN,12,"Aspajo, Erika",True,19,0,1,0.0,0,1,0.0,2,2,1.0,0,2,2,3,4,7,1,4,2
2026-03-07_cal_st_fullerton_csun,CSUN,01,"Moody, Amya",False,26,4,9,0.444,1,3,0.333,1,3,0.333,0,0,0,0,0,2,0,0,10
2026-03-07_cal_st_fullerton_csun,CSUN,10,"Lizama, Alondra",False,15,3,6,0.5,0,0,,0,0,,0,0,0,4,1,2,0,0,6
2026-03-07_cal_st_fullerton_csun,CSUN,03,"Tumlin, Kelly",False,7,1,1,1.0,1,1,1.0,0,0,,0,1,1,0,1,1,0,0,3
2026-03-07_cal_st_fullerton_csun,CSUN,33,"Nazario, Rita",False,17,0,2,0.0,0,2,0.0,0,0,,1,0,1,1,0,0,0,1,0
2026-03-07_cal_st_fullerton_csun,CSUN,23,"Contreras, Maya",False,5,0,0,,0,0,,0,0,,0,0,0,1,0,0,0,0,0
2026-03-07_cal_st_fullerton_csun,CSUN,TM,TEAM,False,0,0,0,,0,0,,0,0,,2,2,4,0,0,0,0,0,0
2026-03-07_cal_st_fullerton_csun,Cal St. Fullerton,55,"Jones, Cristina",True,38,8,20,0.4,0,0,,1,2,0.5,3,10,13,0,2,3,0,3,17
2026-03-07_cal_st_fullerton_csun,Cal St. Fullerton,03,"Tauro, Maddy",True,28,6,13,0.462,0,0,,3,4,0.75,2,2,4,1,5,4,2,4,15
2026-03-07_cal_st_fullerton_csun,Cal St. Fullerton,33,"Pearson, Kya",True,39,6,11,0.545,1,5,0.2,1,2,0.5,2,2,4,3,6,4,2,3,14
2026-03-07_cal_st_fullerton_csun,Cal St. Fullerton,00,"Steiner, Nicole",True,20,2,4,0.5,0,0,,0,0,,2,2,4,2,3,1,0,2,4
2026-03-07_cal_st_fullerton_csun,Cal St. Fullerton,10,"Swindle, Dylan",True,10,0,1,0.0,0,1,0.0,2,2,1.0,0,0,0,4,2,1,0,1,2
2026-03-07_cal_st_fullerton_csun,Cal St. Fullerton,05,"Sutisna, Maxine",False,14,4,5,0.8,1,2,0.5,3,4,0.75,1,1,2,4,2,0,0,1,12
2026-03-07_cal_st_fullerton_csun,Cal St. Fullerton,22,"Muniz, Madelynn",False,15,3,7,0.429,3,7,0.429,0,0,,0,0,0,2,1,1,0,0,9
2026-03-07_cal_st_fullerton_csun,Cal St. Fullerton,23,"Maxwell, Talia",False,22,2,7,0.286,0,0,,2,2,1.0,2,4,6,1,2,1,0,2,6
2026-03-07_cal_st_fullerton_csun,Cal St. Fullerton,01,"Moon, Mimi",False,12,1,1,1.0,0,0,,0,0,,0,1,1,3,2,0,0,0,2
2026-03-07_cal_st_fullerton_csun,Cal St. Fullerton,13,"Petersen, Lilliana",False,1,0,0,,0,0,,0,0,,0,0,0,0,0,0,0,0,0
2026-03-07_cal_st_fullerton_csun,Cal St. Fullerton,24,"Orhan, Basak",False,1,0,0,,0,0,,0,0,,0,0,0,0,0,0,0,0,0
2026-03-07_cal_st_fullerton_csun,Cal St. Fullerton,TM,TEAM,False,0,0,0,,0,0,,0,0,,7,1,8,0,0,3,0,0,0
2026-03-11_uc_santa_barbara_uc_riverside,UC Riverside,07,"Wickstrom, Hannah",True,38,8,16,0.5,2,4,0.5,8,11,0.727,4,5,9,2,2,3,0,6,26
2026-03-11_uc_santa_barbara_uc_riverside,UC Riverside,01,"Polk, Kaylani",True,35,4,11,0.364,1,4,0.25,2,4,0.5,0,2,2,3,1,4,0,2,11
2026-03-11_uc_santa_barbara_uc_riverside,UC Riverside,02,"Hackley, Seneca",True,28,1,3,0.333,0,2,0.0,6,6,1.0,0,3,3,3,2,0,0,1,8
2026-03-11_uc_santa_barbara_uc_riverside,UC Riverside,41,"Shine, Bria",True,35,2,4,0.5,1,3,0.333,0,2,0.0,1,3,4,2,5,1,0,0,5
2026-03-11_uc_santa_barbara_uc_riverside,UC Riverside,22,"Swanson, Taylor",True,13,1,1,1.0,0,0,,2,2,1.0,0,1,1,4,0,4,0,1,4
2026-03-11_uc_santa_barbara_uc_riverside,UC Riverside,09,"Chocano, Maya",False,28,1,6,0.167,1,5,0.2,1,2,0.5,0,3,3,2,0,0,0,1,4
2026-03-11_uc_santa_barbara_uc_riverside,UC Riverside,10,"Minshall, Makayla",False,14,0,2,0.0,0,1,0.0,0,0,,1,2,3,3,0,0,0,0,0
2026-03-11_uc_santa_barbara_uc_riverside,UC Riverside,23,"Mejia, Maria",False,5,0,3,0.0,0,2,0.0,0,0,,1,0,1,1,0,0,0,1,0
2026-03-11_uc_santa_barbara_uc_riverside,UC Riverside,32,"Moreno Tallon, Lucia",False,4,0,0,,0,0,,0,0,,0,2,2,0,0,0,0,1,0
2026-03-11_uc_santa_barbara_uc_riverside,UC Riverside,TM,TEAM,False,0,0,0,,0,0,,0,0,,2,0,2,0,0,1,0,0,0
2026-03-11_uc_santa_barbara_uc_riverside,UC Santa Barbara,05,"Bradley, Olivia",True,29,7,12,0.583,1,4,0.25,8,8,1.0,1,4,5,3,2,3,1,0,23
2026-03-11_uc_santa_barbara_uc_riverside,UC Santa Barbara,02,"Borter, Zoe",True,38,3,11,0.273,1,4,0.25,5,5,1.0,1,4,5,3,1,1,0,2,12
2026-03-11_uc_santa_barbara_uc_riverside,UC Santa Barbara,55,"Burke, Skylar",True,37,2,4,0.5,1,2,0.5,2,2,1.0,0,3,3,4,5,6,3,1,7
2026-03-11_uc_santa_barbara_uc_riverside,UC Santa Barbara,12,"Naro, Maddie",True,32,2,5,0.4,0,2,0.0,1,2,0.5,0,2,2,4,3,1,0,0,5
2026-03-11_uc_santa_barbara_uc_riverside,UC Santa Barbara,23,"Shaw, Zoe",True,32,0,3,0.0,0,2,0.0,0,0,,2,1,3,2,1,2,0,2,0
2026-03-11_uc_santa_barbara_uc_riverside,UC Santa Barbara,15,"Andersen, Chauncey",False,14,2,7,0.286,0,0,,2,2,1.0,3,6,9,2,0,3,0,0,6
2026-03-11_uc_santa_barbara_uc_riverside,UC Santa Barbara,32,"Grant, Jessica",False,17,0,4,0.0,0,4,0.0,0,0,,0,0,0,2,0,0,1,0,0
2026-03-11_uc_santa_barbara_uc_riverside,UC Santa Barbara,04,"Puente-Valverde, Júlia",False,1,0,0,,0,0,,0,0,,0,0,0,1,0,0,0,0,0
2026-03-11_uc_santa_barbara_uc_riverside,UC Santa Barbara,TM,TEAM,False,0,0,0,,0,0,,0,0,,2,4,6,0,0,0,0,0,0
2026-03-11_cal_st_fullerton_csun,CSUN,12,"Aspajo, Erika",True,40,4,8,0.5,0,0,,6,8,0.75,0,5,5,3,2,4,0,4,14
2026-03-11_cal_st_fullerton_csun,CSUN,00,"Gbemuotor, Jite",True,24,1,4,0.25,0,0,,1,2,0.5,2,6,8,5,0,3,0,2,3
2026-03-11_cal_st_fullerton_csun,CSUN,2,"White, Saray",True,21,1,3,0.333,0,2,0.0,1,2,0.5,0,1,1,5,2,5,1,1,3
2026-03-11_cal_st_fullerton_csun,CSUN,24,"Cos-morales, Mariona",True,13,1,2,0.5,0,1,0.0,0,0,,0,2,2,3,0,3,1,0,2
2026-03-11_cal_st_fullerton_csun,CSUN,4,"Edwards, Morgan",True,8,0,6,0.0,0,5,0.0,0,0,,0,0,0,2,0,1,0,1,0
2026-03-11_cal_st_fullerton_csun,CSUN,33,"Nazário, Rita",False,33,6,12,0.5,3,8,0.375,2,2,1.0,2,3,5,3,2,2,0,3,17
2026-03-11_cal_st_fullerton_csun,CSUN,10,"Lizama, Alondra",False,23,6,7,0.857,0,0,,2,4,0.5,2,2,4,5,0,2,3,0,14
2026-03-11_cal_st_fullerton_csun,CSUN,1,"Moody, Amya",False,36,5,15,0.333,2,7,0.286,0,0,,3,3,6,4,4,5,0,1,12
2026-03-11_cal_st_fullerton_csun,CSUN,23,"Contreras, Maya",False,2,0,0,,0,0,,0,0,,0,0,0,0,0,0,0,0,0
2026-03-11_cal_st_fullerton_csun,CSUN,TM,TEAM,False,0,0,0,,0,0,,0,0,,2,3,5,0,0,3,0,0,0
2026-03-11_cal_st_fullerton_csun,Cal St. Fullerton,55,"Jones, Cristina",True,37,10,26,0.385,0,0,,12,15,0.8,7,7,14,3,5,1,0,5,32
2026-03-11_cal_st_fullerton_csun,Cal St. Fullerton,10,"Swindle, Dylan",True,30,3,10,0.3,0,3,0.0,7,10,0.7,2,4,6,4,0,5,0,0,13
2026-03-11_cal_st_fullerton_csun,Cal St. Fullerton,33,"Pearson, Kya",True,37,2,8,0.25,1,6,0.167,4,4,1.0,1,2,3,2,2,3,3,1,9
2026-03-11_cal_st_fullerton_csun,Cal St. Fullerton,3,"Tauro, Maddy",True,28,2,9,0.222,0,1,0.0,4,5,0.8,1,4,5,3,2,6,0,5,8
2026-03-11_cal_st_fullerton_csun,Cal St. Fullerton,00,"Steiner, Nicole",True,22,1,5,0.2,0,0,,0,2,0.0,4,4,8,4,0,3,0,0,2
2026-03-11_cal_st_fullerton_csun,Cal St. Fullerton,23,"Maxwell, Talia",False,22,3,8,0.375,1,1,1.0,3,5,0.6,6,2,8,0,3,1,1,1,10
2026-03-11_cal_st_fullerton_csun,Cal St. Fullerton,5,"Sutisna, Maxine",False,15,2,4,0.5,1,2,0.5,1,2,0.5,1,2,3,0,1,2,0,3,6
2026-03-11_cal_st_fullerton_csun,Cal St. Fullerton,22,"Muniz, Madelynn",False,8,0,0,,0,0,,0,0,,0,0,0,0,0,0,0,0,0
2026-03-11_cal_st_fullerton_csun,Cal St. Fullerton,1,"Moon, Mimi",False,1,0,0,,0,0,,0,0,,0,0,0,0,0,0,0,0,0
2026-03-11_cal_st_fullerton_csun,Cal St. Fullerton,TM,TEAM,False,0,0,0,,0,0,,0,0,,6,3,9,0,0,1,0,0,0
2026-03-12_uc_davis_uc_riverside,UC Riverside,07,"Wickstrom, Hannah",True,37,8,22,0.364,0,4,0.0,10,11,0.909,2,5,7,2,4,5,0,8,26
2026-03-12_uc_davis_uc_riverside,UC Riverside,22,"Swanson, Taylor",True,22,3,5,0.6,0,1,0.0,4,6,0.667,1,2,3,5,1,3,0,1,10
2026-03-12_uc_davis_uc_riverside,UC Riverside,02,"Hackley, Seneca",True,31,3,11,0.273,0,1,0.0,2,2,1.0,1,0,1,5,2,0,0,2,8
2026-03-12_uc_davis_uc_riverside,UC Riverside,41,"Shine, Bria",True,28,2,5,0.4,0,0,,1,4,0.25,1,5,6,2,0,0,1,3,5
2026-03-12_uc_davis_uc_riverside,UC Riverside,01,"Polk, Kaylani",True,30,0,7,0.0,0,4,0.0,2,2,1.0,1,4,5,4,5,0,1,0,2
2026-03-12_uc_davis_uc_riverside,UC Riverside,32,"Moreno Tallon, Lucia",False,12,2,2,1.0,0,0,,1,2,0.5,2,1,3,4,0,0,1,0,5
2026-03-12_uc_davis_uc_riverside,UC Riverside,23,"Mejia, Maria",False,10,1,1,1.0,1,1,1.0,0,0,,0,0,0,2,0,2,0,0,3
2026-03-12_uc_davis_uc_riverside,UC Riverside,09,"Chocano, Maya",False,18,0,2,0.0,0,1,0.0,0,0,,0,3,3,2,0,1,0,1,0
2026-03-12_uc_davis_uc_riverside,UC Riverside,10,"Minshall, Makayla",False,12,0,4,0.0,0,2,0.0,0,0,,0,0,0,0,0,0,0,0,0
2026-03-12_uc_davis_uc_riverside,UC Riverside,TM,TEAM,False,0,0,0,,0,0,,0,0,,2,0,2,0,0,1,0,0,0
2026-03-12_uc_davis_uc_riverside,UC Davis,09,"Sussex, Avery",True,35,5,9,0.556,2,5,0.4,11,13,0.846,0,5,5,1,2,4,0,3,23
2026-03-12_uc_davis_uc_riverside,UC Davis,02,"Bennett, Ryann",True,38,6,12,0.5,1,2,0.5,2,2,1.0,1,3,4,2,6,4,0,1,15
2026-03-12_uc_davis_uc_riverside,UC Davis,25,"Norris, Megan",True,29,3,6,0.5,0,2,0.0,6,8,0.75,2,12,14,5,3,2,1,0,12
2026-03-12_uc_davis_uc_riverside,UC Davis,10,"Young, Tegan",True,33,2,3,0.667,0,1,0.0,4,6,0.667,1,5,6,2,2,4,0,2,8
2026-03-12_uc_davis_uc_riverside,UC Davis,04,"Epps, Nya",True,38,1,6,0.167,0,1,0.0,2,2,1.0,0,4,4,3,1,4,2,0,4
2026-03-12_uc_davis_uc_riverside,UC Davis,23,"Baker, Victoria",False,14,2,4,0.5,2,4,0.5,2,4,0.5,0,2,2,5,0,2,0,0,8
2026-03-12_uc_davis_uc_riverside,UC Davis,11,"Ersdala, Emmy",False,7,0,0,,0,0,,0,0,,0,0,0,0,0,0,0,0,0
2026-03-12_uc_davis_uc_riverside,UC Davis,15,"Lentfer, Sophie",False,6,0,0,,0,0,,0,0,,0,0,0,2,0,0,0,0,0
2026-03-12_uc_davis_uc_riverside,UC Davis,TM,TEAM,False,0,0,0,,0,0,,0,0,,1,1,2,0,0,0,0,0,0
2026-03-12_hawaii_cal_st_fullerton,Cal St. Fullerton,10,"Swindle, Dylan",True,42,3,12,0.25,2,5,0.4,4,4,1.0,0,5,5,3,2,0,0,3,12
2026-03-12_hawaii_cal_st_fullerton,Cal St. Fullerton,00,"Steiner, Nicole",True,24,5,13,0.385,0,0,,1,4,0.25,5,2,7,4,1,2,0,1,11
2026-03-12_hawaii_cal_st_fullerton,Cal St. Fullerton,55,"Jones, Cristina",True,36,2,20,0.1,0,0,,5,10,0.5,8,4,12,3,1,2,1,7,9
2026-03-12_hawaii_cal_st_fullerton,Cal St. Fullerton,33,"Pearson, Kya",True,36,2,6,0.333,1,1,1.0,3,4,0.75,1,2,3,4,2,2,0,2,8
2026-03-12_hawaii_cal_st_fullerton,Cal St. Fullerton,03,"Tauro, Maddy",True,31,1,6,0.167,0,1,0.0,0,0,,1,1,2,4,1,5,0,1,2
2026-03-12_hawaii_cal_st_fullerton,Cal St. Fullerton,23,"Maxwell, Talia",False,24,4,7,0.571,1,2,0.5,4,4,1.0,3,3,6,1,0,0,0,0,13
2026-03-12_hawaii_cal_st_fullerton,Cal St. Fullerton,22,"Muniz, Madelynn",False,23,1,5,0.2,1,5,0.2,0,0,,1,1,2,1,1,0,0,0,3
2026-03-12_hawaii_cal_st_fullerton,Cal St. Fullerton,13,"Petersen, Lilliana",False,3,1,1,1.0,1,1,1.0,0,0,,0,0,0,2,0,1,0,0,3
2026-03-12_hawaii_cal_st_fullerton,Cal St. Fullerton,05,"Sutisna, Maxine",False,6,0,2,0.0,0,0,,0,0,,1,0,1,0,0,0,0,0,0
2026-03-12_hawaii_cal_st_fullerton,Cal St. Fullerton,TM,TEAM,False,0,0,0,,0,0,,0,0,,2,4,6,0,0,1,0,0,0
2026-03-12_hawaii_cal_st_fullerton,Hawaii,03,"Flavell, Bailey",True,37,4,11,0.364,2,6,0.333,4,5,0.8,0,7,7,2,2,6,0,0,14
2026-03-12_hawaii_cal_st_fullerton,Hawaii,33,"Neverson, Saniyah",True,35,6,13,0.462,0,2,0.0,0,1,0.0,1,4,5,2,1,2,1,2,12
2026-03-12_hawaii_cal_st_fullerton,Hawaii,12,"Perez, Imani",True,29,4,5,0.8,2,3,0.667,2,2,1.0,0,5,5,4,4,0,4,0,12
2026-03-12_hawaii_cal_st_fullerton,Hawaii,11,"Curtis, Keiara",True,35,4,9,0.444,2,5,0.4,0,0,,1,4,5,2,5,4,0,2,10
2026-03-12_hawaii_cal_st_fullerton,Hawaii,22,"Peacock, Jade",True,8,1,2,0.5,0,1,0.0,0,0,,0,2,2,0,0,1,0,0,2
2026-03-12_hawaii_cal_st_fullerton,Hawaii,02,"Bond, Teyahna",False,31,2,8,0.25,0,2,0.0,4,4,1.0,0,4,4,2,4,2,0,2,8
2026-03-12_hawaii_cal_st_fullerton,Hawaii,24,"Tamilo, Ritorya",False,20,2,3,0.667,0,0,,2,4,0.5,3,7,10,3,0,2,4,0,6
2026-03-12_hawaii_cal_st_fullerton,Hawaii,08,"Moors, Rebecca",False,5,2,2,1.0,0,0,,0,0,,0,0,0,0,0,1,0,0,4
2026-03-12_hawaii_cal_st_fullerton,Hawaii,04,"Lefotu, Jovi",False,17,1,1,1.0,1,1,1.0,0,0,,0,1,1,1,4,0,1,0,3
2026-03-12_hawaii_cal_st_fullerton,Hawaii,06,"Webb, Kyra",False,8,0,0,,0,0,,1,2,0.5,0,0,0,1,0,1,0,0,1
2026-03-12_hawaii_cal_st_fullerton,Hawaii,TM,TEAM,False,0,0,0,,0,0,,0,0,,3,3,6,0,0,2,0,0,0
2026-03-13_uc_san_diego_uc_davis,UC Davis,09,"Sussex, Avery",True,35,11,21,0.524,5,13,0.385,0,1,0.0,0,2,2,2,4,3,0,1,27
2026-03-13_uc_san_diego_uc_davis,UC Davis,04,"Epps, Nya",True,38,8,17,0.471,2,6,0.333,2,2,1.0,5,5,10,3,4,3,1,0,20
2026-03-13_uc_san_diego_uc_davis,UC Davis,25,"Norris, Megan",True,33,4,7,0.571,2,2,1.0,3,4,0.75,1,12,13,3,3,0,1,0,13
2026-03-13_uc_san_diego_uc_davis,UC Davis,10,"Young, Tegan",True,31,4,9,0.444,1,6,0.167,0,0,,0,2,2,2,3,1,0,2,9
2026-03-13_uc_san_diego_uc_davis,UC Davis,02,"Bennett, Ryann",True,39,3,9,0.333,0,4,0.0,2,2,1.0,0,3,3,3,4,3,0,1,8
2026-03-13_uc_san_diego_uc_davis,UC Davis,23,"Baker, Victoria",False,19,1,4,0.25,0,2,0.0,0,0,,2,2,4,2,0,0,0,0,2
2026-03-13_uc_san_diego_uc_davis,UC Davis,11,"Ersdala, Emmy",False,5,0,0,,0,0,,0,0,,0,1,1,1,1,1,0,1,0
2026-03-13_uc_san_diego_uc_davis,UC Davis,TM,TEAM,False,0,0,0,,0,0,,0,0,,1,2,3,0,0,0,0,0,0
2026-03-13_uc_san_diego_uc_davis,UC San Diego,15,"Ma, Sabrina",True,37,7,15,0.467,4,10,0.4,3,3,1.0,0,2,2,2,2,1,1,2,21
2026-03-13_uc_san_diego_uc_davis,UC San Diego,04,"Rose, Makayla",True,40,5,14,0.357,2,4,0.5,7,8,0.875,1,5,6,2,4,1,0,1,19
2026-03-13_uc_san_diego_uc_davis,UC San Diego,10,"Maxie, Dymonique",True,40,5,7,0.714,2,2,1.0,2,2,1.0,0,6,6,1,4,1,0,0,14
2026-03-13_uc_san_diego_uc_davis,UC San Diego,11,"Condron, Erin",True,33,3,10,0.3,0,0,,2,2,1.0,3,2,5,4,6,1,1,0,8
2026-03-13_uc_san_diego_uc_davis,UC San Diego,12,"Smith, Rosa",True,12,2,5,0.4,0,2,0.0,0,0,,0,1,1,1,1,1,0,0,4
2026-03-13_uc_san_diego_uc_davis,UC San Diego,13,"Feiman, Lev",False,28,6,11,0.545,2,5,0.4,2,2,1.0,1,3,4,3,0,1,1,1,16
2026-03-13_uc_san_diego_uc_davis,UC San Diego,30,"Sule, Damilola",False,7,1,4,0.25,0,0,,0,0,,1,5,6,2,0,0,0,0,2
2026-03-13_uc_san_diego_uc_davis,UC San Diego,02,"Fairwell, Michaela",False,3,0,1,0.0,0,0,,0,0,,0,1,1,0,0,1,0,0,0
2026-03-13_uc_san_diego_uc_davis,UC San Diego,TM,TEAM,False,0,0,0,,0,0,,0,0,,3,3,6,0,0,0,0,0,0
2026-03-13_uc_irvine_hawaii,Hawaii,03,"Flavell, Bailey",True,34,4,7,0.571,2,4,0.5,3,6,0.5,1,5,6,2,2,2,0,0,13
2026-03-13_uc_irvine_hawaii,Hawaii,12,"Perez, Imani",True,41,3,6,0.5,3,6,0.5,2,2,1.0,0,4,4,1,3,3,0,1,11
2026-03-13_uc_irvine_hawaii,Hawaii,33,"Neverson, Saniyah",True,25,4,13,0.308,1,4,0.25,1,1,1.0,1,6,7,1,0,1,2,0,10
2026-03-13_uc_irvine_hawaii,Hawaii,11,"Curtis, Keiara",True,16,1,5,0.2,0,2,0.0,0,0,,0,1,1,2,1,0,0,0,2
2026-03-13_uc_irvine_hawaii,Hawaii,22,"Peacock, Jade",True,12,0,0,,0,0,,0,0,,0,1,1,0,0,0,0,0,0
2026-03-13_uc_irvine_hawaii,Hawaii,04,"Lefotu, Jovi",False,25,3,8,0.375,2,2,1.0,1,2,0.5,1,3,4,1,1,1,1,1,9
2026-03-13_uc_irvine_hawaii,Hawaii,24,"Tamilo, Ritorya",False,23,4,6,0.667,1,2,0.5,0,2,0.0,0,3,3,1,1,1,3,1,9
2026-03-13_uc_irvine_hawaii,Hawaii,02,"Bond, Teyahna",False,22,4,6,0.667,1,2,0.5,0,0,,1,2,3,2,5,3,0,0,9
2026-03-13_uc_irvine_hawaii,Hawaii,08,"Moors, Rebecca",False,10,1,4,0.25,1,3,0.333,1,2,0.5,1,0,1,1,0,1,0,0,4
2026-03-13_uc_irvine_hawaii,Hawaii,06,"Webb, Kyra",False,17,0,2,0.0,0,0,,0,0,,1,4,5,2,1,0,0,0,0
2026-03-13_uc_irvine_hawaii,Hawaii,TM,TEAM,False,0,0,0,,0,0,,0,0,,3,3,6,0,0,2,0,0,0
2026-03-13_uc_irvine_hawaii,UC Irvine,20,"Hernandez, Hunter",True,45,8,23,0.348,4,9,0.444,13,14,0.929,1,7,8,3,2,3,1,2,33
2026-03-13_uc_irvine_hawaii,UC Irvine,23,"Wynn, Jada",True,40,6,17,0.353,4,7,0.571,2,2,1.0,0,3,3,2,4,0,1,1,18
2026-03-13_uc_irvine_hawaii,UC Irvine,10,"Madsen, Lauryn",True,36,1,7,0.143,1,7,0.143,0,0,,2,2,4,1,1,0,0,3,3
2026-03-13_uc_irvine_hawaii,UC Irvine,12,"Nahum, Shirel",True,42,1,5,0.2,0,2,0.0,0,0,,2,5,7,3,4,4,0,1,2
2026-03-13_uc_irvine_hawaii,UC Irvine,14,"Hanson, Summah",True,22,0,2,0.0,0,1,0.0,0,0,,2,4,6,5,0,0,1,0,0
2026-03-13_uc_irvine_hawaii,UC Irvine,13,"Stores, Nohealani",False,12,1,2,0.5,0,0,,2,2,1.0,0,0,0,0,1,0,0,0,4
2026-03-13_uc_irvine_hawaii,UC Irvine,24,"Zonzon-Huyghe, Naomy",False,15,1,3,0.333,1,2,0.5,0,0,,0,2,2,1,0,0,0,1,3
2026-03-13_uc_irvine_hawaii,UC Irvine,09,"Falcon Hernandez, Daniela",False,11,0,3,0.0,0,1,0.0,0,0,,0,2,2,1,0,0,0,0,0
2026-03-13_uc_irvine_hawaii,UC Irvine,01,"Grant, Ameerah",False,2,0,0,,0,0,,0,0,,0,0,0,0,0,0,0,0,0
2026-03-13_uc_irvine_hawaii,UC Irvine,TM,TEAM,False,0,0,0,,0,0,,0,0,,6,1,7,0,0,0,0,0,0
2026-03-14_uc_san_diego_hawaii,Hawaii,03,"Flavell, Bailey",True,34,6,14,0.429,1,5,0.2,0,0,,0,5,5,0,1,2,0,0,13
2026-03-14_uc_san_diego_hawaii,Hawaii,33,"Neverson, Saniyah",True,32,3,7,0.429,0,2,0.0,2,2,1.0,0,6,6,1,1,2,4,2,8
2026-03-14_uc_san_diego_hawaii,Hawaii,11,"Curtis, Keiara",True,25,1,6,0.167,1,2,0.5,2,2,1.0,0,5,5,4,1,2,1,0,5
2026-03-14_uc_san_diego_hawaii,Hawaii,12,"Perez, Imani",True,23,0,1,0.0,0,0,,0,0,,0,2,2,4,2,1,0,0,0
2026-03-14_uc_san_diego_hawaii,Hawaii,22,"Peacock, Jade",True,8,0,1,0.0,0,1,0.0,0,0,,0,3,3,2,1,0,0,0,0
2026-03-14_uc_san_diego_hawaii,Hawaii,04,"Lefotu, Jovi",False,20,3,7,0.429,1,3,0.333,2,2,1.0,0,3,3,0,0,5,0,0,9
2026-03-14_uc_san_diego_hawaii,Hawaii,24,"Tamilo, Ritorya",False,14,2,3,0.667,1,1,1.0,2,2,1.0,0,5,5,3,0,2,1,1,7
2026-03-14_uc_san_diego_hawaii,Hawaii,02,"Bond, Teyahna",False,29,2,8,0.25,0,2,0.0,0,0,,0,1,1,0,3,3,0,0,4
2026-03-14_uc_san_diego_hawaii,Hawaii,06,"Webb, Kyra",False,13,1,1,1.0,0,0,,0,0,,1,0,1,1,0,0,0,0,2
2026-03-14_uc_san_diego_hawaii,Hawaii,08,"Moors, Rebecca",False,2,0,0,,0,0,,0,0,,1,1,2,0,0,0,0,0,0
2026-03-14_uc_san_diego_hawaii,Hawaii,TM,TEAM,False,0,0,0,,0,0,,0,0,,0,1,1,0,0,2,0,0,0
2026-03-14_uc_san_diego_hawaii,UC San Diego,11,"Condron, Erin",True,40,10,18,0.556,0,0,,2,2,1.0,3,11,14,0,1,3,1,2,22
2026-03-14_uc_san_diego_hawaii,UC San Diego,04,"Rose, Makayla",True,40,7,19,0.368,1,2,0.5,2,2,1.0,2,6,8,1,0,0,0,5,17
2026-03-14_uc_san_diego_hawaii,UC San Diego,12,"Smith, Rosa",True,29,2,7,0.286,2,5,0.4,2,2,1.0,0,1,1,3,1,3,0,2,8
2026-03-14_uc_san_diego_hawaii,UC San Diego,15,"Ma, Sabrina",True,28,2,9,0.222,0,4,0.0,0,0,,3,4,7,2,5,0,0,0,4
2026-03-14_uc_san_diego_hawaii,UC San Diego,10,"Maxie, Dymonique",True,40,1,8,0.125,0,4,0.0,1,2,0.5,0,5,5,2,5,1,0,2,3
2026-03-14_uc_san_diego_hawaii,UC San Diego,13,"Feiman, Lev",False,21,3,7,0.429,0,1,0.0,0,0,,0,0,0,1,0,0,0,0,6
2026-03-14_uc_san_diego_hawaii,UC San Diego,02,"Fairwell, Michaela",False,2,0,1,0.0,0,0,,0,0,,0,0,0,0,1,0,0,0,0
2026-03-14_uc_san_diego_hawaii,UC San Diego,TM,TEAM,False,0,0,0,,0,0,,0,0,,4,0,4,0,0,0,0,0,0
2026-03-19_pepperdine_uc_davis,UC Davis,02,"Bennett, Ryann",True,39,9,19,0.474,1,6,0.167,2,4,0.5,0,2,2,1,4,2,3,2,21
2026-03-19_pepperdine_uc_davis,UC Davis,09,"Sussex, Avery",True,31,5,10,0.5,3,4,0.75,3,3,1.0,0,4,4,2,3,3,0,5,16
2026-03-19_pepperdine_uc_davis,UC Davis,04,"Epps, Nya",True,38,6,13,0.462,3,4,0.75,0,0,,0,2,2,3,1,2,0,3,15
2026-03-19_pepperdine_uc_davis,UC Davis,25,"Norris, Megan",True,37,2,9,0.222,0,3,0.0,3,4,0.75,1,6,7,2,7,2,1,0,7
2026-03-19_pepperdine_uc_davis,UC Davis,10,"Young, Tegan",True,29,1,4,0.25,0,1,0.0,2,2,1.0,1,3,4,1,1,1,2,1,4
2026-03-19_pepperdine_uc_davis,UC Davis,11,"Ersdala, Emmy",False,9,1,3,0.333,1,3,0.333,0,0,,0,1,1,0,2,0,0,0,3
2026-03-19_pepperdine_uc_davis,UC Davis,23,"Baker, Victoria",False,14,1,3,0.333,0,2,0.0,0,2,0.0,0,3,3,3,0,1,0,1,2
2026-03-19_pepperdine_uc_davis,UC Davis,15,"Lentfer, Sophie",False,3,0,0,,0,0,,0,0,,0,1,1,0,0,0,0,0,0
2026-03-19_pepperdine_uc_davis,UC Davis,TM,TEAM,False,0,0,0,,0,0,,0,0,,3,4,7,0,0,1,0,0,0
2026-03-19_pepperdine_uc_davis,Pepperdine,02,"Guiney, Elli",True,40,9,18,0.5,6,11,0.545,3,4,0.75,0,4,4,1,0,1,1,0,27
2026-03-19_pepperdine_uc_davis,Pepperdine,01,"Sta. Maria, Taija",True,35,4,9,0.444,1,2,0.5,4,4,1.0,0,2,2,1,6,3,1,2,13
2026-03-19_pepperdine_uc_davis,Pepperdine,00,"Finley, Ivory",True,36,3,9,0.333,1,5,0.2,0,0,,2,3,5,1,2,2,0,1,7
2026-03-19_pepperdine_uc_davis,Pepperdine,13,"Fiso, Meghan",True,29,3,16,0.188,1,5,0.2,0,0,,1,5,6,2,3,1,1,2,7
2026-03-19_pepperdine_uc_davis,Pepperdine,12,"Preston, Shorna",True,18,3,6,0.5,0,1,0.0,0,0,,2,7,9,4,2,5,0,0,6
2026-03-19_pepperdine_uc_davis,Pepperdine,03,"Green, Bella",False,22,3,3,1.0,0,0,,3,4,0.75,4,11,15,3,2,3,0,0,9
2026-03-19_pepperdine_uc_davis,Pepperdine,30,"Harmon, Seleh",False,20,1,4,0.25,0,3,0.0,0,0,,0,1,1,0,1,1,0,0,2
2026-03-19_pepperdine_uc_davis,Pepperdine,TM,TEAM,False,0,0,0,,0,0,,0,0,,1,1,2,0,0,1,0,0,0
2026-03-19_san_diego_st_uc_irvine,UC Irvine,20,"Hernandez, Hunter",True,36,7,16,0.438,1,2,0.5,4,4,1.0,0,3,3,5,4,3,0,0,19
2026-03-19_san_diego_st_uc_irvine,UC Irvine,23,"Wynn, Jada",True,37,3,11,0.273,1,4,0.25,5,5,1.0,3,6,9,2,3,2,2,2,12
2026-03-19_san_diego_st_uc_irvine,UC Irvine,14,"Hanson, Summah",True,28,3,10,0.3,1,6,0.167,0,0,,0,5,5,2,1,1,0,4,7
2026-03-19_san_diego_st_uc_irvine,UC Irvine,12,"Nahum, Shirel",True,33,2,9,0.222,1,5,0.2,0,0,,1,1,2,3,1,1,0,0,5
2026-03-19_san_diego_st_uc_irvine,UC Irvine,10,"Madsen, Lauryn",True,38,1,4,0.25,1,3,0.333,0,0,,0,3,3,0,0,0,0,2,3
2026-03-19_san_diego_st_uc_irvine,UC Irvine,13,"Stores, Nohe'alani",False,6,2,3,0.667,0,0,,0,0,,1,0,1,0,0,1,0,0,4
2026-03-19_san_diego_st_uc_irvine,UC Irvine,1,"Grant, Ameerah",False,6,1,2,0.5,1,1,1.0,0,0,,0,0,0,0,0,0,0,0,3
2026-03-19_san_diego_st_uc_irvine,UC Irvine,24,"Zonzon-huyghe, Naomy",False,10,1,2,0.5,0,0,,0,0,,0,2,2,3,0,1,0,0,2
2026-03-19_san_diego_st_uc_irvine,UC Irvine,9,"Falcon Hernandez, Daniela",False,6,0,0,,0,0,,0,0,,0,2,2,0,0,0,0,0,0
2026-03-19_san_diego_st_uc_irvine,UC Irvine,TM,TEAM,False,0,0,0,,0,0,,0,0,,0,2,2,0,0,1,0,0,0
2026-03-19_san_diego_st_uc_irvine,San Diego St.,24,"Panganiban, Naomi",True,37,5,13,0.385,3,5,0.6,9,9,1.0,0,2,2,2,3,1,0,0,22
2026-03-19_san_diego_st_uc_irvine,San Diego St.,00,"Lee, Kennedy",True,28,5,8,0.625,1,4,0.25,0,0,,0,8,8,1,0,3,0,1,11
2026-03-19_san_diego_st_uc_irvine,San Diego St.,20,"Barnhard, Bailey",True,30,4,8,0.5,0,1,0.0,0,0,,3,6,9,1,5,0,0,0,8
2026-03-19_san_diego_st_uc_irvine,San Diego St.,14,"Williams, Nala",True,26,2,6,0.333,0,1,0.0,4,4,1.0,1,1,2,1,3,0,0,1,8
2026-03-19_san_diego_st_uc_irvine,San Diego St.,10,"Martinez, Nat",True,26,1,4,0.25,1,3,0.333,0,0,,0,4,4,1,2,4,0,0,3
2026-03-19_san_diego_st_uc_irvine,San Diego St.,12,"Hamilton, Kaelyn",False,15,2,3,0.667,0,0,,0,0,,0,1,1,4,0,1,0,1,4
2026-03-19_san_diego_st_uc_irvine,San Diego St.,4,"Latta, Cj",False,16,1,2,0.5,1,2,0.5,0,0,,0,1,1,0,0,0,0,0,3
2026-03-19_san_diego_st_uc_irvine,San Diego St.,3,"Jackson, Alyssa",False,10,1,6,0.167,0,1,0.0,0,0,,0,4,4,1,1,1,0,0,2
2026-03-19_san_diego_st_uc_irvine,San Diego St.,13,"Konstantinidou, Maria",False,12,0,1,0.0,0,0,,0,0,,1,1,2,1,0,0,1,0,0
2026-03-19_san_diego_st_uc_irvine,San Diego St.,TM,TEAM,False,0,0,0,,0,0,,0,0,,0,1,1,0,0,0,0,0,0
2026-03-20_tcu_uc_san_diego,UC San Diego,11,"Condron, Erin",True,37,4,11,0.364,1,2,0.5,3,4,0.75,1,5,6,1,0,1,2,0,12
2026-03-20_tcu_uc_san_diego,UC San Diego,15,"Ma, Sabrina",True,33,3,13,0.231,1,9,0.111,0,0,,1,5,6,4,3,3,0,0,7
2026-03-20_tcu_uc_san_diego,UC San Diego,12,"Smith, Rosa",True,28,3,12,0.25,1,6,0.167,0,0,,0,0,0,1,2,1,1,1,7
2026-03-20_tcu_uc_san_diego,UC San Diego,04,"Rose, Makayla",True,30,1,10,0.1,1,3,0.333,2,2,1.0,0,5,5,3,1,0,0,0,5
2026-03-20_tcu_uc_san_diego,UC San Diego,10,"Maxie, Dymonique",True,37,1,9,0.111,0,2,0.0,1,2,0.5,0,1,1,4,0,3,1,4,3
2026-03-20_tcu_uc_san_diego,UC San Diego,13,"Feiman, Lev",False,19,3,9,0.333,0,1,0.0,0,0,,1,1,2,2,0,0,2,0,6
2026-03-20_tcu_uc_san_diego,UC San Diego,02,"Fairwell, Michaela",False,7,0,1,0.0,0,0,,0,0,,0,0,0,1,1,0,0,0,0
2026-03-20_tcu_uc_san_diego,UC San Diego,21,"Polocheck, Nicki",False,3,0,1,0.0,0,0,,0,0,,0,0,0,0,0,0,0,0,0
2026-03-20_tcu_uc_san_diego,UC San Diego,24,"Price, Niya",False,3,0,0,,0,0,,0,0,,0,0,0,0,0,1,0,0,0
2026-03-20_tcu_uc_san_diego,UC San Diego,30,"Sule, Damilola",False,3,0,0,,0,0,,0,0,,0,0,0,0,0,0,0,0,0
2026-03-20_tcu_uc_san_diego,UC San Diego,TM,TEAM,False,0,0,0,,0,0,,0,0,,4,4,8,0,0,0,0,0,0
2026-03-20_tcu_uc_san_diego,TCU,01,"Bigby, Taylor",True,33,8,10,0.8,7,9,0.778,4,6,0.667,0,3,3,1,1,1,2,0,27
2026-03-20_tcu_uc_san_diego,TCU,17,"Silva, Clara",True,19,6,8,0.75,0,0,,1,2,0.5,2,9,11,1,3,1,4,0,13
2026-03-20_tcu_uc_san_diego,TCU,05,"Miles, Olivia",True,31,4,10,0.4,1,2,0.5,3,3,1.0,0,16,16,1,14,3,1,2,12
2026-03-20_tcu_uc_san_diego,TCU,07,"Suárez, Marta",True,30,4,14,0.286,3,7,0.429,0,0,,6,4,10,2,1,2,0,1,11
2026-03-20_tcu_uc_san_diego,TCU,04,"Hunter, Donovyn",True,27,4,9,0.444,1,3,0.333,0,0,,1,0,1,0,0,2,0,1,9
2026-03-20_tcu_uc_san_diego,TCU,02,"Sheffey, Veronica",False,20,5,9,0.556,1,4,0.25,1,2,0.5,1,2,3,2,1,2,0,1,12
2026-03-20_tcu_uc_san_diego,TCU,00,"Basham, Kennedy",False,19,1,4,0.25,0,0,,0,0,,1,4,5,2,2,1,1,0,2
2026-03-20_tcu_uc_san_diego,TCU,16,"Bielefeld, Clara",False,17,0,1,0.0,0,1,0.0,0,0,,0,3,3,1,1,0,2,1,0
2026-03-20_tcu_uc_san_diego,TCU,14,"Mazurek, Natalie",False,4,0,0,,0,0,,0,0,,0,1,1,0,0,0,0,0,0
2026-03-20_tcu_uc_san_diego,TCU,TM,TEAM,False,0,0,0,,0,0,,0,0,,1,2,3,0,0,2,0,0,0
