game_id,team,jersey,player,started,min,fg_m,fg_a,fg_pct,3p_m,3p_a,3p_pct,ft_m,ft_a,ft_pct,oreb,dreb,reb,pf,ast,to,blk,stl,pts
2021-10-23_uc_santa_barbara_westcliff,Westcliff,00,"Vasquez, Trinity",True,26,4,17,0.235,0,0,,6,7,0.857,3,3,6,1,0,3,0,0,14
2021-10-23_uc_santa_barbara_westcliff,Westcliff,03,"Tapia, Laura",True,22,2,8,0.25,0,1,0.0,3,4,0.75,0,1,1,0,1,5,0,1,7
2021-10-23_uc_santa_barbara_westcliff,Westcliff,05,"Hawkins, Bailey",True,26,2,5,0.4,0,0,,0,0,,4,4,8,3,0,1,0,0,4
2021-10-23_uc_santa_barbara_westcliff,Westcliff,12,"Anderson, Asia",True,20,0,2,0.0,0,0,,0,0,,0,3,3,3,0,2,0,0,0
2021-10-23_uc_santa_barbara_westcliff,Westcliff,22,"Weber, Sara",True,20,0,5,0.0,0,3,0.0,0,0,,1,2,3,0,0,1,0,1,0
2021-10-23_uc_santa_barbara_westcliff,Westcliff,01,"Lali, Neyha",False,16,2,3,0.667,0,0,,2,2,1.0,0,0,0,0,0,2,0,0,6
2021-10-23_uc_santa_barbara_westcliff,Westcliff,21,"Hare, Remy",False,9,1,3,0.333,0,1,0.0,0,0,,1,3,4,2,0,1,0,0,2
2021-10-23_uc_santa_barbara_westcliff,Westcliff,04,"Collins, Mia",False,7,1,2,0.5,0,1,0.0,0,0,,0,0,0,0,1,0,0,0,2
2021-10-23_uc_santa_barbara_westcliff,Westcliff,43,"Casillas, Alexis",False,15,0,4,0.0,0,2,0.0,1,2,0.5,0,1,1,2,0,1,0,0,1
2021-10-23_uc_santa_barbara_westcliff,Westcliff,23,"Kong, Jasmine",False,7,0,0,,0,0,,1,2,0.5,0,1,1,0,0,2,0,0,1
2021-10-23_uc_santa_barbara_westcliff,Westcliff,24,"Jackson, Skyy",False,17,0,3,0.0,0,2,0.0,0,0,,1,1,2,2,0,5,0,1,0
2021-10-23_uc_santa_barbara_westcliff,Westcliff,13,"Bennett, Jemma",False,7,0,1,0.0,0,1,0.0,0,0,,0,2,2,0,1,0,0,0,0
2021-10-23_uc_santa_barbara_westcliff,Westcliff,20,"Walsh, Isabella",False,4,0,0,,0,0,,0,0,,0,0,0,0,0,0,0,0,0
2021-10-23_uc_santa_barbara_westcliff,Westcliff,30,"Davis, Grace",False,4,0,1,0.0,0,1,0.0,0,0,,1,0,1,0,0,1,0,0,0
2021-10-23_uc_santa_barbara_westcliff,Westcliff,TM,TEAM,False,0,0,0,,0,0,,0,0,,1,6,7,0,0,1,0,0,0
2021-10-23_uc_santa_barbara_westcliff,UC Santa Barbara,31,"Lane, Ila",True,15,6,11,0.545,0,0,,4,4,1.0,2,5,7,0,0,1,0,0,16
2021-10-23_uc_santa_barbara_westcliff,UC Santa Barbara,11,"Lee, Lauren",True,12,2,4,0.5,2,3,0.667,0,0,,1,2,3,0,1,0,0,1,6
2021-10-23_uc_santa_barbara_westcliff,UC Santa Barbara,30,"Anderson, Megan",True,16,1,5,0.2,1,4,0.25,2,2,1.0,1,2,3,0,2,0,0,0,5
2021-10-23_uc_santa_barbara_westcliff,UC Santa Barbara,00,"Miller, Danae",True,17,1,2,0.5,0,1,0.0,1,2,0.5,0,2,2,2,5,2,0,1,3
2021-10-23_uc_santa_barbara_westcliff,UC Santa Barbara,01,"Gonzalez, Johnni",True,27,1,8,0.125,0,4,0.0,0,0,,3,5,8,1,6,1,0,0,2
2021-10-23_uc_santa_barbara_westcliff,UC Santa Barbara,12,"Mole, Taylor",False,15,6,8,0.75,2,3,0.667,0,0,,2,2,4,0,0,0,2,1,14
2021-10-23_uc_santa_barbara_westcliff,UC Santa Barbara,15,"Modawar, Tatyana",False,14,4,9,0.444,1,5,0.2,0,0,,0,6,6,4,1,1,1,0,9
2021-10-23_uc_santa_barbara_westcliff,UC Santa Barbara,02,"Anugwom, Briana",False,14,4,11,0.364,0,3,0.0,0,0,,3,4,7,0,1,3,0,1,8
2021-10-23_uc_santa_barbara_westcliff,UC Santa Barbara,25,"Cabuena, Analillia",False,7,2,4,0.5,1,2,0.5,0,0,,3,0,3,2,1,0,0,0,5
2021-10-23_uc_santa_barbara_westcliff,UC Santa Barbara,21,"Johnson, Kennedy",False,10,1,2,0.5,0,0,,2,2,1.0,0,1,1,1,1,1,0,0,4
2021-10-23_uc_santa_barbara_westcliff,UC Santa Barbara,22,"Vierra, Kiana",False,7,1,1,1.0,1,1,1.0,0,0,,0,0,0,0,0,0,0,1,3
2021-10-23_uc_santa_barbara_westcliff,UC Santa Barbara,03,"Marin, Alyssa",False,17,1,4,0.25,0,2,0.0,0,0,,1,0,1,1,1,0,0,1,2
2021-10-23_uc_santa_barbara_westcliff,UC Santa Barbara,10,"Choice, Anya",False,17,0,3,0.0,0,3,0.0,2,2,1.0,0,0,0,3,1,0,0,0,2
2021-10-23_uc_santa_barbara_westcliff,UC Santa Barbara,20,"Rockwood, Laurel",False,11,1,2,0.5,0,0,,0,0,,1,2,3,1,1,4,0,0,2
2021-10-23_uc_santa_barbara_westcliff,UC Santa Barbara,05,"Thomas, Delauna",False,1,1,2,0.5,0,0,,0,0,,0,0,0,0,0,0,0,1,2
2021-10-23_uc_santa_barbara_westcliff,UC Santa Barbara,TM,TEAM,False,0,0,0,,0,0,,0,0,,0,0,0,0,0,0,0,0,0
2021-11-01_uc_santa_barbara_whittier,Whittier,00,"White, Teani",True,27,3,8,0.375,1,4,0.25,0,0,,0,1,1,4,0,5,0,0,7
2021-11-01_uc_santa_barbara_whittier,Whittier,15,"Robles, Bella",True,20,2,6,0.333,0,1,0.0,1,2,0.5,2,4,6,5,0,3,2,1,5
2021-11-01_uc_santa_barbara_whittier,Whittier,24,"Wright, Shaeleigh",True,27,2,5,0.4,0,0,,0,0,,2,5,7,4,0,6,0,1,4
2021-11-01_uc_santa_barbara_whittier,Whittier,10,"Cardenas, Daisy",True,21,1,4,0.25,1,3,0.333,0,0,,0,2,2,1,4,1,0,0,3
2021-11-01_uc_santa_barbara_whittier,Whittier,12,"Abraham, Tiana",True,20,1,5,0.2,1,2,0.5,0,0,,0,0,0,2,0,7,0,0,3
2021-11-01_uc_santa_barbara_whittier,Whittier,20,"Olson, Risa",False,12,1,4,0.25,1,2,0.5,0,0,,1,2,3,0,1,2,0,1,3
2021-11-01_uc_santa_barbara_whittier,Whittier,11,"Tuck, Kailynn",False,15,0,1,0.0,0,0,,2,2,1.0,1,2,3,0,0,1,0,1,2
2021-11-01_uc_santa_barbara_whittier,Whittier,05,"Pagila, Abby",False,9,0,5,0.0,0,0,,2,2,1.0,0,1,1,2,0,2,0,0,2
2021-11-01_uc_santa_barbara_whittier,Whittier,23,"Scriven, Lizzie",False,7,0,2,0.0,0,1,0.0,1,2,0.5,1,0,1,0,0,1,0,2,1
2021-11-01_uc_santa_barbara_whittier,Whittier,32,"James, Lanie",False,16,0,4,0.0,0,2,0.0,0,0,,0,1,1,3,0,3,0,1,0
2021-11-01_uc_santa_barbara_whittier,Whittier,35,"Navarro, Amy",False,12,0,3,0.0,0,0,,0,0,,0,0,0,0,1,0,1,1,0
2021-11-01_uc_santa_barbara_whittier,Whittier,31,"Leach, Rhe Nae",False,8,0,3,0.0,0,0,,0,0,,1,1,2,2,1,1,0,1,0
2021-11-01_uc_santa_barbara_whittier,Whittier,34,"Williams, Natalia",False,6,0,1,0.0,0,0,,0,0,,0,0,0,1,0,0,0,0,0
2021-11-01_uc_santa_barbara_whittier,Whittier,TM,TEAM,False,0,0,0,,0,0,,0,0,,3,4,7,0,0,2,0,0,0
2021-11-01_uc_santa_barbara_whittier,UC Santa Barbara,31,"Lane, Ila",True,23,7,11,0.636,0,0,,1,2,0.5,3,6,9,0,1,2,3,3,15
2021-11-01_uc_santa_barbara_whittier,UC Santa Barbara,00,"Miller, Danae",True,25,4,8,0.5,2,5,0.4,4,4,1.0,0,4,4,0,2,1,0,3,14
2021-11-01_uc_santa_barbara_whittier,UC Santa Barbara,01,"Gonzalez, Johnni",True,21,3,5,0.6,0,1,0.0,1,2,0.5,1,1,2,1,3,1,0,0,7
2021-11-01_uc_santa_barbara_whittier,UC Santa Barbara,11,"Lee, Lauren",True,11,1,1,1.0,1,1,1.0,1,2,0.5,4,0,4,0,0,0,0,0,4
2021-11-01_uc_santa_barbara_whittier,UC Santa Barbara,30,"Anderson, Megan",True,17,1,5,0.2,0,3,0.0,1,2,0.5,0,3,3,0,0,1,1,3,3
2021-11-01_uc_santa_barbara_whittier,UC Santa Barbara,02,"Tucker, Alexis",False,15,3,8,0.375,0,2,0.0,3,6,0.5,0,5,5,1,2,2,0,3,9
2021-11-01_uc_santa_barbara_whittier,UC Santa Barbara,10,"Choice, Anya",False,15,2,3,0.667,0,1,0.0,0,0,,0,0,0,2,0,1,0,1,4
2021-11-01_uc_santa_barbara_whittier,UC Santa Barbara,12,"Mole, Taylor",False,13,1,4,0.25,0,1,0.0,2,2,1.0,1,2,3,1,1,2,0,1,4
2021-11-01_uc_santa_barbara_whittier,UC Santa Barbara,03,"Marin, Alyssa",False,8,1,2,0.5,0,1,0.0,2,4,0.5,0,0,0,0,0,1,0,1,4
2021-11-01_uc_santa_barbara_whittier,UC Santa Barbara,20,"Rockwood, Laurel",False,10,1,1,1.0,0,0,,1,2,0.5,1,1,2,1,0,3,0,1,3
2021-11-01_uc_santa_barbara_whittier,UC Santa Barbara,21,"Johnson, Kennedy",False,10,1,4,0.25,0,1,0.0,1,2,0.5,0,1,1,1,1,2,4,3,3
2021-11-01_uc_santa_barbara_whittier,UC Santa Barbara,05,"Thomas, Delauna",False,10,0,2,0.0,0,0,,1,2,0.5,0,2,2,1,1,4,0,2,1
2021-11-01_uc_santa_barbara_whittier,UC Santa Barbara,15,"Modawar, Tatyana",False,10,0,2,0.0,0,2,0.0,0,0,,1,2,3,0,0,0,1,0,0
2021-11-01_uc_santa_barbara_whittier,UC Santa Barbara,22,"Vierra, Kiana",False,6,0,1,0.0,0,1,0.0,0,0,,0,1,1,2,0,0,0,1,0
2021-11-01_uc_santa_barbara_whittier,UC Santa Barbara,25,"Cabuena, Analillia",False,6,0,0,,0,0,,0,0,,0,0,0,0,0,0,0,0,0
2021-11-01_uc_santa_barbara_whittier,UC Santa Barbara,TM,TEAM,False,0,0,0,,0,0,,0,0,,1,2,3,0,0,0,0,0,0
2021-11-03_hawaii_hawaii_pacific,Hawaii Pacific,30,"Rowell, Tavia",True,35,8,18,0.444,6,10,0.6,7,7,1.0,1,3,4,3,1,0,0,0,29
2021-11-03_hawaii_hawaii_pacific,Hawaii Pacific,25,"Razo, Julia",True,29,5,9,0.556,3,5,0.6,2,3,0.667,2,2,4,5,1,1,0,1,15
2021-11-03_hawaii_hawaii_pacific,Hawaii Pacific,03,"Baum, Amy",True,39,3,11,0.273,1,3,0.333,2,6,0.333,3,4,7,4,8,2,2,3,9
2021-11-03_hawaii_hawaii_pacific,Hawaii Pacific,21,"Cargill, Avery",True,33,2,8,0.25,2,7,0.286,3,3,1.0,1,1,2,4,0,0,0,1,9
2021-11-03_hawaii_hawaii_pacific,Hawaii Pacific,04,"Zeldenryk, Makaela",True,16,2,6,0.333,1,4,0.25,0,0,,1,3,4,4,1,0,0,1,5
2021-11-03_hawaii_hawaii_pacific,Hawaii Pacific,11,"Ross, Allison",False,21,3,5,0.6,1,3,0.333,0,0,,0,2,2,1,2,1,0,0,7
2021-11-03_hawaii_hawaii_pacific,Hawaii Pacific,14,"Jensen, Jordyn",False,11,1,3,0.333,0,0,,0,0,,0,0,0,2,2,2,0,0,2
2021-11-03_hawaii_hawaii_pacific,Hawaii Pacific,32,"O'Brien, Devyn",False,6,0,1,0.0,0,0,,0,0,,0,1,1,5,0,0,0,0,0
2021-11-03_hawaii_hawaii_pacific,Hawaii Pacific,01,"Wrede, Abby",False,4,0,0,,0,0,,0,0,,0,0,0,0,0,0,0,0,0
2021-11-03_hawaii_hawaii_pacific,Hawaii Pacific,23,"Berge, Ella",False,3,0,0,,0,0,,0,0,,0,1,1,1,0,2,0,0,0
2021-11-03_hawaii_hawaii_pacific,Hawaii Pacific,24,"Tu'ivai, Anau",False,2,0,0,,0,0,,0,0,,0,0,0,1,0,1,0,0,0
2021-11-03_hawaii_hawaii_pacific,Hawaii Pacific,02,"Masaki, Haley",False,1,0,0,,0,0,,0,0,,0,0,0,0,0,0,0,0,0
2021-11-03_hawaii_hawaii_pacific,Hawaii Pacific,TM,TEAM,False,0,0,0,,0,0,,0,0,,1,1,2,0,0,2,0,0,0
2021-11-03_hawaii_hawaii_pacific,Hawaii,25,"Atwell, Amy",True,33,7,13,0.538,1,6,0.167,8,11,0.727,1,4,5,1,0,1,0,0,23
2021-11-03_hawaii_hawaii_pacific,Hawaii,15,"Phillips, Daejah",True,25,2,5,0.4,1,2,0.5,11,13,0.846,4,11,15,2,2,2,1,1,16
2021-11-03_hawaii_hawaii_pacific,Hawaii,24,"Calhoun, Nae Nae",True,29,1,4,0.25,0,1,0.0,9,9,1.0,0,0,0,3,3,0,0,1,11
2021-11-03_hawaii_hawaii_pacific,Hawaii,45,"Davies, Olivia",True,26,2,4,0.5,0,2,0.0,4,6,0.667,2,2,4,2,1,2,0,1,8
2021-11-03_hawaii_hawaii_pacific,Hawaii,11,"Spiller, Kallin",True,9,0,2,0.0,0,0,,0,0,,0,1,1,2,0,2,1,0,0
2021-11-03_hawaii_hawaii_pacific,Hawaii,20,"Haire, McKenna",False,10,3,6,0.5,0,1,0.0,2,2,1.0,2,1,3,1,0,0,1,0,8
2021-11-03_hawaii_hawaii_pacific,Hawaii,34,"David, Jacque",False,15,3,5,0.6,0,1,0.0,1,1,1.0,1,3,4,1,1,2,0,0,7
2021-11-03_hawaii_hawaii_pacific,Hawaii,01,"Imai, Kelsie",False,21,3,8,0.375,0,2,0.0,0,0,,1,4,5,4,2,2,0,1,6
2021-11-03_hawaii_hawaii_pacific,Hawaii,23,"McBee, MeiLani",False,14,1,1,1.0,1,1,1.0,0,0,,0,2,2,0,1,0,0,1,3
2021-11-03_hawaii_hawaii_pacific,Hawaii,14,"Orji, Nnenna",False,13,1,3,0.333,0,0,,0,0,,1,2,3,2,1,0,0,1,2
2021-11-03_hawaii_hawaii_pacific,Hawaii,33,"Donnelly, Maeve",False,2,0,0,,0,0,,2,2,1.0,0,0,0,2,0,0,0,0,2
2021-11-03_hawaii_hawaii_pacific,Hawaii,32,"Ongoongotau, Eva",False,3,0,0,,0,0,,0,0,,0,0,0,1,0,0,0,0,0
2021-11-03_hawaii_hawaii_pacific,Hawaii,TM,TEAM,False,0,0,0,,0,0,,0,0,,1,0,1,0,0,1,0,0,0
2021-11-09_uc_davis_academy_of_art,Academy of Art,02,"Rodgers, Brooke",True,22,3,7,0.429,2,2,1.0,1,4,0.25,0,2,2,2,0,2,0,0,9
2021-11-09_uc_davis_academy_of_art,Academy of Art,14,"Munn, Alyssa",True,27,3,14,0.214,1,5,0.2,0,0,,0,2,2,0,1,3,0,2,7
2021-11-09_uc_davis_academy_of_art,Academy of Art,11,"Krupa, Joy",True,30,2,8,0.25,0,2,0.0,2,3,0.667,6,7,13,3,1,1,0,3,6
2021-11-09_uc_davis_academy_of_art,Academy of Art,20,"Manns, Lauryn",True,18,2,8,0.25,0,3,0.0,1,2,0.5,0,2,2,2,1,1,1,1,5
2021-11-09_uc_davis_academy_of_art,Academy of Art,24,"Ojide, Christy",True,13,0,3,0.0,0,0,,0,0,,3,2,5,0,0,2,0,0,0
2021-11-09_uc_davis_academy_of_art,Academy of Art,03,"Murrell, Kaila",False,23,4,9,0.444,2,6,0.333,0,0,,0,1,1,1,1,1,0,0,10
2021-11-09_uc_davis_academy_of_art,Academy of Art,01,"Wilson, Alisha",False,17,4,5,0.8,0,0,,0,0,,0,4,4,3,1,0,0,2,8
2021-11-09_uc_davis_academy_of_art,Academy of Art,23,"Stuart, Chanel",False,18,1,8,0.125,0,6,0.0,2,3,0.667,0,4,4,1,1,2,0,2,4
2021-11-09_uc_davis_academy_of_art,Academy of Art,22,"Tuttle, Milan",False,19,1,5,0.2,0,3,0.0,0,0,,0,0,0,3,4,1,0,1,2
2021-11-09_uc_davis_academy_of_art,Academy of Art,00,"Akako, Ladun",False,13,0,1,0.0,0,0,,0,0,,0,1,1,1,0,0,1,0,0
2021-11-09_uc_davis_academy_of_art,Academy of Art,TM,TEAM,False,0,0,0,,0,0,,0,0,,4,0,4,0,0,1,0,0,0
2021-11-09_uc_davis_academy_of_art,UC Davis,15,"Turner, Evanne",True,27,5,10,0.5,2,5,0.4,2,2,1.0,0,2,2,1,2,1,0,3,14
2021-11-09_uc_davis_academy_of_art,UC Davis,13,"Burns, Sydney",True,31,4,6,0.667,1,2,0.5,3,4,0.75,0,3,3,1,5,4,0,1,12
2021-11-09_uc_davis_academy_of_art,UC Davis,32,"Hall, Cierra",True,30,3,6,0.5,1,3,0.333,3,3,1.0,2,6,8,1,4,2,1,0,10
2021-11-09_uc_davis_academy_of_art,UC Davis,11,"Stobbart, Sage",True,21,3,11,0.273,0,2,0.0,2,2,1.0,1,5,6,0,3,2,2,1,8
2021-11-09_uc_davis_academy_of_art,UC Davis,23,"Konrad, Kayla",True,34,1,8,0.125,0,2,0.0,2,2,1.0,2,5,7,1,2,3,1,0,4
2021-11-09_uc_davis_academy_of_art,UC Davis,10,"Svanholm, Lena",False,18,7,9,0.778,1,1,1.0,1,2,0.5,1,6,7,2,1,3,1,0,16
2021-11-09_uc_davis_academy_of_art,UC Davis,41,"Shine, Bria",False,7,2,4,0.5,1,1,1.0,0,1,0.0,0,0,0,0,0,0,0,0,5
2021-11-09_uc_davis_academy_of_art,UC Davis,33,"Harris, Mazatlan",False,13,0,2,0.0,0,1,0.0,0,0,,0,2,2,2,1,1,0,0,0
2021-11-09_uc_davis_academy_of_art,UC Davis,24,"Langi, Marley",False,8,0,0,,0,0,,0,0,,0,1,1,1,0,1,0,1,0
2021-11-09_uc_davis_academy_of_art,UC Davis,20,"Sanders, Makaila",False,7,0,0,,0,0,,0,0,,1,1,2,1,0,1,0,0,0
2021-11-09_uc_davis_academy_of_art,UC Davis,02,"Jones, Megan",False,2,0,0,,0,0,,0,0,,0,0,0,1,0,0,0,0,0
2021-11-09_uc_davis_academy_of_art,UC Davis,42,"Lilly, Kenedy",False,2,0,1,0.0,0,0,,0,0,,0,0,0,0,0,0,0,0,0
2021-11-09_uc_davis_academy_of_art,UC Davis,TM,TEAM,False,0,0,0,,0,0,,0,0,,1,5,6,0,0,0,0,0,0
2021-11-09_san_diego_hawaii,Hawaii,15,"Phillips, Daejah",True,30,6,16,0.375,0,1,0.0,8,11,0.727,2,2,4,4,1,3,0,1,20
2021-11-09_san_diego_hawaii,Hawaii,11,"Spiller, Kallin",True,20,5,5,1.0,0,0,,1,2,0.5,3,5,8,1,0,3,0,0,11
2021-11-09_san_diego_hawaii,Hawaii,25,"Atwell, Amy",True,28,2,8,0.25,0,4,0.0,4,6,0.667,2,5,7,1,1,2,0,2,8
2021-11-09_san_diego_hawaii,Hawaii,24,"Calhoun, Nae Nae",True,31,1,3,0.333,1,1,1.0,2,4,0.5,0,0,0,0,2,6,0,0,5
2021-11-09_san_diego_hawaii,Hawaii,45,"Davies, Olivia",True,18,1,2,0.5,0,0,,2,2,1.0,0,0,0,2,0,1,0,0,4
2021-11-09_san_diego_hawaii,Hawaii,23,"McBee, MeiLani",False,15,1,1,1.0,1,1,1.0,0,0,,0,0,0,0,0,2,0,2,3
2021-11-09_san_diego_hawaii,Hawaii,32,"Ongoongotau, Eva",False,9,0,2,0.0,0,1,0.0,1,1,1.0,0,0,0,1,0,0,0,0,1
2021-11-09_san_diego_hawaii,Hawaii,33,"Donnelly, Maeve",False,8,0,1,0.0,0,0,,1,2,0.5,1,2,3,1,0,2,2,0,1
2021-11-09_san_diego_hawaii,Hawaii,14,"Orji, Nnenna",False,23,0,1,0.0,0,0,,0,2,0.0,1,2,3,5,1,4,0,0,0
2021-11-09_san_diego_hawaii,Hawaii,01,"Imai, Kelsie",False,9,0,3,0.0,0,1,0.0,0,0,,0,1,1,2,1,0,0,0,0
2021-11-09_san_diego_hawaii,Hawaii,20,"Haire, McKenna",False,9,0,2,0.0,0,1,0.0,0,0,,0,0,0,0,0,3,0,0,0
2021-11-09_san_diego_hawaii,Hawaii,TM,TEAM,False,0,0,0,,0,0,,0,0,,2,4,6,0,0,1,0,0,0
2021-11-09_san_diego_hawaii,San Diego,00,"Oakry, Kiera",True,24,4,9,0.444,3,7,0.429,1,2,0.5,0,1,1,1,1,0,0,3,12
2021-11-09_san_diego_hawaii,San Diego,32,"Hunter, Sydney",True,24,5,7,0.714,0,0,,0,0,,1,3,4,2,1,3,0,3,10
2021-11-09_san_diego_hawaii,San Diego,10,"Pace, Myah",True,26,4,7,0.571,0,1,0.0,0,0,,0,5,5,3,5,1,0,4,8
2021-11-09_san_diego_hawaii,San Diego,30,"Bird, Kendall",True,17,3,4,0.75,0,0,,2,2,1.0,0,1,1,3,3,0,0,1,8
2021-11-09_san_diego_hawaii,San Diego,23,"Edwards, Jordyn",True,12,2,4,0.5,0,1,0.0,1,1,1.0,0,1,1,5,4,1,1,1,5
2021-11-09_san_diego_hawaii,San Diego,20,"Martinsen, Erica",False,24,5,9,0.556,5,6,0.833,3,4,0.75,1,2,3,2,3,0,1,4,18
2021-11-09_san_diego_hawaii,San Diego,24,"Horstmeyer, Kylie",False,24,5,12,0.417,0,1,0.0,1,4,0.25,5,0,5,3,3,0,0,0,11
2021-11-09_san_diego_hawaii,San Diego,22,"Neubert, Kasey",False,20,3,7,0.429,0,1,0.0,1,1,1.0,2,4,6,3,2,4,0,0,7
2021-11-09_san_diego_hawaii,San Diego,34,"Giuffre, Gabby",False,10,1,1,1.0,1,1,1.0,0,0,,0,1,1,1,1,0,1,0,3
2021-11-09_san_diego_hawaii,San Diego,11,"Erikstrup, Laura",False,6,1,2,0.5,0,0,,0,0,,0,1,1,0,0,2,0,1,2
2021-11-09_san_diego_hawaii,San Diego,25,"Blakes, Nicole",False,6,1,2,0.5,0,0,,0,0,,1,0,1,0,0,0,0,0,2
2021-11-09_san_diego_hawaii,San Diego,33,"Olinger, Amanda",False,7,0,2,0.0,0,1,0.0,0,0,,0,0,0,2,0,1,0,0,0
2021-11-09_san_diego_hawaii,San Diego,TM,TEAM,False,0,0,0,,0,0,,0,0,,2,2,4,0,0,3,0,0,0
2021-11-09_uc_irvine_westcliff,Westcliff,3,"Tapia, Laura",True,25,7,17,0.412,2,5,0.4,0,0,,0,1,1,2,1,3,0,4,16
2021-11-09_uc_irvine_westcliff,Westcliff,5,"Hawkins, Bailey",True,31,5,8,0.625,0,0,,2,2,1.0,2,5,7,3,0,2,0,0,12
2021-11-09_uc_irvine_westcliff,Westcliff,00,"Vasquez, Trinity",True,28,5,25,0.2,0,2,0.0,1,2,0.5,3,5,8,1,3,4,1,1,11
2021-11-09_uc_irvine_westcliff,Westcliff,22,"Weber, Sara",True,19,1,2,0.5,1,1,1.0,1,1,1.0,0,0,0,2,0,2,0,0,4
2021-11-09_uc_irvine_westcliff,Westcliff,12,"Anderson, Asia",True,18,0,3,0.0,0,0,,0,0,,0,0,0,1,0,1,0,0,0
2021-11-09_uc_irvine_westcliff,Westcliff,21,"Hare, Remy",False,22,2,7,0.286,0,2,0.0,0,0,,1,2,3,4,0,0,1,1,4
2021-11-09_uc_irvine_westcliff,Westcliff,30,"Davis, Grace",False,14,0,2,0.0,0,2,0.0,2,2,1.0,0,2,2,0,0,0,0,0,2
2021-11-09_uc_irvine_westcliff,Westcliff,13,"Bennett, Jemma",False,11,1,3,0.333,0,0,,0,0,,0,0,0,1,0,1,0,2,2
2021-11-09_uc_irvine_westcliff,Westcliff,44,"Wonders, Mariah",False,5,1,1,1.0,0,0,,0,0,,0,0,0,1,0,0,0,0,2
2021-11-09_uc_irvine_westcliff,Westcliff,1,"Lali, Neyha",False,13,0,4,0.0,0,2,0.0,0,0,,2,1,3,1,0,0,0,0,0
2021-11-09_uc_irvine_westcliff,Westcliff,20,"Walsh, Isabella",False,8,0,1,0.0,0,1,0.0,0,0,,0,0,0,2,0,1,0,0,0
2021-11-09_uc_irvine_westcliff,Westcliff,2,"Swan, Courtney",False,6,0,0,,0,0,,0,0,,0,0,0,0,0,1,0,0,0
2021-11-09_uc_irvine_westcliff,Westcliff,TM,TEAM,False,0,0,0,,0,0,,0,0,,7,2,9,0,0,1,0,0,0
2021-11-09_uc_irvine_westcliff,UC Irvine,21,"Williams, Olivia",True,20,5,6,0.833,2,3,0.667,1,1,1.0,0,1,1,0,1,1,0,1,13
2021-11-09_uc_irvine_westcliff,UC Irvine,42,"Hunt, Naomi",True,14,4,5,0.8,3,4,0.75,0,0,,1,1,2,1,4,0,0,1,11
2021-11-09_uc_irvine_westcliff,UC Irvine,4,"Williams, Kayla",True,12,3,5,0.6,2,2,1.0,1,2,0.5,0,5,5,0,9,0,1,1,9
2021-11-09_uc_irvine_westcliff,UC Irvine,35,"Locandro, Sophia",True,11,4,7,0.571,0,0,,1,2,0.5,0,2,2,0,1,1,2,0,9
2021-11-09_uc_irvine_westcliff,UC Irvine,2,"Webb, Chloe",True,12,3,3,1.0,0,0,,0,0,,2,3,5,0,3,0,1,1,6
2021-11-09_uc_irvine_westcliff,UC Irvine,3,"Tom, Nikki",False,17,4,5,0.8,1,2,0.5,4,4,1.0,0,1,1,0,2,0,0,1,13
2021-11-09_uc_irvine_westcliff,UC Irvine,24,"Kapinga, Melodie",False,13,4,5,0.8,0,0,,3,9,0.333,8,2,10,2,0,3,0,1,11
2021-11-09_uc_irvine_westcliff,UC Irvine,11,"Scharpf, Amelia",False,14,3,7,0.429,1,2,0.5,1,2,0.5,0,0,0,3,0,1,0,0,8
2021-11-09_uc_irvine_westcliff,UC Irvine,13,"Lee, Déja",False,14,3,5,0.6,0,0,,2,2,1.0,4,1,5,1,2,3,0,1,8
2021-11-09_uc_irvine_westcliff,UC Irvine,33,"Kaupu, Caiyle",False,17,3,7,0.429,0,1,0.0,0,0,,1,4,5,2,2,0,1,0,6
2021-11-09_uc_irvine_westcliff,UC Irvine,20,"Hernandez, Hunter",False,13,2,6,0.333,1,2,0.5,0,0,,0,1,1,0,3,0,0,2,5
2021-11-09_uc_irvine_westcliff,UC Irvine,23,"Baker, Victoria",False,11,2,3,0.667,1,1,1.0,0,1,0.0,2,4,6,3,2,0,0,0,5
2021-11-09_uc_irvine_westcliff,UC Irvine,45,"Dusharm, Tara",False,8,1,4,0.25,0,0,,2,2,1.0,1,3,4,2,1,2,2,0,4
2021-11-09_uc_irvine_westcliff,UC Irvine,10,"Cadee, Jayde",False,20,1,4,0.25,1,4,0.25,0,0,,0,5,5,0,0,1,1,0,3
2021-11-09_uc_irvine_westcliff,UC Irvine,1,"Ross, Tarryn",False,4,1,4,0.25,1,2,0.5,0,0,,0,1,1,0,0,0,1,1,3
2021-11-09_uc_irvine_westcliff,UC Irvine,TM,TEAM,False,0,0,0,,0,0,,0,0,,2,3,5,0,0,0,0,0,0
2021-11-09_uc_santa_barbara_loyola_marymount,Loyola Marymount,32,"Johnson, Ariel",True,32,8,11,0.727,3,4,0.75,0,0,,2,6,8,2,9,4,0,3,19
2021-11-09_uc_santa_barbara_loyola_marymount,Loyola Marymount,34,"Clark, Khari",True,19,6,10,0.6,0,0,,0,2,0.0,1,3,4,4,0,3,0,1,12
2021-11-09_uc_santa_barbara_loyola_marymount,Loyola Marymount,24,"Rodriguez, Nicole",True,38,4,8,0.5,1,3,0.333,0,0,,0,2,2,3,3,6,0,0,9
2021-11-09_uc_santa_barbara_loyola_marymount,Loyola Marymount,20,"Jones, Jasmine",True,29,2,4,0.5,0,1,0.0,2,3,0.667,3,10,13,4,1,1,0,0,6
2021-11-09_uc_santa_barbara_loyola_marymount,Loyola Marymount,04,"Sykes, Kimora",True,24,2,8,0.25,0,5,0.0,0,0,,1,2,3,4,0,1,0,1,4
2021-11-09_uc_santa_barbara_loyola_marymount,Loyola Marymount,22,"Toone, Ava",False,27,3,6,0.5,0,1,0.0,0,0,,1,1,2,1,0,2,0,1,6
2021-11-09_uc_santa_barbara_loyola_marymount,Loyola Marymount,11,"Herdman, Haley",False,31,1,7,0.143,0,6,0.0,0,0,,0,1,1,1,2,2,0,1,2
2021-11-09_uc_santa_barbara_loyola_marymount,Loyola Marymount,TM,TEAM,False,0,0,0,,0,0,,0,0,,0,2,2,0,0,0,0,0,0
2021-11-09_uc_santa_barbara_loyola_marymount,UC Santa Barbara,00,"Miller, Danae",True,38,7,13,0.538,3,5,0.6,1,2,0.5,0,1,1,0,5,3,0,0,18
2021-11-09_uc_santa_barbara_loyola_marymount,UC Santa Barbara,31,"Lane, Ila",True,29,4,11,0.364,0,0,,0,0,,1,9,10,3,1,0,2,1,8
2021-11-09_uc_santa_barbara_loyola_marymount,UC Santa Barbara,30,"Anderson, Megan",True,24,2,4,0.5,0,2,0.0,2,2,1.0,1,3,4,0,1,1,0,0,6
2021-11-09_uc_santa_barbara_loyola_marymount,UC Santa Barbara,11,"Lee, Lauren",True,35,1,6,0.167,0,4,0.0,0,0,,4,2,6,2,1,2,0,4,2
2021-11-09_uc_santa_barbara_loyola_marymount,UC Santa Barbara,01,"Gonzalez, Johnni",True,14,1,5,0.2,0,1,0.0,0,0,,1,1,2,0,0,1,0,0,2
2021-11-09_uc_santa_barbara_loyola_marymount,UC Santa Barbara,02,"Tucker, Alexis",False,18,5,10,0.5,1,4,0.25,2,3,0.667,0,1,1,0,1,0,1,2,13
2021-11-09_uc_santa_barbara_loyola_marymount,UC Santa Barbara,10,"Choice, Anya",False,26,2,6,0.333,1,5,0.2,2,2,1.0,1,1,2,2,4,2,0,0,7
2021-11-09_uc_santa_barbara_loyola_marymount,UC Santa Barbara,12,"Mole, Taylor",False,5,1,1,1.0,0,0,,0,0,,0,0,0,0,0,2,0,0,2
2021-11-09_uc_santa_barbara_loyola_marymount,UC Santa Barbara,03,"Marin, Alyssa",False,4,0,1,0.0,0,1,0.0,2,2,1.0,1,0,1,2,0,1,0,2,2
2021-11-09_uc_santa_barbara_loyola_marymount,UC Santa Barbara,13,"Modawar, Tatyana",False,7,0,2,0.0,0,1,0.0,1,2,0.5,0,0,0,0,1,0,0,0,1
2021-11-09_uc_santa_barbara_loyola_marymount,UC Santa Barbara,TM,TEAM,False,0,0,0,,0,0,,0,0,,2,3,5,0,0,1,0,0,0
2021-11-09_long_beach_st_biola,Biola,13,"Simmons, Amiah",True,34,5,13,0.385,1,4,0.25,6,6,1.0,0,4,4,2,1,6,0,4,17
2021-11-09_long_beach_st_biola,Biola,23,"Rabe, Jordan",True,32,8,11,0.727,0,0,,0,0,,3,3,6,1,1,3,1,0,16
2021-11-09_long_beach_st_biola,Biola,15,"Lee, Stephanie",True,34,5,13,0.385,1,6,0.167,1,1,1.0,0,3,3,1,0,3,0,0,12
2021-11-09_long_beach_st_biola,Biola,32,"Radovic, Natasa",True,32,2,5,0.4,1,1,1.0,0,0,,0,6,6,3,2,3,0,0,5
2021-11-09_long_beach_st_biola,Biola,2,"Walker, Laila",True,27,1,5,0.2,0,2,0.0,0,0,,0,2,2,1,1,3,0,1,2
2021-11-09_long_beach_st_biola,Biola,12,"Johnson, Aysia",False,19,3,4,0.75,0,0,,0,0,,0,1,1,1,4,1,0,3,6
2021-11-09_long_beach_st_biola,Biola,4,"Moran, Sydney",False,11,1,3,0.333,1,2,0.5,0,0,,1,1,2,0,0,0,0,0,3
2021-11-09_long_beach_st_biola,Biola,5,"Hall, Taylor",False,8,0,1,0.0,0,1,0.0,0,0,,0,0,0,1,0,0,0,0,0
2021-11-09_long_beach_st_biola,Biola,33,"Weber, Hope",False,3,0,1,0.0,0,0,,0,0,,0,0,0,0,0,0,0,0,0
2021-11-09_long_beach_st_biola,Biola,TM,TEAM,False,0,0,0,,0,0,,0,0,,1,5,6,0,0,2,0,0,0
2021-11-09_long_beach_st_biola,Long Beach St.,11,"Hardy, Jasmine",True,33,4,8,0.5,3,6,0.5,1,1,1.0,2,3,5,1,0,1,0,3,12
2021-11-09_long_beach_st_biola,Long Beach St.,1,"Utti, Maddi",True,23,6,13,0.462,0,3,0.0,0,0,,1,9,10,1,5,2,1,3,12
2021-11-09_long_beach_st_biola,Long Beach St.,10,"King, Justina",True,31,4,11,0.364,0,2,0.0,1,4,0.25,2,3,5,2,5,3,0,1,9
2021-11-09_long_beach_st_biola,Long Beach St.,00,"Berry, Ma'qhi",True,16,4,7,0.571,1,1,1.0,0,1,0.0,2,1,3,0,1,2,1,1,9
2021-11-09_long_beach_st_biola,Long Beach St.,23,"Green, Lauren",True,17,2,4,0.5,0,0,,0,0,,2,1,3,3,0,1,0,0,4
2021-11-09_long_beach_st_biola,Long Beach St.,25,"Hamilton-fisher, Kianna",False,22,5,10,0.5,0,3,0.0,0,0,,1,1,2,1,2,0,1,3,10
2021-11-09_long_beach_st_biola,Long Beach St.,32,"Mikkelsen, Thea",False,11,4,7,0.571,1,3,0.333,1,3,0.333,1,2,3,1,2,0,0,2,10
2021-11-09_long_beach_st_biola,Long Beach St.,20,"Joseph, Myrrah",False,14,2,2,1.0,0,0,,0,0,,0,2,2,2,1,3,0,2,4
2021-11-09_long_beach_st_biola,Long Beach St.,2,"Tucker, Savannah",False,12,1,3,0.333,0,0,,2,2,1.0,1,1,2,1,2,0,0,0,4
2021-11-09_long_beach_st_biola,Long Beach St.,3,"Chung, Patricia",False,10,2,3,0.667,0,1,0.0,0,0,,1,0,1,0,0,2,0,0,4
2021-11-09_long_beach_st_biola,Long Beach St.,14,"Huffhines, Brandy",False,4,1,3,0.333,0,1,0.0,0,0,,0,0,0,0,0,0,0,0,2
2021-11-09_long_beach_st_biola,Long Beach St.,12,"Jeskeova, Kristyna",False,7,0,2,0.0,0,2,0.0,0,0,,1,2,3,0,0,0,1,0,0
2021-11-09_long_beach_st_biola,Long Beach St.,TM,TEAM,False,0,0,0,,0,0,,0,0,,1,1,2,0,0,0,0,0,0
2021-11-09_arizona_csun,CSUN,1,"Jackson, Jordyn",True,29,4,11,0.364,1,2,0.5,0,0,,0,1,1,1,1,3,0,0,9
2021-11-09_arizona_csun,CSUN,34,"Spriggs, Kayanna",True,25,4,7,0.571,0,0,,1,2,0.5,2,4,6,4,0,2,0,0,9
2021-11-09_arizona_csun,CSUN,12,"Henderson, Meghann",True,27,3,5,0.6,2,2,1.0,0,0,,1,0,1,2,1,1,0,2,8
2021-11-09_arizona_csun,CSUN,5,"Duchemin, Michelle",True,19,1,5,0.2,0,0,,0,0,,0,2,2,1,1,1,0,1,2
2021-11-09_arizona_csun,CSUN,15,"Amundsen, Tess",True,23,0,5,0.0,0,1,0.0,0,0,,2,1,3,1,1,6,0,0,0
2021-11-09_arizona_csun,CSUN,11,"Smith, Olivia",False,18,2,8,0.25,0,1,0.0,1,1,1.0,1,1,2,1,1,2,0,0,5
2021-11-09_arizona_csun,CSUN,4,"Harvey, Rachel",False,11,2,2,1.0,0,0,,1,2,0.5,0,0,0,3,0,0,0,1,5
2021-11-09_arizona_csun,CSUN,24,"Smith, Macy",False,11,2,3,0.667,1,2,0.5,0,0,,0,0,0,0,0,0,0,0,5
2021-11-09_arizona_csun,CSUN,21,"Tu'ua, Anaiyah",False,12,0,1,0.0,0,1,0.0,1,2,0.5,0,1,1,2,2,0,0,0,1
2021-11-09_arizona_csun,CSUN,2,"Woodley, Sydney",False,17,0,1,0.0,0,0,,0,0,,0,2,2,2,1,0,0,1,0
2021-11-09_arizona_csun,CSUN,32,"Hawkins, Ashley",False,6,0,0,,0,0,,0,0,,0,1,1,0,2,0,0,0,0
2021-11-09_arizona_csun,CSUN,22,"Hudgen, McKenzie",False,2,0,0,,0,0,,0,0,,0,0,0,0,0,0,0,0,0
2021-11-09_arizona_csun,CSUN,TM,TEAM,False,0,0,0,,0,0,,0,0,,0,2,2,0,0,1,0,0,0
2021-11-09_arizona_csun,Arizona,25,Cate Reese,True,18,6,12,0.5,1,3,0.333,1,2,0.5,3,2,5,2,1,1,0,0,14
2021-11-09_arizona_csun,Arizona,14,Sam Thomas,True,18,5,7,0.714,3,5,0.6,0,0,,0,1,1,1,0,1,0,0,13
2021-11-09_arizona_csun,Arizona,32,Lauren Ware,True,13,3,5,0.6,0,0,,2,3,0.667,1,3,4,0,1,1,2,0,8
2021-11-09_arizona_csun,Arizona,23,Bendu Yeaney,True,14,1,2,0.5,0,0,,0,0,,0,2,2,0,4,2,0,2,2
2021-11-09_arizona_csun,Arizona,1,Shaina Pellington,True,16,0,2,0.0,0,0,,0,2,0.0,2,1,3,2,5,0,0,2,0
2021-11-09_arizona_csun,Arizona,21,Aaronette Vonleh,False,14,7,8,0.875,0,0,,0,0,,3,3,6,0,0,0,0,0,14
2021-11-09_arizona_csun,Arizona,22,Ariyah Copeland,False,12,4,7,0.571,0,0,,1,2,0.5,4,1,5,0,0,0,0,0,9
2021-11-09_arizona_csun,Arizona,4,Madison Conner,False,11,2,4,0.5,2,3,0.667,2,2,1.0,0,0,0,0,0,0,0,0,8
2021-11-09_arizona_csun,Arizona,5,Koi Love,False,16,1,2,0.5,0,0,,4,4,1.0,2,1,3,1,4,1,1,1,6
2021-11-09_arizona_csun,Arizona,13,Helena Pueyo,False,21,2,3,0.667,1,2,0.5,0,0,,1,4,5,0,3,0,1,3,5
2021-11-09_arizona_csun,Arizona,00,Anna Gret Asi,False,12,2,4,0.5,1,1,1.0,0,0,,0,0,0,0,2,0,0,0,5
2021-11-09_arizona_csun,Arizona,34,Semaj Smith,False,6,1,2,0.5,0,0,,0,0,,1,1,2,1,1,0,0,0,2
2021-11-09_arizona_csun,Arizona,3,Taylor Chavez,False,12,0,3,0.0,0,3,0.0,1,2,0.5,0,4,4,1,4,2,0,0,1
2021-11-09_arizona_csun,Arizona,30,Gisela Sanchez,False,12,0,3,0.0,0,2,0.0,0,0,,0,3,3,1,1,0,0,0,0
2021-11-09_arizona_csun,Arizona,11,Derin Erdogan,False,5,0,1,0.0,0,0,,0,0,,0,0,0,1,1,0,0,0,0
2021-11-09_arizona_csun,Arizona,TM,TEAM,False,0,0,0,,0,0,,0,0,,0,0,0,0,0,0,0,0,0
2021-11-09_cal_st_fullerton_southern_utah,Southern Utah,32,Cherita Daugherty,True,33,4,11,0.364,2,3,0.667,3,4,0.75,6,4,10,3,4,4,2,1,13
2021-11-09_cal_st_fullerton_southern_utah,Southern Utah,03,Kinsley Barrington,True,34,4,9,0.444,0,1,0.0,2,2,1.0,3,8,11,3,2,1,1,0,10
2021-11-09_cal_st_fullerton_southern_utah,Southern Utah,05,Madelyn Eaton,True,29,4,10,0.4,0,4,0.0,2,4,0.5,1,2,3,3,0,2,1,1,10
2021-11-09_cal_st_fullerton_southern_utah,Southern Utah,40,Darri Dotson,True,26,5,9,0.556,0,1,0.0,0,0,,1,4,5,2,0,2,1,0,10
2021-11-09_cal_st_fullerton_southern_utah,Southern Utah,34,Samantha Johnston,True,28,2,8,0.25,2,7,0.286,0,0,,0,3,3,0,1,4,0,0,6
2021-11-09_cal_st_fullerton_southern_utah,Southern Utah,22,Daylani Ballena,False,28,7,10,0.7,1,3,0.333,1,1,1.0,1,1,2,1,3,3,0,3,16
2021-11-09_cal_st_fullerton_southern_utah,Southern Utah,15,Lizzy Williamson,False,5,1,1,1.0,0,0,,2,2,1.0,1,0,1,0,0,0,0,0,4
2021-11-09_cal_st_fullerton_southern_utah,Southern Utah,02,Margarita Satini,False,9,0,1,0.0,0,0,,0,0,,0,0,0,0,0,0,0,0,0
2021-11-09_cal_st_fullerton_southern_utah,Southern Utah,04,Aisha Anis,False,8,0,1,0.0,0,1,0.0,0,0,,0,1,1,3,0,2,0,0,0
2021-11-09_cal_st_fullerton_southern_utah,Southern Utah,TM,TEAM,False,0,0,0,,0,0,,0,0,,1,3,4,0,0,0,0,0,0
2021-11-09_cal_st_fullerton_southern_utah,Cal St. Fullerton,03,"Wahinekapu, Lily",True,28,7,13,0.538,3,4,0.75,3,5,0.6,0,1,1,2,7,2,0,0,20
2021-11-09_cal_st_fullerton_southern_utah,Cal St. Fullerton,32,"Lewis, Ashlee",True,24,9,14,0.643,0,0,,0,1,0.0,2,6,8,3,2,2,2,0,18
2021-11-09_cal_st_fullerton_southern_utah,Cal St. Fullerton,55,"Nimmo, Fujika",True,29,5,16,0.312,0,1,0.0,4,8,0.5,1,3,4,2,1,2,0,1,14
2021-11-09_cal_st_fullerton_southern_utah,Cal St. Fullerton,23,"Gill, Carolyn",True,26,4,11,0.364,1,2,0.5,0,0,,2,2,4,4,0,1,1,2,9
2021-11-09_cal_st_fullerton_southern_utah,Cal St. Fullerton,24,"Neff, Kathryn",True,16,0,2,0.0,0,2,0.0,0,0,,1,0,1,0,0,1,0,1,0
2021-11-09_cal_st_fullerton_southern_utah,Cal St. Fullerton,13,"Hernandez, Aixchel",False,16,2,2,1.0,0,0,,0,0,,3,0,3,0,0,0,0,3,4
2021-11-09_cal_st_fullerton_southern_utah,Cal St. Fullerton,01,"Jovanovic, Una",False,26,1,3,0.333,0,0,,1,2,0.5,1,2,3,1,1,1,0,2,3
2021-11-09_cal_st_fullerton_southern_utah,Cal St. Fullerton,04,"Vidmar, Gabi",False,21,1,5,0.2,1,4,0.25,0,0,,0,2,2,3,2,0,0,2,3
2021-11-09_cal_st_fullerton_southern_utah,Cal St. Fullerton,05,"Rodarte, Clarissa",False,11,0,0,,0,0,,0,0,,1,3,4,0,0,1,0,0,0
2021-11-09_cal_st_fullerton_southern_utah,Cal St. Fullerton,02,Nancy Panagiotopoulo,False,3,0,1,0.0,0,0,,0,0,,0,0,0,0,0,0,0,0,0
2021-11-09_cal_st_fullerton_southern_utah,Cal St. Fullerton,TM,TEAM,False,0,0,0,,0,0,,0,0,,4,2,6,0,0,0,0,0,0
2021-11-09_csu_bakersfield_bethesda_ca,Bethesda (CA),13,"Romancito, Kaitlin",True,28,2,13,0.154,2,9,0.222,2,4,0.5,3,1,4,2,1,2,0,1,8
2021-11-09_csu_bakersfield_bethesda_ca,Bethesda (CA),20,"Buckley, Alex",True,31,2,13,0.154,1,8,0.125,1,2,0.5,1,4,5,4,1,9,0,1,6
2021-11-09_csu_bakersfield_bethesda_ca,Bethesda (CA),25,"Smith, Mikenzee",True,23,1,6,0.167,0,0,,0,0,,3,2,5,3,0,1,0,2,2
2021-11-09_csu_bakersfield_bethesda_ca,Bethesda (CA),21,"Vargas, Vanessa",True,24,0,5,0.0,0,2,0.0,0,0,,0,2,2,0,3,5,0,0,0
2021-11-09_csu_bakersfield_bethesda_ca,Bethesda (CA),11,"Amato, Krystal",True,12,0,0,,0,0,,0,0,,0,1,1,0,0,2,0,1,0
2021-11-09_csu_bakersfield_bethesda_ca,Bethesda (CA),14,"Ortiz, Isabella",False,23,1,3,0.333,1,1,1.0,0,0,,0,0,0,1,0,6,0,2,3
2021-11-09_csu_bakersfield_bethesda_ca,Bethesda (CA),03,"Gowdy, Erianna",False,21,0,4,0.0,0,2,0.0,0,0,,0,1,1,1,0,0,0,1,0
2021-11-09_csu_bakersfield_bethesda_ca,Bethesda (CA),02,"Covarrubias, Serina",False,19,0,1,0.0,0,1,0.0,0,0,,1,2,3,1,0,4,0,0,0
2021-11-09_csu_bakersfield_bethesda_ca,Bethesda (CA),31,"Delgado, Rosealyn",False,11,0,0,,0,0,,0,0,,1,0,1,0,0,0,0,0,0
2021-11-09_csu_bakersfield_bethesda_ca,Bethesda (CA),01,"Newburn, De'aja",False,4,0,1,0.0,0,0,,0,2,0.0,0,0,0,1,0,0,0,0,0
2021-11-09_csu_bakersfield_bethesda_ca,Bethesda (CA),32,"Benson, McKenna",False,4,0,1,0.0,0,1,0.0,0,0,,0,0,0,0,0,1,0,0,0
2021-11-09_csu_bakersfield_bethesda_ca,Bethesda (CA),05,"Woods, De'Angela",False,0,0,0,,0,0,,0,0,,0,1,1,0,0,1,0,0,0
2021-11-09_csu_bakersfield_bethesda_ca,Bethesda (CA),TM,TEAM,False,0,0,0,,0,0,,0,0,,3,2,5,0,0,4,0,0,0
2021-11-09_csu_bakersfield_bethesda_ca,CSU Bakersfield,10,"Eggleston, Jayden",True,27,10,18,0.556,0,2,0.0,1,1,1.0,7,3,10,2,2,1,0,2,21
2021-11-09_csu_bakersfield_bethesda_ca,CSU Bakersfield,22,"Easley, Andie",True,19,5,8,0.625,3,6,0.5,0,1,0.0,2,5,7,1,4,2,0,0,13
2021-11-09_csu_bakersfield_bethesda_ca,CSU Bakersfield,11,"Green, Lexus",True,17,3,4,0.75,2,3,0.667,0,0,,0,2,2,0,3,1,0,1,8
2021-11-09_csu_bakersfield_bethesda_ca,CSU Bakersfield,54,"Austin, Vanessa",True,3,3,3,1.0,0,0,,0,0,,0,1,1,0,0,0,0,0,6
2021-11-09_csu_bakersfield_bethesda_ca,CSU Bakersfield,01,"Clayburne, Tatyanna",True,20,1,5,0.2,0,4,0.0,0,0,,0,0,0,2,1,0,2,4,2
2021-11-09_csu_bakersfield_bethesda_ca,CSU Bakersfield,23,"Saxon, Miracle",False,18,6,10,0.6,2,5,0.4,2,2,1.0,3,2,5,1,3,0,1,6,16
2021-11-09_csu_bakersfield_bethesda_ca,CSU Bakersfield,15,"Morris, Kayla",False,19,7,14,0.5,0,1,0.0,0,0,,4,6,10,1,0,3,3,0,14
2021-11-09_csu_bakersfield_bethesda_ca,CSU Bakersfield,03,"van Schaik, Hennie",False,28,4,9,0.444,2,3,0.667,3,4,0.75,7,7,14,2,3,3,0,3,13
2021-11-09_csu_bakersfield_bethesda_ca,CSU Bakersfield,24,"Bridges-Bey, Sage",False,18,4,6,0.667,1,2,0.5,0,0,,1,2,3,2,3,0,1,2,9
2021-11-09_csu_bakersfield_bethesda_ca,CSU Bakersfield,04,"Dixon, Jasmin",False,15,2,5,0.4,0,3,0.0,2,2,1.0,0,0,0,3,1,0,0,1,6
2021-11-09_csu_bakersfield_bethesda_ca,CSU Bakersfield,00,"Johnson, Simone",False,16,1,6,0.167,1,2,0.5,0,2,0.0,4,3,7,3,6,2,0,2,3
2021-11-09_csu_bakersfield_bethesda_ca,CSU Bakersfield,TM,TEAM,False,0,0,0,,0,0,,0,0,,0,1,1,0,0,1,0,0,0
2021-11-09_uc_riverside_california_baptist,California Baptist,33,"Harper, Caitlyn",True,35,8,19,0.421,2,5,0.4,2,2,1.0,3,7,10,3,4,1,1,0,20
2021-11-09_uc_riverside_california_baptist,California Baptist,3,"Olaeta, Ane",True,38,8,18,0.444,0,4,0.0,2,4,0.5,1,4,5,0,7,5,0,2,18
2021-11-09_uc_riverside_california_baptist,California Baptist,12,"Dale, Georgia",True,33,5,8,0.625,1,2,0.5,0,1,0.0,2,13,15,4,4,1,0,0,11
2021-11-09_uc_riverside_california_baptist,California Baptist,22,"Robin, Oceane",True,12,2,7,0.286,1,4,0.25,0,0,,0,2,2,0,0,0,0,0,5
2021-11-09_uc_riverside_california_baptist,California Baptist,15,"Palma, Sydney",True,29,0,7,0.0,0,6,0.0,2,2,1.0,0,6,6,0,2,1,1,1,2
2021-11-09_uc_riverside_california_baptist,California Baptist,13,"Neale, Tiena",False,14,1,2,0.5,0,1,0.0,1,2,0.5,0,1,1,1,0,0,0,0,3
2021-11-09_uc_riverside_california_baptist,California Baptist,1,"Wu, Dorcas",False,5,1,2,0.5,1,2,0.5,0,0,,0,1,1,0,0,2,2,0,3
2021-11-09_uc_riverside_california_baptist,California Baptist,24,"Klaman, Brittany",False,18,0,2,0.0,0,1,0.0,0,0,,0,4,4,0,1,0,1,0,0
2021-11-09_uc_riverside_california_baptist,California Baptist,21,"Wu, Taylor",False,13,0,3,0.0,0,3,0.0,0,0,,0,0,0,2,0,2,0,0,0
2021-11-09_uc_riverside_california_baptist,California Baptist,23,"San Antonio, Trinity",False,3,0,0,,0,0,,0,0,,0,0,0,1,0,0,0,0,0
2021-11-09_uc_riverside_california_baptist,California Baptist,TM,TEAM,False,0,0,0,,0,0,,0,0,,1,6,7,0,0,1,0,0,0
2021-11-09_uc_riverside_california_baptist,UC Riverside,10,"Cooper, Keilanei",True,26,7,19,0.368,0,3,0.0,3,4,0.75,1,3,4,1,0,1,1,1,17
2021-11-09_uc_riverside_california_baptist,UC Riverside,00,"Bryant, Matehya",True,29,4,8,0.5,0,0,,0,0,,1,11,12,1,0,0,0,0,8
2021-11-09_uc_riverside_california_baptist,UC Riverside,24,"Gnago, Daphne",True,22,2,9,0.222,0,0,,2,2,1.0,6,8,14,2,1,2,3,0,6
2021-11-09_uc_riverside_california_baptist,UC Riverside,4,"Holland, Jada",True,33,2,12,0.167,0,2,0.0,1,2,0.5,0,3,3,2,7,2,0,1,5
2021-11-09_uc_riverside_california_baptist,UC Riverside,30,"Morse, Rose",True,21,1,5,0.2,0,1,0.0,0,0,,0,0,0,1,1,0,0,0,2
2021-11-09_uc_riverside_california_baptist,UC Riverside,3,"West, Olivia",False,35,4,14,0.286,2,9,0.222,1,2,0.5,0,1,1,1,2,0,0,0,11
2021-11-09_uc_riverside_california_baptist,UC Riverside,14,"Finau, Mele",False,29,3,10,0.3,0,2,0.0,2,2,1.0,0,7,7,2,1,2,1,2,8
2021-11-09_uc_riverside_california_baptist,UC Riverside,15,"Blount, Anna",False,4,1,2,0.5,0,0,,0,0,,0,1,1,1,0,0,0,0,2
2021-11-09_uc_riverside_california_baptist,UC Riverside,2,"Walters, Ryanne",False,1,0,0,,0,0,,0,0,,0,1,1,0,1,0,0,0,0
2021-11-09_uc_riverside_california_baptist,UC Riverside,TM,TEAM,False,0,0,0,,0,0,,0,0,,4,3,7,0,0,0,0,0,0
2021-11-10_santa_clara_cal_poly,Cal Poly,33,"Willett, Maddie",True,36,6,12,0.5,2,4,0.5,4,6,0.667,0,3,3,0,3,3,0,1,18
2021-11-10_santa_clara_cal_poly,Cal Poly,15,"Bourland, Sydney",True,25,6,13,0.462,0,0,,1,1,1.0,0,2,2,4,4,3,0,4,13
2021-11-10_santa_clara_cal_poly,Cal Poly,25,"Brown, Kirsty",True,34,3,8,0.375,0,1,0.0,2,2,1.0,2,4,6,3,2,4,0,1,8
2021-11-10_santa_clara_cal_poly,Cal Poly,13,"Vick, Maddie",True,32,3,7,0.429,0,1,0.0,2,2,1.0,0,4,4,3,6,2,0,0,8
2021-11-10_santa_clara_cal_poly,Cal Poly,14,"Scanlan, Hannah",True,17,3,3,1.0,0,0,,0,0,,0,3,3,0,2,1,0,0,6
2021-11-10_santa_clara_cal_poly,Cal Poly,2,"Shah, Annika",False,14,4,7,0.571,2,4,0.5,0,0,,0,1,1,4,0,1,0,0,10
2021-11-10_santa_clara_cal_poly,Cal Poly,32,"Nielacna, Julia",False,15,3,5,0.6,0,1,0.0,0,1,0.0,2,2,4,1,0,4,0,0,6
2021-11-10_santa_clara_cal_poly,Cal Poly,11,"Dickson, Junie",False,5,2,3,0.667,2,3,0.667,0,0,,0,1,1,0,0,0,0,0,6
2021-11-10_santa_clara_cal_poly,Cal Poly,5,"Anousinh, Jazzy",False,8,1,1,1.0,0,0,,0,1,0.0,0,0,0,2,0,0,0,0,2
2021-11-10_santa_clara_cal_poly,Cal Poly,24,"Stachowski, Zoe",False,6,0,0,,0,0,,0,0,,0,1,1,3,0,0,1,0,0
2021-11-10_santa_clara_cal_poly,Cal Poly,3,"Svetich, Lily",False,5,0,0,,0,0,,0,0,,0,0,0,0,0,1,0,0,0
2021-11-10_santa_clara_cal_poly,Cal Poly,1,"Dumitrescu, Sarah",False,3,0,0,,0,0,,0,0,,1,0,1,0,0,1,0,0,0
2021-11-10_santa_clara_cal_poly,Cal Poly,TM,TEAM,False,0,0,0,,0,0,,0,0,,0,1,1,0,0,0,0,0,0
2021-11-10_santa_clara_cal_poly,Santa Clara,31,"Hiraki, Ashley",True,31,7,12,0.583,4,7,0.571,3,4,0.75,2,3,5,0,5,2,1,1,21
2021-11-10_santa_clara_cal_poly,Santa Clara,23,"Vanallen, Lindsey",True,34,6,17,0.353,2,6,0.333,5,6,0.833,0,1,1,1,5,2,0,1,19
2021-11-10_santa_clara_cal_poly,Santa Clara,3,"Pritchard, Lexie",True,29,7,8,0.875,2,2,1.0,2,2,1.0,2,3,5,3,2,3,0,0,18
2021-11-10_santa_clara_cal_poly,Santa Clara,5,"Wiehl, Merle",True,33,5,10,0.5,0,5,0.0,2,2,1.0,2,7,9,1,2,2,0,2,12
2021-11-10_santa_clara_cal_poly,Santa Clara,13,"Edmanson, Lara",True,20,1,3,0.333,0,1,0.0,1,1,1.0,4,4,8,2,2,1,0,0,3
2021-11-10_santa_clara_cal_poly,Santa Clara,34,"Hollingsworth, Lana",False,21,3,8,0.375,0,3,0.0,1,2,0.5,0,2,2,5,2,2,0,1,7
2021-11-10_santa_clara_cal_poly,Santa Clara,33,"Stafford, Danja",False,15,2,4,0.5,0,1,0.0,2,4,0.5,4,1,5,3,1,1,0,0,6
2021-11-10_santa_clara_cal_poly,Santa Clara,11,"Nixon, Bryce",False,12,2,6,0.333,1,4,0.25,0,0,,0,0,0,1,0,1,0,1,5
2021-11-10_santa_clara_cal_poly,Santa Clara,10,"Harris, Shayley",False,5,0,0,,0,0,,0,0,,0,1,1,2,1,0,0,0,0
2021-11-10_santa_clara_cal_poly,Santa Clara,TM,TEAM,False,0,0,0,,0,0,,0,0,,0,0,0,0,0,0,0,0,0
2021-11-11_southern_california_hawaii,Hawaii,11,"Spiller, Kallin",True,22,6,11,0.545,0,0,,2,4,0.5,4,6,10,1,0,0,2,0,14
2021-11-11_southern_california_hawaii,Hawaii,25,"Atwell, Amy",True,23,2,15,0.133,2,10,0.2,1,2,0.5,1,2,3,1,0,1,0,2,7
2021-11-11_southern_california_hawaii,Hawaii,15,"Phillips, Daejah",True,18,2,8,0.25,0,1,0.0,0,0,,1,1,2,2,3,1,0,2,4
2021-11-11_southern_california_hawaii,Hawaii,45,"Davies, Olivia",True,31,1,5,0.2,0,2,0.0,0,0,,0,3,3,2,2,2,0,0,2
2021-11-11_southern_california_hawaii,Hawaii,24,"Calhoun, Nae Nae",True,27,0,2,0.0,0,0,,0,0,,0,2,2,2,2,1,0,2,0
2021-11-11_southern_california_hawaii,Hawaii,20,"Haire, McKenna",False,21,4,8,0.5,3,6,0.5,0,0,,0,2,2,1,0,1,0,0,11
2021-11-11_southern_california_hawaii,Hawaii,34,"David, Jacque",False,19,3,11,0.273,2,5,0.4,0,0,,0,2,2,1,1,3,1,1,8
2021-11-11_southern_california_hawaii,Hawaii,01,"Imai, Kelsie",False,17,1,3,0.333,0,1,0.0,0,0,,0,0,0,3,4,4,0,0,2
2021-11-11_southern_california_hawaii,Hawaii,32,"Ongoongotau, Eva",False,4,1,1,1.0,0,0,,0,0,,0,0,0,0,0,1,0,1,2
2021-11-11_southern_california_hawaii,Hawaii,14,"Orji, Nnenna",False,16,0,2,0.0,0,1,0.0,0,0,,1,2,3,2,0,1,2,3,0
2021-11-11_southern_california_hawaii,Hawaii,33,"Donnelly, Maeve",False,2,0,0,,0,0,,0,0,,0,0,0,0,0,0,1,0,0
2021-11-11_southern_california_hawaii,Hawaii,TM,TEAM,False,0,0,0,,0,0,,0,0,,5,1,6,0,0,2,0,0,0
2021-11-11_southern_california_hawaii,Southern California,05,"Sanders, Jordan",True,27,5,10,0.5,3,3,1.0,4,4,1.0,0,7,7,2,1,1,2,0,17
2021-11-11_southern_california_hawaii,Southern California,03,"Reed, Tera",True,28,5,7,0.714,1,2,0.5,0,1,0.0,1,2,3,0,5,1,0,1,11
2021-11-11_southern_california_hawaii,Southern California,32,"Jenkins, Jordyn",True,14,4,7,0.571,0,0,,2,4,0.5,1,5,6,1,0,1,2,3,10
2021-11-11_southern_california_hawaii,Southern California,35,"Pili, Alissa",True,19,2,5,0.4,1,2,0.5,0,0,,1,2,3,1,1,4,1,0,5
2021-11-11_southern_california_hawaii,Southern California,24,"Caldwell, Desiree",True,27,1,6,0.167,0,2,0.0,0,0,,2,2,4,1,1,2,0,1,2
2021-11-11_southern_california_hawaii,Southern California,13,"Marshall, Rayah",False,21,5,10,0.5,1,2,0.5,4,4,1.0,2,7,9,0,3,3,2,1,15
2021-11-11_southern_california_hawaii,Southern California,15,"Jackson, Angel",False,15,5,8,0.625,0,0,,1,2,0.5,1,2,3,2,1,1,2,2,11
2021-11-11_southern_california_hawaii,Southern California,22,"White, Kyra",False,13,2,2,1.0,0,0,,2,3,0.667,0,2,2,1,3,0,0,1,6
2021-11-11_southern_california_hawaii,Southern California,23,"Campbell, Madison",False,6,2,2,1.0,2,2,1.0,0,0,,0,1,1,1,1,0,0,1,6
2021-11-11_southern_california_hawaii,Southern California,12,"Perkins, Bella",False,13,2,5,0.4,1,3,0.333,0,0,,2,2,4,1,5,1,0,0,5
2021-11-11_southern_california_hawaii,Southern California,34,"Akunwafo, Clarice",False,10,1,3,0.333,0,0,,0,0,,1,1,2,0,0,1,1,0,2
2021-11-11_southern_california_hawaii,Southern California,10,"Oliver, Amaya",False,4,0,1,0.0,0,1,0.0,0,0,,0,0,0,0,0,0,0,0,0
2021-11-11_southern_california_hawaii,Southern California,02,"Otto, India",False,3,0,0,,0,0,,0,0,,0,0,0,0,1,1,0,0,0
2021-11-11_southern_california_hawaii,Southern California,25,"Miura, Alyson",False,,0,0,,0,0,,0,0,,0,0,0,0,0,0,0,0,0
2021-11-11_southern_california_hawaii,Southern California,TM,TEAM,False,0,0,0,,0,0,,0,0,,2,3,5,0,0,0,0,0,0
2021-11-11_uc_irvine_southern_utah,Southern Utah,5,"Eaton, Madelyn",True,35,11,17,0.647,2,4,0.5,2,2,1.0,1,1,2,2,2,0,0,1,26
2021-11-11_uc_irvine_southern_utah,Southern Utah,32,"Daugherty, Cherita",True,24,4,7,0.571,0,2,0.0,2,3,0.667,1,5,6,3,3,9,0,2,10
2021-11-11_uc_irvine_southern_utah,Southern Utah,3,"Barrington, Kinsley",True,18,3,8,0.375,0,0,,0,0,,0,1,1,5,3,3,0,1,6
2021-11-11_uc_irvine_southern_utah,Southern Utah,34,"Johnston, Samantha",True,28,1,9,0.111,0,6,0.0,0,0,,0,2,2,1,2,3,0,1,2
2021-11-11_uc_irvine_southern_utah,Southern Utah,40,"Dotson, Darri",True,19,0,0,,0,0,,0,0,,0,6,6,2,0,1,2,1,0
2021-11-11_uc_irvine_southern_utah,Southern Utah,4,"Anis, Aisha",False,10,3,6,0.5,3,5,0.6,0,0,,1,3,4,0,0,1,0,1,9
2021-11-11_uc_irvine_southern_utah,Southern Utah,43,"Tronnier, Bryar",False,14,2,5,0.4,0,0,,1,2,0.5,2,2,4,1,1,0,1,0,5
2021-11-11_uc_irvine_southern_utah,Southern Utah,15,"Williamson, Lizzy",False,7,2,2,1.0,0,0,,0,0,,1,3,4,0,1,1,2,0,4
2021-11-11_uc_irvine_southern_utah,Southern Utah,22,"Ballena, Daylani",False,21,1,7,0.143,0,3,0.0,1,1,1.0,1,0,1,1,3,1,0,1,3
2021-11-11_uc_irvine_southern_utah,Southern Utah,1,"Lord, Alexa",False,9,0,0,,0,0,,0,0,,0,0,0,1,0,0,0,0,0
2021-11-11_uc_irvine_southern_utah,Southern Utah,2,"Satini, Margarita",False,8,0,2,0.0,0,1,0.0,0,0,,0,0,0,0,0,0,0,1,0
2021-11-11_uc_irvine_southern_utah,Southern Utah,00,"Maxwell, Amoret",False,3,0,2,0.0,0,1,0.0,0,0,,0,0,0,0,0,0,0,0,0
2021-11-11_uc_irvine_southern_utah,Southern Utah,13,"Kulstad, Emily",False,2,0,0,,0,0,,0,0,,0,1,1,0,0,0,0,0,0
2021-11-11_uc_irvine_southern_utah,Southern Utah,23,"Clark, Kayla",False,2,0,0,,0,0,,0,0,,0,0,0,0,0,0,0,0,0
2021-11-11_uc_irvine_southern_utah,Southern Utah,TM,TEAM,False,0,0,0,,0,0,,0,0,,4,2,6,0,0,1,0,0,0
2021-11-11_uc_irvine_southern_utah,UC Irvine,2,"Webb, Chloe",True,21,6,11,0.545,1,1,1.0,1,1,1.0,4,9,13,3,3,3,0,3,14
2021-11-11_uc_irvine_southern_utah,UC Irvine,35,"Locandro, Sophia",True,22,6,14,0.429,0,0,,0,0,,4,3,7,2,0,0,1,0,12
2021-11-11_uc_irvine_southern_utah,UC Irvine,4,"Williams, Kayla",True,21,3,11,0.273,1,5,0.2,1,2,0.5,0,2,2,2,3,1,0,4,8
2021-11-11_uc_irvine_southern_utah,UC Irvine,21,"Williams, Olivia",True,20,3,8,0.375,2,3,0.667,0,0,,1,0,1,0,0,1,0,1,8
2021-11-11_uc_irvine_southern_utah,UC Irvine,42,"Hunt, Naomi",True,15,3,6,0.5,0,2,0.0,0,0,,0,3,3,2,1,2,1,0,6
2021-11-11_uc_irvine_southern_utah,UC Irvine,10,"Cadee, Jayde",False,17,3,8,0.375,3,8,0.375,0,0,,0,1,1,0,0,0,0,0,9
2021-11-11_uc_irvine_southern_utah,UC Irvine,3,"Tom, Nikki",False,19,1,2,0.5,0,0,,5,7,0.714,2,2,4,1,5,2,0,2,7
2021-11-11_uc_irvine_southern_utah,UC Irvine,45,"Dusharm, Tara",False,10,2,3,0.667,0,0,,2,2,1.0,2,1,3,1,0,0,0,0,6
2021-11-11_uc_irvine_southern_utah,UC Irvine,20,"Hernandez, Hunter",False,15,2,5,0.4,1,2,0.5,0,0,,1,0,1,1,2,2,0,0,5
2021-11-11_uc_irvine_southern_utah,UC Irvine,11,"Scharpf, Amelia",False,9,1,1,1.0,0,0,,0,0,,0,1,1,0,0,0,0,0,2
2021-11-11_uc_irvine_southern_utah,UC Irvine,33,"Kaupu, Caiyle",False,5,1,1,1.0,0,0,,0,0,,0,0,0,0,1,0,1,0,2
2021-11-11_uc_irvine_southern_utah,UC Irvine,13,"Lee, Déja",False,4,1,2,0.5,0,0,,0,0,,0,0,0,0,0,1,0,1,2
2021-11-11_uc_irvine_southern_utah,UC Irvine,23,"Baker, Victoria",False,12,0,2,0.0,0,0,,0,0,,0,0,0,0,0,0,0,0,0
2021-11-11_uc_irvine_southern_utah,UC Irvine,24,"Kapinga, Melodie",False,10,0,1,0.0,0,0,,0,0,,1,2,3,1,1,1,0,0,0
2021-11-11_uc_irvine_southern_utah,UC Irvine,TM,TEAM,False,0,0,0,,0,0,,0,0,,2,2,4,0,0,1,0,0,0
2021-11-11_portland_uc_san_diego,UC San Diego,13,"Brown, Sydney",True,31,5,16,0.312,0,1,0.0,3,5,0.6,3,5,8,2,0,3,0,2,13
2021-11-11_portland_uc_san_diego,UC San Diego,11,"Brown, Aishah",True,11,1,5,0.2,0,0,,2,3,0.667,1,1,2,4,0,1,0,1,4
2021-11-11_portland_uc_san_diego,UC San Diego,10,"Macabuhay, Julia",True,10,2,6,0.333,0,2,0.0,0,0,,0,2,2,1,1,2,0,1,4
2021-11-11_portland_uc_san_diego,UC San Diego,15,"Claros, Brianna",True,25,1,2,0.5,0,0,,0,0,,0,2,2,3,1,1,0,0,2
2021-11-11_portland_uc_san_diego,UC San Diego,12,"Baxter, Madison",True,19,0,2,0.0,0,0,,0,2,0.0,0,1,1,4,1,3,0,3,0
2021-11-11_portland_uc_san_diego,UC San Diego,32,"Montgomery, Parker",False,21,3,10,0.3,0,5,0.0,3,6,0.5,2,0,2,2,0,2,0,0,9
2021-11-11_portland_uc_san_diego,UC San Diego,02,"Chamberlin, Ula",False,22,2,4,0.5,0,1,0.0,3,4,0.75,0,2,2,1,0,2,0,0,7
2021-11-11_portland_uc_san_diego,UC San Diego,01,"Obouh Fegue, Alex",False,14,1,7,0.143,0,0,,3,4,0.75,4,1,5,1,0,3,0,1,5
2021-11-11_portland_uc_san_diego,UC San Diego,23,"Thompson, Courtni",False,15,0,3,0.0,0,1,0.0,2,2,1.0,1,0,1,1,0,2,0,1,2
2021-11-11_portland_uc_san_diego,UC San Diego,35,"Springs, Katie",False,5,1,2,0.5,0,0,,0,2,0.0,0,0,0,1,0,2,0,0,2
2021-11-11_portland_uc_san_diego,UC San Diego,20,"Forsyth, Izzy",False,16,0,5,0.0,0,2,0.0,0,0,,0,2,2,2,0,0,1,1,0
2021-11-11_portland_uc_san_diego,UC San Diego,24,"Mullings, Bridget",False,11,0,2,0.0,0,0,,0,2,0.0,2,2,4,2,0,3,0,1,0
2021-11-11_portland_uc_san_diego,UC San Diego,TM,TEAM,False,0,0,0,,0,0,,0,0,,2,2,4,0,0,1,0,0,0
2021-11-11_portland_uc_san_diego,Portland,12,"Fowler, Alex",True,17,7,11,0.636,0,2,0.0,3,4,0.75,2,3,5,3,1,1,1,3,17
2021-11-11_portland_uc_san_diego,Portland,10,"Andrews, Haylee",True,19,3,7,0.429,0,1,0.0,5,5,1.0,0,2,2,2,5,3,0,1,11
2021-11-11_portland_uc_san_diego,Portland,15,"Muhlheim, Maddie",True,20,4,4,1.0,2,2,1.0,0,0,,0,2,2,2,1,3,0,1,10
2021-11-11_portland_uc_san_diego,Portland,30,"Cochrane, Lucy",True,25,4,7,0.571,0,0,,0,0,,3,9,12,2,3,3,2,0,8
2021-11-11_portland_uc_san_diego,Portland,05,"Shearer, Emme",True,7,0,6,0.0,0,3,0.0,0,0,,0,1,1,5,1,1,1,1,0
2021-11-11_portland_uc_san_diego,Portland,24,"Burnham, Maisie",False,26,4,10,0.4,0,2,0.0,7,7,1.0,3,3,6,4,2,1,1,1,15
2021-11-11_portland_uc_san_diego,Portland,02,"Pflug, Rose",False,23,4,9,0.444,0,5,0.0,1,2,0.5,1,4,5,4,1,1,0,0,9
2021-11-11_portland_uc_san_diego,Portland,23,"Kaitu'u, Liana",False,20,2,5,0.4,1,3,0.333,1,2,0.5,2,4,6,1,0,5,0,2,6
2021-11-11_portland_uc_san_diego,Portland,32,"Lenzie, Kelsey",False,16,1,4,0.25,0,2,0.0,4,4,1.0,0,1,1,3,2,2,0,2,6
2021-11-11_portland_uc_san_diego,Portland,04,"Frawley, Keeley",False,18,2,2,1.0,1,1,1.0,0,0,,1,2,3,1,3,1,0,3,5
2021-11-11_portland_uc_san_diego,Portland,21,"Sewell, Emily",False,9,2,3,0.667,0,0,,0,0,,0,3,3,0,1,0,0,0,4
2021-11-11_portland_uc_san_diego,Portland,TM,TEAM,False,0,0,0,,0,0,,0,0,,1,3,4,0,0,0,0,0,0
2021-11-13_uc_davis_saint_marys_ca,Saint Mary's (CA),04,"Wedin, Taycee",True,29,6,10,0.6,5,9,0.556,0,0,,0,4,4,3,0,2,0,0,17
2021-11-13_uc_davis_saint_marys_ca,Saint Mary's (CA),33,"Bamberger, Ali",True,35,4,11,0.364,0,2,0.0,4,4,1.0,5,7,12,2,0,2,1,0,12
2021-11-13_uc_davis_saint_marys_ca,Saint Mary's (CA),24,"Simonich, Brianna",True,35,2,8,0.25,1,3,0.333,2,6,0.333,3,7,10,4,4,1,1,2,7
2021-11-13_uc_davis_saint_marys_ca,Saint Mary's (CA),30,"West, Amy",True,17,1,6,0.167,0,1,0.0,2,2,1.0,1,1,2,0,0,2,0,1,4
2021-11-13_uc_davis_saint_marys_ca,Saint Mary's (CA),10,"Dalton, Tayla",True,20,1,3,0.333,0,1,0.0,0,0,,2,2,4,2,0,1,0,0,2
2021-11-13_uc_davis_saint_marys_ca,Saint Mary's (CA),11,"Kirisome, Jade",False,23,1,5,0.2,1,2,0.5,1,2,0.5,0,1,1,0,1,1,0,0,4
2021-11-13_uc_davis_saint_marys_ca,Saint Mary's (CA),25,"Garrison, Aspen",False,14,2,6,0.333,0,0,,0,0,,1,2,3,1,0,3,0,3,4
2021-11-13_uc_davis_saint_marys_ca,Saint Mary's (CA),22,"Croco, Ellie",False,14,1,6,0.167,0,2,0.0,0,0,,1,3,4,1,0,1,1,1,2
2021-11-13_uc_davis_saint_marys_ca,Saint Mary's (CA),01,"Mastora, Makena",False,11,0,3,0.0,0,2,0.0,0,0,,0,2,2,2,2,1,1,1,0
2021-11-13_uc_davis_saint_marys_ca,Saint Mary's (CA),12,"Grizelj, Mia",False,2,0,0,,0,0,,0,0,,0,0,0,0,0,0,0,0,0
2021-11-13_uc_davis_saint_marys_ca,Saint Mary's (CA),TM,TEAM,False,0,0,0,,0,0,,0,0,,0,0,0,0,0,1,0,0,0
2021-11-13_uc_davis_saint_marys_ca,UC Davis,15,"Turner, Evanne",True,36,6,10,0.6,5,7,0.714,1,2,0.5,0,1,1,4,3,2,0,1,18
2021-11-13_uc_davis_saint_marys_ca,UC Davis,32,"Hall, Cierra",True,35,5,13,0.385,2,6,0.333,0,0,,0,5,5,2,4,1,0,2,12
2021-11-13_uc_davis_saint_marys_ca,UC Davis,23,"Konrad, Kayla",True,38,3,8,0.375,0,2,0.0,2,4,0.5,1,0,1,1,1,2,0,2,8
2021-11-13_uc_davis_saint_marys_ca,UC Davis,11,"Stobbart, Sage",True,36,2,8,0.25,0,5,0.0,0,1,0.0,1,15,16,2,0,2,4,2,4
2021-11-13_uc_davis_saint_marys_ca,UC Davis,13,"Burns, Sydney",True,31,1,4,0.25,1,2,0.5,0,0,,0,1,1,3,2,3,0,1,3
2021-11-13_uc_davis_saint_marys_ca,UC Davis,33,"Harris, Mazatlan",False,8,1,3,0.333,1,2,0.5,0,0,,0,1,1,0,0,0,0,0,3
2021-11-13_uc_davis_saint_marys_ca,UC Davis,10,"Svanholm, Lena",False,8,1,3,0.333,0,0,,0,0,,0,0,0,1,0,0,0,0,2
2021-11-13_uc_davis_saint_marys_ca,UC Davis,41,"Shine, Bria",False,5,0,1,0.0,0,0,,0,0,,0,1,1,1,0,0,0,0,0
2021-11-13_uc_davis_saint_marys_ca,UC Davis,24,"Langi, Marley",False,2,0,1,0.0,0,0,,0,0,,1,0,1,0,0,0,0,0,0
2021-11-13_uc_davis_saint_marys_ca,UC Davis,20,"Sanders, Makaila",False,1,0,0,,0,0,,0,0,,0,0,0,0,0,1,0,0,0
2021-11-13_uc_davis_saint_marys_ca,UC Davis,TM,TEAM,False,0,0,0,,0,0,,0,0,,0,0,0,0,0,1,0,0,0
2021-11-13_seattle_u_uc_san_diego,UC San Diego,10,"Macabuhay, Julia",True,19,5,11,0.455,3,8,0.375,1,1,1.0,0,0,0,1,6,1,0,1,14
2021-11-13_seattle_u_uc_san_diego,UC San Diego,13,"Brown, Sydney",True,32,4,8,0.5,1,4,0.25,2,2,1.0,2,10,12,1,1,5,1,2,11
2021-11-13_seattle_u_uc_san_diego,UC San Diego,15,"Claros, Brianna",True,27,4,8,0.5,2,5,0.4,0,1,0.0,0,3,3,1,3,1,0,1,10
2021-11-13_seattle_u_uc_san_diego,UC San Diego,12,"Baxter, Madison",True,21,2,5,0.4,0,3,0.0,0,0,,1,1,2,3,2,0,0,1,4
2021-11-13_seattle_u_uc_san_diego,UC San Diego,11,"Brown, Aishah",True,15,0,5,0.0,0,0,,1,2,0.5,3,2,5,3,0,0,0,1,1
2021-11-13_seattle_u_uc_san_diego,UC San Diego,32,"Montgomery, Parker",False,27,4,10,0.4,1,3,0.333,0,0,,2,4,6,0,4,1,1,0,9
2021-11-13_seattle_u_uc_san_diego,UC San Diego,02,"Chamberlin, Ula",False,20,3,7,0.429,1,3,0.333,0,0,,0,1,1,2,1,2,0,1,7
2021-11-13_seattle_u_uc_san_diego,UC San Diego,01,"Obouh Fegue, Alex",False,22,2,6,0.333,0,0,,0,0,,1,8,9,2,1,2,4,1,4
2021-11-13_seattle_u_uc_san_diego,UC San Diego,20,"Forsyth, Izzy",False,6,0,1,0.0,0,0,,0,0,,0,1,1,1,0,0,0,0,0
2021-11-13_seattle_u_uc_san_diego,UC San Diego,23,"Thompson, Courtni",False,6,0,1,0.0,0,1,0.0,0,0,,0,0,0,1,0,1,0,0,0
2021-11-13_seattle_u_uc_san_diego,UC San Diego,24,"Mullings, Bridget",False,4,0,1,0.0,0,1,0.0,0,0,,0,0,0,0,0,0,1,0,0
2021-11-13_seattle_u_uc_san_diego,UC San Diego,35,"Springs, Katie",False,1,0,0,,0,0,,0,0,,0,0,0,1,0,1,0,0,0
2021-11-13_seattle_u_uc_san_diego,UC San Diego,TM,TEAM,False,0,0,0,,0,0,,0,0,,3,2,5,0,0,1,0,0,0
2021-11-13_seattle_u_uc_san_diego,Seattle U,20,"Howard, Peyton",True,32,7,12,0.583,0,0,,1,2,0.5,0,1,1,4,2,2,1,3,15
2021-11-13_seattle_u_uc_san_diego,Seattle U,05,"Murphy, Courtney",True,26,2,12,0.167,2,10,0.2,0,0,,1,5,6,0,0,0,0,0,6
2021-11-13_seattle_u_uc_san_diego,Seattle U,22,"Calhoun, Bree",True,22,3,10,0.3,0,3,0.0,0,1,0.0,1,3,4,2,4,4,0,2,6
2021-11-13_seattle_u_uc_san_diego,Seattle U,11,"Kehoe, Georgia",True,20,3,10,0.3,0,0,,0,2,0.0,7,4,11,0,0,1,0,2,6
2021-11-13_seattle_u_uc_san_diego,Seattle U,04,"Williams, McKenzi",True,27,1,11,0.091,0,2,0.0,0,0,,1,3,4,3,1,4,0,0,2
2021-11-13_seattle_u_uc_san_diego,Seattle U,23,"Korolenko, Irena",False,26,2,9,0.222,1,4,0.25,0,0,,3,2,5,3,1,0,0,0,5
2021-11-13_seattle_u_uc_san_diego,Seattle U,24,"Clark, Taliyah",False,8,1,1,1.0,0,0,,0,0,,1,2,3,0,0,0,0,1,2
2021-11-13_seattle_u_uc_san_diego,Seattle U,21,"Tarasow, Erin",False,2,1,1,1.0,0,0,,0,0,,0,0,0,0,0,0,0,0,2
2021-11-13_seattle_u_uc_san_diego,Seattle U,34,"Ezeonu, Chinwe",False,16,0,3,0.0,0,0,,0,2,0.0,3,2,5,1,0,1,1,0,0
2021-11-13_seattle_u_uc_san_diego,Seattle U,42,"Rangel, Barbara",False,12,0,1,0.0,0,1,0.0,0,0,,4,3,7,0,1,1,1,1,0
2021-11-13_seattle_u_uc_san_diego,Seattle U,03,"Jagger, Ramona",False,5,0,0,,0,0,,0,0,,1,0,1,0,0,0,0,0,0
2021-11-13_seattle_u_uc_san_diego,Seattle U,30,"Phillips, Maddy",False,4,0,2,0.0,0,1,0.0,0,0,,0,0,0,0,0,0,0,0,0
2021-11-13_seattle_u_uc_san_diego,Seattle U,TM,TEAM,False,0,0,0,,0,0,,0,0,,1,3,4,0,0,1,0,0,0
2021-11-13_boise_st_long_beach_st,Long Beach St.,10,"King, Justina",True,37,6,18,0.333,2,4,0.5,2,2,1.0,0,3,3,2,2,2,0,1,16
2021-11-13_boise_st_long_beach_st,Long Beach St.,00,"Berry, Ma'qhi",True,28,4,9,0.444,0,1,0.0,6,6,1.0,2,3,5,0,3,1,0,1,14
2021-11-13_boise_st_long_beach_st,Long Beach St.,1,"Utti, Maddi",True,35,3,12,0.25,0,0,,1,1,1.0,3,4,7,1,1,2,1,3,7
2021-11-13_boise_st_long_beach_st,Long Beach St.,11,"Hardy, Jasmine",True,25,1,6,0.167,0,5,0.0,1,2,0.5,0,5,5,2,2,2,0,0,3
2021-11-13_boise_st_long_beach_st,Long Beach St.,23,"Green, Lauren",True,12,0,1,0.0,0,0,,0,0,,0,0,0,3,0,1,1,0,0
2021-11-13_boise_st_long_beach_st,Long Beach St.,20,"Joseph, Myrrah",False,17,4,5,0.8,0,0,,0,0,,2,0,2,4,3,1,0,0,8
2021-11-13_boise_st_long_beach_st,Long Beach St.,25,"Hamilton-fisher, Kianna",False,26,1,3,0.333,1,2,0.5,4,4,1.0,0,2,2,1,0,1,0,4,7
2021-11-13_boise_st_long_beach_st,Long Beach St.,3,"Chung, Patricia",False,6,2,4,0.5,0,1,0.0,0,0,,0,0,0,0,0,0,0,0,4
2021-11-13_boise_st_long_beach_st,Long Beach St.,32,"Mikkelsen, Thea",False,6,1,1,1.0,0,0,,0,0,,1,1,2,1,0,1,0,0,2
2021-11-13_boise_st_long_beach_st,Long Beach St.,12,"Jeskeova, Kristyna",False,4,0,0,,0,0,,0,0,,1,1,2,0,1,0,0,0,0
2021-11-13_boise_st_long_beach_st,Long Beach St.,2,"Tucker, Savannah",False,2,0,1,0.0,0,0,,0,0,,0,0,0,0,0,0,0,0,0
2021-11-13_boise_st_long_beach_st,Long Beach St.,5,"Sullivan, Emily",False,2,0,0,,0,0,,0,0,,0,0,0,0,0,0,0,0,0
2021-11-13_boise_st_long_beach_st,Long Beach St.,TM,TEAM,False,0,0,0,,0,0,,0,0,,3,5,8,0,0,0,0,0,0
2021-11-13_boise_st_long_beach_st,Boise St.,23,"Lalotte, Elodie",True,23,5,6,0.833,0,0,,1,4,0.25,0,2,2,3,1,3,0,2,11
2021-11-13_boise_st_long_beach_st,Boise St.,33,"Muse, Abby",True,27,3,7,0.429,0,0,,4,5,0.8,0,2,2,1,1,1,1,3,10
2021-11-13_boise_st_long_beach_st,Boise St.,12,"Naro, Mary Kay",True,35,2,8,0.25,1,5,0.2,2,2,1.0,1,6,7,0,5,4,1,0,7
2021-11-13_boise_st_long_beach_st,Boise St.,15,"Leonidas, Dominique",True,25,0,2,0.0,0,0,,0,0,,1,1,2,2,3,5,0,0,0
2021-11-13_boise_st_long_beach_st,Boise St.,14,"Ostlie, Anna",True,22,0,4,0.0,0,4,0.0,0,0,,0,1,1,2,1,3,0,0,0
2021-11-13_boise_st_long_beach_st,Boise St.,25,"Bowers, Rachel",False,11,2,4,0.5,0,0,,0,0,,0,2,2,2,0,0,1,0,4
2021-11-13_boise_st_long_beach_st,Boise St.,11,"Burgess, Kaitlin",False,18,1,4,0.25,1,4,0.25,0,0,,0,1,1,2,1,2,0,0,3
2021-11-13_boise_st_long_beach_st,Boise St.,22,"Hull, Trista",False,16,1,1,1.0,0,0,,1,3,0.333,0,5,5,2,0,1,1,0,3
2021-11-13_boise_st_long_beach_st,Boise St.,24,"Clark, Jayda",False,17,0,5,0.0,0,4,0.0,0,0,,0,0,0,2,0,2,0,1,0
2021-11-13_boise_st_long_beach_st,Boise St.,2,"Lovrovich, Linsey",False,3,0,0,,0,0,,0,0,,0,0,0,0,0,0,0,0,0
2021-11-13_boise_st_long_beach_st,Boise St.,21,"McQuietor, Sydney",False,3,0,1,0.0,0,0,,0,0,,0,0,0,0,0,1,0,0,0
2021-11-13_boise_st_long_beach_st,Boise St.,TM,TEAM,False,0,0,0,,0,0,,0,0,,2,5,7,0,0,0,0,0,0
2021-11-13_utah_st_cal_st_fullerton,Cal St. Fullerton,55,"Nimmo, Fujika",True,35,7,15,0.467,1,4,0.25,2,7,0.286,0,1,1,4,5,6,0,1,17
2021-11-13_utah_st_cal_st_fullerton,Cal St. Fullerton,03,"Wahinekapu, Lily",True,30,3,14,0.214,1,7,0.143,6,6,1.0,3,3,6,3,8,3,0,1,13
2021-11-13_utah_st_cal_st_fullerton,Cal St. Fullerton,32,"Lewis, Ashlee",True,23,4,11,0.364,0,1,0.0,1,2,0.5,2,3,5,4,2,1,0,0,9
2021-11-13_utah_st_cal_st_fullerton,Cal St. Fullerton,24,"Neff, Kathryn",True,17,4,4,1.0,1,1,1.0,0,0,,2,4,6,3,1,0,1,0,9
2021-11-13_utah_st_cal_st_fullerton,Cal St. Fullerton,23,"Gill, Carolyn",True,14,3,4,0.75,0,0,,0,0,,3,0,3,5,1,4,0,2,6
2021-11-13_utah_st_cal_st_fullerton,Cal St. Fullerton,04,"Vidmar, Gabi",False,28,4,10,0.4,2,6,0.333,0,0,,2,2,4,3,2,0,0,1,10
2021-11-13_utah_st_cal_st_fullerton,Cal St. Fullerton,05,"Rodarte, Clarissa",False,11,2,2,1.0,0,0,,0,0,,0,4,4,3,0,4,0,0,4
2021-11-13_utah_st_cal_st_fullerton,Cal St. Fullerton,01,"Jovanovic, Una",False,24,1,3,0.333,0,0,,1,1,1.0,3,0,3,2,0,3,0,1,3
2021-11-13_utah_st_cal_st_fullerton,Cal St. Fullerton,13,"Hernandez, Aixchel",False,14,1,4,0.25,0,0,,0,0,,1,3,4,1,0,1,0,0,2
2021-11-13_utah_st_cal_st_fullerton,Cal St. Fullerton,10,"de Vera, Eliza",False,2,0,0,,0,0,,2,2,1.0,0,1,1,0,0,0,0,0,2
2021-11-13_utah_st_cal_st_fullerton,Cal St. Fullerton,02,Nancy Panagiotopoulo,False,2,0,0,,0,0,,0,0,,0,1,1,0,0,0,0,0,0
2021-11-13_utah_st_cal_st_fullerton,Cal St. Fullerton,TM,TEAM,False,0,0,0,,0,0,,0,0,,3,3,6,0,0,2,0,0,0
2021-11-13_utah_st_cal_st_fullerton,Utah St.,21,Kaylin Randhawa,True,25,6,8,0.75,3,4,0.75,13,15,0.867,2,3,5,5,1,4,1,2,28
2021-11-13_utah_st_cal_st_fullerton,Utah St.,15,Olivia Wikstrom,True,31,4,11,0.364,4,8,0.5,9,12,0.75,2,3,5,3,5,0,0,5,21
2021-11-13_utah_st_cal_st_fullerton,Utah St.,14,Manna Mensah,True,26,5,10,0.5,1,3,0.333,0,1,0.0,0,3,3,1,2,3,0,0,11
2021-11-13_utah_st_cal_st_fullerton,Utah St.,32,Adryana Quezada,True,25,2,7,0.286,0,0,,5,6,0.833,1,2,3,1,1,1,1,2,9
2021-11-13_utah_st_cal_st_fullerton,Utah St.,03,Laci Hawthorne,True,14,1,4,0.25,0,1,0.0,0,0,,3,2,5,4,0,1,0,1,2
2021-11-13_utah_st_cal_st_fullerton,Utah St.,04,E'Lease Stafford,False,22,3,7,0.429,0,2,0.0,1,1,1.0,0,2,2,3,4,1,0,1,7
2021-11-13_utah_st_cal_st_fullerton,Utah St.,10,Emmie Harris,False,18,2,3,0.667,0,1,0.0,0,0,,1,0,1,0,0,0,0,1,4
2021-11-13_utah_st_cal_st_fullerton,Utah St.,05,Kinley Falslev,False,5,1,2,0.5,0,1,0.0,0,0,,0,0,0,3,0,1,0,0,2
2021-11-13_utah_st_cal_st_fullerton,Utah St.,00,Faith Brantley,False,15,0,1,0.0,0,0,,1,2,0.5,0,1,1,1,2,1,0,1,1
2021-11-13_utah_st_cal_st_fullerton,Utah St.,02,Meagan Mendazona,False,18,0,3,0.0,0,1,0.0,0,0,,0,1,1,1,1,3,0,1,0
2021-11-13_utah_st_cal_st_fullerton,Utah St.,42,Taylor Franson,False,1,0,0,,0,0,,0,0,,0,0,0,0,0,0,0,0,0
2021-11-13_utah_st_cal_st_fullerton,Utah St.,TM,TEAM,False,0,0,0,,0,0,,0,0,,1,6,7,0,0,0,0,0,0
2021-11-13_pacific_uc_riverside,UC Riverside,3,"West, Olivia",True,27,5,8,0.625,3,5,0.6,5,5,1.0,0,1,1,2,2,1,0,0,18
2021-11-13_pacific_uc_riverside,UC Riverside,4,"Holland, Jada",True,26,4,9,0.444,1,1,1.0,1,3,0.333,0,2,2,2,6,3,0,1,10
2021-11-13_pacific_uc_riverside,UC Riverside,10,"Cooper, Keilanei",True,30,3,15,0.2,0,4,0.0,3,4,0.75,1,4,5,3,1,1,0,2,9
2021-11-13_pacific_uc_riverside,UC Riverside,24,"Gnago, Daphne",True,24,3,8,0.375,0,0,,1,4,0.25,4,6,10,2,0,0,0,1,7
2021-11-13_pacific_uc_riverside,UC Riverside,00,"Bryant, Matehya",True,13,3,4,0.75,0,0,,0,0,,0,3,3,2,0,2,0,0,6
2021-11-13_pacific_uc_riverside,UC Riverside,15,"Blount, Anna",False,13,2,5,0.4,0,0,,4,6,0.667,1,4,5,2,0,0,0,0,8
2021-11-13_pacific_uc_riverside,UC Riverside,14,"Finau, Mele",False,29,2,5,0.4,1,2,0.5,2,2,1.0,1,5,6,2,1,3,1,1,7
2021-11-13_pacific_uc_riverside,UC Riverside,30,"Morse, Rose",False,20,1,7,0.143,1,7,0.143,2,2,1.0,1,0,1,2,2,1,0,1,5
2021-11-13_pacific_uc_riverside,UC Riverside,2,"Walters, Ryanne",False,16,2,4,0.5,0,1,0.0,1,2,0.5,1,2,3,2,2,4,0,2,5
2021-11-13_pacific_uc_riverside,UC Riverside,11,"Matarranz, Esther",False,2,0,0,,0,0,,0,0,,0,0,0,0,0,0,0,0,0
2021-11-13_pacific_uc_riverside,UC Riverside,TM,TEAM,False,0,0,0,,0,0,,0,0,,4,1,5,0,0,1,0,0,0
2021-11-13_pacific_uc_riverside,Pacific,3,"James, Anaya",True,29,6,10,0.6,1,4,0.25,2,3,0.667,3,2,5,2,7,5,0,2,15
2021-11-13_pacific_uc_riverside,Pacific,11,"Holmberg, Cecilia",True,30,7,14,0.5,0,3,0.0,0,2,0.0,2,4,6,2,0,1,1,2,14
2021-11-13_pacific_uc_riverside,Pacific,13,"Cruz, Jordan",True,29,2,7,0.286,2,6,0.333,0,0,,0,3,3,3,2,3,1,1,6
2021-11-13_pacific_uc_riverside,Pacific,00,"Johnson, Cassidy",True,11,2,6,0.333,0,1,0.0,0,0,,0,1,1,2,0,0,0,0,4
2021-11-13_pacific_uc_riverside,Pacific,20,"Adams, Erica",True,30,1,7,0.143,0,2,0.0,0,0,,0,4,4,2,5,2,1,1,2
2021-11-13_pacific_uc_riverside,Pacific,14,"Elliott, Elizabeth",False,21,5,8,0.625,0,0,,3,8,0.375,0,4,4,4,0,2,0,0,13
2021-11-13_pacific_uc_riverside,Pacific,24,"Smith, Liz",False,23,2,9,0.222,0,4,0.0,3,4,0.75,1,2,3,2,1,2,1,1,7
2021-11-13_pacific_uc_riverside,Pacific,33,"Ennis, Madelene",False,11,2,2,1.0,0,0,,0,0,,0,4,4,2,0,1,0,0,4
2021-11-13_pacific_uc_riverside,Pacific,5,"Richardson, Diamond",False,9,1,2,0.5,0,0,,0,0,,0,0,0,3,0,1,0,0,2
2021-11-13_pacific_uc_riverside,Pacific,44,"Jarrell, Emily",False,7,0,1,0.0,0,0,,0,0,,1,1,2,1,0,0,0,0,0
2021-11-13_pacific_uc_riverside,Pacific,TM,TEAM,False,0,0,0,,0,0,,0,0,,3,0,3,0,0,0,0,0,0
2021-11-14_uc_irvine_san_diego_st,San Diego St.,2,"Ramos, Sophia",True,36,6,13,0.462,3,5,0.6,1,2,0.5,0,10,10,4,4,1,0,1,16
2021-11-14_uc_irvine_san_diego_st,San Diego St.,12,"Staples, Mercedes",True,26,5,9,0.556,2,4,0.5,0,0,,0,5,5,2,2,3,0,2,12
2021-11-14_uc_irvine_san_diego_st,San Diego St.,11,"Gipson, Kamaria",True,26,5,5,1.0,0,0,,2,5,0.4,2,5,7,4,0,4,3,0,12
2021-11-14_uc_irvine_san_diego_st,San Diego St.,1,"Avinger, Asia",True,25,3,8,0.375,0,4,0.0,5,6,0.833,1,3,4,3,4,2,0,1,11
2021-11-14_uc_irvine_san_diego_st,San Diego St.,3,"Adams, Mallory",True,34,4,10,0.4,0,3,0.0,0,0,,4,5,9,1,1,3,0,0,8
2021-11-14_uc_irvine_san_diego_st,San Diego St.,21,"Crain, Alex",False,20,2,5,0.4,0,0,,1,1,1.0,0,1,1,1,2,0,0,0,5
2021-11-14_uc_irvine_san_diego_st,San Diego St.,22,"Vinerte, Flo",False,10,1,3,0.333,0,0,,2,2,1.0,1,2,3,1,0,1,0,0,4
2021-11-14_uc_irvine_san_diego_st,San Diego St.,10,"Hernandez, Isabela",False,8,0,5,0.0,0,3,0.0,0,0,,1,0,1,1,0,1,0,0,0
2021-11-14_uc_irvine_san_diego_st,San Diego St.,23,"Villalobos, Kim",False,5,0,0,,0,0,,0,0,,0,1,1,2,1,1,0,0,0
2021-11-14_uc_irvine_san_diego_st,San Diego St.,24,"Edwards, Kiara",False,4,0,0,,0,0,,0,0,,0,0,0,2,0,0,0,0,0
2021-11-14_uc_irvine_san_diego_st,San Diego St.,4,"Chynoweth, Bailee",False,3,0,0,,0,0,,0,0,,0,0,0,0,0,0,0,0,0
2021-11-14_uc_irvine_san_diego_st,San Diego St.,13,"Fiso, Meghan",False,3,0,0,,0,0,,0,0,,0,0,0,1,0,0,0,0,0
2021-11-14_uc_irvine_san_diego_st,San Diego St.,TM,TEAM,False,0,0,0,,0,0,,0,0,,3,3,6,0,0,3,0,0,0
2021-11-14_uc_irvine_san_diego_st,UC Irvine,4,"Williams, Kayla",True,29,2,13,0.154,2,8,0.25,4,4,1.0,3,1,4,2,2,0,0,3,10
2021-11-14_uc_irvine_san_diego_st,UC Irvine,2,"Webb, Chloe",True,23,4,8,0.5,0,1,0.0,2,2,1.0,0,4,4,2,0,1,1,1,10
2021-11-14_uc_irvine_san_diego_st,UC Irvine,21,"Williams, Olivia",True,21,3,8,0.375,2,5,0.4,2,2,1.0,1,1,2,0,0,0,0,1,10
2021-11-14_uc_irvine_san_diego_st,UC Irvine,35,"Locandro, Sophia",True,22,3,6,0.5,0,0,,2,2,1.0,2,2,4,3,0,1,1,1,8
2021-11-14_uc_irvine_san_diego_st,UC Irvine,42,"Hunt, Naomi",True,15,0,4,0.0,0,2,0.0,0,0,,0,2,2,0,0,1,0,0,0
2021-11-14_uc_irvine_san_diego_st,UC Irvine,45,"Dusharm, Tara",False,12,3,5,0.6,0,0,,0,1,0.0,1,3,4,1,1,0,2,0,6
2021-11-14_uc_irvine_san_diego_st,UC Irvine,33,"Kaupu, Caiyle",False,9,1,3,0.333,0,0,,3,4,0.75,1,2,3,0,1,0,0,0,5
2021-11-14_uc_irvine_san_diego_st,UC Irvine,3,"Tom, Nikki",False,24,1,7,0.143,0,4,0.0,2,2,1.0,1,3,4,1,3,2,1,2,4
2021-11-14_uc_irvine_san_diego_st,UC Irvine,10,"Cadee, Jayde",False,15,0,3,0.0,0,3,0.0,2,2,1.0,0,0,0,2,0,0,0,1,2
2021-11-14_uc_irvine_san_diego_st,UC Irvine,20,"Hernandez, Hunter",False,12,0,4,0.0,0,2,0.0,2,4,0.5,1,1,2,2,1,2,0,0,2
2021-11-14_uc_irvine_san_diego_st,UC Irvine,11,"Scharpf, Amelia",False,8,1,4,0.25,0,1,0.0,0,0,,1,1,2,1,0,0,0,0,2
2021-11-14_uc_irvine_san_diego_st,UC Irvine,24,"Kapinga, Melodie",False,4,0,0,,0,0,,1,2,0.5,0,0,0,2,0,0,0,0,1
2021-11-14_uc_irvine_san_diego_st,UC Irvine,23,"Baker, Victoria",False,6,0,0,,0,0,,0,0,,0,0,0,1,0,1,0,0,0
2021-11-14_uc_irvine_san_diego_st,UC Irvine,TM,TEAM,False,0,0,0,,0,0,,0,0,,2,1,3,0,0,0,0,0,0
2021-11-14_northwestern_uc_santa_barbara,UC Santa Barbara,31,"Lane, Ila",True,32,3,8,0.375,0,0,,1,4,0.25,1,10,11,4,0,2,1,0,7
2021-11-14_northwestern_uc_santa_barbara,UC Santa Barbara,00,"Miller, Danae",True,25,2,7,0.286,1,3,0.333,0,0,,0,1,1,1,3,6,0,0,5
2021-11-14_northwestern_uc_santa_barbara,UC Santa Barbara,30,"Anderson, Megan",True,22,1,1,1.0,1,1,1.0,0,0,,1,0,1,1,1,0,0,0,3
2021-11-14_northwestern_uc_santa_barbara,UC Santa Barbara,11,"Lee, Lauren",True,18,1,2,0.5,0,0,,1,2,0.5,1,2,3,3,0,2,0,0,3
2021-11-14_northwestern_uc_santa_barbara,UC Santa Barbara,10,"Choice, Anya",True,14,0,3,0.0,0,1,0.0,2,2,1.0,1,3,4,1,3,3,0,0,2
2021-11-14_northwestern_uc_santa_barbara,UC Santa Barbara,02,"Tucker, Alexis",False,23,6,10,0.6,0,0,,2,4,0.5,0,3,3,2,0,2,2,1,14
2021-11-14_northwestern_uc_santa_barbara,UC Santa Barbara,12,"Mole, Taylor",False,12,2,3,0.667,1,1,1.0,1,2,0.5,0,2,2,0,0,3,1,0,6
2021-11-14_northwestern_uc_santa_barbara,UC Santa Barbara,03,"Marin, Alyssa",False,6,0,2,0.0,0,1,0.0,2,2,1.0,0,0,0,0,1,1,0,0,2
2021-11-14_northwestern_uc_santa_barbara,UC Santa Barbara,20,"Rockwood, Laurel",False,3,1,2,0.5,0,0,,0,0,,1,1,2,1,0,0,0,0,2
2021-11-14_northwestern_uc_santa_barbara,UC Santa Barbara,25,"Cabuena, Analillia",False,3,0,1,0.0,0,1,0.0,2,2,1.0,0,1,1,0,0,0,0,0,2
2021-11-14_northwestern_uc_santa_barbara,UC Santa Barbara,01,"Gonzalez, Johnni",False,20,0,6,0.0,0,3,0.0,0,0,,0,2,2,1,1,0,0,0,0
2021-11-14_northwestern_uc_santa_barbara,UC Santa Barbara,13,"Modawar, Tatyana",False,13,0,3,0.0,0,1,0.0,0,0,,0,0,0,1,0,1,1,1,0
2021-11-14_northwestern_uc_santa_barbara,UC Santa Barbara,05,"Cooper, Callie",False,3,0,1,0.0,0,0,,0,0,,0,0,0,0,0,0,0,0,0
2021-11-14_northwestern_uc_santa_barbara,UC Santa Barbara,21,"Johnson, Kennedy",False,3,0,1,0.0,0,0,,0,0,,1,0,1,0,1,1,0,0,0
2021-11-14_northwestern_uc_santa_barbara,UC Santa Barbara,22,"Vierra, Kiana",False,3,0,0,,0,0,,0,0,,0,0,0,0,0,0,0,0,0
2021-11-14_northwestern_uc_santa_barbara,UC Santa Barbara,TM,TEAM,False,0,0,0,,0,0,,0,0,,2,6,8,0,0,0,0,0,0
2021-11-14_northwestern_uc_santa_barbara,Northwestern,12,"Burton, Veronica",True,29,7,13,0.538,4,6,0.667,2,2,1.0,0,3,3,3,7,2,1,5,20
2021-11-14_northwestern_uc_santa_barbara,Northwestern,15,"Shaw, Courtney",True,33,6,10,0.6,0,0,,0,1,0.0,3,8,11,2,0,1,1,5,12
2021-11-14_northwestern_uc_santa_barbara,Northwestern,10,"Walsh, Caileigh",True,26,4,12,0.333,3,8,0.375,0,0,,1,6,7,3,0,1,2,1,11
2021-11-14_northwestern_uc_santa_barbara,Northwestern,03,"Wood, Sydney",True,29,1,6,0.167,0,1,0.0,2,4,0.5,2,1,3,2,5,1,1,1,4
2021-11-14_northwestern_uc_santa_barbara,Northwestern,04,"Brown, Jillian",True,18,1,5,0.2,0,3,0.0,0,0,,0,1,1,2,1,1,1,0,2
2021-11-14_northwestern_uc_santa_barbara,Northwestern,20,"Mott, Paige",False,17,2,10,0.2,0,1,0.0,3,4,0.75,4,2,6,2,3,2,0,1,7
2021-11-14_northwestern_uc_santa_barbara,Northwestern,02,"Satterwhite, Lauryn",False,20,2,6,0.333,1,3,0.333,0,0,,0,2,2,0,2,0,0,0,5
2021-11-14_northwestern_uc_santa_barbara,Northwestern,01,"Rainey, Kaylah",False,11,2,3,0.667,1,1,1.0,0,0,,0,2,2,1,1,0,0,1,5
2021-11-14_northwestern_uc_santa_barbara,Northwestern,21,"Daley, Melannie",False,9,1,3,0.333,0,1,0.0,0,0,,0,1,1,0,0,1,0,0,2
2021-11-14_northwestern_uc_santa_barbara,Northwestern,13,"Ademusayo, Mercy",False,3,1,1,1.0,0,0,,0,0,,0,0,0,1,0,1,3,0,2
2021-11-14_northwestern_uc_santa_barbara,Northwestern,33,"Hartman, Laya",False,1,1,1,1.0,0,0,,0,0,,0,1,1,1,0,0,0,0,2
2021-11-14_northwestern_uc_santa_barbara,Northwestern,23,"McWilliams, Jasmine",False,3,0,0,,0,0,,0,0,,0,0,0,0,1,0,0,0,0
2021-11-14_northwestern_uc_santa_barbara,Northwestern,00,"Sancataldo, Jess",False,1,0,0,,0,0,,0,0,,0,0,0,0,0,0,0,0,0
2021-11-14_northwestern_uc_santa_barbara,Northwestern,TM,TEAM,False,0,0,0,,0,0,,0,0,,2,4,6,0,0,0,0,0,0
2021-11-15_csun_cal_st_dom_hills,Cal St. Dom. Hills,15,Auren Isaacson,True,39,6,21,0.286,5,15,0.333,2,2,1.0,0,5,5,0,2,5,0,0,19
2021-11-15_csun_cal_st_dom_hills,Cal St. Dom. Hills,23,Asia Jordan,True,37,5,8,0.625,0,0,,7,10,0.7,4,9,13,4,2,1,1,1,17
2021-11-15_csun_cal_st_dom_hills,Cal St. Dom. Hills,12,Kelsey Bell,True,37,4,9,0.444,4,9,0.444,1,2,0.5,0,4,4,2,0,1,0,0,13
2021-11-15_csun_cal_st_dom_hills,Cal St. Dom. Hills,10,Hosanna Walker,True,25,1,4,0.25,0,0,,2,2,1.0,2,2,4,0,1,3,0,0,4
2021-11-15_csun_cal_st_dom_hills,Cal St. Dom. Hills,20,Rebecca Penner,True,9,0,0,,0,0,,1,2,0.5,0,1,1,2,0,0,0,0,1
2021-11-15_csun_cal_st_dom_hills,Cal St. Dom. Hills,4,Destiny McAllister,False,22,1,3,0.333,0,2,0.0,7,8,0.875,1,1,2,2,0,0,0,0,9
2021-11-15_csun_cal_st_dom_hills,Cal St. Dom. Hills,11,Deejanae Poland,False,18,1,6,0.167,0,1,0.0,0,2,0.0,0,2,2,3,3,1,0,3,2
2021-11-15_csun_cal_st_dom_hills,Cal St. Dom. Hills,21,Danyell Booker,False,9,0,1,0.0,0,0,,1,2,0.5,3,0,3,4,0,3,0,0,1
2021-11-15_csun_cal_st_dom_hills,Cal St. Dom. Hills,13,Amaya Snowden,False,4,0,1,0.0,0,0,,1,2,0.5,1,1,2,0,0,1,1,0,1
2021-11-15_csun_cal_st_dom_hills,Cal St. Dom. Hills,TM,TEAM,False,0,0,0,,0,0,,0,0,,5,3,8,0,0,0,0,0,0
2021-11-15_csun_cal_st_dom_hills,CSUN,1,"Jackson, Jordyn",True,35,6,13,0.462,4,8,0.5,3,3,1.0,0,4,4,1,1,3,0,1,19
2021-11-15_csun_cal_st_dom_hills,CSUN,21,"Tu'ua, Anaiyah",True,26,3,7,0.429,1,4,0.25,3,4,0.75,1,4,5,1,3,1,1,0,10
2021-11-15_csun_cal_st_dom_hills,CSUN,15,"Amundsen, Tess",True,18,4,7,0.571,0,3,0.0,1,1,1.0,1,2,3,2,1,1,0,0,9
2021-11-15_csun_cal_st_dom_hills,CSUN,34,"Spriggs, Kayanna",True,21,1,4,0.25,0,0,,0,0,,3,2,5,5,0,2,1,0,2
2021-11-15_csun_cal_st_dom_hills,CSUN,12,"Henderson, Meghann",True,28,0,7,0.0,0,3,0.0,0,0,,0,2,2,3,2,3,2,2,0
2021-11-15_csun_cal_st_dom_hills,CSUN,5,"Duchemin, Michelle",False,11,4,5,0.8,0,0,,2,3,0.667,2,0,2,1,0,0,0,1,10
2021-11-15_csun_cal_st_dom_hills,CSUN,2,"Woodley, Sydney",False,18,4,8,0.5,0,2,0.0,1,2,0.5,1,3,4,1,2,0,0,2,9
2021-11-15_csun_cal_st_dom_hills,CSUN,24,"Smith, Macy",False,9,2,5,0.4,2,5,0.4,0,0,,0,0,0,1,1,0,0,0,6
2021-11-15_csun_cal_st_dom_hills,CSUN,11,"Smith, Olivia",False,8,2,4,0.5,0,1,0.0,1,2,0.5,1,1,2,2,0,1,1,0,5
2021-11-15_csun_cal_st_dom_hills,CSUN,4,"Harvey, Rachel",False,21,1,5,0.2,0,2,0.0,0,0,,0,2,2,4,3,0,1,2,2
2021-11-15_csun_cal_st_dom_hills,CSUN,32,"Hawkins, Ashley",False,3,0,0,,0,0,,0,0,,0,0,0,0,2,0,0,0,0
2021-11-15_csun_cal_st_dom_hills,CSUN,22,"Hudgen, McKenzie",False,2,0,0,,0,0,,0,0,,0,1,1,1,0,0,0,0,0
2021-11-15_csun_cal_st_dom_hills,CSUN,TM,TEAM,False,0,0,0,,0,0,,0,0,,2,1,3,0,0,0,0,0,0
2021-11-16_cal_st_fullerton_san_diego_st,San Diego St.,02,Sophia Ramos,True,34,6,15,0.4,3,6,0.5,2,4,0.5,2,2,4,3,1,8,0,2,17
2021-11-16_cal_st_fullerton_san_diego_st,San Diego St.,11,Kamaria Gipson,True,21,1,2,0.5,0,0,,6,8,0.75,4,4,8,2,0,0,1,0,8
2021-11-16_cal_st_fullerton_san_diego_st,San Diego St.,03,Mallory Adams,True,17,2,8,0.25,0,3,0.0,2,2,1.0,5,2,7,3,1,2,0,1,6
2021-11-16_cal_st_fullerton_san_diego_st,San Diego St.,12,Mercedes Staples,True,32,2,8,0.25,1,2,0.5,0,0,,0,12,12,2,1,1,0,1,5
2021-11-16_cal_st_fullerton_san_diego_st,San Diego St.,01,Asia Avinger,True,18,1,8,0.125,0,0,,1,2,0.5,1,0,1,4,2,0,0,0,3
2021-11-16_cal_st_fullerton_san_diego_st,San Diego St.,23,Kim Villalobos,False,13,3,4,0.75,0,0,,1,1,1.0,0,2,2,0,0,1,0,2,7
2021-11-16_cal_st_fullerton_san_diego_st,San Diego St.,00,Khylee-Jade Pepe,False,9,2,4,0.5,1,1,1.0,0,0,,0,1,1,4,1,1,2,1,5
2021-11-16_cal_st_fullerton_san_diego_st,San Diego St.,10,Isabela Hernandez,False,15,1,4,0.25,1,3,0.333,0,0,,1,1,2,0,0,0,0,1,3
2021-11-16_cal_st_fullerton_san_diego_st,San Diego St.,13,Meghan Fiso,False,6,1,3,0.333,0,1,0.0,0,0,,0,0,0,0,0,0,0,1,2
2021-11-16_cal_st_fullerton_san_diego_st,San Diego St.,21,Alex Crain,False,20,0,4,0.0,0,3,0.0,0,0,,2,0,2,5,1,1,0,1,0
2021-11-16_cal_st_fullerton_san_diego_st,San Diego St.,24,Kiara Edwards,False,8,0,1,0.0,0,0,,0,0,,0,0,0,0,0,0,0,0,0
2021-11-16_cal_st_fullerton_san_diego_st,San Diego St.,22,Flo Vinerte,False,7,0,1,0.0,0,0,,0,2,0.0,2,1,3,0,0,1,0,0,0
2021-11-16_cal_st_fullerton_san_diego_st,San Diego St.,TM,TEAM,False,0,0,0,,0,0,,0,0,,0,1,1,0,0,0,0,0,0
2021-11-16_cal_st_fullerton_san_diego_st,Cal St. Fullerton,03,"Wahinekapu, Lily",True,35,9,16,0.562,1,4,0.25,5,9,0.556,0,5,5,2,4,3,1,4,24
2021-11-16_cal_st_fullerton_san_diego_st,Cal St. Fullerton,24,"Neff, Kathryn",True,25,2,2,1.0,2,2,1.0,0,0,,1,1,2,1,1,1,0,1,6
2021-11-16_cal_st_fullerton_san_diego_st,Cal St. Fullerton,55,"Nimmo, Fujika",True,35,2,11,0.182,1,3,0.333,0,2,0.0,1,3,4,3,2,2,0,2,5
2021-11-16_cal_st_fullerton_san_diego_st,Cal St. Fullerton,23,"Gill, Carolyn",True,29,1,4,0.25,0,2,0.0,2,6,0.333,2,3,5,2,1,3,0,0,4
2021-11-16_cal_st_fullerton_san_diego_st,Cal St. Fullerton,32,"Lewis, Ashlee",True,15,1,4,0.25,0,0,,0,0,,0,4,4,3,0,2,1,0,2
2021-11-16_cal_st_fullerton_san_diego_st,Cal St. Fullerton,13,"Hernandez, Aixchel",False,21,4,5,0.8,1,2,0.5,4,8,0.5,2,8,10,1,0,2,0,0,13
2021-11-16_cal_st_fullerton_san_diego_st,Cal St. Fullerton,04,"Vidmar, Gabi",False,27,1,3,0.333,1,3,0.333,1,2,0.5,0,2,2,1,3,1,0,1,4
2021-11-16_cal_st_fullerton_san_diego_st,Cal St. Fullerton,01,"Jovanovic, Una",False,8,0,2,0.0,0,0,,2,2,1.0,0,0,0,2,0,0,0,0,2
2021-11-16_cal_st_fullerton_san_diego_st,Cal St. Fullerton,02,Nancy Panagiotopoulo,False,4,0,1,0.0,0,0,,0,0,,0,0,0,0,0,0,0,0,0
2021-11-16_cal_st_fullerton_san_diego_st,Cal St. Fullerton,05,"Rodarte, Clarissa",False,1,0,0,,0,0,,0,0,,0,0,0,0,0,0,0,0,0
2021-11-16_cal_st_fullerton_san_diego_st,Cal St. Fullerton,TM,TEAM,False,0,0,0,,0,0,,0,0,,0,1,1,0,0,1,0,0,0
2021-11-16_uc_riverside_cal_lutheran,Cal Lutheran,31,"Iwahashi, Mackenzy",True,23,3,10,0.3,0,2,0.0,0,0,,0,3,3,3,0,5,0,0,6
2021-11-16_uc_riverside_cal_lutheran,Cal Lutheran,1,"Maxey, Alyssa",True,28,2,8,0.25,0,1,0.0,0,1,0.0,0,2,2,2,0,3,0,4,4
2021-11-16_uc_riverside_cal_lutheran,Cal Lutheran,14,"Gipson, Naomi",True,23,1,4,0.25,0,0,,0,0,,4,2,6,1,1,3,1,0,2
2021-11-16_uc_riverside_cal_lutheran,Cal Lutheran,25,"Mallory, Cameron",True,20,0,8,0.0,0,2,0.0,2,2,1.0,2,5,7,1,0,1,0,0,2
2021-11-16_uc_riverside_cal_lutheran,Cal Lutheran,30,"Dimuro, Aliya",True,18,1,7,0.143,0,1,0.0,0,2,0.0,2,2,4,2,1,3,0,0,2
2021-11-16_uc_riverside_cal_lutheran,Cal Lutheran,2,"Morgan, Danielle",False,18,3,8,0.375,1,1,1.0,0,0,,2,3,5,2,1,5,0,2,7
2021-11-16_uc_riverside_cal_lutheran,Cal Lutheran,3,"Yaacoubian, Patil",False,10,2,5,0.4,1,2,0.5,1,2,0.5,0,0,0,2,0,2,0,1,6
2021-11-16_uc_riverside_cal_lutheran,Cal Lutheran,5,"Turner, Merci",False,8,1,1,1.0,0,0,,1,2,0.5,0,1,1,3,0,0,0,0,3
2021-11-16_uc_riverside_cal_lutheran,Cal Lutheran,12,"Godines, Grace",False,19,1,2,0.5,0,0,,0,0,,1,4,5,3,2,2,0,0,2
2021-11-16_uc_riverside_cal_lutheran,Cal Lutheran,21,"Sahnazoglu, Ashley",False,4,1,1,1.0,0,0,,0,0,,1,1,2,1,0,2,0,0,2
2021-11-16_uc_riverside_cal_lutheran,Cal Lutheran,11,"Mills, Sara",False,10,0,3,0.0,0,2,0.0,0,0,,0,0,0,0,1,2,0,2,0
2021-11-16_uc_riverside_cal_lutheran,Cal Lutheran,10,"Greenwood, Alexa",False,7,0,0,,0,0,,0,0,,0,2,2,3,0,0,0,0,0
2021-11-16_uc_riverside_cal_lutheran,Cal Lutheran,20,"Mackenzie, Eden",False,7,0,1,0.0,0,1,0.0,0,0,,0,1,1,0,0,0,0,0,0
2021-11-16_uc_riverside_cal_lutheran,Cal Lutheran,4,"Deblake, Kamakani",False,5,0,1,0.0,0,0,,0,0,,0,0,0,0,0,1,0,0,0
2021-11-16_uc_riverside_cal_lutheran,Cal Lutheran,TM,TEAM,False,0,0,0,,0,0,,0,0,,5,1,6,0,0,3,0,0,0
2021-11-16_uc_riverside_cal_lutheran,UC Riverside,4,"Holland, Jada",True,26,5,13,0.385,0,2,0.0,8,10,0.8,2,2,4,1,5,0,0,6,18
2021-11-16_uc_riverside_cal_lutheran,UC Riverside,10,"Cooper, Keilanei",True,24,6,13,0.462,1,3,0.333,4,4,1.0,0,3,3,2,3,1,0,1,17
2021-11-16_uc_riverside_cal_lutheran,UC Riverside,00,"Bryant, Matehya",True,24,5,6,0.833,0,0,,3,4,0.75,6,7,13,2,1,1,0,6,13
2021-11-16_uc_riverside_cal_lutheran,UC Riverside,3,"West, Olivia",True,28,3,10,0.3,2,7,0.286,0,0,,0,2,2,2,1,0,0,1,8
2021-11-16_uc_riverside_cal_lutheran,UC Riverside,30,"Morse, Rose",True,23,0,5,0.0,0,3,0.0,1,2,0.5,0,1,1,4,1,3,1,0,1
2021-11-16_uc_riverside_cal_lutheran,UC Riverside,23,"Aikins, India",False,21,3,7,0.429,0,1,0.0,2,3,0.667,1,4,5,0,1,0,0,3,8
2021-11-16_uc_riverside_cal_lutheran,UC Riverside,2,"Walters, Ryanne",False,22,3,4,0.75,1,1,1.0,0,0,,0,4,4,1,1,4,0,3,7
2021-11-16_uc_riverside_cal_lutheran,UC Riverside,11,"Matarranz, Esther",False,15,2,3,0.667,0,0,,2,4,0.5,3,2,5,5,0,2,0,0,6
2021-11-16_uc_riverside_cal_lutheran,UC Riverside,14,"Finau, Mele",False,17,0,3,0.0,0,2,0.0,1,2,0.5,1,4,5,2,0,4,1,1,1
2021-11-16_uc_riverside_cal_lutheran,UC Riverside,TM,TEAM,False,0,0,0,,0,0,,0,0,,1,1,2,0,0,0,0,0,0
2021-11-17_uc_san_diego_westcliff,Westcliff,00,"Vasquez, Trinity",True,29,5,17,0.294,0,3,0.0,4,4,1.0,1,3,4,2,1,4,0,1,14
2021-11-17_uc_san_diego_westcliff,Westcliff,05,"Hawkins, Bailey",True,26,2,6,0.333,0,0,,1,1,1.0,0,3,3,0,1,1,1,0,5
2021-11-17_uc_san_diego_westcliff,Westcliff,03,"Tapia, Laura",True,22,1,9,0.111,0,5,0.0,0,0,,1,2,3,2,1,2,1,2,2
2021-11-17_uc_san_diego_westcliff,Westcliff,12,"Anderson, Asia",True,28,0,3,0.0,0,1,0.0,0,2,0.0,1,2,3,0,0,2,0,0,0
2021-11-17_uc_san_diego_westcliff,Westcliff,22,"Weber, Sara",True,19,0,4,0.0,0,3,0.0,0,0,,1,1,2,1,1,3,0,0,0
2021-11-17_uc_san_diego_westcliff,Westcliff,30,"Davis, Grace",False,10,1,3,0.333,1,1,1.0,0,0,,0,0,0,0,0,0,0,1,3
2021-11-17_uc_san_diego_westcliff,Westcliff,13,"Bennett, Jemma",False,8,1,4,0.25,1,3,0.333,0,0,,1,1,2,0,1,0,0,0,3
2021-11-17_uc_san_diego_westcliff,Westcliff,01,"Lali, Neyha",False,12,1,3,0.333,0,0,,0,2,0.0,0,1,1,2,0,3,0,0,2
2021-11-17_uc_san_diego_westcliff,Westcliff,15,"Collins, Mia",False,10,1,8,0.125,0,2,0.0,0,0,,0,0,0,0,1,0,0,0,2
2021-11-17_uc_san_diego_westcliff,Westcliff,20,"Walsh, Isabella",False,19,0,1,0.0,0,0,,1,2,0.5,1,4,5,2,0,1,0,0,1
2021-11-17_uc_san_diego_westcliff,Westcliff,21,"Hare, Remy",False,12,0,0,,0,0,,0,0,,0,1,1,0,1,3,1,0,0
2021-11-17_uc_san_diego_westcliff,Westcliff,02,"Swan, Courtney",False,5,0,1,0.0,0,0,,0,0,,0,0,0,0,0,0,0,0,0
2021-11-17_uc_san_diego_westcliff,Westcliff,TM,TEAM,False,0,0,0,,0,0,,0,0,,8,2,10,0,0,1,0,0,0
2021-11-17_uc_san_diego_westcliff,UC San Diego,12,"Baxter, Madison",True,24,5,6,0.833,4,5,0.8,0,0,,0,2,2,2,1,1,4,1,14
2021-11-17_uc_san_diego_westcliff,UC San Diego,13,"Brown, Sydney",True,14,4,4,1.0,1,1,1.0,0,0,,1,1,2,1,0,2,0,1,9
2021-11-17_uc_san_diego_westcliff,UC San Diego,11,"Brown, Aishah",True,18,4,6,0.667,0,0,,0,0,,1,8,9,1,3,0,1,0,8
2021-11-17_uc_san_diego_westcliff,UC San Diego,15,"Claros, Brianna",True,22,1,4,0.25,0,1,0.0,0,0,,0,1,1,1,8,0,0,1,2
2021-11-17_uc_san_diego_westcliff,UC San Diego,10,"Macabuhay, Julia",True,4,0,0,,0,0,,0,0,,0,0,0,0,0,0,0,0,0
2021-11-17_uc_san_diego_westcliff,UC San Diego,32,"Montgomery, Parker",False,20,5,12,0.417,1,5,0.2,3,6,0.5,1,2,3,1,3,1,1,2,14
2021-11-17_uc_san_diego_westcliff,UC San Diego,04,"Cangelosi, Emily",False,19,6,8,0.75,1,3,0.333,0,0,,2,0,2,2,2,0,1,1,13
2021-11-17_uc_san_diego_westcliff,UC San Diego,02,"Chamberlin, Ula",False,18,3,4,0.75,2,2,1.0,2,2,1.0,0,2,2,2,5,1,0,3,10
2021-11-17_uc_san_diego_westcliff,UC San Diego,20,"Forsyth, Izzy",False,18,4,7,0.571,1,1,1.0,0,0,,1,0,1,1,2,1,0,0,9
2021-11-17_uc_san_diego_westcliff,UC San Diego,01,"Obouh Fegue, Alex",False,13,3,7,0.429,0,0,,0,0,,3,3,6,1,1,0,0,2,6
2021-11-17_uc_san_diego_westcliff,UC San Diego,35,"Springs, Katie",False,13,2,3,0.667,0,0,,0,3,0.0,1,4,5,1,3,2,3,1,4
2021-11-17_uc_san_diego_westcliff,UC San Diego,24,"Mullings, Bridget",False,10,1,3,0.333,0,0,,0,2,0.0,1,4,5,2,1,1,0,0,2
2021-11-17_uc_san_diego_westcliff,UC San Diego,05,"Gamble, Jaisa",False,7,0,2,0.0,0,1,0.0,0,0,,0,1,1,2,0,1,1,0,0
2021-11-17_uc_san_diego_westcliff,UC San Diego,TM,TEAM,False,0,0,0,,0,0,,0,0,,1,6,7,0,0,0,0,0,0
2021-11-17_pacific_csu_bakersfield,CSU Bakersfield,22,"Easley, Andie",True,34,5,12,0.417,4,5,0.8,1,2,0.5,3,3,6,2,1,2,0,2,15
2021-11-17_pacific_csu_bakersfield,CSU Bakersfield,10,"Eggleston, Jayden",True,28,4,12,0.333,0,2,0.0,3,4,0.75,1,3,4,5,2,1,0,0,11
2021-11-17_pacific_csu_bakersfield,CSU Bakersfield,54,"Austin, Vanessa",True,18,5,7,0.714,0,0,,0,0,,4,4,8,3,0,2,1,0,10
2021-11-17_pacific_csu_bakersfield,CSU Bakersfield,01,"Clayburne, Tatyanna",True,17,3,5,0.6,1,1,1.0,2,2,1.0,0,2,2,2,0,1,0,0,9
2021-11-17_pacific_csu_bakersfield,CSU Bakersfield,11,"Green, Lexus",True,22,2,8,0.25,0,1,0.0,2,6,0.333,0,1,1,1,3,3,0,0,6
2021-11-17_pacific_csu_bakersfield,CSU Bakersfield,04,"Dixon, Jasmin",False,21,2,3,0.667,1,2,0.5,0,0,,0,1,1,2,0,1,1,0,5
2021-11-17_pacific_csu_bakersfield,CSU Bakersfield,03,"van Schaik, Hennie",False,16,0,2,0.0,0,1,0.0,3,4,0.75,0,2,2,2,0,1,1,2,3
2021-11-17_pacific_csu_bakersfield,CSU Bakersfield,13,"Herrera, Soli",False,14,1,1,1.0,0,0,,1,2,0.5,2,1,3,2,0,0,0,1,3
2021-11-17_pacific_csu_bakersfield,CSU Bakersfield,24,"Bridges-Bey, Sage",False,7,1,2,0.5,1,1,1.0,0,0,,0,1,1,1,1,0,0,0,3
2021-11-17_pacific_csu_bakersfield,CSU Bakersfield,23,"Saxon, Miracle",False,13,0,3,0.0,0,0,,0,0,,0,1,1,1,0,2,1,1,0
2021-11-17_pacific_csu_bakersfield,CSU Bakersfield,00,"Johnson, Simone",False,10,0,1,0.0,0,0,,0,0,,0,2,2,3,0,2,0,1,0
2021-11-17_pacific_csu_bakersfield,CSU Bakersfield,TM,TEAM,False,0,0,0,,0,0,,0,0,,1,2,3,0,0,0,0,0,0
2021-11-17_pacific_csu_bakersfield,Pacific,03,"James, Anaya",True,33,8,12,0.667,2,5,0.4,2,4,0.5,2,5,7,1,10,2,0,2,20
2021-11-17_pacific_csu_bakersfield,Pacific,24,"Smith, Liz",True,25,4,9,0.444,2,4,0.5,2,2,1.0,0,4,4,3,0,2,1,1,12
2021-11-17_pacific_csu_bakersfield,Pacific,20,"Adams, Erica",True,22,3,7,0.429,2,3,0.667,0,0,,1,1,2,0,3,0,0,0,8
2021-11-17_pacific_csu_bakersfield,Pacific,11,"Holmberg, Cecilia",True,19,1,5,0.2,0,2,0.0,0,0,,1,1,2,3,0,1,1,1,2
2021-11-17_pacific_csu_bakersfield,Pacific,00,"Johnson, Cassidy",True,17,1,6,0.167,0,2,0.0,0,0,,1,1,2,2,0,0,0,0,2
2021-11-17_pacific_csu_bakersfield,Pacific,14,"Elliott, Elizabeth",False,22,4,6,0.667,0,0,,7,11,0.636,2,2,4,3,0,2,1,0,15
2021-11-17_pacific_csu_bakersfield,Pacific,13,"Cruz, Jordan",False,19,3,6,0.5,3,5,0.6,0,0,,0,0,0,2,1,1,0,0,9
2021-11-17_pacific_csu_bakersfield,Pacific,05,"Richardson, Diamond",False,21,2,2,1.0,1,1,1.0,0,0,,1,3,4,2,3,2,0,0,5
2021-11-17_pacific_csu_bakersfield,Pacific,33,"Ennis, Madelene",False,9,1,2,0.5,0,0,,1,2,0.5,0,4,4,2,0,1,0,0,3
2021-11-17_pacific_csu_bakersfield,Pacific,04,"Schweizer, Rosie",False,13,1,5,0.2,0,1,0.0,0,0,,1,3,4,1,2,0,1,1,2
2021-11-17_pacific_csu_bakersfield,Pacific,TM,TEAM,False,0,0,0,,0,0,,0,0,,0,0,0,0,0,0,0,0,0
2021-11-18_san_francisco_uc_davis,UC Davis,23,"Konrad, Kayla",True,31,5,10,0.5,2,5,0.4,1,2,0.5,1,3,4,1,1,3,0,0,13
2021-11-18_san_francisco_uc_davis,UC Davis,32,"Hall, Cierra",True,29,2,10,0.2,1,4,0.25,3,4,0.75,1,10,11,0,2,0,0,1,8
2021-11-18_san_francisco_uc_davis,UC Davis,11,"Stobbart, Sage",True,23,2,7,0.286,0,2,0.0,2,2,1.0,2,5,7,0,0,1,0,1,6
2021-11-18_san_francisco_uc_davis,UC Davis,13,"Burns, Sydney",True,23,1,1,1.0,0,0,,4,4,1.0,1,3,4,1,0,9,0,1,6
2021-11-18_san_francisco_uc_davis,UC Davis,15,"Turner, Evanne",True,29,1,7,0.143,0,3,0.0,0,0,,0,0,0,1,0,2,0,1,2
2021-11-18_san_francisco_uc_davis,UC Davis,10,"Svanholm, Lena",False,14,1,3,0.333,0,0,,2,4,0.5,3,3,6,2,0,3,1,0,4
2021-11-18_san_francisco_uc_davis,UC Davis,41,"Shine, Bria",False,10,1,2,0.5,1,2,0.5,0,0,,0,2,2,4,1,1,0,0,3
2021-11-18_san_francisco_uc_davis,UC Davis,20,"Sanders, Makaila",False,14,1,2,0.5,0,1,0.0,0,0,,0,0,0,1,1,1,0,1,2
2021-11-18_san_francisco_uc_davis,UC Davis,24,"Langi, Marley",False,10,1,4,0.25,0,1,0.0,0,0,,1,0,1,1,0,2,0,0,2
2021-11-18_san_francisco_uc_davis,UC Davis,33,"Harris, Mazatlan",False,10,0,0,,0,0,,0,0,,0,2,2,1,0,2,0,1,0
2021-11-18_san_francisco_uc_davis,UC Davis,02,"Jones, Megan",False,5,0,1,0.0,0,0,,0,0,,0,1,1,2,0,1,1,0,0
2021-11-18_san_francisco_uc_davis,UC Davis,42,"Lilly, Kenedy",False,2,0,0,,0,0,,0,0,,0,1,1,0,0,0,0,0,0
2021-11-18_san_francisco_uc_davis,UC Davis,TM,TEAM,False,0,0,0,,0,0,,0,0,,0,3,3,0,0,1,0,0,0
2021-11-18_san_francisco_uc_davis,San Francisco,21,"Krimili, Ioanna",True,32,8,13,0.615,3,6,0.5,2,3,0.667,1,3,4,2,0,1,0,1,21
2021-11-18_san_francisco_uc_davis,San Francisco,05,"Langer, Amalie",True,27,2,10,0.2,1,4,0.25,4,4,1.0,1,1,2,2,1,0,1,6,9
2021-11-18_san_francisco_uc_davis,San Francisco,24,"Kostic, Lucija",True,21,2,2,1.0,0,0,,0,0,,0,4,4,1,3,2,0,2,4
2021-11-18_san_francisco_uc_davis,San Francisco,55,"Rathbun, Abby",True,15,1,3,0.333,0,1,0.0,2,2,1.0,3,0,3,3,1,0,0,1,4
2021-11-18_san_francisco_uc_davis,San Francisco,14,"McDowell-White, Jessica",True,22,1,4,0.25,1,2,0.5,0,0,,0,6,6,1,0,2,0,3,3
2021-11-18_san_francisco_uc_davis,San Francisco,11,"Gayles, Jasmine",False,26,8,15,0.533,0,3,0.0,5,7,0.714,0,2,2,2,1,1,0,0,21
2021-11-18_san_francisco_uc_davis,San Francisco,02,"Vaalavirta, Kia",False,21,2,5,0.4,1,1,1.0,1,2,0.5,1,1,2,0,1,3,0,1,6
2021-11-18_san_francisco_uc_davis,San Francisco,22,"Langarita, Claudia",False,18,2,6,0.333,1,1,1.0,0,0,,1,4,5,1,1,0,0,1,5
2021-11-18_san_francisco_uc_davis,San Francisco,12,"Dickie, Kennedy",False,13,0,8,0.0,0,3,0.0,0,0,,1,2,3,2,0,0,0,2,0
2021-11-18_san_francisco_uc_davis,San Francisco,04,"Klavina, Marianna",False,2,0,0,,0,0,,0,0,,0,0,0,0,0,0,0,0,0
2021-11-18_san_francisco_uc_davis,San Francisco,20,"Keita, Aya",False,2,0,0,,0,0,,0,0,,0,0,0,0,0,0,0,0,0
2021-11-18_san_francisco_uc_davis,San Francisco,32,"Fulcher, Cami",False,1,0,0,,0,0,,0,0,,0,0,0,0,0,0,0,0,0
2021-11-18_san_francisco_uc_davis,San Francisco,TM,TEAM,False,0,0,0,,0,0,,0,0,,2,2,4,0,0,0,0,0,0
2021-11-18_long_beach_st_seattle_u,Seattle U,4,"Williams, McKenzi",True,29,3,11,0.273,2,6,0.333,2,4,0.5,2,1,3,3,2,3,0,2,10
2021-11-18_long_beach_st_seattle_u,Seattle U,5,"Murphy, Courtney",True,29,3,7,0.429,2,6,0.333,0,0,,1,8,9,2,4,1,1,1,8
2021-11-18_long_beach_st_seattle_u,Seattle U,11,"Kehoe, Georgia",True,15,2,3,0.667,0,0,,2,2,1.0,1,2,3,3,0,6,0,1,6
2021-11-18_long_beach_st_seattle_u,Seattle U,20,"Howard, Peyton",True,16,1,2,0.5,1,2,0.5,2,2,1.0,1,1,2,3,2,1,0,0,5
2021-11-18_long_beach_st_seattle_u,Seattle U,22,"Calhoun, Bree",True,23,1,5,0.2,0,1,0.0,0,0,,0,4,4,2,2,7,0,2,2
2021-11-18_long_beach_st_seattle_u,Seattle U,23,"Korolenko, Irena",False,18,3,8,0.375,3,5,0.6,0,0,,0,0,0,1,0,1,0,2,9
2021-11-18_long_beach_st_seattle_u,Seattle U,42,"Rangel, Barbara",False,17,4,6,0.667,0,0,,1,4,0.25,1,0,1,2,2,0,0,0,9
2021-11-18_long_beach_st_seattle_u,Seattle U,24,"Clark, Taliyah",False,17,2,3,0.667,1,1,1.0,2,2,1.0,0,1,1,3,0,1,0,1,7
2021-11-18_long_beach_st_seattle_u,Seattle U,30,"Phillips, Madeline",False,4,1,1,1.0,1,1,1.0,0,0,,1,1,2,0,0,0,0,0,3
2021-11-18_long_beach_st_seattle_u,Seattle U,21,"Tarasow, Erin",False,5,0,1,0.0,0,1,0.0,2,2,1.0,0,0,0,1,0,1,0,0,2
2021-11-18_long_beach_st_seattle_u,Seattle U,3,"Jagger, Ramona",False,4,0,0,,0,0,,2,2,1.0,0,0,0,1,2,0,0,0,2
2021-11-18_long_beach_st_seattle_u,Seattle U,15,"Alexander, Jadynn",False,13,0,2,0.0,0,2,0.0,0,0,,0,0,0,1,2,1,0,0,0
2021-11-18_long_beach_st_seattle_u,Seattle U,13,"Vice-neat, Hailey",False,6,0,0,,0,0,,0,0,,0,0,0,0,0,1,0,1,0
2021-11-18_long_beach_st_seattle_u,Seattle U,32,"Martin, Hannah",False,4,0,0,,0,0,,0,0,,0,2,2,0,0,1,0,1,0
2021-11-18_long_beach_st_seattle_u,Seattle U,TM,TEAM,False,0,0,0,,0,0,,0,0,,1,2,3,0,0,1,0,0,0
2021-11-18_long_beach_st_seattle_u,Long Beach St.,11,"Hardy, Jasmine",True,29,11,14,0.786,7,9,0.778,0,2,0.0,0,5,5,2,1,0,1,2,29
2021-11-18_long_beach_st_seattle_u,Long Beach St.,1,"Utti, Maddi",True,23,5,10,0.5,1,2,0.5,2,2,1.0,4,5,9,1,5,2,0,1,13
2021-11-18_long_beach_st_seattle_u,Long Beach St.,10,"King, Justina",True,26,4,9,0.444,1,4,0.25,2,3,0.667,0,1,1,0,4,4,0,1,11
2021-11-18_long_beach_st_seattle_u,Long Beach St.,00,"Berry, Ma'qhi",True,16,1,2,0.5,0,0,,0,0,,2,1,3,1,4,2,0,1,2
2021-11-18_long_beach_st_seattle_u,Long Beach St.,23,"Green, Lauren",True,11,0,2,0.0,0,0,,0,2,0.0,2,1,3,1,1,1,0,1,0
2021-11-18_long_beach_st_seattle_u,Long Beach St.,2,"Tucker, Savannah",False,14,3,5,0.6,0,1,0.0,4,6,0.667,0,1,1,0,0,1,0,1,10
2021-11-18_long_beach_st_seattle_u,Long Beach St.,25,"Hamilton-fisher, Kianna",False,20,2,6,0.333,2,4,0.5,2,2,1.0,1,3,4,2,1,0,0,2,8
2021-11-18_long_beach_st_seattle_u,Long Beach St.,12,"Jeskeova, Kristyna",False,11,2,2,1.0,0,0,,2,2,1.0,2,2,4,2,1,0,1,5,6
2021-11-18_long_beach_st_seattle_u,Long Beach St.,3,"Chung, Patricia",False,14,2,8,0.25,0,2,0.0,1,1,1.0,0,1,1,2,1,0,0,0,5
2021-11-18_long_beach_st_seattle_u,Long Beach St.,32,"Mikkelsen, Thea",False,12,0,0,,0,0,,2,2,1.0,0,0,0,0,1,1,0,0,2
2021-11-18_long_beach_st_seattle_u,Long Beach St.,14,"Huffhines, Brandy",False,11,0,3,0.0,0,2,0.0,0,0,,0,0,0,1,0,2,0,1,0
2021-11-18_long_beach_st_seattle_u,Long Beach St.,5,"Sullivan, Emily",False,9,0,3,0.0,0,0,,0,0,,1,2,3,3,0,3,0,0,0
2021-11-18_long_beach_st_seattle_u,Long Beach St.,20,"Joseph, Myrrah",False,4,0,0,,0,0,,0,0,,0,0,0,1,1,0,0,0,0
2021-11-18_long_beach_st_seattle_u,Long Beach St.,TM,TEAM,False,0,0,0,,0,0,,0,0,,1,1,2,0,0,0,0,0,0
2021-11-18_ucla_csun,CSUN,15,"Amundsen, Tess",True,21,3,7,0.429,2,5,0.4,1,2,0.5,0,2,2,2,0,3,0,1,9
2021-11-18_ucla_csun,CSUN,21,"Tu'ua, Anaiyah",True,28,3,4,0.75,1,2,0.5,0,1,0.0,0,4,4,1,0,1,0,1,7
2021-11-18_ucla_csun,CSUN,1,"Jackson, Jordyn",True,32,2,8,0.25,0,2,0.0,2,2,1.0,0,1,1,2,3,0,0,2,6
2021-11-18_ucla_csun,CSUN,34,"Spriggs, Kayanna",True,26,1,4,0.25,0,0,,3,6,0.5,1,1,2,3,0,3,0,2,5
2021-11-18_ucla_csun,CSUN,12,"Henderson, Meghann",True,30,1,6,0.167,1,3,0.333,0,0,,0,4,4,2,1,3,2,1,3
2021-11-18_ucla_csun,CSUN,4,"Harvey, Rachel",False,14,3,6,0.5,1,2,0.5,0,0,,1,0,1,4,2,2,0,0,7
2021-11-18_ucla_csun,CSUN,5,"Duchemin, Michelle",False,17,2,5,0.4,1,1,1.0,0,0,,0,2,2,0,0,1,1,1,5
2021-11-18_ucla_csun,CSUN,2,"Woodley, Sydney",False,18,1,3,0.333,0,0,,0,0,,0,1,1,3,1,1,0,2,2
2021-11-18_ucla_csun,CSUN,11,"Smith, Olivia",False,6,1,1,1.0,0,0,,0,0,,0,0,0,1,0,1,0,0,2
2021-11-18_ucla_csun,CSUN,24,"Smith, Macy",False,4,0,3,0.0,0,2,0.0,0,0,,0,1,1,1,0,0,0,1,0
2021-11-18_ucla_csun,CSUN,32,"Hawkins, Ashley",False,3,0,0,,0,0,,0,0,,0,0,0,0,1,1,0,0,0
2021-11-18_ucla_csun,CSUN,22,"Hudgen, McKenzie",False,1,0,0,,0,0,,0,2,0.0,0,0,0,0,0,0,0,0,0
2021-11-18_ucla_csun,CSUN,TM,TEAM,False,0,0,0,,0,0,,0,0,,2,3,5,0,0,3,0,0,0
2021-11-18_ucla_csun,UCLA,24,Iimar'i Thomas,True,31,10,14,0.714,0,1,0.0,1,3,0.333,1,1,2,2,1,2,0,0,21
2021-11-18_ucla_csun,UCLA,20,Charisma Osborne,True,34,5,11,0.455,2,5,0.4,7,8,0.875,1,7,8,0,4,5,0,2,19
2021-11-18_ucla_csun,UCLA,31,Jaelynn Penn,True,28,3,9,0.333,1,5,0.2,2,2,1.0,1,7,8,3,7,4,1,2,9
2021-11-18_ucla_csun,UCLA,23,Natalie Chou,True,33,3,9,0.333,1,4,0.25,1,1,1.0,0,1,1,2,1,0,0,0,8
2021-11-18_ucla_csun,UCLA,1,Kayla Owens,True,25,0,2,0.0,0,0,,0,0,,2,5,7,2,1,3,1,2,0
2021-11-18_ucla_csun,UCLA,2,Dominique Onu,False,19,3,3,1.0,1,1,1.0,0,0,,0,0,0,1,0,3,0,1,7
2021-11-18_ucla_csun,UCLA,00,Chantel Horvat,False,9,2,3,0.667,0,0,,1,2,0.5,2,1,3,0,0,0,0,0,5
2021-11-18_ucla_csun,UCLA,43,Izzy Anstey,False,21,2,4,0.5,0,0,,0,0,,3,6,9,5,4,2,1,0,4
2021-11-18_ucla_csun,UCLA,TM,TEAM,False,0,0,0,,0,0,,0,0,,0,2,2,0,0,0,0,0,0
2021-11-19_hawaii_portland,Portland,12,"Fowler, Alex",True,34,7,17,0.412,0,1,0.0,6,10,0.6,6,3,9,1,4,4,0,2,20
2021-11-19_hawaii_portland,Portland,30,"Cochrane, Lucy",True,34,8,11,0.727,1,1,1.0,0,0,,2,5,7,1,3,0,2,0,17
2021-11-19_hawaii_portland,Portland,10,"Andrews, Haylee",True,29,7,14,0.5,1,5,0.2,1,3,0.333,1,1,2,2,11,1,0,1,16
2021-11-19_hawaii_portland,Portland,15,"Muhlheim, Maddie",True,28,3,7,0.429,3,7,0.429,5,6,0.833,1,2,3,3,1,0,0,1,14
2021-11-19_hawaii_portland,Portland,05,"Shearer, Emme",True,24,5,7,0.714,1,3,0.333,0,2,0.0,2,4,6,4,4,1,0,3,11
2021-11-19_hawaii_portland,Portland,02,"Pflug, Rose",False,15,3,3,1.0,1,1,1.0,0,0,,1,1,2,3,1,3,0,0,7
2021-11-19_hawaii_portland,Portland,24,"Burnham, Maisie",False,17,0,7,0.0,0,3,0.0,2,2,1.0,2,3,5,2,2,0,0,0,2
2021-11-19_hawaii_portland,Portland,23,"Kaitu'u, Liana",False,9,1,1,1.0,0,0,,0,0,,0,1,1,3,0,1,0,0,2
2021-11-19_hawaii_portland,Portland,04,"Frawley, Keeley",False,8,1,4,0.25,0,2,0.0,0,0,,0,0,0,1,0,0,0,1,2
2021-11-19_hawaii_portland,Portland,32,"Lenzie, Kelsey",False,2,0,2,0.0,0,2,0.0,0,0,,0,0,0,1,1,0,0,0,0
2021-11-19_hawaii_portland,Portland,TM,TEAM,False,0,0,0,,0,0,,0,0,,2,4,6,0,0,0,0,0,0
2021-11-19_hawaii_portland,Hawaii,25,"Atwell, Amy",True,30,12,22,0.545,4,8,0.5,2,2,1.0,2,3,5,4,0,1,1,0,30
2021-11-19_hawaii_portland,Hawaii,45,"Davies, Olivia",True,34,4,8,0.5,2,6,0.333,3,4,0.75,0,4,4,1,3,5,0,1,13
2021-11-19_hawaii_portland,Hawaii,11,"Spiller, Kallin",True,18,2,4,0.5,0,0,,4,5,0.8,3,0,3,0,1,0,2,0,8
2021-11-19_hawaii_portland,Hawaii,20,"Haire, McKenna",True,35,3,11,0.273,1,5,0.2,0,0,,3,5,8,5,1,0,0,0,7
2021-11-19_hawaii_portland,Hawaii,24,"Calhoun, Nae Nae",True,24,1,5,0.2,0,1,0.0,2,4,0.5,0,1,1,2,6,1,0,0,4
2021-11-19_hawaii_portland,Hawaii,14,"Orji, Nnenna",False,16,2,3,0.667,0,0,,3,4,0.75,2,0,2,2,2,2,0,0,7
2021-11-19_hawaii_portland,Hawaii,01,"Imai, Kelsie",False,22,2,3,0.667,2,2,1.0,0,0,,0,3,3,4,4,4,0,0,6
2021-11-19_hawaii_portland,Hawaii,32,"Ongoongotau, Eva",False,9,1,3,0.333,0,0,,0,0,,0,0,0,2,0,1,0,1,2
2021-11-19_hawaii_portland,Hawaii,34,"David, Jacque",False,12,0,2,0.0,0,0,,0,0,,0,4,4,2,1,2,0,2,0
2021-11-19_hawaii_portland,Hawaii,TM,TEAM,False,0,0,0,,0,0,,0,0,,3,4,7,0,0,1,0,0,0
2021-11-20_california_baptist_uc_irvine,UC Irvine,4,"Williams, Kayla",True,31,8,17,0.471,3,7,0.429,1,2,0.5,0,1,1,4,2,7,2,4,20
2021-11-20_california_baptist_uc_irvine,UC Irvine,35,"Locandro, Sophia",True,34,7,19,0.368,0,0,,0,0,,3,5,8,2,1,0,4,2,14
2021-11-20_california_baptist_uc_irvine,UC Irvine,2,"Webb, Chloe",True,20,2,10,0.2,0,0,,6,9,0.667,0,4,4,3,2,1,0,1,10
2021-11-20_california_baptist_uc_irvine,UC Irvine,21,"Williams, Olivia",True,14,2,5,0.4,0,0,,0,0,,1,0,1,0,1,1,0,0,4
2021-11-20_california_baptist_uc_irvine,UC Irvine,42,"Hunt, Naomi",True,14,1,3,0.333,0,1,0.0,0,0,,0,3,3,0,1,0,0,1,2
2021-11-20_california_baptist_uc_irvine,UC Irvine,10,"Cadee, Jayde",False,31,3,7,0.429,3,7,0.429,1,2,0.5,0,2,2,2,2,0,0,1,10
2021-11-20_california_baptist_uc_irvine,UC Irvine,45,"Dusharm, Tara",False,10,2,4,0.5,0,0,,4,4,1.0,1,2,3,1,0,0,0,0,8
2021-11-20_california_baptist_uc_irvine,UC Irvine,20,"Hernandez, Hunter",False,24,2,2,1.0,0,0,,3,3,1.0,2,3,5,0,1,1,0,0,7
2021-11-20_california_baptist_uc_irvine,UC Irvine,13,"Lee, Déja",False,15,1,3,0.333,1,1,1.0,2,2,1.0,1,0,1,0,0,1,0,3,5
2021-11-20_california_baptist_uc_irvine,UC Irvine,11,"Scharpf, Amelia",False,15,1,1,1.0,0,0,,2,2,1.0,1,1,2,0,2,1,0,1,4
2021-11-20_california_baptist_uc_irvine,UC Irvine,3,"Tom, Nikki",False,14,1,3,0.333,0,0,,0,0,,0,3,3,1,6,0,0,0,2
2021-11-20_california_baptist_uc_irvine,UC Irvine,33,"Kaupu, Caiyle",False,2,1,1,1.0,0,0,,0,0,,0,1,1,2,0,1,0,0,2
2021-11-20_california_baptist_uc_irvine,UC Irvine,24,"Kapinga, Melodie",False,1,0,0,,0,0,,0,0,,0,0,0,0,0,0,0,0,0
2021-11-20_california_baptist_uc_irvine,UC Irvine,TM,TEAM,False,0,0,0,,0,0,,0,0,,0,2,2,0,0,0,0,0,0
2021-11-20_california_baptist_uc_irvine,California Baptist,34,"Harper, Caitlyn",True,39,10,18,0.556,1,3,0.333,1,2,0.5,1,7,8,2,1,4,4,1,22
2021-11-20_california_baptist_uc_irvine,California Baptist,3,"Olaeta, Ane",True,43,9,22,0.409,2,7,0.286,1,1,1.0,1,7,8,3,17,7,1,4,21
2021-11-20_california_baptist_uc_irvine,California Baptist,10,"Dale, Georgia",True,36,7,10,0.7,5,6,0.833,0,1,0.0,0,8,8,2,6,3,2,1,19
2021-11-20_california_baptist_uc_irvine,California Baptist,24,"Klaman, Brittany",True,30,2,3,0.667,2,3,0.667,0,0,,0,2,2,4,4,3,1,0,6
2021-11-20_california_baptist_uc_irvine,California Baptist,14,"Palma, Sydney",True,26,1,4,0.25,0,1,0.0,0,0,,0,2,2,4,5,2,2,0,2
2021-11-20_california_baptist_uc_irvine,California Baptist,23,"San Antonio, Trinity",False,28,4,7,0.571,2,4,0.5,0,2,0.0,2,1,3,3,1,2,1,1,10
2021-11-20_california_baptist_uc_irvine,California Baptist,32,"Thomas, Britney",False,7,2,3,0.667,0,0,,1,1,1.0,1,3,4,1,0,0,1,0,5
2021-11-20_california_baptist_uc_irvine,California Baptist,1,"Wu, Dorcas",False,6,2,2,1.0,1,1,1.0,0,0,,2,1,3,0,1,0,0,0,5
2021-11-20_california_baptist_uc_irvine,California Baptist,2,"Avila-ambrosi, Nicole",False,4,1,2,0.5,1,2,0.5,0,0,,0,0,0,1,0,0,0,0,3
2021-11-20_california_baptist_uc_irvine,California Baptist,13,"Neale, Tiena",False,4,0,2,0.0,0,2,0.0,0,0,,0,1,1,0,0,0,0,0,0
2021-11-20_california_baptist_uc_irvine,California Baptist,4,"Yim, Naomi",False,2,0,1,0.0,0,1,0.0,0,0,,0,0,0,0,0,2,0,0,0
2021-11-20_california_baptist_uc_irvine,California Baptist,TM,TEAM,False,0,0,0,,0,0,,0,0,,4,3,7,0,0,1,0,0,0
2021-11-20_uc_san_diego_california,California,30,"Curry, Jayda",True,39,6,18,0.333,1,6,0.167,7,8,0.875,0,4,4,3,7,1,0,0,20
2021-11-20_uc_san_diego_california,California,22,"Crocker, Cailyn",True,40,3,8,0.375,2,4,0.5,4,4,1.0,0,3,3,2,2,1,1,3,12
2021-11-20_uc_san_diego_california,California,24,"Lutje Schipholt, Evelien",True,32,3,9,0.333,0,0,,4,4,1.0,1,12,13,1,0,1,0,1,10
2021-11-20_uc_san_diego_california,California,10,"Green, Jazlen",True,32,3,9,0.333,1,6,0.167,0,0,,3,1,4,0,1,0,0,0,7
2021-11-20_uc_san_diego_california,California,12,"Bush, Jadyn",True,25,2,6,0.333,0,0,,3,5,0.6,3,9,12,0,0,4,1,0,7
2021-11-20_uc_san_diego_california,California,21,"Mastrov, Mia",False,15,2,4,0.5,2,3,0.667,2,2,1.0,2,0,2,0,0,0,0,1,8
2021-11-20_uc_san_diego_california,California,03,"Daniels, Dalayah",False,11,0,3,0.0,0,1,0.0,0,0,,0,0,0,0,0,1,0,0,0
2021-11-20_uc_san_diego_california,California,00,"Onyiah, Ugonne",False,6,0,2,0.0,0,0,,0,2,0.0,1,4,5,1,0,0,0,0,0
2021-11-20_uc_san_diego_california,California,TM,TEAM,False,0,0,0,,0,0,,0,0,,3,1,4,0,0,1,0,0,0
2021-11-20_uc_san_diego_california,UC San Diego,32,"Montgomery, Parker",True,32,3,7,0.429,2,4,0.5,6,6,1.0,0,0,0,3,2,1,0,1,14
2021-11-20_uc_san_diego_california,UC San Diego,13,"Brown, Sydney",True,39,5,13,0.385,3,5,0.6,0,0,,2,7,9,2,4,2,0,1,13
2021-11-20_uc_san_diego_california,UC San Diego,11,"Brown, Aishah",True,16,2,10,0.2,1,1,1.0,0,0,,2,5,7,3,1,0,2,1,5
2021-11-20_uc_san_diego_california,UC San Diego,10,"Macabuhay, Julia",True,22,1,10,0.1,1,7,0.143,0,0,,2,1,3,2,2,2,0,1,3
2021-11-20_uc_san_diego_california,UC San Diego,12,"Baxter, Madison",True,17,0,3,0.0,0,3,0.0,0,0,,0,2,2,3,1,3,0,0,0
2021-11-20_uc_san_diego_california,UC San Diego,01,"Obouh Fegue, Alex",False,19,5,11,0.455,0,0,,2,4,0.5,6,3,9,2,1,0,3,1,12
2021-11-20_uc_san_diego_california,UC San Diego,04,"Cangelosi, Emily",False,30,2,6,0.333,1,3,0.333,0,0,,0,5,5,2,1,0,0,0,5
2021-11-20_uc_san_diego_california,UC San Diego,02,"Chamberlin, Ula",False,20,1,8,0.125,0,3,0.0,0,0,,0,2,2,3,3,0,0,0,2
2021-11-20_uc_san_diego_california,UC San Diego,35,"Springs, Katie",False,3,0,0,,0,0,,0,0,,0,0,0,1,0,0,0,0,0
2021-11-20_uc_san_diego_california,UC San Diego,24,"Mullings, Bridget",False,2,0,0,,0,0,,0,0,,0,0,0,1,0,1,0,1,0
2021-11-20_uc_san_diego_california,UC San Diego,TM,TEAM,False,0,0,0,,0,0,,0,0,,4,2,6,0,0,0,0,0,0
2021-11-20_pepperdine_uc_santa_barbara,UC Santa Barbara,30,"Anderson, Megan",True,29,7,11,0.636,5,7,0.714,1,1,1.0,2,4,6,1,1,0,0,0,20
2021-11-20_pepperdine_uc_santa_barbara,UC Santa Barbara,31,"Lane, Ila",True,38,7,12,0.583,0,0,,3,4,0.75,6,9,15,3,0,1,1,0,17
2021-11-20_pepperdine_uc_santa_barbara,UC Santa Barbara,01,"Gonzalez, Johnni",True,38,1,3,0.333,0,2,0.0,8,10,0.8,0,6,6,4,8,7,0,4,10
2021-11-20_pepperdine_uc_santa_barbara,UC Santa Barbara,03,"Marin, Alyssa",True,21,4,9,0.444,1,2,0.5,1,2,0.5,0,0,0,4,2,1,0,0,10
2021-11-20_pepperdine_uc_santa_barbara,UC Santa Barbara,11,"Lee, Lauren",True,11,0,0,,0,0,,0,0,,1,0,1,1,1,0,1,0,0
2021-11-20_pepperdine_uc_santa_barbara,UC Santa Barbara,12,"Mole, Taylor",False,24,3,6,0.5,2,2,1.0,1,1,1.0,2,2,4,0,0,2,0,0,9
2021-11-20_pepperdine_uc_santa_barbara,UC Santa Barbara,02,"Tucker, Alexis",False,12,1,6,0.167,0,1,0.0,2,2,1.0,0,2,2,1,0,0,0,2,4
2021-11-20_pepperdine_uc_santa_barbara,UC Santa Barbara,22,"Vierra, Kiana",False,7,1,1,1.0,0,0,,0,0,,0,0,0,1,0,0,1,0,2
2021-11-20_pepperdine_uc_santa_barbara,UC Santa Barbara,13,"Modawar, Tatyana",False,6,1,6,0.167,0,3,0.0,0,2,0.0,1,0,1,1,1,0,0,0,2
2021-11-20_pepperdine_uc_santa_barbara,UC Santa Barbara,10,"Choice, Anya",False,14,0,3,0.0,0,1,0.0,0,0,,0,0,0,2,2,0,0,0,0
2021-11-20_pepperdine_uc_santa_barbara,UC Santa Barbara,TM,TEAM,False,0,0,0,,0,0,,0,0,,1,2,3,0,0,1,0,0,0
2021-11-20_pepperdine_uc_santa_barbara,Pepperdine,15,"Obinma, Becky",True,26,2,7,0.286,0,0,,6,6,1.0,2,4,6,4,0,3,1,1,10
2021-11-20_pepperdine_uc_santa_barbara,Pepperdine,01,"Bambrick, Malia",True,35,4,14,0.286,0,2,0.0,1,1,1.0,3,1,4,0,0,1,1,0,9
2021-11-20_pepperdine_uc_santa_barbara,Pepperdine,23,"Braslis, Eve",True,38,4,5,0.8,0,1,0.0,0,0,,2,4,6,2,1,2,1,1,8
2021-11-20_pepperdine_uc_santa_barbara,Pepperdine,24,"Stedman, Ally",True,28,3,11,0.273,0,2,0.0,1,2,0.5,0,2,2,4,3,0,0,1,7
2021-11-20_pepperdine_uc_santa_barbara,Pepperdine,22,"Carson, Kendyl",True,18,2,7,0.286,1,2,0.5,0,0,,0,1,1,1,3,1,0,0,5
2021-11-20_pepperdine_uc_santa_barbara,Pepperdine,04,"Givens, Cheyenne",False,22,4,8,0.5,2,2,1.0,1,2,0.5,0,1,1,4,3,0,0,4,11
2021-11-20_pepperdine_uc_santa_barbara,Pepperdine,10,"Nwaba, Jane",False,19,4,8,0.5,0,1,0.0,3,3,1.0,3,4,7,5,0,2,0,1,11
2021-11-20_pepperdine_uc_santa_barbara,Pepperdine,13,"Amosa, Meaali'i",False,10,1,2,0.5,0,1,0.0,0,0,,0,2,2,1,1,1,0,0,2
2021-11-20_pepperdine_uc_santa_barbara,Pepperdine,03,"Ruffus-Milner, Jayda",False,4,0,1,0.0,0,1,0.0,0,0,,0,0,0,2,0,1,0,0,0
2021-11-20_pepperdine_uc_santa_barbara,Pepperdine,TM,TEAM,False,0,0,0,,0,0,,0,0,,5,4,9,0,0,0,0,0,0
2021-11-20_air_force_cal_st_fullerton,Cal St. Fullerton,55,"Nimmo, Fujika",True,25,5,10,0.5,0,2,0.0,3,6,0.5,0,2,2,4,0,6,1,2,13
2021-11-20_air_force_cal_st_fullerton,Cal St. Fullerton,03,"Wahinekapu, Lily",True,25,4,9,0.444,1,3,0.333,1,2,0.5,0,1,1,4,3,1,0,0,10
2021-11-20_air_force_cal_st_fullerton,Cal St. Fullerton,32,"Lewis, Ashlee",True,30,4,7,0.571,0,0,,1,2,0.5,1,10,11,1,1,1,0,0,9
2021-11-20_air_force_cal_st_fullerton,Cal St. Fullerton,24,"Neff, Kathryn",True,34,2,4,0.5,1,2,0.5,0,0,,1,5,6,1,0,3,0,1,5
2021-11-20_air_force_cal_st_fullerton,Cal St. Fullerton,23,"Gill, Carolyn",True,22,1,4,0.25,0,0,,0,0,,2,4,6,4,1,4,0,1,2
2021-11-20_air_force_cal_st_fullerton,Cal St. Fullerton,01,"Jovanovic, Una",False,28,6,11,0.545,0,0,,2,3,0.667,1,1,2,2,1,1,0,2,14
2021-11-20_air_force_cal_st_fullerton,Cal St. Fullerton,04,"Vidmar, Gabi",False,19,1,3,0.333,0,1,0.0,2,2,1.0,0,1,1,4,1,1,0,1,4
2021-11-20_air_force_cal_st_fullerton,Cal St. Fullerton,02,Nancy Panagiotopoulo,False,6,0,1,0.0,0,0,,2,2,1.0,0,0,0,0,0,1,0,0,2
2021-11-20_air_force_cal_st_fullerton,Cal St. Fullerton,13,"Hernandez, Aixchel",False,9,0,2,0.0,0,1,0.0,0,0,,1,0,1,1,0,1,0,1,0
2021-11-20_air_force_cal_st_fullerton,Cal St. Fullerton,05,"Rodarte, Clarissa",False,1,0,0,,0,0,,0,0,,0,0,0,1,0,1,0,0,0
2021-11-20_air_force_cal_st_fullerton,Cal St. Fullerton,10,"de Vera, Eliza",False,1,0,0,,0,0,,0,0,,0,0,0,0,0,1,0,0,0
2021-11-20_air_force_cal_st_fullerton,Cal St. Fullerton,TM,TEAM,False,0,0,0,,0,0,,0,0,,1,1,2,0,0,0,0,0,0
2021-11-20_air_force_cal_st_fullerton,Air Force,23,Riley Snyder,True,36,4,9,0.444,2,5,0.4,8,8,1.0,0,0,0,3,1,0,0,2,18
2021-11-20_air_force_cal_st_fullerton,Air Force,03,Cierra Winters,True,30,5,8,0.625,0,1,0.0,4,6,0.667,1,1,2,3,0,2,1,3,14
2021-11-20_air_force_cal_st_fullerton,Air Force,01,Briana Autrey-Thomps,True,27,4,12,0.333,0,1,0.0,6,9,0.667,0,4,4,3,2,3,0,3,14
2021-11-20_air_force_cal_st_fullerton,Air Force,00,Haley Jones,True,25,3,5,0.6,0,0,,1,1,1.0,2,7,9,3,0,0,0,2,7
2021-11-20_air_force_cal_st_fullerton,Air Force,30,Dasha Macmillan,True,18,1,6,0.167,0,1,0.0,0,0,,0,2,2,1,0,2,0,0,2
2021-11-20_air_force_cal_st_fullerton,Air Force,31,Lauren McDonald,False,13,2,4,0.5,1,2,0.5,0,0,,0,3,3,2,0,1,0,0,5
2021-11-20_air_force_cal_st_fullerton,Air Force,02,Audrey Gadison,False,12,1,3,0.333,1,3,0.333,0,0,,0,0,0,1,1,0,0,2,3
2021-11-20_air_force_cal_st_fullerton,Air Force,10,Kamri Heath,False,4,1,1,1.0,0,0,,0,0,,1,0,1,0,0,2,0,0,2
2021-11-20_air_force_cal_st_fullerton,Air Force,04,Madison Smith,False,2,0,1,0.0,0,0,,2,2,1.0,0,0,0,0,0,0,0,0,2
2021-11-20_air_force_cal_st_fullerton,Air Force,40,Jo Huntimer,False,18,0,2,0.0,0,0,,0,0,,0,2,2,2,2,3,1,1,0
2021-11-20_air_force_cal_st_fullerton,Air Force,33,Nikki McDonald,False,15,0,1,0.0,0,0,,0,0,,2,2,4,1,1,0,0,1,0
2021-11-20_air_force_cal_st_fullerton,Air Force,TM,TEAM,False,0,0,0,,0,0,,0,0,,2,0,2,0,0,2,0,0,0
2021-11-20_oregon_st_csu_bakersfield,CSU Bakersfield,54,"Austin, Vanessa",True,18,7,11,0.636,0,0,,0,0,,0,2,2,4,0,0,0,0,14
2021-11-20_oregon_st_csu_bakersfield,CSU Bakersfield,22,"Easley, Andie",True,37,5,14,0.357,2,6,0.333,0,0,,0,3,3,2,2,3,0,1,12
2021-11-20_oregon_st_csu_bakersfield,CSU Bakersfield,10,"Eggleston, Jayden",True,34,3,9,0.333,0,0,,4,5,0.8,3,2,5,2,0,1,0,1,10
2021-11-20_oregon_st_csu_bakersfield,CSU Bakersfield,04,"Dixon, Jasmin",True,15,0,0,,0,0,,0,0,,0,0,0,3,0,0,0,1,0
2021-11-20_oregon_st_csu_bakersfield,CSU Bakersfield,00,"Johnson, Simone",True,3,0,0,,0,0,,0,0,,0,0,0,0,0,0,0,0,0
2021-11-20_oregon_st_csu_bakersfield,CSU Bakersfield,11,"Green, Lexus",False,17,2,7,0.286,0,2,0.0,2,2,1.0,0,0,0,1,0,0,0,1,6
2021-11-20_oregon_st_csu_bakersfield,CSU Bakersfield,03,"van Schaik, Hennie",False,16,2,5,0.4,0,3,0.0,1,2,0.5,0,1,1,2,0,4,0,0,5
2021-11-20_oregon_st_csu_bakersfield,CSU Bakersfield,01,"Clayburne, Tatyanna",False,23,2,4,0.5,0,0,,0,0,,0,1,1,1,4,1,0,1,4
2021-11-20_oregon_st_csu_bakersfield,CSU Bakersfield,23,"Saxon, Miracle",False,21,0,2,0.0,0,1,0.0,0,0,,1,1,2,4,0,1,1,0,0
2021-11-20_oregon_st_csu_bakersfield,CSU Bakersfield,13,"Herrera, Soli",False,9,0,1,0.0,0,0,,0,0,,0,2,2,2,0,1,0,0,0
2021-11-20_oregon_st_csu_bakersfield,CSU Bakersfield,24,"Bridges-Bey, Sage",False,5,0,0,,0,0,,0,0,,0,0,0,0,0,2,0,0,0
2021-11-20_oregon_st_csu_bakersfield,CSU Bakersfield,15,"Morris, Kayla",False,2,0,1,0.0,0,1,0.0,0,0,,0,0,0,1,0,0,0,0,0
2021-11-20_oregon_st_csu_bakersfield,CSU Bakersfield,TM,TEAM,False,0,0,0,,0,0,,0,0,,0,0,0,0,0,2,0,0,0
2021-11-20_oregon_st_csu_bakersfield,Oregon St.,10,"Kampschroeder, Greta",True,29,4,8,0.5,3,5,0.6,2,2,1.0,1,2,3,0,3,1,0,1,13
2021-11-20_oregon_st_csu_bakersfield,Oregon St.,05,"Corosdale, Taya",True,23,3,7,0.429,1,3,0.333,3,5,0.6,4,4,8,0,1,2,2,0,10
2021-11-20_oregon_st_csu_bakersfield,Oregon St.,22,"von Oelhoffen, Talia",True,21,4,10,0.4,0,5,0.0,1,2,0.5,1,1,2,2,4,3,0,0,9
2021-11-20_oregon_st_csu_bakersfield,Oregon St.,44,"Jones, Taylor",True,19,4,4,1.0,0,0,,0,0,,1,2,3,2,0,1,1,0,8
2021-11-20_oregon_st_csu_bakersfield,Oregon St.,42,"Brown, Kennedy",True,15,2,4,0.5,0,0,,2,4,0.5,4,3,7,0,1,0,1,0,6
2021-11-20_oregon_st_csu_bakersfield,Oregon St.,11,"Marotte, AJ",False,26,7,11,0.636,4,6,0.667,1,2,0.5,0,3,3,0,2,0,0,1,19
2021-11-20_oregon_st_csu_bakersfield,Oregon St.,20,"Mack, Ellie",False,17,2,6,0.333,0,2,0.0,3,4,0.75,1,1,2,1,2,1,0,0,7
2021-11-20_oregon_st_csu_bakersfield,Oregon St.,12,"Mitrovic, Jelena",False,14,1,3,0.333,0,0,,2,3,0.667,3,2,5,2,1,0,0,0,4
2021-11-20_oregon_st_csu_bakersfield,Oregon St.,04,"Mannen, Noelle",False,14,1,2,0.5,1,1,1.0,0,0,,0,2,2,0,1,3,0,0,3
2021-11-20_oregon_st_csu_bakersfield,Oregon St.,23,"Codding, Emily",False,12,1,1,1.0,1,1,1.0,0,0,,0,1,1,2,1,2,0,0,3
2021-11-20_oregon_st_csu_bakersfield,Oregon St.,25,"Adams, Tea",False,10,0,1,0.0,0,1,0.0,0,0,,0,2,2,1,5,1,0,0,0
2021-11-20_oregon_st_csu_bakersfield,Oregon St.,TM,TEAM,False,0,0,0,,0,0,,0,0,,0,0,0,0,0,0,0,0,0
2021-11-21_hawaii_portland_st,Portland St.,12,"Morales, Esmeralda",True,38,6,15,0.4,3,8,0.375,5,5,1.0,1,0,1,3,3,3,0,2,20
2021-11-21_hawaii_portland_st,Portland St.,01,"Fitzgerald, Alaya",True,30,5,11,0.455,3,4,0.75,4,4,1.0,1,4,5,2,1,2,0,0,17
2021-11-21_hawaii_portland_st,Portland St.,05,"Dhaliwal, Savannah",True,33,5,14,0.357,1,3,0.333,0,1,0.0,4,0,4,0,1,3,0,1,11
2021-11-21_hawaii_portland_st,Portland St.,23,"Lewis, Jada",True,35,2,11,0.182,1,5,0.2,2,2,1.0,0,3,3,2,2,2,0,1,7
2021-11-21_hawaii_portland_st,Portland St.,22,"Ogele, Rhema",True,12,1,3,0.333,0,0,,0,0,,4,3,7,3,1,1,0,0,2
2021-11-21_hawaii_portland_st,Portland St.,02,"'Uhila, Mia",False,23,3,7,0.429,0,2,0.0,3,5,0.6,0,4,4,1,2,0,0,2,9
2021-11-21_hawaii_portland_st,Portland St.,30,"Schultz, Syd",False,19,1,1,1.0,0,0,,0,0,,0,6,6,4,0,0,0,2,2
2021-11-21_hawaii_portland_st,Portland St.,10,"Canzobre, Marina",False,8,0,0,,0,0,,0,0,,0,1,1,0,1,0,0,2,0
2021-11-21_hawaii_portland_st,Portland St.,04,"Kelty, Reilly",False,2,0,0,,0,0,,0,0,,0,1,1,0,0,0,0,0,0
2021-11-21_hawaii_portland_st,Portland St.,TM,TEAM,False,0,0,0,,0,0,,0,0,,1,3,4,0,0,1,0,0,0
2021-11-21_hawaii_portland_st,Hawaii,25,"Atwell, Amy",True,33,11,19,0.579,4,8,0.5,3,3,1.0,1,5,6,2,0,2,1,0,29
2021-11-21_hawaii_portland_st,Hawaii,11,"Spiller, Kallin",True,21,6,10,0.6,0,0,,8,9,0.889,5,3,8,1,2,2,0,1,20
2021-11-21_hawaii_portland_st,Hawaii,20,"Haire, McKenna",True,27,2,7,0.286,1,5,0.2,2,2,1.0,0,3,3,1,1,2,0,2,7
2021-11-21_hawaii_portland_st,Hawaii,24,"Calhoun, Nae Nae",True,29,0,2,0.0,0,2,0.0,2,2,1.0,0,2,2,1,8,3,0,2,2
2021-11-21_hawaii_portland_st,Hawaii,45,"Davies, Olivia",True,28,0,3,0.0,0,2,0.0,0,0,,1,4,5,1,2,1,0,3,0
2021-11-21_hawaii_portland_st,Hawaii,23,"McBee, MeiLani",False,19,3,4,0.75,2,2,1.0,0,0,,2,0,2,3,0,0,0,1,8
2021-11-21_hawaii_portland_st,Hawaii,14,"Orji, Nnenna",False,15,2,6,0.333,0,0,,0,0,,2,4,6,4,0,3,0,0,4
2021-11-21_hawaii_portland_st,Hawaii,01,"Imai, Kelsie",False,12,0,2,0.0,0,2,0.0,1,2,0.5,0,3,3,2,2,2,0,1,1
2021-11-21_hawaii_portland_st,Hawaii,33,"Donnelly, Maeve",False,9,0,2,0.0,0,0,,0,0,,0,2,2,0,0,0,1,0,0
2021-11-21_hawaii_portland_st,Hawaii,32,"Ongoongotau, Eva",False,7,0,3,0.0,0,1,0.0,0,2,0.0,0,1,1,1,1,0,0,0,0
2021-11-21_hawaii_portland_st,Hawaii,TM,TEAM,False,0,0,0,,0,0,,0,0,,1,3,4,0,0,0,0,0,0
2021-11-21_long_beach_st_santa_clara,Santa Clara,23,"Vanallen, Lindsey",True,29,4,11,0.364,3,5,0.6,5,6,0.833,1,0,1,2,0,5,0,5,16
2021-11-21_long_beach_st_santa_clara,Santa Clara,31,"Hiraki, Ashley",True,33,1,4,0.25,0,3,0.0,7,10,0.7,1,3,4,2,3,5,0,1,9
2021-11-21_long_beach_st_santa_clara,Santa Clara,13,"Edmanson, Lara",True,19,1,2,0.5,0,1,0.0,4,6,0.667,2,3,5,2,0,3,0,0,6
2021-11-21_long_beach_st_santa_clara,Santa Clara,5,"Wiehl, Merle",True,36,2,10,0.2,0,4,0.0,0,0,,2,5,7,3,0,4,0,0,4
2021-11-21_long_beach_st_santa_clara,Santa Clara,3,"Pritchard, Lexie",True,29,1,7,0.143,0,0,,0,0,,1,4,5,0,2,4,0,0,2
2021-11-21_long_beach_st_santa_clara,Santa Clara,34,"Hollingsworth, Lana",False,26,2,6,0.333,1,3,0.333,2,2,1.0,2,1,3,2,0,2,0,0,7
2021-11-21_long_beach_st_santa_clara,Santa Clara,33,"Stafford, Danja",False,13,0,0,,0,0,,2,2,1.0,1,3,4,2,1,1,0,0,2
2021-11-21_long_beach_st_santa_clara,Santa Clara,10,"Harris, Shayley",False,3,1,1,1.0,0,0,,0,0,,0,0,0,0,1,0,0,0,2
2021-11-21_long_beach_st_santa_clara,Santa Clara,1,"Bevington, Sydney",False,1,1,1,1.0,0,0,,0,0,,0,0,0,0,0,0,0,0,2
2021-11-21_long_beach_st_santa_clara,Santa Clara,11,"Nixon, Bryce",False,11,0,2,0.0,0,1,0.0,0,0,,0,2,2,2,0,0,0,0,0
2021-11-21_long_beach_st_santa_clara,Santa Clara,TM,TEAM,False,0,0,0,,0,0,,0,0,,6,4,10,0,0,2,0,0,0
2021-11-21_long_beach_st_santa_clara,Long Beach St.,10,"King, Justina",True,32,7,14,0.5,3,4,0.75,0,0,,0,2,2,3,5,1,0,2,17
2021-11-21_long_beach_st_santa_clara,Long Beach St.,11,"Hardy, Jasmine",True,37,3,10,0.3,1,2,0.5,2,2,1.0,1,0,1,2,3,1,0,2,9
2021-11-21_long_beach_st_santa_clara,Long Beach St.,1,"Utti, Maddi",True,38,4,8,0.5,0,0,,0,1,0.0,1,6,7,2,6,5,1,4,8
2021-11-21_long_beach_st_santa_clara,Long Beach St.,00,"Berry, Ma'qhi",True,29,3,5,0.6,1,2,0.5,1,1,1.0,0,0,0,0,4,2,2,2,8
2021-11-21_long_beach_st_santa_clara,Long Beach St.,23,"Green, Lauren",True,2,0,0,,0,0,,0,0,,0,0,0,4,0,0,0,0,0
2021-11-21_long_beach_st_santa_clara,Long Beach St.,25,"Hamilton-fisher, Kianna",False,27,5,7,0.714,3,5,0.6,0,0,,1,2,3,3,0,3,0,1,13
2021-11-21_long_beach_st_santa_clara,Long Beach St.,3,"Chung, Patricia",False,10,3,6,0.5,0,0,,0,0,,0,1,1,2,1,1,0,2,6
2021-11-21_long_beach_st_santa_clara,Long Beach St.,20,"Joseph, Myrrah",False,12,2,2,1.0,0,0,,1,4,0.25,1,0,1,3,1,0,0,0,5
2021-11-21_long_beach_st_santa_clara,Long Beach St.,2,"Tucker, Savannah",False,10,0,3,0.0,0,1,0.0,0,0,,0,0,0,3,0,0,0,0,0
2021-11-21_long_beach_st_santa_clara,Long Beach St.,30,"Mikkelsen, Thea",False,2,0,0,,0,0,,0,0,,0,0,0,0,0,0,0,0,0
2021-11-21_long_beach_st_santa_clara,Long Beach St.,12,"Jeskeova, Kristyna",False,1,0,1,0.0,0,0,,0,0,,1,1,2,0,0,0,0,0,0
2021-11-21_long_beach_st_santa_clara,Long Beach St.,TM,TEAM,False,0,0,0,,0,0,,0,0,,1,5,6,0,0,0,0,0,0
2021-11-21_illinois_uc_riverside,UC Riverside,10,"Cooper, Keilanei",True,33,9,17,0.529,5,9,0.556,2,2,1.0,0,8,8,3,5,2,0,1,25
2021-11-21_illinois_uc_riverside,UC Riverside,4,"Holland, Jada",True,34,8,17,0.471,3,6,0.5,0,0,,1,3,4,3,5,3,0,2,19
2021-11-21_illinois_uc_riverside,UC Riverside,3,"West, Olivia",True,31,3,11,0.273,3,9,0.333,3,3,1.0,2,3,5,1,2,1,0,0,12
2021-11-21_illinois_uc_riverside,UC Riverside,14,"Finau, Mele",True,24,2,5,0.4,0,1,0.0,0,2,0.0,0,0,0,1,1,4,0,0,4
2021-11-21_illinois_uc_riverside,UC Riverside,00,"Bryant, Matehya",True,21,0,4,0.0,0,0,,0,0,,2,0,2,5,0,1,0,1,0
2021-11-21_illinois_uc_riverside,UC Riverside,15,"Blount, Anna",False,25,4,6,0.667,0,0,,3,4,0.75,2,0,2,2,1,1,0,0,11
2021-11-21_illinois_uc_riverside,UC Riverside,2,"Walters, Ryanne",False,23,5,9,0.556,1,3,0.333,0,0,,0,4,4,4,2,0,0,3,11
2021-11-21_illinois_uc_riverside,UC Riverside,11,"Matarranz, Esther",False,7,0,0,,0,0,,0,0,,0,1,1,1,1,0,0,0,0
2021-11-21_illinois_uc_riverside,UC Riverside,30,"Morse, Rose",False,2,0,0,,0,0,,0,0,,0,1,1,1,0,0,0,0,0
2021-11-21_illinois_uc_riverside,UC Riverside,TM,TEAM,False,0,0,0,,0,0,,0,0,,3,2,5,0,0,0,0,0,0
2021-11-21_illinois_uc_riverside,Illinois,11,"Peebles, Jada",True,37,4,7,0.571,1,2,0.5,8,9,0.889,0,4,4,2,4,3,0,1,17
2021-11-21_illinois_uc_riverside,Illinois,32,"Nye, Aaliyah",True,35,5,10,0.5,5,6,0.833,0,0,,1,5,6,0,2,5,1,0,15
2021-11-21_illinois_uc_riverside,Illinois,44,"Bostic, Kendall",True,19,2,4,0.5,0,1,0.0,0,0,,1,4,5,1,1,1,0,0,4
2021-11-21_illinois_uc_riverside,Illinois,5,"Brown, De'myla",True,20,1,8,0.125,0,4,0.0,1,2,0.5,0,1,1,1,4,1,0,0,3
2021-11-21_illinois_uc_riverside,Illinois,20,"Porter, Erika",True,13,1,2,0.5,0,0,,1,2,0.5,1,3,4,3,0,2,3,0,3
2021-11-21_illinois_uc_riverside,Illinois,00,"Anastasieska, Sara",False,24,5,7,0.714,3,5,0.6,3,6,0.5,1,5,6,0,5,0,0,1,16
2021-11-21_illinois_uc_riverside,Illinois,24,"McKenzie, Adalia",False,25,6,10,0.6,0,1,0.0,3,4,0.75,3,3,6,1,2,3,0,0,15
2021-11-21_illinois_uc_riverside,Illinois,22,"Rubin, Eva",False,18,5,5,1.0,0,0,,1,1,1.0,0,0,0,2,0,1,0,0,11
2021-11-21_illinois_uc_riverside,Illinois,14,"Lopes, Geovana",False,9,1,2,0.5,0,0,,0,0,,0,1,1,0,1,0,0,0,2
2021-11-21_illinois_uc_riverside,Illinois,2,"Robins, Lyric",False,0,0,0,,0,0,,0,0,,0,0,0,0,0,0,0,0,0
2021-11-21_illinois_uc_riverside,Illinois,TM,TEAM,False,0,0,0,,0,0,,0,0,,1,2,3,0,0,0,0,0,0
2021-11-23_sacramento_st_uc_davis,UC Davis,11,"Stobbart, Sage",True,27,6,11,0.545,0,2,0.0,2,3,0.667,1,7,8,2,1,0,3,0,14
2021-11-23_sacramento_st_uc_davis,UC Davis,32,"Hall, Cierra",True,32,4,10,0.4,2,3,0.667,2,2,1.0,1,7,8,2,5,0,0,2,12
2021-11-23_sacramento_st_uc_davis,UC Davis,23,"Konrad, Kayla",True,24,4,5,0.8,4,5,0.8,0,0,,1,2,3,1,4,1,0,2,12
2021-11-23_sacramento_st_uc_davis,UC Davis,15,"Turner, Evanne",True,29,1,8,0.125,1,7,0.143,2,2,1.0,1,3,4,0,4,1,0,2,5
2021-11-23_sacramento_st_uc_davis,UC Davis,13,"Burns, Sydney",True,23,1,4,0.25,1,2,0.5,0,0,,0,3,3,1,5,5,0,0,3
2021-11-23_sacramento_st_uc_davis,UC Davis,20,"Sanders, Makaila",False,17,3,3,1.0,3,3,1.0,0,0,,0,3,3,0,3,1,0,0,9
2021-11-23_sacramento_st_uc_davis,UC Davis,10,"Svanholm, Lena",False,10,3,4,0.75,0,0,,0,0,,1,3,4,0,0,1,1,0,6
2021-11-23_sacramento_st_uc_davis,UC Davis,24,"Langi, Marley",False,7,2,5,0.4,2,5,0.4,0,0,,0,1,1,0,0,0,0,0,6
2021-11-23_sacramento_st_uc_davis,UC Davis,42,"Lilly, Kenedy",False,3,2,2,1.0,0,0,,0,0,,0,0,0,2,0,1,0,0,4
2021-11-23_sacramento_st_uc_davis,UC Davis,41,"Shine, Bria",False,10,1,2,0.5,0,0,,0,1,0.0,0,2,2,2,3,1,0,0,2
2021-11-23_sacramento_st_uc_davis,UC Davis,02,"Jones, Megan",False,6,1,1,1.0,0,0,,0,0,,0,0,0,0,0,1,0,1,2
2021-11-23_sacramento_st_uc_davis,UC Davis,33,"Harris, Mazatlan",False,12,0,1,0.0,0,0,,0,0,,0,0,0,0,0,1,0,0,0
2021-11-23_sacramento_st_uc_davis,UC Davis,TM,TEAM,False,0,0,0,,0,0,,0,0,,0,2,2,0,0,0,0,0,0
2021-11-23_sacramento_st_uc_davis,Sacramento St.,03,"Tillman, Lianna",True,40,8,21,0.381,2,6,0.333,0,0,,0,1,1,3,1,3,0,1,18
2021-11-23_sacramento_st_uc_davis,Sacramento St.,11,"Menke, Summer",True,37,4,16,0.25,1,5,0.2,7,8,0.875,3,7,10,4,1,4,0,2,16
2021-11-23_sacramento_st_uc_davis,Sacramento St.,15,"Rios, Jessica",True,23,1,2,0.5,1,2,0.5,0,0,,0,5,5,0,0,1,0,1,3
2021-11-23_sacramento_st_uc_davis,Sacramento St.,04,"Carrasco, Jazmin",True,32,1,9,0.111,0,6,0.0,0,0,,0,4,4,1,3,0,0,3,2
2021-11-23_sacramento_st_uc_davis,Sacramento St.,24,"Natabou, Isnelle",True,23,0,3,0.0,0,0,,2,2,1.0,3,2,5,1,0,1,3,0,2
2021-11-23_sacramento_st_uc_davis,Sacramento St.,23,"Olivares, Jordan",False,20,2,4,0.5,1,2,0.5,0,0,,1,2,3,3,1,1,0,2,5
2021-11-23_sacramento_st_uc_davis,Sacramento St.,25,"Falkowska, Alicja",False,12,0,0,,0,0,,0,0,,0,2,2,3,1,2,0,0,0
2021-11-23_sacramento_st_uc_davis,Sacramento St.,12,"Enochs, Emily",False,6,0,2,0.0,0,2,0.0,0,0,,0,0,0,0,1,0,0,0,0
2021-11-23_sacramento_st_uc_davis,Sacramento St.,05,"Barry, Nina",False,5,0,0,,0,0,,0,0,,0,0,0,0,0,1,0,0,0
2021-11-23_sacramento_st_uc_davis,Sacramento St.,02,"Lindsey, Kennedy",False,2,0,0,,0,0,,0,0,,0,0,0,1,0,0,0,0,0
2021-11-23_sacramento_st_uc_davis,Sacramento St.,TM,TEAM,False,0,0,0,,0,0,,0,0,,0,2,2,0,0,0,0,0,0
2021-11-23_cal_poly_louisville,Louisville,14,"Smith, Kianna",True,25,4,12,0.333,3,6,0.5,0,0,,0,0,0,1,4,2,0,3,11
2021-11-23_cal_poly_louisville,Louisville,10,"van Lith, Hailey",True,21,4,8,0.5,0,4,0.0,1,1,1.0,2,2,4,0,3,1,0,1,9
2021-11-23_cal_poly_louisville,Louisville,23,"Hall, Chelsie",True,18,3,5,0.6,1,2,0.5,0,0,,2,3,5,0,1,1,0,1,7
2021-11-23_cal_poly_louisville,Louisville,21,"Engstler, Emily",True,19,3,6,0.5,0,3,0.0,0,2,0.0,0,9,9,3,1,7,3,4,6
2021-11-23_cal_poly_louisville,Louisville,44,"Cochran, Olivia",True,21,2,4,0.5,0,0,,1,1,1.0,2,5,7,0,2,3,1,1,5
2021-11-23_cal_poly_louisville,Louisville,22,"Dixon, Liz",False,12,7,9,0.778,0,0,,1,1,1.0,2,3,5,0,0,0,0,0,15
2021-11-23_cal_poly_louisville,Louisville,11,"Konno, Norika",False,18,3,6,0.5,1,4,0.25,0,0,,0,2,2,0,1,0,1,0,7
2021-11-23_cal_poly_louisville,Louisville,2,"Smith, Ahlana",False,12,3,4,0.75,1,2,0.5,0,0,,0,1,1,1,1,1,0,0,7
2021-11-23_cal_poly_louisville,Louisville,13,"Russell, Merissah",False,11,1,2,0.5,1,1,1.0,0,0,,0,2,2,0,0,1,0,0,3
2021-11-23_cal_poly_louisville,Louisville,00,"Parker, Ramani",False,7,1,1,1.0,0,0,,0,0,,1,1,2,0,0,2,1,0,2
2021-11-23_cal_poly_louisville,Louisville,12,"Verhulst, Payton",False,17,0,6,0.0,0,3,0.0,0,0,,1,3,4,0,2,1,1,0,0
2021-11-23_cal_poly_louisville,Louisville,5,"Robinson, Mykasa",False,13,0,3,0.0,0,1,0.0,0,0,,0,1,1,1,4,1,0,2,0
2021-11-23_cal_poly_louisville,Louisville,45,"Schetnan, Sydni",False,6,0,0,,0,0,,0,0,,0,1,1,2,0,0,0,0,0
2021-11-23_cal_poly_louisville,Louisville,TM,TEAM,False,0,0,0,,0,0,,0,0,,2,4,6,0,0,0,0,0,0
2021-11-23_cal_poly_louisville,Cal Poly,25,"Brown, Kirsty",True,22,2,4,0.5,0,0,,0,0,,0,3,3,2,1,4,1,2,4
2021-11-23_cal_poly_louisville,Cal Poly,13,"Vick, Maddie",True,17,2,6,0.333,0,1,0.0,0,0,,1,4,5,0,1,6,0,1,4
2021-11-23_cal_poly_louisville,Cal Poly,32,"Nielacna, Julia",True,11,1,4,0.25,0,1,0.0,0,0,,1,1,2,1,0,2,0,0,2
2021-11-23_cal_poly_louisville,Cal Poly,15,"Bourland, Sydney",True,22,0,6,0.0,0,1,0.0,0,0,,0,2,2,2,1,3,0,1,0
2021-11-23_cal_poly_louisville,Cal Poly,33,"Willett, Maddie",True,21,0,6,0.0,0,3,0.0,0,0,,0,1,1,0,1,1,0,0,0
2021-11-23_cal_poly_louisville,Cal Poly,1,"Dumitrescu, Sarah",False,15,4,9,0.444,0,0,,4,7,0.571,2,2,4,1,1,1,0,1,12
2021-11-23_cal_poly_louisville,Cal Poly,2,"Shah, Annika",False,21,2,5,0.4,2,4,0.5,0,0,,0,1,1,0,0,3,0,0,6
2021-11-23_cal_poly_louisville,Cal Poly,14,"Scanlan, Hannah",False,19,1,4,0.25,0,0,,2,2,1.0,2,2,4,1,0,0,0,0,4
2021-11-23_cal_poly_louisville,Cal Poly,11,"Dickson, Junie",False,15,0,7,0.0,0,5,0.0,0,0,,1,1,2,1,2,0,0,1,0
2021-11-23_cal_poly_louisville,Cal Poly,5,"Anousinh, Jazzy",False,13,0,2,0.0,0,1,0.0,0,0,,0,1,1,1,0,0,0,0,0
2021-11-23_cal_poly_louisville,Cal Poly,3,"Svetich, Lily",False,11,0,2,0.0,0,1,0.0,0,0,,1,1,2,1,2,0,0,2,0
2021-11-23_cal_poly_louisville,Cal Poly,24,"Stachowski, Zoe",False,9,0,3,0.0,0,0,,0,0,,0,1,1,1,0,1,0,0,0
2021-11-23_cal_poly_louisville,Cal Poly,22,"Bergstrom, Faith",False,4,0,1,0.0,0,0,,0,0,,1,0,1,0,0,0,0,0,0
2021-11-23_cal_poly_louisville,Cal Poly,TM,TEAM,False,0,0,0,,0,0,,0,0,,3,4,7,0,0,2,0,0,0
2021-11-23_fresno_st_csun,CSUN,15,"Amundsen, Tess",True,31,10,17,0.588,4,7,0.571,7,8,0.875,0,7,7,2,1,0,0,1,31
2021-11-23_fresno_st_csun,CSUN,1,"Jackson, Jordyn",True,37,5,14,0.357,3,7,0.429,5,8,0.625,1,3,4,2,6,0,0,2,18
2021-11-23_fresno_st_csun,CSUN,21,"Tu'ua, Anaiyah",True,37,4,8,0.5,2,5,0.4,3,3,1.0,2,4,6,2,4,1,2,3,13
2021-11-23_fresno_st_csun,CSUN,4,"Harvey, Rachel",True,14,3,6,0.5,0,0,,1,3,0.333,0,2,2,5,0,1,1,1,7
2021-11-23_fresno_st_csun,CSUN,12,"Henderson, Meghann",True,13,1,2,0.5,0,0,,0,0,,1,0,1,2,1,0,0,0,2
2021-11-23_fresno_st_csun,CSUN,2,"Woodley, Sydney",False,20,2,4,0.5,0,0,,2,4,0.5,3,2,5,4,1,0,0,1,6
2021-11-23_fresno_st_csun,CSUN,24,"Smith, Macy",False,6,1,4,0.25,1,2,0.5,1,1,1.0,0,1,1,1,0,1,0,0,4
2021-11-23_fresno_st_csun,CSUN,34,"Spriggs, Kayanna",False,16,0,2,0.0,0,0,,0,0,,1,2,3,1,0,1,0,0,0
2021-11-23_fresno_st_csun,CSUN,5,"Duchemin, Michelle",False,11,0,2,0.0,0,1,0.0,0,2,0.0,0,0,0,1,1,2,0,0,0
2021-11-23_fresno_st_csun,CSUN,11,"Smith, Olivia",False,10,0,2,0.0,0,0,,0,0,,1,1,2,4,1,2,0,0,0
2021-11-23_fresno_st_csun,CSUN,32,"Hawkins, Ashley",False,3,0,1,0.0,0,1,0.0,0,0,,0,0,0,0,0,0,0,0,0
2021-11-23_fresno_st_csun,CSUN,22,"Hudgen, McKenzie",False,2,0,0,,0,0,,0,0,,0,0,0,1,0,0,0,0,0
2021-11-23_fresno_st_csun,CSUN,TM,TEAM,False,0,0,0,,0,0,,0,0,,0,4,4,0,0,0,0,0,0
2021-11-23_fresno_st_csun,Fresno St.,1,Haley Cavinder,True,39,7,16,0.438,3,10,0.3,11,11,1.0,1,13,14,3,3,4,0,0,28
2021-11-23_fresno_st_csun,Fresno St.,00,Hanna Cavinder,True,38,5,13,0.385,0,2,0.0,4,5,0.8,0,4,4,4,1,2,0,1,14
2021-11-23_fresno_st_csun,Fresno St.,42,Maria Guimaraes,True,17,5,8,0.625,0,0,,0,0,,4,4,8,4,0,2,0,0,10
2021-11-23_fresno_st_csun,Fresno St.,13,Amiee Book,True,22,1,5,0.2,1,4,0.25,0,2,0.0,1,3,4,4,0,3,0,0,3
2021-11-23_fresno_st_csun,Fresno St.,30,Yanina Todorova,True,27,0,1,0.0,0,1,0.0,2,2,1.0,0,2,2,3,0,3,0,2,2
2021-11-23_fresno_st_csun,Fresno St.,21,Imani Lacy,False,16,2,5,0.4,0,0,,7,8,0.875,2,0,2,2,1,1,0,1,11
2021-11-23_fresno_st_csun,Fresno St.,14,Tamia Stricklin,False,16,1,2,0.5,0,0,,0,0,,1,3,4,3,1,0,0,0,2
2021-11-23_fresno_st_csun,Fresno St.,23,Charisse Fairley,False,4,0,1,0.0,0,1,0.0,2,2,1.0,0,2,2,1,0,0,0,0,2
2021-11-23_fresno_st_csun,Fresno St.,24,Wytalla Motta,False,2,1,1,1.0,0,0,,0,0,,0,0,0,1,0,0,0,0,2
2021-11-23_fresno_st_csun,Fresno St.,5,Daylee Dunn,False,17,0,1,0.0,0,1,0.0,1,2,0.5,0,0,0,0,0,0,0,0,1
2021-11-23_fresno_st_csun,Fresno St.,12,Sydney Dethman,False,2,0,0,,0,0,,0,0,,0,0,0,0,0,0,0,0,0
2021-11-23_fresno_st_csun,Fresno St.,TM,TEAM,False,0,0,0,,0,0,,0,0,,0,1,1,0,0,0,0,0,0
2021-11-23_cal_st_fullerton_virginia,Virginia,23,"Toi, Amandine",True,38,6,14,0.429,4,9,0.444,4,4,1.0,0,5,5,1,3,4,1,1,20
2021-11-23_cal_st_fullerton_virginia,Virginia,20,"Taylor, Camryn",True,28,8,14,0.571,0,1,0.0,1,1,1.0,2,7,9,1,1,4,0,0,17
2021-11-23_cal_st_fullerton_virginia,Virginia,01,"Miller, Carole",True,30,2,7,0.286,2,5,0.4,0,0,,2,1,3,2,3,0,0,1,6
2021-11-23_cal_st_fullerton_virginia,Virginia,21,"Parker, Eleah",True,17,2,5,0.4,0,0,,2,2,1.0,2,10,12,0,1,2,1,0,6
2021-11-23_cal_st_fullerton_virginia,Virginia,02,"Valladay, Taylor",True,27,2,4,0.5,0,1,0.0,1,2,0.5,0,4,4,1,1,1,0,1,5
2021-11-23_cal_st_fullerton_virginia,Virginia,14,"Lawson, Kaydan",False,8,2,5,0.4,1,3,0.333,0,0,,1,2,3,1,1,1,0,1,5
2021-11-23_cal_st_fullerton_virginia,Virginia,34,"Clarkson, London",False,27,0,4,0.0,0,0,,1,2,0.5,0,2,2,3,0,0,2,1,1
2021-11-23_cal_st_fullerton_virginia,Virginia,44,"Dale, Mckenna",False,10,0,3,0.0,0,3,0.0,0,0,,0,0,0,0,2,0,0,0,0
2021-11-23_cal_st_fullerton_virginia,Virginia,12,"Jefferson, Meg",False,9,0,0,,0,0,,0,0,,0,2,2,0,1,2,0,1,0
2021-11-23_cal_st_fullerton_virginia,Virginia,03,"Pitts, Aaliyah",False,6,0,1,0.0,0,0,,0,0,,0,1,1,0,1,1,0,0,0
2021-11-23_cal_st_fullerton_virginia,Virginia,TM,TEAM,False,0,0,0,,0,0,,0,0,,1,0,1,0,0,3,0,0,0
2021-11-23_cal_st_fullerton_virginia,Cal St. Fullerton,03,"Wahinekapu, Lily",True,31,5,16,0.312,2,6,0.333,1,2,0.5,0,5,5,1,3,2,0,2,13
2021-11-23_cal_st_fullerton_virginia,Cal St. Fullerton,55,"Nimmo, Fujika",True,26,4,12,0.333,1,3,0.333,0,0,,1,2,3,0,4,3,0,1,9
2021-11-23_cal_st_fullerton_virginia,Cal St. Fullerton,32,"Lewis, Ashlee",True,26,4,8,0.5,0,0,,0,0,,1,2,3,3,0,0,0,0,8
2021-11-23_cal_st_fullerton_virginia,Cal St. Fullerton,24,"Neff, Kathryn",True,38,2,7,0.286,2,6,0.333,1,2,0.5,1,4,5,4,0,1,0,2,7
2021-11-23_cal_st_fullerton_virginia,Cal St. Fullerton,23,"Gill, Carolyn",True,28,2,7,0.286,0,1,0.0,0,0,,2,7,9,2,4,0,1,1,4
2021-11-23_cal_st_fullerton_virginia,Cal St. Fullerton,01,"Jovanovic, Una",False,20,1,3,0.333,1,1,1.0,1,2,0.5,2,1,3,2,1,2,0,0,4
2021-11-23_cal_st_fullerton_virginia,Cal St. Fullerton,13,"Hernandez, Aixchel",False,14,1,4,0.25,0,0,,1,2,0.5,0,1,1,1,1,0,1,0,3
2021-11-23_cal_st_fullerton_virginia,Cal St. Fullerton,04,"Vidmar, Gabi",False,17,0,3,0.0,0,2,0.0,0,0,,0,1,1,0,0,1,0,1,0
2021-11-23_cal_st_fullerton_virginia,Cal St. Fullerton,10,"de Vera, Eliza",False,,0,0,,0,0,,0,0,,0,0,0,0,0,0,0,0,0
2021-11-23_cal_st_fullerton_virginia,Cal St. Fullerton,TM,TEAM,False,0,0,0,,0,0,,0,0,,0,3,3,0,0,2,0,0,0
2021-11-26_uc_davis_weber_st,Weber St.,05,"Matthews, Jadyn",True,32,6,15,0.4,2,3,0.667,2,2,1.0,2,8,10,4,3,0,0,0,16
2021-11-26_uc_davis_weber_st,Weber St.,04,"Pentzer, Kori",True,29,4,9,0.444,1,4,0.25,1,2,0.5,1,2,3,1,0,5,0,0,10
2021-11-26_uc_davis_weber_st,Weber St.,21,"Hickok, Daryn",True,27,3,7,0.429,0,0,,3,3,1.0,5,5,10,2,2,2,0,3,9
2021-11-26_uc_davis_weber_st,Weber St.,23,"Torbert, Emma",True,24,1,14,0.071,0,4,0.0,4,4,1.0,2,2,4,3,1,2,0,1,6
2021-11-26_uc_davis_weber_st,Weber St.,22,"Solovi, Aloma",True,31,2,4,0.5,1,1,1.0,0,2,0.0,1,0,1,0,2,2,0,0,5
2021-11-26_uc_davis_weber_st,Weber St.,00,"Taylor, Laura",False,11,1,3,0.333,1,3,0.333,0,0,,0,1,1,0,0,0,0,0,3
2021-11-26_uc_davis_weber_st,Weber St.,10,"Lovell, Emri",False,9,1,1,1.0,1,1,1.0,0,0,,0,0,0,2,1,1,0,0,3
2021-11-26_uc_davis_weber_st,Weber St.,34,"Johnson, Nakilah",False,13,1,2,0.5,0,1,0.0,0,0,,0,3,3,0,1,2,0,3,2
2021-11-26_uc_davis_weber_st,Weber St.,12,"Williams, Ava",False,12,0,1,0.0,0,0,,0,0,,0,1,1,3,2,1,0,0,0
2021-11-26_uc_davis_weber_st,Weber St.,20,"Parra, Vicky",False,12,0,2,0.0,0,0,,0,0,,0,8,8,1,0,2,1,0,0
2021-11-26_uc_davis_weber_st,Weber St.,TM,TEAM,False,0,0,0,,0,0,,0,0,,2,1,3,0,0,0,0,0,0
2021-11-26_uc_davis_weber_st,UC Davis,32,"Hall, Cierra",True,38,6,15,0.4,3,8,0.375,3,6,0.5,3,10,13,2,3,3,1,1,18
2021-11-26_uc_davis_weber_st,UC Davis,11,"Stobbart, Sage",True,33,5,12,0.417,1,5,0.2,3,4,0.75,1,3,4,2,0,3,3,2,14
2021-11-26_uc_davis_weber_st,UC Davis,15,"Turner, Evanne",True,34,5,14,0.357,2,8,0.25,0,0,,0,3,3,3,2,2,0,1,12
2021-11-26_uc_davis_weber_st,UC Davis,23,"Konrad, Kayla",True,36,4,12,0.333,1,6,0.167,2,2,1.0,1,1,2,3,4,2,0,3,11
2021-11-26_uc_davis_weber_st,UC Davis,13,"Burns, Sydney",True,26,1,4,0.25,1,2,0.5,0,0,,2,1,3,2,5,0,0,0,3
2021-11-26_uc_davis_weber_st,UC Davis,20,"Sanders, Makaila",False,11,1,2,0.5,1,1,1.0,0,0,,0,2,2,0,1,1,0,0,3
2021-11-26_uc_davis_weber_st,UC Davis,41,"Shine, Bria",False,7,0,0,,0,0,,1,2,0.5,0,4,4,0,0,1,0,0,1
2021-11-26_uc_davis_weber_st,UC Davis,10,"Svanholm, Lena",False,9,0,0,,0,0,,0,0,,0,0,0,1,1,0,0,0,0
2021-11-26_uc_davis_weber_st,UC Davis,24,"Langi, Marley",False,3,0,0,,0,0,,0,0,,0,1,1,0,0,0,0,0,0
2021-11-26_uc_davis_weber_st,UC Davis,33,"Harris, Mazatlan",False,3,0,2,0.0,0,2,0.0,0,0,,0,0,0,0,0,0,0,0,0
2021-11-26_uc_davis_weber_st,UC Davis,TM,TEAM,False,0,0,0,,0,0,,0,0,,3,1,4,0,0,0,0,0,0
2021-11-26_hawaii_eastern_ill,Eastern Ill.,22,"Washington, Lariah",True,31,3,9,0.333,1,3,0.333,3,5,0.6,1,4,5,2,1,1,0,0,10
2021-11-26_hawaii_eastern_ill,Eastern Ill.,41,"Wahl, Abby",True,27,3,12,0.25,0,3,0.0,3,4,0.75,3,3,6,1,0,2,0,1,9
2021-11-26_hawaii_eastern_ill,Eastern Ill.,02,"Hughes, Jordyn",True,16,2,6,0.333,1,3,0.333,0,0,,1,2,3,2,0,2,0,1,5
2021-11-26_hawaii_eastern_ill,Eastern Ill.,01,"Arthofer, Kira",True,27,2,9,0.222,0,1,0.0,0,2,0.0,0,3,3,3,3,2,0,2,4
2021-11-26_hawaii_eastern_ill,Eastern Ill.,24,"Litwiller, Morgan",True,20,1,4,0.25,1,3,0.333,0,0,,0,0,0,2,1,1,0,2,3
2021-11-26_hawaii_eastern_ill,Eastern Ill.,20,"Bengtson, Julia",False,24,6,10,0.6,0,2,0.0,0,0,,1,1,2,0,2,1,0,3,12
2021-11-26_hawaii_eastern_ill,Eastern Ill.,25,"Thornton, Taris",False,12,1,2,0.5,1,1,1.0,0,0,,2,3,5,4,0,2,0,0,3
2021-11-26_hawaii_eastern_ill,Eastern Ill.,05,"Maulucci, Jacqueline",False,9,0,2,0.0,0,2,0.0,2,2,1.0,0,0,0,1,1,0,0,0,2
2021-11-26_hawaii_eastern_ill,Eastern Ill.,32,"Stafford, Parker",False,4,1,3,0.333,0,0,,0,0,,0,0,0,3,0,0,0,1,2
2021-11-26_hawaii_eastern_ill,Eastern Ill.,03,"Monahan, Miah",False,20,0,6,0.0,0,5,0.0,0,0,,1,2,3,0,1,2,0,1,0
2021-11-26_hawaii_eastern_ill,Eastern Ill.,10,"Cameron, Haley",False,5,0,1,0.0,0,1,0.0,0,0,,0,0,0,1,0,0,0,0,0
2021-11-26_hawaii_eastern_ill,Eastern Ill.,14,"Colson, Ellie",False,5,0,2,0.0,0,0,,0,0,,0,0,0,2,0,1,0,0,0
2021-11-26_hawaii_eastern_ill,Eastern Ill.,TM,TEAM,False,0,0,0,,0,0,,0,0,,4,2,6,0,0,0,0,0,0
2021-11-26_hawaii_eastern_ill,Hawaii,25,"Atwell, Amy",True,28,6,16,0.375,0,5,0.0,4,4,1.0,1,5,6,2,2,3,1,1,16
2021-11-26_hawaii_eastern_ill,Hawaii,20,"Haire, McKenna",True,22,4,7,0.571,2,5,0.4,0,0,,2,3,5,0,0,0,0,0,10
2021-11-26_hawaii_eastern_ill,Hawaii,14,"Orji, Nnenna",True,21,5,5,1.0,0,0,,0,0,,3,7,10,2,2,1,0,2,10
2021-11-26_hawaii_eastern_ill,Hawaii,24,"Calhoun, Nae Nae",True,22,3,4,0.75,2,2,1.0,0,0,,0,2,2,1,2,2,0,1,8
2021-11-26_hawaii_eastern_ill,Hawaii,23,"McBee, MeiLani",True,30,2,4,0.5,2,3,0.667,0,0,,0,3,3,1,0,2,2,1,6
2021-11-26_hawaii_eastern_ill,Hawaii,33,"Donnelly, Maeve",False,19,2,5,0.4,0,0,,6,7,0.857,2,3,5,2,0,1,0,1,10
2021-11-26_hawaii_eastern_ill,Hawaii,01,"Imai, Kelsie",False,21,2,4,0.5,0,1,0.0,1,2,0.5,0,1,1,3,1,5,0,1,5
2021-11-26_hawaii_eastern_ill,Hawaii,15,"Phillips, Daejah",False,28,0,3,0.0,0,2,0.0,4,6,0.667,0,7,7,2,6,3,1,2,4
2021-11-26_hawaii_eastern_ill,Hawaii,32,"Ongoongotau, Eva",False,6,1,3,0.333,0,0,,0,1,0.0,0,3,3,2,0,4,0,0,2
2021-11-26_hawaii_eastern_ill,Hawaii,12,"Yamamoto, Mia",False,3,0,1,0.0,0,1,0.0,0,0,,0,0,0,0,0,0,0,0,0
2021-11-26_hawaii_eastern_ill,Hawaii,TM,TEAM,False,0,0,0,,0,0,,0,0,,0,1,1,0,0,0,0,0,0
2021-11-26_uc_irvine_illinois_st,Illinois St.,3,"Crompton, Mary",True,36,6,16,0.375,6,14,0.429,0,0,,0,3,3,1,1,3,0,1,18
2021-11-26_uc_irvine_illinois_st,Illinois St.,24,"Wilson, Deanna",True,29,6,9,0.667,0,0,,4,6,0.667,3,6,9,3,0,4,0,1,16
2021-11-26_uc_irvine_illinois_st,Illinois St.,23,"Redmond, Juliunn",True,34,4,11,0.364,0,2,0.0,1,1,1.0,1,2,3,2,6,6,1,2,9
2021-11-26_uc_irvine_illinois_st,Illinois St.,00,"Stinson, Jada",True,34,3,9,0.333,1,5,0.2,1,2,0.5,1,0,1,3,0,0,0,0,8
2021-11-26_uc_irvine_illinois_st,Illinois St.,12,"Wong, Maya",True,24,1,5,0.2,0,1,0.0,0,0,,1,2,3,1,2,2,0,0,2
2021-11-26_uc_irvine_illinois_st,Illinois St.,25,"Boles, Lexi",False,7,0,1,0.0,0,0,,2,2,1.0,0,0,0,1,0,0,0,0,2
2021-11-26_uc_irvine_illinois_st,Illinois St.,13,"Newland, Kayel",False,17,0,1,0.0,0,0,,0,0,,1,1,2,2,2,2,0,0,0
2021-11-26_uc_irvine_illinois_st,Illinois St.,11,"Bowers, Kenzie",False,8,0,1,0.0,0,1,0.0,0,0,,0,0,0,1,0,1,0,0,0
2021-11-26_uc_irvine_illinois_st,Illinois St.,32,"Bullman, Kate",False,7,0,0,,0,0,,0,0,,0,3,3,2,0,0,0,0,0
2021-11-26_uc_irvine_illinois_st,Illinois St.,1,"McGinnis-taylor, Jasmine",False,4,0,0,,0,0,,0,0,,0,1,1,0,0,1,1,0,0
2021-11-26_uc_irvine_illinois_st,Illinois St.,TM,TEAM,False,0,0,0,,0,0,,0,0,,1,3,4,0,0,1,0,0,0
2021-11-26_uc_irvine_illinois_st,UC Irvine,4,"Williams, Kayla",True,31,5,13,0.385,2,6,0.333,3,4,0.75,0,2,2,0,5,4,0,4,15
2021-11-26_uc_irvine_illinois_st,UC Irvine,21,"Williams, Olivia",True,21,4,8,0.5,1,2,0.5,0,0,,0,0,0,2,0,0,0,2,9
2021-11-26_uc_irvine_illinois_st,UC Irvine,2,"Webb, Chloe",True,28,3,8,0.375,0,0,,1,1,1.0,1,6,7,1,2,1,0,2,7
2021-11-26_uc_irvine_illinois_st,UC Irvine,35,"Locandro, Sophia",True,11,3,5,0.6,0,0,,0,0,,0,1,1,3,1,1,0,0,6
2021-11-26_uc_irvine_illinois_st,UC Irvine,42,"Hunt, Naomi",True,27,2,7,0.286,1,4,0.25,0,0,,0,2,2,2,2,1,0,0,5
2021-11-26_uc_irvine_illinois_st,UC Irvine,45,"Dusharm, Tara",False,26,4,7,0.571,0,0,,6,6,1.0,3,5,8,3,1,3,1,1,14
2021-11-26_uc_irvine_illinois_st,UC Irvine,13,"Lee, Déja",False,2,0,0,,0,0,,4,4,1.0,0,0,0,0,0,0,1,0,4
2021-11-26_uc_irvine_illinois_st,UC Irvine,10,"Cadee, Jayde",False,12,1,2,0.5,1,2,0.5,0,0,,2,2,4,1,1,0,0,0,3
2021-11-26_uc_irvine_illinois_st,UC Irvine,20,"Hernandez, Hunter",False,22,0,2,0.0,0,1,0.0,2,2,1.0,1,4,5,0,1,0,0,0,2
2021-11-26_uc_irvine_illinois_st,UC Irvine,24,"Kapinga, Melodie",False,3,1,1,1.0,0,0,,0,0,,0,0,0,1,0,1,0,0,2
2021-11-26_uc_irvine_illinois_st,UC Irvine,3,"Tom, Nikki",False,8,0,1,0.0,0,0,,0,0,,0,0,0,0,1,3,0,0,0
2021-11-26_uc_irvine_illinois_st,UC Irvine,23,"Baker, Victoria",False,6,0,0,,0,0,,0,0,,0,0,0,1,0,1,0,0,0
2021-11-26_uc_irvine_illinois_st,UC Irvine,33,"Kaupu, Caiyle",False,2,0,0,,0,0,,0,0,,0,0,0,1,0,1,0,0,0
2021-11-26_uc_irvine_illinois_st,UC Irvine,11,"Scharpf, Amelia",False,1,0,0,,0,0,,0,0,,0,0,0,0,0,0,0,0,0
2021-11-26_uc_irvine_illinois_st,UC Irvine,TM,TEAM,False,0,0,0,,0,0,,0,0,,3,3,6,0,0,0,0,0,0
2021-11-26_penn_uc_san_diego,UC San Diego,13,"Brown, Sydney",True,33,3,14,0.214,1,8,0.125,1,2,0.5,0,5,5,3,2,5,1,2,8
2021-11-26_penn_uc_san_diego,UC San Diego,32,"Montgomery, Parker",True,29,2,11,0.182,1,5,0.2,2,2,1.0,1,2,3,1,1,1,0,1,7
2021-11-26_penn_uc_san_diego,UC San Diego,11,"Brown, Aishah",True,11,2,6,0.333,0,0,,3,3,1.0,5,1,6,2,1,1,1,0,7
2021-11-26_penn_uc_san_diego,UC San Diego,12,"Baxter, Madison",True,15,2,4,0.5,2,4,0.5,0,0,,0,3,3,3,1,1,0,0,6
2021-11-26_penn_uc_san_diego,UC San Diego,10,"Macabuhay, Julia",True,3,1,3,0.333,1,2,0.5,0,0,,0,1,1,0,0,0,0,0,3
2021-11-26_penn_uc_san_diego,UC San Diego,01,"Obouh Fegue, Alex",False,22,3,10,0.3,0,1,0.0,2,2,1.0,4,7,11,3,1,1,3,1,8
2021-11-26_penn_uc_san_diego,UC San Diego,15,"Claros, Brianna",False,28,3,7,0.429,1,3,0.333,0,0,,1,0,1,2,1,2,0,0,7
2021-11-26_penn_uc_san_diego,UC San Diego,04,"Cangelosi, Emily",False,25,3,8,0.375,1,3,0.333,0,0,,3,2,5,1,0,2,0,0,7
2021-11-26_penn_uc_san_diego,UC San Diego,35,"Springs, Katie",False,12,1,2,0.5,0,0,,0,0,,1,3,4,2,0,2,0,0,2
2021-11-26_penn_uc_san_diego,UC San Diego,02,"Chamberlin, Ula",False,13,0,6,0.0,0,4,0.0,0,0,,1,0,1,0,0,1,0,1,0
2021-11-26_penn_uc_san_diego,UC San Diego,23,"Thompson, Courtni",False,9,0,0,,0,0,,0,0,,1,0,1,0,2,0,0,0,0
2021-11-26_penn_uc_san_diego,UC San Diego,TM,TEAM,False,0,0,0,,0,0,,0,0,,3,2,5,0,0,0,0,0,0
2021-11-26_penn_uc_san_diego,Penn,00,"Obi, Jordan",True,38,9,19,0.474,0,2,0.0,2,2,1.0,3,7,10,2,1,5,2,1,20
2021-11-26_penn_uc_san_diego,Penn,21,"Lakstigala, Mia",True,35,5,11,0.455,2,6,0.333,1,4,0.25,2,7,9,2,1,4,1,0,13
2021-11-26_penn_uc_san_diego,Penn,04,"Suttle, Kennedy",True,40,4,10,0.4,2,4,0.5,1,2,0.5,3,4,7,1,2,0,0,3,11
2021-11-26_penn_uc_san_diego,Penn,45,"Padilla, Kayla",True,39,2,11,0.182,1,7,0.143,4,4,1.0,0,2,2,0,3,0,1,4,9
2021-11-26_penn_uc_san_diego,Penn,15,"Kovacikova, Nikola",True,27,2,2,1.0,2,2,1.0,1,2,0.5,0,4,4,1,4,1,1,0,7
2021-11-26_penn_uc_san_diego,Penn,32,"Groetsch, Lizzy",False,16,0,0,,0,0,,0,0,,0,0,0,2,1,2,0,1,0
2021-11-26_penn_uc_san_diego,Penn,05,"Almqvist, Stina",False,3,0,0,,0,0,,0,0,,0,0,0,0,0,0,0,0,0
2021-11-26_penn_uc_san_diego,Penn,12,"Stanfield, Michaela",False,2,0,0,,0,0,,0,0,,0,0,0,0,0,1,0,0,0
2021-11-26_penn_uc_san_diego,Penn,TM,TEAM,False,0,0,0,,0,0,,0,0,,0,1,1,0,0,1,0,0,0
2021-11-26_california_baptist_uc_santa_barbara,UC Santa Barbara,31,"Lane, Ila",True,38,6,13,0.462,0,0,,3,4,0.75,4,6,10,3,3,2,1,0,15
2021-11-26_california_baptist_uc_santa_barbara,UC Santa Barbara,01,"Gonzalez, Johnni",True,31,4,16,0.25,4,9,0.444,0,0,,2,3,5,3,0,4,0,1,12
2021-11-26_california_baptist_uc_santa_barbara,UC Santa Barbara,30,"Anderson, Megan",True,30,2,7,0.286,2,5,0.4,3,4,0.75,2,5,7,1,2,0,0,1,9
2021-11-26_california_baptist_uc_santa_barbara,UC Santa Barbara,00,"Miller, Danae",True,34,2,13,0.154,0,6,0.0,0,0,,2,6,8,4,5,2,0,2,4
2021-11-26_california_baptist_uc_santa_barbara,UC Santa Barbara,11,"Lee, Lauren",True,23,0,2,0.0,0,0,,0,0,,2,0,2,3,1,0,0,1,0
2021-11-26_california_baptist_uc_santa_barbara,UC Santa Barbara,02,"Tucker, Alexis",False,18,3,9,0.333,0,1,0.0,6,6,1.0,0,1,1,1,0,2,0,0,12
2021-11-26_california_baptist_uc_santa_barbara,UC Santa Barbara,10,"Choice, Anya",False,15,1,2,0.5,0,1,0.0,2,3,0.667,0,2,2,0,0,2,0,0,4
2021-11-26_california_baptist_uc_santa_barbara,UC Santa Barbara,12,"Mole, Taylor",False,7,0,1,0.0,0,1,0.0,0,0,,0,2,2,0,0,0,0,0,0
2021-11-26_california_baptist_uc_santa_barbara,UC Santa Barbara,13,"Modawar, Tatyana",False,4,0,2,0.0,0,0,,0,0,,0,0,0,0,0,0,0,0,0
2021-11-26_california_baptist_uc_santa_barbara,UC Santa Barbara,TM,TEAM,False,0,0,0,,0,0,,0,0,,1,4,5,0,0,0,0,0,0
2021-11-26_california_baptist_uc_santa_barbara,California Baptist,34,"Harper, Caitlyn",True,25,7,11,0.636,0,2,0.0,2,2,1.0,0,4,4,4,0,0,1,2,16
2021-11-26_california_baptist_uc_santa_barbara,California Baptist,03,"Olaeta, Ane",True,38,4,14,0.286,0,1,0.0,2,4,0.5,0,4,4,2,6,2,1,1,10
2021-11-26_california_baptist_uc_santa_barbara,California Baptist,14,"Palma, Sydney",True,31,4,8,0.5,2,4,0.5,0,0,,0,0,0,3,3,5,0,1,10
2021-11-26_california_baptist_uc_santa_barbara,California Baptist,10,"Dale, Georgia",True,28,3,7,0.429,2,5,0.4,0,0,,0,6,6,1,1,0,0,1,8
2021-11-26_california_baptist_uc_santa_barbara,California Baptist,24,"Klaman, Brittany",True,24,1,3,0.333,1,3,0.333,0,0,,0,1,1,1,1,0,0,0,3
2021-11-26_california_baptist_uc_santa_barbara,California Baptist,32,"Thomas, Britney",False,22,8,11,0.727,0,0,,1,2,0.5,3,10,13,3,2,2,0,1,17
2021-11-26_california_baptist_uc_santa_barbara,California Baptist,23,"San Antonio, Trinity",False,17,1,7,0.143,0,4,0.0,0,1,0.0,0,1,1,5,2,1,0,1,2
2021-11-26_california_baptist_uc_santa_barbara,California Baptist,01,"Wu, Dorcas",False,15,1,3,0.333,0,1,0.0,0,0,,2,3,5,3,2,1,0,1,2
2021-11-26_california_baptist_uc_santa_barbara,California Baptist,TM,TEAM,False,0,0,0,,0,0,,0,0,,1,6,7,0,0,0,0,0,0
2021-11-26_cal_poly_st_thomas_mn,St. Thomas (MN),22,"Norling, Erin",True,29,5,16,0.312,2,7,0.286,4,6,0.667,2,2,4,1,1,3,0,1,16
2021-11-26_cal_poly_st_thomas_mn,St. Thomas (MN),4,"Hill, Jade",True,38,1,12,0.083,0,4,0.0,7,10,0.7,0,1,1,4,1,4,0,2,9
2021-11-26_cal_poly_st_thomas_mn,St. Thomas (MN),23,"Negaard, Maggie",True,16,2,8,0.25,1,5,0.2,2,2,1.0,2,2,4,1,1,1,1,0,7
2021-11-26_cal_poly_st_thomas_mn,St. Thomas (MN),35,"Burns, Kate",True,25,2,4,0.5,0,0,,0,2,0.0,1,4,5,2,2,3,1,0,4
2021-11-26_cal_poly_st_thomas_mn,St. Thomas (MN),12,"Glynn, Jordyn",True,26,0,1,0.0,0,1,0.0,0,0,,4,7,11,1,2,4,1,1,0
2021-11-26_cal_poly_st_thomas_mn,St. Thomas (MN),32,"Porter, Kaia",False,21,3,8,0.375,2,6,0.333,0,0,,0,2,2,1,0,1,0,0,8
2021-11-26_cal_poly_st_thomas_mn,St. Thomas (MN),14,"Lamker, Jordyn",False,12,1,4,0.25,1,2,0.5,1,2,0.5,1,3,4,0,0,0,0,0,4
2021-11-26_cal_poly_st_thomas_mn,St. Thomas (MN),13,"Johnson, Gabby",False,9,1,4,0.25,0,2,0.0,1,2,0.5,0,0,0,1,0,1,0,0,3
2021-11-26_cal_poly_st_thomas_mn,St. Thomas (MN),34,"Langbehn, Jo",False,12,0,0,,0,0,,0,0,,1,2,3,3,0,0,1,0,0
2021-11-26_cal_poly_st_thomas_mn,St. Thomas (MN),15,"Frentzel, Phoebe",False,10,0,0,,0,0,,0,0,,0,0,0,0,1,2,0,0,0
2021-11-26_cal_poly_st_thomas_mn,St. Thomas (MN),24,"Mackenthun, Abby",False,2,0,0,,0,0,,0,0,,0,1,1,0,0,0,0,0,0
2021-11-26_cal_poly_st_thomas_mn,St. Thomas (MN),TM,TEAM,False,0,0,0,,0,0,,0,0,,3,1,4,0,0,1,0,0,0
2021-11-26_cal_poly_st_thomas_mn,Cal Poly,13,"Vick, Maddie",True,28,5,9,0.556,0,1,0.0,0,0,,0,3,3,0,6,6,0,1,10
2021-11-26_cal_poly_st_thomas_mn,Cal Poly,2,"Shah, Annika",True,24,3,9,0.333,2,6,0.333,0,0,,0,0,0,1,1,1,0,2,8
2021-11-26_cal_poly_st_thomas_mn,Cal Poly,15,"Bourland, Sydney",True,21,3,7,0.429,0,0,,0,4,0.0,0,6,6,0,4,1,0,1,6
2021-11-26_cal_poly_st_thomas_mn,Cal Poly,33,"Willett, Maddie",True,18,2,8,0.25,0,2,0.0,2,4,0.5,1,2,3,0,0,0,0,0,6
2021-11-26_cal_poly_st_thomas_mn,Cal Poly,25,"Brown, Kirsty",True,21,2,4,0.5,0,0,,0,0,,2,3,5,2,1,3,2,4,4
2021-11-26_cal_poly_st_thomas_mn,Cal Poly,32,"Nielacna, Julia",False,18,4,5,0.8,1,1,1.0,0,0,,1,2,3,0,1,2,0,0,9
2021-11-26_cal_poly_st_thomas_mn,Cal Poly,14,"Scanlan, Hannah",False,15,3,4,0.75,0,0,,1,1,1.0,0,4,4,4,1,0,1,1,7
2021-11-26_cal_poly_st_thomas_mn,Cal Poly,24,"Stachowski, Zoe",False,7,1,2,0.5,0,0,,2,2,1.0,1,0,1,2,0,1,0,0,4
2021-11-26_cal_poly_st_thomas_mn,Cal Poly,1,"Dumitrescu, Sarah",False,13,1,3,0.333,0,0,,1,2,0.5,0,6,6,2,0,1,0,0,3
2021-11-26_cal_poly_st_thomas_mn,Cal Poly,5,"Anousinh, Jazzy",False,22,1,3,0.333,0,1,0.0,0,0,,0,1,1,4,1,2,0,1,2
2021-11-26_cal_poly_st_thomas_mn,Cal Poly,11,"Dickson, Junie",False,7,1,1,1.0,0,0,,0,0,,0,1,1,3,1,0,0,0,2
2021-11-26_cal_poly_st_thomas_mn,Cal Poly,22,"Bergstrom, Faith",False,2,1,2,0.5,0,0,,0,2,0.0,0,0,0,1,0,0,1,0,2
2021-11-26_cal_poly_st_thomas_mn,Cal Poly,3,"Svetich, Lily",False,4,0,0,,0,0,,0,0,,0,0,0,1,1,1,0,0,0
2021-11-26_cal_poly_st_thomas_mn,Cal Poly,TM,TEAM,False,0,0,0,,0,0,,0,0,,3,4,7,0,0,0,0,0,0
2021-11-26_richmond_long_beach_st,Long Beach St.,10,"King, Justina",True,40,4,10,0.4,1,2,0.5,2,2,1.0,0,3,3,0,5,1,0,0,11
2021-11-26_richmond_long_beach_st,Long Beach St.,11,"Hardy, Jasmine",True,24,5,10,0.5,0,3,0.0,1,2,0.5,2,0,2,4,0,2,1,0,11
2021-11-26_richmond_long_beach_st,Long Beach St.,1,"Utti, Maddi",True,37,3,9,0.333,0,1,0.0,0,0,,3,11,14,1,3,1,1,8,6
2021-11-26_richmond_long_beach_st,Long Beach St.,00,"Berry, Ma'qhi",True,32,0,7,0.0,0,2,0.0,0,0,,0,1,1,0,1,1,0,1,0
2021-11-26_richmond_long_beach_st,Long Beach St.,23,"Green, Lauren",True,5,0,0,,0,0,,0,0,,0,0,0,0,0,0,0,0,0
2021-11-26_richmond_long_beach_st,Long Beach St.,25,"Hamilton-fisher, Kianna",False,32,7,14,0.5,1,2,0.5,0,2,0.0,1,2,3,2,4,2,1,3,15
2021-11-26_richmond_long_beach_st,Long Beach St.,20,"Joseph, Myrrah",False,15,4,7,0.571,0,0,,1,2,0.5,1,1,2,0,2,0,1,1,9
2021-11-26_richmond_long_beach_st,Long Beach St.,32,"Mikkelsen, Thea",False,5,0,1,0.0,0,0,,0,0,,0,1,1,1,1,0,0,0,0
2021-11-26_richmond_long_beach_st,Long Beach St.,2,"Tucker, Savannah",False,3,0,1,0.0,0,0,,0,0,,0,0,0,0,0,0,0,0,0
2021-11-26_richmond_long_beach_st,Long Beach St.,12,"Jeskeova, Kristyna",False,3,0,2,0.0,0,1,0.0,0,0,,0,1,1,0,0,0,0,0,0
2021-11-26_richmond_long_beach_st,Long Beach St.,3,"Chung, Patricia",False,2,0,1,0.0,0,0,,0,0,,0,0,0,0,0,0,0,0,0
2021-11-26_richmond_long_beach_st,Long Beach St.,5,"Sullivan, Emily",False,2,0,1,0.0,0,0,,0,0,,0,1,1,0,0,0,0,0,0
2021-11-26_richmond_long_beach_st,Long Beach St.,TM,TEAM,False,0,0,0,,0,0,,0,0,,3,2,5,0,0,1,0,0,0
2021-11-26_richmond_long_beach_st,Richmond,20,"Budnik, Addie",True,37,6,9,0.667,2,4,0.5,0,0,,1,6,7,0,2,4,2,0,14
2021-11-26_richmond_long_beach_st,Richmond,24,"Klimkiewicz, Kate",True,36,4,13,0.308,0,5,0.0,0,0,,4,8,12,2,5,3,1,4,8
2021-11-26_richmond_long_beach_st,Richmond,1,"Townsend, Grace",True,30,3,8,0.375,1,4,0.25,0,0,,0,4,4,4,1,3,0,0,7
2021-11-26_richmond_long_beach_st,Richmond,11,"Williams, Cayla",True,26,1,5,0.2,0,1,0.0,0,0,,1,3,4,1,1,1,0,0,2
2021-11-26_richmond_long_beach_st,Richmond,32,"Ryan, Siobhan",True,16,0,4,0.0,0,1,0.0,1,2,0.5,1,0,1,1,0,2,0,0,1
2021-11-26_richmond_long_beach_st,Richmond,21,"Lewandowski, Kylee",False,15,2,6,0.333,2,6,0.333,0,0,,0,1,1,0,0,2,1,0,6
2021-11-26_richmond_long_beach_st,Richmond,00,"Boone, Sydney",False,10,2,4,0.5,2,3,0.667,0,0,,0,3,3,0,2,2,0,0,6
2021-11-26_richmond_long_beach_st,Richmond,15,"Squires, Emma",False,16,0,2,0.0,0,1,0.0,0,0,,0,0,0,1,1,2,2,0,0
2021-11-26_richmond_long_beach_st,Richmond,2,"Carpenter, Aniyah",False,11,0,1,0.0,0,1,0.0,0,0,,1,1,2,0,0,2,0,0,0
2021-11-26_richmond_long_beach_st,Richmond,12,"Holt, Claire",False,3,0,0,,0,0,,0,0,,0,0,0,0,0,0,0,0,0
2021-11-26_richmond_long_beach_st,Richmond,TM,TEAM,False,0,0,0,,0,0,,0,0,,3,6,9,0,0,2,0,0,0
2021-11-27_hawaii_utah,Utah,11,"Maxwell, Brynna",True,30,8,15,0.533,5,9,0.556,2,2,1.0,1,2,3,1,2,2,0,5,23
2021-11-27_hawaii_utah,Utah,10,"Gylten, Dru",True,31,3,8,0.375,1,4,0.25,3,3,1.0,1,6,7,1,5,4,0,4,10
2021-11-27_hawaii_utah,Utah,24,"McQueen, Kennady",True,22,4,6,0.667,2,3,0.667,0,0,,0,1,1,1,1,2,0,0,10
2021-11-27_hawaii_utah,Utah,34,"Young, Dasia",True,22,2,7,0.286,1,3,0.333,0,1,0.0,0,0,0,3,1,0,0,0,5
2021-11-27_hawaii_utah,Utah,22,"Johnson, Jenna",True,22,2,4,0.5,0,0,,0,0,,2,1,3,2,1,1,0,0,4
2021-11-27_hawaii_utah,Utah,03,"Torres, Andrea",False,13,4,4,1.0,1,1,1.0,0,0,,2,0,2,2,0,1,1,1,9
2021-11-27_hawaii_utah,Utah,02,"Vieira, Ines",False,9,2,5,0.4,2,3,0.667,0,0,,1,1,2,1,1,1,0,2,6
2021-11-27_hawaii_utah,Utah,01,"Palmer, Isabel",False,11,1,4,0.25,0,1,0.0,2,2,1.0,0,0,0,1,0,0,0,1,4
2021-11-27_hawaii_utah,Utah,53,"Rees, Kelsey",False,19,0,0,,0,0,,2,2,1.0,3,2,5,2,2,2,0,0,2
2021-11-27_hawaii_utah,Utah,05,"Kneepkens, Gianna",False,9,0,2,0.0,0,0,,0,0,,0,2,2,1,0,1,0,0,0
2021-11-27_hawaii_utah,Utah,15,"Martin, Kemery",False,8,0,4,0.0,0,2,0.0,0,0,,0,0,0,3,0,1,0,0,0
2021-11-27_hawaii_utah,Utah,42,"McFarland, Peyton",False,4,0,0,,0,0,,0,0,,0,3,3,2,0,1,0,0,0
2021-11-27_hawaii_utah,Utah,TM,TEAM,False,0,0,0,,0,0,,0,0,,3,3,6,0,0,1,0,0,0
2021-11-27_hawaii_utah,Hawaii,25,"Atwell, Amy",True,35,3,12,0.25,2,6,0.333,4,4,1.0,0,3,3,2,2,3,0,3,12
2021-11-27_hawaii_utah,Hawaii,14,"Orji, Nnenna",True,26,4,10,0.4,0,0,,2,4,0.5,2,3,5,2,1,5,0,0,10
2021-11-27_hawaii_utah,Hawaii,20,"Haire, McKenna",True,32,1,3,0.333,0,2,0.0,1,2,0.5,0,3,3,1,0,2,0,0,3
2021-11-27_hawaii_utah,Hawaii,23,"McBee, MeiLani",True,27,1,3,0.333,1,1,1.0,0,0,,1,1,2,2,1,2,1,0,3
2021-11-27_hawaii_utah,Hawaii,24,"Calhoun, Nae Nae",True,29,1,2,0.5,0,1,0.0,0,0,,1,2,3,2,5,1,0,1,2
2021-11-27_hawaii_utah,Hawaii,15,"Phillips, Daejah",False,26,5,9,0.556,0,0,,9,13,0.692,0,1,1,3,0,4,0,3,19
2021-11-27_hawaii_utah,Hawaii,01,"Imai, Kelsie",False,11,3,4,0.75,0,0,,0,0,,0,0,0,1,0,1,0,1,6
2021-11-27_hawaii_utah,Hawaii,33,"Donnelly, Maeve",False,14,1,2,0.5,0,0,,0,0,,0,3,3,3,0,4,0,0,2
2021-11-27_hawaii_utah,Hawaii,TM,TEAM,False,0,0,0,,0,0,,0,0,,2,4,6,0,0,1,0,0,0
2021-11-27_loyola_marymount_uc_san_diego,UC San Diego,13,"Brown, Sydney",True,37,6,14,0.429,1,5,0.2,1,2,0.5,2,4,6,3,3,5,1,0,14
2021-11-27_loyola_marymount_uc_san_diego,UC San Diego,10,"Macabuhay, Julia",True,20,5,14,0.357,1,8,0.125,0,0,,1,1,2,3,1,1,1,0,11
2021-11-27_loyola_marymount_uc_san_diego,UC San Diego,32,"Montgomery, Parker",True,34,2,6,0.333,0,1,0.0,0,0,,0,3,3,1,3,4,0,2,4
2021-11-27_loyola_marymount_uc_san_diego,UC San Diego,12,"Baxter, Madison",True,18,1,3,0.333,0,0,,0,0,,2,0,2,0,1,2,0,1,2
2021-11-27_loyola_marymount_uc_san_diego,UC San Diego,11,"Brown, Aishah",True,16,0,4,0.0,0,0,,0,0,,0,7,7,2,0,1,1,0,0
2021-11-27_loyola_marymount_uc_san_diego,UC San Diego,04,"Cangelosi, Emily",False,22,2,4,0.5,2,2,1.0,0,0,,0,3,3,3,0,1,0,2,6
2021-11-27_loyola_marymount_uc_san_diego,UC San Diego,01,"Obouh Fegue, Alex",False,24,2,5,0.4,0,0,,1,2,0.5,6,5,11,2,1,2,4,0,5
2021-11-27_loyola_marymount_uc_san_diego,UC San Diego,15,"Claros, Brianna",False,19,1,4,0.25,0,1,0.0,0,0,,0,1,1,1,2,2,0,0,2
2021-11-27_loyola_marymount_uc_san_diego,UC San Diego,02,"Chamberlin, Ula",False,10,0,0,,0,0,,0,0,,0,0,0,2,0,1,0,0,0
2021-11-27_loyola_marymount_uc_san_diego,UC San Diego,TM,TEAM,False,0,0,0,,0,0,,0,0,,1,0,1,0,0,1,0,0,0
2021-11-27_loyola_marymount_uc_san_diego,Loyola Marymount,32,"Johnson, Ariel",True,34,5,13,0.385,1,2,0.5,3,3,1.0,1,5,6,3,3,4,0,2,14
2021-11-27_loyola_marymount_uc_san_diego,Loyola Marymount,35,"Mark, Alexis",True,28,4,9,0.444,1,1,1.0,0,0,,1,6,7,3,3,1,1,1,9
2021-11-27_loyola_marymount_uc_san_diego,Loyola Marymount,24,"Rodriguez, Nicole",True,40,1,4,0.25,1,4,0.25,3,4,0.75,0,2,2,0,1,2,0,2,6
2021-11-27_loyola_marymount_uc_san_diego,Loyola Marymount,20,"Jones, Jasmine",True,20,1,6,0.167,0,0,,2,2,1.0,3,2,5,1,1,0,0,2,4
2021-11-27_loyola_marymount_uc_san_diego,Loyola Marymount,02,"Gordon, Cassandra",True,18,0,2,0.0,0,1,0.0,0,0,,0,1,1,1,2,3,0,0,0
2021-11-27_loyola_marymount_uc_san_diego,Loyola Marymount,04,"Sykes, Kimora",False,31,4,11,0.364,3,10,0.3,0,0,,2,1,3,1,2,0,0,2,11
2021-11-27_loyola_marymount_uc_san_diego,Loyola Marymount,03,"Allmond, Se'Quoia",False,12,2,4,0.5,1,2,0.5,0,0,,0,2,2,1,0,0,0,0,5
2021-11-27_loyola_marymount_uc_san_diego,Loyola Marymount,34,"Clark, Khari",False,17,1,8,0.125,0,0,,0,0,,4,1,5,2,1,2,0,1,2
2021-11-27_loyola_marymount_uc_san_diego,Loyola Marymount,TM,TEAM,False,0,0,0,,0,0,,0,0,,3,1,4,0,0,3,0,0,0
2021-11-27_saint_marys_ca_uc_santa_barbara,UC Santa Barbara,30,"Anderson, Megan",True,20,3,6,0.5,1,4,0.25,0,0,,1,2,3,1,0,2,0,0,7
2021-11-27_saint_marys_ca_uc_santa_barbara,UC Santa Barbara,00,"Miller, Danae",True,20,2,5,0.4,2,5,0.4,0,0,,0,0,0,4,1,0,0,2,6
2021-11-27_saint_marys_ca_uc_santa_barbara,UC Santa Barbara,31,"Lane, Ila",True,30,1,4,0.25,0,0,,3,6,0.5,3,4,7,3,1,3,0,1,5
2021-11-27_saint_marys_ca_uc_santa_barbara,UC Santa Barbara,01,"Gonzalez, Johnni",True,28,2,4,0.5,0,2,0.0,0,0,,0,3,3,1,3,2,0,2,4
2021-11-27_saint_marys_ca_uc_santa_barbara,UC Santa Barbara,11,"Lee, Lauren",True,9,0,1,0.0,0,1,0.0,0,0,,0,0,0,1,0,1,0,0,0
2021-11-27_saint_marys_ca_uc_santa_barbara,UC Santa Barbara,21,"Johnson, Kennedy",False,18,3,11,0.273,0,3,0.0,1,2,0.5,5,2,7,0,0,1,0,2,7
2021-11-27_saint_marys_ca_uc_santa_barbara,UC Santa Barbara,10,"Choice, Anya",False,16,0,5,0.0,0,4,0.0,4,4,1.0,0,1,1,0,0,1,0,0,4
2021-11-27_saint_marys_ca_uc_santa_barbara,UC Santa Barbara,12,"Mole, Taylor",False,10,1,4,0.25,0,2,0.0,2,3,0.667,0,2,2,0,0,0,0,0,4
2021-11-27_saint_marys_ca_uc_santa_barbara,UC Santa Barbara,20,"Rockwood, Laurel",False,10,1,1,1.0,0,0,,1,1,1.0,0,0,0,1,0,1,1,1,3
2021-11-27_saint_marys_ca_uc_santa_barbara,UC Santa Barbara,05,"Cooper, Callie",False,10,1,3,0.333,0,0,,0,0,,0,0,0,1,0,1,1,3,2
2021-11-27_saint_marys_ca_uc_santa_barbara,UC Santa Barbara,13,"Modawar, Tatyana",False,8,1,5,0.2,0,2,0.0,0,0,,0,0,0,2,0,2,0,0,2
2021-11-27_saint_marys_ca_uc_santa_barbara,UC Santa Barbara,02,"Tucker, Alexis",False,9,0,3,0.0,0,1,0.0,1,2,0.5,1,1,2,0,0,4,0,0,1
2021-11-27_saint_marys_ca_uc_santa_barbara,UC Santa Barbara,22,"Vierra, Kiana",False,8,0,5,0.0,0,3,0.0,0,0,,0,0,0,2,0,0,0,1,0
2021-11-27_saint_marys_ca_uc_santa_barbara,UC Santa Barbara,25,"Cabuena, Analillia",False,4,0,0,,0,0,,0,0,,0,0,0,0,0,0,0,0,0
2021-11-27_saint_marys_ca_uc_santa_barbara,UC Santa Barbara,TM,TEAM,False,0,0,0,,0,0,,0,0,,1,4,5,0,0,0,0,0,0
2021-11-27_saint_marys_ca_uc_santa_barbara,Saint Mary's (CA),04,"Wedin, Taycee",True,29,8,13,0.615,4,8,0.5,2,3,0.667,1,3,4,1,0,3,0,1,22
2021-11-27_saint_marys_ca_uc_santa_barbara,Saint Mary's (CA),33,"Bamberger, Ali",True,27,4,10,0.4,0,2,0.0,3,4,0.75,1,8,9,3,2,2,0,1,11
2021-11-27_saint_marys_ca_uc_santa_barbara,Saint Mary's (CA),05,"Holland, Madeline",True,19,3,7,0.429,0,1,0.0,2,2,1.0,2,4,6,0,3,1,0,2,8
2021-11-27_saint_marys_ca_uc_santa_barbara,Saint Mary's (CA),30,"West, Amy",True,13,2,2,1.0,0,0,,0,0,,2,1,3,2,0,3,0,2,4
2021-11-27_saint_marys_ca_uc_santa_barbara,Saint Mary's (CA),11,"Kirisome, Jade",True,22,0,3,0.0,0,2,0.0,0,0,,0,1,1,2,3,3,0,3,0
2021-11-27_saint_marys_ca_uc_santa_barbara,Saint Mary's (CA),01,"Mastora, Makena",False,22,4,11,0.364,0,4,0.0,0,0,,1,5,6,3,1,2,0,0,8
2021-11-27_saint_marys_ca_uc_santa_barbara,Saint Mary's (CA),21,"Rapp, Hannah",False,10,2,4,0.5,1,2,0.5,0,0,,0,2,2,0,0,1,0,0,5
2021-11-27_saint_marys_ca_uc_santa_barbara,Saint Mary's (CA),22,"Croco, Ellie",False,16,2,5,0.4,0,1,0.0,0,0,,3,2,5,2,2,2,0,0,4
2021-11-27_saint_marys_ca_uc_santa_barbara,Saint Mary's (CA),25,"Garrison, Aspen",False,8,0,1,0.0,0,0,,4,4,1.0,1,3,4,1,1,1,1,0,4
2021-11-27_saint_marys_ca_uc_santa_barbara,Saint Mary's (CA),03,"Hanafin, Leia",False,14,1,2,0.5,0,0,,0,0,,1,2,3,1,2,0,1,1,2
2021-11-27_saint_marys_ca_uc_santa_barbara,Saint Mary's (CA),12,"Grizelj, Mia",False,12,0,0,,0,0,,0,0,,1,1,2,3,0,1,1,0,0
2021-11-27_saint_marys_ca_uc_santa_barbara,Saint Mary's (CA),10,"Dalton, Tayla",False,7,0,3,0.0,0,1,0.0,0,0,,2,0,2,0,1,0,0,1,0
2021-11-27_saint_marys_ca_uc_santa_barbara,Saint Mary's (CA),13,"Hadley, Keyna",False,1,0,0,,0,0,,0,0,,0,0,0,0,0,0,0,0,0
2021-11-27_saint_marys_ca_uc_santa_barbara,Saint Mary's (CA),TM,TEAM,False,0,0,0,,0,0,,0,0,,0,3,3,0,0,1,0,0,0
2021-11-27_cal_poly_montana_st,Montana St.,00,"White, Darian",True,28,6,14,0.429,1,1,1.0,6,7,0.857,0,5,5,0,6,7,0,3,19
2021-11-27_cal_poly_montana_st,Montana St.,11,"Limardo, Katelynn",True,20,4,8,0.5,4,8,0.5,2,2,1.0,0,4,4,3,0,1,0,1,14
2021-11-27_cal_poly_montana_st,Montana St.,10,"Bad Bear, Kola",True,24,3,8,0.375,0,1,0.0,3,5,0.6,4,6,10,4,3,1,0,0,9
2021-11-27_cal_poly_montana_st,Montana St.,21,"Deden, Lexi",True,26,3,7,0.429,0,0,,2,2,1.0,2,7,9,3,1,0,2,0,8
2021-11-27_cal_poly_montana_st,Montana St.,15,"Beattie, Leia",True,29,3,13,0.231,1,8,0.125,0,0,,2,1,3,4,0,1,0,1,7
2021-11-27_cal_poly_montana_st,Montana St.,24,"Janssen, Taylor",False,17,1,3,0.333,1,2,0.5,2,4,0.5,2,2,4,4,0,0,0,0,5
2021-11-27_cal_poly_montana_st,Montana St.,3,"van Sickle, Ashley",False,16,1,5,0.2,1,4,0.25,0,0,,0,1,1,2,1,1,0,1,3
2021-11-27_cal_poly_montana_st,Montana St.,1,"Hughes, Mia",False,11,0,1,0.0,0,0,,2,2,1.0,1,2,3,0,0,2,0,1,2
2021-11-27_cal_poly_montana_st,Montana St.,5,"Ranson, Ava",False,7,0,3,0.0,0,3,0.0,0,0,,0,1,1,1,0,0,0,1,0
2021-11-27_cal_poly_montana_st,Montana St.,33,"Hein, Lindsey",False,2,0,0,,0,0,,0,2,0.0,0,0,0,1,0,0,1,0,0
2021-11-27_cal_poly_montana_st,Montana St.,TM,TEAM,False,0,0,0,,0,0,,0,0,,1,2,3,0,0,0,0,0,0
2021-11-27_cal_poly_montana_st,Cal Poly,13,"Vick, Maddie",True,32,9,12,0.75,1,1,1.0,0,0,,0,2,2,1,1,3,0,1,19
2021-11-27_cal_poly_montana_st,Cal Poly,25,"Brown, Kirsty",True,32,6,13,0.462,0,0,,1,2,0.5,4,5,9,5,0,1,2,0,13
2021-11-27_cal_poly_montana_st,Cal Poly,32,"Nielacna, Julia",True,25,2,13,0.154,0,4,0.0,2,3,0.667,2,6,8,3,0,2,0,0,6
2021-11-27_cal_poly_montana_st,Cal Poly,15,"Bourland, Sydney",True,21,1,5,0.2,0,0,,0,0,,2,2,4,2,0,1,1,0,2
2021-11-27_cal_poly_montana_st,Cal Poly,5,"Anousinh, Jazzy",True,20,0,2,0.0,0,2,0.0,2,2,1.0,0,3,3,3,3,2,0,0,2
2021-11-27_cal_poly_montana_st,Cal Poly,33,"Willett, Maddie",False,16,1,5,0.2,0,3,0.0,3,4,0.75,0,0,0,2,2,1,0,0,5
2021-11-27_cal_poly_montana_st,Cal Poly,24,"Stachowski, Zoe",False,12,1,2,0.5,0,0,,1,4,0.25,2,2,4,4,0,1,0,0,3
2021-11-27_cal_poly_montana_st,Cal Poly,2,"Shah, Annika",False,10,0,5,0.0,0,4,0.0,2,2,1.0,0,0,0,0,2,0,0,0,2
2021-11-27_cal_poly_montana_st,Cal Poly,3,"Svetich, Lily",False,8,1,1,1.0,0,0,,0,0,,0,0,0,0,2,1,0,0,2
2021-11-27_cal_poly_montana_st,Cal Poly,1,"Dumitrescu, Sarah",False,21,0,5,0.0,0,1,0.0,1,2,0.5,3,7,10,3,2,4,0,0,1
2021-11-27_cal_poly_montana_st,Cal Poly,11,"Dickson, Junie",False,3,0,1,0.0,0,1,0.0,0,0,,1,0,1,2,0,0,0,0,0
2021-11-27_cal_poly_montana_st,Cal Poly,TM,TEAM,False,0,0,0,,0,0,,0,0,,3,5,8,0,0,0,0,0,0
2021-11-27_texas_csun,CSUN,1,"Jackson, Jordyn",True,27,5,12,0.417,1,6,0.167,0,0,,0,2,2,2,1,7,0,1,11
2021-11-27_texas_csun,CSUN,4,"Harvey, Rachel",True,22,5,6,0.833,1,1,1.0,0,2,0.0,0,1,1,4,1,6,0,0,11
2021-11-27_texas_csun,CSUN,15,"Amundsen, Tess",True,25,3,8,0.375,1,1,1.0,0,0,,2,3,5,1,3,3,0,2,7
2021-11-27_texas_csun,CSUN,21,"Tu'ua, Anaiyah",True,32,1,4,0.25,0,1,0.0,0,0,,0,3,3,2,2,3,0,4,2
2021-11-27_texas_csun,CSUN,12,"Henderson, Meghann",True,23,0,4,0.0,0,1,0.0,0,0,,2,1,3,1,0,0,0,2,0
2021-11-27_texas_csun,CSUN,24,"Smith, Macy",False,14,1,5,0.2,1,4,0.25,6,6,1.0,0,0,0,1,0,1,0,0,9
2021-11-27_texas_csun,CSUN,2,"Woodley, Sydney",False,21,1,4,0.25,0,1,0.0,0,0,,1,1,2,3,1,1,0,4,2
2021-11-27_texas_csun,CSUN,11,"Smith, Olivia",False,11,0,0,,0,0,,0,0,,2,2,4,1,0,1,0,0,0
2021-11-27_texas_csun,CSUN,5,"Duchemin, Michelle",False,9,0,6,0.0,0,1,0.0,0,2,0.0,1,0,1,2,0,2,0,1,0
2021-11-27_texas_csun,CSUN,34,"Spriggs, Kayanna",False,9,0,0,,0,0,,0,0,,2,0,2,1,0,0,1,0,0
2021-11-27_texas_csun,CSUN,32,"Hawkins, Ashley",False,4,0,0,,0,0,,0,0,,0,0,0,0,1,0,0,0,0
2021-11-27_texas_csun,CSUN,22,"Hudgen, McKenzie",False,3,0,0,,0,0,,0,0,,0,1,1,0,0,0,0,0,0
2021-11-27_texas_csun,CSUN,TM,TEAM,False,0,0,0,,0,0,,0,0,,0,3,3,0,0,4,0,0,0
2021-11-27_texas_csun,Texas,31,"Warren, Audrey",True,27,4,5,0.8,0,0,,5,5,1.0,4,4,8,2,0,5,1,2,13
2021-11-27_texas_csun,Texas,11,"Allen-taylor, Joanne",True,27,4,9,0.444,2,3,0.667,2,2,1.0,1,0,1,1,0,2,0,1,12
2021-11-27_texas_csun,Texas,1,"Ebo, Lauren",True,17,3,5,0.6,0,0,,5,7,0.714,3,5,8,2,0,2,0,1,11
2021-11-27_texas_csun,Texas,3,"Harmon, Rori",True,21,3,8,0.375,1,1,1.0,2,2,1.0,0,1,1,1,9,2,0,2,9
2021-11-27_texas_csun,Texas,2,"Matharu, Aliyah",True,20,2,11,0.182,0,7,0.0,0,0,,1,5,6,2,1,5,0,1,4
2021-11-27_texas_csun,Texas,5,"Gaston, Deyona",False,21,9,11,0.818,1,1,1.0,0,1,0.0,1,1,2,2,0,2,0,1,19
2021-11-27_texas_csun,Texas,10,"Holle, Shay",False,30,4,8,0.5,0,2,0.0,2,5,0.4,4,1,5,1,2,1,0,1,10
2021-11-27_texas_csun,Texas,34,"Masudi, Femme",False,10,1,5,0.2,0,0,,1,1,1.0,2,1,3,0,0,0,0,1,3
2021-11-27_texas_csun,Texas,25,"Chevalier, Ashley",False,19,1,3,0.333,0,2,0.0,0,0,,1,2,3,1,6,1,0,1,2
2021-11-27_texas_csun,Texas,35,"Lattimore, Latasha",False,8,0,1,0.0,0,0,,0,0,,1,3,4,1,0,0,1,0,0
2021-11-27_texas_csun,Texas,TM,TEAM,False,0,0,0,,0,0,,0,0,,3,2,5,0,0,1,0,0,0
2021-11-27_pepperdine_cal_st_fullerton,Cal St. Fullerton,03,"Wahinekapu, Lily",True,34,5,13,0.385,2,5,0.4,2,2,1.0,0,3,3,0,8,2,1,0,14
2021-11-27_pepperdine_cal_st_fullerton,Cal St. Fullerton,32,"Lewis, Ashlee",True,24,7,10,0.7,0,0,,0,0,,1,4,5,3,0,2,0,0,14
2021-11-27_pepperdine_cal_st_fullerton,Cal St. Fullerton,23,"Gill, Carolyn",True,31,2,5,0.4,0,1,0.0,1,2,0.5,3,0,3,2,0,1,1,1,5
2021-11-27_pepperdine_cal_st_fullerton,Cal St. Fullerton,24,"Neff, Kathryn",True,19,1,5,0.2,1,2,0.5,0,0,,2,3,5,2,1,0,0,1,3
2021-11-27_pepperdine_cal_st_fullerton,Cal St. Fullerton,55,"Nimmo, Fujika",True,17,1,5,0.2,0,0,,0,0,,0,2,2,0,3,4,0,1,2
2021-11-27_pepperdine_cal_st_fullerton,Cal St. Fullerton,04,"Vidmar, Gabi",False,30,4,8,0.5,3,4,0.75,2,2,1.0,2,4,6,0,3,0,0,0,13
2021-11-27_pepperdine_cal_st_fullerton,Cal St. Fullerton,13,"Hernandez, Aixchel",False,15,4,6,0.667,0,1,0.0,0,0,,1,1,2,1,0,0,0,1,8
2021-11-27_pepperdine_cal_st_fullerton,Cal St. Fullerton,05,"Rodarte, Clarissa",False,21,1,5,0.2,0,3,0.0,3,6,0.5,1,2,3,2,0,0,0,2,5
2021-11-27_pepperdine_cal_st_fullerton,Cal St. Fullerton,01,"Jovanovic, Una",False,9,2,3,0.667,0,1,0.0,0,0,,1,0,1,1,2,2,0,1,4
2021-11-27_pepperdine_cal_st_fullerton,Cal St. Fullerton,TM,TEAM,False,0,0,0,,0,0,,0,0,,2,3,5,0,0,2,0,0,0
2021-11-27_pepperdine_cal_st_fullerton,Pepperdine,01,Malia Bambrick,True,35,8,21,0.381,4,8,0.5,1,1,1.0,0,2,2,1,0,0,0,1,21
2021-11-27_pepperdine_cal_st_fullerton,Pepperdine,15,Becky Obinma,True,27,5,9,0.556,0,0,,2,5,0.4,1,6,7,1,1,0,1,1,12
2021-11-27_pepperdine_cal_st_fullerton,Pepperdine,24,Ally Stedman,True,36,3,12,0.25,0,8,0.0,2,2,1.0,1,1,2,2,1,3,0,0,8
2021-11-27_pepperdine_cal_st_fullerton,Pepperdine,22,Kendyl Carson,True,27,1,6,0.167,0,3,0.0,0,0,,2,3,5,3,5,3,0,1,2
2021-11-27_pepperdine_cal_st_fullerton,Pepperdine,14,Jayla Ruffus-Milner,True,21,0,0,,0,0,,1,2,0.5,6,2,8,1,1,2,0,1,1
2021-11-27_pepperdine_cal_st_fullerton,Pepperdine,23,Eve Braslis,False,24,5,10,0.5,0,0,,0,0,,7,4,11,5,0,1,1,0,10
2021-11-27_pepperdine_cal_st_fullerton,Pepperdine,10,Jane Nwaba,False,17,3,7,0.429,0,0,,0,0,,3,2,5,2,2,1,0,1,6
2021-11-27_pepperdine_cal_st_fullerton,Pepperdine,04,Cheyenne Givens,False,13,1,3,0.333,0,1,0.0,1,2,0.5,0,1,1,1,4,3,0,0,3
2021-11-27_pepperdine_cal_st_fullerton,Pepperdine,03,Jayda Ruffus-Milner,False,0,0,0,,0,0,,0,0,,0,0,0,0,0,0,0,0,0
2021-11-27_pepperdine_cal_st_fullerton,Pepperdine,TM,TEAM,False,0,0,0,,0,0,,0,0,,2,1,3,0,0,0,0,0,0
2021-11-27_santa_clara_csu_bakersfield,CSU Bakersfield,10,"Eggleston, Jayden",True,25,4,9,0.444,0,2,0.0,9,9,1.0,0,1,1,3,1,1,0,1,17
2021-11-27_santa_clara_csu_bakersfield,CSU Bakersfield,11,"Green, Lexus",True,28,4,14,0.286,0,6,0.0,1,2,0.5,1,1,2,3,1,4,0,1,9
2021-11-27_santa_clara_csu_bakersfield,CSU Bakersfield,22,"Easley, Andie",True,34,2,8,0.25,2,6,0.333,0,0,,0,3,3,1,0,2,0,1,6
2021-11-27_santa_clara_csu_bakersfield,CSU Bakersfield,04,"Dixon, Jasmin",True,18,1,3,0.333,0,2,0.0,0,0,,0,1,1,1,1,0,0,0,2
2021-11-27_santa_clara_csu_bakersfield,CSU Bakersfield,54,"Austin, Vanessa",True,11,0,0,,0,0,,1,2,0.5,2,2,4,3,1,1,0,0,1
2021-11-27_santa_clara_csu_bakersfield,CSU Bakersfield,03,"van Schaik, Hennie",False,18,3,5,0.6,2,3,0.667,1,2,0.5,0,5,5,2,0,3,1,1,9
2021-11-27_santa_clara_csu_bakersfield,CSU Bakersfield,23,"Saxon, Miracle",False,20,3,6,0.5,0,2,0.0,0,0,,0,1,1,2,0,3,0,2,6
2021-11-27_santa_clara_csu_bakersfield,CSU Bakersfield,24,"Bridges-Bey, Sage",False,8,1,2,0.5,1,1,1.0,0,0,,0,1,1,1,1,2,1,0,3
2021-11-27_santa_clara_csu_bakersfield,CSU Bakersfield,01,"Clayburne, Tatyanna",False,18,0,2,0.0,0,2,0.0,0,0,,0,0,0,3,2,0,0,0,0
2021-11-27_santa_clara_csu_bakersfield,CSU Bakersfield,13,"Herrera, Soli",False,12,0,2,0.0,0,1,0.0,0,0,,2,1,3,2,1,0,0,1,0
2021-11-27_santa_clara_csu_bakersfield,CSU Bakersfield,00,"Johnson, Simone",False,3,0,0,,0,0,,0,0,,0,0,0,2,0,0,0,1,0
2021-11-27_santa_clara_csu_bakersfield,CSU Bakersfield,12,"Tougas, Sophia",False,3,0,0,,0,0,,0,0,,0,1,1,0,1,0,0,0,0
2021-11-27_santa_clara_csu_bakersfield,CSU Bakersfield,15,"Morris, Kayla",False,2,0,0,,0,0,,0,0,,0,0,0,0,0,0,0,0,0
2021-11-27_santa_clara_csu_bakersfield,CSU Bakersfield,TM,TEAM,False,0,0,0,,0,0,,0,0,,2,2,4,0,0,4,0,0,0
2021-11-27_santa_clara_csu_bakersfield,Santa Clara,23,"VanAllen, Lindsey",True,29,6,10,0.6,2,4,0.5,12,14,0.857,0,2,2,2,1,4,0,0,26
2021-11-27_santa_clara_csu_bakersfield,Santa Clara,31,"Hiraki, Ashley",True,33,3,6,0.5,1,1,1.0,4,6,0.667,0,3,3,2,4,6,0,4,11
2021-11-27_santa_clara_csu_bakersfield,Santa Clara,05,"Wiehl, Merle",True,33,3,9,0.333,2,4,0.5,1,2,0.5,1,6,7,0,0,5,0,2,9
2021-11-27_santa_clara_csu_bakersfield,Santa Clara,34,"Hollingsworth, Lana",True,34,3,7,0.429,0,1,0.0,2,2,1.0,0,3,3,4,2,2,1,0,8
2021-11-27_santa_clara_csu_bakersfield,Santa Clara,13,"Edmanson, Lara",True,18,2,2,1.0,0,0,,0,2,0.0,1,3,4,2,0,0,0,0,4
2021-11-27_santa_clara_csu_bakersfield,Santa Clara,33,"Stafford, Danja",False,18,1,3,0.333,0,1,0.0,3,5,0.6,1,3,4,4,0,2,0,1,5
2021-11-27_santa_clara_csu_bakersfield,Santa Clara,11,"Nixon, Bryce",False,18,1,6,0.167,0,1,0.0,0,0,,0,1,1,1,1,1,0,1,2
2021-11-27_santa_clara_csu_bakersfield,Santa Clara,10,"Harris, Shayley",False,7,1,2,0.5,0,0,,0,0,,2,0,2,1,0,0,0,0,2
2021-11-27_santa_clara_csu_bakersfield,Santa Clara,04,"Johnson, Anna",False,8,0,0,,0,0,,0,0,,0,3,3,0,1,0,0,0,0
2021-11-27_santa_clara_csu_bakersfield,Santa Clara,01,"Bevington, Sydney",False,1,0,0,,0,0,,0,0,,0,1,1,0,0,0,0,0,0
2021-11-27_santa_clara_csu_bakersfield,Santa Clara,24,"Stergaki, Rafailia",False,1,0,0,,0,0,,0,0,,0,0,0,0,0,1,0,0,0
2021-11-27_santa_clara_csu_bakersfield,Santa Clara,TM,TEAM,False,0,0,0,,0,0,,0,0,,3,2,5,0,0,0,0,0,0
2021-11-28_hawaii_gonzaga,Gonzaga,14,"Truong, Kaylynne",True,30,4,11,0.364,1,4,0.25,5,5,1.0,1,3,4,0,4,6,0,1,14
2021-11-28_hawaii_gonzaga,Gonzaga,04,"O'Connor, Abby",True,27,5,7,0.714,3,4,0.75,1,2,0.5,0,4,4,0,0,0,0,1,14
2021-11-28_hawaii_gonzaga,Gonzaga,33,"Kempton, Melody",True,23,6,8,0.75,0,0,,1,2,0.5,2,1,3,3,1,4,2,0,13
2021-11-28_hawaii_gonzaga,Gonzaga,13,"Walker, Cierra",True,30,3,7,0.429,1,4,0.25,0,0,,1,2,3,0,3,0,0,1,7
2021-11-28_hawaii_gonzaga,Gonzaga,01,"Virjoghe, Anamaria",True,14,1,2,0.5,0,0,,0,0,,3,3,6,4,0,2,0,0,2
2021-11-28_hawaii_gonzaga,Gonzaga,12,"Hollingsworth, Eliza",False,23,3,7,0.429,0,0,,0,0,,2,3,5,0,0,0,1,0,6
2021-11-28_hawaii_gonzaga,Gonzaga,24,"Williams, McKayla",False,14,2,3,0.667,1,2,0.5,0,0,,0,3,3,1,1,1,0,0,5
2021-11-28_hawaii_gonzaga,Gonzaga,35,"Salenbien, Bree",False,15,0,2,0.0,0,0,,4,6,0.667,1,4,5,0,0,3,0,0,4
2021-11-28_hawaii_gonzaga,Gonzaga,15,"Ejim, Yvonne",False,12,1,3,0.333,0,0,,0,0,,0,1,1,3,3,1,0,1,2
2021-11-28_hawaii_gonzaga,Gonzaga,05,"Huijbens, Maud",False,10,0,3,0.0,0,0,,1,2,0.5,1,2,3,2,0,0,0,0,1
2021-11-28_hawaii_gonzaga,Gonzaga,00,"Little, Esther",False,2,0,0,,0,0,,0,0,,0,0,0,1,0,0,0,0,0
2021-11-28_hawaii_gonzaga,Gonzaga,TM,TEAM,False,0,0,0,,0,0,,0,0,,0,0,0,0,0,0,0,0,0
2021-11-28_hawaii_gonzaga,Hawaii,25,"Atwell, Amy",True,37,6,15,0.4,2,6,0.333,2,2,1.0,1,2,3,2,0,3,0,2,16
2021-11-28_hawaii_gonzaga,Hawaii,14,"Orji, Nnenna",True,17,4,4,1.0,0,0,,2,8,0.25,1,3,4,3,1,2,0,1,10
2021-11-28_hawaii_gonzaga,Hawaii,20,"Haire, McKenna",True,27,2,4,0.5,2,3,0.667,0,0,,0,2,2,2,0,1,0,0,6
2021-11-28_hawaii_gonzaga,Hawaii,23,"McBee, MeiLani",True,33,1,4,0.25,1,4,0.25,0,0,,0,2,2,1,2,1,0,1,3
2021-11-28_hawaii_gonzaga,Hawaii,24,"Calhoun, Nae Nae",True,26,0,1,0.0,0,1,0.0,0,0,,0,1,1,3,1,2,0,1,0
2021-11-28_hawaii_gonzaga,Hawaii,15,"Phillips, Daejah",False,33,2,13,0.154,0,3,0.0,2,4,0.5,2,5,7,2,4,2,1,2,6
2021-11-28_hawaii_gonzaga,Hawaii,01,"Imai, Kelsie",False,16,3,6,0.5,0,0,,0,0,,1,1,2,3,1,1,0,1,6
2021-11-28_hawaii_gonzaga,Hawaii,33,"Donnelly, Maeve",False,11,1,3,0.333,0,0,,0,0,,1,0,1,3,0,0,0,0,2
2021-11-28_hawaii_gonzaga,Hawaii,TM,TEAM,False,0,0,0,,0,0,,0,0,,1,1,2,0,0,3,0,0,0
2021-11-28_uc_irvine_sacramento_st,Sacramento St.,3,"Tillman, Lianna",True,40,6,20,0.3,2,10,0.2,2,2,1.0,1,2,3,0,6,4,0,2,16
2021-11-28_uc_irvine_sacramento_st,Sacramento St.,15,"Rios, Jessica",True,36,4,8,0.5,4,7,0.571,0,0,,0,0,0,2,1,1,0,0,12
2021-11-28_uc_irvine_sacramento_st,Sacramento St.,11,"Menke, Summer",True,40,4,14,0.286,0,2,0.0,3,4,0.75,3,7,10,4,3,5,0,0,11
2021-11-28_uc_irvine_sacramento_st,Sacramento St.,24,"Natabou, Isnelle",True,38,5,7,0.714,0,0,,0,2,0.0,5,8,13,4,1,2,2,1,10
2021-11-28_uc_irvine_sacramento_st,Sacramento St.,4,"Carrasco, Jazmin",True,31,1,8,0.125,0,5,0.0,0,0,,0,3,3,3,1,0,0,0,2
2021-11-28_uc_irvine_sacramento_st,Sacramento St.,5,"Barry, Nina",False,8,0,0,,0,0,,0,0,,0,0,0,1,0,0,0,1,0
2021-11-28_uc_irvine_sacramento_st,Sacramento St.,23,"Olivares, Jordan",False,5,0,2,0.0,0,2,0.0,0,0,,0,0,0,2,0,0,0,1,0
2021-11-28_uc_irvine_sacramento_st,Sacramento St.,25,"Falkowska, Alicja",False,2,0,0,,0,0,,0,0,,0,0,0,1,0,0,0,0,0
2021-11-28_uc_irvine_sacramento_st,Sacramento St.,TM,TEAM,False,0,0,0,,0,0,,0,0,,1,4,5,0,0,1,0,0,0
2021-11-28_uc_irvine_sacramento_st,UC Irvine,42,"Hunt, Naomi",True,35,6,12,0.5,3,8,0.375,2,2,1.0,1,11,12,1,2,0,0,1,17
2021-11-28_uc_irvine_sacramento_st,UC Irvine,4,"Williams, Kayla",True,32,4,11,0.364,1,5,0.2,1,2,0.5,0,3,3,2,4,3,0,2,10
2021-11-28_uc_irvine_sacramento_st,UC Irvine,35,"Locandro, Sophia",True,17,3,7,0.429,0,0,,0,1,0.0,0,2,2,2,0,1,1,0,6
2021-11-28_uc_irvine_sacramento_st,UC Irvine,2,"Webb, Chloe",True,19,2,5,0.4,0,0,,1,1,1.0,2,3,5,3,0,1,1,0,5
2021-11-28_uc_irvine_sacramento_st,UC Irvine,21,"Williams, Olivia",True,20,1,3,0.333,0,1,0.0,0,0,,1,1,2,2,0,2,0,0,2
2021-11-28_uc_irvine_sacramento_st,UC Irvine,45,"Dusharm, Tara",False,16,3,6,0.5,0,0,,3,4,0.75,0,2,2,1,1,1,0,1,9
2021-11-28_uc_irvine_sacramento_st,UC Irvine,3,"Tom, Nikki",False,11,1,2,0.5,1,1,1.0,0,0,,3,0,3,0,1,1,0,1,3
2021-11-28_uc_irvine_sacramento_st,UC Irvine,20,"Hernandez, Hunter",False,17,0,1,0.0,0,0,,2,4,0.5,0,2,2,0,2,1,0,0,2
2021-11-28_uc_irvine_sacramento_st,UC Irvine,11,"Scharpf, Amelia",False,7,1,3,0.333,0,0,,0,0,,0,1,1,0,0,0,0,0,2
2021-11-28_uc_irvine_sacramento_st,UC Irvine,24,"Kapinga, Melodie",False,5,1,2,0.5,0,0,,0,0,,0,1,1,0,0,0,0,0,2
2021-11-28_uc_irvine_sacramento_st,UC Irvine,10,"Cadee, Jayde",False,15,0,1,0.0,0,1,0.0,0,0,,0,1,1,0,0,0,0,0,0
2021-11-28_uc_irvine_sacramento_st,UC Irvine,13,"Lee, Déja",False,2,0,0,,0,0,,0,0,,0,0,0,0,0,0,0,0,0
2021-11-28_uc_irvine_sacramento_st,UC Irvine,23,"Baker, Victoria",False,2,0,0,,0,0,,0,0,,0,0,0,1,1,0,0,0,0
2021-11-28_uc_irvine_sacramento_st,UC Irvine,33,"Kaupu, Caiyle",False,2,0,1,0.0,0,0,,0,0,,0,0,0,1,0,1,0,0,0
2021-11-28_uc_irvine_sacramento_st,UC Irvine,TM,TEAM,False,0,0,0,,0,0,,0,0,,2,2,4,0,0,1,0,0,0
2021-11-28_rhode_island_long_beach_st,Long Beach St.,1,"Utti, Maddi",True,40,8,11,0.727,2,2,1.0,4,4,1.0,2,4,6,2,5,2,2,5,22
2021-11-28_rhode_island_long_beach_st,Long Beach St.,10,"King, Justina",True,40,6,15,0.4,0,3,0.0,0,0,,2,3,5,2,1,3,0,4,12
2021-11-28_rhode_island_long_beach_st,Long Beach St.,00,"Berry, Ma'qhi",True,21,4,5,0.8,0,1,0.0,0,0,,0,2,2,5,5,2,1,3,8
2021-11-28_rhode_island_long_beach_st,Long Beach St.,11,"Hardy, Jasmine",True,40,2,8,0.25,0,5,0.0,0,0,,0,2,2,2,2,4,0,1,4
2021-11-28_rhode_island_long_beach_st,Long Beach St.,20,"Joseph, Myrrah",True,14,1,2,0.5,0,0,,0,0,,0,0,0,1,2,4,1,1,2
2021-11-28_rhode_island_long_beach_st,Long Beach St.,25,"Hamilton-fisher, Kianna",False,35,6,9,0.667,3,5,0.6,1,1,1.0,1,3,4,2,2,2,0,3,16
2021-11-28_rhode_island_long_beach_st,Long Beach St.,5,"Sullivan, Emily",False,3,0,1,0.0,0,1,0.0,0,0,,0,0,0,0,0,0,0,0,0
2021-11-28_rhode_island_long_beach_st,Long Beach St.,23,"Green, Lauren",False,3,0,0,,0,0,,0,0,,0,0,0,1,0,0,0,0,0
2021-11-28_rhode_island_long_beach_st,Long Beach St.,3,"Chung, Patricia",False,2,0,1,0.0,0,0,,0,0,,0,0,0,1,0,1,0,0,0
2021-11-28_rhode_island_long_beach_st,Long Beach St.,2,"Tucker, Savannah",False,1,0,1,0.0,0,1,0.0,0,0,,0,0,0,0,0,0,0,0,0
2021-11-28_rhode_island_long_beach_st,Long Beach St.,32,"Mikkelsen, Thea",False,1,0,0,,0,0,,0,0,,0,0,0,0,0,0,0,0,0
2021-11-28_rhode_island_long_beach_st,Long Beach St.,TM,TEAM,False,0,0,0,,0,0,,0,0,,0,1,1,0,0,2,0,0,0
2021-11-28_rhode_island_long_beach_st,Rhode Island,31,"Tahane, Emmanuelle",True,40,7,14,0.5,0,0,,4,5,0.8,7,0,7,0,5,2,0,3,18
2021-11-28_rhode_island_long_beach_st,Rhode Island,2,"Foppossi, Marie-paule",True,28,4,6,0.667,0,0,,1,1,1.0,2,3,5,4,0,4,0,1,9
2021-11-28_rhode_island_long_beach_st,Rhode Island,21,"Elmore, Dez",True,31,2,5,0.4,0,0,,3,4,0.75,0,8,8,2,0,4,1,1,7
2021-11-28_rhode_island_long_beach_st,Rhode Island,00,"Williams, Chanell",True,26,1,4,0.25,0,1,0.0,2,2,1.0,1,3,4,1,3,7,0,1,4
2021-11-28_rhode_island_long_beach_st,Rhode Island,13,"Vargas, Marta",True,13,0,0,,0,0,,0,0,,0,0,0,0,0,3,0,0,0
2021-11-28_rhode_island_long_beach_st,Rhode Island,3,"Cairns, Dolly",False,35,3,11,0.273,3,11,0.273,1,1,1.0,0,1,1,1,0,2,0,2,10
2021-11-28_rhode_island_long_beach_st,Rhode Island,33,"Rinat, Emmi",False,14,1,3,0.333,1,3,0.333,0,0,,0,0,0,0,2,1,0,0,3
2021-11-28_rhode_island_long_beach_st,Rhode Island,5,"Hendley, Yanni",False,13,0,1,0.0,0,0,,1,2,0.5,0,0,0,2,1,4,0,4,1
2021-11-28_rhode_island_long_beach_st,Rhode Island,TM,TEAM,False,0,0,0,,0,0,,0,0,,2,4,6,0,0,2,0,0,0
2021-11-30_csu_bakersfield_pepperdine,Pepperdine,24,"Stedman, Ally",True,30,9,14,0.643,1,5,0.2,0,0,,1,2,3,3,3,5,0,2,19
2021-11-30_csu_bakersfield_pepperdine,Pepperdine,23,"Braslis, Eve",True,38,5,9,0.556,1,3,0.333,1,2,0.5,0,7,7,2,2,1,0,0,12
2021-11-30_csu_bakersfield_pepperdine,Pepperdine,22,"Carson, Kendyl",True,30,2,3,0.667,2,3,0.667,0,0,,0,4,4,0,3,4,0,0,6
2021-11-30_csu_bakersfield_pepperdine,Pepperdine,01,"Bambrick, Malia",True,33,2,7,0.286,0,1,0.0,1,2,0.5,0,1,1,0,0,1,0,0,5
2021-11-30_csu_bakersfield_pepperdine,Pepperdine,15,"Obinma, Becky",True,8,1,2,0.5,0,0,,0,0,,0,3,3,4,0,2,0,1,2
2021-11-30_csu_bakersfield_pepperdine,Pepperdine,10,"Nwaba, Jane",False,18,1,6,0.167,0,0,,1,2,0.5,0,4,4,1,1,2,0,2,3
2021-11-30_csu_bakersfield_pepperdine,Pepperdine,04,"Givens, Cheyenne",False,12,0,4,0.0,0,0,,3,4,0.75,0,0,0,2,0,1,0,1,3
2021-11-30_csu_bakersfield_pepperdine,Pepperdine,14,"Ruffus-Milner, Jayla",False,24,1,4,0.25,0,0,,0,2,0.0,2,4,6,1,0,1,0,1,2
2021-11-30_csu_bakersfield_pepperdine,Pepperdine,11,"Friend, Helena",False,5,0,1,0.0,0,0,,0,0,,0,0,0,0,0,0,0,0,0
2021-11-30_csu_bakersfield_pepperdine,Pepperdine,03,"Ruffus-Milner, Jayda",False,2,0,0,,0,0,,0,2,0.0,1,0,1,1,0,2,0,0,0
2021-11-30_csu_bakersfield_pepperdine,Pepperdine,TM,TEAM,False,0,0,0,,0,0,,0,0,,1,2,3,0,0,0,0,0,0
2021-11-30_csu_bakersfield_pepperdine,CSU Bakersfield,10,"Eggleston, Jayden",True,37,6,17,0.353,1,1,1.0,8,8,1.0,1,4,5,3,0,1,1,1,21
2021-11-30_csu_bakersfield_pepperdine,CSU Bakersfield,22,"Easley, Andie",True,36,2,8,0.25,1,4,0.25,2,2,1.0,2,7,9,1,3,5,1,5,7
2021-11-30_csu_bakersfield_pepperdine,CSU Bakersfield,54,"Austin, Vanessa",True,28,3,10,0.3,0,0,,0,0,,6,6,12,2,0,3,1,0,6
2021-11-30_csu_bakersfield_pepperdine,CSU Bakersfield,04,"Dixon, Jasmin",True,22,1,5,0.2,0,3,0.0,0,0,,2,2,4,4,0,1,0,0,2
2021-11-30_csu_bakersfield_pepperdine,CSU Bakersfield,11,"Green, Lexus",True,28,0,6,0.0,0,3,0.0,0,0,,0,2,2,0,3,4,0,2,0
2021-11-30_csu_bakersfield_pepperdine,CSU Bakersfield,03,"van Schaik, Hennie",False,7,2,3,0.667,0,0,,0,0,,0,1,1,1,0,2,0,0,4
2021-11-30_csu_bakersfield_pepperdine,CSU Bakersfield,01,"Clayburne, Tatyanna",False,14,1,2,0.5,0,0,,0,0,,0,0,0,3,0,1,0,0,2
2021-11-30_csu_bakersfield_pepperdine,CSU Bakersfield,23,"Saxon, Miracle",False,15,0,4,0.0,0,1,0.0,0,0,,0,2,2,0,2,2,0,1,0
2021-11-30_csu_bakersfield_pepperdine,CSU Bakersfield,12,"Tougas, Sophia",False,6,0,2,0.0,0,0,,0,0,,1,0,1,0,0,1,0,0,0
2021-11-30_csu_bakersfield_pepperdine,CSU Bakersfield,24,"Bridges-Bey, Sage",False,4,0,1,0.0,0,1,0.0,0,0,,0,0,0,0,0,0,0,0,0
2021-11-30_csu_bakersfield_pepperdine,CSU Bakersfield,13,"Herrera, Soli",False,3,0,0,,0,0,,0,0,,0,0,0,0,1,0,0,0,0
2021-11-30_csu_bakersfield_pepperdine,CSU Bakersfield,TM,TEAM,False,0,0,0,,0,0,,0,0,,1,5,6,0,0,2,0,0,0
2021-12-01_oregon_uc_davis,UC Davis,32,"Hall, Cierra",True,38,3,11,0.273,1,3,0.333,6,9,0.667,1,4,5,1,3,2,0,1,13
2021-12-01_oregon_uc_davis,UC Davis,15,"Turner, Evanne",True,33,4,11,0.364,1,6,0.167,2,2,1.0,2,3,5,4,3,0,0,0,11
2021-12-01_oregon_uc_davis,UC Davis,11,"Stobbart, Sage",True,25,4,8,0.5,3,6,0.5,0,0,,1,7,8,4,1,2,0,0,11
2021-12-01_oregon_uc_davis,UC Davis,13,"Burns, Sydney",True,33,2,5,0.4,1,2,0.5,3,4,0.75,0,3,3,2,1,3,0,1,8
2021-12-01_oregon_uc_davis,UC Davis,23,"Konrad, Kayla",True,36,1,4,0.25,0,2,0.0,3,6,0.5,1,8,9,1,4,3,0,0,5
2021-12-01_oregon_uc_davis,UC Davis,10,"Svanholm, Lena",False,20,4,9,0.444,0,0,,2,2,1.0,5,1,6,1,0,1,1,0,10
2021-12-01_oregon_uc_davis,UC Davis,24,"Langi, Marley",False,8,2,4,0.5,2,4,0.5,0,0,,0,1,1,0,0,1,0,0,6
2021-12-01_oregon_uc_davis,UC Davis,03,"Gray, Campbell",False,4,0,0,,0,0,,0,0,,0,0,0,0,0,0,0,0,0
2021-12-01_oregon_uc_davis,UC Davis,41,"Shine, Bria",False,3,0,0,,0,0,,0,0,,0,0,0,0,0,0,0,0,0
2021-12-01_oregon_uc_davis,UC Davis,TM,TEAM,False,0,0,0,,0,0,,0,0,,2,0,2,0,0,0,0,0,0
2021-12-01_oregon_uc_davis,Oregon,00,"Hurst, Ahlise",True,37,4,13,0.308,3,10,0.3,0,0,,2,1,3,2,2,2,0,1,11
2021-12-01_oregon_uc_davis,Oregon,32,"Prince, Sedona",True,28,4,5,0.8,0,0,,3,4,0.75,0,1,1,1,1,0,0,1,11
2021-12-01_oregon_uc_davis,Oregon,22,"Watson, Kylee",True,20,3,7,0.429,0,0,,2,3,0.667,3,3,6,4,0,1,0,1,8
2021-12-01_oregon_uc_davis,Oregon,23,"Scherr, Maddie",True,38,3,12,0.25,0,3,0.0,0,0,,0,5,5,3,3,1,0,2,6
2021-12-01_oregon_uc_davis,Oregon,33,"Parrish, Sydney",True,27,2,9,0.222,2,8,0.25,0,0,,1,1,2,2,0,2,0,0,6
2021-12-01_oregon_uc_davis,Oregon,10,"Pinto, Chanaya",False,19,2,4,0.5,0,1,0.0,2,4,0.5,1,4,5,3,0,1,0,0,6
2021-12-01_oregon_uc_davis,Oregon,15,"Kyei, Phillipina",False,8,2,8,0.25,0,0,,2,4,0.5,6,1,7,2,1,0,0,0,6
2021-12-01_oregon_uc_davis,Oregon,03,"Bigby, Taylor",False,12,1,3,0.333,0,0,,1,2,0.5,1,1,2,0,0,0,0,0,3
2021-12-01_oregon_uc_davis,Oregon,05,"Dufficy, Shannon",False,11,0,0,,0,0,,0,0,,0,3,3,2,3,1,0,0,0
2021-12-01_oregon_uc_davis,Oregon,TM,TEAM,False,0,0,0,,0,0,,0,0,,2,3,5,0,0,0,0,0,0
2021-12-01_csun_loyola_marymount,Loyola Marymount,4,"Sykes, Kimora",True,43,4,10,0.4,3,7,0.429,1,2,0.5,1,6,7,3,2,3,0,1,12
2021-12-01_csun_loyola_marymount,Loyola Marymount,20,"Jones, Jasmine",True,25,3,8,0.375,0,0,,4,5,0.8,1,1,2,1,3,3,0,1,10
2021-12-01_csun_loyola_marymount,Loyola Marymount,35,"Mark, Alexis",True,30,2,5,0.4,0,0,,2,2,1.0,1,2,3,2,1,3,1,0,6
2021-12-01_csun_loyola_marymount,Loyola Marymount,32,"Johnson, Ariel",True,24,2,6,0.333,1,1,1.0,1,2,0.5,1,4,5,2,2,1,0,1,6
2021-12-01_csun_loyola_marymount,Loyola Marymount,24,"Rodriguez, Nicole",True,9,0,1,0.0,0,1,0.0,0,0,,0,3,3,1,0,0,0,0,0
2021-12-01_csun_loyola_marymount,Loyola Marymount,00,"Jenkins, Zoe",False,17,2,2,1.0,2,2,1.0,0,0,,0,0,0,3,0,0,1,0,6
2021-12-01_csun_loyola_marymount,Loyola Marymount,34,"Clark, Khari",False,11,3,4,0.75,0,0,,0,0,,0,4,4,1,0,1,1,0,6
2021-12-01_csun_loyola_marymount,Loyola Marymount,2,"Gordon, Cassandra",False,35,2,9,0.222,0,4,0.0,1,2,0.5,0,4,4,1,3,1,0,0,5
2021-12-01_csun_loyola_marymount,Loyola Marymount,42,"Mandel, Meghan",False,6,1,1,1.0,0,0,,2,2,1.0,0,0,0,0,0,1,3,0,4
2021-12-01_csun_loyola_marymount,Loyola Marymount,3,"Allmond, Se'quoia",False,25,1,5,0.2,0,3,0.0,0,1,0.0,1,7,8,2,3,5,0,1,2
2021-12-01_csun_loyola_marymount,Loyola Marymount,TM,TEAM,False,0,0,0,,0,0,,0,0,,0,0,0,0,0,2,0,0,0
2021-12-01_csun_loyola_marymount,CSUN,15,"Amundsen, Tess",True,35,9,13,0.692,3,4,0.75,0,0,,2,4,6,3,1,3,0,0,21
2021-12-01_csun_loyola_marymount,CSUN,1,"Jackson, Jordyn",True,43,2,14,0.143,0,4,0.0,6,6,1.0,0,4,4,1,5,1,0,2,10
2021-12-01_csun_loyola_marymount,CSUN,21,"Tu'ua, Anaiyah",True,28,3,4,0.75,1,1,1.0,0,1,0.0,0,4,4,3,4,3,0,3,7
2021-12-01_csun_loyola_marymount,CSUN,4,"Harvey, Rachel",True,31,1,6,0.167,0,1,0.0,1,2,0.5,1,0,1,5,0,0,0,1,3
2021-12-01_csun_loyola_marymount,CSUN,12,"Henderson, Meghann",True,18,0,3,0.0,0,1,0.0,0,0,,1,0,1,0,0,1,1,0,0
2021-12-01_csun_loyola_marymount,CSUN,2,"Woodley, Sydney",False,34,7,13,0.538,0,1,0.0,0,0,,3,3,6,2,0,2,0,5,14
2021-12-01_csun_loyola_marymount,CSUN,34,"Spriggs, Kayanna",False,20,3,7,0.429,0,0,,0,0,,2,5,7,1,0,0,0,0,6
2021-12-01_csun_loyola_marymount,CSUN,24,"Smith, Macy",False,7,0,1,0.0,0,1,0.0,1,2,0.5,1,1,2,0,0,0,0,0,1
2021-12-01_csun_loyola_marymount,CSUN,11,"Smith, Olivia",False,9,0,4,0.0,0,0,,0,0,,0,1,1,0,0,0,0,0,0
2021-12-01_csun_loyola_marymount,CSUN,TM,TEAM,False,0,0,0,,0,0,,0,0,,1,5,6,0,0,2,0,0,0
2021-12-02_southern_california_uc_irvine,UC Irvine,4,"Williams, Kayla",True,25,6,11,0.545,1,2,0.5,4,4,1.0,0,1,1,3,3,3,0,1,17
2021-12-02_southern_california_uc_irvine,UC Irvine,2,"Webb, Chloe",True,33,5,10,0.5,0,0,,3,4,0.75,1,5,6,5,3,1,1,3,13
2021-12-02_southern_california_uc_irvine,UC Irvine,42,"Hunt, Naomi",True,28,4,12,0.333,3,8,0.375,2,2,1.0,1,3,4,4,1,4,0,1,13
2021-12-02_southern_california_uc_irvine,UC Irvine,35,"Locandro, Sophia",True,18,4,5,0.8,0,0,,1,3,0.333,1,5,6,3,0,1,1,0,9
2021-12-02_southern_california_uc_irvine,UC Irvine,21,"Williams, Olivia",True,24,1,7,0.143,0,5,0.0,0,0,,1,3,4,0,0,0,0,0,2
2021-12-02_southern_california_uc_irvine,UC Irvine,3,"Tom, Nikki",False,17,2,5,0.4,0,0,,0,0,,0,0,0,1,1,4,0,0,4
2021-12-02_southern_california_uc_irvine,UC Irvine,33,"Kaupu, Caiyle",False,7,2,3,0.667,0,1,0.0,0,0,,0,2,2,1,1,0,0,1,4
2021-12-02_southern_california_uc_irvine,UC Irvine,10,"Cadee, Jayde",False,13,1,4,0.25,1,3,0.333,0,0,,0,1,1,1,0,1,0,0,3
2021-12-02_southern_california_uc_irvine,UC Irvine,45,"Dusharm, Tara",False,16,1,3,0.333,0,0,,0,0,,1,2,3,1,1,0,2,0,2
2021-12-02_southern_california_uc_irvine,UC Irvine,11,"Scharpf, Amelia",False,4,1,2,0.5,0,1,0.0,0,0,,1,0,1,0,0,1,0,0,2
2021-12-02_southern_california_uc_irvine,UC Irvine,20,"Hernandez, Hunter",False,6,0,1,0.0,0,0,,0,0,,0,0,0,3,0,1,0,1,0
2021-12-02_southern_california_uc_irvine,UC Irvine,24,"Kapinga, Melodie",False,5,0,0,,0,0,,0,0,,0,0,0,2,0,1,0,0,0
2021-12-02_southern_california_uc_irvine,UC Irvine,13,"Lee, Déja",False,4,0,0,,0,0,,0,0,,0,0,0,0,0,0,0,0,0
2021-12-02_southern_california_uc_irvine,UC Irvine,TM,TEAM,False,0,0,0,,0,0,,0,0,,3,2,5,0,0,1,0,0,0
2021-12-02_southern_california_uc_irvine,Southern California,32,"Jenkins, Jordyn",True,31,8,12,0.667,0,0,,8,10,0.8,3,4,7,0,2,0,4,3,24
2021-12-02_southern_california_uc_irvine,Southern California,5,"Sanders, Jordan",True,33,5,14,0.357,1,2,0.5,2,2,1.0,1,5,6,4,1,2,0,5,13
2021-12-02_southern_california_uc_irvine,Southern California,3,"Reed, Tera",True,36,3,5,0.6,1,3,0.333,2,2,1.0,1,4,5,0,4,0,1,1,9
2021-12-02_southern_california_uc_irvine,Southern California,35,"Pili, Alissa",True,17,1,7,0.143,1,2,0.5,4,4,1.0,1,5,6,3,0,1,0,0,7
2021-12-02_southern_california_uc_irvine,Southern California,22,"White, Kyra",True,24,2,4,0.5,0,1,0.0,2,2,1.0,0,0,0,2,2,4,0,1,6
2021-12-02_southern_california_uc_irvine,Southern California,13,"Marshall, Rayah",False,24,6,16,0.375,0,1,0.0,3,4,0.75,3,3,6,1,0,2,2,2,15
2021-12-02_southern_california_uc_irvine,Southern California,25,"Miura, Alyson",False,20,1,5,0.2,1,3,0.333,0,0,,0,3,3,1,5,3,1,1,3
2021-12-02_southern_california_uc_irvine,Southern California,15,"Jackson, Angel",False,8,0,2,0.0,0,0,,1,2,0.5,3,0,3,0,0,0,1,0,1
2021-12-02_southern_california_uc_irvine,Southern California,34,"Akunwafo, Clarice",False,5,0,1,0.0,0,0,,0,0,,0,1,1,0,1,1,0,0,0
2021-12-02_southern_california_uc_irvine,Southern California,23,"Campbell, Madison",False,2,0,0,,0,0,,0,0,,0,0,0,2,0,0,0,0,0
2021-12-02_southern_california_uc_irvine,Southern California,TM,TEAM,False,0,0,0,,0,0,,0,0,,4,1,5,0,0,0,0,0,0
2021-12-02_uc_santa_barbara_denver,Denver,22,"Santos, Tess",True,34,5,9,0.556,4,7,0.571,1,1,1.0,0,2,2,1,2,3,0,1,15
2021-12-02_uc_santa_barbara_denver,Denver,00,"Boyd, Meghan",True,30,5,12,0.417,3,7,0.429,2,2,1.0,1,1,2,5,0,3,0,0,15
2021-12-02_uc_santa_barbara_denver,Denver,24,"Ezeudu, Uju",True,28,4,13,0.308,1,3,0.333,3,4,0.75,1,4,5,4,4,2,1,1,12
2021-12-02_uc_santa_barbara_denver,Denver,05,"Jackson, Anna",True,38,2,6,0.333,2,4,0.5,3,4,0.75,2,3,5,1,4,0,0,2,9
2021-12-02_uc_santa_barbara_denver,Denver,21,"Minett, Makayla",True,15,3,5,0.6,0,0,,0,0,,2,1,3,5,0,3,1,1,6
2021-12-02_uc_santa_barbara_denver,Denver,02,"Sanders, Indeya",False,26,5,7,0.714,1,2,0.5,3,4,0.75,0,0,0,1,3,1,0,1,14
2021-12-02_uc_santa_barbara_denver,Denver,34,"Forney, Cheyenne",False,20,3,4,0.75,0,1,0.0,1,2,0.5,3,1,4,4,2,0,0,0,7
2021-12-02_uc_santa_barbara_denver,Denver,12,"Wyatt, Joclyen",False,6,0,1,0.0,0,1,0.0,2,2,1.0,0,2,2,0,1,0,0,0,2
2021-12-02_uc_santa_barbara_denver,Denver,11,"Counsel, Emily",False,3,0,0,,0,0,,0,0,,0,1,1,0,0,0,0,0,0
2021-12-02_uc_santa_barbara_denver,Denver,33,"Wilson, Mary",False,,0,0,,0,0,,0,0,,0,0,0,0,0,0,0,0,0
2021-12-02_uc_santa_barbara_denver,Denver,TM,TEAM,False,0,0,0,,0,0,,0,0,,1,0,1,0,0,0,0,0,0
2021-12-02_uc_santa_barbara_denver,UC Santa Barbara,31,"Lane, Ila",True,35,13,14,0.929,0,0,,1,1,1.0,6,4,10,4,0,2,3,0,27
2021-12-02_uc_santa_barbara_denver,UC Santa Barbara,00,"Miller, Danae",True,35,3,11,0.273,1,6,0.167,7,8,0.875,0,4,4,0,5,0,0,1,14
2021-12-02_uc_santa_barbara_denver,UC Santa Barbara,30,"Anderson, Megan",True,30,5,8,0.625,3,6,0.5,0,0,,0,3,3,3,0,4,0,1,13
2021-12-02_uc_santa_barbara_denver,UC Santa Barbara,01,"Gonzalez, Johnni",True,24,1,4,0.25,0,1,0.0,0,0,,0,3,3,4,7,1,0,1,2
2021-12-02_uc_santa_barbara_denver,UC Santa Barbara,11,"Lee, Lauren",True,15,0,0,,0,0,,1,2,0.5,2,1,3,3,2,2,1,1,1
2021-12-02_uc_santa_barbara_denver,UC Santa Barbara,02,"Tucker, Alexis",False,22,4,5,0.8,0,1,0.0,3,3,1.0,0,2,2,3,2,1,0,1,11
2021-12-02_uc_santa_barbara_denver,UC Santa Barbara,12,"Mole, Taylor",False,12,3,5,0.6,2,3,0.667,0,0,,0,1,1,1,0,2,0,0,8
2021-12-02_uc_santa_barbara_denver,UC Santa Barbara,21,"Johnson, Kennedy",False,8,2,4,0.5,1,1,1.0,2,2,1.0,1,1,2,0,1,0,0,1,7
2021-12-02_uc_santa_barbara_denver,UC Santa Barbara,10,"Choice, Anya",False,16,1,2,0.5,1,2,0.5,2,2,1.0,0,1,1,3,4,2,0,0,5
2021-12-02_uc_santa_barbara_denver,UC Santa Barbara,13,"Modawar, Tatyana",False,1,0,0,,0,0,,1,2,0.5,0,0,0,0,0,0,0,0,1
2021-12-02_uc_santa_barbara_denver,UC Santa Barbara,03,"Marin, Alyssa",False,2,0,2,0.0,0,1,0.0,0,0,,0,0,0,1,0,0,0,0,0
2021-12-02_uc_santa_barbara_denver,UC Santa Barbara,TM,TEAM,False,0,0,0,,0,0,,0,0,,0,0,0,0,0,1,0,0,0
2021-12-02_cal_poly_nevada,Nevada,2,"Hamilton, Da'ja",True,23,7,11,0.636,3,5,0.6,0,0,,0,0,0,2,2,1,0,1,17
2021-12-02_cal_poly_nevada,Nevada,25,"Alexander, Nia",True,24,5,10,0.5,0,1,0.0,4,4,1.0,3,3,6,1,1,1,0,0,14
2021-12-02_cal_poly_nevada,Nevada,3,"Jimenez, Kylie",True,37,5,11,0.455,1,4,0.25,0,0,,0,1,1,1,4,2,0,1,11
2021-12-02_cal_poly_nevada,Nevada,23,"Givens, Lexie",True,17,1,5,0.2,1,2,0.5,1,2,0.5,1,3,4,4,1,1,0,1,4
2021-12-02_cal_poly_nevada,Nevada,12,"Jimenez, Alyssa",True,16,0,5,0.0,0,5,0.0,0,0,,0,0,0,1,0,1,0,0,0
2021-12-02_cal_poly_nevada,Nevada,22,"Rones, Gabby",False,18,2,8,0.25,2,6,0.333,0,0,,0,3,3,0,0,0,0,2,6
2021-12-02_cal_poly_nevada,Nevada,4,"Roden, Audrey",False,9,1,4,0.25,1,3,0.333,2,2,1.0,1,2,3,2,1,2,1,2,5
2021-12-02_cal_poly_nevada,Nevada,11,"Holt, Kenna",False,17,1,3,0.333,0,1,0.0,1,2,0.5,2,2,4,4,1,1,0,0,3
2021-12-02_cal_poly_nevada,Nevada,13,"West, Amaya",False,15,0,1,0.0,0,1,0.0,1,2,0.5,0,3,3,1,0,2,0,0,1
2021-12-02_cal_poly_nevada,Nevada,52,"Lathrop, Natalie",False,16,0,2,0.0,0,0,,0,0,,1,4,5,0,0,0,1,1,0
2021-12-02_cal_poly_nevada,Nevada,40,"Ormiston, Megan",False,8,0,1,0.0,0,0,,0,0,,1,2,3,1,0,0,1,0,0
2021-12-02_cal_poly_nevada,Nevada,TM,TEAM,False,0,0,0,,0,0,,0,0,,1,5,6,0,0,0,0,0,0
2021-12-02_cal_poly_nevada,Cal Poly,33,"Willett, Maddie",True,32,7,16,0.438,3,5,0.6,2,2,1.0,1,6,7,1,0,1,0,0,19
2021-12-02_cal_poly_nevada,Cal Poly,13,"Vick, Maddie",True,40,7,16,0.438,0,1,0.0,2,3,0.667,2,3,5,2,4,3,0,0,16
2021-12-02_cal_poly_nevada,Cal Poly,25,"Brown, Kirsty",True,21,2,4,0.5,0,0,,0,0,,0,4,4,5,1,1,0,0,4
2021-12-02_cal_poly_nevada,Cal Poly,5,"Anousinh, Jazzy",True,26,1,2,0.5,0,0,,1,2,0.5,0,2,2,3,4,2,0,1,3
2021-12-02_cal_poly_nevada,Cal Poly,32,"Nielacna, Julia",True,19,1,4,0.25,1,4,0.25,0,0,,1,5,6,2,0,4,1,1,3
2021-12-02_cal_poly_nevada,Cal Poly,24,"Stachowski, Zoe",False,19,0,3,0.0,0,0,,2,4,0.5,2,2,4,0,0,0,1,0,2
2021-12-02_cal_poly_nevada,Cal Poly,14,"Scanlan, Hannah",False,13,1,4,0.25,0,0,,0,0,,0,1,1,0,0,0,0,0,2
2021-12-02_cal_poly_nevada,Cal Poly,15,"Bourland, Sydney",False,12,1,3,0.333,0,0,,0,0,,0,0,0,2,1,2,0,0,2
2021-12-02_cal_poly_nevada,Cal Poly,1,"Dumitrescu, Sarah",False,7,1,2,0.5,0,0,,0,0,,0,1,1,2,0,0,0,0,2
2021-12-02_cal_poly_nevada,Cal Poly,2,"Shah, Annika",False,7,0,3,0.0,0,3,0.0,0,0,,0,0,0,1,0,1,0,0,0
2021-12-02_cal_poly_nevada,Cal Poly,3,"Svetich, Lily",False,4,0,0,,0,0,,0,0,,0,0,0,1,0,0,0,0,0
2021-12-02_cal_poly_nevada,Cal Poly,TM,TEAM,False,0,0,0,,0,0,,0,0,,4,7,11,0,0,1,0,0,0
2021-12-03_uc_san_diego_san_jose_st,San Jose St.,35,"Lewis, Cydni",True,29,10,16,0.625,2,6,0.333,3,7,0.429,2,2,4,1,0,1,0,2,25
2021-12-03_uc_san_diego_san_jose_st,San Jose St.,24,"Oberg, Meghan",True,25,5,10,0.5,2,7,0.286,1,2,0.5,0,4,4,2,4,1,2,0,13
2021-12-03_uc_san_diego_san_jose_st,San Jose St.,30,"Ogier, Ella",True,25,2,9,0.222,1,4,0.25,5,6,0.833,0,1,1,3,2,1,0,1,10
2021-12-03_uc_san_diego_san_jose_st,San Jose St.,23,"Boni, Ellie",True,35,3,10,0.3,1,3,0.333,0,0,,3,4,7,3,1,1,0,0,7
2021-12-03_uc_san_diego_san_jose_st,San Jose St.,01,"Ross, Deja",True,3,1,1,1.0,0,0,,0,0,,0,0,0,0,0,0,0,0,2
2021-12-03_uc_san_diego_san_jose_st,San Jose St.,00,"Gaulden, A'Tyanna",False,19,0,7,0.0,0,3,0.0,2,2,1.0,0,2,2,1,3,1,0,1,2
2021-12-03_uc_san_diego_san_jose_st,San Jose St.,05,"Richards, Sidney",False,8,0,1,0.0,0,0,,2,2,1.0,0,0,0,3,0,1,0,0,2
2021-12-03_uc_san_diego_san_jose_st,San Jose St.,22,"Torres, Stephanie",False,29,0,7,0.0,0,5,0.0,0,0,,1,1,2,3,2,3,0,1,0
2021-12-03_uc_san_diego_san_jose_st,San Jose St.,13,"Mendez, Autam",False,17,0,4,0.0,0,2,0.0,0,0,,1,2,3,2,0,0,0,0,0
2021-12-03_uc_san_diego_san_jose_st,San Jose St.,32,"Fluker, Alani",False,4,0,1,0.0,0,0,,0,0,,0,1,1,2,0,1,0,0,0
2021-12-03_uc_san_diego_san_jose_st,San Jose St.,15,"Shields, Sammy",False,3,0,1,0.0,0,1,0.0,0,0,,0,0,0,0,0,1,0,0,0
2021-12-03_uc_san_diego_san_jose_st,San Jose St.,21,"Watson, Jadyn",False,3,0,1,0.0,0,1,0.0,0,0,,0,0,0,1,0,1,0,0,0
2021-12-03_uc_san_diego_san_jose_st,San Jose St.,TM,TEAM,False,0,0,0,,0,0,,0,0,,6,5,11,0,0,0,0,0,0
2021-12-03_uc_san_diego_san_jose_st,UC San Diego,12,"Baxter, Madison",True,26,7,8,0.875,4,5,0.8,1,1,1.0,1,0,1,2,1,1,0,0,19
2021-12-03_uc_san_diego_san_jose_st,UC San Diego,32,"Montgomery, Parker",True,20,4,9,0.444,2,4,0.5,3,5,0.6,1,3,4,1,1,1,1,1,13
2021-12-03_uc_san_diego_san_jose_st,UC San Diego,13,"Brown, Sydney",True,30,1,4,0.25,1,2,0.5,7,8,0.875,1,8,9,3,2,4,2,1,10
2021-12-03_uc_san_diego_san_jose_st,UC San Diego,11,"Brown, Aishah",True,14,3,7,0.429,0,0,,0,0,,1,5,6,5,3,1,0,0,6
2021-12-03_uc_san_diego_san_jose_st,UC San Diego,10,"Macabuhay, Julia",True,19,2,10,0.2,1,6,0.167,0,0,,0,1,1,0,6,0,0,1,5
2021-12-03_uc_san_diego_san_jose_st,UC San Diego,01,"Obouh Fegue, Alex",False,24,5,10,0.5,0,0,,2,2,1.0,3,6,9,3,3,3,2,1,12
2021-12-03_uc_san_diego_san_jose_st,UC San Diego,02,"Chamberlin, Ula",False,21,3,6,0.5,1,2,0.5,2,2,1.0,0,0,0,2,0,3,0,0,9
2021-12-03_uc_san_diego_san_jose_st,UC San Diego,04,"Cangelosi, Emily",False,20,1,3,0.333,1,3,0.333,1,2,0.5,3,6,9,1,2,2,0,0,4
2021-12-03_uc_san_diego_san_jose_st,UC San Diego,35,"Springs, Katie",False,2,1,1,1.0,0,0,,0,0,,0,0,0,1,0,0,0,0,2
2021-12-03_uc_san_diego_san_jose_st,UC San Diego,15,"Claros, Brianna",False,21,0,1,0.0,0,1,0.0,1,2,0.5,0,2,2,1,4,1,0,0,1
2021-12-03_uc_san_diego_san_jose_st,UC San Diego,20,"Forsyth, Izzy",False,3,0,0,,0,0,,0,0,,0,1,1,0,0,1,0,0,0
2021-12-03_uc_san_diego_san_jose_st,UC San Diego,TM,TEAM,False,0,0,0,,0,0,,0,0,,0,6,6,0,0,0,0,0,0
2021-12-04_uc_davis_washington_st,Washington St.,55,"Murekatete, Bella",True,27,6,12,0.5,0,0,,2,3,0.667,4,4,8,3,1,3,0,2,14
2021-12-04_uc_davis_washington_st,Washington St.,05,"Leger-Walker, Charlisse",True,30,6,12,0.5,1,3,0.333,0,2,0.0,0,4,4,4,4,0,2,0,13
2021-12-04_uc_davis_washington_st,Washington St.,04,"Leger-Walker, Krystal",True,34,4,12,0.333,3,6,0.5,0,0,,1,4,5,2,5,4,1,1,11
2021-12-04_uc_davis_washington_st,Washington St.,15,"Motuga, Ula",True,27,3,5,0.6,1,2,0.5,0,0,,0,4,4,2,3,0,0,1,7
2021-12-04_uc_davis_washington_st,Washington St.,21,"Teder, Johanna",True,16,1,7,0.143,1,5,0.2,0,0,,1,0,1,3,3,0,0,2,3
2021-12-04_uc_davis_washington_st,Washington St.,02,"Jones, Michaela",False,21,4,5,0.8,3,4,0.75,0,0,,2,0,2,1,1,0,0,0,11
2021-12-04_uc_davis_washington_st,Washington St.,20,"Sarver, Grace",False,17,2,4,0.5,1,2,0.5,2,2,1.0,0,0,0,1,0,1,0,1,7
2021-12-04_uc_davis_washington_st,Washington St.,01,"Wallack, Tara",False,14,2,3,0.667,0,0,,1,3,0.333,0,0,0,0,1,0,0,1,5
2021-12-04_uc_davis_washington_st,Washington St.,03,"Nankervis, Emma",False,7,0,1,0.0,0,0,,0,0,,1,1,2,1,0,1,0,0,0
2021-12-04_uc_davis_washington_st,Washington St.,14,"Clarke, Jessica",False,4,0,0,,0,0,,0,0,,0,3,3,2,1,0,0,0,0
2021-12-04_uc_davis_washington_st,Washington St.,13,"Levy, Shir",False,3,0,1,0.0,0,1,0.0,0,0,,0,0,0,0,0,0,0,0,0
2021-12-04_uc_davis_washington_st,Washington St.,TM,TEAM,False,0,0,0,,0,0,,0,0,,1,3,4,0,0,0,0,0,0
2021-12-04_uc_davis_washington_st,UC Davis,32,"Hall, Cierra",True,35,3,5,0.6,1,3,0.333,2,2,1.0,1,3,4,2,3,1,0,3,9
2021-12-04_uc_davis_washington_st,UC Davis,23,"Konrad, Kayla",True,25,3,7,0.429,1,3,0.333,0,0,,0,1,1,1,1,5,0,0,7
2021-12-04_uc_davis_washington_st,UC Davis,13,"Burns, Sydney",True,21,2,4,0.5,1,2,0.5,0,0,,0,3,3,0,2,3,0,0,5
2021-12-04_uc_davis_washington_st,UC Davis,15,"Turner, Evanne",True,28,1,5,0.2,1,3,0.333,1,2,0.5,0,4,4,3,2,2,0,0,4
2021-12-04_uc_davis_washington_st,UC Davis,11,"Stobbart, Sage",True,18,0,3,0.0,0,2,0.0,0,0,,0,5,5,1,0,3,1,0,0
2021-12-04_uc_davis_washington_st,UC Davis,10,"Svanholm, Lena",False,20,3,4,0.75,0,0,,2,4,0.5,0,5,5,0,0,2,0,0,8
2021-12-04_uc_davis_washington_st,UC Davis,24,"Langi, Marley",False,13,2,5,0.4,1,2,0.5,0,0,,0,3,3,1,0,0,0,0,5
2021-12-04_uc_davis_washington_st,UC Davis,42,"Lilly, Kenedy",False,6,2,2,1.0,0,0,,1,2,0.5,0,1,1,2,0,0,0,0,5
2021-12-04_uc_davis_washington_st,UC Davis,41,"Shine, Bria",False,13,2,6,0.333,0,0,,0,0,,3,2,5,0,1,1,0,0,4
2021-12-04_uc_davis_washington_st,UC Davis,03,"Gray, Campbell",False,7,0,0,,0,0,,2,2,1.0,0,0,0,0,1,2,0,0,2
2021-12-04_uc_davis_washington_st,UC Davis,33,"Harris, Mazatlan",False,8,0,1,0.0,0,1,0.0,0,0,,0,0,0,0,0,0,0,0,0
2021-12-04_uc_davis_washington_st,UC Davis,20,"Sanders, Makaila",False,4,0,1,0.0,0,1,0.0,0,0,,0,0,0,1,0,1,0,0,0
2021-12-04_uc_davis_washington_st,UC Davis,02,"Jones, Megan",False,2,0,0,,0,0,,0,0,,0,0,0,0,0,0,0,0,0
2021-12-04_uc_davis_washington_st,UC Davis,TM,TEAM,False,0,0,0,,0,0,,0,0,,0,0,0,0,0,1,0,0,0
2021-12-04_cal_poly_denver,Denver,24,"Ezeudu, Uju",True,33,5,10,0.5,0,1,0.0,8,11,0.727,2,7,9,3,4,2,4,1,18
2021-12-04_cal_poly_denver,Denver,22,"Santos, Tess",True,37,5,13,0.385,2,7,0.286,2,2,1.0,0,1,1,3,3,2,2,1,14
2021-12-04_cal_poly_denver,Denver,00,"Boyd, Meghan",True,34,5,11,0.455,3,8,0.375,1,1,1.0,0,4,4,1,2,4,0,0,14
2021-12-04_cal_poly_denver,Denver,5,"Jackson, Anna",True,32,3,8,0.375,2,7,0.286,0,0,,1,4,5,1,1,0,0,1,8
2021-12-04_cal_poly_denver,Denver,21,"Minett, Makayla",True,13,1,5,0.2,0,0,,1,2,0.5,1,1,2,5,0,1,2,0,3
2021-12-04_cal_poly_denver,Denver,2,"Sanders, Indeya",False,31,3,4,0.75,0,1,0.0,2,2,1.0,0,4,4,1,6,1,0,2,8
2021-12-04_cal_poly_denver,Denver,11,"Counsel, Emily",False,6,2,3,0.667,1,2,0.5,3,4,0.75,0,0,0,1,0,0,0,0,8
2021-12-04_cal_poly_denver,Denver,12,"Wyatt, Joclyen",False,5,1,1,1.0,0,0,,0,0,,0,0,0,0,0,1,0,0,2
2021-12-04_cal_poly_denver,Denver,34,"Forney, Cheyenne",False,8,0,1,0.0,0,0,,0,0,,0,1,1,2,0,0,0,0,0
2021-12-04_cal_poly_denver,Denver,33,"Wilson, Mary",False,1,0,0,,0,0,,0,0,,0,0,0,0,0,0,0,0,0
2021-12-04_cal_poly_denver,Denver,TM,TEAM,False,0,0,0,,0,0,,0,0,,3,4,7,0,0,1,0,0,0
2021-12-04_cal_poly_denver,Cal Poly,13,"Vick, Maddie",True,40,3,8,0.375,1,1,1.0,6,8,0.75,2,1,3,3,5,4,0,0,13
2021-12-04_cal_poly_denver,Cal Poly,33,"Willett, Maddie",True,30,4,17,0.235,2,10,0.2,2,2,1.0,0,1,1,0,0,2,0,0,12
2021-12-04_cal_poly_denver,Cal Poly,14,"Scanlan, Hannah",True,18,4,11,0.364,0,0,,3,4,0.75,4,3,7,2,0,2,0,1,11
2021-12-04_cal_poly_denver,Cal Poly,25,"Brown, Kirsty",True,24,4,7,0.571,0,0,,0,0,,5,4,9,4,0,1,0,1,8
2021-12-04_cal_poly_denver,Cal Poly,5,"Anousinh, Jazzy",True,22,0,1,0.0,0,0,,0,0,,1,0,1,4,3,1,0,0,0
2021-12-04_cal_poly_denver,Cal Poly,24,"Stachowski, Zoe",False,14,1,2,0.5,0,0,,4,4,1.0,3,2,5,0,0,0,0,0,6
2021-12-04_cal_poly_denver,Cal Poly,32,"Nielacna, Julia",False,12,2,4,0.5,0,0,,0,0,,1,3,4,3,1,1,0,0,4
2021-12-04_cal_poly_denver,Cal Poly,2,"Shah, Annika",False,14,1,5,0.2,1,5,0.2,0,0,,0,1,1,1,1,0,0,0,3
2021-12-04_cal_poly_denver,Cal Poly,1,"Dumitrescu, Sarah",False,9,1,6,0.167,0,1,0.0,0,0,,0,3,3,2,1,0,0,0,2
2021-12-04_cal_poly_denver,Cal Poly,15,"Bourland, Sydney",False,8,1,2,0.5,0,0,,0,0,,1,1,2,0,2,2,1,0,2
2021-12-04_cal_poly_denver,Cal Poly,11,"Dickson, Junie",False,6,1,3,0.333,0,1,0.0,0,0,,0,0,0,2,0,0,0,1,2
2021-12-04_cal_poly_denver,Cal Poly,3,"Svetich, Lily",False,3,0,1,0.0,0,0,,0,0,,0,1,1,3,1,0,0,0,0
2021-12-04_cal_poly_denver,Cal Poly,TM,TEAM,False,0,0,0,,0,0,,0,0,,2,5,7,0,0,0,0,0,0
2021-12-04_cal_st_fullerton_grand_canyon,Grand Canyon,01,Amara Graham,True,37,5,12,0.417,1,7,0.143,2,2,1.0,0,1,1,0,4,2,0,0,13
2021-12-04_cal_st_fullerton_grand_canyon,Grand Canyon,11,Taylor Caldwell,True,32,5,11,0.455,1,3,0.333,0,0,,2,2,4,3,1,3,0,3,11
2021-12-04_cal_st_fullerton_grand_canyon,Grand Canyon,04,Dominique Phillips,True,22,4,8,0.5,1,2,0.5,0,0,,2,4,6,1,0,3,0,0,9
2021-12-04_cal_st_fullerton_grand_canyon,Grand Canyon,32,Jay McChristine,True,25,2,4,0.5,0,0,,4,4,1.0,2,5,7,4,0,2,0,2,8
2021-12-04_cal_st_fullerton_grand_canyon,Grand Canyon,24,Tiarra Brown,True,28,1,4,0.25,0,1,0.0,2,4,0.5,1,1,2,5,1,3,1,2,4
2021-12-04_cal_st_fullerton_grand_canyon,Grand Canyon,25,Kiyley Flowers,False,15,2,4,0.5,0,2,0.0,0,0,,0,1,1,3,0,0,0,1,4
2021-12-04_cal_st_fullerton_grand_canyon,Grand Canyon,00,Ja'mya Powell-Smith,False,7,0,2,0.0,0,0,,2,3,0.667,1,0,1,5,0,2,0,1,2
2021-12-04_cal_st_fullerton_grand_canyon,Grand Canyon,34,Naudia Evans,False,4,1,2,0.5,0,0,,0,0,,0,0,0,0,0,0,0,0,2
2021-12-04_cal_st_fullerton_grand_canyon,Grand Canyon,23,Tianna Brown,False,17,0,4,0.0,0,2,0.0,0,0,,0,0,0,0,1,1,0,0,0
2021-12-04_cal_st_fullerton_grand_canyon,Grand Canyon,02,Kennedi Shorts,False,7,0,0,,0,0,,0,0,,0,3,3,2,0,0,0,0,0
2021-12-04_cal_st_fullerton_grand_canyon,Grand Canyon,22,Ny'Dajah Jackson,False,6,0,3,0.0,0,1,0.0,0,0,,2,0,2,1,1,0,0,0,0
2021-12-04_cal_st_fullerton_grand_canyon,Grand Canyon,TM,TEAM,False,0,0,0,,0,0,,0,0,,3,2,5,0,0,1,0,0,0
2021-12-04_cal_st_fullerton_grand_canyon,Cal St. Fullerton,03,"Wahinekapu, Lily",True,39,4,10,0.4,2,4,0.5,8,10,0.8,1,4,5,1,2,4,0,5,18
2021-12-04_cal_st_fullerton_grand_canyon,Cal St. Fullerton,23,"Gill, Carolyn",True,26,5,13,0.385,1,1,1.0,3,6,0.5,0,4,4,0,0,2,0,1,14
2021-12-04_cal_st_fullerton_grand_canyon,Cal St. Fullerton,55,"Nimmo, Fujika",True,39,5,7,0.714,0,1,0.0,3,4,0.75,0,2,2,2,4,3,1,2,13
2021-12-04_cal_st_fullerton_grand_canyon,Cal St. Fullerton,32,"Lewis, Ashlee",True,26,2,5,0.4,0,0,,2,2,1.0,2,7,9,4,2,1,1,1,6
2021-12-04_cal_st_fullerton_grand_canyon,Cal St. Fullerton,24,"Neff, Kathryn",True,23,2,4,0.5,0,2,0.0,0,0,,0,1,1,2,1,2,1,0,4
2021-12-04_cal_st_fullerton_grand_canyon,Cal St. Fullerton,13,"Hernandez, Aixchel",False,14,2,3,0.667,0,0,,0,0,,2,1,3,0,0,0,0,1,4
2021-12-04_cal_st_fullerton_grand_canyon,Cal St. Fullerton,04,"Vidmar, Gabi",False,27,0,2,0.0,0,1,0.0,1,2,0.5,1,1,2,3,1,1,0,3,1
2021-12-04_cal_st_fullerton_grand_canyon,Cal St. Fullerton,01,"Jovanovic, Una",False,6,0,2,0.0,0,0,,0,0,,0,0,0,0,0,2,0,0,0
2021-12-04_cal_st_fullerton_grand_canyon,Cal St. Fullerton,TM,TEAM,False,0,0,0,,0,0,,0,0,,2,2,4,0,0,3,0,0,0
2021-12-05_hawaii_loyola_marymount,Loyola Marymount,32,"Johnson, Ariel",True,39,8,16,0.5,2,4,0.5,4,4,1.0,2,2,4,1,6,1,0,1,22
2021-12-05_hawaii_loyola_marymount,Loyola Marymount,35,"Mark, Alexis",True,39,6,13,0.462,1,2,0.5,2,4,0.5,2,9,11,3,1,1,0,0,15
2021-12-05_hawaii_loyola_marymount,Loyola Marymount,02,"Gordon, Cassandra",True,28,2,5,0.4,0,3,0.0,1,1,1.0,1,0,1,1,1,3,0,0,5
2021-12-05_hawaii_loyola_marymount,Loyola Marymount,04,"Sykes, Kimora",True,40,1,9,0.111,1,6,0.167,1,2,0.5,1,1,2,1,1,1,0,1,4
2021-12-05_hawaii_loyola_marymount,Loyola Marymount,20,"Jones, Jasmine",True,2,0,0,,0,0,,1,2,0.5,1,1,2,1,0,1,0,0,1
2021-12-05_hawaii_loyola_marymount,Loyola Marymount,34,"Clark, Khari",False,16,5,11,0.455,0,0,,3,3,1.0,3,0,3,5,0,2,0,1,13
2021-12-05_hawaii_loyola_marymount,Loyola Marymount,03,"Allmond, Se'Quoia",False,16,1,2,0.5,1,2,0.5,0,0,,0,1,1,1,1,1,0,0,3
2021-12-05_hawaii_loyola_marymount,Loyola Marymount,00,"Jenkins, Zoe",False,12,0,2,0.0,0,2,0.0,0,0,,0,0,0,1,0,2,1,0,0
2021-12-05_hawaii_loyola_marymount,Loyola Marymount,42,"Mandel, Meghan",False,8,0,2,0.0,0,0,,0,0,,1,3,4,1,0,1,1,1,0
2021-12-05_hawaii_loyola_marymount,Loyola Marymount,TM,TEAM,False,0,0,0,,0,0,,0,0,,3,2,5,0,0,0,0,0,0
2021-12-05_hawaii_loyola_marymount,Hawaii,25,"Atwell, Amy",True,39,10,19,0.526,3,8,0.375,1,1,1.0,0,5,5,1,0,0,0,1,24
2021-12-05_hawaii_loyola_marymount,Hawaii,15,"Phillips, Daejah",True,21,5,8,0.625,0,1,0.0,3,4,0.75,2,2,4,4,1,2,0,1,13
2021-12-05_hawaii_loyola_marymount,Hawaii,24,"Calhoun, Nae Nae",True,25,3,8,0.375,2,4,0.5,4,5,0.8,2,2,4,2,6,2,0,0,12
2021-12-05_hawaii_loyola_marymount,Hawaii,14,"Orji, Nnenna",True,28,3,6,0.5,0,0,,2,3,0.667,1,0,1,4,0,1,0,2,8
2021-12-05_hawaii_loyola_marymount,Hawaii,23,"McBee, MeiLani",True,19,1,1,1.0,1,1,1.0,0,0,,0,0,0,0,2,3,0,3,3
2021-12-05_hawaii_loyola_marymount,Hawaii,45,"Davies, Olivia",False,23,2,7,0.286,0,3,0.0,2,3,0.667,1,5,6,1,2,3,1,0,6
2021-12-05_hawaii_loyola_marymount,Hawaii,01,"Imai, Kelsie",False,20,2,3,0.667,0,1,0.0,0,0,,1,4,5,1,2,1,0,0,4
2021-12-05_hawaii_loyola_marymount,Hawaii,20,"Haire, McKenna",False,13,2,2,1.0,0,0,,0,0,,0,2,2,0,1,1,0,0,4
2021-12-05_hawaii_loyola_marymount,Hawaii,33,"Donnelly, Maeve",False,12,0,0,,0,0,,2,2,1.0,1,3,4,1,0,0,2,1,2
2021-12-05_hawaii_loyola_marymount,Hawaii,TM,TEAM,False,0,0,0,,0,0,,0,0,,2,1,3,0,0,0,0,0,0
2021-12-05_air_force_long_beach_st,Long Beach St.,10,"King, Justina",True,40,6,12,0.5,0,4,0.0,3,4,0.75,1,2,3,2,3,4,0,3,15
2021-12-05_air_force_long_beach_st,Long Beach St.,00,"Berry, Ma'qhi",True,31,2,3,0.667,0,0,,3,4,0.75,0,5,5,2,1,5,1,3,7
2021-12-05_air_force_long_beach_st,Long Beach St.,11,"Hardy, Jasmine",True,26,3,10,0.3,0,1,0.0,0,0,,0,1,1,5,1,1,1,0,6
2021-12-05_air_force_long_beach_st,Long Beach St.,12,"Jeskeova, Kristyna",True,19,1,3,0.333,1,2,0.5,3,4,0.75,1,4,5,3,1,2,1,1,6
2021-12-05_air_force_long_beach_st,Long Beach St.,1,"Utti, Maddi",True,40,2,6,0.333,0,1,0.0,1,2,0.5,2,5,7,1,1,0,2,3,5
2021-12-05_air_force_long_beach_st,Long Beach St.,20,"Joseph, Myrrah",False,16,2,3,0.667,0,0,,2,2,1.0,2,3,5,4,1,3,0,4,6
2021-12-05_air_force_long_beach_st,Long Beach St.,32,"Mikkelsen, Thea",False,6,0,1,0.0,0,0,,3,4,0.75,0,0,0,1,0,1,0,0,3
2021-12-05_air_force_long_beach_st,Long Beach St.,25,"Hamilton-fisher, Kianna",False,12,1,4,0.25,0,2,0.0,0,0,,0,0,0,0,1,0,0,1,2
2021-12-05_air_force_long_beach_st,Long Beach St.,14,"Huffhines, Brandy",False,6,0,1,0.0,0,1,0.0,0,0,,0,0,0,0,0,0,0,0,0
2021-12-05_air_force_long_beach_st,Long Beach St.,3,"Chung, Patricia",False,2,0,0,,0,0,,0,0,,0,1,1,0,0,2,0,0,0
2021-12-05_air_force_long_beach_st,Long Beach St.,5,"Sullivan, Emily",False,2,0,0,,0,0,,0,0,,0,0,0,0,0,1,0,0,0
2021-12-05_air_force_long_beach_st,Long Beach St.,2,"Tucker, Savannah",False,0,0,0,,0,0,,0,0,,0,0,0,0,0,0,0,0,0
2021-12-05_air_force_long_beach_st,Long Beach St.,TM,TEAM,False,0,0,0,,0,0,,0,0,,4,4,8,0,0,1,0,0,0
2021-12-05_air_force_long_beach_st,Air Force,23,"Snyder, Riley",True,36,4,14,0.286,2,7,0.286,3,4,0.75,1,3,4,1,1,1,1,1,13
2021-12-05_air_force_long_beach_st,Air Force,1,"Autrey-thompson, Briana",True,34,4,13,0.308,0,1,0.0,4,7,0.571,2,1,3,2,3,6,1,2,12
2021-12-05_air_force_long_beach_st,Air Force,00,"Jones, Haley",True,29,2,9,0.222,0,0,,4,4,1.0,8,5,13,4,2,0,1,2,8
2021-12-05_air_force_long_beach_st,Air Force,40,"Huntimer, Jo",True,28,1,4,0.25,0,1,0.0,0,0,,1,3,4,3,4,3,0,1,2
2021-12-05_air_force_long_beach_st,Air Force,3,"Winters, Cierra",True,26,1,6,0.167,0,2,0.0,0,0,,1,2,3,4,1,5,0,4,2
2021-12-05_air_force_long_beach_st,Air Force,2,"Gadison, Audrey",False,21,2,7,0.286,2,7,0.286,0,0,,0,1,1,1,0,0,0,0,6
2021-12-05_air_force_long_beach_st,Air Force,10,"Heath, Kamri",False,11,2,4,0.5,0,0,,0,0,,1,0,1,1,0,1,0,1,4
2021-12-05_air_force_long_beach_st,Air Force,30,"Macmillan, Dasha",False,13,1,3,0.333,0,1,0.0,0,2,0.0,1,1,2,1,0,1,0,0,2
2021-12-05_air_force_long_beach_st,Air Force,31,"McDonald, Lauren",False,2,0,0,,0,0,,0,0,,0,1,1,1,0,0,0,0,0
2021-12-05_air_force_long_beach_st,Air Force,TM,TEAM,False,0,0,0,,0,0,,0,0,,5,3,8,0,0,0,0,0,0
2021-12-05_csun_san_diego,San Diego,4,"Gorman, Steph",True,41,8,11,0.727,3,5,0.6,3,4,0.75,0,5,5,3,11,2,0,3,22
2021-12-05_csun_san_diego,San Diego,32,"Hunter, Sydney",True,41,4,10,0.4,0,0,,7,8,0.875,2,4,6,2,1,3,0,0,15
2021-12-05_csun_san_diego,San Diego,00,"Oakry, Kiera",True,25,3,5,0.6,1,2,0.5,2,3,0.667,1,2,3,4,1,6,1,0,9
2021-12-05_csun_san_diego,San Diego,5,"Khalfani, Ayanna",True,26,2,7,0.286,0,1,0.0,2,4,0.5,1,4,5,4,3,2,2,4,6
2021-12-05_csun_san_diego,San Diego,30,"Bird, Kendall",True,17,2,6,0.333,0,0,,1,2,0.5,0,4,4,2,0,2,0,1,5
2021-12-05_csun_san_diego,San Diego,22,"Neubert, Kasey",False,22,4,5,0.8,0,0,,0,0,,1,3,4,2,0,3,0,1,8
2021-12-05_csun_san_diego,San Diego,11,"Erikstrup, Laura",False,7,2,3,0.667,1,1,1.0,2,2,1.0,0,0,0,1,0,0,0,0,7
2021-12-05_csun_san_diego,San Diego,24,"Horstmeyer, Kylie",False,29,3,4,0.75,0,0,,0,0,,2,2,4,0,1,2,1,2,6
2021-12-05_csun_san_diego,San Diego,20,"Martinsen, Erica",False,12,2,7,0.286,1,4,0.25,0,0,,0,1,1,0,0,2,0,0,5
2021-12-05_csun_san_diego,San Diego,34,"Giuffre, Gabby",False,3,0,0,,0,0,,0,0,,0,0,0,0,1,1,0,0,0
2021-12-05_csun_san_diego,San Diego,33,"Olinger, Amanda",False,2,0,0,,0,0,,0,0,,0,0,0,0,0,0,0,0,0
2021-12-05_csun_san_diego,San Diego,TM,TEAM,False,0,0,0,,0,0,,0,0,,4,1,5,0,0,0,0,0,0
2021-12-05_csun_san_diego,CSUN,21,"Tu'ua, Anaiyah",True,34,5,10,0.5,2,5,0.4,3,4,0.75,0,1,1,2,5,3,0,4,15
2021-12-05_csun_san_diego,CSUN,12,"Henderson, Meghann",True,30,6,10,0.6,1,3,0.333,1,3,0.333,2,0,2,3,0,4,2,0,14
2021-12-05_csun_san_diego,CSUN,1,"Jackson, Jordyn",True,33,3,14,0.214,2,6,0.333,2,2,1.0,0,4,4,3,3,1,0,2,10
2021-12-05_csun_san_diego,CSUN,15,"Amundsen, Tess",True,34,3,9,0.333,0,1,0.0,2,2,1.0,1,3,4,2,3,3,0,1,8
2021-12-05_csun_san_diego,CSUN,4,"Harvey, Rachel",True,15,0,1,0.0,0,0,,0,0,,0,3,3,1,0,1,0,2,0
2021-12-05_csun_san_diego,CSUN,34,"Spriggs, Kayanna",False,28,3,8,0.375,0,0,,3,4,0.75,3,0,3,3,1,2,2,1,9
2021-12-05_csun_san_diego,CSUN,24,"Smith, Macy",False,11,3,4,0.75,2,2,1.0,0,0,,1,1,2,1,0,2,0,0,8
2021-12-05_csun_san_diego,CSUN,2,"Woodley, Sydney",False,31,3,5,0.6,0,0,,0,0,,1,2,3,4,2,4,1,3,6
2021-12-05_csun_san_diego,CSUN,11,"Smith, Olivia",False,5,0,0,,0,0,,0,0,,0,1,1,0,0,0,0,0,0
2021-12-05_csun_san_diego,CSUN,32,"Hawkins, Ashley",False,4,0,1,0.0,0,0,,0,0,,0,0,0,0,1,0,0,0,0
2021-12-05_csun_san_diego,CSUN,TM,TEAM,False,0,0,0,,0,0,,0,0,,3,6,9,0,0,2,0,0,0
2021-12-05_csu_bakersfield_unlv,UNLV,23,"Young, Desi-Rae",True,38,9,14,0.643,0,0,,4,11,0.364,3,7,10,3,1,5,0,1,22
2021-12-05_csu_bakersfield_unlv,UNLV,24,"Booker, Essence",True,35,4,10,0.4,1,3,0.333,0,0,,1,9,10,3,3,1,0,4,9
2021-12-05_csu_bakersfield_unlv,UNLV,12,"Durazo-Frescas, Alyssa",True,21,2,7,0.286,2,7,0.286,0,0,,0,2,2,1,0,1,0,0,6
2021-12-05_csu_bakersfield_unlv,UNLV,20,"Rooks, Khayla",True,29,1,6,0.167,0,2,0.0,3,4,0.75,2,6,8,2,7,2,0,1,5
2021-12-05_csu_bakersfield_unlv,UNLV,11,"Ethridge, Justice",True,30,2,8,0.25,0,3,0.0,0,0,,5,2,7,3,3,2,1,1,4
2021-12-05_csu_bakersfield_unlv,UNLV,03,"Jackson, Kiara",False,23,3,8,0.375,3,6,0.5,8,10,0.8,1,4,5,1,1,0,0,1,17
2021-12-05_csu_bakersfield_unlv,UNLV,01,"Obiazor, Nneka",False,13,2,7,0.286,0,0,,4,4,1.0,5,0,5,0,2,0,0,1,8
2021-12-05_csu_bakersfield_unlv,UNLV,05,"Thomas, Jade",False,6,0,0,,0,0,,0,0,,0,2,2,0,0,0,0,0,0
2021-12-05_csu_bakersfield_unlv,UNLV,02,"Winfrey, Kenadee",False,5,0,2,0.0,0,1,0.0,0,0,,0,0,0,0,0,0,0,0,0
2021-12-05_csu_bakersfield_unlv,UNLV,TM,TEAM,False,0,0,0,,0,0,,0,0,,2,5,7,0,0,2,0,0,0
2021-12-05_csu_bakersfield_unlv,CSU Bakersfield,10,"Eggleston, Jayden",True,33,6,13,0.462,1,3,0.333,4,4,1.0,2,5,7,4,5,2,0,0,17
2021-12-05_csu_bakersfield_unlv,CSU Bakersfield,22,"Easley, Andie",True,26,2,10,0.2,2,7,0.286,0,0,,1,0,1,3,0,1,0,0,6
2021-12-05_csu_bakersfield_unlv,CSU Bakersfield,00,"Johnson, Simone",True,12,1,3,0.333,0,1,0.0,0,0,,0,1,1,0,1,1,0,1,2
2021-12-05_csu_bakersfield_unlv,CSU Bakersfield,54,"Austin, Vanessa",True,12,0,3,0.0,0,0,,2,4,0.5,0,3,3,3,1,3,0,0,2
2021-12-05_csu_bakersfield_unlv,CSU Bakersfield,23,"Saxon, Miracle",True,15,0,6,0.0,0,0,,0,0,,3,2,5,1,0,2,0,0,0
2021-12-05_csu_bakersfield_unlv,CSU Bakersfield,01,"Clayburne, Tatyanna",False,18,4,6,0.667,4,6,0.667,0,0,,0,0,0,2,3,1,0,0,12
2021-12-05_csu_bakersfield_unlv,CSU Bakersfield,11,"Green, Lexus",False,19,3,9,0.333,1,4,0.25,0,0,,0,1,1,3,1,2,0,0,7
2021-12-05_csu_bakersfield_unlv,CSU Bakersfield,13,"Herrera, Soli",False,17,2,6,0.333,0,0,,1,2,0.5,2,1,3,1,0,0,1,1,5
2021-12-05_csu_bakersfield_unlv,CSU Bakersfield,04,"Dixon, Jasmin",False,25,1,3,0.333,1,3,0.333,0,2,0.0,0,2,2,2,1,0,0,1,3
2021-12-05_csu_bakersfield_unlv,CSU Bakersfield,03,"van Schaik, Hennie",False,14,1,3,0.333,0,1,0.0,0,0,,0,1,1,0,0,1,2,0,2
2021-12-05_csu_bakersfield_unlv,CSU Bakersfield,24,"Bridges-Bey, Sage",False,6,0,1,0.0,0,0,,0,0,,0,1,1,2,0,0,0,1,0
2021-12-05_csu_bakersfield_unlv,CSU Bakersfield,12,"Tougas, Sophia",False,2,0,0,,0,0,,0,0,,0,0,0,0,0,0,0,0,0
2021-12-05_csu_bakersfield_unlv,CSU Bakersfield,15,"Morris, Kayla",False,1,0,0,,0,0,,0,0,,0,0,0,0,0,0,0,0,0
2021-12-05_csu_bakersfield_unlv,CSU Bakersfield,TM,TEAM,False,0,0,0,,0,0,,0,0,,1,6,7,0,0,0,0,0,0
2021-12-07_cal_st_fullerton_san_francisco,San Francisco,21,Ioanna Krimili,True,35,7,15,0.467,4,7,0.571,1,2,0.5,2,4,6,1,2,2,0,2,19
2021-12-07_cal_st_fullerton_san_francisco,San Francisco,14,Jessica McDowell-Whi,True,33,3,6,0.5,1,4,0.25,0,0,,1,3,4,2,3,0,0,0,7
2021-12-07_cal_st_fullerton_san_francisco,San Francisco,05,Amalie Langer,True,31,2,7,0.286,1,5,0.2,1,4,0.25,0,2,2,4,0,5,0,0,6
2021-12-07_cal_st_fullerton_san_francisco,San Francisco,24,Lucija Kostic,True,34,2,3,0.667,0,0,,0,0,,1,10,11,1,6,5,0,3,4
2021-12-07_cal_st_fullerton_san_francisco,San Francisco,55,Abby Rathbun,True,21,2,3,0.667,0,0,,0,0,,1,0,1,1,0,1,0,0,4
2021-12-07_cal_st_fullerton_san_francisco,San Francisco,12,Kennedy Dickie,False,19,2,8,0.25,1,3,0.333,0,0,,2,0,2,2,1,3,0,1,5
2021-12-07_cal_st_fullerton_san_francisco,San Francisco,11,Jasmine Gayles,False,14,2,8,0.25,0,3,0.0,1,2,0.5,1,1,2,1,0,1,0,0,5
2021-12-07_cal_st_fullerton_san_francisco,San Francisco,02,Kia Vaalavirta,False,6,1,2,0.5,1,2,0.5,0,0,,0,0,0,0,0,0,0,0,3
2021-12-07_cal_st_fullerton_san_francisco,San Francisco,22,Claudia Langarita,False,6,0,1,0.0,0,0,,0,0,,0,0,0,1,1,1,0,0,0
2021-12-07_cal_st_fullerton_san_francisco,San Francisco,04,Marianna Klavina,False,1,0,0,,0,0,,0,0,,0,0,0,0,0,0,0,0,0
2021-12-07_cal_st_fullerton_san_francisco,San Francisco,TM,TEAM,False,0,0,0,,0,0,,0,0,,1,4,5,0,0,0,0,0,0
2021-12-07_cal_st_fullerton_san_francisco,Cal St. Fullerton,32,"Lewis, Ashlee",True,34,13,19,0.684,0,0,,3,5,0.6,3,3,6,1,2,1,1,1,29
2021-12-07_cal_st_fullerton_san_francisco,Cal St. Fullerton,55,"Nimmo, Fujika",True,31,8,17,0.471,2,7,0.286,0,0,,1,1,2,3,1,3,1,1,18
2021-12-07_cal_st_fullerton_san_francisco,Cal St. Fullerton,03,"Wahinekapu, Lily",True,34,2,8,0.25,0,4,0.0,0,0,,0,9,9,2,3,1,2,1,4
2021-12-07_cal_st_fullerton_san_francisco,Cal St. Fullerton,23,"Gill, Carolyn",True,36,1,5,0.2,0,0,,0,0,,2,4,6,2,1,2,0,1,2
2021-12-07_cal_st_fullerton_san_francisco,Cal St. Fullerton,24,"Neff, Kathryn",True,17,0,2,0.0,0,2,0.0,0,0,,0,1,1,1,1,0,0,1,0
2021-12-07_cal_st_fullerton_san_francisco,Cal St. Fullerton,04,"Vidmar, Gabi",False,30,2,4,0.5,2,4,0.5,0,0,,1,1,2,1,2,2,0,3,6
2021-12-07_cal_st_fullerton_san_francisco,Cal St. Fullerton,01,"Jovanovic, Una",False,11,1,3,0.333,0,2,0.0,1,2,0.5,0,0,0,0,2,0,0,1,3
2021-12-07_cal_st_fullerton_san_francisco,Cal St. Fullerton,13,"Hernandez, Aixchel",False,6,0,1,0.0,0,0,,0,0,,1,1,2,2,0,2,0,0,0
2021-12-07_cal_st_fullerton_san_francisco,Cal St. Fullerton,05,"Rodarte, Clarissa",False,1,0,0,,0,0,,0,0,,0,0,0,1,0,1,0,0,0
2021-12-07_cal_st_fullerton_san_francisco,Cal St. Fullerton,TM,TEAM,False,0,0,0,,0,0,,0,0,,1,3,4,0,0,0,0,0,0
2021-12-08_csu_bakersfield_sacramento_st,Sacramento St.,24,"Natabou, Isnelle",True,28,8,9,0.889,0,0,,1,3,0.333,4,6,10,3,1,3,0,2,17
2021-12-08_csu_bakersfield_sacramento_st,Sacramento St.,11,"Menke, Summer",True,37,4,16,0.25,0,3,0.0,8,9,0.889,5,6,11,1,4,5,0,1,16
2021-12-08_csu_bakersfield_sacramento_st,Sacramento St.,15,"Rios, Jessica",True,40,3,6,0.5,3,6,0.5,0,0,,0,4,4,1,2,1,0,0,9
2021-12-08_csu_bakersfield_sacramento_st,Sacramento St.,04,"Carrasco, Jazmin",True,39,1,5,0.2,0,3,0.0,5,6,0.833,0,3,3,4,4,4,0,2,7
2021-12-08_csu_bakersfield_sacramento_st,Sacramento St.,20,"Peneueta, Katie",True,27,2,6,0.333,2,6,0.333,0,0,,0,4,4,1,2,2,0,0,6
2021-12-08_csu_bakersfield_sacramento_st,Sacramento St.,23,"Olivares, Jordan",False,19,1,5,0.2,1,2,0.5,2,2,1.0,2,2,4,2,0,0,0,0,5
2021-12-08_csu_bakersfield_sacramento_st,Sacramento St.,25,"Falkowska, Alicja",False,10,0,0,,0,0,,0,0,,0,0,0,1,0,0,2,0,0
2021-12-08_csu_bakersfield_sacramento_st,Sacramento St.,TM,TEAM,False,0,0,0,,0,0,,0,0,,0,4,4,0,0,0,0,0,0
2021-12-08_csu_bakersfield_sacramento_st,CSU Bakersfield,10,"Eggleston, Jayden",True,38,5,17,0.294,0,1,0.0,4,4,1.0,2,3,5,3,2,1,0,1,14
2021-12-08_csu_bakersfield_sacramento_st,CSU Bakersfield,22,"Easley, Andie",True,28,4,9,0.444,1,2,0.5,0,0,,0,5,5,2,2,0,0,2,9
2021-12-08_csu_bakersfield_sacramento_st,CSU Bakersfield,01,"Clayburne, Tatyanna",True,37,3,5,0.6,0,2,0.0,0,0,,2,3,5,4,1,2,0,0,6
2021-12-08_csu_bakersfield_sacramento_st,CSU Bakersfield,13,"Herrera, Soli",True,16,1,5,0.2,0,0,,3,3,1.0,1,0,1,3,0,2,0,0,5
2021-12-08_csu_bakersfield_sacramento_st,CSU Bakersfield,04,"Dixon, Jasmin",True,18,0,2,0.0,0,1,0.0,0,0,,0,1,1,0,0,0,0,2,0
2021-12-08_csu_bakersfield_sacramento_st,CSU Bakersfield,23,"Saxon, Miracle",False,12,3,6,0.5,1,1,1.0,0,0,,2,1,3,0,0,0,0,1,7
2021-12-08_csu_bakersfield_sacramento_st,CSU Bakersfield,24,"Bridges-Bey, Sage",False,6,2,3,0.667,2,2,1.0,0,0,,0,0,0,0,0,0,0,0,6
2021-12-08_csu_bakersfield_sacramento_st,CSU Bakersfield,11,"Green, Lexus",False,21,1,4,0.25,1,3,0.333,0,0,,1,1,2,1,0,3,0,0,3
2021-12-08_csu_bakersfield_sacramento_st,CSU Bakersfield,54,"Austin, Vanessa",False,13,0,6,0.0,0,0,,0,0,,2,1,3,2,1,1,0,1,0
2021-12-08_csu_bakersfield_sacramento_st,CSU Bakersfield,03,"van Schaik, Hennie",False,5,0,1,0.0,0,0,,0,0,,0,2,2,0,0,1,0,0,0
2021-12-08_csu_bakersfield_sacramento_st,CSU Bakersfield,00,"Johnson, Simone",False,3,0,0,,0,0,,0,0,,0,0,0,0,0,0,0,0,0
2021-12-08_csu_bakersfield_sacramento_st,CSU Bakersfield,15,"Morris, Kayla",False,3,0,1,0.0,0,1,0.0,0,0,,0,1,1,0,0,0,0,0,0
2021-12-08_csu_bakersfield_sacramento_st,CSU Bakersfield,TM,TEAM,False,0,0,0,,0,0,,0,0,,1,0,1,0,0,0,0,0,0
2021-12-09_portland_csun,CSUN,15,"Amundsen, Tess",True,24,7,11,0.636,1,2,0.5,0,0,,0,2,2,1,2,1,0,1,15
2021-12-09_portland_csun,CSUN,1,"Jackson, Jordyn",True,27,3,10,0.3,0,0,,0,0,,0,1,1,3,2,0,0,0,6
2021-12-09_portland_csun,CSUN,21,"Tu'ua, Anaiyah",True,23,3,9,0.333,0,2,0.0,0,1,0.0,1,5,6,2,4,0,0,3,6
2021-12-09_portland_csun,CSUN,12,"Henderson, Meghann",True,19,1,4,0.25,1,2,0.5,1,2,0.5,2,4,6,1,0,4,0,1,4
2021-12-09_portland_csun,CSUN,4,"Harvey, Rachel",True,14,0,1,0.0,0,0,,0,0,,0,0,0,3,1,1,0,4,0
2021-12-09_portland_csun,CSUN,34,"Spriggs, Kayanna",False,18,2,10,0.2,0,0,,5,7,0.714,4,2,6,0,0,0,0,1,9
2021-12-09_portland_csun,CSUN,5,"Duchemin, Michelle",False,14,4,10,0.4,0,2,0.0,1,2,0.5,1,2,3,1,0,2,0,0,9
2021-12-09_portland_csun,CSUN,24,"Smith, Macy",False,11,2,4,0.5,1,3,0.333,0,0,,0,0,0,2,0,0,0,0,5
2021-12-09_portland_csun,CSUN,32,"Hawkins, Ashley",False,20,1,5,0.2,0,2,0.0,2,2,1.0,1,0,1,2,3,2,0,1,4
2021-12-09_portland_csun,CSUN,2,"Woodley, Sydney",False,20,1,3,0.333,0,0,,0,0,,1,1,2,2,2,0,0,0,2
2021-12-09_portland_csun,CSUN,11,"Smith, Olivia",False,5,1,4,0.25,0,0,,0,0,,1,0,1,2,1,0,0,0,2
2021-12-09_portland_csun,CSUN,22,"Hudgen, McKenzie",False,5,0,0,,0,0,,0,0,,0,1,1,0,0,1,0,0,0
2021-12-09_portland_csun,CSUN,TM,TEAM,False,0,0,0,,0,0,,0,0,,3,5,8,0,0,1,0,0,0
2021-12-09_portland_csun,Portland,10,"Andrews, Haylee",True,27,8,11,0.727,1,3,0.333,5,8,0.625,0,4,4,1,6,7,0,0,22
2021-12-09_portland_csun,Portland,12,"Fowler, Alex",True,29,6,9,0.667,1,2,0.5,3,4,0.75,7,6,13,0,3,2,0,0,16
2021-12-09_portland_csun,Portland,30,"Cochrane, Lucy",True,24,5,9,0.556,0,0,,0,0,,1,7,8,2,2,2,6,1,10
2021-12-09_portland_csun,Portland,5,"Shearer, Emme",True,18,2,5,0.4,0,2,0.0,0,0,,1,0,1,2,3,1,0,1,4
2021-12-09_portland_csun,Portland,15,"Muhlheim, Maddie",True,13,0,6,0.0,0,5,0.0,0,0,,1,1,2,3,0,0,0,0,0
2021-12-09_portland_csun,Portland,2,"Pflug, Rose",False,19,6,8,0.75,3,4,0.75,1,2,0.5,0,1,1,0,2,1,0,1,16
2021-12-09_portland_csun,Portland,24,"Burnham, Maisie",False,10,3,6,0.5,0,2,0.0,0,1,0.0,2,3,5,2,0,1,0,2,6
2021-12-09_portland_csun,Portland,32,"Lenzie, Kelsey",False,5,1,4,0.25,1,4,0.25,0,0,,0,1,1,0,0,0,0,0,3
2021-12-09_portland_csun,Portland,21,"Sewell, Emily",False,8,1,1,1.0,0,0,,0,0,,1,0,1,1,0,0,1,0,2
2021-12-09_portland_csun,Portland,23,"Kaitu'u, Liana",False,9,0,2,0.0,0,0,,1,2,0.5,0,0,0,5,3,2,0,0,1
2021-12-09_portland_csun,Portland,4,"Frawley, Keeley",False,17,0,2,0.0,0,1,0.0,0,0,,1,2,3,0,2,1,0,1,0
2021-12-09_portland_csun,Portland,22,"Bruno, Mj",False,11,0,1,0.0,0,1,0.0,0,0,,1,2,3,2,1,0,0,0,0
2021-12-09_portland_csun,Portland,1,"Meek, McKelle",False,10,0,2,0.0,0,2,0.0,0,0,,0,0,0,3,0,0,0,2,0
2021-12-09_portland_csun,Portland,TM,TEAM,False,0,0,0,,0,0,,0,0,,1,5,6,0,0,0,0,0,0
2021-12-10_utah_cal_st_fullerton,Cal St. Fullerton,32,"Lewis, Ashlee",True,22,3,13,0.231,0,0,,1,1,1.0,3,4,7,0,1,0,0,0,7
2021-12-10_utah_cal_st_fullerton,Cal St. Fullerton,03,"Wahinekapu, Lily",True,17,2,6,0.333,1,4,0.25,1,2,0.5,0,3,3,2,2,3,0,0,6
2021-12-10_utah_cal_st_fullerton,Cal St. Fullerton,55,"Nimmo, Fujika",True,24,2,10,0.2,0,1,0.0,1,2,0.5,1,1,2,1,2,2,0,1,5
2021-12-10_utah_cal_st_fullerton,Cal St. Fullerton,23,"Gill, Carolyn",True,20,0,3,0.0,0,0,,1,2,0.5,2,3,5,4,0,3,1,1,1
2021-12-10_utah_cal_st_fullerton,Cal St. Fullerton,24,"Neff, Kathryn",True,23,0,4,0.0,0,2,0.0,0,0,,2,0,2,3,0,1,0,2,0
2021-12-10_utah_cal_st_fullerton,Cal St. Fullerton,04,"Vidmar, Gabi",False,23,4,7,0.571,2,4,0.5,0,0,,0,2,2,1,2,3,0,1,10
2021-12-10_utah_cal_st_fullerton,Cal St. Fullerton,01,"Jovanovic, Una",False,23,3,7,0.429,0,0,,2,6,0.333,2,0,2,1,0,1,0,0,8
2021-12-10_utah_cal_st_fullerton,Cal St. Fullerton,05,"Rodarte, Clarissa",False,11,2,4,0.5,0,1,0.0,2,2,1.0,0,1,1,0,0,1,0,0,6
2021-12-10_utah_cal_st_fullerton,Cal St. Fullerton,13,"Hernandez, Aixchel",False,16,1,4,0.25,0,1,0.0,0,0,,0,3,3,1,1,1,1,0,2
2021-12-10_utah_cal_st_fullerton,Cal St. Fullerton,11,"MacDonald, Ruby",False,9,0,1,0.0,0,1,0.0,0,0,,0,1,1,2,1,0,0,0,0
2021-12-10_utah_cal_st_fullerton,Cal St. Fullerton,54,"Furch, Brianna",False,7,0,1,0.0,0,1,0.0,0,0,,0,0,0,3,1,0,0,0,0
2021-12-10_utah_cal_st_fullerton,Cal St. Fullerton,10,"de Vera, Eliza",False,5,0,1,0.0,0,0,,0,0,,0,0,0,0,0,0,0,0,0
2021-12-10_utah_cal_st_fullerton,Cal St. Fullerton,TM,TEAM,False,0,0,0,,0,0,,0,0,,2,1,3,0,0,0,0,0,0
2021-12-10_utah_cal_st_fullerton,Utah,22,"Johnson, Jenna",True,25,6,10,0.6,3,4,0.75,8,11,0.727,5,5,10,0,3,2,2,0,23
2021-12-10_utah_cal_st_fullerton,Utah,11,"Maxwell, Brynna",True,24,6,13,0.462,5,10,0.5,0,0,,0,3,3,3,1,1,0,0,17
2021-12-10_utah_cal_st_fullerton,Utah,03,"Torres, Andrea",True,23,3,7,0.429,1,4,0.25,1,1,1.0,1,2,3,3,5,2,0,3,8
2021-12-10_utah_cal_st_fullerton,Utah,05,"Kneepkens, Gianna",True,23,2,5,0.4,1,2,0.5,0,0,,0,6,6,1,1,1,0,0,5
2021-12-10_utah_cal_st_fullerton,Utah,10,"Gylten, Dru",True,22,2,3,0.667,1,2,0.5,0,0,,1,1,2,0,5,3,0,0,5
2021-12-10_utah_cal_st_fullerton,Utah,01,"Palmer, Isabel",False,19,6,9,0.667,3,4,0.75,1,1,1.0,1,3,4,1,1,0,1,1,16
2021-12-10_utah_cal_st_fullerton,Utah,42,"McFarland, Peyton",False,15,7,7,1.0,0,0,,1,2,0.5,1,5,6,1,0,0,0,0,15
2021-12-10_utah_cal_st_fullerton,Utah,02,"Vieira, Ines",False,23,2,6,0.333,1,2,0.5,0,0,,2,1,3,4,6,2,0,0,5
2021-12-10_utah_cal_st_fullerton,Utah,53,"Rees, Kelsey",False,17,2,4,0.5,0,2,0.0,0,0,,1,5,6,1,3,1,0,0,4
2021-12-10_utah_cal_st_fullerton,Utah,23,"Jackson, Maka",False,9,0,1,0.0,0,1,0.0,2,2,1.0,0,0,0,1,0,1,0,0,2
2021-12-10_utah_cal_st_fullerton,Utah,TM,TEAM,False,0,0,0,,0,0,,0,0,,1,4,5,0,0,0,0,0,0
2021-12-11_uc_irvine_san_diego,San Diego,4,"Gorman, Steph",True,35,5,15,0.333,4,9,0.444,2,2,1.0,0,2,2,0,3,1,0,3,16
2021-12-11_uc_irvine_san_diego,San Diego,30,"Bird, Kendall",True,22,5,7,0.714,0,0,,2,6,0.333,2,4,6,3,1,3,1,1,12
2021-12-11_uc_irvine_san_diego,San Diego,5,"Khalfani, Ayanna",True,21,4,8,0.5,0,0,,4,7,0.571,2,1,3,4,2,1,1,2,12
2021-12-11_uc_irvine_san_diego,San Diego,00,"Oakry, Kiera",True,23,2,4,0.5,1,2,0.5,3,4,0.75,5,1,6,4,4,1,0,3,8
2021-12-11_uc_irvine_san_diego,San Diego,32,"Hunter, Sydney",True,21,1,5,0.2,0,0,,0,2,0.0,2,2,4,2,2,1,0,1,2
2021-12-11_uc_irvine_san_diego,San Diego,22,"Neubert, Kasey",False,20,3,4,0.75,1,1,1.0,1,2,0.5,0,4,4,1,0,4,0,1,8
2021-12-11_uc_irvine_san_diego,San Diego,11,"Erikstrup, Laura",False,11,1,4,0.25,0,1,0.0,5,6,0.833,4,1,5,0,0,1,1,0,7
2021-12-11_uc_irvine_san_diego,San Diego,24,"Horstmeyer, Kylie",False,21,2,9,0.222,0,0,,2,2,1.0,2,1,3,1,1,1,0,0,6
2021-12-11_uc_irvine_san_diego,San Diego,20,"Martinsen, Erica",False,18,1,3,0.333,1,3,0.333,0,0,,0,1,1,4,1,1,0,1,3
2021-12-11_uc_irvine_san_diego,San Diego,33,"Olinger, Amanda",False,2,0,1,0.0,0,1,0.0,1,2,0.5,0,1,1,0,0,0,0,0,1
2021-12-11_uc_irvine_san_diego,San Diego,25,"Blakes, Nicole",False,3,0,0,,0,0,,0,0,,0,0,0,0,1,0,0,0,0
2021-12-11_uc_irvine_san_diego,San Diego,34,"Giuffre, Gabby",False,2,0,0,,0,0,,0,0,,0,0,0,0,0,0,0,0,0
2021-12-11_uc_irvine_san_diego,San Diego,42,"Kaur, Harsimran",False,1,0,0,,0,0,,0,0,,0,0,0,1,0,0,0,0,0
2021-12-11_uc_irvine_san_diego,San Diego,TM,TEAM,False,0,0,0,,0,0,,0,0,,3,2,5,0,0,1,0,0,0
2021-12-11_uc_irvine_san_diego,UC Irvine,4,"Williams, Kayla",True,35,7,16,0.438,3,9,0.333,0,2,0.0,0,1,1,4,3,5,0,2,17
2021-12-11_uc_irvine_san_diego,UC Irvine,2,"Webb, Chloe",True,25,4,5,0.8,0,0,,8,11,0.727,1,4,5,3,1,4,0,0,16
2021-12-11_uc_irvine_san_diego,UC Irvine,21,"Williams, Olivia",True,27,4,6,0.667,0,1,0.0,0,0,,3,0,3,2,0,0,0,1,8
2021-12-11_uc_irvine_san_diego,UC Irvine,42,"Hunt, Naomi",True,26,3,13,0.231,0,7,0.0,0,0,,0,1,1,1,1,1,1,3,6
2021-12-11_uc_irvine_san_diego,UC Irvine,35,"Locandro, Sophia",True,17,0,1,0.0,0,0,,1,2,0.5,1,2,3,2,2,1,0,0,1
2021-12-11_uc_irvine_san_diego,UC Irvine,20,"Hernandez, Hunter",False,20,1,3,0.333,0,1,0.0,4,4,1.0,2,3,5,1,2,1,0,0,6
2021-12-11_uc_irvine_san_diego,UC Irvine,24,"Kapinga, Melodie",False,12,2,4,0.5,0,0,,0,0,,2,2,4,2,0,0,1,0,4
2021-12-11_uc_irvine_san_diego,UC Irvine,3,"Tom, Nikki",False,11,1,1,1.0,1,1,1.0,1,2,0.5,1,0,1,1,0,2,0,1,4
2021-12-11_uc_irvine_san_diego,UC Irvine,33,"Kaupu, Caiyle",False,4,1,3,0.333,0,0,,0,0,,0,0,0,1,0,1,1,0,2
2021-12-11_uc_irvine_san_diego,UC Irvine,10,"Cadee, Jayde",False,10,0,1,0.0,0,1,0.0,0,0,,0,0,0,0,0,0,0,0,0
2021-12-11_uc_irvine_san_diego,UC Irvine,45,"Dusharm, Tara",False,9,0,0,,0,0,,0,0,,0,3,3,3,0,0,1,0,0
2021-12-11_uc_irvine_san_diego,UC Irvine,11,"Scharpf, Amelia",False,3,0,1,0.0,0,0,,0,0,,0,1,1,0,1,1,1,1,0
2021-12-11_uc_irvine_san_diego,UC Irvine,13,"Lee, Déja",False,1,0,1,0.0,0,0,,0,0,,0,0,0,0,0,0,0,1,0
2021-12-11_uc_irvine_san_diego,UC Irvine,TM,TEAM,False,0,0,0,,0,0,,0,0,,3,2,5,0,0,3,0,0,0
2021-12-11_oregon_long_beach_st,Long Beach St.,10,"King, Justina",True,40,8,19,0.421,2,3,0.667,0,0,,1,1,2,4,2,5,0,4,18
2021-12-11_oregon_long_beach_st,Long Beach St.,1,"Utti, Maddi",True,40,3,10,0.3,0,1,0.0,3,6,0.5,2,4,6,3,5,1,0,0,9
2021-12-11_oregon_long_beach_st,Long Beach St.,11,"Hardy, Jasmine",True,13,3,9,0.333,2,5,0.4,1,2,0.5,0,0,0,5,0,1,1,1,9
2021-12-11_oregon_long_beach_st,Long Beach St.,00,"Berry, Ma'qhi",True,33,0,8,0.0,0,4,0.0,1,2,0.5,0,6,6,2,6,1,0,1,1
2021-12-11_oregon_long_beach_st,Long Beach St.,23,"Green, Lauren",True,2,0,0,,0,0,,0,0,,0,0,0,1,0,1,0,0,0
2021-12-11_oregon_long_beach_st,Long Beach St.,25,"Hamilton-fisher, Kianna",False,18,3,9,0.333,2,5,0.4,4,4,1.0,0,0,0,4,0,1,0,2,12
2021-12-11_oregon_long_beach_st,Long Beach St.,5,"Sullivan, Emily",False,14,2,3,0.667,0,0,,0,0,,1,1,2,1,0,0,0,1,4
2021-12-11_oregon_long_beach_st,Long Beach St.,20,"Joseph, Myrrah",False,11,1,2,0.5,0,0,,2,4,0.5,1,0,1,3,1,0,0,0,4
2021-12-11_oregon_long_beach_st,Long Beach St.,12,"Jeskeova, Kristyna",False,29,1,4,0.25,0,3,0.0,0,0,,2,6,8,1,1,1,0,4,2
2021-12-11_oregon_long_beach_st,Long Beach St.,TM,TEAM,False,0,0,0,,0,0,,0,0,,4,3,7,0,0,0,0,0,0
2021-12-11_oregon_long_beach_st,Oregon,00,"Hurst, Ahlise",True,37,6,9,0.667,5,8,0.625,2,2,1.0,1,1,2,1,2,2,1,2,19
2021-12-11_oregon_long_beach_st,Oregon,23,"Scherr, Maddie",True,39,3,7,0.429,1,1,1.0,5,6,0.833,3,4,7,5,9,6,1,0,12
2021-12-11_oregon_long_beach_st,Oregon,22,"Watson, Kylee",True,33,2,5,0.4,0,0,,5,11,0.455,0,7,7,1,1,1,2,1,9
2021-12-11_oregon_long_beach_st,Oregon,33,"Parrish, Sydney",True,27,3,6,0.5,1,4,0.25,2,4,0.5,0,3,3,1,0,4,0,0,9
2021-12-11_oregon_long_beach_st,Oregon,32,"Prince, Sedona",True,21,3,7,0.429,0,0,,1,2,0.5,1,7,8,3,1,0,2,1,7
2021-12-11_oregon_long_beach_st,Oregon,10,"Pinto, Chanaya",False,21,4,9,0.444,0,1,0.0,0,1,0.0,3,2,5,2,0,2,0,0,8
2021-12-11_oregon_long_beach_st,Oregon,5,"Dufficy, Shannon",False,14,0,2,0.0,0,2,0.0,2,2,1.0,0,3,3,1,1,1,0,0,2
2021-12-11_oregon_long_beach_st,Oregon,11,"Hosendove, Taylor",False,2,1,1,1.0,0,0,,0,0,,0,1,1,2,0,1,0,0,2
2021-12-11_oregon_long_beach_st,Oregon,3,"Bigby, Taylor",False,4,0,1,0.0,0,0,,0,0,,0,0,0,0,0,2,0,0,0
2021-12-11_oregon_long_beach_st,Oregon,15,"Kyei, Phillipina",False,2,0,0,,0,0,,0,0,,1,0,1,0,0,1,0,0,0
2021-12-11_oregon_long_beach_st,Oregon,TM,TEAM,False,0,0,0,,0,0,,0,0,,1,4,5,0,0,1,0,0,0
2021-12-11_csu_bakersfield_fresno_st,Fresno St.,01,"Cavinder, Haley",True,40,8,14,0.571,2,5,0.4,2,2,1.0,0,5,5,1,7,2,0,0,20
2021-12-11_csu_bakersfield_fresno_st,Fresno St.,14,"Stricklin, Tamia",True,37,5,7,0.714,4,5,0.8,3,4,0.75,0,2,2,3,4,0,1,0,17
2021-12-11_csu_bakersfield_fresno_st,Fresno St.,00,"Cavinder, Hanna",True,39,6,14,0.429,1,3,0.333,2,2,1.0,0,9,9,1,4,1,0,1,15
2021-12-11_csu_bakersfield_fresno_st,Fresno St.,24,"Motta, Wytalla",True,24,4,8,0.5,0,0,,5,8,0.625,2,4,6,4,0,1,0,3,13
2021-12-11_csu_bakersfield_fresno_st,Fresno St.,30,"Todorova, Yanina",True,39,3,5,0.6,1,2,0.5,3,3,1.0,1,0,1,0,0,0,0,0,10
2021-12-11_csu_bakersfield_fresno_st,Fresno St.,05,"Dunn, Daylee",False,2,1,1,1.0,0,0,,0,0,,0,1,1,1,0,0,0,0,2
2021-12-11_csu_bakersfield_fresno_st,Fresno St.,12,"Dethman, Sydney",False,7,0,1,0.0,0,1,0.0,0,0,,0,2,2,1,1,0,0,0,0
2021-12-11_csu_bakersfield_fresno_st,Fresno St.,42,"Guimaraes, Maria",False,5,0,2,0.0,0,0,,0,0,,0,0,0,0,0,1,0,0,0
2021-12-11_csu_bakersfield_fresno_st,Fresno St.,21,"Lacy, Imani",False,4,0,1,0.0,0,0,,0,0,,0,0,0,0,0,1,0,0,0
2021-12-11_csu_bakersfield_fresno_st,Fresno St.,13,"Book, Amiee",False,3,0,1,0.0,0,1,0.0,0,0,,0,0,0,0,0,0,0,0,0
2021-12-11_csu_bakersfield_fresno_st,Fresno St.,TM,TEAM,False,0,0,0,,0,0,,0,0,,2,3,5,0,0,2,0,0,0
2021-12-11_csu_bakersfield_fresno_st,CSU Bakersfield,01,"Clayburne, Tatyanna",True,33,8,12,0.667,2,3,0.667,2,2,1.0,0,2,2,2,3,0,0,0,20
2021-12-11_csu_bakersfield_fresno_st,CSU Bakersfield,11,"Green, Lexus",True,34,6,12,0.5,2,5,0.4,0,0,,0,2,2,3,5,2,0,2,14
2021-12-11_csu_bakersfield_fresno_st,CSU Bakersfield,10,"Eggleston, Jayden",True,37,4,12,0.333,0,1,0.0,5,6,0.833,1,8,9,3,0,2,2,0,13
2021-12-11_csu_bakersfield_fresno_st,CSU Bakersfield,04,"Dixon, Jasmin",True,24,1,4,0.25,1,4,0.25,0,0,,0,3,3,2,1,1,0,0,3
2021-12-11_csu_bakersfield_fresno_st,CSU Bakersfield,13,"Herrera, Soli",True,5,0,0,,0,0,,0,0,,0,1,1,0,0,0,0,0,0
2021-12-11_csu_bakersfield_fresno_st,CSU Bakersfield,54,"Austin, Vanessa",False,22,6,10,0.6,0,0,,0,1,0.0,3,4,7,3,1,4,0,0,12
2021-12-11_csu_bakersfield_fresno_st,CSU Bakersfield,23,"Saxon, Miracle",False,17,1,4,0.25,0,1,0.0,0,0,,0,4,4,3,1,0,0,0,2
2021-12-11_csu_bakersfield_fresno_st,CSU Bakersfield,00,"Johnson, Simone",False,13,0,2,0.0,0,0,,0,0,,1,0,1,2,0,0,0,1,0
2021-12-11_csu_bakersfield_fresno_st,CSU Bakersfield,22,"Easley, Andie",False,7,0,0,,0,0,,0,0,,0,0,0,0,0,0,0,0,0
2021-12-11_csu_bakersfield_fresno_st,CSU Bakersfield,03,"van Schaik, Hennie",False,4,0,0,,0,0,,0,0,,0,0,0,0,0,0,0,0,0
2021-12-11_csu_bakersfield_fresno_st,CSU Bakersfield,12,"Tougas, Sophia",False,4,0,0,,0,0,,0,0,,1,0,1,0,0,0,0,0,0
2021-12-11_csu_bakersfield_fresno_st,CSU Bakersfield,TM,TEAM,False,0,0,0,,0,0,,0,0,,0,1,1,0,0,1,0,0,0
2021-12-12_uc_santa_barbara_bethesda_ca,Bethesda (CA),20,"Buckley, Alex",True,35,4,11,0.364,1,4,0.25,1,2,0.5,2,2,4,4,2,7,2,0,10
2021-12-12_uc_santa_barbara_bethesda_ca,Bethesda (CA),03,"Gowdy, Erianna",True,33,2,10,0.2,1,5,0.2,1,2,0.5,0,2,2,1,1,7,0,0,6
2021-12-12_uc_santa_barbara_bethesda_ca,Bethesda (CA),21,"Vargas, Vanessa",True,34,1,9,0.111,1,3,0.333,1,2,0.5,0,5,5,4,3,10,0,0,4
2021-12-12_uc_santa_barbara_bethesda_ca,Bethesda (CA),31,"Delgado, Rosealyn",True,30,1,1,1.0,0,0,,0,0,,0,6,6,0,0,2,0,0,2
2021-12-12_uc_santa_barbara_bethesda_ca,Bethesda (CA),14,"Ortiz, Isabella",True,35,0,9,0.0,0,0,,0,0,,0,2,2,2,2,7,0,0,0
2021-12-12_uc_santa_barbara_bethesda_ca,Bethesda (CA),02,"Covarrubias, Serina",False,19,2,5,0.4,0,1,0.0,2,2,1.0,0,2,2,0,0,2,0,0,6
2021-12-12_uc_santa_barbara_bethesda_ca,Bethesda (CA),05,"Woods, De'Angela",False,14,0,1,0.0,0,0,,0,0,,0,0,0,1,0,0,0,0,0
2021-12-12_uc_santa_barbara_bethesda_ca,Bethesda (CA),TM,TEAM,False,0,0,0,,0,0,,0,0,,4,3,7,0,0,2,0,0,0
2021-12-12_uc_santa_barbara_bethesda_ca,UC Santa Barbara,12,"Mole, Taylor",True,9,6,8,0.75,2,3,0.667,2,2,1.0,2,1,3,0,2,0,0,1,16
2021-12-12_uc_santa_barbara_bethesda_ca,UC Santa Barbara,30,"Anderson, Megan",True,12,4,6,0.667,3,4,0.75,2,2,1.0,3,3,6,1,0,0,1,1,13
2021-12-12_uc_santa_barbara_bethesda_ca,UC Santa Barbara,00,"Miller, Danae",True,11,5,6,0.833,1,1,1.0,0,0,,2,2,4,2,2,0,0,1,11
2021-12-12_uc_santa_barbara_bethesda_ca,UC Santa Barbara,01,"Gonzalez, Johnni",True,12,2,8,0.25,0,2,0.0,1,1,1.0,0,1,1,1,6,0,1,2,5
2021-12-12_uc_santa_barbara_bethesda_ca,UC Santa Barbara,11,"Lee, Lauren",True,12,0,2,0.0,0,0,,0,0,,0,5,5,1,1,0,1,2,0
2021-12-12_uc_santa_barbara_bethesda_ca,UC Santa Barbara,20,"Rockwood, Laurel",False,16,6,9,0.667,0,0,,1,3,0.333,2,3,5,0,1,1,0,1,13
2021-12-12_uc_santa_barbara_bethesda_ca,UC Santa Barbara,21,"Johnson, Kennedy",False,22,6,13,0.462,0,2,0.0,0,0,,5,1,6,1,3,1,2,4,12
2021-12-12_uc_santa_barbara_bethesda_ca,UC Santa Barbara,02,"Tucker, Alexis",False,12,5,7,0.714,0,1,0.0,1,1,1.0,3,2,5,1,2,1,0,1,11
2021-12-12_uc_santa_barbara_bethesda_ca,UC Santa Barbara,22,"Vierra, Kiana",False,16,5,7,0.714,0,1,0.0,0,0,,0,3,3,1,0,0,0,3,10
2021-12-12_uc_santa_barbara_bethesda_ca,UC Santa Barbara,05,"Cooper, Callie",False,20,4,8,0.5,1,4,0.25,0,0,,0,3,3,1,8,0,1,4,9
2021-12-12_uc_santa_barbara_bethesda_ca,UC Santa Barbara,10,"Choice, Anya",False,18,3,7,0.429,1,3,0.333,0,0,,0,1,1,1,4,1,0,2,7
2021-12-12_uc_santa_barbara_bethesda_ca,UC Santa Barbara,13,"Modawar, Tatyana",False,14,2,5,0.4,0,2,0.0,2,2,1.0,0,4,4,0,3,2,1,0,6
2021-12-12_uc_santa_barbara_bethesda_ca,UC Santa Barbara,03,"Marin, Alyssa",False,14,1,2,0.5,0,1,0.0,2,2,1.0,2,0,2,3,2,0,0,1,4
2021-12-12_uc_santa_barbara_bethesda_ca,UC Santa Barbara,25,"Cabuena, Analillia",False,12,0,4,0.0,0,3,0.0,0,0,,0,1,1,2,0,0,0,0,0
2021-12-12_uc_santa_barbara_bethesda_ca,UC Santa Barbara,TM,TEAM,False,0,0,0,,0,0,,0,0,,3,2,5,0,0,0,0,0,0
2021-12-13_uc_davis_stanislaus_st,Stanislaus St.,24,"Lewis, Da'Myiah",True,35,7,16,0.438,1,3,0.333,2,5,0.4,2,6,8,3,3,1,0,3,17
2021-12-13_uc_davis_stanislaus_st,Stanislaus St.,05,"Sran, Ashmeen",True,40,3,9,0.333,1,4,0.25,6,6,1.0,1,5,6,2,3,4,0,0,13
2021-12-13_uc_davis_stanislaus_st,Stanislaus St.,21,"Moa, Lavinia",True,34,5,12,0.417,2,2,1.0,0,0,,2,3,5,1,1,0,0,0,12
2021-12-13_uc_davis_stanislaus_st,Stanislaus St.,20,"Marques, Liliana",True,37,5,19,0.263,1,6,0.167,0,0,,2,2,4,1,1,1,0,2,11
2021-12-13_uc_davis_stanislaus_st,Stanislaus St.,11,"Gorman, Maya",True,28,0,9,0.0,0,2,0.0,0,0,,3,0,3,1,1,0,0,0,0
2021-12-13_uc_davis_stanislaus_st,Stanislaus St.,33,"Arista, Mikaela",False,19,1,3,0.333,0,1,0.0,0,0,,0,2,2,2,0,0,0,0,2
2021-12-13_uc_davis_stanislaus_st,Stanislaus St.,04,"Kirby, Autumn",False,7,0,0,,0,0,,0,0,,0,0,0,1,0,0,0,0,0
2021-12-13_uc_davis_stanislaus_st,Stanislaus St.,TM,TEAM,False,0,0,0,,0,0,,0,0,,2,2,4,0,0,0,0,0,0
2021-12-13_uc_davis_stanislaus_st,UC Davis,23,"Konrad, Kayla",True,21,6,8,0.75,1,3,0.333,1,2,0.5,1,3,4,2,2,0,0,0,14
2021-12-13_uc_davis_stanislaus_st,UC Davis,13,"Burns, Sydney",True,21,4,4,1.0,1,1,1.0,4,4,1.0,0,2,2,1,5,1,0,0,13
2021-12-13_uc_davis_stanislaus_st,UC Davis,32,"Hall, Cierra",True,23,5,10,0.5,0,2,0.0,1,2,0.5,5,11,16,1,5,1,0,1,11
2021-12-13_uc_davis_stanislaus_st,UC Davis,15,"Turner, Evanne",True,21,4,10,0.4,3,7,0.429,0,0,,0,1,1,1,3,0,0,1,11
2021-12-13_uc_davis_stanislaus_st,UC Davis,11,"Stobbart, Sage",True,19,3,7,0.429,0,1,0.0,0,0,,2,4,6,1,1,1,2,1,6
2021-12-13_uc_davis_stanislaus_st,UC Davis,10,"Svanholm, Lena",False,14,3,6,0.5,0,0,,2,2,1.0,0,3,3,0,1,0,1,0,8
2021-12-13_uc_davis_stanislaus_st,UC Davis,41,"Shine, Bria",False,15,3,6,0.5,0,2,0.0,0,0,,0,3,3,0,1,2,0,0,6
2021-12-13_uc_davis_stanislaus_st,UC Davis,24,"Langi, Marley",False,18,2,4,0.5,1,2,0.5,0,0,,0,2,2,2,0,1,0,1,5
2021-12-13_uc_davis_stanislaus_st,UC Davis,20,"Sanders, Makaila",False,11,1,2,0.5,1,2,0.5,0,0,,0,0,0,0,0,0,0,0,3
2021-12-13_uc_davis_stanislaus_st,UC Davis,33,"Harris, Mazatlan",False,10,1,1,1.0,1,1,1.0,0,0,,0,1,1,1,0,1,0,0,3
2021-12-13_uc_davis_stanislaus_st,UC Davis,03,"Gray, Campbell",False,9,1,1,1.0,0,0,,0,1,0.0,0,2,2,1,1,2,0,0,2
2021-12-13_uc_davis_stanislaus_st,UC Davis,42,"Lilly, Kenedy",False,9,1,2,0.5,0,0,,0,0,,0,2,2,1,1,0,0,0,2
2021-12-13_uc_davis_stanislaus_st,UC Davis,02,"Jones, Megan",False,9,0,1,0.0,0,0,,0,0,,0,0,0,0,1,1,3,1,0
2021-12-13_uc_davis_stanislaus_st,UC Davis,TM,TEAM,False,0,0,0,,0,0,,0,0,,1,1,2,0,0,0,0,0,0
2021-12-13_northern_ariz_cal_poly,Cal Poly,33,"Willett, Maddie",True,31,6,13,0.462,4,7,0.571,4,6,0.667,0,2,2,4,1,4,0,0,20
2021-12-13_northern_ariz_cal_poly,Cal Poly,13,"Vick, Maddie",True,39,8,15,0.533,0,0,,3,3,1.0,1,2,3,0,2,4,0,3,19
2021-12-13_northern_ariz_cal_poly,Cal Poly,25,"Brown, Kirsty",True,32,5,11,0.455,0,0,,2,5,0.4,5,9,14,4,1,1,2,1,12
2021-12-13_northern_ariz_cal_poly,Cal Poly,14,"Scanlan, Hannah",True,20,0,2,0.0,0,0,,4,4,1.0,1,3,4,2,0,4,0,0,4
2021-12-13_northern_ariz_cal_poly,Cal Poly,15,"Bourland, Sydney",True,20,1,6,0.167,0,0,,1,2,0.5,0,0,0,2,2,2,0,1,3
2021-12-13_northern_ariz_cal_poly,Cal Poly,32,"Nielacna, Julia",False,9,2,4,0.5,0,0,,2,3,0.667,1,0,1,0,0,0,0,1,6
2021-12-13_northern_ariz_cal_poly,Cal Poly,1,"Dumitrescu, Sarah",False,14,2,7,0.286,0,0,,1,2,0.5,0,3,3,2,0,2,0,0,5
2021-12-13_northern_ariz_cal_poly,Cal Poly,2,"Shah, Annika",False,6,1,1,1.0,1,1,1.0,0,0,,0,0,0,0,1,1,0,0,3
2021-12-13_northern_ariz_cal_poly,Cal Poly,3,"Svetich, Lily",False,15,0,0,,0,0,,1,2,0.5,0,0,0,1,0,1,0,1,1
2021-12-13_northern_ariz_cal_poly,Cal Poly,5,"Anousinh, Jazzy",False,8,0,1,0.0,0,1,0.0,0,0,,0,2,2,2,2,0,0,0,0
2021-12-13_northern_ariz_cal_poly,Cal Poly,11,"Dickson, Junie",False,6,0,0,,0,0,,0,0,,0,0,0,0,0,0,0,2,0
2021-12-13_northern_ariz_cal_poly,Cal Poly,22,"Bergstrom, Faith",False,0,0,0,,0,0,,0,0,,0,0,0,0,0,0,0,0,0
2021-12-13_northern_ariz_cal_poly,Cal Poly,TM,TEAM,False,0,0,0,,0,0,,0,0,,1,2,3,0,0,1,0,0,0
2021-12-13_northern_ariz_cal_poly,Northern Ariz.,20,"Orndoff, Lauren",True,35,10,14,0.714,3,6,0.5,2,2,1.0,1,4,5,3,1,1,1,1,25
2021-12-13_northern_ariz_cal_poly,Northern Ariz.,14,"Maio, Miki'ala",True,23,6,13,0.462,0,0,,3,3,1.0,1,3,4,2,3,3,0,1,15
2021-12-13_northern_ariz_cal_poly,Northern Ariz.,30,"Radford, Nina",True,19,3,7,0.429,2,5,0.4,0,0,,0,2,2,1,3,1,0,0,8
2021-12-13_northern_ariz_cal_poly,Northern Ariz.,15,"Rasheed, Khiarica",True,21,3,8,0.375,0,0,,0,0,,0,4,4,4,1,3,0,3,6
2021-12-13_northern_ariz_cal_poly,Northern Ariz.,1,"Schenck, Regan",True,30,0,2,0.0,0,1,0.0,2,2,1.0,0,5,5,1,8,4,0,1,2
2021-12-13_northern_ariz_cal_poly,Northern Ariz.,21,"Rodabaugh, Emily",False,20,4,5,0.8,3,3,1.0,1,2,0.5,1,7,8,2,2,0,4,2,12
2021-12-13_northern_ariz_cal_poly,Northern Ariz.,2,"Moran, Nyah",False,15,3,6,0.5,0,1,0.0,4,4,1.0,0,0,0,3,0,0,0,1,10
2021-12-13_northern_ariz_cal_poly,Northern Ariz.,13,"Mich'l, Sierra",False,11,3,8,0.375,0,0,,2,2,1.0,3,1,4,2,0,1,0,0,8
2021-12-13_northern_ariz_cal_poly,Northern Ariz.,45,"Jaiteh, Fatoumata",False,8,0,1,0.0,0,0,,2,2,1.0,0,0,0,2,0,0,0,1,2
2021-12-13_northern_ariz_cal_poly,Northern Ariz.,3,"Nakai, Jacqulynn",False,10,0,0,,0,0,,0,0,,0,0,0,0,0,4,0,0,0
2021-12-13_northern_ariz_cal_poly,Northern Ariz.,11,"McDaniel, Teionni",False,6,0,1,0.0,0,1,0.0,0,0,,0,1,1,3,2,1,0,0,0
2021-12-13_northern_ariz_cal_poly,Northern Ariz.,22,"Moran, Olivia",False,2,0,1,0.0,0,0,,0,0,,0,1,1,1,0,0,0,0,0
2021-12-13_northern_ariz_cal_poly,Northern Ariz.,TM,TEAM,False,0,0,0,,0,0,,0,0,,4,2,6,0,0,1,0,0,0
2021-12-14_uc_san_diego_california_baptist,California Baptist,03,"Olaeta, Ane",True,37,9,22,0.409,3,8,0.375,0,0,,1,4,5,4,5,3,0,3,21
2021-12-14_uc_san_diego_california_baptist,California Baptist,33,"Harper, Caitlyn",True,27,6,15,0.4,2,6,0.333,1,2,0.5,2,3,5,1,2,3,2,1,15
2021-12-14_uc_san_diego_california_baptist,California Baptist,01,"Wu, Dorcas",True,24,4,8,0.5,3,6,0.5,0,0,,1,3,4,1,0,2,1,1,11
2021-12-14_uc_san_diego_california_baptist,California Baptist,24,"Klaman, Brittany",True,29,2,5,0.4,2,5,0.4,0,0,,0,3,3,0,1,2,0,1,6
2021-12-14_uc_san_diego_california_baptist,California Baptist,10,"Dale, Georgia",True,27,1,5,0.2,0,3,0.0,0,0,,0,11,11,4,3,2,0,2,2
2021-12-14_uc_san_diego_california_baptist,California Baptist,32,"Thomas, Britney",False,11,0,3,0.0,0,0,,7,8,0.875,4,0,4,1,0,2,1,0,7
2021-12-14_uc_san_diego_california_baptist,California Baptist,21,"Wu, Taylor",False,17,2,7,0.286,0,5,0.0,1,2,0.5,0,0,0,3,3,0,0,3,5
2021-12-14_uc_san_diego_california_baptist,California Baptist,13,"Neale, Tiena",False,4,1,2,0.5,1,2,0.5,0,0,,0,1,1,0,0,0,0,0,3
2021-12-14_uc_san_diego_california_baptist,California Baptist,23,"San Antonio, Trinity",False,8,1,4,0.25,0,1,0.0,0,0,,0,0,0,1,1,0,0,1,2
2021-12-14_uc_san_diego_california_baptist,California Baptist,22,"Robin, Oceane",False,3,1,1,1.0,0,0,,0,0,,0,0,0,0,0,0,0,0,2
2021-12-14_uc_san_diego_california_baptist,California Baptist,15,"Palma, Sydney",False,13,0,5,0.0,0,3,0.0,0,0,,0,0,0,0,1,0,0,1,0
2021-12-14_uc_san_diego_california_baptist,California Baptist,TM,TEAM,False,0,0,0,,0,0,,0,0,,4,1,5,0,0,0,0,0,0
2021-12-14_uc_san_diego_california_baptist,UC San Diego,12,"Baxter, Madison",True,30,5,5,1.0,4,4,1.0,0,0,,0,1,1,2,1,3,0,1,14
2021-12-14_uc_san_diego_california_baptist,UC San Diego,32,"Montgomery, Parker",True,30,5,13,0.385,1,6,0.167,1,2,0.5,2,4,6,3,6,4,1,1,12
2021-12-14_uc_san_diego_california_baptist,UC San Diego,13,"Brown, Sydney",True,35,4,12,0.333,2,5,0.4,0,0,,1,10,11,2,3,1,1,0,10
2021-12-14_uc_san_diego_california_baptist,UC San Diego,10,"Macabuhay, Julia",True,12,4,10,0.4,2,5,0.4,0,0,,0,0,0,0,4,0,0,1,10
2021-12-14_uc_san_diego_california_baptist,UC San Diego,11,"Brown, Aishah",True,12,1,4,0.25,0,3,0.0,0,0,,0,3,3,1,0,3,1,2,2
2021-12-14_uc_san_diego_california_baptist,UC San Diego,04,"Cangelosi, Emily",False,18,4,7,0.571,2,2,1.0,0,0,,1,3,4,3,0,2,0,0,10
2021-12-14_uc_san_diego_california_baptist,UC San Diego,01,"Obouh Fegue, Alex",False,19,3,4,0.75,0,0,,2,2,1.0,1,10,11,2,1,1,3,2,8
2021-12-14_uc_san_diego_california_baptist,UC San Diego,24,"Mullings, Bridget",False,2,1,1,1.0,1,1,1.0,0,0,,0,1,1,1,0,0,1,0,3
2021-12-14_uc_san_diego_california_baptist,UC San Diego,15,"Claros, Brianna",False,25,1,1,1.0,0,0,,0,0,,0,1,1,0,6,3,1,1,2
2021-12-14_uc_san_diego_california_baptist,UC San Diego,20,"Forsyth, Izzy",False,5,0,1,0.0,0,0,,2,3,0.667,0,0,0,0,0,0,0,0,2
2021-12-14_uc_san_diego_california_baptist,UC San Diego,02,"Chamberlin, Ula",False,12,0,4,0.0,0,3,0.0,0,0,,0,1,1,0,0,5,0,0,0
2021-12-14_uc_san_diego_california_baptist,UC San Diego,TM,TEAM,False,0,0,0,,0,0,,0,0,,1,1,2,0,0,2,0,0,0
2021-12-15_stanford_uc_davis,UC Davis,15,"Turner, Evanne",True,32,4,11,0.364,1,5,0.2,0,0,,0,4,4,1,0,2,0,0,9
2021-12-15_stanford_uc_davis,UC Davis,32,"Hall, Cierra",True,32,2,11,0.182,1,6,0.167,3,5,0.6,0,4,4,3,0,2,0,0,8
2021-12-15_stanford_uc_davis,UC Davis,23,"Konrad, Kayla",True,29,3,5,0.6,1,3,0.333,0,0,,1,1,2,4,0,0,0,2,7
2021-12-15_stanford_uc_davis,UC Davis,13,"Burns, Sydney",True,23,2,4,0.5,0,0,,0,0,,0,2,2,2,2,3,0,0,4
2021-12-15_stanford_uc_davis,UC Davis,11,"Stobbart, Sage",True,23,1,8,0.125,0,3,0.0,1,2,0.5,0,3,3,1,0,2,2,0,3
2021-12-15_stanford_uc_davis,UC Davis,10,"Svanholm, Lena",False,15,2,5,0.4,0,1,0.0,0,0,,0,3,3,0,1,0,1,0,4
2021-12-15_stanford_uc_davis,UC Davis,20,"Sanders, Makaila",False,7,1,5,0.2,1,2,0.5,0,0,,2,1,3,0,0,0,0,0,3
2021-12-15_stanford_uc_davis,UC Davis,41,"Shine, Bria",False,17,1,3,0.333,0,2,0.0,0,0,,0,2,2,1,0,2,0,0,2
2021-12-15_stanford_uc_davis,UC Davis,33,"Harris, Mazatlan",False,6,1,1,1.0,0,0,,0,0,,0,1,1,0,0,0,0,0,2
2021-12-15_stanford_uc_davis,UC Davis,03,"Gray, Campbell",False,7,0,1,0.0,0,0,,0,0,,0,0,0,0,0,1,0,0,0
2021-12-15_stanford_uc_davis,UC Davis,24,"Langi, Marley",False,4,0,1,0.0,0,1,0.0,0,0,,1,1,2,0,0,1,0,0,0
2021-12-15_stanford_uc_davis,UC Davis,42,"Lilly, Kenedy",False,3,0,0,,0,0,,0,0,,0,0,0,0,0,0,0,0,0
2021-12-15_stanford_uc_davis,UC Davis,02,"Jones, Megan",False,2,0,0,,0,0,,0,0,,0,0,0,0,0,1,0,0,0
2021-12-15_stanford_uc_davis,UC Davis,TM,TEAM,False,0,0,0,,0,0,,0,0,,3,2,5,0,0,2,0,0,0
2021-12-15_stanford_uc_davis,Stanford,33,"Jump, Hannah",True,37,7,13,0.538,3,7,0.429,0,0,,2,4,6,0,2,1,1,3,17
2021-12-15_stanford_uc_davis,Stanford,22,"Brink, Cameron",True,22,5,12,0.417,0,0,,1,4,0.25,6,4,10,3,0,1,1,1,11
2021-12-15_stanford_uc_davis,Stanford,24,"Hull, Lacie",True,27,3,4,0.75,1,2,0.5,3,3,1.0,0,5,5,1,2,1,1,4,10
2021-12-15_stanford_uc_davis,Stanford,30,"Jones, Haley",True,25,4,15,0.267,0,2,0.0,0,0,,1,5,6,1,2,2,0,0,8
2021-12-15_stanford_uc_davis,Stanford,12,"Hull, Lexie",True,34,2,7,0.286,0,3,0.0,2,2,1.0,2,6,8,1,5,0,0,4,6
2021-12-15_stanford_uc_davis,Stanford,05,"Belibi, Francesca",False,10,4,4,1.0,0,0,,0,2,0.0,2,1,3,1,1,1,0,0,8
2021-12-15_stanford_uc_davis,Stanford,11,"Prechtel, Ashten",False,7,1,2,0.5,0,0,,0,0,,0,1,1,1,0,1,0,0,2
2021-12-15_stanford_uc_davis,Stanford,02,"Emma-Nnopu, Agnes",False,5,1,1,1.0,0,0,,0,0,,0,1,1,0,0,0,0,0,2
2021-12-15_stanford_uc_davis,Stanford,14,"Hamilton, Jordan",False,3,0,0,,0,0,,2,2,1.0,0,1,1,0,0,0,1,1,2
2021-12-15_stanford_uc_davis,Stanford,20,"Bosgana, Elena",False,3,1,2,0.5,0,1,0.0,0,0,,0,0,0,0,0,0,0,0,2
2021-12-15_stanford_uc_davis,Stanford,03,"Wilson, Anna",False,11,0,1,0.0,0,0,,0,0,,0,0,0,1,0,0,0,0,0
2021-12-15_stanford_uc_davis,Stanford,21,"Demetre, Brooke",False,7,0,1,0.0,0,1,0.0,0,0,,0,0,0,0,1,0,0,0,0
2021-12-15_stanford_uc_davis,Stanford,44,"Iriafen, Kiki",False,6,0,2,0.0,0,0,,0,0,,0,1,1,0,0,1,0,0,0
2021-12-15_stanford_uc_davis,Stanford,10,"Jerome, Alyssa",False,3,0,1,0.0,0,1,0.0,0,0,,0,0,0,0,0,0,0,0,0
2021-12-15_stanford_uc_davis,Stanford,TM,TEAM,False,0,0,0,,0,0,,0,0,,2,2,4,0,0,0,0,0,0
2021-12-15_san_jose_st_uc_irvine,UC Irvine,35,"Locandro, Sophia",True,20,8,11,0.727,0,0,,2,2,1.0,2,3,5,4,1,1,1,1,18
2021-12-15_san_jose_st_uc_irvine,UC Irvine,42,"Hunt, Naomi",True,24,5,12,0.417,4,9,0.444,1,1,1.0,0,5,5,3,0,2,0,0,15
2021-12-15_san_jose_st_uc_irvine,UC Irvine,4,"Williams, Kayla",True,32,3,9,0.333,2,5,0.4,4,8,0.5,1,7,8,2,5,3,0,1,12
2021-12-15_san_jose_st_uc_irvine,UC Irvine,2,"Webb, Chloe",True,37,4,10,0.4,0,0,,3,5,0.6,5,5,10,2,4,2,0,2,11
2021-12-15_san_jose_st_uc_irvine,UC Irvine,21,"Williams, Olivia",True,25,1,11,0.091,0,3,0.0,0,0,,2,0,2,1,2,1,0,0,2
2021-12-15_san_jose_st_uc_irvine,UC Irvine,20,"Hernandez, Hunter",False,17,2,3,0.667,0,1,0.0,3,3,1.0,1,3,4,0,1,5,0,1,7
2021-12-15_san_jose_st_uc_irvine,UC Irvine,33,"Kaupu, Caiyle",False,9,1,2,0.5,0,0,,2,3,0.667,1,1,2,1,0,0,0,1,4
2021-12-15_san_jose_st_uc_irvine,UC Irvine,3,"Tom, Nikki",False,16,1,3,0.333,1,3,0.333,0,0,,0,4,4,1,2,2,0,0,3
2021-12-15_san_jose_st_uc_irvine,UC Irvine,45,"Dusharm, Tara",False,6,1,4,0.25,0,0,,0,0,,3,0,3,2,0,1,1,1,2
2021-12-15_san_jose_st_uc_irvine,UC Irvine,24,"Kapinga, Melodie",False,5,0,1,0.0,0,0,,0,0,,0,1,1,1,0,1,0,0,0
2021-12-15_san_jose_st_uc_irvine,UC Irvine,10,"Cadee, Jayde",False,4,0,2,0.0,0,2,0.0,0,0,,2,0,2,1,0,0,0,0,0
2021-12-15_san_jose_st_uc_irvine,UC Irvine,13,"Lee, Déja",False,3,0,1,0.0,0,1,0.0,0,0,,0,1,1,0,0,1,0,0,0
2021-12-15_san_jose_st_uc_irvine,UC Irvine,11,"Scharpf, Amelia",False,2,0,0,,0,0,,0,0,,0,0,0,0,0,1,0,0,0
2021-12-15_san_jose_st_uc_irvine,UC Irvine,TM,TEAM,False,0,0,0,,0,0,,0,0,,7,1,8,0,0,0,0,0,0
2021-12-15_san_jose_st_uc_irvine,San Jose St.,35,"Lewis, Cydni",True,36,10,20,0.5,1,2,0.5,1,1,1.0,2,5,7,4,2,2,4,1,22
2021-12-15_san_jose_st_uc_irvine,San Jose St.,22,"Torres, Stephanie",True,30,4,9,0.444,3,8,0.375,5,6,0.833,0,4,4,3,3,2,0,3,16
2021-12-15_san_jose_st_uc_irvine,San Jose St.,24,"Oberg, Meghan",True,33,2,4,0.5,0,0,,5,6,0.833,2,3,5,4,2,2,1,1,9
2021-12-15_san_jose_st_uc_irvine,San Jose St.,30,"Ogier, Ella",True,31,2,10,0.2,0,2,0.0,4,6,0.667,1,1,2,5,2,2,0,2,8
2021-12-15_san_jose_st_uc_irvine,San Jose St.,1,"Ross, Deja",True,36,2,10,0.2,1,6,0.167,0,0,,0,5,5,3,4,0,0,2,5
2021-12-15_san_jose_st_uc_irvine,San Jose St.,00,"Gaulden, A'tyanna",False,15,1,5,0.2,1,4,0.25,0,0,,0,2,2,1,2,3,0,1,3
2021-12-15_san_jose_st_uc_irvine,San Jose St.,13,"Mendez, Autam",False,10,1,2,0.5,1,2,0.5,0,0,,0,1,1,1,0,1,0,1,3
2021-12-15_san_jose_st_uc_irvine,San Jose St.,2,"Jones, Sophia",False,7,0,0,,0,0,,0,0,,0,2,2,0,0,1,0,0,0
2021-12-15_san_jose_st_uc_irvine,San Jose St.,5,"Richards, Sidney",False,2,0,0,,0,0,,0,0,,2,0,2,1,0,0,0,1,0
2021-12-15_san_jose_st_uc_irvine,San Jose St.,TM,TEAM,False,0,0,0,,0,0,,0,0,,1,1,2,0,0,0,0,0,0
2021-12-15_southern_california_csun,CSUN,15,"Amundsen, Tess",True,24,4,13,0.308,2,6,0.333,4,4,1.0,1,5,6,5,0,4,0,0,14
2021-12-15_southern_california_csun,CSUN,2,"Woodley, Sydney",True,33,3,5,0.6,0,1,0.0,3,5,0.6,2,2,4,0,3,1,1,3,9
2021-12-15_southern_california_csun,CSUN,34,"Spriggs, Kayanna",True,25,1,4,0.25,0,0,,6,10,0.6,4,3,7,4,0,5,1,0,8
2021-12-15_southern_california_csun,CSUN,1,"Jackson, Jordyn",True,28,1,8,0.125,0,1,0.0,3,6,0.5,0,0,0,2,2,3,0,1,5
2021-12-15_southern_california_csun,CSUN,21,"Tu'ua, Anaiyah",True,33,1,6,0.167,0,3,0.0,0,0,,0,2,2,2,3,2,0,3,2
2021-12-15_southern_california_csun,CSUN,12,"Henderson, Meghann",False,21,3,6,0.5,2,5,0.4,0,0,,0,3,3,4,0,1,0,2,8
2021-12-15_southern_california_csun,CSUN,24,"Smith, Macy",False,10,1,3,0.333,1,2,0.5,0,0,,0,0,0,1,0,0,0,0,3
2021-12-15_southern_california_csun,CSUN,5,"Duchemin, Michelle",False,13,1,2,0.5,0,0,,0,0,,0,1,1,1,1,0,0,0,2
2021-12-15_southern_california_csun,CSUN,4,"Harvey, Rachel",False,4,0,1,0.0,0,0,,0,0,,0,0,0,0,0,1,0,0,0
2021-12-15_southern_california_csun,CSUN,11,"Smith, Olivia",False,4,0,1,0.0,0,0,,0,0,,1,0,1,0,0,0,0,0,0
2021-12-15_southern_california_csun,CSUN,32,"Hawkins, Ashley",False,4,0,0,,0,0,,0,0,,0,0,0,0,0,0,0,0,0
2021-12-15_southern_california_csun,CSUN,22,"Hudgen, McKenzie",False,1,0,0,,0,0,,0,0,,0,0,0,1,0,1,0,1,0
2021-12-15_southern_california_csun,CSUN,TM,TEAM,False,0,0,0,,0,0,,0,0,,3,1,4,0,0,3,0,0,0
2021-12-15_southern_california_csun,Southern California,5,"Sanders, Jordan",True,13,6,11,0.545,3,8,0.375,0,0,,0,4,4,2,2,0,1,0,15
2021-12-15_southern_california_csun,Southern California,35,"Pili, Alissa",True,14,4,7,0.571,0,1,0.0,2,2,1.0,3,3,6,1,1,0,0,2,10
2021-12-15_southern_california_csun,Southern California,32,"Jenkins, Jordyn",True,18,2,5,0.4,0,0,,4,6,0.667,1,0,1,2,2,2,1,1,8
2021-12-15_southern_california_csun,Southern California,3,"Reed, Tera",True,21,2,3,0.667,2,2,1.0,0,0,,0,4,4,0,4,0,0,1,6
2021-12-15_southern_california_csun,Southern California,24,"Caldwell, Desiree",True,12,1,4,0.25,1,4,0.25,3,4,0.75,0,0,0,2,4,1,0,2,6
2021-12-15_southern_california_csun,Southern California,13,"Marshall, Rayah",False,21,4,10,0.4,0,1,0.0,3,5,0.6,5,3,8,1,1,3,2,1,11
2021-12-15_southern_california_csun,Southern California,34,"Akunwafo, Clarice",False,21,2,4,0.5,0,0,,4,6,0.667,1,3,4,0,0,0,0,0,8
2021-12-15_southern_california_csun,Southern California,15,"Jackson, Angel",False,10,2,4,0.5,0,0,,1,6,0.167,2,2,4,3,2,2,0,0,5
2021-12-15_southern_california_csun,Southern California,12,"Perkins, Bella",False,23,1,2,0.5,1,1,1.0,0,0,,0,0,0,1,1,2,0,3,3
2021-12-15_southern_california_csun,Southern California,25,"Miura, Alyson",False,18,1,2,0.5,0,1,0.0,0,0,,0,1,1,2,1,1,0,2,2
2021-12-15_southern_california_csun,Southern California,23,"Campbell, Madison",False,17,1,3,0.333,0,2,0.0,0,0,,0,0,0,1,0,1,0,1,2
2021-12-15_southern_california_csun,Southern California,22,"White, Kyra",False,7,0,0,,0,0,,0,0,,0,3,3,1,1,3,0,1,0
2021-12-15_southern_california_csun,Southern California,10,"Oliver, Amaya",False,3,0,0,,0,0,,0,0,,0,0,0,1,1,0,0,0,0
2021-12-15_southern_california_csun,Southern California,2,"Otto, India",False,2,0,0,,0,0,,0,0,,0,0,0,0,0,0,0,0,0
2021-12-15_southern_california_csun,Southern California,TM,TEAM,False,0,0,0,,0,0,,0,0,,2,0,2,0,0,2,0,0,0
2021-12-16_uc_riverside_antelope_valley,Antelope Valley,21,"Allen, Krystin",True,22,4,13,0.308,2,6,0.333,1,2,0.5,1,3,4,4,1,2,1,3,11
2021-12-16_uc_riverside_antelope_valley,Antelope Valley,00,"Stephenson, Tanika",True,38,2,15,0.133,1,6,0.167,5,6,0.833,1,1,2,2,2,6,0,0,10
2021-12-16_uc_riverside_antelope_valley,Antelope Valley,23,"Terry, Ryan",True,23,1,11,0.091,1,5,0.2,0,2,0.0,3,3,6,2,3,1,0,1,3
2021-12-16_uc_riverside_antelope_valley,Antelope Valley,42,"Price-el, Zaakira",True,32,1,10,0.1,0,5,0.0,0,2,0.0,2,3,5,2,1,3,1,0,2
2021-12-16_uc_riverside_antelope_valley,Antelope Valley,33,"Marriweather, Ladaesha",True,24,1,4,0.25,0,2,0.0,0,0,,1,3,4,3,2,2,0,1,2
2021-12-16_uc_riverside_antelope_valley,Antelope Valley,24,"Lloyd, Suraya",False,13,2,4,0.5,0,0,,2,2,1.0,1,0,1,0,0,0,0,0,6
2021-12-16_uc_riverside_antelope_valley,Antelope Valley,10,"Johnson, Jordan",False,27,0,4,0.0,0,2,0.0,3,4,0.75,0,4,4,2,1,3,0,3,3
2021-12-16_uc_riverside_antelope_valley,Antelope Valley,22,"Jefferson, Dynasia",False,13,1,1,1.0,0,0,,0,0,,1,2,3,2,0,1,0,0,2
2021-12-16_uc_riverside_antelope_valley,Antelope Valley,44,"Jackson, Aaliyah",False,8,0,2,0.0,0,2,0.0,0,0,,0,0,0,0,0,0,0,0,0
2021-12-16_uc_riverside_antelope_valley,Antelope Valley,TM,TEAM,False,0,0,0,,0,0,,0,0,,3,6,9,0,0,0,0,0,0
2021-12-16_uc_riverside_antelope_valley,UC Riverside,10,"Cooper, Keilanei",True,23,9,12,0.75,4,7,0.571,1,1,1.0,0,7,7,0,0,3,0,2,23
2021-12-16_uc_riverside_antelope_valley,UC Riverside,24,"Gnago, Daphne",True,9,5,6,0.833,0,0,,1,2,0.5,2,4,6,0,1,0,2,1,11
2021-12-16_uc_riverside_antelope_valley,UC Riverside,3,"West, Olivia",True,30,3,11,0.273,1,7,0.143,2,2,1.0,0,6,6,2,4,1,0,3,9
2021-12-16_uc_riverside_antelope_valley,UC Riverside,4,"Holland, Jada",True,24,2,2,1.0,0,0,,0,4,0.0,0,2,2,1,5,0,0,1,4
2021-12-16_uc_riverside_antelope_valley,UC Riverside,2,"Walters, Ryanne",True,7,0,2,0.0,0,0,,0,0,,0,0,0,0,0,2,0,0,0
2021-12-16_uc_riverside_antelope_valley,UC Riverside,15,"Blount, Anna",False,17,5,8,0.625,0,0,,5,6,0.833,4,5,9,2,0,1,0,0,15
2021-12-16_uc_riverside_antelope_valley,UC Riverside,30,"Morse, Rose",False,19,3,6,0.5,1,4,0.25,0,0,,1,3,4,1,0,1,0,0,7
2021-12-16_uc_riverside_antelope_valley,UC Riverside,32,"Webster, Jordan",False,13,3,7,0.429,1,3,0.333,0,0,,0,1,1,1,0,0,0,1,7
2021-12-16_uc_riverside_antelope_valley,UC Riverside,11,"Matarranz, Esther",False,20,2,2,1.0,0,0,,1,2,0.5,1,3,4,1,0,3,0,0,5
2021-12-16_uc_riverside_antelope_valley,UC Riverside,23,"Aikins, India",False,19,2,6,0.333,0,0,,1,2,0.5,1,5,6,3,2,1,0,0,5
2021-12-16_uc_riverside_antelope_valley,UC Riverside,14,"Finau, Mele",False,19,1,3,0.333,0,1,0.0,0,0,,0,3,3,2,4,3,0,4,2
2021-12-16_uc_riverside_antelope_valley,UC Riverside,TM,TEAM,False,0,0,0,,0,0,,0,0,,0,3,3,0,0,0,0,0,0
2021-12-17_san_diego_st_uc_san_diego,UC San Diego,13,"Brown, Sydney",True,35,5,12,0.417,1,5,0.2,2,2,1.0,2,7,9,1,1,2,3,0,13
2021-12-17_san_diego_st_uc_san_diego,UC San Diego,11,"Brown, Aishah",True,16,4,6,0.667,1,1,1.0,1,1,1.0,2,3,5,4,1,3,1,0,10
2021-12-17_san_diego_st_uc_san_diego,UC San Diego,10,"Macabuhay, Julia",True,18,3,13,0.231,3,9,0.333,0,0,,0,4,4,4,1,0,1,0,9
2021-12-17_san_diego_st_uc_san_diego,UC San Diego,32,"Montgomery, Parker",True,28,2,9,0.222,1,6,0.167,0,0,,0,0,0,0,2,0,1,1,5
2021-12-17_san_diego_st_uc_san_diego,UC San Diego,12,"Baxter, Madison",True,24,2,5,0.4,1,3,0.333,0,0,,0,3,3,4,1,1,0,0,5
2021-12-17_san_diego_st_uc_san_diego,UC San Diego,15,"Claros, Brianna",False,25,4,5,0.8,2,3,0.667,1,4,0.25,0,1,1,2,0,1,0,0,11
2021-12-17_san_diego_st_uc_san_diego,UC San Diego,04,"Cangelosi, Emily",False,20,1,5,0.2,0,3,0.0,0,0,,0,1,1,3,0,0,0,0,2
2021-12-17_san_diego_st_uc_san_diego,UC San Diego,02,"Chamberlin, Ula",False,11,1,2,0.5,0,1,0.0,0,0,,0,0,0,0,1,4,0,0,2
2021-12-17_san_diego_st_uc_san_diego,UC San Diego,24,"Mullings, Bridget",False,15,0,1,0.0,0,1,0.0,0,0,,2,3,5,2,2,0,0,0,0
2021-12-17_san_diego_st_uc_san_diego,UC San Diego,35,"Springs, Katie",False,6,0,0,,0,0,,0,0,,0,1,1,0,1,0,0,0,0
2021-12-17_san_diego_st_uc_san_diego,UC San Diego,20,"Forsyth, Izzy",False,2,0,1,0.0,0,0,,0,0,,0,0,0,0,0,0,0,0,0
2021-12-17_san_diego_st_uc_san_diego,UC San Diego,TM,TEAM,False,0,0,0,,0,0,,0,0,,0,2,2,0,0,1,0,0,0
2021-12-17_san_diego_st_uc_san_diego,San Diego St.,02,"Ramos, Sophia",True,38,7,14,0.5,1,4,0.25,5,6,0.833,1,7,8,1,2,1,0,2,20
2021-12-17_san_diego_st_uc_san_diego,San Diego St.,01,"Avinger, Asia",True,35,4,15,0.267,1,4,0.25,6,6,1.0,1,8,9,1,1,3,0,1,15
2021-12-17_san_diego_st_uc_san_diego,San Diego St.,12,"Staples, Mercedes",True,35,3,12,0.25,0,3,0.0,1,2,0.5,2,6,8,2,4,0,0,0,7
2021-12-17_san_diego_st_uc_san_diego,San Diego St.,03,"Adams, Mallory",True,22,0,3,0.0,0,3,0.0,1,2,0.5,0,3,3,2,0,0,0,2,1
2021-12-17_san_diego_st_uc_san_diego,San Diego St.,11,"Gipson, Kamaria",True,8,0,2,0.0,0,0,,1,2,0.5,0,2,2,2,0,1,1,0,1
2021-12-17_san_diego_st_uc_san_diego,San Diego St.,23,"Villalobos, Kim",False,24,4,9,0.444,0,0,,1,2,0.5,4,2,6,3,0,2,0,4,9
2021-12-17_san_diego_st_uc_san_diego,San Diego St.,13,"Fiso, Meghan",False,16,2,5,0.4,1,2,0.5,2,2,1.0,2,0,2,0,0,0,0,0,7
2021-12-17_san_diego_st_uc_san_diego,San Diego St.,24,"Edwards, Kiara",False,14,1,1,1.0,0,0,,2,2,1.0,0,1,1,2,0,2,0,0,4
2021-12-17_san_diego_st_uc_san_diego,San Diego St.,10,"Hernandez, Isabela",False,8,0,0,,0,0,,1,2,0.5,0,0,0,0,0,0,0,0,1
2021-12-17_san_diego_st_uc_san_diego,San Diego St.,22,"Vinerte, Flo",False,,0,0,,0,0,,0,0,,0,1,1,0,0,0,0,0,0
2021-12-17_san_diego_st_uc_san_diego,San Diego St.,TM,TEAM,False,0,0,0,,0,0,,0,0,,5,2,7,0,0,0,0,0,0
2021-12-18_uc_santa_barbara_sacramento_st,Sacramento St.,24,"Natabou, Isnelle",True,37,8,17,0.471,0,0,,4,4,1.0,6,3,9,2,1,3,0,1,20
2021-12-18_uc_santa_barbara_sacramento_st,Sacramento St.,03,"Tillman, Lianna",True,34,6,15,0.4,0,2,0.0,0,0,,0,3,3,4,8,5,0,1,12
2021-12-18_uc_santa_barbara_sacramento_st,Sacramento St.,20,"Peneueta, Katie",True,39,3,9,0.333,2,8,0.25,3,3,1.0,0,4,4,4,0,1,0,0,11
2021-12-18_uc_santa_barbara_sacramento_st,Sacramento St.,11,"Menke, Summer",True,32,1,5,0.2,0,1,0.0,4,4,1.0,2,4,6,4,1,6,0,2,6
2021-12-18_uc_santa_barbara_sacramento_st,Sacramento St.,15,"Rios, Jessica",True,26,1,3,0.333,1,3,0.333,0,0,,0,1,1,4,0,1,0,2,3
2021-12-18_uc_santa_barbara_sacramento_st,Sacramento St.,04,"Carrasco, Jazmin",False,16,2,3,0.667,2,3,0.667,0,0,,0,0,0,0,1,1,0,0,6
2021-12-18_uc_santa_barbara_sacramento_st,Sacramento St.,23,"Olivares, Jordan",False,13,0,2,0.0,0,1,0.0,0,0,,1,5,6,2,0,1,0,1,0
2021-12-18_uc_santa_barbara_sacramento_st,Sacramento St.,25,"Falkowska, Alicja",False,3,0,0,,0,0,,0,0,,0,0,0,0,0,0,0,0,0
2021-12-18_uc_santa_barbara_sacramento_st,Sacramento St.,TM,TEAM,False,0,0,0,,0,0,,0,0,,0,3,3,0,0,2,0,0,0
2021-12-18_uc_santa_barbara_sacramento_st,UC Santa Barbara,00,"Miller, Danae",True,40,3,9,0.333,1,5,0.2,4,6,0.667,1,4,5,1,3,6,0,0,11
2021-12-18_uc_santa_barbara_sacramento_st,UC Santa Barbara,31,"Lane, Ila",True,28,2,2,1.0,0,0,,2,2,1.0,2,4,6,1,1,2,3,3,6
2021-12-18_uc_santa_barbara_sacramento_st,UC Santa Barbara,01,"Gonzalez, Johnni",True,15,1,5,0.2,1,2,0.5,0,2,0.0,0,0,0,0,0,0,0,0,3
2021-12-18_uc_santa_barbara_sacramento_st,UC Santa Barbara,30,"Anderson, Megan",True,23,0,4,0.0,0,1,0.0,1,2,0.5,0,3,3,1,2,1,0,2,1
2021-12-18_uc_santa_barbara_sacramento_st,UC Santa Barbara,11,"Lee, Lauren",True,7,0,1,0.0,0,0,,0,0,,1,0,1,1,1,2,0,0,0
2021-12-18_uc_santa_barbara_sacramento_st,UC Santa Barbara,02,"Tucker, Alexis",False,27,7,11,0.636,2,3,0.667,5,6,0.833,0,2,2,1,2,1,1,3,21
2021-12-18_uc_santa_barbara_sacramento_st,UC Santa Barbara,21,"Johnson, Kennedy",False,16,3,7,0.429,0,2,0.0,1,1,1.0,2,6,8,2,2,1,0,2,7
2021-12-18_uc_santa_barbara_sacramento_st,UC Santa Barbara,13,"Modawar, Tatyana",False,11,2,5,0.4,0,1,0.0,3,4,0.75,2,0,2,4,1,0,0,0,7
2021-12-18_uc_santa_barbara_sacramento_st,UC Santa Barbara,12,"Mole, Taylor",False,18,2,3,0.667,1,2,0.5,0,0,,0,1,1,1,1,0,0,1,5
2021-12-18_uc_santa_barbara_sacramento_st,UC Santa Barbara,10,"Choice, Anya",False,11,1,1,1.0,0,0,,3,4,0.75,0,1,1,1,0,2,0,1,5
2021-12-18_uc_santa_barbara_sacramento_st,UC Santa Barbara,03,"Marin, Alyssa",False,3,0,0,,0,0,,0,0,,0,1,1,0,0,0,0,0,0
2021-12-18_uc_santa_barbara_sacramento_st,UC Santa Barbara,20,"Rockwood, Laurel",False,1,0,0,,0,0,,0,0,,0,0,0,1,0,1,0,0,0
2021-12-18_uc_santa_barbara_sacramento_st,UC Santa Barbara,TM,TEAM,False,0,0,0,,0,0,,0,0,,0,2,2,0,0,1,0,0,0
2021-12-18_california_cal_poly,Cal Poly,14,"Scanlan, Hannah",True,18,6,9,0.667,0,0,,3,4,0.75,1,4,5,1,1,3,0,1,15
2021-12-18_california_cal_poly,Cal Poly,33,"Willett, Maddie",True,27,2,7,0.286,0,3,0.0,1,2,0.5,0,2,2,2,2,2,0,0,5
2021-12-18_california_cal_poly,Cal Poly,13,"Vick, Maddie",True,35,0,5,0.0,0,1,0.0,4,4,1.0,1,4,5,4,4,3,0,2,4
2021-12-18_california_cal_poly,Cal Poly,25,"Brown, Kirsty",True,28,2,12,0.167,0,0,,0,0,,3,1,4,4,0,3,1,0,4
2021-12-18_california_cal_poly,Cal Poly,5,"Anousinh, Jazzy",True,12,2,2,1.0,0,0,,0,0,,0,0,0,2,2,0,0,1,4
2021-12-18_california_cal_poly,Cal Poly,15,"Bourland, Sydney",False,23,6,7,0.857,0,0,,2,2,1.0,0,2,2,3,0,1,0,0,14
2021-12-18_california_cal_poly,Cal Poly,32,"Nielacna, Julia",False,15,4,7,0.571,2,4,0.5,4,6,0.667,0,5,5,2,0,1,0,0,14
2021-12-18_california_cal_poly,Cal Poly,1,"Dumitrescu, Sarah",False,19,4,10,0.4,0,1,0.0,0,0,,0,1,1,3,1,2,0,0,8
2021-12-18_california_cal_poly,Cal Poly,11,"Dickson, Junie",False,8,1,2,0.5,1,1,1.0,0,0,,0,1,1,1,1,0,0,0,3
2021-12-18_california_cal_poly,Cal Poly,2,"Shah, Annika",False,14,1,5,0.2,0,2,0.0,0,0,,0,2,2,2,2,1,0,0,2
2021-12-18_california_cal_poly,Cal Poly,22,"Bergstrom, Faith",False,1,0,0,,0,0,,0,0,,0,0,0,0,0,0,0,0,0
2021-12-18_california_cal_poly,Cal Poly,TM,TEAM,False,0,0,0,,0,0,,0,0,,7,2,9,0,0,1,0,0,0
2021-12-18_california_cal_poly,California,30,"Curry, Jayda",True,34,8,13,0.615,4,6,0.667,7,9,0.778,0,3,3,1,3,5,0,3,27
2021-12-18_california_cal_poly,California,10,"Green, Jazlen",True,24,7,13,0.538,4,8,0.5,2,2,1.0,1,2,3,1,4,3,0,0,20
2021-12-18_california_cal_poly,California,1,"McIntosh, Leilani",True,30,2,5,0.4,2,2,1.0,4,4,1.0,0,0,0,0,2,2,0,2,10
2021-12-18_california_cal_poly,California,12,"Bush, Jadyn",True,15,1,1,1.0,0,0,,0,0,,0,5,5,1,0,0,1,0,2
2021-12-18_california_cal_poly,California,24,"Lutje Schipholt, Evelien",True,23,0,3,0.0,0,0,,1,4,0.25,0,2,2,3,2,0,3,0,1
2021-12-18_california_cal_poly,California,3,"Daniels, Dalayah",False,23,5,12,0.417,0,1,0.0,1,2,0.5,3,6,9,1,5,2,4,1,11
2021-12-18_california_cal_poly,California,00,"Onyiah, Ugonne",False,12,3,4,0.75,0,0,,1,2,0.5,3,1,4,3,0,1,0,2,7
2021-12-18_california_cal_poly,California,21,"Mastrov, Mia",False,16,2,5,0.4,0,0,,0,0,,1,1,2,1,2,1,0,0,4
2021-12-18_california_cal_poly,California,14,"Elsnitz, Alma",False,10,1,3,0.333,0,0,,0,0,,0,0,0,1,0,1,0,1,2
2021-12-18_california_cal_poly,California,33,"Samb, Fatou",False,4,1,3,0.333,0,0,,0,0,,1,0,1,3,0,1,0,1,2
2021-12-18_california_cal_poly,California,32,"Heide, Sela",False,3,0,0,,0,0,,2,2,1.0,0,2,2,0,0,0,1,0,2
2021-12-18_california_cal_poly,California,31,"Muca, Ornela",False,6,0,1,0.0,0,1,0.0,1,2,0.5,0,0,0,1,0,2,0,0,1
2021-12-18_california_cal_poly,California,TM,TEAM,False,0,0,0,,0,0,,0,0,,5,5,10,0,0,1,0,0,0
2021-12-19_uc_davis_gonzaga,Gonzaga,33,"Kempton, Melody",True,31,4,9,0.444,0,0,,6,6,1.0,2,4,6,2,1,3,1,2,14
2021-12-19_uc_davis_gonzaga,Gonzaga,14,"Truong, Kaylynne",True,32,4,12,0.333,3,7,0.429,0,0,,3,2,5,1,5,1,0,1,11
2021-12-19_uc_davis_gonzaga,Gonzaga,04,"O'Connor, Abby",True,32,4,6,0.667,0,1,0.0,0,0,,3,4,7,2,0,1,0,3,8
2021-12-19_uc_davis_gonzaga,Gonzaga,13,"Walker, Cierra",True,26,2,8,0.25,2,4,0.5,0,0,,4,1,5,2,1,1,0,2,6
2021-12-19_uc_davis_gonzaga,Gonzaga,01,"Virjoghe, Anamaria",True,18,1,4,0.25,0,0,,0,0,,1,2,3,3,0,1,1,0,2
2021-12-19_uc_davis_gonzaga,Gonzaga,15,"Ejim, Yvonne",False,20,4,7,0.571,0,0,,4,6,0.667,1,1,2,4,1,2,0,2,12
2021-12-19_uc_davis_gonzaga,Gonzaga,11,"Truong, Kayleigh",False,17,3,6,0.5,1,1,1.0,2,2,1.0,1,1,2,1,4,0,0,1,9
2021-12-19_uc_davis_gonzaga,Gonzaga,24,"Williams, McKayla",False,14,1,3,0.333,0,0,,0,0,,0,1,1,0,0,1,0,0,2
2021-12-19_uc_davis_gonzaga,Gonzaga,12,"Hollingsworth, Eliza",False,10,0,2,0.0,0,0,,2,2,1.0,0,0,0,1,0,1,1,0,2
2021-12-19_uc_davis_gonzaga,Gonzaga,TM,TEAM,False,0,0,0,,0,0,,0,0,,1,2,3,0,0,1,0,0,0
2021-12-19_uc_davis_gonzaga,UC Davis,32,"Hall, Cierra",True,35,7,9,0.778,3,5,0.6,5,6,0.833,1,4,5,2,3,3,1,1,22
2021-12-19_uc_davis_gonzaga,UC Davis,15,"Turner, Evanne",True,38,8,12,0.667,4,6,0.667,0,0,,0,4,4,2,1,3,0,2,20
2021-12-19_uc_davis_gonzaga,UC Davis,23,"Konrad, Kayla",True,37,5,8,0.625,1,3,0.333,1,2,0.5,2,4,6,4,3,1,0,0,12
2021-12-19_uc_davis_gonzaga,UC Davis,11,"Stobbart, Sage",True,33,2,10,0.2,1,5,0.2,2,2,1.0,1,5,6,2,1,2,2,0,7
2021-12-19_uc_davis_gonzaga,UC Davis,13,"Burns, Sydney",True,22,0,1,0.0,0,1,0.0,0,0,,0,1,1,1,3,3,0,0,0
2021-12-19_uc_davis_gonzaga,UC Davis,10,"Svanholm, Lena",False,17,3,4,0.75,0,0,,1,1,1.0,0,0,0,1,0,0,0,0,7
2021-12-19_uc_davis_gonzaga,UC Davis,20,"Sanders, Makaila",False,6,0,1,0.0,0,1,0.0,1,1,1.0,0,0,0,0,0,0,0,0,1
2021-12-19_uc_davis_gonzaga,UC Davis,41,"Shine, Bria",False,5,0,0,,0,0,,0,0,,0,0,0,1,0,2,0,0,0
2021-12-19_uc_davis_gonzaga,UC Davis,33,"Harris, Mazatlan",False,4,0,0,,0,0,,0,0,,0,0,0,1,0,0,0,0,0
2021-12-19_uc_davis_gonzaga,UC Davis,24,"Langi, Marley",False,3,0,3,0.0,0,2,0.0,0,0,,0,0,0,0,0,0,1,0,0
2021-12-19_uc_davis_gonzaga,UC Davis,TM,TEAM,False,0,0,0,,0,0,,0,0,,1,0,1,0,0,0,0,0,0
2021-12-19_incarnate_word_uc_riverside,UC Riverside,3,"West, Olivia",True,35,5,11,0.455,4,8,0.5,2,2,1.0,1,0,1,2,0,3,0,0,16
2021-12-19_incarnate_word_uc_riverside,UC Riverside,24,"Gnago, Daphne",True,33,5,9,0.556,0,0,,0,0,,3,4,7,3,0,1,0,0,10
2021-12-19_incarnate_word_uc_riverside,UC Riverside,4,"Holland, Jada",True,38,2,7,0.286,0,2,0.0,5,6,0.833,0,2,2,4,6,7,0,2,9
2021-12-19_incarnate_word_uc_riverside,UC Riverside,10,"Cooper, Keilanei",True,24,3,11,0.273,2,7,0.286,0,0,,0,3,3,4,1,1,0,1,8
2021-12-19_incarnate_word_uc_riverside,UC Riverside,32,"Webster, Jordan",True,29,2,7,0.286,1,3,0.333,2,2,1.0,0,1,1,0,0,2,0,1,7
2021-12-19_incarnate_word_uc_riverside,UC Riverside,15,"Blount, Anna",False,22,1,4,0.25,0,0,,3,4,0.75,2,0,2,5,1,4,0,1,5
2021-12-19_incarnate_word_uc_riverside,UC Riverside,14,"Finau, Mele",False,13,0,2,0.0,0,1,0.0,0,0,,1,4,5,4,0,2,2,2,0
2021-12-19_incarnate_word_uc_riverside,UC Riverside,30,"Morse, Rose",False,4,0,1,0.0,0,1,0.0,0,0,,0,0,0,0,0,0,0,0,0
2021-12-19_incarnate_word_uc_riverside,UC Riverside,23,"Aikins, India",False,2,0,0,,0,0,,0,0,,0,0,0,0,0,0,0,0,0
2021-12-19_incarnate_word_uc_riverside,UC Riverside,TM,TEAM,False,0,0,0,,0,0,,0,0,,6,3,9,0,0,1,0,0,0
2021-12-19_incarnate_word_uc_riverside,Incarnate Word,3,"Moore, Jaaucklyn",True,40,6,11,0.545,3,6,0.5,3,6,0.5,0,2,2,1,1,2,2,2,18
2021-12-19_incarnate_word_uc_riverside,Incarnate Word,15,"Omozee, Starr",True,37,6,9,0.667,0,0,,3,5,0.6,3,3,6,2,2,4,0,2,15
2021-12-19_incarnate_word_uc_riverside,Incarnate Word,10,"Terrell, Destiny",True,24,2,8,0.25,0,0,,0,0,,1,2,3,3,1,2,1,1,4
2021-12-19_incarnate_word_uc_riverside,Incarnate Word,4,"Jenkins, Destiny",True,28,0,3,0.0,0,2,0.0,0,0,,0,2,2,2,2,2,0,1,0
2021-12-19_incarnate_word_uc_riverside,Incarnate Word,13,"Storer, Chloe",True,5,0,1,0.0,0,0,,0,0,,0,0,0,1,0,0,0,0,0
2021-12-19_incarnate_word_uc_riverside,Incarnate Word,32,"Gardner, Tiana",False,20,2,3,0.667,0,0,,10,11,0.909,2,4,6,4,1,4,1,1,14
2021-12-19_incarnate_word_uc_riverside,Incarnate Word,35,"Means, Jamie",False,15,3,5,0.6,0,0,,1,4,0.25,1,2,3,2,1,2,0,0,7
2021-12-19_incarnate_word_uc_riverside,Incarnate Word,11,"Bell, Myra",False,27,1,2,0.5,0,1,0.0,1,2,0.5,0,2,2,3,2,2,0,1,3
2021-12-19_incarnate_word_uc_riverside,Incarnate Word,1,"Gibson, Kamryn",False,4,0,1,0.0,0,0,,0,0,,0,0,0,0,0,0,0,0,0
2021-12-19_incarnate_word_uc_riverside,Incarnate Word,TM,TEAM,False,0,0,0,,0,0,,0,0,,1,4,5,0,0,2,0,0,0
2021-12-21_unlv_hawaii,Hawaii,25,"Atwell, Amy",True,25,8,15,0.533,7,13,0.538,5,5,1.0,0,6,6,4,0,3,1,0,28
2021-12-21_unlv_hawaii,Hawaii,23,"McBee, MeiLani",True,22,2,6,0.333,1,5,0.2,1,2,0.5,0,2,2,1,1,0,0,1,6
2021-12-21_unlv_hawaii,Hawaii,24,"Calhoun, Nae Nae",True,27,2,7,0.286,0,2,0.0,0,0,,0,3,3,5,6,1,0,1,4
2021-12-21_unlv_hawaii,Hawaii,14,"Orji, Nnenna",True,22,1,3,0.333,0,0,,0,4,0.0,0,4,4,4,0,3,0,1,2
2021-12-21_unlv_hawaii,Hawaii,15,"Phillips, Daejah",True,18,0,4,0.0,0,0,,0,0,,1,2,3,1,2,4,0,0,0
2021-12-21_unlv_hawaii,Hawaii,45,"Davies, Olivia",False,27,2,7,0.286,1,3,0.333,3,4,0.75,1,3,4,5,4,0,1,3,8
2021-12-21_unlv_hawaii,Hawaii,01,"Imai, Kelsie",False,18,3,5,0.6,2,3,0.667,0,0,,0,0,0,4,1,2,0,0,8
2021-12-21_unlv_hawaii,Hawaii,34,"David, Jacque",False,11,1,5,0.2,0,2,0.0,2,2,1.0,1,3,4,3,0,1,0,0,4
2021-12-21_unlv_hawaii,Hawaii,20,"Haire, McKenna",False,12,1,5,0.2,1,3,0.333,0,0,,1,1,2,0,0,0,0,0,3
2021-12-21_unlv_hawaii,Hawaii,33,"Donnelly, Maeve",False,8,0,0,,0,0,,0,0,,1,0,1,2,0,3,0,0,0
2021-12-21_unlv_hawaii,Hawaii,32,"Ongoongotau, Eva",False,7,0,3,0.0,0,1,0.0,0,0,,0,2,2,0,0,0,0,0,0
2021-12-21_unlv_hawaii,Hawaii,02,"Thoms, Ashley",False,3,0,0,,0,0,,0,0,,0,0,0,0,0,0,0,0,0
2021-12-21_unlv_hawaii,Hawaii,TM,TEAM,False,0,0,0,,0,0,,0,0,,5,4,9,0,0,0,0,0,0
2021-12-21_unlv_hawaii,UNLV,23,"Young, Desi-Rae",True,22,7,11,0.636,0,0,,6,9,0.667,1,3,4,3,0,4,1,1,20
2021-12-21_unlv_hawaii,UNLV,24,"Booker, Essence",True,30,3,10,0.3,0,3,0.0,6,6,1.0,0,5,5,4,4,3,0,0,12
2021-12-21_unlv_hawaii,UNLV,12,"Durazo-Frescas, Alyssa",True,20,2,3,0.667,1,1,1.0,3,3,1.0,0,4,4,2,0,1,0,1,8
2021-12-21_unlv_hawaii,UNLV,20,"Rooks, Khayla",True,29,1,3,0.333,0,2,0.0,2,4,0.5,1,4,5,1,4,0,0,2,4
2021-12-21_unlv_hawaii,UNLV,05,"Thomas, Jade",True,23,0,3,0.0,0,2,0.0,3,4,0.75,0,5,5,0,1,1,0,1,3
2021-12-21_unlv_hawaii,UNLV,03,"Jackson, Kiara",False,14,4,7,0.571,0,3,0.0,3,4,0.75,0,1,1,1,0,1,0,1,11
2021-12-21_unlv_hawaii,UNLV,01,"Obiazor, Nneka",False,23,4,6,0.667,0,0,,2,2,1.0,0,4,4,1,0,0,0,2,10
2021-12-21_unlv_hawaii,UNLV,11,"Ethridge, Justice",False,29,1,7,0.143,0,5,0.0,0,2,0.0,2,5,7,0,1,0,3,0,2
2021-12-21_unlv_hawaii,UNLV,15,"Wilfred, Keyana",False,6,0,0,,0,0,,0,0,,0,1,1,2,0,0,1,0,0
2021-12-21_unlv_hawaii,UNLV,02,"Winfrey, Kenadee",False,4,0,0,,0,0,,0,0,,0,0,0,0,1,3,1,0,0
2021-12-21_unlv_hawaii,UNLV,TM,TEAM,False,0,0,0,,0,0,,0,0,,0,2,2,0,0,0,0,0,0
2021-12-21_arizona_st_uc_irvine,UC Irvine,42,"Hunt, Naomi",True,31,5,9,0.556,4,6,0.667,0,0,,0,2,2,4,2,3,0,0,14
2021-12-21_arizona_st_uc_irvine,UC Irvine,4,"Williams, Kayla",True,36,3,9,0.333,2,5,0.4,4,6,0.667,0,5,5,1,6,3,1,4,12
2021-12-21_arizona_st_uc_irvine,UC Irvine,35,"Locandro, Sophia",True,28,3,9,0.333,0,2,0.0,0,0,,0,5,5,0,0,1,2,0,6
2021-12-21_arizona_st_uc_irvine,UC Irvine,2,"Webb, Chloe",True,14,1,3,0.333,0,0,,3,3,1.0,0,2,2,2,0,2,0,0,5
2021-12-21_arizona_st_uc_irvine,UC Irvine,21,"Williams, Olivia",True,17,0,1,0.0,0,0,,0,0,,0,1,1,0,0,1,0,0,0
2021-12-21_arizona_st_uc_irvine,UC Irvine,20,"Hernandez, Hunter",False,25,4,9,0.444,0,0,,2,2,1.0,4,0,4,0,0,4,0,0,10
2021-12-21_arizona_st_uc_irvine,UC Irvine,45,"Dusharm, Tara",False,8,1,4,0.25,0,0,,3,4,0.75,0,1,1,3,1,2,0,0,5
2021-12-21_arizona_st_uc_irvine,UC Irvine,3,"Tom, Nikki",False,15,0,0,,0,0,,0,0,,1,0,1,2,1,1,0,1,0
2021-12-21_arizona_st_uc_irvine,UC Irvine,10,"Cadee, Jayde",False,13,0,1,0.0,0,1,0.0,0,0,,0,1,1,1,0,0,0,0,0
2021-12-21_arizona_st_uc_irvine,UC Irvine,33,"Kaupu, Caiyle",False,6,0,1,0.0,0,0,,0,0,,0,0,0,0,1,0,1,0,0
2021-12-21_arizona_st_uc_irvine,UC Irvine,24,"Kapinga, Melodie",False,3,0,1,0.0,0,0,,0,0,,1,0,1,0,0,0,0,0,0
2021-12-21_arizona_st_uc_irvine,UC Irvine,11,"Scharpf, Amelia",False,2,0,1,0.0,0,0,,0,0,,2,0,2,0,0,1,0,0,0
2021-12-21_arizona_st_uc_irvine,UC Irvine,13,"Lee, Déja",False,2,0,0,,0,0,,0,0,,0,0,0,0,0,0,0,1,0
2021-12-21_arizona_st_uc_irvine,UC Irvine,TM,TEAM,False,0,0,0,,0,0,,0,0,,2,1,3,0,0,0,0,0,0
2021-12-21_arizona_st_uc_irvine,Arizona St.,30,"Loville, Jade",True,32,8,20,0.4,4,7,0.571,0,0,,1,1,2,2,0,1,0,0,20
2021-12-21_arizona_st_uc_irvine,Arizona St.,2,"Simmons, Jaddan",True,33,4,12,0.333,1,5,0.2,3,4,0.75,1,2,3,2,6,2,0,3,12
2021-12-21_arizona_st_uc_irvine,Arizona St.,12,"Gilles, Mael",True,23,5,7,0.714,1,2,0.5,0,0,,4,8,12,4,3,2,1,2,11
2021-12-21_arizona_st_uc_irvine,Arizona St.,00,"Hanson, Taya",True,32,2,9,0.222,1,4,0.25,2,2,1.0,1,3,4,1,4,1,1,1,7
2021-12-21_arizona_st_uc_irvine,Arizona St.,32,"van Hyfte, Jayde",True,16,1,2,0.5,0,0,,0,0,,2,2,4,3,0,1,0,1,2
2021-12-21_arizona_st_uc_irvine,Arizona St.,20,"Levings, Katelyn",False,20,3,5,0.6,0,1,0.0,1,1,1.0,3,1,4,1,1,1,2,0,7
2021-12-21_arizona_st_uc_irvine,Arizona St.,11,"Erikstrup, Sydney",False,11,2,3,0.667,0,0,,1,1,1.0,1,1,2,3,0,2,0,0,5
2021-12-21_arizona_st_uc_irvine,Arizona St.,5,"Basallo, Ayzhiana",False,12,1,4,0.25,1,2,0.5,0,0,,1,0,1,2,0,3,0,0,3
2021-12-21_arizona_st_uc_irvine,Arizona St.,3,"Bosquez, Gabriela",False,11,0,2,0.0,0,2,0.0,2,2,1.0,1,0,1,0,0,0,0,1,2
2021-12-21_arizona_st_uc_irvine,Arizona St.,43,"Greenslade, Imogen",False,10,0,0,,0,0,,0,0,,2,2,4,1,0,1,1,0,0
2021-12-21_arizona_st_uc_irvine,Arizona St.,TM,TEAM,False,0,0,0,,0,0,,0,0,,3,3,6,0,0,0,0,0,0
2021-12-21_san_jose_st_uc_santa_barbara,UC Santa Barbara,31,"Lane, Ila",True,28,11,15,0.733,0,0,,4,5,0.8,3,4,7,2,1,2,0,2,26
2021-12-21_san_jose_st_uc_santa_barbara,UC Santa Barbara,00,"Miller, Danae",True,24,5,10,0.5,3,6,0.5,0,0,,0,2,2,1,4,3,1,0,13
2021-12-21_san_jose_st_uc_santa_barbara,UC Santa Barbara,01,"Gonzalez, Johnni",True,24,4,6,0.667,3,4,0.75,0,0,,0,4,4,0,6,4,1,2,11
2021-12-21_san_jose_st_uc_santa_barbara,UC Santa Barbara,30,"Anderson, Megan",True,20,1,5,0.2,1,4,0.25,0,0,,2,3,5,1,1,1,0,0,3
2021-12-21_san_jose_st_uc_santa_barbara,UC Santa Barbara,11,"Lee, Lauren",True,10,1,1,1.0,0,0,,0,0,,0,0,0,1,1,1,0,0,2
2021-12-21_san_jose_st_uc_santa_barbara,UC Santa Barbara,02,"Tucker, Alexis",False,16,4,7,0.571,1,2,0.5,1,2,0.5,0,4,4,1,2,0,0,2,10
2021-12-21_san_jose_st_uc_santa_barbara,UC Santa Barbara,10,"Choice, Anya",False,15,2,5,0.4,0,1,0.0,1,2,0.5,0,1,1,3,2,1,0,1,5
2021-12-21_san_jose_st_uc_santa_barbara,UC Santa Barbara,13,"Modawar, Tatyana",False,11,2,3,0.667,1,1,1.0,0,0,,0,3,3,3,1,1,0,0,5
2021-12-21_san_jose_st_uc_santa_barbara,UC Santa Barbara,21,"Johnson, Kennedy",False,8,1,3,0.333,0,0,,2,2,1.0,0,3,3,0,1,0,1,0,4
2021-12-21_san_jose_st_uc_santa_barbara,UC Santa Barbara,32,"Rockwood, Laurel",False,7,1,1,1.0,0,0,,0,0,,0,1,1,1,0,1,0,0,2
2021-12-21_san_jose_st_uc_santa_barbara,UC Santa Barbara,12,"Mole, Taylor",False,16,0,3,0.0,0,1,0.0,0,0,,3,2,5,2,0,2,0,2,0
2021-12-21_san_jose_st_uc_santa_barbara,UC Santa Barbara,03,"Marin, Alyssa",False,8,0,0,,0,0,,0,0,,0,0,0,0,3,0,0,0,0
2021-12-21_san_jose_st_uc_santa_barbara,UC Santa Barbara,05,"Cooper, Callie",False,7,0,0,,0,0,,0,0,,1,1,2,2,4,2,0,1,0
2021-12-21_san_jose_st_uc_santa_barbara,UC Santa Barbara,25,"Cabuena, Analillia",False,6,0,1,0.0,0,1,0.0,0,0,,0,1,1,0,0,0,1,1,0
2021-12-21_san_jose_st_uc_santa_barbara,UC Santa Barbara,TM,TEAM,False,0,0,0,,0,0,,0,0,,1,3,4,0,0,0,0,0,0
2021-12-21_san_jose_st_uc_santa_barbara,San Jose St.,24,"Oberg, Meghan",True,34,5,10,0.5,0,3,0.0,4,5,0.8,2,2,4,1,1,2,0,0,14
2021-12-21_san_jose_st_uc_santa_barbara,San Jose St.,22,"Torres, Stephanie",True,33,4,10,0.4,2,5,0.4,1,1,1.0,1,1,2,1,3,3,0,1,11
2021-12-21_san_jose_st_uc_santa_barbara,San Jose St.,30,"Ogier, Ella",True,27,4,14,0.286,1,2,0.5,0,0,,0,1,1,1,1,4,0,5,9
2021-12-21_san_jose_st_uc_santa_barbara,San Jose St.,35,"Lewis, Cydni",True,33,1,8,0.125,0,3,0.0,2,2,1.0,4,5,9,1,3,5,1,1,4
2021-12-21_san_jose_st_uc_santa_barbara,San Jose St.,01,"Ross, Deja",True,21,0,4,0.0,0,1,0.0,0,0,,1,3,4,3,0,2,1,1,0
2021-12-21_san_jose_st_uc_santa_barbara,San Jose St.,00,"Gaulden, A'Tyanna",False,15,2,4,0.5,1,1,1.0,0,2,0.0,0,1,1,0,0,1,0,1,5
2021-12-21_san_jose_st_uc_santa_barbara,San Jose St.,02,"Jones, Sophia",False,8,2,4,0.5,1,2,0.5,0,0,,0,0,0,0,0,2,0,0,5
2021-12-21_san_jose_st_uc_santa_barbara,San Jose St.,05,"Richards, Sidney",False,13,1,6,0.167,0,0,,0,0,,1,1,2,4,1,1,0,2,2
2021-12-21_san_jose_st_uc_santa_barbara,San Jose St.,13,"Mendez, Autam",False,10,0,0,,0,0,,1,2,0.5,0,1,1,2,2,0,0,0,1
2021-12-21_san_jose_st_uc_santa_barbara,San Jose St.,32,"Fluker, Alani",False,4,0,0,,0,0,,0,0,,0,0,0,0,0,1,0,0,0
2021-12-21_san_jose_st_uc_santa_barbara,San Jose St.,15,"Shields, Sammy",False,2,0,1,0.0,0,1,0.0,0,0,,0,0,0,0,0,0,0,0,0
2021-12-21_san_jose_st_uc_santa_barbara,San Jose St.,TM,TEAM,False,0,0,0,,0,0,,0,0,,4,3,7,0,0,0,0,0,0
2021-12-21_cal_poly_california_baptist,California Baptist,34,"Harper, Caitlyn",True,35,6,17,0.353,2,9,0.222,2,2,1.0,0,4,4,2,1,0,1,0,16
2021-12-21_cal_poly_california_baptist,California Baptist,3,"Olaeta, Ane",True,43,2,9,0.222,0,1,0.0,2,2,1.0,2,4,6,3,6,5,1,0,6
2021-12-21_cal_poly_california_baptist,California Baptist,24,"Klaman, Brittany",True,38,1,5,0.2,1,5,0.2,2,2,1.0,0,3,3,1,2,3,0,0,5
2021-12-21_cal_poly_california_baptist,California Baptist,1,"Wu, Dorcas",True,15,1,5,0.2,0,3,0.0,0,0,,0,3,3,0,1,1,3,1,2
2021-12-21_cal_poly_california_baptist,California Baptist,10,"Dale, Georgia",True,10,0,2,0.0,0,2,0.0,0,0,,0,4,4,1,3,0,0,2,0
2021-12-21_cal_poly_california_baptist,California Baptist,32,"Thomas, Britney",False,23,13,19,0.684,0,0,,3,5,0.6,5,8,13,5,1,2,1,1,29
2021-12-21_cal_poly_california_baptist,California Baptist,14,"Palma, Sydney",False,25,2,4,0.5,2,3,0.667,0,0,,0,5,5,2,0,0,0,1,6
2021-12-21_cal_poly_california_baptist,California Baptist,21,"Wu, Taylor",False,12,1,2,0.5,0,1,0.0,0,0,,0,1,1,0,1,2,0,1,2
2021-12-21_cal_poly_california_baptist,California Baptist,13,"Neale, Tiena",False,10,0,4,0.0,0,4,0.0,0,0,,0,2,2,2,2,0,0,0,0
2021-12-21_cal_poly_california_baptist,California Baptist,22,"Robin, Oceane",False,7,0,3,0.0,0,3,0.0,0,2,0.0,0,1,1,0,2,1,0,0,0
2021-12-21_cal_poly_california_baptist,California Baptist,2,"Avila-ambrosi, Nicole",False,4,0,1,0.0,0,1,0.0,0,0,,0,1,1,0,0,0,0,0,0
2021-12-21_cal_poly_california_baptist,California Baptist,23,"San Antonio, Trinity",False,3,0,0,,0,0,,0,0,,1,1,2,0,0,1,0,0,0
2021-12-21_cal_poly_california_baptist,California Baptist,TM,TEAM,False,0,0,0,,0,0,,0,0,,0,4,4,0,0,0,0,0,0
2021-12-21_cal_poly_california_baptist,Cal Poly,14,"Scanlan, Hannah",True,29,9,18,0.5,0,0,,1,2,0.5,2,10,12,4,1,3,0,1,19
2021-12-21_cal_poly_california_baptist,Cal Poly,25,"Brown, Kirsty",True,32,4,11,0.364,0,0,,2,2,1.0,3,7,10,2,2,1,1,1,10
2021-12-21_cal_poly_california_baptist,Cal Poly,33,"Willett, Maddie",True,40,3,8,0.375,0,1,0.0,2,2,1.0,0,7,7,0,2,1,0,0,8
2021-12-21_cal_poly_california_baptist,Cal Poly,15,"Bourland, Sydney",True,39,2,8,0.25,0,1,0.0,3,6,0.5,2,3,5,1,3,1,0,2,7
2021-12-21_cal_poly_california_baptist,Cal Poly,13,"Vick, Maddie",True,43,3,12,0.25,0,0,,0,0,,0,3,3,2,4,3,0,1,6
2021-12-21_cal_poly_california_baptist,Cal Poly,32,"Nielacna, Julia",False,18,5,13,0.385,1,5,0.2,0,0,,1,4,5,1,1,1,0,0,11
2021-12-21_cal_poly_california_baptist,Cal Poly,11,"Dickson, Junie",False,6,1,2,0.5,0,0,,0,0,,0,0,0,1,1,0,0,1,2
2021-12-21_cal_poly_california_baptist,Cal Poly,1,"Dumitrescu, Sarah",False,13,0,5,0.0,0,1,0.0,1,4,0.25,1,4,5,2,0,1,0,0,1
2021-12-21_cal_poly_california_baptist,Cal Poly,3,"Svetich, Lily",False,3,0,0,,0,0,,0,0,,0,2,2,1,0,0,0,0,0
2021-12-21_cal_poly_california_baptist,Cal Poly,5,"Anousinh, Jazzy",False,2,0,0,,0,0,,0,0,,0,0,0,0,0,0,0,0,0
2021-12-21_cal_poly_california_baptist,Cal Poly,TM,TEAM,False,0,0,0,,0,0,,0,0,,3,0,3,0,0,0,0,0,0
2021-12-21_csun_antelope_valley,Antelope Valley,00,"Stephenson, Tanika",True,37,2,15,0.133,1,11,0.091,8,10,0.8,1,5,6,0,3,8,0,0,13
2021-12-21_csun_antelope_valley,Antelope Valley,21,"Allen, Krystin",True,27,1,5,0.2,1,2,0.5,4,6,0.667,1,2,3,2,0,3,0,0,7
2021-12-21_csun_antelope_valley,Antelope Valley,24,"Lloyd, Suraya",True,24,1,4,0.25,1,3,0.333,0,0,,1,3,4,3,0,5,1,2,3
2021-12-21_csun_antelope_valley,Antelope Valley,23,"Terry, Ryan",True,21,1,9,0.111,1,6,0.167,0,0,,1,0,1,5,1,3,0,1,3
2021-12-21_csun_antelope_valley,Antelope Valley,33,"Marriweather, Ladaesha",True,18,0,4,0.0,0,0,,0,0,,0,2,2,3,1,0,0,1,0
2021-12-21_csun_antelope_valley,Antelope Valley,10,"Johnson, Jordan",False,20,2,9,0.222,2,7,0.286,0,0,,0,3,3,1,1,0,0,0,6
2021-12-21_csun_antelope_valley,Antelope Valley,5,"Hernandez, Wendy",False,18,0,2,0.0,0,0,,0,0,,0,2,2,2,0,1,0,0,0
2021-12-21_csun_antelope_valley,Antelope Valley,3,"Walker, Deshauna",False,13,0,0,,0,0,,0,0,,0,0,0,0,0,4,0,1,0
2021-12-21_csun_antelope_valley,Antelope Valley,44,"Jackson, Aaliyah",False,9,0,0,,0,0,,0,0,,1,0,1,1,0,1,0,0,0
2021-12-21_csun_antelope_valley,Antelope Valley,42,"Price-el, Zaakira",False,7,0,3,0.0,0,3,0.0,0,0,,1,0,1,0,0,2,0,1,0
2021-12-21_csun_antelope_valley,Antelope Valley,22,"Jefferson, Dynasia",False,6,0,1,0.0,0,0,,0,0,,1,2,3,0,0,2,0,0,0
2021-12-21_csun_antelope_valley,Antelope Valley,TM,TEAM,False,0,0,0,,0,0,,0,0,,5,5,10,0,0,0,0,0,0
2021-12-21_csun_antelope_valley,CSUN,15,"Amundsen, Tess",True,16,8,11,0.727,4,5,0.8,1,2,0.5,0,1,1,1,1,1,0,0,21
2021-12-21_csun_antelope_valley,CSUN,1,"Jackson, Jordyn",True,18,4,4,1.0,2,2,1.0,0,0,,0,0,0,0,9,2,0,4,10
2021-12-21_csun_antelope_valley,CSUN,34,"Spriggs, Kayanna",True,16,1,2,0.5,0,0,,4,5,0.8,2,6,8,0,1,2,0,0,6
2021-12-21_csun_antelope_valley,CSUN,21,"Tu'ua, Anaiyah",True,20,1,4,0.25,0,1,0.0,3,4,0.75,0,4,4,2,1,0,0,1,5
2021-12-21_csun_antelope_valley,CSUN,12,"Henderson, Meghann",True,19,0,2,0.0,0,2,0.0,0,0,,1,2,3,1,4,0,1,3,0
2021-12-21_csun_antelope_valley,CSUN,2,"Woodley, Sydney",False,16,6,9,0.667,0,1,0.0,4,4,1.0,2,0,2,1,1,1,0,4,16
2021-12-21_csun_antelope_valley,CSUN,5,"Duchemin, Michelle",False,24,5,11,0.455,0,0,,2,2,1.0,1,5,6,4,0,1,0,6,12
2021-12-21_csun_antelope_valley,CSUN,32,"Hawkins, Ashley",False,24,3,4,0.75,0,1,0.0,0,2,0.0,1,3,4,0,6,0,0,1,6
2021-12-21_csun_antelope_valley,CSUN,4,"Harvey, Rachel",False,13,2,3,0.667,0,0,,0,0,,0,0,0,2,0,0,0,0,4
2021-12-21_csun_antelope_valley,CSUN,22,"Hudgen, McKenzie",False,11,1,3,0.333,0,2,0.0,2,2,1.0,1,1,2,1,0,1,0,0,4
2021-12-21_csun_antelope_valley,CSUN,11,"Smith, Olivia",False,10,2,5,0.4,0,0,,0,0,,0,2,2,2,0,2,1,1,4
2021-12-21_csun_antelope_valley,CSUN,24,"Smith, Macy",False,13,1,6,0.167,0,5,0.0,0,2,0.0,0,1,1,1,2,0,0,0,2
2021-12-21_csun_antelope_valley,CSUN,TM,TEAM,False,0,0,0,,0,0,,0,0,,1,9,10,0,0,1,0,0,0
2021-12-21_cal_st_fullerton_loyola_marymount,Loyola Marymount,32,Ariel Johnson,True,33,4,11,0.364,0,4,0.0,7,10,0.7,0,3,3,2,5,6,0,2,15
2021-12-21_cal_st_fullerton_loyola_marymount,Loyola Marymount,20,Jasmine Jones,True,28,5,10,0.5,0,0,,0,0,,1,1,2,2,0,5,0,3,10
2021-12-21_cal_st_fullerton_loyola_marymount,Loyola Marymount,35,Alexis Mark,True,34,3,5,0.6,0,1,0.0,3,4,0.75,3,13,16,3,4,2,0,2,9
2021-12-21_cal_st_fullerton_loyola_marymount,Loyola Marymount,04,Kimora Sykes,True,32,2,7,0.286,1,2,0.5,0,0,,4,3,7,1,1,1,0,2,5
2021-12-21_cal_st_fullerton_loyola_marymount,Loyola Marymount,01,Aspyn Adams,True,23,0,4,0.0,0,4,0.0,0,0,,0,2,2,2,1,2,0,0,0
2021-12-21_cal_st_fullerton_loyola_marymount,Loyola Marymount,34,Khari Clark,False,15,6,10,0.6,0,0,,1,1,1.0,1,0,1,1,1,1,0,0,13
2021-12-21_cal_st_fullerton_loyola_marymount,Loyola Marymount,24,Nicole Rodriguez,False,26,3,6,0.5,3,6,0.5,0,0,,1,1,2,1,2,1,0,3,9
2021-12-21_cal_st_fullerton_loyola_marymount,Loyola Marymount,02,Cassandra Gordon,False,9,1,1,1.0,1,1,1.0,0,0,,0,1,1,0,1,0,0,0,3
2021-12-21_cal_st_fullerton_loyola_marymount,Loyola Marymount,TM,TEAM,False,0,0,0,,0,0,,0,0,,2,7,9,0,0,0,0,0,0
2021-12-21_cal_st_fullerton_loyola_marymount,Cal St. Fullerton,32,"Lewis, Ashlee",True,34,5,12,0.417,0,0,,1,2,0.5,1,4,5,2,0,2,1,1,11
2021-12-21_cal_st_fullerton_loyola_marymount,Cal St. Fullerton,24,"Neff, Kathryn",True,28,4,9,0.444,3,8,0.375,0,0,,0,5,5,2,0,0,2,1,11
2021-12-21_cal_st_fullerton_loyola_marymount,Cal St. Fullerton,03,"Wahinekapu, Lily",True,31,5,12,0.417,0,5,0.0,0,0,,0,3,3,4,6,5,0,3,10
2021-12-21_cal_st_fullerton_loyola_marymount,Cal St. Fullerton,23,"Gill, Carolyn",True,21,3,6,0.5,0,0,,3,4,0.75,2,3,5,4,0,3,0,0,9
2021-12-21_cal_st_fullerton_loyola_marymount,Cal St. Fullerton,55,"Nimmo, Fujika",True,39,3,12,0.25,0,4,0.0,0,1,0.0,1,1,2,4,4,2,0,4,6
2021-12-21_cal_st_fullerton_loyola_marymount,Cal St. Fullerton,04,"Vidmar, Gabi",False,29,2,8,0.25,0,6,0.0,0,0,,6,2,8,1,2,3,0,3,4
2021-12-21_cal_st_fullerton_loyola_marymount,Cal St. Fullerton,01,"Jovanovic, Una",False,8,0,1,0.0,0,0,,0,0,,1,0,1,0,1,0,0,0,0
2021-12-21_cal_st_fullerton_loyola_marymount,Cal St. Fullerton,13,"Hernandez, Aixchel",False,7,0,1,0.0,0,0,,0,0,,0,0,0,0,0,0,0,1,0
2021-12-21_cal_st_fullerton_loyola_marymount,Cal St. Fullerton,11,"MacDonald, Ruby",False,3,0,1,0.0,0,1,0.0,0,0,,0,1,1,0,0,0,0,0,0
2021-12-21_cal_st_fullerton_loyola_marymount,Cal St. Fullerton,TM,TEAM,False,0,0,0,,0,0,,0,0,,1,1,2,0,0,0,0,0,0
2021-12-23_grand_canyon_uc_irvine,UC Irvine,4,"Williams, Kayla",True,32,4,11,0.364,2,7,0.286,3,3,1.0,0,3,3,4,3,4,0,0,13
2021-12-23_grand_canyon_uc_irvine,UC Irvine,35,"Locandro, Sophia",True,27,3,10,0.3,0,0,,1,2,0.5,4,6,10,3,0,3,0,0,7
2021-12-23_grand_canyon_uc_irvine,UC Irvine,42,"Hunt, Naomi",True,30,2,10,0.2,1,7,0.143,0,0,,1,4,5,5,0,3,0,2,5
2021-12-23_grand_canyon_uc_irvine,UC Irvine,2,"Webb, Chloe",True,25,1,5,0.2,0,1,0.0,2,2,1.0,1,2,3,4,1,3,0,0,4
2021-12-23_grand_canyon_uc_irvine,UC Irvine,21,"Williams, Olivia",True,10,0,3,0.0,0,1,0.0,0,0,,2,0,2,1,0,1,0,0,0
2021-12-23_grand_canyon_uc_irvine,UC Irvine,10,"Cadee, Jayde",False,14,2,5,0.4,2,5,0.4,0,0,,1,0,1,1,1,0,0,0,6
2021-12-23_grand_canyon_uc_irvine,UC Irvine,45,"Dusharm, Tara",False,11,2,2,1.0,0,0,,2,4,0.5,0,2,2,1,0,1,0,1,6
2021-12-23_grand_canyon_uc_irvine,UC Irvine,33,"Kaupu, Caiyle",False,6,2,2,1.0,0,0,,2,2,1.0,0,0,0,1,0,2,0,0,6
2021-12-23_grand_canyon_uc_irvine,UC Irvine,3,"Tom, Nikki",False,14,1,3,0.333,1,3,0.333,2,2,1.0,0,0,0,0,2,0,0,2,5
2021-12-23_grand_canyon_uc_irvine,UC Irvine,20,"Hernandez, Hunter",False,16,0,3,0.0,0,1,0.0,1,2,0.5,0,1,1,1,0,0,0,1,1
2021-12-23_grand_canyon_uc_irvine,UC Irvine,24,"Kapinga, Melodie",False,7,0,0,,0,0,,0,0,,0,2,2,2,0,1,0,1,0
2021-12-23_grand_canyon_uc_irvine,UC Irvine,13,"Lee, Déja",False,5,0,0,,0,0,,0,0,,0,0,0,1,0,0,0,1,0
2021-12-23_grand_canyon_uc_irvine,UC Irvine,11,"Scharpf, Amelia",False,3,0,0,,0,0,,0,0,,0,1,1,0,0,0,0,0,0
2021-12-23_grand_canyon_uc_irvine,UC Irvine,TM,TEAM,False,0,0,0,,0,0,,0,0,,2,3,5,0,0,1,0,0,0
2021-12-23_grand_canyon_uc_irvine,Grand Canyon,1,"Graham, Amara",True,36,4,9,0.444,3,4,0.75,4,4,1.0,0,4,4,1,3,2,0,0,15
2021-12-23_grand_canyon_uc_irvine,Grand Canyon,11,"Caldwell, Taylor",True,32,4,10,0.4,0,1,0.0,3,4,0.75,2,4,6,3,4,7,0,4,11
2021-12-23_grand_canyon_uc_irvine,Grand Canyon,32,"McChristine, Jay",True,17,4,6,0.667,0,0,,1,3,0.333,1,6,7,4,0,2,0,1,9
2021-12-23_grand_canyon_uc_irvine,Grand Canyon,24,"Brown, Tiarra",True,26,2,10,0.2,0,1,0.0,4,4,1.0,1,5,6,4,0,2,0,2,8
2021-12-23_grand_canyon_uc_irvine,Grand Canyon,34,"Evans, Naudia",True,26,2,7,0.286,1,3,0.333,2,4,0.5,3,1,4,1,2,1,0,0,7
2021-12-23_grand_canyon_uc_irvine,Grand Canyon,2,"Shorts, Kennedi",False,22,1,5,0.2,0,0,,1,2,0.5,1,3,4,4,3,0,2,1,3
2021-12-23_grand_canyon_uc_irvine,Grand Canyon,23,"Brown, Tianna",False,17,1,3,0.333,1,2,0.5,0,0,,0,2,2,2,0,1,0,0,3
2021-12-23_grand_canyon_uc_irvine,Grand Canyon,00,"Powell-smith, Ja'mya",False,6,1,2,0.5,0,1,0.0,0,0,,0,0,0,1,0,0,0,0,2
2021-12-23_grand_canyon_uc_irvine,Grand Canyon,22,"Jackson, Ny'dajah",False,10,0,0,,0,0,,0,0,,0,0,0,0,1,2,0,0,0
2021-12-23_grand_canyon_uc_irvine,Grand Canyon,25,"Flowers, Kiyley",False,6,0,2,0.0,0,2,0.0,0,0,,0,0,0,1,0,0,0,1,0
2021-12-23_grand_canyon_uc_irvine,Grand Canyon,14,"Dixon, Kassidy",False,2,0,0,,0,0,,0,0,,0,0,0,0,0,0,0,0,0
2021-12-23_grand_canyon_uc_irvine,Grand Canyon,TM,TEAM,False,0,0,0,,0,0,,0,0,,5,2,7,0,0,0,0,0,0
2021-12-30_long_beach_st_cal_poly,Cal Poly,32,"Nielacna, Julia",True,35,5,8,0.625,1,2,0.5,2,4,0.5,2,4,6,1,0,2,0,2,13
2021-12-30_long_beach_st_cal_poly,Cal Poly,33,"Willett, Maddie",True,40,5,14,0.357,2,6,0.333,0,1,0.0,2,4,6,4,5,4,0,4,12
2021-12-30_long_beach_st_cal_poly,Cal Poly,25,"Brown, Kirsty",True,39,3,5,0.6,0,0,,3,4,0.75,2,3,5,4,0,2,0,1,9
2021-12-30_long_beach_st_cal_poly,Cal Poly,2,"Shah, Annika",True,23,2,8,0.25,2,6,0.333,0,0,,1,1,2,3,2,3,0,0,6
2021-12-30_long_beach_st_cal_poly,Cal Poly,13,"Vick, Maddie",True,38,2,8,0.25,0,1,0.0,0,0,,0,2,2,1,3,5,0,1,4
2021-12-30_long_beach_st_cal_poly,Cal Poly,11,"Dickson, Junie",False,8,2,5,0.4,2,4,0.5,0,0,,0,0,0,2,0,0,0,0,6
2021-12-30_long_beach_st_cal_poly,Cal Poly,15,"Bourland, Sydney",False,11,1,1,1.0,0,0,,0,0,,0,0,0,1,1,5,0,1,2
2021-12-30_long_beach_st_cal_poly,Cal Poly,22,"Bergstrom, Faith",False,1,1,1,1.0,0,0,,0,0,,0,0,0,0,0,0,0,1,2
2021-12-30_long_beach_st_cal_poly,Cal Poly,3,"Svetich, Lily",False,5,0,0,,0,0,,0,0,,0,1,1,0,0,0,0,0,0
2021-12-30_long_beach_st_cal_poly,Cal Poly,TM,TEAM,False,0,0,0,,0,0,,0,0,,1,4,5,0,0,2,0,0,0
2021-12-30_long_beach_st_cal_poly,Long Beach St.,10,"King, Justina",True,33,6,12,0.5,2,3,0.667,4,5,0.8,1,2,3,0,7,4,0,1,18
2021-12-30_long_beach_st_cal_poly,Long Beach St.,11,"Hardy, Jasmine",True,36,6,14,0.429,5,10,0.5,0,2,0.0,1,6,7,3,1,3,2,2,17
2021-12-30_long_beach_st_cal_poly,Long Beach St.,00,"Berry, Ma'qhi",True,31,5,6,0.833,1,2,0.5,2,3,0.667,1,1,2,2,4,1,0,3,13
2021-12-30_long_beach_st_cal_poly,Long Beach St.,23,"Green, Lauren",True,18,4,4,1.0,0,0,,2,2,1.0,4,1,5,4,0,3,0,2,10
2021-12-30_long_beach_st_cal_poly,Long Beach St.,12,"Jeskeova, Kristyna",True,16,0,1,0.0,0,1,0.0,0,0,,2,6,8,4,1,3,0,1,0
2021-12-30_long_beach_st_cal_poly,Long Beach St.,25,"Hamilton-fisher, Kianna",False,31,3,9,0.333,0,5,0.0,1,2,0.5,0,2,2,1,2,0,0,4,7
2021-12-30_long_beach_st_cal_poly,Long Beach St.,2,"Tucker, Savannah",False,13,1,3,0.333,0,1,0.0,5,7,0.714,1,0,1,0,0,0,0,1,7
2021-12-30_long_beach_st_cal_poly,Long Beach St.,5,"Sullivan, Emily",False,13,1,3,0.333,0,1,0.0,0,0,,0,2,2,0,0,0,0,1,2
2021-12-30_long_beach_st_cal_poly,Long Beach St.,32,"Mikkelsen, Thea",False,9,0,2,0.0,0,1,0.0,2,2,1.0,1,0,1,1,0,2,0,0,2
2021-12-30_long_beach_st_cal_poly,Long Beach St.,TM,TEAM,False,0,0,0,,0,0,,0,0,,0,1,1,0,0,0,0,0,0
2022-01-01_long_beach_st_csu_bakersfield,CSU Bakersfield,10,"Eggleston, Jayden",True,35,4,9,0.444,0,0,,6,6,1.0,2,4,6,3,2,4,0,2,14
2022-01-01_long_beach_st_csu_bakersfield,CSU Bakersfield,4,"Dixon, Jasmin",True,26,3,4,0.75,2,2,1.0,0,0,,1,0,1,1,1,2,1,1,8
2022-01-01_long_beach_st_csu_bakersfield,CSU Bakersfield,22,"Easley, Andie",True,34,0,6,0.0,0,4,0.0,0,0,,2,3,5,0,2,4,0,1,0
2022-01-01_long_beach_st_csu_bakersfield,CSU Bakersfield,11,"Green, Lexus",True,27,0,5,0.0,0,4,0.0,0,0,,0,2,2,2,2,6,0,1,0
2022-01-01_long_beach_st_csu_bakersfield,CSU Bakersfield,13,"Herrera, Solmilena",True,5,0,1,0.0,0,0,,0,0,,0,0,0,0,0,1,0,0,0
2022-01-01_long_beach_st_csu_bakersfield,CSU Bakersfield,54,"Austin, Vanessa",False,23,5,11,0.455,0,0,,4,5,0.8,5,2,7,4,2,1,0,2,14
2022-01-01_long_beach_st_csu_bakersfield,CSU Bakersfield,23,"Saxon, Miracle",False,16,2,5,0.4,0,0,,0,0,,1,1,2,1,0,1,0,1,4
2022-01-01_long_beach_st_csu_bakersfield,CSU Bakersfield,00,"Johnson, Simone",False,26,1,5,0.2,0,3,0.0,0,2,0.0,1,4,5,1,2,3,0,1,2
2022-01-01_long_beach_st_csu_bakersfield,CSU Bakersfield,24,"Bridges-bey, Sage",False,5,0,0,,0,0,,0,0,,0,1,1,1,0,1,0,0,0
2022-01-01_long_beach_st_csu_bakersfield,CSU Bakersfield,3,"van Schaik, Hennie",False,3,0,0,,0,0,,0,0,,0,1,1,0,0,1,0,0,0
2022-01-01_long_beach_st_csu_bakersfield,CSU Bakersfield,TM,TEAM,False,0,0,0,,0,0,,0,0,,3,3,6,0,0,2,0,0,0
2022-01-01_long_beach_st_csu_bakersfield,Long Beach St.,1,"Utti, Maddi",True,38,9,14,0.643,0,3,0.0,2,2,1.0,2,6,8,3,2,3,3,5,20
2022-01-01_long_beach_st_csu_bakersfield,Long Beach St.,00,"Berry, Ma'qhi",True,36,6,10,0.6,1,3,0.333,1,3,0.333,1,2,3,1,2,1,1,2,14
2022-01-01_long_beach_st_csu_bakersfield,Long Beach St.,11,"Hardy, Jasmine",True,35,5,14,0.357,1,6,0.167,0,0,,3,1,4,2,3,0,0,2,11
2022-01-01_long_beach_st_csu_bakersfield,Long Beach St.,10,"King, Justina",True,30,2,8,0.25,1,3,0.333,0,0,,0,1,1,3,9,2,1,5,5
2022-01-01_long_beach_st_csu_bakersfield,Long Beach St.,23,"Green, Lauren",True,15,0,0,,0,0,,1,2,0.5,2,1,3,2,1,1,0,0,1
2022-01-01_long_beach_st_csu_bakersfield,Long Beach St.,25,"Hamilton-fisher, Kianna",False,18,3,7,0.429,1,4,0.25,0,0,,1,3,4,4,2,2,0,1,7
2022-01-01_long_beach_st_csu_bakersfield,Long Beach St.,2,"Tucker, Savannah",False,7,0,2,0.0,0,1,0.0,1,2,0.5,1,0,1,0,0,0,0,0,1
2022-01-01_long_beach_st_csu_bakersfield,Long Beach St.,12,"Jeskeova, Kristyna",False,15,0,0,,0,0,,0,0,,1,1,2,0,1,2,1,3,0
2022-01-01_long_beach_st_csu_bakersfield,Long Beach St.,32,"Mikkelsen, Thea",False,4,0,1,0.0,0,1,0.0,0,0,,0,0,0,0,0,0,0,0,0
2022-01-01_long_beach_st_csu_bakersfield,Long Beach St.,5,"Sullivan, Emily",False,2,0,0,,0,0,,0,0,,0,0,0,2,0,2,0,0,0
2022-01-01_long_beach_st_csu_bakersfield,Long Beach St.,TM,TEAM,False,0,0,0,,0,0,,0,0,,2,2,4,0,0,1,0,0,0
2022-01-06_uc_irvine_uc_davis,UC Davis,32,"Hall, Cierra",True,38,5,9,0.556,1,4,0.25,4,5,0.8,2,8,10,1,6,6,2,2,15
2022-01-06_uc_irvine_uc_davis,UC Davis,10,"Svanholm, Lena",True,25,6,12,0.5,1,5,0.2,0,0,,1,1,2,3,0,3,0,0,13
2022-01-06_uc_irvine_uc_davis,UC Davis,15,"Turner, Evanne",True,35,3,9,0.333,2,4,0.5,2,3,0.667,2,1,3,2,2,3,0,2,10
2022-01-06_uc_irvine_uc_davis,UC Davis,23,"Konrad, Kayla",True,35,2,7,0.286,0,2,0.0,1,2,0.5,2,2,4,1,2,4,0,2,5
2022-01-06_uc_irvine_uc_davis,UC Davis,3,"Gray, Campbell",True,13,0,0,,0,0,,2,2,1.0,0,1,1,0,1,1,0,0,2
2022-01-06_uc_irvine_uc_davis,UC Davis,33,"Harris, Mazatlan",False,25,2,3,0.667,2,2,1.0,0,2,0.0,1,4,5,0,1,0,0,1,6
2022-01-06_uc_irvine_uc_davis,UC Davis,41,"Shine, Bria",False,12,2,3,0.667,1,1,1.0,0,0,,0,1,1,3,1,0,0,0,5
2022-01-06_uc_irvine_uc_davis,UC Davis,2,"Jones, Megan",False,8,1,3,0.333,1,3,0.333,0,0,,1,0,1,0,0,1,0,0,3
2022-01-06_uc_irvine_uc_davis,UC Davis,24,"Langi, Marley",False,9,0,3,0.0,0,2,0.0,0,0,,0,1,1,3,0,0,0,0,0
2022-01-06_uc_irvine_uc_davis,UC Davis,TM,TEAM,False,0,0,0,,0,0,,0,0,,0,4,4,0,0,0,0,0,0
2022-01-06_uc_irvine_uc_davis,UC Irvine,2,"Webb, Chloe",True,27,4,11,0.364,2,3,0.667,6,7,0.857,3,2,5,4,6,1,0,2,16
2022-01-06_uc_irvine_uc_davis,UC Irvine,35,"Locandro, Sophia",True,28,5,12,0.417,0,2,0.0,4,4,1.0,4,3,7,2,0,1,0,0,14
2022-01-06_uc_irvine_uc_davis,UC Irvine,4,"Williams, Kayla",True,26,4,9,0.444,3,5,0.6,1,1,1.0,0,5,5,2,4,2,0,2,12
2022-01-06_uc_irvine_uc_davis,UC Irvine,21,"Williams, Olivia",True,25,5,10,0.5,2,2,1.0,0,0,,2,2,4,0,1,1,0,1,12
2022-01-06_uc_irvine_uc_davis,UC Irvine,20,"Hernandez, Hunter",True,32,2,8,0.25,1,4,0.25,0,0,,1,2,3,2,1,2,0,1,5
2022-01-06_uc_irvine_uc_davis,UC Irvine,10,"Cadee, Jayde",False,18,2,5,0.4,2,4,0.5,0,0,,0,1,1,1,1,0,0,0,6
2022-01-06_uc_irvine_uc_davis,UC Irvine,13,"Lee, Déja",False,9,2,5,0.4,0,1,0.0,0,1,0.0,1,1,2,2,0,0,0,3,4
2022-01-06_uc_irvine_uc_davis,UC Irvine,3,"Tom, Nikki",False,22,1,3,0.333,1,3,0.333,0,0,,2,2,4,4,3,2,0,0,3
2022-01-06_uc_irvine_uc_davis,UC Irvine,24,"Kapinga, Melodie",False,7,1,1,1.0,0,0,,0,0,,1,0,1,0,0,0,0,0,2
2022-01-06_uc_irvine_uc_davis,UC Irvine,33,"Kaupu, Caiyle",False,4,1,3,0.333,0,2,0.0,0,0,,0,0,0,1,1,0,0,0,2
2022-01-06_uc_irvine_uc_davis,UC Irvine,45,"Dusharm, Tara",False,2,0,1,0.0,0,0,,0,0,,1,0,1,0,0,0,0,0,0
2022-01-06_uc_irvine_uc_davis,UC Irvine,TM,TEAM,False,0,0,0,,0,0,,0,0,,2,4,6,0,0,0,0,0,0
2022-01-06_uc_san_diego_uc_riverside,UC Riverside,15,"Blount, Anna",True,24,4,10,0.4,0,0,,2,2,1.0,0,4,4,3,0,2,1,0,10
2022-01-06_uc_san_diego_uc_riverside,UC Riverside,14,"Finau, Mele",True,25,2,5,0.4,1,1,1.0,4,4,1.0,0,5,5,3,0,2,0,1,9
2022-01-06_uc_san_diego_uc_riverside,UC Riverside,32,"Webster, Jordan",True,28,2,9,0.222,0,3,0.0,4,6,0.667,0,3,3,4,0,0,0,0,8
2022-01-06_uc_san_diego_uc_riverside,UC Riverside,03,"West, Olivia",True,28,2,6,0.333,1,1,1.0,1,2,0.5,3,3,6,0,2,3,0,0,6
2022-01-06_uc_san_diego_uc_riverside,UC Riverside,02,"Walters, Ryanne",True,22,2,7,0.286,0,1,0.0,0,0,,0,2,2,0,2,0,0,1,4
2022-01-06_uc_san_diego_uc_riverside,UC Riverside,10,"Cooper, Keilanei",False,27,8,17,0.471,0,1,0.0,1,2,0.5,0,1,1,2,1,3,0,3,17
2022-01-06_uc_san_diego_uc_riverside,UC Riverside,24,"Gnago, Daphne",False,24,1,5,0.2,0,0,,0,0,,3,1,4,1,0,0,1,2,2
2022-01-06_uc_san_diego_uc_riverside,UC Riverside,23,"Aikins, India",False,22,0,3,0.0,0,0,,1,2,0.5,0,1,1,3,1,2,0,1,1
2022-01-06_uc_san_diego_uc_riverside,UC Riverside,TM,TEAM,False,0,0,0,,0,0,,0,0,,5,6,11,0,0,0,0,0,0
2022-01-06_uc_san_diego_uc_riverside,UC San Diego,11,"Brown, Aishah",True,30,4,12,0.333,1,1,1.0,10,10,1.0,3,13,16,4,0,7,1,1,19
2022-01-06_uc_san_diego_uc_riverside,UC San Diego,13,"Brown, Sydney",True,30,6,11,0.545,3,4,0.75,2,4,0.5,1,5,6,3,1,4,0,1,17
2022-01-06_uc_san_diego_uc_riverside,UC San Diego,12,"Baxter, Madison",True,30,2,6,0.333,2,4,0.5,0,0,,0,2,2,2,3,1,0,1,6
2022-01-06_uc_san_diego_uc_riverside,UC San Diego,10,"Macabuhay, Julia",True,20,1,6,0.167,0,1,0.0,2,2,1.0,0,2,2,1,3,0,0,2,4
2022-01-06_uc_san_diego_uc_riverside,UC San Diego,04,"Cangelosi, Emily",True,32,0,3,0.0,0,2,0.0,1,2,0.5,0,2,2,1,1,3,0,2,1
2022-01-06_uc_san_diego_uc_riverside,UC San Diego,02,"Chamberlin, Ula",False,24,4,9,0.444,1,4,0.25,0,0,,1,2,3,1,2,1,0,1,9
2022-01-06_uc_san_diego_uc_riverside,UC San Diego,24,"Mullings, Bridget",False,10,2,3,0.667,0,1,0.0,0,0,,1,2,3,3,0,0,1,0,4
2022-01-06_uc_san_diego_uc_riverside,UC San Diego,15,"Claros, Brianna",False,15,0,1,0.0,0,1,0.0,0,0,,0,1,1,0,1,1,0,0,0
2022-01-06_uc_san_diego_uc_riverside,UC San Diego,23,"Thompson, Courtni",False,5,0,1,0.0,0,1,0.0,0,0,,0,0,0,0,0,0,0,0,0
2022-01-06_uc_san_diego_uc_riverside,UC San Diego,20,"Forsyth, Izzy",False,4,0,1,0.0,0,0,,0,0,,0,0,0,0,0,0,0,0,0
2022-01-06_uc_san_diego_uc_riverside,UC San Diego,TM,TEAM,False,0,0,0,,0,0,,0,0,,2,6,8,0,0,0,0,0,0
2022-01-06_cal_poly_uc_santa_barbara,UC Santa Barbara,12,"Mole, Taylor",True,34,7,14,0.5,4,7,0.571,1,1,1.0,1,8,9,1,2,2,0,0,19
2022-01-06_cal_poly_uc_santa_barbara,UC Santa Barbara,01,"Gonzalez, Johnni",True,26,3,7,0.429,1,4,0.25,2,2,1.0,1,5,6,0,3,1,0,2,9
2022-01-06_cal_poly_uc_santa_barbara,UC Santa Barbara,00,"Miller, Danae",True,26,2,11,0.182,0,6,0.0,2,2,1.0,0,4,4,2,3,2,1,1,6
2022-01-06_cal_poly_uc_santa_barbara,UC Santa Barbara,31,"Lane, Ila",True,17,2,4,0.5,0,0,,0,1,0.0,1,4,5,4,0,1,2,0,4
2022-01-06_cal_poly_uc_santa_barbara,UC Santa Barbara,11,"Lee, Lauren",True,21,0,3,0.0,0,0,,0,2,0.0,2,2,4,3,2,0,0,1,0
2022-01-06_cal_poly_uc_santa_barbara,UC Santa Barbara,30,"Anderson, Megan",False,23,5,7,0.714,2,3,0.667,2,3,0.667,1,5,6,2,0,3,0,1,14
2022-01-06_cal_poly_uc_santa_barbara,UC Santa Barbara,10,"Choice, Anya",False,24,4,10,0.4,0,2,0.0,1,2,0.5,2,0,2,1,3,1,0,0,9
2022-01-06_cal_poly_uc_santa_barbara,UC Santa Barbara,21,"Johnson, Kennedy",False,13,1,4,0.25,0,1,0.0,0,0,,0,3,3,3,0,2,0,1,2
2022-01-06_cal_poly_uc_santa_barbara,UC Santa Barbara,13,"Modawar, Tatyana",False,7,0,2,0.0,0,1,0.0,0,2,0.0,0,2,2,1,0,0,0,0,0
2022-01-06_cal_poly_uc_santa_barbara,UC Santa Barbara,05,"Cooper, Callie",False,4,0,1,0.0,0,0,,0,0,,0,0,0,0,0,0,0,0,0
2022-01-06_cal_poly_uc_santa_barbara,UC Santa Barbara,20,"Rockwood, Laurel",False,4,0,0,,0,0,,0,0,,0,2,2,0,0,0,0,0,0
2022-01-06_cal_poly_uc_santa_barbara,UC Santa Barbara,25,"Cabuena, Analillia",False,1,0,0,,0,0,,0,0,,0,0,0,0,0,0,0,0,0
2022-01-06_cal_poly_uc_santa_barbara,UC Santa Barbara,TM,TEAM,False,0,0,0,,0,0,,0,0,,7,0,7,0,0,1,0,0,0
2022-01-06_cal_poly_uc_santa_barbara,Cal Poly,32,"Nielacna, Julia",True,32,7,14,0.5,0,1,0.0,2,5,0.4,1,5,6,1,1,4,0,0,16
2022-01-06_cal_poly_uc_santa_barbara,Cal Poly,13,"Vick, Maddie",True,32,3,11,0.273,0,1,0.0,2,2,1.0,2,4,6,4,4,2,0,1,8
2022-01-06_cal_poly_uc_santa_barbara,Cal Poly,25,"Brown, Kirsty",True,19,4,8,0.5,0,0,,0,2,0.0,3,2,5,4,0,2,1,1,8
2022-01-06_cal_poly_uc_santa_barbara,Cal Poly,33,"Willett, Maddie",True,34,1,9,0.111,0,3,0.0,0,0,,0,3,3,2,2,0,0,0,2
2022-01-06_cal_poly_uc_santa_barbara,Cal Poly,15,"Bourland, Sydney",True,30,0,5,0.0,0,0,,0,2,0.0,1,1,2,2,1,1,0,3,0
2022-01-06_cal_poly_uc_santa_barbara,Cal Poly,14,"Scanlan, Hannah",False,28,2,4,0.5,0,0,,2,4,0.5,1,6,7,1,0,2,0,1,6
2022-01-06_cal_poly_uc_santa_barbara,Cal Poly,11,"Dickson, Junie",False,10,0,2,0.0,0,1,0.0,2,2,1.0,2,3,5,1,0,0,0,0,2
2022-01-06_cal_poly_uc_santa_barbara,Cal Poly,02,"Shah, Annika",False,11,0,3,0.0,0,3,0.0,0,0,,0,0,0,1,1,2,0,0,0
2022-01-06_cal_poly_uc_santa_barbara,Cal Poly,03,"Svetich, Lily",False,4,0,1,0.0,0,1,0.0,0,0,,0,1,1,0,0,0,0,0,0
2022-01-06_cal_poly_uc_santa_barbara,Cal Poly,TM,TEAM,False,0,0,0,,0,0,,0,0,,0,2,2,0,0,0,0,0,0
2022-01-08_uc_san_diego_uc_davis,UC Davis,32,"Hall, Cierra",True,40,6,15,0.4,1,7,0.143,6,8,0.75,0,4,4,1,1,0,2,1,19
2022-01-08_uc_san_diego_uc_davis,UC Davis,11,"Stobbart, Sage",True,31,4,11,0.364,0,2,0.0,1,1,1.0,3,4,7,2,0,1,3,0,9
2022-01-08_uc_san_diego_uc_davis,UC Davis,23,"Konrad, Kayla",True,33,3,12,0.25,2,8,0.25,0,0,,0,4,4,2,8,1,0,2,8
2022-01-08_uc_san_diego_uc_davis,UC Davis,15,"Turner, Evanne",True,34,2,7,0.286,2,4,0.5,0,0,,0,4,4,1,3,0,0,4,6
2022-01-08_uc_san_diego_uc_davis,UC Davis,10,"Svanholm, Lena",True,13,1,3,0.333,1,2,0.5,0,0,,0,1,1,2,0,0,1,0,3
2022-01-08_uc_san_diego_uc_davis,UC Davis,03,"Gray, Campbell",False,14,1,3,0.333,0,1,0.0,2,2,1.0,0,3,3,0,2,0,0,0,4
2022-01-08_uc_san_diego_uc_davis,UC Davis,41,"Shine, Bria",False,18,1,2,0.5,0,1,0.0,1,2,0.5,3,4,7,0,1,3,0,0,3
2022-01-08_uc_san_diego_uc_davis,UC Davis,24,"Langi, Marley",False,8,1,5,0.2,1,3,0.333,0,0,,0,1,1,1,0,1,0,1,3
2022-01-08_uc_san_diego_uc_davis,UC Davis,33,"Harris, Mazatlan",False,9,0,0,,0,0,,1,2,0.5,1,2,3,2,1,0,0,0,1
2022-01-08_uc_san_diego_uc_davis,UC Davis,TM,TEAM,False,0,0,0,,0,0,,0,0,,0,2,2,0,0,0,0,0,0
2022-01-08_uc_san_diego_uc_davis,UC San Diego,13,"Brown, Sydney",True,35,5,13,0.385,0,5,0.0,3,4,0.75,2,11,13,4,3,2,0,0,13
2022-01-08_uc_san_diego_uc_davis,UC San Diego,04,"Cangelosi, Emily",True,30,4,9,0.444,4,7,0.571,0,0,,2,2,4,3,2,0,0,0,12
2022-01-08_uc_san_diego_uc_davis,UC San Diego,12,"Baxter, Madison",True,32,3,6,0.5,2,3,0.667,0,0,,0,2,2,4,2,1,0,1,8
2022-01-08_uc_san_diego_uc_davis,UC San Diego,15,"Claros, Brianna",True,25,2,3,0.667,1,2,0.5,0,0,,0,2,2,0,1,2,0,0,5
2022-01-08_uc_san_diego_uc_davis,UC San Diego,11,"Brown, Aishah",True,23,2,9,0.222,1,3,0.333,0,0,,0,10,10,2,1,0,0,0,5
2022-01-08_uc_san_diego_uc_davis,UC San Diego,02,"Chamberlin, Ula",False,25,4,11,0.364,1,3,0.333,0,0,,0,2,2,3,0,1,0,0,9
2022-01-08_uc_san_diego_uc_davis,UC San Diego,10,"Macabuhay, Julia",False,16,2,6,0.333,0,3,0.0,3,4,0.75,0,5,5,1,4,2,0,1,7
2022-01-08_uc_san_diego_uc_davis,UC San Diego,24,"Mullings, Bridget",False,11,0,1,0.0,0,0,,0,0,,1,0,1,0,0,1,0,0,0
2022-01-08_uc_san_diego_uc_davis,UC San Diego,20,"Forsyth, Izzy",False,3,0,0,,0,0,,0,0,,0,0,0,0,0,0,0,0,0
2022-01-08_uc_san_diego_uc_davis,UC San Diego,TM,TEAM,False,0,0,0,,0,0,,0,0,,3,2,5,0,0,0,0,0,0
2022-01-08_hawaii_cal_st_fullerton,Cal St. Fullerton,03,"Wahinekapu, Lily",True,37,4,15,0.267,1,3,0.333,0,0,,2,3,5,1,3,3,0,2,9
2022-01-08_hawaii_cal_st_fullerton,Cal St. Fullerton,22,"Nimmo, Fujika",True,35,4,12,0.333,0,3,0.0,0,0,,0,1,1,2,5,2,0,3,8
2022-01-08_hawaii_cal_st_fullerton,Cal St. Fullerton,23,"Gill, Carolyn",True,27,4,8,0.5,0,2,0.0,0,0,,1,3,4,3,1,3,0,0,8
2022-01-08_hawaii_cal_st_fullerton,Cal St. Fullerton,32,"Lewis, Ashlee",True,27,4,7,0.571,0,0,,0,0,,1,6,7,4,1,2,1,0,8
2022-01-08_hawaii_cal_st_fullerton,Cal St. Fullerton,24,"Neff, Kathryn",True,21,1,2,0.5,1,1,1.0,0,0,,0,3,3,2,1,0,0,0,3
2022-01-08_hawaii_cal_st_fullerton,Cal St. Fullerton,01,"Jovanovic, Una",False,21,2,4,0.5,2,2,1.0,1,2,0.5,0,0,0,0,1,0,0,0,7
2022-01-08_hawaii_cal_st_fullerton,Cal St. Fullerton,13,"Hernandez, Aixchel",False,10,3,4,0.75,0,0,,0,0,,2,1,3,2,1,2,0,0,6
2022-01-08_hawaii_cal_st_fullerton,Cal St. Fullerton,04,"Vidmar, Gabi",False,14,1,6,0.167,1,3,0.333,0,0,,0,2,2,3,0,1,0,1,3
2022-01-08_hawaii_cal_st_fullerton,Cal St. Fullerton,11,"MacDonald, Ruby",False,6,0,2,0.0,0,1,0.0,0,0,,0,0,0,0,0,0,0,0,0
2022-01-08_hawaii_cal_st_fullerton,Cal St. Fullerton,05,"Rodarte, Clarissa",False,2,0,0,,0,0,,0,0,,0,0,0,0,0,0,0,0,0
2022-01-08_hawaii_cal_st_fullerton,Cal St. Fullerton,TM,TEAM,False,0,0,0,,0,0,,0,0,,4,3,7,0,0,1,0,0,0
2022-01-08_hawaii_cal_st_fullerton,Hawaii,25,"Atwell, Amy",True,38,6,13,0.462,1,4,0.25,7,9,0.778,5,7,12,1,2,2,1,3,20
2022-01-08_hawaii_cal_st_fullerton,Hawaii,02,"Thoms, Ashley",True,33,3,7,0.429,2,6,0.333,3,4,0.75,0,1,1,4,1,0,1,1,11
2022-01-08_hawaii_cal_st_fullerton,Hawaii,01,"Imai, Kelsie",True,29,2,5,0.4,0,1,0.0,1,4,0.25,0,4,4,2,5,2,0,0,5
2022-01-08_hawaii_cal_st_fullerton,Hawaii,23,"McBee, MeiLani",True,39,1,7,0.143,1,4,0.25,0,0,,1,4,5,1,0,3,0,1,3
2022-01-08_hawaii_cal_st_fullerton,Hawaii,14,"Orji, Nnenna",True,19,0,1,0.0,0,0,,1,2,0.5,0,5,5,1,1,2,0,0,1
2022-01-08_hawaii_cal_st_fullerton,Hawaii,11,"Spiller, Kallin",False,16,4,8,0.5,0,1,0.0,0,0,,0,1,1,0,1,2,0,0,8
2022-01-08_hawaii_cal_st_fullerton,Hawaii,34,"David, Jacque",False,18,3,5,0.6,0,1,0.0,0,0,,0,0,0,0,0,0,0,0,6
2022-01-08_hawaii_cal_st_fullerton,Hawaii,32,"Ongoongotau, Eva",False,8,0,2,0.0,0,1,0.0,0,2,0.0,1,0,1,0,0,2,0,0,0
2022-01-08_hawaii_cal_st_fullerton,Hawaii,TM,TEAM,False,0,0,0,,0,0,,0,0,,3,2,5,0,0,0,0,0,0
2022-01-08_uc_irvine_uc_riverside,UC Riverside,10,"Cooper, Keilanei",True,27,6,11,0.545,0,0,,2,2,1.0,0,2,2,4,0,1,0,0,14
2022-01-08_uc_irvine_uc_riverside,UC Riverside,15,"Blount, Anna",True,24,2,5,0.4,0,0,,3,3,1.0,0,4,4,4,0,4,1,2,7
2022-01-08_uc_irvine_uc_riverside,UC Riverside,2,"Walters, Ryanne",True,19,2,2,1.0,1,1,1.0,0,0,,0,1,1,1,0,2,0,0,5
2022-01-08_uc_irvine_uc_riverside,UC Riverside,32,"Webster, Jordan",True,32,1,6,0.167,1,4,0.25,0,0,,0,4,4,2,1,3,1,1,3
2022-01-08_uc_irvine_uc_riverside,UC Riverside,3,"West, Olivia",True,23,0,4,0.0,0,1,0.0,0,0,,0,3,3,1,1,1,0,1,0
2022-01-08_uc_irvine_uc_riverside,UC Riverside,23,"Aikins, India",False,26,6,7,0.857,0,0,,0,0,,0,4,4,2,1,3,0,1,12
2022-01-08_uc_irvine_uc_riverside,UC Riverside,14,"Finau, Mele",False,26,2,5,0.4,0,2,0.0,2,2,1.0,0,4,4,0,2,5,1,0,6
2022-01-08_uc_irvine_uc_riverside,UC Riverside,24,"Gnago, Daphne",False,23,2,3,0.667,0,0,,2,2,1.0,3,1,4,1,1,3,0,1,6
2022-01-08_uc_irvine_uc_riverside,UC Riverside,TM,TEAM,False,0,0,0,,0,0,,0,0,,4,3,7,0,0,3,0,0,0
2022-01-08_uc_irvine_uc_riverside,UC Irvine,2,"Webb, Chloe",True,29,5,13,0.385,1,1,1.0,4,4,1.0,1,4,5,4,3,1,0,3,15
2022-01-08_uc_irvine_uc_riverside,UC Irvine,35,"Locandro, Sophia",True,22,4,9,0.444,0,0,,3,4,0.75,1,3,4,1,1,1,2,2,11
2022-01-08_uc_irvine_uc_riverside,UC Irvine,3,"Tom, Nikki",True,24,1,3,0.333,1,3,0.333,0,0,,3,1,4,0,1,1,0,2,3
2022-01-08_uc_irvine_uc_riverside,UC Irvine,20,"Hernandez, Hunter",True,15,1,4,0.25,0,2,0.0,0,0,,1,1,2,1,2,0,0,1,2
2022-01-08_uc_irvine_uc_riverside,UC Irvine,21,"Williams, Olivia",True,8,0,2,0.0,0,2,0.0,0,0,,0,0,0,0,0,1,0,0,0
2022-01-08_uc_irvine_uc_riverside,UC Irvine,10,"Cadee, Jayde",False,35,5,11,0.455,5,10,0.5,0,0,,0,1,1,2,2,0,0,0,15
2022-01-08_uc_irvine_uc_riverside,UC Irvine,42,"Hunt, Naomi",False,25,3,10,0.3,2,7,0.286,0,0,,3,2,5,1,1,1,0,1,8
2022-01-08_uc_irvine_uc_riverside,UC Irvine,13,"Lee, Déja",False,21,0,4,0.0,0,1,0.0,4,6,0.667,1,0,1,4,2,4,0,3,4
2022-01-08_uc_irvine_uc_riverside,UC Irvine,24,"Kapinga, Melodie",False,2,0,0,,0,0,,1,2,0.5,0,0,0,0,0,1,1,0,1
2022-01-08_uc_irvine_uc_riverside,UC Irvine,45,"Dusharm, Tara",False,14,0,1,0.0,0,0,,0,0,,0,2,2,1,3,1,0,1,0
2022-01-08_uc_irvine_uc_riverside,UC Irvine,33,"Kaupu, Caiyle",False,5,0,0,,0,0,,0,0,,0,0,0,2,0,1,0,0,0
2022-01-08_uc_irvine_uc_riverside,UC Irvine,TM,TEAM,False,0,0,0,,0,0,,0,0,,2,0,2,0,0,0,0,0,0
2022-01-08_cal_poly_csun,CSUN,1,"Jackson, Jordyn",True,32,5,10,0.5,0,4,0.0,0,0,,1,1,2,5,1,2,0,1,10
2022-01-08_cal_poly_csun,CSUN,15,"Amundsen, Tess",True,32,3,10,0.3,0,3,0.0,2,2,1.0,0,4,4,1,2,1,0,3,8
2022-01-08_cal_poly_csun,CSUN,4,"Harvey, Rachel",True,20,3,4,0.75,0,0,,2,2,1.0,0,2,2,2,0,2,1,1,8
2022-01-08_cal_poly_csun,CSUN,21,"Tu'ua, Anaiyah",True,27,3,11,0.273,0,4,0.0,1,4,0.25,3,1,4,2,0,0,0,2,7
2022-01-08_cal_poly_csun,CSUN,34,"Spriggs, Kayanna",True,29,2,8,0.25,0,0,,2,3,0.667,10,5,15,1,1,3,1,1,6
2022-01-08_cal_poly_csun,CSUN,2,"Woodley, Sydney",False,29,2,9,0.222,1,2,0.5,8,8,1.0,0,3,3,1,1,4,0,2,13
2022-01-08_cal_poly_csun,CSUN,32,"Hawkins, Ashley",False,19,1,4,0.25,0,2,0.0,0,2,0.0,0,1,1,0,0,0,0,0,2
2022-01-08_cal_poly_csun,CSUN,11,"Smith, Olivia",False,6,0,2,0.0,0,0,,0,0,,0,1,1,1,1,1,0,0,0
2022-01-08_cal_poly_csun,CSUN,24,"Smith, Macy",False,6,0,3,0.0,0,3,0.0,0,0,,0,1,1,0,0,0,1,0,0
2022-01-08_cal_poly_csun,CSUN,TM,TEAM,False,0,0,0,,0,0,,0,0,,5,7,12,0,0,2,0,0,0
2022-01-08_cal_poly_csun,Cal Poly,13,"Vick, Maddie",True,39,5,12,0.417,2,3,0.667,3,4,0.75,3,2,5,3,2,4,0,1,15
2022-01-08_cal_poly_csun,Cal Poly,25,"Brown, Kirsty",True,29,3,11,0.273,0,1,0.0,2,4,0.5,3,4,7,1,2,2,2,1,8
2022-01-08_cal_poly_csun,Cal Poly,32,"Nielacna, Julia",True,16,3,8,0.375,2,3,0.667,0,0,,0,3,3,4,0,3,0,1,8
2022-01-08_cal_poly_csun,Cal Poly,33,"Willett, Maddie",True,28,2,8,0.25,2,5,0.4,0,0,,0,1,1,1,3,2,0,1,6
2022-01-08_cal_poly_csun,Cal Poly,2,"Shah, Annika",True,20,0,5,0.0,0,4,0.0,2,4,0.5,0,2,2,3,3,3,1,0,2
2022-01-08_cal_poly_csun,Cal Poly,11,"Dickson, Junie",False,8,1,3,0.333,0,2,0.0,2,2,1.0,0,0,0,2,2,0,0,0,4
2022-01-08_cal_poly_csun,Cal Poly,14,"Scanlan, Hannah",False,32,1,4,0.25,0,0,,0,0,,3,6,9,1,0,2,2,1,2
2022-01-08_cal_poly_csun,Cal Poly,15,"Bourland, Sydney",False,18,0,3,0.0,0,0,,0,0,,1,2,3,1,0,1,2,0,0
2022-01-08_cal_poly_csun,Cal Poly,3,"Svetich, Lily",False,6,0,0,,0,0,,0,0,,1,1,2,1,0,1,0,0,0
2022-01-08_cal_poly_csun,Cal Poly,1,"Dumitrescu, Sarah",False,4,0,0,,0,0,,0,0,,1,2,3,0,0,0,0,0,0
2022-01-08_cal_poly_csun,Cal Poly,TM,TEAM,False,0,0,0,,0,0,,0,0,,2,3,5,0,0,1,0,0,0
2022-01-11_uc_san_diego_uc_irvine,UC Irvine,42,"Hunt, Naomi",True,40,6,12,0.5,3,7,0.429,0,0,,2,4,6,1,2,1,1,2,15
2022-01-11_uc_san_diego_uc_irvine,UC Irvine,04,"Williams, Kayla",True,39,5,19,0.263,2,10,0.2,0,0,,1,2,3,3,6,1,1,1,12
2022-01-11_uc_san_diego_uc_irvine,UC Irvine,13,"Lee, D?ja",True,36,5,10,0.5,1,4,0.25,1,1,1.0,1,4,5,0,1,0,1,3,12
2022-01-11_uc_san_diego_uc_irvine,UC Irvine,24,"Kapinga, Melodie",True,16,2,2,1.0,0,0,,2,2,1.0,4,3,7,2,1,0,1,2,6
2022-01-11_uc_san_diego_uc_irvine,UC Irvine,21,"Williams, Olivia",True,14,0,4,0.0,0,1,0.0,0,0,,0,2,2,1,1,2,0,0,0
2022-01-11_uc_san_diego_uc_irvine,UC Irvine,03,"Tom, Nikki",False,26,3,6,0.5,3,5,0.6,2,2,1.0,3,2,5,1,0,0,0,3,11
2022-01-11_uc_san_diego_uc_irvine,UC Irvine,33,"Kaupu, Caiyle",False,11,1,7,0.143,0,1,0.0,0,0,,0,3,3,3,0,0,0,0,2
2022-01-11_uc_san_diego_uc_irvine,UC Irvine,45,"Dusharm, Tara",False,11,0,3,0.0,0,0,,1,2,0.5,0,1,1,2,0,2,0,0,1
2022-01-11_uc_san_diego_uc_irvine,UC Irvine,11,"Scharpf, Amelia",False,7,0,3,0.0,0,0,,0,0,,1,0,1,0,0,0,0,0,0
2022-01-11_uc_san_diego_uc_irvine,UC Irvine,TM,TEAM,False,0,0,0,,0,0,,0,0,,0,5,5,0,0,0,0,0,0
2022-01-11_uc_san_diego_uc_irvine,UC San Diego,11,"Brown, Aishah",True,32,5,11,0.455,0,0,,8,10,0.8,3,14,17,2,2,2,6,0,18
2022-01-11_uc_san_diego_uc_irvine,UC San Diego,13,"Brown, Sydney",True,34,3,7,0.429,0,2,0.0,1,2,0.5,0,2,2,2,3,1,0,0,7
2022-01-11_uc_san_diego_uc_irvine,UC San Diego,04,"Cangelosi, Emily",True,37,2,9,0.222,1,4,0.25,1,2,0.5,0,4,4,1,1,1,0,1,6
2022-01-11_uc_san_diego_uc_irvine,UC San Diego,12,"Baxter, Madison",True,24,2,6,0.333,2,4,0.5,0,0,,0,0,0,3,0,2,0,2,6
2022-01-11_uc_san_diego_uc_irvine,UC San Diego,15,"Claros, Brianna",True,24,1,3,0.333,0,1,0.0,0,0,,0,0,0,1,1,5,0,0,2
2022-01-11_uc_san_diego_uc_irvine,UC San Diego,02,"Chamberlin, Ula",False,17,1,6,0.167,1,4,0.25,0,0,,1,2,3,0,0,2,0,0,3
2022-01-11_uc_san_diego_uc_irvine,UC San Diego,24,"Mullings, Bridget",False,7,1,1,1.0,0,0,,0,0,,0,3,3,2,0,0,0,0,2
2022-01-11_uc_san_diego_uc_irvine,UC San Diego,10,"Macabuhay, Julia",False,14,0,3,0.0,0,1,0.0,0,0,,0,1,1,1,2,0,0,0,0
2022-01-11_uc_san_diego_uc_irvine,UC San Diego,23,"Thompson, Courtni",False,6,0,0,,0,0,,0,0,,0,0,0,0,0,1,0,0,0
2022-01-11_uc_san_diego_uc_irvine,UC San Diego,20,"Forsyth, Izzy",False,3,0,0,,0,0,,0,0,,0,0,0,0,0,0,0,0,0
2022-01-11_uc_san_diego_uc_irvine,UC San Diego,35,"Springs, Katie",False,2,0,0,,0,0,,0,0,,0,0,0,0,0,1,0,0,0
2022-01-11_uc_san_diego_uc_irvine,UC San Diego,TM,TEAM,False,0,0,0,,0,0,,0,0,,1,4,5,0,0,0,0,0,0
2022-01-13_uc_san_diego_hawaii,Hawaii,25,"Atwell, Amy",True,27,6,14,0.429,1,6,0.167,3,4,0.75,3,9,12,2,0,1,2,1,16
2022-01-13_uc_san_diego_hawaii,Hawaii,01,"Imai, Kelsie",True,29,3,7,0.429,0,2,0.0,0,0,,0,7,7,2,9,3,0,1,6
2022-01-13_uc_san_diego_hawaii,Hawaii,02,"Thoms, Ashley",True,23,2,6,0.333,1,5,0.2,0,1,0.0,1,2,3,1,1,0,0,0,5
2022-01-13_uc_san_diego_hawaii,Hawaii,23,"McBee, Meilani",True,23,1,1,1.0,0,0,,0,0,,0,0,0,2,0,2,1,0,2
2022-01-13_uc_san_diego_hawaii,Hawaii,14,"Orji, Nnenna",True,15,1,8,0.125,0,1,0.0,0,0,,2,3,5,0,0,1,0,0,2
2022-01-13_uc_san_diego_hawaii,Hawaii,45,"Davies, Olivia",False,18,4,7,0.571,2,4,0.5,0,0,,0,0,0,0,0,0,1,0,10
2022-01-13_uc_san_diego_hawaii,Hawaii,34,"David, Jacque",False,15,3,6,0.5,2,4,0.5,0,0,,0,0,0,1,1,1,0,0,8
2022-01-13_uc_san_diego_hawaii,Hawaii,11,"Spiller, Kallin",False,11,3,7,0.429,0,1,0.0,0,2,0.0,1,4,5,1,0,0,1,0,6
2022-01-13_uc_san_diego_hawaii,Hawaii,20,"Haire, McKenna",False,17,1,4,0.25,1,4,0.25,0,0,,0,1,1,0,0,1,0,1,3
2022-01-13_uc_san_diego_hawaii,Hawaii,15,"Phillips, Daejah",False,16,0,2,0.0,0,1,0.0,0,0,,0,0,0,0,2,4,0,1,0
2022-01-13_uc_san_diego_hawaii,Hawaii,32,"Ongoongotau, Eva",False,6,0,1,0.0,0,0,,0,0,,0,0,0,0,0,0,0,0,0
2022-01-13_uc_san_diego_hawaii,Hawaii,TM,TEAM,False,0,0,0,,0,0,,0,0,,1,2,3,0,0,1,0,0,0
2022-01-13_uc_san_diego_hawaii,UC San Diego,13,"Brown, Sydney",True,33,9,21,0.429,5,11,0.455,2,2,1.0,5,11,16,3,6,3,0,1,25
2022-01-13_uc_san_diego_hawaii,UC San Diego,04,"Cangelosi, Emily",True,36,6,11,0.545,3,6,0.5,0,0,,2,2,4,2,3,0,0,1,15
2022-01-13_uc_san_diego_hawaii,UC San Diego,12,"Baxter, Madison",True,27,5,7,0.714,3,5,0.6,2,2,1.0,0,0,0,1,0,1,0,0,15
2022-01-13_uc_san_diego_hawaii,UC San Diego,11,"Brown, Aishah",True,19,2,8,0.25,1,2,0.5,2,2,1.0,1,7,8,2,0,0,1,1,7
2022-01-13_uc_san_diego_hawaii,UC San Diego,10,"Macabuhay, Julia",True,16,2,7,0.286,0,3,0.0,0,0,,0,1,1,0,1,0,0,0,4
2022-01-13_uc_san_diego_hawaii,UC San Diego,15,"Claros, Brianna",False,26,3,4,0.75,3,4,0.75,0,0,,0,2,2,0,5,1,0,1,9
2022-01-13_uc_san_diego_hawaii,UC San Diego,02,"Chamberlin, Ula",False,20,2,8,0.25,1,4,0.25,0,0,,3,3,6,1,1,3,0,1,5
2022-01-13_uc_san_diego_hawaii,UC San Diego,32,"Montgomery, Parker",False,6,1,2,0.5,0,0,,0,0,,0,0,0,1,1,0,0,0,2
2022-01-13_uc_san_diego_hawaii,UC San Diego,24,"Mullings, Bridget",False,11,0,2,0.0,0,1,0.0,0,0,,0,2,2,0,1,1,0,0,0
2022-01-13_uc_san_diego_hawaii,UC San Diego,20,"Forsyth, Izzy",False,2,0,1,0.0,0,1,0.0,0,0,,0,0,0,0,0,0,0,0,0
2022-01-13_uc_san_diego_hawaii,UC San Diego,23,"Thompson, Courtni",False,2,0,0,,0,0,,0,0,,0,0,0,1,0,0,0,0,0
2022-01-13_uc_san_diego_hawaii,UC San Diego,35,"Springs, Katie",False,2,0,0,,0,0,,0,0,,0,2,2,0,0,0,0,0,0
2022-01-13_uc_san_diego_hawaii,UC San Diego,TM,TEAM,False,0,0,0,,0,0,,0,0,,2,3,5,0,0,0,0,0,0
2022-01-13_uc_santa_barbara_long_beach_st,Long Beach St.,01,"Utti, Maddi",True,40,9,15,0.6,0,3,0.0,3,4,0.75,2,5,7,0,6,1,0,5,21
2022-01-13_uc_santa_barbara_long_beach_st,Long Beach St.,00,"Berry, Ma'Qhi",True,29,4,9,0.444,0,1,0.0,2,2,1.0,0,0,0,0,1,2,0,1,10
2022-01-13_uc_santa_barbara_long_beach_st,Long Beach St.,11,"Hardy, Jasmine",True,20,3,7,0.429,1,2,0.5,0,2,0.0,2,5,7,3,2,1,0,0,7
2022-01-13_uc_santa_barbara_long_beach_st,Long Beach St.,10,"King, Justina",True,39,2,6,0.333,0,1,0.0,2,2,1.0,0,6,6,1,4,3,1,3,6
2022-01-13_uc_santa_barbara_long_beach_st,Long Beach St.,23,"Green, Lauren",True,12,1,2,0.5,0,0,,0,0,,1,0,1,2,0,0,0,0,2
2022-01-13_uc_santa_barbara_long_beach_st,Long Beach St.,12,"Jeskeova, Kristyna",False,19,4,5,0.8,3,4,0.75,1,2,0.5,0,5,5,3,0,1,1,0,12
2022-01-13_uc_santa_barbara_long_beach_st,Long Beach St.,25,"Hamilton-Fisher, Kianna",False,33,2,9,0.222,0,3,0.0,4,4,1.0,3,2,5,1,2,2,0,1,8
2022-01-13_uc_santa_barbara_long_beach_st,Long Beach St.,05,"Sullivan, Emily",False,5,1,4,0.25,0,1,0.0,0,0,,0,0,0,1,0,0,0,0,2
2022-01-13_uc_santa_barbara_long_beach_st,Long Beach St.,02,"Tucker, Savannah",False,3,0,0,,0,0,,0,0,,0,0,0,0,0,0,0,0,0
2022-01-13_uc_santa_barbara_long_beach_st,Long Beach St.,TM,TEAM,False,0,0,0,,0,0,,0,0,,0,1,1,0,0,1,0,0,0
2022-01-13_uc_santa_barbara_long_beach_st,UC Santa Barbara,00,"Miller, Danae",True,33,5,9,0.556,5,8,0.625,0,0,,0,6,6,3,0,4,0,2,15
2022-01-13_uc_santa_barbara_long_beach_st,UC Santa Barbara,30,"Anderson, Megan",True,33,4,9,0.444,3,8,0.375,0,0,,1,4,5,1,1,3,0,0,11
2022-01-13_uc_santa_barbara_long_beach_st,UC Santa Barbara,31,"Lane, Ila",True,39,3,8,0.375,0,0,,4,7,0.571,5,7,12,0,2,1,0,0,10
2022-01-13_uc_santa_barbara_long_beach_st,UC Santa Barbara,01,"Gonzalez, Johnni",True,12,2,5,0.4,2,4,0.5,0,0,,0,1,1,1,2,3,0,1,6
2022-01-13_uc_santa_barbara_long_beach_st,UC Santa Barbara,11,"Lee, Lauren",True,6,0,1,0.0,0,0,,0,0,,0,1,1,1,0,1,0,0,0
2022-01-13_uc_santa_barbara_long_beach_st,UC Santa Barbara,02,"Tucker, Alexis",False,17,2,7,0.286,0,1,0.0,4,4,1.0,1,3,4,3,1,2,0,0,8
2022-01-13_uc_santa_barbara_long_beach_st,UC Santa Barbara,10,"Choice, Anya",False,30,2,5,0.4,0,1,0.0,0,0,,0,2,2,3,1,6,1,0,4
2022-01-13_uc_santa_barbara_long_beach_st,UC Santa Barbara,12,"Mole, Taylor",False,25,0,3,0.0,0,2,0.0,0,0,,1,2,3,2,2,0,1,2,0
2022-01-13_uc_santa_barbara_long_beach_st,UC Santa Barbara,03,"Marin, Alyssa",False,4,0,1,0.0,0,0,,0,0,,0,0,0,0,2,0,0,0,0
2022-01-13_uc_santa_barbara_long_beach_st,UC Santa Barbara,21,"Johnson, Kennedy",False,1,0,1,0.0,0,1,0.0,0,0,,0,0,0,0,0,0,0,0,0
2022-01-13_uc_santa_barbara_long_beach_st,UC Santa Barbara,TM,TEAM,False,0,0,0,,0,0,,0,0,,1,0,1,0,0,1,0,0,0
2022-01-13_csun_cal_st_fullerton,Cal St. Fullerton,3,"Wahinekapu, Lily",True,28,4,7,0.571,2,3,0.667,2,4,0.5,2,2,4,1,3,5,0,1,12
2022-01-13_csun_cal_st_fullerton,Cal St. Fullerton,32,"Lewis, Ashlee",True,19,5,7,0.714,0,0,,1,1,1.0,0,4,4,3,1,1,0,0,11
2022-01-13_csun_cal_st_fullerton,Cal St. Fullerton,55,"Nimmo, Fujika",True,34,3,7,0.429,1,2,0.5,3,4,0.75,1,2,3,1,6,6,0,4,10
2022-01-13_csun_cal_st_fullerton,Cal St. Fullerton,24,"Neff, Kathryn",True,30,4,7,0.571,2,5,0.4,0,0,,1,4,5,0,0,2,0,1,10
2022-01-13_csun_cal_st_fullerton,Cal St. Fullerton,23,"Gill, Carolyn",True,29,3,8,0.375,0,0,,3,4,0.75,2,8,10,2,2,0,1,1,9
2022-01-13_csun_cal_st_fullerton,Cal St. Fullerton,13,"Hernandez, Aixchel",False,14,3,5,0.6,0,0,,0,0,,1,2,3,2,0,0,2,0,6
2022-01-13_csun_cal_st_fullerton,Cal St. Fullerton,4,"Vidmar, Gabi",False,18,1,3,0.333,1,2,0.5,1,2,0.5,0,5,5,3,0,0,0,0,4
2022-01-13_csun_cal_st_fullerton,Cal St. Fullerton,1,"Jovanovic, Una",False,9,1,2,0.5,0,1,0.0,1,2,0.5,1,1,2,1,0,3,0,1,3
2022-01-13_csun_cal_st_fullerton,Cal St. Fullerton,5,"Rodarte, Clarissa",False,8,0,2,0.0,0,1,0.0,0,0,,0,0,0,1,1,0,0,0,0
2022-01-13_csun_cal_st_fullerton,Cal St. Fullerton,11,"Macdonald, Ruby",False,5,0,0,,0,0,,0,0,,0,0,0,1,0,2,0,0,0
2022-01-13_csun_cal_st_fullerton,Cal St. Fullerton,54,"Furch, Brianna",False,5,0,2,0.0,0,1,0.0,0,0,,0,1,1,0,2,2,0,0,0
2022-01-13_csun_cal_st_fullerton,Cal St. Fullerton,10,"de Vera, Eliza",False,1,0,0,,0,0,,0,0,,0,0,0,0,0,0,0,0,0
2022-01-13_csun_cal_st_fullerton,Cal St. Fullerton,TM,TEAM,False,0,0,0,,0,0,,0,0,,1,3,4,0,0,0,0,0,0
2022-01-13_csun_cal_st_fullerton,CSUN,1,"Jackson, Jordyn",True,23,4,11,0.364,1,4,0.25,1,2,0.5,1,3,4,3,0,3,0,1,10
2022-01-13_csun_cal_st_fullerton,CSUN,15,"Amundsen, Tess",True,27,3,12,0.25,1,5,0.2,0,0,,2,1,3,2,0,0,0,2,7
2022-01-13_csun_cal_st_fullerton,CSUN,4,"Harvey, Rachel",True,19,3,6,0.5,0,0,,0,0,,0,1,1,5,0,2,0,2,6
2022-01-13_csun_cal_st_fullerton,CSUN,21,"Tu'ua, Anaiyah",True,20,1,5,0.2,1,2,0.5,0,0,,0,1,1,2,3,3,0,0,3
2022-01-13_csun_cal_st_fullerton,CSUN,34,"Spriggs, Kayanna",True,16,1,2,0.5,0,0,,0,2,0.0,2,1,3,2,1,3,0,0,2
2022-01-13_csun_cal_st_fullerton,CSUN,2,"Woodley, Sydney",False,24,2,5,0.4,0,1,0.0,2,4,0.5,0,2,2,2,0,0,1,7,6
2022-01-13_csun_cal_st_fullerton,CSUN,11,"Smith, Olivia",False,8,1,2,0.5,0,0,,4,4,1.0,2,0,2,0,0,0,0,2,6
2022-01-13_csun_cal_st_fullerton,CSUN,32,"Hawkins, Ashley",False,18,2,3,0.667,1,1,1.0,0,0,,1,2,3,1,1,2,0,0,5
2022-01-13_csun_cal_st_fullerton,CSUN,24,"Smith, Macy",False,18,1,8,0.125,1,5,0.2,1,2,0.5,0,1,1,0,0,1,0,0,4
2022-01-13_csun_cal_st_fullerton,CSUN,5,"Duchemin, Michelle",False,5,0,1,0.0,0,0,,1,2,0.5,0,1,1,0,0,0,0,0,1
2022-01-13_csun_cal_st_fullerton,CSUN,12,"Henderson, Meghann",False,16,0,1,0.0,0,0,,0,0,,0,3,3,1,0,0,0,1,0
2022-01-13_csun_cal_st_fullerton,CSUN,22,"Hudgen, McKenzie",False,6,0,2,0.0,0,2,0.0,0,0,,0,0,0,2,2,0,0,0,0
2022-01-13_csun_cal_st_fullerton,CSUN,TM,TEAM,False,0,0,0,,0,0,,0,0,,2,4,6,0,0,0,0,0,0
2022-01-14_utah_uc_riverside,UC Riverside,10,"Cooper, Keilanei",True,24,6,14,0.429,1,7,0.143,3,4,0.75,0,2,2,4,2,4,0,1,16
2022-01-14_utah_uc_riverside,UC Riverside,4,"Holland, Jada",True,34,4,12,0.333,1,4,0.25,2,3,0.667,0,0,0,3,3,5,0,0,11
2022-01-14_utah_uc_riverside,UC Riverside,3,"West, Olivia",True,22,2,7,0.286,1,5,0.2,0,0,,1,1,2,1,0,2,0,0,5
2022-01-14_utah_uc_riverside,UC Riverside,32,"Webster, Jordan",True,22,2,8,0.25,0,5,0.0,0,0,,0,3,3,2,0,2,0,1,4
2022-01-14_utah_uc_riverside,UC Riverside,15,"Blount, Anna",True,19,2,4,0.5,0,0,,0,0,,0,3,3,2,1,0,1,0,4
2022-01-14_utah_uc_riverside,UC Riverside,24,"Gnago, Daphne",False,24,2,3,0.667,0,0,,0,1,0.0,5,4,9,3,1,2,0,0,4
2022-01-14_utah_uc_riverside,UC Riverside,14,"Finau, Mele",False,23,1,4,0.25,0,2,0.0,0,0,,1,1,2,2,0,1,0,0,2
2022-01-14_utah_uc_riverside,UC Riverside,11,"Matarranz, Esther",False,22,1,2,0.5,0,0,,0,0,,1,2,3,3,1,1,0,0,2
2022-01-14_utah_uc_riverside,UC Riverside,23,"Aikins, India",False,6,0,0,,0,0,,0,0,,0,1,1,0,0,2,0,0,0
2022-01-14_utah_uc_riverside,UC Riverside,30,"Morse, Rose",False,4,0,0,,0,0,,0,0,,0,0,0,0,0,0,0,0,0
2022-01-14_utah_uc_riverside,UC Riverside,TM,TEAM,False,0,0,0,,0,0,,0,0,,2,0,2,0,0,0,0,0,0
2022-01-14_utah_uc_riverside,Utah,22,"Johnson, Jenna",True,25,6,11,0.545,3,4,0.75,3,4,0.75,3,1,4,2,3,2,0,0,18
2022-01-14_utah_uc_riverside,Utah,42,"McFarland, Peyton",True,21,5,6,0.833,0,0,,3,3,1.0,2,5,7,2,0,1,1,1,13
2022-01-14_utah_uc_riverside,Utah,5,"Kneepkens, Gianna",True,23,4,9,0.444,1,5,0.2,0,0,,0,3,3,3,3,1,0,2,9
2022-01-14_utah_uc_riverside,Utah,24,"McQueen, Kennady",True,29,3,6,0.5,2,3,0.667,0,0,,0,3,3,1,2,2,0,2,8
2022-01-14_utah_uc_riverside,Utah,10,"Gylten, Dru",True,21,1,4,0.25,1,2,0.5,0,0,,0,3,3,1,6,1,0,1,3
2022-01-14_utah_uc_riverside,Utah,11,"Maxwell, Brynna",False,16,2,6,0.333,2,4,0.5,9,9,1.0,0,4,4,2,1,0,0,0,15
2022-01-14_utah_uc_riverside,Utah,34,"Young, Dasia",False,11,3,7,0.429,2,3,0.667,0,0,,1,1,2,2,0,2,0,0,8
2022-01-14_utah_uc_riverside,Utah,53,"Rees, Kelsey",False,13,2,4,0.5,0,0,,2,4,0.5,5,0,5,0,1,1,0,0,6
2022-01-14_utah_uc_riverside,Utah,23,"Jackson, Maka",False,8,2,2,1.0,0,0,,0,0,,1,1,2,1,1,0,0,1,4
2022-01-14_utah_uc_riverside,Utah,3,"Torres, Andrea",False,14,1,6,0.167,1,4,0.25,0,0,,1,1,2,0,1,0,0,2,3
2022-01-14_utah_uc_riverside,Utah,2,"Vieira, Ines",False,19,0,2,0.0,0,1,0.0,2,2,1.0,1,2,3,1,4,1,0,1,2
2022-01-14_utah_uc_riverside,Utah,TM,TEAM,False,0,0,0,,0,0,,0,0,,3,2,5,0,0,0,0,0,0
2022-01-15_uc_irvine_hawaii,Hawaii,25,"Atwell, Amy",True,31,6,11,0.545,1,3,0.333,7,11,0.636,1,2,3,3,0,2,0,2,20
2022-01-15_uc_irvine_hawaii,Hawaii,23,"McBee, Meilani",True,31,5,8,0.625,5,8,0.625,0,0,,0,2,2,2,1,1,1,1,15
2022-01-15_uc_irvine_hawaii,Hawaii,1,"Imai, Kelsie",True,28,3,8,0.375,0,2,0.0,2,3,0.667,1,3,4,3,3,4,0,0,8
2022-01-15_uc_irvine_hawaii,Hawaii,14,"Orji, Nnenna",True,11,1,1,1.0,0,0,,2,2,1.0,2,3,5,3,1,1,0,1,4
2022-01-15_uc_irvine_hawaii,Hawaii,2,"Thoms, Ashley",True,11,1,1,1.0,1,1,1.0,0,0,,0,0,0,2,0,1,0,0,3
2022-01-15_uc_irvine_hawaii,Hawaii,15,"Phillips, Daejah",False,27,4,5,0.8,1,1,1.0,5,6,0.833,1,7,8,1,3,6,3,1,14
2022-01-15_uc_irvine_hawaii,Hawaii,11,"Spiller, Kallin",False,18,3,3,1.0,0,0,,0,2,0.0,0,3,3,2,1,0,0,0,6
2022-01-15_uc_irvine_hawaii,Hawaii,34,"David, Jacque",False,11,1,1,1.0,0,0,,2,2,1.0,1,2,3,2,1,2,0,0,4
2022-01-15_uc_irvine_hawaii,Hawaii,45,"Davies, Olivia",False,17,0,2,0.0,0,0,,3,4,0.75,0,1,1,4,3,2,0,1,3
2022-01-15_uc_irvine_hawaii,Hawaii,20,"Haire, McKenna",False,12,0,2,0.0,0,1,0.0,0,0,,0,1,1,0,0,1,0,0,0
2022-01-15_uc_irvine_hawaii,Hawaii,32,"Ongoongotau, Eva",False,3,0,0,,0,0,,0,0,,0,1,1,0,0,1,0,0,0
2022-01-15_uc_irvine_hawaii,Hawaii,TM,TEAM,False,0,0,0,,0,0,,0,0,,3,3,6,0,0,0,0,0,0
2022-01-15_uc_irvine_hawaii,UC Irvine,4,"Williams, Kayla",True,32,6,16,0.375,2,5,0.4,7,8,0.875,0,2,2,2,4,2,0,2,21
2022-01-15_uc_irvine_hawaii,UC Irvine,2,"Webb, Chloe",True,29,6,14,0.429,2,3,0.667,2,2,1.0,1,2,3,2,1,1,1,2,16
2022-01-15_uc_irvine_hawaii,UC Irvine,42,"Hunt, Naomi",True,31,3,9,0.333,2,5,0.4,2,3,0.667,1,1,2,3,1,3,0,4,10
2022-01-15_uc_irvine_hawaii,UC Irvine,35,"Locandro, Sophia",True,15,1,6,0.167,0,2,0.0,3,4,0.75,2,3,5,3,0,2,1,0,5
2022-01-15_uc_irvine_hawaii,UC Irvine,21,"Williams, Olivia",True,14,0,1,0.0,0,0,,0,0,,0,0,0,0,0,0,0,1,0
2022-01-15_uc_irvine_hawaii,UC Irvine,33,"Kaupu, Caiyle",False,12,3,4,0.75,2,2,1.0,0,0,,1,1,2,3,1,1,0,0,8
2022-01-15_uc_irvine_hawaii,UC Irvine,10,"Cadee, Jayde",False,23,1,5,0.2,1,4,0.25,2,2,1.0,3,1,4,3,1,0,0,2,5
2022-01-15_uc_irvine_hawaii,UC Irvine,13,"Lee, Déja",False,11,1,5,0.2,1,3,0.333,1,2,0.5,3,1,4,2,0,1,0,1,4
2022-01-15_uc_irvine_hawaii,UC Irvine,3,"Tom, Nikki",False,14,1,4,0.25,0,1,0.0,0,0,,1,1,2,3,1,2,0,1,2
2022-01-15_uc_irvine_hawaii,UC Irvine,24,"Kapinga, Melodie",False,9,1,2,0.5,0,0,,0,0,,1,0,1,0,0,0,0,0,2
2022-01-15_uc_irvine_hawaii,UC Irvine,45,"Dusharm, Tara",False,6,0,1,0.0,0,0,,0,0,,0,0,0,0,0,0,0,0,0
2022-01-15_uc_irvine_hawaii,UC Irvine,11,"Scharpf, Amelia",False,4,0,0,,0,0,,0,0,,0,0,0,1,0,0,0,0,0
2022-01-15_uc_irvine_hawaii,UC Irvine,TM,TEAM,False,0,0,0,,0,0,,0,0,,4,0,4,0,0,1,0,0,0
2022-01-15_uc_santa_barbara_cal_st_fullerton,Cal St. Fullerton,03,Lily Wahinekapu,True,42,8,17,0.471,0,5,0.0,1,1,1.0,1,2,3,4,7,1,0,1,17
2022-01-15_uc_santa_barbara_cal_st_fullerton,Cal St. Fullerton,55,Fujika Nimmo,True,35,7,17,0.412,0,2,0.0,2,4,0.5,0,4,4,3,2,2,0,2,16
2022-01-15_uc_santa_barbara_cal_st_fullerton,Cal St. Fullerton,23,Carolyn Gill,True,19,4,6,0.667,0,1,0.0,0,0,,0,6,6,1,0,3,1,1,8
2022-01-15_uc_santa_barbara_cal_st_fullerton,Cal St. Fullerton,24,Kathryn Neff,True,41,3,7,0.429,1,4,0.25,0,0,,1,3,4,3,0,1,0,1,7
2022-01-15_uc_santa_barbara_cal_st_fullerton,Cal St. Fullerton,32,Ashlee Lewis,True,22,3,5,0.6,0,0,,0,0,,0,2,2,5,0,2,0,0,6
2022-01-15_uc_santa_barbara_cal_st_fullerton,Cal St. Fullerton,04,Gabi Vidmar,False,28,3,4,0.75,2,2,1.0,0,0,,0,1,1,2,3,0,0,0,8
2022-01-15_uc_santa_barbara_cal_st_fullerton,Cal St. Fullerton,13,Aixchel Hernandez,False,23,4,6,0.667,0,0,,0,0,,0,2,2,3,0,0,0,1,8
2022-01-15_uc_santa_barbara_cal_st_fullerton,Cal St. Fullerton,01,Una Jovanovic,False,14,0,3,0.0,0,0,,0,0,,0,1,1,1,3,0,0,0,0
2022-01-15_uc_santa_barbara_cal_st_fullerton,Cal St. Fullerton,54,Brianna Furch,False,1,0,0,,0,0,,0,0,,0,0,0,0,0,0,0,0,0
2022-01-15_uc_santa_barbara_cal_st_fullerton,Cal St. Fullerton,TM,TEAM,False,0,0,0,,0,0,,0,0,,0,0,0,0,0,0,0,0,0
2022-01-15_uc_santa_barbara_cal_st_fullerton,UC Santa Barbara,00,"Miller, Danae",True,44,7,12,0.583,2,5,0.4,5,6,0.833,2,9,11,3,6,3,0,1,21
2022-01-15_uc_santa_barbara_cal_st_fullerton,UC Santa Barbara,31,"Lane, Ila",True,38,6,10,0.6,0,0,,4,9,0.444,5,5,10,1,1,4,0,0,16
2022-01-15_uc_santa_barbara_cal_st_fullerton,UC Santa Barbara,10,"Choice, Anya",True,32,2,9,0.222,1,5,0.2,0,0,,2,2,4,1,6,3,0,0,5
2022-01-15_uc_santa_barbara_cal_st_fullerton,UC Santa Barbara,12,"Mole, Taylor",True,11,1,2,0.5,0,0,,3,4,0.75,1,2,3,2,0,2,0,0,5
2022-01-15_uc_santa_barbara_cal_st_fullerton,UC Santa Barbara,30,"Anderson, Megan",True,30,1,5,0.2,1,4,0.25,0,0,,0,2,2,1,0,0,0,0,3
2022-01-15_uc_santa_barbara_cal_st_fullerton,UC Santa Barbara,02,"Tucker, Alexis",False,27,6,9,0.667,0,1,0.0,2,4,0.5,2,3,5,1,1,3,0,0,14
2022-01-15_uc_santa_barbara_cal_st_fullerton,UC Santa Barbara,21,"Johnson, Kennedy",False,10,2,2,1.0,0,0,,1,2,0.5,0,1,1,0,1,1,0,1,5
2022-01-15_uc_santa_barbara_cal_st_fullerton,UC Santa Barbara,01,"Gonzalez, Johnni",False,16,2,4,0.5,0,2,0.0,0,0,,0,0,0,0,1,1,0,0,4
2022-01-15_uc_santa_barbara_cal_st_fullerton,UC Santa Barbara,03,"Marin, Alyssa",False,7,1,2,0.5,1,2,0.5,0,0,,0,0,0,0,0,1,0,0,3
2022-01-15_uc_santa_barbara_cal_st_fullerton,UC Santa Barbara,13,"Modawar, Tatyana",False,4,1,2,0.5,0,1,0.0,0,0,,0,1,1,0,1,0,0,0,2
2022-01-15_uc_santa_barbara_cal_st_fullerton,UC Santa Barbara,11,"Lee, Lauren",False,6,0,1,0.0,0,1,0.0,0,0,,1,2,3,0,0,0,0,1,0
2022-01-15_uc_santa_barbara_cal_st_fullerton,UC Santa Barbara,TM,TEAM,False,0,0,0,,0,0,,0,0,,1,4,5,0,0,0,0,0,0
2022-01-15_csun_long_beach_st,Long Beach St.,1,"Utti, Maddi",True,38,6,15,0.4,2,7,0.286,3,4,0.75,4,9,13,4,0,5,1,2,17
2022-01-15_csun_long_beach_st,Long Beach St.,11,"Hardy, Jasmine",True,33,5,14,0.357,0,4,0.0,1,3,0.333,2,1,3,2,0,2,1,1,11
2022-01-15_csun_long_beach_st,Long Beach St.,10,"King, Justina",True,39,3,13,0.231,1,6,0.167,2,3,0.667,1,2,3,2,5,6,0,4,9
2022-01-15_csun_long_beach_st,Long Beach St.,00,"Berry, Ma'qhi",True,32,2,6,0.333,0,2,0.0,5,6,0.833,1,4,5,2,3,1,0,1,9
2022-01-15_csun_long_beach_st,Long Beach St.,23,"Green, Lauren",True,11,1,1,1.0,0,0,,0,0,,1,2,3,1,0,1,0,0,2
2022-01-15_csun_long_beach_st,Long Beach St.,25,"Hamilton-fisher, Kianna",False,33,0,6,0.0,0,4,0.0,2,2,1.0,0,1,1,4,2,1,1,1,2
2022-01-15_csun_long_beach_st,Long Beach St.,12,"Jeskeova, Kristyna",False,10,0,1,0.0,0,1,0.0,0,0,,1,3,4,1,0,0,2,1,0
2022-01-15_csun_long_beach_st,Long Beach St.,3,"Chung, Patricia",False,4,0,2,0.0,0,0,,0,0,,0,0,0,1,0,0,0,0,0
2022-01-15_csun_long_beach_st,Long Beach St.,5,"Sullivan, Emily",False,0,0,0,,0,0,,0,0,,0,0,0,0,0,0,0,0,0
2022-01-15_csun_long_beach_st,Long Beach St.,TM,TEAM,False,0,0,0,,0,0,,0,0,,0,2,2,0,0,0,0,0,0
2022-01-15_csun_long_beach_st,CSUN,1,"Jackson, Jordyn",True,24,6,13,0.462,1,4,0.25,3,4,0.75,1,2,3,2,1,2,0,2,16
2022-01-15_csun_long_beach_st,CSUN,15,"Amundsen, Tess",True,34,3,8,0.375,3,4,0.75,3,4,0.75,0,12,12,2,2,1,0,0,12
2022-01-15_csun_long_beach_st,CSUN,34,"Spriggs, Kayanna",True,28,5,7,0.714,0,0,,1,2,0.5,2,2,4,4,0,2,0,2,11
2022-01-15_csun_long_beach_st,CSUN,21,"Tu'ua, Anaiyah",True,31,2,7,0.286,0,1,0.0,2,2,1.0,0,2,2,2,4,2,0,0,6
2022-01-15_csun_long_beach_st,CSUN,4,"Harvey, Rachel",True,16,1,2,0.5,0,0,,2,2,1.0,0,0,0,3,1,2,0,1,4
2022-01-15_csun_long_beach_st,CSUN,2,"Woodley, Sydney",False,22,4,5,0.8,0,1,0.0,0,2,0.0,0,2,2,4,2,3,0,7,8
2022-01-15_csun_long_beach_st,CSUN,32,"Hawkins, Ashley",False,7,1,3,0.333,1,3,0.333,0,0,,0,2,2,1,0,1,0,0,3
2022-01-15_csun_long_beach_st,CSUN,12,"Henderson, Meghann",False,26,1,3,0.333,0,2,0.0,0,0,,1,3,4,2,1,3,1,1,2
2022-01-15_csun_long_beach_st,CSUN,5,"Duchemin, Michelle",False,8,1,3,0.333,0,0,,0,0,,1,4,5,0,0,1,1,1,2
2022-01-15_csun_long_beach_st,CSUN,24,"Smith, Macy",False,3,0,0,,0,0,,0,0,,0,0,0,0,0,0,0,0,0
2022-01-15_csun_long_beach_st,CSUN,11,"Smith, Olivia",False,1,0,0,,0,0,,0,0,,0,0,0,0,0,0,0,0,0
2022-01-15_csun_long_beach_st,CSUN,TM,TEAM,False,0,0,0,,0,0,,0,0,,1,4,5,0,0,4,0,0,0
2022-01-20_uc_davis_uc_santa_barbara,UC Santa Barbara,00,"Miller, Danae",True,28,5,13,0.385,2,5,0.4,2,2,1.0,0,1,1,2,0,0,0,1,14
2022-01-20_uc_davis_uc_santa_barbara,UC Santa Barbara,02,"Tucker, Alexis",True,20,2,6,0.333,1,2,0.5,4,4,1.0,1,1,2,3,0,2,0,1,9
2022-01-20_uc_davis_uc_santa_barbara,UC Santa Barbara,30,"Anderson, Megan",True,21,1,3,0.333,0,1,0.0,2,2,1.0,2,4,6,0,0,1,0,0,4
2022-01-20_uc_davis_uc_santa_barbara,UC Santa Barbara,31,"Lane, Ila",True,23,0,5,0.0,0,0,,1,4,0.25,2,7,9,0,2,0,3,0,1
2022-01-20_uc_davis_uc_santa_barbara,UC Santa Barbara,10,"Choice, Anya",True,17,0,2,0.0,0,0,,0,0,,0,0,0,0,0,2,0,0,0
2022-01-20_uc_davis_uc_santa_barbara,UC Santa Barbara,05,"Cooper, Callie",False,10,2,3,0.667,2,2,1.0,0,0,,0,1,1,3,0,1,0,0,6
2022-01-20_uc_davis_uc_santa_barbara,UC Santa Barbara,21,"Johnson, Kennedy",False,15,0,3,0.0,0,0,,4,4,1.0,4,3,7,3,1,1,0,4,4
2022-01-20_uc_davis_uc_santa_barbara,UC Santa Barbara,12,"Mole, Taylor",False,11,2,5,0.4,0,1,0.0,0,0,,0,0,0,0,0,0,1,0,4
2022-01-20_uc_davis_uc_santa_barbara,UC Santa Barbara,11,"Lee, Lauren",False,10,2,3,0.667,0,0,,0,0,,1,0,1,1,1,0,0,0,4
2022-01-20_uc_davis_uc_santa_barbara,UC Santa Barbara,03,"Marin, Alyssa",False,9,1,3,0.333,1,3,0.333,0,0,,1,0,1,1,0,1,0,0,3
2022-01-20_uc_davis_uc_santa_barbara,UC Santa Barbara,01,"Gonzalez, Johnni",False,17,0,3,0.0,0,2,0.0,0,0,,1,0,1,1,0,3,0,1,0
2022-01-20_uc_davis_uc_santa_barbara,UC Santa Barbara,32,"Rockwood, Laurel",False,11,0,2,0.0,0,0,,0,2,0.0,0,1,1,0,0,0,0,1,0
2022-01-20_uc_davis_uc_santa_barbara,UC Santa Barbara,13,"Modawar, Tatyana",False,5,0,3,0.0,0,1,0.0,0,0,,0,0,0,2,0,2,0,0,0
2022-01-20_uc_davis_uc_santa_barbara,UC Santa Barbara,25,"Cabuena, Analillia",False,3,0,0,,0,0,,0,0,,0,0,0,0,0,0,0,0,0
2022-01-20_uc_davis_uc_santa_barbara,UC Santa Barbara,TM,TEAM,False,0,0,0,,0,0,,0,0,,3,1,4,0,0,0,0,0,0
2022-01-20_uc_davis_uc_santa_barbara,UC Davis,32,"Hall, Cierra",True,32,6,11,0.545,3,7,0.429,2,2,1.0,1,8,9,2,7,4,0,0,17
2022-01-20_uc_davis_uc_santa_barbara,UC Davis,15,"Turner, Evanne",True,33,4,6,0.667,3,5,0.6,0,0,,0,2,2,2,3,0,0,2,11
2022-01-20_uc_davis_uc_santa_barbara,UC Davis,13,"Burns, Sydney",True,29,2,6,0.333,1,4,0.25,4,6,0.667,0,2,2,1,2,5,0,2,9
2022-01-20_uc_davis_uc_santa_barbara,UC Davis,23,"Konrad, Kayla",True,29,4,6,0.667,0,1,0.0,1,2,0.5,3,4,7,1,2,0,0,1,9
2022-01-20_uc_davis_uc_santa_barbara,UC Davis,11,"Stobbart, Sage",True,26,2,9,0.222,1,6,0.167,0,0,,2,5,7,1,3,1,4,0,5
2022-01-20_uc_davis_uc_santa_barbara,UC Davis,10,"Svanholm, Lena",False,14,2,4,0.5,1,2,0.5,0,0,,0,1,1,1,1,3,0,0,5
2022-01-20_uc_davis_uc_santa_barbara,UC Davis,20,"Sanders, Makaila",False,12,1,2,0.5,1,2,0.5,0,0,,0,0,0,3,0,2,0,0,3
2022-01-20_uc_davis_uc_santa_barbara,UC Davis,33,"Harris, Mazatlan",False,11,1,2,0.5,0,1,0.0,0,0,,1,1,2,0,0,0,0,1,2
2022-01-20_uc_davis_uc_santa_barbara,UC Davis,41,"Shine, Bria",False,10,0,3,0.0,0,0,,0,2,0.0,1,1,2,1,0,0,0,1,0
2022-01-20_uc_davis_uc_santa_barbara,UC Davis,02,"Jones, Megan",False,2,0,0,,0,0,,0,0,,0,0,0,0,0,0,0,0,0
2022-01-20_uc_davis_uc_santa_barbara,UC Davis,24,"Langi, Marley",False,2,0,0,,0,0,,0,0,,0,0,0,1,0,1,0,0,0
2022-01-20_uc_davis_uc_santa_barbara,UC Davis,TM,TEAM,False,0,0,0,,0,0,,0,0,,2,2,4,0,0,1,0,0,0
2022-01-20_hawaii_csu_bakersfield,CSU Bakersfield,10,"Eggleston, Jayden",True,28,6,12,0.5,0,0,,5,6,0.833,2,4,6,2,1,0,1,0,17
2022-01-20_hawaii_csu_bakersfield,CSU Bakersfield,03,"van Schaik, Hennie",True,26,2,10,0.2,1,3,0.333,0,4,0.0,1,4,5,1,0,0,0,0,5
2022-01-20_hawaii_csu_bakersfield,CSU Bakersfield,23,"Saxon, Miracle",True,17,1,5,0.2,0,2,0.0,2,3,0.667,2,1,3,2,0,1,0,0,4
2022-01-20_hawaii_csu_bakersfield,CSU Bakersfield,04,"Dixon, Jasmin",True,18,0,1,0.0,0,1,0.0,0,0,,0,3,3,0,1,1,1,1,0
2022-01-20_hawaii_csu_bakersfield,CSU Bakersfield,01,"Clayburne, Tatyanna",True,8,0,2,0.0,0,1,0.0,0,0,,0,1,1,1,1,2,0,1,0
2022-01-20_hawaii_csu_bakersfield,CSU Bakersfield,22,"Easley, Andie",False,27,3,11,0.273,2,6,0.333,1,2,0.5,2,2,4,4,2,0,0,0,9
2022-01-20_hawaii_csu_bakersfield,CSU Bakersfield,11,"Green, Lexus",False,22,3,6,0.5,3,4,0.75,0,0,,0,1,1,2,2,3,0,3,9
2022-01-20_hawaii_csu_bakersfield,CSU Bakersfield,54,"Austin, Vanessa",False,18,2,6,0.333,0,0,,1,2,0.5,3,4,7,2,1,1,0,0,5
2022-01-20_hawaii_csu_bakersfield,CSU Bakersfield,00,"Johnson, Simone",False,17,1,4,0.25,0,2,0.0,1,2,0.5,0,0,0,1,0,1,0,0,3
2022-01-20_hawaii_csu_bakersfield,CSU Bakersfield,24,"Bridges-Bey, Sage",False,12,0,1,0.0,0,1,0.0,0,0,,0,0,0,1,0,0,0,0,0
2022-01-20_hawaii_csu_bakersfield,CSU Bakersfield,13,"Herrera, Solmilena",False,7,0,0,,0,0,,0,0,,0,2,2,1,0,1,0,0,0
2022-01-20_hawaii_csu_bakersfield,CSU Bakersfield,TM,TEAM,False,0,0,0,,0,0,,0,0,,0,1,1,0,0,1,0,0,0
2022-01-20_hawaii_csu_bakersfield,Hawaii,23,"McBee, MeiLani",True,28,3,7,0.429,3,7,0.429,0,0,,0,3,3,1,3,0,0,1,9
2022-01-20_hawaii_csu_bakersfield,Hawaii,25,"Atwell, Amy",True,24,4,10,0.4,1,5,0.2,0,0,,2,4,6,1,2,0,0,1,9
2022-01-20_hawaii_csu_bakersfield,Hawaii,14,"Orji, Nnenna",True,20,1,4,0.25,0,0,,1,3,0.333,1,1,2,4,0,2,0,2,3
2022-01-20_hawaii_csu_bakersfield,Hawaii,01,"Imai, Kelsie",True,19,1,4,0.25,1,2,0.5,0,0,,0,3,3,2,1,2,0,1,3
2022-01-20_hawaii_csu_bakersfield,Hawaii,02,"Thoms, Ashley",True,18,0,3,0.0,0,3,0.0,1,2,0.5,0,1,1,2,1,1,0,1,1
2022-01-20_hawaii_csu_bakersfield,Hawaii,15,"Phillips, Daejah",False,22,3,7,0.429,1,2,0.5,9,10,0.9,2,7,9,1,5,1,0,0,16
2022-01-20_hawaii_csu_bakersfield,Hawaii,34,"David, Jacque",False,16,3,5,0.6,3,3,1.0,1,2,0.5,1,2,3,1,0,5,0,1,10
2022-01-20_hawaii_csu_bakersfield,Hawaii,45,"Davies, Olivia",False,22,3,5,0.6,2,4,0.5,0,0,,0,2,2,1,2,0,1,1,8
2022-01-20_hawaii_csu_bakersfield,Hawaii,11,"Spiller, Kallin",False,17,3,6,0.5,0,1,0.0,0,0,,1,5,6,0,1,0,0,0,6
2022-01-20_hawaii_csu_bakersfield,Hawaii,32,"Ongoongotau, Eva",False,11,0,0,,0,0,,4,4,1.0,0,2,2,1,0,1,0,0,4
2022-01-20_hawaii_csu_bakersfield,Hawaii,13,"Birdsong, Hallie",False,3,0,0,,0,0,,0,0,,0,0,0,0,0,0,0,0,0
2022-01-20_hawaii_csu_bakersfield,Hawaii,TM,TEAM,False,0,0,0,,0,0,,0,0,,2,3,5,0,0,1,0,0,0
2022-01-20_cal_st_fullerton_uc_irvine,UC Irvine,04,Kayla Williams,True,33,7,18,0.389,2,9,0.222,9,11,0.818,0,4,4,2,7,2,0,3,25
2022-01-20_cal_st_fullerton_uc_irvine,UC Irvine,21,Olivia Williams,True,25,3,6,0.5,0,1,0.0,2,2,1.0,1,1,2,1,1,1,1,3,8
2022-01-20_cal_st_fullerton_uc_irvine,UC Irvine,42,Naomi Hunt,True,17,0,2,0.0,0,2,0.0,0,0,,0,0,0,4,1,2,0,1,0
2022-01-20_cal_st_fullerton_uc_irvine,UC Irvine,24,Melodie Kapinga,True,6,0,0,,0,0,,0,0,,1,3,4,3,0,0,0,0,0
2022-01-20_cal_st_fullerton_uc_irvine,UC Irvine,35,Sophia Locandro,False,30,7,12,0.583,0,1,0.0,2,2,1.0,1,5,6,2,1,2,2,0,16
2022-01-20_cal_st_fullerton_uc_irvine,UC Irvine,20,Hunter Hernandez,False,18,2,3,0.667,0,0,,3,4,0.75,3,5,8,3,1,2,0,0,7
2022-01-20_cal_st_fullerton_uc_irvine,UC Irvine,10,Jayde Cadee,False,21,2,3,0.667,2,3,0.667,0,0,,0,0,0,2,1,0,0,0,6
2022-01-20_cal_st_fullerton_uc_irvine,UC Irvine,13,Dja Lee           G,False,13,3,6,0.5,0,1,0.0,0,0,,1,0,1,3,0,0,0,1,6
2022-01-20_cal_st_fullerton_uc_irvine,UC Irvine,02,Chloe Webb,False,25,1,4,0.25,0,1,0.0,3,4,0.75,4,2,6,5,0,5,0,1,5
2022-01-20_cal_st_fullerton_uc_irvine,UC Irvine,33,Caiyle Kaupu,False,3,1,1,1.0,0,0,,0,0,,1,1,2,2,0,1,0,0,2
2022-01-20_cal_st_fullerton_uc_irvine,UC Irvine,03,Nikki Tom,False,5,0,2,0.0,0,0,,0,0,,0,0,0,0,0,2,0,0,0
2022-01-20_cal_st_fullerton_uc_irvine,UC Irvine,45,Tara Dusharm,False,4,0,0,,0,0,,0,0,,0,0,0,0,1,0,0,0,0
2022-01-20_cal_st_fullerton_uc_irvine,UC Irvine,TM,TEAM,False,0,0,0,,0,0,,0,0,,0,2,2,0,0,0,0,0,0
2022-01-20_cal_st_fullerton_uc_irvine,Cal St. Fullerton,24,"Neff, Kathryn",True,40,5,10,0.5,2,4,0.5,5,6,0.833,6,10,16,3,0,2,1,1,17
2022-01-20_cal_st_fullerton_uc_irvine,Cal St. Fullerton,32,"Lewis, Ashlee",True,25,5,10,0.5,0,0,,3,3,1.0,0,0,0,4,0,3,0,1,13
2022-01-20_cal_st_fullerton_uc_irvine,Cal St. Fullerton,03,"Wahinekapu, Lily",True,35,2,9,0.222,0,1,0.0,6,8,0.75,1,3,4,2,6,5,0,1,10
2022-01-20_cal_st_fullerton_uc_irvine,Cal St. Fullerton,55,"Nimmo, Fujika",True,35,2,7,0.286,0,1,0.0,6,7,0.857,1,0,1,5,5,4,0,1,10
2022-01-20_cal_st_fullerton_uc_irvine,Cal St. Fullerton,01,"Jovanovic, Una",True,19,1,1,1.0,0,0,,0,0,,1,2,3,1,2,1,0,0,2
2022-01-20_cal_st_fullerton_uc_irvine,Cal St. Fullerton,04,"Vidmar, Gabi",False,27,3,7,0.429,1,5,0.2,2,2,1.0,1,2,3,1,2,1,0,3,9
2022-01-20_cal_st_fullerton_uc_irvine,Cal St. Fullerton,13,"Hernandez, Aixchel",False,14,3,8,0.375,0,0,,0,0,,0,1,1,3,0,1,1,1,6
2022-01-20_cal_st_fullerton_uc_irvine,Cal St. Fullerton,05,"Rodarte, Clarissa",False,4,0,0,,0,0,,0,0,,0,0,0,2,0,0,0,0,0
2022-01-20_cal_st_fullerton_uc_irvine,Cal St. Fullerton,11,"MacDonald, Ruby",False,1,0,0,,0,0,,0,0,,0,0,0,1,0,1,0,0,0
2022-01-20_cal_st_fullerton_uc_irvine,Cal St. Fullerton,54,"Furch, Brianna",False,0,0,1,0.0,0,1,0.0,0,0,,0,0,0,0,0,0,0,0,0
2022-01-20_cal_st_fullerton_uc_irvine,Cal St. Fullerton,TM,TEAM,False,0,0,0,,0,0,,0,0,,0,2,2,0,0,1,0,0,0
2022-01-20_long_beach_st_uc_san_diego,UC San Diego,4,"Cangelosi, Emily",True,34,6,12,0.5,2,7,0.286,0,0,,0,8,8,1,1,2,0,0,14
2022-01-20_long_beach_st_uc_san_diego,UC San Diego,13,"Brown, Sydney",True,31,2,9,0.222,0,2,0.0,2,2,1.0,0,2,2,2,2,0,1,0,6
2022-01-20_long_beach_st_uc_san_diego,UC San Diego,12,"Baxter, Madison",True,18,1,3,0.333,1,2,0.5,0,0,,0,1,1,1,1,1,0,0,3
2022-01-20_long_beach_st_uc_san_diego,UC San Diego,24,"Mullings, Bridget",True,16,1,3,0.333,0,1,0.0,0,0,,1,5,6,3,0,2,1,0,2
2022-01-20_long_beach_st_uc_san_diego,UC San Diego,15,"Claros, Brianna",True,29,0,4,0.0,0,3,0.0,0,0,,0,0,0,2,3,5,0,0,0
2022-01-20_long_beach_st_uc_san_diego,UC San Diego,32,"Montgomery, Parker",False,28,3,4,0.75,2,3,0.667,2,2,1.0,0,2,2,1,2,2,0,0,10
2022-01-20_long_beach_st_uc_san_diego,UC San Diego,20,"Forsyth, Izzy",False,10,1,2,0.5,1,2,0.5,2,2,1.0,0,2,2,1,0,0,1,0,5
2022-01-20_long_beach_st_uc_san_diego,UC San Diego,10,"Macabuhay, Julia",False,8,1,2,0.5,0,1,0.0,0,0,,0,1,1,0,0,1,0,0,2
2022-01-20_long_beach_st_uc_san_diego,UC San Diego,23,"Thompson, Courtni",False,6,1,2,0.5,0,0,,0,0,,0,0,0,0,0,1,0,0,2
2022-01-20_long_beach_st_uc_san_diego,UC San Diego,2,"Chamberlin, Ula",False,19,0,2,0.0,0,0,,0,0,,0,2,2,1,2,4,0,0,0
2022-01-20_long_beach_st_uc_san_diego,UC San Diego,35,"Springs, Katie",False,1,0,0,,0,0,,0,0,,0,0,0,0,0,0,0,0,0
2022-01-20_long_beach_st_uc_san_diego,UC San Diego,TM,TEAM,False,0,0,0,,0,0,,0,0,,4,2,6,0,0,2,0,0,0
2022-01-20_long_beach_st_uc_san_diego,Long Beach St.,1,"Utti, Maddi",True,35,5,7,0.714,1,1,1.0,2,2,1.0,3,11,14,1,3,1,2,3,13
2022-01-20_long_beach_st_uc_san_diego,Long Beach St.,00,"Berry, Ma'qhi",True,25,5,7,0.714,0,0,,1,2,0.5,0,3,3,0,1,1,1,2,11
2022-01-20_long_beach_st_uc_san_diego,Long Beach St.,10,"King, Justina",True,35,3,17,0.176,2,8,0.25,0,0,,0,0,0,0,7,1,0,4,8
2022-01-20_long_beach_st_uc_san_diego,Long Beach St.,11,"Hardy, Jasmine",True,25,2,9,0.222,1,6,0.167,0,0,,2,1,3,1,0,1,0,3,5
2022-01-20_long_beach_st_uc_san_diego,Long Beach St.,23,"Green, Lauren",True,6,0,0,,0,0,,0,0,,0,0,0,0,0,0,0,0,0
2022-01-20_long_beach_st_uc_san_diego,Long Beach St.,25,"Hamilton-fisher, Kianna",False,27,4,7,0.571,2,4,0.5,0,1,0.0,1,0,1,2,1,1,1,0,10
2022-01-20_long_beach_st_uc_san_diego,Long Beach St.,2,"Tucker, Savannah",False,15,3,9,0.333,1,4,0.25,1,2,0.5,2,1,3,2,0,1,0,1,8
2022-01-20_long_beach_st_uc_san_diego,Long Beach St.,3,"Chung, Patricia",False,7,1,1,1.0,1,1,1.0,1,2,0.5,1,0,1,1,0,0,0,0,4
2022-01-20_long_beach_st_uc_san_diego,Long Beach St.,5,"Sullivan, Emily",False,3,1,2,0.5,0,0,,0,0,,0,0,0,1,0,0,0,0,2
2022-01-20_long_beach_st_uc_san_diego,Long Beach St.,32,"Mikkelsen, Thea",False,6,0,2,0.0,0,0,,1,2,0.5,0,0,0,0,0,0,0,0,1
2022-01-20_long_beach_st_uc_san_diego,Long Beach St.,12,"Jeskeova, Kristyna",False,16,0,2,0.0,0,1,0.0,0,0,,4,2,6,2,0,1,2,1,0
2022-01-20_long_beach_st_uc_san_diego,Long Beach St.,TM,TEAM,False,0,0,0,,0,0,,0,0,,1,1,2,0,0,0,0,0,0
2022-01-20_uc_riverside_csun,CSUN,21,"Tu'ua, Anaiyah",True,26,3,6,0.5,2,2,1.0,0,0,,0,7,7,3,2,3,0,2,8
2022-01-20_uc_riverside_csun,CSUN,15,"Amundsen, Tess",True,24,3,9,0.333,0,1,0.0,1,2,0.5,0,8,8,3,0,2,0,2,7
2022-01-20_uc_riverside_csun,CSUN,34,"Spriggs, Kayanna",True,30,2,5,0.4,0,0,,2,6,0.333,1,2,3,1,2,1,1,1,6
2022-01-20_uc_riverside_csun,CSUN,1,"Jackson, Jordyn",True,32,2,14,0.143,0,5,0.0,0,2,0.0,1,3,4,2,2,3,0,1,4
2022-01-20_uc_riverside_csun,CSUN,4,"Harvey, Rachel",True,11,0,2,0.0,0,0,,0,0,,1,2,3,3,0,1,0,0,0
2022-01-20_uc_riverside_csun,CSUN,2,"Woodley, Sydney",False,23,3,7,0.429,0,0,,3,4,0.75,4,0,4,1,0,2,0,1,9
2022-01-20_uc_riverside_csun,CSUN,5,"Duchemin, Michelle",False,6,1,3,0.333,0,0,,1,2,0.5,0,1,1,0,0,2,0,1,3
2022-01-20_uc_riverside_csun,CSUN,12,"Henderson, Meghann",False,25,0,4,0.0,0,3,0.0,2,2,1.0,0,4,4,1,0,0,0,1,2
2022-01-20_uc_riverside_csun,CSUN,32,"Hawkins, Ashley",False,16,1,4,0.25,0,1,0.0,0,1,0.0,1,2,3,1,1,1,0,1,2
2022-01-20_uc_riverside_csun,CSUN,24,"Smith, Macy",False,5,0,3,0.0,0,1,0.0,0,0,,0,0,0,1,0,0,0,0,0
2022-01-20_uc_riverside_csun,CSUN,22,"Hudgen, McKenzie",False,2,0,0,,0,0,,0,0,,0,0,0,0,0,0,0,0,0
2022-01-20_uc_riverside_csun,CSUN,TM,TEAM,False,0,0,0,,0,0,,0,0,,6,2,8,0,0,2,0,0,0
2022-01-20_uc_riverside_csun,UC Riverside,10,"Cooper, Keilanei",True,31,7,14,0.5,3,6,0.5,1,3,0.333,0,2,2,2,2,1,0,2,18
2022-01-20_uc_riverside_csun,UC Riverside,3,"West, Olivia",True,34,6,14,0.429,3,10,0.3,0,0,,1,4,5,3,2,0,0,3,15
2022-01-20_uc_riverside_csun,UC Riverside,4,"Holland, Jada",True,34,1,12,0.083,1,3,0.333,5,6,0.833,0,5,5,1,4,4,0,1,8
2022-01-20_uc_riverside_csun,UC Riverside,32,"Webster, Jordan",True,29,2,7,0.286,2,6,0.333,1,2,0.5,0,9,9,0,0,0,0,2,7
2022-01-20_uc_riverside_csun,UC Riverside,24,"Gnago, Daphne",True,11,2,2,1.0,0,0,,0,0,,3,2,5,3,0,2,1,0,4
2022-01-20_uc_riverside_csun,UC Riverside,23,"Aikins, India",False,12,1,5,0.2,0,0,,1,2,0.5,0,2,2,1,0,0,0,1,3
2022-01-20_uc_riverside_csun,UC Riverside,00,"Bryant, Matehya",False,14,1,3,0.333,0,0,,0,0,,1,2,3,3,0,2,0,1,2
2022-01-20_uc_riverside_csun,UC Riverside,15,"Blount, Anna",False,14,1,2,0.5,0,0,,0,0,,3,3,6,2,0,2,0,0,2
2022-01-20_uc_riverside_csun,UC Riverside,14,"Finau, Mele",False,19,0,3,0.0,0,1,0.0,0,0,,0,3,3,0,3,0,3,0,0
2022-01-20_uc_riverside_csun,UC Riverside,11,"Matarranz, Esther",False,1,0,0,,0,0,,0,0,,0,0,0,1,0,0,0,0,0
2022-01-20_uc_riverside_csun,UC Riverside,30,"Morse, Rose",False,1,0,0,,0,0,,0,0,,0,0,0,0,0,0,0,0,0
2022-01-20_uc_riverside_csun,UC Riverside,TM,TEAM,False,0,0,0,,0,0,,0,0,,3,1,4,0,0,0,0,0,0
2022-01-22_uc_davis_csun,CSUN,15,"Amundsen, Tess",True,19,3,9,0.333,1,3,0.333,2,2,1.0,0,1,1,4,0,0,0,0,9
2022-01-22_uc_davis_csun,CSUN,01,"Jackson, Jordyn",True,29,3,12,0.25,0,2,0.0,2,2,1.0,0,6,6,1,2,2,0,0,8
2022-01-22_uc_davis_csun,CSUN,12,"Henderson, Meghann",True,33,3,6,0.5,1,1,1.0,0,2,0.0,1,4,5,4,1,1,0,1,7
2022-01-22_uc_davis_csun,CSUN,34,"Spriggs, Kayanna",True,25,1,6,0.167,0,0,,5,8,0.625,4,4,8,2,0,2,2,0,7
2022-01-22_uc_davis_csun,CSUN,21,"Tu'ua, Anaiyah",True,17,0,5,0.0,0,1,0.0,0,0,,0,1,1,3,1,0,0,0,0
2022-01-22_uc_davis_csun,CSUN,02,"Woodley, Sydney",False,21,2,5,0.4,0,1,0.0,2,2,1.0,2,3,5,3,1,1,0,2,6
2022-01-22_uc_davis_csun,CSUN,11,"Smith, Olivia",False,21,1,2,0.5,0,0,,0,0,,0,2,2,1,1,2,0,1,2
2022-01-22_uc_davis_csun,CSUN,32,"Hawkins, Ashley",False,13,1,5,0.2,0,2,0.0,0,0,,0,3,3,2,0,0,0,1,2
2022-01-22_uc_davis_csun,CSUN,24,"Smith, Macy",False,9,0,4,0.0,0,2,0.0,0,0,,0,2,2,2,0,1,0,0,0
2022-01-22_uc_davis_csun,CSUN,04,"Harvey, Rachel",False,8,0,0,,0,0,,0,0,,0,1,1,1,0,0,1,0,0
2022-01-22_uc_davis_csun,CSUN,22,"Hudgen, McKenzie",False,5,0,0,,0,0,,0,0,,0,0,0,0,0,0,0,0,0
2022-01-22_uc_davis_csun,CSUN,TM,TEAM,False,0,0,0,,0,0,,0,0,,1,1,2,0,0,2,0,0,0
2022-01-22_uc_davis_csun,UC Davis,32,"Hall, Cierra",True,38,6,14,0.429,1,5,0.2,8,10,0.8,4,7,11,2,1,4,0,0,21
2022-01-22_uc_davis_csun,UC Davis,15,"Turner, Evanne",True,37,6,14,0.429,3,9,0.333,2,2,1.0,1,3,4,2,1,4,0,0,17
2022-01-22_uc_davis_csun,UC Davis,23,"Konrad, Kayla",True,27,0,3,0.0,0,2,0.0,4,4,1.0,1,4,5,3,1,1,0,0,4
2022-01-22_uc_davis_csun,UC Davis,11,"Stobbart, Sage",True,22,1,5,0.2,1,3,0.333,0,0,,1,5,6,5,1,4,1,1,3
2022-01-22_uc_davis_csun,UC Davis,13,"Burns, Sydney",True,19,0,1,0.0,0,0,,0,0,,0,2,2,3,1,1,0,1,0
2022-01-22_uc_davis_csun,UC Davis,24,"Langi, Marley",False,8,0,4,0.0,0,3,0.0,2,2,1.0,0,0,0,1,1,0,0,0,2
2022-01-22_uc_davis_csun,UC Davis,10,"Svanholm, Lena",False,14,0,1,0.0,0,0,,1,2,0.5,0,3,3,2,1,1,0,0,1
2022-01-22_uc_davis_csun,UC Davis,20,"Sanders, Makaila",False,15,0,4,0.0,0,4,0.0,0,0,,0,2,2,0,0,0,0,1,0
2022-01-22_uc_davis_csun,UC Davis,41,"Shine, Bria",False,8,0,1,0.0,0,1,0.0,0,0,,0,1,1,0,1,0,0,0,0
2022-01-22_uc_davis_csun,UC Davis,03,"Gray, Campbell",False,6,0,1,0.0,0,1,0.0,0,0,,0,2,2,1,0,1,0,0,0
2022-01-22_uc_davis_csun,UC Davis,33,"Harris, Mazatlan",False,6,0,0,,0,0,,0,0,,0,2,2,0,1,0,0,0,0
2022-01-22_uc_davis_csun,UC Davis,TM,TEAM,False,0,0,0,,0,0,,0,0,,1,4,5,0,0,0,0,0,0
2022-01-22_hawaii_csu_bakersfield,CSU Bakersfield,10,"Eggleston, Jayden",True,28,6,12,0.5,0,0,,3,4,0.75,0,1,1,3,1,0,0,0,15
2022-01-22_hawaii_csu_bakersfield,CSU Bakersfield,03,"van Schaik, Hennie",True,31,3,6,0.5,2,4,0.5,2,4,0.5,3,4,7,3,0,2,1,2,10
2022-01-22_hawaii_csu_bakersfield,CSU Bakersfield,04,"Dixon, Jasmin",True,23,3,4,0.75,3,3,1.0,0,0,,0,3,3,2,0,2,0,1,9
2022-01-22_hawaii_csu_bakersfield,CSU Bakersfield,23,"Saxon, Miracle",True,20,2,5,0.4,1,2,0.5,1,2,0.5,0,2,2,5,0,0,0,0,6
2022-01-22_hawaii_csu_bakersfield,CSU Bakersfield,11,"Green, Lexus",True,29,1,10,0.1,0,4,0.0,1,3,0.333,2,3,5,2,4,3,0,1,3
2022-01-22_hawaii_csu_bakersfield,CSU Bakersfield,54,"Austin, Vanessa",False,16,3,4,0.75,0,0,,2,2,1.0,1,2,3,3,0,3,0,0,8
2022-01-22_hawaii_csu_bakersfield,CSU Bakersfield,22,"Easley, Andie",False,31,3,6,0.5,1,2,0.5,0,0,,0,1,1,2,7,2,0,0,7
2022-01-22_hawaii_csu_bakersfield,CSU Bakersfield,24,"Bridges-Bey, Sage",False,7,1,2,0.5,1,1,1.0,0,0,,1,0,1,2,0,0,0,0,3
2022-01-22_hawaii_csu_bakersfield,CSU Bakersfield,13,"Herrera, Solmilena",False,5,1,1,1.0,0,0,,1,1,1.0,0,0,0,1,0,0,0,0,3
2022-01-22_hawaii_csu_bakersfield,CSU Bakersfield,00,"Johnson, Simone",False,10,1,3,0.333,0,2,0.0,0,0,,0,1,1,2,1,0,0,0,2
2022-01-22_hawaii_csu_bakersfield,CSU Bakersfield,TM,TEAM,False,0,0,0,,0,0,,0,0,,2,1,3,0,0,1,0,0,0
2022-01-22_hawaii_csu_bakersfield,Hawaii,25,"Atwell, Amy",True,37,10,19,0.526,3,7,0.429,10,12,0.833,2,8,10,1,0,2,0,0,33
2022-01-22_hawaii_csu_bakersfield,Hawaii,01,"Imai, Kelsie",True,25,1,3,0.333,0,0,,1,2,0.5,1,4,5,3,1,1,0,0,3
2022-01-22_hawaii_csu_bakersfield,Hawaii,14,"Orji, Nnenna",True,19,1,2,0.5,0,0,,0,1,0.0,0,3,3,3,0,2,1,0,2
2022-01-22_hawaii_csu_bakersfield,Hawaii,02,"Thoms, Ashley",True,9,1,5,0.2,0,1,0.0,0,0,,2,0,2,0,0,2,0,0,2
2022-01-22_hawaii_csu_bakersfield,Hawaii,23,"McBee, MeiLani",True,16,0,1,0.0,0,1,0.0,0,0,,0,1,1,2,0,0,0,1,0
2022-01-22_hawaii_csu_bakersfield,Hawaii,15,"Phillips, Daejah",False,31,2,4,0.5,0,1,0.0,9,11,0.818,1,4,5,3,4,2,0,1,13
2022-01-22_hawaii_csu_bakersfield,Hawaii,45,"Davies, Olivia",False,25,2,5,0.4,1,4,0.25,4,4,1.0,0,0,0,2,3,1,0,2,9
2022-01-22_hawaii_csu_bakersfield,Hawaii,11,"Spiller, Kallin",False,15,2,2,1.0,1,1,1.0,0,0,,1,1,2,1,1,1,0,0,5
2022-01-22_hawaii_csu_bakersfield,Hawaii,24,"Calhoun, Nae Nae",False,14,1,1,1.0,0,0,,1,2,0.5,0,1,1,4,2,2,0,1,3
2022-01-22_hawaii_csu_bakersfield,Hawaii,34,"David, Jacque",False,9,1,3,0.333,1,3,0.333,0,0,,0,0,0,0,0,1,0,0,3
2022-01-22_hawaii_csu_bakersfield,Hawaii,TM,TEAM,False,0,0,0,,0,0,,0,0,,1,1,2,0,0,0,0,0,0
2022-01-22_uc_irvine_long_beach_st,Long Beach St.,00,"Berry, Ma'qhi",True,33,4,8,0.5,0,1,0.0,7,7,1.0,1,1,2,2,3,0,1,0,15
2022-01-22_uc_irvine_long_beach_st,Long Beach St.,1,"Utti, Maddi",True,39,4,11,0.364,0,3,0.0,4,4,1.0,1,7,8,0,1,1,1,5,12
2022-01-22_uc_irvine_long_beach_st,Long Beach St.,10,"King, Justina",True,38,4,11,0.364,0,3,0.0,3,4,0.75,0,2,2,3,8,6,1,1,11
2022-01-22_uc_irvine_long_beach_st,Long Beach St.,11,"Hardy, Jasmine",True,35,2,7,0.286,0,2,0.0,4,4,1.0,2,3,5,1,0,2,1,1,8
2022-01-22_uc_irvine_long_beach_st,Long Beach St.,12,"Jeskeova, Kristyna",True,8,0,0,,0,0,,0,0,,0,2,2,0,0,1,0,1,0
2022-01-22_uc_irvine_long_beach_st,Long Beach St.,25,"Hamilton-fisher, Kianna",False,24,3,7,0.429,1,4,0.25,0,0,,2,1,3,4,0,1,0,2,7
2022-01-22_uc_irvine_long_beach_st,Long Beach St.,23,"Green, Lauren",False,14,2,2,1.0,0,0,,2,2,1.0,0,1,1,3,2,1,0,3,6
2022-01-22_uc_irvine_long_beach_st,Long Beach St.,2,"Tucker, Savannah",False,9,1,5,0.2,0,1,0.0,1,2,0.5,0,0,0,0,0,0,1,0,3
2022-01-22_uc_irvine_long_beach_st,Long Beach St.,TM,TEAM,False,0,0,0,,0,0,,0,0,,1,5,6,0,0,0,0,0,0
2022-01-22_uc_irvine_long_beach_st,UC Irvine,4,"Williams, Kayla",True,31,6,15,0.4,3,8,0.375,0,0,,0,0,0,4,0,4,0,2,15
2022-01-22_uc_irvine_long_beach_st,UC Irvine,21,"Williams, Olivia",True,25,1,5,0.2,1,4,0.25,0,0,,0,1,1,1,2,1,0,3,3
2022-01-22_uc_irvine_long_beach_st,UC Irvine,42,"Hunt, Naomi",True,31,1,7,0.143,0,3,0.0,0,0,,2,4,6,1,4,1,1,0,2
2022-01-22_uc_irvine_long_beach_st,UC Irvine,24,"Kapinga, Melodie",True,11,1,4,0.25,0,0,,0,0,,3,0,3,0,0,0,0,0,2
2022-01-22_uc_irvine_long_beach_st,UC Irvine,13,"Lee, Déja",True,3,0,0,,0,0,,0,0,,0,0,0,0,0,1,0,0,0
2022-01-22_uc_irvine_long_beach_st,UC Irvine,2,"Webb, Chloe",False,27,5,9,0.556,0,1,0.0,2,3,0.667,5,2,7,4,3,4,0,4,12
2022-01-22_uc_irvine_long_beach_st,UC Irvine,10,"Cadee, Jayde",False,22,3,7,0.429,2,5,0.4,0,0,,1,2,3,3,2,2,0,0,8
2022-01-22_uc_irvine_long_beach_st,UC Irvine,35,"Locandro, Sophia",False,19,1,2,0.5,0,0,,3,4,0.75,0,5,5,2,0,2,0,0,5
2022-01-22_uc_irvine_long_beach_st,UC Irvine,33,"Kaupu, Caiyle",False,8,1,4,0.25,0,1,0.0,0,0,,1,1,2,2,0,2,0,0,2
2022-01-22_uc_irvine_long_beach_st,UC Irvine,45,"Dusharm, Tara",False,9,0,1,0.0,0,0,,1,2,0.5,1,2,3,1,0,0,0,0,1
2022-01-22_uc_irvine_long_beach_st,UC Irvine,3,"Tom, Nikki",False,10,0,1,0.0,0,1,0.0,0,0,,0,0,0,1,1,3,0,0,0
2022-01-22_uc_irvine_long_beach_st,UC Irvine,20,"Hernandez, Hunter",False,3,0,1,0.0,0,1,0.0,0,0,,0,2,2,1,0,2,0,0,0
2022-01-22_uc_irvine_long_beach_st,UC Irvine,11,"Scharpf, Amelia",False,1,0,0,,0,0,,0,0,,0,0,0,0,0,0,0,0,0
2022-01-22_uc_irvine_long_beach_st,UC Irvine,TM,TEAM,False,0,0,0,,0,0,,0,0,,4,4,8,0,0,0,0,0,0
2022-01-22_uc_san_diego_cal_st_fullerton,Cal St. Fullerton,03,"Wahinekapu, Lily",True,35,8,18,0.444,3,5,0.6,4,4,1.0,0,6,6,1,4,4,0,2,23
2022-01-22_uc_san_diego_cal_st_fullerton,Cal St. Fullerton,55,"Nimmo, Fujika",True,37,7,19,0.368,1,4,0.25,2,2,1.0,0,2,2,4,1,3,1,2,17
2022-01-22_uc_san_diego_cal_st_fullerton,Cal St. Fullerton,01,"Jovanovic, Una",True,14,1,3,0.333,0,1,0.0,0,0,,1,4,5,1,3,1,0,2,2
2022-01-22_uc_san_diego_cal_st_fullerton,Cal St. Fullerton,24,"Neff, Kathryn",True,32,0,3,0.0,0,1,0.0,1,2,0.5,3,4,7,2,4,2,1,0,1
2022-01-22_uc_san_diego_cal_st_fullerton,Cal St. Fullerton,32,"Lewis, Ashlee",True,10,0,4,0.0,0,0,,1,2,0.5,1,1,2,1,0,0,0,0,1
2022-01-22_uc_san_diego_cal_st_fullerton,Cal St. Fullerton,05,"Rodarte, Clarissa",False,27,4,7,0.571,0,1,0.0,4,5,0.8,3,10,13,1,0,1,0,0,12
2022-01-22_uc_san_diego_cal_st_fullerton,Cal St. Fullerton,11,"MacDonald, Ruby",False,4,1,1,1.0,1,1,1.0,0,0,,0,0,0,1,0,0,0,0,3
2022-01-22_uc_san_diego_cal_st_fullerton,Cal St. Fullerton,13,"Hernandez, Aixchel",False,8,1,4,0.25,0,0,,0,0,,0,1,1,0,0,0,0,0,2
2022-01-22_uc_san_diego_cal_st_fullerton,Cal St. Fullerton,04,"Vidmar, Gabi",False,29,0,1,0.0,0,1,0.0,0,0,,1,0,1,1,0,0,1,0,0
2022-01-22_uc_san_diego_cal_st_fullerton,Cal St. Fullerton,23,"Gill, Carolyn",False,3,0,2,0.0,0,0,,0,0,,0,2,2,1,0,0,0,0,0
2022-01-22_uc_san_diego_cal_st_fullerton,Cal St. Fullerton,54,"Furch, Brianna",False,1,0,0,,0,0,,0,0,,0,0,0,0,0,0,0,0,0
2022-01-22_uc_san_diego_cal_st_fullerton,Cal St. Fullerton,TM,TEAM,False,0,0,0,,0,0,,0,0,,4,1,5,0,0,3,0,0,0
2022-01-22_uc_san_diego_cal_st_fullerton,UC San Diego,13,"Brown, Sydney",True,38,6,17,0.353,3,7,0.429,3,3,1.0,3,10,13,2,0,1,3,1,18
2022-01-22_uc_san_diego_cal_st_fullerton,UC San Diego,10,"Macabuhay, Julia",True,21,4,9,0.444,2,3,0.667,7,9,0.778,0,1,1,1,2,2,0,1,17
2022-01-22_uc_san_diego_cal_st_fullerton,UC San Diego,04,"Cangelosi, Emily",True,27,6,8,0.75,1,2,0.5,1,1,1.0,2,2,4,3,3,0,0,0,14
2022-01-22_uc_san_diego_cal_st_fullerton,UC San Diego,12,"Baxter, Madison",True,28,3,7,0.429,1,4,0.25,0,0,,0,4,4,4,1,1,0,0,7
2022-01-22_uc_san_diego_cal_st_fullerton,UC San Diego,24,"Mullings, Bridget",True,7,0,1,0.0,0,0,,0,0,,0,1,1,1,2,0,2,0,0
2022-01-22_uc_san_diego_cal_st_fullerton,UC San Diego,32,"Montgomery, Parker",False,31,2,7,0.286,1,5,0.2,0,0,,0,2,2,1,4,1,1,4,5
2022-01-22_uc_san_diego_cal_st_fullerton,UC San Diego,02,"Chamberlin, Ula",False,18,1,5,0.2,1,3,0.333,0,0,,0,2,2,3,3,1,1,1,3
2022-01-22_uc_san_diego_cal_st_fullerton,UC San Diego,15,"Claros, Brianna",False,19,0,5,0.0,0,2,0.0,0,0,,0,1,1,0,3,1,0,0,0
2022-01-22_uc_san_diego_cal_st_fullerton,UC San Diego,35,"Springs, Katie",False,5,0,0,,0,0,,0,0,,0,0,0,1,0,0,0,0,0
2022-01-22_uc_san_diego_cal_st_fullerton,UC San Diego,20,"Forsyth, Izzy",False,4,0,2,0.0,0,2,0.0,0,0,,0,1,1,1,1,2,0,0,0
2022-01-22_uc_san_diego_cal_st_fullerton,UC San Diego,23,"Thompson, Courtni",False,2,0,0,,0,0,,0,0,,0,0,0,0,0,0,0,0,0
2022-01-22_uc_san_diego_cal_st_fullerton,UC San Diego,TM,TEAM,False,0,0,0,,0,0,,0,0,,2,2,4,0,0,0,0,0,0
2022-01-22_uc_riverside_uc_santa_barbara,UC Santa Barbara,00,"Miller, Danae",True,40,4,14,0.286,1,5,0.2,6,8,0.75,2,4,6,2,3,3,0,1,15
2022-01-22_uc_riverside_uc_santa_barbara,UC Santa Barbara,31,"Lane, Ila",True,31,3,6,0.5,0,0,,0,1,0.0,3,3,6,3,1,2,0,1,6
2022-01-22_uc_riverside_uc_santa_barbara,UC Santa Barbara,2,"Tucker, Alexis",True,27,2,7,0.286,0,2,0.0,2,4,0.5,1,4,5,3,1,2,0,0,6
2022-01-22_uc_riverside_uc_santa_barbara,UC Santa Barbara,30,"Anderson, Megan",True,30,2,4,0.5,1,3,0.333,0,0,,0,7,7,1,1,4,0,0,5
2022-01-22_uc_riverside_uc_santa_barbara,UC Santa Barbara,10,"Choice, Anya",True,25,0,4,0.0,0,1,0.0,0,0,,0,1,1,4,0,3,0,0,0
2022-01-22_uc_riverside_uc_santa_barbara,UC Santa Barbara,1,"Gonzalez, Johnni",False,27,3,9,0.333,1,5,0.2,0,0,,0,3,3,2,0,2,0,2,7
2022-01-22_uc_riverside_uc_santa_barbara,UC Santa Barbara,13,"Modawar, Tatyana",False,9,1,2,0.5,0,1,0.0,0,0,,0,1,1,0,0,3,1,2,2
2022-01-22_uc_riverside_uc_santa_barbara,UC Santa Barbara,12,"Mole, Taylor",False,6,0,0,,0,0,,1,2,0.5,0,0,0,0,0,1,0,0,1
2022-01-22_uc_riverside_uc_santa_barbara,UC Santa Barbara,3,"Marin, Alyssa",False,2,0,1,0.0,0,1,0.0,0,0,,0,0,0,0,0,0,0,0,0
2022-01-22_uc_riverside_uc_santa_barbara,UC Santa Barbara,21,"Johnson, Kennedy",False,2,0,0,,0,0,,0,0,,0,0,0,0,0,0,0,0,0
2022-01-22_uc_riverside_uc_santa_barbara,UC Santa Barbara,11,"Lee, Lauren",False,1,0,0,,0,0,,0,0,,0,0,0,0,0,0,0,0,0
2022-01-22_uc_riverside_uc_santa_barbara,UC Santa Barbara,TM,TEAM,False,0,0,0,,0,0,,0,0,,0,3,3,0,0,4,0,0,0
2022-01-22_uc_riverside_uc_santa_barbara,UC Riverside,10,"Cooper, Keilanei",True,29,6,14,0.429,0,3,0.0,2,2,1.0,0,3,3,1,2,3,0,1,14
2022-01-22_uc_riverside_uc_santa_barbara,UC Riverside,4,"Holland, Jada",True,37,4,12,0.333,1,1,1.0,4,6,0.667,1,7,8,2,3,4,0,3,13
2022-01-22_uc_riverside_uc_santa_barbara,UC Riverside,3,"West, Olivia",True,36,3,11,0.273,3,10,0.3,1,2,0.5,0,2,2,2,1,2,0,1,10
2022-01-22_uc_riverside_uc_santa_barbara,UC Riverside,32,"Webster, Jordan",True,21,2,5,0.4,2,5,0.4,0,0,,1,2,3,4,0,4,0,2,6
2022-01-22_uc_riverside_uc_santa_barbara,UC Riverside,24,"Gnago, Daphne",True,22,1,3,0.333,0,0,,3,4,0.75,4,5,9,4,0,2,0,2,5
2022-01-22_uc_riverside_uc_santa_barbara,UC Riverside,15,"Blount, Anna",False,16,2,5,0.4,0,0,,0,0,,2,0,2,0,0,1,0,1,4
2022-01-22_uc_riverside_uc_santa_barbara,UC Riverside,00,"Bryant, Matehya",False,16,1,3,0.333,0,0,,0,0,,2,3,5,2,2,2,0,0,2
2022-01-22_uc_riverside_uc_santa_barbara,UC Riverside,14,"Finau, Mele",False,20,0,3,0.0,0,2,0.0,1,2,0.5,0,5,5,2,1,1,0,1,1
2022-01-22_uc_riverside_uc_santa_barbara,UC Riverside,23,"Aikins, India",False,3,0,0,,0,0,,0,0,,0,0,0,1,0,0,0,0,0
2022-01-22_uc_riverside_uc_santa_barbara,UC Riverside,TM,TEAM,False,0,0,0,,0,0,,0,0,,3,1,4,0,0,0,0,0,0
2022-01-25_uc_santa_barbara_csun,CSUN,01,"Jackson, Jordyn",True,35,6,16,0.375,2,4,0.5,0,0,,0,2,2,1,3,2,0,1,14
2022-01-25_uc_santa_barbara_csun,CSUN,21,"Tu'ua, Anaiyah",True,25,5,9,0.556,1,4,0.25,1,2,0.5,2,3,5,2,2,3,1,3,12
2022-01-25_uc_santa_barbara_csun,CSUN,15,"Amundsen, Tess",True,24,3,10,0.3,1,2,0.5,4,4,1.0,2,3,5,5,0,5,0,0,11
2022-01-25_uc_santa_barbara_csun,CSUN,34,"Spriggs, Kayanna",True,32,4,7,0.571,0,0,,2,4,0.5,2,1,3,3,0,3,0,2,10
2022-01-25_uc_santa_barbara_csun,CSUN,12,"Henderson, Meghann",True,32,2,4,0.5,0,1,0.0,0,0,,2,3,5,5,1,1,0,1,4
2022-01-25_uc_santa_barbara_csun,CSUN,02,"Woodley, Sydney",False,19,1,7,0.143,0,2,0.0,0,0,,1,1,2,3,1,0,0,2,2
2022-01-25_uc_santa_barbara_csun,CSUN,05,"Duchemin, Michelle",False,10,0,2,0.0,0,0,,1,2,0.5,1,1,2,2,1,0,0,1,1
2022-01-25_uc_santa_barbara_csun,CSUN,11,"Smith, Olivia",False,10,0,0,,0,0,,0,0,,1,1,2,0,0,1,0,0,0
2022-01-25_uc_santa_barbara_csun,CSUN,32,"Hawkins, Ashley",False,5,0,1,0.0,0,0,,0,0,,0,2,2,0,1,1,0,0,0
2022-01-25_uc_santa_barbara_csun,CSUN,04,"Harvey, Rachel",False,4,0,1,0.0,0,0,,0,0,,0,0,0,0,0,1,0,1,0
2022-01-25_uc_santa_barbara_csun,CSUN,24,"Smith, Macy",False,4,0,0,,0,0,,0,0,,1,1,2,2,0,0,0,0,0
2022-01-25_uc_santa_barbara_csun,CSUN,TM,TEAM,False,0,0,0,,0,0,,0,0,,4,2,6,0,0,0,0,0,0
2022-01-25_uc_santa_barbara_csun,UC Santa Barbara,00,"Miller, Danae",True,40,5,15,0.333,2,7,0.286,14,15,0.933,1,1,2,1,2,5,0,2,26
2022-01-25_uc_santa_barbara_csun,UC Santa Barbara,31,"Lane, Ila",True,37,4,8,0.5,0,0,,2,2,1.0,6,10,16,2,2,2,0,0,10
2022-01-25_uc_santa_barbara_csun,UC Santa Barbara,30,"Anderson, Megan",True,27,1,5,0.2,0,3,0.0,3,3,1.0,1,2,3,1,1,2,0,0,5
2022-01-25_uc_santa_barbara_csun,UC Santa Barbara,02,"Tucker, Alexis",True,20,1,5,0.2,0,1,0.0,2,2,1.0,0,1,1,1,1,1,0,0,4
2022-01-25_uc_santa_barbara_csun,UC Santa Barbara,01,"Gonzalez, Johnni",True,20,1,4,0.25,0,1,0.0,0,0,,0,2,2,2,3,2,0,1,2
2022-01-25_uc_santa_barbara_csun,UC Santa Barbara,21,"Johnson, Kennedy",False,11,3,4,0.75,0,1,0.0,0,0,,1,4,5,3,0,0,2,1,6
2022-01-25_uc_santa_barbara_csun,UC Santa Barbara,03,"Marin, Alyssa",False,10,1,3,0.333,1,3,0.333,1,2,0.5,0,0,0,0,0,1,0,1,4
2022-01-25_uc_santa_barbara_csun,UC Santa Barbara,12,"Mole, Taylor",False,8,1,4,0.25,0,2,0.0,1,1,1.0,1,1,2,0,0,1,0,0,3
2022-01-25_uc_santa_barbara_csun,UC Santa Barbara,05,"Cooper, Callie",False,6,0,0,,0,0,,1,2,0.5,0,0,0,0,0,1,0,1,1
2022-01-25_uc_santa_barbara_csun,UC Santa Barbara,11,"Lee, Lauren",False,14,0,0,,0,0,,0,0,,0,0,0,3,1,1,0,1,0
2022-01-25_uc_santa_barbara_csun,UC Santa Barbara,10,"Choice, Anya",False,5,0,0,,0,0,,0,0,,0,0,0,0,0,2,0,0,0
2022-01-25_uc_santa_barbara_csun,UC Santa Barbara,20,"Rockwood, Laurel",False,2,0,0,,0,0,,0,0,,0,0,0,0,0,0,0,0,0
2022-01-25_uc_santa_barbara_csun,UC Santa Barbara,TM,TEAM,False,0,0,0,,0,0,,0,0,,2,1,3,0,0,0,0,0,0
2022-01-27_cal_st_fullerton_uc_davis,UC Davis,15,Evanne Turner,True,39,6,16,0.375,4,8,0.5,4,4,1.0,2,3,5,3,3,1,0,2,20
2022-01-27_cal_st_fullerton_uc_davis,UC Davis,32,Cierra Hall,True,29,6,11,0.545,1,3,0.333,5,7,0.714,3,5,8,4,2,4,0,1,18
2022-01-27_cal_st_fullerton_uc_davis,UC Davis,11,Sage Stobbart,True,32,4,5,0.8,0,0,,2,4,0.5,1,8,9,3,2,2,3,2,10
2022-01-27_cal_st_fullerton_uc_davis,UC Davis,23,Kayla Konrad,True,26,2,8,0.25,0,1,0.0,0,0,,2,2,4,5,3,2,0,2,4
2022-01-27_cal_st_fullerton_uc_davis,UC Davis,13,Sydney Burns,True,31,1,5,0.2,0,1,0.0,0,0,,1,0,1,2,6,6,0,2,2
2022-01-27_cal_st_fullerton_uc_davis,UC Davis,10,Lena Svanholm,False,8,3,6,0.5,0,0,,0,0,,1,0,1,1,0,0,0,0,6
2022-01-27_cal_st_fullerton_uc_davis,UC Davis,33,Mazatlan Harris,False,13,1,4,0.25,1,2,0.5,0,0,,0,0,0,1,2,1,0,0,3
2022-01-27_cal_st_fullerton_uc_davis,UC Davis,41,Bria Shine,False,10,1,2,0.5,0,0,,0,2,0.0,0,1,1,2,0,0,0,1,2
2022-01-27_cal_st_fullerton_uc_davis,UC Davis,20,Makaila Sanders,False,9,0,2,0.0,0,2,0.0,0,0,,0,1,1,2,0,2,0,0,0
2022-01-27_cal_st_fullerton_uc_davis,UC Davis,02,Megan Jones,False,2,0,0,,0,0,,0,0,,0,0,0,0,0,0,0,0,0
2022-01-27_cal_st_fullerton_uc_davis,UC Davis,24,Marley Langi,False,2,0,0,,0,0,,0,0,,0,1,1,1,0,2,0,1,0
2022-01-27_cal_st_fullerton_uc_davis,UC Davis,TM,TEAM,False,0,0,0,,0,0,,0,0,,2,1,3,0,0,0,0,0,0
2022-01-27_cal_st_fullerton_uc_davis,Cal St. Fullerton,03,"Wahinekapu, Lily",True,34,7,13,0.538,3,5,0.6,10,12,0.833,0,2,2,2,4,3,2,3,27
2022-01-27_cal_st_fullerton_uc_davis,Cal St. Fullerton,55,"Nimmo, Fujika",True,28,6,12,0.5,0,0,,1,4,0.25,2,0,2,3,2,3,0,2,13
2022-01-27_cal_st_fullerton_uc_davis,Cal St. Fullerton,32,"Lewis, Ashlee",True,17,4,10,0.4,0,0,,1,2,0.5,1,0,1,3,0,2,0,1,9
2022-01-27_cal_st_fullerton_uc_davis,Cal St. Fullerton,23,"Gill, Carolyn",True,38,2,4,0.5,0,0,,2,2,1.0,5,6,11,3,1,3,0,2,6
2022-01-27_cal_st_fullerton_uc_davis,Cal St. Fullerton,24,"Neff, Kathryn",True,33,0,2,0.0,0,2,0.0,3,4,0.75,0,6,6,2,2,4,1,1,3
2022-01-27_cal_st_fullerton_uc_davis,Cal St. Fullerton,04,"Vidmar, Gabi",False,29,2,9,0.222,1,8,0.125,2,4,0.5,1,4,5,1,1,3,0,1,7
2022-01-27_cal_st_fullerton_uc_davis,Cal St. Fullerton,01,"Jovanovic, Una",False,12,2,3,0.667,0,0,,0,0,,0,2,2,0,0,0,0,1,4
2022-01-27_cal_st_fullerton_uc_davis,Cal St. Fullerton,05,"Rodarte, Clarissa",False,6,0,0,,0,0,,0,0,,1,1,2,0,0,1,0,0,0
2022-01-27_cal_st_fullerton_uc_davis,Cal St. Fullerton,11,"MacDonald, Ruby",False,4,0,0,,0,0,,0,0,,0,1,1,0,0,0,0,0,0
2022-01-27_cal_st_fullerton_uc_davis,Cal St. Fullerton,TM,TEAM,False,0,0,0,,0,0,,0,0,,2,4,6,0,0,0,0,0,0
2022-01-27_uc_santa_barbara_hawaii,Hawaii,25,"Atwell, Amy",True,31,4,12,0.333,1,3,0.333,0,0,,1,3,4,3,1,1,0,1,9
2022-01-27_uc_santa_barbara_hawaii,Hawaii,01,"Imai, Kelsie",True,25,3,6,0.5,0,1,0.0,2,2,1.0,0,1,1,0,2,3,0,0,8
2022-01-27_uc_santa_barbara_hawaii,Hawaii,14,"Orji, Nnenna",True,11,1,5,0.2,0,1,0.0,1,2,0.5,2,1,3,3,1,0,0,0,3
2022-01-27_uc_santa_barbara_hawaii,Hawaii,23,"McBee, Meilani",True,17,0,1,0.0,0,1,0.0,0,0,,0,4,4,2,0,0,0,1,0
2022-01-27_uc_santa_barbara_hawaii,Hawaii,02,"Thoms, Ashley",True,7,0,1,0.0,0,1,0.0,0,0,,0,1,1,0,0,0,0,0,0
2022-01-27_uc_santa_barbara_hawaii,Hawaii,34,"David, Jacque",False,23,4,7,0.571,1,2,0.5,2,2,1.0,1,0,1,2,0,1,0,1,11
2022-01-27_uc_santa_barbara_hawaii,Hawaii,15,"Phillips, Daejah",False,27,2,9,0.222,1,4,0.25,5,8,0.625,2,3,5,3,1,5,0,0,10
2022-01-27_uc_santa_barbara_hawaii,Hawaii,45,"Davies, Olivia",False,26,2,8,0.25,0,4,0.0,0,0,,1,0,1,3,2,0,0,0,4
2022-01-27_uc_santa_barbara_hawaii,Hawaii,24,"Calhoun, Nae Nae",False,21,1,4,0.25,1,3,0.333,0,0,,1,0,1,2,4,0,0,1,3
2022-01-27_uc_santa_barbara_hawaii,Hawaii,20,"Haire, McKenna",False,5,1,2,0.5,1,2,0.5,0,0,,2,0,2,0,0,0,0,0,3
2022-01-27_uc_santa_barbara_hawaii,Hawaii,11,"Spiller, Kallin",False,7,0,1,0.0,0,1,0.0,0,0,,0,2,2,0,0,0,0,0,0
2022-01-27_uc_santa_barbara_hawaii,Hawaii,TM,TEAM,False,0,0,0,,0,0,,0,0,,0,2,2,0,0,0,0,0,0
2022-01-27_uc_santa_barbara_hawaii,UC Santa Barbara,02,"Tucker, Alexis",True,31,7,13,0.538,2,4,0.5,3,4,0.75,0,3,3,2,1,1,0,0,19
2022-01-27_uc_santa_barbara_hawaii,UC Santa Barbara,31,"Lane, Ila",True,36,4,6,0.667,0,0,,5,6,0.833,3,8,11,3,0,2,0,0,13
2022-01-27_uc_santa_barbara_hawaii,UC Santa Barbara,30,"Anderson, Megan",True,24,2,6,0.333,1,4,0.25,0,0,,0,5,5,2,1,2,0,0,5
2022-01-27_uc_santa_barbara_hawaii,UC Santa Barbara,01,"Gonzalez, Johnni",True,30,2,7,0.286,0,3,0.0,0,0,,0,3,3,1,8,2,0,0,4
2022-01-27_uc_santa_barbara_hawaii,UC Santa Barbara,00,"Miller, Danae",True,14,1,4,0.25,0,1,0.0,0,0,,0,1,1,0,2,1,0,0,2
2022-01-27_uc_santa_barbara_hawaii,UC Santa Barbara,10,"Choice, Anya",False,19,4,4,1.0,1,1,1.0,2,2,1.0,1,3,4,2,2,1,0,1,11
2022-01-27_uc_santa_barbara_hawaii,UC Santa Barbara,12,"Mole, Taylor",False,15,1,2,0.5,1,1,1.0,3,4,0.75,1,3,4,0,3,0,0,0,6
2022-01-27_uc_santa_barbara_hawaii,UC Santa Barbara,21,"Johnson, Kennedy",False,12,1,2,0.5,0,1,0.0,0,0,,0,1,1,1,0,2,1,1,2
2022-01-27_uc_santa_barbara_hawaii,UC Santa Barbara,11,"Lee, Lauren",False,7,1,1,1.0,0,0,,0,0,,0,0,0,2,0,1,0,0,2
2022-01-27_uc_santa_barbara_hawaii,UC Santa Barbara,05,"Cooper, Callie",False,3,0,0,,0,0,,1,2,0.5,0,0,0,0,0,1,0,0,1
2022-01-27_uc_santa_barbara_hawaii,UC Santa Barbara,03,"Marin, Alyssa",False,3,0,0,,0,0,,0,0,,0,0,0,0,1,1,0,0,0
2022-01-27_uc_santa_barbara_hawaii,UC Santa Barbara,13,"Modawar, Tatyana",False,3,0,0,,0,0,,0,0,,0,0,0,0,0,0,0,0,0
2022-01-27_uc_santa_barbara_hawaii,UC Santa Barbara,20,"Rockwood, Laurel",False,2,0,0,,0,0,,0,0,,0,0,0,0,0,0,0,0,0
2022-01-27_uc_santa_barbara_hawaii,UC Santa Barbara,25,"Cabuena, Analillia",False,1,0,0,,0,0,,0,0,,0,1,1,0,0,0,0,0,0
2022-01-27_uc_santa_barbara_hawaii,UC Santa Barbara,TM,TEAM,False,0,0,0,,0,0,,0,0,,0,3,3,0,0,0,0,0,0
2022-01-27_csu_bakersfield_uc_irvine,UC Irvine,2,"Webb, Chloe",True,27,10,11,0.909,0,0,,6,8,0.75,2,6,8,4,1,3,0,2,26
2022-01-27_csu_bakersfield_uc_irvine,UC Irvine,4,"Williams, Kayla",True,32,5,11,0.455,1,5,0.2,1,2,0.5,0,4,4,0,9,4,0,2,12
2022-01-27_csu_bakersfield_uc_irvine,UC Irvine,42,"Hunt, Naomi",True,26,3,5,0.6,3,4,0.75,2,2,1.0,0,4,4,2,0,5,2,0,11
2022-01-27_csu_bakersfield_uc_irvine,UC Irvine,35,"Locandro, Sophia",True,18,2,5,0.4,1,2,0.5,2,4,0.5,2,4,6,1,0,1,0,0,7
2022-01-27_csu_bakersfield_uc_irvine,UC Irvine,21,"Williams, Olivia",True,20,1,5,0.2,0,3,0.0,2,2,1.0,1,2,3,0,1,1,0,3,4
2022-01-27_csu_bakersfield_uc_irvine,UC Irvine,20,"Hernandez, Hunter",False,16,4,4,1.0,1,1,1.0,0,1,0.0,0,2,2,1,0,1,0,0,9
2022-01-27_csu_bakersfield_uc_irvine,UC Irvine,45,"Dusharm, Tara",False,15,3,5,0.6,0,0,,1,1,1.0,2,4,6,4,1,0,0,1,7
2022-01-27_csu_bakersfield_uc_irvine,UC Irvine,10,"Cadee, Jayde",False,15,1,5,0.2,1,5,0.2,0,0,,1,1,2,3,1,0,0,0,3
2022-01-27_csu_bakersfield_uc_irvine,UC Irvine,24,"Kapinga, Melodie",False,3,1,2,0.5,0,0,,0,0,,1,2,3,2,0,1,1,0,2
2022-01-27_csu_bakersfield_uc_irvine,UC Irvine,3,"Tom, Nikki",False,14,0,0,,0,0,,0,0,,1,0,1,1,1,3,0,0,0
2022-01-27_csu_bakersfield_uc_irvine,UC Irvine,13,"Lee, Déja",False,7,0,2,0.0,0,1,0.0,0,0,,0,0,0,0,0,1,0,0,0
2022-01-27_csu_bakersfield_uc_irvine,UC Irvine,33,"Kaupu, Caiyle",False,4,0,1,0.0,0,1,0.0,0,0,,0,1,1,2,0,1,0,0,0
2022-01-27_csu_bakersfield_uc_irvine,UC Irvine,11,"Scharpf, Amelia",False,3,0,0,,0,0,,0,0,,0,0,0,0,0,1,0,0,0
2022-01-27_csu_bakersfield_uc_irvine,UC Irvine,TM,TEAM,False,0,0,0,,0,0,,0,0,,0,1,1,0,0,1,0,0,0
2022-01-27_csu_bakersfield_uc_irvine,CSU Bakersfield,10,"Eggleston, Jayden",True,32,6,16,0.375,0,0,,7,8,0.875,1,4,5,4,2,0,0,2,19
2022-01-27_csu_bakersfield_uc_irvine,CSU Bakersfield,23,"Saxon, Miracle",True,36,7,13,0.538,0,3,0.0,2,3,0.667,2,3,5,2,2,1,0,2,16
2022-01-27_csu_bakersfield_uc_irvine,CSU Bakersfield,3,"van Schaik, Hennie",True,15,1,2,0.5,0,0,,2,3,0.667,0,1,1,5,3,2,0,1,4
2022-01-27_csu_bakersfield_uc_irvine,CSU Bakersfield,4,"Dixon, Jasmin",True,17,0,1,0.0,0,1,0.0,0,0,,1,1,2,1,2,1,1,1,0
2022-01-27_csu_bakersfield_uc_irvine,CSU Bakersfield,1,"Clayburne, Tatyanna",True,8,0,0,,0,0,,0,0,,0,1,1,1,0,2,0,0,0
2022-01-27_csu_bakersfield_uc_irvine,CSU Bakersfield,22,"Easley, Andie",False,23,7,13,0.538,2,8,0.25,1,1,1.0,2,1,3,2,0,1,0,4,17
2022-01-27_csu_bakersfield_uc_irvine,CSU Bakersfield,54,"Austin, Vanessa",False,18,3,5,0.6,0,0,,3,4,0.75,1,2,3,4,2,4,1,0,9
2022-01-27_csu_bakersfield_uc_irvine,CSU Bakersfield,11,"Green, Lexus",False,34,3,13,0.231,1,4,0.25,1,4,0.25,4,1,5,1,2,3,1,3,8
2022-01-27_csu_bakersfield_uc_irvine,CSU Bakersfield,24,"Bridges-bey, Sage",False,10,0,3,0.0,0,2,0.0,0,0,,0,0,0,0,1,0,0,1,0
2022-01-27_csu_bakersfield_uc_irvine,CSU Bakersfield,13,"Herrera, Solmilena",False,4,0,2,0.0,0,0,,0,0,,1,2,3,0,0,0,0,0,0
2022-01-27_csu_bakersfield_uc_irvine,CSU Bakersfield,00,"Johnson, Simone",False,3,0,0,,0,0,,0,0,,0,0,0,0,0,0,0,0,0
2022-01-27_csu_bakersfield_uc_irvine,CSU Bakersfield,TM,TEAM,False,0,0,0,,0,0,,0,0,,2,4,6,0,0,2,0,0,0
2022-01-27_cal_poly_uc_san_diego,UC San Diego,4,"Cangelosi, Emily",True,38,7,14,0.5,2,7,0.286,0,0,,2,6,8,1,3,2,0,0,16
2022-01-27_cal_poly_uc_san_diego,UC San Diego,13,"Brown, Sydney",True,31,4,13,0.308,1,3,0.333,0,1,0.0,3,6,9,4,2,2,0,0,9
2022-01-27_cal_poly_uc_san_diego,UC San Diego,15,"Claros, Brianna",True,25,3,7,0.429,2,4,0.5,0,0,,0,0,0,0,4,1,0,1,8
2022-01-27_cal_poly_uc_san_diego,UC San Diego,12,"Baxter, Madison",True,22,3,6,0.5,1,4,0.25,0,0,,0,1,1,2,1,1,0,0,7
2022-01-27_cal_poly_uc_san_diego,UC San Diego,24,"Mullings, Bridget",True,20,2,5,0.4,1,3,0.333,0,0,,2,6,8,2,0,3,2,0,5
2022-01-27_cal_poly_uc_san_diego,UC San Diego,10,"Macabuhay, Julia",False,13,2,4,0.5,0,1,0.0,6,7,0.857,0,0,0,0,3,0,0,2,10
2022-01-27_cal_poly_uc_san_diego,UC San Diego,2,"Chamberlin, Ula",False,16,2,6,0.333,1,2,0.5,1,2,0.5,0,4,4,2,0,1,0,0,6
2022-01-27_cal_poly_uc_san_diego,UC San Diego,20,"Forsyth, Izzy",False,2,1,1,1.0,1,1,1.0,0,0,,0,0,0,0,0,0,0,0,3
2022-01-27_cal_poly_uc_san_diego,UC San Diego,23,"Thompson, Courtni",False,2,1,1,1.0,1,1,1.0,0,0,,0,0,0,0,0,0,0,0,3
2022-01-27_cal_poly_uc_san_diego,UC San Diego,32,"Montgomery, Parker",False,24,1,9,0.111,0,3,0.0,0,0,,0,4,4,3,1,0,0,1,2
2022-01-27_cal_poly_uc_san_diego,UC San Diego,35,"Springs, Katie",False,7,0,0,,0,0,,0,0,,0,1,1,3,0,0,0,0,0
2022-01-27_cal_poly_uc_san_diego,UC San Diego,TM,TEAM,False,0,0,0,,0,0,,0,0,,2,2,4,0,0,0,0,0,0
2022-01-27_cal_poly_uc_san_diego,Cal Poly,13,"Vick, Maddie",True,40,5,14,0.357,0,2,0.0,4,4,1.0,1,6,7,0,6,1,0,0,14
2022-01-27_cal_poly_uc_san_diego,Cal Poly,25,"Brown, Kirsty",True,28,5,12,0.417,0,1,0.0,2,3,0.667,2,3,5,2,0,2,0,0,12
2022-01-27_cal_poly_uc_san_diego,Cal Poly,33,"Willett, Maddie",True,39,3,11,0.273,2,6,0.333,0,0,,0,9,9,1,1,2,2,0,8
2022-01-27_cal_poly_uc_san_diego,Cal Poly,14,"Scanlan, Hannah",True,15,1,2,0.5,0,0,,0,0,,1,2,3,0,0,0,0,0,2
2022-01-27_cal_poly_uc_san_diego,Cal Poly,15,"Bourland, Sydney",True,21,0,3,0.0,0,1,0.0,0,0,,0,2,2,2,1,2,0,1,0
2022-01-27_cal_poly_uc_san_diego,Cal Poly,1,"Dumitrescu, Sarah",False,19,3,7,0.429,0,0,,1,2,0.5,3,3,6,1,0,3,0,0,7
2022-01-27_cal_poly_uc_san_diego,Cal Poly,24,"Stachowski, Zoe",False,12,2,3,0.667,0,0,,2,2,1.0,2,2,4,1,0,1,0,1,6
2022-01-27_cal_poly_uc_san_diego,Cal Poly,32,"Nielacna, Julia",False,6,2,4,0.5,0,1,0.0,2,3,0.667,0,0,0,2,0,3,0,0,6
2022-01-27_cal_poly_uc_san_diego,Cal Poly,5,"Anousinh, Jazzy",False,16,1,4,0.25,0,2,0.0,1,1,1.0,0,2,2,3,0,0,0,1,3
2022-01-27_cal_poly_uc_san_diego,Cal Poly,11,"Dickson, Junie",False,3,0,0,,0,0,,0,0,,0,1,1,0,0,0,0,0,0
2022-01-27_cal_poly_uc_san_diego,Cal Poly,2,"Shah, Annika",False,1,0,1,0.0,0,1,0.0,0,0,,0,0,0,0,0,0,0,0,0
2022-01-27_cal_poly_uc_san_diego,Cal Poly,TM,TEAM,False,0,0,0,,0,0,,0,0,,2,3,5,0,0,0,0,0,0
2022-01-27_long_beach_st_uc_riverside,UC Riverside,4,"Holland, Jada",True,37,5,9,0.556,1,4,0.25,0,1,0.0,0,4,4,1,3,4,0,0,11
2022-01-27_long_beach_st_uc_riverside,UC Riverside,24,"Gnago, Daphne",True,28,2,7,0.286,0,1,0.0,5,8,0.625,1,3,4,1,0,0,1,0,9
2022-01-27_long_beach_st_uc_riverside,UC Riverside,32,"Webster, Jordan",True,28,1,6,0.167,1,5,0.2,1,2,0.5,0,5,5,1,1,3,0,3,4
2022-01-27_long_beach_st_uc_riverside,UC Riverside,00,"Bryant, Matehya",True,21,2,7,0.286,0,0,,0,1,0.0,3,5,8,3,1,3,0,2,4
2022-01-27_long_beach_st_uc_riverside,UC Riverside,3,"West, Olivia",True,13,0,2,0.0,0,1,0.0,0,0,,0,0,0,0,1,0,0,1,0
2022-01-27_long_beach_st_uc_riverside,UC Riverside,10,"Cooper, Keilanei",False,27,3,9,0.333,1,4,0.25,6,7,0.857,0,1,1,1,0,3,0,2,13
2022-01-27_long_beach_st_uc_riverside,UC Riverside,14,"Finau, Mele",False,25,2,5,0.4,1,2,0.5,0,0,,1,4,5,2,3,3,2,1,5
2022-01-27_long_beach_st_uc_riverside,UC Riverside,23,"Aikins, India",False,12,0,2,0.0,0,0,,0,0,,0,0,0,1,0,0,0,0,0
2022-01-27_long_beach_st_uc_riverside,UC Riverside,2,"Walters, Ryanne",False,8,0,0,,0,0,,0,0,,0,0,0,0,1,1,0,0,0
2022-01-27_long_beach_st_uc_riverside,UC Riverside,15,"Blount, Anna",False,1,0,0,,0,0,,0,0,,1,0,1,0,0,1,0,0,0
2022-01-27_long_beach_st_uc_riverside,UC Riverside,TM,TEAM,False,0,0,0,,0,0,,0,0,,2,2,4,0,0,3,0,0,0
2022-01-27_long_beach_st_uc_riverside,Long Beach St.,1,"Utti, Maddi",True,38,7,12,0.583,0,1,0.0,2,3,0.667,1,5,6,1,3,0,0,2,16
2022-01-27_long_beach_st_uc_riverside,Long Beach St.,11,"Hardy, Jasmine",True,17,5,8,0.625,2,3,0.667,0,0,,1,0,1,4,0,2,1,0,12
2022-01-27_long_beach_st_uc_riverside,Long Beach St.,00,"Berry, Ma'qhi",True,33,4,11,0.364,0,0,,0,1,0.0,1,4,5,1,5,4,0,1,8
2022-01-27_long_beach_st_uc_riverside,Long Beach St.,23,"Green, Lauren",True,14,3,5,0.6,0,0,,0,0,,2,2,4,4,1,0,0,0,6
2022-01-27_long_beach_st_uc_riverside,Long Beach St.,10,"King, Justina",True,36,1,6,0.167,0,1,0.0,2,2,1.0,1,2,3,0,6,3,0,0,4
2022-01-27_long_beach_st_uc_riverside,Long Beach St.,25,"Hamilton-fisher, Kianna",False,32,4,9,0.444,1,3,0.333,0,0,,0,4,4,2,2,0,0,2,9
2022-01-27_long_beach_st_uc_riverside,Long Beach St.,32,"Mikkelsen, Thea",False,2,0,1,0.0,0,1,0.0,1,2,0.5,0,0,0,0,0,0,0,0,1
2022-01-27_long_beach_st_uc_riverside,Long Beach St.,2,"Tucker, Savannah",False,10,0,1,0.0,0,0,,0,0,,0,0,0,2,0,2,0,3,0
2022-01-27_long_beach_st_uc_riverside,Long Beach St.,12,"Jeskeova, Kristyna",False,10,0,1,0.0,0,1,0.0,0,0,,0,5,5,3,0,0,0,0,0
2022-01-27_long_beach_st_uc_riverside,Long Beach St.,3,"Chung, Patricia",False,5,0,2,0.0,0,0,,0,0,,1,1,2,0,0,2,0,0,0
2022-01-27_long_beach_st_uc_riverside,Long Beach St.,5,"Sullivan, Emily",False,3,0,0,,0,0,,0,0,,0,0,0,0,0,0,0,0,0
2022-01-27_long_beach_st_uc_riverside,Long Beach St.,TM,TEAM,False,0,0,0,,0,0,,0,0,,1,1,2,0,0,1,0,0,0
2022-01-29_long_beach_st_uc_davis,UC Davis,15,"Turner, Evanne",True,37,5,11,0.455,5,9,0.556,4,4,1.0,1,9,10,0,1,4,0,0,19
2022-01-29_long_beach_st_uc_davis,UC Davis,32,"Hall, Cierra",True,40,5,10,0.5,0,3,0.0,4,6,0.667,1,13,14,4,7,5,0,1,14
2022-01-29_long_beach_st_uc_davis,UC Davis,11,"Stobbart, Sage",True,28,5,8,0.625,0,0,,3,3,1.0,2,7,9,3,1,3,0,0,13
2022-01-29_long_beach_st_uc_davis,UC Davis,23,"Konrad, Kayla",True,32,4,9,0.444,1,3,0.333,1,2,0.5,1,5,6,2,4,3,0,0,10
2022-01-29_long_beach_st_uc_davis,UC Davis,13,"Burns, Sydney",True,30,1,3,0.333,1,3,0.333,2,6,0.333,1,2,3,4,1,2,0,1,5
2022-01-29_long_beach_st_uc_davis,UC Davis,10,"Svanholm, Lena",False,11,3,4,0.75,0,1,0.0,0,0,,1,0,1,0,0,0,0,0,6
2022-01-29_long_beach_st_uc_davis,UC Davis,20,"Sanders, Makaila",False,12,0,1,0.0,0,0,,1,2,0.5,0,1,1,0,2,0,0,0,1
2022-01-29_long_beach_st_uc_davis,UC Davis,33,"Harris, Mazatlan",False,10,0,0,,0,0,,0,0,,0,0,0,0,0,1,1,0,0
2022-01-29_long_beach_st_uc_davis,UC Davis,TM,TEAM,False,0,0,0,,0,0,,0,0,,1,1,2,0,0,3,0,0,0
2022-01-29_long_beach_st_uc_davis,Long Beach St.,10,"King, Justina",True,40,7,15,0.467,2,4,0.5,5,6,0.833,1,1,2,3,3,0,0,3,21
2022-01-29_long_beach_st_uc_davis,Long Beach St.,1,"Utti, Maddi",True,39,7,16,0.438,2,6,0.333,2,2,1.0,0,9,9,4,3,0,2,4,18
2022-01-29_long_beach_st_uc_davis,Long Beach St.,11,"Hardy, Jasmine",True,33,5,18,0.278,3,14,0.214,1,2,0.5,5,1,6,4,0,3,0,2,14
2022-01-29_long_beach_st_uc_davis,Long Beach St.,00,"Berry, Ma'qhi",True,36,1,5,0.2,0,1,0.0,1,2,0.5,0,0,0,1,2,1,0,1,3
2022-01-29_long_beach_st_uc_davis,Long Beach St.,23,"Green, Lauren",True,13,0,1,0.0,0,0,,0,0,,0,2,2,1,0,1,0,0,0
2022-01-29_long_beach_st_uc_davis,Long Beach St.,25,"Hamilton-fisher, Kianna",False,16,1,6,0.167,0,4,0.0,0,0,,0,1,1,4,1,2,0,0,2
2022-01-29_long_beach_st_uc_davis,Long Beach St.,2,"Tucker, Savannah",False,12,0,4,0.0,0,1,0.0,0,0,,0,1,1,1,0,0,0,0,0
2022-01-29_long_beach_st_uc_davis,Long Beach St.,12,"Jeskeova, Kristyna",False,8,0,0,,0,0,,0,0,,0,2,2,3,0,1,1,0,0
2022-01-29_long_beach_st_uc_davis,Long Beach St.,3,"Chung, Patricia",False,3,0,0,,0,0,,0,0,,0,2,2,0,1,0,0,0,0
2022-01-29_long_beach_st_uc_davis,Long Beach St.,TM,TEAM,False,0,0,0,,0,0,,0,0,,1,0,1,0,0,0,0,0,0
2022-01-29_csun_hawaii,Hawaii,25,"Atwell, Amy",True,25,2,9,0.222,2,8,0.25,9,9,1.0,0,5,5,2,1,3,0,0,15
2022-01-29_csun_hawaii,Hawaii,14,"Orji, Nnenna",True,25,3,3,1.0,0,0,,7,10,0.7,2,1,3,2,1,0,0,0,13
2022-01-29_csun_hawaii,Hawaii,34,"David, Jacque",True,20,4,7,0.571,0,2,0.0,1,1,1.0,1,1,2,0,2,3,0,3,9
2022-01-29_csun_hawaii,Hawaii,1,"Imai, Kelsie",True,17,3,3,1.0,0,0,,0,0,,2,1,3,1,2,4,0,1,6
2022-01-29_csun_hawaii,Hawaii,45,"Davies, Olivia",True,33,1,5,0.2,0,0,,3,6,0.5,2,1,3,3,1,4,1,3,5
2022-01-29_csun_hawaii,Hawaii,15,"Phillips, Daejah",False,23,3,5,0.6,2,3,0.667,7,8,0.875,2,4,6,4,2,4,0,5,15
2022-01-29_csun_hawaii,Hawaii,11,"Spiller, Kallin",False,13,3,5,0.6,0,0,,0,0,,1,2,3,2,0,1,0,0,6
2022-01-29_csun_hawaii,Hawaii,24,"Calhoun, Nae Nae",False,26,1,2,0.5,0,1,0.0,2,2,1.0,0,2,2,3,2,2,0,3,4
2022-01-29_csun_hawaii,Hawaii,20,"Haire, McKenna",False,7,1,2,0.5,1,2,0.5,0,0,,0,0,0,0,0,0,0,0,3
2022-01-29_csun_hawaii,Hawaii,2,"Thoms, Ashley",False,8,0,2,0.0,0,2,0.0,0,0,,0,0,0,0,0,0,0,0,0
2022-01-29_csun_hawaii,Hawaii,23,"McBee, Meilani",False,3,0,1,0.0,0,1,0.0,0,0,,0,0,0,0,0,2,0,0,0
2022-01-29_csun_hawaii,Hawaii,TM,TEAM,False,0,0,0,,0,0,,0,0,,2,3,5,0,0,1,0,0,0
2022-01-29_csun_hawaii,CSUN,15,"Amundsen, Tess",True,27,6,12,0.5,4,6,0.667,4,4,1.0,1,3,4,4,0,3,0,2,20
2022-01-29_csun_hawaii,CSUN,34,"Spriggs, Kayanna",True,33,3,3,1.0,0,0,,4,8,0.5,3,6,9,4,0,7,0,1,10
2022-01-29_csun_hawaii,CSUN,1,"Jackson, Jordyn",True,34,3,14,0.214,0,5,0.0,2,2,1.0,1,1,2,3,1,5,0,1,8
2022-01-29_csun_hawaii,CSUN,21,"Tu'ua, Anaiyah",True,25,3,7,0.429,1,2,0.5,1,2,0.5,3,0,3,3,4,2,0,1,8
2022-01-29_csun_hawaii,CSUN,12,"Henderson, Meghann",True,12,0,1,0.0,0,1,0.0,0,0,,0,1,1,2,2,2,0,0,0
2022-01-29_csun_hawaii,CSUN,2,"Woodley, Sydney",False,24,4,9,0.444,0,1,0.0,2,2,1.0,2,0,2,5,0,2,1,4,10
2022-01-29_csun_hawaii,CSUN,5,"Duchemin, Michelle",False,21,3,4,0.75,0,0,,3,4,0.75,0,2,2,3,0,1,0,2,9
2022-01-29_csun_hawaii,CSUN,4,"Harvey, Rachel",False,14,1,1,1.0,0,0,,0,0,,0,0,0,5,1,2,0,4,2
2022-01-29_csun_hawaii,CSUN,32,"Hawkins, Ashley",False,5,0,0,,0,0,,0,0,,0,0,0,0,0,1,0,0,0
2022-01-29_csun_hawaii,CSUN,11,"Smith, Olivia",False,4,0,0,,0,0,,0,0,,0,1,1,0,0,0,0,0,0
2022-01-29_csun_hawaii,CSUN,24,"Smith, Macy",False,1,0,0,,0,0,,0,0,,0,0,0,0,0,0,0,0,0
2022-01-29_csun_hawaii,CSUN,TM,TEAM,False,0,0,0,,0,0,,0,0,,2,0,2,0,0,0,0,0,0
2022-01-29_cal_poly_uc_irvine,UC Irvine,4,"Williams, Kayla",True,27,4,10,0.4,2,5,0.4,4,5,0.8,0,4,4,0,4,2,0,2,14
2022-01-29_cal_poly_uc_irvine,UC Irvine,35,"Locandro, Sophia",True,12,2,5,0.4,0,0,,2,4,0.5,1,4,5,3,1,1,0,0,6
2022-01-29_cal_poly_uc_irvine,UC Irvine,21,"Williams, Olivia",True,22,2,7,0.286,1,3,0.333,0,0,,0,1,1,0,1,0,2,0,5
2022-01-29_cal_poly_uc_irvine,UC Irvine,2,"Webb, Chloe",True,15,2,3,0.667,0,0,,1,1,1.0,0,1,1,3,0,1,0,2,5
2022-01-29_cal_poly_uc_irvine,UC Irvine,42,"Hunt, Naomi",True,15,0,5,0.0,0,4,0.0,2,2,1.0,0,1,1,0,0,1,1,0,2
2022-01-29_cal_poly_uc_irvine,UC Irvine,20,"Hernandez, Hunter",False,21,3,7,0.429,1,1,1.0,2,2,1.0,0,2,2,0,1,0,0,2,9
2022-01-29_cal_poly_uc_irvine,UC Irvine,10,"Cadee, Jayde",False,17,2,4,0.5,2,4,0.5,0,0,,0,0,0,0,0,0,0,1,6
2022-01-29_cal_poly_uc_irvine,UC Irvine,45,"Dusharm, Tara",False,7,2,3,0.667,0,0,,2,2,1.0,1,1,2,3,1,0,0,0,6
2022-01-29_cal_poly_uc_irvine,UC Irvine,3,"Tom, Nikki",False,16,1,5,0.2,0,0,,3,4,0.75,2,0,2,1,2,2,0,3,5
2022-01-29_cal_poly_uc_irvine,UC Irvine,13,"Lee, Déja",False,13,0,2,0.0,0,0,,3,4,0.75,1,2,3,0,0,0,0,1,3
2022-01-29_cal_poly_uc_irvine,UC Irvine,11,"Scharpf, Amelia",False,12,1,1,1.0,0,0,,0,0,,0,2,2,0,0,1,1,0,2
2022-01-29_cal_poly_uc_irvine,UC Irvine,1,"Ross, Tarryn",False,1,0,0,,0,0,,1,2,0.5,0,0,0,1,0,0,0,0,1
2022-01-29_cal_poly_uc_irvine,UC Irvine,24,"Kapinga, Melodie",False,11,0,2,0.0,0,0,,0,0,,1,2,3,2,1,1,0,0,0
2022-01-29_cal_poly_uc_irvine,UC Irvine,33,"Kaupu, Caiyle",False,11,0,0,,0,0,,0,0,,0,0,0,2,0,3,0,2,0
2022-01-29_cal_poly_uc_irvine,UC Irvine,TM,TEAM,False,0,0,0,,0,0,,0,0,,4,9,13,0,0,0,0,0,0
2022-01-29_cal_poly_uc_irvine,Cal Poly,14,"Scanlan, Hannah",True,26,10,11,0.909,0,0,,2,4,0.5,3,2,5,2,2,1,0,1,22
2022-01-29_cal_poly_uc_irvine,Cal Poly,25,"Brown, Kirsty",True,31,5,12,0.417,0,0,,1,1,1.0,4,0,4,4,2,2,4,2,11
2022-01-29_cal_poly_uc_irvine,Cal Poly,33,"Willett, Maddie",True,31,3,13,0.231,1,5,0.2,1,1,1.0,2,4,6,5,3,1,0,1,8
2022-01-29_cal_poly_uc_irvine,Cal Poly,13,"Vick, Maddie",True,37,2,10,0.2,1,2,0.5,0,3,0.0,2,3,5,1,4,2,0,1,5
2022-01-29_cal_poly_uc_irvine,Cal Poly,5,"Anousinh, Jazzy",True,16,0,2,0.0,0,2,0.0,0,0,,0,1,1,4,2,0,0,1,0
2022-01-29_cal_poly_uc_irvine,Cal Poly,15,"Bourland, Sydney",False,23,3,6,0.5,0,1,0.0,0,0,,2,6,8,2,2,5,0,0,6
2022-01-29_cal_poly_uc_irvine,Cal Poly,11,"Dickson, Junie",False,10,0,4,0.0,0,3,0.0,0,0,,0,3,3,1,0,1,0,0,0
2022-01-29_cal_poly_uc_irvine,Cal Poly,32,"Nielacna, Julia",False,9,0,3,0.0,0,1,0.0,0,0,,0,2,2,2,0,2,0,0,0
2022-01-29_cal_poly_uc_irvine,Cal Poly,1,"Dumitrescu, Sarah",False,6,0,0,,0,0,,0,0,,0,0,0,1,0,0,0,0,0
2022-01-29_cal_poly_uc_irvine,Cal Poly,24,"Stachowski, Zoe",False,5,0,1,0.0,0,1,0.0,0,0,,0,1,1,2,0,1,0,0,0
2022-01-29_cal_poly_uc_irvine,Cal Poly,2,"Shah, Annika",False,4,0,2,0.0,0,1,0.0,0,0,,0,0,0,0,2,0,0,0,0
2022-01-29_cal_poly_uc_irvine,Cal Poly,22,"Bergstrom, Faith",False,2,0,0,,0,0,,0,0,,0,1,1,0,0,2,0,0,0
2022-01-29_cal_poly_uc_irvine,Cal Poly,TM,TEAM,False,0,0,0,,0,0,,0,0,,3,3,6,0,0,1,0,0,0
2022-01-29_csu_bakersfield_uc_san_diego,UC San Diego,04,"Cangelosi, Emily",True,29,5,11,0.455,4,7,0.571,2,2,1.0,4,5,9,3,1,1,0,0,16
2022-01-29_csu_bakersfield_uc_san_diego,UC San Diego,10,"Macabuhay, Julia",True,21,2,8,0.25,1,4,0.25,8,8,1.0,0,1,1,2,4,3,0,0,13
2022-01-29_csu_bakersfield_uc_san_diego,UC San Diego,32,"Montgomery, Parker",True,31,4,7,0.571,3,5,0.6,0,0,,1,4,5,0,2,3,0,2,11
2022-01-29_csu_bakersfield_uc_san_diego,UC San Diego,13,"Brown, Sydney",True,24,3,11,0.273,1,3,0.333,2,2,1.0,2,6,8,3,1,1,0,1,9
2022-01-29_csu_bakersfield_uc_san_diego,UC San Diego,12,"Baxter, Madison",True,28,3,8,0.375,1,5,0.2,0,1,0.0,0,2,2,2,1,1,0,0,7
2022-01-29_csu_bakersfield_uc_san_diego,UC San Diego,24,"Mullings, Bridget",False,20,3,5,0.6,0,2,0.0,0,0,,2,5,7,2,1,1,0,0,6
2022-01-29_csu_bakersfield_uc_san_diego,UC San Diego,11,"Brown, Aishah",False,11,1,2,0.5,0,0,,0,0,,2,1,3,2,1,1,0,1,2
2022-01-29_csu_bakersfield_uc_san_diego,UC San Diego,15,"Claros, Brianna",False,22,0,3,0.0,0,2,0.0,0,0,,1,0,1,1,3,0,0,1,0
2022-01-29_csu_bakersfield_uc_san_diego,UC San Diego,02,"Chamberlin, Ula",False,11,0,5,0.0,0,3,0.0,0,0,,1,2,3,0,1,2,0,1,0
2022-01-29_csu_bakersfield_uc_san_diego,UC San Diego,20,"Forsyth, Izzy",False,3,0,0,,0,0,,0,0,,0,0,0,0,0,0,0,0,0
2022-01-29_csu_bakersfield_uc_san_diego,UC San Diego,TM,TEAM,False,0,0,0,,0,0,,0,0,,1,2,3,0,0,0,0,0,0
2022-01-29_csu_bakersfield_uc_san_diego,CSU Bakersfield,10,"Eggleston, Jayden",True,32,7,12,0.583,0,0,,2,2,1.0,2,5,7,0,3,0,0,0,16
2022-01-29_csu_bakersfield_uc_san_diego,CSU Bakersfield,03,"van Schaik, Hennie",True,26,3,7,0.429,3,5,0.6,3,3,1.0,2,4,6,2,1,3,1,2,12
2022-01-29_csu_bakersfield_uc_san_diego,CSU Bakersfield,23,"Saxon, Miracle",True,30,2,8,0.25,0,3,0.0,2,2,1.0,0,4,4,4,0,3,0,0,6
2022-01-29_csu_bakersfield_uc_san_diego,CSU Bakersfield,04,"Dixon, Jasmin",True,17,1,4,0.25,1,4,0.25,0,2,0.0,0,0,0,4,2,0,0,5,3
2022-01-29_csu_bakersfield_uc_san_diego,CSU Bakersfield,01,"Clayburne, Tatyanna",True,20,0,7,0.0,0,4,0.0,0,0,,1,1,2,2,1,3,0,2,0
2022-01-29_csu_bakersfield_uc_san_diego,CSU Bakersfield,54,"Austin, Vanessa",False,13,5,5,1.0,0,0,,1,2,0.5,1,3,4,3,0,1,0,0,11
2022-01-29_csu_bakersfield_uc_san_diego,CSU Bakersfield,22,"Easley, Andie",False,29,2,7,0.286,2,5,0.4,1,2,0.5,1,4,5,2,4,0,0,0,7
2022-01-29_csu_bakersfield_uc_san_diego,CSU Bakersfield,11,"Green, Lexus",False,21,1,4,0.25,0,2,0.0,0,0,,0,1,1,0,0,0,0,0,2
2022-01-29_csu_bakersfield_uc_san_diego,CSU Bakersfield,00,"Johnson, Simone",False,6,1,1,1.0,0,0,,0,0,,0,1,1,1,0,0,0,0,2
2022-01-29_csu_bakersfield_uc_san_diego,CSU Bakersfield,24,"Bridges-Bey, Sage",False,4,0,0,,0,0,,0,0,,0,0,0,0,1,1,0,0,0
2022-01-29_csu_bakersfield_uc_san_diego,CSU Bakersfield,13,"Herrera, Solmilena",False,2,0,0,,0,0,,0,0,,0,0,0,1,0,0,0,0,0
2022-01-29_csu_bakersfield_uc_san_diego,CSU Bakersfield,TM,TEAM,False,0,0,0,,0,0,,0,0,,1,3,4,0,0,0,0,0,0
2022-01-29_cal_st_fullerton_uc_riverside,UC Riverside,04,Jada Holland,True,30,7,14,0.5,1,2,0.5,3,9,0.333,1,2,3,3,2,1,0,2,18
2022-01-29_cal_st_fullerton_uc_riverside,UC Riverside,00,Matehya Bryant,True,35,5,10,0.5,0,0,,4,5,0.8,6,5,11,2,0,2,2,2,14
2022-01-29_cal_st_fullerton_uc_riverside,UC Riverside,10,Keilanei Cooper,True,27,3,16,0.188,1,3,0.333,3,3,1.0,0,1,1,3,0,2,0,6,10
2022-01-29_cal_st_fullerton_uc_riverside,UC Riverside,03,Olivia West,True,29,1,7,0.143,0,4,0.0,2,2,1.0,2,4,6,2,1,1,0,1,4
2022-01-29_cal_st_fullerton_uc_riverside,UC Riverside,24,Daphne Gnago,True,20,1,3,0.333,0,0,,2,2,1.0,2,2,4,4,0,2,0,1,4
2022-01-29_cal_st_fullerton_uc_riverside,UC Riverside,02,Ryanne Walters,False,9,1,1,1.0,1,1,1.0,0,0,,0,2,2,0,1,0,0,0,3
2022-01-29_cal_st_fullerton_uc_riverside,UC Riverside,23,India Aikins,False,10,1,4,0.25,0,0,,0,0,,0,0,0,0,0,0,0,0,2
2022-01-29_cal_st_fullerton_uc_riverside,UC Riverside,14,Mele Finau,False,17,0,4,0.0,0,1,0.0,0,0,,1,3,4,3,0,1,0,0,0
2022-01-29_cal_st_fullerton_uc_riverside,UC Riverside,32,Jordan Webster,False,17,0,6,0.0,0,4,0.0,0,0,,0,0,0,2,0,1,0,1,0
2022-01-29_cal_st_fullerton_uc_riverside,UC Riverside,11,Esther Matarranz,False,4,0,0,,0,0,,0,0,,0,0,0,2,0,0,0,0,0
2022-01-29_cal_st_fullerton_uc_riverside,UC Riverside,15,Anna Blount,False,2,0,3,0.0,0,0,,0,0,,2,0,2,1,0,0,0,0,0
2022-01-29_cal_st_fullerton_uc_riverside,UC Riverside,TM,TEAM,False,0,0,0,,0,0,,0,0,,1,2,3,0,0,1,0,0,0
2022-01-29_cal_st_fullerton_uc_riverside,Cal St. Fullerton,03,"Wahinekapu, Lily",True,35,6,12,0.5,1,4,0.25,4,6,0.667,0,3,3,2,4,5,0,0,17
2022-01-29_cal_st_fullerton_uc_riverside,Cal St. Fullerton,32,"Lewis, Ashlee",True,27,3,7,0.429,0,0,,3,4,0.75,2,6,8,2,0,2,1,0,9
2022-01-29_cal_st_fullerton_uc_riverside,Cal St. Fullerton,55,"Nimmo, Fujika",True,22,3,6,0.5,0,0,,2,6,0.333,0,3,3,3,4,5,1,1,8
2022-01-29_cal_st_fullerton_uc_riverside,Cal St. Fullerton,23,"Gill, Carolyn",True,29,1,3,0.333,0,0,,0,0,,2,7,9,5,1,2,2,0,2
2022-01-29_cal_st_fullerton_uc_riverside,Cal St. Fullerton,24,"Neff, Kathryn",True,13,0,2,0.0,0,2,0.0,0,0,,0,1,1,2,0,1,0,0,0
2022-01-29_cal_st_fullerton_uc_riverside,Cal St. Fullerton,04,"Vidmar, Gabi",False,26,3,5,0.6,1,2,0.5,0,0,,1,6,7,1,0,0,0,1,7
2022-01-29_cal_st_fullerton_uc_riverside,Cal St. Fullerton,13,"Hernandez, Aixchel",False,13,2,3,0.667,0,0,,2,2,1.0,0,3,3,3,0,1,2,0,6
2022-01-29_cal_st_fullerton_uc_riverside,Cal St. Fullerton,01,"Jovanovic, Una",False,19,1,3,0.333,1,1,1.0,2,2,1.0,0,0,0,2,0,2,0,0,5
2022-01-29_cal_st_fullerton_uc_riverside,Cal St. Fullerton,05,"Rodarte, Clarissa",False,15,0,3,0.0,0,1,0.0,3,6,0.5,0,4,4,1,0,2,0,1,3
2022-01-29_cal_st_fullerton_uc_riverside,Cal St. Fullerton,54,"Furch, Brianna",False,1,0,0,,0,0,,0,0,,0,0,0,0,0,0,0,0,0
2022-01-29_cal_st_fullerton_uc_riverside,Cal St. Fullerton,TM,TEAM,False,0,0,0,,0,0,,0,0,,2,2,4,0,0,0,0,0,0
2022-02-01_uc_davis_uc_riverside,UC Riverside,04,"Holland, Jada",True,37,9,20,0.45,5,9,0.556,1,3,0.333,0,3,3,0,5,4,0,1,24
2022-02-01_uc_davis_uc_riverside,UC Riverside,10,"Cooper, Keilanei",True,35,8,17,0.471,1,4,0.25,0,0,,0,5,5,0,1,3,0,2,17
2022-02-01_uc_davis_uc_riverside,UC Riverside,03,"West, Olivia",True,36,3,8,0.375,2,5,0.4,1,1,1.0,0,3,3,3,3,1,0,0,9
2022-02-01_uc_davis_uc_riverside,UC Riverside,24,"Gnago, Daphne",True,30,2,4,0.5,0,0,,0,0,,4,8,12,0,0,1,0,0,4
2022-02-01_uc_davis_uc_riverside,UC Riverside,14,"Finau, Mele",True,22,1,3,0.333,1,1,1.0,0,0,,0,2,2,3,0,1,2,0,3
2022-02-01_uc_davis_uc_riverside,UC Riverside,02,"Walters, Ryanne",False,5,1,1,1.0,1,1,1.0,0,0,,0,1,1,0,0,0,0,1,3
2022-02-01_uc_davis_uc_riverside,UC Riverside,00,"Bryant, Matehya",False,12,0,2,0.0,0,0,,1,2,0.5,0,3,3,2,0,0,0,3,1
2022-02-01_uc_davis_uc_riverside,UC Riverside,32,"Webster, Jordan",False,18,0,4,0.0,0,3,0.0,0,0,,1,2,3,3,0,0,0,1,0
2022-02-01_uc_davis_uc_riverside,UC Riverside,15,"Blount, Anna",False,5,0,0,,0,0,,0,0,,1,0,1,0,0,0,0,0,0
2022-02-01_uc_davis_uc_riverside,UC Riverside,TM,TEAM,False,0,0,0,,0,0,,0,0,,4,1,5,0,0,1,0,0,0
2022-02-01_uc_davis_uc_riverside,UC Davis,15,"Turner, Evanne",True,37,6,15,0.4,4,10,0.4,0,0,,0,1,1,2,0,1,0,0,16
2022-02-01_uc_davis_uc_riverside,UC Davis,11,"Stobbart, Sage",True,26,6,13,0.462,2,5,0.4,0,0,,2,5,7,2,2,1,2,1,14
2022-02-01_uc_davis_uc_riverside,UC Davis,32,"Hall, Cierra",True,39,6,16,0.375,1,6,0.167,0,0,,1,3,4,1,8,2,0,3,13
2022-02-01_uc_davis_uc_riverside,UC Davis,23,"Konrad, Kayla",True,36,2,5,0.4,0,2,0.0,0,1,0.0,1,5,6,1,1,0,0,2,4
2022-02-01_uc_davis_uc_riverside,UC Davis,13,"Burns, Sydney",True,20,0,5,0.0,0,4,0.0,0,0,,1,1,2,1,1,4,0,0,0
2022-02-01_uc_davis_uc_riverside,UC Davis,33,"Harris, Mazatlan",False,14,2,2,1.0,1,1,1.0,1,2,0.5,1,3,4,0,0,2,0,1,6
2022-02-01_uc_davis_uc_riverside,UC Davis,10,"Svanholm, Lena",False,14,1,1,1.0,1,1,1.0,0,0,,0,6,6,0,0,0,1,0,3
2022-02-01_uc_davis_uc_riverside,UC Davis,20,"Sanders, Makaila",False,10,1,4,0.25,1,3,0.333,0,0,,0,0,0,0,2,0,0,0,3
2022-02-01_uc_davis_uc_riverside,UC Davis,03,"Gray, Campbell",False,2,0,0,,0,0,,0,0,,0,0,0,0,0,1,0,0,0
2022-02-01_uc_davis_uc_riverside,UC Davis,24,"Langi, Marley",False,2,0,1,0.0,0,0,,0,0,,0,0,0,2,0,0,0,0,0
2022-02-01_uc_davis_uc_riverside,UC Davis,TM,TEAM,False,0,0,0,,0,0,,0,0,,4,1,5,0,0,0,0,0,0
2022-02-03_hawaii_uc_davis,UC Davis,15,"Turner, Evanne",True,33,4,10,0.4,2,5,0.4,6,6,1.0,1,5,6,4,2,3,0,0,16
2022-02-03_hawaii_uc_davis,UC Davis,32,"Hall, Cierra",True,39,2,10,0.2,1,5,0.2,2,2,1.0,4,6,10,1,2,6,0,3,7
2022-02-03_hawaii_uc_davis,UC Davis,13,"Burns, Sydney",True,25,2,7,0.286,0,0,,3,4,0.75,0,3,3,4,0,1,0,0,7
2022-02-03_hawaii_uc_davis,UC Davis,11,"Stobbart, Sage",True,34,2,8,0.25,1,5,0.2,1,4,0.25,4,10,14,3,1,2,2,0,6
2022-02-03_hawaii_uc_davis,UC Davis,23,"Konrad, Kayla",True,35,2,12,0.167,0,4,0.0,1,4,0.25,2,5,7,5,0,0,0,2,5
2022-02-03_hawaii_uc_davis,UC Davis,33,"Harris, Mazatlan",False,15,2,4,0.5,2,2,1.0,0,2,0.0,2,0,2,2,0,1,0,0,6
2022-02-03_hawaii_uc_davis,UC Davis,10,"Svanholm, Lena",False,14,1,1,1.0,1,1,1.0,0,0,,1,4,5,2,0,2,0,0,3
2022-02-03_hawaii_uc_davis,UC Davis,03,"Gray, Campbell",False,4,0,0,,0,0,,0,0,,0,0,0,0,1,1,0,0,0
2022-02-03_hawaii_uc_davis,UC Davis,20,"Sanders, Makaila",False,1,0,1,0.0,0,1,0.0,0,0,,0,0,0,1,0,0,0,0,0
2022-02-03_hawaii_uc_davis,UC Davis,TM,TEAM,False,0,0,0,,0,0,,0,0,,0,0,0,0,0,0,0,0,0
2022-02-03_hawaii_uc_davis,Hawaii,45,"Davies, Olivia",True,25,3,7,0.429,1,1,1.0,10,13,0.769,1,2,3,2,1,1,1,0,17
2022-02-03_hawaii_uc_davis,Hawaii,25,"Atwell, Amy",True,30,4,11,0.364,2,4,0.5,4,6,0.667,1,2,3,3,2,2,1,3,14
2022-02-03_hawaii_uc_davis,Hawaii,34,"David, Jacque",True,18,2,5,0.4,1,3,0.333,0,0,,0,2,2,1,0,1,0,1,5
2022-02-03_hawaii_uc_davis,Hawaii,01,"Imai, Kelsie",True,18,1,3,0.333,0,0,,1,2,0.5,0,4,4,4,1,2,0,1,3
2022-02-03_hawaii_uc_davis,Hawaii,14,"Orji, Nnenna",True,15,1,4,0.25,0,1,0.0,0,2,0.0,1,0,1,3,1,1,0,1,2
2022-02-03_hawaii_uc_davis,Hawaii,11,"Spiller, Kallin",False,25,2,8,0.25,1,3,0.333,1,2,0.5,2,10,12,2,0,1,4,0,6
2022-02-03_hawaii_uc_davis,Hawaii,23,"McBee, MeiLani",False,24,2,6,0.333,1,3,0.333,1,1,1.0,1,2,3,1,1,1,0,1,6
2022-02-03_hawaii_uc_davis,Hawaii,15,"Phillips, Daejah",False,23,1,4,0.25,0,0,,0,0,,0,3,3,2,1,0,0,1,2
2022-02-03_hawaii_uc_davis,Hawaii,24,"Calhoun, Nae Nae",False,16,0,1,0.0,0,1,0.0,1,2,0.5,0,1,1,0,2,0,0,1,1
2022-02-03_hawaii_uc_davis,Hawaii,02,"Thoms, Ashley",False,1,0,1,0.0,0,1,0.0,1,2,0.5,0,1,1,0,0,0,0,0,1
2022-02-03_hawaii_uc_davis,Hawaii,20,"Haire, McKenna",False,5,0,0,,0,0,,0,0,,0,0,0,0,0,0,0,0,0
2022-02-03_hawaii_uc_davis,Hawaii,TM,TEAM,False,0,0,0,,0,0,,0,0,,1,1,2,0,0,0,0,0,0
2022-02-03_uc_irvine_uc_santa_barbara,UC Santa Barbara,2,"Tucker, Alexis",True,28,2,9,0.222,0,1,0.0,6,6,1.0,2,6,8,2,0,1,0,1,10
2022-02-03_uc_irvine_uc_santa_barbara,UC Santa Barbara,31,"Lane, Ila",True,28,3,6,0.5,0,0,,1,1,1.0,1,5,6,3,0,1,0,0,7
2022-02-03_uc_irvine_uc_santa_barbara,UC Santa Barbara,00,"Miller, Danae",True,34,2,13,0.154,0,2,0.0,1,2,0.5,2,4,6,1,4,2,0,0,5
2022-02-03_uc_irvine_uc_santa_barbara,UC Santa Barbara,1,"Gonzalez, Johnni",True,17,1,3,0.333,1,2,0.5,0,0,,0,0,0,0,1,1,0,1,3
2022-02-03_uc_irvine_uc_santa_barbara,UC Santa Barbara,30,"Anderson, Megan",True,22,0,4,0.0,0,2,0.0,0,0,,0,1,1,1,1,5,0,1,0
2022-02-03_uc_irvine_uc_santa_barbara,UC Santa Barbara,3,"Marin, Alyssa",False,5,0,2,0.0,0,1,0.0,2,2,1.0,0,0,0,0,0,0,0,0,2
2022-02-03_uc_irvine_uc_santa_barbara,UC Santa Barbara,25,"Cabuena, Analillia",False,3,1,2,0.5,0,0,,0,1,0.0,0,0,0,0,0,0,0,1,2
2022-02-03_uc_irvine_uc_santa_barbara,UC Santa Barbara,13,"Modawar, Tatyana",False,9,0,2,0.0,0,2,0.0,1,2,0.5,0,0,0,1,0,1,0,0,1
2022-02-03_uc_irvine_uc_santa_barbara,UC Santa Barbara,21,"Johnson, Kennedy",False,6,0,1,0.0,0,0,,1,2,0.5,0,1,1,1,0,0,0,0,1
2022-02-03_uc_irvine_uc_santa_barbara,UC Santa Barbara,12,"Mole, Taylor",False,13,0,2,0.0,0,0,,0,0,,0,0,0,0,0,1,0,1,0
2022-02-03_uc_irvine_uc_santa_barbara,UC Santa Barbara,11,"Lee, Lauren",False,10,0,1,0.0,0,0,,0,0,,2,0,2,2,0,1,1,0,0
2022-02-03_uc_irvine_uc_santa_barbara,UC Santa Barbara,10,"Choice, Anya",False,9,0,1,0.0,0,0,,0,0,,0,0,0,1,0,1,0,0,0
2022-02-03_uc_irvine_uc_santa_barbara,UC Santa Barbara,5,"Cooper, Callie",False,8,0,3,0.0,0,1,0.0,0,0,,0,1,1,1,0,0,0,0,0
2022-02-03_uc_irvine_uc_santa_barbara,UC Santa Barbara,20,"Rockwood, Laurel",False,8,0,1,0.0,0,0,,0,0,,0,0,0,2,0,0,0,0,0
2022-02-03_uc_irvine_uc_santa_barbara,UC Santa Barbara,TM,TEAM,False,0,0,0,,0,0,,0,0,,6,3,9,0,0,1,0,0,0
2022-02-03_uc_irvine_uc_santa_barbara,UC Irvine,4,"Williams, Kayla",True,34,5,8,0.625,3,4,0.75,1,3,0.333,1,3,4,1,4,1,0,2,14
2022-02-03_uc_irvine_uc_santa_barbara,UC Irvine,35,"Locandro, Sophia",True,25,7,13,0.538,0,2,0.0,0,0,,1,3,4,1,1,0,3,1,14
2022-02-03_uc_irvine_uc_santa_barbara,UC Irvine,2,"Webb, Chloe",True,19,2,7,0.286,0,0,,2,2,1.0,4,5,9,4,2,3,0,2,6
2022-02-03_uc_irvine_uc_santa_barbara,UC Irvine,10,"Cadee, Jayde",True,36,1,5,0.2,0,2,0.0,2,2,1.0,0,7,7,2,1,0,1,0,4
2022-02-03_uc_irvine_uc_santa_barbara,UC Irvine,42,"Hunt, Naomi",True,26,2,6,0.333,0,2,0.0,0,0,,1,2,3,3,1,0,1,1,4
2022-02-03_uc_irvine_uc_santa_barbara,UC Irvine,3,"Tom, Nikki",False,22,1,2,0.5,1,1,1.0,2,2,1.0,2,1,3,0,1,1,2,2,5
2022-02-03_uc_irvine_uc_santa_barbara,UC Irvine,33,"Kaupu, Caiyle",False,9,2,3,0.667,0,0,,0,0,,0,1,1,4,0,2,0,0,4
2022-02-03_uc_irvine_uc_santa_barbara,UC Irvine,45,"Dusharm, Tara",False,8,1,4,0.25,0,0,,2,2,1.0,0,3,3,0,0,1,0,0,4
2022-02-03_uc_irvine_uc_santa_barbara,UC Irvine,1,"Ross, Tarryn",False,3,1,1,1.0,0,0,,0,0,,0,0,0,1,0,0,0,0,2
2022-02-03_uc_irvine_uc_santa_barbara,UC Irvine,24,"Kapinga, Melodie",False,12,0,4,0.0,0,0,,1,2,0.5,2,1,3,1,1,0,0,2,1
2022-02-03_uc_irvine_uc_santa_barbara,UC Irvine,11,"Scharpf, Amelia",False,6,0,1,0.0,0,0,,0,0,,1,0,1,0,0,0,0,0,0
2022-02-03_uc_irvine_uc_santa_barbara,UC Irvine,TM,TEAM,False,0,0,0,,0,0,,0,0,,0,1,1,0,0,1,0,0,0
2022-02-03_uc_san_diego_csun,CSUN,01,"Jackson, Jordyn",True,33,7,17,0.412,0,4,0.0,0,0,,0,2,2,1,2,2,1,4,14
2022-02-03_uc_san_diego_csun,CSUN,15,"Amundsen, Tess",True,32,5,8,0.625,3,5,0.6,0,0,,0,5,5,0,0,2,1,0,13
2022-02-03_uc_san_diego_csun,CSUN,34,"Spriggs, Kayanna",True,12,1,1,1.0,0,0,,4,6,0.667,1,3,4,2,0,2,0,0,6
2022-02-03_uc_san_diego_csun,CSUN,21,"Tu'ua, Anaiyah",True,33,1,6,0.167,0,2,0.0,0,1,0.0,0,8,8,2,6,5,0,3,2
2022-02-03_uc_san_diego_csun,CSUN,05,"Duchemin, Michelle",True,6,0,0,,0,0,,0,0,,0,0,0,0,0,0,0,0,0
2022-02-03_uc_san_diego_csun,CSUN,02,"Woodley, Sydney",False,28,5,10,0.5,0,0,,2,2,1.0,4,2,6,2,1,2,1,4,12
2022-02-03_uc_san_diego_csun,CSUN,12,"Henderson, Meghann",False,32,2,6,0.333,2,6,0.333,0,0,,2,8,10,2,0,5,1,0,6
2022-02-03_uc_san_diego_csun,CSUN,04,"Harvey, Rachel",False,19,0,3,0.0,0,0,,0,0,,1,0,1,1,2,1,0,0,0
2022-02-03_uc_san_diego_csun,CSUN,11,"Smith, Olivia",False,5,0,1,0.0,0,0,,0,0,,0,0,0,1,0,1,0,1,0
2022-02-03_uc_san_diego_csun,CSUN,TM,TEAM,False,0,0,0,,0,0,,0,0,,0,1,1,0,0,1,0,0,0
2022-02-03_uc_san_diego_csun,UC San Diego,13,"Brown, Sydney",True,34,5,11,0.455,1,2,0.5,2,2,1.0,3,5,8,2,0,6,1,1,13
2022-02-03_uc_san_diego_csun,UC San Diego,15,"Claros, Brianna",True,32,3,8,0.375,2,5,0.4,0,0,,0,2,2,0,2,1,0,0,8
2022-02-03_uc_san_diego_csun,UC San Diego,24,"Mullings, Bridget",True,15,2,4,0.5,0,2,0.0,0,0,,1,3,4,1,0,2,0,0,4
2022-02-03_uc_san_diego_csun,UC San Diego,12,"Baxter, Madison",True,23,1,7,0.143,1,5,0.2,0,0,,1,1,2,5,3,2,0,3,3
2022-02-03_uc_san_diego_csun,UC San Diego,04,"Cangelosi, Emily",True,32,1,11,0.091,0,5,0.0,0,0,,4,3,7,1,0,4,0,1,2
2022-02-03_uc_san_diego_csun,UC San Diego,32,"Montgomery, Parker",False,28,3,6,0.5,3,6,0.5,2,2,1.0,0,3,3,1,4,3,0,1,11
2022-02-03_uc_san_diego_csun,UC San Diego,02,"Chamberlin, Ula",False,20,2,6,0.333,0,2,0.0,0,1,0.0,1,6,7,3,4,2,0,1,4
2022-02-03_uc_san_diego_csun,UC San Diego,11,"Brown, Aishah",False,7,0,1,0.0,0,0,,0,0,,0,1,1,2,0,1,0,0,0
2022-02-03_uc_san_diego_csun,UC San Diego,10,"Macabuhay, Julia",False,6,0,1,0.0,0,1,0.0,0,0,,0,0,0,0,0,0,0,0,0
2022-02-03_uc_san_diego_csun,UC San Diego,20,"Forsyth, Izzy",False,3,0,0,,0,0,,0,0,,0,0,0,0,0,1,0,0,0
2022-02-03_uc_san_diego_csun,UC San Diego,TM,TEAM,False,0,0,0,,0,0,,0,0,,0,1,1,0,0,1,0,0,0
2022-02-03_cal_poly_cal_st_fullerton,Cal St. Fullerton,3,"Wahinekapu, Lily",True,34,5,15,0.333,1,4,0.25,8,9,0.889,0,4,4,1,2,4,0,2,19
2022-02-03_cal_poly_cal_st_fullerton,Cal St. Fullerton,23,"Gill, Carolyn",True,37,5,9,0.556,0,0,,4,6,0.667,1,7,8,3,1,5,1,0,14
2022-02-03_cal_poly_cal_st_fullerton,Cal St. Fullerton,32,"Lewis, Ashlee",True,20,4,9,0.444,0,0,,2,4,0.5,2,4,6,3,0,2,0,1,10
2022-02-03_cal_poly_cal_st_fullerton,Cal St. Fullerton,55,"Nimmo, Fujika",True,36,2,6,0.333,0,1,0.0,1,2,0.5,1,2,3,3,5,2,0,0,5
2022-02-03_cal_poly_cal_st_fullerton,Cal St. Fullerton,24,"Neff, Kathryn",True,19,1,5,0.2,0,4,0.0,0,0,,2,2,4,5,2,0,0,0,2
2022-02-03_cal_poly_cal_st_fullerton,Cal St. Fullerton,1,"Jovanovic, Una",False,11,0,2,0.0,0,0,,2,2,1.0,1,1,2,0,0,0,0,0,2
2022-02-03_cal_poly_cal_st_fullerton,Cal St. Fullerton,4,"Vidmar, Gabi",False,26,0,6,0.0,0,5,0.0,0,0,,0,5,5,3,0,1,0,1,0
2022-02-03_cal_poly_cal_st_fullerton,Cal St. Fullerton,5,"Rodarte, Clarissa",False,9,0,1,0.0,0,1,0.0,0,0,,0,2,2,0,0,1,0,0,0
2022-02-03_cal_poly_cal_st_fullerton,Cal St. Fullerton,11,"Macdonald, Ruby",False,8,0,4,0.0,0,3,0.0,0,0,,1,2,3,2,0,3,1,1,0
2022-02-03_cal_poly_cal_st_fullerton,Cal St. Fullerton,10,"de Vera, Eliza",False,0,0,0,,0,0,,0,0,,0,0,0,0,0,0,0,0,0
2022-02-03_cal_poly_cal_st_fullerton,Cal St. Fullerton,TM,TEAM,False,0,0,0,,0,0,,0,0,,3,4,7,0,0,0,0,0,0
2022-02-03_cal_poly_cal_st_fullerton,Cal Poly,33,"Willett, Maddie",True,31,5,11,0.455,3,6,0.5,2,2,1.0,0,5,5,0,0,3,1,3,15
2022-02-03_cal_poly_cal_st_fullerton,Cal Poly,13,"Vick, Maddie",True,38,3,6,0.5,0,1,0.0,6,6,1.0,0,2,2,2,9,1,0,1,12
2022-02-03_cal_poly_cal_st_fullerton,Cal Poly,25,"Brown, Kirsty",True,32,4,12,0.333,0,1,0.0,1,2,0.5,2,5,7,3,0,1,1,1,9
2022-02-03_cal_poly_cal_st_fullerton,Cal Poly,14,"Scanlan, Hannah",True,23,3,6,0.5,0,0,,1,1,1.0,1,2,3,2,1,1,1,0,7
2022-02-03_cal_poly_cal_st_fullerton,Cal Poly,5,"Anousinh, Jazzy",True,11,1,2,0.5,0,0,,0,0,,0,0,0,5,2,1,0,2,2
2022-02-03_cal_poly_cal_st_fullerton,Cal Poly,2,"Shah, Annika",False,10,4,10,0.4,1,7,0.143,0,0,,1,1,2,0,1,1,0,0,9
2022-02-03_cal_poly_cal_st_fullerton,Cal Poly,32,"Nielacna, Julia",False,17,2,7,0.286,0,2,0.0,2,4,0.5,1,3,4,5,1,1,0,0,6
2022-02-03_cal_poly_cal_st_fullerton,Cal Poly,15,"Bourland, Sydney",False,27,0,5,0.0,0,2,0.0,1,4,0.25,1,4,5,1,2,2,0,2,1
2022-02-03_cal_poly_cal_st_fullerton,Cal Poly,1,"Dumitrescu, Sarah",False,8,0,2,0.0,0,0,,0,2,0.0,1,2,3,1,0,2,0,0,0
2022-02-03_cal_poly_cal_st_fullerton,Cal Poly,11,"Dickson, Junie",False,3,0,0,,0,0,,0,0,,0,1,1,1,0,0,0,0,0
2022-02-03_cal_poly_cal_st_fullerton,Cal Poly,TM,TEAM,False,0,0,0,,0,0,,0,0,,2,5,7,0,0,0,0,0,0
2022-02-03_csu_bakersfield_long_beach_st,Long Beach St.,1,"Utti, Maddi",True,40,8,13,0.615,3,5,0.6,5,6,0.833,2,8,10,3,3,2,0,3,24
2022-02-03_csu_bakersfield_long_beach_st,Long Beach St.,00,"Berry, Ma'qhi",True,36,6,9,0.667,1,1,1.0,5,6,0.833,1,1,2,3,3,2,0,0,18
2022-02-03_csu_bakersfield_long_beach_st,Long Beach St.,10,"King, Justina",True,37,3,6,0.5,2,4,0.5,7,9,0.778,0,1,1,1,2,2,0,1,15
2022-02-03_csu_bakersfield_long_beach_st,Long Beach St.,11,"Hardy, Jasmine",True,17,3,7,0.429,0,2,0.0,0,0,,0,0,0,3,1,1,0,1,6
2022-02-03_csu_bakersfield_long_beach_st,Long Beach St.,23,"Green, Lauren",True,13,0,1,0.0,0,1,0.0,2,6,0.333,1,1,2,1,1,0,0,0,2
2022-02-03_csu_bakersfield_long_beach_st,Long Beach St.,25,"Hamilton-fisher, Kianna",False,37,3,7,0.429,0,2,0.0,0,0,,1,5,6,1,3,0,1,1,6
2022-02-03_csu_bakersfield_long_beach_st,Long Beach St.,2,"Tucker, Savannah",False,5,1,1,1.0,0,0,,0,0,,0,0,0,0,0,0,0,0,2
2022-02-03_csu_bakersfield_long_beach_st,Long Beach St.,32,"Mikkelsen, Thea",False,1,0,0,,0,0,,1,2,0.5,0,1,1,0,0,1,0,0,1
2022-02-03_csu_bakersfield_long_beach_st,Long Beach St.,12,"Jeskeova, Kristyna",False,8,0,1,0.0,0,1,0.0,0,0,,1,0,1,1,0,2,1,0,0
2022-02-03_csu_bakersfield_long_beach_st,Long Beach St.,3,"Chung, Patricia",False,6,0,2,0.0,0,0,,0,0,,0,1,1,2,0,1,0,0,0
2022-02-03_csu_bakersfield_long_beach_st,Long Beach St.,TM,TEAM,False,0,0,0,,0,0,,0,0,,3,4,7,0,0,1,0,0,0
2022-02-03_csu_bakersfield_long_beach_st,CSU Bakersfield,10,"Eggleston, Jayden",True,32,5,12,0.417,1,3,0.333,3,4,0.75,1,2,3,4,0,1,0,1,14
2022-02-03_csu_bakersfield_long_beach_st,CSU Bakersfield,1,"Clayburne, Tatyanna",True,22,3,4,0.75,1,2,0.5,1,1,1.0,0,0,0,3,0,3,0,0,8
2022-02-03_csu_bakersfield_long_beach_st,CSU Bakersfield,23,"Saxon, Miracle",True,18,2,3,0.667,0,0,,1,3,0.333,1,4,5,1,0,1,0,1,5
2022-02-03_csu_bakersfield_long_beach_st,CSU Bakersfield,3,"van Schaik, Hennie",True,23,2,6,0.333,0,0,,0,0,,1,2,3,3,0,5,0,0,4
2022-02-03_csu_bakersfield_long_beach_st,CSU Bakersfield,4,"Dixon, Jasmin",True,25,0,3,0.0,0,3,0.0,0,0,,0,4,4,1,0,2,1,1,0
2022-02-03_csu_bakersfield_long_beach_st,CSU Bakersfield,11,"Green, Lexus",False,29,3,6,0.5,3,5,0.6,3,5,0.6,0,0,0,1,6,2,0,3,12
2022-02-03_csu_bakersfield_long_beach_st,CSU Bakersfield,22,"Easley, Andie",False,30,3,13,0.231,2,7,0.286,2,2,1.0,2,2,4,3,2,2,0,2,10
2022-02-03_csu_bakersfield_long_beach_st,CSU Bakersfield,54,"Austin, Vanessa",False,12,4,5,0.8,0,0,,0,0,,1,1,2,5,0,0,0,0,8
2022-02-03_csu_bakersfield_long_beach_st,CSU Bakersfield,24,"Bridges-bey, Sage",False,3,0,0,,0,0,,2,2,1.0,0,1,1,1,0,0,0,0,2
2022-02-03_csu_bakersfield_long_beach_st,CSU Bakersfield,00,"Johnson, Simone",False,5,0,0,,0,0,,0,0,,0,0,0,1,0,0,0,0,0
2022-02-03_csu_bakersfield_long_beach_st,CSU Bakersfield,13,"Herrera, Solmilena",False,1,0,0,,0,0,,0,0,,0,0,0,0,0,0,0,0,0
2022-02-03_csu_bakersfield_long_beach_st,CSU Bakersfield,TM,TEAM,False,0,0,0,,0,0,,0,0,,6,3,9,0,0,0,0,0,0
2022-02-05_hawaii_uc_riverside,UC Riverside,04,"Holland, Jada",True,30,7,15,0.467,0,4,0.0,0,1,0.0,1,2,3,0,0,2,0,0,14
2022-02-05_hawaii_uc_riverside,UC Riverside,03,"West, Olivia",True,22,2,3,0.667,0,1,0.0,4,5,0.8,0,2,2,1,1,1,0,0,8
2022-02-05_hawaii_uc_riverside,UC Riverside,10,"Cooper, Keilanei",True,26,3,12,0.25,0,3,0.0,0,0,,1,2,3,1,1,1,0,1,6
2022-02-05_hawaii_uc_riverside,UC Riverside,24,"Gnago, Daphne",True,26,1,3,0.333,0,0,,0,0,,3,5,8,2,2,1,0,0,2
2022-02-05_hawaii_uc_riverside,UC Riverside,14,"Finau, Mele",True,18,0,4,0.0,0,1,0.0,0,0,,0,4,4,1,0,3,0,0,0
2022-02-05_hawaii_uc_riverside,UC Riverside,32,"Webster, Jordan",False,23,5,10,0.5,4,7,0.571,1,1,1.0,0,3,3,2,0,1,0,0,15
2022-02-05_hawaii_uc_riverside,UC Riverside,00,"Bryant, Matehya",False,25,3,4,0.75,0,0,,4,4,1.0,1,3,4,4,0,1,1,0,10
2022-02-05_hawaii_uc_riverside,UC Riverside,23,"Aikins, India",False,8,1,3,0.333,0,2,0.0,0,0,,0,0,0,0,0,0,0,0,2
2022-02-05_hawaii_uc_riverside,UC Riverside,02,"Walters, Ryanne",False,16,0,3,0.0,0,0,,0,0,,0,1,1,2,1,1,0,3,0
2022-02-05_hawaii_uc_riverside,UC Riverside,11,"Matarranz, Esther",False,3,0,0,,0,0,,0,0,,0,0,0,1,0,0,0,0,0
2022-02-05_hawaii_uc_riverside,UC Riverside,30,"Morse, Rose",False,3,0,1,0.0,0,0,,0,0,,1,0,1,0,0,1,0,0,0
2022-02-05_hawaii_uc_riverside,UC Riverside,TM,TEAM,False,0,0,0,,0,0,,0,0,,1,0,1,0,0,0,0,0,0
2022-02-05_hawaii_uc_riverside,Hawaii,25,"Atwell, Amy",True,24,8,9,0.889,3,4,0.75,2,3,0.667,2,6,8,3,1,0,1,2,21
2022-02-05_hawaii_uc_riverside,Hawaii,45,"Davies, Olivia",True,25,4,9,0.444,3,4,0.75,0,0,,0,2,2,0,3,1,0,1,11
2022-02-05_hawaii_uc_riverside,Hawaii,01,"Imai, Kelsie",True,19,2,4,0.5,1,1,1.0,1,2,0.5,0,1,1,0,2,0,0,0,6
2022-02-05_hawaii_uc_riverside,Hawaii,34,"David, Jacque",True,15,2,5,0.4,1,3,0.333,0,0,,1,2,3,1,1,0,0,1,5
2022-02-05_hawaii_uc_riverside,Hawaii,11,"Spiller, Kallin",True,22,2,6,0.333,0,2,0.0,0,0,,0,4,4,1,2,1,1,1,4
2022-02-05_hawaii_uc_riverside,Hawaii,15,"Phillips, Daejah",False,22,4,6,0.667,1,1,1.0,3,4,0.75,1,2,3,2,2,1,0,1,12
2022-02-05_hawaii_uc_riverside,Hawaii,14,"Orji, Nnenna",False,17,3,6,0.5,0,1,0.0,5,8,0.625,1,2,3,1,0,0,0,0,11
2022-02-05_hawaii_uc_riverside,Hawaii,23,"McBee, MeiLani",False,17,2,3,0.667,2,3,0.667,0,0,,0,1,1,1,1,0,0,0,6
2022-02-05_hawaii_uc_riverside,Hawaii,24,"Calhoun, Nae Nae",False,17,0,3,0.0,0,0,,0,0,,1,1,2,1,2,3,0,1,0
2022-02-05_hawaii_uc_riverside,Hawaii,02,"Thoms, Ashley",False,11,0,2,0.0,0,1,0.0,0,2,0.0,0,0,0,0,0,0,0,0,0
2022-02-05_hawaii_uc_riverside,Hawaii,20,"Haire, McKenna",False,6,0,1,0.0,0,0,,0,0,,0,1,1,2,0,0,0,0,0
2022-02-05_hawaii_uc_riverside,Hawaii,32,"Ongoongotau, Eva",False,3,0,1,0.0,0,0,,0,0,,0,0,0,1,0,2,0,0,0
2022-02-05_hawaii_uc_riverside,Hawaii,13,"Birdsong, Hallie",False,2,0,0,,0,0,,0,0,,0,2,2,0,0,0,0,0,0
2022-02-05_hawaii_uc_riverside,Hawaii,TM,TEAM,False,0,0,0,,0,0,,0,0,,2,2,4,0,0,2,0,0,0
2022-02-05_uc_irvine_csun,CSUN,15,"Amundsen, Tess",True,33,3,8,0.375,2,5,0.4,4,4,1.0,1,5,6,1,0,3,0,0,12
2022-02-05_uc_irvine_csun,CSUN,1,"Jackson, Jordyn",True,34,4,16,0.25,1,4,0.25,2,2,1.0,0,4,4,1,4,6,0,3,11
2022-02-05_uc_irvine_csun,CSUN,12,"Henderson, Meghann",True,22,3,3,1.0,2,2,1.0,1,3,0.333,1,3,4,2,0,4,3,1,9
2022-02-05_uc_irvine_csun,CSUN,21,"Tu'ua, Anaiyah",True,27,2,7,0.286,0,2,0.0,1,2,0.5,0,0,0,3,3,2,0,1,5
2022-02-05_uc_irvine_csun,CSUN,34,"Spriggs, Kayanna",True,21,0,3,0.0,0,0,,5,6,0.833,1,4,5,3,1,4,1,0,5
2022-02-05_uc_irvine_csun,CSUN,5,"Duchemin, Michelle",False,16,2,5,0.4,0,0,,2,2,1.0,1,0,1,2,0,0,1,0,6
2022-02-05_uc_irvine_csun,CSUN,2,"Woodley, Sydney",False,28,2,4,0.5,0,0,,0,0,,1,2,3,3,0,0,0,2,4
2022-02-05_uc_irvine_csun,CSUN,4,"Harvey, Rachel",False,11,0,1,0.0,0,0,,0,0,,0,1,1,2,0,0,0,1,0
2022-02-05_uc_irvine_csun,CSUN,11,"Smith, Olivia",False,8,0,0,,0,0,,0,0,,0,1,1,0,0,1,1,1,0
2022-02-05_uc_irvine_csun,CSUN,32,"Hawkins, Ashley",False,0,0,0,,0,0,,0,0,,0,0,0,0,0,0,0,0,0
2022-02-05_uc_irvine_csun,CSUN,TM,TEAM,False,0,0,0,,0,0,,0,0,,3,6,9,0,0,1,0,0,0
2022-02-05_uc_irvine_csun,UC Irvine,2,"Webb, Chloe",True,40,6,11,0.545,3,5,0.6,5,6,0.833,0,4,4,2,3,5,1,7,20
2022-02-05_uc_irvine_csun,UC Irvine,10,"Cadee, Jayde",True,34,6,11,0.545,6,11,0.545,2,2,1.0,0,4,4,2,2,1,0,0,20
2022-02-05_uc_irvine_csun,UC Irvine,4,"Williams, Kayla",True,36,5,14,0.357,2,3,0.667,5,7,0.714,1,4,5,2,7,4,1,3,17
2022-02-05_uc_irvine_csun,UC Irvine,35,"Locandro, Sophia",True,22,0,2,0.0,0,0,,0,0,,1,1,2,3,0,2,1,0,0
2022-02-05_uc_irvine_csun,UC Irvine,42,"Hunt, Naomi",True,17,0,4,0.0,0,2,0.0,0,0,,0,1,1,1,0,1,0,1,0
2022-02-05_uc_irvine_csun,UC Irvine,3,"Tom, Nikki",False,23,2,4,0.5,0,2,0.0,2,2,1.0,2,1,3,0,0,1,0,1,6
2022-02-05_uc_irvine_csun,UC Irvine,45,"Dusharm, Tara",False,10,0,1,0.0,0,0,,2,4,0.5,1,4,5,1,0,1,0,0,2
2022-02-05_uc_irvine_csun,UC Irvine,24,"Kapinga, Melodie",False,8,0,1,0.0,0,0,,0,0,,0,2,2,2,0,0,1,0,0
2022-02-05_uc_irvine_csun,UC Irvine,11,"Scharpf, Amelia",False,5,0,2,0.0,0,0,,0,0,,0,0,0,0,0,0,0,0,0
2022-02-05_uc_irvine_csun,UC Irvine,33,"Kaupu, Caiyle",False,5,0,0,,0,0,,0,0,,0,0,0,0,1,0,0,0,0
2022-02-05_uc_irvine_csun,UC Irvine,TM,TEAM,False,0,0,0,,0,0,,0,0,,2,3,5,0,0,2,0,0,0
2022-02-05_uc_san_diego_uc_santa_barbara,UC Santa Barbara,31,"Lane, Ila",True,36,6,10,0.6,0,0,,6,7,0.857,2,7,9,1,2,3,0,0,18
2022-02-05_uc_san_diego_uc_santa_barbara,UC Santa Barbara,00,"Miller, Danae",True,40,5,12,0.417,1,6,0.167,2,2,1.0,2,6,8,0,2,3,1,1,13
2022-02-05_uc_san_diego_uc_santa_barbara,UC Santa Barbara,02,"Tucker, Alexis",True,22,2,7,0.286,1,4,0.25,2,3,0.667,1,4,5,2,0,2,0,1,7
2022-02-05_uc_san_diego_uc_santa_barbara,UC Santa Barbara,30,"Anderson, Megan",True,28,1,3,0.333,1,3,0.333,0,0,,0,2,2,0,2,2,0,1,3
2022-02-05_uc_san_diego_uc_santa_barbara,UC Santa Barbara,01,"Gonzalez, Johnni",True,3,1,1,1.0,0,0,,0,0,,0,1,1,0,0,0,0,0,2
2022-02-05_uc_san_diego_uc_santa_barbara,UC Santa Barbara,10,"Choice, Anya",False,23,2,6,0.333,1,4,0.25,3,5,0.6,0,0,0,0,2,3,0,1,8
2022-02-05_uc_san_diego_uc_santa_barbara,UC Santa Barbara,03,"Marin, Alyssa",False,21,2,3,0.667,1,1,1.0,3,5,0.6,0,1,1,4,1,1,0,1,8
2022-02-05_uc_san_diego_uc_santa_barbara,UC Santa Barbara,11,"Lee, Lauren",False,15,0,3,0.0,0,0,,0,0,,1,2,3,3,1,1,0,2,0
2022-02-05_uc_san_diego_uc_santa_barbara,UC Santa Barbara,12,"Mole, Taylor",False,8,0,0,,0,0,,0,0,,0,2,2,0,0,2,0,0,0
2022-02-05_uc_san_diego_uc_santa_barbara,UC Santa Barbara,21,"Johnson, Kennedy",False,4,0,1,0.0,0,1,0.0,0,0,,0,0,0,0,1,1,0,0,0
2022-02-05_uc_san_diego_uc_santa_barbara,UC Santa Barbara,TM,TEAM,False,0,0,0,,0,0,,0,0,,2,2,4,0,0,1,0,0,0
2022-02-05_uc_san_diego_uc_santa_barbara,UC San Diego,13,"Brown, Sydney",True,30,4,11,0.364,2,5,0.4,3,3,1.0,2,5,7,3,1,3,0,5,13
2022-02-05_uc_san_diego_uc_santa_barbara,UC San Diego,12,"Baxter, Madison",True,20,3,5,0.6,1,3,0.333,3,4,0.75,0,0,0,5,2,1,0,1,10
2022-02-05_uc_san_diego_uc_santa_barbara,UC San Diego,10,"Macabuhay, Julia",True,22,2,11,0.182,1,4,0.25,2,3,0.667,0,3,3,0,2,2,0,2,7
2022-02-05_uc_san_diego_uc_santa_barbara,UC San Diego,04,"Cangelosi, Emily",True,33,1,5,0.2,0,1,0.0,1,2,0.5,5,0,5,3,1,2,0,0,3
2022-02-05_uc_san_diego_uc_santa_barbara,UC San Diego,24,"Mullings, Bridget",True,23,1,6,0.167,0,5,0.0,0,0,,2,4,6,4,1,2,1,0,2
2022-02-05_uc_san_diego_uc_santa_barbara,UC San Diego,11,"Brown, Aishah",False,17,2,7,0.286,0,2,0.0,0,0,,1,1,2,5,1,1,1,1,4
2022-02-05_uc_san_diego_uc_santa_barbara,UC San Diego,15,"Claros, Brianna",False,24,1,4,0.25,1,2,0.5,0,0,,0,1,1,0,1,1,0,1,3
2022-02-05_uc_san_diego_uc_santa_barbara,UC San Diego,32,"Montgomery, Parker",False,17,1,4,0.25,1,3,0.333,0,0,,3,0,3,1,0,0,0,0,3
2022-02-05_uc_san_diego_uc_santa_barbara,UC San Diego,02,"Chamberlin, Ula",False,10,1,2,0.5,0,1,0.0,0,0,,0,1,1,0,1,4,0,0,2
2022-02-05_uc_san_diego_uc_santa_barbara,UC San Diego,23,"Thompson, Courtni",False,3,0,0,,0,0,,0,0,,0,1,1,0,0,0,0,0,0
2022-02-05_uc_san_diego_uc_santa_barbara,UC San Diego,20,"Forsyth, Izzy",False,1,0,0,,0,0,,0,0,,0,0,0,0,0,0,1,0,0
2022-02-05_uc_san_diego_uc_santa_barbara,UC San Diego,TM,TEAM,False,0,0,0,,0,0,,0,0,,0,5,5,0,0,1,0,0,0
2022-02-05_cal_poly_long_beach_st,Long Beach St.,1,"Utti, Maddi",True,49,6,14,0.429,1,6,0.167,4,4,1.0,0,8,8,2,2,3,1,3,17
2022-02-05_cal_poly_long_beach_st,Long Beach St.,10,"King, Justina",True,50,6,23,0.261,1,5,0.2,0,0,,1,2,3,1,4,3,0,0,13
2022-02-05_cal_poly_long_beach_st,Long Beach St.,00,"Berry, Ma'qhi",True,39,5,10,0.5,0,3,0.0,3,6,0.5,0,4,4,4,1,2,0,1,13
2022-02-05_cal_poly_long_beach_st,Long Beach St.,11,"Hardy, Jasmine",True,35,4,12,0.333,2,8,0.25,1,2,0.5,0,2,2,1,1,1,0,0,11
2022-02-05_cal_poly_long_beach_st,Long Beach St.,23,"Green, Lauren",True,17,1,3,0.333,0,0,,2,4,0.5,2,0,2,4,0,2,0,1,4
2022-02-05_cal_poly_long_beach_st,Long Beach St.,25,"Hamilton-fisher, Kianna",False,43,1,6,0.167,0,1,0.0,3,4,0.75,3,1,4,4,0,0,0,1,5
2022-02-05_cal_poly_long_beach_st,Long Beach St.,2,"Tucker, Savannah",False,9,0,1,0.0,0,0,,2,2,1.0,1,0,1,2,0,0,0,0,2
2022-02-05_cal_poly_long_beach_st,Long Beach St.,12,"Jeskeova, Kristyna",False,7,0,0,,0,0,,0,0,,1,3,4,1,0,0,0,1,0
2022-02-05_cal_poly_long_beach_st,Long Beach St.,3,"Chung, Patricia",False,1,0,1,0.0,0,0,,0,0,,0,0,0,0,0,0,0,0,0
2022-02-05_cal_poly_long_beach_st,Long Beach St.,TM,TEAM,False,0,0,0,,0,0,,0,0,,0,8,8,0,0,0,0,0,0
2022-02-05_cal_poly_long_beach_st,Cal Poly,25,"Brown, Kirsty",True,44,8,17,0.471,0,1,0.0,2,4,0.5,3,4,7,3,1,1,2,1,18
2022-02-05_cal_poly_long_beach_st,Cal Poly,14,"Scanlan, Hannah",True,43,6,11,0.545,0,0,,6,11,0.545,5,6,11,4,3,2,0,0,18
2022-02-05_cal_poly_long_beach_st,Cal Poly,2,"Shah, Annika",True,29,4,10,0.4,2,7,0.286,1,1,1.0,0,5,5,2,1,4,0,2,11
2022-02-05_cal_poly_long_beach_st,Cal Poly,13,"Vick, Maddie",True,50,4,9,0.444,0,1,0.0,1,2,0.5,0,7,7,2,5,5,0,1,9
2022-02-05_cal_poly_long_beach_st,Cal Poly,33,"Willett, Maddie",True,50,3,10,0.3,1,6,0.167,0,0,,0,6,6,4,4,2,0,0,7
2022-02-05_cal_poly_long_beach_st,Cal Poly,15,"Bourland, Sydney",False,19,0,1,0.0,0,0,,1,4,0.25,2,3,5,1,3,1,0,0,1
2022-02-05_cal_poly_long_beach_st,Cal Poly,1,"Dumitrescu, Sarah",False,7,0,1,0.0,0,0,,0,0,,1,4,5,1,0,2,0,0,0
2022-02-05_cal_poly_long_beach_st,Cal Poly,32,"Nielacna, Julia",False,6,0,1,0.0,0,1,0.0,0,0,,0,0,0,0,0,1,0,0,0
2022-02-05_cal_poly_long_beach_st,Cal Poly,5,"Anousinh, Jazzy",False,2,0,0,,0,0,,0,0,,0,0,0,2,0,0,0,0,0
2022-02-05_cal_poly_long_beach_st,Cal Poly,TM,TEAM,False,0,0,0,,0,0,,0,0,,1,8,9,0,0,4,0,0,0
2022-02-05_csu_bakersfield_cal_st_fullerton,Cal St. Fullerton,23,"Gill, Carolyn",True,27,6,8,0.75,0,0,,8,12,0.667,2,2,4,4,1,2,0,1,20
2022-02-05_csu_bakersfield_cal_st_fullerton,Cal St. Fullerton,03,"Wahinekapu, Lily",True,38,4,7,0.571,0,1,0.0,4,4,1.0,0,4,4,2,3,2,0,0,12
2022-02-05_csu_bakersfield_cal_st_fullerton,Cal St. Fullerton,04,"Vidmar, Gabi",True,29,4,8,0.5,4,7,0.571,0,0,,1,1,2,5,2,3,0,0,12
2022-02-05_csu_bakersfield_cal_st_fullerton,Cal St. Fullerton,32,"Lewis, Ashlee",True,29,4,9,0.444,0,0,,0,0,,2,5,7,5,0,1,0,0,8
2022-02-05_csu_bakersfield_cal_st_fullerton,Cal St. Fullerton,01,"Jovanovic, Una",True,19,1,3,0.333,1,2,0.5,0,0,,0,1,1,1,2,0,0,1,3
2022-02-05_csu_bakersfield_cal_st_fullerton,Cal St. Fullerton,55,"Nimmo, Fujika",False,27,8,11,0.727,0,1,0.0,3,5,0.6,0,2,2,2,4,2,0,1,19
2022-02-05_csu_bakersfield_cal_st_fullerton,Cal St. Fullerton,24,"Neff, Kathryn",False,22,0,4,0.0,0,4,0.0,0,0,,0,1,1,2,0,0,1,2,0
2022-02-05_csu_bakersfield_cal_st_fullerton,Cal St. Fullerton,15,"Mensah, Janette",False,5,0,1,0.0,0,0,,0,0,,0,1,1,1,0,1,0,0,0
2022-02-05_csu_bakersfield_cal_st_fullerton,Cal St. Fullerton,05,"Rodarte, Clarissa",False,4,0,1,0.0,0,0,,0,0,,0,0,0,0,0,0,0,0,0
2022-02-05_csu_bakersfield_cal_st_fullerton,Cal St. Fullerton,10,"de Vera, Eliza",False,,0,0,,0,0,,0,0,,0,0,0,2,0,0,0,0,0
2022-02-05_csu_bakersfield_cal_st_fullerton,Cal St. Fullerton,TM,TEAM,False,0,0,0,,0,0,,0,0,,1,2,3,0,0,0,0,0,0
2022-02-05_csu_bakersfield_cal_st_fullerton,CSU Bakersfield,10,"Eggleston, Jayden",True,38,7,15,0.467,2,3,0.667,13,18,0.722,3,8,11,4,0,6,1,0,29
2022-02-05_csu_bakersfield_cal_st_fullerton,CSU Bakersfield,04,"Dixon, Jasmin",True,26,1,2,0.5,1,2,0.5,0,0,,0,0,0,1,1,1,1,0,3
2022-02-05_csu_bakersfield_cal_st_fullerton,CSU Bakersfield,01,"Clayburne, Tatyanna",True,22,1,6,0.167,0,4,0.0,0,0,,1,1,2,3,2,0,0,3,2
2022-02-05_csu_bakersfield_cal_st_fullerton,CSU Bakersfield,00,"Johnson, Simone",True,13,1,2,0.5,0,1,0.0,0,0,,1,1,2,4,1,0,0,1,2
2022-02-05_csu_bakersfield_cal_st_fullerton,CSU Bakersfield,03,"van Schaik, Hennie",True,8,1,1,1.0,0,0,,0,0,,0,0,0,3,0,1,0,0,2
2022-02-05_csu_bakersfield_cal_st_fullerton,CSU Bakersfield,22,"Easley, Andie",False,31,5,11,0.455,3,6,0.5,7,7,1.0,0,1,1,1,1,0,0,1,20
2022-02-05_csu_bakersfield_cal_st_fullerton,CSU Bakersfield,54,"Austin, Vanessa",False,27,6,7,0.857,0,0,,6,7,0.857,3,6,9,1,0,4,1,0,18
2022-02-05_csu_bakersfield_cal_st_fullerton,CSU Bakersfield,11,"Green, Lexus",False,23,0,5,0.0,0,4,0.0,0,0,,0,2,2,1,5,0,0,0,0
2022-02-05_csu_bakersfield_cal_st_fullerton,CSU Bakersfield,13,"Herrera, Solmilena",False,7,0,1,0.0,0,0,,0,0,,2,1,3,2,0,1,0,1,0
2022-02-05_csu_bakersfield_cal_st_fullerton,CSU Bakersfield,24,"Bridges-Bey, Sage",False,5,0,0,,0,0,,0,0,,0,0,0,1,0,0,0,0,0
2022-02-05_csu_bakersfield_cal_st_fullerton,CSU Bakersfield,TM,TEAM,False,0,0,0,,0,0,,0,0,,0,2,2,0,0,0,0,0,0
2022-02-08_cal_st_fullerton_long_beach_st,Long Beach St.,11,Jasmine Hardy,True,39,8,13,0.615,6,9,0.667,0,0,,2,1,3,2,2,0,0,3,22
2022-02-08_cal_st_fullerton_long_beach_st,Long Beach St.,01,Maddi Utti,True,25,4,8,0.5,0,0,,2,3,0.667,3,5,8,3,2,2,0,3,10
2022-02-08_cal_st_fullerton_long_beach_st,Long Beach St.,10,Justina King,True,39,4,14,0.286,1,7,0.143,0,0,,0,1,1,1,10,1,0,3,9
2022-02-08_cal_st_fullerton_long_beach_st,Long Beach St.,00,Ma'Qhi Berry,True,24,2,7,0.286,0,0,,0,0,,1,1,2,2,3,1,0,2,4
2022-02-08_cal_st_fullerton_long_beach_st,Long Beach St.,02,Savannah Tucker,True,10,0,0,,0,0,,0,0,,0,1,1,0,1,0,0,0,0
2022-02-08_cal_st_fullerton_long_beach_st,Long Beach St.,25,Kianna Hamilton-Fish,False,26,3,7,0.429,1,4,0.25,2,4,0.5,0,2,2,4,5,2,2,0,9
2022-02-08_cal_st_fullerton_long_beach_st,Long Beach St.,23,Lauren Green,False,19,2,4,0.5,0,0,,0,0,,2,4,6,3,0,4,1,3,4
2022-02-08_cal_st_fullerton_long_beach_st,Long Beach St.,03,Patricia Chung,False,4,1,2,0.5,1,2,0.5,0,0,,0,0,0,0,0,3,0,0,3
2022-02-08_cal_st_fullerton_long_beach_st,Long Beach St.,12,Kristyna Jeskeova,False,10,1,2,0.5,0,1,0.0,0,0,,0,2,2,1,0,0,2,0,2
2022-02-08_cal_st_fullerton_long_beach_st,Long Beach St.,32,Thea Mikkelsen,False,3,0,1,0.0,0,0,,0,0,,0,0,0,0,0,0,0,0,0
2022-02-08_cal_st_fullerton_long_beach_st,Long Beach St.,05,Emily Sullivan,False,1,0,0,,0,0,,0,0,,0,0,0,0,0,0,0,0,0
2022-02-08_cal_st_fullerton_long_beach_st,Long Beach St.,TM,TEAM,False,0,0,0,,0,0,,0,0,,1,1,2,0,0,1,0,0,0
2022-02-08_cal_st_fullerton_long_beach_st,Cal St. Fullerton,03,"Wahinekapu, Lily",True,36,6,11,0.545,3,7,0.429,4,5,0.8,1,5,6,4,2,7,0,3,19
2022-02-08_cal_st_fullerton_long_beach_st,Cal St. Fullerton,04,"Vidmar, Gabi",True,29,4,9,0.444,1,5,0.2,1,2,0.5,1,2,3,2,3,3,0,1,10
2022-02-08_cal_st_fullerton_long_beach_st,Cal St. Fullerton,32,"Lewis, Ashlee",True,31,4,5,0.8,0,0,,1,2,0.5,3,7,10,1,1,2,2,2,9
2022-02-08_cal_st_fullerton_long_beach_st,Cal St. Fullerton,23,"Gill, Carolyn",True,24,4,8,0.5,0,0,,1,2,0.5,2,1,3,0,0,2,0,0,9
2022-02-08_cal_st_fullerton_long_beach_st,Cal St. Fullerton,01,"Jovanovic, Una",True,16,1,1,1.0,0,0,,0,0,,0,2,2,0,0,2,0,0,2
2022-02-08_cal_st_fullerton_long_beach_st,Cal St. Fullerton,55,"Nimmo, Fujika",False,32,0,6,0.0,0,0,,2,2,1.0,1,2,3,1,2,5,0,2,2
2022-02-08_cal_st_fullerton_long_beach_st,Cal St. Fullerton,11,"MacDonald, Ruby",False,17,1,5,0.2,0,2,0.0,0,0,,0,2,2,3,2,0,0,0,2
2022-02-08_cal_st_fullerton_long_beach_st,Cal St. Fullerton,24,"Neff, Kathryn",False,15,0,2,0.0,0,2,0.0,0,0,,0,2,2,0,0,2,1,0,0
2022-02-08_cal_st_fullerton_long_beach_st,Cal St. Fullerton,TM,TEAM,False,0,0,0,,0,0,,0,0,,3,0,3,0,0,1,0,0,0
2022-02-10_uc_davis_uc_san_diego,UC San Diego,13,"Brown, Sydney",True,33,5,16,0.312,1,3,0.333,1,1,1.0,3,3,6,4,1,3,1,1,12
2022-02-10_uc_davis_uc_san_diego,UC San Diego,12,"Baxter, Madison",True,29,4,7,0.571,4,5,0.8,0,0,,0,3,3,3,0,2,0,2,12
2022-02-10_uc_davis_uc_san_diego,UC San Diego,04,"Cangelosi, Emily",True,26,1,4,0.25,1,4,0.25,0,0,,0,6,6,2,0,1,0,0,3
2022-02-10_uc_davis_uc_san_diego,UC San Diego,15,"Claros, Brianna",True,27,0,4,0.0,0,3,0.0,0,0,,0,2,2,0,3,1,0,1,0
2022-02-10_uc_davis_uc_san_diego,UC San Diego,11,"Brown, Aishah",True,17,0,6,0.0,0,2,0.0,0,0,,0,4,4,3,0,1,0,1,0
2022-02-10_uc_davis_uc_san_diego,UC San Diego,10,"Macabuhay, Julia",False,13,4,12,0.333,1,4,0.25,4,4,1.0,1,0,1,0,2,1,0,0,13
2022-02-10_uc_davis_uc_san_diego,UC San Diego,24,"Mullings, Bridget",False,20,1,3,0.333,0,2,0.0,0,0,,1,3,4,3,0,2,2,0,2
2022-02-10_uc_davis_uc_san_diego,UC San Diego,32,"Montgomery, Parker",False,17,0,3,0.0,0,0,,0,0,,0,1,1,1,2,1,0,3,0
2022-02-10_uc_davis_uc_san_diego,UC San Diego,02,"Chamberlin, Ula",False,13,0,3,0.0,0,1,0.0,0,0,,1,1,2,0,1,1,0,1,0
2022-02-10_uc_davis_uc_san_diego,UC San Diego,20,"Forsyth, Izzy",False,5,0,2,0.0,0,1,0.0,0,0,,0,2,2,1,0,0,0,0,0
2022-02-10_uc_davis_uc_san_diego,UC San Diego,TM,TEAM,False,0,0,0,,0,0,,0,0,,2,4,6,0,0,0,0,0,0
2022-02-10_uc_davis_uc_san_diego,UC Davis,32,"Hall, Cierra",True,36,5,10,0.5,2,4,0.5,8,8,1.0,4,7,11,1,1,2,1,0,20
2022-02-10_uc_davis_uc_san_diego,UC Davis,13,"Burns, Sydney",True,29,5,11,0.455,1,3,0.333,0,0,,1,7,8,0,1,2,0,0,11
2022-02-10_uc_davis_uc_san_diego,UC Davis,23,"Konrad, Kayla",True,35,2,8,0.25,0,3,0.0,1,2,0.5,2,4,6,4,2,3,0,0,5
2022-02-10_uc_davis_uc_san_diego,UC Davis,11,"Stobbart, Sage",True,18,1,8,0.125,1,4,0.25,0,0,,1,7,8,1,1,2,5,2,3
2022-02-10_uc_davis_uc_san_diego,UC Davis,15,"Turner, Evanne",True,29,0,7,0.0,0,5,0.0,0,0,,1,3,4,1,0,3,0,2,0
2022-02-10_uc_davis_uc_san_diego,UC Davis,10,"Svanholm, Lena",False,23,4,9,0.444,2,5,0.4,2,2,1.0,0,3,3,0,2,0,0,0,12
2022-02-10_uc_davis_uc_san_diego,UC Davis,33,"Harris, Mazatlan",False,12,0,2,0.0,0,1,0.0,0,0,,2,2,4,0,1,0,0,0,0
2022-02-10_uc_davis_uc_san_diego,UC Davis,03,"Gray, Campbell",False,11,0,3,0.0,0,2,0.0,0,0,,0,2,2,1,0,2,0,0,0
2022-02-10_uc_davis_uc_san_diego,UC Davis,20,"Sanders, Makaila",False,5,0,1,0.0,0,1,0.0,0,0,,0,1,1,0,2,0,0,1,0
2022-02-10_uc_davis_uc_san_diego,UC Davis,02,"Jones, Megan",False,2,0,0,,0,0,,0,0,,1,1,2,0,0,0,1,0,0
2022-02-10_uc_davis_uc_san_diego,UC Davis,TM,TEAM,False,0,0,0,,0,0,,0,0,,2,0,2,0,0,1,0,0,0
2022-02-10_cal_st_fullerton_hawaii,Hawaii,25,Amy Atwell,True,38,5,12,0.417,1,5,0.2,7,7,1.0,1,4,5,1,1,2,4,4,18
2022-02-10_cal_st_fullerton_hawaii,Hawaii,45,Olivia Davies,True,37,5,15,0.333,1,6,0.167,6,8,0.75,1,3,4,1,5,1,0,2,17
2022-02-10_cal_st_fullerton_hawaii,Hawaii,11,Kallin Spiller,True,20,1,9,0.111,1,2,0.5,3,4,0.75,7,5,12,4,0,2,2,0,6
2022-02-10_cal_st_fullerton_hawaii,Hawaii,34,Jacque David,True,19,2,6,0.333,1,2,0.5,1,4,0.25,2,2,4,1,1,1,0,0,6
2022-02-10_cal_st_fullerton_hawaii,Hawaii,01,Kelsie Imai,True,17,1,3,0.333,1,2,0.5,0,2,0.0,0,3,3,2,0,2,0,0,3
2022-02-10_cal_st_fullerton_hawaii,Hawaii,24,Nae Nae Calhoun,False,22,2,5,0.4,1,3,0.333,0,2,0.0,0,3,3,0,1,2,0,2,5
2022-02-10_cal_st_fullerton_hawaii,Hawaii,15,Daejah Phillips,False,29,0,4,0.0,0,0,,0,2,0.0,3,5,8,2,3,2,2,0,0
2022-02-10_cal_st_fullerton_hawaii,Hawaii,02,Ashley Thoms,False,9,0,0,,0,0,,0,0,,1,0,1,0,1,0,0,0,0
2022-02-10_cal_st_fullerton_hawaii,Hawaii,14,Nnenna Orji,False,8,0,2,0.0,0,0,,0,0,,0,1,1,2,0,1,0,0,0
2022-02-10_cal_st_fullerton_hawaii,Hawaii,23,Meilani McBee,False,1,0,1,0.0,0,1,0.0,0,0,,0,0,0,2,0,0,0,0,0
2022-02-10_cal_st_fullerton_hawaii,Hawaii,TM,TEAM,False,0,0,0,,0,0,,0,0,,2,1,3,0,0,0,0,0,0
2022-02-10_cal_st_fullerton_hawaii,Cal St. Fullerton,03,"Wahinekapu, Lily",True,38,4,17,0.235,0,4,0.0,4,4,1.0,1,6,7,1,5,4,0,2,12
2022-02-10_cal_st_fullerton_hawaii,Cal St. Fullerton,23,"Gill, Carolyn",True,30,4,6,0.667,0,0,,4,4,1.0,0,7,7,5,0,6,3,2,12
2022-02-10_cal_st_fullerton_hawaii,Cal St. Fullerton,04,"Vidmar, Gabi",True,40,2,7,0.286,2,5,0.4,0,0,,0,2,2,2,2,0,0,3,6
2022-02-10_cal_st_fullerton_hawaii,Cal St. Fullerton,32,"Lewis, Ashlee",True,24,2,8,0.25,0,0,,0,0,,2,4,6,2,0,2,0,1,4
2022-02-10_cal_st_fullerton_hawaii,Cal St. Fullerton,01,"Jovanovic, Una",True,14,0,1,0.0,0,1,0.0,0,0,,0,0,0,1,2,3,0,1,0
2022-02-10_cal_st_fullerton_hawaii,Cal St. Fullerton,55,"Nimmo, Fujika",False,32,4,9,0.444,0,1,0.0,2,2,1.0,1,1,2,5,1,2,0,0,10
2022-02-10_cal_st_fullerton_hawaii,Cal St. Fullerton,11,"MacDonald, Ruby",False,12,0,1,0.0,0,0,,1,2,0.5,1,0,1,3,0,1,1,0,1
2022-02-10_cal_st_fullerton_hawaii,Cal St. Fullerton,24,"Neff, Kathryn",False,9,0,1,0.0,0,0,,1,2,0.5,0,2,2,5,1,0,1,0,1
2022-02-10_cal_st_fullerton_hawaii,Cal St. Fullerton,05,"Rodarte, Clarissa",False,1,0,0,,0,0,,0,0,,0,0,0,1,0,1,0,0,0
2022-02-10_cal_st_fullerton_hawaii,Cal St. Fullerton,10,"de Vera, Eliza",False,0,0,0,,0,0,,0,0,,0,0,0,0,0,0,0,0,0
2022-02-10_cal_st_fullerton_hawaii,Cal St. Fullerton,54,"Furch, Brianna",False,0,0,0,,0,0,,0,0,,0,0,0,0,0,0,0,0,0
2022-02-10_cal_st_fullerton_hawaii,Cal St. Fullerton,TM,TEAM,False,0,0,0,,0,0,,0,0,,4,6,10,0,0,1,0,0,0
2022-02-10_uc_riverside_uc_irvine,UC Irvine,4,"Williams, Kayla",True,36,6,17,0.353,1,6,0.167,4,6,0.667,0,3,3,2,2,3,1,6,17
2022-02-10_uc_riverside_uc_irvine,UC Irvine,2,"Webb, Chloe",True,29,6,9,0.667,0,0,,1,2,0.5,5,8,13,3,2,2,0,1,13
2022-02-10_uc_riverside_uc_irvine,UC Irvine,35,"Locandro, Sophia",True,21,4,10,0.4,0,1,0.0,0,1,0.0,2,2,4,4,0,2,1,1,8
2022-02-10_uc_riverside_uc_irvine,UC Irvine,42,"Hunt, Naomi",True,31,2,9,0.222,1,4,0.25,0,0,,3,6,9,2,1,2,1,4,5
2022-02-10_uc_riverside_uc_irvine,UC Irvine,10,"Cadee, Jayde",True,15,0,6,0.0,0,5,0.0,0,0,,1,3,4,0,0,0,0,0,0
2022-02-10_uc_riverside_uc_irvine,UC Irvine,45,"Dusharm, Tara",False,11,3,7,0.429,0,0,,2,2,1.0,3,1,4,1,0,1,0,0,8
2022-02-10_uc_riverside_uc_irvine,UC Irvine,3,"Tom, Nikki",False,31,0,2,0.0,0,2,0.0,3,4,0.75,1,2,3,1,2,1,1,2,3
2022-02-10_uc_riverside_uc_irvine,UC Irvine,20,"Hernandez, Hunter",False,13,0,5,0.0,0,1,0.0,2,2,1.0,2,1,3,0,1,2,0,0,2
2022-02-10_uc_riverside_uc_irvine,UC Irvine,24,"Kapinga, Melodie",False,7,1,2,0.5,0,0,,0,0,,1,2,3,2,0,1,0,0,2
2022-02-10_uc_riverside_uc_irvine,UC Irvine,33,"Kaupu, Caiyle",False,4,0,0,,0,0,,2,2,1.0,0,1,1,0,0,0,0,0,2
2022-02-10_uc_riverside_uc_irvine,UC Irvine,11,"Scharpf, Amelia",False,2,0,0,,0,0,,0,0,,0,0,0,0,0,0,0,0,0
2022-02-10_uc_riverside_uc_irvine,UC Irvine,TM,TEAM,False,0,0,0,,0,0,,0,0,,1,3,4,0,0,0,0,0,0
2022-02-10_uc_riverside_uc_irvine,UC Riverside,4,"Holland, Jada",True,39,3,7,0.429,0,1,0.0,1,3,0.333,1,0,1,2,4,3,0,4,7
2022-02-10_uc_riverside_uc_irvine,UC Riverside,14,"Finau, Mele",True,14,2,4,0.5,0,1,0.0,1,1,1.0,0,2,2,3,0,2,1,0,5
2022-02-10_uc_riverside_uc_irvine,UC Riverside,3,"West, Olivia",True,38,2,9,0.222,0,5,0.0,0,0,,1,5,6,1,0,0,0,0,4
2022-02-10_uc_riverside_uc_irvine,UC Riverside,10,"Cooper, Keilanei",True,24,2,9,0.222,0,1,0.0,0,0,,0,5,5,1,0,4,0,0,4
2022-02-10_uc_riverside_uc_irvine,UC Riverside,15,"Blount, Anna",True,23,0,5,0.0,0,0,,1,2,0.5,0,3,3,4,0,0,0,0,1
2022-02-10_uc_riverside_uc_irvine,UC Riverside,32,"Webster, Jordan",False,30,4,13,0.308,2,9,0.222,1,2,0.5,0,8,8,2,2,2,0,1,11
2022-02-10_uc_riverside_uc_irvine,UC Riverside,2,"Walters, Ryanne",False,17,3,5,0.6,0,0,,2,2,1.0,0,2,2,3,1,4,0,2,8
2022-02-10_uc_riverside_uc_irvine,UC Riverside,11,"Matarranz, Esther",False,15,1,2,0.5,0,0,,2,2,1.0,3,3,6,2,0,3,0,1,4
2022-02-10_uc_riverside_uc_irvine,UC Riverside,TM,TEAM,False,0,0,0,,0,0,,0,0,,2,0,2,0,0,1,0,0,0
2022-02-10_uc_santa_barbara_csu_bakersfield,CSU Bakersfield,10,"Eggleston, Jayden",True,27,3,8,0.375,0,0,,3,4,0.75,2,4,6,3,0,1,0,1,9
2022-02-10_uc_santa_barbara_csu_bakersfield,CSU Bakersfield,03,"van Schaik, Hennie",True,22,1,4,0.25,0,2,0.0,3,4,0.75,0,2,2,2,0,1,0,1,5
2022-02-10_uc_santa_barbara_csu_bakersfield,CSU Bakersfield,24,"Bridges-Bey, Sage",True,16,1,1,1.0,1,1,1.0,0,0,,0,3,3,4,0,2,0,1,3
2022-02-10_uc_santa_barbara_csu_bakersfield,CSU Bakersfield,00,"Johnson, Simone",True,16,1,7,0.143,0,2,0.0,0,0,,0,1,1,4,0,1,0,1,2
2022-02-10_uc_santa_barbara_csu_bakersfield,CSU Bakersfield,04,"Dixon, Jasmin",True,17,0,4,0.0,0,3,0.0,0,0,,1,2,3,2,2,0,0,2,0
2022-02-10_uc_santa_barbara_csu_bakersfield,CSU Bakersfield,54,"Austin, Vanessa",False,18,5,6,0.833,0,0,,2,5,0.4,2,4,6,3,0,2,0,0,12
2022-02-10_uc_santa_barbara_csu_bakersfield,CSU Bakersfield,22,"Easley, Andie",False,19,1,4,0.25,1,1,1.0,2,2,1.0,1,1,2,0,1,0,0,0,5
2022-02-10_uc_santa_barbara_csu_bakersfield,CSU Bakersfield,11,"Green, Lexus",False,21,1,6,0.167,0,3,0.0,2,2,1.0,0,1,1,1,1,3,0,0,4
2022-02-10_uc_santa_barbara_csu_bakersfield,CSU Bakersfield,23,"Saxon, Miracle",False,16,1,2,0.5,0,1,0.0,2,2,1.0,1,2,3,0,2,2,1,3,4
2022-02-10_uc_santa_barbara_csu_bakersfield,CSU Bakersfield,01,"Clayburne, Tatyanna",False,23,1,9,0.111,1,5,0.2,0,0,,0,2,2,1,1,2,0,0,3
2022-02-10_uc_santa_barbara_csu_bakersfield,CSU Bakersfield,13,"Herrera, Solmilena",False,5,0,2,0.0,0,0,,0,0,,2,0,2,0,0,0,0,0,0
2022-02-10_uc_santa_barbara_csu_bakersfield,CSU Bakersfield,TM,TEAM,False,0,0,0,,0,0,,0,0,,1,1,2,0,0,1,0,0,0
2022-02-10_uc_santa_barbara_csu_bakersfield,UC Santa Barbara,00,"Miller, Danae",True,34,3,9,0.333,3,8,0.375,5,6,0.833,1,6,7,1,5,3,0,2,14
2022-02-10_uc_santa_barbara_csu_bakersfield,UC Santa Barbara,31,"Lane, Ila",True,23,6,9,0.667,0,0,,1,2,0.5,1,5,6,4,1,1,2,0,13
2022-02-10_uc_santa_barbara_csu_bakersfield,UC Santa Barbara,03,"Marin, Alyssa",True,14,1,2,0.5,0,0,,2,2,1.0,1,0,1,1,3,2,0,0,4
2022-02-10_uc_santa_barbara_csu_bakersfield,UC Santa Barbara,11,"Lee, Lauren",True,26,1,1,1.0,0,0,,0,0,,1,1,2,3,4,2,0,1,2
2022-02-10_uc_santa_barbara_csu_bakersfield,UC Santa Barbara,30,"Anderson, Megan",True,18,0,5,0.0,0,4,0.0,0,0,,0,6,6,1,1,0,0,0,0
2022-02-10_uc_santa_barbara_csu_bakersfield,UC Santa Barbara,02,"Tucker, Alexis",False,22,6,10,0.6,1,3,0.333,2,2,1.0,2,1,3,3,0,4,0,0,15
2022-02-10_uc_santa_barbara_csu_bakersfield,UC Santa Barbara,12,"Mole, Taylor",False,21,1,5,0.2,0,2,0.0,3,4,0.75,2,4,6,1,1,1,1,0,5
2022-02-10_uc_santa_barbara_csu_bakersfield,UC Santa Barbara,21,"Johnson, Kennedy",False,7,2,3,0.667,0,1,0.0,0,1,0.0,0,1,1,0,0,0,0,0,4
2022-02-10_uc_santa_barbara_csu_bakersfield,UC Santa Barbara,01,"Gonzalez, Johnni",False,15,1,3,0.333,0,0,,0,0,,0,1,1,2,0,0,0,1,2
2022-02-10_uc_santa_barbara_csu_bakersfield,UC Santa Barbara,10,"Choice, Anya",False,16,0,2,0.0,0,0,,0,0,,0,2,2,0,2,2,0,0,0
2022-02-10_uc_santa_barbara_csu_bakersfield,UC Santa Barbara,05,"Cooper, Callie",False,1,0,0,,0,0,,0,0,,0,0,0,0,0,0,0,0,0
2022-02-10_uc_santa_barbara_csu_bakersfield,UC Santa Barbara,13,"Modawar, Tatyana",False,1,0,0,,0,0,,0,0,,0,1,1,0,0,0,0,0,0
2022-02-10_uc_santa_barbara_csu_bakersfield,UC Santa Barbara,20,"Rockwood, Laurel",False,1,0,0,,0,0,,0,0,,0,0,0,1,0,0,0,0,0
2022-02-10_uc_santa_barbara_csu_bakersfield,UC Santa Barbara,25,"Cabuena, Analillia",False,1,0,0,,0,0,,0,0,,0,0,0,1,0,1,0,0,0
2022-02-10_uc_santa_barbara_csu_bakersfield,UC Santa Barbara,TM,TEAM,False,0,0,0,,0,0,,0,0,,1,3,4,0,0,0,0,0,0
2022-02-10_csun_cal_poly,Cal Poly,13,"Vick, Maddie",True,40,5,13,0.385,1,4,0.25,4,4,1.0,0,3,3,2,5,6,0,2,15
2022-02-10_csun_cal_poly,Cal Poly,5,"Anousinh, Jazzy",True,30,3,7,0.429,0,2,0.0,3,4,0.75,1,6,7,0,2,1,0,1,9
2022-02-10_csun_cal_poly,Cal Poly,14,"Scanlan, Hannah",True,18,1,3,0.333,0,0,,1,2,0.5,1,3,4,1,1,0,1,0,3
2022-02-10_csun_cal_poly,Cal Poly,25,"Brown, Kirsty",True,37,1,5,0.2,0,0,,0,0,,3,7,10,3,1,2,0,0,2
2022-02-10_csun_cal_poly,Cal Poly,33,"Willett, Maddie",True,17,1,4,0.25,0,2,0.0,0,0,,0,3,3,3,0,2,0,1,2
2022-02-10_csun_cal_poly,Cal Poly,2,"Shah, Annika",False,14,4,6,0.667,1,3,0.333,0,0,,0,1,1,1,0,0,0,1,9
2022-02-10_csun_cal_poly,Cal Poly,32,"Nielacna, Julia",False,17,3,5,0.6,0,0,,1,2,0.5,0,2,2,1,0,2,0,0,7
2022-02-10_csun_cal_poly,Cal Poly,15,"Bourland, Sydney",False,13,1,2,0.5,0,0,,2,2,1.0,0,1,1,3,2,1,0,0,4
2022-02-10_csun_cal_poly,Cal Poly,11,"Dickson, Junie",False,6,1,2,0.5,1,2,0.5,0,0,,0,0,0,0,0,0,0,0,3
2022-02-10_csun_cal_poly,Cal Poly,1,"Dumitrescu, Sarah",False,8,1,2,0.5,0,0,,0,0,,0,1,1,4,0,3,0,0,2
2022-02-10_csun_cal_poly,Cal Poly,TM,TEAM,False,0,0,0,,0,0,,0,0,,2,3,5,0,0,0,0,0,0
2022-02-10_csun_cal_poly,CSUN,1,"Jackson, Jordyn",True,34,5,17,0.294,3,7,0.429,2,3,0.667,0,6,6,3,1,2,0,3,15
2022-02-10_csun_cal_poly,CSUN,15,"Amundsen, Tess",True,31,4,12,0.333,3,8,0.375,4,4,1.0,1,2,3,2,0,4,0,0,15
2022-02-10_csun_cal_poly,CSUN,21,"Tu'ua, Anaiyah",True,26,3,7,0.429,3,4,0.75,1,2,0.5,0,1,1,2,3,3,1,0,10
2022-02-10_csun_cal_poly,CSUN,34,"Spriggs, Kayanna",True,24,3,4,0.75,0,0,,1,2,0.5,4,3,7,3,1,1,0,1,7
2022-02-10_csun_cal_poly,CSUN,12,"Henderson, Meghann",True,22,0,4,0.0,0,3,0.0,2,2,1.0,1,6,7,2,1,1,0,2,2
2022-02-10_csun_cal_poly,CSUN,2,"Woodley, Sydney",False,29,1,6,0.167,0,1,0.0,2,4,0.5,3,0,3,1,5,1,0,4,4
2022-02-10_csun_cal_poly,CSUN,4,"Harvey, Rachel",False,15,0,1,0.0,0,0,,2,2,1.0,1,0,1,3,0,1,0,0,2
2022-02-10_csun_cal_poly,CSUN,5,"Duchemin, Michelle",False,9,0,2,0.0,0,0,,0,0,,0,1,1,0,0,1,0,0,0
2022-02-10_csun_cal_poly,CSUN,11,"Smith, Olivia",False,5,0,0,,0,0,,0,0,,0,0,0,0,0,0,0,0,0
2022-02-10_csun_cal_poly,CSUN,32,"Hawkins, Ashley",False,5,0,1,0.0,0,1,0.0,0,0,,1,0,1,0,0,1,0,0,0
2022-02-10_csun_cal_poly,CSUN,TM,TEAM,False,0,0,0,,0,0,,0,0,,0,3,3,0,0,0,0,0,0
2022-02-12_uc_davis_uc_irvine,UC Irvine,04,"Williams, Kayla",True,35,7,18,0.389,2,8,0.25,1,2,0.5,0,6,6,4,2,4,1,2,17
2022-02-12_uc_davis_uc_irvine,UC Irvine,35,"Locandro, Sophia",True,26,4,10,0.4,0,1,0.0,0,0,,1,2,3,4,0,0,1,0,8
2022-02-12_uc_davis_uc_irvine,UC Irvine,02,"Webb, Chloe",True,18,3,6,0.5,0,0,,0,0,,1,1,2,2,1,2,0,1,6
2022-02-12_uc_davis_uc_irvine,UC Irvine,10,"Cadee, Jayde",True,15,2,4,0.5,1,3,0.333,0,0,,0,1,1,1,0,0,0,2,5
2022-02-12_uc_davis_uc_irvine,UC Irvine,42,"Hunt, Naomi",True,14,1,4,0.25,0,3,0.0,0,0,,0,0,0,2,1,0,0,1,2
2022-02-12_uc_davis_uc_irvine,UC Irvine,20,"Hernandez, Hunter",False,18,1,5,0.2,1,2,0.5,2,2,1.0,0,1,1,0,3,0,0,1,5
2022-02-12_uc_davis_uc_irvine,UC Irvine,03,"Tom, Nikki",False,19,1,3,0.333,0,1,0.0,2,3,0.667,2,1,3,5,2,1,0,0,4
2022-02-12_uc_davis_uc_irvine,UC Irvine,21,"Williams, Olivia",False,22,1,7,0.143,0,2,0.0,0,0,,2,1,3,1,1,1,0,1,2
2022-02-12_uc_davis_uc_irvine,UC Irvine,13,"Lee, Déja",False,17,1,6,0.167,0,4,0.0,0,0,,2,0,2,1,1,0,0,2,2
2022-02-12_uc_davis_uc_irvine,UC Irvine,24,"Kapinga, Melodie",False,7,0,1,0.0,0,0,,0,2,0.0,2,2,4,1,0,3,0,1,0
2022-02-12_uc_davis_uc_irvine,UC Irvine,45,"Dusharm, Tara",False,5,0,2,0.0,0,0,,0,0,,2,0,2,0,0,0,0,0,0
2022-02-12_uc_davis_uc_irvine,UC Irvine,11,"Scharpf, Amelia",False,3,0,0,,0,0,,0,0,,1,0,1,0,0,0,0,1,0
2022-02-12_uc_davis_uc_irvine,UC Irvine,33,"Kaupu, Caiyle",False,1,0,0,,0,0,,0,0,,0,0,0,1,0,0,0,0,0
2022-02-12_uc_davis_uc_irvine,UC Irvine,TM,TEAM,False,0,0,0,,0,0,,0,0,,2,2,4,0,0,0,0,0,0
2022-02-12_uc_davis_uc_irvine,UC Davis,32,"Hall, Cierra",True,36,5,6,0.833,2,3,0.667,8,11,0.727,1,5,6,2,3,4,2,2,20
2022-02-12_uc_davis_uc_irvine,UC Davis,23,"Konrad, Kayla",True,34,3,6,0.5,2,3,0.667,2,3,0.667,0,3,3,1,2,2,0,0,10
2022-02-12_uc_davis_uc_irvine,UC Davis,15,"Turner, Evanne",True,33,3,12,0.25,2,8,0.25,2,2,1.0,1,5,6,1,4,2,0,0,10
2022-02-12_uc_davis_uc_irvine,UC Davis,11,"Stobbart, Sage",True,24,5,8,0.625,0,2,0.0,0,0,,0,6,6,0,1,1,2,0,10
2022-02-12_uc_davis_uc_irvine,UC Davis,13,"Burns, Sydney",True,27,1,2,0.5,1,1,1.0,3,4,0.75,2,1,3,4,3,3,0,0,6
2022-02-12_uc_davis_uc_irvine,UC Davis,10,"Svanholm, Lena",False,15,3,8,0.375,0,0,,1,2,0.5,2,4,6,2,1,2,1,0,7
2022-02-12_uc_davis_uc_irvine,UC Davis,20,"Sanders, Makaila",False,4,1,1,1.0,0,0,,0,0,,0,0,0,1,0,0,0,0,2
2022-02-12_uc_davis_uc_irvine,UC Davis,03,"Gray, Campbell",False,12,0,1,0.0,0,0,,1,3,0.333,0,2,2,1,1,0,0,0,1
2022-02-12_uc_davis_uc_irvine,UC Davis,33,"Harris, Mazatlan",False,11,0,1,0.0,0,1,0.0,0,0,,0,3,3,1,1,0,1,0,0
2022-02-12_uc_davis_uc_irvine,UC Davis,02,"Jones, Megan",False,3,0,0,,0,0,,0,0,,0,0,0,1,1,2,0,0,0
2022-02-12_uc_davis_uc_irvine,UC Davis,24,"Langi, Marley",False,1,0,0,,0,0,,0,0,,0,0,0,0,0,0,0,0,0
2022-02-12_uc_davis_uc_irvine,UC Davis,TM,TEAM,False,0,0,0,,0,0,,0,0,,2,3,5,0,0,1,0,0,0
2022-02-12_long_beach_st_hawaii,Hawaii,25,"Atwell, Amy",True,31,9,13,0.692,5,7,0.714,2,3,0.667,3,9,12,3,1,2,0,1,25
2022-02-12_long_beach_st_hawaii,Hawaii,45,"Davies, Olivia",True,38,6,11,0.545,2,5,0.4,3,4,0.75,1,6,7,2,1,2,2,0,17
2022-02-12_long_beach_st_hawaii,Hawaii,34,"David, Jacque",True,12,2,5,0.4,1,3,0.333,0,0,,3,2,5,1,1,0,0,0,5
2022-02-12_long_beach_st_hawaii,Hawaii,11,"Spiller, Kallin",True,20,1,4,0.25,0,1,0.0,0,0,,0,3,3,2,2,1,1,0,2
2022-02-12_long_beach_st_hawaii,Hawaii,1,"Imai, Kelsie",True,9,0,1,0.0,0,1,0.0,0,0,,0,3,3,2,2,2,0,0,0
2022-02-12_long_beach_st_hawaii,Hawaii,14,"Orji, Nnenna",False,17,3,4,0.75,1,1,1.0,1,2,0.5,2,0,2,5,2,1,1,1,8
2022-02-12_long_beach_st_hawaii,Hawaii,23,"McBee, Meilani",False,15,2,3,0.667,1,2,0.5,0,0,,1,0,1,2,1,1,0,0,5
2022-02-12_long_beach_st_hawaii,Hawaii,15,"Phillips, Daejah",False,29,1,7,0.143,1,2,0.5,1,2,0.5,1,5,6,2,5,4,0,1,4
2022-02-12_long_beach_st_hawaii,Hawaii,24,"Calhoun, Nae Nae",False,25,1,6,0.167,1,4,0.25,1,2,0.5,1,1,2,3,2,2,0,0,4
2022-02-12_long_beach_st_hawaii,Hawaii,2,"Thoms, Ashley",False,4,1,2,0.5,0,1,0.0,0,1,0.0,0,0,0,0,0,1,0,1,2
2022-02-12_long_beach_st_hawaii,Hawaii,TM,TEAM,False,0,0,0,,0,0,,0,0,,2,4,6,0,0,2,0,0,0
2022-02-12_long_beach_st_hawaii,Long Beach St.,1,"Utti, Maddi",True,40,8,15,0.533,4,9,0.444,5,6,0.833,1,11,12,3,2,2,1,2,25
2022-02-12_long_beach_st_hawaii,Long Beach St.,10,"King, Justina",True,37,5,14,0.357,1,5,0.2,4,6,0.667,0,1,1,3,4,2,1,2,15
2022-02-12_long_beach_st_hawaii,Long Beach St.,00,"Berry, Ma'qhi",True,30,1,5,0.2,0,2,0.0,4,5,0.8,1,0,1,1,5,2,2,0,6
2022-02-12_long_beach_st_hawaii,Long Beach St.,11,"Hardy, Jasmine",True,30,2,6,0.333,0,2,0.0,1,1,1.0,2,0,2,3,1,0,0,2,5
2022-02-12_long_beach_st_hawaii,Long Beach St.,2,"Tucker, Savannah",True,5,0,3,0.0,0,0,,1,2,0.5,1,0,1,0,0,0,0,0,1
2022-02-12_long_beach_st_hawaii,Long Beach St.,25,"Hamilton-fisher, Kianna",False,23,1,7,0.143,1,5,0.2,2,2,1.0,1,1,2,3,1,1,1,2,5
2022-02-12_long_beach_st_hawaii,Long Beach St.,5,"Sullivan, Emily",False,4,2,3,0.667,0,0,,0,0,,0,0,0,0,0,0,0,0,4
2022-02-12_long_beach_st_hawaii,Long Beach St.,23,"Green, Lauren",False,25,1,5,0.2,0,0,,1,3,0.333,2,5,7,3,1,1,2,0,3
2022-02-12_long_beach_st_hawaii,Long Beach St.,12,"Jeskeova, Kristyna",False,6,0,0,,0,0,,0,0,,0,0,0,2,0,0,0,0,0
2022-02-12_long_beach_st_hawaii,Long Beach St.,TM,TEAM,False,0,0,0,,0,0,,0,0,,2,1,3,0,0,1,0,0,0
2022-02-12_uc_riverside_uc_san_diego,UC San Diego,10,"Macabuhay, Julia",True,17,3,4,0.75,0,0,,2,2,1.0,0,0,0,4,2,2,0,0,8
2022-02-12_uc_riverside_uc_san_diego,UC San Diego,13,"Brown, Sydney",True,27,1,7,0.143,1,5,0.2,4,4,1.0,1,7,8,2,0,5,0,0,7
2022-02-12_uc_riverside_uc_san_diego,UC San Diego,12,"Baxter, Madison",True,25,2,6,0.333,0,3,0.0,0,0,,0,3,3,2,1,1,0,1,4
2022-02-12_uc_riverside_uc_san_diego,UC San Diego,4,"Cangelosi, Emily",True,32,1,6,0.167,0,0,,0,0,,0,4,4,3,4,2,0,0,2
2022-02-12_uc_riverside_uc_san_diego,UC San Diego,11,"Brown, Aishah",True,10,1,4,0.25,0,0,,0,0,,2,1,3,3,0,0,0,1,2
2022-02-12_uc_riverside_uc_san_diego,UC San Diego,24,"Mullings, Bridget",False,18,6,10,0.6,0,1,0.0,0,2,0.0,1,3,4,2,3,1,2,0,12
2022-02-12_uc_riverside_uc_san_diego,UC San Diego,32,"Montgomery, Parker",False,22,3,6,0.5,2,4,0.5,0,1,0.0,0,3,3,2,2,2,0,1,8
2022-02-12_uc_riverside_uc_san_diego,UC San Diego,2,"Chamberlin, Ula",False,10,1,4,0.25,1,3,0.333,0,0,,0,1,1,0,0,1,0,0,3
2022-02-12_uc_riverside_uc_san_diego,UC San Diego,20,"Forsyth, Izzy",False,9,1,3,0.333,0,1,0.0,0,0,,0,2,2,0,0,0,0,0,2
2022-02-12_uc_riverside_uc_san_diego,UC San Diego,15,"Claros, Brianna",False,27,0,5,0.0,0,3,0.0,0,0,,0,2,2,2,1,1,0,0,0
2022-02-12_uc_riverside_uc_san_diego,UC San Diego,23,"Thompson, Courtni",False,3,0,1,0.0,0,1,0.0,0,0,,0,0,0,0,0,0,0,0,0
2022-02-12_uc_riverside_uc_san_diego,UC San Diego,TM,TEAM,False,0,0,0,,0,0,,0,0,,2,3,5,0,0,0,0,0,0
2022-02-12_uc_riverside_uc_san_diego,UC Riverside,3,"West, Olivia",True,37,5,6,0.833,4,4,1.0,3,3,1.0,1,4,5,0,0,0,0,1,17
2022-02-12_uc_riverside_uc_san_diego,UC Riverside,4,"Holland, Jada",True,34,5,16,0.312,1,4,0.25,6,7,0.857,0,3,3,0,4,2,0,0,17
2022-02-12_uc_riverside_uc_san_diego,UC Riverside,10,"Cooper, Keilanei",True,32,5,12,0.417,1,3,0.333,1,2,0.5,0,6,6,3,1,1,0,4,12
2022-02-12_uc_riverside_uc_san_diego,UC Riverside,14,"Finau, Mele",True,31,2,5,0.4,2,2,1.0,0,0,,0,3,3,2,3,3,0,3,6
2022-02-12_uc_riverside_uc_san_diego,UC Riverside,15,"Blount, Anna",True,10,0,4,0.0,0,0,,2,2,1.0,1,2,3,4,0,1,0,0,2
2022-02-12_uc_riverside_uc_san_diego,UC Riverside,32,"Webster, Jordan",False,21,2,4,0.5,1,1,1.0,0,0,,1,5,6,1,4,1,0,0,5
2022-02-12_uc_riverside_uc_san_diego,UC Riverside,2,"Walters, Ryanne",False,15,1,4,0.25,1,1,1.0,2,2,1.0,0,0,0,2,2,1,1,1,5
2022-02-12_uc_riverside_uc_san_diego,UC Riverside,11,"Matarranz, Esther",False,20,2,4,0.5,0,0,,0,2,0.0,3,6,9,3,0,2,1,0,4
2022-02-12_uc_riverside_uc_san_diego,UC Riverside,TM,TEAM,False,0,0,0,,0,0,,0,0,,0,4,4,0,0,1,0,0,0
2022-02-12_uc_santa_barbara_cal_poly,Cal Poly,13,"Vick, Maddie",True,35,5,11,0.455,0,1,0.0,0,0,,2,3,5,2,1,1,0,1,10
2022-02-12_uc_santa_barbara_cal_poly,Cal Poly,33,"Willett, Maddie",True,30,3,13,0.231,1,6,0.167,0,0,,2,1,3,2,0,1,0,1,7
2022-02-12_uc_santa_barbara_cal_poly,Cal Poly,05,"Anousinh, Jazzy",True,17,0,4,0.0,0,1,0.0,0,0,,2,2,4,3,1,2,0,0,0
2022-02-12_uc_santa_barbara_cal_poly,Cal Poly,25,"Brown, Kirsty",True,16,0,3,0.0,0,0,,0,0,,0,3,3,4,1,2,1,0,0
2022-02-12_uc_santa_barbara_cal_poly,Cal Poly,14,"Scanlan, Hannah",True,14,0,2,0.0,0,0,,0,0,,2,0,2,1,0,3,1,0,0
2022-02-12_uc_santa_barbara_cal_poly,Cal Poly,32,"Nielacna, Julia",False,17,4,7,0.571,1,2,0.5,1,2,0.5,3,4,7,3,1,1,0,0,10
2022-02-12_uc_santa_barbara_cal_poly,Cal Poly,02,"Shah, Annika",False,12,3,11,0.273,1,4,0.25,0,0,,1,1,2,3,1,1,0,1,7
2022-02-12_uc_santa_barbara_cal_poly,Cal Poly,15,"Bourland, Sydney",False,23,1,11,0.091,0,4,0.0,1,2,0.5,1,2,3,2,1,2,1,1,3
2022-02-12_uc_santa_barbara_cal_poly,Cal Poly,24,"Stachowski, Zoe",False,12,1,2,0.5,0,0,,1,1,1.0,1,0,1,1,0,1,0,0,3
2022-02-12_uc_santa_barbara_cal_poly,Cal Poly,11,"Dickson, Junie",False,15,0,6,0.0,0,3,0.0,0,0,,0,0,0,0,0,0,0,0,0
2022-02-12_uc_santa_barbara_cal_poly,Cal Poly,01,"Dumitrescu, Sarah",False,8,0,1,0.0,0,0,,0,0,,0,1,1,1,0,1,0,0,0
2022-02-12_uc_santa_barbara_cal_poly,Cal Poly,22,"Bergstrom, Faith",False,1,0,0,,0,0,,0,0,,0,0,0,1,0,0,0,0,0
2022-02-12_uc_santa_barbara_cal_poly,Cal Poly,TM,TEAM,False,0,0,0,,0,0,,0,0,,7,4,11,0,0,1,0,0,0
2022-02-12_uc_santa_barbara_cal_poly,UC Santa Barbara,31,"Lane, Ila",True,25,7,11,0.636,0,0,,3,6,0.5,4,7,11,1,0,3,0,1,17
2022-02-12_uc_santa_barbara_cal_poly,UC Santa Barbara,02,"Tucker, Alexis",True,28,3,9,0.333,1,2,0.5,5,6,0.833,2,4,6,0,1,1,0,2,12
2022-02-12_uc_santa_barbara_cal_poly,UC Santa Barbara,03,"Marin, Alyssa",True,14,2,4,0.5,1,2,0.5,3,8,0.375,0,1,1,2,0,0,0,0,8
2022-02-12_uc_santa_barbara_cal_poly,UC Santa Barbara,30,"Anderson, Megan",True,14,1,6,0.167,0,5,0.0,0,0,,0,5,5,0,0,2,0,1,2
2022-02-12_uc_santa_barbara_cal_poly,UC Santa Barbara,00,"Miller, Danae",True,32,0,6,0.0,0,4,0.0,0,0,,1,2,3,1,5,2,0,0,0
2022-02-12_uc_santa_barbara_cal_poly,UC Santa Barbara,12,"Mole, Taylor",False,15,4,8,0.5,2,6,0.333,0,0,,1,5,6,0,2,0,1,1,10
2022-02-12_uc_santa_barbara_cal_poly,UC Santa Barbara,21,"Johnson, Kennedy",False,15,2,2,1.0,1,1,1.0,2,2,1.0,1,3,4,1,2,0,1,0,7
2022-02-12_uc_santa_barbara_cal_poly,UC Santa Barbara,20,"Rockwood, Laurel",False,7,3,3,1.0,0,0,,0,0,,0,0,0,1,0,1,2,0,6
2022-02-12_uc_santa_barbara_cal_poly,UC Santa Barbara,10,"Choice, Anya",False,18,0,1,0.0,0,1,0.0,3,4,0.75,0,0,0,0,4,0,0,1,3
2022-02-12_uc_santa_barbara_cal_poly,UC Santa Barbara,13,"Modawar, Tatyana",False,6,0,1,0.0,0,1,0.0,3,4,0.75,1,0,1,2,0,1,1,1,3
2022-02-12_uc_santa_barbara_cal_poly,UC Santa Barbara,25,"Cabuena, Analillia",False,3,1,1,1.0,1,1,1.0,0,0,,1,0,1,0,0,0,1,0,3
2022-02-12_uc_santa_barbara_cal_poly,UC Santa Barbara,01,"Gonzalez, Johnni",False,15,0,0,,0,0,,2,2,1.0,1,2,3,1,3,0,1,0,2
2022-02-12_uc_santa_barbara_cal_poly,UC Santa Barbara,05,"Cooper, Callie",False,5,0,0,,0,0,,0,0,,0,1,1,0,3,2,0,0,0
2022-02-12_uc_santa_barbara_cal_poly,UC Santa Barbara,11,"Lee, Lauren",False,3,0,0,,0,0,,0,0,,0,0,0,3,0,0,0,0,0
2022-02-12_uc_santa_barbara_cal_poly,UC Santa Barbara,TM,TEAM,False,0,0,0,,0,0,,0,0,,1,3,4,0,0,0,0,0,0
2022-02-12_csun_csu_bakersfield,CSU Bakersfield,10,"Eggleston, Jayden",True,29,3,11,0.273,0,0,,7,8,0.875,4,3,7,2,1,5,0,2,13
2022-02-12_csun_csu_bakersfield,CSU Bakersfield,3,"van Schaik, Hennie",True,13,3,7,0.429,0,3,0.0,0,0,,2,2,4,1,0,3,1,1,6
2022-02-12_csun_csu_bakersfield,CSU Bakersfield,4,"Dixon, Jasmin",True,19,0,0,,0,0,,0,0,,0,0,0,0,0,1,0,0,0
2022-02-12_csun_csu_bakersfield,CSU Bakersfield,00,"Johnson, Simone",True,10,0,2,0.0,0,2,0.0,0,0,,0,2,2,1,1,1,0,0,0
2022-02-12_csun_csu_bakersfield,CSU Bakersfield,24,"Bridges-bey, Sage",True,6,0,0,,0,0,,0,0,,0,1,1,0,0,0,0,1,0
2022-02-12_csun_csu_bakersfield,CSU Bakersfield,22,"Easley, Andie",False,33,5,8,0.625,5,7,0.714,3,5,0.6,1,3,4,1,2,3,0,2,18
2022-02-12_csun_csu_bakersfield,CSU Bakersfield,54,"Austin, Vanessa",False,23,5,8,0.625,0,0,,2,3,0.667,2,4,6,3,0,1,0,1,12
2022-02-12_csun_csu_bakersfield,CSU Bakersfield,11,"Green, Lexus",False,26,1,7,0.143,0,3,0.0,0,0,,0,0,0,1,2,2,0,2,2
2022-02-12_csun_csu_bakersfield,CSU Bakersfield,13,"Herrera, Solmilena",False,6,0,0,,0,0,,1,2,0.5,0,1,1,1,0,0,0,0,1
2022-02-12_csun_csu_bakersfield,CSU Bakersfield,1,"Clayburne, Tatyanna",False,26,0,4,0.0,0,4,0.0,0,0,,1,2,3,1,2,0,0,0,0
2022-02-12_csun_csu_bakersfield,CSU Bakersfield,23,"Saxon, Miracle",False,9,0,1,0.0,0,1,0.0,0,0,,0,2,2,1,0,1,0,0,0
2022-02-12_csun_csu_bakersfield,CSU Bakersfield,TM,TEAM,False,0,0,0,,0,0,,0,0,,0,3,3,0,0,3,0,0,0
2022-02-12_csun_csu_bakersfield,CSUN,1,"Jackson, Jordyn",True,34,5,11,0.455,2,4,0.5,4,4,1.0,2,2,4,0,2,4,0,2,16
2022-02-12_csun_csu_bakersfield,CSUN,5,"Duchemin, Michelle",True,23,5,11,0.455,0,0,,0,0,,1,2,3,0,1,2,0,2,10
2022-02-12_csun_csu_bakersfield,CSUN,15,"Amundsen, Tess",True,24,3,9,0.333,2,3,0.667,1,2,0.5,1,4,5,4,1,1,0,1,9
2022-02-12_csun_csu_bakersfield,CSUN,34,"Spriggs, Kayanna",True,37,2,6,0.333,0,0,,2,5,0.4,3,3,6,3,0,3,0,1,6
2022-02-12_csun_csu_bakersfield,CSUN,12,"Henderson, Meghann",True,30,0,6,0.0,0,0,,0,0,,2,4,6,3,2,1,0,0,0
2022-02-12_csun_csu_bakersfield,CSUN,2,"Woodley, Sydney",False,23,3,4,0.75,0,1,0.0,1,1,1.0,0,3,3,3,2,1,0,5,7
2022-02-12_csun_csu_bakersfield,CSUN,32,"Hawkins, Ashley",False,9,1,1,1.0,1,1,1.0,0,0,,0,0,0,1,0,0,0,0,3
2022-02-12_csun_csu_bakersfield,CSUN,4,"Harvey, Rachel",False,20,1,4,0.25,0,0,,0,0,,1,2,3,3,1,1,0,0,2
2022-02-12_csun_csu_bakersfield,CSUN,TM,TEAM,False,0,0,0,,0,0,,0,0,,0,3,3,0,0,2,0,0,0
2022-02-15_uc_irvine_uc_san_diego,UC San Diego,13,"Brown, Sydney",True,35,9,13,0.692,2,4,0.5,1,2,0.5,1,7,8,2,1,1,1,2,21
2022-02-15_uc_irvine_uc_san_diego,UC San Diego,15,"Claros, Brianna",True,27,4,8,0.5,1,3,0.333,0,0,,1,1,2,1,3,1,0,2,9
2022-02-15_uc_irvine_uc_san_diego,UC San Diego,4,"Cangelosi, Emily",True,33,2,9,0.222,1,6,0.167,0,0,,2,3,5,0,1,2,0,1,5
2022-02-15_uc_irvine_uc_san_diego,UC San Diego,12,"Baxter, Madison",True,17,1,4,0.25,1,4,0.25,2,2,1.0,0,1,1,2,1,2,0,0,5
2022-02-15_uc_irvine_uc_san_diego,UC San Diego,11,"Brown, Aishah",True,21,0,8,0.0,0,2,0.0,0,0,,1,8,9,1,1,2,2,0,0
2022-02-15_uc_irvine_uc_san_diego,UC San Diego,20,"Forsyth, Izzy",False,10,2,5,0.4,0,2,0.0,1,1,1.0,1,1,2,1,1,0,0,0,5
2022-02-15_uc_irvine_uc_san_diego,UC San Diego,23,"Thompson, Courtni",False,14,1,5,0.2,1,3,0.333,0,0,,0,1,1,1,0,0,0,0,3
2022-02-15_uc_irvine_uc_san_diego,UC San Diego,32,"Montgomery, Parker",False,18,1,8,0.125,0,4,0.0,0,0,,0,2,2,0,2,1,0,0,2
2022-02-15_uc_irvine_uc_san_diego,UC San Diego,24,"Mullings, Bridget",False,14,0,1,0.0,0,0,,0,0,,1,1,2,4,1,1,0,0,0
2022-02-15_uc_irvine_uc_san_diego,UC San Diego,10,"Macabuhay, Julia",False,11,0,1,0.0,0,0,,0,0,,0,1,1,0,0,0,0,0,0
2022-02-15_uc_irvine_uc_san_diego,UC San Diego,TM,TEAM,False,0,0,0,,0,0,,0,0,,1,3,4,0,0,1,0,0,0
2022-02-15_uc_irvine_uc_san_diego,UC Irvine,4,"Williams, Kayla",True,37,8,23,0.348,2,10,0.2,0,0,,1,5,6,0,7,3,1,1,18
2022-02-15_uc_irvine_uc_san_diego,UC Irvine,10,"Cadee, Jayde",True,21,4,5,0.8,4,5,0.8,0,0,,2,0,2,1,1,1,0,0,12
2022-02-15_uc_irvine_uc_san_diego,UC Irvine,35,"Locandro, Sophia",True,30,5,11,0.455,0,1,0.0,0,1,0.0,1,9,10,1,2,1,1,3,10
2022-02-15_uc_irvine_uc_san_diego,UC Irvine,42,"Hunt, Naomi",True,24,1,6,0.167,0,3,0.0,2,2,1.0,1,3,4,1,1,0,1,0,4
2022-02-15_uc_irvine_uc_san_diego,UC Irvine,3,"Tom, Nikki",True,19,1,3,0.333,0,2,0.0,1,2,0.5,2,2,4,2,0,1,0,3,3
2022-02-15_uc_irvine_uc_san_diego,UC Irvine,21,"Williams, Olivia",False,23,3,7,0.429,1,4,0.25,2,2,1.0,0,6,6,1,1,1,1,1,9
2022-02-15_uc_irvine_uc_san_diego,UC Irvine,20,"Hernandez, Hunter",False,17,2,5,0.4,1,1,1.0,0,0,,2,3,5,0,1,0,0,0,5
2022-02-15_uc_irvine_uc_san_diego,UC Irvine,45,"Dusharm, Tara",False,9,2,5,0.4,0,0,,0,0,,1,1,2,0,0,0,0,0,4
2022-02-15_uc_irvine_uc_san_diego,UC Irvine,33,"Kaupu, Caiyle",False,7,1,3,0.333,0,0,,0,0,,1,0,1,1,3,0,0,0,2
2022-02-15_uc_irvine_uc_san_diego,UC Irvine,13,"Lee, Déja",False,8,0,1,0.0,0,1,0.0,0,0,,0,2,2,0,0,1,0,1,0
2022-02-15_uc_irvine_uc_san_diego,UC Irvine,24,"Kapinga, Melodie",False,3,0,0,,0,0,,0,0,,0,1,1,0,0,0,0,0,0
2022-02-15_uc_irvine_uc_san_diego,UC Irvine,11,"Scharpf, Amelia",False,2,0,0,,0,0,,0,0,,0,1,1,0,0,0,0,0,0
2022-02-15_uc_irvine_uc_san_diego,UC Irvine,TM,TEAM,False,0,0,0,,0,0,,0,0,,4,2,6,0,0,0,0,0,0
2022-02-17_cal_poly_uc_davis,UC Davis,32,"Hall, Cierra",True,23,8,10,0.8,5,5,1.0,1,2,0.5,0,7,7,1,5,2,0,1,22
2022-02-17_cal_poly_uc_davis,UC Davis,15,"Turner, Evanne",True,18,5,9,0.556,4,8,0.5,0,0,,1,1,2,2,3,1,0,1,14
2022-02-17_cal_poly_uc_davis,UC Davis,11,"Stobbart, Sage",True,15,4,6,0.667,0,1,0.0,0,0,,1,5,6,0,2,1,4,0,8
2022-02-17_cal_poly_uc_davis,UC Davis,13,"Burns, Sydney",True,24,1,2,0.5,1,2,0.5,1,2,0.5,0,4,4,1,5,3,1,2,4
2022-02-17_cal_poly_uc_davis,UC Davis,23,"Konrad, Kayla",True,19,2,5,0.4,0,3,0.0,0,0,,0,5,5,0,5,1,0,0,4
2022-02-17_cal_poly_uc_davis,UC Davis,3,"Gray, Campbell",False,17,3,5,0.6,3,4,0.75,0,0,,0,1,1,0,2,1,0,1,9
2022-02-17_cal_poly_uc_davis,UC Davis,42,"Lilly, Kenedy",False,10,4,4,1.0,0,0,,0,0,,1,3,4,1,1,0,0,0,8
2022-02-17_cal_poly_uc_davis,UC Davis,10,"Svanholm, Lena",False,15,3,6,0.5,0,0,,0,0,,2,3,5,2,2,1,0,0,6
2022-02-17_cal_poly_uc_davis,UC Davis,20,"Sanders, Makaila",False,19,1,3,0.333,1,2,0.5,0,0,,0,2,2,3,0,0,0,0,3
2022-02-17_cal_poly_uc_davis,UC Davis,24,"Langi, Marley",False,9,1,1,1.0,1,1,1.0,0,0,,1,1,2,1,0,4,0,0,3
2022-02-17_cal_poly_uc_davis,UC Davis,33,"Harris, Mazatlan",False,17,1,6,0.167,0,3,0.0,0,0,,0,2,2,1,2,2,0,1,2
2022-02-17_cal_poly_uc_davis,UC Davis,2,"Jones, Megan",False,14,1,3,0.333,0,2,0.0,0,0,,2,1,3,0,0,3,1,0,2
2022-02-17_cal_poly_uc_davis,UC Davis,TM,TEAM,False,0,0,0,,0,0,,0,0,,1,5,6,0,0,0,0,0,0
2022-02-17_cal_poly_uc_davis,Cal Poly,13,"Vick, Maddie",True,37,6,13,0.462,0,1,0.0,2,4,0.5,3,1,4,1,0,2,0,1,14
2022-02-17_cal_poly_uc_davis,Cal Poly,33,"Willett, Maddie",True,35,4,12,0.333,3,5,0.6,0,0,,0,2,2,1,2,1,1,2,11
2022-02-17_cal_poly_uc_davis,Cal Poly,15,"Bourland, Sydney",True,24,4,10,0.4,1,3,0.333,0,0,,0,1,1,2,4,1,0,2,9
2022-02-17_cal_poly_uc_davis,Cal Poly,14,"Scanlan, Hannah",True,13,0,1,0.0,0,0,,0,0,,1,1,2,0,0,1,0,0,0
2022-02-17_cal_poly_uc_davis,Cal Poly,25,"Brown, Kirsty",True,0,0,0,,0,0,,0,0,,0,0,0,0,0,0,0,0,0
2022-02-17_cal_poly_uc_davis,Cal Poly,22,"Bergstrom, Faith",False,11,3,4,0.75,0,0,,2,2,1.0,0,0,0,1,0,0,0,0,8
2022-02-17_cal_poly_uc_davis,Cal Poly,24,"Stachowski, Zoe",False,21,2,6,0.333,0,0,,2,2,1.0,3,4,7,1,0,0,0,2,6
2022-02-17_cal_poly_uc_davis,Cal Poly,2,"Shah, Annika",False,8,1,4,0.25,1,3,0.333,0,0,,0,1,1,0,1,1,0,0,3
2022-02-17_cal_poly_uc_davis,Cal Poly,1,"Dumitrescu, Sarah",False,20,1,15,0.067,0,2,0.0,0,0,,1,4,5,0,1,1,0,1,2
2022-02-17_cal_poly_uc_davis,Cal Poly,11,"Dickson, Junie",False,13,1,6,0.167,0,4,0.0,0,0,,0,0,0,2,0,0,0,2,2
2022-02-17_cal_poly_uc_davis,Cal Poly,5,"Anousinh, Jazzy",False,18,0,1,0.0,0,0,,0,0,,1,1,2,3,3,1,0,0,0
2022-02-17_cal_poly_uc_davis,Cal Poly,TM,TEAM,False,0,0,0,,0,0,,0,0,,3,3,6,0,0,0,0,0,0
2022-02-17_hawaii_uc_san_diego,UC San Diego,10,"Macabuhay, Julia",True,24,8,18,0.444,2,6,0.333,2,4,0.5,0,2,2,3,2,4,0,1,20
2022-02-17_hawaii_uc_san_diego,UC San Diego,13,"Brown, Sydney",True,33,5,11,0.455,1,2,0.5,0,0,,2,8,10,5,2,3,1,1,11
2022-02-17_hawaii_uc_san_diego,UC San Diego,04,"Cangelosi, Emily",True,17,3,4,0.75,1,1,1.0,0,0,,2,2,4,3,0,0,0,0,7
2022-02-17_hawaii_uc_san_diego,UC San Diego,12,"Baxter, Madison",True,26,2,4,0.5,1,3,0.333,0,0,,0,3,3,2,0,1,0,0,5
2022-02-17_hawaii_uc_san_diego,UC San Diego,11,"Brown, Aishah",True,16,1,3,0.333,0,0,,2,4,0.5,2,3,5,1,0,0,1,0,4
2022-02-17_hawaii_uc_san_diego,UC San Diego,20,"Forsyth, Izzy",False,22,2,4,0.5,1,3,0.333,0,0,,2,0,2,0,1,2,1,0,5
2022-02-17_hawaii_uc_san_diego,UC San Diego,32,"Montgomery, Parker",False,17,2,4,0.5,1,2,0.5,0,0,,1,2,3,2,0,2,0,1,5
2022-02-17_hawaii_uc_san_diego,UC San Diego,15,"Claros, Brianna",False,26,1,5,0.2,1,5,0.2,0,0,,0,2,2,0,2,2,0,0,3
2022-02-17_hawaii_uc_san_diego,UC San Diego,24,"Mullings, Bridget",False,19,1,3,0.333,0,1,0.0,0,0,,1,4,5,0,0,2,1,0,2
2022-02-17_hawaii_uc_san_diego,UC San Diego,TM,TEAM,False,0,0,0,,0,0,,0,0,,0,4,4,0,0,0,0,0,0
2022-02-17_hawaii_uc_san_diego,Hawaii,45,"Davies, Olivia",True,34,2,8,0.25,1,3,0.333,4,4,1.0,1,4,5,3,0,0,0,2,9
2022-02-17_hawaii_uc_san_diego,Hawaii,01,"Imai, Kelsie",True,17,3,6,0.5,1,1,1.0,1,1,1.0,0,2,2,0,0,0,0,1,8
2022-02-17_hawaii_uc_san_diego,Hawaii,25,"Atwell, Amy",True,36,1,9,0.111,0,4,0.0,2,2,1.0,1,7,8,2,2,2,0,4,4
2022-02-17_hawaii_uc_san_diego,Hawaii,11,"Spiller, Kallin",True,8,0,3,0.0,0,1,0.0,0,0,,2,1,3,3,1,2,1,1,0
2022-02-17_hawaii_uc_san_diego,Hawaii,34,"David, Jacque",True,7,0,1,0.0,0,1,0.0,0,0,,0,1,1,0,1,0,0,0,0
2022-02-17_hawaii_uc_san_diego,Hawaii,15,"Phillips, Daejah",False,33,8,16,0.5,2,6,0.333,6,8,0.75,5,2,7,2,3,1,0,3,24
2022-02-17_hawaii_uc_san_diego,Hawaii,24,"Calhoun, Nae Nae",False,26,4,6,0.667,2,4,0.5,0,2,0.0,0,0,0,4,0,4,0,2,10
2022-02-17_hawaii_uc_san_diego,Hawaii,23,"McBee, MeiLani",False,16,1,5,0.2,1,3,0.333,0,0,,0,3,3,0,0,0,0,0,3
2022-02-17_hawaii_uc_san_diego,Hawaii,14,"Orji, Nnenna",False,17,0,2,0.0,0,0,,2,4,0.5,2,3,5,2,1,3,0,0,2
2022-02-17_hawaii_uc_san_diego,Hawaii,02,"Thoms, Ashley",False,6,0,1,0.0,0,1,0.0,0,0,,0,1,1,1,0,0,0,0,0
2022-02-17_hawaii_uc_san_diego,Hawaii,TM,TEAM,False,0,0,0,,0,0,,0,0,,2,0,2,0,0,1,0,0,0
2022-02-17_cal_st_fullerton_uc_santa_barbara,UC Santa Barbara,00,Danae Miller,True,40,5,10,0.5,3,5,0.6,2,3,0.667,1,1,2,3,3,2,0,1,15
2022-02-17_cal_st_fullerton_uc_santa_barbara,UC Santa Barbara,31,Ila Lane,True,39,7,9,0.778,0,0,,0,1,0.0,3,5,8,2,1,1,1,4,14
2022-02-17_cal_st_fullerton_uc_santa_barbara,UC Santa Barbara,02,Alexis Tucker,True,24,3,12,0.25,0,2,0.0,3,4,0.75,2,5,7,1,1,2,0,0,9
2022-02-17_cal_st_fullerton_uc_santa_barbara,UC Santa Barbara,30,Megan Anderson,True,10,0,3,0.0,0,2,0.0,0,0,,0,0,0,0,1,1,0,0,0
2022-02-17_cal_st_fullerton_uc_santa_barbara,UC Santa Barbara,03,Alyssa Marin,True,4,0,0,,0,0,,0,0,,0,0,0,1,0,1,0,0,0
2022-02-17_cal_st_fullerton_uc_santa_barbara,UC Santa Barbara,01,Johnni Gonzalez,False,27,2,6,0.333,2,5,0.4,0,0,,0,0,0,3,3,1,0,2,6
2022-02-17_cal_st_fullerton_uc_santa_barbara,UC Santa Barbara,12,Taylor Mole,False,31,1,10,0.1,0,5,0.0,1,2,0.5,0,3,3,1,3,2,0,1,3
2022-02-17_cal_st_fullerton_uc_santa_barbara,UC Santa Barbara,10,Anya Choice,False,16,0,2,0.0,0,0,,1,2,0.5,0,0,0,0,0,0,0,1,1
2022-02-17_cal_st_fullerton_uc_santa_barbara,UC Santa Barbara,21,Kennedy Johnson,False,6,0,2,0.0,0,0,,0,0,,0,2,2,2,1,0,0,0,0
2022-02-17_cal_st_fullerton_uc_santa_barbara,UC Santa Barbara,11,Lauren Lee,False,3,0,0,,0,0,,0,0,,1,1,2,1,0,0,0,0,0
2022-02-17_cal_st_fullerton_uc_santa_barbara,UC Santa Barbara,TM,TEAM,False,0,0,0,,0,0,,0,0,,1,2,3,0,0,1,0,0,0
2022-02-17_cal_st_fullerton_uc_santa_barbara,Cal St. Fullerton,03,"Wahinekapu, Lily",True,31,9,17,0.529,1,5,0.2,5,6,0.833,0,5,5,1,2,4,0,2,24
2022-02-17_cal_st_fullerton_uc_santa_barbara,Cal St. Fullerton,04,"Vidmar, Gabi",True,26,5,7,0.714,3,4,0.75,0,0,,1,5,6,0,0,1,0,1,13
2022-02-17_cal_st_fullerton_uc_santa_barbara,Cal St. Fullerton,32,"Lewis, Ashlee",True,31,3,5,0.6,0,0,,1,2,0.5,1,7,8,3,2,3,0,0,7
2022-02-17_cal_st_fullerton_uc_santa_barbara,Cal St. Fullerton,23,"Gill, Carolyn",True,37,2,7,0.286,1,1,1.0,1,2,0.5,6,6,12,3,5,4,1,1,6
2022-02-17_cal_st_fullerton_uc_santa_barbara,Cal St. Fullerton,24,"Neff, Kathryn",True,27,2,4,0.5,1,2,0.5,1,3,0.333,1,2,3,0,2,1,2,0,6
2022-02-17_cal_st_fullerton_uc_santa_barbara,Cal St. Fullerton,55,"Nimmo, Fujika",False,25,2,6,0.333,1,1,1.0,0,0,,0,0,0,1,4,1,0,1,5
2022-02-17_cal_st_fullerton_uc_santa_barbara,Cal St. Fullerton,11,"MacDonald, Ruby",False,8,0,1,0.0,0,1,0.0,0,0,,1,1,2,1,0,0,0,0,0
2022-02-17_cal_st_fullerton_uc_santa_barbara,Cal St. Fullerton,13,"Hernandez, Aixchel",False,8,0,2,0.0,0,0,,0,0,,0,0,0,1,0,1,0,0,0
2022-02-17_cal_st_fullerton_uc_santa_barbara,Cal St. Fullerton,01,"Jovanovic, Una",False,7,0,0,,0,0,,0,0,,0,1,1,1,0,0,0,0,0
2022-02-17_cal_st_fullerton_uc_santa_barbara,Cal St. Fullerton,TM,TEAM,False,0,0,0,,0,0,,0,0,,0,3,3,0,0,1,0,0,0
2022-02-17_long_beach_st_csun,CSUN,15,"Amundsen, Tess",True,43,10,14,0.714,5,7,0.714,7,7,1.0,0,4,4,0,0,3,0,1,32
2022-02-17_long_beach_st_csun,CSUN,1,"Jackson, Jordyn",True,39,3,8,0.375,1,1,1.0,5,7,0.714,0,4,4,3,4,5,0,4,12
2022-02-17_long_beach_st_csun,CSUN,12,"Henderson, Meghann",True,36,2,6,0.333,2,3,0.667,0,0,,1,2,3,2,0,2,1,5,6
2022-02-17_long_beach_st_csun,CSUN,34,"Spriggs, Kayanna",True,35,2,3,0.667,0,0,,1,4,0.25,2,4,6,2,1,3,1,1,5
2022-02-17_long_beach_st_csun,CSUN,32,"Hawkins, Ashley",True,20,1,4,0.25,1,1,1.0,0,0,,0,1,1,1,5,1,0,2,3
2022-02-17_long_beach_st_csun,CSUN,2,"Woodley, Sydney",False,23,0,1,0.0,0,0,,2,2,1.0,0,0,0,3,0,1,0,1,2
2022-02-17_long_beach_st_csun,CSUN,5,"Duchemin, Michelle",False,16,0,3,0.0,0,0,,2,2,1.0,1,3,4,1,3,4,0,1,2
2022-02-17_long_beach_st_csun,CSUN,4,"Harvey, Rachel",False,6,0,1,0.0,0,0,,0,0,,0,1,1,0,0,0,0,1,0
2022-02-17_long_beach_st_csun,CSUN,21,"Tu'ua, Anaiyah",False,4,0,0,,0,0,,0,0,,0,0,0,0,0,1,0,0,0
2022-02-17_long_beach_st_csun,CSUN,11,"Smith, Olivia",False,3,0,0,,0,0,,0,0,,0,0,0,1,0,1,0,1,0
2022-02-17_long_beach_st_csun,CSUN,TM,TEAM,False,0,0,0,,0,0,,0,0,,0,2,2,0,0,3,0,0,0
2022-02-17_long_beach_st_csun,Long Beach St.,11,"Hardy, Jasmine",True,45,7,11,0.636,4,5,0.8,2,2,1.0,2,4,6,1,1,3,0,2,20
2022-02-17_long_beach_st_csun,Long Beach St.,1,"Utti, Maddi",True,36,6,12,0.5,0,0,,1,3,0.333,0,5,5,2,3,5,3,3,13
2022-02-17_long_beach_st_csun,Long Beach St.,10,"King, Justina",True,35,1,9,0.111,0,4,0.0,3,4,0.75,0,3,3,1,2,5,0,3,5
2022-02-17_long_beach_st_csun,Long Beach St.,3,"Chung, Patricia",True,9,1,5,0.2,1,4,0.25,0,0,,0,2,2,1,0,0,0,0,3
2022-02-17_long_beach_st_csun,Long Beach St.,5,"Sullivan, Emily",True,5,1,1,1.0,0,0,,0,0,,0,0,0,0,0,0,0,0,2
2022-02-17_long_beach_st_csun,Long Beach St.,00,"Berry, Ma'qhi",False,29,1,1,1.0,0,0,,5,7,0.714,0,2,2,4,4,3,0,1,7
2022-02-17_long_beach_st_csun,Long Beach St.,12,"Jeskeova, Kristyna",False,18,1,3,0.333,1,2,0.5,0,0,,1,2,3,2,1,3,0,1,3
2022-02-17_long_beach_st_csun,Long Beach St.,23,"Green, Lauren",False,22,1,1,1.0,0,0,,0,0,,3,1,4,4,1,3,0,1,2
2022-02-17_long_beach_st_csun,Long Beach St.,25,"Hamilton-fisher, Kianna",False,21,0,3,0.0,0,2,0.0,2,2,1.0,0,0,0,2,2,1,0,1,2
2022-02-17_long_beach_st_csun,Long Beach St.,2,"Tucker, Savannah",False,5,0,0,,0,0,,0,0,,0,1,1,0,0,1,0,0,0
2022-02-17_long_beach_st_csun,Long Beach St.,TM,TEAM,False,0,0,0,,0,0,,0,0,,1,0,1,0,0,0,0,0,0
2022-02-17_csu_bakersfield_uc_riverside,UC Riverside,10,"Cooper, Keilanei",True,35,7,18,0.389,1,5,0.2,2,2,1.0,1,6,7,2,2,0,0,1,17
2022-02-17_csu_bakersfield_uc_riverside,UC Riverside,04,"Holland, Jada",True,36,4,11,0.364,0,3,0.0,6,9,0.667,2,6,8,3,1,4,0,0,14
2022-02-17_csu_bakersfield_uc_riverside,UC Riverside,15,"Blount, Anna",True,25,5,14,0.357,0,0,,1,2,0.5,7,4,11,4,0,1,0,1,11
2022-02-17_csu_bakersfield_uc_riverside,UC Riverside,14,"Finau, Mele",True,35,2,7,0.286,1,3,0.333,2,2,1.0,0,7,7,2,1,1,1,0,7
2022-02-17_csu_bakersfield_uc_riverside,UC Riverside,03,"West, Olivia",True,29,0,3,0.0,0,2,0.0,3,3,1.0,0,1,1,3,1,2,0,1,3
2022-02-17_csu_bakersfield_uc_riverside,UC Riverside,11,"Matarranz, Esther",False,15,1,3,0.333,0,0,,2,2,1.0,1,1,2,2,0,0,1,1,4
2022-02-17_csu_bakersfield_uc_riverside,UC Riverside,32,"Webster, Jordan",False,16,0,5,0.0,0,2,0.0,0,0,,0,2,2,0,0,0,0,0,0
2022-02-17_csu_bakersfield_uc_riverside,UC Riverside,02,"Walters, Ryanne",False,9,0,3,0.0,0,1,0.0,0,0,,0,2,2,1,1,0,0,1,0
2022-02-17_csu_bakersfield_uc_riverside,UC Riverside,TM,TEAM,False,0,0,0,,0,0,,0,0,,2,1,3,0,0,0,0,0,0
2022-02-17_csu_bakersfield_uc_riverside,CSU Bakersfield,10,"Eggleston, Jayden",True,37,2,12,0.167,0,0,,2,2,1.0,2,7,9,4,3,3,1,1,6
2022-02-17_csu_bakersfield_uc_riverside,CSU Bakersfield,04,"Dixon, Jasmin",True,32,1,5,0.2,1,5,0.2,0,2,0.0,1,2,3,0,0,0,0,1,3
2022-02-17_csu_bakersfield_uc_riverside,CSU Bakersfield,03,"van Schaik, Hennie",True,8,1,2,0.5,0,0,,0,0,,0,1,1,0,0,1,1,0,2
2022-02-17_csu_bakersfield_uc_riverside,CSU Bakersfield,00,"Johnson, Simone",True,14,0,3,0.0,0,2,0.0,0,0,,0,3,3,3,2,1,1,0,0
2022-02-17_csu_bakersfield_uc_riverside,CSU Bakersfield,24,"Bridges-Bey, Sage",True,8,0,2,0.0,0,1,0.0,0,0,,1,2,3,1,0,1,0,0,0
2022-02-17_csu_bakersfield_uc_riverside,CSU Bakersfield,54,"Austin, Vanessa",False,32,9,13,0.692,0,0,,6,6,1.0,2,7,9,3,1,1,1,1,24
2022-02-17_csu_bakersfield_uc_riverside,CSU Bakersfield,22,"Easley, Andie",False,31,2,10,0.2,2,4,0.5,0,0,,1,4,5,3,3,4,1,1,6
2022-02-17_csu_bakersfield_uc_riverside,CSU Bakersfield,23,"Saxon, Miracle",False,15,1,4,0.25,0,2,0.0,1,3,0.333,0,2,2,4,1,3,0,0,3
2022-02-17_csu_bakersfield_uc_riverside,CSU Bakersfield,11,"Green, Lexus",False,14,0,3,0.0,0,0,,2,2,1.0,0,2,2,0,1,0,0,0,2
2022-02-17_csu_bakersfield_uc_riverside,CSU Bakersfield,13,"Herrera, Soli",False,4,0,0,,0,0,,1,2,0.5,1,1,2,1,0,0,0,0,1
2022-02-17_csu_bakersfield_uc_riverside,CSU Bakersfield,01,"Clayburne, Tatyanna",False,5,0,2,0.0,0,1,0.0,0,0,,0,0,0,1,0,0,1,0,0
2022-02-17_csu_bakersfield_uc_riverside,CSU Bakersfield,TM,TEAM,False,0,0,0,,0,0,,0,0,,4,4,8,0,0,0,0,0,0
2022-02-19_csu_bakersfield_uc_davis,UC Davis,32,"Hall, Cierra",True,38,9,17,0.529,4,9,0.444,7,8,0.875,2,11,13,4,2,2,0,0,29
2022-02-19_csu_bakersfield_uc_davis,UC Davis,15,"Turner, Evanne",True,37,7,12,0.583,4,8,0.5,0,0,,2,2,4,4,2,1,0,0,18
2022-02-19_csu_bakersfield_uc_davis,UC Davis,11,"Stobbart, Sage",True,30,4,11,0.364,1,5,0.2,1,1,1.0,0,3,3,4,1,2,2,0,10
2022-02-19_csu_bakersfield_uc_davis,UC Davis,23,"Konrad, Kayla",True,37,4,11,0.364,0,3,0.0,1,2,0.5,3,2,5,3,5,1,0,1,9
2022-02-19_csu_bakersfield_uc_davis,UC Davis,13,"Burns, Sydney",True,28,1,2,0.5,1,1,1.0,0,0,,0,0,0,3,5,5,0,2,3
2022-02-19_csu_bakersfield_uc_davis,UC Davis,10,"Svanholm, Lena",False,11,2,5,0.4,0,0,,0,0,,1,2,3,1,2,0,0,0,4
2022-02-19_csu_bakersfield_uc_davis,UC Davis,33,"Harris, Mazatlan",False,12,0,2,0.0,0,1,0.0,2,2,1.0,3,0,3,2,0,0,0,0,2
2022-02-19_csu_bakersfield_uc_davis,UC Davis,03,"Gray, Campbell",False,5,0,0,,0,0,,0,0,,0,1,1,1,0,0,0,0,0
2022-02-19_csu_bakersfield_uc_davis,UC Davis,20,"Sanders, Makaila",False,2,0,0,,0,0,,0,0,,0,0,0,1,0,0,0,0,0
2022-02-19_csu_bakersfield_uc_davis,UC Davis,TM,TEAM,False,0,0,0,,0,0,,0,0,,2,0,2,0,0,1,0,0,0
2022-02-19_csu_bakersfield_uc_davis,CSU Bakersfield,10,"Eggleston, Jayden",True,35,8,12,0.667,2,2,1.0,9,9,1.0,3,3,6,4,1,0,0,0,27
2022-02-19_csu_bakersfield_uc_davis,CSU Bakersfield,03,"van Schaik, Hennie",True,8,2,4,0.5,0,2,0.0,2,2,1.0,0,2,2,4,0,1,0,0,6
2022-02-19_csu_bakersfield_uc_davis,CSU Bakersfield,04,"Dixon, Jasmin",True,22,1,2,0.5,1,1,1.0,0,0,,1,0,1,0,2,0,0,2,3
2022-02-19_csu_bakersfield_uc_davis,CSU Bakersfield,00,"Johnson, Simone",True,11,0,0,,0,0,,0,0,,0,0,0,2,0,0,0,0,0
2022-02-19_csu_bakersfield_uc_davis,CSU Bakersfield,24,"Bridges-Bey, Sage",True,4,0,2,0.0,0,1,0.0,0,0,,0,0,0,1,0,0,0,0,0
2022-02-19_csu_bakersfield_uc_davis,CSU Bakersfield,22,"Easley, Andie",False,35,6,11,0.545,2,4,0.5,3,4,0.75,1,1,2,4,0,1,0,1,17
2022-02-19_csu_bakersfield_uc_davis,CSU Bakersfield,54,"Austin, Vanessa",False,29,7,15,0.467,0,0,,2,5,0.4,3,1,4,0,2,2,0,0,16
2022-02-19_csu_bakersfield_uc_davis,CSU Bakersfield,23,"Saxon, Miracle",False,26,3,7,0.429,2,3,0.667,2,2,1.0,0,5,5,4,3,0,1,0,10
2022-02-19_csu_bakersfield_uc_davis,CSU Bakersfield,01,"Clayburne, Tatyanna",False,27,1,3,0.333,1,3,0.333,2,4,0.5,0,3,3,2,2,1,0,0,5
2022-02-19_csu_bakersfield_uc_davis,CSU Bakersfield,13,"Herrera, Solmilena",False,3,0,0,,0,0,,0,0,,0,2,2,0,0,0,0,0,0
2022-02-19_csu_bakersfield_uc_davis,CSU Bakersfield,TM,TEAM,False,0,0,0,,0,0,,0,0,,1,1,2,0,0,0,0,0,0
2022-02-19_hawaii_uc_irvine,UC Irvine,04,"Williams, Kayla",True,40,6,15,0.4,4,7,0.571,5,6,0.833,1,2,3,1,4,1,0,2,21
2022-02-19_hawaii_uc_irvine,UC Irvine,10,"Cadee, Jayde",True,29,5,12,0.417,4,10,0.4,0,0,,0,2,2,4,3,2,0,1,14
2022-02-19_hawaii_uc_irvine,UC Irvine,35,"Locandro, Sophia",True,24,4,8,0.5,0,0,,1,1,1.0,0,4,4,3,0,3,0,0,9
2022-02-19_hawaii_uc_irvine,UC Irvine,42,"Hunt, Naomi",True,26,1,5,0.2,0,3,0.0,0,0,,1,1,2,2,2,0,1,1,2
2022-02-19_hawaii_uc_irvine,UC Irvine,03,"Tom, Nikki",True,9,1,1,1.0,0,0,,0,0,,2,1,3,2,1,2,0,1,2
2022-02-19_hawaii_uc_irvine,UC Irvine,20,"Hernandez, Hunter",False,26,2,5,0.4,1,1,1.0,1,2,0.5,2,3,5,1,0,1,0,1,6
2022-02-19_hawaii_uc_irvine,UC Irvine,21,"Williams, Olivia",False,7,1,3,0.333,0,2,0.0,0,0,,0,0,0,0,0,1,0,0,2
2022-02-19_hawaii_uc_irvine,UC Irvine,33,"Kaupu, Caiyle",False,6,0,3,0.0,0,1,0.0,1,2,0.5,1,0,1,1,0,0,0,0,1
2022-02-19_hawaii_uc_irvine,UC Irvine,02,"Webb, Chloe",False,14,0,3,0.0,0,1,0.0,0,0,,0,2,2,2,2,1,0,1,0
2022-02-19_hawaii_uc_irvine,UC Irvine,13,"Lee, Déja",False,9,0,2,0.0,0,1,0.0,0,0,,0,0,0,1,0,1,0,2,0
2022-02-19_hawaii_uc_irvine,UC Irvine,45,"Dusharm, Tara",False,9,0,2,0.0,0,0,,0,0,,0,0,0,1,0,0,0,1,0
2022-02-19_hawaii_uc_irvine,UC Irvine,24,"Kapinga, Melodie",False,1,0,0,,0,0,,0,0,,0,0,0,2,0,0,0,0,0
2022-02-19_hawaii_uc_irvine,UC Irvine,TM,TEAM,False,0,0,0,,0,0,,0,0,,2,1,3,0,0,0,0,0,0
2022-02-19_hawaii_uc_irvine,Hawaii,25,"Atwell, Amy",True,36,7,13,0.538,5,7,0.714,6,6,1.0,1,12,13,2,0,1,0,1,25
2022-02-19_hawaii_uc_irvine,Hawaii,11,"Spiller, Kallin",True,16,6,7,0.857,1,1,1.0,2,2,1.0,2,2,4,0,1,0,2,0,15
2022-02-19_hawaii_uc_irvine,Hawaii,45,"Davies, Olivia",True,34,2,9,0.222,1,4,0.25,1,2,0.5,1,3,4,2,1,3,0,0,6
2022-02-19_hawaii_uc_irvine,Hawaii,15,"Phillips, Daejah",True,20,2,4,0.5,0,0,,2,2,1.0,0,3,3,4,6,3,1,0,6
2022-02-19_hawaii_uc_irvine,Hawaii,01,"Imai, Kelsie",True,26,1,3,0.333,0,0,,0,0,,0,1,1,2,2,2,0,2,2
2022-02-19_hawaii_uc_irvine,Hawaii,14,"Orji, Nnenna",False,21,1,1,1.0,0,0,,7,10,0.7,1,4,5,1,0,1,0,0,9
2022-02-19_hawaii_uc_irvine,Hawaii,24,"Calhoun, Nae Nae",False,16,1,2,0.5,1,1,1.0,1,2,0.5,0,4,4,1,0,5,0,0,4
2022-02-19_hawaii_uc_irvine,Hawaii,02,"Thoms, Ashley",False,17,0,2,0.0,0,2,0.0,0,0,,0,1,1,2,1,1,0,0,0
2022-02-19_hawaii_uc_irvine,Hawaii,23,"McBee, MeiLani",False,11,0,0,,0,0,,0,0,,0,0,0,0,0,3,1,1,0
2022-02-19_hawaii_uc_irvine,Hawaii,34,"David, Jacque",False,3,0,1,0.0,0,0,,0,0,,0,0,0,1,0,0,0,0,0
2022-02-19_hawaii_uc_irvine,Hawaii,TM,TEAM,False,0,0,0,,0,0,,0,0,,1,1,2,0,0,1,0,0,0
2022-02-19_long_beach_st_uc_santa_barbara,UC Santa Barbara,00,"Miller, Danae",True,34,5,10,0.5,3,6,0.5,5,6,0.833,1,4,5,4,6,2,0,2,18
2022-02-19_long_beach_st_uc_santa_barbara,UC Santa Barbara,31,"Lane, Ila",True,38,5,8,0.625,0,0,,5,8,0.625,2,5,7,1,0,0,0,2,15
2022-02-19_long_beach_st_uc_santa_barbara,UC Santa Barbara,2,"Tucker, Alexis",True,24,3,8,0.375,1,3,0.333,4,4,1.0,0,6,6,2,1,4,0,2,11
2022-02-19_long_beach_st_uc_santa_barbara,UC Santa Barbara,30,"Anderson, Megan",True,34,2,2,1.0,2,2,1.0,0,0,,1,3,4,4,0,5,0,0,6
2022-02-19_long_beach_st_uc_santa_barbara,UC Santa Barbara,1,"Gonzalez, Johnni",True,26,2,7,0.286,2,7,0.286,0,0,,0,0,0,4,4,1,0,0,6
2022-02-19_long_beach_st_uc_santa_barbara,UC Santa Barbara,10,"Choice, Anya",False,16,1,3,0.333,0,0,,2,2,1.0,0,1,1,3,2,4,0,0,4
2022-02-19_long_beach_st_uc_santa_barbara,UC Santa Barbara,12,"Mole, Taylor",False,11,1,2,0.5,0,0,,0,0,,1,1,2,0,0,0,0,0,2
2022-02-19_long_beach_st_uc_santa_barbara,UC Santa Barbara,11,"Lee, Lauren",False,13,0,1,0.0,0,0,,0,0,,0,3,3,1,0,2,0,0,0
2022-02-19_long_beach_st_uc_santa_barbara,UC Santa Barbara,21,"Johnson, Kennedy",False,3,0,1,0.0,0,1,0.0,0,0,,0,0,0,0,0,0,0,0,0
2022-02-19_long_beach_st_uc_santa_barbara,UC Santa Barbara,5,"Cooper, Callie",False,1,0,0,,0,0,,0,0,,0,0,0,0,0,0,0,0,0
2022-02-19_long_beach_st_uc_santa_barbara,UC Santa Barbara,TM,TEAM,False,0,0,0,,0,0,,0,0,,0,2,2,0,0,2,0,0,0
2022-02-19_long_beach_st_uc_santa_barbara,Long Beach St.,1,"Utti, Maddi",True,40,8,13,0.615,0,1,0.0,3,5,0.6,1,9,10,2,3,4,0,3,19
2022-02-19_long_beach_st_uc_santa_barbara,Long Beach St.,00,"Berry, Ma'qhi",True,21,6,9,0.667,3,3,1.0,0,0,,1,2,3,4,1,0,0,1,15
2022-02-19_long_beach_st_uc_santa_barbara,Long Beach St.,10,"King, Justina",True,40,5,15,0.333,0,0,,4,7,0.571,1,1,2,2,5,1,0,2,14
2022-02-19_long_beach_st_uc_santa_barbara,Long Beach St.,11,"Hardy, Jasmine",True,31,3,6,0.5,0,2,0.0,1,2,0.5,2,1,3,2,1,2,1,2,7
2022-02-19_long_beach_st_uc_santa_barbara,Long Beach St.,25,"Hamilton-fisher, Kianna",True,33,0,4,0.0,0,2,0.0,2,2,1.0,1,2,3,4,1,4,1,2,2
2022-02-19_long_beach_st_uc_santa_barbara,Long Beach St.,23,"Green, Lauren",False,8,2,3,0.667,0,0,,0,0,,0,0,0,2,0,1,0,0,4
2022-02-19_long_beach_st_uc_santa_barbara,Long Beach St.,2,"Tucker, Savannah",False,16,0,3,0.0,0,3,0.0,2,2,1.0,0,1,1,1,0,0,2,0,2
2022-02-19_long_beach_st_uc_santa_barbara,Long Beach St.,5,"Sullivan, Emily",False,4,1,3,0.333,0,1,0.0,0,0,,1,0,1,0,0,0,0,0,2
2022-02-19_long_beach_st_uc_santa_barbara,Long Beach St.,12,"Jeskeova, Kristyna",False,6,0,0,,0,0,,0,0,,0,0,0,0,1,1,0,0,0
2022-02-19_long_beach_st_uc_santa_barbara,Long Beach St.,3,"Chung, Patricia",False,1,0,0,,0,0,,0,0,,0,0,0,0,0,0,0,0,0
2022-02-19_long_beach_st_uc_santa_barbara,Long Beach St.,TM,TEAM,False,0,0,0,,0,0,,0,0,,2,4,6,0,0,0,0,0,0
2022-02-19_cal_poly_uc_riverside,UC Riverside,3,"West, Olivia",True,35,4,11,0.364,3,9,0.333,2,3,0.667,0,2,2,3,0,0,0,3,13
2022-02-19_cal_poly_uc_riverside,UC Riverside,14,"Finau, Mele",True,31,1,3,0.333,1,2,0.5,7,8,0.875,0,6,6,1,1,4,0,1,10
2022-02-19_cal_poly_uc_riverside,UC Riverside,15,"Blount, Anna",True,19,3,5,0.6,0,0,,3,4,0.75,1,2,3,4,0,0,1,0,9
2022-02-19_cal_poly_uc_riverside,UC Riverside,4,"Holland, Jada",True,34,4,14,0.286,0,2,0.0,0,0,,0,4,4,1,6,4,0,2,8
2022-02-19_cal_poly_uc_riverside,UC Riverside,10,"Cooper, Keilanei",True,16,1,6,0.167,0,1,0.0,1,2,0.5,0,3,3,1,0,0,0,1,3
2022-02-19_cal_poly_uc_riverside,UC Riverside,11,"Matarranz, Esther",False,21,2,2,1.0,0,0,,3,3,1.0,1,2,3,3,0,2,0,0,7
2022-02-19_cal_poly_uc_riverside,UC Riverside,32,"Webster, Jordan",False,29,2,8,0.25,2,5,0.4,0,0,,1,5,6,2,0,1,2,2,6
2022-02-19_cal_poly_uc_riverside,UC Riverside,2,"Walters, Ryanne",False,15,1,5,0.2,0,1,0.0,1,1,1.0,0,1,1,0,0,1,1,0,3
2022-02-19_cal_poly_uc_riverside,UC Riverside,TM,TEAM,False,0,0,0,,0,0,,0,0,,3,3,6,0,0,0,0,0,0
2022-02-19_cal_poly_uc_riverside,Cal Poly,33,"Willett, Maddie",True,40,3,8,0.375,1,2,0.5,1,2,0.5,2,7,9,1,3,4,1,1,8
2022-02-19_cal_poly_uc_riverside,Cal Poly,15,"Bourland, Sydney",True,36,3,10,0.3,0,0,,1,2,0.5,0,5,5,5,4,1,0,5,7
2022-02-19_cal_poly_uc_riverside,Cal Poly,13,"Vick, Maddie",True,40,3,11,0.273,0,2,0.0,0,0,,0,6,6,4,4,3,0,2,6
2022-02-19_cal_poly_uc_riverside,Cal Poly,5,"Anousinh, Jazzy",True,18,3,6,0.5,0,0,,0,0,,0,0,0,3,2,0,0,1,6
2022-02-19_cal_poly_uc_riverside,Cal Poly,25,"Brown, Kirsty",True,0,0,0,,0,0,,0,0,,0,0,0,0,0,0,0,0,0
2022-02-19_cal_poly_uc_riverside,Cal Poly,24,"Stachowski, Zoe",False,21,5,5,1.0,0,0,,1,3,0.333,0,1,1,2,1,2,0,0,11
2022-02-19_cal_poly_uc_riverside,Cal Poly,2,"Shah, Annika",False,15,3,5,0.6,1,2,0.5,4,4,1.0,1,1,2,3,0,1,0,0,11
2022-02-19_cal_poly_uc_riverside,Cal Poly,14,"Scanlan, Hannah",False,10,2,6,0.333,0,0,,0,0,,1,3,4,1,1,0,0,0,4
2022-02-19_cal_poly_uc_riverside,Cal Poly,32,"Nielacna, Julia",False,10,0,5,0.0,0,2,0.0,0,0,,1,2,3,3,0,1,0,0,0
2022-02-19_cal_poly_uc_riverside,Cal Poly,1,"Dumitrescu, Sarah",False,6,0,0,,0,0,,0,0,,0,2,2,0,0,1,0,0,0
2022-02-19_cal_poly_uc_riverside,Cal Poly,11,"Dickson, Junie",False,4,0,1,0.0,0,0,,0,0,,0,0,0,1,0,1,0,0,0
2022-02-19_cal_poly_uc_riverside,Cal Poly,TM,TEAM,False,0,0,0,,0,0,,0,0,,3,5,8,0,0,0,0,0,0
2022-02-19_cal_st_fullerton_csun,CSUN,15,Tess Amundsen,True,36,7,12,0.583,5,6,0.833,3,3,1.0,1,4,5,3,1,4,0,0,22
2022-02-19_cal_st_fullerton_csun,CSUN,01,Jordyn Jackson,True,36,8,15,0.533,2,3,0.667,3,4,0.75,2,1,3,2,0,3,0,2,21
2022-02-19_cal_st_fullerton_csun,CSUN,34,Kayanna Spriggs,True,26,0,4,0.0,0,0,,1,2,0.5,1,3,4,2,1,1,0,0,1
2022-02-19_cal_st_fullerton_csun,CSUN,12,Meghann Henderson,True,28,0,2,0.0,0,2,0.0,0,2,0.0,1,3,4,4,0,2,1,2,0
2022-02-19_cal_st_fullerton_csun,CSUN,32,Ashley Hawkins,True,11,0,0,,0,0,,0,0,,0,0,0,2,2,2,0,0,0
2022-02-19_cal_st_fullerton_csun,CSUN,05,Michelle Duchemin,False,20,1,5,0.2,0,0,,3,4,0.75,3,4,7,2,3,1,1,2,5
2022-02-19_cal_st_fullerton_csun,CSUN,04,Rachel Harvey,False,19,1,1,1.0,0,0,,0,0,,1,1,2,2,1,2,0,1,2
2022-02-19_cal_st_fullerton_csun,CSUN,02,Sydney Woodley,False,18,0,2,0.0,0,0,,2,2,1.0,0,2,2,1,1,0,0,0,2
2022-02-19_cal_st_fullerton_csun,CSUN,11,Olivia Smith,False,3,0,1,0.0,0,0,,0,0,,0,0,0,0,0,0,1,0,0
2022-02-19_cal_st_fullerton_csun,CSUN,21,Anaiyah Tu'ua,False,3,0,1,0.0,0,0,,0,0,,0,1,1,1,0,2,0,0,0
2022-02-19_cal_st_fullerton_csun,CSUN,TM,TEAM,False,0,0,0,,0,0,,0,0,,1,1,2,0,0,2,0,0,0
2022-02-19_cal_st_fullerton_csun,Cal St. Fullerton,03,"Wahinekapu, Lily",True,34,4,8,0.5,3,4,0.75,3,4,0.75,1,2,3,1,3,1,0,3,14
2022-02-19_cal_st_fullerton_csun,Cal St. Fullerton,04,"Vidmar, Gabi",True,34,3,8,0.375,2,7,0.286,2,2,1.0,0,2,2,2,4,3,0,3,10
2022-02-19_cal_st_fullerton_csun,Cal St. Fullerton,23,"Gill, Carolyn",True,31,2,5,0.4,0,1,0.0,3,4,0.75,0,2,2,4,1,4,2,0,7
2022-02-19_cal_st_fullerton_csun,Cal St. Fullerton,32,"Lewis, Ashlee",True,18,3,5,0.6,0,0,,0,0,,1,1,2,4,0,1,0,2,6
2022-02-19_cal_st_fullerton_csun,Cal St. Fullerton,24,"Neff, Kathryn",True,17,2,3,0.667,2,2,1.0,0,0,,1,3,4,2,1,1,0,0,6
2022-02-19_cal_st_fullerton_csun,Cal St. Fullerton,55,"Nimmo, Fujika",False,29,2,7,0.286,0,1,0.0,4,8,0.5,1,3,4,1,2,2,1,1,8
2022-02-19_cal_st_fullerton_csun,Cal St. Fullerton,13,"Hernandez, Aixchel",False,18,3,7,0.429,0,0,,0,0,,0,1,1,1,1,0,1,0,6
2022-02-19_cal_st_fullerton_csun,Cal St. Fullerton,01,"Jovanovic, Una",False,8,1,1,1.0,0,0,,0,0,,1,0,1,1,0,0,0,0,2
2022-02-19_cal_st_fullerton_csun,Cal St. Fullerton,11,"MacDonald, Ruby",False,6,0,0,,0,0,,2,2,1.0,0,1,1,0,0,0,0,0,2
2022-02-19_cal_st_fullerton_csun,Cal St. Fullerton,54,"Furch, Brianna",False,3,0,2,0.0,0,1,0.0,0,0,,0,0,0,1,0,0,0,0,0
2022-02-19_cal_st_fullerton_csun,Cal St. Fullerton,05,"Rodarte, Clarissa",False,2,0,0,,0,0,,0,0,,0,0,0,1,1,0,0,0,0
2022-02-19_cal_st_fullerton_csun,Cal St. Fullerton,TM,TEAM,False,0,0,0,,0,0,,0,0,,3,3,6,0,0,0,0,0,0
2022-02-22_csu_bakersfield_cal_poly,Cal Poly,32,"Nielacna, Julia",True,25,8,17,0.471,1,1,1.0,4,5,0.8,2,4,6,2,1,2,0,0,21
2022-02-22_csu_bakersfield_cal_poly,Cal Poly,33,"Willett, Maddie",True,40,5,8,0.625,2,3,0.667,2,2,1.0,3,4,7,4,1,2,0,1,14
2022-02-22_csu_bakersfield_cal_poly,Cal Poly,5,"Anousinh, Jazzy",True,35,3,9,0.333,1,3,0.333,4,4,1.0,0,2,2,2,3,1,0,0,11
2022-02-22_csu_bakersfield_cal_poly,Cal Poly,13,"Vick, Maddie",True,35,2,9,0.222,1,2,0.5,2,2,1.0,2,2,4,1,5,1,0,1,7
2022-02-22_csu_bakersfield_cal_poly,Cal Poly,25,"Brown, Kirsty",True,0,0,0,,0,0,,0,0,,0,0,0,0,0,0,0,0,0
2022-02-22_csu_bakersfield_cal_poly,Cal Poly,15,"Bourland, Sydney",False,28,2,7,0.286,2,4,0.5,0,0,,0,2,2,4,1,1,0,0,6
2022-02-22_csu_bakersfield_cal_poly,Cal Poly,14,"Scanlan, Hannah",False,15,3,7,0.429,0,0,,0,0,,1,3,4,4,1,0,1,0,6
2022-02-22_csu_bakersfield_cal_poly,Cal Poly,11,"Dickson, Junie",False,6,2,3,0.667,2,3,0.667,0,0,,0,2,2,0,1,0,0,0,6
2022-02-22_csu_bakersfield_cal_poly,Cal Poly,1,"Dumitrescu, Sarah",False,9,0,0,,0,0,,0,0,,0,1,1,2,1,1,0,0,0
2022-02-22_csu_bakersfield_cal_poly,Cal Poly,2,"Shah, Annika",False,5,0,3,0.0,0,3,0.0,0,0,,0,0,0,1,0,0,0,0,0
2022-02-22_csu_bakersfield_cal_poly,Cal Poly,22,"Bergstrom, Faith",False,2,0,0,,0,0,,0,0,,0,0,0,2,0,0,0,0,0
2022-02-22_csu_bakersfield_cal_poly,Cal Poly,TM,TEAM,False,0,0,0,,0,0,,0,0,,2,0,2,0,0,1,0,0,0
2022-02-22_csu_bakersfield_cal_poly,CSU Bakersfield,10,"Eggleston, Jayden",True,37,3,8,0.375,0,1,0.0,10,10,1.0,1,9,10,3,2,1,1,0,16
2022-02-22_csu_bakersfield_cal_poly,CSU Bakersfield,3,"van Schaik, Hennie",True,16,2,4,0.5,0,1,0.0,1,2,0.5,1,2,3,4,0,3,2,0,5
2022-02-22_csu_bakersfield_cal_poly,CSU Bakersfield,24,"Bridges-bey, Sage",True,4,1,3,0.333,1,2,0.5,0,0,,0,1,1,0,0,0,0,0,3
2022-02-22_csu_bakersfield_cal_poly,CSU Bakersfield,4,"Dixon, Jasmin",True,14,1,2,0.5,0,0,,0,0,,2,2,4,2,1,2,0,0,2
2022-02-22_csu_bakersfield_cal_poly,CSU Bakersfield,00,"Johnson, Simone",True,11,1,1,1.0,0,0,,0,0,,0,1,1,1,0,1,0,0,2
2022-02-22_csu_bakersfield_cal_poly,CSU Bakersfield,22,"Easley, Andie",False,33,7,13,0.538,4,6,0.667,2,2,1.0,1,2,3,0,5,1,0,2,20
2022-02-22_csu_bakersfield_cal_poly,CSU Bakersfield,54,"Austin, Vanessa",False,23,5,8,0.625,0,0,,3,4,0.75,3,5,8,2,4,2,0,0,13
2022-02-22_csu_bakersfield_cal_poly,CSU Bakersfield,23,"Saxon, Miracle",False,30,5,10,0.5,1,4,0.25,1,3,0.333,1,2,3,1,0,0,0,0,12
2022-02-22_csu_bakersfield_cal_poly,CSU Bakersfield,1,"Clayburne, Tatyanna",False,28,4,7,0.571,0,1,0.0,2,2,1.0,0,1,1,2,5,0,0,0,10
2022-02-22_csu_bakersfield_cal_poly,CSU Bakersfield,13,"Herrera, Solmilena",False,4,1,1,1.0,0,0,,0,1,0.0,0,2,2,1,0,0,1,0,2
2022-02-22_csu_bakersfield_cal_poly,CSU Bakersfield,TM,TEAM,False,0,0,0,,0,0,,0,0,,0,2,2,0,0,0,0,0,0
2022-02-24_csun_uc_davis,UC Davis,32,"Hall, Cierra",True,36,5,11,0.455,3,6,0.5,2,4,0.5,0,3,3,0,5,2,0,2,15
2022-02-24_csun_uc_davis,UC Davis,23,"Konrad, Kayla",True,34,3,9,0.333,1,5,0.2,3,4,0.75,3,2,5,1,2,1,0,1,10
2022-02-24_csun_uc_davis,UC Davis,15,"Turner, Evanne",True,28,3,10,0.3,2,6,0.333,0,0,,1,3,4,2,1,3,0,1,8
2022-02-24_csun_uc_davis,UC Davis,11,"Stobbart, Sage",True,21,4,7,0.571,0,2,0.0,0,0,,3,8,11,2,2,1,1,0,8
2022-02-24_csun_uc_davis,UC Davis,13,"Burns, Sydney",True,31,3,8,0.375,1,3,0.333,0,0,,1,2,3,1,4,4,0,3,7
2022-02-24_csun_uc_davis,UC Davis,10,"Svanholm, Lena",False,17,2,2,1.0,1,1,1.0,0,0,,1,4,5,1,0,1,1,0,5
2022-02-24_csun_uc_davis,UC Davis,33,"Harris, Mazatlan",False,17,1,2,0.5,1,2,0.5,0,0,,0,1,1,0,0,0,0,0,3
2022-02-24_csun_uc_davis,UC Davis,24,"Langi, Marley",False,2,1,1,1.0,0,0,,0,0,,0,0,0,0,0,1,0,0,2
2022-02-24_csun_uc_davis,UC Davis,20,"Sanders, Makaila",False,10,0,2,0.0,0,1,0.0,0,0,,0,1,1,2,1,2,0,0,0
2022-02-24_csun_uc_davis,UC Davis,2,"Jones, Megan",False,4,0,0,,0,0,,0,0,,0,0,0,1,0,1,0,0,0
2022-02-24_csun_uc_davis,UC Davis,TM,TEAM,False,0,0,0,,0,0,,0,0,,4,3,7,0,0,0,0,0,0
2022-02-24_csun_uc_davis,CSUN,12,"Henderson, Meghann",True,33,5,8,0.625,4,5,0.8,2,2,1.0,3,4,7,1,1,1,1,3,16
2022-02-24_csun_uc_davis,CSUN,1,"Jackson, Jordyn",True,34,5,12,0.417,1,6,0.167,0,0,,0,3,3,0,0,2,0,1,11
2022-02-24_csun_uc_davis,CSUN,15,"Amundsen, Tess",True,36,2,4,0.5,1,2,0.5,3,4,0.75,0,5,5,2,0,1,0,0,8
2022-02-24_csun_uc_davis,CSUN,34,"Spriggs, Kayanna",True,30,2,5,0.4,0,0,,1,3,0.333,2,0,2,3,4,3,0,4,5
2022-02-24_csun_uc_davis,CSUN,21,"Tu'ua, Anaiyah",True,21,2,7,0.286,0,1,0.0,0,0,,1,3,4,0,2,2,0,0,4
2022-02-24_csun_uc_davis,CSUN,24,"Smith, Macy",False,11,2,6,0.333,1,3,0.333,1,2,0.5,0,0,0,2,0,1,0,1,6
2022-02-24_csun_uc_davis,CSUN,4,"Harvey, Rachel",False,21,0,2,0.0,0,0,,0,0,,0,1,1,2,2,1,0,3,0
2022-02-24_csun_uc_davis,CSUN,11,"Smith, Olivia",False,10,0,3,0.0,0,0,,0,0,,0,0,0,1,1,0,1,0,0
2022-02-24_csun_uc_davis,CSUN,32,"Hawkins, Ashley",False,4,0,1,0.0,0,1,0.0,0,0,,0,1,1,0,1,1,0,0,0
2022-02-24_csun_uc_davis,CSUN,TM,TEAM,False,0,0,0,,0,0,,0,0,,0,2,2,0,0,2,0,0,0
2022-02-24_csu_bakersfield_hawaii,Hawaii,15,"Phillips, Daejah",True,32,9,13,0.692,0,0,,1,2,0.5,0,1,1,2,2,4,0,2,19
2022-02-24_csu_bakersfield_hawaii,Hawaii,25,"Atwell, Amy",True,31,7,12,0.583,4,8,0.5,1,1,1.0,1,6,7,2,1,1,1,0,19
2022-02-24_csu_bakersfield_hawaii,Hawaii,01,"Imai, Kelsie",True,26,4,6,0.667,1,2,0.5,2,2,1.0,0,3,3,0,3,2,0,1,11
2022-02-24_csu_bakersfield_hawaii,Hawaii,11,"Spiller, Kallin",True,19,2,7,0.286,1,3,0.333,0,0,,2,5,7,4,1,0,1,1,5
2022-02-24_csu_bakersfield_hawaii,Hawaii,02,"Thoms, Ashley",True,20,0,3,0.0,0,1,0.0,2,4,0.5,1,2,3,2,1,0,0,0,2
2022-02-24_csu_bakersfield_hawaii,Hawaii,14,"Orji, Nnenna",False,22,4,7,0.571,0,1,0.0,0,2,0.0,1,2,3,4,0,2,1,1,8
2022-02-24_csu_bakersfield_hawaii,Hawaii,24,"Calhoun, Nae Nae",False,23,1,3,0.333,1,3,0.333,2,2,1.0,0,1,1,1,2,2,0,3,5
2022-02-24_csu_bakersfield_hawaii,Hawaii,34,"David, Jacque",False,15,1,2,0.5,1,1,1.0,0,0,,1,2,3,3,1,3,0,0,3
2022-02-24_csu_bakersfield_hawaii,Hawaii,23,"McBee, MeiLani",False,12,1,1,1.0,1,1,1.0,0,0,,0,0,0,3,1,2,0,2,3
2022-02-24_csu_bakersfield_hawaii,Hawaii,TM,TEAM,False,0,0,0,,0,0,,0,0,,0,2,2,0,0,0,0,0,0
2022-02-24_csu_bakersfield_hawaii,CSU Bakersfield,10,"Eggleston, Jayden",True,37,3,11,0.273,0,2,0.0,4,4,1.0,2,9,11,4,3,2,0,0,10
2022-02-24_csu_bakersfield_hawaii,CSU Bakersfield,03,"van Schaik, Hennie",True,19,3,11,0.273,0,3,0.0,0,0,,3,2,5,3,0,4,1,1,6
2022-02-24_csu_bakersfield_hawaii,CSU Bakersfield,24,"Bridges-Bey, Sage",True,15,2,6,0.333,1,3,0.333,0,0,,1,1,2,2,1,1,1,0,5
2022-02-24_csu_bakersfield_hawaii,CSU Bakersfield,00,"Johnson, Simone",True,23,2,7,0.286,0,3,0.0,0,0,,0,1,1,1,0,0,0,0,4
2022-02-24_csu_bakersfield_hawaii,CSU Bakersfield,04,"Dixon, Jasmin",True,18,0,3,0.0,0,3,0.0,0,0,,1,1,2,3,0,0,0,0,0
2022-02-24_csu_bakersfield_hawaii,CSU Bakersfield,54,"Austin, Vanessa",False,19,4,5,0.8,0,0,,9,11,0.818,4,3,7,2,0,4,1,0,17
2022-02-24_csu_bakersfield_hawaii,CSU Bakersfield,22,"Easley, Andie",False,32,2,9,0.222,1,5,0.2,3,3,1.0,1,1,2,3,3,3,0,2,8
2022-02-24_csu_bakersfield_hawaii,CSU Bakersfield,23,"Saxon, Miracle",False,20,3,3,1.0,1,1,1.0,0,0,,0,2,2,1,2,1,0,1,7
2022-02-24_csu_bakersfield_hawaii,CSU Bakersfield,01,"Clayburne, Tatyanna",False,16,1,4,0.25,0,3,0.0,2,2,1.0,0,1,1,0,1,1,0,1,4
2022-02-24_csu_bakersfield_hawaii,CSU Bakersfield,13,"Herrera, Solmilena",False,1,0,0,,0,0,,0,0,,0,0,0,0,0,0,0,0,0
2022-02-24_csu_bakersfield_hawaii,CSU Bakersfield,TM,TEAM,False,0,0,0,,0,0,,0,0,,4,2,6,0,0,0,0,0,0
2022-02-24_uc_irvine_cal_st_fullerton,Cal St. Fullerton,23,"Gill, Carolyn",True,27,2,3,0.667,1,1,1.0,5,5,1.0,3,4,7,4,2,4,0,1,10
2022-02-24_uc_irvine_cal_st_fullerton,Cal St. Fullerton,3,"Wahinekapu, Lily",True,33,3,12,0.25,2,6,0.333,1,2,0.5,2,3,5,1,0,2,0,0,9
2022-02-24_uc_irvine_cal_st_fullerton,Cal St. Fullerton,24,"Neff, Kathryn",True,35,2,6,0.333,2,5,0.4,0,0,,1,2,3,2,2,1,0,0,6
2022-02-24_uc_irvine_cal_st_fullerton,Cal St. Fullerton,4,"Vidmar, Gabi",True,33,2,5,0.4,1,3,0.333,0,0,,1,2,3,0,2,3,1,5,5
2022-02-24_uc_irvine_cal_st_fullerton,Cal St. Fullerton,32,"Lewis, Ashlee",True,19,2,3,0.667,0,0,,1,1,1.0,0,2,2,4,0,3,0,1,5
2022-02-24_uc_irvine_cal_st_fullerton,Cal St. Fullerton,55,"Nimmo, Fujika",False,26,3,9,0.333,2,4,0.5,2,3,0.667,0,1,1,4,6,4,1,0,10
2022-02-24_uc_irvine_cal_st_fullerton,Cal St. Fullerton,13,"Hernandez, Aixchel",False,17,3,8,0.375,0,0,,0,0,,1,2,3,2,0,0,1,0,6
2022-02-24_uc_irvine_cal_st_fullerton,Cal St. Fullerton,1,"Jovanovic, Una",False,6,0,1,0.0,0,0,,0,0,,0,0,0,1,0,0,0,0,0
2022-02-24_uc_irvine_cal_st_fullerton,Cal St. Fullerton,11,"Macdonald, Ruby",False,4,0,1,0.0,0,1,0.0,0,0,,1,1,2,0,0,1,0,0,0
2022-02-24_uc_irvine_cal_st_fullerton,Cal St. Fullerton,TM,TEAM,False,0,0,0,,0,0,,0,0,,2,3,5,0,0,2,0,0,0
2022-02-24_uc_irvine_cal_st_fullerton,UC Irvine,10,"Cadee, Jayde",True,34,5,9,0.556,2,4,0.5,2,2,1.0,0,0,0,3,1,0,0,1,14
2022-02-24_uc_irvine_cal_st_fullerton,UC Irvine,42,"Hunt, Naomi",True,25,3,8,0.375,0,4,0.0,0,0,,1,3,4,1,0,2,0,1,6
2022-02-24_uc_irvine_cal_st_fullerton,UC Irvine,35,"Locandro, Sophia",True,18,2,4,0.5,0,0,,2,3,0.667,1,1,2,3,0,2,1,1,6
2022-02-24_uc_irvine_cal_st_fullerton,UC Irvine,4,"Williams, Kayla",True,32,2,11,0.182,1,6,0.167,0,0,,0,3,3,1,4,5,0,2,5
2022-02-24_uc_irvine_cal_st_fullerton,UC Irvine,3,"Tom, Nikki",True,27,0,2,0.0,0,1,0.0,2,2,1.0,1,5,6,0,1,3,0,0,2
2022-02-24_uc_irvine_cal_st_fullerton,UC Irvine,45,"Dusharm, Tara",False,14,4,4,1.0,0,0,,0,0,,1,2,3,0,0,0,2,0,8
2022-02-24_uc_irvine_cal_st_fullerton,UC Irvine,21,"Williams, Olivia",False,17,2,4,0.5,1,3,0.333,2,2,1.0,1,1,2,2,2,2,0,1,7
2022-02-24_uc_irvine_cal_st_fullerton,UC Irvine,13,"Lee, Déja",False,10,0,2,0.0,0,1,0.0,3,4,0.75,1,0,1,2,1,1,0,0,3
2022-02-24_uc_irvine_cal_st_fullerton,UC Irvine,33,"Kaupu, Caiyle",False,4,1,2,0.5,0,0,,0,0,,2,1,3,0,0,1,0,0,2
2022-02-24_uc_irvine_cal_st_fullerton,UC Irvine,20,"Hernandez, Hunter",False,16,0,4,0.0,0,2,0.0,1,2,0.5,0,1,1,0,0,0,0,0,1
2022-02-24_uc_irvine_cal_st_fullerton,UC Irvine,24,"Kapinga, Melodie",False,3,0,0,,0,0,,0,0,,0,0,0,1,0,0,1,0,0
2022-02-24_uc_irvine_cal_st_fullerton,UC Irvine,TM,TEAM,False,0,0,0,,0,0,,0,0,,3,2,5,0,0,0,0,0,0
2022-02-24_uc_san_diego_long_beach_st,Long Beach St.,10,"King, Justina",True,39,5,15,0.333,1,6,0.167,2,2,1.0,0,0,0,1,6,4,0,1,13
2022-02-24_uc_san_diego_long_beach_st,Long Beach St.,11,"Hardy, Jasmine",True,32,5,11,0.455,2,7,0.286,1,1,1.0,1,2,3,2,0,0,0,1,13
2022-02-24_uc_san_diego_long_beach_st,Long Beach St.,01,"Utti, Maddi",True,38,4,13,0.308,0,1,0.0,2,2,1.0,2,8,10,1,4,1,1,3,10
2022-02-24_uc_san_diego_long_beach_st,Long Beach St.,25,"Hamilton-Fisher, Kianna",True,29,4,10,0.4,1,2,0.5,0,0,,2,2,4,3,3,2,0,1,9
2022-02-24_uc_san_diego_long_beach_st,Long Beach St.,00,"Berry, Ma'Qhi",True,14,0,5,0.0,0,3,0.0,0,0,,1,2,3,0,2,1,0,2,0
2022-02-24_uc_san_diego_long_beach_st,Long Beach St.,02,"Tucker, Savannah",False,25,4,11,0.364,3,7,0.429,0,0,,2,2,4,0,0,3,0,0,11
2022-02-24_uc_san_diego_long_beach_st,Long Beach St.,23,"Green, Lauren",False,15,1,1,1.0,0,0,,0,0,,0,2,2,2,1,0,0,1,2
2022-02-24_uc_san_diego_long_beach_st,Long Beach St.,05,"Sullivan, Emily",False,5,1,2,0.5,0,1,0.0,0,0,,0,0,0,1,0,0,0,0,2
2022-02-24_uc_san_diego_long_beach_st,Long Beach St.,12,"Jeskeova, Kristyna",False,3,0,0,,0,0,,0,0,,1,0,1,1,0,0,1,0,0
2022-02-24_uc_san_diego_long_beach_st,Long Beach St.,TM,TEAM,False,0,0,0,,0,0,,0,0,,8,6,14,0,0,1,0,0,0
2022-02-24_uc_san_diego_long_beach_st,UC San Diego,11,"Brown, Aishah",True,28,4,9,0.444,0,0,,4,5,0.8,7,6,13,2,1,1,3,0,12
2022-02-24_uc_san_diego_long_beach_st,UC San Diego,12,"Baxter, Madison",True,20,4,5,0.8,4,5,0.8,0,0,,0,3,3,2,3,1,0,0,12
2022-02-24_uc_san_diego_long_beach_st,UC San Diego,13,"Brown, Sydney",True,20,4,8,0.5,2,4,0.5,2,2,1.0,1,4,5,3,0,1,0,1,12
2022-02-24_uc_san_diego_long_beach_st,UC San Diego,04,"Cangelosi, Emily",True,39,4,10,0.4,1,5,0.2,0,0,,3,3,6,2,2,2,0,1,9
2022-02-24_uc_san_diego_long_beach_st,UC San Diego,10,"Macabuhay, Julia",True,19,1,8,0.125,0,1,0.0,2,2,1.0,0,2,2,3,2,5,1,0,4
2022-02-24_uc_san_diego_long_beach_st,UC San Diego,32,"Montgomery, Parker",False,28,2,11,0.182,2,7,0.286,1,2,0.5,1,5,6,0,1,1,0,3,7
2022-02-24_uc_san_diego_long_beach_st,UC San Diego,24,"Mullings, Bridget",False,9,1,1,1.0,0,0,,1,2,0.5,2,3,5,1,0,0,1,0,3
2022-02-24_uc_san_diego_long_beach_st,UC San Diego,15,"Claros, Brianna",False,25,0,4,0.0,0,3,0.0,0,0,,0,0,0,1,5,4,0,0,0
2022-02-24_uc_san_diego_long_beach_st,UC San Diego,20,"Forsyth, Izzy",False,12,0,1,0.0,0,1,0.0,0,0,,0,1,1,0,2,2,0,0,0
2022-02-24_uc_san_diego_long_beach_st,UC San Diego,TM,TEAM,False,0,0,0,,0,0,,0,0,,1,0,1,0,0,0,0,0,0
2022-02-24_uc_santa_barbara_uc_riverside,UC Riverside,03,"West, Olivia",True,38,5,10,0.5,3,6,0.5,4,4,1.0,0,3,3,1,2,1,0,1,17
2022-02-24_uc_santa_barbara_uc_riverside,UC Riverside,10,"Cooper, Keilanei",True,32,5,13,0.385,2,5,0.4,2,2,1.0,0,3,3,2,1,1,0,0,14
2022-02-24_uc_santa_barbara_uc_riverside,UC Riverside,15,"Blount, Anna",True,21,1,4,0.25,0,0,,4,4,1.0,3,1,4,3,0,0,0,0,6
2022-02-24_uc_santa_barbara_uc_riverside,UC Riverside,04,"Holland, Jada",True,33,2,11,0.182,1,2,0.5,0,4,0.0,0,4,4,1,5,0,0,2,5
2022-02-24_uc_santa_barbara_uc_riverside,UC Riverside,14,"Finau, Mele",True,26,1,2,0.5,0,0,,0,0,,0,4,4,2,1,3,0,0,2
2022-02-24_uc_santa_barbara_uc_riverside,UC Riverside,32,"Webster, Jordan",False,21,3,7,0.429,3,4,0.75,1,2,0.5,2,1,3,1,1,1,0,0,10
2022-02-24_uc_santa_barbara_uc_riverside,UC Riverside,02,"Walters, Ryanne",False,10,2,6,0.333,0,1,0.0,0,0,,0,1,1,1,0,0,0,2,4
2022-02-24_uc_santa_barbara_uc_riverside,UC Riverside,11,"Matarranz, Esther",False,19,1,5,0.2,0,0,,0,0,,2,7,9,2,1,1,0,0,2
2022-02-24_uc_santa_barbara_uc_riverside,UC Riverside,TM,TEAM,False,0,0,0,,0,0,,0,0,,3,3,6,0,0,0,0,0,0
2022-02-24_uc_santa_barbara_uc_riverside,UC Santa Barbara,31,"Lane, Ila",True,40,7,11,0.636,0,0,,3,3,1.0,2,13,15,3,1,2,1,1,17
2022-02-24_uc_santa_barbara_uc_riverside,UC Santa Barbara,01,"Gonzalez, Johnni",True,26,3,5,0.6,2,2,1.0,2,2,1.0,1,1,2,3,4,2,0,0,10
2022-02-24_uc_santa_barbara_uc_riverside,UC Santa Barbara,00,"Miller, Danae",True,40,2,13,0.154,2,9,0.222,2,2,1.0,0,3,3,3,1,2,1,1,8
2022-02-24_uc_santa_barbara_uc_riverside,UC Santa Barbara,02,"Tucker, Alexis",True,33,3,9,0.333,1,5,0.2,0,0,,1,6,7,2,2,1,0,0,7
2022-02-24_uc_santa_barbara_uc_riverside,UC Santa Barbara,30,"Anderson, Megan",True,27,1,3,0.333,1,2,0.5,3,3,1.0,1,3,4,2,4,1,0,0,6
2022-02-24_uc_santa_barbara_uc_riverside,UC Santa Barbara,12,"Mole, Taylor",False,8,1,3,0.333,1,2,0.5,0,0,,0,0,0,0,0,0,0,0,3
2022-02-24_uc_santa_barbara_uc_riverside,UC Santa Barbara,10,"Choice, Anya",False,13,0,3,0.0,0,3,0.0,0,0,,0,2,2,1,1,2,0,0,0
2022-02-24_uc_santa_barbara_uc_riverside,UC Santa Barbara,03,"Marin, Alyssa",False,11,0,3,0.0,0,1,0.0,0,0,,0,1,1,1,0,3,0,0,0
2022-02-24_uc_santa_barbara_uc_riverside,UC Santa Barbara,21,"Johnson, Kennedy",False,2,0,0,,0,0,,0,0,,0,0,0,1,0,0,0,0,0
2022-02-24_uc_santa_barbara_uc_riverside,UC Santa Barbara,TM,TEAM,False,0,0,0,,0,0,,0,0,,0,2,2,0,0,1,0,0,0
2022-02-26_uc_santa_barbara_uc_davis,UC Davis,15,Evanne Turner,True,38,8,17,0.471,3,9,0.333,3,3,1.0,0,1,1,2,2,0,0,2,22
2022-02-26_uc_santa_barbara_uc_davis,UC Davis,32,Cierra Hall,True,40,7,16,0.438,0,6,0.0,3,6,0.5,6,6,12,4,5,6,1,0,17
2022-02-26_uc_santa_barbara_uc_davis,UC Davis,23,Kayla Konrad,True,28,4,7,0.571,0,1,0.0,3,6,0.5,3,2,5,5,4,0,0,1,11
2022-02-26_uc_santa_barbara_uc_davis,UC Davis,11,Sage Stobbart,True,21,3,9,0.333,0,2,0.0,0,2,0.0,2,3,5,1,0,1,1,2,6
2022-02-26_uc_santa_barbara_uc_davis,UC Davis,13,Sydney Burns,True,30,0,1,0.0,0,1,0.0,2,4,0.5,0,1,1,2,3,6,0,0,2
2022-02-26_uc_santa_barbara_uc_davis,UC Davis,33,Mazatlan Harris,False,26,1,2,0.5,0,1,0.0,0,0,,1,7,8,2,2,0,0,0,2
2022-02-26_uc_santa_barbara_uc_davis,UC Davis,10,Lena Svanholm,False,9,1,7,0.143,0,1,0.0,0,0,,2,1,3,0,0,0,0,0,2
2022-02-26_uc_santa_barbara_uc_davis,UC Davis,20,Makaila Sanders,False,4,0,0,,0,0,,0,0,,0,1,1,1,0,0,0,0,0
2022-02-26_uc_santa_barbara_uc_davis,UC Davis,24,Marley Langi,False,4,0,0,,0,0,,0,0,,0,0,0,1,0,0,0,1,0
2022-02-26_uc_santa_barbara_uc_davis,UC Davis,02,Megan Jones,False,0,0,0,,0,0,,0,0,,0,0,0,0,0,0,0,0,0
2022-02-26_uc_santa_barbara_uc_davis,UC Davis,TM,TEAM,False,0,0,0,,0,0,,0,0,,1,4,5,0,0,0,0,0,0
2022-02-26_uc_santa_barbara_uc_davis,UC Santa Barbara,00,"Miller, Danae",True,40,10,22,0.455,6,10,0.6,9,12,0.75,0,3,3,3,2,1,0,1,35
2022-02-26_uc_santa_barbara_uc_davis,UC Santa Barbara,31,"Lane, Ila",True,22,5,7,0.714,0,0,,0,1,0.0,2,8,10,3,0,3,0,1,10
2022-02-26_uc_santa_barbara_uc_davis,UC Santa Barbara,02,"Tucker, Alexis",True,34,2,7,0.286,0,2,0.0,4,4,1.0,0,2,2,4,0,2,0,0,8
2022-02-26_uc_santa_barbara_uc_davis,UC Santa Barbara,01,"Gonzalez, Johnni",True,30,3,9,0.333,2,6,0.333,0,0,,1,3,4,4,6,6,0,1,8
2022-02-26_uc_santa_barbara_uc_davis,UC Santa Barbara,30,"Anderson, Megan",True,31,0,3,0.0,0,3,0.0,0,0,,2,3,5,2,0,0,0,0,0
2022-02-26_uc_santa_barbara_uc_davis,UC Santa Barbara,11,"Lee, Lauren",False,18,0,1,0.0,0,0,,2,2,1.0,1,3,4,4,2,0,0,0,2
2022-02-26_uc_santa_barbara_uc_davis,UC Santa Barbara,13,"Modawar, Tatyana",False,4,0,0,,0,0,,2,2,1.0,1,1,2,0,0,0,1,0,2
2022-02-26_uc_santa_barbara_uc_davis,UC Santa Barbara,10,"Choice, Anya",False,19,0,3,0.0,0,1,0.0,0,0,,0,1,1,2,1,1,0,0,0
2022-02-26_uc_santa_barbara_uc_davis,UC Santa Barbara,20,"Rockwood, Laurel",False,2,0,0,,0,0,,0,0,,0,0,0,1,0,0,0,0,0
2022-02-26_uc_santa_barbara_uc_davis,UC Santa Barbara,TM,TEAM,False,0,0,0,,0,0,,0,0,,2,0,2,0,0,1,0,0,0
2022-02-26_cal_poly_hawaii,Hawaii,15,"Phillips, Daejah",True,30,9,10,0.9,1,1,1.0,3,3,1.0,4,3,7,1,2,4,1,2,22
2022-02-26_cal_poly_hawaii,Hawaii,11,"Spiller, Kallin",True,22,6,12,0.5,1,3,0.333,0,0,,3,3,6,2,3,0,1,0,13
2022-02-26_cal_poly_hawaii,Hawaii,25,"Atwell, Amy",True,21,4,9,0.444,2,6,0.333,3,3,1.0,0,3,3,2,1,1,0,1,13
2022-02-26_cal_poly_hawaii,Hawaii,1,"Imai, Kelsie",True,36,4,10,0.4,0,3,0.0,1,2,0.5,1,2,3,4,6,3,0,2,9
2022-02-26_cal_poly_hawaii,Hawaii,2,"Thoms, Ashley",True,28,2,5,0.4,1,3,0.333,0,0,,1,0,1,0,0,2,0,1,5
2022-02-26_cal_poly_hawaii,Hawaii,23,"McBee, Meilani",False,24,2,6,0.333,2,5,0.4,0,0,,0,2,2,0,1,1,1,2,6
2022-02-26_cal_poly_hawaii,Hawaii,34,"David, Jacque",False,14,1,3,0.333,1,3,0.333,0,0,,0,3,3,1,1,1,1,0,3
2022-02-26_cal_poly_hawaii,Hawaii,14,"Orji, Nnenna",False,18,1,4,0.25,0,0,,0,0,,1,2,3,2,2,3,2,0,2
2022-02-26_cal_poly_hawaii,Hawaii,32,"Ongoongotau, Eva",False,5,0,2,0.0,0,1,0.0,0,0,,0,1,1,0,0,2,0,0,0
2022-02-26_cal_poly_hawaii,Hawaii,13,"Birdsong, Hallie",False,2,0,0,,0,0,,0,0,,0,0,0,0,0,0,0,0,0
2022-02-26_cal_poly_hawaii,Hawaii,TM,TEAM,False,0,0,0,,0,0,,0,0,,1,4,5,0,0,0,0,0,0
2022-02-26_cal_poly_hawaii,Cal Poly,13,"Vick, Maddie",True,39,6,14,0.429,0,4,0.0,2,2,1.0,2,5,7,1,2,4,0,1,14
2022-02-26_cal_poly_hawaii,Cal Poly,32,"Nielacna, Julia",True,26,2,8,0.25,1,1,1.0,6,6,1.0,0,3,3,3,1,6,0,0,11
2022-02-26_cal_poly_hawaii,Cal Poly,33,"Willett, Maddie",True,32,3,10,0.3,2,7,0.286,0,0,,0,2,2,0,1,3,0,3,8
2022-02-26_cal_poly_hawaii,Cal Poly,14,"Scanlan, Hannah",True,15,1,6,0.167,0,0,,1,2,0.5,2,1,3,2,0,1,1,1,3
2022-02-26_cal_poly_hawaii,Cal Poly,25,"Brown, Kirsty",True,0,0,0,,0,0,,0,0,,0,0,0,0,0,0,0,0,0
2022-02-26_cal_poly_hawaii,Cal Poly,1,"Dumitrescu, Sarah",False,26,4,7,0.571,0,0,,1,2,0.5,3,3,6,2,0,2,0,0,9
2022-02-26_cal_poly_hawaii,Cal Poly,15,"Bourland, Sydney",False,20,1,9,0.111,0,2,0.0,0,0,,7,2,9,2,1,0,0,1,2
2022-02-26_cal_poly_hawaii,Cal Poly,11,"Dickson, Junie",False,3,1,2,0.5,0,0,,0,0,,0,0,0,0,0,1,0,1,2
2022-02-26_cal_poly_hawaii,Cal Poly,5,"Anousinh, Jazzy",False,27,0,1,0.0,0,1,0.0,0,0,,2,4,6,3,1,2,0,1,0
2022-02-26_cal_poly_hawaii,Cal Poly,22,"Bergstrom, Faith",False,7,0,0,,0,0,,0,0,,0,0,0,0,0,1,0,0,0
2022-02-26_cal_poly_hawaii,Cal Poly,2,"Shah, Annika",False,5,0,1,0.0,0,1,0.0,0,0,,0,0,0,1,0,0,0,2,0
2022-02-26_cal_poly_hawaii,Cal Poly,TM,TEAM,False,0,0,0,,0,0,,0,0,,2,2,4,0,0,0,0,0,0
2022-02-26_long_beach_st_uc_irvine,UC Irvine,4,"Williams, Kayla",True,33,7,11,0.636,3,4,0.75,1,1,1.0,2,6,8,1,2,8,1,3,18
2022-02-26_long_beach_st_uc_irvine,UC Irvine,42,"Hunt, Naomi",True,19,5,11,0.455,3,6,0.5,0,0,,1,4,5,3,0,4,0,0,13
2022-02-26_long_beach_st_uc_irvine,UC Irvine,3,"Tom, Nikki",True,26,1,2,0.5,0,0,,1,1,1.0,4,1,5,0,2,2,0,1,3
2022-02-26_long_beach_st_uc_irvine,UC Irvine,10,"Cadee, Jayde",True,11,0,3,0.0,0,3,0.0,3,3,1.0,0,1,1,1,0,1,0,0,3
2022-02-26_long_beach_st_uc_irvine,UC Irvine,35,"Locandro, Sophia",True,18,1,6,0.167,0,0,,0,0,,2,3,5,3,1,0,1,0,2
2022-02-26_long_beach_st_uc_irvine,UC Irvine,2,"Webb, Chloe",False,20,5,9,0.556,0,0,,0,0,,2,5,7,4,2,0,0,3,10
2022-02-26_long_beach_st_uc_irvine,UC Irvine,45,"Dusharm, Tara",False,18,2,3,0.667,0,0,,1,2,0.5,1,1,2,1,1,2,0,0,5
2022-02-26_long_beach_st_uc_irvine,UC Irvine,13,"Lee, Déja",False,12,2,4,0.5,0,1,0.0,0,0,,2,0,2,1,2,2,0,1,4
2022-02-26_long_beach_st_uc_irvine,UC Irvine,33,"Kaupu, Caiyle",False,4,2,2,1.0,0,0,,0,0,,0,0,0,1,0,1,0,0,4
2022-02-26_long_beach_st_uc_irvine,UC Irvine,21,"Williams, Olivia",False,17,0,4,0.0,0,2,0.0,2,2,1.0,0,5,5,1,1,2,1,2,2
2022-02-26_long_beach_st_uc_irvine,UC Irvine,20,"Hernandez, Hunter",False,13,1,3,0.333,0,1,0.0,0,0,,2,3,5,2,0,0,0,2,2
2022-02-26_long_beach_st_uc_irvine,UC Irvine,11,"Scharpf, Amelia",False,7,0,3,0.0,0,1,0.0,2,2,1.0,0,0,0,1,0,0,1,0,2
2022-02-26_long_beach_st_uc_irvine,UC Irvine,1,"Ross, Tarryn",False,2,0,0,,0,0,,2,2,1.0,0,1,1,0,0,0,0,0,2
2022-02-26_long_beach_st_uc_irvine,UC Irvine,TM,TEAM,False,0,0,0,,0,0,,0,0,,1,2,3,0,0,2,0,0,0
2022-02-26_long_beach_st_uc_irvine,Long Beach St.,10,"King, Justina",True,33,1,9,0.111,0,3,0.0,4,4,1.0,2,2,4,0,4,5,0,5,6
2022-02-26_long_beach_st_uc_irvine,Long Beach St.,11,"Hardy, Jasmine",True,29,2,10,0.2,1,4,0.25,0,0,,1,0,1,3,0,2,0,1,5
2022-02-26_long_beach_st_uc_irvine,Long Beach St.,1,"Utti, Maddi",True,33,2,8,0.25,0,1,0.0,0,0,,0,8,8,1,3,2,1,2,4
2022-02-26_long_beach_st_uc_irvine,Long Beach St.,00,"Berry, Ma'qhi",True,16,1,3,0.333,0,0,,0,2,0.0,0,3,3,0,0,2,0,2,2
2022-02-26_long_beach_st_uc_irvine,Long Beach St.,5,"Sullivan, Emily",True,8,0,4,0.0,0,1,0.0,0,0,,0,0,0,0,0,0,0,0,0
2022-02-26_long_beach_st_uc_irvine,Long Beach St.,3,"Chung, Patricia",False,14,4,8,0.5,0,2,0.0,3,4,0.75,1,0,1,0,0,1,0,0,11
2022-02-26_long_beach_st_uc_irvine,Long Beach St.,2,"Tucker, Savannah",False,16,4,7,0.571,0,0,,0,1,0.0,2,0,2,3,0,2,0,2,8
2022-02-26_long_beach_st_uc_irvine,Long Beach St.,12,"Jeskeova, Kristyna",False,19,1,2,0.5,0,1,0.0,3,4,0.75,0,3,3,3,2,1,0,1,5
2022-02-26_long_beach_st_uc_irvine,Long Beach St.,23,"Green, Lauren",False,10,2,3,0.667,0,0,,0,0,,0,0,0,1,0,0,0,1,4
2022-02-26_long_beach_st_uc_irvine,Long Beach St.,25,"Hamilton-fisher, Kianna",False,19,1,1,1.0,0,0,,0,0,,0,0,0,2,0,3,0,1,2
2022-02-26_long_beach_st_uc_irvine,Long Beach St.,32,"Mikkelsen, Thea",False,3,0,1,0.0,0,0,,0,0,,1,0,1,1,0,0,0,0,0
2022-02-26_long_beach_st_uc_irvine,Long Beach St.,TM,TEAM,False,0,0,0,,0,0,,0,0,,1,1,2,0,0,0,0,0,0
2022-02-26_cal_st_fullerton_uc_san_diego,UC San Diego,13,Sydney Brown,True,34,7,17,0.412,1,5,0.2,2,4,0.5,4,4,8,3,2,3,0,0,17
2022-02-26_cal_st_fullerton_uc_san_diego,UC San Diego,11,Aishah Brown,True,13,2,4,0.5,0,2,0.0,4,4,1.0,0,1,1,2,0,1,0,1,8
2022-02-26_cal_st_fullerton_uc_san_diego,UC San Diego,04,Emily Cangelosi,True,22,2,5,0.4,0,1,0.0,2,3,0.667,5,7,12,4,4,1,0,0,6
2022-02-26_cal_st_fullerton_uc_san_diego,UC San Diego,15,Brianna Claros,True,29,2,5,0.4,0,2,0.0,0,0,,0,0,0,0,2,2,0,0,4
2022-02-26_cal_st_fullerton_uc_san_diego,UC San Diego,12,Madison Baxter,True,25,1,5,0.2,1,3,0.333,0,0,,0,1,1,3,2,0,0,1,3
2022-02-26_cal_st_fullerton_uc_san_diego,UC San Diego,10,Julia Macabuhay,False,19,8,13,0.615,2,5,0.4,8,8,1.0,0,1,1,1,0,2,0,0,26
2022-02-26_cal_st_fullerton_uc_san_diego,UC San Diego,20,Izzy Forsyth,False,14,3,4,0.75,0,0,,1,4,0.25,1,0,1,2,0,2,0,1,7
2022-02-26_cal_st_fullerton_uc_san_diego,UC San Diego,32,Parker Montgomery,False,30,2,6,0.333,2,4,0.5,0,0,,0,3,3,3,2,1,0,2,6
2022-02-26_cal_st_fullerton_uc_san_diego,UC San Diego,24,Bridget Mullings,False,11,0,1,0.0,0,0,,1,2,0.5,0,0,0,3,1,0,0,1,1
2022-02-26_cal_st_fullerton_uc_san_diego,UC San Diego,23,Courtni Thompson,False,3,0,0,,0,0,,0,0,,0,1,1,0,0,1,0,0,0
2022-02-26_cal_st_fullerton_uc_san_diego,UC San Diego,TM,TEAM,False,0,0,0,,0,0,,0,0,,5,3,8,0,0,0,0,0,0
2022-02-26_cal_st_fullerton_uc_san_diego,Cal St. Fullerton,03,"Wahinekapu, Lily",True,34,5,15,0.333,0,6,0.0,6,8,0.75,3,2,5,1,2,4,1,4,16
2022-02-26_cal_st_fullerton_uc_san_diego,Cal St. Fullerton,23,"Gill, Carolyn",True,18,5,9,0.556,2,3,0.667,3,4,0.75,0,3,3,4,3,2,0,0,15
2022-02-26_cal_st_fullerton_uc_san_diego,Cal St. Fullerton,05,"Rodarte, Clarissa",True,14,3,3,1.0,0,0,,0,0,,0,0,0,5,1,0,0,1,6
2022-02-26_cal_st_fullerton_uc_san_diego,Cal St. Fullerton,04,"Vidmar, Gabi",True,27,0,1,0.0,0,1,0.0,2,2,1.0,1,2,3,5,1,0,0,1,2
2022-02-26_cal_st_fullerton_uc_san_diego,Cal St. Fullerton,15,"Mensah, Janette",True,2,0,0,,0,0,,0,0,,0,0,0,0,1,0,0,0,0
2022-02-26_cal_st_fullerton_uc_san_diego,Cal St. Fullerton,32,"Lewis, Ashlee",False,34,7,10,0.7,0,0,,7,10,0.7,1,7,8,2,2,5,4,0,21
2022-02-26_cal_st_fullerton_uc_san_diego,Cal St. Fullerton,01,"Jovanovic, Una",False,34,3,9,0.333,0,3,0.0,0,1,0.0,2,4,6,2,1,1,1,0,6
2022-02-26_cal_st_fullerton_uc_san_diego,Cal St. Fullerton,13,"Hernandez, Aixchel",False,4,2,2,1.0,0,0,,0,0,,0,1,1,1,0,1,1,0,4
2022-02-26_cal_st_fullerton_uc_san_diego,Cal St. Fullerton,54,"Furch, Brianna",False,20,0,3,0.0,0,3,0.0,2,2,1.0,1,1,2,4,3,1,0,0,2
2022-02-26_cal_st_fullerton_uc_san_diego,Cal St. Fullerton,24,"Neff, Kathryn",False,13,0,1,0.0,0,1,0.0,0,0,,0,0,0,0,0,0,0,0,0
2022-02-26_cal_st_fullerton_uc_san_diego,Cal St. Fullerton,TM,TEAM,False,0,0,0,,0,0,,0,0,,2,1,3,0,0,1,0,0,0
2022-02-26_csun_uc_riverside,UC Riverside,3,"West, Olivia",True,38,3,7,0.429,3,6,0.5,4,4,1.0,0,1,1,1,0,1,0,0,13
2022-02-26_csun_uc_riverside,UC Riverside,15,"Blount, Anna",True,16,5,7,0.714,0,0,,1,2,0.5,2,3,5,4,0,0,0,0,11
2022-02-26_csun_uc_riverside,UC Riverside,4,"Holland, Jada",True,36,2,8,0.25,0,0,,5,6,0.833,0,4,4,3,4,1,1,3,9
2022-02-26_csun_uc_riverside,UC Riverside,10,"Cooper, Keilanei",True,25,3,10,0.3,1,4,0.25,2,2,1.0,0,2,2,3,1,0,0,0,9
2022-02-26_csun_uc_riverside,UC Riverside,14,"Finau, Mele",True,35,3,6,0.5,0,2,0.0,2,2,1.0,0,3,3,1,1,3,0,0,8
2022-02-26_csun_uc_riverside,UC Riverside,32,"Webster, Jordan",False,23,3,7,0.429,2,5,0.4,6,6,1.0,0,6,6,1,0,2,0,0,14
2022-02-26_csun_uc_riverside,UC Riverside,11,"Matarranz, Esther",False,16,3,5,0.6,0,0,,2,3,0.667,4,3,7,1,0,1,0,0,8
2022-02-26_csun_uc_riverside,UC Riverside,2,"Walters, Ryanne",False,11,0,1,0.0,0,0,,0,0,,0,1,1,1,2,1,0,1,0
2022-02-26_csun_uc_riverside,UC Riverside,TM,TEAM,False,0,0,0,,0,0,,0,0,,1,3,4,0,0,0,0,0,0
2022-02-26_csun_uc_riverside,CSUN,15,"Amundsen, Tess",True,29,5,12,0.417,0,2,0.0,4,4,1.0,0,5,5,1,2,2,0,0,14
2022-02-26_csun_uc_riverside,CSUN,1,"Jackson, Jordyn",True,34,3,9,0.333,0,3,0.0,2,4,0.5,3,2,5,3,3,1,0,2,8
2022-02-26_csun_uc_riverside,CSUN,34,"Spriggs, Kayanna",True,24,3,3,1.0,0,0,,2,2,1.0,1,4,5,2,0,2,0,0,8
2022-02-26_csun_uc_riverside,CSUN,12,"Henderson, Meghann",True,32,3,10,0.3,0,4,0.0,0,1,0.0,0,4,4,5,1,3,0,1,6
2022-02-26_csun_uc_riverside,CSUN,21,"Tu'ua, Anaiyah",True,21,1,3,0.333,1,2,0.5,1,2,0.5,0,2,2,2,3,1,0,2,4
2022-02-26_csun_uc_riverside,CSUN,5,"Duchemin, Michelle",False,19,4,7,0.571,0,0,,0,1,0.0,1,2,3,5,1,0,1,1,8
2022-02-26_csun_uc_riverside,CSUN,24,"Smith, Macy",False,16,3,4,0.75,1,1,1.0,0,0,,0,1,1,2,0,1,0,0,7
2022-02-26_csun_uc_riverside,CSUN,32,"Hawkins, Ashley",False,14,1,2,0.5,0,0,,0,0,,0,0,0,0,0,2,0,0,2
2022-02-26_csun_uc_riverside,CSUN,11,"Smith, Olivia",False,3,0,0,,0,0,,2,2,1.0,0,0,0,0,0,1,0,0,2
2022-02-26_csun_uc_riverside,CSUN,4,"Harvey, Rachel",False,8,0,2,0.0,0,1,0.0,0,0,,0,1,1,3,0,0,0,1,0
2022-02-26_csun_uc_riverside,CSUN,TM,TEAM,False,0,0,0,,0,0,,0,0,,1,2,3,0,0,2,0,0,0
2022-03-01_csun_uc_santa_barbara,UC Santa Barbara,2,Alexis Tucker,True,27,6,15,0.4,0,1,0.0,11,16,0.688,3,2,5,2,0,2,0,2,23
2022-03-01_csun_uc_santa_barbara,UC Santa Barbara,00,Danae Miller,True,38,5,13,0.385,3,6,0.5,2,2,1.0,0,1,1,2,0,1,0,3,15
2022-03-01_csun_uc_santa_barbara,UC Santa Barbara,31,Ila Lane,True,35,7,8,0.875,0,0,,0,0,,5,6,11,3,1,5,0,2,14
2022-03-01_csun_uc_santa_barbara,UC Santa Barbara,30,Megan Anderson,True,20,1,4,0.25,1,4,0.25,0,0,,0,1,1,0,2,1,0,0,3
2022-03-01_csun_uc_santa_barbara,UC Santa Barbara,1,Johnni Gonzalez,True,20,0,2,0.0,0,0,,0,0,,0,7,7,0,4,5,0,0,0
2022-03-01_csun_uc_santa_barbara,UC Santa Barbara,21,Kennedy Johnson,False,17,1,3,0.333,0,0,,2,4,0.5,4,4,8,0,1,0,1,0,4
2022-03-01_csun_uc_santa_barbara,UC Santa Barbara,10,Anya Choice,False,20,1,2,0.5,0,0,,0,2,0.0,0,3,3,1,2,3,0,0,2
2022-03-01_csun_uc_santa_barbara,UC Santa Barbara,11,Lauren Lee,False,14,1,1,1.0,0,0,,0,0,,1,2,3,1,0,2,0,0,2
2022-03-01_csun_uc_santa_barbara,UC Santa Barbara,13,Tatyana Modawar,False,4,0,0,,0,0,,0,0,,0,1,1,1,0,0,0,0,0
2022-03-01_csun_uc_santa_barbara,UC Santa Barbara,12,Taylor Mole,False,3,0,1,0.0,0,0,,0,0,,0,1,1,1,1,1,0,0,0
2022-03-01_csun_uc_santa_barbara,UC Santa Barbara,3,Alyssa Marin,False,2,0,0,,0,0,,0,0,,0,0,0,0,0,0,0,0,0
2022-03-01_csun_uc_santa_barbara,UC Santa Barbara,TM,TEAM,False,0,0,0,,0,0,,0,0,,1,1,2,0,0,0,0,0,0
2022-03-01_csun_uc_santa_barbara,CSUN,15,"Amundsen, Tess",True,37,8,15,0.533,2,5,0.4,2,2,1.0,2,5,7,3,0,4,0,3,20
2022-03-01_csun_uc_santa_barbara,CSUN,1,"Jackson, Jordyn",True,36,8,12,0.667,1,1,1.0,2,2,1.0,0,1,1,2,4,1,0,2,19
2022-03-01_csun_uc_santa_barbara,CSUN,21,"Tu'ua, Anaiyah",True,29,4,6,0.667,2,3,0.667,0,0,,0,1,1,2,1,1,0,0,10
2022-03-01_csun_uc_santa_barbara,CSUN,12,"Henderson, Meghann",True,32,0,3,0.0,0,2,0.0,0,0,,0,1,1,3,2,1,0,2,0
2022-03-01_csun_uc_santa_barbara,CSUN,34,"Spriggs, Kayanna",True,8,0,3,0.0,0,0,,0,0,,0,1,1,5,1,2,0,0,0
2022-03-01_csun_uc_santa_barbara,CSUN,5,"Duchemin, Michelle",False,22,1,8,0.125,0,0,,0,0,,1,4,5,2,0,2,0,1,2
2022-03-01_csun_uc_santa_barbara,CSUN,24,"Smith, Macy",False,15,0,5,0.0,0,4,0.0,0,0,,0,2,2,0,1,1,0,1,0
2022-03-01_csun_uc_santa_barbara,CSUN,4,"Harvey, Rachel",False,10,0,0,,0,0,,0,0,,0,0,0,4,0,1,0,0,0
2022-03-01_csun_uc_santa_barbara,CSUN,32,"Hawkins, Ashley",False,10,0,1,0.0,0,1,0.0,0,0,,0,1,1,1,0,0,0,0,0
2022-03-01_csun_uc_santa_barbara,CSUN,11,"Smith, Olivia",False,1,0,0,,0,0,,0,0,,0,0,0,0,0,0,0,0,0
2022-03-01_csun_uc_santa_barbara,CSUN,TM,TEAM,False,0,0,0,,0,0,,0,0,,0,1,1,0,0,0,0,0,0
2022-03-03_uc_davis_long_beach_st,Long Beach St.,01,"Utti, Maddi",True,36,6,10,0.6,2,3,0.667,2,2,1.0,1,5,6,1,1,3,0,2,16
2022-03-03_uc_davis_long_beach_st,Long Beach St.,10,"King, Justina",True,31,3,10,0.3,1,2,0.5,6,6,1.0,0,1,1,3,4,1,0,3,13
2022-03-03_uc_davis_long_beach_st,Long Beach St.,00,"Berry, Ma'Qhi",True,26,2,6,0.333,0,0,,2,2,1.0,1,3,4,1,4,1,0,1,6
2022-03-03_uc_davis_long_beach_st,Long Beach St.,11,"Hardy, Jasmine",True,15,1,4,0.25,1,2,0.5,0,0,,1,0,1,3,0,2,0,0,3
2022-03-03_uc_davis_long_beach_st,Long Beach St.,23,"Green, Lauren",True,12,0,1,0.0,0,1,0.0,0,0,,1,1,2,1,0,1,0,1,0
2022-03-03_uc_davis_long_beach_st,Long Beach St.,25,"Hamilton-Fisher, Kianna",False,35,6,13,0.462,3,5,0.6,0,2,0.0,0,4,4,3,1,6,0,3,15
2022-03-03_uc_davis_long_beach_st,Long Beach St.,12,"Jeskeova, Kristyna",False,24,2,4,0.5,1,3,0.333,2,3,0.667,1,4,5,2,1,1,0,3,7
2022-03-03_uc_davis_long_beach_st,Long Beach St.,02,"Tucker, Savannah",False,18,2,4,0.5,0,1,0.0,1,1,1.0,0,2,2,1,1,0,1,2,5
2022-03-03_uc_davis_long_beach_st,Long Beach St.,03,"Chung, Patricia",False,3,0,1,0.0,0,0,,0,0,,0,0,0,1,0,0,0,0,0
2022-03-03_uc_davis_long_beach_st,Long Beach St.,TM,TEAM,False,0,0,0,,0,0,,0,0,,3,0,3,0,0,2,0,0,0
2022-03-03_uc_davis_long_beach_st,UC Davis,23,"Konrad, Kayla",True,33,7,12,0.583,1,4,0.25,0,1,0.0,2,6,8,2,2,2,0,1,15
2022-03-03_uc_davis_long_beach_st,UC Davis,13,"Burns, Sydney",True,30,4,4,1.0,2,2,1.0,2,2,1.0,0,3,3,3,6,9,0,0,12
2022-03-03_uc_davis_long_beach_st,UC Davis,15,"Turner, Evanne",True,32,4,11,0.364,3,9,0.333,0,1,0.0,0,2,2,4,2,2,0,1,11
2022-03-03_uc_davis_long_beach_st,UC Davis,32,"Hall, Cierra",True,35,3,12,0.25,2,6,0.333,1,2,0.5,3,5,8,4,5,5,0,3,9
2022-03-03_uc_davis_long_beach_st,UC Davis,11,"Stobbart, Sage",True,34,2,5,0.4,0,0,,2,4,0.5,2,5,7,1,3,3,1,4,6
2022-03-03_uc_davis_long_beach_st,UC Davis,33,"Harris, Mazatlan",False,17,1,2,0.5,1,2,0.5,2,2,1.0,2,1,3,0,0,0,0,0,5
2022-03-03_uc_davis_long_beach_st,UC Davis,10,"Svanholm, Lena",False,6,1,3,0.333,0,0,,0,0,,0,0,0,2,0,1,0,0,2
2022-03-03_uc_davis_long_beach_st,UC Davis,03,"Gray, Campbell",False,11,0,0,,0,0,,0,1,0.0,0,0,0,2,1,2,0,0,0
2022-03-03_uc_davis_long_beach_st,UC Davis,20,"Sanders, Makaila",False,2,0,0,,0,0,,0,0,,0,1,1,0,0,1,0,0,0
2022-03-03_uc_davis_long_beach_st,UC Davis,TM,TEAM,False,0,0,0,,0,0,,0,0,,1,2,3,0,0,1,0,0,0
2022-03-03_hawaii_csun,CSUN,15,"Amundsen, Tess",True,38,7,11,0.636,2,4,0.5,0,0,,1,6,7,1,2,4,0,0,16
2022-03-03_hawaii_csun,CSUN,01,"Jackson, Jordyn",True,36,4,11,0.364,0,4,0.0,6,6,1.0,1,4,5,1,4,3,0,0,14
2022-03-03_hawaii_csun,CSUN,34,"Spriggs, Kayanna",True,30,2,3,0.667,0,0,,0,0,,0,5,5,2,0,1,0,0,4
2022-03-03_hawaii_csun,CSUN,12,"Henderson, Meghann",True,24,1,6,0.167,1,6,0.167,0,0,,0,1,1,4,2,1,0,0,3
2022-03-03_hawaii_csun,CSUN,05,"Duchemin, Michelle",True,10,1,3,0.333,0,0,,0,0,,1,2,3,1,1,2,0,0,2
2022-03-03_hawaii_csun,CSUN,24,"Smith, Macy",False,24,6,12,0.5,4,8,0.5,4,6,0.667,1,3,4,2,0,1,0,1,20
2022-03-03_hawaii_csun,CSUN,32,"Hawkins, Ashley",False,12,1,2,0.5,0,1,0.0,1,1,1.0,1,0,1,0,0,1,0,0,3
2022-03-03_hawaii_csun,CSUN,04,"Harvey, Rachel",False,23,0,3,0.0,0,0,,0,0,,2,2,4,4,2,0,0,1,0
2022-03-03_hawaii_csun,CSUN,11,"Smith, Olivia",False,3,0,0,,0,0,,0,0,,0,0,0,0,0,0,0,0,0
2022-03-03_hawaii_csun,CSUN,TM,TEAM,False,0,0,0,,0,0,,0,0,,1,1,2,0,0,0,0,0,0
2022-03-03_hawaii_csun,Hawaii,25,"Atwell, Amy",True,37,7,17,0.412,7,14,0.5,5,5,1.0,1,4,5,1,1,0,0,1,26
2022-03-03_hawaii_csun,Hawaii,15,"Phillips, Daejah",True,34,6,11,0.545,1,2,0.5,6,6,1.0,2,5,7,2,5,0,1,1,19
2022-03-03_hawaii_csun,Hawaii,11,"Spiller, Kallin",True,14,3,6,0.5,1,2,0.5,1,2,0.5,3,2,5,1,0,0,2,0,8
2022-03-03_hawaii_csun,Hawaii,01,"Imai, Kelsie",True,33,2,9,0.222,1,6,0.167,2,2,1.0,2,1,3,2,4,2,2,1,7
2022-03-03_hawaii_csun,Hawaii,45,"Davies, Olivia",True,17,2,6,0.333,0,2,0.0,1,1,1.0,0,3,3,0,1,1,0,0,5
2022-03-03_hawaii_csun,Hawaii,14,"Orji, Nnenna",False,17,2,4,0.5,0,1,0.0,2,3,0.667,1,1,2,3,0,1,1,1,6
2022-03-03_hawaii_csun,Hawaii,02,"Thoms, Ashley",False,23,1,4,0.25,1,4,0.25,1,2,0.5,0,1,1,2,0,0,0,0,4
2022-03-03_hawaii_csun,Hawaii,23,"McBee, MeiLani",False,17,0,2,0.0,0,2,0.0,0,0,,1,1,2,0,3,1,0,1,0
2022-03-03_hawaii_csun,Hawaii,34,"David, Jacque",False,7,0,3,0.0,0,2,0.0,0,0,,0,0,0,1,0,1,0,1,0
2022-03-03_hawaii_csun,Hawaii,32,"Ongoongotau, Eva",False,1,0,0,,0,0,,0,0,,0,0,0,0,0,0,0,0,0
2022-03-03_hawaii_csun,Hawaii,TM,TEAM,False,0,0,0,,0,0,,0,0,,3,3,6,0,0,0,0,0,0
2022-03-03_uc_irvine_cal_poly,Cal Poly,32,"Nielacna, Julia",True,18,7,12,0.583,0,2,0.0,2,4,0.5,3,3,6,4,0,3,0,0,16
2022-03-03_uc_irvine_cal_poly,Cal Poly,13,"Vick, Maddie",True,33,4,9,0.444,0,0,,2,2,1.0,1,1,2,5,4,3,0,1,10
2022-03-03_uc_irvine_cal_poly,Cal Poly,33,"Willett, Maddie",True,28,1,7,0.143,1,5,0.2,0,0,,0,3,3,1,3,1,0,0,3
2022-03-03_uc_irvine_cal_poly,Cal Poly,15,"Bourland, Sydney",True,13,0,0,,0,0,,0,0,,0,2,2,2,0,0,0,0,0
2022-03-03_uc_irvine_cal_poly,Cal Poly,25,"Brown, Kirsty",True,0,0,0,,0,0,,0,0,,0,0,0,0,0,0,0,0,0
2022-03-03_uc_irvine_cal_poly,Cal Poly,11,"Dickson, Junie",False,22,5,8,0.625,3,4,0.75,0,0,,0,4,4,0,0,0,1,1,13
2022-03-03_uc_irvine_cal_poly,Cal Poly,14,"Scanlan, Hannah",False,24,6,7,0.857,0,0,,0,0,,0,3,3,2,3,1,2,0,12
2022-03-03_uc_irvine_cal_poly,Cal Poly,5,"Anousinh, Jazzy",False,38,2,4,0.5,0,0,,2,2,1.0,0,3,3,5,4,3,0,1,6
2022-03-03_uc_irvine_cal_poly,Cal Poly,1,"Dumitrescu, Sarah",False,16,1,2,0.5,0,0,,2,2,1.0,0,5,5,3,1,3,0,0,4
2022-03-03_uc_irvine_cal_poly,Cal Poly,24,"Stachowski, Zoe",False,6,1,3,0.333,0,0,,0,0,,0,1,1,1,0,0,0,0,2
2022-03-03_uc_irvine_cal_poly,Cal Poly,2,"Shah, Annika",False,2,0,0,,0,0,,0,0,,0,0,0,1,0,0,0,0,0
2022-03-03_uc_irvine_cal_poly,Cal Poly,TM,TEAM,False,0,0,0,,0,0,,0,0,,2,3,5,0,0,2,0,0,0
2022-03-03_uc_irvine_cal_poly,UC Irvine,4,"Williams, Kayla",True,36,8,17,0.471,3,9,0.333,7,12,0.583,2,2,4,2,3,6,0,2,26
2022-03-03_uc_irvine_cal_poly,UC Irvine,42,"Hunt, Naomi",True,27,4,16,0.25,2,9,0.222,3,4,0.75,0,4,4,2,0,0,1,1,13
2022-03-03_uc_irvine_cal_poly,UC Irvine,10,"Cadee, Jayde",True,29,2,6,0.333,2,6,0.333,0,0,,0,2,2,2,0,0,0,0,6
2022-03-03_uc_irvine_cal_poly,UC Irvine,3,"Tom, Nikki",True,33,1,6,0.167,1,5,0.2,0,0,,1,1,2,1,3,0,0,2,3
2022-03-03_uc_irvine_cal_poly,UC Irvine,35,"Locandro, Sophia",True,27,1,6,0.167,0,1,0.0,0,0,,3,2,5,4,1,1,0,0,2
2022-03-03_uc_irvine_cal_poly,UC Irvine,20,"Hernandez, Hunter",False,16,3,6,0.5,0,2,0.0,4,4,1.0,0,2,2,0,0,2,1,0,10
2022-03-03_uc_irvine_cal_poly,UC Irvine,33,"Kaupu, Caiyle",False,4,1,2,0.5,1,1,1.0,2,2,1.0,1,2,3,0,0,0,0,0,5
2022-03-03_uc_irvine_cal_poly,UC Irvine,21,"Williams, Olivia",False,16,0,3,0.0,0,1,0.0,2,2,1.0,3,1,4,0,1,0,0,1,2
2022-03-03_uc_irvine_cal_poly,UC Irvine,45,"Dusharm, Tara",False,6,0,0,,0,0,,0,0,,0,1,1,4,0,0,1,0,0
2022-03-03_uc_irvine_cal_poly,UC Irvine,13,"Lee, Déja",False,4,0,0,,0,0,,0,0,,0,0,0,1,0,1,0,1,0
2022-03-03_uc_irvine_cal_poly,UC Irvine,24,"Kapinga, Melodie",False,2,0,0,,0,0,,0,0,,0,1,1,0,0,0,0,0,0
2022-03-03_uc_irvine_cal_poly,UC Irvine,TM,TEAM,False,0,0,0,,0,0,,0,0,,5,1,6,0,0,0,0,0,0
2022-03-03_uc_san_diego_csu_bakersfield,CSU Bakersfield,03,"van Schaik, Hennie",True,10,2,4,0.5,1,1,1.0,0,0,,1,3,4,1,0,3,0,0,5
2022-03-03_uc_san_diego_csu_bakersfield,CSU Bakersfield,10,"Eggleston, Jayden",True,38,2,8,0.25,0,1,0.0,0,0,,1,4,5,2,3,3,2,1,4
2022-03-03_uc_san_diego_csu_bakersfield,CSU Bakersfield,00,"Johnson, Simone",True,14,1,3,0.333,0,2,0.0,0,0,,0,3,3,0,5,1,0,1,2
2022-03-03_uc_san_diego_csu_bakersfield,CSU Bakersfield,04,"Dixon, Jasmin",True,21,0,2,0.0,0,2,0.0,0,0,,1,1,2,1,2,1,2,1,0
2022-03-03_uc_san_diego_csu_bakersfield,CSU Bakersfield,24,"Bridges-Bey, Sage",True,4,0,2,0.0,0,1,0.0,0,0,,1,0,1,0,0,0,0,0,0
2022-03-03_uc_san_diego_csu_bakersfield,CSU Bakersfield,54,"Austin, Vanessa",False,31,6,13,0.462,0,0,,6,6,1.0,8,4,12,2,1,1,0,2,18
2022-03-03_uc_san_diego_csu_bakersfield,CSU Bakersfield,22,"Easley, Andie",False,41,4,14,0.286,3,9,0.333,6,6,1.0,0,4,4,1,2,3,0,1,17
2022-03-03_uc_san_diego_csu_bakersfield,CSU Bakersfield,23,"Saxon, Miracle",False,30,5,12,0.417,4,7,0.571,0,0,,1,6,7,4,1,3,1,2,14
2022-03-03_uc_san_diego_csu_bakersfield,CSU Bakersfield,01,"Clayburne, Tatyanna",False,29,3,9,0.333,3,6,0.5,0,0,,0,4,4,0,1,2,0,1,9
2022-03-03_uc_san_diego_csu_bakersfield,CSU Bakersfield,11,"Green, Lexus",False,5,0,0,,0,0,,0,0,,0,0,0,0,1,0,0,0,0
2022-03-03_uc_san_diego_csu_bakersfield,CSU Bakersfield,13,"Herrera, Solmilena",False,2,0,0,,0,0,,0,0,,0,0,0,2,0,1,0,0,0
2022-03-03_uc_san_diego_csu_bakersfield,CSU Bakersfield,TM,TEAM,False,0,0,0,,0,0,,0,0,,4,1,5,0,0,2,0,0,0
2022-03-03_uc_san_diego_csu_bakersfield,UC San Diego,10,"Macabuhay, Julia",True,25,9,17,0.529,1,2,0.5,0,0,,0,3,3,2,1,1,0,1,19
2022-03-03_uc_san_diego_csu_bakersfield,UC San Diego,13,"Brown, Sydney",True,41,3,13,0.231,1,5,0.2,5,5,1.0,5,5,10,1,3,3,1,1,12
2022-03-03_uc_san_diego_csu_bakersfield,UC San Diego,04,"Cangelosi, Emily",True,38,4,11,0.364,0,3,0.0,0,0,,2,2,4,1,2,2,0,1,8
2022-03-03_uc_san_diego_csu_bakersfield,UC San Diego,32,"Montgomery, Parker",True,30,1,9,0.111,0,4,0.0,2,5,0.4,0,2,2,0,2,0,0,2,4
2022-03-03_uc_san_diego_csu_bakersfield,UC San Diego,12,"Baxter, Madison",True,15,1,3,0.333,1,2,0.5,0,0,,0,2,2,3,1,0,1,1,3
2022-03-03_uc_san_diego_csu_bakersfield,UC San Diego,24,"Mullings, Bridget",False,33,5,8,0.625,2,3,0.667,0,0,,3,1,4,4,3,1,2,1,12
2022-03-03_uc_san_diego_csu_bakersfield,UC San Diego,02,"Chamberlin, Ula",False,9,3,3,1.0,1,1,1.0,1,2,0.5,0,1,1,0,1,1,0,1,8
2022-03-03_uc_san_diego_csu_bakersfield,UC San Diego,20,"Forsyth, Izzy",False,13,2,3,0.667,0,0,,1,1,1.0,0,3,3,1,0,2,0,0,5
2022-03-03_uc_san_diego_csu_bakersfield,UC San Diego,15,"Claros, Brianna",False,21,1,2,0.5,0,0,,0,0,,0,1,1,1,2,1,0,0,2
2022-03-03_uc_san_diego_csu_bakersfield,UC San Diego,TM,TEAM,False,0,0,0,,0,0,,0,0,,1,6,7,0,0,0,0,0,0
2022-03-03_uc_riverside_cal_st_fullerton,Cal St. Fullerton,32,"Lewis, Ashlee",True,25,6,18,0.333,0,0,,4,6,0.667,2,5,7,3,1,2,1,0,16
2022-03-03_uc_riverside_cal_st_fullerton,Cal St. Fullerton,3,"Wahinekapu, Lily",True,32,3,7,0.429,0,1,0.0,3,5,0.6,1,4,5,3,5,3,0,2,9
2022-03-03_uc_riverside_cal_st_fullerton,Cal St. Fullerton,23,"Gill, Carolyn",True,33,3,8,0.375,0,2,0.0,0,0,,2,10,12,2,1,3,1,0,6
2022-03-03_uc_riverside_cal_st_fullerton,Cal St. Fullerton,24,"Neff, Kathryn",True,18,1,4,0.25,0,3,0.0,0,0,,1,2,3,2,1,1,2,0,2
2022-03-03_uc_riverside_cal_st_fullerton,Cal St. Fullerton,4,"Vidmar, Gabi",True,32,0,6,0.0,0,5,0.0,0,0,,2,4,6,4,2,0,1,1,0
2022-03-03_uc_riverside_cal_st_fullerton,Cal St. Fullerton,13,"Hernandez, Aixchel",False,15,6,7,0.857,0,0,,0,0,,1,3,4,2,1,2,1,0,12
2022-03-03_uc_riverside_cal_st_fullerton,Cal St. Fullerton,1,"Jovanovic, Una",False,23,3,5,0.6,0,1,0.0,2,2,1.0,2,3,5,0,0,2,0,1,8
2022-03-03_uc_riverside_cal_st_fullerton,Cal St. Fullerton,54,"Furch, Brianna",False,22,1,6,0.167,0,3,0.0,4,4,1.0,2,0,2,0,3,3,0,1,6
2022-03-03_uc_riverside_cal_st_fullerton,Cal St. Fullerton,TM,TEAM,False,0,0,0,,0,0,,0,0,,2,2,4,0,0,0,0,0,0
2022-03-03_uc_riverside_cal_st_fullerton,UC Riverside,10,"Cooper, Keilanei",True,35,6,15,0.4,1,3,0.333,3,5,0.6,0,5,5,4,4,1,1,5,16
2022-03-03_uc_riverside_cal_st_fullerton,UC Riverside,3,"West, Olivia",True,37,3,11,0.273,3,8,0.375,2,2,1.0,0,5,5,4,1,1,0,0,11
2022-03-03_uc_riverside_cal_st_fullerton,UC Riverside,15,"Blount, Anna",True,27,4,8,0.5,0,0,,2,2,1.0,1,3,4,2,1,1,0,1,10
2022-03-03_uc_riverside_cal_st_fullerton,UC Riverside,14,"Finau, Mele",True,21,3,7,0.429,1,1,1.0,0,0,,0,1,1,3,0,3,0,0,7
2022-03-03_uc_riverside_cal_st_fullerton,UC Riverside,4,"Holland, Jada",True,25,2,5,0.4,0,0,,0,0,,0,3,3,0,5,2,0,0,4
2022-03-03_uc_riverside_cal_st_fullerton,UC Riverside,32,"Webster, Jordan",False,27,0,2,0.0,0,2,0.0,6,6,1.0,0,4,4,0,0,1,0,2,6
2022-03-03_uc_riverside_cal_st_fullerton,UC Riverside,11,"Matarranz, Esther",False,13,3,7,0.429,0,0,,0,0,,0,2,2,3,0,0,0,0,6
2022-03-03_uc_riverside_cal_st_fullerton,UC Riverside,2,"Walters, Ryanne",False,15,1,3,0.333,0,0,,0,0,,0,1,1,1,2,0,0,2,2
2022-03-03_uc_riverside_cal_st_fullerton,UC Riverside,TM,TEAM,False,0,0,0,,0,0,,0,0,,3,1,4,0,0,0,0,0,0
2022-03-05_uc_davis_cal_st_fullerton,Cal St. Fullerton,03,"Wahinekapu, Lily",True,18,3,12,0.25,1,7,0.143,3,3,1.0,0,1,1,0,0,2,0,2,10
2022-03-05_uc_davis_cal_st_fullerton,Cal St. Fullerton,24,"Neff, Kathryn",True,22,2,4,0.5,2,4,0.5,0,0,,2,1,3,2,0,1,0,0,6
2022-03-05_uc_davis_cal_st_fullerton,Cal St. Fullerton,32,"Lewis, Ashlee",True,17,2,4,0.5,0,0,,2,4,0.5,3,1,4,3,1,3,0,0,6
2022-03-05_uc_davis_cal_st_fullerton,Cal St. Fullerton,04,"Vidmar, Gabi",True,31,1,7,0.143,1,4,0.25,0,0,,3,1,4,0,1,1,0,2,3
2022-03-05_uc_davis_cal_st_fullerton,Cal St. Fullerton,23,"Gill, Carolyn",True,12,0,5,0.0,0,1,0.0,0,0,,1,1,2,2,0,1,0,1,0
2022-03-05_uc_davis_cal_st_fullerton,Cal St. Fullerton,02,"Panagiotopoulou, Nancy",False,17,2,4,0.5,2,4,0.5,0,0,,0,0,0,2,0,1,0,0,6
2022-03-05_uc_davis_cal_st_fullerton,Cal St. Fullerton,11,"MacDonald, Ruby",False,20,1,5,0.2,1,4,0.25,1,2,0.5,0,4,4,0,0,1,0,3,4
2022-03-05_uc_davis_cal_st_fullerton,Cal St. Fullerton,13,"Hernandez, Aixchel",False,19,2,7,0.286,0,0,,0,0,,1,7,8,0,1,1,0,0,4
2022-03-05_uc_davis_cal_st_fullerton,Cal St. Fullerton,01,"Jovanovic, Una",False,13,1,4,0.25,0,0,,0,0,,1,1,2,2,0,2,0,1,2
2022-03-05_uc_davis_cal_st_fullerton,Cal St. Fullerton,54,"Furch, Brianna",False,25,0,5,0.0,0,2,0.0,1,2,0.5,0,0,0,0,3,2,0,1,1
2022-03-05_uc_davis_cal_st_fullerton,Cal St. Fullerton,10,"de Vera, Eliza",False,6,0,4,0.0,0,1,0.0,0,0,,2,0,2,0,0,2,0,0,0
2022-03-05_uc_davis_cal_st_fullerton,Cal St. Fullerton,TM,TEAM,False,0,0,0,,0,0,,0,0,,2,3,5,0,0,0,0,0,0
2022-03-05_uc_davis_cal_st_fullerton,UC Davis,32,"Hall, Cierra",True,31,6,12,0.5,3,3,1.0,4,5,0.8,2,6,8,0,5,3,2,3,19
2022-03-05_uc_davis_cal_st_fullerton,UC Davis,11,"Stobbart, Sage",True,23,4,8,0.5,1,1,1.0,4,4,1.0,2,7,9,3,4,2,2,0,13
2022-03-05_uc_davis_cal_st_fullerton,UC Davis,23,"Konrad, Kayla",True,22,4,8,0.5,2,4,0.5,1,2,0.5,1,1,2,2,1,2,0,3,11
2022-03-05_uc_davis_cal_st_fullerton,UC Davis,15,"Turner, Evanne",True,23,4,9,0.444,1,5,0.2,0,0,,1,1,2,1,1,0,0,0,9
2022-03-05_uc_davis_cal_st_fullerton,UC Davis,13,"Burns, Sydney",True,14,1,4,0.25,0,2,0.0,0,0,,0,2,2,2,2,1,0,0,2
2022-03-05_uc_davis_cal_st_fullerton,UC Davis,33,"Harris, Mazatlan",False,19,2,4,0.5,2,3,0.667,0,0,,1,3,4,1,1,1,0,1,6
2022-03-05_uc_davis_cal_st_fullerton,UC Davis,20,"Sanders, Makaila",False,14,1,5,0.2,1,5,0.2,0,0,,0,2,2,1,1,0,0,2,3
2022-03-05_uc_davis_cal_st_fullerton,UC Davis,24,"Langi, Marley",False,8,1,4,0.25,1,4,0.25,0,0,,1,1,2,0,0,1,0,1,3
2022-03-05_uc_davis_cal_st_fullerton,UC Davis,10,"Svanholm, Lena",False,14,1,1,1.0,0,0,,0,0,,2,1,3,1,0,4,0,0,2
2022-03-05_uc_davis_cal_st_fullerton,UC Davis,42,"Lilly, Kenedy",False,8,1,2,0.5,0,0,,0,0,,1,3,4,1,0,0,0,0,2
2022-03-05_uc_davis_cal_st_fullerton,UC Davis,03,"Gray, Campbell",False,24,0,1,0.0,0,1,0.0,0,0,,0,2,2,2,5,3,0,1,0
2022-03-05_uc_davis_cal_st_fullerton,UC Davis,TM,TEAM,False,0,0,0,,0,0,,0,0,,2,5,7,0,0,0,0,0,0
2022-03-05_hawaii_uc_santa_barbara,UC Santa Barbara,02,"Tucker, Alexis",True,31,4,7,0.571,0,1,0.0,6,9,0.667,0,4,4,4,0,4,0,2,14
2022-03-05_hawaii_uc_santa_barbara,UC Santa Barbara,00,"Miller, Danae",True,38,3,12,0.25,2,5,0.4,5,6,0.833,0,2,2,2,2,2,0,0,13
2022-03-05_hawaii_uc_santa_barbara,UC Santa Barbara,31,"Lane, Ila",True,40,5,11,0.455,0,0,,1,2,0.5,4,14,18,3,0,3,1,0,11
2022-03-05_hawaii_uc_santa_barbara,UC Santa Barbara,30,"Anderson, Megan",True,32,2,7,0.286,0,3,0.0,0,0,,1,3,4,1,0,0,0,0,4
2022-03-05_hawaii_uc_santa_barbara,UC Santa Barbara,01,"Gonzalez, Johnni",True,10,1,5,0.2,0,3,0.0,0,0,,0,0,0,0,0,1,0,1,2
2022-03-05_hawaii_uc_santa_barbara,UC Santa Barbara,10,"Choice, Anya",False,32,3,5,0.6,2,3,0.667,0,0,,1,1,2,2,0,4,0,1,8
2022-03-05_hawaii_uc_santa_barbara,UC Santa Barbara,21,"Johnson, Kennedy",False,9,0,2,0.0,0,1,0.0,0,0,,0,1,1,1,1,0,0,0,0
2022-03-05_hawaii_uc_santa_barbara,UC Santa Barbara,12,"Mole, Taylor",False,8,0,0,,0,0,,0,0,,0,0,0,0,0,0,0,0,0
2022-03-05_hawaii_uc_santa_barbara,UC Santa Barbara,TM,TEAM,False,0,0,0,,0,0,,0,0,,0,1,1,0,0,0,0,0,0
2022-03-05_hawaii_uc_santa_barbara,Hawaii,25,"Atwell, Amy",True,34,4,13,0.308,0,5,0.0,1,2,0.5,2,9,11,3,5,2,2,3,9
2022-03-05_hawaii_uc_santa_barbara,Hawaii,02,"Thoms, Ashley",True,27,4,6,0.667,0,2,0.0,1,1,1.0,0,1,1,0,0,0,0,2,9
2022-03-05_hawaii_uc_santa_barbara,Hawaii,15,"Phillips, Daejah",True,23,2,6,0.333,0,2,0.0,4,4,1.0,1,5,6,3,1,1,0,1,8
2022-03-05_hawaii_uc_santa_barbara,Hawaii,01,"Imai, Kelsie",True,14,1,2,0.5,1,1,1.0,0,0,,0,3,3,2,1,3,0,1,3
2022-03-05_hawaii_uc_santa_barbara,Hawaii,11,"Spiller, Kallin",True,9,1,6,0.167,0,3,0.0,0,0,,1,1,2,1,0,0,0,0,2
2022-03-05_hawaii_uc_santa_barbara,Hawaii,45,"Davies, Olivia",False,26,2,3,0.667,1,2,0.5,5,6,0.833,2,3,5,1,2,2,0,0,10
2022-03-05_hawaii_uc_santa_barbara,Hawaii,14,"Orji, Nnenna",False,11,3,4,0.75,1,1,1.0,0,0,,0,0,0,1,0,0,0,0,7
2022-03-05_hawaii_uc_santa_barbara,Hawaii,24,"Calhoun, Nae Nae",False,9,1,2,0.5,1,1,1.0,1,2,0.5,1,1,2,0,0,0,0,0,4
2022-03-05_hawaii_uc_santa_barbara,Hawaii,23,"McBee, MeiLani",False,25,1,6,0.167,1,4,0.25,0,0,,0,0,0,3,1,1,0,2,3
2022-03-05_hawaii_uc_santa_barbara,Hawaii,34,"David, Jacque",False,22,1,8,0.125,1,5,0.2,0,0,,2,1,3,1,0,0,0,1,3
2022-03-05_hawaii_uc_santa_barbara,Hawaii,TM,TEAM,False,0,0,0,,0,0,,0,0,,2,3,5,0,0,0,0,0,0
2022-03-05_uc_irvine_csu_bakersfield,CSU Bakersfield,10,"Eggleston, Jayden",True,35,7,15,0.467,1,3,0.333,4,5,0.8,0,7,7,3,1,2,0,1,19
2022-03-05_uc_irvine_csu_bakersfield,CSU Bakersfield,4,"Dixon, Jasmin",True,23,0,3,0.0,0,3,0.0,0,0,,1,0,1,3,0,0,1,0,0
2022-03-05_uc_irvine_csu_bakersfield,CSU Bakersfield,3,"van Schaik, Hennie",True,14,0,3,0.0,0,0,,0,0,,2,4,6,2,3,2,0,0,0
2022-03-05_uc_irvine_csu_bakersfield,CSU Bakersfield,24,"Bridges-bey, Sage",True,6,0,0,,0,0,,0,0,,1,1,2,0,0,0,0,0,0
2022-03-05_uc_irvine_csu_bakersfield,CSU Bakersfield,00,"Johnson, Simone",True,5,0,1,0.0,0,1,0.0,0,0,,0,2,2,0,0,2,0,0,0
2022-03-05_uc_irvine_csu_bakersfield,CSU Bakersfield,22,"Easley, Andie",False,28,5,12,0.417,4,10,0.4,2,2,1.0,1,2,3,0,1,0,0,0,16
2022-03-05_uc_irvine_csu_bakersfield,CSU Bakersfield,13,"Herrera, Solmilena",False,14,3,5,0.6,0,0,,1,2,0.5,1,1,2,0,0,0,0,0,7
2022-03-05_uc_irvine_csu_bakersfield,CSU Bakersfield,11,"Green, Lexus",False,19,1,5,0.2,1,2,0.5,2,2,1.0,0,0,0,1,3,1,0,0,5
2022-03-05_uc_irvine_csu_bakersfield,CSU Bakersfield,23,"Saxon, Miracle",False,28,1,4,0.25,0,1,0.0,2,2,1.0,0,1,1,4,1,1,0,3,4
2022-03-05_uc_irvine_csu_bakersfield,CSU Bakersfield,54,"Austin, Vanessa",False,17,0,6,0.0,0,0,,1,2,0.5,1,3,4,2,0,0,0,0,1
2022-03-05_uc_irvine_csu_bakersfield,CSU Bakersfield,1,"Clayburne, Tatyanna",False,11,0,1,0.0,0,1,0.0,0,0,,1,2,3,1,2,4,0,0,0
2022-03-05_uc_irvine_csu_bakersfield,CSU Bakersfield,TM,TEAM,False,0,0,0,,0,0,,0,0,,1,1,2,0,0,0,0,0,0
2022-03-05_uc_irvine_csu_bakersfield,UC Irvine,4,"Williams, Kayla",True,34,6,16,0.375,3,6,0.5,5,6,0.833,1,4,5,0,2,0,0,3,20
2022-03-05_uc_irvine_csu_bakersfield,UC Irvine,3,"Tom, Nikki",True,26,4,5,0.8,1,2,0.5,0,0,,2,5,7,2,1,2,0,1,9
2022-03-05_uc_irvine_csu_bakersfield,UC Irvine,10,"Cadee, Jayde",True,25,3,7,0.429,2,6,0.333,0,0,,0,4,4,0,4,1,0,2,8
2022-03-05_uc_irvine_csu_bakersfield,UC Irvine,35,"Locandro, Sophia",True,11,1,1,1.0,0,0,,0,0,,0,3,3,2,0,0,0,0,2
2022-03-05_uc_irvine_csu_bakersfield,UC Irvine,42,"Hunt, Naomi",True,10,1,3,0.333,0,1,0.0,0,0,,0,1,1,1,1,1,0,0,2
2022-03-05_uc_irvine_csu_bakersfield,UC Irvine,20,"Hernandez, Hunter",False,23,6,12,0.5,0,4,0.0,0,0,,1,5,6,1,0,1,0,0,12
2022-03-05_uc_irvine_csu_bakersfield,UC Irvine,33,"Kaupu, Caiyle",False,13,3,5,0.6,0,1,0.0,0,0,,0,1,1,0,0,0,0,0,6
2022-03-05_uc_irvine_csu_bakersfield,UC Irvine,45,"Dusharm, Tara",False,16,1,6,0.167,0,0,,2,2,1.0,3,1,4,3,1,0,1,0,4
2022-03-05_uc_irvine_csu_bakersfield,UC Irvine,21,"Williams, Olivia",False,17,1,6,0.167,0,2,0.0,0,0,,2,4,6,0,1,0,0,0,2
2022-03-05_uc_irvine_csu_bakersfield,UC Irvine,24,"Kapinga, Melodie",False,12,0,3,0.0,0,0,,2,2,1.0,1,0,1,3,0,0,0,1,2
2022-03-05_uc_irvine_csu_bakersfield,UC Irvine,13,"Lee, Déja",False,6,0,0,,0,0,,0,0,,0,1,1,0,3,0,0,1,0
2022-03-05_uc_irvine_csu_bakersfield,UC Irvine,11,"Scharpf, Amelia",False,4,0,0,,0,0,,0,0,,1,0,1,0,0,0,0,0,0
2022-03-05_uc_irvine_csu_bakersfield,UC Irvine,1,"Ross, Tarryn",False,3,0,1,0.0,0,1,0.0,0,0,,0,0,0,1,0,1,0,0,0
2022-03-05_uc_irvine_csu_bakersfield,UC Irvine,TM,TEAM,False,0,0,0,,0,0,,0,0,,1,2,3,0,0,1,0,0,0
2022-03-05_uc_san_diego_cal_poly,Cal Poly,15,"Bourland, Sydney",True,26,3,11,0.273,0,3,0.0,1,2,0.5,4,1,5,1,0,1,1,4,7
2022-03-05_uc_san_diego_cal_poly,Cal Poly,33,"Willett, Maddie",True,29,3,7,0.429,0,2,0.0,0,0,,0,3,3,1,2,1,0,0,6
2022-03-05_uc_san_diego_cal_poly,Cal Poly,32,"Nielacna, Julia",True,11,2,2,1.0,0,0,,0,0,,1,1,2,2,1,1,0,0,4
2022-03-05_uc_san_diego_cal_poly,Cal Poly,05,"Anousinh, Jazzy",True,30,1,6,0.167,0,1,0.0,1,2,0.5,2,4,6,4,1,4,0,1,3
2022-03-05_uc_san_diego_cal_poly,Cal Poly,13,"Vick, Maddie",True,10,0,1,0.0,0,0,,0,0,,0,1,1,0,0,0,0,0,0
2022-03-05_uc_san_diego_cal_poly,Cal Poly,24,"Stachowski, Zoe",False,17,2,3,0.667,0,0,,5,6,0.833,1,0,1,1,1,0,0,0,9
2022-03-05_uc_san_diego_cal_poly,Cal Poly,11,"Dickson, Junie",False,28,2,12,0.167,1,8,0.125,1,2,0.5,0,2,2,2,1,1,0,2,6
2022-03-05_uc_san_diego_cal_poly,Cal Poly,02,"Shah, Annika",False,20,2,7,0.286,1,5,0.2,0,0,,0,2,2,1,1,0,1,0,5
2022-03-05_uc_san_diego_cal_poly,Cal Poly,22,"Bergstrom, Faith",False,7,2,4,0.5,0,1,0.0,0,0,,0,1,1,0,0,0,1,0,4
2022-03-05_uc_san_diego_cal_poly,Cal Poly,14,"Scanlan, Hannah",False,14,1,2,0.5,0,0,,0,0,,2,2,4,0,2,1,1,0,2
2022-03-05_uc_san_diego_cal_poly,Cal Poly,01,"Dumitrescu, Sarah",False,8,1,8,0.125,0,0,,0,0,,1,2,3,0,0,0,0,1,2
2022-03-05_uc_san_diego_cal_poly,Cal Poly,TM,TEAM,False,0,0,0,,0,0,,0,0,,0,0,0,0,0,1,0,0,0
2022-03-05_uc_san_diego_cal_poly,UC San Diego,12,"Baxter, Madison",True,25,8,10,0.8,5,7,0.714,1,2,0.5,0,2,2,0,0,1,0,1,22
2022-03-05_uc_san_diego_cal_poly,UC San Diego,04,"Cangelosi, Emily",True,27,7,10,0.7,3,4,0.75,0,0,,1,7,8,1,1,1,0,1,17
2022-03-05_uc_san_diego_cal_poly,UC San Diego,15,"Claros, Brianna",True,24,4,6,0.667,3,5,0.6,0,0,,0,0,0,0,7,1,0,0,11
2022-03-05_uc_san_diego_cal_poly,UC San Diego,10,"Macabuhay, Julia",True,18,3,7,0.429,0,1,0.0,1,1,1.0,0,3,3,0,5,1,0,0,7
2022-03-05_uc_san_diego_cal_poly,UC San Diego,13,"Brown, Sydney",True,22,0,6,0.0,0,3,0.0,1,2,0.5,0,3,3,3,4,1,0,1,1
2022-03-05_uc_san_diego_cal_poly,UC San Diego,32,"Montgomery, Parker",False,22,7,9,0.778,5,6,0.833,0,0,,0,6,6,0,2,1,0,0,19
2022-03-05_uc_san_diego_cal_poly,UC San Diego,20,"Forsyth, Izzy",False,16,2,4,0.5,1,2,0.5,0,0,,1,2,3,1,2,0,0,0,5
2022-03-05_uc_san_diego_cal_poly,UC San Diego,02,"Chamberlin, Ula",False,15,0,0,,0,0,,3,5,0.6,1,4,5,1,3,2,0,1,3
2022-03-05_uc_san_diego_cal_poly,UC San Diego,23,"Thompson, Courtni",False,10,1,2,0.5,1,1,1.0,0,0,,0,1,1,1,2,3,0,0,3
2022-03-05_uc_san_diego_cal_poly,UC San Diego,24,"Mullings, Bridget",False,21,1,2,0.5,0,0,,0,0,,3,5,8,3,1,3,5,0,2
2022-03-05_uc_san_diego_cal_poly,UC San Diego,TM,TEAM,False,0,0,0,,0,0,,0,0,,1,0,1,0,0,1,0,0,0
2022-03-05_uc_riverside_long_beach_st,Long Beach St.,11,"Hardy, Jasmine",True,38,4,6,0.667,2,3,0.667,5,5,1.0,1,3,4,2,1,3,0,2,15
2022-03-05_uc_riverside_long_beach_st,Long Beach St.,1,"Utti, Maddi",True,37,4,13,0.308,0,3,0.0,0,0,,1,10,11,1,4,1,0,2,8
2022-03-05_uc_riverside_long_beach_st,Long Beach St.,10,"King, Justina",True,34,2,9,0.222,0,1,0.0,4,4,1.0,0,1,1,1,0,5,1,0,8
2022-03-05_uc_riverside_long_beach_st,Long Beach St.,00,"Berry, Ma'qhi",True,13,2,2,1.0,0,0,,1,4,0.25,0,0,0,2,1,2,0,0,5
2022-03-05_uc_riverside_long_beach_st,Long Beach St.,23,"Green, Lauren",True,5,0,2,0.0,0,0,,0,0,,2,0,2,0,0,2,0,0,0
2022-03-05_uc_riverside_long_beach_st,Long Beach St.,2,"Tucker, Savannah",False,27,6,8,0.75,1,3,0.333,7,8,0.875,2,2,4,1,0,1,0,0,20
2022-03-05_uc_riverside_long_beach_st,Long Beach St.,12,"Jeskeova, Kristyna",False,18,1,2,0.5,0,1,0.0,1,2,0.5,1,4,5,3,2,0,1,2,3
2022-03-05_uc_riverside_long_beach_st,Long Beach St.,3,"Chung, Patricia",False,5,0,2,0.0,0,2,0.0,2,4,0.5,0,0,0,0,1,0,0,0,2
2022-03-05_uc_riverside_long_beach_st,Long Beach St.,25,"Hamilton-fisher, Kianna",False,23,0,2,0.0,0,2,0.0,0,0,,0,1,1,2,0,0,0,0,0
2022-03-05_uc_riverside_long_beach_st,Long Beach St.,TM,TEAM,False,0,0,0,,0,0,,0,0,,1,2,3,0,0,0,0,0,0
2022-03-05_uc_riverside_long_beach_st,UC Riverside,4,"Holland, Jada",True,33,6,11,0.545,2,5,0.4,0,3,0.0,1,1,2,3,4,5,1,0,14
2022-03-05_uc_riverside_long_beach_st,UC Riverside,10,"Cooper, Keilanei",True,33,4,12,0.333,2,8,0.25,2,2,1.0,0,2,2,2,2,2,0,1,12
2022-03-05_uc_riverside_long_beach_st,UC Riverside,3,"West, Olivia",True,34,2,10,0.2,2,7,0.286,0,0,,0,4,4,4,1,0,0,3,6
2022-03-05_uc_riverside_long_beach_st,UC Riverside,15,"Blount, Anna",True,15,3,5,0.6,0,0,,0,0,,2,0,2,0,1,0,1,2,6
2022-03-05_uc_riverside_long_beach_st,UC Riverside,14,"Finau, Mele",True,27,0,3,0.0,0,2,0.0,5,6,0.833,0,5,5,4,0,1,0,1,5
2022-03-05_uc_riverside_long_beach_st,UC Riverside,00,"Bryant, Matehya",False,24,6,6,1.0,0,0,,5,6,0.833,2,2,4,1,0,2,0,0,17
2022-03-05_uc_riverside_long_beach_st,UC Riverside,32,"Webster, Jordan",False,20,2,3,0.667,2,3,0.667,0,0,,1,2,3,2,0,2,0,1,6
2022-03-05_uc_riverside_long_beach_st,UC Riverside,2,"Walters, Ryanne",False,11,0,2,0.0,0,2,0.0,0,0,,0,0,0,3,1,0,0,0,0
2022-03-05_uc_riverside_long_beach_st,UC Riverside,24,"Gnago, Daphne",False,3,0,0,,0,0,,0,0,,0,0,0,0,0,1,0,0,0
2022-03-05_uc_riverside_long_beach_st,UC Riverside,TM,TEAM,False,0,0,0,,0,0,,0,0,,3,5,8,0,0,1,0,0,0
2022-03-08_cal_st_fullerton_cal_poly,Cal Poly,32,"Nielacna, Julia",True,30,8,16,0.5,2,5,0.4,1,2,0.5,2,3,5,4,0,3,0,1,19
2022-03-08_cal_st_fullerton_cal_poly,Cal Poly,13,"Vick, Maddie",True,39,5,12,0.417,0,2,0.0,4,5,0.8,0,1,1,1,6,2,0,2,14
2022-03-08_cal_st_fullerton_cal_poly,Cal Poly,33,"Willett, Maddie",True,40,5,8,0.625,3,5,0.6,0,0,,0,1,1,3,4,1,0,1,13
2022-03-08_cal_st_fullerton_cal_poly,Cal Poly,15,"Bourland, Sydney",True,17,0,1,0.0,0,0,,0,0,,1,1,2,3,0,1,0,1,0
2022-03-08_cal_st_fullerton_cal_poly,Cal Poly,5,"Anousinh, Jazzy",True,11,0,4,0.0,0,0,,0,0,,0,0,0,2,2,2,0,0,0
2022-03-08_cal_st_fullerton_cal_poly,Cal Poly,11,"Dickson, Junie",False,21,2,7,0.286,2,6,0.333,2,2,1.0,0,3,3,4,0,3,0,0,8
2022-03-08_cal_st_fullerton_cal_poly,Cal Poly,14,"Scanlan, Hannah",False,21,3,3,1.0,0,0,,2,4,0.5,4,3,7,2,0,0,0,0,8
2022-03-08_cal_st_fullerton_cal_poly,Cal Poly,1,"Dumitrescu, Sarah",False,12,0,1,0.0,0,0,,2,2,1.0,0,2,2,0,1,0,0,0,2
2022-03-08_cal_st_fullerton_cal_poly,Cal Poly,2,"Shah, Annika",False,5,0,3,0.0,0,3,0.0,0,0,,0,0,0,0,1,0,0,0,0
2022-03-08_cal_st_fullerton_cal_poly,Cal Poly,24,"Stachowski, Zoe",False,4,0,1,0.0,0,0,,0,0,,0,2,2,2,0,0,0,1,0
2022-03-08_cal_st_fullerton_cal_poly,Cal Poly,TM,TEAM,False,0,0,0,,0,0,,0,0,,4,2,6,0,0,0,0,0,0
2022-03-08_cal_st_fullerton_cal_poly,Cal St. Fullerton,23,"Gill, Carolyn",True,32,6,12,0.5,0,4,0.0,4,4,1.0,1,3,4,1,2,4,1,2,16
2022-03-08_cal_st_fullerton_cal_poly,Cal St. Fullerton,4,"Vidmar, Gabi",True,30,4,7,0.571,3,6,0.5,3,4,0.75,0,3,3,0,3,0,0,1,14
2022-03-08_cal_st_fullerton_cal_poly,Cal St. Fullerton,3,"Wahinekapu, Lily",True,22,2,5,0.4,0,1,0.0,6,6,1.0,0,2,2,3,2,3,0,1,10
2022-03-08_cal_st_fullerton_cal_poly,Cal St. Fullerton,32,"Lewis, Ashlee",True,23,3,8,0.375,0,0,,3,4,0.75,4,5,9,2,0,0,0,0,9
2022-03-08_cal_st_fullerton_cal_poly,Cal St. Fullerton,24,"Neff, Kathryn",True,25,2,4,0.5,1,3,0.333,0,2,0.0,0,4,4,2,1,0,3,2,5
2022-03-08_cal_st_fullerton_cal_poly,Cal St. Fullerton,13,"Hernandez, Aixchel",False,15,3,6,0.5,0,0,,2,2,1.0,0,2,2,2,1,2,1,1,8
2022-03-08_cal_st_fullerton_cal_poly,Cal St. Fullerton,54,"Furch, Brianna",False,20,1,2,0.5,1,2,0.5,1,2,0.5,0,2,2,1,3,2,0,0,4
2022-03-08_cal_st_fullerton_cal_poly,Cal St. Fullerton,11,"Macdonald, Ruby",False,17,1,2,0.5,0,1,0.0,0,0,,1,0,1,1,1,0,1,1,2
2022-03-08_cal_st_fullerton_cal_poly,Cal St. Fullerton,1,"Jovanovic, Una",False,16,1,1,1.0,0,0,,0,0,,0,1,1,0,1,1,0,1,2
2022-03-08_cal_st_fullerton_cal_poly,Cal St. Fullerton,TM,TEAM,False,0,0,0,,0,0,,0,0,,2,2,4,0,0,1,0,0,0
2022-03-08_csun_csu_bakersfield,CSU Bakersfield,10,"Eggleston, Jayden",True,45,10,19,0.526,3,5,0.6,6,6,1.0,2,4,6,0,1,3,0,0,29
2022-03-08_csun_csu_bakersfield,CSU Bakersfield,3,"van Schaik, Hennie",True,11,0,6,0.0,0,0,,0,0,,1,1,2,2,0,2,1,1,0
2022-03-08_csun_csu_bakersfield,CSU Bakersfield,4,"Dixon, Jasmin",True,9,0,1,0.0,0,1,0.0,0,0,,0,2,2,0,0,1,0,0,0
2022-03-08_csun_csu_bakersfield,CSU Bakersfield,00,"Johnson, Simone",True,4,0,0,,0,0,,0,0,,0,0,0,1,0,0,0,0,0
2022-03-08_csun_csu_bakersfield,CSU Bakersfield,24,"Bridges-bey, Sage",True,3,0,1,0.0,0,0,,0,0,,0,0,0,0,0,0,0,0,0
2022-03-08_csun_csu_bakersfield,CSU Bakersfield,54,"Austin, Vanessa",False,26,6,12,0.5,0,0,,4,5,0.8,3,8,11,3,1,3,0,0,16
2022-03-08_csun_csu_bakersfield,CSU Bakersfield,23,"Saxon, Miracle",False,35,3,8,0.375,2,5,0.4,0,0,,0,4,4,5,1,4,0,1,8
2022-03-08_csun_csu_bakersfield,CSU Bakersfield,22,"Easley, Andie",False,38,2,9,0.222,1,6,0.167,0,0,,3,1,4,0,5,1,0,1,5
2022-03-08_csun_csu_bakersfield,CSU Bakersfield,1,"Clayburne, Tatyanna",False,25,1,2,0.5,1,2,0.5,0,0,,1,2,3,2,0,0,2,0,3
2022-03-08_csun_csu_bakersfield,CSU Bakersfield,11,"Green, Lexus",False,21,1,6,0.167,0,3,0.0,0,0,,1,1,2,0,3,1,0,1,2
2022-03-08_csun_csu_bakersfield,CSU Bakersfield,13,"Herrera, Solmilena",False,8,0,1,0.0,0,0,,0,0,,1,2,3,0,1,0,1,0,0
2022-03-08_csun_csu_bakersfield,CSU Bakersfield,TM,TEAM,False,0,0,0,,0,0,,0,0,,4,2,6,0,0,0,0,0,0
2022-03-08_csun_csu_bakersfield,CSUN,15,"Amundsen, Tess",True,43,9,16,0.562,4,8,0.5,2,2,1.0,2,5,7,1,0,0,1,0,24
2022-03-08_csun_csu_bakersfield,CSUN,1,"Jackson, Jordyn",True,42,7,17,0.412,3,5,0.6,2,2,1.0,0,2,2,2,2,6,0,0,19
2022-03-08_csun_csu_bakersfield,CSUN,21,"Tu'ua, Anaiyah",True,34,3,8,0.375,1,2,0.5,0,0,,1,2,3,2,4,0,0,0,7
2022-03-08_csun_csu_bakersfield,CSUN,34,"Spriggs, Kayanna",True,21,1,3,0.333,0,0,,1,2,0.5,3,5,8,5,1,4,0,1,3
2022-03-08_csun_csu_bakersfield,CSUN,12,"Henderson, Meghann",True,30,1,6,0.167,0,3,0.0,0,0,,2,2,4,3,3,1,0,1,2
2022-03-08_csun_csu_bakersfield,CSUN,5,"Duchemin, Michelle",False,18,2,8,0.25,0,0,,0,0,,2,2,4,0,0,0,1,0,4
2022-03-08_csun_csu_bakersfield,CSUN,24,"Smith, Macy",False,15,1,4,0.25,1,1,1.0,0,0,,0,2,2,1,2,0,0,1,3
2022-03-08_csun_csu_bakersfield,CSUN,11,"Smith, Olivia",False,12,0,2,0.0,0,0,,0,0,,1,1,2,2,0,1,1,0,0
2022-03-08_csun_csu_bakersfield,CSUN,4,"Harvey, Rachel",False,5,0,0,,0,0,,0,0,,0,1,1,0,0,0,0,0,0
2022-03-08_csun_csu_bakersfield,CSUN,32,"Hawkins, Ashley",False,5,0,0,,0,0,,0,0,,1,0,1,2,2,1,0,0,0
2022-03-08_csun_csu_bakersfield,CSUN,TM,TEAM,False,0,0,0,,0,0,,0,0,,1,5,6,0,0,0,0,0,0
2022-03-09_long_beach_st_uc_davis,UC Davis,15,"Turner, Evanne",True,39,6,14,0.429,5,10,0.5,2,2,1.0,0,3,3,2,2,6,0,2,19
2022-03-09_long_beach_st_uc_davis,UC Davis,32,"Hall, Cierra",True,39,4,13,0.308,1,4,0.25,5,8,0.625,1,7,8,3,2,5,1,3,14
2022-03-09_long_beach_st_uc_davis,UC Davis,13,"Burns, Sydney",True,35,1,4,0.25,0,2,0.0,7,8,0.875,2,10,12,5,3,4,0,1,9
2022-03-09_long_beach_st_uc_davis,UC Davis,11,"Stobbart, Sage",True,32,4,9,0.444,1,1,1.0,0,0,,2,4,6,2,1,3,2,0,9
2022-03-09_long_beach_st_uc_davis,UC Davis,23,"Konrad, Kayla",True,29,2,5,0.4,0,2,0.0,0,0,,2,5,7,3,2,1,0,0,4
2022-03-09_long_beach_st_uc_davis,UC Davis,03,"Gray, Campbell",False,10,0,0,,0,0,,0,0,,0,0,0,0,1,2,0,0,0
2022-03-09_long_beach_st_uc_davis,UC Davis,33,"Harris, Mazatlan",False,8,0,0,,0,0,,0,0,,1,0,1,3,1,0,0,0,0
2022-03-09_long_beach_st_uc_davis,UC Davis,10,"Svanholm, Lena",False,6,0,2,0.0,0,1,0.0,0,0,,0,2,2,1,1,0,0,0,0
2022-03-09_long_beach_st_uc_davis,UC Davis,20,"Sanders, Makaila",False,2,0,0,,0,0,,0,0,,0,0,0,0,0,1,0,0,0
2022-03-09_long_beach_st_uc_davis,UC Davis,TM,TEAM,False,0,0,0,,0,0,,0,0,,0,0,0,0,0,0,0,0,0
2022-03-09_long_beach_st_uc_davis,Long Beach St.,01,"Utti, Maddi",True,40,7,16,0.438,0,3,0.0,0,2,0.0,2,7,9,2,3,3,0,3,14
2022-03-09_long_beach_st_uc_davis,Long Beach St.,10,"King, Justina",True,40,4,12,0.333,0,3,0.0,4,8,0.5,0,4,4,2,2,0,0,0,12
2022-03-09_long_beach_st_uc_davis,Long Beach St.,11,"Hardy, Jasmine",True,29,2,8,0.25,1,5,0.2,0,0,,2,2,4,3,2,1,0,1,5
2022-03-09_long_beach_st_uc_davis,Long Beach St.,00,"Berry, Ma'Qhi",True,25,2,4,0.5,1,2,0.5,0,0,,0,0,0,2,0,2,2,2,5
2022-03-09_long_beach_st_uc_davis,Long Beach St.,25,"Hamilton-Fisher, Kianna",True,29,1,6,0.167,1,3,0.333,0,0,,1,2,3,5,1,1,0,2,3
2022-03-09_long_beach_st_uc_davis,Long Beach St.,12,"Jeskeova, Kristyna",False,14,0,2,0.0,0,1,0.0,4,4,1.0,0,2,2,1,0,2,0,2,4
2022-03-09_long_beach_st_uc_davis,Long Beach St.,03,"Chung, Patricia",False,4,1,3,0.333,0,1,0.0,0,0,,0,0,0,0,0,0,0,0,2
2022-03-09_long_beach_st_uc_davis,Long Beach St.,02,"Tucker, Savannah",False,13,0,3,0.0,0,1,0.0,0,2,0.0,0,0,0,3,0,2,1,0,0
2022-03-09_long_beach_st_uc_davis,Long Beach St.,23,"Green, Lauren",False,6,0,3,0.0,0,0,,0,0,,2,0,2,2,0,1,0,0,0
2022-03-09_long_beach_st_uc_davis,Long Beach St.,TM,TEAM,False,0,0,0,,0,0,,0,0,,0,0,0,0,0,0,0,0,0
2022-03-09_hawaii_csu_bakersfield,CSU Bakersfield,10,"Eggleston, Jayden",True,40,7,18,0.389,2,6,0.333,2,3,0.667,2,5,7,2,3,2,0,3,18
2022-03-09_hawaii_csu_bakersfield,CSU Bakersfield,04,"Dixon, Jasmin",True,11,0,0,,0,0,,0,0,,0,1,1,0,1,1,0,0,0
2022-03-09_hawaii_csu_bakersfield,CSU Bakersfield,03,"van Schaik, Hennie",True,7,0,1,0.0,0,0,,0,0,,0,2,2,1,0,1,0,0,0
2022-03-09_hawaii_csu_bakersfield,CSU Bakersfield,00,"Johnson, Simone",True,2,0,1,0.0,0,1,0.0,0,0,,0,0,0,0,0,2,0,1,0
2022-03-09_hawaii_csu_bakersfield,CSU Bakersfield,24,"Bridges-Bey, Sage",True,2,0,0,,0,0,,0,0,,0,0,0,0,0,0,0,0,0
2022-03-09_hawaii_csu_bakersfield,CSU Bakersfield,54,"Austin, Vanessa",False,33,3,7,0.429,0,0,,4,4,1.0,3,6,9,3,0,3,2,1,10
2022-03-09_hawaii_csu_bakersfield,CSU Bakersfield,22,"Easley, Andie",False,33,2,11,0.182,2,10,0.2,0,0,,1,3,4,2,1,2,0,2,6
2022-03-09_hawaii_csu_bakersfield,CSU Bakersfield,23,"Saxon, Miracle",False,29,2,6,0.333,0,3,0.0,2,2,1.0,0,6,6,5,0,1,0,2,6
2022-03-09_hawaii_csu_bakersfield,CSU Bakersfield,01,"Clayburne, Tatyanna",False,27,0,3,0.0,0,2,0.0,5,6,0.833,1,3,4,2,3,1,0,1,5
2022-03-09_hawaii_csu_bakersfield,CSU Bakersfield,11,"Green, Lexus",False,16,1,3,0.333,0,1,0.0,0,0,,0,2,2,1,0,1,0,1,2
2022-03-09_hawaii_csu_bakersfield,CSU Bakersfield,13,"Herrera, Solmilena",False,,0,0,,0,0,,0,0,,0,0,0,1,0,0,0,0,0
2022-03-09_hawaii_csu_bakersfield,CSU Bakersfield,TM,TEAM,False,0,0,0,,0,0,,0,0,,2,0,2,0,0,0,0,0,0
2022-03-09_hawaii_csu_bakersfield,Hawaii,45,"Davies, Olivia",True,34,2,7,0.286,0,1,0.0,7,10,0.7,0,4,4,2,3,0,0,0,11
2022-03-09_hawaii_csu_bakersfield,Hawaii,15,"Phillips, Daejah",True,26,4,10,0.4,1,3,0.333,0,0,,3,2,5,2,1,4,0,1,9
2022-03-09_hawaii_csu_bakersfield,Hawaii,25,"Atwell, Amy",True,36,1,7,0.143,0,3,0.0,2,2,1.0,0,6,6,0,1,2,0,2,4
2022-03-09_hawaii_csu_bakersfield,Hawaii,11,"Spiller, Kallin",True,7,1,2,0.5,1,1,1.0,0,0,,1,1,2,2,0,2,1,1,3
2022-03-09_hawaii_csu_bakersfield,Hawaii,01,"Imai, Kelsie",True,11,1,2,0.5,0,0,,0,0,,0,1,1,1,2,0,0,0,2
2022-03-09_hawaii_csu_bakersfield,Hawaii,24,"Calhoun, Nae Nae",False,14,3,5,0.6,1,1,1.0,0,1,0.0,0,0,0,2,0,2,0,2,7
2022-03-09_hawaii_csu_bakersfield,Hawaii,34,"David, Jacque",False,23,2,7,0.286,0,3,0.0,2,2,1.0,3,4,7,3,0,1,0,0,6
2022-03-09_hawaii_csu_bakersfield,Hawaii,23,"McBee, MeiLani",False,21,2,6,0.333,2,5,0.4,0,0,,1,0,1,3,0,0,0,0,6
2022-03-09_hawaii_csu_bakersfield,Hawaii,02,"Thoms, Ashley",False,18,0,2,0.0,0,2,0.0,0,2,0.0,0,2,2,0,0,2,0,2,0
2022-03-09_hawaii_csu_bakersfield,Hawaii,14,"Orji, Nnenna",False,10,0,2,0.0,0,0,,0,0,,0,1,1,2,0,1,0,1,0
2022-03-09_hawaii_csu_bakersfield,Hawaii,TM,TEAM,False,0,0,0,,0,0,,0,0,,2,4,6,0,0,0,0,0,0
2022-03-09_uc_irvine_cal_st_fullerton,Cal St. Fullerton,3,"Wahinekapu, Lily",True,35,7,18,0.389,2,9,0.222,10,11,0.909,0,7,7,2,4,4,0,1,26
2022-03-09_uc_irvine_cal_st_fullerton,Cal St. Fullerton,23,"Gill, Carolyn",True,29,5,9,0.556,0,1,0.0,3,5,0.6,2,2,4,4,2,1,0,2,13
2022-03-09_uc_irvine_cal_st_fullerton,Cal St. Fullerton,32,"Lewis, Ashlee",True,30,3,12,0.25,0,0,,5,6,0.833,5,4,9,3,0,2,1,1,11
2022-03-09_uc_irvine_cal_st_fullerton,Cal St. Fullerton,4,"Vidmar, Gabi",True,36,2,8,0.25,2,5,0.4,0,0,,1,3,4,3,2,2,0,0,6
2022-03-09_uc_irvine_cal_st_fullerton,Cal St. Fullerton,24,"Neff, Kathryn",True,18,0,2,0.0,0,2,0.0,0,0,,0,0,0,0,1,1,0,0,0
2022-03-09_uc_irvine_cal_st_fullerton,Cal St. Fullerton,13,"Hernandez, Aixchel",False,12,3,8,0.375,0,0,,0,0,,1,0,1,0,0,0,0,0,6
2022-03-09_uc_irvine_cal_st_fullerton,Cal St. Fullerton,5,"Rodarte, Clarissa",False,8,0,0,,0,0,,6,6,1.0,0,0,0,5,0,0,0,1,6
2022-03-09_uc_irvine_cal_st_fullerton,Cal St. Fullerton,54,"Furch, Brianna",False,15,0,3,0.0,0,3,0.0,0,0,,0,0,0,2,4,0,0,0,0
2022-03-09_uc_irvine_cal_st_fullerton,Cal St. Fullerton,1,"Jovanovic, Una",False,10,0,1,0.0,0,1,0.0,0,0,,0,1,1,1,0,1,0,0,0
2022-03-09_uc_irvine_cal_st_fullerton,Cal St. Fullerton,11,"Macdonald, Ruby",False,7,0,0,,0,0,,0,0,,2,0,2,1,0,1,0,0,0
2022-03-09_uc_irvine_cal_st_fullerton,Cal St. Fullerton,10,"de Vera, Eliza",False,0,0,0,,0,0,,0,0,,0,0,0,2,0,0,0,0,0
2022-03-09_uc_irvine_cal_st_fullerton,Cal St. Fullerton,TM,TEAM,False,0,0,0,,0,0,,0,0,,5,1,6,0,0,1,0,0,0
2022-03-09_uc_irvine_cal_st_fullerton,UC Irvine,4,"Williams, Kayla",True,35,6,16,0.375,2,7,0.286,8,10,0.8,0,7,7,1,4,2,0,2,22
2022-03-09_uc_irvine_cal_st_fullerton,UC Irvine,35,"Locandro, Sophia",True,24,4,7,0.571,0,0,,0,0,,3,5,8,2,1,2,0,2,8
2022-03-09_uc_irvine_cal_st_fullerton,UC Irvine,42,"Hunt, Naomi",True,16,3,9,0.333,1,4,0.25,1,2,0.5,1,0,1,3,0,1,0,0,8
2022-03-09_uc_irvine_cal_st_fullerton,UC Irvine,10,"Cadee, Jayde",True,23,1,8,0.125,1,5,0.2,4,4,1.0,1,1,2,2,1,1,0,0,7
2022-03-09_uc_irvine_cal_st_fullerton,UC Irvine,3,"Tom, Nikki",True,26,1,3,0.333,0,2,0.0,2,2,1.0,2,0,2,2,3,2,0,2,4
2022-03-09_uc_irvine_cal_st_fullerton,UC Irvine,20,"Hernandez, Hunter",False,20,4,4,1.0,2,2,1.0,5,5,1.0,3,4,7,3,1,0,0,0,15
2022-03-09_uc_irvine_cal_st_fullerton,UC Irvine,2,"Webb, Chloe",False,16,3,7,0.429,0,0,,0,0,,4,6,10,0,1,1,0,0,6
2022-03-09_uc_irvine_cal_st_fullerton,UC Irvine,45,"Dusharm, Tara",False,15,1,3,0.333,0,0,,2,2,1.0,3,1,4,2,0,0,0,1,4
2022-03-09_uc_irvine_cal_st_fullerton,UC Irvine,33,"Kaupu, Caiyle",False,4,1,1,1.0,0,0,,2,2,1.0,0,0,0,0,1,0,0,0,4
2022-03-09_uc_irvine_cal_st_fullerton,UC Irvine,21,"Williams, Olivia",False,14,1,3,0.333,0,2,0.0,0,0,,0,1,1,1,0,1,0,1,2
2022-03-09_uc_irvine_cal_st_fullerton,UC Irvine,13,"Lee, Déja",False,6,0,0,,0,0,,0,0,,0,0,0,1,0,0,0,0,0
2022-03-09_uc_irvine_cal_st_fullerton,UC Irvine,24,"Kapinga, Melodie",False,1,0,0,,0,0,,0,0,,0,0,0,0,0,0,0,0,0
2022-03-09_uc_irvine_cal_st_fullerton,UC Irvine,TM,TEAM,False,0,0,0,,0,0,,0,0,,2,3,5,0,0,1,0,0,0
2022-03-09_uc_riverside_uc_santa_barbara,UC Santa Barbara,02,"Tucker, Alexis",True,38,6,13,0.462,1,2,0.5,1,1,1.0,1,11,12,3,0,4,0,2,14
2022-03-09_uc_riverside_uc_santa_barbara,UC Santa Barbara,00,"Miller, Danae",True,40,3,11,0.273,0,2,0.0,3,4,0.75,2,3,5,0,5,4,0,0,9
2022-03-09_uc_riverside_uc_santa_barbara,UC Santa Barbara,31,"Lane, Ila",True,25,4,10,0.4,0,0,,0,0,,1,4,5,3,0,4,1,0,8
2022-03-09_uc_riverside_uc_santa_barbara,UC Santa Barbara,30,"Anderson, Megan",True,13,1,2,0.5,1,2,0.5,0,0,,0,3,3,0,0,2,0,0,3
2022-03-09_uc_riverside_uc_santa_barbara,UC Santa Barbara,01,"Gonzalez, Johnni",True,19,0,2,0.0,0,0,,0,0,,0,0,0,2,2,0,0,0,0
2022-03-09_uc_riverside_uc_santa_barbara,UC Santa Barbara,12,"Mole, Taylor",False,27,2,6,0.333,1,3,0.333,0,0,,1,4,5,1,0,0,2,3,5
2022-03-09_uc_riverside_uc_santa_barbara,UC Santa Barbara,10,"Choice, Anya",False,17,1,4,0.25,0,1,0.0,0,0,,1,0,1,3,0,2,0,1,2
2022-03-09_uc_riverside_uc_santa_barbara,UC Santa Barbara,11,"Lee, Lauren",False,17,0,0,,0,0,,1,2,0.5,1,1,2,3,0,1,0,0,1
2022-03-09_uc_riverside_uc_santa_barbara,UC Santa Barbara,03,"Marin, Alyssa",False,4,0,1,0.0,0,0,,0,0,,0,0,0,3,0,1,0,0,0
2022-03-09_uc_riverside_uc_santa_barbara,UC Santa Barbara,21,"Johnson, Kennedy",False,,0,0,,0,0,,0,0,,0,0,0,1,0,0,0,0,0
2022-03-09_uc_riverside_uc_santa_barbara,UC Santa Barbara,TM,TEAM,False,0,0,0,,0,0,,0,0,,2,2,4,0,0,2,0,0,0
2022-03-09_uc_riverside_uc_santa_barbara,UC Riverside,04,"Holland, Jada",True,35,4,14,0.286,0,1,0.0,4,4,1.0,0,3,3,1,3,5,2,2,12
2022-03-09_uc_riverside_uc_santa_barbara,UC Riverside,15,"Blount, Anna",True,24,2,11,0.182,0,0,,6,6,1.0,5,1,6,1,1,2,1,0,10
2022-03-09_uc_riverside_uc_santa_barbara,UC Riverside,03,"West, Olivia",True,40,3,7,0.429,1,2,0.5,2,3,0.667,0,2,2,1,1,0,0,1,9
2022-03-09_uc_riverside_uc_santa_barbara,UC Riverside,10,"Cooper, Keilanei",True,22,2,8,0.25,0,1,0.0,0,0,,0,3,3,4,0,2,0,1,4
2022-03-09_uc_riverside_uc_santa_barbara,UC Riverside,14,"Finau, Mele",True,22,1,3,0.333,1,2,0.5,0,0,,1,4,5,1,1,1,0,0,3
2022-03-09_uc_riverside_uc_santa_barbara,UC Riverside,32,"Webster, Jordan",False,28,2,3,0.667,2,3,0.667,0,0,,0,4,4,2,0,3,1,0,6
2022-03-09_uc_riverside_uc_santa_barbara,UC Riverside,24,"Gnago, Daphne",False,10,1,3,0.333,0,0,,0,0,,1,1,2,2,0,0,0,1,2
2022-03-09_uc_riverside_uc_santa_barbara,UC Riverside,02,"Walters, Ryanne",False,14,0,2,0.0,0,0,,0,0,,0,1,1,2,0,1,0,3,0
2022-03-09_uc_riverside_uc_santa_barbara,UC Riverside,00,"Bryant, Matehya",False,3,0,1,0.0,0,0,,0,0,,0,0,0,0,0,1,0,0,0
2022-03-09_uc_riverside_uc_santa_barbara,UC Riverside,11,"Matarranz, Esther",False,2,0,0,,0,0,,0,0,,0,0,0,0,0,0,0,0,0
2022-03-09_uc_riverside_uc_santa_barbara,UC Riverside,TM,TEAM,False,0,0,0,,0,0,,0,0,,2,5,7,0,0,0,0,0,0
2022-03-11_uc_irvine_uc_davis,UC Davis,15,"Turner, Evanne",True,44,8,19,0.421,4,15,0.267,2,2,1.0,1,0,1,3,2,2,0,0,22
2022-03-11_uc_irvine_uc_davis,UC Davis,32,"Hall, Cierra",True,44,8,19,0.421,0,3,0.0,4,5,0.8,3,11,14,3,1,3,1,0,20
2022-03-11_uc_irvine_uc_davis,UC Davis,11,"Stobbart, Sage",True,35,6,13,0.462,0,3,0.0,3,5,0.6,4,6,10,4,3,4,1,0,15
2022-03-11_uc_irvine_uc_davis,UC Davis,13,"Burns, Sydney",True,32,3,7,0.429,0,2,0.0,0,0,,1,2,3,4,4,2,2,3,6
2022-03-11_uc_irvine_uc_davis,UC Davis,23,"Konrad, Kayla",True,41,2,8,0.25,0,2,0.0,0,0,,0,5,5,5,3,0,1,1,4
2022-03-11_uc_irvine_uc_davis,UC Davis,10,"Svanholm, Lena",False,10,2,3,0.667,2,3,0.667,0,0,,0,0,0,0,0,1,0,0,6
2022-03-11_uc_irvine_uc_davis,UC Davis,03,"Gray, Campbell",False,13,0,0,,0,0,,2,2,1.0,0,0,0,0,2,1,0,0,2
2022-03-11_uc_irvine_uc_davis,UC Davis,33,"Harris, Mazatlan",False,6,0,0,,0,0,,0,0,,0,1,1,2,0,1,0,0,0
2022-03-11_uc_irvine_uc_davis,UC Davis,TM,TEAM,False,0,0,0,,0,0,,0,0,,3,4,7,0,0,0,0,0,0
2022-03-11_uc_irvine_uc_davis,UC Irvine,04,"Williams, Kayla",True,42,8,18,0.444,1,6,0.167,5,6,0.833,1,3,4,2,4,3,0,2,22
2022-03-11_uc_irvine_uc_davis,UC Irvine,42,"Hunt, Naomi",True,27,3,7,0.429,3,4,0.75,2,4,0.5,0,4,4,3,1,1,1,1,11
2022-03-11_uc_irvine_uc_davis,UC Irvine,35,"Locandro, Sophia",True,33,3,4,0.75,1,1,1.0,2,2,1.0,2,4,6,3,0,1,1,1,9
2022-03-11_uc_irvine_uc_davis,UC Irvine,10,"Cadee, Jayde",True,23,1,4,0.25,0,3,0.0,7,9,0.778,2,3,5,0,1,0,0,0,9
2022-03-11_uc_irvine_uc_davis,UC Irvine,03,"Tom, Nikki",True,27,2,5,0.4,1,2,0.5,1,1,1.0,0,5,5,3,0,0,0,2,6
2022-03-11_uc_irvine_uc_davis,UC Irvine,02,"Webb, Chloe",False,23,5,12,0.417,1,4,0.25,3,4,0.75,0,1,1,5,0,2,0,2,14
2022-03-11_uc_irvine_uc_davis,UC Irvine,45,"Dusharm, Tara",False,10,2,2,1.0,0,0,,3,4,0.75,0,0,0,1,1,1,0,0,7
2022-03-11_uc_irvine_uc_davis,UC Irvine,21,"Williams, Olivia",False,16,2,4,0.5,0,2,0.0,0,0,,0,0,0,0,1,0,0,0,4
2022-03-11_uc_irvine_uc_davis,UC Irvine,20,"Hernandez, Hunter",False,22,1,3,0.333,0,0,,0,0,,0,5,5,2,2,0,1,1,2
2022-03-11_uc_irvine_uc_davis,UC Irvine,13,"Lee, Déja",False,1,0,0,,0,0,,0,0,,0,0,0,0,0,0,0,0,0
2022-03-11_uc_irvine_uc_davis,UC Irvine,33,"Kaupu, Caiyle",False,1,0,0,,0,0,,0,0,,0,0,0,0,0,0,0,0,0
2022-03-11_uc_irvine_uc_davis,UC Irvine,TM,TEAM,False,0,0,0,,0,0,,0,0,,1,5,6,0,0,1,0,0,0
2022-03-11_hawaii_uc_riverside,UC Riverside,04,"Holland, Jada",True,40,5,12,0.417,1,2,0.5,4,7,0.571,0,4,4,1,5,3,0,3,15
2022-03-11_hawaii_uc_riverside,UC Riverside,03,"West, Olivia",True,40,2,9,0.222,0,5,0.0,8,8,1.0,0,1,1,2,1,2,0,1,12
2022-03-11_hawaii_uc_riverside,UC Riverside,14,"Finau, Mele",True,33,2,7,0.286,0,2,0.0,3,3,1.0,0,1,1,2,0,1,1,0,7
2022-03-11_hawaii_uc_riverside,UC Riverside,10,"Cooper, Keilanei",True,18,2,8,0.25,0,1,0.0,0,0,,1,4,5,0,0,3,0,2,4
2022-03-11_hawaii_uc_riverside,UC Riverside,15,"Blount, Anna",True,10,1,3,0.333,0,0,,0,0,,0,0,0,1,0,0,0,0,2
2022-03-11_hawaii_uc_riverside,UC Riverside,32,"Webster, Jordan",False,26,2,4,0.5,2,4,0.5,2,2,1.0,1,0,1,3,0,0,0,1,8
2022-03-11_hawaii_uc_riverside,UC Riverside,00,"Bryant, Matehya",False,18,2,4,0.5,0,0,,3,4,0.75,1,6,7,3,0,0,1,0,7
2022-03-11_hawaii_uc_riverside,UC Riverside,02,"Walters, Ryanne",False,8,0,4,0.0,0,2,0.0,0,0,,0,0,0,1,0,1,1,0,0
2022-03-11_hawaii_uc_riverside,UC Riverside,24,"Gnago, Daphne",False,4,0,0,,0,0,,0,0,,1,0,1,0,0,0,0,0,0
2022-03-11_hawaii_uc_riverside,UC Riverside,11,"Matarranz, Esther",False,3,0,0,,0,0,,0,0,,1,0,1,0,0,2,0,0,0
2022-03-11_hawaii_uc_riverside,UC Riverside,TM,TEAM,False,0,0,0,,0,0,,0,0,,3,3,6,0,0,1,0,0,0
2022-03-11_hawaii_uc_riverside,Hawaii,25,"Atwell, Amy",True,35,8,15,0.533,6,8,0.75,0,0,,1,12,13,1,1,3,1,4,22
2022-03-11_hawaii_uc_riverside,Hawaii,11,"Spiller, Kallin",True,21,5,9,0.556,1,3,0.333,0,1,0.0,1,4,5,3,2,1,1,0,11
2022-03-11_hawaii_uc_riverside,Hawaii,45,"Davies, Olivia",True,28,3,8,0.375,1,3,0.333,3,4,0.75,0,4,4,0,4,2,0,1,10
2022-03-11_hawaii_uc_riverside,Hawaii,15,"Phillips, Daejah",True,21,1,5,0.2,0,0,,0,0,,4,2,6,4,0,2,0,1,2
2022-03-11_hawaii_uc_riverside,Hawaii,01,"Imai, Kelsie",True,20,1,5,0.2,0,1,0.0,0,0,,0,3,3,3,2,1,0,0,2
2022-03-11_hawaii_uc_riverside,Hawaii,02,"Thoms, Ashley",False,28,2,4,0.5,2,4,0.5,2,2,1.0,0,0,0,2,2,1,1,0,8
2022-03-11_hawaii_uc_riverside,Hawaii,14,"Orji, Nnenna",False,15,1,3,0.333,0,0,,4,4,1.0,1,1,2,4,1,2,0,3,6
2022-03-11_hawaii_uc_riverside,Hawaii,24,"Calhoun, Nae Nae",False,22,2,3,0.667,0,0,,1,2,0.5,0,1,1,2,2,1,0,0,5
2022-03-11_hawaii_uc_riverside,Hawaii,34,"David, Jacque",False,5,1,3,0.333,1,2,0.5,0,0,,1,0,1,0,0,0,0,0,3
2022-03-11_hawaii_uc_riverside,Hawaii,23,"McBee, MeiLani",False,5,0,0,,0,0,,0,0,,0,0,0,4,0,2,0,0,0
2022-03-11_hawaii_uc_riverside,Hawaii,TM,TEAM,False,0,0,0,,0,0,,0,0,,7,2,9,0,0,4,0,0,0
2022-03-12_hawaii_uc_irvine,UC Irvine,04,"Williams, Kayla",True,40,4,18,0.222,2,10,0.2,1,4,0.25,2,2,4,3,3,6,0,2,11
2022-03-12_hawaii_uc_irvine,UC Irvine,10,"Cadee, Jayde",True,28,4,12,0.333,3,9,0.333,0,0,,1,2,3,4,2,0,0,0,11
2022-03-12_hawaii_uc_irvine,UC Irvine,35,"Locandro, Sophia",True,31,3,7,0.429,0,1,0.0,3,4,0.75,1,6,7,3,0,1,3,0,9
2022-03-12_hawaii_uc_irvine,UC Irvine,03,"Tom, Nikki",True,30,2,4,0.5,2,4,0.5,0,0,,2,2,4,3,2,0,0,2,6
2022-03-12_hawaii_uc_irvine,UC Irvine,42,"Hunt, Naomi",True,17,2,6,0.333,2,4,0.5,0,0,,2,2,4,2,1,0,0,0,6
2022-03-12_hawaii_uc_irvine,UC Irvine,02,"Webb, Chloe",False,24,1,8,0.125,0,4,0.0,3,4,0.75,4,2,6,3,2,1,0,1,5
2022-03-12_hawaii_uc_irvine,UC Irvine,20,"Hernandez, Hunter",False,17,0,0,,0,0,,0,0,,0,0,0,2,0,2,0,0,0
2022-03-12_hawaii_uc_irvine,UC Irvine,45,"Dusharm, Tara",False,5,0,1,0.0,0,0,,0,2,0.0,1,1,2,2,0,0,0,0,0
2022-03-12_hawaii_uc_irvine,UC Irvine,21,"Williams, Olivia",False,3,0,2,0.0,0,0,,0,0,,0,2,2,0,0,0,0,0,0
2022-03-12_hawaii_uc_irvine,UC Irvine,33,"Kaupu, Caiyle",False,3,0,1,0.0,0,0,,0,0,,2,0,2,1,0,0,0,0,0
2022-03-12_hawaii_uc_irvine,UC Irvine,13,"Lee, Déja",False,2,0,0,,0,0,,0,0,,0,0,0,0,0,1,0,0,0
2022-03-12_hawaii_uc_irvine,UC Irvine,TM,TEAM,False,0,0,0,,0,0,,0,0,,0,0,0,0,0,0,0,0,0
2022-03-12_hawaii_uc_irvine,Hawaii,45,"Davies, Olivia",True,36,2,4,0.5,1,2,0.5,9,9,1.0,1,4,5,2,0,2,0,0,14
2022-03-12_hawaii_uc_irvine,Hawaii,25,"Atwell, Amy",True,37,3,8,0.375,1,4,0.25,6,7,0.857,0,5,5,1,1,0,0,1,13
2022-03-12_hawaii_uc_irvine,Hawaii,15,"Phillips, Daejah",True,31,2,6,0.333,0,1,0.0,4,6,0.667,6,4,10,3,5,1,0,1,8
2022-03-12_hawaii_uc_irvine,Hawaii,11,"Spiller, Kallin",True,23,4,9,0.444,0,2,0.0,0,0,,2,3,5,3,1,1,0,1,8
2022-03-12_hawaii_uc_irvine,Hawaii,01,"Imai, Kelsie",True,17,0,8,0.0,0,5,0.0,0,0,,1,2,3,1,2,1,0,0,0
2022-03-12_hawaii_uc_irvine,Hawaii,14,"Orji, Nnenna",False,16,3,4,0.75,0,0,,5,6,0.833,1,3,4,1,0,1,0,0,11
2022-03-12_hawaii_uc_irvine,Hawaii,24,"Calhoun, Nae Nae",False,23,1,4,0.25,0,2,0.0,3,4,0.75,0,4,4,3,0,1,0,2,5
2022-03-12_hawaii_uc_irvine,Hawaii,02,"Thoms, Ashley",False,10,0,2,0.0,0,2,0.0,0,0,,0,2,2,1,1,0,0,1,0
2022-03-12_hawaii_uc_irvine,Hawaii,34,"David, Jacque",False,4,0,1,0.0,0,1,0.0,0,0,,0,0,0,1,1,0,0,0,0
2022-03-12_hawaii_uc_irvine,Hawaii,23,"McBee, MeiLani",False,3,0,2,0.0,0,1,0.0,0,0,,0,0,0,0,0,0,0,0,0
2022-03-12_hawaii_uc_irvine,Hawaii,TM,TEAM,False,0,0,0,,0,0,,0,0,,3,0,3,0,0,2,0,0,0
2022-03-17_oregon_st_long_beach_st,Long Beach St.,10,"King, Justina",True,36,6,23,0.261,2,6,0.333,6,9,0.667,0,0,0,2,4,0,1,0,20
2022-03-17_oregon_st_long_beach_st,Long Beach St.,25,"Hamilton-fisher, Kianna",True,32,6,16,0.375,5,8,0.625,0,0,,2,6,8,5,1,0,0,5,17
2022-03-17_oregon_st_long_beach_st,Long Beach St.,1,"Utti, Maddi",True,25,2,7,0.286,1,1,1.0,2,2,1.0,3,7,10,2,0,0,0,4,7
2022-03-17_oregon_st_long_beach_st,Long Beach St.,11,"Hardy, Jasmine",True,31,2,8,0.25,0,4,0.0,0,0,,0,1,1,4,1,0,1,3,4
2022-03-17_oregon_st_long_beach_st,Long Beach St.,2,"Tucker, Savannah",True,20,0,6,0.0,0,2,0.0,0,0,,2,1,3,2,0,0,0,0,0
2022-03-17_oregon_st_long_beach_st,Long Beach St.,12,"Jeskeova, Kristyna",False,23,3,8,0.375,2,5,0.4,1,1,1.0,2,4,6,4,0,2,2,2,9
2022-03-17_oregon_st_long_beach_st,Long Beach St.,00,"Berry, Ma'qhi",False,23,1,5,0.2,0,0,,0,0,,0,0,0,1,2,1,0,2,2
2022-03-17_oregon_st_long_beach_st,Long Beach St.,23,"Green, Lauren",False,8,0,1,0.0,0,0,,0,0,,0,0,0,2,0,0,0,0,0
2022-03-17_oregon_st_long_beach_st,Long Beach St.,5,"Sullivan, Emily",False,2,0,1,0.0,0,1,0.0,0,0,,0,0,0,1,0,0,0,0,0
2022-03-17_oregon_st_long_beach_st,Long Beach St.,TM,TEAM,False,0,0,0,,0,0,,0,0,,4,0,4,0,0,0,0,0,0
2022-03-17_oregon_st_long_beach_st,Oregon St.,12,"Mitrovic, Jelena",True,10,6,6,1.0,0,0,,2,3,0.667,1,2,3,0,0,1,0,0,14
2022-03-17_oregon_st_long_beach_st,Oregon St.,20,"Mack, Ellie",True,38,5,11,0.455,1,3,0.333,0,0,,1,3,4,0,5,5,0,1,11
2022-03-17_oregon_st_long_beach_st,Oregon St.,5,"Corosdale, Taya",True,25,2,4,0.5,0,1,0.0,2,2,1.0,1,8,9,2,4,1,1,0,6
2022-03-17_oregon_st_long_beach_st,Oregon St.,22,"von Oelhoffen, Talia",True,17,2,6,0.333,1,3,0.333,0,0,,0,3,3,2,2,4,0,1,5
2022-03-17_oregon_st_long_beach_st,Oregon St.,23,"Codding, Emily",True,20,0,1,0.0,0,0,,0,0,,1,3,4,1,1,3,2,0,0
2022-03-17_oregon_st_long_beach_st,Oregon St.,42,"Brown, Kennedy",False,30,5,8,0.625,0,1,0.0,5,7,0.714,2,10,12,2,1,2,2,0,15
2022-03-17_oregon_st_long_beach_st,Oregon St.,10,"Kampschroeder, Greta",False,22,2,5,0.4,0,1,0.0,2,4,0.5,0,4,4,1,2,2,1,0,6
2022-03-17_oregon_st_long_beach_st,Oregon St.,25,"Adams, Tea",False,18,2,2,1.0,0,0,,2,4,0.5,0,4,4,1,1,1,0,0,6
2022-03-17_oregon_st_long_beach_st,Oregon St.,4,"Mannen, Noelle",False,9,2,2,1.0,1,1,1.0,0,0,,0,1,1,2,1,1,0,0,5
2022-03-17_oregon_st_long_beach_st,Oregon St.,11,"Marotte, Aj",False,11,1,4,0.25,0,2,0.0,0,0,,0,1,1,0,2,0,0,0,2
2022-03-17_oregon_st_long_beach_st,Oregon St.,TM,TEAM,False,0,0,0,,0,0,,0,0,,2,3,5,0,0,0,0,0,0
2022-03-18_baylor_hawaii,Hawaii,25,"Atwell, Amy",True,36,8,20,0.4,6,15,0.4,7,7,1.0,2,11,13,2,1,2,0,0,29
2022-03-18_baylor_hawaii,Hawaii,11,"Spiller, Kallin",True,18,4,10,0.4,2,4,0.5,0,0,,3,4,7,2,1,2,1,0,10
2022-03-18_baylor_hawaii,Hawaii,15,"Phillips, Daejah",True,30,1,8,0.125,0,2,0.0,0,0,,2,2,4,3,3,1,0,1,2
2022-03-18_baylor_hawaii,Hawaii,01,"Imai, Kelsie",True,15,1,4,0.25,0,1,0.0,0,0,,1,1,2,2,2,3,0,1,2
2022-03-18_baylor_hawaii,Hawaii,45,"Davies, Olivia",True,31,0,12,0.0,0,6,0.0,0,0,,0,1,1,3,1,0,1,1,0
2022-03-18_baylor_hawaii,Hawaii,14,"Orji, Nnenna",False,21,2,8,0.25,0,2,0.0,2,3,0.667,1,0,1,0,0,0,0,0,6
2022-03-18_baylor_hawaii,Hawaii,24,"Calhoun, Nae Nae",False,15,0,2,0.0,0,0,,0,0,,0,0,0,2,0,0,0,1,0
2022-03-18_baylor_hawaii,Hawaii,34,"David, Jacque",False,13,0,5,0.0,0,2,0.0,0,0,,0,1,1,0,0,0,0,0,0
2022-03-18_baylor_hawaii,Hawaii,02,"Thoms, Ashley",False,12,0,2,0.0,0,1,0.0,0,0,,0,2,2,0,0,0,0,0,0
2022-03-18_baylor_hawaii,Hawaii,23,"McBee, MeiLani",False,9,0,1,0.0,0,1,0.0,0,0,,2,0,2,0,1,1,0,1,0
2022-03-18_baylor_hawaii,Hawaii,TM,TEAM,False,0,0,0,,0,0,,0,0,,2,0,2,0,0,0,0,0,0
2022-03-18_baylor_hawaii,Baylor,03,"Lewis, Jordan",True,27,7,8,0.875,2,3,0.667,7,11,0.636,2,6,8,0,5,1,0,0,23
2022-03-18_baylor_hawaii,Baylor,01,"Smith, NaLyssa",True,23,9,13,0.692,1,1,1.0,2,2,1.0,3,11,14,2,2,2,0,0,21
2022-03-18_baylor_hawaii,Baylor,24,"Andrews, Sarah",True,33,7,12,0.583,2,6,0.333,0,0,,1,6,7,0,6,1,0,0,16
2022-03-18_baylor_hawaii,Baylor,04,"Egbo, Queen",True,30,4,10,0.4,0,0,,2,4,0.5,4,10,14,1,2,2,2,0,10
2022-03-18_baylor_hawaii,Baylor,21,"Asberry, Ja'Mee",True,31,2,10,0.2,2,8,0.25,0,0,,0,4,4,1,3,1,0,1,6
2022-03-18_baylor_hawaii,Baylor,51,"Bickle, Caitlin",False,17,3,6,0.5,0,1,0.0,1,2,0.5,1,2,3,4,0,1,1,1,7
2022-03-18_baylor_hawaii,Baylor,10,"Owens, Jaden",False,27,2,4,0.5,0,2,0.0,0,0,,0,2,2,0,1,1,0,3,4
2022-03-18_baylor_hawaii,Baylor,25,"Gillispie, Kendra",False,10,1,3,0.333,0,0,,0,0,,1,2,3,2,1,0,0,0,2
2022-03-18_baylor_hawaii,Baylor,11,"Katramados, Andrea",False,2,0,0,,0,0,,0,0,,0,0,0,0,1,1,0,0,0
2022-03-18_baylor_hawaii,Baylor,TM,TEAM,False,0,0,0,,0,0,,0,0,,1,0,1,0,0,0,0,0,0
2022-03-18_ucla_uc_irvine,UC Irvine,4,"Williams, Kayla",True,33,5,13,0.385,3,5,0.6,0,0,,1,3,4,0,4,2,0,2,13
2022-03-18_ucla_uc_irvine,UC Irvine,42,"Hunt, Naomi",True,31,4,14,0.286,3,9,0.333,0,0,,0,1,1,2,1,2,0,1,11
2022-03-18_ucla_uc_irvine,UC Irvine,3,"Tom, Nikki",True,31,3,6,0.5,0,0,,3,3,1.0,2,2,4,1,1,0,0,0,9
2022-03-18_ucla_uc_irvine,UC Irvine,35,"Locandro, Sophia",True,23,2,7,0.286,1,2,0.5,0,0,,1,6,7,2,0,5,0,1,5
2022-03-18_ucla_uc_irvine,UC Irvine,10,"Cadee, Jayde",True,17,0,4,0.0,0,2,0.0,0,0,,0,0,0,1,1,1,0,0,0
2022-03-18_ucla_uc_irvine,UC Irvine,21,"Williams, Olivia",False,13,2,3,0.667,0,0,,0,0,,0,2,2,0,1,1,0,1,4
2022-03-18_ucla_uc_irvine,UC Irvine,20,"Hernandez, Hunter",False,20,0,3,0.0,0,1,0.0,2,2,1.0,0,3,3,4,0,3,0,0,2
2022-03-18_ucla_uc_irvine,UC Irvine,13,"Lee, Déja",False,11,1,4,0.25,0,0,,0,1,0.0,0,0,0,2,0,2,0,0,2
2022-03-18_ucla_uc_irvine,UC Irvine,24,"Kapinga, Melodie",False,7,1,1,1.0,0,0,,0,0,,1,0,1,0,0,0,0,0,2
2022-03-18_ucla_uc_irvine,UC Irvine,45,"Dusharm, Tara",False,10,0,0,,0,0,,0,0,,1,1,2,1,0,2,1,1,0
2022-03-18_ucla_uc_irvine,UC Irvine,33,"Kaupu, Caiyle",False,4,0,0,,0,0,,0,0,,0,1,1,0,0,0,0,0,0
2022-03-18_ucla_uc_irvine,UC Irvine,TM,TEAM,False,0,0,0,,0,0,,0,0,,4,3,7,0,0,0,0,0,0
2022-03-18_ucla_uc_irvine,UCLA,23,"Chou, Natalie",True,33,6,9,0.667,5,7,0.714,2,2,1.0,0,3,3,0,1,2,3,0,19
2022-03-18_ucla_uc_irvine,UCLA,20,"Osborne, Charisma",True,35,3,12,0.25,0,3,0.0,0,0,,3,3,6,1,4,4,0,1,6
2022-03-18_ucla_uc_irvine,UCLA,31,"Penn, Jaelynn",True,27,2,5,0.4,1,3,0.333,0,0,,0,3,3,1,1,1,0,1,5
2022-03-18_ucla_uc_irvine,UCLA,35,"Brown, Camryn",True,26,2,5,0.4,0,0,,0,0,,4,4,8,2,0,2,4,1,4
2022-03-18_ucla_uc_irvine,UCLA,43,"Anstey, Izzy",True,11,1,6,0.167,0,0,,0,0,,1,0,1,1,0,1,0,2,2
2022-03-18_ucla_uc_irvine,UCLA,24,"Thomas, Iimar'i",False,25,4,8,0.5,0,1,0.0,5,5,1.0,4,8,12,3,3,4,0,2,13
2022-03-18_ucla_uc_irvine,UCLA,32,"Dugalić, Angela",False,17,4,6,0.667,0,0,,0,0,,2,2,4,2,0,1,1,2,8
2022-03-18_ucla_uc_irvine,UCLA,2,"Onu, Dominique",False,15,2,4,0.5,0,1,0.0,0,1,0.0,0,2,2,0,1,0,1,1,4
2022-03-18_ucla_uc_irvine,UCLA,1,"Owens, Kayla",False,11,0,4,0.0,0,0,,0,0,,0,2,2,1,1,0,0,0,0
2022-03-18_ucla_uc_irvine,UCLA,TM,TEAM,False,0,0,0,,0,0,,0,0,,0,1,1,0,0,0,0,0,0
