game_id,team,jersey,player,started,min,fg_m,fg_a,fg_pct,3p_m,3p_a,3p_pct,ft_m,ft_a,ft_pct,oreb,dreb,reb,pf,ast,to,blk,stl,pts
2024-10-27_hawaii_hilo_hawaii,Hawaii,14,"Rewers, Brooklyn",True,12,4,5,0.8,1,1,1.0,4,4,1.0,1,3,4,0,0,2,0,0,13
2024-10-27_hawaii_hilo_hawaii,Hawaii,03,"Wahinekapu, Lily",True,20,5,9,0.556,1,4,0.25,0,1,0.0,1,1,2,1,3,0,0,3,11
2024-10-27_hawaii_hilo_hawaii,Hawaii,01,"Imai, Kelsie",True,22,3,9,0.333,0,2,0.0,2,2,1.0,1,1,2,3,3,0,1,2,8
2024-10-27_hawaii_hilo_hawaii,Hawaii,15,"Phillips, Daejah",True,19,2,5,0.4,0,1,0.0,2,2,1.0,0,0,0,2,0,0,0,0,6
2024-10-27_hawaii_hilo_hawaii,Hawaii,23,"McBee, MeiLani",True,16,0,2,0.0,0,2,0.0,0,0,,0,4,4,2,0,2,0,0,0
2024-10-27_hawaii_hilo_hawaii,Hawaii,24,"Tamilo, Ritorya",False,15,4,4,1.0,0,0,,3,5,0.6,2,5,7,3,1,4,2,0,11
2024-10-27_hawaii_hilo_hawaii,Hawaii,04,"Lefotu, Jovi",False,16,2,8,0.25,1,2,0.5,1,1,1.0,1,2,3,1,0,0,0,2,6
2024-10-27_hawaii_hilo_hawaii,Hawaii,22,"Peacock, Jade",False,14,2,5,0.4,2,5,0.4,0,0,,1,2,3,0,1,1,0,1,6
2024-10-27_hawaii_hilo_hawaii,Hawaii,08,"Moors, Rebecca",False,15,1,3,0.333,0,1,0.0,2,2,1.0,1,1,2,1,3,2,0,0,4
2024-10-27_hawaii_hilo_hawaii,Hawaii,02,"'Uhila, Mia",False,19,1,3,0.333,0,2,0.0,0,0,,0,3,3,0,2,1,0,2,2
2024-10-27_hawaii_hilo_hawaii,Hawaii,12,"Perez, Imani",False,16,1,3,0.333,0,1,0.0,0,0,,4,5,9,2,0,2,0,0,2
2024-10-27_hawaii_hilo_hawaii,Hawaii,11,"Filemu, Kira-May",False,9,0,2,0.0,0,1,0.0,0,0,,0,1,1,3,1,1,0,0,0
2024-10-27_hawaii_hilo_hawaii,Hawaii,10,"Kujovic, Danijela",False,7,0,0,,0,0,,0,0,,1,0,1,0,0,1,0,0,0
2024-10-27_hawaii_hilo_hawaii,Hawaii,TM,TEAM,False,0,0,0,,0,0,,0,0,,0,2,2,0,0,0,0,0,0
2024-10-27_hawaii_hilo_hawaii,Hawaii Hilo,03,"Cruz, Kaile",True,29,3,10,0.3,2,5,0.4,6,6,1.0,0,4,4,2,2,3,0,0,14
2024-10-27_hawaii_hilo_hawaii,Hawaii Hilo,33,"Kaupu, Caiyle",True,27,5,16,0.312,0,3,0.0,3,3,1.0,3,4,7,3,1,3,0,0,13
2024-10-27_hawaii_hilo_hawaii,Hawaii Hilo,21,"Sua-Godinet, Noelle",True,31,2,3,0.667,0,0,,2,3,0.667,1,3,4,4,1,0,0,1,6
2024-10-27_hawaii_hilo_hawaii,Hawaii Hilo,11,"Kawaha, Mindy",True,30,1,5,0.2,1,4,0.25,1,2,0.5,0,3,3,2,1,4,0,2,4
2024-10-27_hawaii_hilo_hawaii,Hawaii Hilo,10,"Agonias, Keirstyn",True,13,1,5,0.2,0,1,0.0,0,0,,0,1,1,2,0,1,0,1,2
2024-10-27_hawaii_hilo_hawaii,Hawaii Hilo,04,"Hiu, Melanie",False,25,2,3,0.667,2,3,0.667,0,0,,0,1,1,2,1,1,1,0,6
2024-10-27_hawaii_hilo_hawaii,Hawaii Hilo,23,"Oda, Kendall",False,21,1,1,1.0,1,1,1.0,0,0,,0,2,2,1,0,1,0,0,3
2024-10-27_hawaii_hilo_hawaii,Hawaii Hilo,20,"Huihui, KeanuMarie",False,22,1,6,0.167,0,5,0.0,0,2,0.0,1,2,3,4,2,4,0,0,2
2024-10-27_hawaii_hilo_hawaii,Hawaii Hilo,02,"Wade, Kylie",False,2,0,1,0.0,0,0,,0,0,,1,0,1,0,0,0,0,1,0
2024-10-27_hawaii_hilo_hawaii,Hawaii Hilo,TM,TEAM,False,0,0,0,,0,0,,0,0,,0,3,3,0,0,2,0,0,0
2024-10-30_cal_poly_sonoma_st,Sonoma St.,20,"Clark, Madisyn",True,29,6,12,0.5,0,4,0.0,3,4,0.75,0,4,4,2,0,2,1,2,15
2024-10-30_cal_poly_sonoma_st,Sonoma St.,12,"Blackard, Jayme",True,29,3,10,0.3,0,3,0.0,1,6,0.167,0,0,0,1,0,3,0,1,7
2024-10-30_cal_poly_sonoma_st,Sonoma St.,7,"Harrison, Corrie",True,19,3,7,0.429,0,0,,0,0,,3,1,4,2,0,2,0,2,6
2024-10-30_cal_poly_sonoma_st,Sonoma St.,4,"Arikat, Sheriene",True,21,1,4,0.25,0,1,0.0,1,2,0.5,1,2,3,3,0,2,0,1,3
2024-10-30_cal_poly_sonoma_st,Sonoma St.,5,"Cherwinski, Sienna",True,17,1,4,0.25,1,3,0.333,0,0,,1,2,3,2,0,1,0,2,3
2024-10-30_cal_poly_sonoma_st,Sonoma St.,22,"Pentzer, Paige",False,19,2,7,0.286,1,2,0.5,1,2,0.5,2,2,4,0,0,0,1,0,6
2024-10-30_cal_poly_sonoma_st,Sonoma St.,23,"Gardner, Eryn",False,22,0,2,0.0,0,0,,2,4,0.5,1,3,4,2,0,1,0,1,2
2024-10-30_cal_poly_sonoma_st,Sonoma St.,10,"Moreno, Jennifer",False,12,0,2,0.0,0,0,,2,2,1.0,0,1,1,2,1,1,0,0,2
2024-10-30_cal_poly_sonoma_st,Sonoma St.,00,"Lopez, Alysa",False,16,0,2,0.0,0,1,0.0,1,2,0.5,1,1,2,2,0,2,0,1,1
2024-10-30_cal_poly_sonoma_st,Sonoma St.,43,"Hopkins, Genesis",False,6,0,1,0.0,0,0,,1,2,0.5,1,0,1,0,0,1,0,1,1
2024-10-30_cal_poly_sonoma_st,Sonoma St.,11,"Gilbertson, Meredith",False,5,0,0,,0,0,,0,0,,0,1,1,1,0,2,0,0,0
2024-10-30_cal_poly_sonoma_st,Sonoma St.,1,"Rojo, Ixchel",False,3,0,0,,0,0,,0,0,,0,0,0,0,0,0,0,0,0
2024-10-30_cal_poly_sonoma_st,Sonoma St.,21,"Smith, Laura",False,2,0,0,,0,0,,0,0,,0,0,0,0,0,0,0,0,0
2024-10-30_cal_poly_sonoma_st,Sonoma St.,TM,TEAM,False,0,0,0,,0,0,,0,0,,3,1,4,0,0,1,0,0,0
2024-10-30_cal_poly_sonoma_st,Cal Poly,4,"Lichtie, Sierra",True,27,7,12,0.583,1,1,1.0,2,3,0.667,2,9,11,3,1,2,1,1,17
2024-10-30_cal_poly_sonoma_st,Cal Poly,2,"Shah, Annika",True,27,4,11,0.364,4,9,0.444,0,0,,1,2,3,1,3,2,0,0,12
2024-10-30_cal_poly_sonoma_st,Cal Poly,15,"Bourland, Sydney",True,27,3,6,0.5,0,0,,0,0,,0,1,1,2,3,2,1,1,6
2024-10-30_cal_poly_sonoma_st,Cal Poly,24,"Carter, Mary",True,26,2,6,0.333,1,2,0.5,0,0,,2,1,3,1,0,3,0,1,5
2024-10-30_cal_poly_sonoma_st,Cal Poly,10,"Richards, Sidney",True,28,1,4,0.25,0,0,,1,2,0.5,2,3,5,1,2,4,0,4,3
2024-10-30_cal_poly_sonoma_st,Cal Poly,5,"Robinson, Gabby",False,16,3,5,0.6,0,1,0.0,0,0,,0,1,1,4,0,0,0,1,6
2024-10-30_cal_poly_sonoma_st,Cal Poly,23,"Moleón Hidalgo, Ana",False,6,1,1,1.0,0,0,,1,2,0.5,0,0,0,1,0,1,0,0,3
2024-10-30_cal_poly_sonoma_st,Cal Poly,14,"Bears, Gillian",False,14,1,4,0.25,0,0,,0,0,,0,3,3,1,0,1,1,0,2
2024-10-30_cal_poly_sonoma_st,Cal Poly,9,"Perez, Nora",False,6,1,1,1.0,0,0,,0,0,,0,1,1,1,1,1,0,0,2
2024-10-30_cal_poly_sonoma_st,Cal Poly,22,"Goosby, Alana",False,17,0,0,,0,0,,1,4,0.25,2,3,5,2,6,4,0,2,1
2024-10-30_cal_poly_sonoma_st,Cal Poly,11,"Knapp, Avery",False,2,0,0,,0,0,,0,0,,0,0,0,3,0,0,0,0,0
2024-10-30_cal_poly_sonoma_st,Cal Poly,13,"Cohen, Sadie",False,2,0,0,,0,0,,0,0,,0,0,0,1,0,0,0,0,0
2024-10-30_cal_poly_sonoma_st,Cal Poly,21,"Fontes, Carmela",False,2,0,0,,0,0,,0,0,,0,0,0,0,0,0,0,0,0
2024-10-30_cal_poly_sonoma_st,Cal Poly,TM,TEAM,False,0,0,0,,0,0,,0,0,,1,5,6,0,0,1,0,0,0
2024-11-02_hawaii_chaminade,Chaminade,51,"Weaver, Maddy",True,20,1,1,1.0,0,0,,2,2,1.0,0,3,3,2,0,2,0,0,4
2024-11-02_hawaii_chaminade,Chaminade,01,"Parado, Julien",True,15,2,3,0.667,0,1,0.0,0,1,0.0,0,0,0,0,2,1,0,0,4
2024-11-02_hawaii_chaminade,Chaminade,15,"Elmasri, Sameera",True,12,1,9,0.111,0,3,0.0,2,2,1.0,0,0,0,2,0,0,0,0,4
2024-11-02_hawaii_chaminade,Chaminade,12,"Escobedo, Morgan",True,15,0,3,0.0,0,0,,0,0,,3,2,5,1,1,1,0,0,0
2024-11-02_hawaii_chaminade,Chaminade,02,"Carter, Dezaray",True,12,0,2,0.0,0,1,0.0,0,0,,0,2,2,1,0,3,0,1,0
2024-11-02_hawaii_chaminade,Chaminade,13,"Gage, Madison",False,16,1,6,0.167,1,4,0.25,2,2,1.0,0,0,0,1,0,0,0,1,5
2024-11-02_hawaii_chaminade,Chaminade,00,"Hein, Libby",False,8,2,3,0.667,1,2,0.5,0,0,,0,1,1,1,1,1,0,0,5
2024-11-02_hawaii_chaminade,Chaminade,03,"Schuetze, Alyssa",False,15,2,2,1.0,0,0,,0,2,0.0,2,1,3,2,1,2,0,1,4
2024-11-02_hawaii_chaminade,Chaminade,04,"Washington, Amaya",False,12,1,1,1.0,0,0,,0,0,,0,0,0,0,0,3,0,0,2
2024-11-02_hawaii_chaminade,Chaminade,14,"Holen, Ashley",False,10,0,2,0.0,0,1,0.0,2,4,0.5,0,0,0,1,0,0,0,2,2
2024-11-02_hawaii_chaminade,Chaminade,24,"Buttery, Selena",False,10,0,0,,0,0,,1,2,0.5,0,0,0,2,0,0,0,0,1
2024-11-02_hawaii_chaminade,Chaminade,32,"Jones, Kali",False,18,0,1,0.0,0,0,,0,2,0.0,0,3,3,3,0,3,0,0,0
2024-11-02_hawaii_chaminade,Chaminade,10,"Matlak, Ellasyn",False,16,0,4,0.0,0,3,0.0,0,0,,1,1,2,0,0,6,0,1,0
2024-11-02_hawaii_chaminade,Chaminade,22,"Squier, Kylie",False,14,0,1,0.0,0,0,,0,0,,0,2,2,1,0,0,0,0,0
2024-11-02_hawaii_chaminade,Chaminade,08,"Arjukese, Krislin",False,7,0,3,0.0,0,3,0.0,0,0,,0,3,3,1,0,2,0,0,0
2024-11-02_hawaii_chaminade,Chaminade,TM,TEAM,False,0,0,0,,0,0,,0,0,,2,4,6,0,0,1,0,0,0
2024-11-02_hawaii_chaminade,Hawaii,03,"Wahinekapu, Lily",True,11,4,6,0.667,1,3,0.333,1,1,1.0,1,2,3,1,0,1,0,0,10
2024-11-02_hawaii_chaminade,Hawaii,14,"Rewers, Brooklyn",True,12,3,8,0.375,0,1,0.0,1,1,1.0,1,2,3,2,0,1,2,0,7
2024-11-02_hawaii_chaminade,Hawaii,15,"Phillips, Daejah",True,12,0,2,0.0,0,1,0.0,2,2,1.0,1,0,1,1,0,0,0,3,2
2024-11-02_hawaii_chaminade,Hawaii,02,"'Uhila, Mia",True,21,0,2,0.0,0,1,0.0,1,2,0.5,1,3,4,0,3,3,0,0,1
2024-11-02_hawaii_chaminade,Hawaii,08,"Moors, Rebecca",True,14,0,1,0.0,0,1,0.0,0,0,,2,1,3,2,1,0,0,2,0
2024-11-02_hawaii_chaminade,Hawaii,24,"Tamilo, Ritorya",False,17,7,10,0.7,0,1,0.0,2,2,1.0,2,3,5,1,0,3,1,2,16
2024-11-02_hawaii_chaminade,Hawaii,11,"Filemu, Kira-May",False,11,3,6,0.5,1,3,0.333,2,2,1.0,1,1,2,1,0,1,0,0,9
2024-11-02_hawaii_chaminade,Hawaii,04,"Lefotu, Jovi",False,23,3,5,0.6,0,2,0.0,2,2,1.0,0,2,2,1,3,0,0,3,8
2024-11-02_hawaii_chaminade,Hawaii,22,"Peacock, Jade",False,12,3,6,0.5,0,2,0.0,2,3,0.667,0,2,2,1,1,0,0,3,8
2024-11-02_hawaii_chaminade,Hawaii,01,"Imai, Kelsie",False,18,2,4,0.5,1,2,0.5,0,0,,0,2,2,1,2,0,1,0,5
2024-11-02_hawaii_chaminade,Hawaii,23,"McBee, MeiLani",False,11,2,6,0.333,1,5,0.2,0,0,,0,2,2,0,1,0,0,2,5
2024-11-02_hawaii_chaminade,Hawaii,12,"Perez, Imani",False,19,1,4,0.25,0,1,0.0,0,0,,3,1,4,2,1,1,0,0,2
2024-11-02_hawaii_chaminade,Hawaii,10,"Kujovic, Danijela",False,16,0,3,0.0,0,2,0.0,0,0,,0,2,2,3,1,0,0,1,0
2024-11-02_hawaii_chaminade,Hawaii,13,"Birdsong, Hallie",False,3,0,0,,0,0,,0,0,,1,1,2,0,0,0,0,0,0
2024-11-02_hawaii_chaminade,Hawaii,TM,TEAM,False,0,0,0,,0,0,,0,0,,0,3,3,0,0,0,0,0,0
2024-11-04_uc_davis_simpson_ca,Simpson (CA),22,"Kinney, Tessa",True,30,3,7,0.429,1,1,1.0,2,2,1.0,0,7,7,2,0,5,0,0,9
2024-11-04_uc_davis_simpson_ca,Simpson (CA),03,"Marshall, Anna",True,26,4,16,0.25,0,1,0.0,0,0,,1,1,2,1,0,2,0,2,8
2024-11-04_uc_davis_simpson_ca,Simpson (CA),24,"Thompson, Nikki",True,30,3,12,0.25,0,4,0.0,0,2,0.0,0,4,4,2,0,1,0,0,6
2024-11-04_uc_davis_simpson_ca,Simpson (CA),11,"Dumatol, Zara",True,24,0,4,0.0,0,1,0.0,4,6,0.667,0,1,1,1,1,4,0,0,4
2024-11-04_uc_davis_simpson_ca,Simpson (CA),23,"Nguyen, Cerina",True,19,0,3,0.0,0,0,,0,0,,1,3,4,2,0,0,0,0,0
2024-11-04_uc_davis_simpson_ca,Simpson (CA),01,"Cushman, Katie",False,11,1,4,0.25,0,0,,3,4,0.75,0,0,0,0,0,3,0,0,5
2024-11-04_uc_davis_simpson_ca,Simpson (CA),02,"Sethman, Haylee",False,19,1,4,0.25,0,2,0.0,2,2,1.0,0,4,4,3,1,3,0,0,4
2024-11-04_uc_davis_simpson_ca,Simpson (CA),10,"Brown, Natalie",False,19,0,1,0.0,0,1,0.0,0,0,,2,1,3,0,1,5,0,2,0
2024-11-04_uc_davis_simpson_ca,Simpson (CA),05,"King, Nisha",False,12,0,1,0.0,0,0,,0,1,0.0,0,0,0,0,0,1,0,0,0
2024-11-04_uc_davis_simpson_ca,Simpson (CA),04,"Garcia, Haily",False,7,0,1,0.0,0,0,,0,0,,0,0,0,0,0,1,0,0,0
2024-11-04_uc_davis_simpson_ca,Simpson (CA),12,"Hernandez, Jacey",False,3,0,0,,0,0,,0,0,,0,0,0,0,0,1,0,0,0
2024-11-04_uc_davis_simpson_ca,Simpson (CA),TM,TEAM,False,0,0,0,,0,0,,0,0,,7,3,10,0,0,1,0,0,0
2024-11-04_uc_davis_simpson_ca,UC Davis,14,"Sabel, Tova",True,25,6,10,0.6,6,9,0.667,0,0,,1,4,5,0,4,5,3,3,18
2024-11-04_uc_davis_simpson_ca,UC Davis,33,"Harris, Mazatlan",True,19,5,8,0.625,1,4,0.25,1,3,0.333,2,1,3,3,1,0,0,4,12
2024-11-04_uc_davis_simpson_ca,UC Davis,25,"Norris, Megan",True,18,4,7,0.571,0,0,,3,4,0.75,2,4,6,2,1,1,3,0,11
2024-11-04_uc_davis_simpson_ca,UC Davis,13,"Burns, Sydney",True,19,2,3,0.667,1,2,0.5,3,4,0.75,0,4,4,1,6,0,0,4,8
2024-11-04_uc_davis_simpson_ca,UC Davis,04,"Epps, Nya",True,20,1,6,0.167,0,1,0.0,0,0,,2,1,3,1,1,1,1,3,2
2024-11-04_uc_davis_simpson_ca,UC Davis,23,"Baker, Victoria",False,18,6,9,0.667,4,6,0.667,0,0,,3,2,5,3,3,0,0,2,16
2024-11-04_uc_davis_simpson_ca,UC Davis,02,"Bennett, Ryann",False,19,4,9,0.444,1,5,0.2,0,0,,0,2,2,0,1,0,0,3,9
2024-11-04_uc_davis_simpson_ca,UC Davis,41,"Shine, Bria",False,14,2,5,0.4,1,2,0.5,1,2,0.5,2,1,3,1,4,0,1,1,6
2024-11-04_uc_davis_simpson_ca,UC Davis,11,"Glad, Clara",False,11,2,5,0.4,1,2,0.5,0,0,,2,2,4,0,0,1,1,0,5
2024-11-04_uc_davis_simpson_ca,UC Davis,05,"Fitzgerald, Ally",False,15,2,7,0.286,0,0,,0,0,,3,3,6,2,0,1,2,0,4
2024-11-04_uc_davis_simpson_ca,UC Davis,09,"Sussex, Avery",False,14,0,3,0.0,0,3,0.0,2,3,0.667,0,3,3,3,4,2,1,0,2
2024-11-04_uc_davis_simpson_ca,UC Davis,03,"Kanagasabay, Sahana",False,8,0,0,,0,0,,0,0,,0,1,1,1,0,1,0,0,0
2024-11-04_uc_davis_simpson_ca,UC Davis,TM,TEAM,False,0,0,0,,0,0,,0,0,,0,4,4,0,0,0,0,0,0
2024-11-04_uc_irvine_new_mexico_st,New Mexico St.,10,"Gassama, Fanta",True,36,8,16,0.5,0,0,,6,6,1.0,3,13,16,3,3,7,0,1,22
2024-11-04_uc_irvine_new_mexico_st,New Mexico St.,7,"Kaiser, Molly",True,36,4,10,0.4,0,1,0.0,7,8,0.875,3,3,6,3,2,4,0,1,15
2024-11-04_uc_irvine_new_mexico_st,New Mexico St.,30,"Csenyi, Anna",True,20,2,3,0.667,2,3,0.667,0,0,,0,0,0,3,0,1,1,1,6
2024-11-04_uc_irvine_new_mexico_st,New Mexico St.,2,"Rozing, Loes",True,32,2,5,0.4,1,2,0.5,0,0,,3,0,3,3,0,0,0,1,5
2024-11-04_uc_irvine_new_mexico_st,New Mexico St.,23,"Peterson, Sylena",True,26,2,7,0.286,0,3,0.0,0,0,,1,5,6,4,1,1,0,1,4
2024-11-04_uc_irvine_new_mexico_st,New Mexico St.,11,"Gerwitz, Madi",False,11,1,5,0.2,1,4,0.25,0,0,,0,1,1,0,0,0,0,0,3
2024-11-04_uc_irvine_new_mexico_st,New Mexico St.,24,"Yenes, Lucia",False,9,1,2,0.5,0,0,,0,0,,0,1,1,1,0,3,0,1,2
2024-11-04_uc_irvine_new_mexico_st,New Mexico St.,3,"Sanchez-oliver, Sianny",False,21,0,0,,0,0,,0,0,,0,1,1,2,1,1,0,0,0
2024-11-04_uc_irvine_new_mexico_st,New Mexico St.,1,"Warren, Imani",False,5,0,1,0.0,0,0,,0,0,,0,0,0,0,1,2,2,1,0
2024-11-04_uc_irvine_new_mexico_st,New Mexico St.,25,"Dasovich, Emma",False,4,0,0,,0,0,,0,0,,0,1,1,1,0,0,0,0,0
2024-11-04_uc_irvine_new_mexico_st,New Mexico St.,TM,TEAM,False,0,0,0,,0,0,,0,0,,0,0,0,0,0,0,0,0,0
2024-11-04_uc_irvine_new_mexico_st,UC Irvine,20,"Hernandez, Hunter",True,33,4,9,0.444,0,2,0.0,5,6,0.833,4,3,7,2,0,6,0,1,13
2024-11-04_uc_irvine_new_mexico_st,UC Irvine,13,"Lee, Déja",True,18,3,9,0.333,1,3,0.333,3,4,0.75,0,1,1,4,0,1,0,2,10
2024-11-04_uc_irvine_new_mexico_st,UC Irvine,3,"Tom, Nikki",True,37,1,4,0.25,0,0,,0,2,0.0,3,1,4,0,7,3,0,4,2
2024-11-04_uc_irvine_new_mexico_st,UC Irvine,24,"Dean, Nevaeh",True,18,0,2,0.0,0,0,,1,2,0.5,0,1,1,3,2,1,0,2,1
2024-11-04_uc_irvine_new_mexico_st,UC Irvine,21,"Williams, Olivia",True,23,0,4,0.0,0,1,0.0,0,0,,0,2,2,1,0,1,0,0,0
2024-11-04_uc_irvine_new_mexico_st,UC Irvine,14,"Hanson, Summah",False,24,6,14,0.429,2,4,0.5,2,2,1.0,1,5,6,4,0,0,3,0,16
2024-11-04_uc_irvine_new_mexico_st,UC Irvine,11,"Scharpf, Amelia",False,17,1,3,0.333,1,1,1.0,1,2,0.5,0,2,2,2,1,0,0,0,4
2024-11-04_uc_irvine_new_mexico_st,UC Irvine,1,"Brooks, Jaida",False,24,1,6,0.167,1,1,1.0,0,0,,0,2,2,1,1,4,0,1,3
2024-11-04_uc_irvine_new_mexico_st,UC Irvine,12,"Nahum, Shirel",False,4,0,0,,0,0,,0,0,,0,0,0,0,0,2,1,0,0
2024-11-04_uc_irvine_new_mexico_st,UC Irvine,9,"Falcon Hernandez, Daniela",False,2,0,0,,0,0,,0,0,,0,0,0,0,0,0,0,0,0
2024-11-04_uc_irvine_new_mexico_st,UC Irvine,22,"Djoko, Clara",False,0,0,0,,0,0,,0,0,,0,0,0,1,0,0,0,0,0
2024-11-04_uc_irvine_new_mexico_st,UC Irvine,TM,TEAM,False,0,0,0,,0,0,,0,0,,3,2,5,0,0,1,0,0,0
2024-11-04_uc_san_diego_occidental,Occidental,35,"Yasukochi, Paige",True,35,4,11,0.364,2,5,0.4,2,2,1.0,0,6,6,2,1,6,1,2,12
2024-11-04_uc_san_diego_occidental,Occidental,04,"Tokeshi, Dara",True,32,3,10,0.3,1,5,0.2,4,4,1.0,0,0,0,1,2,4,0,1,11
2024-11-04_uc_san_diego_occidental,Occidental,20,"Lagunas-Monroy, Michelle",True,25,5,8,0.625,0,0,,1,2,0.5,3,4,7,3,2,3,3,1,11
2024-11-04_uc_san_diego_occidental,Occidental,53,"Shelsta, Ainsley",True,27,3,7,0.429,0,0,,0,0,,2,4,6,2,1,0,1,1,6
2024-11-04_uc_san_diego_occidental,Occidental,01,"Cabading, Dominique",True,24,2,8,0.25,1,2,0.5,1,2,0.5,0,5,5,0,4,4,0,0,6
2024-11-04_uc_san_diego_occidental,Occidental,12,"Delgado, Megan",False,4,1,2,0.5,1,2,0.5,0,0,,0,0,0,0,0,2,0,0,3
2024-11-04_uc_san_diego_occidental,Occidental,22,"Anderson-Strawder, Khailand",False,15,0,3,0.0,0,0,,2,2,1.0,0,3,3,2,1,1,0,0,2
2024-11-04_uc_san_diego_occidental,Occidental,03,"Elegores, Micah",False,14,0,2,0.0,0,0,,0,0,,1,0,1,1,2,2,0,0,0
2024-11-04_uc_san_diego_occidental,Occidental,10,"Giblin, Ila",False,10,0,2,0.0,0,0,,0,0,,1,1,2,1,0,1,0,0,0
2024-11-04_uc_san_diego_occidental,Occidental,00,"Ko, Emily",False,8,0,0,,0,0,,0,0,,0,0,0,1,0,3,0,0,0
2024-11-04_uc_san_diego_occidental,Occidental,23,"Ikuma, Kayla",False,5,0,0,,0,0,,0,0,,0,2,2,0,0,0,0,0,0
2024-11-04_uc_san_diego_occidental,Occidental,21,"Spector, Lillian",False,1,0,0,,0,0,,0,0,,0,0,0,0,0,1,0,0,0
2024-11-04_uc_san_diego_occidental,Occidental,TM,TEAM,False,0,0,0,,0,0,,0,0,,0,2,2,0,0,0,0,0,0
2024-11-04_uc_san_diego_occidental,UC San Diego,15,"Ma, Sabrina",True,19,5,7,0.714,3,4,0.75,2,4,0.5,1,0,1,1,2,1,1,2,15
2024-11-04_uc_san_diego_occidental,UC San Diego,03,"Sugapong, Sumayah",True,24,5,16,0.312,1,7,0.143,2,2,1.0,1,3,4,0,2,0,0,1,13
2024-11-04_uc_san_diego_occidental,UC San Diego,22,"Gallegos, Gracie",True,16,4,9,0.444,0,2,0.0,1,1,1.0,1,4,5,1,1,0,2,5,9
2024-11-04_uc_san_diego_occidental,UC San Diego,24,"Spriggs, Kayanna",True,25,3,6,0.5,0,0,,2,3,0.667,3,4,7,1,1,1,1,5,8
2024-11-04_uc_san_diego_occidental,UC San Diego,25,"Mahan, Junaé",True,18,3,5,0.6,0,1,0.0,1,1,1.0,1,1,2,1,1,2,0,0,7
2024-11-04_uc_san_diego_occidental,UC San Diego,21,"Polocheck, Nicki",False,19,6,10,0.6,2,5,0.4,0,0,,1,3,4,5,0,1,0,5,14
2024-11-04_uc_san_diego_occidental,UC San Diego,23,"Blithikioti, Eri",False,18,3,4,0.75,0,0,,0,0,,0,1,1,1,3,1,0,1,6
2024-11-04_uc_san_diego_occidental,UC San Diego,12,"Smith, Rosa",False,16,2,5,0.4,2,4,0.5,0,0,,0,2,2,1,1,1,0,1,6
2024-11-04_uc_san_diego_occidental,UC San Diego,33,"Svoboda, Emma",False,5,2,2,1.0,0,0,,0,0,,0,4,4,0,0,1,0,0,4
2024-11-04_uc_san_diego_occidental,UC San Diego,32,"Montgomery, Parker",False,15,1,5,0.2,0,3,0.0,0,0,,0,2,2,0,1,1,0,0,2
2024-11-04_uc_san_diego_occidental,UC San Diego,30,"Sule, Damilola",False,10,1,5,0.2,0,0,,0,0,,1,4,5,3,0,2,1,1,2
2024-11-04_uc_san_diego_occidental,UC San Diego,05,"Louther, Gabby",False,10,0,2,0.0,0,2,0.0,0,0,,0,0,0,0,1,0,0,0,0
2024-11-04_uc_san_diego_occidental,UC San Diego,02,"Talbot, Grace",False,5,0,0,,0,0,,0,0,,0,0,0,0,1,0,0,0,0
2024-11-04_uc_san_diego_occidental,UC San Diego,TM,TEAM,False,0,0,0,,0,0,,0,0,,4,1,5,0,0,0,0,0,0
2024-11-04_csun_la_sierra,La Sierra,12,"Mew, Kaydn",True,32,5,16,0.312,1,10,0.1,3,3,1.0,2,3,5,2,3,7,0,5,14
2024-11-04_csun_la_sierra,La Sierra,21,"Horne, Julianna",True,30,4,7,0.571,3,6,0.5,0,0,,1,0,1,0,1,0,0,1,11
2024-11-04_csun_la_sierra,La Sierra,3,"Martinez, Breonna",True,27,1,6,0.167,0,1,0.0,0,0,,0,4,4,1,1,3,0,0,2
2024-11-04_csun_la_sierra,La Sierra,15,"Rodrigues, Luiza",True,16,1,3,0.333,0,0,,0,0,,0,3,3,1,3,2,0,0,2
2024-11-04_csun_la_sierra,La Sierra,32,"Martinez, Danna",True,5,0,0,,0,0,,0,0,,0,0,0,0,1,1,0,0,0
2024-11-04_csun_la_sierra,La Sierra,10,"Randall, Sonia",False,23,6,11,0.545,1,2,0.5,0,0,,1,6,7,0,0,2,0,2,13
2024-11-04_csun_la_sierra,La Sierra,20,"Jones, Sapphire",False,13,2,7,0.286,0,2,0.0,1,1,1.0,1,3,4,0,0,3,0,2,5
2024-11-04_csun_la_sierra,La Sierra,44,"Cephas, Dana",False,21,2,6,0.333,0,0,,0,0,,3,7,10,2,2,0,1,1,4
2024-11-04_csun_la_sierra,La Sierra,13,"Raleigh, Maysan",False,5,1,1,1.0,0,0,,1,2,0.5,0,1,1,0,0,0,0,0,3
2024-11-04_csun_la_sierra,La Sierra,33,"Shelton, Syme're",False,21,1,7,0.143,0,1,0.0,0,0,,0,4,4,1,0,2,0,1,2
2024-11-04_csun_la_sierra,La Sierra,11,"Natapu, Jadnee",False,4,0,1,0.0,0,1,0.0,0,0,,0,0,0,3,0,3,1,0,0
2024-11-04_csun_la_sierra,La Sierra,34,"Smith, Crystal",False,3,0,1,0.0,0,1,0.0,0,0,,0,1,1,0,1,0,0,1,0
2024-11-04_csun_la_sierra,La Sierra,4,"Puskarov, Savannah",False,0,0,0,,0,0,,0,0,,0,1,1,0,0,1,0,0,0
2024-11-04_csun_la_sierra,La Sierra,14,"Gonzalez, Alexis",False,0,0,0,,0,0,,0,0,,0,0,0,0,0,0,0,0,0
2024-11-04_csun_la_sierra,La Sierra,23,"Liu, Emily",False,0,0,0,,0,0,,0,0,,0,0,0,0,0,0,0,0,0
2024-11-04_csun_la_sierra,La Sierra,24,"Duncan, Genesis",False,0,0,0,,0,0,,0,0,,0,0,0,0,0,0,0,0,0
2024-11-04_csun_la_sierra,La Sierra,TM,TEAM,False,0,0,0,,0,0,,0,0,,1,4,5,0,0,1,0,0,0
2024-11-04_csun_la_sierra,CSUN,20,"Adams, Erica",True,36,5,16,0.312,0,3,0.0,2,2,1.0,3,7,10,2,5,4,0,2,12
2024-11-04_csun_la_sierra,CSUN,4,"Edwards, Morgan",True,31,3,8,0.375,2,4,0.5,2,2,1.0,0,3,3,1,4,3,0,2,10
2024-11-04_csun_la_sierra,CSUN,14,"Orji, Nnenna",True,22,2,8,0.25,0,0,,5,6,0.833,4,4,8,3,3,1,0,3,9
2024-11-04_csun_la_sierra,CSUN,00,"Kilty, Jenna",True,18,2,5,0.4,2,5,0.4,2,3,0.667,0,4,4,0,0,1,0,2,8
2024-11-04_csun_la_sierra,CSUN,21,"Marshall, Karsen",True,13,2,11,0.182,1,7,0.143,0,0,,1,2,3,0,1,2,0,1,5
2024-11-04_csun_la_sierra,CSUN,3,"Tumlin, Kelly",False,23,3,6,0.5,3,6,0.5,0,0,,0,2,2,1,2,1,0,0,9
2024-11-04_csun_la_sierra,CSUN,22,"Dahlin, Laini",False,22,3,7,0.429,2,6,0.333,0,0,,0,6,6,1,1,2,0,0,8
2024-11-04_csun_la_sierra,CSUN,5,"Cox, Yves",False,13,2,3,0.667,0,0,,0,0,,3,3,6,0,0,3,1,1,4
2024-11-04_csun_la_sierra,CSUN,2,"Hopson, Kayla",False,14,1,4,0.25,0,3,0.0,1,1,1.0,0,1,1,1,0,2,0,3,3
2024-11-04_csun_la_sierra,CSUN,23,"Hardwick, Sincere",False,5,1,4,0.25,0,0,,0,0,,2,0,2,0,0,0,0,1,2
2024-11-04_csun_la_sierra,CSUN,10,"Lizama, Alondra",False,3,0,2,0.0,0,1,0.0,0,0,,0,0,0,1,0,0,0,0,0
2024-11-04_csun_la_sierra,CSUN,TM,TEAM,False,0,0,0,,0,0,,0,0,,1,2,3,0,0,0,0,0,0
2024-11-04_pepperdine_cal_st_fullerton,Cal St. Fullerton,24,"Stanton, Aaliyah",True,31,5,14,0.357,2,5,0.4,1,2,0.5,1,1,2,2,5,2,0,1,13
2024-11-04_pepperdine_cal_st_fullerton,Cal St. Fullerton,10,"Lagway, Demonnie",True,25,2,8,0.25,0,0,,4,4,1.0,2,2,4,4,3,3,0,3,8
2024-11-04_pepperdine_cal_st_fullerton,Cal St. Fullerton,23,"Strachan, Emily",True,22,4,6,0.667,0,0,,0,4,0.0,0,3,3,4,0,0,1,2,8
2024-11-04_pepperdine_cal_st_fullerton,Cal St. Fullerton,13,"Hernandez, Aixchel",True,40,3,9,0.333,0,0,,1,2,0.5,4,6,10,3,0,2,1,1,7
2024-11-04_pepperdine_cal_st_fullerton,Cal St. Fullerton,12,"Levingston, Eva",True,18,3,7,0.429,0,0,,0,1,0.0,3,3,6,4,0,1,0,0,6
2024-11-04_pepperdine_cal_st_fullerton,Cal St. Fullerton,02,"Tauro, Maddy",False,19,5,9,0.556,0,0,,2,3,0.667,1,1,2,2,0,2,0,2,12
2024-11-04_pepperdine_cal_st_fullerton,Cal St. Fullerton,01,"Wienecke, Genna",False,19,1,2,0.5,1,2,0.5,0,0,,1,0,1,2,0,1,0,0,3
2024-11-04_pepperdine_cal_st_fullerton,Cal St. Fullerton,22,"Muniz, Madelynn",False,15,0,5,0.0,0,4,0.0,0,2,0.0,0,2,2,1,0,0,0,0,0
2024-11-04_pepperdine_cal_st_fullerton,Cal St. Fullerton,04,"Falsdottir, Jana",False,11,0,3,0.0,0,1,0.0,0,0,,0,0,0,1,0,1,0,1,0
2024-11-04_pepperdine_cal_st_fullerton,Cal St. Fullerton,TM,TEAM,False,0,0,0,,0,0,,0,0,,2,2,4,0,0,0,0,0,0
2024-11-04_pepperdine_cal_st_fullerton,Pepperdine,31,"Harkey, Megan",True,26,5,6,0.833,0,0,,0,1,0.0,0,5,5,3,2,3,2,0,10
2024-11-04_pepperdine_cal_st_fullerton,Pepperdine,02,"Sotell, Chloe",True,22,2,7,0.286,1,3,0.333,2,2,1.0,1,0,1,4,1,1,0,0,7
2024-11-04_pepperdine_cal_st_fullerton,Pepperdine,13,"Mashaire, Emerita",True,22,1,4,0.25,0,0,,3,4,0.75,1,3,4,0,1,3,1,0,5
2024-11-04_pepperdine_cal_st_fullerton,Pepperdine,12,"Mastora, Makena",True,20,2,7,0.286,1,4,0.25,0,0,,0,2,2,2,1,4,0,0,5
2024-11-04_pepperdine_cal_st_fullerton,Pepperdine,11,"Friend, Helena",True,23,2,5,0.4,0,0,,0,0,,1,3,4,0,1,2,0,0,4
2024-11-04_pepperdine_cal_st_fullerton,Pepperdine,09,"Muca, Ornela",False,17,3,5,0.6,2,2,1.0,2,2,1.0,0,2,2,3,0,3,0,1,10
2024-11-04_pepperdine_cal_st_fullerton,Pepperdine,03,"Brubaker, Ella",False,13,4,5,0.8,0,0,,2,2,1.0,2,3,5,3,1,1,0,2,10
2024-11-04_pepperdine_cal_st_fullerton,Pepperdine,05,"Mastora, Malia",False,24,1,3,0.333,0,1,0.0,2,3,0.667,0,4,4,0,3,0,1,0,4
2024-11-04_pepperdine_cal_st_fullerton,Pepperdine,00,"Melone, Addi",False,19,1,3,0.333,0,2,0.0,0,0,,0,5,5,0,3,1,0,1,2
2024-11-04_pepperdine_cal_st_fullerton,Pepperdine,32,"Vick, Maggie",False,14,1,2,0.5,0,0,,0,0,,1,3,4,4,1,1,0,0,2
2024-11-04_pepperdine_cal_st_fullerton,Pepperdine,TM,TEAM,False,0,0,0,,0,0,,0,0,,0,2,2,0,0,0,0,0,0
2024-11-04_grand_canyon_csu_bakersfield,CSU Bakersfield,20,"Secchiaroli, Melissa",True,36,3,11,0.273,0,4,0.0,2,2,1.0,3,0,3,2,0,2,0,0,8
2024-11-04_grand_canyon_csu_bakersfield,CSU Bakersfield,55,"Slocum, Trinity",True,22,3,7,0.429,0,2,0.0,1,1,1.0,1,3,4,2,1,3,0,4,7
2024-11-04_grand_canyon_csu_bakersfield,CSU Bakersfield,32,"Freeman, Garrisen",True,27,3,5,0.6,0,1,0.0,0,3,0.0,1,2,3,3,0,1,0,0,6
2024-11-04_grand_canyon_csu_bakersfield,CSU Bakersfield,04,"Dizon, Ary",True,29,2,7,0.286,0,3,0.0,1,2,0.5,1,2,3,4,4,2,2,1,5
2024-11-04_grand_canyon_csu_bakersfield,CSU Bakersfield,42,"Tse, Allysan",True,32,1,6,0.167,0,3,0.0,0,0,,1,5,6,3,2,4,0,0,2
2024-11-04_grand_canyon_csu_bakersfield,CSU Bakersfield,11,"Caldwell, Taylor",False,29,4,9,0.444,0,1,0.0,4,8,0.5,0,5,5,1,1,5,0,3,12
2024-11-04_grand_canyon_csu_bakersfield,CSU Bakersfield,08,"Langi, Marley",False,16,4,7,0.571,0,3,0.0,0,0,,0,3,3,4,1,4,0,1,8
2024-11-04_grand_canyon_csu_bakersfield,CSU Bakersfield,34,"Forney, Cheyenne",False,9,1,2,0.5,0,0,,2,2,1.0,0,2,2,2,0,2,2,0,4
2024-11-04_grand_canyon_csu_bakersfield,CSU Bakersfield,TM,TEAM,False,0,0,0,,0,0,,0,0,,0,0,0,0,0,2,0,0,0
2024-11-04_grand_canyon_csu_bakersfield,Grand Canyon,24,"Brown, Tiarra",True,28,4,9,0.444,1,1,1.0,6,8,0.75,0,5,5,1,2,1,0,5,15
2024-11-04_grand_canyon_csu_bakersfield,Grand Canyon,12,"Durazo-Frescas, Alyssa",True,27,3,6,0.5,3,6,0.5,2,2,1.0,0,1,1,3,1,3,0,0,11
2024-11-04_grand_canyon_csu_bakersfield,Grand Canyon,23,"San Antonio, Trinity",True,25,4,9,0.444,2,4,0.5,1,2,0.5,0,4,4,3,5,4,0,3,11
2024-11-04_grand_canyon_csu_bakersfield,Grand Canyon,20,"Erikstrup, Laura",True,18,2,7,0.286,0,0,,1,4,0.25,1,2,3,1,1,2,0,0,5
2024-11-04_grand_canyon_csu_bakersfield,Grand Canyon,00,"Cooper, Callie",True,17,1,3,0.333,0,1,0.0,0,0,,0,2,2,1,3,1,0,3,2
2024-11-04_grand_canyon_csu_bakersfield,Grand Canyon,04,"Obiazor, Nneka",False,17,5,8,0.625,2,3,0.667,7,8,0.875,1,6,7,2,2,4,0,1,19
2024-11-04_grand_canyon_csu_bakersfield,Grand Canyon,03,"Douglas, Ale'Jah",False,24,4,7,0.571,3,4,0.75,0,0,,1,2,3,3,3,1,0,2,11
2024-11-04_grand_canyon_csu_bakersfield,Grand Canyon,42,"Ghaifan, Lucy",False,8,3,6,0.5,0,0,,1,2,0.5,1,2,3,0,1,0,0,0,7
2024-11-04_grand_canyon_csu_bakersfield,Grand Canyon,14,"Ostlie, Anna",False,15,2,4,0.5,1,3,0.333,1,1,1.0,0,1,1,1,0,0,0,0,6
2024-11-04_grand_canyon_csu_bakersfield,Grand Canyon,02,"Sra, Asha",False,10,1,2,0.5,1,2,0.5,0,0,,0,1,1,1,0,0,0,0,3
2024-11-04_grand_canyon_csu_bakersfield,Grand Canyon,11,"Erikstrup, Sydney",False,9,1,2,0.5,1,2,0.5,0,0,,0,1,1,0,3,0,0,0,3
2024-11-04_grand_canyon_csu_bakersfield,Grand Canyon,10,"Mullings, Bridget",False,2,0,0,,0,0,,0,0,,0,1,1,0,0,0,0,0,0
2024-11-04_grand_canyon_csu_bakersfield,Grand Canyon,TM,TEAM,False,0,0,0,,0,0,,0,0,,0,0,0,0,0,0,0,0,0
2024-11-04_santa_clara_uc_riverside,UC Riverside,3,"Tillery, Zoe",True,27,2,6,0.333,2,5,0.4,2,2,1.0,1,1,2,1,3,2,0,1,8
2024-11-04_santa_clara_uc_riverside,UC Riverside,35,"Hill-brown, Tt",True,24,4,6,0.667,0,0,,0,0,,0,2,2,1,0,0,1,0,8
2024-11-04_santa_clara_uc_riverside,UC Riverside,11,"Matarranz, Esther",True,37,3,8,0.375,0,0,,1,2,0.5,5,2,7,4,4,0,0,2,7
2024-11-04_santa_clara_uc_riverside,UC Riverside,00,"Rose, Makayla",True,20,3,8,0.375,1,1,1.0,0,0,,0,3,3,0,0,1,0,0,7
2024-11-04_santa_clara_uc_riverside,UC Riverside,2,"Hackley, Seneca",True,17,1,3,0.333,0,2,0.0,1,1,1.0,0,1,1,5,4,1,1,0,3
2024-11-04_santa_clara_uc_riverside,UC Riverside,5,"Duchemin, Shelley",False,16,6,7,0.857,1,1,1.0,3,4,0.75,2,3,5,4,1,5,0,2,16
2024-11-04_santa_clara_uc_riverside,UC Riverside,13,"Chocano, Maya",False,19,3,5,0.6,1,2,0.5,0,0,,1,3,4,2,1,2,0,0,7
2024-11-04_santa_clara_uc_riverside,UC Riverside,4,"Marshall, Jordyn",False,16,2,5,0.4,0,0,,0,0,,0,0,0,2,3,4,0,2,4
2024-11-04_santa_clara_uc_riverside,UC Riverside,1,"Polk, Kaylani",False,13,0,2,0.0,0,2,0.0,0,0,,0,1,1,0,3,2,0,0,0
2024-11-04_santa_clara_uc_riverside,UC Riverside,7,"Wickstrom, Hannah",False,7,0,3,0.0,0,1,0.0,0,0,,0,0,0,2,1,1,0,0,0
2024-11-04_santa_clara_uc_riverside,UC Riverside,10,"Minshall, Makayla",False,4,0,2,0.0,0,1,0.0,0,0,,0,0,0,0,0,0,0,0,0
2024-11-04_santa_clara_uc_riverside,UC Riverside,TM,TEAM,False,0,0,0,,0,0,,0,0,,2,1,3,0,0,0,0,0,0
2024-11-04_santa_clara_uc_riverside,Santa Clara,5,"Pollerd, Olivia",True,39,8,19,0.421,5,11,0.455,0,0,,1,6,7,0,3,3,3,0,21
2024-11-04_santa_clara_uc_riverside,Santa Clara,10,"Grigoropoulou, Georgia",True,30,7,8,0.875,0,0,,0,0,,1,4,5,2,4,0,1,1,14
2024-11-04_santa_clara_uc_riverside,Santa Clara,00,"Latu, Malia",True,26,4,8,0.5,0,1,0.0,3,4,0.75,0,3,3,3,1,2,2,1,11
2024-11-04_santa_clara_uc_riverside,Santa Clara,12,"Naro, Madison",True,38,2,4,0.5,2,3,0.667,2,2,1.0,1,1,2,3,7,3,0,1,8
2024-11-04_santa_clara_uc_riverside,Santa Clara,22,"Rapp, Hannah",True,29,3,5,0.6,0,1,0.0,0,0,,1,4,5,5,2,3,0,0,6
2024-11-04_santa_clara_uc_riverside,Santa Clara,20,"Ingram, Kaya",False,24,2,4,0.5,0,0,,6,6,1.0,1,2,3,2,2,5,0,3,10
2024-11-04_santa_clara_uc_riverside,Santa Clara,11,"Goodchild, Alana",False,10,1,1,1.0,0,0,,1,2,0.5,2,0,2,0,1,2,0,0,3
2024-11-04_santa_clara_uc_riverside,Santa Clara,4,"Curtis, Mia",False,3,0,0,,0,0,,0,0,,0,0,0,0,0,0,0,0,0
2024-11-04_santa_clara_uc_riverside,Santa Clara,23,"Korolenko, Irena",False,1,0,1,0.0,0,0,,0,0,,0,0,0,0,0,0,0,0,0
2024-11-04_santa_clara_uc_riverside,Santa Clara,TM,TEAM,False,0,0,0,,0,0,,0,0,,1,0,1,0,0,0,0,0,0
2024-11-06_uc_santa_barbara_claremont_m_s,Claremont-M-S,02,"Chong, Renee",True,26,6,13,0.462,3,6,0.5,0,0,,0,3,3,1,1,1,0,1,15
2024-11-06_uc_santa_barbara_claremont_m_s,Claremont-M-S,05,"Ghai, Tanya",True,25,1,13,0.077,0,6,0.0,2,2,1.0,1,0,1,2,2,2,0,4,4
2024-11-06_uc_santa_barbara_claremont_m_s,Claremont-M-S,32,"Resendiz, Katie",True,23,1,7,0.143,1,1,1.0,0,0,,2,1,3,3,0,5,0,0,3
2024-11-06_uc_santa_barbara_claremont_m_s,Claremont-M-S,04,"Grey, Ava",True,27,0,4,0.0,0,3,0.0,0,0,,0,1,1,0,1,3,0,0,0
2024-11-06_uc_santa_barbara_claremont_m_s,Claremont-M-S,15,"Kiara, Ruva",True,25,0,3,0.0,0,1,0.0,0,0,,1,4,5,1,1,0,0,0,0
2024-11-06_uc_santa_barbara_claremont_m_s,Claremont-M-S,03,"Ishibashi, Kayla",False,12,1,1,1.0,0,0,,1,2,0.5,0,0,0,2,0,2,0,2,3
2024-11-06_uc_santa_barbara_claremont_m_s,Claremont-M-S,01,"Kerner, Amanda",False,12,0,2,0.0,0,2,0.0,1,2,0.5,0,1,1,0,0,0,0,1,1
2024-11-06_uc_santa_barbara_claremont_m_s,Claremont-M-S,10,"Mandyam, Syona",False,15,0,2,0.0,0,1,0.0,0,0,,0,3,3,1,0,1,0,0,0
2024-11-06_uc_santa_barbara_claremont_m_s,Claremont-M-S,14,"Ragsdale, Marley",False,12,0,0,,0,0,,0,2,0.0,2,1,3,0,0,1,0,0,0
2024-11-06_uc_santa_barbara_claremont_m_s,Claremont-M-S,21,"Dempsey, Georgeanna",False,12,0,4,0.0,0,0,,0,0,,0,1,1,2,0,0,0,0,0
2024-11-06_uc_santa_barbara_claremont_m_s,Claremont-M-S,12,"Shingler, Cate",False,4,0,0,,0,0,,0,0,,0,0,0,0,0,1,0,0,0
2024-11-06_uc_santa_barbara_claremont_m_s,Claremont-M-S,24,"Joseph, Naima",False,4,0,1,0.0,0,0,,0,0,,0,0,0,0,0,1,0,0,0
2024-11-06_uc_santa_barbara_claremont_m_s,Claremont-M-S,25,"Dex, Lauren",False,3,0,0,,0,0,,0,0,,0,0,0,0,0,0,0,0,0
2024-11-06_uc_santa_barbara_claremont_m_s,Claremont-M-S,TM,TEAM,False,0,0,0,,0,0,,0,0,,4,2,6,0,0,3,0,0,0
2024-11-06_uc_santa_barbara_claremont_m_s,UC Santa Barbara,10,"Choice, Anya",True,21,5,7,0.714,1,2,0.5,1,2,0.5,0,4,4,0,2,0,0,0,12
2024-11-06_uc_santa_barbara_claremont_m_s,UC Santa Barbara,55,"Burke, Skylar",True,26,5,8,0.625,0,1,0.0,0,0,,4,3,7,1,2,2,2,2,10
2024-11-06_uc_santa_barbara_claremont_m_s,UC Santa Barbara,02,"Borter, Zoe",True,23,2,8,0.25,1,4,0.25,2,2,1.0,2,0,2,0,0,3,2,2,7
2024-11-06_uc_santa_barbara_claremont_m_s,UC Santa Barbara,20,"Rockwood, Laurel",True,19,2,4,0.5,0,0,,0,0,,4,6,10,2,1,3,0,0,4
2024-11-06_uc_santa_barbara_claremont_m_s,UC Santa Barbara,03,"Marin, Alyssa",True,19,1,8,0.125,0,1,0.0,0,1,0.0,3,0,3,2,3,2,0,1,2
2024-11-06_uc_santa_barbara_claremont_m_s,UC Santa Barbara,32,"Grant, Jessica",False,26,4,9,0.444,4,9,0.444,0,0,,0,5,5,1,3,1,1,1,12
2024-11-06_uc_santa_barbara_claremont_m_s,UC Santa Barbara,31,"Pietsch, Martha",False,23,3,8,0.375,1,4,0.25,4,4,1.0,0,2,2,1,5,2,0,1,11
2024-11-06_uc_santa_barbara_claremont_m_s,UC Santa Barbara,13,"Goed, Flora",False,14,2,2,1.0,0,0,,0,0,,2,3,5,2,0,1,0,1,4
2024-11-06_uc_santa_barbara_claremont_m_s,UC Santa Barbara,24,"Ranjitkar, Arshiya",False,7,2,2,1.0,0,0,,0,0,,0,1,1,3,0,1,0,0,4
2024-11-06_uc_santa_barbara_claremont_m_s,UC Santa Barbara,14,"Coon, Kanani",False,14,0,1,0.0,0,1,0.0,2,2,1.0,0,3,3,0,0,1,1,0,2
2024-11-06_uc_santa_barbara_claremont_m_s,UC Santa Barbara,25,"Cabuena, Analillia",False,7,1,1,1.0,0,0,,0,0,,0,1,1,1,0,0,1,0,2
2024-11-06_uc_santa_barbara_claremont_m_s,UC Santa Barbara,35,"Mastora, Malani",False,1,0,2,0.0,0,2,0.0,0,0,,0,0,0,0,0,0,0,0,0
2024-11-06_uc_santa_barbara_claremont_m_s,UC Santa Barbara,TM,TEAM,False,0,0,0,,0,0,,0,0,,1,3,4,0,0,1,0,0,0
2024-11-06_cal_poly_uc_merced,UC Merced,13,"Blecha, Leilani",True,36,4,15,0.267,2,11,0.182,2,2,1.0,1,2,3,3,0,5,0,2,12
2024-11-06_cal_poly_uc_merced,UC Merced,2,"Beltran, Jazzy",True,27,4,7,0.571,1,2,0.5,0,0,,0,1,1,1,1,6,0,0,9
2024-11-06_cal_poly_uc_merced,UC Merced,35,"Lukito, Nicole",True,33,3,7,0.429,0,0,,1,1,1.0,2,3,5,3,0,1,1,1,7
2024-11-06_cal_poly_uc_merced,UC Merced,00,"Nagra, Sarina",True,21,1,9,0.111,0,2,0.0,1,2,0.5,1,1,2,2,1,1,1,3,3
2024-11-06_cal_poly_uc_merced,UC Merced,44,"Ramirez, Paloma",True,27,0,4,0.0,0,2,0.0,0,0,,2,5,7,0,0,2,0,0,0
2024-11-06_cal_poly_uc_merced,UC Merced,20,"Flores, Mariah",False,13,1,5,0.2,0,1,0.0,4,5,0.8,1,2,3,1,1,3,0,2,6
2024-11-06_cal_poly_uc_merced,UC Merced,10,"Lebeau, Elise",False,5,1,1,1.0,0,0,,0,0,,0,0,0,0,2,3,0,0,2
2024-11-06_cal_poly_uc_merced,UC Merced,3,"Boyd, Sydney",False,9,0,2,0.0,0,0,,1,2,0.5,0,1,1,1,0,0,0,0,1
2024-11-06_cal_poly_uc_merced,UC Merced,11,"Diaz, Madison",False,12,0,1,0.0,0,1,0.0,0,0,,0,1,1,1,0,0,0,0,0
2024-11-06_cal_poly_uc_merced,UC Merced,30,"Godfrey, Quinn",False,11,0,2,0.0,0,0,,0,0,,2,3,5,0,0,0,0,1,0
2024-11-06_cal_poly_uc_merced,UC Merced,22,"Martini, Gabby",False,6,0,3,0.0,0,1,0.0,0,0,,0,0,0,0,0,0,0,0,0
2024-11-06_cal_poly_uc_merced,UC Merced,TM,TEAM,False,0,0,0,,0,0,,0,0,,1,5,6,0,0,1,0,0,0
2024-11-06_cal_poly_uc_merced,Cal Poly,2,"Shah, Annika",True,24,5,10,0.5,4,9,0.444,0,0,,0,3,3,1,4,1,0,0,14
2024-11-06_cal_poly_uc_merced,Cal Poly,24,"Carter, Mary",True,20,6,8,0.75,1,2,0.5,0,0,,2,2,4,0,1,0,0,3,13
2024-11-06_cal_poly_uc_merced,Cal Poly,4,"Lichtie, Sierra",True,20,5,12,0.417,0,2,0.0,0,0,,3,8,11,1,4,2,0,1,10
2024-11-06_cal_poly_uc_merced,Cal Poly,15,"Bourland, Sydney",True,22,4,9,0.444,0,0,,0,0,,2,3,5,2,5,3,1,2,8
2024-11-06_cal_poly_uc_merced,Cal Poly,22,"Goosby, Alana",True,24,0,3,0.0,0,2,0.0,0,0,,1,2,3,2,5,1,0,3,0
2024-11-06_cal_poly_uc_merced,Cal Poly,14,"Bears, Gillian",False,15,4,7,0.571,0,0,,2,3,0.667,2,1,3,2,0,1,1,0,10
2024-11-06_cal_poly_uc_merced,Cal Poly,9,"Perez, Nora",False,17,3,4,0.75,0,0,,0,0,,0,3,3,1,0,0,2,0,6
2024-11-06_cal_poly_uc_merced,Cal Poly,5,"Robinson, Gabby",False,16,2,7,0.286,1,4,0.25,0,0,,0,2,2,1,0,2,1,0,5
2024-11-06_cal_poly_uc_merced,Cal Poly,23,"Moleón Hidalgo, Ana",False,13,1,4,0.25,0,2,0.0,2,2,1.0,0,4,4,2,1,0,0,2,4
2024-11-06_cal_poly_uc_merced,Cal Poly,11,"Knapp, Avery",False,7,1,3,0.333,0,0,,0,1,0.0,4,2,6,3,1,3,0,0,2
2024-11-06_cal_poly_uc_merced,Cal Poly,10,"Richards, Sidney",False,20,0,3,0.0,0,2,0.0,0,0,,1,4,5,1,2,2,0,2,0
2024-11-06_cal_poly_uc_merced,Cal Poly,13,"Cohen, Sadie",False,2,0,1,0.0,0,1,0.0,0,0,,0,0,0,0,1,0,0,0,0
2024-11-06_cal_poly_uc_merced,Cal Poly,TM,TEAM,False,0,0,0,,0,0,,0,0,,3,0,3,0,0,0,0,0,0
2024-11-06_long_beach_st_cal_state_la,Cal State LA,11,"Buggs, Lily",True,21,4,9,0.444,1,2,0.5,2,2,1.0,2,4,6,3,1,0,0,1,11
2024-11-06_long_beach_st_cal_state_la,Cal State LA,23,"Hodges, Olivia",True,20,3,8,0.375,0,0,,4,6,0.667,2,1,3,4,1,1,0,0,10
2024-11-06_long_beach_st_cal_state_la,Cal State LA,15,"Rones, Gabriella",True,20,2,9,0.222,2,8,0.25,0,0,,0,0,0,1,1,0,0,1,6
2024-11-06_long_beach_st_cal_state_la,Cal State LA,42,"Fuentes, Amaya",True,24,1,6,0.167,0,3,0.0,2,2,1.0,0,2,2,3,0,1,0,0,4
2024-11-06_long_beach_st_cal_state_la,Cal State LA,24,"Asiasi, Nevaeh",True,18,0,6,0.0,0,2,0.0,0,0,,0,4,4,0,3,2,1,0,0
2024-11-06_long_beach_st_cal_state_la,Cal State LA,4,"Dias, Ashanti",False,11,6,9,0.667,0,0,,2,2,1.0,0,2,2,0,1,1,0,0,14
2024-11-06_long_beach_st_cal_state_la,Cal State LA,25,"Fidelus, Sofia",False,19,3,11,0.273,0,4,0.0,0,0,,0,3,3,0,2,1,0,3,6
2024-11-06_long_beach_st_cal_state_la,Cal State LA,2,"Cassell, Ashari",False,15,2,6,0.333,1,2,0.5,0,0,,0,0,0,2,2,2,0,2,5
2024-11-06_long_beach_st_cal_state_la,Cal State LA,13,"Blake, Mariah",False,13,2,4,0.5,0,0,,0,0,,2,2,4,0,0,1,1,0,4
2024-11-06_long_beach_st_cal_state_la,Cal State LA,5,"Giles, Brooklyn",False,9,2,6,0.333,0,0,,0,0,,1,3,4,2,0,2,0,1,4
2024-11-06_long_beach_st_cal_state_la,Cal State LA,21,"Walter, Kyara",False,16,1,3,0.333,1,2,0.5,0,0,,1,4,5,3,1,1,0,1,3
2024-11-06_long_beach_st_cal_state_la,Cal State LA,32,"Cotton, Mary",False,7,0,3,0.0,0,1,0.0,0,0,,0,1,1,0,0,0,0,0,0
2024-11-06_long_beach_st_cal_state_la,Cal State LA,12,"Jackson, Ronyae",False,5,0,5,0.0,0,2,0.0,0,0,,0,2,2,5,0,0,0,0,0
2024-11-06_long_beach_st_cal_state_la,Cal State LA,14,"Fernandez, Alliyah",False,2,0,0,,0,0,,0,0,,0,0,0,0,0,0,0,0,0
2024-11-06_long_beach_st_cal_state_la,Cal State LA,TM,TEAM,False,0,0,0,,0,0,,0,0,,7,3,10,0,0,1,0,0,0
2024-11-06_long_beach_st_cal_state_la,Long Beach St.,12,"Crawshaw, Jada",True,29,6,16,0.375,0,3,0.0,3,5,0.6,2,8,10,4,0,4,3,2,15
2024-11-06_long_beach_st_cal_state_la,Long Beach St.,2,"Tucker, Savannah",True,36,3,15,0.2,1,5,0.2,7,8,0.875,4,6,10,1,2,4,1,0,14
2024-11-06_long_beach_st_cal_state_la,Long Beach St.,44,"Loobie, Rachel",True,25,2,8,0.25,0,3,0.0,7,8,0.875,2,5,7,2,1,0,4,2,11
2024-11-06_long_beach_st_cal_state_la,Long Beach St.,3,"Chung, Patricia",True,28,3,11,0.273,1,3,0.333,3,4,0.75,5,7,12,4,4,2,0,0,10
2024-11-06_long_beach_st_cal_state_la,Long Beach St.,1,"Sonnier, Lovely",True,23,3,6,0.5,0,1,0.0,2,2,1.0,4,3,7,4,3,4,1,2,8
2024-11-06_long_beach_st_cal_state_la,Long Beach St.,30,"Jones-brown, Jaquoia",False,23,2,6,0.333,0,0,,3,4,0.75,1,8,9,2,2,5,0,1,7
2024-11-06_long_beach_st_cal_state_la,Long Beach St.,5,"Ka, Kennan",False,17,2,5,0.4,1,3,0.333,1,3,0.333,2,1,3,1,1,2,0,2,6
2024-11-06_long_beach_st_cal_state_la,Long Beach St.,42,"Oliva Fernandez, Judit",False,16,3,5,0.6,0,0,,0,0,,0,2,2,0,0,0,0,0,6
2024-11-06_long_beach_st_cal_state_la,Long Beach St.,10,"Reynoso, Christy",False,3,0,0,,0,0,,0,0,,0,0,0,0,0,0,0,0,0
2024-11-06_long_beach_st_cal_state_la,Long Beach St.,33,"Wright, Haley",False,0,0,0,,0,0,,0,0,,0,0,0,0,0,0,0,0,0
2024-11-06_long_beach_st_cal_state_la,Long Beach St.,TM,TEAM,False,0,0,0,,0,0,,0,0,,0,3,3,0,0,0,0,0,0
2024-11-07_portland_hawaii,Hawaii,15,"Phillips, Daejah",True,33,4,11,0.364,0,2,0.0,11,11,1.0,2,2,4,4,0,4,1,3,19
2024-11-07_portland_hawaii,Hawaii,03,"Wahinekapu, Lily",True,17,1,2,0.5,1,1,1.0,0,0,,0,1,1,1,0,2,0,0,3
2024-11-07_portland_hawaii,Hawaii,23,"McBee, MeiLani",True,14,1,5,0.2,1,5,0.2,0,0,,0,2,2,0,1,2,0,0,3
2024-11-07_portland_hawaii,Hawaii,12,"Perez, Imani",True,22,0,1,0.0,0,1,0.0,0,0,,0,2,2,2,1,0,1,1,0
2024-11-07_portland_hawaii,Hawaii,14,"Rewers, Brooklyn",True,6,0,2,0.0,0,0,,0,0,,0,0,0,2,0,0,1,0,0
2024-11-07_portland_hawaii,Hawaii,24,"Tamilo, Ritorya",False,20,3,5,0.6,0,0,,4,4,1.0,0,2,2,2,0,3,1,2,10
2024-11-07_portland_hawaii,Hawaii,02,"'Uhila, Mia",False,20,0,1,0.0,0,0,,8,8,1.0,0,2,2,1,1,4,0,1,8
2024-11-07_portland_hawaii,Hawaii,22,"Peacock, Jade",False,22,3,4,0.75,1,1,1.0,0,0,,0,1,1,2,2,3,0,1,7
2024-11-07_portland_hawaii,Hawaii,04,"Lefotu, Jovi",False,17,2,4,0.5,1,2,0.5,2,2,1.0,0,1,1,2,3,1,0,3,7
2024-11-07_portland_hawaii,Hawaii,01,"Imai, Kelsie",False,16,3,5,0.6,0,0,,0,0,,1,0,1,4,0,1,0,1,6
2024-11-07_portland_hawaii,Hawaii,11,"Filemu, Kira-May",False,10,1,1,1.0,0,0,,0,0,,1,0,1,0,0,2,0,0,2
2024-11-07_portland_hawaii,Hawaii,08,"Moors, Rebecca",False,3,0,0,,0,0,,0,0,,0,0,0,1,0,2,0,0,0
2024-11-07_portland_hawaii,Hawaii,TM,TEAM,False,0,0,0,,0,0,,0,0,,1,2,3,0,0,0,0,0,0
2024-11-07_portland_hawaii,Portland,24,"Burnham, Maisie",True,23,4,9,0.444,3,5,0.6,7,8,0.875,0,2,2,2,2,1,1,0,18
2024-11-07_portland_hawaii,Portland,05,"Shearer, Emme",True,30,5,11,0.455,1,5,0.2,4,4,1.0,2,2,4,2,2,5,0,3,15
2024-11-07_portland_hawaii,Portland,01,"Meek, McKelle",True,28,2,3,0.667,2,3,0.667,0,0,,0,1,1,2,4,3,0,1,6
2024-11-07_portland_hawaii,Portland,16,"Hull, Trista",True,25,2,5,0.4,0,0,,1,2,0.5,1,1,2,3,2,0,3,2,5
2024-11-07_portland_hawaii,Portland,35,"Mark, Alexis",True,24,2,4,0.5,0,0,,0,0,,1,5,6,4,4,4,0,1,4
2024-11-07_portland_hawaii,Portland,02,"Ananiev, Dyani",False,23,4,8,0.5,3,6,0.5,2,2,1.0,3,3,6,2,1,2,0,1,13
2024-11-07_portland_hawaii,Portland,22,"Mogel, Rhyan",False,22,3,5,0.6,1,2,0.5,0,0,,1,0,1,2,1,1,0,1,7
2024-11-07_portland_hawaii,Portland,20,"Spear, Lainey",False,16,2,3,0.667,0,0,,1,2,0.5,0,0,0,3,0,3,0,0,5
2024-11-07_portland_hawaii,Portland,10,"Fraley, Natalie",False,7,1,2,0.5,0,0,,1,2,0.5,0,0,0,0,0,1,0,0,3
2024-11-07_portland_hawaii,Portland,07,"Barbosa, Tiffany",False,2,0,0,,0,0,,0,0,,0,0,0,1,0,2,0,1,0
2024-11-07_portland_hawaii,Portland,TM,TEAM,False,0,0,0,,0,0,,0,0,,3,3,6,0,0,0,0,0,0
2024-11-07_uc_irvine_pepperdine,Pepperdine,12,"Mastora, Makena",True,29,2,9,0.222,1,5,0.2,8,9,0.889,0,3,3,4,3,5,0,2,13
2024-11-07_uc_irvine_pepperdine,Pepperdine,2,"Sotell, Chloe",True,33,5,15,0.333,2,10,0.2,0,0,,0,3,3,1,3,1,1,0,12
2024-11-07_uc_irvine_pepperdine,Pepperdine,31,"Harkey, Megan",True,26,4,5,0.8,0,0,,1,1,1.0,0,1,1,5,3,4,0,0,9
2024-11-07_uc_irvine_pepperdine,Pepperdine,13,"Mashaire, Emerita",True,25,0,0,,0,0,,4,6,0.667,1,2,3,2,1,4,0,0,4
2024-11-07_uc_irvine_pepperdine,Pepperdine,11,"Friend, Helena",True,10,0,1,0.0,0,1,0.0,0,0,,0,2,2,0,2,0,0,0,0
2024-11-07_uc_irvine_pepperdine,Pepperdine,5,"Mastora, Malia",False,30,3,8,0.375,1,5,0.2,2,3,0.667,1,1,2,2,2,0,1,1,9
2024-11-07_uc_irvine_pepperdine,Pepperdine,3,"Brubaker, Ella",False,21,2,4,0.5,0,1,0.0,2,2,1.0,2,2,4,3,0,0,0,2,6
2024-11-07_uc_irvine_pepperdine,Pepperdine,32,"Vick, Maggie",False,10,1,4,0.25,0,1,0.0,1,2,0.5,2,2,4,1,0,0,0,0,3
2024-11-07_uc_irvine_pepperdine,Pepperdine,00,"Melone, Addi",False,13,0,2,0.0,0,1,0.0,0,0,,0,2,2,1,1,2,0,0,0
2024-11-07_uc_irvine_pepperdine,Pepperdine,9,"Muca, Ornela",False,3,0,0,,0,0,,0,0,,0,1,1,0,0,0,0,0,0
2024-11-07_uc_irvine_pepperdine,Pepperdine,TM,TEAM,False,0,0,0,,0,0,,0,0,,2,2,4,0,0,1,0,0,0
2024-11-07_uc_irvine_pepperdine,UC Irvine,20,"Hernandez, Hunter",True,27,3,6,0.5,0,0,,5,6,0.833,2,3,5,3,1,2,0,1,11
2024-11-07_uc_irvine_pepperdine,UC Irvine,13,"Lee, Déja",True,34,3,14,0.214,1,6,0.167,3,4,0.75,2,3,5,3,6,1,0,2,10
2024-11-07_uc_irvine_pepperdine,UC Irvine,21,"Williams, Olivia",True,28,4,11,0.364,1,5,0.2,0,0,,0,2,2,0,3,6,0,3,9
2024-11-07_uc_irvine_pepperdine,UC Irvine,24,"Dean, Nevaeh",True,13,3,5,0.6,1,1,1.0,0,0,,1,2,3,3,1,0,1,0,7
2024-11-07_uc_irvine_pepperdine,UC Irvine,3,"Tom, Nikki",True,31,0,1,0.0,0,0,,0,0,,0,1,1,3,1,1,0,1,0
2024-11-07_uc_irvine_pepperdine,UC Irvine,14,"Hanson, Summah",False,21,2,6,0.333,1,2,0.5,9,9,1.0,4,5,9,4,0,1,0,0,14
2024-11-07_uc_irvine_pepperdine,UC Irvine,1,"Brooks, Jaida",False,21,3,5,0.6,2,3,0.667,2,2,1.0,1,2,3,2,1,2,0,0,10
2024-11-07_uc_irvine_pepperdine,UC Irvine,11,"Scharpf, Amelia",False,13,1,2,0.5,0,1,0.0,0,0,,1,0,1,0,0,0,0,0,2
2024-11-07_uc_irvine_pepperdine,UC Irvine,12,"Nahum, Shirel",False,6,1,2,0.5,0,0,,0,0,,0,0,0,0,1,0,0,0,2
2024-11-07_uc_irvine_pepperdine,UC Irvine,9,"Falcon Hernandez, Daniela",False,5,0,0,,0,0,,0,2,0.0,0,0,0,2,0,1,0,0,0
2024-11-07_uc_irvine_pepperdine,UC Irvine,22,"Djoko, Clara",False,1,0,0,,0,0,,0,0,,0,1,1,1,0,1,0,0,0
2024-11-07_uc_irvine_pepperdine,UC Irvine,TM,TEAM,False,0,0,0,,0,0,,0,0,,0,4,4,0,0,1,0,0,0
2024-11-07_sacramento_st_uc_san_diego,UC San Diego,25,"Mahan, Junaé",True,35,5,12,0.417,0,3,0.0,5,5,1.0,0,7,7,4,1,5,0,2,15
2024-11-07_sacramento_st_uc_san_diego,UC San Diego,24,"Spriggs, Kayanna",True,22,3,3,1.0,0,0,,3,4,0.75,3,2,5,5,0,5,1,2,9
2024-11-07_sacramento_st_uc_san_diego,UC San Diego,03,"Sugapong, Sumayah",True,22,2,9,0.222,0,1,0.0,3,4,0.75,0,1,1,5,4,5,0,2,7
2024-11-07_sacramento_st_uc_san_diego,UC San Diego,22,"Gallegos, Gracie",True,18,3,4,0.75,0,0,,1,2,0.5,0,3,3,4,0,0,0,0,7
2024-11-07_sacramento_st_uc_san_diego,UC San Diego,15,"Ma, Sabrina",True,29,2,8,0.25,1,3,0.333,1,2,0.5,1,4,5,5,1,1,0,2,6
2024-11-07_sacramento_st_uc_san_diego,UC San Diego,12,"Smith, Rosa",False,15,2,7,0.286,1,3,0.333,2,2,1.0,0,0,0,3,0,3,0,1,7
2024-11-07_sacramento_st_uc_san_diego,UC San Diego,30,"Sule, Damilola",False,13,1,1,1.0,0,0,,2,4,0.5,2,2,4,1,0,1,0,1,4
2024-11-07_sacramento_st_uc_san_diego,UC San Diego,21,"Polocheck, Nicki",False,20,1,3,0.333,0,0,,1,1,1.0,0,3,3,5,0,1,0,0,3
2024-11-07_sacramento_st_uc_san_diego,UC San Diego,23,"Blithikioti, Eri",False,19,0,1,0.0,0,0,,2,4,0.5,0,0,0,1,0,1,0,0,2
2024-11-07_sacramento_st_uc_san_diego,UC San Diego,32,"Montgomery, Parker",False,5,0,0,,0,0,,0,0,,0,0,0,0,0,1,0,0,0
2024-11-07_sacramento_st_uc_san_diego,UC San Diego,05,"Louther, Gabby",False,1,0,0,,0,0,,0,0,,0,0,0,0,0,0,0,0,0
2024-11-07_sacramento_st_uc_san_diego,UC San Diego,33,"Svoboda, Emma",False,1,0,0,,0,0,,0,0,,0,0,0,0,0,0,0,0,0
2024-11-07_sacramento_st_uc_san_diego,UC San Diego,TM,TEAM,False,0,0,0,,0,0,,0,0,,2,2,4,0,0,0,0,0,0
2024-11-07_sacramento_st_uc_san_diego,Sacramento St.,01,"Versteeg, Benthe",True,35,4,7,0.571,0,1,0.0,8,12,0.667,0,4,4,5,7,7,0,3,16
2024-11-07_sacramento_st_uc_san_diego,Sacramento St.,22,"Falk, Lina",True,35,3,9,0.333,0,4,0.0,3,5,0.6,1,1,2,2,1,2,0,1,9
2024-11-07_sacramento_st_uc_san_diego,Sacramento St.,23,"Martin, Jaydia",True,20,2,5,0.4,2,3,0.667,3,3,1.0,1,3,4,5,0,3,0,0,9
2024-11-07_sacramento_st_uc_san_diego,Sacramento St.,45,"Jaiteh, Fatoumata",True,32,1,4,0.25,0,2,0.0,5,8,0.625,4,5,9,5,0,1,0,4,7
2024-11-07_sacramento_st_uc_san_diego,Sacramento St.,11,"Gray, Rubi",True,11,0,1,0.0,0,1,0.0,0,0,,0,1,1,2,0,3,0,0,0
2024-11-07_sacramento_st_uc_san_diego,Sacramento St.,10,"Butcher, Madison",False,30,5,10,0.5,4,8,0.5,2,2,1.0,1,3,4,2,0,2,0,1,16
2024-11-07_sacramento_st_uc_san_diego,Sacramento St.,12,"Alonso, Sofia",False,24,1,6,0.167,1,5,0.2,4,4,1.0,0,2,2,2,3,2,0,0,7
2024-11-07_sacramento_st_uc_san_diego,Sacramento St.,02,"Amoore, Jemma",False,1,1,1,1.0,1,1,1.0,0,0,,0,1,1,0,0,0,0,0,3
2024-11-07_sacramento_st_uc_san_diego,Sacramento St.,03,"Taylor, Brooklyn",False,4,1,2,0.5,0,0,,0,1,0.0,0,0,0,1,2,0,0,0,2
2024-11-07_sacramento_st_uc_san_diego,Sacramento St.,05,"Archibald, Kennadi",False,4,1,2,0.5,0,0,,0,0,,1,0,1,0,0,0,0,0,2
2024-11-07_sacramento_st_uc_san_diego,Sacramento St.,31,"Arvai, Noemi",False,3,0,1,0.0,0,0,,0,0,,0,0,0,0,0,0,0,0,0
2024-11-07_sacramento_st_uc_san_diego,Sacramento St.,24,"Lee, Sophia",False,1,0,0,,0,0,,0,0,,0,0,0,2,0,0,0,0,0
2024-11-07_sacramento_st_uc_san_diego,Sacramento St.,TM,TEAM,False,0,0,0,,0,0,,0,0,,3,3,6,0,0,3,0,0,0
2024-11-08_uc_davis_san_diego_st,San Diego St.,04,"Sheffey, Veronica",True,32,7,9,0.778,1,1,1.0,2,3,0.667,0,3,3,5,2,3,0,0,17
2024-11-08_uc_davis_san_diego_st,San Diego St.,32,"Quezada, Adryana",True,23,4,8,0.5,0,0,,3,3,1.0,1,2,3,3,1,2,0,1,11
2024-11-08_uc_davis_san_diego_st,San Diego St.,23,"Villalobos, Kim",True,32,4,12,0.333,0,0,,1,2,0.5,1,6,7,3,0,2,0,2,9
2024-11-08_uc_davis_san_diego_st,San Diego St.,24,"Panganiban, Naomi",True,21,0,8,0.0,0,4,0.0,9,12,0.75,0,0,0,3,1,2,0,2,9
2024-11-08_uc_davis_san_diego_st,San Diego St.,13,"Fiso, Meghan",True,28,1,4,0.25,1,3,0.333,0,0,,0,4,4,4,2,2,0,0,3
2024-11-08_uc_davis_san_diego_st,San Diego St.,31,"Clark, Cali",False,20,4,5,0.8,0,0,,4,6,0.667,6,4,10,3,1,2,1,3,12
2024-11-08_uc_davis_san_diego_st,San Diego St.,01,"Houpt, Erin",False,17,2,2,1.0,1,1,1.0,7,7,1.0,0,0,0,1,0,1,0,0,12
2024-11-08_uc_davis_san_diego_st,San Diego St.,00,"Pepe, Khylee",False,16,2,4,0.5,0,0,,2,2,1.0,0,0,0,2,2,1,0,2,6
2024-11-08_uc_davis_san_diego_st,San Diego St.,12,"Hamilton, Kaelyn",False,15,1,2,0.5,0,1,0.0,0,0,,0,0,0,1,1,1,0,1,2
2024-11-08_uc_davis_san_diego_st,San Diego St.,21,"Martinez, Nat",False,14,1,2,0.5,0,0,,0,0,,0,0,0,0,0,1,0,0,2
2024-11-08_uc_davis_san_diego_st,San Diego St.,11,"Green, Jazlen",False,7,0,2,0.0,0,0,,0,0,,0,1,1,2,1,0,0,0,0
2024-11-08_uc_davis_san_diego_st,San Diego St.,TM,TEAM,False,0,0,0,,0,0,,0,0,,2,5,7,0,0,1,0,0,0
2024-11-08_uc_davis_san_diego_st,UC Davis,14,"Sabel, Tova",True,41,7,18,0.389,2,8,0.25,10,18,0.556,3,5,8,4,2,6,5,0,26
2024-11-08_uc_davis_san_diego_st,UC Davis,04,"Epps, Nya",True,39,11,14,0.786,2,5,0.4,2,4,0.5,1,2,3,3,1,4,0,5,26
2024-11-08_uc_davis_san_diego_st,UC Davis,25,"Norris, Megan",True,20,5,7,0.714,1,3,0.333,2,3,0.667,2,5,7,4,2,2,1,0,13
2024-11-08_uc_davis_san_diego_st,UC Davis,33,"Harris, Mazatlan",True,39,1,5,0.2,0,2,0.0,0,0,,2,5,7,1,5,0,0,2,2
2024-11-08_uc_davis_san_diego_st,UC Davis,13,"Burns, Sydney",True,30,0,2,0.0,0,1,0.0,0,0,,0,2,2,5,4,3,1,1,0
2024-11-08_uc_davis_san_diego_st,UC Davis,23,"Baker, Victoria",False,11,1,3,0.333,0,0,,2,4,0.5,0,0,0,4,0,1,0,0,4
2024-11-08_uc_davis_san_diego_st,UC Davis,05,"Fitzgerald, Ally",False,10,1,2,0.5,1,2,0.5,1,2,0.5,0,3,3,1,0,1,0,0,4
2024-11-08_uc_davis_san_diego_st,UC Davis,02,"Bennett, Ryann",False,16,1,2,0.5,0,1,0.0,0,0,,1,0,1,4,0,4,0,2,2
2024-11-08_uc_davis_san_diego_st,UC Davis,41,"Shine, Bria",False,15,0,2,0.0,0,2,0.0,0,0,,1,1,2,3,0,2,0,2,0
2024-11-08_uc_davis_san_diego_st,UC Davis,09,"Sussex, Avery",False,4,0,2,0.0,0,1,0.0,0,0,,0,0,0,0,1,0,0,0,0
2024-11-08_uc_davis_san_diego_st,UC Davis,TM,TEAM,False,0,0,0,,0,0,,0,0,,2,3,5,0,0,1,0,0,0
2024-11-08_utah_st_csun,CSUN,3,"Tumlin, Kelly",True,35,5,13,0.385,3,10,0.3,2,4,0.5,2,7,9,1,0,3,0,1,15
2024-11-08_utah_st_csun,CSUN,14,"Orji, Nnenna",True,13,3,9,0.333,0,1,0.0,1,2,0.5,3,1,4,4,1,1,1,0,7
2024-11-08_utah_st_csun,CSUN,20,"Adams, Erica",True,38,0,7,0.0,0,3,0.0,6,6,1.0,0,8,8,2,2,5,0,2,6
2024-11-08_utah_st_csun,CSUN,00,"Kilty, Jenna",True,23,1,5,0.2,1,3,0.333,0,0,,0,1,1,0,0,1,0,1,3
2024-11-08_utah_st_csun,CSUN,4,"Edwards, Morgan",True,28,0,2,0.0,0,1,0.0,1,2,0.5,0,6,6,3,3,4,2,1,1
2024-11-08_utah_st_csun,CSUN,5,"Cox, Yves",False,25,8,11,0.727,0,0,,3,4,0.75,4,7,11,4,0,2,2,0,19
2024-11-08_utah_st_csun,CSUN,25,"Aspajo, Erika",False,22,3,5,0.6,0,0,,8,10,0.8,0,1,1,4,8,3,0,1,14
2024-11-08_utah_st_csun,CSUN,22,"Dahlin, Laini",False,14,1,5,0.2,1,5,0.2,1,2,0.5,0,3,3,2,0,2,0,0,4
2024-11-08_utah_st_csun,CSUN,23,"Hardwick, Sincere",False,2,0,0,,0,0,,0,0,,0,0,0,1,0,0,0,0,0
2024-11-08_utah_st_csun,CSUN,TM,TEAM,False,0,0,0,,0,0,,0,0,,0,10,10,0,0,1,0,0,0
2024-11-08_utah_st_csun,Utah St.,22,"Logwood, Taliyah",True,9,3,6,0.5,1,1,1.0,3,3,1.0,3,2,5,5,0,1,0,0,10
2024-11-08_utah_st_csun,Utah St.,23,"Tarver, Mia",True,31,3,11,0.273,2,8,0.25,1,2,0.5,0,4,4,4,1,6,0,7,9
2024-11-08_utah_st_csun,Utah St.,4,"Skelton, Denae",True,18,2,3,0.667,2,3,0.667,0,0,,0,0,0,2,0,2,0,0,6
2024-11-08_utah_st_csun,Utah St.,12,"Livingston, Elise",True,21,1,4,0.25,1,4,0.25,1,2,0.5,0,3,3,1,2,1,0,0,4
2024-11-08_utah_st_csun,Utah St.,15,"Johnson, Gracie",True,13,1,7,0.143,1,3,0.333,0,0,,1,4,5,1,2,1,3,0,3
2024-11-08_utah_st_csun,Utah St.,24,"Stubbs, Cheyenne",False,36,5,20,0.25,3,10,0.3,3,4,0.75,6,5,11,0,4,0,0,3,16
2024-11-08_utah_st_csun,Utah St.,32,"Heaton, Jamisyn",False,23,5,16,0.312,1,8,0.125,3,6,0.5,2,5,7,4,1,2,0,0,14
2024-11-08_utah_st_csun,Utah St.,10,"Latta, Carlie",False,21,1,4,0.25,0,3,0.0,0,0,,1,2,3,0,3,0,0,1,2
2024-11-08_utah_st_csun,Utah St.,1,"Suguturaga, Samiana",False,5,0,2,0.0,0,2,0.0,1,2,0.5,1,1,2,2,0,0,0,0,1
2024-11-08_utah_st_csun,Utah St.,3,"Smith, Ava",False,10,0,4,0.0,0,3,0.0,0,0,,0,2,2,2,1,0,0,1,0
2024-11-08_utah_st_csun,Utah St.,2,"Tanedo, Isabella",False,7,0,0,,0,0,,0,0,,0,0,0,2,0,0,0,0,0
2024-11-08_utah_st_csun,Utah St.,31,"Verdan, Allyzee",False,4,0,0,,0,0,,0,0,,0,1,1,2,0,0,0,0,0
2024-11-08_utah_st_csun,Utah St.,11,"Banks, Karlie",False,2,0,3,0.0,0,2,0.0,0,0,,0,0,0,0,0,1,0,0,0
2024-11-08_utah_st_csun,Utah St.,TM,TEAM,False,0,0,0,,0,0,,0,0,,4,3,7,0,0,1,0,0,0
2024-11-08_fordham_cal_st_fullerton,Cal St. Fullerton,13,"Hernandez, Aixchel",True,40,5,11,0.455,0,0,,3,4,0.75,8,3,11,2,2,0,3,4,13
2024-11-08_fordham_cal_st_fullerton,Cal St. Fullerton,24,"Stanton, Aaliyah",True,32,4,14,0.286,0,2,0.0,4,6,0.667,2,3,5,4,4,4,0,1,12
2024-11-08_fordham_cal_st_fullerton,Cal St. Fullerton,23,"Strachan, Emily",True,24,3,9,0.333,1,2,0.5,2,2,1.0,0,2,2,2,1,3,1,0,9
2024-11-08_fordham_cal_st_fullerton,Cal St. Fullerton,10,"Lagway, Demonnie",True,28,1,6,0.167,0,2,0.0,2,4,0.5,0,1,1,3,0,4,0,1,4
2024-11-08_fordham_cal_st_fullerton,Cal St. Fullerton,12,"Levingston, Eva",True,21,0,5,0.0,0,0,,0,0,,2,5,7,3,1,1,0,0,0
2024-11-08_fordham_cal_st_fullerton,Cal St. Fullerton,22,"Muniz, Madelynn",False,22,3,6,0.5,3,5,0.6,0,0,,0,5,5,2,0,2,0,0,9
2024-11-08_fordham_cal_st_fullerton,Cal St. Fullerton,04,"Falsdottir, Jana",False,17,1,2,0.5,0,1,0.0,0,0,,1,1,2,3,1,0,0,0,2
2024-11-08_fordham_cal_st_fullerton,Cal St. Fullerton,02,"Tauro, Maddy",False,14,1,5,0.2,0,0,,0,0,,0,0,0,2,2,2,0,0,2
2024-11-08_fordham_cal_st_fullerton,Cal St. Fullerton,01,"Wienecke, Genna",False,2,0,0,,0,0,,0,0,,0,0,0,0,0,1,0,0,0
2024-11-08_fordham_cal_st_fullerton,Cal St. Fullerton,TM,TEAM,False,0,0,0,,0,0,,0,0,,2,6,8,0,0,2,0,0,0
2024-11-08_fordham_cal_st_fullerton,Fordham,06,"Murua, Irene",True,24,5,11,0.455,0,0,,2,2,1.0,6,5,11,3,2,1,0,0,12
2024-11-08_fordham_cal_st_fullerton,Fordham,23,"Ferguson, Amiyah",True,26,4,6,0.667,1,1,1.0,1,2,0.5,1,3,4,1,3,2,0,1,10
2024-11-08_fordham_cal_st_fullerton,Fordham,25,"Berry, Kaila",True,18,4,5,0.8,0,0,,1,1,1.0,1,3,4,3,0,0,0,4,9
2024-11-08_fordham_cal_st_fullerton,Fordham,04,"Davis, Taya",True,32,1,4,0.25,0,3,0.0,3,6,0.5,0,4,4,4,5,4,0,1,5
2024-11-08_fordham_cal_st_fullerton,Fordham,05,"Harris, Chaé",True,27,1,10,0.1,1,5,0.2,2,2,1.0,1,1,2,2,3,2,2,0,5
2024-11-08_fordham_cal_st_fullerton,Fordham,11,"Omoshola, Precious",False,16,6,9,0.667,0,0,,1,5,0.2,2,0,2,1,1,2,1,4,13
2024-11-08_fordham_cal_st_fullerton,Fordham,07,"De Pool, Camila",False,25,2,10,0.2,1,6,0.167,3,4,0.75,0,3,3,1,4,0,0,3,8
2024-11-08_fordham_cal_st_fullerton,Fordham,02,"Antoine, Karissa",False,19,2,6,0.333,0,0,,0,0,,3,7,10,2,1,2,0,0,4
2024-11-08_fordham_cal_st_fullerton,Fordham,01,"Giles-Jones, Miya",False,10,0,1,0.0,0,0,,0,2,0.0,0,0,0,1,1,0,0,0,0
2024-11-08_fordham_cal_st_fullerton,Fordham,10,"Nelson, Rose",False,3,0,0,,0,0,,0,0,,1,1,2,0,0,0,0,0,0
2024-11-08_fordham_cal_st_fullerton,Fordham,TM,TEAM,False,0,0,0,,0,0,,0,0,,1,1,2,0,0,0,0,0,0
2024-11-08_csu_bakersfield_colgate,Colgate,24,"Bair, Anne",True,31,6,12,0.5,3,6,0.5,2,2,1.0,0,1,1,1,3,2,0,1,17
2024-11-08_csu_bakersfield_colgate,Colgate,13,"Diehl, Sophia",True,26,4,10,0.4,3,6,0.5,0,0,,0,3,3,1,2,2,1,1,11
2024-11-08_csu_bakersfield_colgate,Colgate,05,"Golembiewski, Taylor",True,19,3,5,0.6,2,2,1.0,2,2,1.0,1,6,7,2,1,1,0,0,10
2024-11-08_csu_bakersfield_colgate,Colgate,02,"Midgette, Christina",True,16,3,4,0.75,0,0,,1,2,0.5,1,3,4,3,1,0,0,2,7
2024-11-08_csu_bakersfield_colgate,Colgate,04,"Schiller, Madison",True,27,2,6,0.333,2,4,0.5,0,0,,1,2,3,1,2,1,0,0,6
2024-11-08_csu_bakersfield_colgate,Colgate,01,"McMahon, Morgan",False,20,4,9,0.444,0,2,0.0,3,3,1.0,0,5,5,1,1,1,0,0,11
2024-11-08_csu_bakersfield_colgate,Colgate,44,"Klag, Grace",False,8,2,5,0.4,0,0,,0,0,,0,2,2,1,0,0,0,0,4
2024-11-08_csu_bakersfield_colgate,Colgate,25,"Meabon, Ella",False,17,1,6,0.167,0,0,,1,2,0.5,3,0,3,2,0,1,0,1,3
2024-11-08_csu_bakersfield_colgate,Colgate,41,"Ferguson, Abbey",False,6,1,1,1.0,0,0,,0,0,,2,1,3,0,0,0,0,0,2
2024-11-08_csu_bakersfield_colgate,Colgate,21,"Cook, Lara",False,10,0,2,0.0,0,1,0.0,0,0,,0,0,0,0,0,0,0,1,0
2024-11-08_csu_bakersfield_colgate,Colgate,12,"Hankerson, Laila",False,8,0,1,0.0,0,1,0.0,0,0,,0,1,1,0,1,0,0,0,0
2024-11-08_csu_bakersfield_colgate,Colgate,00,"Streiff, Amarah",False,5,0,2,0.0,0,1,0.0,0,0,,1,0,1,1,0,0,0,0,0
2024-11-08_csu_bakersfield_colgate,Colgate,20,"Matthews, Tatiana",False,5,0,3,0.0,0,1,0.0,0,0,,0,2,2,0,0,0,0,1,0
2024-11-08_csu_bakersfield_colgate,Colgate,03,"Mahaffey, Ella",False,1,0,0,,0,0,,0,0,,1,0,1,0,0,0,0,0,0
2024-11-08_csu_bakersfield_colgate,Colgate,35,"Eniafe, Maryan",False,1,0,0,,0,0,,0,0,,0,1,1,0,0,0,0,1,0
2024-11-08_csu_bakersfield_colgate,Colgate,TM,TEAM,False,0,0,0,,0,0,,0,0,,2,2,4,0,0,1,0,0,0
2024-11-08_csu_bakersfield_colgate,CSU Bakersfield,04,"Dizon, Ary",True,40,4,10,0.4,1,3,0.333,0,0,,0,6,6,2,2,2,1,1,9
2024-11-08_csu_bakersfield_colgate,CSU Bakersfield,20,"Secchiaroli, Melissa",True,37,3,11,0.273,1,4,0.25,1,2,0.5,1,2,3,2,0,6,0,0,8
2024-11-08_csu_bakersfield_colgate,CSU Bakersfield,32,"Freeman, Garrisen",True,29,3,7,0.429,0,0,,1,4,0.25,0,1,1,1,1,1,0,0,7
2024-11-08_csu_bakersfield_colgate,CSU Bakersfield,42,"Tse, Allysan",True,18,1,6,0.167,0,3,0.0,0,0,,1,1,2,1,0,6,0,0,2
2024-11-08_csu_bakersfield_colgate,CSU Bakersfield,55,"Slocum, Trinity",True,18,1,5,0.2,0,2,0.0,0,0,,0,2,2,2,0,2,0,1,2
2024-11-08_csu_bakersfield_colgate,CSU Bakersfield,08,"Langi, Marley",False,14,2,5,0.4,1,2,0.5,1,2,0.5,2,5,7,1,1,0,0,0,6
2024-11-08_csu_bakersfield_colgate,CSU Bakersfield,30,"Dioli, Alli",False,14,1,2,0.5,1,2,0.5,2,2,1.0,0,0,0,0,2,2,1,0,5
2024-11-08_csu_bakersfield_colgate,CSU Bakersfield,34,"Forney, Cheyenne",False,19,1,3,0.333,0,0,,1,2,0.5,3,4,7,1,1,0,1,0,3
2024-11-08_csu_bakersfield_colgate,CSU Bakersfield,21,"Tse, Dylan",False,11,0,0,,0,0,,0,0,,0,0,0,2,0,0,0,0,0
2024-11-08_csu_bakersfield_colgate,CSU Bakersfield,TM,TEAM,False,0,0,0,,0,0,,0,0,,1,6,7,0,0,2,0,0,0
2024-11-08_uc_riverside_whittier,Whittier,22,"Lopez, Kristen",True,25,5,10,0.5,4,9,0.444,1,1,1.0,0,0,0,3,0,2,0,1,15
2024-11-08_uc_riverside_whittier,Whittier,5,"Salloom, Lorita",True,27,3,9,0.333,0,0,,6,6,1.0,1,3,4,1,1,3,1,2,12
2024-11-08_uc_riverside_whittier,Whittier,4,"Leach, Rhe Nae",True,28,3,12,0.25,0,1,0.0,1,2,0.5,1,6,7,3,2,9,0,3,7
2024-11-08_uc_riverside_whittier,Whittier,35,"Beaver, Camryn",True,27,0,4,0.0,0,0,,0,0,,0,3,3,1,0,2,1,0,0
2024-11-08_uc_riverside_whittier,Whittier,25,"Sherman, Tiah",True,15,0,2,0.0,0,2,0.0,0,0,,0,1,1,0,0,0,0,0,0
2024-11-08_uc_riverside_whittier,Whittier,15,"Perkins, Kennedy",False,25,2,8,0.25,1,5,0.2,1,2,0.5,3,4,7,1,1,3,1,0,6
2024-11-08_uc_riverside_whittier,Whittier,11,"Bennett, Amaree",False,16,1,2,0.5,1,2,0.5,2,2,1.0,1,1,2,1,1,0,0,0,5
2024-11-08_uc_riverside_whittier,Whittier,23,"Rosales, Yaneli",False,22,0,0,,0,0,,0,0,,0,1,1,0,1,3,0,1,0
2024-11-08_uc_riverside_whittier,Whittier,44,"Robles, Trinity",False,9,0,0,,0,0,,0,0,,1,1,2,1,0,1,0,0,0
2024-11-08_uc_riverside_whittier,Whittier,3,"Apacible, Natalia",False,6,0,0,,0,0,,0,0,,0,1,1,0,0,0,0,0,0
2024-11-08_uc_riverside_whittier,Whittier,TM,TEAM,False,0,0,0,,0,0,,0,0,,0,1,1,0,0,1,0,0,0
2024-11-08_uc_riverside_whittier,UC Riverside,2,"Hackley, Seneca",True,19,5,10,0.5,4,9,0.444,0,0,,1,3,4,1,2,2,0,2,14
2024-11-08_uc_riverside_whittier,UC Riverside,00,"Rose, Makayla",True,23,6,14,0.429,0,4,0.0,1,2,0.5,2,2,4,0,4,2,0,6,13
2024-11-08_uc_riverside_whittier,UC Riverside,11,"Matarranz, Esther",True,23,4,6,0.667,0,0,,3,4,0.75,3,3,6,2,3,3,0,2,11
2024-11-08_uc_riverside_whittier,UC Riverside,12,"Cutler, Gemma",True,22,3,5,0.6,0,0,,2,2,1.0,1,4,5,1,0,0,0,0,8
2024-11-08_uc_riverside_whittier,UC Riverside,3,"Tillery, Zoe",True,14,1,2,0.5,1,2,0.5,0,0,,0,0,0,3,3,1,0,1,3
2024-11-08_uc_riverside_whittier,UC Riverside,7,"Wickstrom, Hannah",False,18,6,14,0.429,5,12,0.417,0,0,,1,4,5,2,1,1,1,1,17
2024-11-08_uc_riverside_whittier,UC Riverside,5,"Duchemin, Shelley",False,21,4,7,0.571,1,2,0.5,2,2,1.0,0,2,2,1,2,0,0,0,11
2024-11-08_uc_riverside_whittier,UC Riverside,4,"Marshall, Jordyn",False,11,1,1,1.0,1,1,1.0,0,0,,0,2,2,2,1,1,0,0,3
2024-11-08_uc_riverside_whittier,UC Riverside,1,"Polk, Kaylani",False,18,1,3,0.333,0,2,0.0,0,0,,0,0,0,2,2,1,0,0,2
2024-11-08_uc_riverside_whittier,UC Riverside,13,"Chocano, Maya",False,11,1,4,0.25,0,1,0.0,0,0,,3,1,4,0,1,1,0,1,2
2024-11-08_uc_riverside_whittier,UC Riverside,30,"Sylla, Dieynaba",False,14,0,2,0.0,0,0,,0,0,,0,2,2,1,0,1,0,0,0
2024-11-08_uc_riverside_whittier,UC Riverside,10,"Minshall, Makayla",False,6,0,1,0.0,0,0,,0,0,,2,0,2,1,0,1,0,0,0
2024-11-08_uc_riverside_whittier,UC Riverside,TM,TEAM,False,0,0,0,,0,0,,0,0,,0,0,0,0,0,0,0,0,0
2024-11-09_portland_st_hawaii,Hawaii,15,"Phillips, Daejah",True,23,4,6,0.667,2,3,0.667,1,2,0.5,1,2,3,0,3,1,0,2,11
2024-11-09_portland_st_hawaii,Hawaii,24,"Tamilo, Ritorya",True,16,3,6,0.5,0,0,,4,4,1.0,1,1,2,1,1,0,0,0,10
2024-11-09_portland_st_hawaii,Hawaii,22,"Peacock, Jade",True,17,2,5,0.4,1,3,0.333,0,2,0.0,0,1,1,1,1,0,1,1,5
2024-11-09_portland_st_hawaii,Hawaii,02,"'Uhila, Mia",True,16,1,3,0.333,0,2,0.0,0,0,,1,5,6,1,2,1,0,0,2
2024-11-09_portland_st_hawaii,Hawaii,01,"Imai, Kelsie",True,12,1,1,1.0,0,0,,0,0,,1,2,3,1,3,2,0,0,2
2024-11-09_portland_st_hawaii,Hawaii,23,"McBee, MeiLani",False,23,5,10,0.5,2,7,0.286,0,0,,2,3,5,2,2,0,1,1,12
2024-11-09_portland_st_hawaii,Hawaii,04,"Lefotu, Jovi",False,16,4,7,0.571,1,2,0.5,0,0,,0,4,4,1,1,3,0,2,9
2024-11-09_portland_st_hawaii,Hawaii,14,"Rewers, Brooklyn",False,14,2,5,0.4,1,2,0.5,2,2,1.0,1,4,5,2,0,2,0,0,7
2024-11-09_portland_st_hawaii,Hawaii,11,"Filemu, Kira-May",False,15,2,3,0.667,1,2,0.5,1,2,0.5,1,0,1,2,0,0,0,0,6
2024-11-09_portland_st_hawaii,Hawaii,03,"Wahinekapu, Lily",False,18,2,5,0.4,1,2,0.5,0,0,,0,2,2,2,2,4,0,2,5
2024-11-09_portland_st_hawaii,Hawaii,12,"Perez, Imani",False,18,1,2,0.5,1,1,1.0,0,0,,0,3,3,1,0,2,1,2,3
2024-11-09_portland_st_hawaii,Hawaii,10,"Kujovic, Danijela",False,7,0,2,0.0,0,1,0.0,0,2,0.0,0,1,1,1,0,0,2,1,0
2024-11-09_portland_st_hawaii,Hawaii,08,"Moors, Rebecca",False,5,0,1,0.0,0,1,0.0,0,0,,0,1,1,1,0,1,0,0,0
2024-11-09_portland_st_hawaii,Hawaii,TM,TEAM,False,0,0,0,,0,0,,0,0,,4,0,4,0,0,0,0,0,0
2024-11-09_portland_st_hawaii,Portland St.,01,"Fitzgerald, Alaya",True,32,3,11,0.273,2,7,0.286,1,2,0.5,2,3,5,1,4,3,0,0,9
2024-11-09_portland_st_hawaii,Portland St.,15,"Wenger, Lana",True,21,4,8,0.5,1,2,0.5,0,2,0.0,0,3,3,4,1,5,0,1,9
2024-11-09_portland_st_hawaii,Portland St.,22,"Ogele, Rhema",True,27,3,8,0.375,0,0,,2,2,1.0,3,6,9,4,0,3,0,0,8
2024-11-09_portland_st_hawaii,Portland St.,11,"Torres-Kahapea, Laynee",True,37,0,4,0.0,0,3,0.0,3,4,0.75,0,2,2,1,1,1,1,4,3
2024-11-09_portland_st_hawaii,Portland St.,23,"Moffat, Taylor",True,20,0,3,0.0,0,1,0.0,0,0,,0,1,1,2,2,0,0,1,0
2024-11-09_portland_st_hawaii,Portland St.,02,"Carter, Jamia",False,13,3,10,0.3,2,7,0.286,7,9,0.778,0,1,1,0,2,2,0,3,15
2024-11-09_portland_st_hawaii,Portland St.,08,"Haltom, Joy",False,14,2,3,0.667,2,2,1.0,0,0,,1,0,1,3,1,1,0,0,6
2024-11-09_portland_st_hawaii,Portland St.,12,"Brown, Kyleigh",False,22,0,4,0.0,0,3,0.0,0,0,,0,1,1,0,2,2,1,1,0
2024-11-09_portland_st_hawaii,Portland St.,20,"Best, Katelyn",False,10,0,1,0.0,0,0,,0,0,,1,0,1,2,0,0,0,0,0
2024-11-09_portland_st_hawaii,Portland St.,00,"Llanos, Sofia",False,2,0,0,,0,0,,0,0,,0,0,0,0,0,0,0,0,0
2024-11-09_portland_st_hawaii,Portland St.,13,"Encinas, Alani",False,1,0,0,,0,0,,0,0,,0,0,0,0,0,0,0,0,0
2024-11-09_portland_st_hawaii,Portland St.,21,"Turner, Courtney",False,1,0,0,,0,0,,0,0,,0,0,0,0,0,0,0,0,0
2024-11-09_portland_st_hawaii,Portland St.,TM,TEAM,False,0,0,0,,0,0,,0,0,,5,2,7,0,0,1,0,0,0
2024-11-09_san_francisco_uc_santa_barbara,UC Santa Barbara,03,"Marin, Alyssa",True,27,4,13,0.308,2,4,0.5,6,6,1.0,0,0,0,4,0,2,0,2,16
2024-11-09_san_francisco_uc_santa_barbara,UC Santa Barbara,10,"Choice, Anya",True,33,3,9,0.333,0,3,0.0,3,4,0.75,1,2,3,2,0,5,0,0,9
2024-11-09_san_francisco_uc_santa_barbara,UC Santa Barbara,02,"Borter, Zoe",True,36,2,10,0.2,0,2,0.0,0,0,,3,2,5,0,0,0,1,1,4
2024-11-09_san_francisco_uc_santa_barbara,UC Santa Barbara,55,"Burke, Skylar",True,27,1,7,0.143,0,2,0.0,2,2,1.0,1,3,4,2,0,1,0,2,4
2024-11-09_san_francisco_uc_santa_barbara,UC Santa Barbara,20,"Rockwood, Laurel",True,21,0,1,0.0,0,0,,1,2,0.5,1,2,3,5,0,2,0,0,1
2024-11-09_san_francisco_uc_santa_barbara,UC Santa Barbara,32,"Grant, Jessica",False,9,1,3,0.333,1,3,0.333,0,0,,0,0,0,5,0,0,0,1,3
2024-11-09_san_francisco_uc_santa_barbara,UC Santa Barbara,31,"Pietsch, Martha",False,25,0,8,0.0,0,7,0.0,0,0,,1,1,2,1,1,1,0,0,0
2024-11-09_san_francisco_uc_santa_barbara,UC Santa Barbara,13,"Goed, Flora",False,16,0,1,0.0,0,0,,0,0,,0,1,1,4,0,1,0,0,0
2024-11-09_san_francisco_uc_santa_barbara,UC Santa Barbara,14,"Coon, Kanani",False,6,0,1,0.0,0,1,0.0,0,0,,0,1,1,0,0,0,0,0,0
2024-11-09_san_francisco_uc_santa_barbara,UC Santa Barbara,TM,TEAM,False,0,0,0,,0,0,,0,0,,2,6,8,0,0,2,0,0,0
2024-11-09_san_francisco_uc_santa_barbara,San Francisco,13,"Dos Santos, Debora",True,27,4,7,0.571,0,0,,6,10,0.6,3,6,9,1,1,2,1,3,14
2024-11-09_san_francisco_uc_santa_barbara,San Francisco,12,"Werth, Freja",True,32,4,9,0.444,1,3,0.333,0,0,,1,4,5,1,0,3,0,0,9
2024-11-09_san_francisco_uc_santa_barbara,San Francisco,11,"Ziaka, Angeliki",True,32,3,10,0.3,1,5,0.2,1,2,0.5,0,5,5,3,3,4,4,3,8
2024-11-09_san_francisco_uc_santa_barbara,San Francisco,32,"Fulcher, Cami",True,19,1,9,0.111,1,8,0.125,0,0,,0,2,2,1,1,1,0,1,3
2024-11-09_san_francisco_uc_santa_barbara,San Francisco,01,"Leite, Luana",True,11,1,1,1.0,0,0,,0,0,,0,0,0,5,4,0,0,0,2
2024-11-09_san_francisco_uc_santa_barbara,San Francisco,04,"Papahronis, Elle",False,27,2,7,0.286,1,3,0.333,5,6,0.833,1,4,5,2,2,0,0,0,10
2024-11-09_san_francisco_uc_santa_barbara,San Francisco,07,"Trawally Porta, Emma",False,31,3,7,0.429,2,4,0.5,1,2,0.5,5,5,10,0,0,0,2,1,9
2024-11-09_san_francisco_uc_santa_barbara,San Francisco,24,"Castro, Sol",False,9,1,1,1.0,0,0,,2,2,1.0,3,1,4,3,0,2,0,0,4
2024-11-09_san_francisco_uc_santa_barbara,San Francisco,10,"Barbosa, Lorena",False,8,0,1,0.0,0,1,0.0,0,0,,0,1,1,5,0,2,0,0,0
2024-11-09_san_francisco_uc_santa_barbara,San Francisco,20,"Kéita, Aya",False,3,0,1,0.0,0,0,,0,0,,0,0,0,0,0,1,0,0,0
2024-11-09_san_francisco_uc_santa_barbara,San Francisco,25,"Thiam, Seynabou",False,1,0,1,0.0,0,0,,0,0,,0,0,0,0,0,1,0,0,0
2024-11-09_san_francisco_uc_santa_barbara,San Francisco,TM,TEAM,False,0,0,0,,0,0,,0,0,,2,2,4,0,0,0,0,0,0
2024-11-09_southern_california_cal_poly,Cal Poly,15,"Bourland, Sydney",True,27,5,9,0.556,0,0,,2,2,1.0,1,5,6,1,2,3,0,1,12
2024-11-09_southern_california_cal_poly,Cal Poly,24,"Carter, Mary",True,31,5,17,0.294,1,5,0.2,0,0,,0,3,3,0,0,4,0,0,11
2024-11-09_southern_california_cal_poly,Cal Poly,2,"Shah, Annika",True,31,3,8,0.375,0,4,0.0,0,0,,0,0,0,4,2,5,0,0,6
2024-11-09_southern_california_cal_poly,Cal Poly,22,"Goosby, Alana",True,28,0,3,0.0,0,0,,0,2,0.0,0,3,3,2,3,3,0,0,0
2024-11-09_southern_california_cal_poly,Cal Poly,4,"Lichtie, Sierra",True,21,0,4,0.0,0,1,0.0,0,0,,1,3,4,2,0,4,0,2,0
2024-11-09_southern_california_cal_poly,Cal Poly,5,"Robinson, Gabby",False,19,1,1,1.0,0,0,,0,0,,0,2,2,2,1,4,0,1,2
2024-11-09_southern_california_cal_poly,Cal Poly,9,"Perez, Nora",False,16,1,3,0.333,0,0,,0,0,,1,0,1,3,1,2,0,0,2
2024-11-09_southern_california_cal_poly,Cal Poly,14,"Bears, Gillian",False,13,1,3,0.333,0,0,,0,0,,1,2,3,5,0,1,1,0,2
2024-11-09_southern_california_cal_poly,Cal Poly,23,"Moleón Hidalgo, Ana",False,12,0,1,0.0,0,0,,0,0,,0,1,1,2,1,4,0,1,0
2024-11-09_southern_california_cal_poly,Cal Poly,11,"Knapp, Avery",False,2,0,0,,0,0,,0,0,,0,0,0,1,0,0,0,0,0
2024-11-09_southern_california_cal_poly,Cal Poly,TM,TEAM,False,0,0,0,,0,0,,0,0,,4,1,5,0,0,1,0,0,0
2024-11-09_southern_california_cal_poly,Southern California,12,"Watkins, Juju",True,29,5,12,0.417,0,3,0.0,6,8,0.75,1,5,6,2,1,3,4,2,16
2024-11-09_southern_california_cal_poly,Southern California,13,"Marshall, Rayah",True,17,6,9,0.667,1,1,1.0,2,2,1.0,3,4,7,0,3,0,0,1,15
2024-11-09_southern_california_cal_poly,Southern California,44,"Iriafen, Kiki",True,24,5,12,0.417,0,1,0.0,2,2,1.0,5,2,7,3,2,3,0,1,12
2024-11-09_southern_california_cal_poly,Southern California,11,"Smith, Kennedy",True,21,4,9,0.444,1,6,0.167,1,1,1.0,0,2,2,2,0,0,2,2,10
2024-11-09_southern_california_cal_poly,Southern California,55,"von Oelhoffen, Talia",True,20,1,5,0.2,0,3,0.0,0,0,,2,4,6,0,7,1,0,3,2
2024-11-09_southern_california_cal_poly,Southern California,9,"Heckel, Kayleigh",False,20,6,10,0.6,1,3,0.333,3,4,0.75,2,1,3,0,3,1,0,5,16
2024-11-09_southern_california_cal_poly,Southern California,10,"Samuels, Malia",False,13,4,7,0.571,3,5,0.6,1,1,1.0,0,1,1,1,3,0,0,2,12
2024-11-09_southern_california_cal_poly,Southern California,4,"Forestier, Rian",False,5,2,4,0.5,0,0,,0,0,,1,1,2,1,0,0,0,0,4
2024-11-09_southern_california_cal_poly,Southern California,23,"Howell, Avery",False,17,1,5,0.2,0,4,0.0,0,0,,1,2,3,1,0,3,1,0,2
2024-11-09_southern_california_cal_poly,Southern California,00,"Iwuchukwu, Vivian",False,13,0,1,0.0,0,0,,1,2,0.5,3,1,4,0,2,2,1,0,1
2024-11-09_southern_california_cal_poly,Southern California,3,"Gayles, Aaliyah",False,9,0,1,0.0,0,1,0.0,0,0,,0,0,0,0,1,1,0,0,0
2024-11-09_southern_california_cal_poly,Southern California,34,"Akunwafo, Clarice",False,7,0,0,,0,0,,0,0,,0,0,0,0,0,0,0,2,0
2024-11-09_southern_california_cal_poly,Southern California,24,"Shamblin, Brooklyn",False,5,0,1,0.0,0,1,0.0,0,0,,0,0,0,0,1,0,0,1,0
2024-11-09_southern_california_cal_poly,Southern California,TM,TEAM,False,0,0,0,,0,0,,0,0,,2,1,3,0,0,0,0,0,0
2024-11-09_long_beach_st_william_mary,William & Mary,5,"Nascimento, Bella",True,34,9,29,0.31,2,11,0.182,1,2,0.5,1,5,6,3,1,5,0,2,21
2024-11-09_long_beach_st_william_mary,William & Mary,35,"Cauley, Anahi-lee",True,26,2,5,0.4,1,1,1.0,5,6,0.833,2,2,4,2,3,1,0,2,10
2024-11-09_long_beach_st_william_mary,William & Mary,1,"Geddes, Cassidy",True,31,3,12,0.25,1,7,0.143,1,2,0.5,1,4,5,3,1,1,0,1,8
2024-11-09_long_beach_st_william_mary,William & Mary,00,"Mikeska, Alexa",True,16,1,2,0.5,1,2,0.5,0,0,,2,1,3,2,2,1,0,1,3
2024-11-09_long_beach_st_william_mary,William & Mary,3,"Beckwith, Kayla",True,9,0,3,0.0,0,1,0.0,0,0,,1,0,1,3,1,1,0,0,0
2024-11-09_long_beach_st_william_mary,William & Mary,21,"Fox, Natalie",False,21,5,9,0.556,0,0,,0,0,,5,7,12,5,0,7,0,0,10
2024-11-09_long_beach_st_william_mary,William & Mary,2,"Dance, Monet",False,27,2,6,0.333,1,2,0.5,0,0,,3,0,3,2,5,1,0,1,5
2024-11-09_long_beach_st_william_mary,William & Mary,14,"Frisby-smith, Rebekah",False,19,2,6,0.333,1,4,0.25,0,0,,0,1,1,4,2,1,0,0,5
2024-11-09_long_beach_st_william_mary,William & Mary,23,"Rolph, Kayla",False,16,1,5,0.2,0,2,0.0,1,1,1.0,1,4,5,0,1,0,0,2,3
2024-11-09_long_beach_st_william_mary,William & Mary,10,"Long, Marley",False,1,0,0,,0,0,,0,0,,0,0,0,0,0,0,0,0,0
2024-11-09_long_beach_st_william_mary,William & Mary,TM,TEAM,False,0,0,0,,0,0,,0,0,,4,2,6,0,0,0,0,0,0
2024-11-09_long_beach_st_william_mary,Long Beach St.,1,"Sonnier, Lovely",True,21,5,6,0.833,1,1,1.0,2,3,0.667,2,6,8,1,3,2,1,1,13
2024-11-09_long_beach_st_william_mary,Long Beach St.,3,"Chung, Patricia",True,30,3,10,0.3,1,3,0.333,2,2,1.0,0,6,6,2,2,4,0,1,9
2024-11-09_long_beach_st_william_mary,Long Beach St.,2,"Tucker, Savannah",True,32,2,12,0.167,0,4,0.0,4,4,1.0,1,2,3,2,3,2,0,2,8
2024-11-09_long_beach_st_william_mary,Long Beach St.,12,"Crawshaw, Jada",True,24,4,12,0.333,0,0,,0,0,,4,4,8,4,0,7,1,0,8
2024-11-09_long_beach_st_william_mary,Long Beach St.,11,"Loobie, Rachel",True,19,1,6,0.167,0,1,0.0,1,2,0.5,4,3,7,2,3,1,1,2,3
2024-11-09_long_beach_st_william_mary,Long Beach St.,22,"Richards, Mykelle",False,25,5,10,0.5,1,3,0.333,1,3,0.333,3,2,5,3,0,3,0,0,12
2024-11-09_long_beach_st_william_mary,Long Beach St.,30,"Jones-brown, Jaquoia",False,20,4,5,0.8,2,3,0.667,0,0,,1,5,6,4,0,0,1,0,10
2024-11-09_long_beach_st_william_mary,Long Beach St.,42,"Oliva Fernandez, Judit",False,15,2,2,1.0,0,0,,0,0,,0,1,1,1,2,1,0,1,4
2024-11-09_long_beach_st_william_mary,Long Beach St.,5,"Ka, Kennan",False,14,0,2,0.0,0,1,0.0,0,0,,0,0,0,1,0,3,1,1,0
2024-11-09_long_beach_st_william_mary,Long Beach St.,TM,TEAM,False,0,0,0,,0,0,,0,0,,0,5,5,0,0,0,0,0,0
2024-11-10_uc_san_diego_arizona,Arizona,25,"Cunningham, Breya",True,18,7,11,0.636,0,0,,2,2,1.0,3,6,9,2,1,1,3,3,16
2024-11-10_uc_san_diego_arizona,Arizona,33,"Beh, Isis",True,17,3,6,0.5,0,1,0.0,3,4,0.75,2,1,3,2,0,0,0,0,9
2024-11-10_uc_san_diego_arizona,Arizona,04,"Jones, Skylar",True,21,3,7,0.429,1,2,0.5,1,2,0.5,1,1,2,4,2,2,1,1,8
2024-11-10_uc_san_diego_arizona,Arizona,23,"Paris, Paulina",True,25,1,5,0.2,1,3,0.333,2,2,1.0,0,4,4,2,3,3,0,2,5
2024-11-10_uc_san_diego_arizona,Arizona,02,"Williams, Jada",True,19,1,7,0.143,0,2,0.0,2,2,1.0,0,2,2,1,2,3,0,4,4
2024-11-10_uc_san_diego_arizona,Arizona,01,"Swann, Lauryn",False,18,2,4,0.5,1,3,0.333,2,3,0.667,0,1,1,2,1,0,0,0,7
2024-11-10_uc_san_diego_arizona,Arizona,11,"Jah, Sahnya",False,20,3,6,0.5,0,1,0.0,0,2,0.0,0,3,3,3,2,4,0,1,6
2024-11-10_uc_san_diego_arizona,Arizona,34,"Knezevic, Katarina",False,17,2,4,0.5,2,4,0.5,0,0,,1,5,6,3,1,4,0,0,6
2024-11-10_uc_san_diego_arizona,Arizona,13,"Rolf, Mailien",False,19,1,4,0.25,0,2,0.0,0,0,,0,2,2,3,1,3,0,1,2
2024-11-10_uc_san_diego_arizona,Arizona,24,"Ross, Jorynn",False,6,1,2,0.5,0,0,,0,0,,0,0,0,0,0,0,0,0,2
2024-11-10_uc_san_diego_arizona,Arizona,12,"Dew, Montaya",False,19,0,1,0.0,0,0,,0,0,,1,1,2,2,2,2,0,0,0
2024-11-10_uc_san_diego_arizona,Arizona,10,"Tack, Erin",False,1,0,0,,0,0,,0,0,,0,1,1,1,0,0,0,0,0
2024-11-10_uc_san_diego_arizona,Arizona,TM,TEAM,False,0,0,0,,0,0,,0,0,,1,2,3,0,0,1,0,0,0
2024-11-10_uc_san_diego_arizona,UC San Diego,24,"Spriggs, Kayanna",True,34,3,8,0.375,0,0,,5,7,0.714,3,5,8,3,1,3,3,2,11
2024-11-10_uc_san_diego_arizona,UC San Diego,03,"Sugapong, Sumayah",True,23,2,9,0.222,1,3,0.333,0,0,,0,2,2,2,0,7,0,1,5
2024-11-10_uc_san_diego_arizona,UC San Diego,22,"Gallegos, Gracie",True,17,1,1,1.0,1,1,1.0,1,4,0.25,0,2,2,1,1,2,0,0,4
2024-11-10_uc_san_diego_arizona,UC San Diego,15,"Ma, Sabrina",True,22,1,6,0.167,1,3,0.333,0,0,,1,2,3,5,1,2,0,2,3
2024-11-10_uc_san_diego_arizona,UC San Diego,25,"Mahan, Junaé",True,2,1,2,0.5,0,0,,0,0,,0,0,0,1,0,0,1,0,2
2024-11-10_uc_san_diego_arizona,UC San Diego,32,"Montgomery, Parker",False,34,6,10,0.6,2,5,0.4,0,0,,0,5,5,0,2,2,0,4,14
2024-11-10_uc_san_diego_arizona,UC San Diego,23,"Blithikioti, Eri",False,27,3,6,0.5,0,2,0.0,2,5,0.4,0,2,2,2,3,1,0,2,8
2024-11-10_uc_san_diego_arizona,UC San Diego,12,"Smith, Rosa",False,12,1,5,0.2,0,2,0.0,2,2,1.0,0,2,2,1,2,3,0,1,4
2024-11-10_uc_san_diego_arizona,UC San Diego,21,"Polocheck, Nicki",False,23,1,4,0.25,0,2,0.0,1,2,0.5,1,4,5,3,2,2,0,0,3
2024-11-10_uc_san_diego_arizona,UC San Diego,30,"Sule, Damilola",False,6,0,0,,0,0,,0,0,,0,1,1,0,0,2,0,0,0
2024-11-10_uc_san_diego_arizona,UC San Diego,TM,TEAM,False,0,0,0,,0,0,,0,0,,3,1,4,0,0,0,0,0,0
2024-11-10_liu_cal_st_fullerton,Cal St. Fullerton,10,"Lagway, Demonnie",True,29,4,12,0.333,2,4,0.5,1,2,0.5,1,1,2,3,3,5,1,1,11
2024-11-10_liu_cal_st_fullerton,Cal St. Fullerton,24,"Stanton, Aaliyah",True,24,2,7,0.286,0,1,0.0,3,4,0.75,1,2,3,3,0,1,0,0,7
2024-11-10_liu_cal_st_fullerton,Cal St. Fullerton,12,"Levingston, Eva",True,23,3,7,0.429,0,0,,1,2,0.5,2,5,7,5,1,3,1,2,7
2024-11-10_liu_cal_st_fullerton,Cal St. Fullerton,13,"Hernandez, Aixchel",True,40,3,10,0.3,0,2,0.0,0,0,,3,9,12,4,0,0,3,1,6
2024-11-10_liu_cal_st_fullerton,Cal St. Fullerton,23,"Strachan, Emily",True,23,0,1,0.0,0,0,,4,6,0.667,0,1,1,4,2,2,0,1,4
2024-11-10_liu_cal_st_fullerton,Cal St. Fullerton,22,"Muniz, Madelynn",False,23,5,9,0.556,3,6,0.5,0,0,,1,1,2,2,2,0,0,0,13
2024-11-10_liu_cal_st_fullerton,Cal St. Fullerton,04,"Falsdottir, Jana",False,16,1,4,0.25,1,3,0.333,0,0,,0,0,0,0,3,3,1,0,3
2024-11-10_liu_cal_st_fullerton,Cal St. Fullerton,01,"Wienecke, Genna",False,13,0,0,,0,0,,1,2,0.5,2,0,2,0,2,0,0,0,1
2024-11-10_liu_cal_st_fullerton,Cal St. Fullerton,02,"Tauro, Maddy",False,9,0,2,0.0,0,0,,0,0,,0,1,1,1,0,2,0,0,0
2024-11-10_liu_cal_st_fullerton,Cal St. Fullerton,TM,TEAM,False,0,0,0,,0,0,,0,0,,2,0,2,0,0,1,0,0,0
2024-11-10_liu_cal_st_fullerton,LIU,25,"Dowdy, Amaya",True,34,9,12,0.75,0,0,,6,8,0.75,4,4,8,4,2,2,2,0,24
2024-11-10_liu_cal_st_fullerton,LIU,02,"Legions, Sirviva",True,37,4,8,0.5,0,2,0.0,2,4,0.5,0,2,2,3,2,3,0,2,10
2024-11-10_liu_cal_st_fullerton,LIU,05,"Williams, Janessa",True,38,3,12,0.25,1,7,0.143,2,2,1.0,3,3,6,1,4,1,0,0,9
2024-11-10_liu_cal_st_fullerton,LIU,10,"Varga, Estie",True,23,3,6,0.5,1,3,0.333,2,3,0.667,0,4,4,2,1,6,0,0,9
2024-11-10_liu_cal_st_fullerton,LIU,12,"Gamble, Shanaii",True,19,3,5,0.6,0,0,,0,0,,3,3,6,4,1,3,0,1,6
2024-11-10_liu_cal_st_fullerton,LIU,11,"Mead, Brianna",False,25,1,5,0.2,1,3,0.333,0,0,,1,1,2,2,4,1,0,2,3
2024-11-10_liu_cal_st_fullerton,LIU,34,"Sherrill, Patricia",False,3,1,2,0.5,0,0,,0,1,0.0,1,0,1,1,0,0,0,0,2
2024-11-10_liu_cal_st_fullerton,LIU,21,"Glenn, Kaiden",False,11,0,1,0.0,0,1,0.0,0,0,,0,2,2,0,0,0,0,0,0
2024-11-10_liu_cal_st_fullerton,LIU,22,"Kane, Racky",False,7,0,2,0.0,0,1,0.0,0,0,,1,1,2,2,0,1,0,0,0
2024-11-10_liu_cal_st_fullerton,LIU,23,"Garcia-Escribano, Candela",False,2,0,1,0.0,0,0,,0,0,,0,0,0,0,0,0,0,0,0
2024-11-10_liu_cal_st_fullerton,LIU,14,"Denes, Dia",False,1,0,0,,0,0,,0,0,,0,0,0,0,0,0,0,0,0
2024-11-10_liu_cal_st_fullerton,LIU,TM,TEAM,False,0,0,0,,0,0,,0,0,,2,4,6,0,0,1,0,0,0
2024-11-11_uc_irvine_william_mary,William & Mary,1,"Geddes, Cassidy",True,31,6,15,0.4,4,7,0.571,2,2,1.0,0,0,0,2,0,3,0,0,18
2024-11-11_uc_irvine_william_mary,William & Mary,5,"Nascimento, Bella",True,31,3,9,0.333,1,2,0.5,3,4,0.75,0,3,3,3,3,2,0,1,10
2024-11-11_uc_irvine_william_mary,William & Mary,3,"Beckwith, Kayla",True,17,3,8,0.375,0,0,,0,0,,2,6,8,5,0,2,0,0,6
2024-11-11_uc_irvine_william_mary,William & Mary,35,"Cauley, Anahi-lee",True,27,2,5,0.4,0,0,,0,0,,0,1,1,1,2,1,0,1,4
2024-11-11_uc_irvine_william_mary,William & Mary,00,"Mikeska, Alexa",True,25,1,4,0.25,1,1,1.0,1,2,0.5,0,3,3,1,3,1,0,1,4
2024-11-11_uc_irvine_william_mary,William & Mary,21,"Fox, Natalie",False,20,3,9,0.333,0,0,,0,0,,2,2,4,1,1,0,1,0,6
2024-11-11_uc_irvine_william_mary,William & Mary,23,"Rolph, Kayla",False,10,1,3,0.333,1,2,0.5,0,0,,2,2,4,0,2,1,0,0,3
2024-11-11_uc_irvine_william_mary,William & Mary,13,"Legoullon, Sophia",False,8,1,3,0.333,0,2,0.0,0,0,,0,0,0,0,0,0,0,0,2
2024-11-11_uc_irvine_william_mary,William & Mary,12,"Sallman, Jana",False,1,1,1,1.0,0,0,,0,1,0.0,0,1,1,0,0,1,0,0,2
2024-11-11_uc_irvine_william_mary,William & Mary,2,"Dance, Monet",False,15,0,1,0.0,0,0,,0,0,,0,1,1,0,1,1,0,1,0
2024-11-11_uc_irvine_william_mary,William & Mary,14,"Frisby-smith, Rebekah",False,15,0,2,0.0,0,0,,0,0,,1,0,1,1,0,1,0,0,0
2024-11-11_uc_irvine_william_mary,William & Mary,TM,TEAM,False,0,0,0,,0,0,,0,0,,2,4,6,0,0,1,0,0,0
2024-11-11_uc_irvine_william_mary,UC Irvine,20,"Hernandez, Hunter",True,34,8,18,0.444,4,6,0.667,9,10,0.9,3,3,6,0,1,3,0,0,29
2024-11-11_uc_irvine_william_mary,UC Irvine,21,"Williams, Olivia",True,35,5,10,0.5,3,5,0.6,2,2,1.0,0,7,7,2,1,1,1,2,15
2024-11-11_uc_irvine_william_mary,UC Irvine,3,"Tom, Nikki",True,29,3,5,0.6,2,3,0.667,0,0,,3,2,5,2,5,1,0,2,8
2024-11-11_uc_irvine_william_mary,UC Irvine,13,"Lee, Déja",True,35,3,9,0.333,1,3,0.333,0,2,0.0,0,1,1,2,6,5,0,0,7
2024-11-11_uc_irvine_william_mary,UC Irvine,24,"Dean, Nevaeh",True,23,2,4,0.5,1,1,1.0,1,2,0.5,1,5,6,3,1,1,4,2,6
2024-11-11_uc_irvine_william_mary,UC Irvine,14,"Hanson, Summah",False,16,2,5,0.4,0,2,0.0,1,1,1.0,0,3,3,2,0,0,0,0,5
2024-11-11_uc_irvine_william_mary,UC Irvine,9,"Falcon Hernandez, Daniela",False,1,1,1,1.0,0,0,,0,0,,0,0,0,0,0,0,0,0,2
2024-11-11_uc_irvine_william_mary,UC Irvine,1,"Brooks, Jaida",False,11,0,1,0.0,0,0,,0,0,,0,2,2,1,1,2,0,1,0
2024-11-11_uc_irvine_william_mary,UC Irvine,11,"Scharpf, Amelia",False,10,0,1,0.0,0,1,0.0,0,0,,0,3,3,0,1,0,0,0,0
2024-11-11_uc_irvine_william_mary,UC Irvine,12,"Nahum, Shirel",False,4,0,0,,0,0,,0,0,,0,0,0,1,1,0,0,0,0
2024-11-11_uc_irvine_william_mary,UC Irvine,2,"Hernandez, Haley",False,1,0,0,,0,0,,0,0,,0,0,0,0,0,0,0,0,0
2024-11-11_uc_irvine_william_mary,UC Irvine,22,"Djoko, Clara",False,1,0,0,,0,0,,0,0,,0,0,0,0,0,0,0,0,0
2024-11-11_uc_irvine_william_mary,UC Irvine,TM,TEAM,False,0,0,0,,0,0,,0,0,,1,4,5,0,0,0,0,0,0
2024-11-11_fresno_st_uc_riverside,UC Riverside,3,"Tillery, Zoe",True,34,2,10,0.2,2,4,0.5,3,6,0.5,0,2,2,0,2,5,0,0,9
2024-11-11_fresno_st_uc_riverside,UC Riverside,2,"Hackley, Seneca",True,17,3,8,0.375,2,6,0.333,1,2,0.5,1,6,7,4,0,0,0,1,9
2024-11-11_fresno_st_uc_riverside,UC Riverside,00,"Rose, Makayla",True,28,2,8,0.25,1,3,0.333,0,0,,0,2,2,2,3,0,0,3,5
2024-11-11_fresno_st_uc_riverside,UC Riverside,11,"Matarranz, Esther",True,29,2,9,0.222,0,0,,0,2,0.0,4,2,6,4,2,2,1,1,4
2024-11-11_fresno_st_uc_riverside,UC Riverside,12,"Cutler, Gemma",True,17,1,2,0.5,0,0,,0,0,,1,1,2,3,1,2,0,0,2
2024-11-11_fresno_st_uc_riverside,UC Riverside,5,"Duchemin, Shelley",False,21,6,9,0.667,0,0,,4,6,0.667,1,3,4,5,1,2,0,0,16
2024-11-11_fresno_st_uc_riverside,UC Riverside,4,"Marshall, Jordyn",False,17,1,3,0.333,0,2,0.0,1,1,1.0,0,1,1,0,1,1,0,3,3
2024-11-11_fresno_st_uc_riverside,UC Riverside,7,"Wickstrom, Hannah",False,8,1,1,1.0,1,1,1.0,0,0,,0,0,0,2,0,1,0,1,3
2024-11-11_fresno_st_uc_riverside,UC Riverside,13,"Chocano, Maya",False,22,0,3,0.0,0,1,0.0,2,4,0.5,2,4,6,3,1,1,0,0,2
2024-11-11_fresno_st_uc_riverside,UC Riverside,10,"Minshall, Makayla",False,6,0,2,0.0,0,0,,0,0,,0,0,0,2,1,1,0,0,0
2024-11-11_fresno_st_uc_riverside,UC Riverside,1,"Polk, Kaylani",False,1,0,0,,0,0,,0,0,,1,0,1,0,0,0,0,0,0
2024-11-11_fresno_st_uc_riverside,UC Riverside,TM,TEAM,False,0,0,0,,0,0,,0,0,,2,3,5,0,0,1,0,0,0
2024-11-11_fresno_st_uc_riverside,Fresno St.,23,"Jacobs, Mia",True,32,8,15,0.533,1,2,0.5,4,5,0.8,2,13,15,2,1,3,1,2,21
2024-11-11_fresno_st_uc_riverside,Fresno St.,30,"Fox, Kylee",True,32,5,10,0.5,2,5,0.4,5,7,0.714,0,4,4,0,0,0,1,0,17
2024-11-11_fresno_st_uc_riverside,Fresno St.,7,"Ukkonen, Saga",True,35,3,11,0.273,2,7,0.286,2,2,1.0,1,5,6,4,3,2,0,3,10
2024-11-11_fresno_st_uc_riverside,Fresno St.,13,"Konstantinidou, Maria",True,18,2,6,0.333,1,1,1.0,0,0,,6,3,9,4,0,2,0,1,5
2024-11-11_fresno_st_uc_riverside,Fresno St.,1,"Sta. Maria, Taija",True,40,1,2,0.5,0,0,,2,2,1.0,0,1,1,1,5,5,0,2,4
2024-11-11_fresno_st_uc_riverside,Fresno St.,20,"Williams, Rayna",False,14,1,2,0.5,0,0,,0,2,0.0,0,0,0,5,0,1,0,1,2
2024-11-11_fresno_st_uc_riverside,Fresno St.,2,"Elohim, Mariah",False,6,0,2,0.0,0,2,0.0,2,2,1.0,0,2,2,0,0,1,0,0,2
2024-11-11_fresno_st_uc_riverside,Fresno St.,8,"Griffiths, Holly",False,2,0,0,,0,0,,2,2,1.0,0,0,0,0,0,0,0,0,2
2024-11-11_fresno_st_uc_riverside,Fresno St.,15,"Amundsen, Laney",False,15,0,1,0.0,0,1,0.0,0,2,0.0,0,0,0,3,0,0,0,1,0
2024-11-11_fresno_st_uc_riverside,Fresno St.,3,"Powell, Danae",False,3,0,0,,0,0,,0,0,,0,0,0,0,0,1,0,0,0
2024-11-11_fresno_st_uc_riverside,Fresno St.,11,"Lesueur, Malaya",False,3,0,0,,0,0,,0,0,,0,0,0,0,0,0,0,0,0
2024-11-11_fresno_st_uc_riverside,Fresno St.,TM,TEAM,False,0,0,0,,0,0,,0,0,,0,0,0,0,0,1,0,0,0
2024-11-12_montana_st_cal_poly,Cal Poly,24,"Carter, Mary",True,30,4,7,0.571,3,5,0.6,2,2,1.0,1,3,4,1,2,3,0,0,13
2024-11-12_montana_st_cal_poly,Cal Poly,2,"Shah, Annika",True,30,3,7,0.429,3,6,0.5,4,4,1.0,0,2,2,4,4,2,0,0,13
2024-11-12_montana_st_cal_poly,Cal Poly,15,"Bourland, Sydney",True,33,4,8,0.5,0,0,,3,4,0.75,1,6,7,2,2,8,1,1,11
2024-11-12_montana_st_cal_poly,Cal Poly,4,"Lichtie, Sierra",True,26,1,6,0.167,0,2,0.0,3,4,0.75,1,5,6,2,0,4,1,2,5
2024-11-12_montana_st_cal_poly,Cal Poly,22,"Goosby, Alana",True,26,0,1,0.0,0,0,,1,2,0.5,0,2,2,3,2,0,0,0,1
2024-11-12_montana_st_cal_poly,Cal Poly,14,"Bears, Gillian",False,14,3,5,0.6,0,0,,0,0,,1,1,2,1,1,1,0,0,6
2024-11-12_montana_st_cal_poly,Cal Poly,5,"Robinson, Gabby",False,20,1,7,0.143,0,2,0.0,1,1,1.0,1,3,4,2,0,3,0,0,3
2024-11-12_montana_st_cal_poly,Cal Poly,23,"Moleón Hidalgo, Ana",False,9,1,2,0.5,1,1,1.0,0,0,,0,0,0,2,0,1,0,1,3
2024-11-12_montana_st_cal_poly,Cal Poly,9,"Perez, Nora",False,12,0,1,0.0,0,0,,2,4,0.5,1,1,2,0,0,2,1,1,2
2024-11-12_montana_st_cal_poly,Cal Poly,TM,TEAM,False,0,0,0,,0,0,,0,0,,4,1,5,0,0,2,0,0,0
2024-11-12_montana_st_cal_poly,Montana St.,12,"Morales, Esmeralda",True,35,7,13,0.538,4,8,0.5,3,4,0.75,2,2,4,1,4,1,0,6,21
2024-11-12_montana_st_cal_poly,Montana St.,11,"Martin, Katelynn",True,25,4,11,0.364,1,7,0.143,3,4,0.75,0,6,6,3,1,3,1,0,12
2024-11-12_montana_st_cal_poly,Montana St.,30,"Philip, Dylan",True,22,4,6,0.667,1,3,0.333,2,2,1.0,1,0,1,2,3,2,0,2,11
2024-11-12_montana_st_cal_poly,Montana St.,5,"Johnson, Ella",True,31,3,5,0.6,1,2,0.5,0,1,0.0,2,2,4,1,0,2,2,4,7
2024-11-12_montana_st_cal_poly,Montana St.,32,"Dykstra, Marah",True,27,3,6,0.5,0,2,0.0,0,0,,3,2,5,2,3,1,0,0,6
2024-11-12_montana_st_cal_poly,Montana St.,33,"Harris, Addison",False,23,4,8,0.5,0,0,,1,4,0.25,2,1,3,4,1,1,1,1,9
2024-11-12_montana_st_cal_poly,Montana St.,44,"Chirrick, Taylee",False,14,3,9,0.333,0,4,0.0,0,0,,2,1,3,4,1,2,1,3,6
2024-11-12_montana_st_cal_poly,Montana St.,15,"Bunyan, Isobel",False,11,1,6,0.167,1,6,0.167,0,0,,1,3,4,3,3,0,0,1,3
2024-11-12_montana_st_cal_poly,Montana St.,2,"Picton, Natalie",False,6,0,0,,0,0,,0,0,,1,1,2,1,1,1,0,0,0
2024-11-12_montana_st_cal_poly,Montana St.,8,"Robbins, Hannah",False,3,0,0,,0,0,,0,0,,0,0,0,0,0,1,0,0,0
2024-11-12_montana_st_cal_poly,Montana St.,20,"Berry, Brooke",False,3,0,1,0.0,0,0,,0,0,,1,0,1,1,0,0,0,0,0
2024-11-12_montana_st_cal_poly,Montana St.,TM,TEAM,False,0,0,0,,0,0,,0,0,,1,1,2,0,0,1,0,0,0
2024-11-12_southern_california_csun,CSUN,3,"Tumlin, Kelly",True,34,2,6,0.333,1,3,0.333,0,0,,0,1,1,1,0,4,0,2,5
2024-11-12_southern_california_csun,CSUN,14,"Orji, Nnenna",True,28,2,6,0.333,0,3,0.0,0,0,,0,2,2,2,1,7,0,0,4
2024-11-12_southern_california_csun,CSUN,20,"Adams, Erica",True,33,0,5,0.0,0,1,0.0,1,2,0.5,1,1,2,4,2,10,1,1,1
2024-11-12_southern_california_csun,CSUN,4,"Edwards, Morgan",True,19,0,4,0.0,0,2,0.0,0,0,,0,0,0,0,1,4,0,2,0
2024-11-12_southern_california_csun,CSUN,00,"Kilty, Jenna",True,17,0,5,0.0,0,3,0.0,0,0,,0,0,0,0,0,4,0,0,0
2024-11-12_southern_california_csun,CSUN,22,"Dahlin, Laini",False,20,3,5,0.6,3,5,0.6,2,2,1.0,0,2,2,1,0,2,0,0,11
2024-11-12_southern_california_csun,CSUN,25,"Aspajo, Erika",False,23,3,9,0.333,0,1,0.0,4,4,1.0,1,3,4,3,4,6,0,1,10
2024-11-12_southern_california_csun,CSUN,21,"Marshall, Karsen",False,5,2,2,1.0,1,1,1.0,1,2,0.5,1,0,1,0,0,0,0,1,6
2024-11-12_southern_california_csun,CSUN,23,"Hardwick, Sincere",False,4,0,0,,0,0,,2,2,1.0,0,0,0,0,0,1,0,0,2
2024-11-12_southern_california_csun,CSUN,5,"Cox, Yves",False,8,0,1,0.0,0,0,,0,0,,0,2,2,4,0,3,1,1,0
2024-11-12_southern_california_csun,CSUN,2,"Hopson, Kayla",False,5,0,2,0.0,0,0,,0,0,,2,0,2,0,0,1,0,0,0
2024-11-12_southern_california_csun,CSUN,10,"Lizama, Alondra",False,4,0,1,0.0,0,0,,0,0,,0,0,0,0,0,0,0,0,0
2024-11-12_southern_california_csun,CSUN,TM,TEAM,False,0,0,0,,0,0,,0,0,,4,6,10,0,0,1,0,0,0
2024-11-12_southern_california_csun,Southern California,12,"Watkins, Juju",True,29,8,18,0.444,1,6,0.167,4,6,0.667,3,1,4,1,9,0,3,6,21
2024-11-12_southern_california_csun,Southern California,44,"Iriafen, Kiki",True,20,6,9,0.667,2,2,1.0,1,3,0.333,2,1,3,1,0,0,0,1,15
2024-11-12_southern_california_csun,Southern California,55,"von Oelhoffen, Talia",True,20,5,8,0.625,3,6,0.5,0,0,,0,3,3,1,2,6,1,3,13
2024-11-12_southern_california_csun,Southern California,11,"Smith, Kennedy",True,19,4,8,0.5,2,4,0.5,0,0,,1,3,4,2,4,2,1,5,10
2024-11-12_southern_california_csun,Southern California,13,"Marshall, Rayah",True,17,4,5,0.8,0,0,,1,1,1.0,5,4,9,0,3,0,1,2,9
2024-11-12_southern_california_csun,Southern California,9,"Heckel, Kayleigh",False,15,5,7,0.714,2,4,0.5,2,2,1.0,0,0,0,2,0,2,0,2,14
2024-11-12_southern_california_csun,Southern California,23,"Howell, Avery",False,16,3,5,0.6,3,5,0.6,2,2,1.0,0,5,5,3,1,1,0,2,11
2024-11-12_southern_california_csun,Southern California,10,"Samuels, Malia",False,11,3,5,0.6,2,4,0.5,0,0,,0,1,1,3,3,1,0,2,8
2024-11-12_southern_california_csun,Southern California,24,"Shamblin, Brooklyn",False,9,3,3,1.0,1,1,1.0,0,0,,0,0,0,1,3,1,0,0,7
2024-11-12_southern_california_csun,Southern California,4,"Forestier, Rian",False,9,3,5,0.6,0,2,0.0,0,0,,1,1,2,2,0,0,0,0,6
2024-11-12_southern_california_csun,Southern California,3,"Gayles, Aaliyah",False,10,2,4,0.5,1,2,0.5,0,0,,0,2,2,0,3,1,0,4,5
2024-11-12_southern_california_csun,Southern California,00,"Iwuchukwu, Vivian",False,13,1,1,1.0,0,0,,1,2,0.5,0,1,1,1,0,1,0,0,3
2024-11-12_southern_california_csun,Southern California,34,"Akunwafo, Clarice",False,12,1,1,1.0,0,0,,0,0,,2,3,5,1,0,1,1,1,2
2024-11-12_southern_california_csun,Southern California,TM,TEAM,False,0,0,0,,0,0,,0,0,,1,0,1,0,0,1,0,0,0
2024-11-13_stanford_uc_davis,UC Davis,33,"Harris, Mazatlan",True,38,6,10,0.6,3,6,0.5,2,2,1.0,0,2,2,1,1,0,1,1,17
2024-11-13_stanford_uc_davis,UC Davis,13,"Burns, Sydney",True,32,4,8,0.5,1,1,1.0,1,1,1.0,0,5,5,1,2,3,0,4,10
2024-11-13_stanford_uc_davis,UC Davis,14,"Sabel, Tova",True,29,2,11,0.182,1,5,0.2,3,4,0.75,0,2,2,2,1,5,1,3,8
2024-11-13_stanford_uc_davis,UC Davis,25,"Norris, Megan",True,23,4,10,0.4,0,4,0.0,0,0,,1,4,5,0,1,1,1,0,8
2024-11-13_stanford_uc_davis,UC Davis,04,"Epps, Nya",True,26,3,5,0.6,0,0,,0,0,,0,1,1,3,1,3,0,0,6
2024-11-13_stanford_uc_davis,UC Davis,02,"Bennett, Ryann",False,13,1,3,0.333,0,1,0.0,2,5,0.4,0,0,0,2,0,1,0,0,4
2024-11-13_stanford_uc_davis,UC Davis,09,"Sussex, Avery",False,3,0,0,,0,0,,2,2,1.0,0,0,0,0,1,0,0,0,2
2024-11-13_stanford_uc_davis,UC Davis,23,"Baker, Victoria",False,6,0,1,0.0,0,0,,1,2,0.5,0,0,0,1,0,1,0,0,1
2024-11-13_stanford_uc_davis,UC Davis,41,"Shine, Bria",False,18,0,0,,0,0,,0,0,,0,1,1,0,2,0,0,0,0
2024-11-13_stanford_uc_davis,UC Davis,05,"Fitzgerald, Ally",False,10,0,0,,0,0,,0,0,,0,3,3,3,0,0,1,0,0
2024-11-13_stanford_uc_davis,UC Davis,11,"Glad, Clara",False,2,0,1,0.0,0,0,,0,0,,0,0,0,0,0,0,0,0,0
2024-11-13_stanford_uc_davis,UC Davis,TM,TEAM,False,0,0,0,,0,0,,0,0,,3,2,5,0,0,0,0,0,0
2024-11-13_stanford_uc_davis,Stanford,03,"Agara, Nunu",True,36,9,15,0.6,0,2,0.0,7,9,0.778,5,5,10,3,1,1,0,2,25
2024-11-13_stanford_uc_davis,Stanford,21,"Demetre, Brooke",True,30,5,8,0.625,1,3,0.333,0,0,,1,7,8,3,2,2,0,1,11
2024-11-13_stanford_uc_davis,Stanford,20,"Bosgana, Elena",True,20,3,7,0.429,1,3,0.333,1,1,1.0,1,5,6,1,1,3,0,3,8
2024-11-13_stanford_uc_davis,Stanford,32,"Harriel, Jzaniya",True,31,2,7,0.286,1,3,0.333,0,0,,1,2,3,0,2,2,1,2,5
2024-11-13_stanford_uc_davis,Stanford,10,"Lepolo, Talana",True,22,1,2,0.5,0,1,0.0,0,0,,0,1,1,2,2,1,0,0,2
2024-11-13_stanford_uc_davis,Stanford,40,"Ogden, Courtney",False,22,6,10,0.6,2,4,0.5,2,2,1.0,1,4,5,4,0,2,0,1,16
2024-11-13_stanford_uc_davis,Stanford,13,"Clardy, Chloe",False,16,0,4,0.0,0,2,0.0,2,2,1.0,0,1,1,2,1,0,0,1,2
2024-11-13_stanford_uc_davis,Stanford,34,"Heal, Tess",False,11,0,4,0.0,0,1,0.0,0,0,,1,0,1,3,0,2,0,0,0
2024-11-13_stanford_uc_davis,Stanford,22,"Stevenson, Mary Ashley",False,9,0,1,0.0,0,0,,0,0,,0,1,1,1,0,3,0,0,0
2024-11-13_stanford_uc_davis,Stanford,06,"Ijiwoye, Shay",False,3,0,1,0.0,0,1,0.0,0,0,,0,0,0,0,0,0,0,0,0
2024-11-13_stanford_uc_davis,Stanford,TM,TEAM,False,0,0,0,,0,0,,0,0,,4,1,5,0,0,0,0,0,0
2024-11-14_uc_san_diego_saint_marys_ca,Saint Mary's (CA),08,"Foy, Emily",True,39,4,13,0.308,2,9,0.222,4,7,0.571,1,2,3,5,2,3,0,1,14
2024-11-14_uc_san_diego_saint_marys_ca,Saint Mary's (CA),21,"Johnson, Kennedy",True,37,4,11,0.364,0,3,0.0,4,6,0.667,4,5,9,4,2,1,1,1,12
2024-11-14_uc_san_diego_saint_marys_ca,Saint Mary's (CA),05,"Shoff, Abigail",True,24,4,8,0.5,0,2,0.0,1,2,0.5,2,9,11,5,0,2,0,1,9
2024-11-14_uc_san_diego_saint_marys_ca,Saint Mary's (CA),07,"Clarke, Edie",True,18,2,4,0.5,0,0,,0,0,,1,3,4,2,0,3,1,1,4
2024-11-14_uc_san_diego_saint_marys_ca,Saint Mary's (CA),03,"Hashemian-Orr, Mauriana",True,17,1,2,0.5,0,1,0.0,0,0,,0,2,2,2,0,3,0,3,2
2024-11-14_uc_san_diego_saint_marys_ca,Saint Mary's (CA),09,"Jones, Maia",False,35,10,11,0.909,1,1,1.0,7,8,0.875,1,7,8,2,3,6,0,3,28
2024-11-14_uc_san_diego_saint_marys_ca,Saint Mary's (CA),33,"Wedin, Ella",False,30,1,3,0.333,1,3,0.333,0,0,,0,2,2,2,0,1,0,0,3
2024-11-14_uc_san_diego_saint_marys_ca,Saint Mary's (CA),00,"Hunter, Jada",False,13,1,4,0.25,0,1,0.0,0,0,,0,1,1,1,0,2,0,0,2
2024-11-14_uc_san_diego_saint_marys_ca,Saint Mary's (CA),22,"Afeaki, Melesungu",False,22,0,3,0.0,0,1,0.0,0,0,,0,1,1,5,1,1,1,0,0
2024-11-14_uc_san_diego_saint_marys_ca,Saint Mary's (CA),04,"Murphy, Sasha",False,8,0,3,0.0,0,1,0.0,0,0,,1,0,1,1,0,0,0,0,0
2024-11-14_uc_san_diego_saint_marys_ca,Saint Mary's (CA),31,"Bernard, Nadia",False,7,0,2,0.0,0,0,,0,0,,0,0,0,0,0,0,0,0,0
2024-11-14_uc_san_diego_saint_marys_ca,Saint Mary's (CA),TM,TEAM,False,0,0,0,,0,0,,0,0,,2,1,3,0,0,2,0,0,0
2024-11-14_uc_san_diego_saint_marys_ca,UC San Diego,03,"Sugapong, Sumayah",True,32,3,16,0.188,2,8,0.25,7,13,0.538,1,1,2,5,2,4,0,1,15
2024-11-14_uc_san_diego_saint_marys_ca,UC San Diego,24,"Spriggs, Kayanna",True,42,4,9,0.444,0,0,,5,9,0.556,2,7,9,3,0,6,1,3,13
2024-11-14_uc_san_diego_saint_marys_ca,UC San Diego,22,"Gallegos, Gracie",True,40,2,6,0.333,0,2,0.0,4,4,1.0,1,6,7,4,1,2,0,1,8
2024-11-14_uc_san_diego_saint_marys_ca,UC San Diego,15,"Ma, Sabrina",True,34,3,8,0.375,1,5,0.2,0,0,,0,2,2,5,3,2,0,3,7
2024-11-14_uc_san_diego_saint_marys_ca,UC San Diego,32,"Montgomery, Parker",True,31,2,6,0.333,1,2,0.5,1,2,0.5,0,2,2,2,3,2,0,3,6
2024-11-14_uc_san_diego_saint_marys_ca,UC San Diego,21,"Polocheck, Nicki",False,21,3,3,1.0,3,3,1.0,0,0,,0,2,2,1,0,0,0,0,9
2024-11-14_uc_san_diego_saint_marys_ca,UC San Diego,12,"Smith, Rosa",False,9,0,1,0.0,0,1,0.0,3,3,1.0,0,0,0,1,0,2,0,0,3
2024-11-14_uc_san_diego_saint_marys_ca,UC San Diego,23,"Blithikioti, Eri",False,33,1,4,0.25,0,0,,0,2,0.0,2,3,5,1,3,3,0,0,2
2024-11-14_uc_san_diego_saint_marys_ca,UC San Diego,33,"Svoboda, Emma",False,8,1,1,1.0,0,0,,0,0,,1,0,1,1,2,1,0,0,2
2024-11-14_uc_san_diego_saint_marys_ca,UC San Diego,TM,TEAM,False,0,0,0,,0,0,,0,0,,1,2,3,0,0,2,0,0,0
2024-11-14_uc_santa_barbara_nevada,Nevada,02,"Sullivan, Izzy",True,39,8,17,0.471,5,8,0.625,3,4,0.75,2,2,4,0,1,0,0,1,24
2024-11-14_uc_santa_barbara_nevada,Nevada,24,"Lee, Kennedy",True,28,6,10,0.6,3,4,0.75,3,4,0.75,2,6,8,1,0,1,0,0,18
2024-11-14_uc_santa_barbara_nevada,Nevada,10,"Maxie, Dymonique",True,33,4,10,0.4,0,2,0.0,6,7,0.857,1,2,3,4,3,0,0,3,14
2024-11-14_uc_santa_barbara_nevada,Nevada,23,"Givens, Lexie",True,36,1,4,0.25,1,1,1.0,1,2,0.5,1,2,3,3,2,0,0,1,4
2024-11-14_uc_santa_barbara_nevada,Nevada,08,"Poulivaati, Olivia",True,9,1,3,0.333,0,0,,0,0,,1,1,2,3,0,0,0,0,2
2024-11-14_uc_santa_barbara_nevada,Nevada,04,"Roden, Audrey",False,23,5,13,0.385,0,1,0.0,1,2,0.5,4,5,9,5,4,4,0,0,11
2024-11-14_uc_santa_barbara_nevada,Nevada,11,"Davis, Victoria",False,21,1,6,0.167,0,1,0.0,3,4,0.75,2,2,4,1,1,1,0,0,5
2024-11-14_uc_santa_barbara_nevada,Nevada,20,"Jackson, Rakiyah",False,19,0,2,0.0,0,0,,1,2,0.5,3,2,5,4,1,3,0,0,1
2024-11-14_uc_santa_barbara_nevada,Nevada,13,"Raidaveta, Amelia",False,17,0,2,0.0,0,1,0.0,1,2,0.5,0,2,2,2,1,2,0,0,1
2024-11-14_uc_santa_barbara_nevada,Nevada,TM,TEAM,False,0,0,0,,0,0,,0,0,,2,4,6,0,0,0,0,0,0
2024-11-14_uc_santa_barbara_nevada,UC Santa Barbara,03,"Marin, Alyssa",True,34,8,16,0.5,4,10,0.4,11,13,0.846,1,1,2,3,1,4,0,0,31
2024-11-14_uc_santa_barbara_nevada,UC Santa Barbara,02,"Borter, Zoe",True,45,4,8,0.5,1,4,0.25,3,4,0.75,0,6,6,3,2,1,0,2,12
2024-11-14_uc_santa_barbara_nevada,UC Santa Barbara,55,"Burke, Skylar",True,42,2,13,0.154,0,4,0.0,3,3,1.0,3,7,10,4,3,0,2,0,7
2024-11-14_uc_santa_barbara_nevada,UC Santa Barbara,20,"Rockwood, Laurel",True,35,3,5,0.6,0,1,0.0,0,0,,4,7,11,5,0,6,0,0,6
2024-11-14_uc_santa_barbara_nevada,UC Santa Barbara,10,"Choice, Anya",True,17,1,4,0.25,0,1,0.0,0,0,,1,1,2,0,0,3,0,0,2
2024-11-14_uc_santa_barbara_nevada,UC Santa Barbara,31,"Pietsch, Martha",False,29,3,8,0.375,2,7,0.286,2,2,1.0,0,0,0,1,1,1,0,0,10
2024-11-14_uc_santa_barbara_nevada,UC Santa Barbara,32,"Grant, Jessica",False,14,1,5,0.2,1,3,0.333,0,0,,0,1,1,2,0,0,0,0,3
2024-11-14_uc_santa_barbara_nevada,UC Santa Barbara,13,"Goed, Flora",False,9,1,1,1.0,0,0,,0,0,,1,1,2,2,0,0,0,0,2
2024-11-14_uc_santa_barbara_nevada,UC Santa Barbara,TM,TEAM,False,0,0,0,,0,0,,0,0,,0,4,4,0,0,0,0,0,0
2024-11-14_montana_cal_poly,Cal Poly,2,"Shah, Annika",True,37,8,14,0.571,4,7,0.571,1,1,1.0,0,2,2,2,2,2,0,2,21
2024-11-14_montana_cal_poly,Cal Poly,24,"Carter, Mary",True,29,6,11,0.545,3,5,0.6,1,1,1.0,0,7,7,3,0,5,1,2,16
2024-11-14_montana_cal_poly,Cal Poly,4,"Lichtie, Sierra",True,36,6,20,0.3,2,7,0.286,0,0,,3,6,9,3,2,3,1,3,14
2024-11-14_montana_cal_poly,Cal Poly,15,"Bourland, Sydney",True,21,0,2,0.0,0,0,,0,0,,0,1,1,1,4,2,0,0,0
2024-11-14_montana_cal_poly,Cal Poly,22,"Goosby, Alana",True,20,0,2,0.0,0,0,,0,0,,1,2,3,3,2,1,0,0,0
2024-11-14_montana_cal_poly,Cal Poly,10,"Richards, Sidney",False,31,5,9,0.556,0,0,,4,6,0.667,0,7,7,1,2,1,1,0,14
2024-11-14_montana_cal_poly,Cal Poly,5,"Robinson, Gabby",False,18,0,1,0.0,0,0,,0,0,,0,2,2,3,0,1,0,0,0
2024-11-14_montana_cal_poly,Cal Poly,9,"Perez, Nora",False,6,0,1,0.0,0,0,,0,0,,0,1,1,2,0,0,0,1,0
2024-11-14_montana_cal_poly,Cal Poly,14,"Bears, Gillian",False,2,0,0,,0,0,,0,0,,0,0,0,3,0,2,0,0,0
2024-11-14_montana_cal_poly,Cal Poly,TM,TEAM,False,0,0,0,,0,0,,0,0,,6,1,7,0,0,0,0,0,0
2024-11-14_montana_cal_poly,Montana,34,"Pirog, Alex",True,24,5,7,0.714,0,0,,3,4,0.75,1,5,6,2,0,1,2,1,13
2024-11-14_montana_cal_poly,Montana,2,"Konig, Mack",True,33,3,7,0.429,0,1,0.0,1,2,0.5,0,0,0,2,5,5,0,0,7
2024-11-14_montana_cal_poly,Montana,40,"Bartsch, Dani",True,27,1,3,0.333,0,2,0.0,3,4,0.75,0,4,4,0,3,1,3,0,5
2024-11-14_montana_cal_poly,Montana,23,"Bruno, Mj",True,31,1,7,0.143,1,4,0.25,0,0,,0,1,1,3,1,0,0,2,3
2024-11-14_montana_cal_poly,Montana,5,"McCliment-call, Tyler",True,20,0,6,0.0,0,4,0.0,2,2,1.0,0,0,0,1,0,1,0,1,2
2024-11-14_montana_cal_poly,Montana,10,"Waddington, Avery",False,17,4,8,0.5,2,6,0.333,0,0,,2,3,5,0,1,3,0,0,10
2024-11-14_montana_cal_poly,Montana,33,"Lincoln, Adria",False,13,2,3,0.667,1,1,1.0,2,2,1.0,0,3,3,1,0,1,0,0,7
2024-11-14_montana_cal_poly,Montana,11,"Shubert, Aby",False,16,2,8,0.25,1,7,0.143,0,1,0.0,0,4,4,5,1,0,1,0,5
2024-11-14_montana_cal_poly,Montana,13,"Zingaro, Izabella",False,12,0,0,,0,0,,3,4,0.75,1,4,5,0,0,6,0,1,3
2024-11-14_montana_cal_poly,Montana,1,"Donarski, Macy",False,7,0,1,0.0,0,0,,0,0,,1,0,1,0,1,0,0,0,0
2024-11-14_montana_cal_poly,Montana,TM,TEAM,False,0,0,0,,0,0,,0,0,,1,2,3,0,0,0,0,0,0
2024-11-14_cal_st_fullerton_sacramento_st,Sacramento St.,22,"Falk, Lina",True,25,5,9,0.556,1,3,0.333,2,3,0.667,2,0,2,3,0,2,0,2,13
2024-11-14_cal_st_fullerton_sacramento_st,Sacramento St.,01,"Versteeg, Benthe",True,28,4,7,0.571,0,0,,3,3,1.0,1,4,5,3,6,3,0,0,11
2024-11-14_cal_st_fullerton_sacramento_st,Sacramento St.,45,"Jaiteh, Fatoumata",True,17,3,6,0.5,1,1,1.0,3,4,0.75,0,4,4,3,0,1,0,0,10
2024-11-14_cal_st_fullerton_sacramento_st,Sacramento St.,23,"Martin, Jaydia",True,27,4,9,0.444,1,4,0.25,0,0,,1,4,5,5,1,0,0,3,9
2024-11-14_cal_st_fullerton_sacramento_st,Sacramento St.,11,"Gray, Rubi",True,8,0,1,0.0,0,1,0.0,0,0,,0,1,1,0,0,0,0,0,0
2024-11-14_cal_st_fullerton_sacramento_st,Sacramento St.,12,"Alonso, Sofia",False,32,3,6,0.5,3,4,0.75,4,4,1.0,1,4,5,1,3,2,0,5,13
2024-11-14_cal_st_fullerton_sacramento_st,Sacramento St.,05,"Archibald, Kennadi",False,19,2,4,0.5,0,0,,0,0,,0,2,2,2,1,1,1,0,4
2024-11-14_cal_st_fullerton_sacramento_st,Sacramento St.,03,"Taylor, Brooklyn",False,16,2,7,0.286,0,0,,0,0,,2,2,4,1,0,0,2,0,4
2024-11-14_cal_st_fullerton_sacramento_st,Sacramento St.,10,"Butcher, Madison",False,20,1,4,0.25,0,1,0.0,1,2,0.5,0,1,1,1,1,1,0,0,3
2024-11-14_cal_st_fullerton_sacramento_st,Sacramento St.,31,"Arvai, Noemi",False,4,0,0,,0,0,,0,0,,0,0,0,2,0,3,0,0,0
2024-11-14_cal_st_fullerton_sacramento_st,Sacramento St.,02,"Amoore, Jemma",False,2,0,0,,0,0,,0,0,,0,1,1,0,0,0,0,0,0
2024-11-14_cal_st_fullerton_sacramento_st,Sacramento St.,24,"Lee, Sophia",False,2,0,0,,0,0,,0,0,,0,0,0,0,0,0,0,0,0
2024-11-14_cal_st_fullerton_sacramento_st,Sacramento St.,TM,TEAM,False,0,0,0,,0,0,,0,0,,3,4,7,0,0,1,0,0,0
2024-11-14_cal_st_fullerton_sacramento_st,Cal St. Fullerton,10,"Lagway, Demonnie",True,34,4,12,0.333,1,5,0.2,2,2,1.0,0,1,1,2,0,2,0,0,11
2024-11-14_cal_st_fullerton_sacramento_st,Cal St. Fullerton,13,"Hernandez, Aixchel",True,40,4,10,0.4,0,0,,0,0,,1,9,10,2,1,0,1,0,8
2024-11-14_cal_st_fullerton_sacramento_st,Cal St. Fullerton,23,"Strachan, Emily",True,24,1,1,1.0,0,0,,5,6,0.833,1,1,2,3,0,3,0,0,7
2024-11-14_cal_st_fullerton_sacramento_st,Cal St. Fullerton,12,"Levingston, Eva",True,34,1,4,0.25,0,0,,4,4,1.0,1,4,5,0,0,2,0,2,6
2024-11-14_cal_st_fullerton_sacramento_st,Cal St. Fullerton,24,"Stanton, Aaliyah",True,20,1,8,0.125,1,1,1.0,0,0,,0,1,1,2,1,4,0,0,3
2024-11-14_cal_st_fullerton_sacramento_st,Cal St. Fullerton,04,"Falsdottir, Jana",False,20,1,5,0.2,0,2,0.0,2,4,0.5,0,3,3,1,1,3,0,2,4
2024-11-14_cal_st_fullerton_sacramento_st,Cal St. Fullerton,02,"Tauro, Maddy",False,8,0,1,0.0,0,0,,1,2,0.5,0,0,0,2,0,0,0,0,1
2024-11-14_cal_st_fullerton_sacramento_st,Cal St. Fullerton,22,"Muniz, Madelynn",False,18,0,2,0.0,0,1,0.0,0,0,,0,0,0,3,0,2,0,0,0
2024-11-14_cal_st_fullerton_sacramento_st,Cal St. Fullerton,55,"Schuler, Samantha",False,2,0,0,,0,0,,0,0,,0,0,0,0,0,0,0,0,0
2024-11-14_cal_st_fullerton_sacramento_st,Cal St. Fullerton,TM,TEAM,False,0,0,0,,0,0,,0,0,,1,2,3,0,0,1,0,0,0
2024-11-14_utah_st_csu_bakersfield,CSU Bakersfield,32,"Freeman, Garrisen",True,28,5,9,0.556,0,2,0.0,1,4,0.25,1,3,4,0,2,2,0,1,11
2024-11-14_utah_st_csu_bakersfield,CSU Bakersfield,11,"Caldwell, Taylor",True,32,4,14,0.286,0,4,0.0,0,0,,1,5,6,1,2,4,1,4,8
2024-11-14_utah_st_csu_bakersfield,CSU Bakersfield,04,"Dizon, Ary",True,27,3,10,0.3,1,4,0.25,0,0,,4,2,6,5,1,5,1,1,7
2024-11-14_utah_st_csu_bakersfield,CSU Bakersfield,42,"Tse, Allysan",True,25,0,9,0.0,0,3,0.0,0,0,,0,2,2,5,1,1,0,0,0
2024-11-14_utah_st_csu_bakersfield,CSU Bakersfield,21,"Tse, Dylan",True,12,0,5,0.0,0,2,0.0,0,0,,3,0,3,1,0,2,0,0,0
2024-11-14_utah_st_csu_bakersfield,CSU Bakersfield,20,"Secchiaroli, Melissa",False,28,6,10,0.6,1,4,0.25,2,2,1.0,0,1,1,1,2,0,0,0,15
2024-11-14_utah_st_csu_bakersfield,CSU Bakersfield,55,"Slocum, Trinity",False,27,2,8,0.25,1,5,0.2,0,0,,1,4,5,3,4,3,0,4,5
2024-11-14_utah_st_csu_bakersfield,CSU Bakersfield,30,"Dioli, Alli",False,9,2,5,0.4,1,4,0.25,0,0,,0,1,1,0,0,1,0,0,5
2024-11-14_utah_st_csu_bakersfield,CSU Bakersfield,08,"Langi, Marley",False,8,0,2,0.0,0,2,0.0,0,0,,0,4,4,2,1,1,0,0,0
2024-11-14_utah_st_csu_bakersfield,CSU Bakersfield,34,"Forney, Cheyenne",False,2,0,0,,0,0,,0,0,,0,0,0,0,0,0,0,0,0
2024-11-14_utah_st_csu_bakersfield,CSU Bakersfield,13,"Lopez-Wood, Bryanne",False,1,0,0,,0,0,,0,0,,0,0,0,1,0,0,0,0,0
2024-11-14_utah_st_csu_bakersfield,CSU Bakersfield,23,"Feliz, Ileana",False,1,0,0,,0,0,,0,0,,0,0,0,0,0,0,0,0,0
2024-11-14_utah_st_csu_bakersfield,CSU Bakersfield,TM,TEAM,False,0,0,0,,0,0,,0,0,,4,7,11,0,0,1,0,0,0
2024-11-14_utah_st_csu_bakersfield,Utah St.,32,"Heaton, Jamisyn",True,25,7,14,0.5,0,3,0.0,5,6,0.833,1,4,5,3,0,2,5,4,19
2024-11-14_utah_st_csu_bakersfield,Utah St.,24,"Stubbs, Cheyenne",True,29,3,11,0.273,0,1,0.0,6,6,1.0,1,5,6,3,2,3,0,3,12
2024-11-14_utah_st_csu_bakersfield,Utah St.,23,"Tarver, Mia",True,31,3,11,0.273,1,5,0.2,2,4,0.5,3,5,8,2,3,5,0,0,9
2024-11-14_utah_st_csu_bakersfield,Utah St.,12,"Livingston, Elise",True,24,3,5,0.6,0,1,0.0,3,3,1.0,0,5,5,2,1,3,0,0,9
2024-11-14_utah_st_csu_bakersfield,Utah St.,10,"Latta, Carlie",True,27,2,7,0.286,2,5,0.4,0,0,,0,4,4,0,1,1,1,0,6
2024-11-14_utah_st_csu_bakersfield,Utah St.,04,"Skelton, Denae",False,21,2,7,0.286,1,5,0.2,0,0,,0,4,4,2,0,1,0,0,5
2024-11-14_utah_st_csu_bakersfield,Utah St.,22,"Logwood, Taliyah",False,13,2,3,0.667,0,0,,1,2,0.5,2,6,8,4,0,3,0,2,5
2024-11-14_utah_st_csu_bakersfield,Utah St.,15,"Johnson, Gracie",False,8,1,2,0.5,0,0,,0,0,,1,1,2,0,0,0,2,1,2
2024-11-14_utah_st_csu_bakersfield,Utah St.,11,"Banks, Karlie",False,8,0,0,,0,0,,0,0,,2,1,3,0,0,0,0,0,0
2024-11-14_utah_st_csu_bakersfield,Utah St.,03,"Smith, Ava",False,7,0,1,0.0,0,0,,0,0,,1,1,2,1,0,1,0,1,0
2024-11-14_utah_st_csu_bakersfield,Utah St.,01,"Suguturaga, Samiana",False,4,0,1,0.0,0,0,,0,0,,0,0,0,0,0,0,0,0,0
2024-11-14_utah_st_csu_bakersfield,Utah St.,02,"Tanedo, Isabella",False,3,0,0,,0,0,,0,0,,0,0,0,0,0,0,0,0,0
2024-11-14_utah_st_csu_bakersfield,Utah St.,TM,TEAM,False,0,0,0,,0,0,,0,0,,1,2,3,0,0,0,0,0,0
2024-11-14_boise_st_uc_riverside,UC Riverside,2,"Hackley, Seneca",True,23,3,8,0.375,1,4,0.25,3,3,1.0,1,2,3,4,1,1,0,2,10
2024-11-14_boise_st_uc_riverside,UC Riverside,11,"Matarranz, Esther",True,26,4,8,0.5,1,1,1.0,0,2,0.0,4,3,7,3,0,0,1,1,9
2024-11-14_boise_st_uc_riverside,UC Riverside,3,"Tillery, Zoe",True,24,2,6,0.333,2,4,0.5,3,4,0.75,0,0,0,0,1,2,0,0,9
2024-11-14_boise_st_uc_riverside,UC Riverside,12,"Cutler, Gemma",True,26,1,5,0.2,0,0,,0,0,,1,9,10,2,0,3,0,1,2
2024-11-14_boise_st_uc_riverside,UC Riverside,00,"Rose, Makayla",True,11,0,1,0.0,0,0,,0,0,,0,0,0,0,0,1,0,2,0
2024-11-14_boise_st_uc_riverside,UC Riverside,5,"Duchemin, Shelley",False,25,5,15,0.333,0,2,0.0,6,7,0.857,0,1,1,2,1,4,0,0,16
2024-11-14_boise_st_uc_riverside,UC Riverside,1,"Polk, Kaylani",False,16,2,5,0.4,2,4,0.5,0,0,,1,1,2,1,1,1,0,0,6
2024-11-14_boise_st_uc_riverside,UC Riverside,13,"Chocano, Maya",False,20,1,3,0.333,1,3,0.333,0,0,,1,1,2,2,0,2,0,1,3
2024-11-14_boise_st_uc_riverside,UC Riverside,10,"Minshall, Makayla",False,8,0,2,0.0,0,0,,2,6,0.333,0,4,4,1,1,0,0,0,2
2024-11-14_boise_st_uc_riverside,UC Riverside,4,"Marshall, Jordyn",False,9,0,3,0.0,0,0,,0,0,,0,0,0,1,0,1,0,0,0
2024-11-14_boise_st_uc_riverside,UC Riverside,35,"Hill-brown, Tt",False,8,0,1,0.0,0,0,,0,0,,0,1,1,0,0,0,0,0,0
2024-11-14_boise_st_uc_riverside,UC Riverside,7,"Wickstrom, Hannah",False,4,0,0,,0,0,,0,0,,0,0,0,1,0,0,0,0,0
2024-11-14_boise_st_uc_riverside,UC Riverside,TM,TEAM,False,0,0,0,,0,0,,0,0,,2,1,3,0,0,2,0,0,0
2024-11-14_boise_st_uc_riverside,Boise St.,00,"Thompson, Tatum",True,28,7,14,0.5,1,4,0.25,4,5,0.8,1,4,5,2,1,1,0,4,19
2024-11-14_boise_st_uc_riverside,Boise St.,32,"Pasco, Natalie",True,23,4,9,0.444,2,5,0.4,2,2,1.0,0,0,0,2,1,1,0,0,12
2024-11-14_boise_st_uc_riverside,Boise St.,4,"Bayes, Dani",True,18,4,12,0.333,2,6,0.333,0,0,,0,0,0,2,0,3,0,3,10
2024-11-14_boise_st_uc_riverside,Boise St.,33,"Muse, Abby",True,26,3,5,0.6,0,0,,0,0,,2,10,12,2,3,0,7,0,6
2024-11-14_boise_st_uc_riverside,Boise St.,12,"Naro, Mary Kay",True,29,2,4,0.5,0,2,0.0,0,0,,3,4,7,0,5,4,3,1,4
2024-11-14_boise_st_uc_riverside,Boise St.,1,"Hansen, Mya",False,19,3,6,0.5,1,4,0.25,0,0,,0,2,2,2,1,1,0,0,7
2024-11-14_boise_st_uc_riverside,Boise St.,22,"Gardner, Teryn",False,18,1,3,0.333,1,3,0.333,0,0,,1,1,2,2,1,1,1,0,3
2024-11-14_boise_st_uc_riverside,Boise St.,9,"Hutton, Libby",False,9,0,1,0.0,0,1,0.0,3,6,0.5,1,1,2,1,1,1,0,0,3
2024-11-14_boise_st_uc_riverside,Boise St.,6,"Sharp, Milly",False,6,1,1,1.0,0,0,,1,1,1.0,0,1,1,1,0,1,0,1,3
2024-11-14_boise_st_uc_riverside,Boise St.,5,"Hueckman, Allie",False,2,1,1,1.0,1,1,1.0,0,0,,0,0,0,1,0,0,0,0,3
2024-11-14_boise_st_uc_riverside,Boise St.,23,"Lalotte, Elodie",False,12,1,6,0.167,0,0,,0,0,,1,4,5,0,0,0,0,0,2
2024-11-14_boise_st_uc_riverside,Boise St.,24,"Clark, Jayda",False,6,0,1,0.0,0,0,,0,0,,1,0,1,1,0,4,0,0,0
2024-11-14_boise_st_uc_riverside,Boise St.,15,"Christensen, Alyssa",False,3,0,1,0.0,0,1,0.0,0,0,,0,0,0,2,0,0,0,0,0
2024-11-14_boise_st_uc_riverside,Boise St.,2,"Lovrovich, Linsey",False,1,0,0,,0,0,,0,0,,0,1,1,1,0,0,0,0,0
2024-11-14_boise_st_uc_riverside,Boise St.,TM,TEAM,False,0,0,0,,0,0,,0,0,,3,3,6,0,0,2,0,0,0
2024-11-15_pacific_long_beach_st,Long Beach St.,2,"Tucker, Savannah",True,28,4,12,0.333,1,4,0.25,7,8,0.875,0,0,0,3,5,1,0,1,16
2024-11-15_pacific_long_beach_st,Long Beach St.,12,"Crawshaw, Jada",True,25,4,10,0.4,1,1,1.0,3,6,0.5,2,1,3,2,1,5,2,0,12
2024-11-15_pacific_long_beach_st,Long Beach St.,3,"Chung, Patricia",True,26,3,8,0.375,1,2,0.5,0,0,,0,2,2,1,2,4,0,3,7
2024-11-15_pacific_long_beach_st,Long Beach St.,11,"Loobie, Rachel",True,25,1,5,0.2,1,1,1.0,2,2,1.0,2,4,6,3,0,1,1,1,5
2024-11-15_pacific_long_beach_st,Long Beach St.,1,"Sonnier, Lovely",True,16,1,3,0.333,0,1,0.0,0,2,0.0,0,1,1,1,3,2,0,1,2
2024-11-15_pacific_long_beach_st,Long Beach St.,22,"Richards, Mykelle",False,19,2,4,0.5,0,1,0.0,2,2,1.0,2,1,3,2,1,2,0,1,6
2024-11-15_pacific_long_beach_st,Long Beach St.,10,"Reynoso, Christy",False,16,2,4,0.5,2,3,0.667,0,0,,0,1,1,0,0,1,0,1,6
2024-11-15_pacific_long_beach_st,Long Beach St.,42,"Oliva Fernandez, Judit",False,28,1,4,0.25,1,2,0.5,1,2,0.5,2,3,5,1,0,3,0,0,4
2024-11-15_pacific_long_beach_st,Long Beach St.,30,"Jones-brown, Jaquoia",False,31,1,7,0.143,0,1,0.0,1,1,1.0,2,6,8,2,1,0,0,0,3
2024-11-15_pacific_long_beach_st,Long Beach St.,5,"Ka, Kennan",False,11,1,2,0.5,0,0,,0,0,,0,1,1,2,1,1,0,0,2
2024-11-15_pacific_long_beach_st,Long Beach St.,21,"Brice, Brelynn",False,11,0,1,0.0,0,0,,2,2,1.0,1,0,1,0,0,0,0,0,2
2024-11-15_pacific_long_beach_st,Long Beach St.,33,"Wright, Haley",False,14,0,1,0.0,0,0,,0,0,,0,0,0,0,0,0,0,0,0
2024-11-15_pacific_long_beach_st,Long Beach St.,TM,TEAM,False,0,0,0,,0,0,,0,0,,4,7,11,0,0,0,0,0,0
2024-11-15_pacific_long_beach_st,Pacific,14,"Elliott, Elizabeth",True,23,8,9,0.889,0,0,,3,4,0.75,3,2,5,4,2,4,0,1,19
2024-11-15_pacific_long_beach_st,Pacific,3,"James, Anaya",True,32,6,19,0.316,2,6,0.333,0,0,,2,8,10,2,7,1,2,3,14
2024-11-15_pacific_long_beach_st,Pacific,24,"Smith, Liz",True,31,3,9,0.333,2,4,0.5,3,4,0.75,0,4,4,3,5,2,0,5,11
2024-11-15_pacific_long_beach_st,Pacific,9,"Radocaj, Marina",True,24,1,2,0.5,0,0,,0,0,,1,3,4,3,2,3,1,0,2
2024-11-15_pacific_long_beach_st,Pacific,10,"Ward, Sydney",True,18,0,1,0.0,0,0,,1,4,0.25,1,2,3,2,2,2,0,0,1
2024-11-15_pacific_long_beach_st,Pacific,25,"Glazier, Lauren",False,18,10,13,0.769,0,0,,0,0,,1,4,5,1,2,0,0,0,20
2024-11-15_pacific_long_beach_st,Pacific,15,"Lowery, Nyah",False,18,3,5,0.6,2,4,0.5,0,0,,0,2,2,3,1,0,0,0,8
2024-11-15_pacific_long_beach_st,Pacific,11,"Anderegg, Luisa",False,28,1,4,0.25,1,3,0.333,1,2,0.5,1,1,2,3,4,2,0,0,4
2024-11-15_pacific_long_beach_st,Pacific,5,"Szabo, Stella",False,24,1,2,0.5,0,1,0.0,0,0,,0,1,1,2,1,1,0,0,2
2024-11-15_pacific_long_beach_st,Pacific,21,"Nestorov, Daria",False,21,0,3,0.0,0,2,0.0,0,0,,0,0,0,0,0,1,0,0,0
2024-11-15_pacific_long_beach_st,Pacific,32,"Fautua, Tyla",False,13,0,0,,0,0,,0,0,,0,0,0,0,0,0,1,1,0
2024-11-15_pacific_long_beach_st,Pacific,22,"Kent, Jamie",False,0,0,0,,0,0,,0,0,,0,0,0,0,0,0,0,0,0
2024-11-15_pacific_long_beach_st,Pacific,TM,TEAM,False,0,0,0,,0,0,,0,0,,1,3,4,0,0,0,0,0,0
2024-11-16_uc_irvine_saint_marys_ca,Saint Mary's (CA),21,"Johnson, Kennedy",True,35,6,11,0.545,2,6,0.333,3,4,0.75,1,7,8,4,2,3,0,3,17
2024-11-16_uc_irvine_saint_marys_ca,Saint Mary's (CA),8,"Foy, Emily",True,38,5,13,0.385,3,9,0.333,0,0,,0,2,2,0,2,1,0,0,13
2024-11-16_uc_irvine_saint_marys_ca,Saint Mary's (CA),5,"Shoff, Abigail",True,31,5,8,0.625,0,0,,2,2,1.0,3,3,6,2,4,4,0,0,12
2024-11-16_uc_irvine_saint_marys_ca,Saint Mary's (CA),9,"Jones, Maia",True,33,3,5,0.6,2,4,0.5,1,2,0.5,0,3,3,1,5,1,0,0,9
2024-11-16_uc_irvine_saint_marys_ca,Saint Mary's (CA),7,"Clarke, Edie",True,11,1,2,0.5,0,0,,0,0,,0,2,2,0,1,0,3,0,2
2024-11-16_uc_irvine_saint_marys_ca,Saint Mary's (CA),22,"Afeaki, Melesungu",False,27,3,6,0.5,0,0,,0,0,,0,7,7,3,0,4,0,0,6
2024-11-16_uc_irvine_saint_marys_ca,Saint Mary's (CA),31,"Bernard, Nadia",False,7,1,1,1.0,0,0,,0,0,,1,0,1,0,0,2,0,0,2
2024-11-16_uc_irvine_saint_marys_ca,Saint Mary's (CA),00,"Hunter, Jada",False,9,0,1,0.0,0,1,0.0,0,0,,0,0,0,0,2,1,1,2,0
2024-11-16_uc_irvine_saint_marys_ca,Saint Mary's (CA),33,"Wedin, Ella",False,6,0,2,0.0,0,2,0.0,0,0,,0,0,0,0,0,0,0,0,0
2024-11-16_uc_irvine_saint_marys_ca,Saint Mary's (CA),3,"Hashemian-orr, Mauriana",False,3,0,0,,0,0,,0,0,,0,0,0,0,1,0,0,0,0
2024-11-16_uc_irvine_saint_marys_ca,Saint Mary's (CA),4,"Murphy, Sasha",False,0,0,0,,0,0,,0,0,,0,0,0,1,0,0,0,0,0
2024-11-16_uc_irvine_saint_marys_ca,Saint Mary's (CA),TM,TEAM,False,0,0,0,,0,0,,0,0,,1,3,4,0,0,1,0,0,0
2024-11-16_uc_irvine_saint_marys_ca,UC Irvine,20,"Hernandez, Hunter",True,33,5,19,0.263,1,6,0.167,4,6,0.667,3,2,5,2,4,0,0,3,15
2024-11-16_uc_irvine_saint_marys_ca,UC Irvine,21,"Williams, Olivia",True,25,5,9,0.556,4,6,0.667,0,0,,0,1,1,1,0,1,0,2,14
2024-11-16_uc_irvine_saint_marys_ca,UC Irvine,24,"Dean, Nevaeh",True,30,5,11,0.455,0,2,0.0,0,1,0.0,3,3,6,1,2,1,0,1,10
2024-11-16_uc_irvine_saint_marys_ca,UC Irvine,13,"Lee, Déja",True,29,1,3,0.333,1,2,0.5,7,8,0.875,1,4,5,2,3,3,0,1,10
2024-11-16_uc_irvine_saint_marys_ca,UC Irvine,3,"Tom, Nikki",True,20,0,2,0.0,0,1,0.0,0,0,,1,1,2,3,0,0,0,0,0
2024-11-16_uc_irvine_saint_marys_ca,UC Irvine,1,"Brooks, Jaida",False,12,2,5,0.4,1,2,0.5,0,0,,0,1,1,0,1,4,0,0,5
2024-11-16_uc_irvine_saint_marys_ca,UC Irvine,14,"Hanson, Summah",False,19,1,8,0.125,1,5,0.2,1,2,0.5,2,0,2,0,0,1,1,1,4
2024-11-16_uc_irvine_saint_marys_ca,UC Irvine,11,"Scharpf, Amelia",False,21,1,2,0.5,1,2,0.5,0,0,,0,0,0,1,1,0,0,1,3
2024-11-16_uc_irvine_saint_marys_ca,UC Irvine,12,"Nahum, Shirel",False,9,1,2,0.5,1,1,1.0,0,0,,1,0,1,1,0,0,0,0,3
2024-11-16_uc_irvine_saint_marys_ca,UC Irvine,9,"Falcon Hernandez, Daniela",False,2,0,0,,0,0,,0,0,,0,0,0,0,0,0,0,1,0
2024-11-16_uc_irvine_saint_marys_ca,UC Irvine,22,"Djoko, Clara",False,0,0,0,,0,0,,0,0,,0,0,0,0,0,0,0,0,0
2024-11-16_uc_irvine_saint_marys_ca,UC Irvine,TM,TEAM,False,0,0,0,,0,0,,0,0,,4,4,8,0,0,0,0,0,0
2024-11-16_utah_valley_csu_bakersfield,CSU Bakersfield,55,"Slocum, Trinity",True,27,4,13,0.308,0,3,0.0,0,3,0.0,5,3,8,3,4,3,0,1,8
2024-11-16_utah_valley_csu_bakersfield,CSU Bakersfield,11,"Caldwell, Taylor",True,30,3,8,0.375,0,0,,1,2,0.5,2,4,6,3,3,3,0,2,7
2024-11-16_utah_valley_csu_bakersfield,CSU Bakersfield,04,"Dizon, Ary",True,32,2,12,0.167,1,4,0.25,1,5,0.2,1,3,4,3,2,0,3,2,6
2024-11-16_utah_valley_csu_bakersfield,CSU Bakersfield,20,"Secchiaroli, Melissa",True,34,1,7,0.143,1,6,0.167,0,2,0.0,3,1,4,2,0,4,1,0,3
2024-11-16_utah_valley_csu_bakersfield,CSU Bakersfield,08,"Langi, Marley",True,8,0,3,0.0,0,1,0.0,0,0,,1,0,1,5,1,1,0,0,0
2024-11-16_utah_valley_csu_bakersfield,CSU Bakersfield,30,"Dioli, Alli",False,19,4,9,0.444,3,7,0.429,0,0,,2,3,5,1,0,1,0,1,11
2024-11-16_utah_valley_csu_bakersfield,CSU Bakersfield,21,"Tse, Dylan",False,11,2,2,1.0,1,1,1.0,0,0,,0,0,0,2,1,0,0,2,5
2024-11-16_utah_valley_csu_bakersfield,CSU Bakersfield,32,"Freeman, Garrisen",False,23,1,6,0.167,1,1,1.0,1,2,0.5,1,2,3,3,0,2,0,0,4
2024-11-16_utah_valley_csu_bakersfield,CSU Bakersfield,34,"Forney, Cheyenne",False,12,1,1,1.0,0,0,,2,2,1.0,0,0,0,2,0,2,0,1,4
2024-11-16_utah_valley_csu_bakersfield,CSU Bakersfield,42,"Tse, Allysan",False,3,0,1,0.0,0,0,,0,0,,0,0,0,0,0,0,0,0,0
2024-11-16_utah_valley_csu_bakersfield,CSU Bakersfield,23,"Feliz, Ileana",False,1,0,0,,0,0,,0,0,,0,0,0,0,0,0,0,0,0
2024-11-16_utah_valley_csu_bakersfield,CSU Bakersfield,TM,TEAM,False,0,0,0,,0,0,,0,0,,4,3,7,0,0,1,0,0,0
2024-11-16_utah_valley_csu_bakersfield,Utah Valley,03,"Barcello, Amanda",True,19,4,4,1.0,4,4,1.0,2,2,1.0,0,1,1,1,2,1,0,1,14
2024-11-16_utah_valley_csu_bakersfield,Utah Valley,33,"Stafford, Danja",True,20,4,6,0.667,1,2,0.5,2,3,0.667,2,4,6,1,2,1,1,1,11
2024-11-16_utah_valley_csu_bakersfield,Utah Valley,34,"Chaney, Tessa",True,17,4,7,0.571,0,0,,0,0,,3,4,7,3,0,3,1,0,8
2024-11-16_utah_valley_csu_bakersfield,Utah Valley,13,"Criddle, Ally",True,23,1,4,0.25,1,3,0.333,3,4,0.75,0,1,1,1,6,2,0,1,6
2024-11-16_utah_valley_csu_bakersfield,Utah Valley,21,"White, Tahlia",True,30,2,7,0.286,1,6,0.167,0,2,0.0,2,4,6,1,3,2,0,1,5
2024-11-16_utah_valley_csu_bakersfield,Utah Valley,25,"Nelson, Halle",False,21,3,7,0.429,0,2,0.0,1,2,0.5,4,6,10,4,4,0,0,1,7
2024-11-16_utah_valley_csu_bakersfield,Utah Valley,05,"Blackham, Cambree",False,16,2,3,0.667,1,2,0.5,1,2,0.5,0,3,3,4,3,2,0,0,6
2024-11-16_utah_valley_csu_bakersfield,Utah Valley,44,"Sorenson, Gracie",False,17,2,3,0.667,0,0,,1,2,0.5,1,3,4,2,1,3,3,0,5
2024-11-16_utah_valley_csu_bakersfield,Utah Valley,04,"Carlyle, Kennedy",False,5,1,3,0.333,1,2,0.5,2,2,1.0,1,0,1,1,0,0,1,0,5
2024-11-16_utah_valley_csu_bakersfield,Utah Valley,10,"Gibb, Saige",False,18,1,5,0.2,1,3,0.333,0,0,,0,2,2,1,1,1,0,0,3
2024-11-16_utah_valley_csu_bakersfield,Utah Valley,01,"Mabry, Kylee",False,9,1,2,0.5,0,1,0.0,0,0,,0,2,2,2,0,0,1,0,2
2024-11-16_utah_valley_csu_bakersfield,Utah Valley,02,"Caldwell, Aspen",False,5,0,2,0.0,0,1,0.0,0,0,,0,0,0,0,0,0,0,0,0
2024-11-16_utah_valley_csu_bakersfield,Utah Valley,TM,TEAM,False,0,0,0,,0,0,,0,0,,0,0,0,0,0,0,0,0,0
2024-11-17_montana_st_uc_davis,UC Davis,04,"Epps, Nya",True,29,6,13,0.462,0,1,0.0,2,2,1.0,0,2,2,3,2,2,0,2,14
2024-11-17_montana_st_uc_davis,UC Davis,14,"Sabel, Tova",True,30,3,8,0.375,2,6,0.333,1,1,1.0,0,2,2,1,2,5,1,1,9
2024-11-17_montana_st_uc_davis,UC Davis,33,"Harris, Mazatlan",True,22,1,5,0.2,1,5,0.2,1,2,0.5,1,2,3,3,0,1,0,0,4
2024-11-17_montana_st_uc_davis,UC Davis,25,"Norris, Megan",True,19,1,3,0.333,0,0,,1,2,0.5,2,6,8,0,1,0,1,0,3
2024-11-17_montana_st_uc_davis,UC Davis,13,"Burns, Sydney",True,11,0,0,,0,0,,2,4,0.5,0,1,1,3,0,3,0,0,2
2024-11-17_montana_st_uc_davis,UC Davis,02,"Bennett, Ryann",False,24,3,8,0.375,2,4,0.5,0,2,0.0,0,2,2,4,3,3,0,1,8
2024-11-17_montana_st_uc_davis,UC Davis,23,"Baker, Victoria",False,20,3,6,0.5,0,1,0.0,1,1,1.0,1,2,3,4,4,5,0,1,7
2024-11-17_montana_st_uc_davis,UC Davis,05,"Fitzgerald, Ally",False,13,3,4,0.75,1,1,1.0,0,0,,0,2,2,1,0,1,0,1,7
2024-11-17_montana_st_uc_davis,UC Davis,41,"Shine, Bria",False,14,2,3,0.667,1,1,1.0,0,0,,0,0,0,0,0,0,1,1,5
2024-11-17_montana_st_uc_davis,UC Davis,11,"Glad, Clara",False,11,0,5,0.0,0,3,0.0,0,0,,2,0,2,1,0,1,0,0,0
2024-11-17_montana_st_uc_davis,UC Davis,03,"Kanagasabay, Sahana",False,7,0,0,,0,0,,0,0,,0,2,2,0,0,0,0,1,0
2024-11-17_montana_st_uc_davis,UC Davis,TM,TEAM,False,0,0,0,,0,0,,0,0,,1,2,3,0,0,0,0,0,0
2024-11-17_montana_st_uc_davis,Montana St.,12,"Morales, Esmeralda",True,30,7,14,0.5,5,8,0.625,2,2,1.0,0,1,1,1,4,2,0,2,21
2024-11-17_montana_st_uc_davis,Montana St.,32,"Dykstra, Marah",True,27,7,10,0.7,1,2,0.5,6,8,0.75,2,3,5,1,4,1,1,1,21
2024-11-17_montana_st_uc_davis,Montana St.,11,"Martin, Katelynn",True,25,6,13,0.462,2,5,0.4,0,0,,3,5,8,3,0,1,0,3,14
2024-11-17_montana_st_uc_davis,Montana St.,05,"Johnson, Ella",True,21,1,4,0.25,0,0,,0,0,,3,1,4,1,1,1,0,2,2
2024-11-17_montana_st_uc_davis,Montana St.,30,"Philip, Dylan",True,19,0,6,0.0,0,2,0.0,0,0,,0,4,4,4,1,1,0,1,0
2024-11-17_montana_st_uc_davis,Montana St.,02,"Picton, Natalie",False,13,3,7,0.429,0,3,0.0,0,0,,2,0,2,1,1,3,0,2,6
2024-11-17_montana_st_uc_davis,Montana St.,33,"Harris, Addison",False,19,2,3,0.667,0,0,,0,0,,2,3,5,4,1,4,1,0,4
2024-11-17_montana_st_uc_davis,Montana St.,44,"Chirrick, Taylee",False,17,1,5,0.2,0,2,0.0,2,2,1.0,1,1,2,1,1,2,0,1,4
2024-11-17_montana_st_uc_davis,Montana St.,23,"Erickson, Teagan",False,13,1,3,0.333,0,1,0.0,1,1,1.0,1,5,6,1,0,0,0,0,3
2024-11-17_montana_st_uc_davis,Montana St.,08,"Robbins, Hannah",False,4,1,2,0.5,0,1,0.0,0,0,,0,0,0,0,0,0,0,0,2
2024-11-17_montana_st_uc_davis,Montana St.,15,"Bunyan, Isobel",False,8,0,2,0.0,0,1,0.0,0,0,,0,1,1,1,1,0,0,1,0
2024-11-17_montana_st_uc_davis,Montana St.,20,"Berry, Brooke",False,4,0,1,0.0,0,0,,0,0,,0,0,0,1,0,1,0,0,0
2024-11-17_montana_st_uc_davis,Montana St.,TM,TEAM,False,0,0,0,,0,0,,0,0,,4,3,7,0,0,0,0,0,0
2024-11-17_uc_san_diego_fresno_st,Fresno St.,30,"Fox, Kylee",True,33,7,14,0.5,5,10,0.5,2,2,1.0,0,7,7,1,5,1,0,0,21
2024-11-17_uc_san_diego_fresno_st,Fresno St.,02,"Elohim, Mariah",True,36,6,12,0.5,4,8,0.5,0,0,,0,1,1,4,0,1,0,1,16
2024-11-17_uc_san_diego_fresno_st,Fresno St.,07,"Ukkonen, Saga",True,23,3,5,0.6,3,5,0.6,1,2,0.5,0,3,3,4,1,3,0,1,10
2024-11-17_uc_san_diego_fresno_st,Fresno St.,13,"Konstantinidou, Maria",True,22,4,5,0.8,0,1,0.0,1,2,0.5,1,4,5,3,2,1,2,0,9
2024-11-17_uc_san_diego_fresno_st,Fresno St.,23,"Jacobs, Mia",True,35,3,8,0.375,0,3,0.0,1,2,0.5,2,7,9,2,7,5,1,2,7
2024-11-17_uc_san_diego_fresno_st,Fresno St.,08,"Griffiths, Holly",False,4,0,1,0.0,0,1,0.0,2,2,1.0,1,0,1,1,0,1,1,0,2
2024-11-17_uc_san_diego_fresno_st,Fresno St.,03,"Powell, Danae",False,23,0,3,0.0,0,2,0.0,0,0,,0,2,2,2,2,2,0,0,0
2024-11-17_uc_san_diego_fresno_st,Fresno St.,20,"Williams, Rayna",False,10,0,1,0.0,0,0,,0,0,,1,1,2,2,0,1,2,0,0
2024-11-17_uc_san_diego_fresno_st,Fresno St.,11,"LeSueur, Malaya",False,5,0,0,,0,0,,0,0,,0,1,1,0,1,1,0,0,0
2024-11-17_uc_san_diego_fresno_st,Fresno St.,15,"Amundsen, Laney",False,5,0,0,,0,0,,0,0,,1,1,2,0,0,1,0,0,0
2024-11-17_uc_san_diego_fresno_st,Fresno St.,12,"Watkins, Avery",False,4,0,0,,0,0,,0,0,,0,0,0,1,1,0,0,0,0
2024-11-17_uc_san_diego_fresno_st,Fresno St.,TM,TEAM,False,0,0,0,,0,0,,0,0,,2,2,4,0,0,1,0,0,0
2024-11-17_uc_san_diego_fresno_st,UC San Diego,15,"Ma, Sabrina",True,38,5,11,0.455,3,6,0.5,9,10,0.9,0,5,5,3,0,0,0,3,22
2024-11-17_uc_san_diego_fresno_st,UC San Diego,24,"Spriggs, Kayanna",True,26,5,10,0.5,0,0,,6,7,0.857,3,3,6,4,1,4,0,3,16
2024-11-17_uc_san_diego_fresno_st,UC San Diego,03,"Sugapong, Sumayah",True,29,2,15,0.133,0,5,0.0,2,2,1.0,1,0,1,3,4,4,0,0,6
2024-11-17_uc_san_diego_fresno_st,UC San Diego,22,"Gallegos, Gracie",True,31,1,6,0.167,0,2,0.0,0,0,,0,3,3,1,1,0,0,1,2
2024-11-17_uc_san_diego_fresno_st,UC San Diego,32,"Montgomery, Parker",True,18,0,2,0.0,0,2,0.0,0,0,,0,2,2,2,0,0,0,1,0
2024-11-17_uc_san_diego_fresno_st,UC San Diego,33,"Svoboda, Emma",False,14,2,5,0.4,0,1,0.0,0,0,,3,0,3,0,0,0,0,0,4
2024-11-17_uc_san_diego_fresno_st,UC San Diego,12,"Smith, Rosa",False,15,0,2,0.0,0,1,0.0,2,2,1.0,0,1,1,1,2,1,0,0,2
2024-11-17_uc_san_diego_fresno_st,UC San Diego,23,"Blithikioti, Eri",False,12,0,2,0.0,0,0,,1,2,0.5,0,5,5,1,2,1,0,0,1
2024-11-17_uc_san_diego_fresno_st,UC San Diego,21,"Polocheck, Nicki",False,17,0,0,,0,0,,0,0,,0,0,0,4,0,3,0,1,0
2024-11-17_uc_san_diego_fresno_st,UC San Diego,TM,TEAM,False,0,0,0,,0,0,,0,0,,3,1,4,0,0,0,0,0,0
2024-11-17_uc_santa_barbara_san_jose_st,San Jose St.,31,"Tonga, Finau",True,29,5,9,0.556,0,0,,4,8,0.5,0,3,3,1,1,4,0,0,14
2024-11-17_uc_santa_barbara_san_jose_st,San Jose St.,32,"Diawara, Djessira",True,30,4,4,1.0,0,0,,3,7,0.429,3,2,5,0,0,2,0,0,11
2024-11-17_uc_santa_barbara_san_jose_st,San Jose St.,01,"Simmons, Amiah",True,7,3,6,0.5,1,3,0.333,0,0,,0,0,0,1,0,1,0,0,7
2024-11-17_uc_santa_barbara_san_jose_st,San Jose St.,09,"Waugh, Rylei",True,37,2,3,0.667,0,0,,2,2,1.0,1,3,4,3,3,2,0,1,6
2024-11-17_uc_santa_barbara_san_jose_st,San Jose St.,08,"Brown, Amira",True,33,0,4,0.0,0,2,0.0,5,6,0.833,3,3,6,5,1,1,0,0,5
2024-11-17_uc_santa_barbara_san_jose_st,San Jose St.,00,"Summers, Sydni",False,13,6,10,0.6,5,7,0.714,0,0,,0,0,0,3,1,0,0,0,17
2024-11-17_uc_santa_barbara_san_jose_st,San Jose St.,02,"Singleton, Jasmine",False,25,3,8,0.375,0,2,0.0,0,0,,0,2,2,5,1,3,0,3,6
2024-11-17_uc_santa_barbara_san_jose_st,San Jose St.,12,"Kelemeni, Sofia",False,13,1,2,0.5,1,2,0.5,3,4,0.75,0,1,1,4,0,1,0,0,6
2024-11-17_uc_santa_barbara_san_jose_st,San Jose St.,05,"van Schaik, Hennie",False,8,1,2,0.5,0,0,,2,2,1.0,0,2,2,2,1,1,1,1,4
2024-11-17_uc_santa_barbara_san_jose_st,San Jose St.,11,"Davis-Jones, Marisa",False,3,0,0,,0,0,,0,0,,0,0,0,0,0,0,0,0,0
2024-11-17_uc_santa_barbara_san_jose_st,San Jose St.,23,"Sgro, Stella",False,2,0,2,0.0,0,1,0.0,0,0,,0,0,0,0,0,0,0,0,0
2024-11-17_uc_santa_barbara_san_jose_st,San Jose St.,07,"Alexander, Mecca",False,,0,0,,0,0,,0,0,,0,0,0,0,0,0,0,0,0
2024-11-17_uc_santa_barbara_san_jose_st,San Jose St.,TM,TEAM,False,0,0,0,,0,0,,0,0,,3,3,6,0,0,0,0,0,0
2024-11-17_uc_santa_barbara_san_jose_st,UC Santa Barbara,03,"Marin, Alyssa",True,31,4,10,0.4,1,3,0.333,22,25,0.88,0,2,2,2,1,1,0,2,31
2024-11-17_uc_santa_barbara_san_jose_st,UC Santa Barbara,02,"Borter, Zoe",True,32,5,11,0.455,2,4,0.5,5,6,0.833,1,3,4,2,1,0,0,1,17
2024-11-17_uc_santa_barbara_san_jose_st,UC Santa Barbara,10,"Choice, Anya",True,26,3,6,0.5,1,2,0.5,4,5,0.8,0,3,3,5,3,2,0,0,11
2024-11-17_uc_santa_barbara_san_jose_st,UC Santa Barbara,55,"Burke, Skylar",True,15,4,7,0.571,0,1,0.0,0,0,,2,4,6,5,1,3,0,1,8
2024-11-17_uc_santa_barbara_san_jose_st,UC Santa Barbara,20,"Rockwood, Laurel",True,13,0,0,,0,0,,0,0,,2,2,4,5,0,0,0,0,0
2024-11-17_uc_santa_barbara_san_jose_st,UC Santa Barbara,31,"Pietsch, Martha",False,28,2,5,0.4,2,4,0.5,2,2,1.0,2,1,3,1,3,4,0,0,8
2024-11-17_uc_santa_barbara_san_jose_st,UC Santa Barbara,32,"Grant, Jessica",False,26,2,5,0.4,2,5,0.4,1,2,0.5,0,1,1,3,0,2,0,1,7
2024-11-17_uc_santa_barbara_san_jose_st,UC Santa Barbara,13,"Goed, Flora",False,22,2,2,1.0,0,0,,0,0,,0,1,1,3,3,1,0,0,4
2024-11-17_uc_santa_barbara_san_jose_st,UC Santa Barbara,11,"Williams, Cayla",False,5,0,0,,0,0,,0,0,,0,0,0,0,0,0,0,0,0
2024-11-17_uc_santa_barbara_san_jose_st,UC Santa Barbara,14,"Coon, Kanani",False,2,0,0,,0,0,,0,0,,0,0,0,0,0,1,0,0,0
2024-11-17_uc_santa_barbara_san_jose_st,UC Santa Barbara,TM,TEAM,False,0,0,0,,0,0,,0,0,,0,3,3,0,0,1,0,0,0
2024-11-17_sacramento_st_long_beach_st,Long Beach St.,2,"Tucker, Savannah",True,40,9,15,0.6,2,5,0.4,9,14,0.643,4,3,7,0,5,1,0,4,29
2024-11-17_sacramento_st_long_beach_st,Long Beach St.,3,"Chung, Patricia",True,30,3,9,0.333,1,3,0.333,3,3,1.0,1,5,6,3,3,2,0,0,10
2024-11-17_sacramento_st_long_beach_st,Long Beach St.,11,"Loobie, Rachel",True,18,2,9,0.222,0,1,0.0,0,0,,1,4,5,1,0,0,0,0,4
2024-11-17_sacramento_st_long_beach_st,Long Beach St.,12,"Crawshaw, Jada",True,6,0,1,0.0,0,0,,2,2,1.0,0,0,0,4,0,3,0,3,2
2024-11-17_sacramento_st_long_beach_st,Long Beach St.,1,"Sonnier, Lovely",True,16,0,4,0.0,0,0,,0,0,,2,1,3,4,2,1,0,5,0
2024-11-17_sacramento_st_long_beach_st,Long Beach St.,22,"Richards, Mykelle",False,21,5,9,0.556,1,3,0.333,2,3,0.667,1,1,2,4,1,1,0,1,13
2024-11-17_sacramento_st_long_beach_st,Long Beach St.,42,"Oliva Fernandez, Judit",False,31,3,10,0.3,0,0,,3,4,0.75,6,3,9,3,0,4,0,0,9
2024-11-17_sacramento_st_long_beach_st,Long Beach St.,30,"Jones-brown, Jaquoia",False,20,1,4,0.25,0,0,,0,0,,1,2,3,1,0,1,1,0,2
2024-11-17_sacramento_st_long_beach_st,Long Beach St.,5,"Ka, Kennan",False,15,0,6,0.0,0,3,0.0,0,0,,0,2,2,0,1,0,0,0,0
2024-11-17_sacramento_st_long_beach_st,Long Beach St.,33,"Wright, Haley",False,3,0,0,,0,0,,0,0,,0,0,0,1,1,0,1,0,0
2024-11-17_sacramento_st_long_beach_st,Long Beach St.,TM,TEAM,False,0,0,0,,0,0,,0,0,,1,0,1,0,0,0,0,0,0
2024-11-17_sacramento_st_long_beach_st,Sacramento St.,22,"Falk, Lina",True,36,6,14,0.429,3,6,0.5,5,8,0.625,3,3,6,4,0,2,0,2,20
2024-11-17_sacramento_st_long_beach_st,Sacramento St.,23,"Martin, Jaydia",True,23,4,11,0.364,1,4,0.25,2,2,1.0,1,2,3,4,2,1,0,1,11
2024-11-17_sacramento_st_long_beach_st,Sacramento St.,45,"Jaiteh, Fatoumata",True,22,2,4,0.5,0,1,0.0,0,0,,0,4,4,3,2,2,2,0,4
2024-11-17_sacramento_st_long_beach_st,Sacramento St.,1,"Versteeg, Benthe",True,30,1,5,0.2,0,0,,0,0,,3,8,11,4,7,6,0,1,2
2024-11-17_sacramento_st_long_beach_st,Sacramento St.,11,"Gray, Rubi",True,6,0,0,,0,0,,0,0,,1,2,3,1,0,1,0,1,0
2024-11-17_sacramento_st_long_beach_st,Sacramento St.,12,"Alonso, Sofia",False,36,6,13,0.462,3,8,0.375,2,2,1.0,0,5,5,2,5,7,2,1,17
2024-11-17_sacramento_st_long_beach_st,Sacramento St.,3,"Taylor, Brooklyn",False,18,2,4,0.5,0,0,,2,2,1.0,3,5,8,2,0,1,0,0,6
2024-11-17_sacramento_st_long_beach_st,Sacramento St.,10,"Butcher, Madison",False,14,2,3,0.667,0,1,0.0,0,0,,0,1,1,2,0,1,1,1,4
2024-11-17_sacramento_st_long_beach_st,Sacramento St.,5,"Archibald, Kennadi",False,9,0,4,0.0,0,0,,2,2,1.0,2,0,2,3,0,0,0,1,2
2024-11-17_sacramento_st_long_beach_st,Sacramento St.,31,"Arvai, Noemi",False,4,1,1,1.0,0,0,,0,0,,0,0,0,1,1,0,0,0,2
2024-11-17_sacramento_st_long_beach_st,Sacramento St.,2,"Amoore, Jemma",False,1,0,0,,0,0,,0,0,,0,0,0,0,0,1,0,0,0
2024-11-17_sacramento_st_long_beach_st,Sacramento St.,24,"Lee, Sophia",False,1,0,0,,0,0,,0,0,,0,0,0,0,0,0,0,0,0
2024-11-17_sacramento_st_long_beach_st,Sacramento St.,TM,TEAM,False,0,0,0,,0,0,,0,0,,2,2,4,0,0,0,0,0,0
2024-11-18_pepperdine_uc_riverside,UC Riverside,00,"Rose, Makayla",True,34,4,11,0.364,0,3,0.0,4,6,0.667,1,3,4,0,1,1,0,4,12
2024-11-18_pepperdine_uc_riverside,UC Riverside,3,"Tillery, Zoe",True,25,4,10,0.4,1,3,0.333,0,0,,0,1,1,2,1,2,0,3,9
2024-11-18_pepperdine_uc_riverside,UC Riverside,12,"Cutler, Gemma",True,32,3,4,0.75,0,0,,2,2,1.0,1,5,6,4,1,3,1,0,8
2024-11-18_pepperdine_uc_riverside,UC Riverside,11,"Matarranz, Esther",True,29,1,12,0.083,0,1,0.0,0,0,,3,6,9,4,2,2,0,1,2
2024-11-18_pepperdine_uc_riverside,UC Riverside,2,"Hackley, Seneca",True,26,1,10,0.1,0,5,0.0,0,0,,3,1,4,2,0,0,0,3,2
2024-11-18_pepperdine_uc_riverside,UC Riverside,5,"Duchemin, Shelley",False,18,4,11,0.364,1,1,1.0,0,0,,0,2,2,1,1,3,0,2,9
2024-11-18_pepperdine_uc_riverside,UC Riverside,1,"Polk, Kaylani",False,20,2,6,0.333,2,4,0.5,0,0,,0,2,2,2,1,1,0,0,6
2024-11-18_pepperdine_uc_riverside,UC Riverside,13,"Chocano, Maya",False,19,1,3,0.333,0,2,0.0,0,0,,0,1,1,2,0,1,0,2,2
2024-11-18_pepperdine_uc_riverside,UC Riverside,7,"Wickstrom, Hannah",False,6,1,2,0.5,0,1,0.0,0,0,,1,2,3,0,0,1,0,0,2
2024-11-18_pepperdine_uc_riverside,UC Riverside,4,"Marshall, Jordyn",False,11,0,1,0.0,0,0,,0,0,,1,1,2,0,1,0,0,0,0
2024-11-18_pepperdine_uc_riverside,UC Riverside,35,"Hill-brown, Tt",False,5,0,0,,0,0,,0,0,,0,1,1,0,0,1,0,0,0
2024-11-18_pepperdine_uc_riverside,UC Riverside,TM,TEAM,False,0,0,0,,0,0,,0,0,,5,3,8,0,0,1,0,0,0
2024-11-18_pepperdine_uc_riverside,Pepperdine,5,"Mastora, Malia",True,42,3,6,0.5,0,0,,3,3,1.0,1,4,5,0,0,4,0,1,9
2024-11-18_pepperdine_uc_riverside,Pepperdine,12,"Mastora, Makena",True,38,3,11,0.273,1,4,0.25,1,2,0.5,0,6,6,3,1,4,0,1,8
2024-11-18_pepperdine_uc_riverside,Pepperdine,31,"Harkey, Megan",True,34,3,5,0.6,0,0,,1,2,0.5,2,5,7,4,2,1,1,1,7
2024-11-18_pepperdine_uc_riverside,Pepperdine,13,"Mashaire, Emerita",True,16,1,4,0.25,0,2,0.0,0,2,0.0,2,3,5,0,0,2,0,0,2
2024-11-18_pepperdine_uc_riverside,Pepperdine,2,"Sotell, Chloe",True,21,0,3,0.0,0,2,0.0,0,0,,0,4,4,1,1,0,0,3,0
2024-11-18_pepperdine_uc_riverside,Pepperdine,3,"Brubaker, Ella",False,24,8,10,0.8,0,2,0.0,4,5,0.8,0,3,3,3,2,1,2,2,20
2024-11-18_pepperdine_uc_riverside,Pepperdine,9,"Muca, Ornela",False,35,3,9,0.333,0,4,0.0,3,6,0.5,0,2,2,1,0,6,0,1,9
2024-11-18_pepperdine_uc_riverside,Pepperdine,32,"Vick, Maggie",False,11,0,2,0.0,0,0,,0,0,,0,0,0,3,1,2,0,0,0
2024-11-18_pepperdine_uc_riverside,Pepperdine,11,"Friend, Helena",False,4,0,2,0.0,0,0,,0,0,,1,0,1,0,0,1,0,1,0
2024-11-18_pepperdine_uc_riverside,Pepperdine,TM,TEAM,False,0,0,0,,0,0,,0,0,,1,7,8,0,0,0,0,0,0
2024-11-19_cal_poly_life_pacific,LIFE Pacific,33,"Zazueta, Chloe",True,23,1,5,0.2,1,3,0.333,5,5,1.0,1,2,3,1,0,3,0,1,8
2024-11-19_cal_poly_life_pacific,LIFE Pacific,20,"Roy, Rylee",True,20,1,5,0.2,1,3,0.333,0,0,,1,0,1,2,0,7,1,0,3
2024-11-19_cal_poly_life_pacific,LIFE Pacific,23,"Harris, Faith",True,18,1,5,0.2,0,4,0.0,1,1,1.0,0,0,0,2,1,5,0,1,3
2024-11-19_cal_poly_life_pacific,LIFE Pacific,1,"Torres, Madison",True,29,0,3,0.0,0,1,0.0,1,2,0.5,1,4,5,3,2,9,0,3,1
2024-11-19_cal_poly_life_pacific,LIFE Pacific,13,"Murphy, Mikayla",True,14,0,1,0.0,0,1,0.0,0,0,,0,1,1,3,1,2,0,0,0
2024-11-19_cal_poly_life_pacific,LIFE Pacific,11,"Torres, Adrianna",False,25,3,8,0.375,2,5,0.4,0,0,,0,2,2,0,0,4,0,0,8
2024-11-19_cal_poly_life_pacific,LIFE Pacific,5,"Cruz, Julia",False,23,2,5,0.4,2,4,0.5,0,0,,0,0,0,1,0,4,0,1,6
2024-11-19_cal_poly_life_pacific,LIFE Pacific,10,"Zazueta, Cassandra",False,18,2,4,0.5,0,0,,0,0,,0,2,2,1,2,0,1,0,4
2024-11-19_cal_poly_life_pacific,LIFE Pacific,2,"Garcia, Mia",False,7,1,2,0.5,1,2,0.5,0,0,,1,1,2,1,0,0,0,0,3
2024-11-19_cal_poly_life_pacific,LIFE Pacific,4,"Mitchell, Becky",False,12,0,0,,0,0,,0,0,,1,0,1,0,0,0,0,0,0
2024-11-19_cal_poly_life_pacific,LIFE Pacific,34,"Carren, Adrienne",False,11,0,1,0.0,0,0,,0,0,,0,0,0,1,0,2,1,0,0
2024-11-19_cal_poly_life_pacific,LIFE Pacific,TM,TEAM,False,0,0,0,,0,0,,0,0,,1,4,5,0,0,5,0,0,0
2024-11-19_cal_poly_life_pacific,Cal Poly,2,"Shah, Annika",True,22,6,10,0.6,3,7,0.429,2,2,1.0,0,2,2,2,7,1,0,4,17
2024-11-19_cal_poly_life_pacific,Cal Poly,4,"Lichtie, Sierra",True,16,5,6,0.833,0,0,,2,2,1.0,2,2,4,1,1,4,0,1,12
2024-11-19_cal_poly_life_pacific,Cal Poly,24,"Carter, Mary",True,17,4,6,0.667,2,2,1.0,0,0,,1,1,2,0,3,0,1,1,10
2024-11-19_cal_poly_life_pacific,Cal Poly,10,"Richards, Sidney",True,24,2,6,0.333,0,1,0.0,0,0,,2,3,5,2,4,0,1,4,4
2024-11-19_cal_poly_life_pacific,Cal Poly,22,"Goosby, Alana",True,24,1,7,0.143,0,4,0.0,1,2,0.5,0,4,4,3,3,6,0,5,3
2024-11-19_cal_poly_life_pacific,Cal Poly,23,"Moleón Hidalgo, Ana",False,22,5,8,0.625,0,2,0.0,0,0,,0,0,0,1,1,2,0,4,10
2024-11-19_cal_poly_life_pacific,Cal Poly,5,"Robinson, Gabby",False,22,2,6,0.333,1,2,0.5,4,6,0.667,1,3,4,2,0,1,1,1,9
2024-11-19_cal_poly_life_pacific,Cal Poly,14,"Bears, Gillian",False,20,2,4,0.5,0,0,,4,4,1.0,3,0,3,0,0,4,0,3,8
2024-11-19_cal_poly_life_pacific,Cal Poly,9,"Perez, Nora",False,19,3,8,0.375,0,1,0.0,1,2,0.5,5,4,9,2,2,3,0,4,7
2024-11-19_cal_poly_life_pacific,Cal Poly,11,"Knapp, Avery",False,9,1,1,1.0,0,0,,0,0,,0,2,2,2,0,1,1,0,2
2024-11-19_cal_poly_life_pacific,Cal Poly,13,"Cohen, Sadie",False,5,0,0,,0,0,,0,0,,1,0,1,1,0,0,0,0,0
2024-11-19_cal_poly_life_pacific,Cal Poly,TM,TEAM,False,0,0,0,,0,0,,0,0,,1,1,2,0,0,1,0,0,0
2024-11-20_uc_davis_sacramento_st,Sacramento St.,01,"Versteeg, Benthe",True,38,6,17,0.353,0,1,0.0,4,6,0.667,4,3,7,2,3,7,0,4,16
2024-11-20_uc_davis_sacramento_st,Sacramento St.,45,"Jaiteh, Fatoumata",True,28,4,10,0.4,0,0,,2,3,0.667,3,3,6,5,1,4,0,2,10
2024-11-20_uc_davis_sacramento_st,Sacramento St.,23,"Martin, Jaydia",True,31,1,15,0.067,0,5,0.0,3,6,0.5,3,3,6,3,0,3,0,1,5
2024-11-20_uc_davis_sacramento_st,Sacramento St.,22,"Falk, Lina",True,35,2,8,0.25,0,1,0.0,0,0,,0,2,2,3,2,2,0,2,4
2024-11-20_uc_davis_sacramento_st,Sacramento St.,10,"Butcher, Madison",True,21,1,3,0.333,0,0,,0,0,,0,4,4,2,1,1,0,1,2
2024-11-20_uc_davis_sacramento_st,Sacramento St.,12,"Alonso, Sofia",False,19,1,4,0.25,1,2,0.5,0,0,,0,1,1,4,0,3,0,1,3
2024-11-20_uc_davis_sacramento_st,Sacramento St.,03,"Taylor, Brooklyn",False,10,1,1,1.0,0,0,,0,0,,0,1,1,2,0,1,0,0,2
2024-11-20_uc_davis_sacramento_st,Sacramento St.,02,"Amoore, Jemma",False,2,1,1,1.0,0,0,,0,0,,0,0,0,1,0,0,0,0,2
2024-11-20_uc_davis_sacramento_st,Sacramento St.,31,"Arvai, Noemi",False,4,0,0,,0,0,,1,2,0.5,0,0,0,0,0,0,0,0,1
2024-11-20_uc_davis_sacramento_st,Sacramento St.,24,"Lee, Sophia",False,9,0,1,0.0,0,1,0.0,0,0,,2,0,2,1,0,1,0,0,0
2024-11-20_uc_davis_sacramento_st,Sacramento St.,11,"Gray, Rubi",False,3,0,0,,0,0,,0,0,,0,0,0,0,0,0,0,0,0
2024-11-20_uc_davis_sacramento_st,Sacramento St.,TM,TEAM,False,0,0,0,,0,0,,0,0,,2,2,4,0,0,0,0,0,0
2024-11-20_uc_davis_sacramento_st,UC Davis,25,"Norris, Megan",True,28,6,9,0.667,2,4,0.5,7,9,0.778,1,4,5,1,3,1,1,1,21
2024-11-20_uc_davis_sacramento_st,UC Davis,14,"Sabel, Tova",True,30,6,15,0.4,4,10,0.4,0,0,,0,9,9,3,3,4,0,2,16
2024-11-20_uc_davis_sacramento_st,UC Davis,04,"Epps, Nya",True,25,2,5,0.4,0,1,0.0,4,4,1.0,0,5,5,4,2,2,0,1,8
2024-11-20_uc_davis_sacramento_st,UC Davis,13,"Burns, Sydney",True,26,2,3,0.667,0,0,,2,2,1.0,1,2,3,2,3,7,0,0,6
2024-11-20_uc_davis_sacramento_st,UC Davis,33,"Harris, Mazatlan",True,18,2,4,0.5,1,2,0.5,1,2,0.5,1,2,3,2,1,1,0,1,6
2024-11-20_uc_davis_sacramento_st,UC Davis,23,"Baker, Victoria",False,19,3,5,0.6,1,1,1.0,5,5,1.0,1,3,4,4,1,3,0,5,12
2024-11-20_uc_davis_sacramento_st,UC Davis,11,"Glad, Clara",False,21,1,2,0.5,1,2,0.5,2,2,1.0,3,1,4,1,1,1,0,0,5
2024-11-20_uc_davis_sacramento_st,UC Davis,02,"Bennett, Ryann",False,16,0,4,0.0,0,1,0.0,2,2,1.0,0,2,2,1,0,3,0,1,2
2024-11-20_uc_davis_sacramento_st,UC Davis,41,"Shine, Bria",False,12,0,2,0.0,0,0,,0,0,,1,2,3,3,2,3,1,0,0
2024-11-20_uc_davis_sacramento_st,UC Davis,05,"Fitzgerald, Ally",False,3,0,0,,0,0,,0,0,,0,0,0,0,0,0,1,0,0
2024-11-20_uc_davis_sacramento_st,UC Davis,03,"Kanagasabay, Sahana",False,2,0,0,,0,0,,0,0,,0,0,0,0,0,0,0,0,0
2024-11-20_uc_davis_sacramento_st,UC Davis,TM,TEAM,False,0,0,0,,0,0,,0,0,,0,1,1,0,0,0,0,0,0
2024-11-20_drexel_uc_irvine,UC Irvine,13,"Lee, Déja",True,33,3,6,0.5,2,2,1.0,7,9,0.778,0,3,3,1,4,3,0,3,15
2024-11-20_drexel_uc_irvine,UC Irvine,24,"Dean, Nevaeh",True,18,5,7,0.714,1,2,0.5,0,0,,0,5,5,5,1,2,1,1,11
2024-11-20_drexel_uc_irvine,UC Irvine,21,"Williams, Olivia",True,31,3,7,0.429,1,1,1.0,0,0,,0,1,1,1,1,3,0,2,7
2024-11-20_drexel_uc_irvine,UC Irvine,20,"Hernandez, Hunter",True,21,2,8,0.25,0,1,0.0,2,2,1.0,0,5,5,1,2,0,0,0,6
2024-11-20_drexel_uc_irvine,UC Irvine,3,"Tom, Nikki",True,24,1,5,0.2,0,1,0.0,0,0,,1,2,3,2,3,2,0,2,2
2024-11-20_drexel_uc_irvine,UC Irvine,14,"Hanson, Summah",False,27,5,9,0.556,0,2,0.0,2,2,1.0,1,8,9,4,1,4,1,0,12
2024-11-20_drexel_uc_irvine,UC Irvine,11,"Scharpf, Amelia",False,25,0,7,0.0,0,2,0.0,2,2,1.0,2,2,4,4,1,1,1,0,2
2024-11-20_drexel_uc_irvine,UC Irvine,12,"Nahum, Shirel",False,16,1,1,1.0,0,0,,0,0,,0,1,1,1,0,1,0,1,2
2024-11-20_drexel_uc_irvine,UC Irvine,1,"Brooks, Jaida",False,4,0,0,,0,0,,0,0,,0,0,0,0,0,2,0,0,0
2024-11-20_drexel_uc_irvine,UC Irvine,9,"Falcon Hernandez, Daniela",False,1,0,0,,0,0,,0,0,,0,0,0,1,0,0,0,0,0
2024-11-20_drexel_uc_irvine,UC Irvine,2,"Hernandez, Haley",False,0,0,0,,0,0,,0,0,,0,0,0,0,0,0,0,0,0
2024-11-20_drexel_uc_irvine,UC Irvine,22,"Djoko, Clara",False,0,0,0,,0,0,,0,0,,0,0,0,0,0,0,0,0,0
2024-11-20_drexel_uc_irvine,UC Irvine,32,"Noa, Reese",False,0,0,0,,0,0,,0,0,,0,0,0,0,0,0,0,0,0
2024-11-20_drexel_uc_irvine,UC Irvine,TM,TEAM,False,0,0,0,,0,0,,0,0,,1,2,3,0,0,0,0,0,0
2024-11-20_drexel_uc_irvine,Drexel,3,"Baker, Amaris",True,38,6,14,0.429,1,4,0.25,7,8,0.875,0,2,2,4,0,1,0,1,20
2024-11-20_drexel_uc_irvine,Drexel,11,"Evans, Deja",True,26,3,7,0.429,0,0,,4,8,0.5,3,3,6,1,0,2,0,0,10
2024-11-20_drexel_uc_irvine,Drexel,12,"O'neill, Grace",True,37,2,7,0.286,1,4,0.25,0,0,,1,2,3,1,3,0,0,0,5
2024-11-20_drexel_uc_irvine,Drexel,5,"Hodges, Chloe",True,30,0,3,0.0,0,3,0.0,1,2,0.5,2,6,8,3,4,4,0,2,1
2024-11-20_drexel_uc_irvine,Drexel,15,"McCormack, Cara",True,17,0,4,0.0,0,4,0.0,0,0,,0,0,0,2,3,4,0,0,0
2024-11-20_drexel_uc_irvine,Drexel,55,"Lavin, Molly",False,16,1,4,0.25,0,1,0.0,5,6,0.833,2,2,4,2,0,2,0,1,7
2024-11-20_drexel_uc_irvine,Drexel,41,"McGurk, Laine",False,27,2,14,0.143,0,5,0.0,0,0,,1,2,3,1,1,2,0,2,4
2024-11-20_drexel_uc_irvine,Drexel,4,"McNeill, Jalyn",False,9,0,0,,0,0,,0,0,,1,3,4,1,0,0,0,0,0
2024-11-20_drexel_uc_irvine,Drexel,TM,TEAM,False,0,0,0,,0,0,,0,0,,2,3,5,0,0,3,0,0,0
2024-11-20_uc_riverside_idaho,Idaho,8,"Schweizer, Rosie",True,24,9,14,0.643,0,0,,3,4,0.75,5,3,8,4,1,7,0,0,21
2024-11-20_uc_riverside_idaho,Idaho,45,"Aadland, Jennifer",True,32,4,11,0.364,1,6,0.167,0,0,,3,9,12,3,1,1,1,0,9
2024-11-20_uc_riverside_idaho,Idaho,1,"Nelson, Olivia",True,34,2,4,0.5,0,1,0.0,3,4,0.75,0,3,3,3,6,4,0,3,7
2024-11-20_uc_riverside_idaho,Idaho,12,"Bukvic, Anja",True,21,2,7,0.286,2,4,0.5,1,2,0.5,1,4,5,2,0,3,0,0,7
2024-11-20_uc_riverside_idaho,Idaho,4,"Hassmann, Hope",True,31,1,6,0.167,0,3,0.0,2,2,1.0,1,3,4,1,2,1,0,2,4
2024-11-20_uc_riverside_idaho,Idaho,11,"Carvalho, Vitoria",False,18,2,5,0.4,0,0,,0,0,,3,0,3,0,0,1,0,0,4
2024-11-20_uc_riverside_idaho,Idaho,5,"Uriarte, Ella",False,23,1,4,0.25,0,1,0.0,0,0,,0,3,3,1,2,0,0,0,2
2024-11-20_uc_riverside_idaho,Idaho,23,"Beatriz Passos Alves da Silva, Ana",False,15,1,4,0.25,0,2,0.0,0,0,,0,2,2,1,1,2,0,0,2
2024-11-20_uc_riverside_idaho,Idaho,37,"Pinheiro, Ana",False,2,0,1,0.0,0,1,0.0,0,0,,0,0,0,0,0,0,0,0,0
2024-11-20_uc_riverside_idaho,Idaho,TM,TEAM,False,0,0,0,,0,0,,0,0,,3,2,5,0,0,0,0,0,0
2024-11-20_uc_riverside_idaho,UC Riverside,3,"Tillery, Zoe",True,28,5,13,0.385,1,4,0.25,0,0,,0,4,4,1,1,1,0,3,11
2024-11-20_uc_riverside_idaho,UC Riverside,11,"Matarranz, Esther",True,18,3,6,0.5,1,3,0.333,0,0,,1,3,4,2,0,3,0,0,7
2024-11-20_uc_riverside_idaho,UC Riverside,12,"Cutler, Gemma",True,20,1,2,0.5,0,0,,0,0,,3,2,5,1,1,0,0,2,2
2024-11-20_uc_riverside_idaho,UC Riverside,2,"Hackley, Seneca",True,13,1,6,0.167,0,3,0.0,0,0,,0,0,0,2,1,2,0,1,2
2024-11-20_uc_riverside_idaho,UC Riverside,00,"Rose, Makayla",True,32,0,5,0.0,0,0,,0,0,,1,3,4,0,0,2,0,1,0
2024-11-20_uc_riverside_idaho,UC Riverside,35,"Hill-brown, Tt",False,14,3,6,0.5,1,2,0.5,1,2,0.5,0,0,0,0,0,0,0,0,8
2024-11-20_uc_riverside_idaho,UC Riverside,7,"Wickstrom, Hannah",False,20,2,7,0.286,1,3,0.333,1,2,0.5,0,2,2,1,0,1,0,0,6
2024-11-20_uc_riverside_idaho,UC Riverside,13,"Chocano, Maya",False,26,1,5,0.2,0,4,0.0,1,2,0.5,1,3,4,2,1,1,0,0,3
2024-11-20_uc_riverside_idaho,UC Riverside,1,"Polk, Kaylani",False,16,1,3,0.333,0,0,,0,0,,0,0,0,1,0,0,1,0,2
2024-11-20_uc_riverside_idaho,UC Riverside,5,"Duchemin, Shelley",False,9,0,3,0.0,0,0,,1,2,0.5,2,0,2,0,1,2,0,0,1
2024-11-20_uc_riverside_idaho,UC Riverside,4,"Marshall, Jordyn",False,2,0,0,,0,0,,0,0,,0,0,0,0,0,0,0,0,0
2024-11-20_uc_riverside_idaho,UC Riverside,10,"Minshall, Makayla",False,2,0,1,0.0,0,0,,0,0,,0,0,0,0,0,1,0,0,0
2024-11-20_uc_riverside_idaho,UC Riverside,TM,TEAM,False,0,0,0,,0,0,,0,0,,1,2,3,0,0,2,0,0,0
2024-11-21_penn_uc_irvine,UC Irvine,20,"Hernandez, Hunter",True,32,6,17,0.353,1,5,0.2,7,9,0.778,0,2,2,2,2,0,0,1,20
2024-11-21_penn_uc_irvine,UC Irvine,21,"Williams, Olivia",True,27,3,11,0.273,2,6,0.333,0,0,,0,1,1,2,1,0,1,1,8
2024-11-21_penn_uc_irvine,UC Irvine,13,"Lee, Déja",True,39,2,7,0.286,1,3,0.333,1,2,0.5,0,4,4,2,4,2,0,3,6
2024-11-21_penn_uc_irvine,UC Irvine,24,"Dean, Nevaeh",True,32,2,7,0.286,0,2,0.0,0,0,,3,6,9,3,3,1,1,0,4
2024-11-21_penn_uc_irvine,UC Irvine,3,"Tom, Nikki",True,30,1,3,0.333,0,0,,0,2,0.0,5,3,8,1,2,4,0,2,2
2024-11-21_penn_uc_irvine,UC Irvine,14,"Hanson, Summah",False,21,7,13,0.538,1,4,0.25,5,6,0.833,2,8,10,2,0,2,0,0,20
2024-11-21_penn_uc_irvine,UC Irvine,12,"Nahum, Shirel",False,17,2,3,0.667,1,1,1.0,0,0,,2,1,3,3,0,1,0,1,5
2024-11-21_penn_uc_irvine,UC Irvine,9,"Falcon Hernandez, Daniela",False,3,1,2,0.5,0,0,,1,2,0.5,0,1,1,1,0,0,0,0,3
2024-11-21_penn_uc_irvine,UC Irvine,11,"Scharpf, Amelia",False,14,1,4,0.25,0,0,,0,0,,2,0,2,0,3,1,0,0,2
2024-11-21_penn_uc_irvine,UC Irvine,22,"Djoko, Clara",False,2,1,1,1.0,0,0,,0,0,,1,0,1,0,0,0,0,0,2
2024-11-21_penn_uc_irvine,UC Irvine,1,"Brooks, Jaida",False,8,0,0,,0,0,,0,0,,0,1,1,2,0,0,0,0,0
2024-11-21_penn_uc_irvine,UC Irvine,TM,TEAM,False,0,0,0,,0,0,,0,0,,0,4,4,0,0,1,0,0,0
2024-11-21_penn_uc_irvine,Penn,25,"Collins, Katie",True,42,7,15,0.467,2,6,0.333,2,2,1.0,1,6,7,2,2,2,2,2,18
2024-11-21_penn_uc_irvine,Penn,5,"Almqvist, Stina",True,44,6,17,0.353,1,4,0.25,4,8,0.5,4,5,9,5,3,5,0,0,17
2024-11-21_penn_uc_irvine,Penn,22,"Gayle, Mataya",True,39,3,7,0.429,2,4,0.5,1,2,0.5,3,1,4,4,8,2,0,2,9
2024-11-21_penn_uc_irvine,Penn,8,"Miller, Sarah",True,25,2,7,0.286,2,6,0.333,0,0,,2,1,3,0,0,0,0,2,6
2024-11-21_penn_uc_irvine,Penn,11,"Sawyer, Simone",True,12,1,5,0.2,1,3,0.333,0,0,,0,1,1,3,1,1,0,0,3
2024-11-21_penn_uc_irvine,Penn,00,"Tambe, Ashna",False,20,3,7,0.429,3,6,0.5,1,2,0.5,0,3,3,1,0,1,0,0,10
2024-11-21_penn_uc_irvine,Penn,4,"Caldwell, Saniah",False,31,1,6,0.167,1,5,0.2,0,0,,0,3,3,1,5,2,1,0,3
2024-11-21_penn_uc_irvine,Penn,10,"Njike, Tina",False,5,0,1,0.0,0,0,,2,2,1.0,2,3,5,1,0,0,0,0,2
2024-11-21_penn_uc_irvine,Penn,20,"Sharpe, Abby",False,5,0,3,0.0,0,2,0.0,0,0,,1,0,1,0,0,0,0,0,0
2024-11-21_penn_uc_irvine,Penn,32,"Groetsch, Lizzy",False,2,0,0,,0,0,,0,0,,0,0,0,0,0,0,0,1,0
2024-11-21_penn_uc_irvine,Penn,TM,TEAM,False,0,0,0,,0,0,,0,0,,3,6,9,0,0,0,0,0,0
2024-11-21_uc_santa_barbara_cal_lutheran,Cal Lutheran,41,"Mack, Kaiya",True,22,6,10,0.6,3,5,0.6,4,5,0.8,0,2,2,1,1,2,0,0,19
2024-11-21_uc_santa_barbara_cal_lutheran,Cal Lutheran,22,"Holley, Janna",True,22,5,9,0.556,1,2,0.5,3,4,0.75,1,0,1,1,1,2,0,1,14
2024-11-21_uc_santa_barbara_cal_lutheran,Cal Lutheran,21,"Ballard, Alline",True,22,2,5,0.4,0,1,0.0,4,6,0.667,0,4,4,3,0,1,0,1,8
2024-11-21_uc_santa_barbara_cal_lutheran,Cal Lutheran,30,"DiMuro, Aliya",True,18,0,2,0.0,0,0,,0,0,,1,2,3,2,0,1,1,0,0
2024-11-21_uc_santa_barbara_cal_lutheran,Cal Lutheran,11,"Mills, Sara",True,15,0,4,0.0,0,4,0.0,0,0,,0,3,3,0,1,4,0,0,0
2024-11-21_uc_santa_barbara_cal_lutheran,Cal Lutheran,00,"Charles, Amaya",False,8,2,4,0.5,1,2,0.5,0,0,,0,0,0,1,1,0,0,0,5
2024-11-21_uc_santa_barbara_cal_lutheran,Cal Lutheran,33,"Kimble-Gray, Delilah",False,8,0,2,0.0,0,0,,4,4,1.0,0,1,1,1,1,3,0,1,4
2024-11-21_uc_santa_barbara_cal_lutheran,Cal Lutheran,10,"Greenwood, Alexa",False,11,1,1,1.0,0,0,,0,0,,0,1,1,3,0,0,0,0,2
2024-11-21_uc_santa_barbara_cal_lutheran,Cal Lutheran,24,"Broughton, Deanna",False,10,1,2,0.5,0,0,,0,0,,0,1,1,1,0,0,0,0,2
2024-11-21_uc_santa_barbara_cal_lutheran,Cal Lutheran,01,"Ong, Genessa",False,6,0,1,0.0,0,1,0.0,2,2,1.0,0,0,0,0,0,0,0,0,2
2024-11-21_uc_santa_barbara_cal_lutheran,Cal Lutheran,34,"Carson, Lilyahna",False,2,0,0,,0,0,,2,2,1.0,2,0,2,0,0,1,0,0,2
2024-11-21_uc_santa_barbara_cal_lutheran,Cal Lutheran,25,"Villamor, Natalie",False,12,0,3,0.0,0,3,0.0,1,2,0.5,0,0,0,1,0,0,0,0,1
2024-11-21_uc_santa_barbara_cal_lutheran,Cal Lutheran,05,"McMillan, Karina",False,11,0,3,0.0,0,1,0.0,1,2,0.5,0,1,1,1,1,1,1,0,1
2024-11-21_uc_santa_barbara_cal_lutheran,Cal Lutheran,12,"Heyn, Sydney",False,10,0,1,0.0,0,1,0.0,0,0,,0,0,0,1,0,1,0,1,0
2024-11-21_uc_santa_barbara_cal_lutheran,Cal Lutheran,04,"Berry, Devyn",False,7,0,0,,0,0,,0,0,,0,0,0,0,1,0,0,0,0
2024-11-21_uc_santa_barbara_cal_lutheran,Cal Lutheran,23,"Brackett, Alana",False,7,0,1,0.0,0,0,,0,0,,1,0,1,0,0,1,0,0,0
2024-11-21_uc_santa_barbara_cal_lutheran,Cal Lutheran,03,"Godfrey, AL'ynnay",False,3,0,0,,0,0,,0,0,,0,0,0,1,0,0,0,0,0
2024-11-21_uc_santa_barbara_cal_lutheran,Cal Lutheran,13,"Sherman, Anna",False,2,0,0,,0,0,,0,0,,0,0,0,0,0,0,0,0,0
2024-11-21_uc_santa_barbara_cal_lutheran,Cal Lutheran,20,"Favazzo, Isabella",False,2,0,0,,0,0,,0,0,,0,0,0,0,0,0,0,0,0
2024-11-21_uc_santa_barbara_cal_lutheran,Cal Lutheran,32,"Harding, Makayla",False,2,0,1,0.0,0,1,0.0,0,0,,0,1,1,0,0,0,0,0,0
2024-11-21_uc_santa_barbara_cal_lutheran,Cal Lutheran,TM,TEAM,False,0,0,0,,0,0,,0,0,,0,2,2,0,0,0,0,0,0
2024-11-21_uc_santa_barbara_cal_lutheran,UC Santa Barbara,03,"Marin, Alyssa",True,21,5,11,0.455,4,9,0.444,5,5,1.0,0,1,1,1,1,1,0,1,19
2024-11-21_uc_santa_barbara_cal_lutheran,UC Santa Barbara,02,"Borter, Zoe",True,23,5,9,0.556,3,7,0.429,2,2,1.0,1,1,2,2,3,3,0,1,15
2024-11-21_uc_santa_barbara_cal_lutheran,UC Santa Barbara,10,"Choice, Anya",True,21,3,7,0.429,1,4,0.25,4,5,0.8,0,1,1,5,2,0,0,1,11
2024-11-21_uc_santa_barbara_cal_lutheran,UC Santa Barbara,55,"Burke, Skylar",True,27,3,8,0.375,0,2,0.0,2,2,1.0,3,3,6,2,5,1,0,2,8
2024-11-21_uc_santa_barbara_cal_lutheran,UC Santa Barbara,20,"Rockwood, Laurel",True,13,1,1,1.0,0,0,,0,0,,3,4,7,4,1,1,0,0,2
2024-11-21_uc_santa_barbara_cal_lutheran,UC Santa Barbara,14,"Coon, Kanani",False,17,4,5,0.8,2,2,1.0,0,0,,0,4,4,1,2,0,0,0,10
2024-11-21_uc_santa_barbara_cal_lutheran,UC Santa Barbara,13,"Goed, Flora",False,22,4,6,0.667,0,0,,1,2,0.5,3,1,4,3,0,2,0,0,9
2024-11-21_uc_santa_barbara_cal_lutheran,UC Santa Barbara,32,"Grant, Jessica",False,18,3,6,0.5,3,6,0.5,0,0,,1,2,3,3,4,1,0,0,9
2024-11-21_uc_santa_barbara_cal_lutheran,UC Santa Barbara,31,"Pietsch, Martha",False,8,2,2,1.0,2,2,1.0,0,0,,0,2,2,2,2,0,0,2,6
2024-11-21_uc_santa_barbara_cal_lutheran,UC Santa Barbara,24,"Ranjitkar, Arshiya",False,14,2,8,0.25,0,1,0.0,1,2,0.5,1,3,4,1,2,2,0,0,5
2024-11-21_uc_santa_barbara_cal_lutheran,UC Santa Barbara,11,"Williams, Cayla",False,12,0,2,0.0,0,2,0.0,2,2,1.0,1,3,4,1,1,1,0,0,2
2024-11-21_uc_santa_barbara_cal_lutheran,UC Santa Barbara,21,"Eberts, Karena",False,2,0,0,,0,0,,0,0,,0,0,0,1,0,0,0,0,0
2024-11-21_uc_santa_barbara_cal_lutheran,UC Santa Barbara,35,"Mastora, Malani",False,2,0,1,0.0,0,1,0.0,0,0,,0,1,1,0,0,0,0,0,0
2024-11-21_uc_santa_barbara_cal_lutheran,UC Santa Barbara,TM,TEAM,False,0,0,0,,0,0,,0,0,,3,4,7,0,0,0,0,0,0
2024-11-21_washington_cal_st_fullerton,Cal St. Fullerton,10,"Lagway, Demonnie",True,29,6,13,0.462,1,2,0.5,0,0,,3,4,7,2,2,1,0,0,13
2024-11-21_washington_cal_st_fullerton,Cal St. Fullerton,12,"Levingston, Eva",True,40,5,8,0.625,0,0,,0,0,,0,7,7,5,1,3,0,1,10
2024-11-21_washington_cal_st_fullerton,Cal St. Fullerton,13,"Hernandez, Aixchel",True,40,5,10,0.5,0,0,,0,0,,1,2,3,2,4,1,3,2,10
2024-11-21_washington_cal_st_fullerton,Cal St. Fullerton,24,"Stanton, Aaliyah",True,29,3,9,0.333,0,1,0.0,3,4,0.75,1,1,2,3,2,5,0,1,9
2024-11-21_washington_cal_st_fullerton,Cal St. Fullerton,23,"Strachan, Emily",True,26,0,6,0.0,0,0,,2,2,1.0,0,0,0,3,2,2,1,1,2
2024-11-21_washington_cal_st_fullerton,Cal St. Fullerton,22,"Muniz, Madelynn",False,25,3,7,0.429,1,4,0.25,0,0,,0,2,2,0,1,0,0,0,7
2024-11-21_washington_cal_st_fullerton,Cal St. Fullerton,04,"Falsdottir, Jana",False,11,2,5,0.4,2,2,1.0,1,2,0.5,2,1,3,1,0,1,0,1,7
2024-11-21_washington_cal_st_fullerton,Cal St. Fullerton,TM,TEAM,False,0,0,0,,0,0,,0,0,,1,0,1,0,0,0,0,0,0
2024-11-21_washington_cal_st_fullerton,Washington,24,"Ladine, Elle",True,33,8,18,0.444,1,5,0.2,3,4,0.75,3,4,7,1,1,2,0,0,20
2024-11-21_washington_cal_st_fullerton,Washington,00,"Sellers, Sayvia",True,22,4,7,0.571,0,0,,1,2,0.5,0,4,4,4,1,4,0,1,9
2024-11-21_washington_cal_st_fullerton,Washington,14,"Daniels, Dalayah",True,36,3,9,0.333,0,2,0.0,2,5,0.4,5,4,9,2,5,3,2,0,8
2024-11-21_washington_cal_st_fullerton,Washington,01,"Stines, Hannah",True,28,3,9,0.333,1,6,0.167,0,0,,1,5,6,2,1,1,0,0,7
2024-11-21_washington_cal_st_fullerton,Washington,32,"Eke, Tayra",True,13,0,1,0.0,0,0,,0,0,,2,2,4,1,0,5,0,0,0
2024-11-21_washington_cal_st_fullerton,Washington,03,"Coppinger, Devin",False,24,2,6,0.333,2,4,0.5,2,2,1.0,2,0,2,2,0,2,0,1,8
2024-11-21_washington_cal_st_fullerton,Washington,22,"Gillmer, Shayla",False,12,2,5,0.4,1,3,0.333,0,0,,2,0,2,0,0,1,0,0,5
2024-11-21_washington_cal_st_fullerton,Washington,05,"Brown, Teagan",False,7,1,1,1.0,1,1,1.0,0,0,,1,0,1,1,1,0,1,0,3
2024-11-21_washington_cal_st_fullerton,Washington,20,"McDonald, Brenna",False,17,1,2,0.5,0,0,,0,0,,1,3,4,2,1,0,0,0,2
2024-11-21_washington_cal_st_fullerton,Washington,11,"Briggs, Chloe",False,8,0,1,0.0,0,0,,0,0,,0,1,1,2,0,1,0,0,0
2024-11-21_washington_cal_st_fullerton,Washington,TM,TEAM,False,0,0,0,,0,0,,0,0,,0,2,2,0,0,0,0,0,0
2024-11-22_hawaii_ulm,ULM,03,"Johnson, Jakayla",True,36,6,17,0.353,4,11,0.364,9,10,0.9,0,1,1,3,1,5,0,1,25
2024-11-22_hawaii_ulm,ULM,33,"Thames, Meloney",True,23,6,11,0.545,1,4,0.25,3,5,0.6,0,0,0,5,0,1,0,1,16
2024-11-22_hawaii_ulm,ULM,02,"Valentine, Nya",True,38,1,9,0.111,1,7,0.143,4,4,1.0,0,1,1,1,5,2,0,2,7
2024-11-22_hawaii_ulm,ULM,21,"Manuel, Katlyn",True,33,3,5,0.6,0,0,,1,1,1.0,0,6,6,2,0,0,0,0,7
2024-11-22_hawaii_ulm,ULM,22,"White, Sakyia",True,23,1,6,0.167,0,1,0.0,1,2,0.5,1,7,8,1,1,3,0,0,3
2024-11-22_hawaii_ulm,ULM,12,"Walker, Laila",False,23,0,3,0.0,0,0,,4,4,1.0,4,7,11,1,0,1,0,1,4
2024-11-22_hawaii_ulm,ULM,23,"Downs, Cianté",False,16,1,1,1.0,0,0,,0,0,,2,2,4,5,0,0,0,1,2
2024-11-22_hawaii_ulm,ULM,06,"Gray, Brikayla",False,8,0,0,,0,0,,0,0,,0,0,0,0,0,0,0,0,0
2024-11-22_hawaii_ulm,ULM,TM,TEAM,False,0,0,0,,0,0,,0,0,,2,3,5,0,0,1,0,0,0
2024-11-22_hawaii_ulm,Hawaii,03,"Wahinekapu, Lily",True,29,7,12,0.583,3,6,0.5,3,8,0.375,0,5,5,1,5,2,0,0,20
2024-11-22_hawaii_ulm,Hawaii,15,"Phillips, Daejah",True,33,6,12,0.5,1,4,0.25,0,2,0.0,2,0,2,3,6,2,0,2,13
2024-11-22_hawaii_ulm,Hawaii,24,"Tamilo, Ritorya",True,28,6,8,0.75,0,0,,0,2,0.0,1,7,8,1,0,3,5,3,12
2024-11-22_hawaii_ulm,Hawaii,12,"Perez, Imani",True,27,2,6,0.333,2,4,0.5,2,2,1.0,0,3,3,4,0,1,1,1,8
2024-11-22_hawaii_ulm,Hawaii,23,"McBee, MeiLani",True,29,2,6,0.333,0,2,0.0,2,2,1.0,2,4,6,1,2,1,0,0,6
2024-11-22_hawaii_ulm,Hawaii,14,"Rewers, Brooklyn",False,8,2,2,1.0,0,0,,0,0,,1,1,2,2,0,1,0,0,4
2024-11-22_hawaii_ulm,Hawaii,22,"Peacock, Jade",False,11,1,1,1.0,1,1,1.0,0,0,,1,0,1,3,0,0,0,1,3
2024-11-22_hawaii_ulm,Hawaii,04,"Lefotu, Jovi",False,12,1,4,0.25,0,1,0.0,0,0,,0,0,0,3,0,0,0,0,2
2024-11-22_hawaii_ulm,Hawaii,02,"'Uhila, Mia",False,3,0,0,,0,0,,1,2,0.5,0,0,0,2,1,0,0,0,1
2024-11-22_hawaii_ulm,Hawaii,01,"Imai, Kelsie",False,10,0,2,0.0,0,0,,0,0,,0,1,1,1,1,1,0,1,0
2024-11-22_hawaii_ulm,Hawaii,10,"Kujovic, Danijela",False,6,0,0,,0,0,,0,0,,0,0,0,2,2,0,0,0,0
2024-11-22_hawaii_ulm,Hawaii,08,"Moors, Rebecca",False,4,0,1,0.0,0,1,0.0,0,0,,0,0,0,0,0,1,0,0,0
2024-11-22_hawaii_ulm,Hawaii,TM,TEAM,False,0,0,0,,0,0,,0,0,,0,4,4,0,0,2,0,0,0
2024-11-22_air_force_uc_san_diego,UC San Diego,22,"Gallegos, Gracie",True,43,8,11,0.727,0,1,0.0,0,1,0.0,1,8,9,2,1,4,3,0,16
2024-11-22_air_force_uc_san_diego,UC San Diego,24,"Spriggs, Kayanna",True,34,3,3,1.0,0,0,,9,11,0.818,3,6,9,2,0,3,0,1,15
2024-11-22_air_force_uc_san_diego,UC San Diego,15,"Ma, Sabrina",True,40,3,9,0.333,2,5,0.4,2,2,1.0,1,4,5,4,0,4,1,4,10
2024-11-22_air_force_uc_san_diego,UC San Diego,03,"Sugapong, Sumayah",True,42,3,13,0.231,0,4,0.0,2,2,1.0,0,8,8,3,5,7,0,1,8
2024-11-22_air_force_uc_san_diego,UC San Diego,21,"Polocheck, Nicki",True,29,0,5,0.0,0,4,0.0,1,2,0.5,0,3,3,2,0,2,0,3,1
2024-11-22_air_force_uc_san_diego,UC San Diego,12,"Smith, Rosa",False,18,3,4,0.75,2,2,1.0,0,0,,0,1,1,4,0,4,0,2,8
2024-11-22_air_force_uc_san_diego,UC San Diego,33,"Svoboda, Emma",False,11,3,4,0.75,0,0,,0,0,,1,1,2,1,1,1,0,0,6
2024-11-22_air_force_uc_san_diego,UC San Diego,23,"Blithikioti, Eri",False,5,0,0,,0,0,,0,0,,0,0,0,0,2,2,0,0,0
2024-11-22_air_force_uc_san_diego,UC San Diego,32,"Montgomery, Parker",False,3,0,1,0.0,0,1,0.0,0,0,,0,1,1,1,0,0,0,0,0
2024-11-22_air_force_uc_san_diego,UC San Diego,05,"Louther, Gabby",False,,0,0,,0,0,,0,0,,0,0,0,0,0,0,0,0,0
2024-11-22_air_force_uc_san_diego,UC San Diego,TM,TEAM,False,0,0,0,,0,0,,0,0,,3,2,5,0,0,2,0,0,0
2024-11-22_air_force_uc_san_diego,Air Force,10,"McNabb, Jayda",True,37,8,9,0.889,1,1,1.0,0,1,0.0,7,3,10,3,1,2,1,3,17
2024-11-22_air_force_uc_san_diego,Air Force,02,"Perry, Milahnie",True,37,4,15,0.267,0,2,0.0,7,10,0.7,1,2,3,2,3,3,1,1,15
2024-11-22_air_force_uc_san_diego,Air Force,04,"Smith, Madison",True,29,3,11,0.273,2,7,0.286,4,4,1.0,1,6,7,5,0,3,0,4,12
2024-11-22_air_force_uc_san_diego,Air Force,40,"Huntimer, Jo",True,35,2,5,0.4,2,5,0.4,0,0,,0,3,3,1,3,1,0,5,6
2024-11-22_air_force_uc_san_diego,Air Force,01,"Cortez, Alexis",True,31,1,5,0.2,0,2,0.0,2,2,1.0,1,1,2,3,1,3,0,2,4
2024-11-22_air_force_uc_san_diego,Air Force,13,"O'Hollaren, Keelie",False,23,3,14,0.214,1,8,0.125,1,2,0.5,0,2,2,3,0,3,0,1,8
2024-11-22_air_force_uc_san_diego,Air Force,00,"DeVaughn, Jordyn",False,7,1,2,0.5,0,1,0.0,1,2,0.5,0,0,0,0,0,1,0,1,3
2024-11-22_air_force_uc_san_diego,Air Force,31,"Adams, Emily",False,22,1,5,0.2,0,0,,0,0,,1,1,2,0,1,0,0,1,2
2024-11-22_air_force_uc_san_diego,Air Force,25,"Lytle, Emma",False,4,0,2,0.0,0,2,0.0,0,0,,0,0,0,1,0,0,0,0,0
2024-11-22_air_force_uc_san_diego,Air Force,TM,TEAM,False,0,0,0,,0,0,,0,0,,2,3,5,0,0,1,0,0,0
2024-11-22_toledo_long_beach_st,Long Beach St.,3,"Chung, Patricia",True,39,5,9,0.556,3,4,0.75,4,4,1.0,1,4,5,1,1,3,0,1,17
2024-11-22_toledo_long_beach_st,Long Beach St.,2,"Tucker, Savannah",True,40,4,9,0.444,2,5,0.4,3,6,0.5,1,2,3,2,3,5,0,0,13
2024-11-22_toledo_long_beach_st,Long Beach St.,1,"Sonnier, Lovely",True,25,4,7,0.571,0,1,0.0,1,1,1.0,1,2,3,5,0,4,0,0,9
2024-11-22_toledo_long_beach_st,Long Beach St.,11,"Loobie, Rachel",True,21,2,5,0.4,0,1,0.0,2,4,0.5,2,2,4,3,3,0,1,2,6
2024-11-22_toledo_long_beach_st,Long Beach St.,22,"Richards, Mykelle",True,18,2,5,0.4,0,0,,1,2,0.5,1,0,1,5,0,0,0,1,5
2024-11-22_toledo_long_beach_st,Long Beach St.,12,"Crawshaw, Jada",False,19,6,13,0.462,0,0,,4,6,0.667,3,2,5,4,0,5,0,1,16
2024-11-22_toledo_long_beach_st,Long Beach St.,30,"Jones-brown, Jaquoia",False,22,2,7,0.286,0,0,,1,2,0.5,1,6,7,3,2,1,0,1,5
2024-11-22_toledo_long_beach_st,Long Beach St.,42,"Oliva Fernandez, Judit",False,14,0,4,0.0,0,2,0.0,1,2,0.5,2,1,3,0,2,1,0,0,1
2024-11-22_toledo_long_beach_st,Long Beach St.,33,"Wright, Haley",False,2,0,0,,0,0,,0,0,,0,0,0,0,0,0,0,0,0
2024-11-22_toledo_long_beach_st,Long Beach St.,21,"Brice, Brelynn",False,0,0,0,,0,0,,0,0,,0,0,0,1,0,0,0,0,0
2024-11-22_toledo_long_beach_st,Long Beach St.,TM,TEAM,False,0,0,0,,0,0,,0,0,,4,0,4,0,0,1,0,0,0
2024-11-22_toledo_long_beach_st,Toledo,4,"Carruthers, Kendall",True,35,7,9,0.778,4,4,1.0,1,2,0.5,0,1,1,3,6,1,0,1,19
2024-11-22_toledo_long_beach_st,Toledo,14,"Dykstra, Cadence",True,31,4,4,1.0,0,0,,5,6,0.833,0,3,3,2,7,0,0,1,13
2024-11-22_toledo_long_beach_st,Toledo,22,"Goss, Khera",True,32,4,9,0.444,3,5,0.6,1,2,0.5,2,3,5,3,5,3,1,2,12
2024-11-22_toledo_long_beach_st,Toledo,33,"Mikonowicz, Sammi",True,25,2,5,0.4,0,0,,2,2,1.0,1,1,2,4,1,4,0,1,6
2024-11-22_toledo_long_beach_st,Toledo,34,"Cook, Jessica",True,8,1,1,1.0,0,0,,0,0,,0,2,2,3,0,2,0,0,2
2024-11-22_toledo_long_beach_st,Toledo,1,"Garcia, Nan",False,18,5,9,0.556,2,4,0.5,2,4,0.5,1,4,5,3,0,1,0,0,14
2024-11-22_toledo_long_beach_st,Toledo,51,"Noveroske, Hannah",False,13,4,7,0.571,0,0,,0,0,,0,3,3,4,0,2,0,1,8
2024-11-22_toledo_long_beach_st,Toledo,12,"Weaver, Ella",False,19,1,6,0.167,1,6,0.167,0,0,,0,0,0,2,0,1,0,2,3
2024-11-22_toledo_long_beach_st,Toledo,10,"Cole, Evalyse",False,1,0,0,,0,0,,2,2,1.0,1,0,1,0,0,0,0,0,2
2024-11-22_toledo_long_beach_st,Toledo,23,"Braden, Kendall",False,10,0,2,0.0,0,1,0.0,0,0,,0,3,3,0,0,2,0,0,0
2024-11-22_toledo_long_beach_st,Toledo,2,"Fedd-robinson, Faith",False,5,0,0,,0,0,,0,0,,0,0,0,3,1,3,1,0,0
2024-11-22_toledo_long_beach_st,Toledo,11,"Robinson, Destiny",False,3,0,1,0.0,0,1,0.0,0,0,,0,1,1,0,0,0,0,0,0
2024-11-22_toledo_long_beach_st,Toledo,TM,TEAM,False,0,0,0,,0,0,,0,0,,2,2,4,0,0,1,0,0,0
2024-11-22_fresno_st_csun,CSUN,25,"Aspajo, Erika",True,33,5,13,0.385,0,3,0.0,4,4,1.0,0,3,3,5,4,5,0,3,14
2024-11-22_fresno_st_csun,CSUN,20,"Adams, Erica",True,31,3,9,0.333,1,2,0.5,4,4,1.0,1,2,3,1,1,4,1,1,11
2024-11-22_fresno_st_csun,CSUN,3,"Tumlin, Kelly",True,31,2,8,0.25,1,7,0.143,3,3,1.0,1,0,1,2,1,1,0,3,8
2024-11-22_fresno_st_csun,CSUN,4,"Edwards, Morgan",True,30,3,6,0.5,1,2,0.5,1,2,0.5,1,1,2,5,1,2,0,2,8
2024-11-22_fresno_st_csun,CSUN,14,"Orji, Nnenna",True,14,2,5,0.4,0,0,,1,2,0.5,0,3,3,5,0,2,0,0,5
2024-11-22_fresno_st_csun,CSUN,21,"Marshall, Karsen",False,10,4,6,0.667,4,6,0.667,0,0,,0,1,1,1,0,1,0,1,12
2024-11-22_fresno_st_csun,CSUN,00,"Kilty, Jenna",False,8,1,2,0.5,1,2,0.5,2,2,1.0,0,0,0,1,1,1,0,0,5
2024-11-22_fresno_st_csun,CSUN,5,"Cox, Yves",False,19,2,5,0.4,0,0,,0,1,0.0,2,3,5,4,0,2,0,0,4
2024-11-22_fresno_st_csun,CSUN,10,"Lizama, Alondra",False,8,2,2,1.0,0,0,,0,1,0.0,1,2,3,1,1,1,0,0,4
2024-11-22_fresno_st_csun,CSUN,22,"Dahlin, Laini",False,16,0,2,0.0,0,0,,2,4,0.5,3,1,4,2,0,0,0,1,2
2024-11-22_fresno_st_csun,CSUN,TM,TEAM,False,0,0,0,,0,0,,0,0,,1,0,1,0,0,1,0,0,0
2024-11-22_fresno_st_csun,Fresno St.,2,"Elohim, Mariah",True,30,9,16,0.562,5,9,0.556,0,0,,0,1,1,0,2,3,0,1,23
2024-11-22_fresno_st_csun,Fresno St.,23,"Jacobs, Mia",True,28,3,7,0.429,1,4,0.25,10,11,0.909,3,9,12,2,4,3,1,1,17
2024-11-22_fresno_st_csun,Fresno St.,13,"Konstantinidou, Maria",True,17,4,10,0.4,1,2,0.5,0,0,,1,2,3,3,1,1,0,1,9
2024-11-22_fresno_st_csun,Fresno St.,7,"Ukkonen, Saga",True,30,2,6,0.333,2,4,0.5,1,2,0.5,1,3,4,1,4,4,0,1,7
2024-11-22_fresno_st_csun,Fresno St.,30,"Fox, Kylee",True,30,1,6,0.167,1,5,0.2,2,2,1.0,0,5,5,1,4,2,1,0,5
2024-11-22_fresno_st_csun,Fresno St.,3,"Powell, Danae",False,15,2,3,0.667,2,3,0.667,2,4,0.5,1,0,1,0,1,2,1,0,8
2024-11-22_fresno_st_csun,Fresno St.,8,"Griffiths, Holly",False,9,2,4,0.5,0,2,0.0,4,4,1.0,0,1,1,3,0,0,0,0,8
2024-11-22_fresno_st_csun,Fresno St.,11,"Lesueur, Malaya",False,9,2,3,0.667,1,1,1.0,0,0,,1,0,1,1,3,2,0,0,5
2024-11-22_fresno_st_csun,Fresno St.,15,"Amundsen, Laney",False,9,1,1,1.0,0,0,,2,2,1.0,2,0,2,3,2,1,0,0,4
2024-11-22_fresno_st_csun,Fresno St.,10,"Chatfield, Alannah",False,3,1,1,1.0,1,1,1.0,0,0,,0,0,0,0,0,0,0,0,3
2024-11-22_fresno_st_csun,Fresno St.,12,"Watkins, Avery",False,7,0,1,0.0,0,1,0.0,1,4,0.25,2,0,2,1,0,0,1,0,1
2024-11-22_fresno_st_csun,Fresno St.,20,"Williams, Rayna",False,13,0,1,0.0,0,0,,0,0,,1,2,3,0,0,2,1,0,0
2024-11-22_fresno_st_csun,Fresno St.,TM,TEAM,False,0,0,0,,0,0,,0,0,,0,1,1,0,0,0,0,0,0
2024-11-22_csu_bakersfield_san_diego_st,San Diego St.,21,"Martinez, Nat",True,28,4,7,0.571,3,6,0.5,2,2,1.0,0,3,3,2,3,0,0,1,13
2024-11-22_csu_bakersfield_san_diego_st,San Diego St.,31,"Clark, Cali",True,19,5,10,0.5,1,2,0.5,1,2,0.5,9,7,16,2,1,1,0,2,12
2024-11-22_csu_bakersfield_san_diego_st,San Diego St.,01,"Houpt, Erin",True,20,3,7,0.429,3,6,0.5,2,2,1.0,0,2,2,0,1,1,0,2,11
2024-11-22_csu_bakersfield_san_diego_st,San Diego St.,23,"Villalobos, Kim",True,22,5,7,0.714,0,0,,0,4,0.0,0,5,5,1,4,1,1,5,10
2024-11-22_csu_bakersfield_san_diego_st,San Diego St.,04,"Sheffey, Veronica",True,20,2,7,0.286,0,2,0.0,0,0,,0,3,3,2,2,6,0,2,4
2024-11-22_csu_bakersfield_san_diego_st,San Diego St.,11,"Green, Jazlen",False,21,6,9,0.667,3,3,1.0,0,0,,3,3,6,1,1,1,1,2,15
2024-11-22_csu_bakersfield_san_diego_st,San Diego St.,24,"Panganiban, Naomi",False,23,3,8,0.375,2,6,0.333,1,1,1.0,0,1,1,0,3,0,0,0,9
2024-11-22_csu_bakersfield_san_diego_st,San Diego St.,12,"Hamilton, Kaelyn",False,20,3,6,0.5,0,2,0.0,2,2,1.0,1,2,3,1,2,2,0,0,8
2024-11-22_csu_bakersfield_san_diego_st,San Diego St.,20,"Barnhard, Bailey",False,19,3,4,0.75,0,0,,0,1,0.0,3,3,6,1,1,1,0,0,6
2024-11-22_csu_bakersfield_san_diego_st,San Diego St.,22,"Grizelj, Natalija",False,5,0,2,0.0,0,2,0.0,0,0,,0,0,0,0,0,0,0,0,0
2024-11-22_csu_bakersfield_san_diego_st,San Diego St.,02,"Chen, Ellie",False,3,0,1,0.0,0,0,,0,0,,0,0,0,0,0,0,0,0,0
2024-11-22_csu_bakersfield_san_diego_st,San Diego St.,TM,TEAM,False,0,0,0,,0,0,,0,0,,3,2,5,0,0,1,0,0,0
2024-11-22_csu_bakersfield_san_diego_st,CSU Bakersfield,20,"Secchiaroli, Melissa",True,23,3,10,0.3,0,5,0.0,1,1,1.0,1,3,4,3,1,1,0,1,7
2024-11-22_csu_bakersfield_san_diego_st,CSU Bakersfield,30,"Dioli, Alli",True,36,2,12,0.167,2,9,0.222,0,0,,3,2,5,2,1,0,0,1,6
2024-11-22_csu_bakersfield_san_diego_st,CSU Bakersfield,04,"Dizon, Ary",True,20,3,8,0.375,0,1,0.0,0,0,,1,1,2,2,0,3,2,0,6
2024-11-22_csu_bakersfield_san_diego_st,CSU Bakersfield,32,"Freeman, Garrisen",True,20,1,4,0.25,0,0,,0,0,,1,1,2,0,1,1,0,2,2
2024-11-22_csu_bakersfield_san_diego_st,CSU Bakersfield,11,"Caldwell, Taylor",True,27,0,1,0.0,0,0,,0,0,,0,2,2,0,2,3,0,1,0
2024-11-22_csu_bakersfield_san_diego_st,CSU Bakersfield,34,"Forney, Cheyenne",False,14,4,6,0.667,0,0,,0,0,,3,0,3,3,0,2,0,1,8
2024-11-22_csu_bakersfield_san_diego_st,CSU Bakersfield,42,"Tse, Allysan",False,21,2,6,0.333,1,4,0.25,0,0,,0,1,1,0,0,2,0,0,5
2024-11-22_csu_bakersfield_san_diego_st,CSU Bakersfield,55,"Slocum, Trinity",False,14,2,6,0.333,1,3,0.333,0,0,,0,3,3,1,1,2,0,1,5
2024-11-22_csu_bakersfield_san_diego_st,CSU Bakersfield,21,"Tse, Dylan",False,16,1,4,0.25,1,3,0.333,1,2,0.5,0,1,1,1,0,1,0,1,4
2024-11-22_csu_bakersfield_san_diego_st,CSU Bakersfield,08,"Langi, Marley",False,9,1,2,0.5,1,1,1.0,0,0,,0,1,1,1,1,3,0,0,3
2024-11-22_csu_bakersfield_san_diego_st,CSU Bakersfield,TM,TEAM,False,0,0,0,,0,0,,0,0,,0,3,3,0,0,1,0,0,0
2024-11-23_cal_poly_idaho,Idaho,4,"Hassmann, Hope",True,35,7,11,0.636,1,2,0.5,0,0,,0,1,1,1,4,2,1,1,15
2024-11-23_cal_poly_idaho,Idaho,45,"Aadland, Jennifer",True,22,6,7,0.857,1,1,1.0,1,2,0.5,3,2,5,4,2,2,0,0,14
2024-11-23_cal_poly_idaho,Idaho,1,"Nelson, Olivia",True,26,4,10,0.4,2,2,1.0,1,2,0.5,2,1,3,3,2,3,0,1,11
2024-11-23_cal_poly_idaho,Idaho,12,"Bukvic, Anja",True,31,3,10,0.3,1,4,0.25,0,0,,0,7,7,0,2,2,0,2,7
2024-11-23_cal_poly_idaho,Idaho,8,"Schweizer, Rosie",True,25,3,6,0.5,0,1,0.0,1,2,0.5,3,6,9,2,1,3,1,1,7
2024-11-23_cal_poly_idaho,Idaho,2,"Brans, Sarah",False,13,3,5,0.6,1,2,0.5,0,0,,0,1,1,1,0,0,0,0,7
2024-11-23_cal_poly_idaho,Idaho,23,"Beatriz Passos Alves da Silva, Ana",False,19,2,4,0.5,1,1,1.0,1,2,0.5,1,4,5,1,1,3,0,0,6
2024-11-23_cal_poly_idaho,Idaho,37,"Pinheiro, Ana",False,6,1,1,1.0,1,1,1.0,0,0,,0,0,0,0,0,2,0,1,3
2024-11-23_cal_poly_idaho,Idaho,21,"Curtis, Mackenzie",False,2,0,0,,0,0,,2,2,1.0,0,0,0,0,0,0,0,0,2
2024-11-23_cal_poly_idaho,Idaho,11,"Carvalho, Vitoria",False,1,1,1,1.0,0,0,,0,0,,1,0,1,2,0,0,0,0,2
2024-11-23_cal_poly_idaho,Idaho,5,"Uriarte, Ella",False,19,0,2,0.0,0,1,0.0,0,0,,0,2,2,3,0,2,0,0,0
2024-11-23_cal_poly_idaho,Idaho,13,"Deaver, Catelyn",False,1,0,0,,0,0,,0,0,,0,0,0,0,1,0,0,0,0
2024-11-23_cal_poly_idaho,Idaho,TM,TEAM,False,0,0,0,,0,0,,0,0,,3,3,6,0,0,1,0,0,0
2024-11-23_cal_poly_idaho,Cal Poly,2,"Shah, Annika",True,29,4,11,0.364,3,6,0.5,3,3,1.0,0,1,1,0,1,0,0,0,14
2024-11-23_cal_poly_idaho,Cal Poly,24,"Carter, Mary",True,24,5,10,0.5,1,3,0.333,2,2,1.0,0,4,4,2,0,2,1,1,13
2024-11-23_cal_poly_idaho,Cal Poly,4,"Lichtie, Sierra",True,31,3,14,0.214,0,5,0.0,1,2,0.5,2,2,4,1,0,3,1,2,7
2024-11-23_cal_poly_idaho,Cal Poly,15,"Bourland, Sydney",True,30,3,9,0.333,0,2,0.0,1,1,1.0,4,2,6,2,3,5,0,1,7
2024-11-23_cal_poly_idaho,Cal Poly,22,"Goosby, Alana",True,22,1,4,0.25,0,0,,0,0,,1,2,3,2,2,0,0,0,2
2024-11-23_cal_poly_idaho,Cal Poly,9,"Perez, Nora",False,22,3,5,0.6,0,1,0.0,3,5,0.6,2,2,4,2,0,1,0,1,9
2024-11-23_cal_poly_idaho,Cal Poly,10,"Richards, Sidney",False,20,0,2,0.0,0,0,,1,2,0.5,1,1,2,4,2,2,0,1,1
2024-11-23_cal_poly_idaho,Cal Poly,14,"Bears, Gillian",False,2,0,0,,0,0,,1,2,0.5,0,0,0,0,0,0,0,0,1
2024-11-23_cal_poly_idaho,Cal Poly,5,"Robinson, Gabby",False,14,0,2,0.0,0,0,,0,0,,0,0,0,0,2,0,1,2,0
2024-11-23_cal_poly_idaho,Cal Poly,23,"Moleón Hidalgo, Ana",False,6,0,0,,0,0,,0,0,,0,0,0,0,0,1,0,0,0
2024-11-23_cal_poly_idaho,Cal Poly,TM,TEAM,False,0,0,0,,0,0,,0,0,,2,2,4,0,0,2,0,0,0
2024-11-24_santa_clara_uc_davis,UC Davis,25,"Norris, Megan",True,32,11,22,0.5,3,6,0.5,5,6,0.833,3,4,7,2,0,4,1,1,30
2024-11-24_santa_clara_uc_davis,UC Davis,14,"Sabel, Tova",True,34,4,15,0.267,2,7,0.286,4,6,0.667,2,2,4,0,1,2,1,2,14
2024-11-24_santa_clara_uc_davis,UC Davis,04,"Epps, Nya",True,28,2,9,0.222,0,3,0.0,4,4,1.0,2,4,6,3,2,0,0,0,8
2024-11-24_santa_clara_uc_davis,UC Davis,33,"Harris, Mazatlan",True,35,2,3,0.667,1,1,1.0,0,2,0.0,3,2,5,5,2,0,0,1,5
2024-11-24_santa_clara_uc_davis,UC Davis,13,"Burns, Sydney",True,29,1,3,0.333,0,1,0.0,0,0,,0,1,1,0,2,2,0,1,2
2024-11-24_santa_clara_uc_davis,UC Davis,09,"Sussex, Avery",False,10,3,4,0.75,2,3,0.667,0,0,,0,1,1,0,3,1,0,0,8
2024-11-24_santa_clara_uc_davis,UC Davis,02,"Bennett, Ryann",False,14,1,3,0.333,1,2,0.5,2,2,1.0,0,4,4,1,1,0,0,0,5
2024-11-24_santa_clara_uc_davis,UC Davis,23,"Baker, Victoria",False,17,1,2,0.5,0,1,0.0,0,0,,0,4,4,3,1,0,0,0,2
2024-11-24_santa_clara_uc_davis,UC Davis,41,"Shine, Bria",False,15,0,3,0.0,0,2,0.0,0,0,,0,1,1,1,2,2,0,0,0
2024-11-24_santa_clara_uc_davis,UC Davis,11,"Glad, Clara",False,11,0,3,0.0,0,2,0.0,0,0,,0,1,1,0,1,0,0,0,0
2024-11-24_santa_clara_uc_davis,UC Davis,TM,TEAM,False,0,0,0,,0,0,,0,0,,2,2,4,0,0,1,0,0,0
2024-11-24_santa_clara_uc_davis,Santa Clara,05,"Pollerd, Olivia",True,43,10,23,0.435,3,9,0.333,0,0,,3,6,9,2,2,4,3,2,23
2024-11-24_santa_clara_uc_davis,Santa Clara,12,"Naro, Madison",True,43,7,12,0.583,3,6,0.5,0,0,,0,4,4,2,1,1,0,0,17
2024-11-24_santa_clara_uc_davis,Santa Clara,00,"Latu, Malia",True,31,2,11,0.182,0,1,0.0,4,4,1.0,2,3,5,5,2,3,0,1,8
2024-11-24_santa_clara_uc_davis,Santa Clara,22,"Rapp, Hannah",True,27,1,3,0.333,1,1,1.0,0,0,,0,6,6,4,4,3,1,2,3
2024-11-24_santa_clara_uc_davis,Santa Clara,10,"Grigoropoulou, Georgia",True,14,1,1,1.0,0,0,,0,0,,2,1,3,3,2,3,0,0,2
2024-11-24_santa_clara_uc_davis,Santa Clara,20,"Ingram, Kaya",False,32,4,8,0.5,0,0,,4,7,0.571,2,2,4,3,4,2,0,1,12
2024-11-24_santa_clara_uc_davis,Santa Clara,04,"Curtis, Mia",False,16,2,6,0.333,0,4,0.0,1,1,1.0,0,1,1,0,0,0,0,0,5
2024-11-24_santa_clara_uc_davis,Santa Clara,11,"Goodchild, Alana",False,19,0,2,0.0,0,1,0.0,0,0,,1,4,5,3,3,0,0,1,0
2024-11-24_santa_clara_uc_davis,Santa Clara,TM,TEAM,False,0,0,0,,0,0,,0,0,,3,2,5,0,0,0,0,0,0
2024-11-24_hawaii_eastern_wash,Eastern Wash.,11,"Howard, Peyton",True,36,5,12,0.417,2,5,0.4,2,4,0.5,1,3,4,2,6,3,0,2,14
2024-11-24_hawaii_eastern_wash,Eastern Wash.,10,"Eggers, Jaecy",True,23,3,9,0.333,1,5,0.2,2,2,1.0,2,4,6,2,1,0,0,1,9
2024-11-24_hawaii_eastern_wash,Eastern Wash.,52,"Hays, Bella",True,22,3,6,0.5,0,0,,0,0,,1,0,1,0,1,0,0,1,6
2024-11-24_hawaii_eastern_wash,Eastern Wash.,02,"Gallatin, Ella",True,15,2,6,0.333,2,5,0.4,0,0,,1,5,6,1,1,0,0,0,6
2024-11-24_hawaii_eastern_wash,Eastern Wash.,05,"Schuler, Breeje",True,20,2,5,0.4,0,1,0.0,0,0,,1,0,1,2,1,4,0,0,4
2024-11-24_hawaii_eastern_wash,Eastern Wash.,01,"Pettis, Alexis",False,26,3,9,0.333,1,1,1.0,2,2,1.0,1,3,4,3,1,1,0,0,9
2024-11-24_hawaii_eastern_wash,Eastern Wash.,22,"Grossman, Kourtney",False,24,2,5,0.4,1,2,0.5,0,0,,0,4,4,3,1,4,1,0,5
2024-11-24_hawaii_eastern_wash,Eastern Wash.,03,"Boni, Ellie",False,29,1,4,0.25,0,1,0.0,0,0,,1,2,3,0,2,2,0,0,2
2024-11-24_hawaii_eastern_wash,Eastern Wash.,12,"Kirk, Paris",False,3,0,2,0.0,0,0,,0,0,,0,1,1,0,0,0,0,0,0
2024-11-24_hawaii_eastern_wash,Eastern Wash.,23,"McElmurry, Emily",False,2,0,0,,0,0,,0,0,,0,0,0,0,0,1,0,0,0
2024-11-24_hawaii_eastern_wash,Eastern Wash.,TM,TEAM,False,0,0,0,,0,0,,0,0,,1,2,3,0,0,1,0,0,0
2024-11-24_hawaii_eastern_wash,Hawaii,23,"McBee, MeiLani",True,30,4,9,0.444,4,7,0.571,0,0,,1,3,4,3,1,0,1,3,12
2024-11-24_hawaii_eastern_wash,Hawaii,12,"Perez, Imani",True,30,5,11,0.455,1,4,0.25,0,0,,1,2,3,1,1,0,1,2,11
2024-11-24_hawaii_eastern_wash,Hawaii,03,"Wahinekapu, Lily",True,25,4,7,0.571,0,2,0.0,1,2,0.5,0,8,8,2,4,1,0,1,9
2024-11-24_hawaii_eastern_wash,Hawaii,24,"Tamilo, Ritorya",True,14,3,6,0.5,0,1,0.0,2,2,1.0,0,0,0,1,0,2,2,0,8
2024-11-24_hawaii_eastern_wash,Hawaii,15,"Phillips, Daejah",True,31,3,7,0.429,0,1,0.0,1,2,0.5,1,0,1,1,2,2,0,3,7
2024-11-24_hawaii_eastern_wash,Hawaii,14,"Rewers, Brooklyn",False,15,3,7,0.429,1,1,1.0,2,2,1.0,1,6,7,0,0,2,2,0,9
2024-11-24_hawaii_eastern_wash,Hawaii,01,"Imai, Kelsie",False,15,1,2,0.5,0,1,0.0,3,4,0.75,0,1,1,0,0,2,0,0,5
2024-11-24_hawaii_eastern_wash,Hawaii,22,"Peacock, Jade",False,19,2,6,0.333,0,3,0.0,0,0,,1,2,3,0,0,0,1,0,4
2024-11-24_hawaii_eastern_wash,Hawaii,04,"Lefotu, Jovi",False,13,1,5,0.2,0,1,0.0,0,0,,2,0,2,2,2,1,0,0,2
2024-11-24_hawaii_eastern_wash,Hawaii,02,"'Uhila, Mia",False,6,0,0,,0,0,,0,0,,0,1,1,0,2,0,0,1,0
2024-11-24_hawaii_eastern_wash,Hawaii,10,"Kujovic, Danijela",False,2,0,1,0.0,0,1,0.0,0,0,,0,0,0,0,0,0,0,0,0
2024-11-24_hawaii_eastern_wash,Hawaii,TM,TEAM,False,0,0,0,,0,0,,0,0,,2,5,7,0,0,1,0,0,0
2024-11-24_denver_uc_san_diego,UC San Diego,03,"Sugapong, Sumayah",True,34,6,10,0.6,1,2,0.5,4,4,1.0,2,4,6,5,3,6,1,4,17
2024-11-24_denver_uc_san_diego,UC San Diego,24,"Spriggs, Kayanna",True,35,7,11,0.636,0,0,,1,1,1.0,0,3,3,5,0,6,1,1,15
2024-11-24_denver_uc_san_diego,UC San Diego,15,"Ma, Sabrina",True,28,2,8,0.25,2,8,0.25,4,5,0.8,0,2,2,3,1,2,0,2,10
2024-11-24_denver_uc_san_diego,UC San Diego,21,"Polocheck, Nicki",True,18,2,3,0.667,0,1,0.0,0,1,0.0,1,0,1,2,0,1,0,3,4
2024-11-24_denver_uc_san_diego,UC San Diego,22,"Gallegos, Gracie",True,37,0,3,0.0,0,1,0.0,3,4,0.75,0,7,7,1,1,3,0,0,3
2024-11-24_denver_uc_san_diego,UC San Diego,25,"Mahan, Junaé",False,32,4,14,0.286,0,2,0.0,0,1,0.0,0,1,1,4,0,2,0,1,8
2024-11-24_denver_uc_san_diego,UC San Diego,12,"Smith, Rosa",False,12,1,3,0.333,0,2,0.0,0,0,,1,4,5,1,1,3,0,0,2
2024-11-24_denver_uc_san_diego,UC San Diego,33,"Svoboda, Emma",False,10,0,2,0.0,0,0,,0,0,,2,1,3,2,1,2,0,0,0
2024-11-24_denver_uc_san_diego,UC San Diego,23,"Blithikioti, Eri",False,8,0,0,,0,0,,0,0,,0,0,0,0,1,0,0,0,0
2024-11-24_denver_uc_san_diego,UC San Diego,02,"Talbot, Grace",False,7,0,2,0.0,0,1,0.0,0,0,,0,2,2,1,0,1,0,0,0
2024-11-24_denver_uc_san_diego,UC San Diego,32,"Montgomery, Parker",False,4,0,1,0.0,0,1,0.0,0,0,,0,1,1,0,0,0,0,0,0
2024-11-24_denver_uc_san_diego,UC San Diego,05,"Louther, Gabby",False,,0,0,,0,0,,0,0,,0,0,0,2,0,0,0,0,0
2024-11-24_denver_uc_san_diego,UC San Diego,TM,TEAM,False,0,0,0,,0,0,,0,0,,3,4,7,0,0,0,0,0,0
2024-11-24_denver_uc_san_diego,Denver,04,"Jones, Jordan",True,42,7,17,0.412,2,9,0.222,12,13,0.923,2,11,13,3,1,7,0,2,28
2024-11-24_denver_uc_san_diego,Denver,12,"Monclova, Laia",True,25,4,8,0.5,2,4,0.5,0,0,,4,2,6,4,0,4,0,0,10
2024-11-24_denver_uc_san_diego,Denver,02,"Robles, Angelina",True,34,1,3,0.333,1,3,0.333,6,9,0.667,0,2,2,3,0,0,0,2,9
2024-11-24_denver_uc_san_diego,Denver,03,"Smith, Emma",True,39,1,10,0.1,1,8,0.125,2,4,0.5,2,6,8,3,8,6,0,3,5
2024-11-24_denver_uc_san_diego,Denver,32,"Esparza, Lily",True,16,0,0,,0,0,,0,0,,0,2,2,2,1,0,0,0,0
2024-11-24_denver_uc_san_diego,Denver,10,"Watts, Coryn",False,32,3,6,0.5,1,4,0.25,0,0,,0,1,1,3,1,1,1,1,7
2024-11-24_denver_uc_san_diego,Denver,15,"Brown, Alaisha",False,13,2,4,0.5,1,3,0.333,0,0,,0,2,2,0,0,1,0,0,5
2024-11-24_denver_uc_san_diego,Denver,33,"Wilson, Mary",False,14,1,4,0.25,1,4,0.25,0,0,,0,0,0,0,0,0,0,1,3
2024-11-24_denver_uc_san_diego,Denver,11,"Counsel, Emily",False,10,0,2,0.0,0,2,0.0,0,0,,0,1,1,1,2,2,0,0,0
2024-11-24_denver_uc_san_diego,Denver,TM,TEAM,False,0,0,0,,0,0,,0,0,,1,2,3,0,0,3,0,0,0
2024-11-24_uc_santa_barbara_san_diego,San Diego,24,"Horstmeyer, Kylie",True,34,6,11,0.545,0,1,0.0,5,7,0.714,1,1,2,0,0,0,0,1,17
2024-11-24_uc_santa_barbara_san_diego,San Diego,00,"Ranson, Ava",True,37,4,14,0.286,1,3,0.333,3,6,0.5,1,3,4,5,3,3,0,0,12
2024-11-24_uc_santa_barbara_san_diego,San Diego,21,"Reilly, Truitt",True,31,5,10,0.5,0,3,0.0,2,2,1.0,4,7,11,4,2,4,1,0,12
2024-11-24_uc_santa_barbara_san_diego,San Diego,05,"McCall, Lauren",True,36,4,15,0.267,1,4,0.25,0,0,,0,1,1,4,2,3,0,2,9
2024-11-24_uc_santa_barbara_san_diego,San Diego,10,"Wristen, Courtney",True,16,1,5,0.2,0,0,,0,0,,1,3,4,0,0,0,0,0,2
2024-11-24_uc_santa_barbara_san_diego,San Diego,11,"Tharpe, Malia",False,29,2,3,0.667,0,0,,1,3,0.333,2,2,4,3,1,1,0,0,5
2024-11-24_uc_santa_barbara_san_diego,San Diego,30,"Gallagher, Claire",False,12,2,5,0.4,0,1,0.0,0,2,0.0,0,2,2,1,0,1,0,0,4
2024-11-24_uc_santa_barbara_san_diego,San Diego,19,"Rhodes, Jayden",False,4,1,2,0.5,0,0,,0,0,,2,1,3,1,2,0,0,0,2
2024-11-24_uc_santa_barbara_san_diego,San Diego,20,"Rhodes, Hallie",False,12,0,0,,0,0,,0,0,,0,0,0,0,1,1,0,0,0
2024-11-24_uc_santa_barbara_san_diego,San Diego,01,"Moore, Dresha",False,7,0,0,,0,0,,0,0,,2,2,4,2,1,3,0,0,0
2024-11-24_uc_santa_barbara_san_diego,San Diego,22,"Santacaterina, Paris",False,5,0,1,0.0,0,1,0.0,0,0,,0,0,0,0,0,0,0,0,0
2024-11-24_uc_santa_barbara_san_diego,San Diego,12,"Carr, Erica",False,2,0,0,,0,0,,0,0,,0,1,1,0,0,0,0,0,0
2024-11-24_uc_santa_barbara_san_diego,San Diego,TM,TEAM,False,0,0,0,,0,0,,0,0,,4,3,7,0,0,0,0,0,0
2024-11-24_uc_santa_barbara_san_diego,UC Santa Barbara,55,"Burke, Skylar",True,42,7,16,0.438,2,4,0.5,5,6,0.833,3,4,7,3,1,3,2,2,21
2024-11-24_uc_santa_barbara_san_diego,UC Santa Barbara,03,"Marin, Alyssa",True,37,6,17,0.353,1,4,0.25,1,2,0.5,2,2,4,4,5,2,0,3,14
2024-11-24_uc_santa_barbara_san_diego,UC Santa Barbara,02,"Borter, Zoe",True,42,4,9,0.444,1,5,0.2,4,6,0.667,0,4,4,2,0,1,0,1,13
2024-11-24_uc_santa_barbara_san_diego,UC Santa Barbara,10,"Choice, Anya",True,34,3,9,0.333,0,2,0.0,2,2,1.0,0,5,5,4,3,1,0,1,8
2024-11-24_uc_santa_barbara_san_diego,UC Santa Barbara,20,"Rockwood, Laurel",True,28,2,3,0.667,0,0,,0,0,,2,4,6,5,0,3,0,0,4
2024-11-24_uc_santa_barbara_san_diego,UC Santa Barbara,32,"Grant, Jessica",False,15,2,5,0.4,2,5,0.4,0,0,,0,1,1,0,1,0,0,0,6
2024-11-24_uc_santa_barbara_san_diego,UC Santa Barbara,31,"Pietsch, Martha",False,7,0,0,,0,0,,3,3,1.0,0,0,0,0,1,0,0,0,3
2024-11-24_uc_santa_barbara_san_diego,UC Santa Barbara,13,"Goed, Flora",False,15,1,1,1.0,0,0,,0,0,,0,3,3,0,0,1,0,0,2
2024-11-24_uc_santa_barbara_san_diego,UC Santa Barbara,11,"Williams, Cayla",False,5,0,0,,0,0,,0,0,,0,1,1,2,0,0,0,0,0
2024-11-24_uc_santa_barbara_san_diego,UC Santa Barbara,TM,TEAM,False,0,0,0,,0,0,,0,0,,3,3,6,0,0,1,0,0,0
2024-11-24_michigan_long_beach_st,Long Beach St.,1,"Sonnier, Lovely",True,21,6,11,0.545,0,3,0.0,0,0,,1,3,4,2,1,6,0,1,12
2024-11-24_michigan_long_beach_st,Long Beach St.,3,"Chung, Patricia",True,28,4,10,0.4,1,5,0.2,2,4,0.5,1,5,6,3,3,8,0,1,11
2024-11-24_michigan_long_beach_st,Long Beach St.,11,"Loobie, Rachel",True,25,3,9,0.333,0,4,0.0,3,4,0.75,1,1,2,4,1,1,1,1,9
2024-11-24_michigan_long_beach_st,Long Beach St.,22,"Richards, Mykelle",True,33,3,7,0.429,0,1,0.0,1,3,0.333,1,1,2,5,1,2,1,1,7
2024-11-24_michigan_long_beach_st,Long Beach St.,2,"Tucker, Savannah",True,30,1,9,0.111,0,4,0.0,2,2,1.0,0,0,0,2,1,2,0,3,4
2024-11-24_michigan_long_beach_st,Long Beach St.,33,"Wright, Haley",False,14,2,4,0.5,0,0,,3,6,0.5,1,2,3,2,0,3,0,0,7
2024-11-24_michigan_long_beach_st,Long Beach St.,42,"Oliva Fernandez, Judit",False,7,2,2,1.0,0,0,,0,0,,0,0,0,2,0,1,0,1,4
2024-11-24_michigan_long_beach_st,Long Beach St.,30,"Jones-brown, Jaquoia",False,18,1,4,0.25,0,2,0.0,0,0,,0,2,2,0,2,2,0,0,2
2024-11-24_michigan_long_beach_st,Long Beach St.,21,"Brice, Brelynn",False,13,0,3,0.0,0,0,,0,0,,3,0,3,4,2,1,0,0,0
2024-11-24_michigan_long_beach_st,Long Beach St.,10,"Reynoso, Christy",False,11,0,3,0.0,0,3,0.0,0,0,,0,0,0,1,0,1,0,0,0
2024-11-24_michigan_long_beach_st,Long Beach St.,TM,TEAM,False,0,0,0,,0,0,,0,0,,4,3,7,0,0,0,0,0,0
2024-11-24_michigan_long_beach_st,Michigan,1,"Olson, Olivia",True,22,10,15,0.667,2,6,0.333,1,2,0.5,1,1,2,3,2,1,0,1,23
2024-11-24_michigan_long_beach_st,Michigan,12,"Swords, Syla",True,28,6,15,0.4,3,7,0.429,3,3,1.0,4,4,8,2,5,4,0,4,18
2024-11-24_michigan_long_beach_st,Michigan,10,"Hobbs, Jordan",True,25,5,10,0.5,0,3,0.0,2,2,1.0,1,7,8,3,5,2,0,0,12
2024-11-24_michigan_long_beach_st,Michigan,3,"Holloway, Mila",True,25,2,7,0.286,0,1,0.0,5,6,0.833,2,0,2,1,4,4,0,1,9
2024-11-24_michigan_long_beach_st,Michigan,11,"Kampschroeder, Greta",True,19,1,4,0.25,0,3,0.0,2,2,1.0,2,3,5,0,1,0,0,0,4
2024-11-24_michigan_long_beach_st,Michigan,55,"Grabovskaia, Yulia",False,15,5,7,0.714,0,0,,3,3,1.0,1,0,1,2,0,0,2,1,13
2024-11-24_michigan_long_beach_st,Michigan,5,"Q. Daniels, Brooke",False,23,5,7,0.714,0,0,,0,4,0.0,3,4,7,3,3,2,0,5,10
2024-11-24_michigan_long_beach_st,Michigan,33,"Delfosse, Te'yala",False,10,4,8,0.5,2,3,0.667,0,0,,3,2,5,0,2,1,1,0,10
2024-11-24_michigan_long_beach_st,Michigan,21,"Vantimmeren, Ally",False,7,2,2,1.0,0,0,,2,3,0.667,1,2,3,3,1,2,0,0,6
2024-11-24_michigan_long_beach_st,Michigan,2,"Brown, Macy",False,19,2,4,0.5,0,2,0.0,0,0,,0,3,3,1,2,1,0,0,4
2024-11-24_michigan_long_beach_st,Michigan,34,"Dunbar, Aaiyanna",False,7,0,0,,0,0,,2,2,1.0,1,0,1,2,0,0,1,0,2
2024-11-24_michigan_long_beach_st,Michigan,TM,TEAM,False,0,0,0,,0,0,,0,0,,4,2,6,0,0,0,0,0,0
2024-11-23_san_jose_st_csun,CSUN,4,"Edwards, Morgan",True,30,4,10,0.4,2,6,0.333,1,2,0.5,1,1,2,1,1,5,0,1,11
2024-11-23_san_jose_st_csun,CSUN,3,"Tumlin, Kelly",True,38,4,12,0.333,1,8,0.125,0,0,,1,4,5,1,2,0,0,0,9
2024-11-23_san_jose_st_csun,CSUN,14,"Orji, Nnenna",True,22,2,7,0.286,0,0,,1,2,0.5,1,2,3,3,2,0,2,2,5
2024-11-23_san_jose_st_csun,CSUN,20,"Adams, Erica",True,25,1,8,0.125,0,3,0.0,1,2,0.5,1,3,4,3,0,2,0,0,3
2024-11-23_san_jose_st_csun,CSUN,25,"Aspajo, Erika",True,8,1,4,0.25,0,2,0.0,0,2,0.0,1,0,1,0,1,1,0,0,2
2024-11-23_san_jose_st_csun,CSUN,21,"Marshall, Karsen",False,17,2,7,0.286,2,5,0.4,1,4,0.25,0,3,3,2,2,2,0,1,7
2024-11-23_san_jose_st_csun,CSUN,00,"Kilty, Jenna",False,19,1,4,0.25,1,3,0.333,2,2,1.0,0,1,1,2,2,1,0,0,5
2024-11-23_san_jose_st_csun,CSUN,10,"Lizama, Alondra",False,4,1,1,1.0,0,0,,0,0,,0,2,2,0,0,0,0,0,2
2024-11-23_san_jose_st_csun,CSUN,2,"Hopson, Kayla",False,14,0,4,0.0,0,0,,0,0,,2,2,4,2,1,3,0,2,0
2024-11-23_san_jose_st_csun,CSUN,5,"Cox, Yves",False,11,0,0,,0,0,,0,0,,0,5,5,3,1,1,0,0,0
2024-11-23_san_jose_st_csun,CSUN,22,"Dahlin, Laini",False,8,0,1,0.0,0,1,0.0,0,0,,1,1,2,1,0,0,1,0,0
2024-11-23_san_jose_st_csun,CSUN,23,"Hardwick, Sincere",False,4,0,0,,0,0,,0,0,,0,1,1,0,0,0,0,0,0
2024-11-23_san_jose_st_csun,CSUN,TM,TEAM,False,0,0,0,,0,0,,0,0,,0,3,3,0,0,0,0,0,0
2024-11-23_san_jose_st_csun,San Jose St.,9,"Waugh, Rylei",True,32,3,9,0.333,1,3,0.333,2,4,0.5,1,2,3,2,2,4,0,1,9
2024-11-23_san_jose_st_csun,San Jose St.,12,"Kelemeni, Sofia",True,19,3,7,0.429,1,4,0.25,2,2,1.0,0,5,5,2,0,2,0,0,9
2024-11-23_san_jose_st_csun,San Jose St.,2,"Singleton, Jasmine",True,28,2,4,0.5,1,3,0.333,0,2,0.0,0,5,5,3,3,1,0,1,5
2024-11-23_san_jose_st_csun,San Jose St.,32,"Diawara, Djessira",True,25,0,4,0.0,0,0,,3,6,0.5,6,8,14,1,1,1,0,0,3
2024-11-23_san_jose_st_csun,San Jose St.,1,"Simmons, Amiah",True,7,1,2,0.5,1,2,0.5,0,0,,0,0,0,1,1,0,0,0,3
2024-11-23_san_jose_st_csun,San Jose St.,5,"van Schaik, Hennie",False,30,5,14,0.357,2,5,0.4,3,4,0.75,4,8,12,2,4,2,0,0,15
2024-11-23_san_jose_st_csun,San Jose St.,00,"Summers, Sydni",False,24,3,13,0.231,3,10,0.3,0,0,,0,3,3,0,1,0,0,1,9
2024-11-23_san_jose_st_csun,San Jose St.,8,"Brown, Amira",False,20,2,5,0.4,0,3,0.0,1,4,0.25,3,2,5,1,3,5,0,2,5
2024-11-23_san_jose_st_csun,San Jose St.,11,"Davis-jones, Marisa",False,12,1,2,0.5,1,1,1.0,1,2,0.5,1,2,3,1,0,1,0,1,4
2024-11-23_san_jose_st_csun,San Jose St.,23,"Sgro, Stella",False,2,0,1,0.0,0,1,0.0,0,0,,0,0,0,0,0,0,0,0,0
2024-11-23_san_jose_st_csun,San Jose St.,7,"Alexander, Mecca",False,1,0,1,0.0,0,1,0.0,0,0,,0,1,1,0,0,0,0,0,0
2024-11-23_san_jose_st_csun,San Jose St.,TM,TEAM,False,0,0,0,,0,0,,0,0,,4,1,5,0,0,1,0,0,0
2024-11-24_portland_st_cal_st_fullerton,Cal St. Fullerton,24,"Stanton, Aaliyah",True,32,6,9,0.667,1,3,0.333,4,6,0.667,3,2,5,3,2,4,1,2,17
2024-11-24_portland_st_cal_st_fullerton,Cal St. Fullerton,12,"Levingston, Eva",True,36,6,13,0.462,0,0,,4,4,1.0,5,5,10,3,2,3,0,1,16
2024-11-24_portland_st_cal_st_fullerton,Cal St. Fullerton,10,"Lagway, Demonnie",True,36,3,12,0.25,0,4,0.0,4,4,1.0,0,1,1,0,1,1,0,1,10
2024-11-24_portland_st_cal_st_fullerton,Cal St. Fullerton,13,"Hernandez, Aixchel",True,17,2,7,0.286,0,0,,0,0,,2,2,4,2,1,1,1,0,4
2024-11-24_portland_st_cal_st_fullerton,Cal St. Fullerton,23,"Strachan, Emily",True,23,0,1,0.0,0,0,,3,4,0.75,1,3,4,5,2,4,0,1,3
2024-11-24_portland_st_cal_st_fullerton,Cal St. Fullerton,04,"Falsdottir, Jana",False,25,1,9,0.111,0,4,0.0,0,0,,1,4,5,4,2,2,0,1,2
2024-11-24_portland_st_cal_st_fullerton,Cal St. Fullerton,22,"Muniz, Madelynn",False,31,0,12,0.0,0,7,0.0,0,0,,3,1,4,2,1,1,0,2,0
2024-11-24_portland_st_cal_st_fullerton,Cal St. Fullerton,55,"Schuler, Samantha",False,,0,0,,0,0,,0,0,,0,0,0,1,0,0,0,0,0
2024-11-24_portland_st_cal_st_fullerton,Cal St. Fullerton,TM,TEAM,False,0,0,0,,0,0,,0,0,,1,2,3,0,0,0,0,0,0
2024-11-24_portland_st_cal_st_fullerton,Portland St.,22,"Ogele, Rhema",True,29,5,9,0.556,0,0,,4,4,1.0,1,6,7,4,2,2,0,0,14
2024-11-24_portland_st_cal_st_fullerton,Portland St.,01,"Fitzgerald, Alaya",True,29,3,6,0.5,1,2,0.5,6,7,0.857,0,2,2,3,2,2,0,0,13
2024-11-24_portland_st_cal_st_fullerton,Portland St.,11,"Torres-Kahapea, Laynee",True,38,1,6,0.167,1,2,0.5,4,4,1.0,1,2,3,2,5,5,0,1,7
2024-11-24_portland_st_cal_st_fullerton,Portland St.,15,"Wenger, Lana",True,19,2,7,0.286,0,1,0.0,2,2,1.0,2,2,4,2,0,2,1,1,6
2024-11-24_portland_st_cal_st_fullerton,Portland St.,23,"Moffat, Taylor",True,25,1,4,0.25,0,3,0.0,2,2,1.0,0,1,1,2,2,3,0,0,4
2024-11-24_portland_st_cal_st_fullerton,Portland St.,12,"Brown, Kyleigh",False,29,2,9,0.222,2,6,0.333,3,4,0.75,0,6,6,2,1,1,0,2,9
2024-11-24_portland_st_cal_st_fullerton,Portland St.,08,"Haltom, Joy",False,12,1,1,1.0,0,0,,2,2,1.0,1,0,1,1,0,0,0,1,4
2024-11-24_portland_st_cal_st_fullerton,Portland St.,02,"Carter, Jamia",False,14,1,4,0.25,0,2,0.0,0,0,,0,3,3,3,0,1,2,1,2
2024-11-24_portland_st_cal_st_fullerton,Portland St.,21,"Turner, Courtney",False,5,1,1,1.0,0,0,,0,0,,1,1,2,0,0,0,0,0,2
2024-11-24_portland_st_cal_st_fullerton,Portland St.,TM,TEAM,False,0,0,0,,0,0,,0,0,,3,3,6,0,0,0,0,0,0
2024-11-25_stanford_cal_poly,Cal Poly,2,"Shah, Annika",True,31,5,13,0.385,2,8,0.25,0,0,,0,1,1,4,1,1,0,0,12
2024-11-25_stanford_cal_poly,Cal Poly,24,"Carter, Mary",True,29,5,16,0.312,0,4,0.0,2,3,0.667,0,4,4,1,2,1,1,0,12
2024-11-25_stanford_cal_poly,Cal Poly,10,"Richards, Sidney",True,26,2,4,0.5,1,1,1.0,3,4,0.75,0,2,2,4,1,3,0,2,8
2024-11-25_stanford_cal_poly,Cal Poly,4,"Lichtie, Sierra",True,21,3,4,0.75,0,0,,0,0,,0,3,3,3,0,3,0,0,6
2024-11-25_stanford_cal_poly,Cal Poly,15,"Bourland, Sydney",True,28,0,4,0.0,0,1,0.0,0,0,,1,2,3,2,0,2,0,1,0
2024-11-25_stanford_cal_poly,Cal Poly,5,"Robinson, Gabby",False,12,1,2,0.5,0,0,,1,2,0.5,3,3,6,0,1,1,0,1,3
2024-11-25_stanford_cal_poly,Cal Poly,14,"Bears, Gillian",False,14,1,2,0.5,0,0,,0,0,,0,1,1,2,1,2,0,0,2
2024-11-25_stanford_cal_poly,Cal Poly,9,"Perez, Nora",False,11,1,2,0.5,0,0,,0,0,,2,0,2,1,0,0,0,0,2
2024-11-25_stanford_cal_poly,Cal Poly,22,"Goosby, Alana",False,18,0,4,0.0,0,2,0.0,0,0,,0,0,0,0,1,1,0,0,0
2024-11-25_stanford_cal_poly,Cal Poly,23,"Moleón Hidalgo, Ana",False,6,0,2,0.0,0,1,0.0,0,0,,0,0,0,1,0,0,0,0,0
2024-11-25_stanford_cal_poly,Cal Poly,11,"Knapp, Avery",False,4,0,1,0.0,0,0,,0,0,,0,1,1,0,0,0,0,1,0
2024-11-25_stanford_cal_poly,Cal Poly,TM,TEAM,False,0,0,0,,0,0,,0,0,,2,1,3,0,0,1,0,0,0
2024-11-25_stanford_cal_poly,Stanford,21,"Demetre, Brooke",True,32,7,9,0.778,3,5,0.6,0,0,,0,7,7,1,3,0,0,1,17
2024-11-25_stanford_cal_poly,Stanford,3,"Agara, Nunu",True,27,6,12,0.5,0,1,0.0,3,6,0.5,3,3,6,4,1,1,1,0,15
2024-11-25_stanford_cal_poly,Stanford,34,"Heal, Tess",True,24,4,5,0.8,1,2,0.5,5,5,1.0,0,2,2,0,3,1,0,3,14
2024-11-25_stanford_cal_poly,Stanford,20,"Bosgana, Elena",True,23,3,12,0.25,2,8,0.25,2,2,1.0,3,4,7,1,3,2,0,1,10
2024-11-25_stanford_cal_poly,Stanford,32,"Harriel, Jzaniya",True,21,2,7,0.286,0,2,0.0,0,0,,3,2,5,2,2,0,0,0,4
2024-11-25_stanford_cal_poly,Stanford,22,"Stevenson, Mary Ashley",False,14,4,4,1.0,0,0,,2,3,0.667,1,4,5,0,1,0,0,0,10
2024-11-25_stanford_cal_poly,Stanford,6,"Ijiwoye, Shay",False,15,2,2,1.0,0,0,,2,2,1.0,0,1,1,0,2,1,0,1,6
2024-11-25_stanford_cal_poly,Stanford,13,"Clardy, Chloe",False,17,2,4,0.5,0,2,0.0,1,2,0.5,0,2,2,1,3,1,0,1,5
2024-11-25_stanford_cal_poly,Stanford,40,"Ogden, Courtney",False,14,0,2,0.0,0,1,0.0,0,0,,0,2,2,1,1,2,1,0,0
2024-11-25_stanford_cal_poly,Stanford,24,"Papadaki, Stavi",False,4,0,0,,0,0,,0,0,,0,0,0,0,0,0,0,0,0
2024-11-25_stanford_cal_poly,Stanford,15,"Peterson, Harper",False,3,0,1,0.0,0,0,,0,0,,0,0,0,0,0,0,0,0,0
2024-11-25_stanford_cal_poly,Stanford,31,"Green, Lauren",False,3,0,0,,0,0,,0,0,,0,0,0,0,0,1,0,0,0
2024-11-25_stanford_cal_poly,Stanford,45,"Umeh, Kennedy",False,3,0,1,0.0,0,0,,0,0,,0,1,1,1,0,1,0,0,0
2024-11-25_stanford_cal_poly,Stanford,TM,TEAM,False,0,0,0,,0,0,,0,0,,1,1,2,0,0,0,0,0,0
2024-11-26_cal_st_san_marcos_uc_riverside,UC Riverside,5,"Duchemin, Shelley",True,29,6,14,0.429,1,2,0.5,0,0,,5,4,9,3,1,2,1,1,13
2024-11-26_cal_st_san_marcos_uc_riverside,UC Riverside,00,"Rose, Makayla",True,24,3,9,0.333,1,4,0.25,1,2,0.5,2,2,4,1,0,1,0,1,8
2024-11-26_cal_st_san_marcos_uc_riverside,UC Riverside,2,"Hackley, Seneca",True,23,3,6,0.5,1,2,0.5,0,0,,1,3,4,3,4,1,1,1,7
2024-11-26_cal_st_san_marcos_uc_riverside,UC Riverside,11,"Matarranz, Esther",True,26,2,5,0.4,0,0,,2,2,1.0,1,5,6,2,2,0,1,4,6
2024-11-26_cal_st_san_marcos_uc_riverside,UC Riverside,3,"Tillery, Zoe",True,19,1,8,0.125,0,4,0.0,0,0,,0,0,0,0,2,0,0,0,2
2024-11-26_cal_st_san_marcos_uc_riverside,UC Riverside,7,"Wickstrom, Hannah",False,14,4,7,0.571,4,5,0.8,0,0,,1,2,3,3,0,2,0,0,12
2024-11-26_cal_st_san_marcos_uc_riverside,UC Riverside,4,"Marshall, Jordyn",False,25,2,6,0.333,0,1,0.0,0,0,,0,1,1,1,1,0,0,4,4
2024-11-26_cal_st_san_marcos_uc_riverside,UC Riverside,12,"Cutler, Gemma",False,8,1,1,1.0,0,0,,0,0,,1,1,2,0,1,0,0,0,2
2024-11-26_cal_st_san_marcos_uc_riverside,UC Riverside,35,"Hill-brown, Tt",False,11,0,2,0.0,0,0,,0,0,,1,0,1,0,0,1,0,0,0
2024-11-26_cal_st_san_marcos_uc_riverside,UC Riverside,13,"Chocano, Maya",False,10,0,4,0.0,0,1,0.0,0,0,,0,1,1,1,1,2,0,0,0
2024-11-26_cal_st_san_marcos_uc_riverside,UC Riverside,1,"Polk, Kaylani",False,7,0,1,0.0,0,0,,0,0,,0,0,0,0,0,2,0,0,0
2024-11-26_cal_st_san_marcos_uc_riverside,UC Riverside,10,"Minshall, Makayla",False,4,0,1,0.0,0,1,0.0,0,0,,0,2,2,1,1,1,0,1,0
2024-11-26_cal_st_san_marcos_uc_riverside,UC Riverside,TM,TEAM,False,0,0,0,,0,0,,0,0,,3,0,3,0,0,1,0,0,0
2024-11-26_cal_st_san_marcos_uc_riverside,Cal St. San Marcos,00,"Hetrick, Rory",True,33,5,12,0.417,0,1,0.0,4,7,0.571,1,4,5,0,2,4,2,2,14
2024-11-26_cal_st_san_marcos_uc_riverside,Cal St. San Marcos,3,"Bobadilla, Kate",True,33,3,7,0.429,2,4,0.5,0,0,,0,3,3,2,2,4,0,0,8
2024-11-26_cal_st_san_marcos_uc_riverside,Cal St. San Marcos,4,"Slover, Kacie",True,31,3,5,0.6,0,1,0.0,0,0,,1,3,4,2,0,7,0,1,6
2024-11-26_cal_st_san_marcos_uc_riverside,Cal St. San Marcos,21,"Okonkwo, Destiny",True,32,2,2,1.0,0,0,,0,0,,1,6,7,0,0,2,2,1,4
2024-11-26_cal_st_san_marcos_uc_riverside,Cal St. San Marcos,32,"Morse, Rose",True,33,1,9,0.111,0,3,0.0,1,2,0.5,1,3,4,2,4,4,0,1,3
2024-11-26_cal_st_san_marcos_uc_riverside,Cal St. San Marcos,11,"Tamashiro, Tatum",False,19,1,4,0.25,1,2,0.5,0,0,,1,0,1,2,0,3,0,0,3
2024-11-26_cal_st_san_marcos_uc_riverside,Cal St. San Marcos,14,"Lowenberg, Lucca",False,10,1,3,0.333,1,3,0.333,0,0,,0,1,1,0,1,0,1,0,3
2024-11-26_cal_st_san_marcos_uc_riverside,Cal St. San Marcos,2,"Leiva, Maddie",False,1,1,1,1.0,1,1,1.0,0,0,,0,0,0,0,0,0,0,0,3
2024-11-26_cal_st_san_marcos_uc_riverside,Cal St. San Marcos,10,"Beall, Kaitlyn",False,8,1,1,1.0,0,0,,0,1,0.0,0,2,2,0,0,2,0,0,2
2024-11-26_cal_st_san_marcos_uc_riverside,Cal St. San Marcos,TM,TEAM,False,0,0,0,,0,0,,0,0,,2,5,7,0,0,0,0,0,0
2024-11-27_new_mexico_uc_irvine,UC Irvine,13,"Lee, Déja",True,24,7,12,0.583,3,5,0.6,3,3,1.0,1,1,2,4,0,2,0,1,20
2024-11-27_new_mexico_uc_irvine,UC Irvine,21,"Williams, Olivia",True,36,7,14,0.5,4,7,0.571,0,0,,0,2,2,2,1,1,1,2,18
2024-11-27_new_mexico_uc_irvine,UC Irvine,12,"Nahum, Shirel",True,15,1,5,0.2,0,3,0.0,0,0,,0,0,0,0,1,0,0,0,2
2024-11-27_new_mexico_uc_irvine,UC Irvine,3,"Tom, Nikki",True,31,0,7,0.0,0,3,0.0,0,0,,1,1,2,1,6,1,1,1,0
2024-11-27_new_mexico_uc_irvine,UC Irvine,24,"Dean, Nevaeh",True,22,0,6,0.0,0,4,0.0,0,0,,1,5,6,1,3,0,1,1,0
2024-11-27_new_mexico_uc_irvine,UC Irvine,14,"Hanson, Summah",False,25,5,14,0.357,2,5,0.4,5,5,1.0,1,6,7,5,2,0,1,0,17
2024-11-27_new_mexico_uc_irvine,UC Irvine,11,"Scharpf, Amelia",False,25,2,2,1.0,0,0,,1,1,1.0,2,6,8,2,1,2,0,1,5
2024-11-27_new_mexico_uc_irvine,UC Irvine,1,"Brooks, Jaida",False,20,0,6,0.0,0,2,0.0,0,0,,0,0,0,0,3,0,0,0,0
2024-11-27_new_mexico_uc_irvine,UC Irvine,22,"Djoko, Clara",False,2,0,0,,0,0,,0,0,,0,0,0,1,0,0,1,0,0
2024-11-27_new_mexico_uc_irvine,UC Irvine,TM,TEAM,False,0,0,0,,0,0,,0,0,,3,3,6,0,0,2,0,0,0
2024-11-27_new_mexico_uc_irvine,New Mexico,3,"Hooks, Destinee",True,36,7,16,0.438,1,5,0.2,2,6,0.333,4,6,10,2,2,5,1,1,17
2024-11-27_new_mexico_uc_irvine,New Mexico,33,"Cumber, Vianè",True,37,5,16,0.312,1,9,0.111,4,4,1.0,1,9,10,3,3,2,0,0,15
2024-11-27_new_mexico_uc_irvine,New Mexico,4,"Hargrove, Alyssa",True,29,4,7,0.571,2,5,0.4,0,0,,0,1,1,2,7,3,0,1,10
2024-11-27_new_mexico_uc_irvine,New Mexico,14,"Joaquim, Hulda",True,30,1,5,0.2,0,0,,3,4,0.75,5,3,8,2,1,0,3,0,5
2024-11-27_new_mexico_uc_irvine,New Mexico,13,"Magalhães, Joana",True,15,0,2,0.0,0,0,,0,0,,0,5,5,1,2,1,0,0,0
2024-11-27_new_mexico_uc_irvine,New Mexico,1,"Mwamba, Lydie",False,11,2,4,0.5,2,3,0.667,1,2,0.5,0,2,2,0,2,0,0,0,7
2024-11-27_new_mexico_uc_irvine,New Mexico,24,"Moreland, Amhyia",False,10,2,3,0.667,0,0,,0,0,,0,0,0,3,1,1,0,1,4
2024-11-27_new_mexico_uc_irvine,New Mexico,5,"Langermann, Lara",False,15,1,3,0.333,1,3,0.333,0,0,,0,3,3,0,0,0,0,0,3
2024-11-27_new_mexico_uc_irvine,New Mexico,21,"Po, Reza",False,11,1,3,0.333,0,1,0.0,0,0,,0,3,3,0,0,2,0,0,2
2024-11-27_new_mexico_uc_irvine,New Mexico,15,"Jordon, Drew",False,5,1,1,1.0,0,0,,0,0,,0,0,0,0,0,0,0,0,2
2024-11-27_new_mexico_uc_irvine,New Mexico,10,"Lauro, Paris",False,1,0,0,,0,0,,0,0,,0,0,0,0,0,1,0,0,0
2024-11-27_new_mexico_uc_irvine,New Mexico,TM,TEAM,False,0,0,0,,0,0,,0,0,,4,1,5,0,0,1,0,0,0
2024-11-27_csun_pepperdine,Pepperdine,5,"Mastora, Malia",True,34,6,8,0.75,3,4,0.75,3,3,1.0,2,5,7,0,4,0,5,1,18
2024-11-27_csun_pepperdine,Pepperdine,31,"Harkey, Megan",True,25,8,11,0.727,0,0,,0,0,,0,7,7,2,4,0,6,0,16
2024-11-27_csun_pepperdine,Pepperdine,3,"Brubaker, Ella",True,25,5,8,0.625,1,3,0.333,3,4,0.75,1,2,3,0,1,1,1,1,14
2024-11-27_csun_pepperdine,Pepperdine,12,"Mastora, Makena",True,35,4,7,0.571,0,2,0.0,1,1,1.0,0,8,8,0,5,1,1,0,9
2024-11-27_csun_pepperdine,Pepperdine,9,"Muca, Ornela",True,23,1,7,0.143,0,4,0.0,1,2,0.5,0,4,4,1,4,2,0,1,3
2024-11-27_csun_pepperdine,Pepperdine,2,"Sotell, Chloe",False,25,4,11,0.364,4,8,0.5,0,0,,0,3,3,2,3,2,0,0,12
2024-11-27_csun_pepperdine,Pepperdine,11,"Friend, Helena",False,16,4,5,0.8,0,0,,2,4,0.5,2,1,3,2,1,1,0,1,10
2024-11-27_csun_pepperdine,Pepperdine,32,"Vick, Maggie",False,15,1,3,0.333,0,0,,0,0,,1,2,3,3,2,0,0,0,2
2024-11-27_csun_pepperdine,Pepperdine,1,"Johnson, Hailey",False,2,0,0,,0,0,,0,0,,1,0,1,0,0,0,0,0,0
2024-11-27_csun_pepperdine,Pepperdine,TM,TEAM,False,0,0,0,,0,0,,0,0,,0,1,1,0,0,1,0,0,0
2024-11-27_csun_pepperdine,CSUN,3,"Tumlin, Kelly",True,31,3,7,0.429,2,5,0.4,2,2,1.0,0,4,4,0,1,2,0,0,10
2024-11-27_csun_pepperdine,CSUN,20,"Adams, Erica",True,30,3,14,0.214,2,4,0.5,2,2,1.0,3,4,7,0,7,0,1,1,10
2024-11-27_csun_pepperdine,CSUN,00,"Kilty, Jenna",True,19,3,8,0.375,3,4,0.75,0,0,,0,4,4,2,1,2,0,1,9
2024-11-27_csun_pepperdine,CSUN,4,"Edwards, Morgan",True,15,1,6,0.167,1,1,1.0,0,0,,1,1,2,1,0,1,0,0,3
2024-11-27_csun_pepperdine,CSUN,23,"Hardwick, Sincere",True,19,0,5,0.0,0,0,,0,0,,2,2,4,0,2,0,0,1,0
2024-11-27_csun_pepperdine,CSUN,21,"Marshall, Karsen",False,19,3,10,0.3,2,7,0.286,0,0,,0,0,0,3,1,2,0,2,8
2024-11-27_csun_pepperdine,CSUN,22,"Dahlin, Laini",False,26,2,6,0.333,1,4,0.25,2,2,1.0,2,2,4,3,0,1,0,0,7
2024-11-27_csun_pepperdine,CSUN,2,"Hopson, Kayla",False,13,2,3,0.667,1,1,1.0,0,1,0.0,0,0,0,1,1,3,0,0,5
2024-11-27_csun_pepperdine,CSUN,5,"Cox, Yves",False,21,2,6,0.333,0,0,,0,2,0.0,4,2,6,2,0,3,0,0,4
2024-11-27_csun_pepperdine,CSUN,10,"Lizama, Alondra",False,7,0,0,,0,0,,2,2,1.0,1,1,2,0,0,0,0,0,2
2024-11-27_csun_pepperdine,CSUN,TM,TEAM,False,0,0,0,,0,0,,0,0,,2,3,5,0,0,0,0,0,0
2024-11-27_lmu_ca_cal_st_fullerton,Cal St. Fullerton,10,"Lagway, Demonnie",True,41,7,16,0.438,4,6,0.667,0,0,,0,4,4,2,3,5,0,2,18
2024-11-27_lmu_ca_cal_st_fullerton,Cal St. Fullerton,13,"Hernandez, Aixchel",True,31,4,9,0.444,0,0,,1,4,0.25,1,3,4,5,1,2,4,1,9
2024-11-27_lmu_ca_cal_st_fullerton,Cal St. Fullerton,12,"Levingston, Eva",True,43,3,8,0.375,0,0,,2,6,0.333,1,8,9,4,0,2,1,1,8
2024-11-27_lmu_ca_cal_st_fullerton,Cal St. Fullerton,24,"Stanton, Aaliyah",True,25,4,13,0.308,0,6,0.0,0,0,,1,4,5,5,3,1,0,1,8
2024-11-27_lmu_ca_cal_st_fullerton,Cal St. Fullerton,23,"Strachan, Emily",True,30,1,4,0.25,0,1,0.0,3,4,0.75,2,1,3,3,2,3,0,1,5
2024-11-27_lmu_ca_cal_st_fullerton,Cal St. Fullerton,22,"Muniz, Madelynn",False,22,2,5,0.4,2,4,0.5,0,0,,2,2,4,1,0,1,0,0,6
2024-11-27_lmu_ca_cal_st_fullerton,Cal St. Fullerton,00,"Davis, Layla",False,14,2,3,0.667,0,0,,2,2,1.0,1,4,5,1,0,0,0,0,6
2024-11-27_lmu_ca_cal_st_fullerton,Cal St. Fullerton,04,"Falsdottir, Jana",False,19,0,7,0.0,0,3,0.0,1,2,0.5,1,1,2,3,3,1,0,1,1
2024-11-27_lmu_ca_cal_st_fullerton,Cal St. Fullerton,TM,TEAM,False,0,0,0,,0,0,,0,0,,1,1,2,0,0,0,0,0,0
2024-11-27_lmu_ca_cal_st_fullerton,LMU (CA),07,"Evans, Naudia",True,38,3,10,0.3,0,2,0.0,7,8,0.875,0,7,7,3,8,4,0,1,13
2024-11-27_lmu_ca_cal_st_fullerton,LMU (CA),55,"Hernandez, Maya",True,30,5,14,0.357,0,0,,2,3,0.667,3,7,10,4,1,1,0,3,12
2024-11-27_lmu_ca_cal_st_fullerton,LMU (CA),00,"Williams, Brandi",True,44,2,8,0.25,0,5,0.0,7,8,0.875,0,3,3,2,1,0,0,1,11
2024-11-27_lmu_ca_cal_st_fullerton,LMU (CA),05,"Heidger, Carly",True,22,4,10,0.4,1,4,0.25,0,0,,0,3,3,2,0,1,2,0,9
2024-11-27_lmu_ca_cal_st_fullerton,LMU (CA),04,"Clarke, Allison",True,32,0,3,0.0,0,3,0.0,1,2,0.5,0,1,1,2,0,1,1,1,1
2024-11-27_lmu_ca_cal_st_fullerton,LMU (CA),11,"Matavao, Ali'a",False,22,5,10,0.5,0,0,,3,6,0.5,2,7,9,3,0,1,0,1,13
2024-11-27_lmu_ca_cal_st_fullerton,LMU (CA),03,"Watts, Madison",False,15,2,3,0.667,1,1,1.0,0,0,,1,4,5,3,0,3,0,2,5
2024-11-27_lmu_ca_cal_st_fullerton,LMU (CA),54,"Ogot, Zawadi",False,12,0,2,0.0,0,0,,0,0,,2,0,2,1,0,1,0,0,0
2024-11-27_lmu_ca_cal_st_fullerton,LMU (CA),10,"Sitterud, Amelie",False,8,0,1,0.0,0,0,,0,0,,0,2,2,2,0,0,0,0,0
2024-11-27_lmu_ca_cal_st_fullerton,LMU (CA),22,"Toone, Ava",False,2,0,1,0.0,0,1,0.0,0,0,,0,0,0,0,0,0,0,0,0
2024-11-27_lmu_ca_cal_st_fullerton,LMU (CA),02,"Somvichian, Mari",False,,0,0,,0,0,,0,0,,0,0,0,0,0,0,0,0,0
2024-11-27_lmu_ca_cal_st_fullerton,LMU (CA),TM,TEAM,False,0,0,0,,0,0,,0,0,,3,1,4,0,0,3,0,0,0
2024-11-27_eastern_wash_csu_bakersfield,CSU Bakersfield,04,"Dizon, Ary",True,36,5,14,0.357,2,3,0.667,1,4,0.25,0,8,8,3,2,5,7,3,13
2024-11-27_eastern_wash_csu_bakersfield,CSU Bakersfield,08,"Langi, Marley",True,23,4,14,0.286,0,3,0.0,2,2,1.0,0,6,6,3,1,2,0,0,10
2024-11-27_eastern_wash_csu_bakersfield,CSU Bakersfield,30,"Dioli, Alli",True,38,3,10,0.3,2,4,0.5,0,0,,1,7,8,2,4,2,0,1,8
2024-11-27_eastern_wash_csu_bakersfield,CSU Bakersfield,21,"Tse, Dylan",True,37,2,6,0.333,2,4,0.5,1,2,0.5,1,0,1,4,1,3,0,0,7
2024-11-27_eastern_wash_csu_bakersfield,CSU Bakersfield,20,"Secchiaroli, Melissa",True,23,2,4,0.5,0,1,0.0,0,0,,1,3,4,4,1,0,0,0,4
2024-11-27_eastern_wash_csu_bakersfield,CSU Bakersfield,02,"Gingras, Caitie",False,24,4,6,0.667,3,5,0.6,3,4,0.75,0,2,2,2,0,1,0,1,14
2024-11-27_eastern_wash_csu_bakersfield,CSU Bakersfield,42,"Tse, Allysan",False,15,1,3,0.333,0,1,0.0,0,0,,0,3,3,0,0,1,1,1,2
2024-11-27_eastern_wash_csu_bakersfield,CSU Bakersfield,34,"Forney, Cheyenne",False,3,0,0,,0,0,,0,0,,0,1,1,1,0,0,0,1,0
2024-11-27_eastern_wash_csu_bakersfield,CSU Bakersfield,23,"Feliz, Ileana",False,1,0,0,,0,0,,0,0,,0,0,0,1,0,1,0,0,0
2024-11-27_eastern_wash_csu_bakersfield,CSU Bakersfield,TM,TEAM,False,0,0,0,,0,0,,0,0,,1,3,4,0,0,1,0,0,0
2024-11-27_eastern_wash_csu_bakersfield,Eastern Wash.,11,"Howard, Peyton",True,36,7,18,0.389,3,9,0.333,4,4,1.0,0,6,6,2,5,5,2,2,21
2024-11-27_eastern_wash_csu_bakersfield,Eastern Wash.,10,"Eggers, Jaecy",True,30,3,11,0.273,0,1,0.0,1,3,0.333,2,2,4,1,2,1,2,0,7
2024-11-27_eastern_wash_csu_bakersfield,Eastern Wash.,02,"Gallatin, Ella",True,26,1,11,0.091,1,3,0.333,2,2,1.0,6,5,11,0,2,0,0,3,5
2024-11-27_eastern_wash_csu_bakersfield,Eastern Wash.,52,"Hays, Bella",True,8,1,3,0.333,0,0,,0,0,,0,3,3,2,0,2,1,0,2
2024-11-27_eastern_wash_csu_bakersfield,Eastern Wash.,05,"Schuler, Breeje",True,7,0,3,0.0,0,2,0.0,0,0,,1,0,1,1,0,0,0,1,0
2024-11-27_eastern_wash_csu_bakersfield,Eastern Wash.,22,"Grossman, Kourtney",False,20,3,4,0.75,3,3,1.0,3,4,0.75,0,7,7,4,0,2,1,1,12
2024-11-27_eastern_wash_csu_bakersfield,Eastern Wash.,03,"Boni, Ellie",False,33,3,6,0.5,1,3,0.333,4,4,1.0,3,4,7,1,2,1,0,2,11
2024-11-27_eastern_wash_csu_bakersfield,Eastern Wash.,01,"Pettis, Alexis",False,24,2,10,0.2,1,4,0.25,1,2,0.5,2,2,4,1,0,1,0,2,6
2024-11-27_eastern_wash_csu_bakersfield,Eastern Wash.,23,"McElmurry, Emily",False,4,0,1,0.0,0,1,0.0,2,2,1.0,0,1,1,0,0,1,0,0,2
2024-11-27_eastern_wash_csu_bakersfield,Eastern Wash.,12,"Kirk, Paris",False,8,0,3,0.0,0,0,,1,2,0.5,1,3,4,1,0,0,1,0,1
2024-11-27_eastern_wash_csu_bakersfield,Eastern Wash.,14,"Wilcox, Cori",False,4,0,1,0.0,0,0,,0,0,,0,0,0,0,0,1,0,0,0
2024-11-27_eastern_wash_csu_bakersfield,Eastern Wash.,TM,TEAM,False,0,0,0,,0,0,,0,0,,4,1,5,0,0,1,0,0,0
2024-11-29_hawaii_fresno_st,Fresno St.,23,"Jacobs, Mia",True,35,3,16,0.188,2,8,0.25,6,6,1.0,4,14,18,3,2,3,0,0,14
2024-11-29_hawaii_fresno_st,Fresno St.,02,"Elohim, Mariah",True,35,3,13,0.231,2,8,0.25,0,0,,0,2,2,1,1,3,0,0,8
2024-11-29_hawaii_fresno_st,Fresno St.,07,"Ukkonen, Saga",True,34,3,8,0.375,2,5,0.4,0,0,,0,3,3,5,1,3,0,0,8
2024-11-29_hawaii_fresno_st,Fresno St.,13,"Konstantinidou, Maria",True,27,2,6,0.333,0,0,,1,2,0.5,4,0,4,2,0,0,1,0,5
2024-11-29_hawaii_fresno_st,Fresno St.,30,"Fox, Kylee",True,36,1,5,0.2,0,0,,2,2,1.0,0,4,4,1,1,1,0,2,4
2024-11-29_hawaii_fresno_st,Fresno St.,03,"Powell, Danae",False,15,3,3,1.0,0,0,,0,0,,0,1,1,0,1,2,0,0,6
2024-11-29_hawaii_fresno_st,Fresno St.,20,"Williams, Rayna",False,8,1,3,0.333,0,0,,0,0,,1,0,1,3,0,2,0,1,2
2024-11-29_hawaii_fresno_st,Fresno St.,08,"Griffiths, Holly",False,4,0,1,0.0,0,0,,0,0,,0,3,3,1,0,0,1,0,0
2024-11-29_hawaii_fresno_st,Fresno St.,12,"Watkins, Avery",False,4,0,2,0.0,0,0,,0,0,,0,0,0,0,0,0,0,0,0
2024-11-29_hawaii_fresno_st,Fresno St.,15,"Amundsen, Laney",False,2,0,1,0.0,0,0,,0,0,,0,0,0,1,0,0,0,0,0
2024-11-29_hawaii_fresno_st,Fresno St.,TM,TEAM,False,0,0,0,,0,0,,0,0,,4,2,6,0,0,0,0,0,0
2024-11-29_hawaii_fresno_st,Hawaii,24,"Tamilo, Ritorya",True,21,7,11,0.636,0,1,0.0,2,3,0.667,1,6,7,1,1,0,3,1,16
2024-11-29_hawaii_fresno_st,Hawaii,03,"Wahinekapu, Lily",True,29,4,11,0.364,0,3,0.0,4,4,1.0,1,3,4,1,1,3,0,4,12
2024-11-29_hawaii_fresno_st,Hawaii,15,"Phillips, Daejah",True,30,2,10,0.2,1,3,0.333,3,6,0.5,2,5,7,5,6,1,0,2,8
2024-11-29_hawaii_fresno_st,Hawaii,23,"McBee, MeiLani",True,32,2,11,0.182,1,7,0.143,0,0,,1,2,3,3,0,1,0,0,5
2024-11-29_hawaii_fresno_st,Hawaii,12,"Perez, Imani",True,34,1,5,0.2,0,3,0.0,0,0,,2,4,6,3,2,2,2,2,2
2024-11-29_hawaii_fresno_st,Hawaii,02,"'Uhila, Mia",False,10,1,3,0.333,1,2,0.5,0,0,,1,2,3,0,1,0,0,0,3
2024-11-29_hawaii_fresno_st,Hawaii,22,"Peacock, Jade",False,22,1,4,0.25,0,2,0.0,0,0,,1,2,3,0,1,1,2,0,2
2024-11-29_hawaii_fresno_st,Hawaii,14,"Rewers, Brooklyn",False,11,1,4,0.25,0,1,0.0,0,0,,1,4,5,2,0,1,3,0,2
2024-11-29_hawaii_fresno_st,Hawaii,01,"Imai, Kelsie",False,11,0,1,0.0,0,0,,0,0,,0,1,1,2,0,0,0,1,0
2024-11-29_hawaii_fresno_st,Hawaii,TM,TEAM,False,0,0,0,,0,0,,0,0,,2,1,3,0,0,2,0,0,0
2024-11-29_stanford_uc_san_diego,UC San Diego,03,"Sugapong, Sumayah",True,38,9,23,0.391,1,3,0.333,2,4,0.5,0,6,6,0,3,4,1,7,21
2024-11-29_stanford_uc_san_diego,UC San Diego,25,"Mahan, Junaé",True,29,5,10,0.5,0,1,0.0,0,1,0.0,2,2,4,1,0,3,2,2,10
2024-11-29_stanford_uc_san_diego,UC San Diego,15,"Ma, Sabrina",True,21,3,7,0.429,2,3,0.667,1,2,0.5,2,1,3,5,1,4,0,2,9
2024-11-29_stanford_uc_san_diego,UC San Diego,24,"Spriggs, Kayanna",True,34,2,7,0.286,0,0,,4,4,1.0,3,2,5,4,0,2,1,1,8
2024-11-29_stanford_uc_san_diego,UC San Diego,21,"Polocheck, Nicki",True,29,1,8,0.125,0,5,0.0,0,0,,0,2,2,1,1,1,0,3,2
2024-11-29_stanford_uc_san_diego,UC San Diego,23,"Blithikioti, Eri",False,15,1,2,0.5,0,0,,0,0,,0,1,1,1,0,1,0,1,2
2024-11-29_stanford_uc_san_diego,UC San Diego,32,"Montgomery, Parker",False,9,1,4,0.25,0,2,0.0,0,0,,0,1,1,1,1,1,0,1,2
2024-11-29_stanford_uc_san_diego,UC San Diego,12,"Smith, Rosa",False,12,0,2,0.0,0,1,0.0,0,0,,0,1,1,0,0,1,0,0,0
2024-11-29_stanford_uc_san_diego,UC San Diego,05,"Louther, Gabby",False,5,0,0,,0,0,,0,0,,0,0,0,1,0,0,0,0,0
2024-11-29_stanford_uc_san_diego,UC San Diego,30,"Sule, Damilola",False,3,0,2,0.0,0,0,,0,0,,1,0,1,0,0,0,0,0,0
2024-11-29_stanford_uc_san_diego,UC San Diego,33,"Svoboda, Emma",False,3,0,0,,0,0,,0,0,,0,2,2,1,0,0,0,0,0
2024-11-29_stanford_uc_san_diego,UC San Diego,02,"Talbot, Grace",False,2,0,0,,0,0,,0,0,,0,0,0,1,0,0,0,0,0
2024-11-29_stanford_uc_san_diego,UC San Diego,TM,TEAM,False,0,0,0,,0,0,,0,0,,0,0,0,0,0,0,0,0,0
2024-11-29_stanford_uc_san_diego,Stanford,20,"Bosgana, Elena",True,30,10,10,1.0,5,5,1.0,1,2,0.5,0,6,6,0,3,4,0,4,26
2024-11-29_stanford_uc_san_diego,Stanford,03,"Agara, Nunu",True,27,8,12,0.667,2,4,0.5,4,5,0.8,1,5,6,1,1,4,0,0,22
2024-11-29_stanford_uc_san_diego,Stanford,34,"Heal, Tess",True,23,5,6,0.833,2,3,0.667,1,1,1.0,0,2,2,3,3,0,0,0,13
2024-11-29_stanford_uc_san_diego,Stanford,21,"Demetre, Brooke",True,26,6,11,0.545,0,4,0.0,0,1,0.0,2,4,6,4,5,1,2,2,12
2024-11-29_stanford_uc_san_diego,Stanford,32,"Harriel, Jzaniya",True,18,0,1,0.0,0,1,0.0,1,2,0.5,0,3,3,0,3,3,0,3,1
2024-11-29_stanford_uc_san_diego,Stanford,06,"Ijiwoye, Shay",False,17,2,7,0.286,0,3,0.0,0,1,0.0,0,6,6,3,0,3,0,0,4
2024-11-29_stanford_uc_san_diego,Stanford,13,"Clardy, Chloe",False,14,1,5,0.2,0,1,0.0,0,0,,0,1,1,3,1,2,0,0,2
2024-11-29_stanford_uc_san_diego,Stanford,22,"Stevenson, Mary Ashley",False,12,0,1,0.0,0,0,,2,2,1.0,1,4,5,2,1,3,0,0,2
2024-11-29_stanford_uc_san_diego,Stanford,24,"Papadaki, Stavi",False,11,1,2,0.5,0,0,,0,2,0.0,0,0,0,0,0,0,1,2,2
2024-11-29_stanford_uc_san_diego,Stanford,40,"Ogden, Courtney",False,11,0,1,0.0,0,0,,0,0,,3,2,5,1,0,1,0,1,0
2024-11-29_stanford_uc_san_diego,Stanford,15,"Peterson, Harper",False,6,0,1,0.0,0,1,0.0,0,0,,1,1,2,0,0,2,1,0,0
2024-11-29_stanford_uc_san_diego,Stanford,45,"Umeh, Kennedy",False,4,0,1,0.0,0,0,,0,2,0.0,2,1,3,0,1,1,0,1,0
2024-11-29_stanford_uc_san_diego,Stanford,31,"Green, Lauren",False,1,0,0,,0,0,,0,0,,1,0,1,0,0,1,0,0,0
2024-11-29_stanford_uc_san_diego,Stanford,TM,TEAM,False,0,0,0,,0,0,,0,0,,2,2,4,0,0,0,0,0,0
2024-11-29_grand_canyon_uc_santa_barbara,UC Santa Barbara,03,"Marin, Alyssa",True,22,5,15,0.333,2,5,0.4,3,3,1.0,1,1,2,3,1,1,0,1,15
2024-11-29_grand_canyon_uc_santa_barbara,UC Santa Barbara,10,"Choice, Anya",True,26,4,5,0.8,0,0,,1,1,1.0,1,1,2,2,1,3,0,0,9
2024-11-29_grand_canyon_uc_santa_barbara,UC Santa Barbara,55,"Burke, Skylar",True,24,3,8,0.375,0,1,0.0,3,6,0.5,1,5,6,1,2,4,0,1,9
2024-11-29_grand_canyon_uc_santa_barbara,UC Santa Barbara,02,"Borter, Zoe",True,26,1,7,0.143,1,4,0.25,1,2,0.5,0,4,4,1,1,1,0,1,4
2024-11-29_grand_canyon_uc_santa_barbara,UC Santa Barbara,20,"Rockwood, Laurel",True,24,0,2,0.0,0,0,,0,0,,5,4,9,1,0,1,0,0,0
2024-11-29_grand_canyon_uc_santa_barbara,UC Santa Barbara,31,"Pietsch, Martha",False,22,4,8,0.5,3,6,0.5,0,0,,1,5,6,1,1,3,0,0,11
2024-11-29_grand_canyon_uc_santa_barbara,UC Santa Barbara,32,"Grant, Jessica",False,25,2,4,0.5,2,4,0.5,0,0,,0,1,1,1,0,2,0,1,6
2024-11-29_grand_canyon_uc_santa_barbara,UC Santa Barbara,14,"Coon, Kanani",False,12,2,3,0.667,0,1,0.0,0,0,,1,2,3,0,1,2,0,0,4
2024-11-29_grand_canyon_uc_santa_barbara,UC Santa Barbara,22,"Williams, Cayla",False,11,0,0,,0,0,,0,0,,0,0,0,1,0,0,0,0,0
2024-11-29_grand_canyon_uc_santa_barbara,UC Santa Barbara,13,"Goed, Flora",False,5,0,0,,0,0,,0,0,,0,0,0,1,0,0,0,0,0
2024-11-29_grand_canyon_uc_santa_barbara,UC Santa Barbara,24,"Ranjitkar, Arshiya",False,3,0,1,0.0,0,1,0.0,0,0,,0,0,0,0,0,0,0,0,0
2024-11-29_grand_canyon_uc_santa_barbara,UC Santa Barbara,TM,TEAM,False,0,0,0,,0,0,,0,0,,0,3,3,0,0,4,0,0,0
2024-11-29_grand_canyon_uc_santa_barbara,Grand Canyon,20,"Erikstrup, Laura",True,32,8,10,0.8,0,2,0.0,2,2,1.0,3,5,8,3,2,4,1,1,18
2024-11-29_grand_canyon_uc_santa_barbara,Grand Canyon,23,"San Antonio, Trinity",True,24,6,16,0.375,1,4,0.25,3,5,0.6,0,3,3,4,6,0,0,3,16
2024-11-29_grand_canyon_uc_santa_barbara,Grand Canyon,24,"Brown, Tiarra",True,29,3,8,0.375,1,2,0.5,2,2,1.0,0,7,7,1,4,0,1,4,9
2024-11-29_grand_canyon_uc_santa_barbara,Grand Canyon,12,"Durazo-Frescas, Alyssa",True,33,4,7,0.571,0,2,0.0,0,0,,1,1,2,1,2,1,0,0,8
2024-11-29_grand_canyon_uc_santa_barbara,Grand Canyon,00,"Cooper, Callie",True,26,1,5,0.2,0,2,0.0,0,0,,0,3,3,2,2,0,0,0,2
2024-11-29_grand_canyon_uc_santa_barbara,Grand Canyon,04,"Obiazor, Nneka",False,17,6,11,0.545,0,1,0.0,1,3,0.333,1,2,3,0,2,3,0,0,13
2024-11-29_grand_canyon_uc_santa_barbara,Grand Canyon,11,"Erikstrup, Sydney",False,10,1,4,0.25,1,3,0.333,0,0,,1,1,2,0,1,0,1,0,3
2024-11-29_grand_canyon_uc_santa_barbara,Grand Canyon,14,"Ostlie, Anna",False,20,0,0,,0,0,,0,0,,0,0,0,2,1,1,0,2,0
2024-11-29_grand_canyon_uc_santa_barbara,Grand Canyon,02,"Sra, Asha",False,5,0,0,,0,0,,0,0,,0,0,0,2,0,0,0,0,0
2024-11-29_grand_canyon_uc_santa_barbara,Grand Canyon,42,"Ghaifan, Lucy",False,2,0,0,,0,0,,0,0,,0,0,0,0,0,0,0,0,0
2024-11-29_grand_canyon_uc_santa_barbara,Grand Canyon,10,"Mullings, Bridget",False,1,0,0,,0,0,,0,0,,0,0,0,0,0,0,1,0,0
2024-11-29_grand_canyon_uc_santa_barbara,Grand Canyon,22,"Elsholz, Kaitlyn",False,1,0,0,,0,0,,0,0,,0,0,0,0,0,0,0,0,0
2024-11-29_grand_canyon_uc_santa_barbara,Grand Canyon,TM,TEAM,False,0,0,0,,0,0,,0,0,,0,0,0,0,0,1,0,0,0
2024-11-30_portland_st_uc_davis,UC Davis,14,"Sabel, Tova",True,32,6,14,0.429,4,11,0.364,1,2,0.5,2,9,11,0,0,3,1,0,17
2024-11-30_portland_st_uc_davis,UC Davis,25,"Norris, Megan",True,27,6,10,0.6,1,1,1.0,1,2,0.5,2,4,6,4,2,1,3,0,14
2024-11-30_portland_st_uc_davis,UC Davis,33,"Harris, Mazatlan",True,30,3,8,0.375,2,6,0.333,0,0,,5,4,9,0,1,1,0,1,8
2024-11-30_portland_st_uc_davis,UC Davis,13,"Burns, Sydney",True,29,2,8,0.25,0,3,0.0,0,0,,0,1,1,2,7,2,0,0,4
2024-11-30_portland_st_uc_davis,UC Davis,04,"Epps, Nya",True,24,1,5,0.2,0,1,0.0,1,2,0.5,4,2,6,2,6,3,0,2,3
2024-11-30_portland_st_uc_davis,UC Davis,09,"Sussex, Avery",False,13,3,10,0.3,3,9,0.333,0,0,,0,1,1,0,0,0,0,2,9
2024-11-30_portland_st_uc_davis,UC Davis,02,"Bennett, Ryann",False,20,1,5,0.2,0,4,0.0,0,0,,0,1,1,2,2,5,0,1,2
2024-11-30_portland_st_uc_davis,UC Davis,05,"Fitzgerald, Ally",False,7,0,0,,0,0,,2,2,1.0,0,1,1,0,0,0,0,0,2
2024-11-30_portland_st_uc_davis,UC Davis,11,"Glad, Clara",False,4,1,2,0.5,0,1,0.0,0,0,,0,0,0,0,0,0,0,0,2
2024-11-30_portland_st_uc_davis,UC Davis,41,"Shine, Bria",False,9,0,2,0.0,0,0,,0,0,,2,1,3,1,0,2,0,1,0
2024-11-30_portland_st_uc_davis,UC Davis,23,"Baker, Victoria",False,5,0,0,,0,0,,0,0,,1,1,2,1,1,1,0,0,0
2024-11-30_portland_st_uc_davis,UC Davis,TM,TEAM,False,0,0,0,,0,0,,0,0,,3,1,4,0,0,0,0,0,0
2024-11-30_portland_st_uc_davis,Portland St.,22,"Ogele, Rhema",True,29,8,16,0.5,0,0,,0,2,0.0,2,11,13,2,1,1,1,0,16
2024-11-30_portland_st_uc_davis,Portland St.,01,"Fitzgerald, Alaya",True,21,3,7,0.429,2,4,0.5,2,2,1.0,1,1,2,3,3,3,0,1,10
2024-11-30_portland_st_uc_davis,Portland St.,23,"Moffat, Taylor",True,25,2,9,0.222,1,6,0.167,2,2,1.0,2,2,4,0,4,3,0,2,7
2024-11-30_portland_st_uc_davis,Portland St.,11,"Torres-Kahapea, Laynee",True,38,3,10,0.3,0,3,0.0,0,0,,0,1,1,0,3,3,0,0,6
2024-11-30_portland_st_uc_davis,Portland St.,08,"Haltom, Joy",True,36,0,2,0.0,0,1,0.0,0,0,,2,0,2,3,0,0,1,3,0
2024-11-30_portland_st_uc_davis,Portland St.,12,"Brown, Kyleigh",False,22,6,10,0.6,1,3,0.333,5,5,1.0,1,2,3,3,1,1,0,1,18
2024-11-30_portland_st_uc_davis,Portland St.,02,"Carter, Jamia",False,17,2,4,0.5,1,2,0.5,0,2,0.0,0,1,1,1,1,0,0,1,5
2024-11-30_portland_st_uc_davis,Portland St.,21,"Turner, Courtney",False,8,1,2,0.5,0,0,,0,0,,0,2,2,0,0,1,1,0,2
2024-11-30_portland_st_uc_davis,Portland St.,20,"Best, Katelyn",False,3,1,2,0.5,0,0,,0,0,,2,0,2,0,0,0,0,0,2
2024-11-30_portland_st_uc_davis,Portland St.,00,"Llanos, Sofia",False,1,0,0,,0,0,,0,0,,0,0,0,0,1,0,0,0,0
2024-11-30_portland_st_uc_davis,Portland St.,TM,TEAM,False,0,0,0,,0,0,,0,0,,1,2,3,0,0,0,0,0,0
2024-11-30_hawaii_ut_martin,UT Martin,04,"Brown, Anaya",True,31,3,8,0.375,0,1,0.0,5,8,0.625,1,3,4,1,1,2,0,3,11
2024-11-30_hawaii_ut_martin,UT Martin,44,"McCarn, Kenley",True,29,1,12,0.083,0,7,0.0,4,4,1.0,1,0,1,4,0,2,0,1,6
2024-11-30_hawaii_ut_martin,UT Martin,11,"Littleford, Shae",True,33,1,7,0.143,1,4,0.25,2,2,1.0,0,2,2,0,0,2,0,0,5
2024-11-30_hawaii_ut_martin,UT Martin,02,"McCarn, Kaitlyn",True,30,1,8,0.125,1,2,0.5,0,2,0.0,2,5,7,4,1,3,0,0,3
2024-11-30_hawaii_ut_martin,UT Martin,12,"Rubel, Lexi",True,29,1,2,0.5,0,0,,0,0,,0,3,3,3,0,1,0,1,2
2024-11-30_hawaii_ut_martin,UT Martin,01,"Richmond, Daejah",False,23,4,7,0.571,0,1,0.0,0,0,,2,4,6,3,1,0,0,1,8
2024-11-30_hawaii_ut_martin,UT Martin,23,"Armbrister, Kayana",False,11,1,2,0.5,0,0,,0,2,0.0,0,0,0,1,1,0,0,1,2
2024-11-30_hawaii_ut_martin,UT Martin,14,"Stephens, Abby",False,10,1,1,1.0,0,0,,0,0,,1,0,1,0,0,1,0,1,2
2024-11-30_hawaii_ut_martin,UT Martin,25,"Clark, Norah",False,4,0,1,0.0,0,1,0.0,0,0,,0,0,0,2,0,1,0,0,0
2024-11-30_hawaii_ut_martin,UT Martin,33,"Jones, Mauryah",False,,0,0,,0,0,,0,0,,0,0,0,0,0,0,0,0,0
2024-11-30_hawaii_ut_martin,UT Martin,TM,TEAM,False,0,0,0,,0,0,,0,0,,3,4,7,0,0,1,0,0,0
2024-11-30_hawaii_ut_martin,Hawaii,03,"Wahinekapu, Lily",True,27,3,9,0.333,0,2,0.0,4,5,0.8,5,6,11,2,3,5,0,2,10
2024-11-30_hawaii_ut_martin,Hawaii,24,"Tamilo, Ritorya",True,17,4,7,0.571,0,0,,1,4,0.25,2,8,10,2,1,1,0,0,9
2024-11-30_hawaii_ut_martin,Hawaii,15,"Phillips, Daejah",True,37,2,4,0.5,0,2,0.0,4,6,0.667,1,1,2,3,2,2,2,2,8
2024-11-30_hawaii_ut_martin,Hawaii,12,"Perez, Imani",True,24,2,6,0.333,0,2,0.0,1,2,0.5,1,0,1,4,0,1,0,0,5
2024-11-30_hawaii_ut_martin,Hawaii,23,"McBee, MeiLani",True,20,1,6,0.167,1,6,0.167,0,0,,1,0,1,1,1,0,0,1,3
2024-11-30_hawaii_ut_martin,Hawaii,10,"Kujovic, Danijela",False,20,2,3,0.667,2,3,0.667,0,0,,0,1,1,5,0,1,1,0,6
2024-11-30_hawaii_ut_martin,Hawaii,22,"Peacock, Jade",False,22,1,4,0.25,1,3,0.333,0,0,,0,3,3,1,1,1,1,1,3
2024-11-30_hawaii_ut_martin,Hawaii,02,"'Uhila, Mia",False,11,1,1,1.0,0,0,,1,2,0.5,1,1,2,1,0,2,0,0,3
2024-11-30_hawaii_ut_martin,Hawaii,01,"Imai, Kelsie",False,12,0,1,0.0,0,1,0.0,0,0,,0,1,1,0,0,3,0,1,0
2024-11-30_hawaii_ut_martin,Hawaii,14,"Rewers, Brooklyn",False,6,0,2,0.0,0,0,,0,0,,0,2,2,0,0,1,1,0,0
2024-11-30_hawaii_ut_martin,Hawaii,08,"Moors, Rebecca",False,4,0,2,0.0,0,0,,0,0,,0,0,0,0,0,1,0,0,0
2024-11-30_hawaii_ut_martin,Hawaii,TM,TEAM,False,0,0,0,,0,0,,0,0,,1,4,5,0,0,0,0,0,0
2024-11-30_denver_uc_irvine,UC Irvine,14,"Hanson, Summah",True,31,7,14,0.5,1,2,0.5,4,4,1.0,4,5,9,4,1,1,1,0,19
2024-11-30_denver_uc_irvine,UC Irvine,21,"Williams, Olivia",True,35,3,8,0.375,1,4,0.25,5,5,1.0,0,0,0,2,1,4,0,1,12
2024-11-30_denver_uc_irvine,UC Irvine,24,"Dean, Nevaeh",True,20,3,7,0.429,0,2,0.0,2,2,1.0,5,3,8,2,3,1,0,1,8
2024-11-30_denver_uc_irvine,UC Irvine,13,"Lee, Déja",True,27,2,7,0.286,1,4,0.25,2,2,1.0,0,5,5,4,2,6,0,3,7
2024-11-30_denver_uc_irvine,UC Irvine,3,"Tom, Nikki",True,32,0,4,0.0,0,4,0.0,1,2,0.5,1,5,6,0,1,2,0,0,1
2024-11-30_denver_uc_irvine,UC Irvine,11,"Scharpf, Amelia",False,18,1,5,0.2,0,1,0.0,0,0,,1,1,2,2,0,1,0,0,2
2024-11-30_denver_uc_irvine,UC Irvine,12,"Nahum, Shirel",False,11,0,3,0.0,0,1,0.0,1,2,0.5,1,0,1,2,1,0,0,0,1
2024-11-30_denver_uc_irvine,UC Irvine,1,"Brooks, Jaida",False,22,0,5,0.0,0,3,0.0,0,0,,0,0,0,1,2,0,0,0,0
2024-11-30_denver_uc_irvine,UC Irvine,9,"Falcon Hernandez, Daniela",False,4,0,0,,0,0,,0,0,,0,0,0,1,0,0,0,0,0
2024-11-30_denver_uc_irvine,UC Irvine,TM,TEAM,False,0,0,0,,0,0,,0,0,,2,2,4,0,0,1,0,0,0
2024-11-30_denver_uc_irvine,Denver,4,"Jones, Jordan",True,31,5,9,0.556,0,1,0.0,8,11,0.727,1,6,7,3,5,3,0,2,18
2024-11-30_denver_uc_irvine,Denver,3,"Smith, Emma",True,36,5,7,0.714,2,4,0.5,2,2,1.0,2,3,5,3,2,2,0,3,14
2024-11-30_denver_uc_irvine,Denver,2,"Robles, Angelina",True,31,4,8,0.5,2,4,0.5,3,5,0.6,3,3,6,0,2,2,0,0,13
2024-11-30_denver_uc_irvine,Denver,12,"Monclova, Laia",True,25,3,7,0.429,0,3,0.0,0,0,,0,1,1,1,1,2,0,1,6
2024-11-30_denver_uc_irvine,Denver,32,"Esparza, Lily",True,27,1,3,0.333,0,1,0.0,0,0,,1,1,2,3,0,1,1,0,2
2024-11-30_denver_uc_irvine,Denver,10,"Watts, Coryn",False,24,2,5,0.4,0,3,0.0,0,0,,0,0,0,1,0,0,0,2,4
2024-11-30_denver_uc_irvine,Denver,11,"Counsel, Emily",False,11,1,4,0.25,1,3,0.333,0,0,,0,1,1,0,1,1,0,0,3
2024-11-30_denver_uc_irvine,Denver,15,"Brown, Alaisha",False,8,0,0,,0,0,,0,0,,0,1,1,2,0,0,0,0,0
2024-11-30_denver_uc_irvine,Denver,33,"Wilson, Mary",False,7,0,4,0.0,0,4,0.0,0,0,,0,1,1,0,0,1,0,1,0
2024-11-30_denver_uc_irvine,Denver,TM,TEAM,False,0,0,0,,0,0,,0,0,,0,7,7,0,0,4,0,0,0
2024-11-30_seattle_u_uc_santa_barbara,UC Santa Barbara,02,"Borter, Zoe",True,38,7,17,0.412,4,7,0.571,4,4,1.0,3,2,5,1,1,1,0,0,22
2024-11-30_seattle_u_uc_santa_barbara,UC Santa Barbara,55,"Burke, Skylar",True,26,6,8,0.75,0,0,,2,3,0.667,1,1,2,2,1,3,0,0,14
2024-11-30_seattle_u_uc_santa_barbara,UC Santa Barbara,03,"Marin, Alyssa",True,33,3,11,0.273,0,4,0.0,6,8,0.75,0,1,1,2,3,1,0,2,12
2024-11-30_seattle_u_uc_santa_barbara,UC Santa Barbara,20,"Rockwood, Laurel",True,20,1,3,0.333,0,0,,2,2,1.0,3,5,8,4,0,1,0,2,4
2024-11-30_seattle_u_uc_santa_barbara,UC Santa Barbara,10,"Choice, Anya",True,17,1,4,0.25,1,2,0.5,0,0,,0,1,1,2,0,2,0,0,3
2024-11-30_seattle_u_uc_santa_barbara,UC Santa Barbara,31,"Pietsch, Martha",False,26,3,8,0.375,1,6,0.167,0,0,,0,1,1,2,4,0,1,1,7
2024-11-30_seattle_u_uc_santa_barbara,UC Santa Barbara,32,"Grant, Jessica",False,17,2,6,0.333,2,6,0.333,0,0,,1,0,1,0,2,0,0,0,6
2024-11-30_seattle_u_uc_santa_barbara,UC Santa Barbara,13,"Goed, Flora",False,18,1,2,0.5,0,0,,0,0,,1,1,2,2,2,1,0,0,2
2024-11-30_seattle_u_uc_santa_barbara,UC Santa Barbara,14,"Coon, Kanani",False,3,1,1,1.0,0,0,,0,0,,0,0,0,0,0,0,0,0,2
2024-11-30_seattle_u_uc_santa_barbara,UC Santa Barbara,11,"Williams, Cayla",False,2,0,0,,0,0,,0,0,,0,0,0,0,0,0,0,0,0
2024-11-30_seattle_u_uc_santa_barbara,UC Santa Barbara,TM,TEAM,False,0,0,0,,0,0,,0,0,,4,6,10,0,0,1,0,0,0
2024-11-30_seattle_u_uc_santa_barbara,Seattle U,23,"Edokpaigbe, Candy",True,31,2,5,0.4,0,1,0.0,5,6,0.833,2,1,3,4,1,1,0,1,9
2024-11-30_seattle_u_uc_santa_barbara,Seattle U,15,"Liggett, Sheridan",True,26,3,6,0.5,1,3,0.333,1,1,1.0,0,5,5,3,5,3,0,0,8
2024-11-30_seattle_u_uc_santa_barbara,Seattle U,34,"Bryan, Christeina",True,16,2,3,0.667,0,0,,4,4,1.0,0,2,2,4,1,2,0,2,8
2024-11-30_seattle_u_uc_santa_barbara,Seattle U,24,"Rodriguez, Sydnie",True,17,2,2,1.0,2,2,1.0,0,0,,0,1,1,0,0,1,0,0,6
2024-11-30_seattle_u_uc_santa_barbara,Seattle U,14,"Stricklin, Tamia",True,30,1,4,0.25,0,1,0.0,1,2,0.5,0,3,3,2,0,1,0,0,3
2024-11-30_seattle_u_uc_santa_barbara,Seattle U,02,"Kozlova, Taisiya",False,28,6,10,0.6,4,6,0.667,0,0,,3,7,10,2,0,3,1,1,16
2024-11-30_seattle_u_uc_santa_barbara,Seattle U,77,"Benharouga, Sophie",False,17,3,9,0.333,0,2,0.0,1,4,0.25,0,3,3,1,2,2,0,0,7
2024-11-30_seattle_u_uc_santa_barbara,Seattle U,11,"Moore, Olivia",False,28,2,7,0.286,1,4,0.25,0,0,,0,0,0,2,3,2,0,0,5
2024-11-30_seattle_u_uc_santa_barbara,Seattle U,01,"Walker, Julianna",False,7,0,0,,0,0,,0,0,,0,0,0,1,0,0,0,0,0
2024-11-30_seattle_u_uc_santa_barbara,Seattle U,TM,TEAM,False,0,0,0,,0,0,,0,0,,2,2,4,0,0,1,0,0,0
2024-11-30_saint_marys_ca_uc_riverside,UC Riverside,5,"Duchemin, Shelley",True,31,5,11,0.455,1,2,0.5,4,6,0.667,0,6,6,3,2,5,0,3,15
2024-11-30_saint_marys_ca_uc_riverside,UC Riverside,11,"Matarranz, Esther",True,37,5,8,0.625,0,0,,4,4,1.0,2,14,16,2,0,1,2,6,14
2024-11-30_saint_marys_ca_uc_riverside,UC Riverside,3,"Tillery, Zoe",True,28,2,8,0.25,1,3,0.333,2,4,0.5,0,2,2,0,3,5,0,2,7
2024-11-30_saint_marys_ca_uc_riverside,UC Riverside,2,"Hackley, Seneca",True,39,1,6,0.167,1,6,0.167,2,2,1.0,0,4,4,1,2,2,0,1,5
2024-11-30_saint_marys_ca_uc_riverside,UC Riverside,00,"Rose, Makayla",True,29,1,6,0.167,1,5,0.2,0,0,,2,0,2,0,1,2,0,2,3
2024-11-30_saint_marys_ca_uc_riverside,UC Riverside,13,"Chocano, Maya",False,9,1,3,0.333,1,3,0.333,0,0,,0,2,2,2,0,0,0,0,3
2024-11-30_saint_marys_ca_uc_riverside,UC Riverside,7,"Wickstrom, Hannah",False,11,0,2,0.0,0,1,0.0,2,2,1.0,0,0,0,1,2,0,1,3,2
2024-11-30_saint_marys_ca_uc_riverside,UC Riverside,1,"Polk, Kaylani",False,8,0,0,,0,0,,0,0,,1,0,1,0,1,2,0,0,0
2024-11-30_saint_marys_ca_uc_riverside,UC Riverside,10,"Minshall, Makayla",False,4,0,0,,0,0,,0,0,,0,0,0,1,0,2,0,0,0
2024-11-30_saint_marys_ca_uc_riverside,UC Riverside,12,"Cutler, Gemma",False,3,0,0,,0,0,,0,0,,0,0,0,0,0,0,0,0,0
2024-11-30_saint_marys_ca_uc_riverside,UC Riverside,4,"Marshall, Jordyn",False,1,0,0,,0,0,,0,0,,0,1,1,0,0,2,0,0,0
2024-11-30_saint_marys_ca_uc_riverside,UC Riverside,TM,TEAM,False,0,0,0,,0,0,,0,0,,2,0,2,0,0,1,0,0,0
2024-11-30_saint_marys_ca_uc_riverside,Saint Mary's (CA),21,"Johnson, Kennedy",True,29,3,9,0.333,1,3,0.333,2,2,1.0,1,4,5,2,2,1,1,2,9
2024-11-30_saint_marys_ca_uc_riverside,Saint Mary's (CA),5,"Shoff, Abigail",True,22,2,5,0.4,1,1,1.0,2,2,1.0,0,2,2,2,0,0,0,1,7
2024-11-30_saint_marys_ca_uc_riverside,Saint Mary's (CA),8,"Foy, Emily",True,23,1,4,0.25,1,2,0.5,0,0,,0,2,2,2,1,2,0,0,3
2024-11-30_saint_marys_ca_uc_riverside,Saint Mary's (CA),22,"Afeaki, Melesungu",True,18,1,8,0.125,0,0,,0,0,,1,1,2,1,0,1,0,0,2
2024-11-30_saint_marys_ca_uc_riverside,Saint Mary's (CA),9,"Jones, Maia",True,24,0,3,0.0,0,2,0.0,0,0,,0,4,4,2,1,4,1,1,0
2024-11-30_saint_marys_ca_uc_riverside,Saint Mary's (CA),33,"Wedin, Ella",False,20,3,5,0.6,2,4,0.5,0,0,,0,2,2,3,0,1,0,0,8
2024-11-30_saint_marys_ca_uc_riverside,Saint Mary's (CA),00,"Hunter, Jada",False,15,2,4,0.5,0,1,0.0,0,0,,1,1,2,3,1,3,0,1,4
2024-11-30_saint_marys_ca_uc_riverside,Saint Mary's (CA),3,"Hashemian-orr, Mauriana",False,22,1,2,0.5,0,0,,0,0,,0,2,2,1,4,3,0,2,2
2024-11-30_saint_marys_ca_uc_riverside,Saint Mary's (CA),7,"Clarke, Edie",False,10,1,5,0.2,0,0,,0,0,,0,2,2,0,0,1,0,1,2
2024-11-30_saint_marys_ca_uc_riverside,Saint Mary's (CA),24,"Aokuso, Zeryhia",False,7,0,1,0.0,0,0,,2,2,1.0,0,0,0,1,0,2,0,0,2
2024-11-30_saint_marys_ca_uc_riverside,Saint Mary's (CA),4,"Murphy, Sasha",False,5,1,1,1.0,0,0,,0,0,,0,1,1,2,0,0,0,1,2
2024-11-30_saint_marys_ca_uc_riverside,Saint Mary's (CA),2,"Kurkowski, Amy",False,3,0,1,0.0,0,1,0.0,0,0,,0,0,0,0,0,1,1,0,0
2024-11-30_saint_marys_ca_uc_riverside,Saint Mary's (CA),31,"Bernard, Nadia",False,2,0,0,,0,0,,0,0,,0,1,1,0,0,0,0,0,0
2024-11-30_saint_marys_ca_uc_riverside,Saint Mary's (CA),TM,TEAM,False,0,0,0,,0,0,,0,0,,1,1,2,0,0,1,0,0,0
2024-12-01_hawaii_ucla,UCLA,01,"Rice, Kiki",True,30,7,10,0.7,2,4,0.5,5,5,1.0,0,2,2,4,1,1,1,2,21
2024-12-01_hawaii_ucla,UCLA,51,"Betts, Lauren",True,20,6,12,0.5,0,0,,6,8,0.75,2,1,3,3,1,2,2,1,18
2024-12-01_hawaii_ucla,UCLA,11,"Jaquez, Gabriela",True,30,5,6,0.833,1,1,1.0,0,2,0.0,2,5,7,3,1,1,0,0,11
2024-12-01_hawaii_ucla,UCLA,32,"Dugalić, Angela",True,24,1,8,0.125,0,2,0.0,3,3,1.0,1,3,4,3,1,0,0,0,5
2024-12-01_hawaii_ucla,UCLA,03,"Jones, Londynn",True,23,0,6,0.0,0,3,0.0,2,2,1.0,1,1,2,1,1,0,0,0,2
2024-12-01_hawaii_ucla,UCLA,00,"Barker, Janiah",False,19,2,5,0.4,0,2,0.0,3,6,0.5,0,6,6,5,1,3,0,1,7
2024-12-01_hawaii_ucla,UCLA,07,"Aarnisalo, Elina",False,23,2,3,0.667,0,1,0.0,0,0,,0,3,3,2,4,2,0,1,4
2024-12-01_hawaii_ucla,UCLA,30,"Gardiner, Timea",False,21,1,5,0.2,0,2,0.0,0,0,,1,2,3,0,0,0,0,0,2
2024-12-01_hawaii_ucla,UCLA,22,"Dudley, Kendall",False,6,0,1,0.0,0,0,,0,0,,2,2,4,1,0,3,0,0,0
2024-12-01_hawaii_ucla,UCLA,02,"Cain, Avary",False,4,0,1,0.0,0,1,0.0,0,0,,2,1,3,0,0,0,0,0,0
2024-12-01_hawaii_ucla,UCLA,TM,TEAM,False,0,0,0,,0,0,,0,0,,5,2,7,0,0,2,0,0,0
2024-12-01_hawaii_ucla,Hawaii,03,"Wahinekapu, Lily",True,28,3,12,0.25,2,5,0.4,2,2,1.0,1,3,4,2,1,2,0,0,10
2024-12-01_hawaii_ucla,Hawaii,15,"Phillips, Daejah",True,25,3,9,0.333,0,4,0.0,3,4,0.75,1,1,2,4,0,3,0,1,9
2024-12-01_hawaii_ucla,Hawaii,14,"Rewers, Brooklyn",True,29,2,10,0.2,1,6,0.167,3,5,0.6,0,6,6,3,0,3,2,0,8
2024-12-01_hawaii_ucla,Hawaii,23,"McBee, MeiLani",True,21,2,4,0.5,1,2,0.5,3,3,1.0,1,2,3,2,1,1,1,1,8
2024-12-01_hawaii_ucla,Hawaii,12,"Perez, Imani",True,18,0,2,0.0,0,1,0.0,0,0,,0,1,1,4,1,1,0,0,0
2024-12-01_hawaii_ucla,Hawaii,08,"Moors, Rebecca",False,16,2,2,1.0,1,1,1.0,0,0,,0,0,0,1,0,0,0,0,5
2024-12-01_hawaii_ucla,Hawaii,01,"Imai, Kelsie",False,22,0,5,0.0,0,1,0.0,4,4,1.0,3,0,3,2,3,2,0,0,4
2024-12-01_hawaii_ucla,Hawaii,22,"Peacock, Jade",False,13,1,3,0.333,1,2,0.5,0,0,,1,1,2,0,0,1,0,0,3
2024-12-01_hawaii_ucla,Hawaii,10,"Kujovic, Danijela",False,26,1,6,0.167,0,3,0.0,0,0,,1,1,2,3,0,1,4,1,2
2024-12-01_hawaii_ucla,Hawaii,02,"'Uhila, Mia",False,2,0,0,,0,0,,0,0,,0,0,0,0,0,1,0,0,0
2024-12-01_hawaii_ucla,Hawaii,TM,TEAM,False,0,0,0,,0,0,,0,0,,0,3,3,0,0,2,0,0,0
2024-12-01_long_beach_st_pepperdine,Pepperdine,3,"Brubaker, Ella",True,27,5,8,0.625,2,3,0.667,8,9,0.889,0,7,7,2,3,0,1,0,20
2024-12-01_long_beach_st_pepperdine,Pepperdine,31,"Harkey, Megan",True,29,5,8,0.625,0,0,,0,0,,1,3,4,2,0,4,2,0,10
2024-12-01_long_beach_st_pepperdine,Pepperdine,12,"Mastora, Makena",True,26,3,11,0.273,0,4,0.0,0,0,,2,2,4,2,2,3,0,0,6
2024-12-01_long_beach_st_pepperdine,Pepperdine,5,"Mastora, Malia",True,37,2,8,0.25,1,3,0.333,0,0,,0,3,3,3,3,0,1,0,5
2024-12-01_long_beach_st_pepperdine,Pepperdine,9,"Muca, Ornela",True,21,0,4,0.0,0,3,0.0,0,0,,0,4,4,2,2,1,0,1,0
2024-12-01_long_beach_st_pepperdine,Pepperdine,2,"Sotell, Chloe",False,33,8,17,0.471,3,8,0.375,0,0,,1,2,3,1,2,1,0,0,19
2024-12-01_long_beach_st_pepperdine,Pepperdine,11,"Friend, Helena",False,16,0,4,0.0,0,0,,1,2,0.5,1,4,5,2,2,0,0,2,1
2024-12-01_long_beach_st_pepperdine,Pepperdine,32,"Vick, Maggie",False,11,0,0,,0,0,,0,0,,0,2,2,2,0,0,0,0,0
2024-12-01_long_beach_st_pepperdine,Pepperdine,TM,TEAM,False,0,0,0,,0,0,,0,0,,1,3,4,0,0,2,0,0,0
2024-12-01_long_beach_st_pepperdine,Long Beach St.,2,"Tucker, Savannah",True,38,6,15,0.4,0,5,0.0,3,4,0.75,0,2,2,0,2,0,1,0,15
2024-12-01_long_beach_st_pepperdine,Long Beach St.,22,"Richards, Mykelle",True,29,7,10,0.7,1,2,0.5,0,3,0.0,3,1,4,3,0,0,0,2,15
2024-12-01_long_beach_st_pepperdine,Long Beach St.,1,"Sonnier, Lovely",True,28,4,15,0.267,0,5,0.0,0,0,,3,7,10,4,3,2,1,1,8
2024-12-01_long_beach_st_pepperdine,Long Beach St.,11,"Loobie, Rachel",True,31,3,14,0.214,0,4,0.0,1,2,0.5,8,6,14,1,3,0,4,0,7
2024-12-01_long_beach_st_pepperdine,Long Beach St.,3,"Chung, Patricia",True,32,2,6,0.333,0,2,0.0,0,0,,3,7,10,1,3,3,0,2,4
2024-12-01_long_beach_st_pepperdine,Long Beach St.,12,"Crawshaw, Jada",False,19,6,14,0.429,0,3,0.0,0,0,,1,3,4,3,1,2,0,0,12
2024-12-01_long_beach_st_pepperdine,Long Beach St.,30,"Jones-brown, Jaquoia",False,20,3,7,0.429,0,0,,1,1,1.0,3,4,7,1,1,0,0,0,7
2024-12-01_long_beach_st_pepperdine,Long Beach St.,10,"Reynoso, Christy",False,3,0,0,,0,0,,0,0,,0,0,0,0,0,0,0,0,0
2024-12-01_long_beach_st_pepperdine,Long Beach St.,TM,TEAM,False,0,0,0,,0,0,,0,0,,1,1,2,0,0,0,0,0,0
2024-12-05_cal_poly_uc_davis,UC Davis,14,"Sabel, Tova",True,35,6,11,0.545,2,5,0.4,6,8,0.75,0,5,5,2,0,2,1,1,20
2024-12-05_cal_poly_uc_davis,UC Davis,4,"Epps, Nya",True,28,7,12,0.583,1,3,0.333,0,0,,2,3,5,3,3,1,0,2,15
2024-12-05_cal_poly_uc_davis,UC Davis,13,"Burns, Sydney",True,25,2,5,0.4,0,1,0.0,4,6,0.667,0,2,2,2,3,3,0,1,8
2024-12-05_cal_poly_uc_davis,UC Davis,25,"Norris, Megan",True,31,3,5,0.6,0,1,0.0,1,4,0.25,0,6,6,2,3,1,0,0,7
2024-12-05_cal_poly_uc_davis,UC Davis,33,"Harris, Mazatlan",True,35,2,4,0.5,1,2,0.5,1,2,0.5,1,3,4,4,1,3,0,1,6
2024-12-05_cal_poly_uc_davis,UC Davis,2,"Bennett, Ryann",False,6,0,0,,0,0,,3,4,0.75,0,1,1,1,0,2,0,0,3
2024-12-05_cal_poly_uc_davis,UC Davis,23,"Baker, Victoria",False,13,1,2,0.5,0,0,,0,0,,0,1,1,2,0,2,0,1,2
2024-12-05_cal_poly_uc_davis,UC Davis,41,"Shine, Bria",False,10,1,1,1.0,0,0,,0,0,,0,1,1,0,0,1,0,0,2
2024-12-05_cal_poly_uc_davis,UC Davis,11,"Glad, Clara",False,8,1,2,0.5,0,1,0.0,0,0,,0,2,2,1,0,2,0,1,2
2024-12-05_cal_poly_uc_davis,UC Davis,5,"Fitzgerald, Ally",False,3,0,2,0.0,0,0,,1,2,0.5,1,0,1,0,0,1,0,0,1
2024-12-05_cal_poly_uc_davis,UC Davis,9,"Sussex, Avery",False,6,0,1,0.0,0,1,0.0,0,0,,0,0,0,0,0,0,0,1,0
2024-12-05_cal_poly_uc_davis,UC Davis,TM,TEAM,False,0,0,0,,0,0,,0,0,,0,2,2,0,0,0,0,0,0
2024-12-05_cal_poly_uc_davis,Cal Poly,2,"Shah, Annika",True,33,6,11,0.545,4,8,0.5,2,2,1.0,0,2,2,2,2,2,0,1,18
2024-12-05_cal_poly_uc_davis,Cal Poly,4,"Lichtie, Sierra",True,35,5,14,0.357,1,4,0.25,3,3,1.0,5,4,9,4,6,4,0,3,14
2024-12-05_cal_poly_uc_davis,Cal Poly,10,"Richards, Sidney",True,36,4,11,0.364,0,2,0.0,3,4,0.75,0,0,0,3,4,2,0,3,11
2024-12-05_cal_poly_uc_davis,Cal Poly,24,"Carter, Mary",True,25,4,10,0.4,1,3,0.333,0,0,,0,4,4,3,0,0,0,0,9
2024-12-05_cal_poly_uc_davis,Cal Poly,15,"Bourland, Sydney",True,26,1,2,0.5,0,0,,0,0,,1,3,4,5,1,1,0,0,2
2024-12-05_cal_poly_uc_davis,Cal Poly,31,"Hiraki, Ashley",False,17,2,5,0.4,1,2,0.5,1,2,0.5,0,1,1,2,0,3,0,2,6
2024-12-05_cal_poly_uc_davis,Cal Poly,22,"Goosby, Alana",False,14,0,0,,0,0,,0,0,,0,1,1,3,1,1,0,1,0
2024-12-05_cal_poly_uc_davis,Cal Poly,5,"Robinson, Gabby",False,4,0,0,,0,0,,0,0,,0,0,0,0,0,2,0,0,0
2024-12-05_cal_poly_uc_davis,Cal Poly,9,"Perez, Nora",False,4,0,1,0.0,0,1,0.0,0,0,,0,1,1,0,0,0,0,0,0
2024-12-05_cal_poly_uc_davis,Cal Poly,14,"Bears, Gillian",False,4,0,0,,0,0,,0,0,,0,0,0,3,0,1,0,0,0
2024-12-05_cal_poly_uc_davis,Cal Poly,23,"Moleón Hidalgo, Ana",False,2,0,0,,0,0,,0,0,,0,1,1,1,0,2,0,0,0
2024-12-05_cal_poly_uc_davis,Cal Poly,TM,TEAM,False,0,0,0,,0,0,,0,0,,1,2,3,0,0,0,0,0,0
2024-12-05_csu_bakersfield_uc_irvine,UC Irvine,20,"Hernandez, Hunter",True,17,3,8,0.375,0,3,0.0,1,2,0.5,4,3,7,0,1,0,1,3,7
2024-12-05_csu_bakersfield_uc_irvine,UC Irvine,24,"Dean, Nevaeh",True,12,3,5,0.6,1,1,1.0,0,0,,0,2,2,2,1,2,0,1,7
2024-12-05_csu_bakersfield_uc_irvine,UC Irvine,21,"Williams, Olivia",True,24,3,10,0.3,0,5,0.0,0,0,,0,0,0,0,1,0,0,2,6
2024-12-05_csu_bakersfield_uc_irvine,UC Irvine,13,"Lee, Deja",True,23,2,5,0.4,1,2,0.5,0,0,,3,6,9,1,2,3,0,2,5
2024-12-05_csu_bakersfield_uc_irvine,UC Irvine,03,"Tom, Nikki",True,24,1,6,0.167,1,4,0.25,1,2,0.5,1,0,1,2,1,0,0,0,4
2024-12-05_csu_bakersfield_uc_irvine,UC Irvine,12,"Nahum, Shirel",False,18,5,9,0.556,1,1,1.0,1,3,0.333,0,0,0,0,1,0,1,1,12
2024-12-05_csu_bakersfield_uc_irvine,UC Irvine,14,"Hanson, Summah",False,15,4,6,0.667,2,3,0.667,2,2,1.0,0,4,4,2,0,1,0,0,12
2024-12-05_csu_bakersfield_uc_irvine,UC Irvine,11,"Scharpf, Amelia",False,22,4,7,0.571,0,1,0.0,0,0,,2,4,6,3,0,2,0,1,8
2024-12-05_csu_bakersfield_uc_irvine,UC Irvine,22,"Djoko, Clara",False,9,1,2,0.5,0,1,0.0,0,0,,2,2,4,2,0,0,0,1,2
2024-12-05_csu_bakersfield_uc_irvine,UC Irvine,09,"Falcon Hernandez, Daniela",False,6,1,3,0.333,0,0,,0,0,,0,0,0,1,1,0,0,0,2
2024-12-05_csu_bakersfield_uc_irvine,UC Irvine,01,"Brooks, Jaida",False,17,0,3,0.0,0,2,0.0,0,0,,0,0,0,0,3,1,0,0,0
2024-12-05_csu_bakersfield_uc_irvine,UC Irvine,02,"Hernandez, Haley",False,9,0,1,0.0,0,1,0.0,0,0,,0,0,0,0,0,0,0,0,0
2024-12-05_csu_bakersfield_uc_irvine,UC Irvine,32,"Noa, Reese",False,4,0,0,,0,0,,0,0,,0,1,1,0,0,1,0,1,0
2024-12-05_csu_bakersfield_uc_irvine,UC Irvine,TM,TEAM,False,0,0,0,,0,0,,0,0,,3,2,5,0,0,1,0,0,0
2024-12-05_csu_bakersfield_uc_irvine,CSU Bakersfield,08,"Langi, Marley",True,17,4,7,0.571,0,0,,1,2,0.5,1,3,4,3,2,5,0,0,9
2024-12-05_csu_bakersfield_uc_irvine,CSU Bakersfield,30,"Dioli, Alli",True,29,3,5,0.6,2,4,0.5,0,0,,0,6,6,0,2,2,0,0,8
2024-12-05_csu_bakersfield_uc_irvine,CSU Bakersfield,21,"Tse, Dylan",True,29,1,4,0.25,1,3,0.333,1,2,0.5,2,4,6,1,1,5,0,0,4
2024-12-05_csu_bakersfield_uc_irvine,CSU Bakersfield,04,"Dizon, Ary",True,26,2,5,0.4,0,2,0.0,0,0,,0,2,2,3,0,3,2,0,4
2024-12-05_csu_bakersfield_uc_irvine,CSU Bakersfield,20,"Secchiaroli, Melissa",True,33,1,7,0.143,0,1,0.0,1,2,0.5,3,1,4,1,2,3,0,1,3
2024-12-05_csu_bakersfield_uc_irvine,CSU Bakersfield,02,"Gingras, Caitie",False,18,4,6,0.667,1,2,0.5,0,0,,0,2,2,1,1,1,0,0,9
2024-12-05_csu_bakersfield_uc_irvine,CSU Bakersfield,34,"Forney, Cheyenne",False,5,1,2,0.5,0,0,,0,0,,0,0,0,1,0,0,0,0,2
2024-12-05_csu_bakersfield_uc_irvine,CSU Bakersfield,42,"Tse, Allysan",False,19,0,5,0.0,0,1,0.0,1,2,0.5,0,2,2,1,0,1,1,0,1
2024-12-05_csu_bakersfield_uc_irvine,CSU Bakersfield,11,"Caldwell, Taylor",False,24,0,6,0.0,0,0,,0,0,,1,2,3,1,2,2,0,1,0
2024-12-05_csu_bakersfield_uc_irvine,CSU Bakersfield,TM,TEAM,False,0,0,0,,0,0,,0,0,,2,3,5,0,0,0,0,0,0
2024-12-05_uc_san_diego_uc_santa_barbara,UC Santa Barbara,03,"Marin, Alyssa",True,37,6,11,0.545,3,4,0.75,14,16,0.875,0,2,2,1,4,2,0,0,29
2024-12-05_uc_san_diego_uc_santa_barbara,UC Santa Barbara,55,"Burke, Skylar",True,11,2,4,0.5,0,1,0.0,3,4,0.75,2,0,2,1,1,2,0,0,7
2024-12-05_uc_san_diego_uc_santa_barbara,UC Santa Barbara,02,"Borter, Zoe",True,37,2,5,0.4,0,1,0.0,2,2,1.0,0,4,4,3,0,4,0,0,6
2024-12-05_uc_san_diego_uc_santa_barbara,UC Santa Barbara,10,"Choice, Anya",True,19,1,2,0.5,0,0,,2,2,1.0,0,4,4,4,2,2,0,0,4
2024-12-05_uc_san_diego_uc_santa_barbara,UC Santa Barbara,20,"Rockwood, Laurel",True,16,2,3,0.667,0,0,,0,0,,2,6,8,4,1,1,0,1,4
2024-12-05_uc_san_diego_uc_santa_barbara,UC Santa Barbara,32,"Grant, Jessica",False,27,5,7,0.714,4,5,0.8,0,0,,0,2,2,3,0,2,0,1,14
2024-12-05_uc_san_diego_uc_santa_barbara,UC Santa Barbara,31,"Pietsch, Martha",False,28,3,6,0.5,1,4,0.25,0,0,,0,1,1,0,1,1,0,0,7
2024-12-05_uc_san_diego_uc_santa_barbara,UC Santa Barbara,11,"Williams, Cayla",False,11,3,5,0.6,0,2,0.0,1,2,0.5,1,1,2,1,0,1,0,0,7
2024-12-05_uc_san_diego_uc_santa_barbara,UC Santa Barbara,14,"Coon, Kanani",False,7,1,2,0.5,0,1,0.0,0,0,,0,1,1,1,1,0,1,0,2
2024-12-05_uc_san_diego_uc_santa_barbara,UC Santa Barbara,13,"Goed, Flora",False,7,0,0,,0,0,,0,0,,0,1,1,1,0,0,0,0,0
2024-12-05_uc_san_diego_uc_santa_barbara,UC Santa Barbara,TM,TEAM,False,0,0,0,,0,0,,0,0,,0,8,8,0,0,1,0,0,0
2024-12-05_uc_san_diego_uc_santa_barbara,UC San Diego,03,"Sugapong, Sumayah",True,40,7,19,0.368,1,5,0.2,3,5,0.6,2,3,5,4,5,3,0,2,18
2024-12-05_uc_san_diego_uc_santa_barbara,UC San Diego,24,"Spriggs, Kayanna",True,29,6,10,0.6,0,0,,2,5,0.4,5,3,8,5,0,4,1,0,14
2024-12-05_uc_san_diego_uc_santa_barbara,UC San Diego,22,"Gallegos, Gracie",True,40,4,7,0.571,2,3,0.667,1,2,0.5,1,4,5,4,3,1,0,1,11
2024-12-05_uc_san_diego_uc_santa_barbara,UC San Diego,25,"Mahan, Junaé",True,20,1,6,0.167,0,0,,2,4,0.5,0,1,1,3,1,0,0,1,4
2024-12-05_uc_san_diego_uc_santa_barbara,UC San Diego,15,"Ma, Sabrina",True,34,1,6,0.167,1,5,0.2,0,0,,0,2,2,4,2,0,0,2,3
2024-12-05_uc_san_diego_uc_santa_barbara,UC San Diego,21,"Polocheck, Nicki",False,25,3,8,0.375,2,4,0.5,3,4,0.75,2,3,5,1,0,0,0,0,11
2024-12-05_uc_san_diego_uc_santa_barbara,UC San Diego,32,"Montgomery, Parker",False,7,2,3,0.667,1,2,0.5,0,0,,0,0,0,0,0,0,0,0,5
2024-12-05_uc_san_diego_uc_santa_barbara,UC San Diego,33,"Svoboda, Emma",False,4,0,1,0.0,0,0,,0,0,,0,1,1,0,0,1,0,0,0
2024-12-05_uc_san_diego_uc_santa_barbara,UC San Diego,12,"Smith, Rosa",False,1,0,0,,0,0,,0,0,,0,0,0,0,0,0,0,0,0
2024-12-05_uc_san_diego_uc_santa_barbara,UC San Diego,05,"Louther, Gabby",False,,0,0,,0,0,,0,0,,0,0,0,1,0,0,0,0,0
2024-12-05_uc_san_diego_uc_santa_barbara,UC San Diego,TM,TEAM,False,0,0,0,,0,0,,0,0,,2,0,2,0,0,1,0,0,0
2024-12-05_long_beach_st_cal_st_fullerton,Cal St. Fullerton,24,"Stanton, Aaliyah",True,32,5,12,0.417,2,5,0.4,9,11,0.818,1,2,3,1,2,3,0,1,21
2024-12-05_long_beach_st_cal_st_fullerton,Cal St. Fullerton,13,"Hernandez, Aixchel",True,34,5,9,0.556,0,0,,2,2,1.0,1,9,10,4,3,0,1,0,12
2024-12-05_long_beach_st_cal_st_fullerton,Cal St. Fullerton,12,"Levingston, Eva",True,39,2,11,0.182,0,0,,2,4,0.5,2,8,10,3,3,1,0,3,6
2024-12-05_long_beach_st_cal_st_fullerton,Cal St. Fullerton,23,"Strachan, Emily",True,33,0,3,0.0,0,1,0.0,2,2,1.0,1,3,4,2,2,4,1,0,2
2024-12-05_long_beach_st_cal_st_fullerton,Cal St. Fullerton,10,"Lagway, Demonnie",True,31,0,12,0.0,0,4,0.0,0,2,0.0,0,4,4,2,1,3,1,0,0
2024-12-05_long_beach_st_cal_st_fullerton,Cal St. Fullerton,22,"Muniz, Madelynn",False,15,3,10,0.3,3,9,0.333,0,0,,0,0,0,0,1,0,0,0,9
2024-12-05_long_beach_st_cal_st_fullerton,Cal St. Fullerton,4,"Falsdottir, Jana",False,9,2,3,0.667,2,2,1.0,0,0,,0,1,1,2,1,0,0,2,6
2024-12-05_long_beach_st_cal_st_fullerton,Cal St. Fullerton,00,"Davis, Layla",False,7,0,1,0.0,0,0,,0,2,0.0,0,1,1,3,0,0,0,0,0
2024-12-05_long_beach_st_cal_st_fullerton,Cal St. Fullerton,TM,TEAM,False,0,0,0,,0,0,,0,0,,3,2,5,0,0,0,0,0,0
2024-12-05_long_beach_st_cal_st_fullerton,Long Beach St.,2,"Tucker, Savannah",True,40,6,13,0.462,1,3,0.333,3,4,0.75,1,3,4,0,2,2,1,1,16
2024-12-05_long_beach_st_cal_st_fullerton,Long Beach St.,1,"Sonnier, Lovely",True,27,4,7,0.571,0,2,0.0,4,6,0.667,2,8,10,2,4,2,0,1,12
2024-12-05_long_beach_st_cal_st_fullerton,Long Beach St.,11,"Loobie, Rachel",True,32,5,12,0.417,0,2,0.0,1,3,0.333,1,7,8,3,1,2,5,0,11
2024-12-05_long_beach_st_cal_st_fullerton,Long Beach St.,3,"Chung, Patricia",True,22,4,6,0.667,1,1,1.0,0,0,,1,6,7,4,4,3,0,1,9
2024-12-05_long_beach_st_cal_st_fullerton,Long Beach St.,22,"Richards, Mykelle",True,20,0,3,0.0,0,1,0.0,0,2,0.0,1,4,5,4,0,1,1,3,0
2024-12-05_long_beach_st_cal_st_fullerton,Long Beach St.,12,"Crawshaw, Jada",False,24,5,14,0.357,1,2,0.5,2,4,0.5,3,9,12,4,3,4,1,1,13
2024-12-05_long_beach_st_cal_st_fullerton,Long Beach St.,30,"Jones-brown, Jaquoia",False,24,3,9,0.333,0,2,0.0,0,0,,2,2,4,0,0,0,0,2,6
2024-12-05_long_beach_st_cal_st_fullerton,Long Beach St.,42,"Oliva Fernandez, Judit",False,11,0,3,0.0,0,1,0.0,0,0,,1,1,2,1,0,0,1,0,0
2024-12-05_long_beach_st_cal_st_fullerton,Long Beach St.,TM,TEAM,False,0,0,0,,0,0,,0,0,,0,1,1,0,0,0,0,0,0
2024-12-05_uc_riverside_csun,CSUN,4,"Edwards, Morgan",True,30,5,8,0.625,0,2,0.0,4,5,0.8,0,2,2,4,0,4,0,0,14
2024-12-05_uc_riverside_csun,CSUN,00,"Kilty, Jenna",True,24,4,7,0.571,4,7,0.571,1,2,0.5,1,4,5,1,0,2,0,0,13
2024-12-05_uc_riverside_csun,CSUN,5,"Cox, Yves",True,25,3,7,0.429,0,0,,3,4,0.75,2,3,5,2,0,5,2,0,9
2024-12-05_uc_riverside_csun,CSUN,20,"Adams, Erica",True,29,1,5,0.2,0,1,0.0,0,0,,1,5,6,1,3,6,0,0,2
2024-12-05_uc_riverside_csun,CSUN,3,"Tumlin, Kelly",True,25,0,3,0.0,0,2,0.0,0,0,,2,3,5,0,2,3,0,0,0
2024-12-05_uc_riverside_csun,CSUN,2,"Hopson, Kayla",False,21,2,4,0.5,0,0,,2,2,1.0,1,3,4,0,3,4,0,1,6
2024-12-05_uc_riverside_csun,CSUN,10,"Lizama, Alondra",False,14,2,3,0.667,0,0,,0,2,0.0,1,1,2,0,1,3,0,0,4
2024-12-05_uc_riverside_csun,CSUN,22,"Dahlin, Laini",False,20,0,5,0.0,0,4,0.0,0,0,,0,3,3,1,0,0,1,2,0
2024-12-05_uc_riverside_csun,CSUN,21,"Marshall, Karsen",False,11,0,1,0.0,0,1,0.0,0,0,,0,0,0,2,1,0,0,1,0
2024-12-05_uc_riverside_csun,CSUN,14,"Orji, Nnenna",False,1,0,2,0.0,0,0,,0,0,,0,0,0,0,0,0,0,0,0
2024-12-05_uc_riverside_csun,CSUN,TM,TEAM,False,0,0,0,,0,0,,0,0,,0,4,4,0,0,0,0,0,0
2024-12-05_uc_riverside_csun,UC Riverside,00,"Rose, Makayla",True,33,6,12,0.5,0,3,0.0,2,2,1.0,0,4,4,1,2,2,0,4,14
2024-12-05_uc_riverside_csun,UC Riverside,5,"Duchemin, Shelley",True,29,6,10,0.6,1,2,0.5,1,2,0.5,3,3,6,1,0,2,0,4,14
2024-12-05_uc_riverside_csun,UC Riverside,7,"Wickstrom, Hannah",True,25,3,14,0.214,0,4,0.0,1,2,0.5,1,0,1,1,2,0,0,2,7
2024-12-05_uc_riverside_csun,UC Riverside,3,"Tillery, Zoe",True,26,3,9,0.333,0,4,0.0,0,0,,0,1,1,1,1,1,0,3,6
2024-12-05_uc_riverside_csun,UC Riverside,11,"Matarranz, Esther",True,19,3,8,0.375,0,0,,0,0,,5,4,9,3,2,1,0,1,6
2024-12-05_uc_riverside_csun,UC Riverside,4,"Marshall, Jordyn",False,27,3,9,0.333,0,1,0.0,2,2,1.0,0,1,1,2,3,0,0,2,8
2024-12-05_uc_riverside_csun,UC Riverside,12,"Cutler, Gemma",False,14,3,4,0.75,0,0,,0,0,,2,2,4,1,0,0,1,0,6
2024-12-05_uc_riverside_csun,UC Riverside,13,"Chocano, Maya",False,14,2,4,0.5,2,3,0.667,0,0,,2,3,5,1,0,0,0,0,6
2024-12-05_uc_riverside_csun,UC Riverside,1,"Polk, Kaylani",False,6,1,3,0.333,1,3,0.333,0,0,,1,1,2,1,1,0,0,0,3
2024-12-05_uc_riverside_csun,UC Riverside,35,"Hill-brown, Tt",False,7,1,2,0.5,0,0,,0,2,0.0,2,1,3,0,0,1,0,0,2
2024-12-05_uc_riverside_csun,UC Riverside,TM,TEAM,False,0,0,0,,0,0,,0,0,,1,1,2,0,0,0,0,0,0
2024-12-07_uc_santa_barbara_uc_davis,UC Davis,14,"Sabel, Tova",True,30,4,8,0.5,2,4,0.5,3,4,0.75,1,6,7,2,2,1,2,0,13
2024-12-07_uc_santa_barbara_uc_davis,UC Davis,13,"Burns, Sydney",True,24,4,8,0.5,3,5,0.6,0,0,,0,3,3,1,3,2,0,0,11
2024-12-07_uc_santa_barbara_uc_davis,UC Davis,25,"Norris, Megan",True,29,3,6,0.5,0,3,0.0,3,4,0.75,0,9,9,1,3,1,1,0,9
2024-12-07_uc_santa_barbara_uc_davis,UC Davis,04,"Epps, Nya",True,27,3,10,0.3,1,5,0.2,2,2,1.0,1,1,2,2,5,2,0,0,9
2024-12-07_uc_santa_barbara_uc_davis,UC Davis,33,"Harris, Mazatlan",True,29,2,5,0.4,0,3,0.0,1,1,1.0,1,5,6,1,1,0,0,0,5
2024-12-07_uc_santa_barbara_uc_davis,UC Davis,05,"Fitzgerald, Ally",False,11,3,4,0.75,1,1,1.0,0,0,,2,0,2,1,0,1,1,0,7
2024-12-07_uc_santa_barbara_uc_davis,UC Davis,23,"Baker, Victoria",False,10,3,4,0.75,0,1,0.0,0,0,,0,1,1,3,1,1,0,1,6
2024-12-07_uc_santa_barbara_uc_davis,UC Davis,11,"Glad, Clara",False,7,1,1,1.0,1,1,1.0,2,2,1.0,1,0,1,0,0,0,0,0,5
2024-12-07_uc_santa_barbara_uc_davis,UC Davis,41,"Shine, Bria",False,12,2,3,0.667,0,0,,0,0,,0,4,4,2,0,1,0,0,4
2024-12-07_uc_santa_barbara_uc_davis,UC Davis,09,"Sussex, Avery",False,9,1,5,0.2,0,2,0.0,1,2,0.5,0,2,2,0,0,1,0,1,3
2024-12-07_uc_santa_barbara_uc_davis,UC Davis,02,"Bennett, Ryann",False,10,0,3,0.0,0,3,0.0,0,0,,1,1,2,1,0,0,0,2,0
2024-12-07_uc_santa_barbara_uc_davis,UC Davis,03,"Kanagasabay, Sahana",False,2,0,0,,0,0,,0,0,,0,1,1,0,1,0,0,0,0
2024-12-07_uc_santa_barbara_uc_davis,UC Davis,TM,TEAM,False,0,0,0,,0,0,,0,0,,0,3,3,0,0,0,0,0,0
2024-12-07_uc_santa_barbara_uc_davis,UC Santa Barbara,03,"Marin, Alyssa",True,30,5,19,0.263,0,4,0.0,2,4,0.5,0,1,1,1,2,3,0,0,12
2024-12-07_uc_santa_barbara_uc_davis,UC Santa Barbara,10,"Choice, Anya",True,20,5,7,0.714,1,2,0.5,0,0,,0,0,0,1,0,3,0,0,11
2024-12-07_uc_santa_barbara_uc_davis,UC Santa Barbara,32,"Grant, Jessica",True,30,1,5,0.2,1,5,0.2,2,2,1.0,1,3,4,1,1,1,0,2,5
2024-12-07_uc_santa_barbara_uc_davis,UC Santa Barbara,20,"Rockwood, Laurel",True,19,1,4,0.25,0,0,,0,0,,2,4,6,2,0,1,0,0,2
2024-12-07_uc_santa_barbara_uc_davis,UC Santa Barbara,02,"Borter, Zoe",True,22,0,8,0.0,0,2,0.0,0,0,,1,1,2,3,0,2,0,1,0
2024-12-07_uc_santa_barbara_uc_davis,UC Santa Barbara,14,"Coon, Kanani",False,17,4,7,0.571,2,3,0.667,1,3,0.333,1,4,5,0,0,1,0,1,11
2024-12-07_uc_santa_barbara_uc_davis,UC Santa Barbara,13,"Goed, Flora",False,21,2,5,0.4,0,0,,1,2,0.5,2,1,3,4,0,2,0,1,5
2024-12-07_uc_santa_barbara_uc_davis,UC Santa Barbara,31,"Pietsch, Martha",False,18,2,6,0.333,0,4,0.0,0,0,,0,1,1,1,1,0,0,0,4
2024-12-07_uc_santa_barbara_uc_davis,UC Santa Barbara,11,"Williams, Cayla",False,23,0,2,0.0,0,0,,0,0,,1,6,7,1,1,0,1,0,0
2024-12-07_uc_santa_barbara_uc_davis,UC Santa Barbara,TM,TEAM,False,0,0,0,,0,0,,0,0,,2,4,6,0,0,0,0,0,0
2024-12-07_hawaii_long_beach_st,Long Beach St.,02,"Tucker, Savannah",True,45,5,11,0.455,2,3,0.667,11,12,0.917,0,3,3,2,3,0,1,1,23
2024-12-07_hawaii_long_beach_st,Long Beach St.,03,"Chung, Patricia",True,41,4,11,0.364,4,8,0.5,0,1,0.0,2,5,7,4,5,2,0,2,12
2024-12-07_hawaii_long_beach_st,Long Beach St.,11,"Loobie, Rachel",True,35,4,12,0.333,0,2,0.0,0,1,0.0,4,8,12,5,1,2,1,1,8
2024-12-07_hawaii_long_beach_st,Long Beach St.,01,"Sonnier, Lovely",True,25,3,8,0.375,1,2,0.5,1,2,0.5,2,4,6,2,1,5,1,0,8
2024-12-07_hawaii_long_beach_st,Long Beach St.,22,"Richards, Mykelle",True,24,1,3,0.333,0,1,0.0,0,0,,3,3,6,5,0,3,0,2,2
2024-12-07_hawaii_long_beach_st,Long Beach St.,12,"Crawshaw, Jada",False,25,4,13,0.308,0,2,0.0,2,3,0.667,2,3,5,3,0,4,0,1,10
2024-12-07_hawaii_long_beach_st,Long Beach St.,30,"Jones-Brown, JaQuoia",False,24,5,11,0.455,0,1,0.0,0,0,,2,5,7,1,1,0,1,1,10
2024-12-07_hawaii_long_beach_st,Long Beach St.,33,"Wright, Haley",False,4,0,1,0.0,0,1,0.0,0,0,,0,0,0,1,0,0,0,0,0
2024-12-07_hawaii_long_beach_st,Long Beach St.,42,"Oliva Fernandez, Judit",False,2,0,0,,0,0,,0,0,,0,0,0,0,0,1,0,0,0
2024-12-07_hawaii_long_beach_st,Long Beach St.,TM,TEAM,False,0,0,0,,0,0,,0,0,,4,0,4,0,0,2,0,0,0
2024-12-07_hawaii_long_beach_st,Hawaii,03,"Wahinekapu, Lily",True,34,7,15,0.467,4,7,0.571,2,4,0.5,0,4,4,0,3,5,0,1,20
2024-12-07_hawaii_long_beach_st,Hawaii,24,"Tamilo, Ritorya",True,25,4,9,0.444,0,0,,6,9,0.667,5,4,9,1,0,3,6,1,14
2024-12-07_hawaii_long_beach_st,Hawaii,12,"Perez, Imani",True,31,2,4,0.5,2,3,0.667,2,2,1.0,3,0,3,1,1,0,2,0,8
2024-12-07_hawaii_long_beach_st,Hawaii,23,"McBee, MeiLani",True,25,3,8,0.375,2,4,0.5,0,0,,1,1,2,3,1,1,1,1,8
2024-12-07_hawaii_long_beach_st,Hawaii,15,"Phillips, Daejah",True,19,1,8,0.125,0,2,0.0,2,2,1.0,0,1,1,2,3,0,1,1,4
2024-12-07_hawaii_long_beach_st,Hawaii,04,"Lefotu, Jovi",False,25,4,10,0.4,0,3,0.0,1,4,0.25,1,3,4,3,1,3,0,2,9
2024-12-07_hawaii_long_beach_st,Hawaii,14,"Rewers, Brooklyn",False,9,2,6,0.333,0,0,,0,0,,4,5,9,1,0,1,1,0,4
2024-12-07_hawaii_long_beach_st,Hawaii,01,"Imai, Kelsie",False,22,1,4,0.25,0,1,0.0,0,0,,0,2,2,3,3,1,1,0,2
2024-12-07_hawaii_long_beach_st,Hawaii,22,"Peacock, Jade",False,25,0,4,0.0,0,4,0.0,0,0,,1,3,4,2,1,0,0,0,0
2024-12-07_hawaii_long_beach_st,Hawaii,10,"Kujovic, Danijela",False,5,0,1,0.0,0,1,0.0,0,0,,0,0,0,2,0,1,1,0,0
2024-12-07_hawaii_long_beach_st,Hawaii,08,"Moors, Rebecca",False,3,0,2,0.0,0,1,0.0,0,0,,0,0,0,0,0,0,0,0,0
2024-12-07_hawaii_long_beach_st,Hawaii,02,"'Uhila, Mia",False,2,0,0,,0,0,,0,0,,0,0,0,0,0,0,0,0,0
2024-12-07_hawaii_long_beach_st,Hawaii,TM,TEAM,False,0,0,0,,0,0,,0,0,,5,6,11,0,0,1,0,0,0
2024-12-07_csu_bakersfield_uc_san_diego,UC San Diego,22,"Gallegos, Gracie",True,33,7,12,0.583,3,3,1.0,3,4,0.75,0,9,9,1,1,0,0,2,20
2024-12-07_csu_bakersfield_uc_san_diego,UC San Diego,03,"Sugapong, Sumayah",True,27,4,8,0.5,1,1,1.0,0,0,,0,2,2,5,4,3,0,3,9
2024-12-07_csu_bakersfield_uc_san_diego,UC San Diego,24,"Spriggs, Kayanna",True,26,3,8,0.375,0,0,,0,0,,3,5,8,3,1,1,0,0,6
2024-12-07_csu_bakersfield_uc_san_diego,UC San Diego,25,"Mahan, Junae",True,18,0,7,0.0,0,3,0.0,0,0,,0,2,2,0,3,2,1,0,0
2024-12-07_csu_bakersfield_uc_san_diego,UC San Diego,15,"Ma, Sabrina",True,14,0,5,0.0,0,4,0.0,0,0,,0,1,1,2,0,2,0,1,0
2024-12-07_csu_bakersfield_uc_san_diego,UC San Diego,32,"Montgomery, Parker",False,26,4,10,0.4,2,5,0.4,0,0,,1,4,5,1,2,0,0,3,10
2024-12-07_csu_bakersfield_uc_san_diego,UC San Diego,30,"Sule, Damilola",False,12,2,6,0.333,0,0,,1,1,1.0,2,2,4,3,1,2,1,0,5
2024-12-07_csu_bakersfield_uc_san_diego,UC San Diego,21,"Polocheck, Nicki",False,15,1,6,0.167,1,4,0.25,0,0,,1,4,5,1,0,1,0,1,3
2024-12-07_csu_bakersfield_uc_san_diego,UC San Diego,12,"Smith, Rosa",False,5,1,1,1.0,0,0,,0,0,,0,0,0,0,0,0,0,0,2
2024-12-07_csu_bakersfield_uc_san_diego,UC San Diego,02,"Talbot, Grace",False,13,0,1,0.0,0,1,0.0,0,0,,1,1,2,0,0,0,0,1,0
2024-12-07_csu_bakersfield_uc_san_diego,UC San Diego,23,"Blithikioti, Eri",False,11,0,1,0.0,0,1,0.0,0,2,0.0,0,1,1,2,1,1,0,0,0
2024-12-07_csu_bakersfield_uc_san_diego,UC San Diego,TM,TEAM,False,0,0,0,,0,0,,0,0,,1,0,1,0,0,0,0,0,0
2024-12-07_csu_bakersfield_uc_san_diego,CSU Bakersfield,30,"Dioli, Alli",True,31,6,14,0.429,4,11,0.364,0,0,,0,5,5,3,0,2,0,0,16
2024-12-07_csu_bakersfield_uc_san_diego,CSU Bakersfield,04,"Dizon, Ary",True,40,2,11,0.182,0,2,0.0,4,4,1.0,5,5,10,3,1,3,3,2,8
2024-12-07_csu_bakersfield_uc_san_diego,CSU Bakersfield,20,"Secchiaroli, Melissa",True,33,2,8,0.25,0,2,0.0,1,1,1.0,1,2,3,2,0,2,0,0,5
2024-12-07_csu_bakersfield_uc_san_diego,CSU Bakersfield,21,"Tse, Dylan",True,28,0,5,0.0,0,2,0.0,0,0,,0,3,3,2,1,1,0,0,0
2024-12-07_csu_bakersfield_uc_san_diego,CSU Bakersfield,08,"Langi, Marley",True,3,0,0,,0,0,,0,0,,0,0,0,0,0,1,0,0,0
2024-12-07_csu_bakersfield_uc_san_diego,CSU Bakersfield,02,"Gingras, Caitie",False,26,2,5,0.4,2,4,0.5,0,0,,1,3,4,2,1,1,0,0,6
2024-12-07_csu_bakersfield_uc_san_diego,CSU Bakersfield,11,"Caldwell, Taylor",False,28,1,6,0.167,0,1,0.0,0,2,0.0,0,11,11,2,3,8,2,1,2
2024-12-07_csu_bakersfield_uc_san_diego,CSU Bakersfield,42,"Tse, Allysan",False,7,0,1,0.0,0,0,,2,2,1.0,1,0,1,0,1,0,0,0,2
2024-12-07_csu_bakersfield_uc_san_diego,CSU Bakersfield,23,"Feliz, Ileana",False,3,0,2,0.0,0,0,,1,2,0.5,0,0,0,0,0,1,0,0,1
2024-12-07_csu_bakersfield_uc_san_diego,CSU Bakersfield,34,"Forney, Cheyenne",False,1,0,0,,0,0,,0,0,,0,0,0,1,0,2,0,1,0
2024-12-07_csu_bakersfield_uc_san_diego,CSU Bakersfield,TM,TEAM,False,0,0,0,,0,0,,0,0,,1,6,7,0,0,1,0,0,0
2024-12-07_csun_cal_poly,Cal Poly,24,"Carter, Mary",True,37,7,16,0.438,4,9,0.444,0,0,,1,9,10,1,2,5,3,1,18
2024-12-07_csun_cal_poly,Cal Poly,4,"Lichtie, Sierra",True,36,6,9,0.667,0,1,0.0,5,6,0.833,5,3,8,3,4,8,0,1,17
2024-12-07_csun_cal_poly,Cal Poly,2,"Shah, Annika",True,32,5,13,0.385,3,8,0.375,0,0,,2,0,2,4,3,1,0,2,13
2024-12-07_csun_cal_poly,Cal Poly,10,"Richards, Sidney",True,21,0,3,0.0,0,1,0.0,3,4,0.75,0,0,0,4,0,3,0,1,3
2024-12-07_csun_cal_poly,Cal Poly,15,"Bourland, Sydney",True,29,1,5,0.2,0,0,,0,0,,2,3,5,3,2,7,0,3,2
2024-12-07_csun_cal_poly,Cal Poly,9,"Perez, Nora",False,6,1,2,0.5,1,2,0.5,0,0,,1,1,2,0,1,0,0,0,3
2024-12-07_csun_cal_poly,Cal Poly,22,"Goosby, Alana",False,19,1,2,0.5,0,0,,0,0,,1,0,1,3,1,2,0,1,2
2024-12-07_csun_cal_poly,Cal Poly,31,"Hiraki, Ashley",False,13,0,0,,0,0,,0,0,,0,0,0,4,1,1,0,1,0
2024-12-07_csun_cal_poly,Cal Poly,5,"Robinson, Gabby",False,7,0,1,0.0,0,1,0.0,0,0,,0,0,0,0,0,0,0,0,0
2024-12-07_csun_cal_poly,Cal Poly,TM,TEAM,False,0,0,0,,0,0,,0,0,,4,9,13,0,0,1,0,0,0
2024-12-07_csun_cal_poly,CSUN,20,"Adams, Erica",True,40,2,12,0.167,0,3,0.0,7,8,0.875,2,2,4,2,1,6,1,3,11
2024-12-07_csun_cal_poly,CSUN,4,"Edwards, Morgan",True,25,4,11,0.364,1,1,1.0,2,2,1.0,1,0,1,4,1,0,0,0,11
2024-12-07_csun_cal_poly,CSUN,5,"Cox, Yves",True,21,2,2,1.0,0,0,,3,4,0.75,4,4,8,3,0,2,1,1,7
2024-12-07_csun_cal_poly,CSUN,2,"Hopson, Kayla",True,36,2,12,0.167,0,5,0.0,1,2,0.5,3,2,5,2,4,6,1,2,5
2024-12-07_csun_cal_poly,CSUN,00,"Kilty, Jenna",True,22,0,1,0.0,0,1,0.0,0,0,,0,1,1,1,1,1,0,0,0
2024-12-07_csun_cal_poly,CSUN,10,"Lizama, Alondra",False,15,3,7,0.429,1,3,0.333,0,0,,1,0,1,1,0,2,1,0,7
2024-12-07_csun_cal_poly,CSUN,3,"Tumlin, Kelly",False,25,1,3,0.333,0,2,0.0,2,3,0.667,0,3,3,0,0,1,1,1,4
2024-12-07_csun_cal_poly,CSUN,22,"Dahlin, Laini",False,9,0,3,0.0,0,3,0.0,0,0,,0,0,0,1,0,2,0,0,0
2024-12-07_csun_cal_poly,CSUN,14,"Orji, Nnenna",False,6,0,1,0.0,0,0,,0,0,,0,0,0,1,0,0,0,0,0
2024-12-07_csun_cal_poly,CSUN,21,"Marshall, Karsen",False,1,0,1,0.0,0,0,,0,0,,0,0,0,0,0,0,0,0,0
2024-12-07_csun_cal_poly,CSUN,TM,TEAM,False,0,0,0,,0,0,,0,0,,4,3,7,0,0,1,0,0,0
2024-12-07_cal_st_fullerton_uc_riverside,UC Riverside,05,"Duchemin, Shelley",True,33,8,19,0.421,0,4,0.0,2,2,1.0,1,4,5,1,2,1,1,2,18
2024-12-07_cal_st_fullerton_uc_riverside,UC Riverside,07,"Wickstrom, Hannah",True,29,4,8,0.5,3,5,0.6,5,6,0.833,2,3,5,3,0,0,0,1,16
2024-12-07_cal_st_fullerton_uc_riverside,UC Riverside,00,"Rose, Makayla",True,36,4,9,0.444,0,2,0.0,2,3,0.667,1,3,4,1,2,0,0,2,10
2024-12-07_cal_st_fullerton_uc_riverside,UC Riverside,11,"Matarranz, Esther",True,26,2,9,0.222,0,0,,1,2,0.5,5,1,6,5,2,1,0,2,5
2024-12-07_cal_st_fullerton_uc_riverside,UC Riverside,03,"Tillery, Zoe",True,19,1,4,0.25,1,2,0.5,0,2,0.0,0,0,0,3,1,3,0,3,3
2024-12-07_cal_st_fullerton_uc_riverside,UC Riverside,04,"Marshall, Jordyn",False,24,2,6,0.333,1,1,1.0,3,6,0.5,0,3,3,1,2,1,0,2,8
2024-12-07_cal_st_fullerton_uc_riverside,UC Riverside,13,"Chocano, Maya",False,14,2,3,0.667,0,0,,0,0,,1,4,5,2,0,2,0,0,4
2024-12-07_cal_st_fullerton_uc_riverside,UC Riverside,12,"Cutler, Gemma",False,10,0,0,,0,0,,1,2,0.5,2,2,4,2,0,1,0,0,1
2024-12-07_cal_st_fullerton_uc_riverside,UC Riverside,35,"Hill-Brown, TT",False,5,0,1,0.0,0,0,,0,0,,0,1,1,0,0,0,0,0,0
2024-12-07_cal_st_fullerton_uc_riverside,UC Riverside,01,"Polk, Kaylani",False,4,0,0,,0,0,,0,0,,0,0,0,2,1,1,0,0,0
2024-12-07_cal_st_fullerton_uc_riverside,UC Riverside,TM,TEAM,False,0,0,0,,0,0,,0,0,,3,3,6,0,0,0,0,0,0
2024-12-07_cal_st_fullerton_uc_riverside,Cal St. Fullerton,13,"Hernandez, Aixchel",True,37,6,11,0.545,0,0,,4,4,1.0,2,4,6,2,2,1,5,1,16
2024-12-07_cal_st_fullerton_uc_riverside,Cal St. Fullerton,24,"Stanton, Aaliyah",True,37,5,10,0.5,1,2,0.5,4,5,0.8,0,3,3,2,0,4,0,0,15
2024-12-07_cal_st_fullerton_uc_riverside,Cal St. Fullerton,10,"Lagway, Demonnie",True,37,5,15,0.333,0,1,0.0,4,5,0.8,2,3,5,2,1,3,0,0,14
2024-12-07_cal_st_fullerton_uc_riverside,Cal St. Fullerton,23,"Strachan, Emily",True,18,2,4,0.5,0,0,,2,2,1.0,0,1,1,5,1,1,0,0,6
2024-12-07_cal_st_fullerton_uc_riverside,Cal St. Fullerton,12,"Levingston, Eva",True,15,0,3,0.0,0,0,,1,2,0.5,1,1,2,1,1,0,0,0,1
2024-12-07_cal_st_fullerton_uc_riverside,Cal St. Fullerton,22,"Muniz, Madelynn",False,26,1,5,0.2,1,4,0.25,0,0,,0,4,4,2,0,2,0,0,3
2024-12-07_cal_st_fullerton_uc_riverside,Cal St. Fullerton,04,"Falsdottir, Jana",False,21,1,3,0.333,0,1,0.0,0,0,,2,4,6,5,3,4,0,0,2
2024-12-07_cal_st_fullerton_uc_riverside,Cal St. Fullerton,00,"Davis, Layla",False,9,0,0,,0,0,,2,4,0.5,3,2,5,2,1,2,1,1,2
2024-12-07_cal_st_fullerton_uc_riverside,Cal St. Fullerton,TM,TEAM,False,0,0,0,,0,0,,0,0,,0,3,3,0,0,1,0,0,0
2024-12-10_arizona_csu_bakersfield,CSU Bakersfield,21,"Tse, Dylan",True,33,2,5,0.4,1,4,0.25,2,2,1.0,2,3,5,0,1,3,0,0,7
2024-12-10_arizona_csu_bakersfield,CSU Bakersfield,20,"Secchiaroli, Melissa",True,30,2,8,0.25,0,2,0.0,0,0,,1,2,3,1,3,2,0,0,4
2024-12-10_arizona_csu_bakersfield,CSU Bakersfield,30,"Dioli, Alli",True,31,1,5,0.2,1,3,0.333,0,0,,0,2,2,0,0,2,0,1,3
2024-12-10_arizona_csu_bakersfield,CSU Bakersfield,04,"Dizon, Ary",True,22,1,2,0.5,0,1,0.0,1,2,0.5,0,3,3,4,1,3,1,0,3
2024-12-10_arizona_csu_bakersfield,CSU Bakersfield,11,"Caldwell, Taylor",True,24,0,8,0.0,0,2,0.0,0,0,,2,2,4,1,4,2,0,3,0
2024-12-10_arizona_csu_bakersfield,CSU Bakersfield,08,"Langi, Marley",False,25,5,10,0.5,4,6,0.667,2,2,1.0,1,5,6,3,0,5,0,1,16
2024-12-10_arizona_csu_bakersfield,CSU Bakersfield,02,"Gingras, Caitie",False,15,1,4,0.25,0,2,0.0,0,0,,0,1,1,0,0,0,0,0,2
2024-12-10_arizona_csu_bakersfield,CSU Bakersfield,42,"Tse, Allysan",False,8,1,3,0.333,0,1,0.0,0,0,,1,1,2,0,0,3,0,0,2
2024-12-10_arizona_csu_bakersfield,CSU Bakersfield,34,"Forney, Cheyenne",False,6,1,1,1.0,0,0,,0,0,,0,1,1,0,1,0,0,0,2
2024-12-10_arizona_csu_bakersfield,CSU Bakersfield,23,"Feliz, Ileana",False,6,0,2,0.0,0,0,,0,0,,0,0,0,2,0,0,0,0,0
2024-12-10_arizona_csu_bakersfield,CSU Bakersfield,TM,TEAM,False,0,0,0,,0,0,,0,0,,0,3,3,0,0,3,0,0,0
2024-12-10_arizona_csu_bakersfield,Arizona,04,"Jones, Skylar",True,23,5,6,0.833,2,3,0.667,1,1,1.0,2,1,3,1,3,4,0,1,13
2024-12-10_arizona_csu_bakersfield,Arizona,25,"Cunningham, Breya",True,19,6,7,0.857,0,0,,1,2,0.5,0,5,5,2,2,0,1,1,13
2024-12-10_arizona_csu_bakersfield,Arizona,23,"Paris, Paulina",True,26,4,13,0.308,2,9,0.222,1,1,1.0,2,2,4,1,2,0,0,2,11
2024-12-10_arizona_csu_bakersfield,Arizona,12,"Dew, Montaya",True,19,2,4,0.5,0,1,0.0,1,2,0.5,2,1,3,0,2,0,0,0,5
2024-12-10_arizona_csu_bakersfield,Arizona,02,"Williams, Jada",True,25,1,4,0.25,1,3,0.333,1,2,0.5,1,3,4,1,4,0,0,0,4
2024-12-10_arizona_csu_bakersfield,Arizona,34,"Knezevic, Katarina",False,26,3,8,0.375,3,5,0.6,0,0,,0,6,6,1,3,2,0,3,9
2024-12-10_arizona_csu_bakersfield,Arizona,33,"Beh, Isis",False,11,4,4,1.0,0,0,,0,0,,1,1,2,0,1,0,0,3,8
2024-12-10_arizona_csu_bakersfield,Arizona,11,"Jah, Sahnya",False,7,2,8,0.25,1,3,0.333,2,2,1.0,1,0,1,0,0,2,0,1,7
2024-12-10_arizona_csu_bakersfield,Arizona,13,"Rolf, Mailien",False,22,1,3,0.333,0,2,0.0,2,2,1.0,0,3,3,1,0,1,0,2,4
2024-12-10_arizona_csu_bakersfield,Arizona,24,"Ross, Jorynn",False,7,1,2,0.5,0,0,,0,0,,1,2,3,1,1,0,1,0,2
2024-12-10_arizona_csu_bakersfield,Arizona,01,"Swann, Lauryn",False,15,0,6,0.0,0,5,0.0,0,0,,0,2,2,1,0,0,0,0,0
2024-12-10_arizona_csu_bakersfield,Arizona,TM,TEAM,False,0,0,0,,0,0,,0,0,,1,2,3,0,0,1,0,0,0
2024-12-11_csun_california_baptist,California Baptist,8,"Bosch Duran, Nhug",True,32,7,12,0.583,5,9,0.556,1,2,0.5,0,2,2,3,4,0,0,0,20
2024-12-11_csun_california_baptist,California Baptist,21,"Tu'ua, Anaiyah",True,35,7,11,0.636,4,6,0.667,1,2,0.5,0,1,1,2,7,1,0,1,19
2024-12-11_csun_california_baptist,California Baptist,14,"Johansson, Emma",True,38,3,10,0.3,3,9,0.333,2,2,1.0,1,6,7,1,0,2,3,1,11
2024-12-11_csun_california_baptist,California Baptist,33,"Schmidt, Grace",True,33,3,6,0.5,0,0,,5,5,1.0,0,4,4,3,2,5,1,0,11
2024-12-11_csun_california_baptist,California Baptist,10,"Fiel, Claudia",True,34,2,8,0.25,0,3,0.0,3,5,0.6,0,3,3,3,5,5,1,3,7
2024-12-11_csun_california_baptist,California Baptist,22,"White, Sydney",False,16,2,3,0.667,1,2,0.5,0,0,,0,0,0,0,1,1,0,0,5
2024-12-11_csun_california_baptist,California Baptist,13,"Anderson, Nia",False,12,0,2,0.0,0,2,0.0,0,0,,0,3,3,1,0,0,0,1,0
2024-12-11_csun_california_baptist,California Baptist,TM,TEAM,False,0,0,0,,0,0,,0,0,,4,4,8,0,0,1,0,0,0
2024-12-11_csun_california_baptist,CSUN,4,"Edwards, Morgan",True,35,7,9,0.778,5,6,0.833,3,4,0.75,3,3,6,3,2,3,1,1,22
2024-12-11_csun_california_baptist,CSUN,5,"Cox, Yves",True,23,5,10,0.5,0,0,,0,0,,3,3,6,3,0,2,2,1,10
2024-12-11_csun_california_baptist,CSUN,00,"Kilty, Jenna",True,34,3,8,0.375,3,7,0.429,0,0,,0,5,5,0,2,1,0,0,9
2024-12-11_csun_california_baptist,CSUN,20,"Adams, Erica",True,36,2,8,0.25,0,3,0.0,4,5,0.8,1,5,6,0,4,1,0,1,8
2024-12-11_csun_california_baptist,CSUN,2,"Hopson, Kayla",True,19,0,2,0.0,0,1,0.0,2,2,1.0,0,1,1,0,1,2,0,1,2
2024-12-11_csun_california_baptist,CSUN,3,"Tumlin, Kelly",False,32,5,16,0.312,3,11,0.273,0,0,,0,3,3,2,5,3,0,1,13
2024-12-11_csun_california_baptist,CSUN,10,"Lizama, Alondra",False,6,2,2,1.0,1,1,1.0,0,0,,0,0,0,2,0,1,0,0,5
2024-12-11_csun_california_baptist,CSUN,14,"Orji, Nnenna",False,11,1,2,0.5,0,0,,0,0,,1,0,1,0,0,3,0,1,2
2024-12-11_csun_california_baptist,CSUN,21,"Marshall, Karsen",False,3,0,0,,0,0,,0,0,,0,1,1,0,0,0,0,0,0
2024-12-11_csun_california_baptist,CSUN,22,"Dahlin, Laini",False,1,0,1,0.0,0,1,0.0,0,0,,0,0,0,0,0,0,0,0,0
2024-12-11_csun_california_baptist,CSUN,TM,TEAM,False,0,0,0,,0,0,,0,0,,3,3,6,0,0,0,0,0,0
2024-12-11_cal_st_fullerton_san_diego_st,San Diego St.,01,"Houpt, Erin",True,20,3,8,0.375,2,5,0.4,4,4,1.0,0,1,1,2,0,0,0,2,12
2024-12-11_cal_st_fullerton_san_diego_st,San Diego St.,31,"Clark, Cali",True,27,3,9,0.333,0,0,,0,0,,3,6,9,1,1,3,0,3,6
2024-12-11_cal_st_fullerton_san_diego_st,San Diego St.,11,"Green, Jazlen",True,17,1,4,0.25,0,1,0.0,2,2,1.0,1,0,1,2,1,1,0,0,4
2024-12-11_cal_st_fullerton_san_diego_st,San Diego St.,04,"Sheffey, Veronica",True,27,1,7,0.143,0,1,0.0,0,2,0.0,0,5,5,3,1,4,0,0,2
2024-12-11_cal_st_fullerton_san_diego_st,San Diego St.,23,"Villalobos, Kim",True,20,0,7,0.0,0,1,0.0,0,0,,4,1,5,0,2,1,0,0,0
2024-12-11_cal_st_fullerton_san_diego_st,San Diego St.,24,"Panganiban, Naomi",False,30,6,10,0.6,2,3,0.667,3,5,0.6,2,2,4,2,5,1,0,0,17
2024-12-11_cal_st_fullerton_san_diego_st,San Diego St.,32,"Quezada, Adryana",False,30,8,15,0.533,1,2,0.5,0,0,,4,2,6,0,1,0,1,1,17
2024-12-11_cal_st_fullerton_san_diego_st,San Diego St.,21,"Martinez, Nat",False,15,1,5,0.2,1,5,0.2,0,0,,0,2,2,0,0,0,0,0,3
2024-12-11_cal_st_fullerton_san_diego_st,San Diego St.,12,"Hamilton, Kaelyn",False,11,0,1,0.0,0,0,,0,0,,0,0,0,1,2,1,0,2,0
2024-12-11_cal_st_fullerton_san_diego_st,San Diego St.,20,"Barnhard, Bailey",False,3,0,0,,0,0,,0,0,,2,0,2,0,0,0,0,0,0
2024-12-11_cal_st_fullerton_san_diego_st,San Diego St.,TM,TEAM,False,0,0,0,,0,0,,0,0,,1,4,5,0,0,1,0,0,0
2024-12-11_cal_st_fullerton_san_diego_st,Cal St. Fullerton,12,"Levingston, Eva",True,38,6,13,0.462,0,0,,0,0,,3,8,11,5,2,6,0,0,12
2024-12-11_cal_st_fullerton_san_diego_st,Cal St. Fullerton,10,"Lagway, Demonnie",True,34,4,14,0.286,1,4,0.25,3,4,0.75,2,1,3,0,2,2,0,1,12
2024-12-11_cal_st_fullerton_san_diego_st,Cal St. Fullerton,24,"Stanton, Aaliyah",True,29,4,12,0.333,0,3,0.0,4,6,0.667,1,2,3,1,2,1,0,0,12
2024-12-11_cal_st_fullerton_san_diego_st,Cal St. Fullerton,13,"Hernandez, Aixchel",True,34,4,11,0.364,0,0,,1,2,0.5,3,8,11,1,0,1,1,1,9
2024-12-11_cal_st_fullerton_san_diego_st,Cal St. Fullerton,23,"Strachan, Emily",True,21,1,1,1.0,0,0,,2,2,1.0,0,0,0,1,1,1,0,0,4
2024-12-11_cal_st_fullerton_san_diego_st,Cal St. Fullerton,00,"Davis, Layla",False,6,3,3,1.0,0,0,,0,0,,1,2,3,1,0,1,1,0,6
2024-12-11_cal_st_fullerton_san_diego_st,Cal St. Fullerton,22,"Muniz, Madelynn",False,11,1,3,0.333,1,3,0.333,0,0,,0,1,1,0,0,0,0,0,3
2024-12-11_cal_st_fullerton_san_diego_st,Cal St. Fullerton,02,"Tauro, Maddy",False,16,0,2,0.0,0,0,,0,0,,2,1,3,2,1,0,0,1,0
2024-12-11_cal_st_fullerton_san_diego_st,Cal St. Fullerton,04,"Falsdottir, Jana",False,11,0,2,0.0,0,1,0.0,0,0,,2,0,2,0,1,1,0,0,0
2024-12-11_cal_st_fullerton_san_diego_st,Cal St. Fullerton,TM,TEAM,False,0,0,0,,0,0,,0,0,,2,4,6,0,0,1,0,0,0
2024-12-14_california_baptist_uc_san_diego,UC San Diego,03,"Sugapong, Sumayah",True,34,9,20,0.45,4,9,0.444,2,2,1.0,1,1,2,1,7,3,1,3,24
2024-12-14_california_baptist_uc_san_diego,UC San Diego,15,"Ma, Sabrina",True,28,5,11,0.455,4,9,0.444,2,2,1.0,0,3,3,3,1,0,2,3,16
2024-12-14_california_baptist_uc_san_diego,UC San Diego,32,"Montgomery, Parker",True,24,3,6,0.5,2,3,0.667,0,0,,0,1,1,2,1,0,0,3,8
2024-12-14_california_baptist_uc_san_diego,UC San Diego,22,"Gallegos, Gracie",True,27,3,10,0.3,0,2,0.0,0,0,,4,5,9,0,6,0,0,2,6
2024-12-14_california_baptist_uc_san_diego,UC San Diego,24,"Spriggs, Kayanna",True,12,1,3,0.333,0,0,,0,0,,0,2,2,4,0,2,1,2,2
2024-12-14_california_baptist_uc_san_diego,UC San Diego,30,"Sule, Damilola",False,22,5,6,0.833,0,0,,8,8,1.0,3,9,12,4,0,0,0,0,18
2024-12-14_california_baptist_uc_san_diego,UC San Diego,25,"Mahan, Junaé",False,14,1,2,0.5,0,0,,3,3,1.0,0,3,3,2,2,2,0,2,5
2024-12-14_california_baptist_uc_san_diego,UC San Diego,33,"Svoboda, Emma",False,6,1,4,0.25,0,0,,0,0,,1,0,1,1,0,1,0,0,2
2024-12-14_california_baptist_uc_san_diego,UC San Diego,21,"Polocheck, Nicki",False,13,0,3,0.0,0,3,0.0,0,0,,0,2,2,1,1,0,0,0,0
2024-12-14_california_baptist_uc_san_diego,UC San Diego,02,"Talbot, Grace",False,6,0,0,,0,0,,0,0,,0,0,0,0,1,0,0,0,0
2024-12-14_california_baptist_uc_san_diego,UC San Diego,12,"Smith, Rosa",False,6,0,1,0.0,0,0,,0,0,,0,2,2,0,0,2,0,0,0
2024-12-14_california_baptist_uc_san_diego,UC San Diego,23,"Blithikioti, Eri",False,5,0,3,0.0,0,1,0.0,0,0,,1,0,1,0,0,0,0,0,0
2024-12-14_california_baptist_uc_san_diego,UC San Diego,05,"Louther, Gabby",False,3,0,0,,0,0,,0,0,,0,0,0,0,0,0,0,0,0
2024-12-14_california_baptist_uc_san_diego,UC San Diego,TM,TEAM,False,0,0,0,,0,0,,0,0,,0,6,6,0,0,0,0,0,0
2024-12-14_california_baptist_uc_san_diego,California Baptist,22,"White, Sydney",True,32,4,12,0.333,4,8,0.5,0,0,,0,4,4,0,1,2,0,0,12
2024-12-14_california_baptist_uc_san_diego,California Baptist,33,"Schmidt, Grace",True,26,3,6,0.5,0,1,0.0,6,9,0.667,3,3,6,3,0,3,0,0,12
2024-12-14_california_baptist_uc_san_diego,California Baptist,21,"Tu'ua, Anaiyah",True,30,3,9,0.333,2,5,0.4,0,0,,2,6,8,4,5,5,1,1,8
2024-12-14_california_baptist_uc_san_diego,California Baptist,10,"Fiel, Claudia",True,37,2,10,0.2,1,5,0.2,2,6,0.333,1,2,3,1,5,2,0,2,7
2024-12-14_california_baptist_uc_san_diego,California Baptist,14,"Johansson, Emma",True,25,0,4,0.0,0,3,0.0,2,2,1.0,0,5,5,2,1,2,2,1,2
2024-12-14_california_baptist_uc_san_diego,California Baptist,13,"Anderson, Nia",False,32,3,9,0.333,2,8,0.25,2,2,1.0,1,5,6,3,0,2,0,0,10
2024-12-14_california_baptist_uc_san_diego,California Baptist,32,"Long, Hailey",False,18,2,6,0.333,1,5,0.2,2,3,0.667,1,1,2,2,1,1,0,0,7
2024-12-14_california_baptist_uc_san_diego,California Baptist,TM,TEAM,False,0,0,0,,0,0,,0,0,,1,5,6,0,0,0,0,0,0
2024-12-14_long_beach_st_ucla,UCLA,32,"Dugalić, Angela",True,29,9,12,0.75,2,2,1.0,2,2,1.0,3,5,8,1,6,2,0,2,22
2024-12-14_long_beach_st_ucla,UCLA,51,"Betts, Lauren",True,25,10,15,0.667,0,0,,2,5,0.4,3,7,10,4,2,3,3,3,22
2024-12-14_long_beach_st_ucla,UCLA,11,"Jaquez, Gabriela",True,19,7,11,0.636,1,3,0.333,2,2,1.0,4,3,7,0,1,3,0,0,17
2024-12-14_long_beach_st_ucla,UCLA,1,"Rice, Kiki",True,21,5,10,0.5,0,4,0.0,2,3,0.667,1,1,2,1,3,0,0,1,12
2024-12-14_long_beach_st_ucla,UCLA,3,"Jones, Londynn",True,28,1,9,0.111,1,8,0.125,0,0,,0,2,2,2,9,5,0,3,3
2024-12-14_long_beach_st_ucla,UCLA,00,"Barker, Janiah",False,26,9,10,0.9,1,1,1.0,0,0,,6,4,10,1,3,3,0,1,19
2024-12-14_long_beach_st_ucla,UCLA,7,"Aarnisalo, Elina",False,30,3,7,0.429,1,2,0.5,0,0,,1,3,4,1,6,1,0,3,7
2024-12-14_long_beach_st_ucla,UCLA,22,"Dudley, Kendall",False,22,0,5,0.0,0,2,0.0,0,0,,1,1,2,2,0,2,0,1,0
2024-12-14_long_beach_st_ucla,UCLA,TM,TEAM,False,0,0,0,,0,0,,0,0,,2,4,6,0,0,0,0,0,0
2024-12-14_long_beach_st_ucla,Long Beach St.,2,"Tucker, Savannah",True,34,3,7,0.429,0,1,0.0,3,5,0.6,0,4,4,1,6,3,0,1,9
2024-12-14_long_beach_st_ucla,Long Beach St.,11,"Loobie, Rachel",True,13,3,6,0.5,1,2,0.5,0,0,,1,1,2,0,0,2,0,1,7
2024-12-14_long_beach_st_ucla,Long Beach St.,22,"Richards, Mykelle",True,33,2,4,0.5,0,1,0.0,2,2,1.0,1,1,2,3,1,4,0,2,6
2024-12-14_long_beach_st_ucla,Long Beach St.,3,"Chung, Patricia",True,28,0,5,0.0,0,4,0.0,0,0,,1,3,4,3,0,6,0,0,0
2024-12-14_long_beach_st_ucla,Long Beach St.,1,"Sonnier, Lovely",True,15,0,7,0.0,0,1,0.0,0,0,,0,0,0,2,0,3,0,1,0
2024-12-14_long_beach_st_ucla,Long Beach St.,12,"Crawshaw, Jada",False,25,9,18,0.5,1,5,0.2,0,0,,0,1,1,0,2,4,0,1,19
2024-12-14_long_beach_st_ucla,Long Beach St.,30,"Jones-brown, Jaquoia",False,25,3,7,0.429,1,1,1.0,0,0,,2,2,4,4,2,1,0,2,7
2024-12-14_long_beach_st_ucla,Long Beach St.,33,"Wright, Haley",False,11,1,3,0.333,0,1,0.0,1,1,1.0,0,0,0,2,0,1,0,1,3
2024-12-14_long_beach_st_ucla,Long Beach St.,10,"Reynoso, Christy",False,8,0,1,0.0,0,1,0.0,0,0,,0,0,0,0,0,0,0,0,0
2024-12-14_long_beach_st_ucla,Long Beach St.,42,"Oliva Fernandez, Judit",False,8,0,1,0.0,0,0,,0,0,,0,0,0,1,0,2,0,0,0
2024-12-14_long_beach_st_ucla,Long Beach St.,TM,TEAM,False,0,0,0,,0,0,,0,0,,2,3,5,0,0,0,0,0,0
2024-12-14_san_diego_csun,CSUN,20,"Adams, Erica",True,36,6,10,0.6,1,1,1.0,2,2,1.0,0,2,2,2,3,4,0,4,15
2024-12-14_san_diego_csun,CSUN,2,"Hopson, Kayla",True,22,4,8,0.5,1,1,1.0,4,4,1.0,1,4,5,1,0,7,0,2,13
2024-12-14_san_diego_csun,CSUN,4,"Edwards, Morgan",True,30,2,8,0.25,0,0,,3,4,0.75,4,2,6,3,3,1,0,0,7
2024-12-14_san_diego_csun,CSUN,00,"Kilty, Jenna",True,28,3,6,0.5,1,3,0.333,0,0,,0,2,2,1,0,3,1,0,7
2024-12-14_san_diego_csun,CSUN,5,"Cox, Yves",True,17,1,8,0.125,0,0,,0,0,,3,4,7,4,1,1,2,0,2
2024-12-14_san_diego_csun,CSUN,10,"Lizama, Alondra",False,17,2,4,0.5,0,1,0.0,0,0,,0,2,2,1,0,1,1,0,4
2024-12-14_san_diego_csun,CSUN,3,"Tumlin, Kelly",False,25,1,4,0.25,0,1,0.0,0,0,,2,1,3,0,0,4,0,1,2
2024-12-14_san_diego_csun,CSUN,21,"Marshall, Karsen",False,13,1,4,0.25,0,2,0.0,0,0,,0,1,1,1,1,2,1,2,2
2024-12-14_san_diego_csun,CSUN,14,"Orji, Nnenna",False,6,0,1,0.0,0,0,,0,0,,0,0,0,0,0,1,0,0,0
2024-12-14_san_diego_csun,CSUN,22,"Dahlin, Laini",False,4,0,1,0.0,0,1,0.0,0,0,,0,0,0,0,0,0,0,0,0
2024-12-14_san_diego_csun,CSUN,23,"Hardwick, Sincere",False,2,0,1,0.0,0,0,,0,0,,0,0,0,0,0,0,0,0,0
2024-12-14_san_diego_csun,CSUN,TM,TEAM,False,0,0,0,,0,0,,0,0,,3,3,6,0,0,1,0,0,0
2024-12-14_san_diego_csun,San Diego,00,"Ranson, Ava",True,22,5,9,0.556,1,3,0.333,0,0,,0,0,0,3,4,2,0,2,11
2024-12-14_san_diego_csun,San Diego,24,"Horstmeyer, Kylie",True,22,5,6,0.833,0,0,,0,0,,1,3,4,1,4,1,0,1,10
2024-12-14_san_diego_csun,San Diego,21,"Reilly, Truitt",True,19,3,6,0.5,0,0,,3,4,0.75,1,6,7,1,0,1,1,1,9
2024-12-14_san_diego_csun,San Diego,10,"Wristen, Courtney",True,20,2,4,0.5,0,1,0.0,2,2,1.0,1,0,1,1,0,0,2,2,6
2024-12-14_san_diego_csun,San Diego,5,"McCall, Lauren",True,10,1,3,0.333,1,1,1.0,0,0,,0,1,1,1,2,3,0,3,3
2024-12-14_san_diego_csun,San Diego,1,"Moore, Dresha",False,15,2,10,0.2,0,0,,4,5,0.8,6,2,8,1,2,1,1,2,8
2024-12-14_san_diego_csun,San Diego,19,"Rhodes, Jayden",False,13,3,5,0.6,1,1,1.0,0,0,,1,1,2,2,0,2,0,0,7
2024-12-14_san_diego_csun,San Diego,3,"Amor, Lilly",False,17,2,4,0.5,1,2,0.5,0,0,,1,1,2,3,2,1,0,1,5
2024-12-14_san_diego_csun,San Diego,12,"Carr, Erica",False,9,2,4,0.5,0,0,,1,2,0.5,1,5,6,1,1,2,1,2,5
2024-12-14_san_diego_csun,San Diego,20,"Rhodes, Hallie",False,24,2,6,0.333,0,0,,0,0,,0,1,1,0,3,2,1,4,4
2024-12-14_san_diego_csun,San Diego,22,"Santacaterina, Paris",False,12,1,2,0.5,1,1,1.0,0,0,,0,1,1,0,0,1,0,0,3
2024-12-14_san_diego_csun,San Diego,30,"Gallagher, Claire",False,13,1,3,0.333,0,2,0.0,0,0,,0,1,1,3,2,1,0,0,2
2024-12-14_san_diego_csun,San Diego,15,"Ruse, Eva",False,4,0,0,,0,0,,1,2,0.5,0,1,1,0,0,0,0,0,1
2024-12-14_san_diego_csun,San Diego,TM,TEAM,False,0,0,0,,0,0,,0,0,,2,0,2,0,0,0,0,0,0
2024-12-14_cal_st_fullerton_chapman,Chapman,33,"Nitao, Makena",True,24,4,11,0.364,0,0,,2,2,1.0,1,2,3,1,1,1,0,1,10
2024-12-14_cal_st_fullerton_chapman,Chapman,25,"Woods, Layla",True,20,4,13,0.308,0,0,,0,0,,2,2,4,2,0,1,1,1,8
2024-12-14_cal_st_fullerton_chapman,Chapman,21,"Cajala, Kali",True,22,2,4,0.5,0,1,0.0,0,0,,0,2,2,0,4,0,0,0,4
2024-12-14_cal_st_fullerton_chapman,Chapman,14,"Sherfey, Aidan",True,15,1,2,0.5,0,0,,1,2,0.5,1,3,4,0,1,0,0,0,3
2024-12-14_cal_st_fullerton_chapman,Chapman,23,"Nakaji, Maile",True,23,0,5,0.0,0,2,0.0,0,0,,0,2,2,2,1,2,0,1,0
2024-12-14_cal_st_fullerton_chapman,Chapman,12,"Brown, Shanna",False,19,4,9,0.444,0,3,0.0,0,0,,0,4,4,2,0,1,0,0,8
2024-12-14_cal_st_fullerton_chapman,Chapman,11,"Watanabe, Kira",False,17,1,3,0.333,1,2,0.5,0,0,,0,1,1,2,1,5,0,1,3
2024-12-14_cal_st_fullerton_chapman,Chapman,20,"Barretto, Trinity",False,12,1,3,0.333,0,0,,0,0,,0,1,1,0,1,2,0,0,2
2024-12-14_cal_st_fullerton_chapman,Chapman,15,"Greenwood, Nyah",False,22,0,4,0.0,0,0,,1,2,0.5,3,1,4,0,1,1,0,0,1
2024-12-14_cal_st_fullerton_chapman,Chapman,05,"Ludwick, Emerson",False,9,0,2,0.0,0,0,,0,0,,0,2,2,1,0,1,0,0,0
2024-12-14_cal_st_fullerton_chapman,Chapman,24,"Lacap, Jemma",False,6,0,2,0.0,0,0,,0,0,,1,2,3,1,0,2,0,0,0
2024-12-14_cal_st_fullerton_chapman,Chapman,03,"Lu, Ciara",False,5,0,0,,0,0,,0,0,,0,0,0,0,3,1,0,0,0
2024-12-14_cal_st_fullerton_chapman,Chapman,01,"Urushima, Sachi",False,3,0,0,,0,0,,0,0,,1,0,1,0,0,2,0,0,0
2024-12-14_cal_st_fullerton_chapman,Chapman,22,"McCoy, Darcy",False,3,0,2,0.0,0,1,0.0,0,0,,1,0,1,0,0,0,0,0,0
2024-12-14_cal_st_fullerton_chapman,Chapman,TM,TEAM,False,0,0,0,,0,0,,0,0,,2,2,4,0,0,1,0,0,0
2024-12-14_cal_st_fullerton_chapman,Cal St. Fullerton,24,"Stanton, Aaliyah",True,22,7,11,0.636,2,4,0.5,2,6,0.333,0,2,2,1,2,0,0,0,18
2024-12-14_cal_st_fullerton_chapman,Cal St. Fullerton,12,"Levingston, Eva",True,24,8,11,0.727,0,0,,0,0,,0,17,17,1,1,3,1,1,16
2024-12-14_cal_st_fullerton_chapman,Cal St. Fullerton,04,"Falsdottir, Jana",True,29,4,7,0.571,1,2,0.5,0,0,,2,0,2,1,3,4,0,3,9
2024-12-14_cal_st_fullerton_chapman,Cal St. Fullerton,13,"Hernandez, Aixchel",True,22,4,9,0.444,0,0,,0,0,,2,5,7,0,2,0,3,1,8
2024-12-14_cal_st_fullerton_chapman,Cal St. Fullerton,10,"Lagway, Demonnie",True,18,2,3,0.667,1,2,0.5,0,0,,0,0,0,0,2,1,0,0,5
2024-12-14_cal_st_fullerton_chapman,Cal St. Fullerton,02,"Tauro, Maddy",False,24,5,9,0.556,0,0,,3,5,0.6,3,1,4,0,4,0,1,4,13
2024-12-14_cal_st_fullerton_chapman,Cal St. Fullerton,22,"Muniz, Madelynn",False,27,3,10,0.3,3,9,0.333,0,0,,0,2,2,0,1,0,0,0,9
2024-12-14_cal_st_fullerton_chapman,Cal St. Fullerton,00,"Davis, Layla",False,18,0,2,0.0,0,0,,2,2,1.0,1,3,4,1,2,1,3,1,2
2024-12-14_cal_st_fullerton_chapman,Cal St. Fullerton,01,"Wienecke, Genna",False,11,0,2,0.0,0,0,,0,0,,1,2,3,0,0,1,0,0,0
2024-12-14_cal_st_fullerton_chapman,Cal St. Fullerton,55,"Schuler, Samantha",False,5,0,1,0.0,0,1,0.0,0,0,,0,0,0,0,0,1,0,1,0
2024-12-14_cal_st_fullerton_chapman,Cal St. Fullerton,TM,TEAM,False,0,0,0,,0,0,,0,0,,2,0,2,0,0,1,0,0,0
2024-12-14_fresno_st_csu_bakersfield,CSU Bakersfield,04,"Dizon, Ary",True,35,4,12,0.333,0,1,0.0,0,0,,3,6,9,2,2,6,0,0,8
2024-12-14_fresno_st_csu_bakersfield,CSU Bakersfield,20,"Secchiaroli, Melissa",True,25,1,2,0.5,0,0,,1,3,0.333,0,3,3,2,0,1,0,0,3
2024-12-14_fresno_st_csu_bakersfield,CSU Bakersfield,30,"Dioli, Alli",True,17,1,4,0.25,1,2,0.5,0,0,,0,2,2,1,0,1,0,1,3
2024-12-14_fresno_st_csu_bakersfield,CSU Bakersfield,11,"Caldwell, Taylor",True,26,1,7,0.143,0,0,,0,2,0.0,0,3,3,1,1,0,0,0,2
2024-12-14_fresno_st_csu_bakersfield,CSU Bakersfield,21,"Tse, Dylan",True,20,0,7,0.0,0,4,0.0,0,0,,2,3,5,0,0,1,0,0,0
2024-12-14_fresno_st_csu_bakersfield,CSU Bakersfield,34,"Forney, Cheyenne",False,31,9,14,0.643,0,1,0.0,2,3,0.667,6,4,10,2,0,1,0,1,20
2024-12-14_fresno_st_csu_bakersfield,CSU Bakersfield,02,"Gingras, Caitie",False,20,3,6,0.5,2,4,0.5,0,0,,0,1,1,0,2,3,0,0,8
2024-12-14_fresno_st_csu_bakersfield,CSU Bakersfield,08,"Langi, Marley",False,14,0,2,0.0,0,1,0.0,1,2,0.5,1,2,3,3,1,0,0,0,1
2024-12-14_fresno_st_csu_bakersfield,CSU Bakersfield,23,"Feliz, Ileana",False,3,0,0,,0,0,,1,2,0.5,1,1,2,2,0,1,0,0,1
2024-12-14_fresno_st_csu_bakersfield,CSU Bakersfield,42,"Tse, Allysan",False,9,0,2,0.0,0,2,0.0,0,0,,0,1,1,1,0,0,0,0,0
2024-12-14_fresno_st_csu_bakersfield,CSU Bakersfield,TM,TEAM,False,0,0,0,,0,0,,0,0,,1,0,1,0,0,2,0,0,0
2024-12-14_fresno_st_csu_bakersfield,Fresno St.,23,"Jacobs, Mia",True,25,6,15,0.4,3,7,0.429,2,4,0.5,6,4,10,2,0,1,1,0,17
2024-12-14_fresno_st_csu_bakersfield,Fresno St.,02,"Elohim, Mariah",True,27,6,16,0.375,1,9,0.111,1,1,1.0,0,4,4,1,4,1,0,1,14
2024-12-14_fresno_st_csu_bakersfield,Fresno St.,07,"Ukkonen, Saga",True,25,3,6,0.5,3,4,0.75,1,2,0.5,0,3,3,1,2,1,0,1,10
2024-12-14_fresno_st_csu_bakersfield,Fresno St.,30,"Fox, Kylee",True,30,1,6,0.167,1,5,0.2,2,2,1.0,1,2,3,1,0,1,0,2,5
2024-12-14_fresno_st_csu_bakersfield,Fresno St.,13,"Konstantinidou, Maria",True,13,2,6,0.333,0,1,0.0,0,0,,5,0,5,2,1,0,0,0,4
2024-12-14_fresno_st_csu_bakersfield,Fresno St.,03,"Powell, Danae",False,23,4,8,0.5,0,2,0.0,0,0,,1,2,3,0,1,2,0,0,8
2024-12-14_fresno_st_csu_bakersfield,Fresno St.,12,"Watkins, Avery",False,12,1,3,0.333,1,2,0.5,1,2,0.5,0,3,3,0,0,0,0,0,4
2024-12-14_fresno_st_csu_bakersfield,Fresno St.,08,"Griffiths, Holly",False,8,1,4,0.25,1,3,0.333,0,0,,0,0,0,2,0,0,0,0,3
2024-12-14_fresno_st_csu_bakersfield,Fresno St.,20,"Williams, Rayna",False,17,0,1,0.0,0,0,,0,0,,1,2,3,2,0,0,0,1,0
2024-12-14_fresno_st_csu_bakersfield,Fresno St.,11,"LeSueur, Malaya",False,13,0,3,0.0,0,0,,0,0,,1,2,3,2,0,0,0,1,0
2024-12-14_fresno_st_csu_bakersfield,Fresno St.,15,"Amundsen, Laney",False,5,0,1,0.0,0,1,0.0,0,0,,0,0,0,0,1,0,0,0,0
2024-12-14_fresno_st_csu_bakersfield,Fresno St.,10,"Chatfield, Alannah",False,2,0,0,,0,0,,0,0,,0,0,0,0,0,0,0,0,0
2024-12-14_fresno_st_csu_bakersfield,Fresno St.,TM,TEAM,False,0,0,0,,0,0,,0,0,,2,3,5,0,0,1,0,0,0
2024-12-15_uc_davis_arizona_st,Arizona St.,23,"Brown, Jalyn",True,26,8,21,0.381,1,5,0.2,4,5,0.8,0,2,2,4,0,6,1,3,21
2024-12-15_uc_davis_arizona_st,Arizona St.,03,"Skinner, Tyi",True,26,2,11,0.182,0,3,0.0,3,4,0.75,1,3,4,1,1,0,0,1,7
2024-12-15_uc_davis_arizona_st,Arizona St.,00,"Basham, Kennedy",True,26,3,9,0.333,0,1,0.0,0,0,,3,6,9,1,2,1,1,0,6
2024-12-15_uc_davis_arizona_st,Arizona St.,13,"Besselink, Maggie",True,20,1,2,0.5,0,0,,2,2,1.0,7,5,12,3,0,3,0,1,4
2024-12-15_uc_davis_arizona_st,Arizona St.,07,"Jackson, Jazion",True,21,0,5,0.0,0,0,,0,0,,0,4,4,0,0,1,0,0,0
2024-12-15_uc_davis_arizona_st,Arizona St.,15,"Greer, Heavenly",False,22,3,5,0.6,0,0,,0,0,,2,5,7,3,0,3,2,3,6
2024-12-15_uc_davis_arizona_st,Arizona St.,04,"LoVett, Jyah",False,29,2,8,0.25,0,2,0.0,0,0,,0,1,1,3,2,2,0,1,4
2024-12-15_uc_davis_arizona_st,Arizona St.,12,"Moore, Makayla",False,15,1,3,0.333,0,1,0.0,0,0,,2,0,2,1,0,0,0,1,2
2024-12-15_uc_davis_arizona_st,Arizona St.,10,"Fauntleroy, Kennedy",False,15,0,7,0.0,0,2,0.0,0,0,,0,1,1,1,0,1,0,1,0
2024-12-15_uc_davis_arizona_st,Arizona St.,TM,TEAM,False,0,0,0,,0,0,,0,0,,4,4,8,0,0,0,0,0,0
2024-12-15_uc_davis_arizona_st,UC Davis,14,"Sabel, Tova",True,37,5,13,0.385,1,7,0.143,2,4,0.5,0,9,9,2,2,3,0,1,13
2024-12-15_uc_davis_arizona_st,UC Davis,04,"Epps, Nya",True,29,5,13,0.385,1,4,0.25,0,2,0.0,0,0,0,0,2,2,0,0,11
2024-12-15_uc_davis_arizona_st,UC Davis,25,"Norris, Megan",True,32,3,9,0.333,1,3,0.333,3,4,0.75,2,5,7,2,1,1,0,1,10
2024-12-15_uc_davis_arizona_st,UC Davis,13,"Burns, Sydney",True,26,2,3,0.667,1,1,1.0,2,2,1.0,0,7,7,2,3,2,0,1,7
2024-12-15_uc_davis_arizona_st,UC Davis,33,"Harris, Mazatlan",True,20,1,2,0.5,1,2,0.5,0,0,,0,2,2,3,1,2,0,0,3
2024-12-15_uc_davis_arizona_st,UC Davis,02,"Bennett, Ryann",False,23,3,6,0.5,2,4,0.5,1,3,0.333,1,1,2,2,2,2,1,1,9
2024-12-15_uc_davis_arizona_st,UC Davis,23,"Baker, Victoria",False,11,1,5,0.2,0,2,0.0,1,1,1.0,1,2,3,1,0,1,0,1,3
2024-12-15_uc_davis_arizona_st,UC Davis,05,"Fitzgerald, Ally",False,8,0,1,0.0,0,0,,1,2,0.5,0,1,1,1,2,0,0,0,1
2024-12-15_uc_davis_arizona_st,UC Davis,41,"Shine, Bria",False,9,0,1,0.0,0,1,0.0,0,0,,0,1,1,1,1,1,0,1,0
2024-12-15_uc_davis_arizona_st,UC Davis,09,"Sussex, Avery",False,3,0,1,0.0,0,0,,0,0,,0,0,0,1,0,1,0,0,0
2024-12-15_uc_davis_arizona_st,UC Davis,11,"Glad, Clara",False,2,0,0,,0,0,,0,0,,0,0,0,0,0,0,0,0,0
2024-12-15_uc_davis_arizona_st,UC Davis,TM,TEAM,False,0,0,0,,0,0,,0,0,,2,4,6,0,0,1,0,0,0
2024-12-15_oregon_st_uc_irvine,UC Irvine,13,"Lee, Déja",True,32,4,11,0.364,2,6,0.333,1,3,0.333,1,2,3,3,4,2,0,2,11
2024-12-15_oregon_st_uc_irvine,UC Irvine,20,"Hernandez, Hunter",True,24,5,13,0.385,1,4,0.25,0,0,,2,2,4,1,1,0,0,1,11
2024-12-15_oregon_st_uc_irvine,UC Irvine,21,"Williams, Olivia",True,27,3,9,0.333,0,4,0.0,2,2,1.0,2,5,7,1,1,3,0,1,8
2024-12-15_oregon_st_uc_irvine,UC Irvine,24,"Dean, Nevaeh",True,16,2,3,0.667,2,2,1.0,0,0,,1,1,2,3,1,1,0,1,6
2024-12-15_oregon_st_uc_irvine,UC Irvine,3,"Tom, Nikki",True,23,1,6,0.167,1,5,0.2,0,0,,1,4,5,3,2,2,0,2,3
2024-12-15_oregon_st_uc_irvine,UC Irvine,14,"Hanson, Summah",False,19,1,8,0.125,0,3,0.0,5,6,0.833,1,3,4,3,1,1,0,2,7
2024-12-15_oregon_st_uc_irvine,UC Irvine,9,"Falcon Hernandez, Daniela",False,7,2,2,1.0,0,0,,1,2,0.5,2,0,2,1,0,0,0,0,5
2024-12-15_oregon_st_uc_irvine,UC Irvine,12,"Nahum, Shirel",False,10,0,1,0.0,0,0,,3,4,0.75,1,0,1,2,0,1,1,0,3
2024-12-15_oregon_st_uc_irvine,UC Irvine,33,"Gnahore, Ines",False,6,1,1,1.0,1,1,1.0,0,0,,0,1,1,0,0,1,0,1,3
2024-12-15_oregon_st_uc_irvine,UC Irvine,11,"Scharpf, Amelia",False,23,1,2,0.5,0,0,,0,0,,0,1,1,0,0,1,0,0,2
2024-12-15_oregon_st_uc_irvine,UC Irvine,1,"Madsen, Lauryn",False,5,0,1,0.0,0,1,0.0,1,2,0.5,0,2,2,0,0,0,0,0,1
2024-12-15_oregon_st_uc_irvine,UC Irvine,2,"Hernandez, Haley",False,3,0,0,,0,0,,0,0,,0,0,0,1,0,0,0,0,0
2024-12-15_oregon_st_uc_irvine,UC Irvine,35,"Noa, Reese",False,3,0,0,,0,0,,0,0,,0,0,0,0,0,1,0,0,0
2024-12-15_oregon_st_uc_irvine,UC Irvine,22,"Djoko, Clara",False,2,0,0,,0,0,,0,0,,0,1,1,0,0,0,0,0,0
2024-12-15_oregon_st_uc_irvine,UC Irvine,TM,TEAM,False,0,0,0,,0,0,,0,0,,0,3,3,0,0,0,0,0,0
2024-12-15_oregon_st_uc_irvine,Oregon St.,11,"Marotte, Aj",True,38,3,14,0.214,1,5,0.2,1,2,0.5,1,5,6,3,1,3,1,1,8
2024-12-15_oregon_st_uc_irvine,Oregon St.,30,"Ferreira, Catarina",True,26,3,7,0.429,0,2,0.0,2,2,1.0,2,5,7,5,2,3,0,1,8
2024-12-15_oregon_st_uc_irvine,Oregon St.,53,"Rees, Kelsey",True,25,3,9,0.333,0,2,0.0,2,2,1.0,1,5,6,2,2,1,0,0,8
2024-12-15_oregon_st_uc_irvine,Oregon St.,00,"Bolden, Tiara",True,22,3,7,0.429,1,1,1.0,1,4,0.25,2,3,5,1,0,1,0,2,8
2024-12-15_oregon_st_uc_irvine,Oregon St.,1,"Shuler, Kennedie",True,27,1,6,0.167,0,2,0.0,1,2,0.5,0,4,4,2,1,3,0,2,3
2024-12-15_oregon_st_uc_irvine,Oregon St.,4,"Schimel, Ally",False,26,1,4,0.25,0,3,0.0,2,2,1.0,0,0,0,1,1,2,0,1,4
2024-12-15_oregon_st_uc_irvine,Oregon St.,32,"Heide, Sela",False,12,2,4,0.5,0,0,,0,0,,1,2,3,3,0,2,0,0,4
2024-12-15_oregon_st_uc_irvine,Oregon St.,10,"Yepes, Susana",False,23,1,2,0.5,1,2,0.5,0,0,,0,2,2,2,2,0,0,0,3
2024-12-15_oregon_st_uc_irvine,Oregon St.,31,"Vecina, Cloe",False,1,1,1,1.0,0,0,,0,0,,0,0,0,0,0,0,0,1,2
2024-12-15_oregon_st_uc_irvine,Oregon St.,TM,TEAM,False,0,0,0,,0,0,,0,0,,2,2,4,0,0,2,0,0,0
2024-12-15_uc_santa_barbara_pacific,Pacific,14,"Elliott, Elizabeth",True,24,2,6,0.333,0,0,,12,12,1.0,4,3,7,3,0,4,0,1,16
2024-12-15_uc_santa_barbara_pacific,Pacific,24,"Smith, Liz",True,40,4,13,0.308,0,5,0.0,3,4,0.75,0,3,3,2,4,5,0,3,11
2024-12-15_uc_santa_barbara_pacific,Pacific,03,"James, Anaya",True,38,5,11,0.455,0,0,,1,2,0.5,0,2,2,2,0,2,0,1,11
2024-12-15_uc_santa_barbara_pacific,Pacific,09,"Radocaj, Marina",True,13,1,3,0.333,0,0,,1,2,0.5,0,1,1,3,1,2,2,0,3
2024-12-15_uc_santa_barbara_pacific,Pacific,10,"Ward, Sydney",True,20,0,1,0.0,0,1,0.0,0,0,,0,4,4,5,1,1,0,2,0
2024-12-15_uc_santa_barbara_pacific,Pacific,32,"Fautua, Tyla",False,10,2,3,0.667,0,0,,0,0,,1,0,1,2,0,1,0,1,4
2024-12-15_uc_santa_barbara_pacific,Pacific,05,"Szabo, Stella",False,10,1,3,0.333,1,3,0.333,0,0,,1,0,1,0,0,0,0,1,3
2024-12-15_uc_santa_barbara_pacific,Pacific,25,"Glazier, Lauren",False,18,0,6,0.0,0,0,,2,4,0.5,1,2,3,2,0,1,3,0,2
2024-12-15_uc_santa_barbara_pacific,Pacific,15,"Lowery, Nyah",False,19,0,3,0.0,0,2,0.0,0,0,,0,0,0,5,0,2,1,1,0
2024-12-15_uc_santa_barbara_pacific,Pacific,11,"Anderegg, Luisa",False,4,0,1,0.0,0,0,,0,0,,0,0,0,0,0,0,0,0,0
2024-12-15_uc_santa_barbara_pacific,Pacific,22,"Kent, Jamie",False,4,0,0,,0,0,,0,0,,0,2,2,1,0,1,0,0,0
2024-12-15_uc_santa_barbara_pacific,Pacific,TM,TEAM,False,0,0,0,,0,0,,0,0,,1,2,3,0,0,0,0,0,0
2024-12-15_uc_santa_barbara_pacific,UC Santa Barbara,03,"Marin, Alyssa",True,28,2,11,0.182,1,1,1.0,11,12,0.917,0,1,1,3,0,3,1,3,16
2024-12-15_uc_santa_barbara_pacific,UC Santa Barbara,02,"Borter, Zoe",True,33,2,9,0.222,0,4,0.0,1,1,1.0,1,6,7,3,3,1,0,0,5
2024-12-15_uc_santa_barbara_pacific,UC Santa Barbara,20,"Rockwood, Laurel",True,13,2,5,0.4,0,0,,1,2,0.5,6,0,6,4,0,1,0,0,5
2024-12-15_uc_santa_barbara_pacific,UC Santa Barbara,10,"Choice, Anya",True,11,0,2,0.0,0,1,0.0,1,2,0.5,0,2,2,2,0,1,0,0,1
2024-12-15_uc_santa_barbara_pacific,UC Santa Barbara,11,"Williams, Cayla",True,5,0,0,,0,0,,0,0,,0,1,1,1,0,2,0,0,0
2024-12-15_uc_santa_barbara_pacific,UC Santa Barbara,55,"Burke, Skylar",False,27,7,11,0.636,2,3,0.667,2,4,0.5,0,7,7,2,3,7,0,2,18
2024-12-15_uc_santa_barbara_pacific,UC Santa Barbara,32,"Grant, Jessica",False,24,2,5,0.4,2,4,0.5,0,0,,0,2,2,2,1,2,0,0,6
2024-12-15_uc_santa_barbara_pacific,UC Santa Barbara,31,"Pietsch, Martha",False,19,2,4,0.5,1,3,0.333,0,0,,0,4,4,1,1,2,0,0,5
2024-12-15_uc_santa_barbara_pacific,UC Santa Barbara,13,"Goed, Flora",False,27,2,2,1.0,0,0,,0,0,,1,3,4,3,0,2,1,0,4
2024-12-15_uc_santa_barbara_pacific,UC Santa Barbara,05,"Bradley, Olivia",False,10,1,3,0.333,0,0,,1,2,0.5,1,0,1,4,0,0,0,0,3
2024-12-15_uc_santa_barbara_pacific,UC Santa Barbara,14,"Coon, Kanani",False,3,0,0,,0,0,,0,0,,0,1,1,0,0,0,1,0,0
2024-12-15_uc_santa_barbara_pacific,UC Santa Barbara,TM,TEAM,False,0,0,0,,0,0,,0,0,,4,2,6,0,0,2,0,0,0
2024-12-16_hawaii_ark_pine_bluff,Ark.-Pine Bluff,05,"Allen, D'Arrah",True,34,1,17,0.059,0,5,0.0,0,0,,1,1,2,0,0,5,0,2,2
2024-12-16_hawaii_ark_pine_bluff,Ark.-Pine Bluff,07,"Byard, Nadiyah",True,27,1,5,0.2,0,0,,0,0,,2,4,6,2,0,1,0,1,2
2024-12-16_hawaii_ark_pine_bluff,Ark.-Pine Bluff,04,"Marshall, Briontanay",True,31,0,2,0.0,0,1,0.0,0,0,,2,3,5,2,0,2,0,0,0
2024-12-16_hawaii_ark_pine_bluff,Ark.-Pine Bluff,12,"Boyd, Kristyna",True,30,0,4,0.0,0,1,0.0,0,0,,0,4,4,1,0,1,0,1,0
2024-12-16_hawaii_ark_pine_bluff,Ark.-Pine Bluff,01,"Pelly, Jailah",True,16,0,3,0.0,0,2,0.0,0,0,,0,1,1,0,1,3,0,0,0
2024-12-16_hawaii_ark_pine_bluff,Ark.-Pine Bluff,13,"Jennings, Uriah",False,18,2,3,0.667,1,2,0.5,0,0,,0,2,2,0,0,3,0,2,5
2024-12-16_hawaii_ark_pine_bluff,Ark.-Pine Bluff,21,"Rojas, Ashley",False,18,1,13,0.077,0,9,0.0,2,2,1.0,2,3,5,1,0,1,0,1,4
2024-12-16_hawaii_ark_pine_bluff,Ark.-Pine Bluff,17,"Roberts, Empress",False,26,1,8,0.125,0,4,0.0,0,0,,1,4,5,3,1,2,0,1,2
2024-12-16_hawaii_ark_pine_bluff,Ark.-Pine Bluff,TM,TEAM,False,0,0,0,,0,0,,0,0,,4,5,9,0,0,1,0,0,0
2024-12-16_hawaii_ark_pine_bluff,Hawaii,03,"Wahinekapu, Lily",True,25,4,10,0.4,3,7,0.429,0,0,,1,1,2,0,3,1,0,2,11
2024-12-16_hawaii_ark_pine_bluff,Hawaii,23,"McBee, MeiLani",True,22,2,7,0.286,2,6,0.333,1,2,0.5,0,5,5,1,0,0,0,0,7
2024-12-16_hawaii_ark_pine_bluff,Hawaii,04,"Lefotu, Jovi",True,19,3,5,0.6,1,1,1.0,0,2,0.0,0,3,3,1,3,1,1,0,7
2024-12-16_hawaii_ark_pine_bluff,Hawaii,12,"Perez, Imani",True,18,3,7,0.429,1,4,0.25,0,0,,1,3,4,0,0,0,1,1,7
2024-12-16_hawaii_ark_pine_bluff,Hawaii,24,"Tamilo, Ritorya",True,20,2,5,0.4,0,0,,2,2,1.0,3,4,7,1,0,3,1,0,6
2024-12-16_hawaii_ark_pine_bluff,Hawaii,14,"Rewers, Brooklyn",False,14,5,8,0.625,3,3,1.0,0,0,,3,5,8,0,1,2,2,0,13
2024-12-16_hawaii_ark_pine_bluff,Hawaii,11,"Filemu, Kira-May",False,15,1,6,0.167,1,5,0.2,0,0,,1,1,2,0,1,0,0,1,3
2024-12-16_hawaii_ark_pine_bluff,Hawaii,01,"Imai, Kelsie",False,14,0,2,0.0,0,2,0.0,2,2,1.0,1,5,6,1,4,2,0,0,2
2024-12-16_hawaii_ark_pine_bluff,Hawaii,02,"'Uhila, Mia",False,19,0,4,0.0,0,2,0.0,0,0,,1,5,6,0,2,2,0,3,0
2024-12-16_hawaii_ark_pine_bluff,Hawaii,08,"Moors, Rebecca",False,19,0,2,0.0,0,1,0.0,0,2,0.0,1,2,3,0,2,3,0,1,0
2024-12-16_hawaii_ark_pine_bluff,Hawaii,22,"Peacock, Jade",False,12,0,3,0.0,0,3,0.0,0,0,,0,2,2,1,0,0,0,0,0
2024-12-16_hawaii_ark_pine_bluff,Hawaii,13,"Birdsong, Hallie",False,3,0,0,,0,0,,0,0,,0,1,1,0,0,0,0,0,0
2024-12-16_hawaii_ark_pine_bluff,Hawaii,TM,TEAM,False,0,0,0,,0,0,,0,0,,3,0,3,0,0,0,0,0,0
2024-12-16_ucla_cal_poly,Cal Poly,24,"Carter, Mary",True,27,4,10,0.4,3,5,0.6,0,0,,1,4,5,2,1,2,0,0,11
2024-12-16_ucla_cal_poly,Cal Poly,15,"Bourland, Sydney",True,22,3,10,0.3,1,3,0.333,1,2,0.5,0,2,2,1,1,0,0,0,8
2024-12-16_ucla_cal_poly,Cal Poly,10,"Richards, Sidney",True,22,2,9,0.222,0,3,0.0,2,2,1.0,2,2,4,2,0,1,0,1,6
2024-12-16_ucla_cal_poly,Cal Poly,2,"Shah, Annika",True,28,1,10,0.1,1,4,0.25,0,0,,0,0,0,1,1,2,0,1,3
2024-12-16_ucla_cal_poly,Cal Poly,31,"Hiraki, Ashley",True,28,0,3,0.0,0,1,0.0,1,2,0.5,0,4,4,2,2,4,0,2,1
2024-12-16_ucla_cal_poly,Cal Poly,5,"Robinson, Gabby",False,20,1,5,0.2,0,2,0.0,0,0,,1,1,2,1,2,2,0,0,2
2024-12-16_ucla_cal_poly,Cal Poly,9,"Perez, Nora",False,18,1,4,0.25,0,1,0.0,0,0,,2,3,5,3,1,3,1,2,2
2024-12-16_ucla_cal_poly,Cal Poly,14,"Bears, Gillian",False,12,1,2,0.5,0,0,,0,0,,0,1,1,1,0,1,0,1,2
2024-12-16_ucla_cal_poly,Cal Poly,23,"Moleón Hidalgo, Ana",False,11,1,1,1.0,0,0,,0,0,,0,0,0,0,0,0,0,1,2
2024-12-16_ucla_cal_poly,Cal Poly,22,"Goosby, Alana",False,11,0,0,,0,0,,0,0,,0,2,2,0,2,4,0,1,0
2024-12-16_ucla_cal_poly,Cal Poly,11,"Knapp, Avery",False,1,0,0,,0,0,,0,0,,0,0,0,0,0,0,0,0,0
2024-12-16_ucla_cal_poly,Cal Poly,TM,TEAM,False,0,0,0,,0,0,,0,0,,1,0,1,0,0,1,0,0,0
2024-12-16_ucla_cal_poly,UCLA,32,"Dugalić, Angela",True,31,5,8,0.625,2,3,0.667,0,0,,2,6,8,2,3,2,1,3,12
2024-12-16_ucla_cal_poly,UCLA,3,"Jones, Londynn",True,28,4,9,0.444,2,5,0.4,2,2,1.0,1,1,2,1,0,3,0,2,12
2024-12-16_ucla_cal_poly,UCLA,00,"Barker, Janiah",True,27,5,12,0.417,0,2,0.0,2,2,1.0,4,9,13,0,2,3,3,3,12
2024-12-16_ucla_cal_poly,UCLA,1,"Rice, Kiki",True,20,3,6,0.5,0,2,0.0,3,3,1.0,0,3,3,4,5,4,0,1,9
2024-12-16_ucla_cal_poly,UCLA,11,"Jaquez, Gabriela",True,21,2,6,0.333,0,1,0.0,0,0,,1,4,5,2,2,1,1,0,4
2024-12-16_ucla_cal_poly,UCLA,30,"Gardiner, Timea",False,16,4,10,0.4,1,5,0.2,2,2,1.0,2,4,6,1,0,0,1,0,11
2024-12-16_ucla_cal_poly,UCLA,7,"Aarnisalo, Elina",False,21,2,3,0.667,1,2,0.5,0,0,,1,2,3,1,4,2,0,0,5
2024-12-16_ucla_cal_poly,UCLA,22,"Dudley, Kendall",False,21,2,3,0.667,0,1,0.0,0,0,,0,3,3,1,1,1,1,0,4
2024-12-16_ucla_cal_poly,UCLA,2,"Cain, Avary",False,15,0,4,0.0,0,4,0.0,0,0,,1,0,1,0,1,1,1,0,0
2024-12-16_ucla_cal_poly,UCLA,TM,TEAM,False,0,0,0,,0,0,,0,0,,1,0,1,0,0,0,0,0,0
2024-12-18_idaho_uc_davis,UC Davis,25,"Norris, Megan",True,27,6,16,0.375,4,8,0.5,3,5,0.6,3,12,15,0,1,1,2,0,19
2024-12-18_idaho_uc_davis,UC Davis,14,"Sabel, Tova",True,31,4,14,0.286,1,7,0.143,4,4,1.0,3,4,7,0,2,3,0,0,13
2024-12-18_idaho_uc_davis,UC Davis,04,"Epps, Nya",True,34,4,10,0.4,0,1,0.0,0,0,,1,5,6,4,2,1,1,1,8
2024-12-18_idaho_uc_davis,UC Davis,13,"Burns, Sydney",True,25,1,3,0.333,0,0,,0,0,,0,5,5,0,1,2,0,0,2
2024-12-18_idaho_uc_davis,UC Davis,41,"Shine, Bria",True,10,0,0,,0,0,,0,0,,0,1,1,1,0,2,0,0,0
2024-12-18_idaho_uc_davis,UC Davis,09,"Sussex, Avery",False,13,3,8,0.375,1,3,0.333,3,3,1.0,1,1,2,0,1,2,0,2,10
2024-12-18_idaho_uc_davis,UC Davis,02,"Bennett, Ryann",False,21,3,6,0.5,1,3,0.333,2,2,1.0,1,3,4,2,0,0,0,0,9
2024-12-18_idaho_uc_davis,UC Davis,05,"Fitzgerald, Ally",False,13,1,4,0.25,0,3,0.0,2,2,1.0,1,3,4,2,2,3,1,0,4
2024-12-18_idaho_uc_davis,UC Davis,11,"Glad, Clara",False,13,0,1,0.0,0,0,,0,0,,0,2,2,1,1,0,0,0,0
2024-12-18_idaho_uc_davis,UC Davis,23,"Baker, Victoria",False,13,0,0,,0,0,,0,0,,0,1,1,3,0,2,0,1,0
2024-12-18_idaho_uc_davis,UC Davis,TM,TEAM,False,0,0,0,,0,0,,0,0,,1,2,3,0,0,0,0,0,0
2024-12-18_idaho_uc_davis,Idaho,01,"Nelson, Olivia",True,37,7,19,0.368,2,3,0.667,4,4,1.0,2,3,5,3,4,2,0,2,20
2024-12-18_idaho_uc_davis,Idaho,45,"Aadland, Jennifer",True,36,4,11,0.364,1,5,0.2,1,3,0.333,2,10,12,0,0,1,1,1,10
2024-12-18_idaho_uc_davis,Idaho,12,"Bukvic, Anja",True,26,4,12,0.333,2,6,0.333,0,0,,0,7,7,1,3,3,1,0,10
2024-12-18_idaho_uc_davis,Idaho,04,"Hassmann, Hope",True,29,3,10,0.3,1,5,0.2,1,1,1.0,0,0,0,3,0,1,0,0,8
2024-12-18_idaho_uc_davis,Idaho,08,"Schweizer, Rosie",True,25,1,4,0.25,0,0,,4,6,0.667,3,2,5,4,1,2,1,0,6
2024-12-18_idaho_uc_davis,Idaho,05,"Uriarte, Ella",False,13,1,2,0.5,0,1,0.0,0,0,,0,2,2,0,0,0,0,0,2
2024-12-18_idaho_uc_davis,Idaho,37,"Pinheiro, Ana",False,11,1,4,0.25,0,1,0.0,0,0,,1,2,3,5,0,1,0,1,2
2024-12-18_idaho_uc_davis,Idaho,02,"Brans, Sarah",False,15,0,2,0.0,0,1,0.0,0,0,,1,2,3,1,0,0,0,1,0
2024-12-18_idaho_uc_davis,Idaho,23,"Beatriz Passos Alves da Silva, Ana",False,8,0,3,0.0,0,1,0.0,0,0,,0,0,0,0,0,0,0,1,0
2024-12-18_idaho_uc_davis,Idaho,TM,TEAM,False,0,0,0,,0,0,,0,0,,1,3,4,0,0,1,0,0,0
2024-12-18_csu_bakersfield_wichita_st,Wichita St.,25,"Blow, Salese",True,27,8,11,0.727,3,6,0.5,4,4,1.0,0,3,3,0,0,0,0,0,23
2024-12-18_csu_bakersfield_wichita_st,Wichita St.,04,"Murray, Jayla",True,28,9,13,0.692,0,0,,1,1,1.0,2,4,6,1,2,1,0,1,19
2024-12-18_csu_bakersfield_wichita_st,Wichita St.,00,"Jameson, Taylor",True,23,3,7,0.429,2,4,0.5,2,2,1.0,0,2,2,0,3,2,0,1,10
2024-12-18_csu_bakersfield_wichita_st,Wichita St.,05,"Niankan, Ornella",True,21,3,4,0.75,0,0,,2,2,1.0,3,2,5,1,1,1,0,2,8
2024-12-18_csu_bakersfield_wichita_st,Wichita St.,21,"Ndour, Aicha",True,8,0,2,0.0,0,0,,2,2,1.0,2,2,4,1,1,1,1,0,2
2024-12-18_csu_bakersfield_wichita_st,Wichita St.,03,"Anderson, Princess",False,13,4,15,0.267,2,5,0.4,2,3,0.667,1,2,3,0,0,0,0,2,12
2024-12-18_csu_bakersfield_wichita_st,Wichita St.,02,"Parr, KP",False,20,3,3,1.0,0,0,,0,0,,1,1,2,1,5,0,0,2,6
2024-12-18_csu_bakersfield_wichita_st,Wichita St.,12,"White, Bre'Yon",False,19,3,6,0.5,0,0,,0,0,,1,2,3,3,0,4,0,0,6
2024-12-18_csu_bakersfield_wichita_st,Wichita St.,22,"Peaks, Jasmine",False,13,2,3,0.667,0,0,,1,2,0.5,0,2,2,0,1,0,0,0,5
2024-12-18_csu_bakersfield_wichita_st,Wichita St.,11,"Jackson, Jordan",False,11,2,4,0.5,0,2,0.0,1,2,0.5,0,3,3,1,0,1,0,0,5
2024-12-18_csu_bakersfield_wichita_st,Wichita St.,13,"Anciaux, Ella",False,17,2,3,0.667,0,0,,0,0,,4,3,7,4,1,2,0,0,4
2024-12-18_csu_bakersfield_wichita_st,Wichita St.,TM,TEAM,False,0,0,0,,0,0,,0,0,,4,2,6,0,0,2,0,0,0
2024-12-18_csu_bakersfield_wichita_st,CSU Bakersfield,30,"Dioli, Alli",True,25,6,8,0.75,4,6,0.667,0,0,,0,3,3,1,0,2,0,0,16
2024-12-18_csu_bakersfield_wichita_st,CSU Bakersfield,11,"Caldwell, Taylor",True,28,5,12,0.417,0,1,0.0,0,0,,0,2,2,2,3,4,0,1,10
2024-12-18_csu_bakersfield_wichita_st,CSU Bakersfield,04,"Dizon, Ary",True,35,2,10,0.2,1,4,0.25,0,0,,1,1,2,1,2,1,2,1,5
2024-12-18_csu_bakersfield_wichita_st,CSU Bakersfield,20,"Secchiaroli, Melissa",True,24,2,4,0.5,0,0,,0,0,,1,0,1,2,1,2,0,1,4
2024-12-18_csu_bakersfield_wichita_st,CSU Bakersfield,21,"Tse, Dylan",True,17,0,1,0.0,0,1,0.0,0,0,,0,0,0,0,0,2,1,0,0
2024-12-18_csu_bakersfield_wichita_st,CSU Bakersfield,34,"Forney, Cheyenne",False,21,5,8,0.625,0,1,0.0,5,7,0.714,4,3,7,2,1,1,2,0,15
2024-12-18_csu_bakersfield_wichita_st,CSU Bakersfield,08,"Langi, Marley",False,17,6,11,0.545,2,6,0.333,0,0,,0,1,1,1,1,1,0,1,14
2024-12-18_csu_bakersfield_wichita_st,CSU Bakersfield,02,"Gingras, Caitie",False,22,1,4,0.25,1,4,0.25,0,0,,0,2,2,1,0,2,0,0,3
2024-12-18_csu_bakersfield_wichita_st,CSU Bakersfield,13,"Lopez-Wood, Bryanne",False,3,1,2,0.5,0,0,,0,0,,0,0,0,0,0,0,0,0,2
2024-12-18_csu_bakersfield_wichita_st,CSU Bakersfield,03,"Barrufet, Ona",False,3,0,0,,0,0,,0,0,,0,1,1,0,0,0,0,0,0
2024-12-18_csu_bakersfield_wichita_st,CSU Bakersfield,42,"Tse, Allysan",False,3,0,1,0.0,0,1,0.0,0,0,,0,1,1,0,0,0,0,0,0
2024-12-18_csu_bakersfield_wichita_st,CSU Bakersfield,23,"Feliz, Ileana",False,2,0,2,0.0,0,0,,0,0,,0,0,0,1,0,0,0,0,0
2024-12-18_csu_bakersfield_wichita_st,CSU Bakersfield,TM,TEAM,False,0,0,0,,0,0,,0,0,,1,1,2,0,0,0,0,0,0
2024-12-18_utah_st_uc_riverside,UC Riverside,7,"Wickstrom, Hannah",True,35,7,15,0.467,4,9,0.444,5,6,0.833,0,7,7,1,1,1,0,4,23
2024-12-18_utah_st_uc_riverside,UC Riverside,00,"Rose, Makayla",True,22,4,6,0.667,1,2,0.5,4,7,0.571,2,3,5,0,1,2,1,2,13
2024-12-18_utah_st_uc_riverside,UC Riverside,3,"Tillery, Zoe",True,30,4,8,0.5,2,5,0.4,0,0,,0,2,2,1,5,2,0,1,10
2024-12-18_utah_st_uc_riverside,UC Riverside,11,"Matarranz, Esther",True,31,4,7,0.571,0,0,,1,2,0.5,2,2,4,4,4,0,2,4,9
2024-12-18_utah_st_uc_riverside,UC Riverside,5,"Duchemin, Shelley",True,28,1,12,0.083,0,1,0.0,0,0,,2,1,3,3,3,4,0,1,2
2024-12-18_utah_st_uc_riverside,UC Riverside,2,"Hackley, Seneca",False,15,2,4,0.5,2,2,1.0,0,0,,1,2,3,1,2,0,0,0,6
2024-12-18_utah_st_uc_riverside,UC Riverside,12,"Cutler, Gemma",False,13,2,2,1.0,0,0,,1,2,0.5,3,3,6,1,1,3,0,0,5
2024-12-18_utah_st_uc_riverside,UC Riverside,4,"Marshall, Jordyn",False,17,1,5,0.2,0,3,0.0,2,2,1.0,0,0,0,1,0,1,0,0,4
2024-12-18_utah_st_uc_riverside,UC Riverside,13,"Chocano, Maya",False,9,1,3,0.333,0,1,0.0,0,0,,2,1,3,4,0,3,0,2,2
2024-12-18_utah_st_uc_riverside,UC Riverside,TM,TEAM,False,0,0,0,,0,0,,0,0,,3,1,4,0,0,0,0,0,0
2024-12-18_utah_st_uc_riverside,Utah St.,32,"Heaton, Jamisyn",True,27,6,11,0.545,0,1,0.0,2,3,0.667,1,5,6,4,2,3,0,2,14
2024-12-18_utah_st_uc_riverside,Utah St.,10,"Latta, Carlie",True,29,3,4,0.75,2,3,0.667,2,2,1.0,0,1,1,1,1,1,0,1,10
2024-12-18_utah_st_uc_riverside,Utah St.,15,"Johnson, Gracie",True,21,2,6,0.333,0,1,0.0,2,2,1.0,2,4,6,3,0,3,2,0,6
2024-12-18_utah_st_uc_riverside,Utah St.,24,"Stubbs, Cheyenne",True,25,1,3,0.333,1,2,0.5,0,0,,0,1,1,2,2,5,0,0,3
2024-12-18_utah_st_uc_riverside,Utah St.,12,"Livingston, Elise",True,13,1,1,1.0,0,0,,0,0,,0,2,2,1,1,4,0,1,2
2024-12-18_utah_st_uc_riverside,Utah St.,4,"Skelton, Denae",False,20,3,10,0.3,2,8,0.25,0,0,,0,3,3,2,1,2,0,0,8
2024-12-18_utah_st_uc_riverside,Utah St.,23,"Tarver, Mia",False,30,3,6,0.5,0,3,0.0,1,1,1.0,0,0,0,2,1,4,0,0,7
2024-12-18_utah_st_uc_riverside,Utah St.,2,"Tanedo, Isabella",False,11,1,2,0.5,1,1,1.0,1,2,0.5,0,1,1,1,0,0,0,1,4
2024-12-18_utah_st_uc_riverside,Utah St.,55,"Sene, Sophie",False,11,2,6,0.333,0,0,,0,0,,1,3,4,1,0,1,0,1,4
2024-12-18_utah_st_uc_riverside,Utah St.,22,"Logwood, Taliyah",False,13,0,3,0.0,0,0,,1,2,0.5,0,2,2,3,3,3,0,2,1
2024-12-18_utah_st_uc_riverside,Utah St.,TM,TEAM,False,0,0,0,,0,0,,0,0,,4,1,5,0,0,0,0,0,0
2024-12-19_oregon_uc_irvine,UC Irvine,20,"Hernandez, Hunter",True,27,2,16,0.125,1,5,0.2,4,6,0.667,3,3,6,0,1,2,0,0,9
2024-12-19_oregon_uc_irvine,UC Irvine,21,"Williams, Olivia",True,26,2,8,0.25,2,5,0.4,0,0,,0,2,2,2,0,2,0,0,6
2024-12-19_oregon_uc_irvine,UC Irvine,13,"Lee, Déja",True,22,1,6,0.167,0,2,0.0,2,2,1.0,1,2,3,0,2,2,0,2,4
2024-12-19_oregon_uc_irvine,UC Irvine,3,"Tom, Nikki",True,26,1,3,0.333,0,1,0.0,0,0,,0,6,6,3,1,3,0,1,2
2024-12-19_oregon_uc_irvine,UC Irvine,24,"Dean, Nevaeh",True,16,0,2,0.0,0,0,,0,0,,1,0,1,5,0,1,0,0,0
2024-12-19_oregon_uc_irvine,UC Irvine,33,"Gnahore, Ines",False,11,3,3,1.0,1,1,1.0,1,3,0.333,1,1,2,1,0,2,0,0,8
2024-12-19_oregon_uc_irvine,UC Irvine,14,"Hanson, Summah",False,24,2,5,0.4,2,4,0.5,1,2,0.5,0,3,3,4,2,1,0,0,7
2024-12-19_oregon_uc_irvine,UC Irvine,12,"Nahum, Shirel",False,18,2,5,0.4,0,1,0.0,0,0,,1,1,2,3,2,3,0,1,4
2024-12-19_oregon_uc_irvine,UC Irvine,11,"Scharpf, Amelia",False,19,0,2,0.0,0,0,,3,4,0.75,0,3,3,0,0,1,0,2,3
2024-12-19_oregon_uc_irvine,UC Irvine,1,"Madsen, Lauryn",False,7,0,1,0.0,0,0,,0,0,,0,1,1,0,0,1,0,0,0
2024-12-19_oregon_uc_irvine,UC Irvine,9,"Falcon Hernandez, Daniela",False,4,0,1,0.0,0,1,0.0,0,0,,0,0,0,0,0,1,0,0,0
2024-12-19_oregon_uc_irvine,UC Irvine,TM,TEAM,False,0,0,0,,0,0,,0,0,,1,3,4,0,0,0,0,0,0
2024-12-19_oregon_uc_irvine,Oregon,10,"Scott, Peyton",True,24,2,7,0.286,2,4,0.5,3,4,0.75,1,2,3,2,1,2,0,0,9
2024-12-19_oregon_uc_irvine,Oregon,8,"Mevius, Elisa",True,20,2,6,0.333,0,4,0.0,2,2,1.0,2,3,5,0,1,3,0,2,6
2024-12-19_oregon_uc_irvine,Oregon,5,"Muhammad, Amina",True,11,1,7,0.143,0,0,,4,6,0.667,1,0,1,1,0,0,0,1,6
2024-12-19_oregon_uc_irvine,Oregon,25,"Kelly, Deja",True,26,1,9,0.111,0,2,0.0,0,0,,0,3,3,1,6,1,0,1,2
2024-12-19_oregon_uc_irvine,Oregon,15,"Kyei, Phillipina",True,14,0,1,0.0,0,0,,0,0,,7,2,9,1,1,1,0,0,0
2024-12-19_oregon_uc_irvine,Oregon,2,"Fiso, Katie",False,14,5,8,0.625,1,2,0.5,0,1,0.0,0,0,0,1,0,1,0,0,11
2024-12-19_oregon_uc_irvine,Oregon,1,"Whitfield, Alexis",False,20,3,5,0.6,2,2,1.0,2,2,1.0,1,4,5,2,4,1,0,4,10
2024-12-19_oregon_uc_irvine,Oregon,23,"Rambus, Sarah",False,22,4,6,0.667,0,0,,0,0,,2,3,5,1,1,1,1,0,8
2024-12-19_oregon_uc_irvine,Oregon,35,"Etute, Ehis",False,13,3,3,1.0,0,0,,1,2,0.5,2,1,3,2,0,1,0,1,7
2024-12-19_oregon_uc_irvine,Oregon,4,"Falatea, Nani",False,22,2,10,0.2,2,7,0.286,0,0,,0,2,2,1,1,1,0,2,6
2024-12-19_oregon_uc_irvine,Oregon,14,"Long, Ari",False,14,3,6,0.5,0,3,0.0,0,0,,0,6,6,3,2,0,0,1,6
2024-12-19_oregon_uc_irvine,Oregon,TM,TEAM,False,0,0,0,,0,0,,0,0,,1,6,7,0,0,1,0,0,0
2024-12-19_uc_san_diego_northern_ky,Northern Ky.,11,"Morgan, Kamora",True,34,7,15,0.467,1,5,0.2,2,2,1.0,1,4,5,1,3,4,0,0,17
2024-12-19_uc_san_diego_northern_ky,Northern Ky.,05,"Meredith, Mya",True,33,6,12,0.5,1,6,0.167,3,3,1.0,3,10,13,2,3,3,0,3,16
2024-12-19_uc_san_diego_northern_ky,Northern Ky.,21,"Jones, Jaci",True,29,3,6,0.5,3,4,0.75,0,0,,0,6,6,0,3,3,0,1,9
2024-12-19_uc_san_diego_northern_ky,Northern Ky.,14,"Wolterman, Abby",True,25,2,3,0.667,0,0,,0,2,0.0,2,1,3,4,2,2,0,1,4
2024-12-19_uc_san_diego_northern_ky,Northern Ky.,35,"Idowu, Halle",True,24,1,5,0.2,0,0,,0,2,0.0,1,5,6,2,1,1,2,0,2
2024-12-19_uc_san_diego_northern_ky,Northern Ky.,22,"Hubert, Noelle",False,20,2,8,0.25,2,6,0.333,0,0,,0,2,2,1,1,1,0,1,6
2024-12-19_uc_san_diego_northern_ky,Northern Ky.,02,"Lacy, Kalissa",False,11,1,5,0.2,0,4,0.0,0,0,,1,1,2,1,0,0,0,0,2
2024-12-19_uc_san_diego_northern_ky,Northern Ky.,33,"Razzano, Gabby",False,9,1,2,0.5,0,0,,0,0,,1,0,1,1,0,1,0,0,2
2024-12-19_uc_san_diego_northern_ky,Northern Ky.,12,"Hamilton, Anna",False,15,0,3,0.0,0,1,0.0,0,0,,2,2,4,0,1,2,0,0,0
2024-12-19_uc_san_diego_northern_ky,Northern Ky.,TM,TEAM,False,0,0,0,,0,0,,0,0,,1,4,5,0,0,1,0,0,0
2024-12-19_uc_san_diego_northern_ky,UC San Diego,32,"Montgomery, Parker",True,33,4,9,0.444,2,7,0.286,0,0,,0,4,4,1,0,0,0,6,10
2024-12-19_uc_san_diego_northern_ky,UC San Diego,03,"Sugapong, Sumayah",True,37,3,16,0.188,1,4,0.25,0,0,,0,2,2,0,5,4,0,3,7
2024-12-19_uc_san_diego_northern_ky,UC San Diego,15,"Ma, Sabrina",True,31,3,7,0.429,0,3,0.0,0,0,,2,2,4,5,2,1,0,3,6
2024-12-19_uc_san_diego_northern_ky,UC San Diego,24,"Spriggs, Kayanna",True,22,3,7,0.429,0,0,,0,0,,2,8,10,3,1,2,0,0,6
2024-12-19_uc_san_diego_northern_ky,UC San Diego,22,"Gallegos, Gracie",True,23,1,6,0.167,0,1,0.0,3,4,0.75,0,3,3,1,1,0,2,0,5
2024-12-19_uc_san_diego_northern_ky,UC San Diego,25,"Mahan, Junaé",False,24,3,6,0.5,0,1,0.0,2,2,1.0,1,3,4,1,0,3,1,1,8
2024-12-19_uc_san_diego_northern_ky,UC San Diego,30,"Sule, Damilola",False,16,2,6,0.333,0,0,,0,0,,2,1,3,0,2,1,0,0,4
2024-12-19_uc_san_diego_northern_ky,UC San Diego,12,"Smith, Rosa",False,8,1,3,0.333,1,2,0.5,0,0,,0,0,0,0,0,0,0,1,3
2024-12-19_uc_san_diego_northern_ky,UC San Diego,23,"Blithikioti, Eri",False,3,0,0,,0,0,,1,2,0.5,0,0,0,0,0,1,0,0,1
2024-12-19_uc_san_diego_northern_ky,UC San Diego,02,"Talbot, Grace",False,3,0,0,,0,0,,0,0,,0,1,1,0,1,0,0,0,0
2024-12-19_uc_san_diego_northern_ky,UC San Diego,TM,TEAM,False,0,0,0,,0,0,,0,0,,0,2,2,0,0,1,0,0,0
2024-12-19_long_beach_st_elon,Elon,2,"Adams, Iycez",True,35,6,10,0.6,0,0,,1,4,0.25,3,6,9,0,1,3,1,1,13
2024-12-19_long_beach_st_elon,Elon,12,"Anderson, Laila",True,32,4,13,0.308,2,7,0.286,2,2,1.0,1,1,2,3,0,3,0,2,12
2024-12-19_long_beach_st_elon,Elon,5,"Preston, Raven",True,32,2,8,0.25,0,1,0.0,5,8,0.625,4,10,14,4,0,5,0,1,9
2024-12-19_long_beach_st_elon,Elon,4,"Pass, Maraja",True,33,2,5,0.4,0,1,0.0,2,2,1.0,3,2,5,4,6,1,0,2,6
2024-12-19_long_beach_st_elon,Elon,43,"Dereje, Hannah",True,7,1,4,0.25,0,0,,0,0,,0,2,2,3,0,2,0,0,2
2024-12-19_long_beach_st_elon,Elon,00,"Leroux, Ava",False,11,4,6,0.667,0,0,,2,4,0.5,0,2,2,1,0,1,0,0,10
2024-12-19_long_beach_st_elon,Elon,8,"Angel, Jayda",False,19,4,9,0.444,1,1,1.0,0,0,,4,4,8,0,1,1,0,0,9
2024-12-19_long_beach_st_elon,Elon,10,"Doty, Kamryn",False,15,1,5,0.2,1,3,0.333,2,2,1.0,0,1,1,2,3,0,0,3,5
2024-12-19_long_beach_st_elon,Elon,1,"Walton, Regina",False,6,0,1,0.0,0,1,0.0,2,2,1.0,0,0,0,0,2,0,0,0,2
2024-12-19_long_beach_st_elon,Elon,11,"Willard, Ruby",False,6,0,2,0.0,0,2,0.0,0,0,,1,2,3,0,0,1,0,0,0
2024-12-19_long_beach_st_elon,Elon,3,"Ervin, Alyssa",False,4,0,0,,0,0,,0,0,,0,0,0,0,0,1,0,0,0
2024-12-19_long_beach_st_elon,Elon,TM,TEAM,False,0,0,0,,0,0,,0,0,,2,2,4,0,0,0,0,0,0
2024-12-19_long_beach_st_elon,Long Beach St.,30,"Jones-brown, Jaquoia",True,38,5,10,0.5,4,6,0.667,3,6,0.5,3,2,5,3,1,2,0,0,17
2024-12-19_long_beach_st_elon,Long Beach St.,3,"Chung, Patricia",True,39,6,13,0.462,1,6,0.167,3,4,0.75,1,5,6,2,6,2,0,2,16
2024-12-19_long_beach_st_elon,Long Beach St.,2,"Tucker, Savannah",True,35,4,13,0.308,4,8,0.5,0,0,,0,0,0,2,3,4,0,3,12
2024-12-19_long_beach_st_elon,Long Beach St.,1,"Sonnier, Lovely",True,23,3,10,0.3,1,3,0.333,0,0,,2,5,7,2,1,2,1,2,7
2024-12-19_long_beach_st_elon,Long Beach St.,22,"Richards, Mykelle",True,30,1,6,0.167,0,2,0.0,0,0,,2,2,4,4,1,0,2,1,2
2024-12-19_long_beach_st_elon,Long Beach St.,12,"Crawshaw, Jada",False,24,4,12,0.333,2,3,0.667,1,3,0.333,1,6,7,3,3,3,1,1,11
2024-12-19_long_beach_st_elon,Long Beach St.,33,"Wright, Haley",False,4,1,1,1.0,0,0,,0,0,,0,0,0,1,0,0,0,0,2
2024-12-19_long_beach_st_elon,Long Beach St.,42,"Oliva Fernandez, Judit",False,7,0,1,0.0,0,0,,0,0,,1,0,1,0,0,0,0,0,0
2024-12-19_long_beach_st_elon,Long Beach St.,TM,TEAM,False,0,0,0,,0,0,,0,0,,1,5,6,0,0,1,0,0,0
2024-12-20_hawaii_clemson,Clemson,22,"Miller, Tessa",True,28,4,7,0.571,1,1,1.0,2,2,1.0,2,2,4,3,3,4,0,1,11
2024-12-20_hawaii_clemson,Clemson,14,"Porter, Addie",True,37,2,4,0.5,2,4,0.5,0,0,,0,4,4,4,5,5,0,0,6
2024-12-20_hawaii_clemson,Clemson,01,"McQueen, Loyal",True,25,2,6,0.333,0,0,,0,0,,0,4,4,4,4,3,0,0,4
2024-12-20_hawaii_clemson,Clemson,12,"Moore, Mia",True,10,1,2,0.5,1,1,1.0,0,0,,0,1,1,1,0,0,0,0,3
2024-12-20_hawaii_clemson,Clemson,11,"Cluse, Maddi",True,9,1,1,1.0,1,1,1.0,0,0,,1,1,2,3,0,1,1,0,3
2024-12-20_hawaii_clemson,Clemson,07,"Evans, Summah",False,23,6,9,0.667,2,4,0.5,2,2,1.0,0,2,2,1,0,1,0,1,16
2024-12-20_hawaii_clemson,Clemson,05,"Kohn, Hannah",False,30,5,7,0.714,5,7,0.714,0,0,,0,4,4,3,2,0,0,0,15
2024-12-20_hawaii_clemson,Clemson,32,"Thompson, Raven",False,21,4,6,0.667,1,1,1.0,1,1,1.0,0,3,3,0,1,0,0,0,10
2024-12-20_hawaii_clemson,Clemson,31,"Poole, Anya",False,12,2,4,0.5,0,0,,0,0,,2,2,4,2,0,2,1,0,4
2024-12-20_hawaii_clemson,Clemson,30,"Ott, Madi",False,5,0,0,,0,0,,0,0,,0,0,0,0,2,1,0,0,0
2024-12-20_hawaii_clemson,Clemson,TM,TEAM,False,0,0,0,,0,0,,0,0,,1,2,3,0,0,4,0,0,0
2024-12-20_hawaii_clemson,Hawaii,12,"Perez, Imani",True,31,3,5,0.6,1,3,0.333,2,2,1.0,0,1,1,1,2,0,2,0,9
2024-12-20_hawaii_clemson,Hawaii,23,"McBee, MeiLani",True,21,2,5,0.4,1,4,0.25,2,2,1.0,0,0,0,1,0,0,0,0,7
2024-12-20_hawaii_clemson,Hawaii,24,"Tamilo, Ritorya",True,18,1,4,0.25,0,0,,4,4,1.0,0,2,2,1,1,1,0,1,6
2024-12-20_hawaii_clemson,Hawaii,03,"Wahinekapu, Lily",True,30,2,7,0.286,0,2,0.0,0,0,,1,2,3,1,2,2,0,2,4
2024-12-20_hawaii_clemson,Hawaii,11,"Filemu, Kira-May",True,7,0,1,0.0,0,0,,0,0,,0,0,0,0,0,0,0,0,0
2024-12-20_hawaii_clemson,Hawaii,14,"Rewers, Brooklyn",False,22,6,13,0.462,2,6,0.333,2,2,1.0,1,2,3,0,0,1,2,0,16
2024-12-20_hawaii_clemson,Hawaii,22,"Peacock, Jade",False,17,3,5,0.6,3,5,0.6,0,0,,0,1,1,0,0,0,0,0,9
2024-12-20_hawaii_clemson,Hawaii,02,"'Uhila, Mia",False,24,1,3,0.333,0,0,,3,4,0.75,1,0,1,0,6,3,0,0,5
2024-12-20_hawaii_clemson,Hawaii,15,"Phillips, Daejah",False,20,1,3,0.333,0,1,0.0,0,2,0.0,0,2,2,2,0,4,0,1,2
2024-12-20_hawaii_clemson,Hawaii,08,"Moors, Rebecca",False,10,0,0,,0,0,,0,0,,0,0,0,3,3,0,0,0,0
2024-12-20_hawaii_clemson,Hawaii,TM,TEAM,False,0,0,0,,0,0,,0,0,,0,1,1,0,0,0,0,0,0
2024-12-20_eastern_wash_uc_santa_barbara,UC Santa Barbara,55,"Burke, Skylar",True,25,3,9,0.333,1,1,1.0,4,4,1.0,0,9,9,4,1,1,0,0,11
2024-12-20_eastern_wash_uc_santa_barbara,UC Santa Barbara,03,"Marin, Alyssa",True,26,3,14,0.214,0,6,0.0,4,4,1.0,2,1,3,1,1,0,0,0,10
2024-12-20_eastern_wash_uc_santa_barbara,UC Santa Barbara,02,"Borter, Zoe",True,28,2,8,0.25,0,1,0.0,2,2,1.0,0,2,2,2,1,0,0,2,6
2024-12-20_eastern_wash_uc_santa_barbara,UC Santa Barbara,10,"Choice, Anya",True,19,2,7,0.286,0,4,0.0,0,0,,0,2,2,1,1,1,0,0,4
2024-12-20_eastern_wash_uc_santa_barbara,UC Santa Barbara,20,"Rockwood, Laurel",True,14,2,4,0.5,0,0,,0,0,,1,3,4,4,0,1,0,0,4
2024-12-20_eastern_wash_uc_santa_barbara,UC Santa Barbara,05,"Bradley, Olivia",False,14,2,6,0.333,0,2,0.0,0,0,,0,3,3,0,0,1,0,2,4
2024-12-20_eastern_wash_uc_santa_barbara,UC Santa Barbara,32,"Grant, Jessica",False,26,1,7,0.143,1,6,0.167,0,0,,0,2,2,1,2,1,1,0,3
2024-12-20_eastern_wash_uc_santa_barbara,UC Santa Barbara,13,"Goed, Flora",False,13,1,2,0.5,0,0,,0,0,,0,2,2,1,0,1,0,0,2
2024-12-20_eastern_wash_uc_santa_barbara,UC Santa Barbara,11,"Williams, Cayla",False,7,0,1,0.0,0,1,0.0,2,2,1.0,0,2,2,0,0,0,0,1,2
2024-12-20_eastern_wash_uc_santa_barbara,UC Santa Barbara,31,"Pietsch, Martha",False,19,0,2,0.0,0,1,0.0,0,0,,0,2,2,3,0,1,0,0,0
2024-12-20_eastern_wash_uc_santa_barbara,UC Santa Barbara,14,"Coon, Kanani",False,9,0,0,,0,0,,0,0,,0,2,2,1,0,0,1,1,0
2024-12-20_eastern_wash_uc_santa_barbara,UC Santa Barbara,TM,TEAM,False,0,0,0,,0,0,,0,0,,1,1,2,0,0,1,0,0,0
2024-12-20_eastern_wash_uc_santa_barbara,Eastern Wash.,01,"Pettis, Alexis",True,27,7,16,0.438,1,5,0.2,2,2,1.0,2,4,6,2,0,4,0,0,17
2024-12-20_eastern_wash_uc_santa_barbara,Eastern Wash.,22,"Grossman, Kourtney",True,32,6,16,0.375,3,4,0.75,0,0,,3,14,17,2,1,2,0,0,15
2024-12-20_eastern_wash_uc_santa_barbara,Eastern Wash.,11,"Howard, Peyton",True,38,4,13,0.308,1,7,0.143,2,2,1.0,0,3,3,2,4,4,1,1,11
2024-12-20_eastern_wash_uc_santa_barbara,Eastern Wash.,02,"Gallatin, Ella",True,30,1,5,0.2,0,1,0.0,1,2,0.5,1,2,3,0,3,0,0,0,3
2024-12-20_eastern_wash_uc_santa_barbara,Eastern Wash.,52,"Hays, Bella",True,14,0,2,0.0,0,0,,0,0,,2,3,5,1,2,0,1,0,0
2024-12-20_eastern_wash_uc_santa_barbara,Eastern Wash.,10,"Eggers, Jaecy",False,26,0,5,0.0,0,2,0.0,4,8,0.5,3,8,11,3,0,2,0,0,4
2024-12-20_eastern_wash_uc_santa_barbara,Eastern Wash.,04,"Harvey, Rachel",False,18,1,5,0.2,0,1,0.0,0,0,,1,2,3,3,3,1,0,1,2
2024-12-20_eastern_wash_uc_santa_barbara,Eastern Wash.,12,"Kirk, Paris",False,7,1,2,0.5,0,0,,0,0,,0,1,1,1,0,0,0,0,2
2024-12-20_eastern_wash_uc_santa_barbara,Eastern Wash.,23,"McElmurry, Emily",False,8,0,1,0.0,0,1,0.0,0,0,,0,0,0,1,0,0,0,0,0
2024-12-20_eastern_wash_uc_santa_barbara,Eastern Wash.,TM,TEAM,False,0,0,0,,0,0,,0,0,,1,1,2,0,0,0,0,0,0
2024-12-20_cal_poly_seattle_u,Seattle U,23,"Edokpaigbe, Candy",True,30,5,7,0.714,0,0,,2,3,0.667,1,5,6,3,0,3,1,2,12
2024-12-20_cal_poly_seattle_u,Seattle U,14,"Stricklin, Tamia",True,24,3,9,0.333,0,3,0.0,0,0,,1,4,5,2,2,0,0,0,6
2024-12-20_cal_poly_seattle_u,Seattle U,24,"Rodriguez, Sydnie",True,32,1,8,0.125,0,4,0.0,1,2,0.5,0,3,3,1,0,2,0,1,3
2024-12-20_cal_poly_seattle_u,Seattle U,34,"Bryan, Christeina",True,17,1,6,0.167,0,0,,1,2,0.5,0,4,4,2,0,3,0,0,3
2024-12-20_cal_poly_seattle_u,Seattle U,15,"Liggett, Sheridan",True,22,0,5,0.0,0,2,0.0,0,0,,0,3,3,0,2,5,0,3,0
2024-12-20_cal_poly_seattle_u,Seattle U,77,"Benharouga, Sophie",False,23,6,16,0.375,1,2,0.5,0,0,,2,5,7,1,1,1,1,0,13
2024-12-20_cal_poly_seattle_u,Seattle U,22,"Larson, Lucy",False,22,1,3,0.333,1,2,0.5,0,0,,2,1,3,2,0,0,1,2,3
2024-12-20_cal_poly_seattle_u,Seattle U,2,"Kozlova, Taisiya",False,22,1,5,0.2,0,2,0.0,0,0,,1,4,5,0,0,5,3,1,2
2024-12-20_cal_poly_seattle_u,Seattle U,12,"Benini, Nicole",False,8,0,1,0.0,0,1,0.0,0,0,,0,0,0,1,0,1,0,0,0
2024-12-20_cal_poly_seattle_u,Seattle U,TM,TEAM,False,0,0,0,,0,0,,0,0,,4,4,8,0,0,0,0,0,0
2024-12-20_cal_poly_seattle_u,Cal Poly,2,"Shah, Annika",True,28,10,19,0.526,6,13,0.462,0,0,,0,1,1,1,2,0,0,2,26
2024-12-20_cal_poly_seattle_u,Cal Poly,10,"Richards, Sidney",True,25,4,10,0.4,0,1,0.0,1,2,0.5,0,1,1,2,5,0,0,2,9
2024-12-20_cal_poly_seattle_u,Cal Poly,15,"Bourland, Sydney",True,26,4,7,0.571,0,0,,0,0,,2,6,8,2,3,1,1,2,8
2024-12-20_cal_poly_seattle_u,Cal Poly,24,"Carter, Mary",True,29,2,7,0.286,1,5,0.2,0,0,,0,9,9,0,1,4,1,0,5
2024-12-20_cal_poly_seattle_u,Cal Poly,31,"Hiraki, Ashley",True,29,1,4,0.25,0,1,0.0,0,2,0.0,2,2,4,3,6,1,0,1,2
2024-12-20_cal_poly_seattle_u,Cal Poly,9,"Perez, Nora",False,16,4,5,0.8,0,0,,1,1,1.0,1,2,3,2,1,2,0,2,9
2024-12-20_cal_poly_seattle_u,Cal Poly,22,"Goosby, Alana",False,16,2,5,0.4,2,3,0.667,0,0,,0,2,2,0,0,1,0,0,6
2024-12-20_cal_poly_seattle_u,Cal Poly,5,"Robinson, Gabby",False,10,1,5,0.2,0,2,0.0,0,0,,1,2,3,1,0,1,0,0,2
2024-12-20_cal_poly_seattle_u,Cal Poly,23,"Moleón Hidalgo, Ana",False,12,0,4,0.0,0,2,0.0,0,0,,0,2,2,3,1,1,0,0,0
2024-12-20_cal_poly_seattle_u,Cal Poly,14,"Bears, Gillian",False,6,0,0,,0,0,,0,0,,0,0,0,1,0,0,1,0,0
2024-12-20_cal_poly_seattle_u,Cal Poly,11,"Knapp, Avery",False,3,0,0,,0,0,,0,0,,0,0,0,0,0,2,0,0,0
2024-12-20_cal_poly_seattle_u,Cal Poly,TM,TEAM,False,0,0,0,,0,0,,0,0,,1,4,5,0,0,0,0,0,0
2024-12-21_san_diego_st_hawaii,Hawaii,03,"Wahinekapu, Lily",True,31,2,5,0.4,2,5,0.4,2,2,1.0,1,4,5,2,6,3,0,2,8
2024-12-21_san_diego_st_hawaii,Hawaii,23,"McBee, MeiLani",True,31,3,6,0.5,2,5,0.4,0,0,,0,2,2,0,2,0,1,1,8
2024-12-21_san_diego_st_hawaii,Hawaii,12,"Perez, Imani",True,25,2,4,0.5,0,1,0.0,1,1,1.0,0,4,4,0,0,2,0,1,5
2024-12-21_san_diego_st_hawaii,Hawaii,24,"Tamilo, Ritorya",True,19,2,4,0.5,0,0,,1,1,1.0,1,4,5,2,0,2,1,1,5
2024-12-21_san_diego_st_hawaii,Hawaii,22,"Peacock, Jade",True,13,0,1,0.0,0,1,0.0,1,2,0.5,0,0,0,0,0,0,0,0,1
2024-12-21_san_diego_st_hawaii,Hawaii,15,"Phillips, Daejah",False,22,5,9,0.556,0,3,0.0,1,1,1.0,0,0,0,5,0,4,0,0,11
2024-12-21_san_diego_st_hawaii,Hawaii,14,"Rewers, Brooklyn",False,19,4,8,0.5,0,2,0.0,2,3,0.667,1,3,4,1,0,2,0,0,10
2024-12-21_san_diego_st_hawaii,Hawaii,02,"'Uhila, Mia",False,22,0,2,0.0,0,1,0.0,2,2,1.0,0,5,5,3,3,1,0,0,2
2024-12-21_san_diego_st_hawaii,Hawaii,08,"Moors, Rebecca",False,18,1,3,0.333,0,2,0.0,0,0,,1,1,2,1,1,1,0,0,2
2024-12-21_san_diego_st_hawaii,Hawaii,TM,TEAM,False,0,0,0,,0,0,,0,0,,0,1,1,0,0,2,0,0,0
2024-12-21_san_diego_st_hawaii,San Diego St.,04,"Sheffey, Veronica",True,22,2,4,0.5,0,0,,2,3,0.667,0,1,1,1,3,1,0,1,6
2024-12-21_san_diego_st_hawaii,San Diego St.,01,"Houpt, Erin",True,13,0,1,0.0,0,1,0.0,5,5,1.0,0,0,0,0,1,0,0,0,5
2024-12-21_san_diego_st_hawaii,San Diego St.,23,"Villalobos, Kim",True,23,2,6,0.333,0,1,0.0,0,1,0.0,1,3,4,2,0,2,0,2,4
2024-12-21_san_diego_st_hawaii,San Diego St.,31,"Clark, Cali",True,16,0,7,0.0,0,2,0.0,0,0,,5,2,7,4,1,1,1,1,0
2024-12-21_san_diego_st_hawaii,San Diego St.,11,"Green, Jazlen",True,9,0,4,0.0,0,3,0.0,0,0,,1,1,2,1,0,0,0,0,0
2024-12-21_san_diego_st_hawaii,San Diego St.,24,"Panganiban, Naomi",False,34,9,18,0.5,4,8,0.5,2,2,1.0,0,3,3,3,1,1,0,2,24
2024-12-21_san_diego_st_hawaii,San Diego St.,32,"Quezada, Adryana",False,30,4,12,0.333,0,3,0.0,1,2,0.5,3,4,7,2,2,1,0,1,9
2024-12-21_san_diego_st_hawaii,San Diego St.,21,"Martinez, Nat",False,27,1,2,0.5,1,1,1.0,0,0,,0,1,1,0,0,2,0,0,3
2024-12-21_san_diego_st_hawaii,San Diego St.,12,"Hamilton, Kaelyn",False,16,1,3,0.333,1,1,1.0,0,0,,2,0,2,0,0,1,0,0,3
2024-12-21_san_diego_st_hawaii,San Diego St.,20,"Barnhard, Bailey",False,10,0,0,,0,0,,0,0,,0,0,0,0,0,0,0,0,0
2024-12-21_san_diego_st_hawaii,San Diego St.,TM,TEAM,False,0,0,0,,0,0,,0,0,,1,2,3,0,0,2,0,0,0
2024-12-21_uc_san_diego_la_salle,La Salle,12,"Magassa, Ayisse",True,32,5,6,0.833,0,0,,1,2,0.5,2,2,4,3,3,6,0,0,11
2024-12-21_uc_san_diego_la_salle,La Salle,15,"Connor, Ashleigh",True,31,2,6,0.333,0,3,0.0,4,4,1.0,2,1,3,3,2,5,1,2,8
2024-12-21_uc_san_diego_la_salle,La Salle,25,"Daleba, Mackenzie",True,13,4,6,0.667,0,0,,0,2,0.0,3,2,5,3,0,2,0,1,8
2024-12-21_uc_san_diego_la_salle,La Salle,13,"Quinn, Joan",True,25,2,7,0.286,0,4,0.0,2,2,1.0,1,1,2,5,4,3,0,1,6
2024-12-21_uc_san_diego_la_salle,La Salle,00,"Macktoon, Aryss",True,25,1,6,0.167,0,0,,0,4,0.0,2,5,7,4,3,2,1,2,2
2024-12-21_uc_san_diego_la_salle,La Salle,24,"Jenkins, Sania",False,14,3,4,0.75,1,2,0.5,0,0,,0,0,0,0,0,0,1,0,7
2024-12-21_uc_san_diego_la_salle,La Salle,20,"Przyszlak, Anna",False,19,2,4,0.5,0,2,0.0,2,2,1.0,0,3,3,1,1,0,1,0,6
2024-12-21_uc_san_diego_la_salle,La Salle,30,"Armendariz, Jolene",False,13,2,3,0.667,1,2,0.5,0,0,,2,3,5,1,0,1,0,1,5
2024-12-21_uc_san_diego_la_salle,La Salle,21,"Bowers, Ty'Renisha",False,15,0,3,0.0,0,2,0.0,0,0,,1,1,2,1,4,3,0,2,0
2024-12-21_uc_san_diego_la_salle,La Salle,11,"Fox, Ivy",False,6,0,2,0.0,0,0,,0,0,,1,0,1,1,0,1,0,0,0
2024-12-21_uc_san_diego_la_salle,La Salle,10,"Blalock, Alisa",False,3,0,1,0.0,0,0,,0,0,,0,0,0,0,0,0,0,1,0
2024-12-21_uc_san_diego_la_salle,La Salle,08,"Ressaissi, Diora",False,2,0,1,0.0,0,0,,0,0,,0,0,0,0,0,0,0,0,0
2024-12-21_uc_san_diego_la_salle,La Salle,09,"Garcia, Irene",False,2,0,0,,0,0,,0,0,,0,0,0,0,0,0,0,0,0
2024-12-21_uc_san_diego_la_salle,La Salle,TM,TEAM,False,0,0,0,,0,0,,0,0,,0,3,3,0,0,1,0,0,0
2024-12-21_uc_san_diego_la_salle,UC San Diego,24,"Spriggs, Kayanna",True,38,7,11,0.636,0,0,,3,7,0.429,7,8,15,4,2,2,0,1,17
2024-12-21_uc_san_diego_la_salle,UC San Diego,03,"Sugapong, Sumayah",True,33,4,13,0.308,0,4,0.0,9,9,1.0,0,0,0,2,5,5,0,3,17
2024-12-21_uc_san_diego_la_salle,UC San Diego,15,"Ma, Sabrina",True,35,4,10,0.4,3,6,0.5,0,0,,0,1,1,1,2,3,1,7,11
2024-12-21_uc_san_diego_la_salle,UC San Diego,22,"Gallegos, Gracie",True,35,4,9,0.444,2,3,0.667,1,2,0.5,1,1,2,1,2,2,0,0,11
2024-12-21_uc_san_diego_la_salle,UC San Diego,32,"Montgomery, Parker",True,33,4,6,0.667,2,4,0.5,1,2,0.5,1,4,5,2,0,1,0,2,11
2024-12-21_uc_san_diego_la_salle,UC San Diego,12,"Smith, Rosa",False,3,0,1,0.0,0,0,,2,2,1.0,0,0,0,0,0,0,0,1,2
2024-12-21_uc_san_diego_la_salle,UC San Diego,25,"Mahan, Junaé",False,11,0,0,,0,0,,0,0,,0,2,2,4,2,0,0,0,0
2024-12-21_uc_san_diego_la_salle,UC San Diego,02,"Talbot, Grace",False,7,0,1,0.0,0,0,,0,0,,0,0,0,0,0,0,0,0,0
2024-12-21_uc_san_diego_la_salle,UC San Diego,23,"Blithikioti, Eri",False,3,0,0,,0,0,,0,0,,0,0,0,0,0,0,0,0,0
2024-12-21_uc_san_diego_la_salle,UC San Diego,30,"Sule, Damilola",False,2,0,0,,0,0,,0,0,,0,1,1,2,0,0,0,0,0
2024-12-21_uc_san_diego_la_salle,UC San Diego,TM,TEAM,False,0,0,0,,0,0,,0,0,,1,1,2,0,0,1,0,0,0
2024-12-21_csun_idaho,Idaho,4,"Hassmann, Hope",True,33,7,16,0.438,2,7,0.286,2,2,1.0,3,2,5,1,4,2,0,1,18
2024-12-21_csun_idaho,Idaho,12,"Bukvic, Anja",True,27,5,9,0.556,2,5,0.4,2,2,1.0,1,3,4,0,1,2,0,4,14
2024-12-21_csun_idaho,Idaho,1,"Nelson, Olivia",True,31,2,9,0.222,0,2,0.0,3,4,0.75,0,3,3,3,4,1,0,4,7
2024-12-21_csun_idaho,Idaho,45,"Aadland, Jennifer",True,30,3,9,0.333,1,3,0.333,0,0,,2,8,10,1,1,2,0,0,7
2024-12-21_csun_idaho,Idaho,8,"Schweizer, Rosie",True,18,0,8,0.0,0,3,0.0,2,2,1.0,2,3,5,2,0,2,0,3,2
2024-12-21_csun_idaho,Idaho,2,"Brans, Sarah",False,19,4,9,0.444,0,2,0.0,2,2,1.0,2,5,7,4,1,5,2,1,10
2024-12-21_csun_idaho,Idaho,37,"Pinheiro, Ana",False,15,1,5,0.2,0,2,0.0,2,2,1.0,2,6,8,1,0,0,4,0,4
2024-12-21_csun_idaho,Idaho,5,"Uriarte, Ella",False,10,1,2,0.5,1,2,0.5,0,0,,0,0,0,3,0,2,0,0,3
2024-12-21_csun_idaho,Idaho,13,"Deaver, Catelyn",False,1,1,1,1.0,0,0,,0,0,,1,1,2,0,0,0,0,0,2
2024-12-21_csun_idaho,Idaho,11,"Carvalho, Vitoria",False,3,0,0,,0,0,,1,2,0.5,0,1,1,0,0,0,0,0,1
2024-12-21_csun_idaho,Idaho,23,"Beatriz Passos Alves da Silva, Ana",False,12,0,4,0.0,0,1,0.0,0,0,,0,2,2,1,0,0,0,0,0
2024-12-21_csun_idaho,Idaho,21,"Curtis, Mackenzie",False,1,0,1,0.0,0,1,0.0,0,0,,0,1,1,0,0,1,0,0,0
2024-12-21_csun_idaho,Idaho,TM,TEAM,False,0,0,0,,0,0,,0,0,,5,0,5,0,0,0,0,0,0
2024-12-21_csun_idaho,CSUN,3,"Tumlin, Kelly",True,38,5,12,0.417,5,10,0.5,1,2,0.5,0,2,2,0,0,3,0,0,16
2024-12-21_csun_idaho,CSUN,4,"Edwards, Morgan",True,34,5,11,0.455,2,5,0.4,0,0,,1,5,6,2,1,3,0,1,12
2024-12-21_csun_idaho,CSUN,5,"Cox, Yves",True,25,3,6,0.5,0,0,,0,0,,3,4,7,5,0,4,5,1,6
2024-12-21_csun_idaho,CSUN,20,"Adams, Erica",True,27,1,7,0.143,0,1,0.0,0,0,,0,3,3,2,0,1,0,1,2
2024-12-21_csun_idaho,CSUN,00,"Kilty, Jenna",True,14,0,1,0.0,0,1,0.0,0,0,,0,2,2,0,1,1,0,0,0
2024-12-21_csun_idaho,CSUN,25,"Aspajo, Erika",False,31,4,14,0.286,0,2,0.0,2,2,1.0,0,10,10,2,9,7,0,6,10
2024-12-21_csun_idaho,CSUN,14,"Orji, Nnenna",False,9,1,2,0.5,0,0,,2,2,1.0,0,1,1,0,0,0,2,1,4
2024-12-21_csun_idaho,CSUN,22,"Dahlin, Laini",False,9,0,3,0.0,0,0,,2,2,1.0,0,2,2,1,0,1,0,0,2
2024-12-21_csun_idaho,CSUN,21,"Marshall, Karsen",False,10,0,5,0.0,0,3,0.0,0,0,,0,0,0,2,0,2,0,1,0
2024-12-21_csun_idaho,CSUN,10,"Lizama, Alondra",False,3,0,2,0.0,0,2,0.0,0,0,,0,0,0,0,0,0,0,0,0
2024-12-21_csun_idaho,CSUN,TM,TEAM,False,0,0,0,,0,0,,0,0,,3,2,5,0,0,1,0,0,0
2024-12-21_unlv_uc_riverside,UC Riverside,00,"Rose, Makayla",True,33,3,7,0.429,1,2,0.5,4,4,1.0,0,0,0,0,1,1,0,0,11
2024-12-21_unlv_uc_riverside,UC Riverside,5,"Duchemin, Shelley",True,22,2,9,0.222,0,1,0.0,6,8,0.75,1,6,7,3,1,1,0,0,10
2024-12-21_unlv_uc_riverside,UC Riverside,3,"Tillery, Zoe",True,23,3,8,0.375,1,3,0.333,0,0,,0,0,0,1,3,1,0,1,7
2024-12-21_unlv_uc_riverside,UC Riverside,11,"Matarranz, Esther",True,31,2,8,0.25,0,1,0.0,2,2,1.0,2,8,10,0,1,2,1,1,6
2024-12-21_unlv_uc_riverside,UC Riverside,7,"Wickstrom, Hannah",True,21,2,5,0.4,0,0,,0,0,,0,1,1,0,0,1,0,0,4
2024-12-21_unlv_uc_riverside,UC Riverside,13,"Chocano, Maya",False,15,3,6,0.5,1,2,0.5,0,0,,2,0,2,1,0,0,0,0,7
2024-12-21_unlv_uc_riverside,UC Riverside,10,"Minshall, Makayla",False,7,2,4,0.5,1,3,0.333,1,2,0.5,0,0,0,0,0,1,0,1,6
2024-12-21_unlv_uc_riverside,UC Riverside,2,"Hackley, Seneca",False,20,2,6,0.333,1,2,0.5,0,0,,0,0,0,3,1,0,0,1,5
2024-12-21_unlv_uc_riverside,UC Riverside,12,"Cutler, Gemma",False,9,0,0,,0,0,,1,2,0.5,0,1,1,1,0,0,0,0,1
2024-12-21_unlv_uc_riverside,UC Riverside,4,"Marshall, Jordyn",False,11,0,2,0.0,0,1,0.0,0,0,,0,2,2,0,0,1,0,0,0
2024-12-21_unlv_uc_riverside,UC Riverside,1,"Polk, Kaylani",False,5,0,0,,0,0,,0,0,,0,0,0,0,0,0,0,0,0
2024-12-21_unlv_uc_riverside,UC Riverside,35,"Hill-brown, Tt",False,3,0,0,,0,0,,0,0,,0,1,1,2,0,1,0,1,0
2024-12-21_unlv_uc_riverside,UC Riverside,TM,TEAM,False,0,0,0,,0,0,,0,0,,5,2,7,0,0,2,0,0,0
2024-12-21_unlv_uc_riverside,UNLV,33,"Kimpson, Amarachi",True,22,4,6,0.667,2,2,1.0,3,4,0.75,0,0,0,2,1,1,1,0,13
2024-12-21_unlv_uc_riverside,UNLV,25,"Alexander, Aaliyah",True,23,3,8,0.375,2,3,0.667,0,0,,3,2,5,0,2,0,1,1,8
2024-12-21_unlv_uc_riverside,UNLV,3,"Jackson, Kiara",True,23,3,5,0.6,0,0,,0,0,,0,3,3,0,5,1,0,2,6
2024-12-21_unlv_uc_riverside,UNLV,44,"Brown, Alyssa",True,17,1,5,0.2,0,2,0.0,4,7,0.571,0,6,6,3,1,1,0,2,6
2024-12-21_unlv_uc_riverside,UNLV,21,"Brackens, McKinna",True,19,1,6,0.167,1,3,0.333,0,0,,2,2,4,2,2,1,0,0,3
2024-12-21_unlv_uc_riverside,UNLV,32,"Roland, Meadow",False,19,5,10,0.5,1,5,0.2,1,1,1.0,1,6,7,1,1,0,0,2,12
2024-12-21_unlv_uc_riverside,UNLV,2,"Winfrey, Kenadee",False,17,5,7,0.714,1,2,0.5,1,1,1.0,2,2,4,2,1,2,0,1,12
2024-12-21_unlv_uc_riverside,UNLV,20,"James, Macie",False,15,2,2,1.0,1,1,1.0,2,2,1.0,0,2,2,1,3,1,0,0,7
2024-12-21_unlv_uc_riverside,UNLV,14,"Spencer, Macy",False,13,2,5,0.4,2,4,0.5,0,0,,0,2,2,2,3,1,0,0,6
2024-12-21_unlv_uc_riverside,UNLV,00,"Colvin, Teagan",False,15,2,2,1.0,0,0,,0,0,,2,0,2,1,1,1,0,0,4
2024-12-21_unlv_uc_riverside,UNLV,31,"Collins, Erica",False,8,1,3,0.333,0,0,,0,0,,1,1,2,2,1,0,0,0,2
2024-12-21_unlv_uc_riverside,UNLV,22,"Guiney, Elli",False,9,0,2,0.0,0,2,0.0,1,2,0.5,0,0,0,1,1,0,0,0,1
2024-12-21_unlv_uc_riverside,UNLV,TM,TEAM,False,0,0,0,,0,0,,0,0,,2,1,3,0,0,0,0,0,0
2024-12-28_uc_davis_cal_maritime,Cal Maritime,21,"Santos, Aysia",True,30,3,12,0.25,1,7,0.143,0,0,,0,2,2,0,3,3,0,0,7
2024-12-28_uc_davis_cal_maritime,Cal Maritime,05,"Fulton, Dylan",True,21,1,6,0.167,1,3,0.333,0,0,,0,0,0,0,0,0,0,1,3
2024-12-28_uc_davis_cal_maritime,Cal Maritime,33,"Pharms, Jameelah",True,25,1,7,0.143,0,2,0.0,0,0,,2,0,2,0,0,6,0,4,2
2024-12-28_uc_davis_cal_maritime,Cal Maritime,11,"Newton, Emily",True,19,1,8,0.125,0,6,0.0,0,0,,0,2,2,1,0,1,0,0,2
2024-12-28_uc_davis_cal_maritime,Cal Maritime,04,"Kraus, Kai",True,25,0,8,0.0,0,7,0.0,0,0,,1,1,2,2,1,4,0,1,0
2024-12-28_uc_davis_cal_maritime,Cal Maritime,23,"Lloyd, Suraya",False,19,4,12,0.333,1,6,0.167,0,0,,1,1,2,1,1,5,0,0,9
2024-12-28_uc_davis_cal_maritime,Cal Maritime,03,"Daffon, Alina",False,25,1,3,0.333,1,3,0.333,0,0,,0,0,0,0,2,3,0,0,3
2024-12-28_uc_davis_cal_maritime,Cal Maritime,40,"Heimann, Chris",False,19,1,1,1.0,1,1,1.0,0,0,,0,1,1,0,1,0,0,0,3
2024-12-28_uc_davis_cal_maritime,Cal Maritime,22,"Sulivan, Alanis",False,17,0,1,0.0,0,1,0.0,0,0,,0,0,0,1,0,1,0,0,0
2024-12-28_uc_davis_cal_maritime,Cal Maritime,TM,TEAM,False,0,0,0,,0,0,,0,0,,2,3,5,0,0,1,0,0,0
2024-12-28_uc_davis_cal_maritime,UC Davis,25,"Norris, Megan",True,20,6,7,0.857,1,1,1.0,2,2,1.0,1,4,5,0,1,1,0,0,15
2024-12-28_uc_davis_cal_maritime,UC Davis,14,"Sabel, Tova",True,19,6,10,0.6,1,4,0.25,0,0,,2,4,6,0,3,4,1,0,13
2024-12-28_uc_davis_cal_maritime,UC Davis,13,"Burns, Sydney",True,17,2,3,0.667,1,2,0.5,2,2,1.0,1,7,8,1,5,2,0,2,7
2024-12-28_uc_davis_cal_maritime,UC Davis,33,"Harris, Mazatlan",True,15,1,4,0.25,1,4,0.25,0,0,,2,4,6,0,0,0,0,0,3
2024-12-28_uc_davis_cal_maritime,UC Davis,04,"Epps, Nya",True,14,1,6,0.167,0,1,0.0,0,0,,2,3,5,0,3,1,0,2,2
2024-12-28_uc_davis_cal_maritime,UC Davis,23,"Baker, Victoria",False,17,5,7,0.714,4,5,0.8,0,0,,1,1,2,2,2,2,0,1,14
2024-12-28_uc_davis_cal_maritime,UC Davis,05,"Fitzgerald, Ally",False,16,6,8,0.75,1,1,1.0,0,0,,4,2,6,0,2,0,1,2,13
2024-12-28_uc_davis_cal_maritime,UC Davis,11,"Glad, Clara",False,15,5,6,0.833,3,3,1.0,0,0,,1,1,2,0,1,1,0,3,13
2024-12-28_uc_davis_cal_maritime,UC Davis,02,"Bennett, Ryann",False,20,5,6,0.833,1,1,1.0,0,0,,1,1,2,0,6,1,0,2,11
2024-12-28_uc_davis_cal_maritime,UC Davis,09,"Sussex, Avery",False,19,4,6,0.667,3,5,0.6,0,0,,0,3,3,1,6,1,0,1,11
2024-12-28_uc_davis_cal_maritime,UC Davis,03,"Kanagasabay, Sahana",False,14,5,5,1.0,0,0,,0,0,,1,2,3,2,0,2,0,0,10
2024-12-28_uc_davis_cal_maritime,UC Davis,41,"Shine, Bria",False,14,1,6,0.167,1,3,0.333,0,0,,1,1,2,0,3,1,0,0,3
2024-12-28_uc_davis_cal_maritime,UC Davis,TM,TEAM,False,0,0,0,,0,0,,0,0,,0,6,6,0,0,0,0,0,0
2024-12-28_southern_utah_cal_poly,Cal Poly,2,"Shah, Annika",True,24,9,17,0.529,4,8,0.5,3,4,0.75,0,3,3,3,1,4,0,1,25
2024-12-28_southern_utah_cal_poly,Cal Poly,24,"Carter, Mary",True,30,5,10,0.5,4,7,0.571,2,2,1.0,2,9,11,4,0,4,4,0,16
2024-12-28_southern_utah_cal_poly,Cal Poly,10,"Richards, Sidney",True,39,6,7,0.857,0,0,,1,4,0.25,1,2,3,2,2,1,1,1,13
2024-12-28_southern_utah_cal_poly,Cal Poly,15,"Bourland, Sydney",True,25,1,5,0.2,0,0,,1,3,0.333,0,3,3,3,1,1,0,3,3
2024-12-28_southern_utah_cal_poly,Cal Poly,31,"Hiraki, Ashley",True,29,0,3,0.0,0,2,0.0,1,2,0.5,1,2,3,2,2,3,1,0,1
2024-12-28_southern_utah_cal_poly,Cal Poly,4,"Lichtie, Sierra",False,25,3,9,0.333,0,2,0.0,2,2,1.0,3,4,7,2,1,1,0,0,8
2024-12-28_southern_utah_cal_poly,Cal Poly,22,"Goosby, Alana",False,16,0,2,0.0,0,0,,0,0,,0,2,2,2,3,2,0,0,0
2024-12-28_southern_utah_cal_poly,Cal Poly,9,"Perez, Nora",False,11,0,0,,0,0,,0,0,,0,2,2,1,0,2,0,0,0
2024-12-28_southern_utah_cal_poly,Cal Poly,23,"Moleón Hidalgo, Ana",False,1,0,0,,0,0,,0,0,,0,0,0,1,0,0,0,0,0
2024-12-28_southern_utah_cal_poly,Cal Poly,TM,TEAM,False,0,0,0,,0,0,,0,0,,5,3,8,0,0,2,0,0,0
2024-12-28_southern_utah_cal_poly,Southern Utah,44,"Uhrich, Ava",True,26,8,12,0.667,1,3,0.333,0,0,,1,2,3,4,0,1,0,0,17
2024-12-28_southern_utah_cal_poly,Southern Utah,22,"Ballena, Daylani",True,31,3,9,0.333,0,2,0.0,3,4,0.75,0,0,0,4,3,1,0,1,9
2024-12-28_southern_utah_cal_poly,Southern Utah,24,"Brown, Jaeden",True,16,3,6,0.5,0,1,0.0,0,0,,1,4,5,1,2,0,2,0,6
2024-12-28_southern_utah_cal_poly,Southern Utah,14,"Gandy, Sydney",True,29,1,7,0.143,1,5,0.2,0,0,,0,4,4,2,7,4,0,1,3
2024-12-28_southern_utah_cal_poly,Southern Utah,34,"Johnston, Samantha",True,27,1,8,0.125,1,8,0.125,0,0,,0,2,2,3,4,0,0,0,3
2024-12-28_southern_utah_cal_poly,Southern Utah,1,"Doman, Kortney",False,27,5,7,0.714,2,3,0.667,1,2,0.5,2,2,4,1,0,2,0,4,13
2024-12-28_southern_utah_cal_poly,Southern Utah,5,"Kay, Charli",False,9,1,2,0.5,1,2,0.5,0,0,,0,2,2,2,0,0,0,0,3
2024-12-28_southern_utah_cal_poly,Southern Utah,3,"Chambers, Sierra",False,13,0,2,0.0,0,1,0.0,2,2,1.0,0,2,2,3,1,2,0,0,2
2024-12-28_southern_utah_cal_poly,Southern Utah,13,"Banks, Ashley",False,13,1,2,0.5,0,0,,0,2,0.0,0,2,2,0,0,0,3,0,2
2024-12-28_southern_utah_cal_poly,Southern Utah,23,"Bull, Lexi",False,9,0,3,0.0,0,0,,0,0,,1,0,1,1,0,1,0,0,0
2024-12-28_southern_utah_cal_poly,Southern Utah,TM,TEAM,False,0,0,0,,0,0,,0,0,,2,2,4,0,0,0,0,0,0
2024-12-29_uc_san_diego_life_pacific,LIFE Pacific,12,"Arzaga, Calista",True,32,3,11,0.273,0,3,0.0,1,2,0.5,1,3,4,1,0,4,1,0,7
2024-12-29_uc_san_diego_life_pacific,LIFE Pacific,13,"Murphy, Mikayla",True,13,2,3,0.667,0,0,,0,0,,2,0,2,2,1,1,0,0,4
2024-12-29_uc_san_diego_life_pacific,LIFE Pacific,22,"Puente, Ysabel",True,23,1,9,0.111,1,5,0.2,0,0,,2,2,4,1,0,6,0,0,3
2024-12-29_uc_san_diego_life_pacific,LIFE Pacific,20,"Roy, Rylee",True,16,1,3,0.333,1,2,0.5,0,0,,0,3,3,0,0,5,0,0,3
2024-12-29_uc_san_diego_life_pacific,LIFE Pacific,01,"Torres, Madison",True,25,1,4,0.25,0,0,,0,0,,0,5,5,1,1,3,0,2,2
2024-12-29_uc_san_diego_life_pacific,LIFE Pacific,23,"Harris, Faith",False,13,1,3,0.333,1,3,0.333,2,2,1.0,0,2,2,1,0,0,0,0,5
2024-12-29_uc_san_diego_life_pacific,LIFE Pacific,05,"Cruz, Julia",False,13,1,2,0.5,0,1,0.0,2,5,0.4,0,1,1,1,0,4,0,1,4
2024-12-29_uc_san_diego_life_pacific,LIFE Pacific,30,"Young, Emily",False,13,1,2,0.5,0,0,,0,0,,1,1,2,4,0,0,3,0,2
2024-12-29_uc_san_diego_life_pacific,LIFE Pacific,11,"Torres, Adrianna",False,20,0,1,0.0,0,0,,0,0,,0,2,2,1,0,1,0,0,0
2024-12-29_uc_san_diego_life_pacific,LIFE Pacific,33,"Zazueta, Chloe",False,18,0,3,0.0,0,1,0.0,0,0,,2,1,3,0,1,2,1,0,0
2024-12-29_uc_san_diego_life_pacific,LIFE Pacific,10,"Zazueta, Cassandra",False,8,0,0,,0,0,,0,0,,0,1,1,0,0,2,0,0,0
2024-12-29_uc_san_diego_life_pacific,LIFE Pacific,34,"Carren, Adrienne",False,6,0,0,,0,0,,0,0,,0,0,0,0,0,0,0,1,0
2024-12-29_uc_san_diego_life_pacific,LIFE Pacific,TM,TEAM,False,0,0,0,,0,0,,0,0,,1,3,4,0,0,2,0,0,0
2024-12-29_uc_san_diego_life_pacific,UC San Diego,24,"Spriggs, Kayanna",True,22,8,9,0.889,0,0,,1,4,0.25,4,5,9,3,2,2,4,2,17
2024-12-29_uc_san_diego_life_pacific,UC San Diego,22,"Gallegos, Gracie",True,27,4,9,0.444,1,4,0.25,2,3,0.667,1,4,5,0,3,2,0,2,11
2024-12-29_uc_san_diego_life_pacific,UC San Diego,32,"Montgomery, Parker",True,25,4,8,0.5,3,5,0.6,0,0,,0,1,1,0,0,0,0,2,11
2024-12-29_uc_san_diego_life_pacific,UC San Diego,15,"Ma, Sabrina",True,21,4,10,0.4,2,6,0.333,0,0,,2,1,3,3,2,3,1,3,10
2024-12-29_uc_san_diego_life_pacific,UC San Diego,03,"Sugapong, Sumayah",True,26,4,9,0.444,1,3,0.333,0,0,,1,1,2,2,7,0,2,2,9
2024-12-29_uc_san_diego_life_pacific,UC San Diego,30,"Sule, Damilola",False,13,3,8,0.375,0,0,,0,2,0.0,5,4,9,0,1,0,1,1,6
2024-12-29_uc_san_diego_life_pacific,UC San Diego,25,"Mahan, Junaé",False,22,2,7,0.286,1,2,0.5,0,0,,1,1,2,2,0,1,1,3,5
2024-12-29_uc_san_diego_life_pacific,UC San Diego,12,"Smith, Rosa",False,13,1,4,0.25,0,3,0.0,0,0,,1,0,1,0,0,1,0,2,2
2024-12-29_uc_san_diego_life_pacific,UC San Diego,23,"Blithikioti, Eri",False,19,0,3,0.0,0,0,,0,0,,2,1,3,0,4,0,0,1,0
2024-12-29_uc_san_diego_life_pacific,UC San Diego,05,"Louther, Gabby",False,7,0,2,0.0,0,2,0.0,0,0,,0,0,0,0,1,1,0,0,0
2024-12-29_uc_san_diego_life_pacific,UC San Diego,33,"Svoboda, Emma",False,5,0,0,,0,0,,0,0,,0,0,0,0,0,1,0,0,0
2024-12-29_uc_san_diego_life_pacific,UC San Diego,TM,TEAM,False,0,0,0,,0,0,,0,0,,1,3,4,0,0,0,0,0,0
2024-12-29_cal_st_fullerton_bethesda_ca,Bethesda (CA),23,"Buckley, Alex",True,37,3,18,0.167,1,12,0.083,4,4,1.0,0,2,2,3,1,9,0,2,11
2024-12-29_cal_st_fullerton_bethesda_ca,Bethesda (CA),05,"Ballantyne, Samantha",True,29,3,9,0.333,1,2,0.5,0,2,0.0,2,3,5,0,0,8,1,1,7
2024-12-29_cal_st_fullerton_bethesda_ca,Bethesda (CA),02,"Carter, Aaliyah",True,16,1,4,0.25,0,0,,3,4,0.75,4,0,4,4,1,1,0,0,5
2024-12-29_cal_st_fullerton_bethesda_ca,Bethesda (CA),32,"Scott, Ivori",True,27,0,6,0.0,0,0,,3,4,0.75,3,5,8,5,1,3,0,1,3
2024-12-29_cal_st_fullerton_bethesda_ca,Bethesda (CA),06,"Aguilar, Jacqueline",True,15,1,3,0.333,0,1,0.0,0,1,0.0,0,1,1,4,1,4,0,2,2
2024-12-29_cal_st_fullerton_bethesda_ca,Bethesda (CA),07,"Smith, Makaia",False,28,2,7,0.286,0,1,0.0,6,13,0.462,1,5,6,2,0,5,0,1,10
2024-12-29_cal_st_fullerton_bethesda_ca,Bethesda (CA),04,"Roberts, Danielle",False,20,1,1,1.0,0,0,,0,0,,1,0,1,0,1,2,0,1,2
2024-12-29_cal_st_fullerton_bethesda_ca,Bethesda (CA),30,"Romero, Selene",False,11,0,0,,0,0,,0,0,,1,2,3,1,0,0,0,1,0
2024-12-29_cal_st_fullerton_bethesda_ca,Bethesda (CA),15,"Faalaulau, Malo",False,10,0,1,0.0,0,0,,0,0,,0,1,1,0,0,0,0,0,0
2024-12-29_cal_st_fullerton_bethesda_ca,Bethesda (CA),12,"McCanless, Jordan",False,7,0,1,0.0,0,0,,0,0,,1,0,1,2,0,0,0,0,0
2024-12-29_cal_st_fullerton_bethesda_ca,Bethesda (CA),TM,TEAM,False,0,0,0,,0,0,,0,0,,2,2,4,0,0,0,0,0,0
2024-12-29_cal_st_fullerton_bethesda_ca,Cal St. Fullerton,24,"Stanton, Aaliyah",True,26,7,13,0.538,0,5,0.0,4,6,0.667,2,1,3,3,4,1,0,4,18
2024-12-29_cal_st_fullerton_bethesda_ca,Cal St. Fullerton,00,"Davis, Layla",True,31,6,9,0.667,0,0,,5,8,0.625,1,2,3,3,1,6,2,2,17
2024-12-29_cal_st_fullerton_bethesda_ca,Cal St. Fullerton,04,"Falsdottir, Jana",True,27,4,7,0.571,1,4,0.25,2,2,1.0,3,2,5,1,2,2,0,5,11
2024-12-29_cal_st_fullerton_bethesda_ca,Cal St. Fullerton,13,"Hernandez, Aixchel",True,22,5,10,0.5,0,0,,0,0,,3,8,11,0,4,0,0,1,10
2024-12-29_cal_st_fullerton_bethesda_ca,Cal St. Fullerton,10,"Lagway, Demonnie",True,15,2,3,0.667,0,0,,0,1,0.0,0,2,2,1,1,2,1,1,4
2024-12-29_cal_st_fullerton_bethesda_ca,Cal St. Fullerton,22,"Muniz, Madelynn",False,23,5,12,0.417,5,11,0.455,0,0,,0,0,0,1,1,0,0,1,15
2024-12-29_cal_st_fullerton_bethesda_ca,Cal St. Fullerton,23,"Strachan, Emily",False,20,3,5,0.6,0,1,0.0,5,5,1.0,1,2,3,3,3,1,0,2,11
2024-12-29_cal_st_fullerton_bethesda_ca,Cal St. Fullerton,02,"Tauro, Maddy",False,14,4,7,0.571,0,0,,3,4,0.75,1,2,3,4,2,1,0,1,11
2024-12-29_cal_st_fullerton_bethesda_ca,Cal St. Fullerton,01,"Wienecke, Genna",False,16,1,2,0.5,1,1,1.0,0,0,,2,4,6,3,1,2,0,1,3
2024-12-29_cal_st_fullerton_bethesda_ca,Cal St. Fullerton,55,"Schuler, Samantha",False,6,0,3,0.0,0,1,0.0,0,0,,1,1,2,1,1,1,0,0,0
2024-12-29_cal_st_fullerton_bethesda_ca,Cal St. Fullerton,TM,TEAM,False,0,0,0,,0,0,,0,0,,2,7,9,0,0,0,0,0,0
2024-12-29_csu_bakersfield_seattle_u,Seattle U,14,"Stricklin, Tamia",True,29,7,19,0.368,3,7,0.429,4,6,0.667,3,5,8,5,3,1,0,2,21
2024-12-29_csu_bakersfield_seattle_u,Seattle U,23,"Edokpaigbe, Candy",True,37,6,8,0.75,1,1,1.0,3,4,0.75,1,2,3,3,2,2,0,0,16
2024-12-29_csu_bakersfield_seattle_u,Seattle U,24,"Rodriguez, Sydnie",True,35,3,6,0.5,3,6,0.5,0,0,,0,3,3,3,1,3,0,0,9
2024-12-29_csu_bakersfield_seattle_u,Seattle U,15,"Liggett, Sheridan",True,18,1,4,0.25,1,3,0.333,0,0,,0,1,1,2,2,1,0,1,3
2024-12-29_csu_bakersfield_seattle_u,Seattle U,34,"Bryan, Christeina",True,18,0,10,0.0,0,1,0.0,2,2,1.0,2,6,8,3,1,1,0,0,2
2024-12-29_csu_bakersfield_seattle_u,Seattle U,77,"Benharouga, Sophie",False,31,2,8,0.25,0,3,0.0,0,0,,0,10,10,2,2,0,1,0,4
2024-12-29_csu_bakersfield_seattle_u,Seattle U,02,"Kozlova, Taisiya",False,25,1,7,0.143,1,5,0.2,0,0,,1,4,5,0,0,0,0,2,3
2024-12-29_csu_bakersfield_seattle_u,Seattle U,22,"Larson, Lucy",False,7,0,0,,0,0,,0,0,,0,0,0,1,0,1,0,0,0
2024-12-29_csu_bakersfield_seattle_u,Seattle U,TM,TEAM,False,0,0,0,,0,0,,0,0,,2,3,5,0,0,1,0,0,0
2024-12-29_csu_bakersfield_seattle_u,CSU Bakersfield,04,"Dizon, Ary",True,38,8,12,0.667,1,5,0.2,0,0,,0,5,5,2,2,4,5,0,17
2024-12-29_csu_bakersfield_seattle_u,CSU Bakersfield,20,"Secchiaroli, Melissa",True,26,3,8,0.375,1,3,0.333,0,0,,1,2,3,4,4,1,0,1,7
2024-12-29_csu_bakersfield_seattle_u,CSU Bakersfield,30,"Dioli, Alli",True,20,2,4,0.5,2,3,0.667,0,0,,1,5,6,1,0,0,0,0,6
2024-12-29_csu_bakersfield_seattle_u,CSU Bakersfield,11,"Caldwell, Taylor",True,30,1,6,0.167,0,2,0.0,3,4,0.75,0,9,9,1,2,4,0,0,5
2024-12-29_csu_bakersfield_seattle_u,CSU Bakersfield,21,"Tse, Dylan",True,12,1,5,0.2,1,3,0.333,0,0,,1,1,2,1,0,1,0,0,3
2024-12-29_csu_bakersfield_seattle_u,CSU Bakersfield,08,"Langi, Marley",False,17,1,8,0.125,0,4,0.0,2,2,1.0,0,6,6,2,2,0,0,0,4
2024-12-29_csu_bakersfield_seattle_u,CSU Bakersfield,02,"Gingras, Caitie",False,31,1,9,0.111,1,4,0.25,0,0,,0,0,0,3,3,0,0,0,3
2024-12-29_csu_bakersfield_seattle_u,CSU Bakersfield,32,"Freeman, Garrisen",False,9,1,2,0.5,0,0,,1,2,0.5,0,2,2,1,0,0,0,1,3
2024-12-29_csu_bakersfield_seattle_u,CSU Bakersfield,34,"Forney, Cheyenne",False,11,0,3,0.0,0,1,0.0,1,2,0.5,1,1,2,0,0,0,0,0,1
2024-12-29_csu_bakersfield_seattle_u,CSU Bakersfield,42,"Tse, Allysan",False,6,0,0,,0,0,,0,0,,0,0,0,0,0,0,0,0,0
2024-12-29_csu_bakersfield_seattle_u,CSU Bakersfield,TM,TEAM,False,0,0,0,,0,0,,0,0,,1,2,3,0,0,2,0,0,0
2024-12-30_long_beach_st_bethesda_ca,Bethesda (CA),5,"Ballantyne, Samantha",True,25,5,13,0.385,3,6,0.5,7,9,0.778,1,7,8,5,1,6,0,1,20
2024-12-30_long_beach_st_bethesda_ca,Bethesda (CA),6,"Aguilar, Jacqueline",True,19,2,4,0.5,0,1,0.0,0,0,,1,2,3,2,1,2,0,0,4
2024-12-30_long_beach_st_bethesda_ca,Bethesda (CA),30,"Romero, Selene",True,12,2,3,0.667,0,0,,0,0,,0,0,0,1,0,0,0,0,4
2024-12-30_long_beach_st_bethesda_ca,Bethesda (CA),23,"Buckley, Alex",True,31,0,14,0.0,0,8,0.0,2,4,0.5,0,1,1,4,2,5,0,0,2
2024-12-30_long_beach_st_bethesda_ca,Bethesda (CA),12,"McCanless, Jordan",True,11,0,3,0.0,0,0,,0,0,,0,1,1,3,0,2,0,0,0
2024-12-30_long_beach_st_bethesda_ca,Bethesda (CA),7,"Smith, Makaia",False,25,2,10,0.2,0,1,0.0,5,9,0.556,2,5,7,5,1,7,3,1,9
2024-12-30_long_beach_st_bethesda_ca,Bethesda (CA),4,"Roberts, Danielle",False,27,1,6,0.167,1,4,0.25,2,2,1.0,2,2,4,1,1,1,1,1,5
2024-12-30_long_beach_st_bethesda_ca,Bethesda (CA),2,"Carter, Aaliyah",False,20,1,5,0.2,0,0,,1,2,0.5,2,2,4,3,1,2,1,0,3
2024-12-30_long_beach_st_bethesda_ca,Bethesda (CA),32,"Scott, Ivori",False,15,1,4,0.25,0,0,,0,0,,3,3,6,5,0,2,1,0,2
2024-12-30_long_beach_st_bethesda_ca,Bethesda (CA),15,"Faalaulau, Malo",False,15,0,1,0.0,0,0,,0,0,,1,1,2,0,0,4,0,1,0
2024-12-30_long_beach_st_bethesda_ca,Bethesda (CA),TM,TEAM,False,0,0,0,,0,0,,0,0,,1,2,3,0,0,0,0,0,0
2024-12-30_long_beach_st_bethesda_ca,Long Beach St.,22,"Richards, Mykelle",True,24,10,14,0.714,1,3,0.333,0,1,0.0,3,6,9,4,2,0,1,7,21
2024-12-30_long_beach_st_bethesda_ca,Long Beach St.,2,"Tucker, Savannah",True,30,5,13,0.385,1,4,0.25,5,6,0.833,0,2,2,1,4,0,1,2,16
2024-12-30_long_beach_st_bethesda_ca,Long Beach St.,1,"Sonnier, Lovely",True,21,4,9,0.444,1,2,0.5,7,7,1.0,3,9,12,2,3,2,1,3,16
2024-12-30_long_beach_st_bethesda_ca,Long Beach St.,11,"Loobie, Rachel",True,19,7,10,0.7,0,1,0.0,1,1,1.0,2,5,7,2,4,2,0,3,15
2024-12-30_long_beach_st_bethesda_ca,Long Beach St.,3,"Chung, Patricia",True,22,3,10,0.3,2,5,0.4,5,5,1.0,0,2,2,1,6,0,1,2,13
2024-12-30_long_beach_st_bethesda_ca,Long Beach St.,30,"Jones-brown, Jaquoia",False,26,6,10,0.6,0,1,0.0,4,5,0.8,10,2,12,4,3,1,0,2,16
2024-12-30_long_beach_st_bethesda_ca,Long Beach St.,12,"Crawshaw, Jada",False,15,4,8,0.5,0,0,,1,7,0.143,3,3,6,5,0,2,2,1,9
2024-12-30_long_beach_st_bethesda_ca,Long Beach St.,10,"Reynoso, Christy",False,11,2,6,0.333,2,5,0.4,0,0,,0,0,0,1,2,0,0,2,6
2024-12-30_long_beach_st_bethesda_ca,Long Beach St.,33,"Wright, Haley",False,11,0,2,0.0,0,1,0.0,4,6,0.667,2,2,4,2,1,2,0,0,4
2024-12-30_long_beach_st_bethesda_ca,Long Beach St.,21,"Brice, Brelynn",False,8,2,4,0.5,0,0,,0,0,,0,2,2,0,2,1,0,2,4
2024-12-30_long_beach_st_bethesda_ca,Long Beach St.,42,"Oliva Fernandez, Judit",False,13,1,3,0.333,0,0,,0,0,,1,3,4,1,2,2,0,1,2
2024-12-30_long_beach_st_bethesda_ca,Long Beach St.,TM,TEAM,False,0,0,0,,0,0,,0,0,,0,1,1,0,0,0,0,0,0
2025-01-02_uc_davis_csu_bakersfield,CSU Bakersfield,04,"Dizon, Ary",True,24,4,13,0.308,1,4,0.25,0,0,,0,3,3,2,2,4,0,0,9
2025-01-02_uc_davis_csu_bakersfield,CSU Bakersfield,21,"Tse, Dylan",True,29,1,6,0.167,1,3,0.333,2,2,1.0,1,3,4,1,3,2,0,1,5
2025-01-02_uc_davis_csu_bakersfield,CSU Bakersfield,11,"Caldwell, Taylor",True,19,1,7,0.143,0,2,0.0,1,2,0.5,0,3,3,0,1,0,0,0,3
2025-01-02_uc_davis_csu_bakersfield,CSU Bakersfield,30,"Dioli, Alli",True,21,0,3,0.0,0,2,0.0,0,0,,0,2,2,2,0,2,0,0,0
2025-01-02_uc_davis_csu_bakersfield,CSU Bakersfield,20,"Secchiaroli, Melissa",True,16,0,4,0.0,0,1,0.0,0,0,,0,3,3,0,1,0,0,0,0
2025-01-02_uc_davis_csu_bakersfield,CSU Bakersfield,32,"Freeman, Garrisen",False,20,3,6,0.5,1,1,1.0,2,6,0.333,0,0,0,0,0,0,0,0,9
2025-01-02_uc_davis_csu_bakersfield,CSU Bakersfield,02,"Gingras, Caitie",False,20,1,4,0.25,1,3,0.333,0,0,,1,0,1,1,0,0,0,0,3
2025-01-02_uc_davis_csu_bakersfield,CSU Bakersfield,34,"Forney, Cheyenne",False,16,1,3,0.333,0,0,,1,1,1.0,2,3,5,2,1,2,0,2,3
2025-01-02_uc_davis_csu_bakersfield,CSU Bakersfield,08,"Langi, Marley",False,16,1,8,0.125,0,1,0.0,0,0,,5,3,8,5,1,1,0,0,2
2025-01-02_uc_davis_csu_bakersfield,CSU Bakersfield,42,"Tse, Allysan",False,10,1,3,0.333,0,0,,0,2,0.0,0,2,2,3,0,1,0,1,2
2025-01-02_uc_davis_csu_bakersfield,CSU Bakersfield,23,"Feliz, Ileana",False,4,0,1,0.0,0,0,,1,2,0.5,0,0,0,2,0,1,0,0,1
2025-01-02_uc_davis_csu_bakersfield,CSU Bakersfield,13,"Lopez-Wood, Bryanne",False,4,0,1,0.0,0,0,,0,0,,1,0,1,0,0,1,0,0,0
2025-01-02_uc_davis_csu_bakersfield,CSU Bakersfield,03,"Barrufet, Ona",False,1,0,0,,0,0,,0,0,,0,0,0,0,0,0,0,0,0
2025-01-02_uc_davis_csu_bakersfield,CSU Bakersfield,TM,TEAM,False,0,0,0,,0,0,,0,0,,4,5,9,0,0,0,0,0,0
2025-01-02_uc_davis_csu_bakersfield,UC Davis,14,"Sabel, Tova",True,24,7,14,0.5,5,8,0.625,2,2,1.0,0,6,6,1,1,0,1,3,21
2025-01-02_uc_davis_csu_bakersfield,UC Davis,33,"Harris, Mazatlan",True,16,4,4,1.0,2,2,1.0,0,0,,0,0,0,0,2,0,1,0,10
2025-01-02_uc_davis_csu_bakersfield,UC Davis,04,"Epps, Nya",True,15,3,6,0.5,1,3,0.333,0,0,,1,0,1,1,1,0,0,1,7
2025-01-02_uc_davis_csu_bakersfield,UC Davis,13,"Burns, Sydney",True,13,3,6,0.5,0,3,0.0,0,0,,1,4,5,1,3,1,0,0,6
2025-01-02_uc_davis_csu_bakersfield,UC Davis,25,"Norris, Megan",True,19,1,4,0.25,1,2,0.5,2,2,1.0,1,6,7,2,4,1,2,0,5
2025-01-02_uc_davis_csu_bakersfield,UC Davis,23,"Baker, Victoria",False,17,5,7,0.714,2,3,0.667,0,0,,1,1,2,3,1,1,1,1,12
2025-01-02_uc_davis_csu_bakersfield,UC Davis,05,"Fitzgerald, Ally",False,19,3,6,0.5,1,2,0.5,0,0,,1,2,3,4,1,2,0,0,7
2025-01-02_uc_davis_csu_bakersfield,UC Davis,09,"Sussex, Avery",False,15,2,5,0.4,1,4,0.25,0,0,,0,4,4,0,2,0,0,0,5
2025-01-02_uc_davis_csu_bakersfield,UC Davis,02,"Bennett, Ryann",False,20,0,3,0.0,0,1,0.0,3,4,0.75,0,2,2,1,1,0,0,2,3
2025-01-02_uc_davis_csu_bakersfield,UC Davis,41,"Shine, Bria",False,15,0,2,0.0,0,1,0.0,3,6,0.5,1,7,8,0,1,3,0,1,3
2025-01-02_uc_davis_csu_bakersfield,UC Davis,11,"Glad, Clara",False,18,1,2,0.5,0,1,0.0,0,1,0.0,2,0,2,1,2,1,0,1,2
2025-01-02_uc_davis_csu_bakersfield,UC Davis,03,"Kanagasabay, Sahana",False,9,0,1,0.0,0,1,0.0,0,2,0.0,1,3,4,2,1,0,2,0,0
2025-01-02_uc_davis_csu_bakersfield,UC Davis,TM,TEAM,False,0,0,0,,0,0,,0,0,,0,2,2,0,0,0,0,0,0
2025-01-02_uc_santa_barbara_hawaii,Hawaii,03,"Wahinekapu, Lily",True,37,6,11,0.545,1,4,0.25,4,4,1.0,0,3,3,2,3,3,0,1,17
2025-01-02_uc_santa_barbara_hawaii,Hawaii,15,"Phillips, Daejah",True,30,5,7,0.714,0,0,,3,3,1.0,1,6,7,3,1,1,1,1,13
2025-01-02_uc_santa_barbara_hawaii,Hawaii,24,"Tamilo, Ritorya",True,16,2,3,0.667,0,0,,2,2,1.0,1,2,3,2,0,1,1,1,6
2025-01-02_uc_santa_barbara_hawaii,Hawaii,23,"McBee, MeiLani",True,23,1,2,0.5,1,2,0.5,0,0,,0,0,0,2,0,2,0,0,3
2025-01-02_uc_santa_barbara_hawaii,Hawaii,22,"Peacock, Jade",True,16,0,6,0.0,0,2,0.0,0,0,,0,0,0,2,0,0,1,0,0
2025-01-02_uc_santa_barbara_hawaii,Hawaii,02,"'Uhila, Mia",False,27,3,7,0.429,0,0,,6,7,0.857,0,3,3,1,0,1,0,0,12
2025-01-02_uc_santa_barbara_hawaii,Hawaii,14,"Rewers, Brooklyn",False,23,1,7,0.143,1,4,0.25,2,4,0.5,0,2,2,4,0,0,0,0,5
2025-01-02_uc_santa_barbara_hawaii,Hawaii,08,"Moors, Rebecca",False,22,1,2,0.5,0,1,0.0,2,2,1.0,0,1,1,2,0,0,1,1,4
2025-01-02_uc_santa_barbara_hawaii,Hawaii,11,"Filemu, Kira-May",False,6,1,1,1.0,0,0,,0,0,,0,0,0,0,0,0,0,0,2
2025-01-02_uc_santa_barbara_hawaii,Hawaii,TM,TEAM,False,0,0,0,,0,0,,0,0,,2,3,5,0,0,0,0,0,0
2025-01-02_uc_santa_barbara_hawaii,UC Santa Barbara,02,"Borter, Zoe",True,34,5,11,0.455,0,3,0.0,2,2,1.0,4,3,7,0,3,0,0,0,12
2025-01-02_uc_santa_barbara_hawaii,UC Santa Barbara,55,"Burke, Skylar",True,36,3,8,0.375,2,6,0.333,2,2,1.0,1,8,9,3,3,3,1,0,10
2025-01-02_uc_santa_barbara_hawaii,UC Santa Barbara,03,"Marin, Alyssa",True,22,1,7,0.143,0,4,0.0,8,8,1.0,1,1,2,3,3,4,1,1,10
2025-01-02_uc_santa_barbara_hawaii,UC Santa Barbara,10,"Choice, Anya",True,25,2,4,0.5,0,0,,3,4,0.75,1,0,1,4,0,1,0,1,7
2025-01-02_uc_santa_barbara_hawaii,UC Santa Barbara,20,"Rockwood, Laurel",True,12,0,1,0.0,0,0,,0,0,,0,1,1,1,0,1,0,0,0
2025-01-02_uc_santa_barbara_hawaii,UC Santa Barbara,11,"Williams, Cayla",False,21,4,7,0.571,3,4,0.75,3,5,0.6,1,3,4,3,1,0,2,0,14
2025-01-02_uc_santa_barbara_hawaii,UC Santa Barbara,32,"Grant, Jessica",False,21,4,7,0.571,4,7,0.571,0,0,,0,0,0,2,1,0,0,0,12
2025-01-02_uc_santa_barbara_hawaii,UC Santa Barbara,05,"Bradley, Olivia",False,19,1,4,0.25,0,0,,2,2,1.0,0,1,1,3,1,0,0,1,4
2025-01-02_uc_santa_barbara_hawaii,UC Santa Barbara,31,"Pietsch, Martha",False,7,1,2,0.5,1,2,0.5,0,0,,0,1,1,0,1,1,0,0,3
2025-01-02_uc_santa_barbara_hawaii,UC Santa Barbara,13,"Goed, Flora",False,3,0,0,,0,0,,0,0,,1,0,1,0,0,0,0,0,0
2025-01-02_uc_santa_barbara_hawaii,UC Santa Barbara,TM,TEAM,False,0,0,0,,0,0,,0,0,,2,4,6,0,0,1,0,0,0
2025-01-02_uc_irvine_cal_poly,Cal Poly,2,"Shah, Annika",True,33,4,11,0.364,2,6,0.333,2,2,1.0,1,0,1,1,4,2,0,0,12
2025-01-02_uc_irvine_cal_poly,Cal Poly,24,"Carter, Mary",True,32,2,10,0.2,1,5,0.2,4,4,1.0,0,12,12,2,1,3,2,0,9
2025-01-02_uc_irvine_cal_poly,Cal Poly,31,"Hiraki, Ashley",True,26,2,5,0.4,1,3,0.333,0,0,,0,0,0,1,1,3,1,0,5
2025-01-02_uc_irvine_cal_poly,Cal Poly,10,"Richards, Sidney",True,32,1,8,0.125,0,0,,1,2,0.5,0,0,0,2,1,4,0,0,3
2025-01-02_uc_irvine_cal_poly,Cal Poly,15,"Bourland, Sydney",True,22,1,6,0.167,0,0,,0,0,,2,2,4,2,1,1,0,0,2
2025-01-02_uc_irvine_cal_poly,Cal Poly,5,"Robinson, Gabby",False,11,1,1,1.0,1,1,1.0,0,0,,0,1,1,0,0,1,0,0,3
2025-01-02_uc_irvine_cal_poly,Cal Poly,4,"Lichtie, Sierra",False,18,1,8,0.125,0,2,0.0,0,0,,1,1,2,2,1,0,0,2,2
2025-01-02_uc_irvine_cal_poly,Cal Poly,22,"Goosby, Alana",False,11,1,1,1.0,0,0,,0,0,,1,2,3,1,0,1,0,0,2
2025-01-02_uc_irvine_cal_poly,Cal Poly,9,"Perez, Nora",False,10,0,1,0.0,0,0,,0,0,,0,0,0,1,0,1,0,0,0
2025-01-02_uc_irvine_cal_poly,Cal Poly,14,"Bears, Gillian",False,3,0,0,,0,0,,0,0,,0,0,0,1,0,0,0,0,0
2025-01-02_uc_irvine_cal_poly,Cal Poly,23,"Moleon Hidalgo, Ana",False,2,0,1,0.0,0,0,,0,0,,0,0,0,0,0,0,0,0,0
2025-01-02_uc_irvine_cal_poly,Cal Poly,TM,TEAM,False,0,0,0,,0,0,,0,0,,6,3,9,0,0,3,0,0,0
2025-01-02_uc_irvine_cal_poly,UC Irvine,20,"Hernandez, Hunter",True,23,6,11,0.545,0,3,0.0,6,6,1.0,2,5,7,3,1,2,0,2,18
2025-01-02_uc_irvine_cal_poly,UC Irvine,21,"Williams, Olivia",True,20,4,9,0.444,2,5,0.4,0,0,,0,2,2,1,2,2,2,0,10
2025-01-02_uc_irvine_cal_poly,UC Irvine,24,"Dean, Nevaeh",True,18,2,4,0.5,2,3,0.667,0,0,,1,5,6,1,0,2,2,0,6
2025-01-02_uc_irvine_cal_poly,UC Irvine,3,"Tom, Nikki",True,25,2,5,0.4,1,2,0.5,0,0,,1,1,2,0,1,1,0,1,5
2025-01-02_uc_irvine_cal_poly,UC Irvine,13,"Lee, Déja",True,23,1,5,0.2,0,1,0.0,0,0,,1,2,3,3,4,0,0,4,2
2025-01-02_uc_irvine_cal_poly,UC Irvine,14,"Hanson, Summah",False,24,3,7,0.429,0,1,0.0,2,2,1.0,2,3,5,2,0,2,2,3,8
2025-01-02_uc_irvine_cal_poly,UC Irvine,33,"Gnahore, Ines",False,9,3,4,0.75,0,1,0.0,1,2,0.5,3,3,6,1,0,1,0,0,7
2025-01-02_uc_irvine_cal_poly,UC Irvine,2,"Hernandez, Haley",False,4,2,2,1.0,0,0,,0,0,,0,0,0,0,0,0,0,0,4
2025-01-02_uc_irvine_cal_poly,UC Irvine,11,"Scharpf, Amelia",False,19,0,3,0.0,0,1,0.0,0,0,,2,1,3,0,1,1,0,0,0
2025-01-02_uc_irvine_cal_poly,UC Irvine,12,"Nahum, Shirel",False,18,0,5,0.0,0,3,0.0,0,0,,0,1,1,2,4,1,0,0,0
2025-01-02_uc_irvine_cal_poly,UC Irvine,10,"Madsen, Lauryn",False,9,0,1,0.0,0,1,0.0,0,0,,0,1,1,1,1,1,0,0,0
2025-01-02_uc_irvine_cal_poly,UC Irvine,22,"Djoko, Clara",False,5,0,0,,0,0,,0,0,,0,2,2,0,0,0,0,0,0
2025-01-02_uc_irvine_cal_poly,UC Irvine,35,"Noa, Reese",False,3,0,2,0.0,0,0,,0,0,,0,0,0,0,0,1,0,0,0
2025-01-02_uc_irvine_cal_poly,UC Irvine,TM,TEAM,False,0,0,0,,0,0,,0,0,,2,3,5,0,0,1,0,0,0
2025-01-02_uc_riverside_long_beach_st,Long Beach St.,2,"Tucker, Savannah",True,40,9,14,0.643,2,5,0.4,2,2,1.0,0,5,5,1,3,3,1,1,22
2025-01-02_uc_riverside_long_beach_st,Long Beach St.,22,"Richards, Mykelle",True,28,5,10,0.5,1,4,0.25,3,5,0.6,1,3,4,4,1,2,1,2,14
2025-01-02_uc_riverside_long_beach_st,Long Beach St.,1,"Sonnier, Lovely",True,21,3,7,0.429,1,3,0.333,3,6,0.5,3,4,7,1,1,1,0,1,10
2025-01-02_uc_riverside_long_beach_st,Long Beach St.,11,"Loobie, Rachel",True,22,0,4,0.0,0,0,,1,2,0.5,3,6,9,3,3,4,0,1,1
2025-01-02_uc_riverside_long_beach_st,Long Beach St.,3,"Chung, Patricia",True,38,0,7,0.0,0,4,0.0,0,0,,0,6,6,4,2,3,0,2,0
2025-01-02_uc_riverside_long_beach_st,Long Beach St.,30,"Jones-brown, Jaquoia",False,26,3,6,0.5,0,1,0.0,2,2,1.0,3,3,6,1,0,1,0,1,8
2025-01-02_uc_riverside_long_beach_st,Long Beach St.,12,"Crawshaw, Jada",False,23,3,12,0.25,0,2,0.0,2,3,0.667,1,3,4,4,1,1,0,0,8
2025-01-02_uc_riverside_long_beach_st,Long Beach St.,33,"Wright, Haley",False,2,0,0,,0,0,,0,0,,0,0,0,1,0,1,0,0,0
2025-01-02_uc_riverside_long_beach_st,Long Beach St.,TM,TEAM,False,0,0,0,,0,0,,0,0,,2,3,5,0,0,0,0,0,0
2025-01-02_uc_riverside_long_beach_st,UC Riverside,00,"Rose, Makayla",True,33,8,17,0.471,3,9,0.333,0,0,,1,2,3,1,1,1,0,3,19
2025-01-02_uc_riverside_long_beach_st,UC Riverside,5,"Duchemin, Shelley",True,27,4,15,0.267,0,1,0.0,1,4,0.25,1,4,5,4,3,1,0,1,9
2025-01-02_uc_riverside_long_beach_st,UC Riverside,7,"Wickstrom, Hannah",True,28,2,10,0.2,0,6,0.0,1,2,0.5,0,5,5,2,0,2,0,0,5
2025-01-02_uc_riverside_long_beach_st,UC Riverside,11,"Matarranz, Esther",True,12,1,1,1.0,0,0,,0,0,,1,1,2,4,0,0,0,1,2
2025-01-02_uc_riverside_long_beach_st,UC Riverside,3,"Tillery, Zoe",True,19,0,5,0.0,0,2,0.0,0,0,,1,0,1,0,3,3,0,1,0
2025-01-02_uc_riverside_long_beach_st,UC Riverside,12,"Cutler, Gemma",False,27,3,4,0.75,0,0,,3,4,0.75,3,3,6,3,1,5,1,0,9
2025-01-02_uc_riverside_long_beach_st,UC Riverside,13,"Chocano, Maya",False,13,1,2,0.5,1,1,1.0,0,0,,0,3,3,1,0,1,0,0,3
2025-01-02_uc_riverside_long_beach_st,UC Riverside,2,"Hackley, Seneca",False,17,0,5,0.0,0,2,0.0,1,2,0.5,0,2,2,0,0,1,0,0,1
2025-01-02_uc_riverside_long_beach_st,UC Riverside,4,"Marshall, Jordyn",False,21,0,4,0.0,0,1,0.0,0,0,,2,0,2,0,3,1,0,1,0
2025-01-02_uc_riverside_long_beach_st,UC Riverside,10,"Minshall, Makayla",False,2,0,1,0.0,0,1,0.0,0,0,,0,0,0,1,0,0,0,0,0
2025-01-02_uc_riverside_long_beach_st,UC Riverside,35,"Hill-brown, Tt",False,1,0,0,,0,0,,0,0,,0,0,0,0,0,0,0,0,0
2025-01-02_uc_riverside_long_beach_st,UC Riverside,TM,TEAM,False,0,0,0,,0,0,,0,0,,7,6,13,0,0,2,0,0,0
2025-01-02_csun_cal_st_fullerton,Cal St. Fullerton,24,"Stanton, Aaliyah",True,35,6,14,0.429,2,4,0.5,4,8,0.5,1,2,3,5,2,2,1,5,18
2025-01-02_csun_cal_st_fullerton,Cal St. Fullerton,13,"Hernandez, Aixchel",True,42,5,12,0.417,0,2,0.0,2,3,0.667,1,5,6,4,1,1,3,1,12
2025-01-02_csun_cal_st_fullerton,Cal St. Fullerton,12,"Levingston, Eva",True,37,3,10,0.3,0,0,,5,7,0.714,3,7,10,0,2,2,1,1,11
2025-01-02_csun_cal_st_fullerton,Cal St. Fullerton,10,"Lagway, Demonnie",True,31,4,10,0.4,1,4,0.25,0,3,0.0,1,2,3,5,4,2,0,0,9
2025-01-02_csun_cal_st_fullerton,Cal St. Fullerton,23,"Strachan, Emily",True,22,2,4,0.5,0,0,,1,3,0.333,0,0,0,4,2,2,0,2,5
2025-01-02_csun_cal_st_fullerton,Cal St. Fullerton,22,"Muniz, Madelynn",False,22,4,10,0.4,4,9,0.444,0,0,,1,2,3,0,0,1,0,0,12
2025-01-02_csun_cal_st_fullerton,Cal St. Fullerton,4,"Falsdottir, Jana",False,28,2,8,0.25,0,3,0.0,3,6,0.5,1,1,2,0,2,1,0,1,7
2025-01-02_csun_cal_st_fullerton,Cal St. Fullerton,00,"Davis, Layla",False,8,1,3,0.333,0,0,,0,0,,1,2,3,0,1,1,0,0,2
2025-01-02_csun_cal_st_fullerton,Cal St. Fullerton,TM,TEAM,False,0,0,0,,0,0,,0,0,,5,4,9,0,0,1,0,0,0
2025-01-02_csun_cal_st_fullerton,CSUN,4,"Edwards, Morgan",True,43,7,14,0.5,3,8,0.375,4,6,0.667,2,7,9,0,0,4,1,2,21
2025-01-02_csun_cal_st_fullerton,CSUN,25,"Aspajo, Erika",True,30,5,10,0.5,0,0,,6,6,1.0,2,5,7,4,8,5,0,0,16
2025-01-02_csun_cal_st_fullerton,CSUN,5,"Cox, Yves",True,32,5,9,0.556,0,0,,3,4,0.75,6,8,14,4,0,1,1,0,13
2025-01-02_csun_cal_st_fullerton,CSUN,20,"Adams, Erica",True,42,3,13,0.231,2,6,0.333,2,4,0.5,2,5,7,4,4,4,0,2,10
2025-01-02_csun_cal_st_fullerton,CSUN,14,"Orji, Nnenna",True,25,3,7,0.429,0,2,0.0,1,2,0.5,0,3,3,4,1,3,0,1,7
2025-01-02_csun_cal_st_fullerton,CSUN,00,"Kilty, Jenna",False,27,3,11,0.273,3,11,0.273,1,1,1.0,1,6,7,5,0,0,1,1,10
2025-01-02_csun_cal_st_fullerton,CSUN,22,"Dahlin, Laini",False,14,1,5,0.2,0,4,0.0,0,0,,0,1,1,4,1,3,0,0,2
2025-01-02_csun_cal_st_fullerton,CSUN,2,"Hopson, Kayla",False,8,0,1,0.0,0,0,,0,0,,1,1,2,1,4,2,0,1,0
2025-01-02_csun_cal_st_fullerton,CSUN,10,"Lizama, Alondra",False,4,0,0,,0,0,,0,0,,0,0,0,0,1,0,0,0,0
2025-01-02_csun_cal_st_fullerton,CSUN,TM,TEAM,False,0,0,0,,0,0,,0,0,,8,3,11,0,0,0,0,0,0
2025-01-04_uc_davis_csun,CSUN,20,"Adams, Erica",True,37,3,12,0.25,2,5,0.4,0,0,,0,7,7,1,2,1,0,4,8
2025-01-04_uc_davis_csun,CSUN,14,"Orji, Nnenna",True,23,3,7,0.429,1,1,1.0,1,2,0.5,1,3,4,3,1,0,1,2,8
2025-01-04_uc_davis_csun,CSUN,25,"Aspajo, Erika",True,35,3,17,0.176,0,4,0.0,1,2,0.5,0,2,2,3,3,3,0,4,7
2025-01-04_uc_davis_csun,CSUN,04,"Edwards, Morgan",True,29,1,13,0.077,1,5,0.2,1,2,0.5,2,1,3,2,1,3,0,5,4
2025-01-04_uc_davis_csun,CSUN,05,"Cox, Yves",True,27,1,5,0.2,0,0,,0,0,,2,5,7,5,0,3,1,0,2
2025-01-04_uc_davis_csun,CSUN,00,"Kilty, Jenna",False,33,4,10,0.4,4,9,0.444,0,0,,0,3,3,1,1,2,0,0,12
2025-01-04_uc_davis_csun,CSUN,22,"Dahlin, Laini",False,11,0,4,0.0,0,0,,0,0,,1,4,5,0,0,1,0,0,0
2025-01-04_uc_davis_csun,CSUN,02,"Hopson, Kayla",False,5,0,1,0.0,0,0,,0,0,,0,0,0,1,0,1,0,2,0
2025-01-04_uc_davis_csun,CSUN,23,"Hardwick, Sincere",False,,0,0,,0,0,,0,0,,0,0,0,0,0,0,0,0,0
2025-01-04_uc_davis_csun,CSUN,TM,TEAM,False,0,0,0,,0,0,,0,0,,6,5,11,0,0,0,0,0,0
2025-01-04_uc_davis_csun,UC Davis,14,"Sabel, Tova",True,26,3,12,0.25,2,7,0.286,2,2,1.0,0,8,8,1,0,2,2,1,10
2025-01-04_uc_davis_csun,UC Davis,04,"Epps, Nya",True,19,4,6,0.667,1,1,1.0,1,2,0.5,1,3,4,2,1,0,1,1,10
2025-01-04_uc_davis_csun,UC Davis,13,"Burns, Sydney",True,17,3,3,1.0,2,2,1.0,1,1,1.0,2,0,2,0,1,1,0,0,9
2025-01-04_uc_davis_csun,UC Davis,33,"Harris, Mazatlan",True,24,2,7,0.286,2,6,0.333,0,2,0.0,1,7,8,2,2,1,0,1,6
2025-01-04_uc_davis_csun,UC Davis,25,"Norris, Megan",True,21,1,9,0.111,0,2,0.0,2,4,0.5,1,10,11,1,3,3,3,0,4
2025-01-04_uc_davis_csun,UC Davis,05,"Fitzgerald, Ally",False,20,2,4,0.5,0,0,,5,5,1.0,3,5,8,0,3,2,1,0,9
2025-01-04_uc_davis_csun,UC Davis,02,"Bennett, Ryann",False,24,3,7,0.429,2,4,0.5,0,0,,0,2,2,0,0,5,0,0,8
2025-01-04_uc_davis_csun,UC Davis,11,"Glad, Clara",False,14,2,3,0.667,1,2,0.5,0,0,,0,1,1,1,1,0,0,1,5
2025-01-04_uc_davis_csun,UC Davis,09,"Sussex, Avery",False,8,1,2,0.5,1,1,1.0,2,2,1.0,0,1,1,0,1,2,0,0,5
2025-01-04_uc_davis_csun,UC Davis,41,"Shine, Bria",False,8,1,4,0.25,0,1,0.0,0,0,,0,3,3,0,0,1,0,0,2
2025-01-04_uc_davis_csun,UC Davis,23,"Baker, Victoria",False,15,0,2,0.0,0,1,0.0,0,0,,0,2,2,2,1,3,1,0,0
2025-01-04_uc_davis_csun,UC Davis,03,"Kanagasabay, Sahana",False,4,0,0,,0,0,,0,0,,0,1,1,0,0,0,0,0,0
2025-01-04_uc_davis_csun,UC Davis,TM,TEAM,False,0,0,0,,0,0,,0,0,,2,1,3,0,0,0,0,0,0
2025-01-04_cal_poly_hawaii,Hawaii,23,"McBee, Meilani",True,34,3,6,0.5,3,6,0.5,5,6,0.833,1,4,5,2,1,2,1,1,14
2025-01-04_cal_poly_hawaii,Hawaii,3,"Wahinekapu, Lily",True,31,4,6,0.667,1,2,0.5,5,8,0.625,0,1,1,3,7,2,0,1,14
2025-01-04_cal_poly_hawaii,Hawaii,15,"Phillips, Daejah",True,34,3,10,0.3,1,5,0.2,1,1,1.0,1,6,7,3,1,3,0,1,8
2025-01-04_cal_poly_hawaii,Hawaii,24,"Tamilo, Ritorya",True,19,0,4,0.0,0,0,,2,2,1.0,1,7,8,3,1,8,1,0,2
2025-01-04_cal_poly_hawaii,Hawaii,22,"Peacock, Jade",True,18,1,4,0.25,0,2,0.0,0,0,,1,0,1,0,0,1,1,0,2
2025-01-04_cal_poly_hawaii,Hawaii,14,"Rewers, Brooklyn",False,21,5,10,0.5,1,2,0.5,0,0,,2,3,5,2,0,1,0,0,11
2025-01-04_cal_poly_hawaii,Hawaii,2,"'uhila, Mia",False,20,2,3,0.667,0,0,,5,7,0.714,0,5,5,3,2,1,1,0,9
2025-01-04_cal_poly_hawaii,Hawaii,8,"Moors, Rebecca",False,16,0,2,0.0,0,1,0.0,2,2,1.0,1,1,2,0,0,1,0,2,2
2025-01-04_cal_poly_hawaii,Hawaii,4,"Lefotu, Jovi",False,7,0,0,,0,0,,0,0,,0,1,1,1,0,1,1,0,0
2025-01-04_cal_poly_hawaii,Hawaii,TM,TEAM,False,0,0,0,,0,0,,0,0,,2,4,6,0,0,1,0,0,0
2025-01-04_cal_poly_hawaii,Cal Poly,24,"Carter, Mary",True,31,4,14,0.286,1,7,0.143,1,1,1.0,0,5,5,2,1,1,1,2,10
2025-01-04_cal_poly_hawaii,Cal Poly,31,"Hiraki, Ashley",True,28,3,7,0.429,3,5,0.6,0,0,,1,0,1,5,1,1,0,2,9
2025-01-04_cal_poly_hawaii,Cal Poly,15,"Bourland, Sydney",True,26,3,8,0.375,0,1,0.0,3,4,0.75,2,2,4,1,1,1,0,0,9
2025-01-04_cal_poly_hawaii,Cal Poly,10,"Richards, Sidney",True,34,2,6,0.333,0,2,0.0,2,2,1.0,3,3,6,5,1,2,0,3,6
2025-01-04_cal_poly_hawaii,Cal Poly,2,"Shah, Annika",True,35,1,11,0.091,1,7,0.143,2,2,1.0,0,0,0,3,2,4,0,1,5
2025-01-04_cal_poly_hawaii,Cal Poly,4,"Lichtie, Sierra",False,31,5,10,0.5,0,3,0.0,1,2,0.5,0,6,6,4,3,6,0,4,11
2025-01-04_cal_poly_hawaii,Cal Poly,22,"Goosby, Alana",False,12,0,0,,0,0,,0,0,,0,0,0,0,0,0,0,0,0
2025-01-04_cal_poly_hawaii,Cal Poly,5,"Robinson, Gabby",False,3,0,2,0.0,0,0,,0,0,,1,0,1,0,1,0,0,0,0
2025-01-04_cal_poly_hawaii,Cal Poly,TM,TEAM,False,0,0,0,,0,0,,0,0,,3,5,8,0,0,0,0,0,0
2025-01-04_uc_riverside_uc_irvine,UC Irvine,13,"Lee, Deja",True,35,6,9,0.667,1,1,1.0,2,5,0.4,0,2,2,2,4,3,1,3,15
2025-01-04_uc_riverside_uc_irvine,UC Irvine,20,"Hernandez, Hunter",True,32,5,14,0.357,1,4,0.25,2,2,1.0,2,7,9,5,2,0,0,1,13
2025-01-04_uc_riverside_uc_irvine,UC Irvine,21,"Williams, Olivia",True,28,4,11,0.364,2,6,0.333,1,3,0.333,1,2,3,0,1,1,0,1,11
2025-01-04_uc_riverside_uc_irvine,UC Irvine,24,"Dean, Nevaeh",True,18,1,2,0.5,0,1,0.0,0,2,0.0,1,1,2,1,0,0,0,1,2
2025-01-04_uc_riverside_uc_irvine,UC Irvine,3,"Tom, Nikki",True,28,0,3,0.0,0,1,0.0,0,0,,1,2,3,2,1,3,0,0,0
2025-01-04_uc_riverside_uc_irvine,UC Irvine,33,"Gnahore, Ines",False,10,2,2,1.0,0,0,,3,4,0.75,1,0,1,2,1,0,0,0,7
2025-01-04_uc_riverside_uc_irvine,UC Irvine,14,"Hanson, Summah",False,25,2,10,0.2,0,5,0.0,2,2,1.0,0,3,3,1,0,1,1,2,6
2025-01-04_uc_riverside_uc_irvine,UC Irvine,11,"Scharpf, Amelia",False,14,0,0,,0,0,,0,0,,0,2,2,1,0,1,0,0,0
2025-01-04_uc_riverside_uc_irvine,UC Irvine,12,"Nahum, Shirel",False,7,0,1,0.0,0,0,,0,0,,0,0,0,2,0,3,1,0,0
2025-01-04_uc_riverside_uc_irvine,UC Irvine,10,"Madsen, Lauryn",False,3,0,1,0.0,0,1,0.0,0,0,,0,0,0,0,0,1,0,0,0
2025-01-04_uc_riverside_uc_irvine,UC Irvine,22,"Djoko, Clara",False,0,0,0,,0,0,,0,0,,0,0,0,1,0,0,0,1,0
2025-01-04_uc_riverside_uc_irvine,UC Irvine,TM,TEAM,False,0,0,0,,0,0,,0,0,,2,2,4,0,0,0,0,0,0
2025-01-04_uc_riverside_uc_irvine,UC Riverside,5,"Duchemin, Shelley",True,31,5,5,1.0,0,0,,4,6,0.667,0,6,6,2,0,4,0,3,14
2025-01-04_uc_riverside_uc_irvine,UC Riverside,00,"Rose, Makayla",True,34,4,11,0.364,2,4,0.5,0,2,0.0,1,3,4,1,5,3,0,1,10
2025-01-04_uc_riverside_uc_irvine,UC Riverside,11,"Matarranz, Esther",True,29,5,9,0.556,0,0,,0,0,,0,9,9,4,1,0,2,1,10
2025-01-04_uc_riverside_uc_irvine,UC Riverside,3,"Tillery, Zoe",True,29,3,8,0.375,1,6,0.167,1,2,0.5,0,2,2,0,5,2,0,0,8
2025-01-04_uc_riverside_uc_irvine,UC Riverside,7,"Wickstrom, Hannah",True,25,4,8,0.5,0,2,0.0,0,0,,1,3,4,4,4,5,0,2,8
2025-01-04_uc_riverside_uc_irvine,UC Riverside,2,"Hackley, Seneca",False,21,3,5,0.6,2,3,0.667,0,0,,1,0,1,2,2,2,0,1,8
2025-01-04_uc_riverside_uc_irvine,UC Riverside,13,"Chocano, Maya",False,9,0,1,0.0,0,0,,1,2,0.5,1,2,3,1,0,0,0,0,1
2025-01-04_uc_riverside_uc_irvine,UC Riverside,12,"Cutler, Gemma",False,12,0,0,,0,0,,0,0,,1,0,1,0,1,1,0,0,0
2025-01-04_uc_riverside_uc_irvine,UC Riverside,4,"Marshall, Jordyn",False,8,0,0,,0,0,,0,0,,0,0,0,1,1,1,0,0,0
2025-01-04_uc_riverside_uc_irvine,UC Riverside,1,"Polk, Kaylani",False,2,0,1,0.0,0,1,0.0,0,0,,0,0,0,1,0,0,0,0,0
2025-01-04_uc_riverside_uc_irvine,UC Riverside,TM,TEAM,False,0,0,0,,0,0,,0,0,,2,4,6,0,0,1,0,0,0
2025-01-04_uc_san_diego_cal_st_fullerton,Cal St. Fullerton,24,"Stanton, Aaliyah",True,34,5,16,0.312,1,5,0.2,1,1,1.0,0,3,3,5,0,4,0,0,12
2025-01-04_uc_san_diego_cal_st_fullerton,Cal St. Fullerton,12,"Levingston, Eva",True,35,3,8,0.375,0,0,,4,5,0.8,2,9,11,3,1,2,0,1,10
2025-01-04_uc_san_diego_cal_st_fullerton,Cal St. Fullerton,10,"Lagway, Demonnie",True,27,4,12,0.333,1,4,0.25,0,0,,1,2,3,3,0,2,0,0,9
2025-01-04_uc_san_diego_cal_st_fullerton,Cal St. Fullerton,13,"Hernandez, Aixchel",True,24,2,7,0.286,0,0,,0,0,,3,1,4,2,1,3,1,0,4
2025-01-04_uc_san_diego_cal_st_fullerton,Cal St. Fullerton,23,"Strachan, Emily",True,7,0,0,,0,0,,0,0,,0,1,1,1,1,1,0,0,0
2025-01-04_uc_san_diego_cal_st_fullerton,Cal St. Fullerton,04,"Falsdottir, Jana",False,24,2,7,0.286,1,4,0.25,0,0,,1,1,2,3,3,4,0,1,5
2025-01-04_uc_san_diego_cal_st_fullerton,Cal St. Fullerton,22,"Muniz, Madelynn",False,28,1,5,0.2,1,5,0.2,0,0,,0,3,3,1,1,0,0,0,3
2025-01-04_uc_san_diego_cal_st_fullerton,Cal St. Fullerton,00,"Davis, Layla",False,11,0,2,0.0,0,0,,2,2,1.0,1,5,6,1,1,0,0,0,2
2025-01-04_uc_san_diego_cal_st_fullerton,Cal St. Fullerton,01,"Wienecke, Genna",False,10,0,1,0.0,0,1,0.0,0,0,,1,0,1,0,1,0,0,0,0
2025-01-04_uc_san_diego_cal_st_fullerton,Cal St. Fullerton,TM,TEAM,False,0,0,0,,0,0,,0,0,,1,0,1,0,0,0,0,0,0
2025-01-04_uc_san_diego_cal_st_fullerton,UC San Diego,03,"Sugapong, Sumayah",True,38,6,15,0.4,0,2,0.0,3,3,1.0,1,5,6,2,4,5,0,3,15
2025-01-04_uc_san_diego_cal_st_fullerton,UC San Diego,22,"Gallegos, Gracie",True,40,6,9,0.667,0,1,0.0,0,0,,0,2,2,0,0,0,0,3,12
2025-01-04_uc_san_diego_cal_st_fullerton,UC San Diego,15,"Ma, Sabrina",True,36,3,11,0.273,2,7,0.286,0,0,,1,5,6,1,1,1,0,1,8
2025-01-04_uc_san_diego_cal_st_fullerton,UC San Diego,24,"Spriggs, Kayanna",True,22,3,6,0.5,0,0,,2,4,0.5,3,5,8,5,1,3,1,0,8
2025-01-04_uc_san_diego_cal_st_fullerton,UC San Diego,32,"Montgomery, Parker",True,7,0,1,0.0,0,1,0.0,0,0,,0,0,0,1,0,0,0,0,0
2025-01-04_uc_san_diego_cal_st_fullerton,UC San Diego,11,"Condron, Erin",False,23,4,7,0.571,0,1,0.0,4,6,0.667,1,5,6,3,0,0,0,0,12
2025-01-04_uc_san_diego_cal_st_fullerton,UC San Diego,23,"Blithikioti, Eri",False,33,1,2,0.5,0,1,0.0,0,2,0.0,0,9,9,2,3,1,1,0,2
2025-01-04_uc_san_diego_cal_st_fullerton,UC San Diego,30,"Sule, Damilola",False,1,0,0,,0,0,,0,0,,0,0,0,1,0,1,0,0,0
2025-01-04_uc_san_diego_cal_st_fullerton,UC San Diego,TM,TEAM,False,0,0,0,,0,0,,0,0,,1,1,2,0,0,3,0,0,0
2025-01-04_long_beach_st_csu_bakersfield,CSU Bakersfield,2,"Gingras, Caitie",True,24,4,11,0.364,4,8,0.5,0,0,,0,5,5,5,0,3,0,0,12
2025-01-04_long_beach_st_csu_bakersfield,CSU Bakersfield,4,"Dizon, Ary",True,39,4,20,0.2,0,3,0.0,0,2,0.0,5,5,10,4,2,8,3,0,8
2025-01-04_long_beach_st_csu_bakersfield,CSU Bakersfield,32,"Freeman, Garrisen",True,25,2,6,0.333,0,1,0.0,0,3,0.0,0,2,2,4,1,1,1,0,4
2025-01-04_long_beach_st_csu_bakersfield,CSU Bakersfield,20,"Secchiaroli, Melissa",True,11,1,3,0.333,0,0,,2,2,1.0,1,0,1,4,0,0,0,1,4
2025-01-04_long_beach_st_csu_bakersfield,CSU Bakersfield,11,"Caldwell, Taylor",True,35,1,8,0.125,0,2,0.0,0,0,,1,4,5,4,1,2,1,2,2
2025-01-04_long_beach_st_csu_bakersfield,CSU Bakersfield,30,"Dioli, Alli",False,28,3,8,0.375,1,6,0.167,0,0,,1,5,6,2,1,1,0,2,7
2025-01-04_long_beach_st_csu_bakersfield,CSU Bakersfield,21,"Tse, Dylan",False,21,2,4,0.5,0,1,0.0,0,0,,1,1,2,0,1,1,0,1,4
2025-01-04_long_beach_st_csu_bakersfield,CSU Bakersfield,42,"Tse, Allysan",False,15,1,5,0.2,0,2,0.0,0,0,,0,2,2,1,0,1,0,0,2
2025-01-04_long_beach_st_csu_bakersfield,CSU Bakersfield,34,"Forney, Cheyenne",False,2,0,1,0.0,0,0,,0,0,,1,0,1,0,0,0,0,0,0
2025-01-04_long_beach_st_csu_bakersfield,CSU Bakersfield,TM,TEAM,False,0,0,0,,0,0,,0,0,,4,1,5,0,0,2,0,0,0
2025-01-04_long_beach_st_csu_bakersfield,Long Beach St.,11,"Loobie, Rachel",True,27,4,8,0.5,2,3,0.667,2,4,0.5,1,8,9,2,1,3,2,1,12
2025-01-04_long_beach_st_csu_bakersfield,Long Beach St.,2,"Tucker, Savannah",True,37,0,15,0.0,0,7,0.0,7,8,0.875,0,2,2,0,1,0,0,0,7
2025-01-04_long_beach_st_csu_bakersfield,Long Beach St.,3,"Chung, Patricia",True,34,2,10,0.2,1,6,0.167,2,2,1.0,4,3,7,1,1,2,0,1,7
2025-01-04_long_beach_st_csu_bakersfield,Long Beach St.,22,"Richards, Mykelle",True,28,2,5,0.4,0,0,,3,4,0.75,1,2,3,4,1,1,1,4,7
2025-01-04_long_beach_st_csu_bakersfield,Long Beach St.,1,"Sonnier, Lovely",True,22,1,5,0.2,0,0,,1,2,0.5,2,7,9,4,1,2,0,3,3
2025-01-04_long_beach_st_csu_bakersfield,Long Beach St.,12,"Crawshaw, Jada",False,20,4,7,0.571,1,1,1.0,7,8,0.875,2,2,4,0,1,4,0,2,16
2025-01-04_long_beach_st_csu_bakersfield,Long Beach St.,5,"Ka, Kennan",False,15,1,2,0.5,1,2,0.5,1,2,0.5,1,1,2,1,0,2,0,1,4
2025-01-04_long_beach_st_csu_bakersfield,Long Beach St.,30,"Jones-brown, Jaquoia",False,16,1,6,0.167,0,1,0.0,0,0,,1,9,10,0,1,1,0,1,2
2025-01-04_long_beach_st_csu_bakersfield,Long Beach St.,10,"Reynoso, Christy",False,1,0,0,,0,0,,0,0,,0,0,0,1,0,0,0,0,0
2025-01-04_long_beach_st_csu_bakersfield,Long Beach St.,TM,TEAM,False,0,0,0,,0,0,,0,0,,5,1,6,0,0,2,0,0,0
2025-01-09_cal_st_fullerton_uc_davis,UC Davis,14,"Sabel, Tova",True,24,10,18,0.556,4,8,0.5,0,0,,1,9,10,1,2,1,0,1,24
2025-01-09_cal_st_fullerton_uc_davis,UC Davis,25,"Norris, Megan",True,27,5,11,0.455,0,4,0.0,0,0,,1,10,11,1,4,0,2,2,10
2025-01-09_cal_st_fullerton_uc_davis,UC Davis,13,"Burns, Sydney",True,20,3,5,0.6,0,1,0.0,0,0,,1,1,2,2,2,1,0,2,6
2025-01-09_cal_st_fullerton_uc_davis,UC Davis,04,"Epps, Nya",True,18,2,4,0.5,0,0,,2,2,1.0,0,1,1,1,1,2,0,2,6
2025-01-09_cal_st_fullerton_uc_davis,UC Davis,33,"Harris, Mazatlan",True,19,1,5,0.2,1,3,0.333,0,0,,3,2,5,0,0,1,1,0,3
2025-01-09_cal_st_fullerton_uc_davis,UC Davis,23,"Baker, Victoria",False,13,4,5,0.8,0,0,,2,2,1.0,0,1,1,4,0,0,0,0,10
2025-01-09_cal_st_fullerton_uc_davis,UC Davis,09,"Sussex, Avery",False,14,3,4,0.75,2,3,0.667,0,0,,0,2,2,0,4,3,0,1,8
2025-01-09_cal_st_fullerton_uc_davis,UC Davis,02,"Bennett, Ryann",False,19,1,2,0.5,0,0,,4,4,1.0,0,1,1,3,2,2,0,0,6
2025-01-09_cal_st_fullerton_uc_davis,UC Davis,03,"Kanagasabay, Sahana",False,5,2,2,1.0,0,0,,0,0,,0,1,1,1,1,1,0,0,4
2025-01-09_cal_st_fullerton_uc_davis,UC Davis,05,"Fitzgerald, Ally",False,11,1,2,0.5,0,0,,0,0,,0,2,2,3,1,2,0,0,2
2025-01-09_cal_st_fullerton_uc_davis,UC Davis,41,"Shine, Bria",False,13,0,1,0.0,0,1,0.0,1,2,0.5,0,3,3,1,0,1,0,0,1
2025-01-09_cal_st_fullerton_uc_davis,UC Davis,11,"Glad, Clara",False,17,0,0,,0,0,,0,0,,0,1,1,0,1,1,0,0,0
2025-01-09_cal_st_fullerton_uc_davis,UC Davis,TM,TEAM,False,0,0,0,,0,0,,0,0,,3,1,4,0,0,1,0,0,0
2025-01-09_cal_st_fullerton_uc_davis,Cal St. Fullerton,24,"Stanton, Aaliyah",True,29,8,17,0.471,2,6,0.333,6,8,0.75,0,2,2,3,0,4,0,0,24
2025-01-09_cal_st_fullerton_uc_davis,Cal St. Fullerton,10,"Lagway, Demonnie",True,27,1,11,0.091,0,2,0.0,3,3,1.0,0,0,0,1,2,2,0,3,5
2025-01-09_cal_st_fullerton_uc_davis,Cal St. Fullerton,13,"Hernandez, Aixchel",True,31,2,7,0.286,0,0,,0,0,,2,5,7,2,1,0,0,1,4
2025-01-09_cal_st_fullerton_uc_davis,Cal St. Fullerton,00,"Davis, Layla",True,12,0,5,0.0,0,1,0.0,3,4,0.75,1,0,1,1,0,4,0,0,3
2025-01-09_cal_st_fullerton_uc_davis,Cal St. Fullerton,22,"Muniz, Madelynn",True,26,1,4,0.25,0,1,0.0,0,0,,0,2,2,0,1,0,0,0,2
2025-01-09_cal_st_fullerton_uc_davis,Cal St. Fullerton,04,"Falsdottir, Jana",False,13,2,3,0.667,1,1,1.0,0,0,,0,0,0,0,0,0,0,1,5
2025-01-09_cal_st_fullerton_uc_davis,Cal St. Fullerton,12,"Levingston, Eva",False,26,1,1,1.0,0,0,,2,2,1.0,0,4,4,3,0,1,0,0,4
2025-01-09_cal_st_fullerton_uc_davis,Cal St. Fullerton,02,"Tauro, Maddy",False,16,1,5,0.2,0,1,0.0,2,2,1.0,0,1,1,2,0,0,1,3,4
2025-01-09_cal_st_fullerton_uc_davis,Cal St. Fullerton,23,"Strachan, Emily",False,14,0,2,0.0,0,0,,3,4,0.75,0,1,1,1,0,2,0,0,3
2025-01-09_cal_st_fullerton_uc_davis,Cal St. Fullerton,01,"Wienecke, Genna",False,6,0,0,,0,0,,0,0,,0,0,0,1,0,0,0,1,0
2025-01-09_cal_st_fullerton_uc_davis,Cal St. Fullerton,TM,TEAM,False,0,0,0,,0,0,,0,0,,3,3,6,0,0,0,0,0,0
2025-01-09_hawaii_uc_riverside,UC Riverside,07,"Wickstrom, Hannah",True,32,4,11,0.364,1,5,0.2,1,1,1.0,0,2,2,3,2,1,1,2,10
2025-01-09_hawaii_uc_riverside,UC Riverside,11,"Matarranz, Esther",True,32,2,7,0.286,0,0,,0,0,,2,5,7,3,3,0,1,1,4
2025-01-09_hawaii_uc_riverside,UC Riverside,05,"Duchemin, Shelley",True,26,1,5,0.2,1,4,0.25,1,2,0.5,0,3,3,0,0,3,0,2,4
2025-01-09_hawaii_uc_riverside,UC Riverside,00,"Rose, Makayla",True,21,1,3,0.333,1,3,0.333,1,2,0.5,0,1,1,1,0,1,0,0,4
2025-01-09_hawaii_uc_riverside,UC Riverside,03,"Tillery, Zoe",True,9,0,3,0.0,0,1,0.0,0,0,,0,0,0,0,1,3,1,0,0
2025-01-09_hawaii_uc_riverside,UC Riverside,01,"Polk, Kaylani",False,15,4,8,0.5,3,6,0.5,0,0,,0,1,1,0,0,1,0,0,11
2025-01-09_hawaii_uc_riverside,UC Riverside,13,"Chocano, Maya",False,15,2,3,0.667,2,3,0.667,0,0,,0,2,2,0,0,1,0,0,6
2025-01-09_hawaii_uc_riverside,UC Riverside,02,"Hackley, Seneca",False,24,2,8,0.25,0,2,0.0,0,0,,3,3,6,1,2,1,0,1,4
2025-01-09_hawaii_uc_riverside,UC Riverside,04,"Marshall, Jordyn",False,16,1,4,0.25,0,2,0.0,0,0,,0,1,1,2,2,0,0,1,2
2025-01-09_hawaii_uc_riverside,UC Riverside,12,"Cutler, Gemma",False,10,1,2,0.5,0,0,,0,0,,1,0,1,2,0,2,0,0,2
2025-01-09_hawaii_uc_riverside,UC Riverside,TM,TEAM,False,0,0,0,,0,0,,0,0,,3,1,4,0,0,3,0,0,0
2025-01-09_hawaii_uc_riverside,Hawaii,23,"McBee, MeiLani",True,27,5,11,0.455,4,7,0.571,0,0,,2,1,3,0,1,1,0,0,14
2025-01-09_hawaii_uc_riverside,Hawaii,03,"Wahinekapu, Lily",True,35,4,9,0.444,1,2,0.5,1,1,1.0,2,3,5,1,5,3,0,3,10
2025-01-09_hawaii_uc_riverside,Hawaii,22,"Peacock, Jade",True,25,2,5,0.4,1,2,0.5,0,1,0.0,1,3,4,0,1,1,0,0,5
2025-01-09_hawaii_uc_riverside,Hawaii,24,"Tamilo, Ritorya",True,19,1,4,0.25,0,1,0.0,3,4,0.75,1,1,2,1,1,1,0,1,5
2025-01-09_hawaii_uc_riverside,Hawaii,12,"Perez, Imani",True,16,1,4,0.25,0,1,0.0,0,0,,1,1,2,2,0,2,2,0,2
2025-01-09_hawaii_uc_riverside,Hawaii,14,"Rewers, Brooklyn",False,18,5,10,0.5,3,4,0.75,2,2,1.0,0,5,5,0,0,1,1,0,15
2025-01-09_hawaii_uc_riverside,Hawaii,04,"Lefotu, Jovi",False,19,3,4,0.75,0,1,0.0,1,2,0.5,2,3,5,1,1,4,0,1,7
2025-01-09_hawaii_uc_riverside,Hawaii,02,"'Uhila, Mia",False,24,0,1,0.0,0,0,,3,4,0.75,2,7,9,1,3,3,0,1,3
2025-01-09_hawaii_uc_riverside,Hawaii,08,"Moors, Rebecca",False,15,0,4,0.0,0,2,0.0,0,0,,1,0,1,0,1,2,0,0,0
2025-01-09_hawaii_uc_riverside,Hawaii,11,"Filemu, Kira-May",False,2,0,0,,0,0,,0,0,,0,0,0,1,0,0,0,0,0
2025-01-09_hawaii_uc_riverside,Hawaii,TM,TEAM,False,0,0,0,,0,0,,0,0,,1,3,4,0,0,0,0,0,0
2025-01-09_uc_irvine_csun,CSUN,4,"Edwards, Morgan",True,34,4,9,0.444,3,8,0.375,0,0,,1,3,4,2,1,3,0,1,11
2025-01-09_uc_irvine_csun,CSUN,00,"Kilty, Jenna",True,39,3,4,0.75,2,3,0.667,0,0,,0,1,1,0,0,3,1,0,8
2025-01-09_uc_irvine_csun,CSUN,5,"Cox, Yves",True,18,2,4,0.5,0,0,,1,4,0.25,1,0,1,5,2,2,0,1,5
2025-01-09_uc_irvine_csun,CSUN,14,"Orji, Nnenna",True,22,1,5,0.2,0,2,0.0,1,2,0.5,0,2,2,3,1,4,1,1,3
2025-01-09_uc_irvine_csun,CSUN,20,"Adams, Erica",True,13,0,2,0.0,0,0,,0,0,,0,1,1,0,1,0,0,1,0
2025-01-09_uc_irvine_csun,CSUN,22,"Dahlin, Laini",False,24,3,5,0.6,3,4,0.75,0,0,,0,3,3,0,0,1,0,1,9
2025-01-09_uc_irvine_csun,CSUN,25,"Aspajo, Erika",False,32,0,10,0.0,0,3,0.0,3,4,0.75,2,2,4,3,8,9,0,3,3
2025-01-09_uc_irvine_csun,CSUN,10,"Lizama, Alondra",False,8,0,5,0.0,0,3,0.0,0,0,,1,1,2,0,0,2,0,0,0
2025-01-09_uc_irvine_csun,CSUN,2,"Hopson, Kayla",False,7,0,0,,0,0,,0,0,,0,1,1,0,0,1,0,0,0
2025-01-09_uc_irvine_csun,CSUN,21,"Marshall, Karsen",False,3,0,0,,0,0,,0,0,,0,0,0,0,0,0,0,0,0
2025-01-09_uc_irvine_csun,CSUN,TM,TEAM,False,0,0,0,,0,0,,0,0,,3,6,9,0,0,1,0,0,0
2025-01-09_uc_irvine_csun,UC Irvine,13,"Lee, Déja",True,25,5,10,0.5,3,7,0.429,2,2,1.0,1,3,4,3,4,1,0,4,15
2025-01-09_uc_irvine_csun,UC Irvine,21,"Williams, Olivia",True,27,3,9,0.333,2,5,0.4,4,4,1.0,1,3,4,1,4,0,1,1,12
2025-01-09_uc_irvine_csun,UC Irvine,20,"Hernandez, Hunter",True,21,5,13,0.385,1,3,0.333,0,0,,3,2,5,1,2,4,1,2,11
2025-01-09_uc_irvine_csun,UC Irvine,24,"Dean, Nevaeh",True,19,3,6,0.5,0,1,0.0,0,0,,3,2,5,1,0,0,1,3,6
2025-01-09_uc_irvine_csun,UC Irvine,3,"Tom, Nikki",True,28,0,5,0.0,0,3,0.0,0,0,,1,2,3,0,0,3,0,2,0
2025-01-09_uc_irvine_csun,UC Irvine,10,"Madsen, Lauryn",False,17,4,7,0.571,2,5,0.4,0,0,,2,0,2,0,1,0,0,2,10
2025-01-09_uc_irvine_csun,UC Irvine,14,"Hanson, Summah",False,16,3,8,0.375,0,2,0.0,0,0,,0,4,4,3,0,4,0,1,6
2025-01-09_uc_irvine_csun,UC Irvine,11,"Scharpf, Amelia",False,21,1,2,0.5,0,0,,2,2,1.0,3,0,3,2,2,3,0,1,4
2025-01-09_uc_irvine_csun,UC Irvine,9,"Falcon Hernandez, Daniela",False,9,1,2,0.5,0,1,0.0,0,0,,0,1,1,1,1,1,1,0,2
2025-01-09_uc_irvine_csun,UC Irvine,2,"Hernandez, Haley",False,4,1,2,0.5,0,0,,0,0,,2,0,2,0,0,0,0,0,2
2025-01-09_uc_irvine_csun,UC Irvine,12,"Nahum, Shirel",False,7,0,2,0.0,0,2,0.0,0,0,,1,3,4,1,0,0,0,0,0
2025-01-09_uc_irvine_csun,UC Irvine,35,"Noa, Reese",False,3,0,1,0.0,0,0,,0,0,,0,0,0,0,0,0,0,1,0
2025-01-09_uc_irvine_csun,UC Irvine,22,"Djoko, Clara",False,2,0,1,0.0,0,0,,0,0,,0,2,2,0,0,0,0,0,0
2025-01-09_uc_irvine_csun,UC Irvine,33,"Gnahore, Ines",False,1,0,0,,0,0,,0,0,,0,0,0,0,0,0,0,0,0
2025-01-09_uc_irvine_csun,UC Irvine,TM,TEAM,False,0,0,0,,0,0,,0,0,,5,1,6,0,0,0,0,0,0
2025-01-09_cal_poly_uc_san_diego,UC San Diego,3,"Sugapong, Sumayah",True,39,9,16,0.562,0,3,0.0,5,6,0.833,3,1,4,4,3,3,0,3,23
2025-01-09_cal_poly_uc_san_diego,UC San Diego,15,"Ma, Sabrina",True,32,4,12,0.333,3,9,0.333,0,0,,0,1,1,3,3,0,1,0,11
2025-01-09_cal_poly_uc_san_diego,UC San Diego,24,"Spriggs, Kayanna",True,19,2,5,0.4,0,0,,1,2,0.5,2,1,3,3,0,3,0,1,5
2025-01-09_cal_poly_uc_san_diego,UC San Diego,32,"Montgomery, Parker",True,33,1,11,0.091,1,5,0.2,0,0,,1,5,6,1,1,1,0,4,3
2025-01-09_cal_poly_uc_san_diego,UC San Diego,22,"Gallegos, Gracie",True,30,0,5,0.0,0,0,,1,4,0.25,0,2,2,2,1,1,1,3,1
2025-01-09_cal_poly_uc_san_diego,UC San Diego,11,"Condron, Erin",False,21,5,10,0.5,1,3,0.333,0,5,0.0,4,6,10,1,0,3,1,0,11
2025-01-09_cal_poly_uc_san_diego,UC San Diego,25,"Mahan, Junae",False,9,1,2,0.5,0,0,,0,0,,0,4,4,1,1,1,0,0,2
2025-01-09_cal_poly_uc_san_diego,UC San Diego,23,"Blithikioti, Eri",False,16,0,0,,0,0,,0,0,,1,1,2,1,1,2,1,1,0
2025-01-09_cal_poly_uc_san_diego,UC San Diego,2,"Talbot, Grace",False,1,0,0,,0,0,,0,0,,0,0,0,0,0,0,0,0,0
2025-01-09_cal_poly_uc_san_diego,UC San Diego,TM,TEAM,False,0,0,0,,0,0,,0,0,,3,0,3,0,0,0,0,0,0
2025-01-09_cal_poly_uc_san_diego,Cal Poly,2,"Shah, Annika",True,36,9,14,0.643,7,8,0.875,2,2,1.0,0,5,5,0,5,4,0,0,27
2025-01-09_cal_poly_uc_san_diego,Cal Poly,24,"Carter, Mary",True,33,6,11,0.545,0,1,0.0,3,5,0.6,4,4,8,4,2,6,3,0,15
2025-01-09_cal_poly_uc_san_diego,Cal Poly,31,"Hiraki, Ashley",True,39,3,8,0.375,2,5,0.4,0,0,,1,1,2,3,4,3,0,2,8
2025-01-09_cal_poly_uc_san_diego,Cal Poly,4,"Lichtie, Sierra",True,22,2,2,1.0,0,0,,1,2,0.5,1,5,6,5,2,3,0,0,5
2025-01-09_cal_poly_uc_san_diego,Cal Poly,15,"Bourland, Sydney",True,30,2,8,0.25,0,1,0.0,0,0,,1,5,6,0,2,4,0,2,4
2025-01-09_cal_poly_uc_san_diego,Cal Poly,9,"Perez, Nora",False,3,1,2,0.5,0,0,,0,0,,1,1,2,1,0,0,0,0,2
2025-01-09_cal_poly_uc_san_diego,Cal Poly,10,"Richards, Sidney",False,16,0,3,0.0,0,0,,0,0,,0,0,0,4,3,1,0,0,0
2025-01-09_cal_poly_uc_san_diego,Cal Poly,5,"Robinson, Gabby",False,13,0,1,0.0,0,1,0.0,0,0,,0,1,1,2,0,2,0,0,0
2025-01-09_cal_poly_uc_san_diego,Cal Poly,23,"Moleón Hidalgo, Ana",False,5,0,0,,0,0,,0,0,,0,2,2,0,0,0,0,0,0
2025-01-09_cal_poly_uc_san_diego,Cal Poly,22,"Goosby, Alana",False,3,0,1,0.0,0,1,0.0,0,0,,0,0,0,0,1,2,0,0,0
2025-01-09_cal_poly_uc_san_diego,Cal Poly,TM,TEAM,False,0,0,0,,0,0,,0,0,,1,7,8,0,0,0,0,0,0
2025-01-09_csu_bakersfield_uc_santa_barbara,UC Santa Barbara,03,"Marin, Alyssa",True,26,4,11,0.364,1,4,0.25,11,12,0.917,1,1,2,3,1,3,0,2,20
2025-01-09_csu_bakersfield_uc_santa_barbara,UC Santa Barbara,55,"Burke, Skylar",True,32,5,9,0.556,1,3,0.333,4,4,1.0,3,8,11,4,2,4,1,0,15
2025-01-09_csu_bakersfield_uc_santa_barbara,UC Santa Barbara,02,"Borter, Zoe",True,31,2,4,0.5,1,2,0.5,0,0,,0,0,0,0,0,3,0,0,5
2025-01-09_csu_bakersfield_uc_santa_barbara,UC Santa Barbara,10,"Choice, Anya",True,29,2,5,0.4,0,1,0.0,0,0,,0,1,1,2,1,1,0,1,4
2025-01-09_csu_bakersfield_uc_santa_barbara,UC Santa Barbara,20,"Rockwood, Laurel",True,13,0,2,0.0,0,0,,0,0,,0,2,2,2,0,1,0,0,0
2025-01-09_csu_bakersfield_uc_santa_barbara,UC Santa Barbara,05,"Bradley, Olivia",False,19,2,4,0.5,2,3,0.667,1,4,0.25,1,5,6,1,0,0,2,0,7
2025-01-09_csu_bakersfield_uc_santa_barbara,UC Santa Barbara,11,"Williams, Cayla",False,19,3,7,0.429,1,5,0.2,0,0,,1,1,2,2,0,1,0,0,7
2025-01-09_csu_bakersfield_uc_santa_barbara,UC Santa Barbara,32,"Grant, Jessica",False,17,1,3,0.333,1,3,0.333,0,0,,0,0,0,4,0,0,0,0,3
2025-01-09_csu_bakersfield_uc_santa_barbara,UC Santa Barbara,13,"Goed, Flora",False,8,0,1,0.0,0,0,,0,0,,1,0,1,0,0,0,0,0,0
2025-01-09_csu_bakersfield_uc_santa_barbara,UC Santa Barbara,31,"Pietsch, Martha",False,6,0,1,0.0,0,1,0.0,0,0,,0,0,0,0,0,0,0,0,0
2025-01-09_csu_bakersfield_uc_santa_barbara,UC Santa Barbara,TM,TEAM,False,0,0,0,,0,0,,0,0,,2,3,5,0,0,3,0,0,0
2025-01-09_csu_bakersfield_uc_santa_barbara,CSU Bakersfield,02,"Gingras, Caitie",True,31,4,8,0.5,3,5,0.6,3,4,0.75,0,3,3,2,0,1,0,0,14
2025-01-09_csu_bakersfield_uc_santa_barbara,CSU Bakersfield,11,"Caldwell, Taylor",True,32,6,8,0.75,1,2,0.5,0,0,,0,6,6,4,3,2,0,2,13
2025-01-09_csu_bakersfield_uc_santa_barbara,CSU Bakersfield,32,"Freeman, Garrisen",True,28,3,5,0.6,0,1,0.0,2,2,1.0,1,1,2,4,2,3,1,0,8
2025-01-09_csu_bakersfield_uc_santa_barbara,CSU Bakersfield,04,"Dizon, Ary",True,31,2,7,0.286,0,0,,1,2,0.5,1,5,6,1,0,2,2,1,5
2025-01-09_csu_bakersfield_uc_santa_barbara,CSU Bakersfield,20,"Secchiaroli, Melissa",True,18,0,3,0.0,0,1,0.0,1,2,0.5,0,2,2,2,0,1,0,2,1
2025-01-09_csu_bakersfield_uc_santa_barbara,CSU Bakersfield,34,"Forney, Cheyenne",False,25,4,7,0.571,0,0,,6,7,0.857,1,0,1,3,0,3,0,0,14
2025-01-09_csu_bakersfield_uc_santa_barbara,CSU Bakersfield,08,"Langi, Marley",False,6,0,3,0.0,0,1,0.0,2,2,1.0,1,1,2,1,0,1,0,0,2
2025-01-09_csu_bakersfield_uc_santa_barbara,CSU Bakersfield,30,"Dioli, Alli",False,19,0,2,0.0,0,2,0.0,0,0,,1,1,2,2,0,0,0,1,0
2025-01-09_csu_bakersfield_uc_santa_barbara,CSU Bakersfield,42,"Tse, Allysan",False,6,0,4,0.0,0,0,,0,0,,0,0,0,2,0,0,0,1,0
2025-01-09_csu_bakersfield_uc_santa_barbara,CSU Bakersfield,21,"Tse, Dylan",False,4,0,0,,0,0,,0,0,,0,0,0,0,0,0,0,0,0
2025-01-09_csu_bakersfield_uc_santa_barbara,CSU Bakersfield,TM,TEAM,False,0,0,0,,0,0,,0,0,,3,1,4,0,0,2,0,0,0
2025-01-11_long_beach_st_uc_davis,UC Davis,33,"Harris, Mazatlan",True,36,4,12,0.333,3,8,0.375,2,4,0.5,2,5,7,5,1,3,0,0,13
2025-01-11_long_beach_st_uc_davis,UC Davis,13,"Burns, Sydney",True,23,2,7,0.286,2,4,0.5,2,2,1.0,0,4,4,3,3,1,1,2,8
2025-01-11_long_beach_st_uc_davis,UC Davis,14,"Sabel, Tova",True,29,2,14,0.143,0,9,0.0,3,4,0.75,0,2,2,0,1,2,0,3,7
2025-01-11_long_beach_st_uc_davis,UC Davis,25,"Norris, Megan",True,28,1,7,0.143,0,2,0.0,5,6,0.833,4,2,6,5,3,3,1,1,7
2025-01-11_long_beach_st_uc_davis,UC Davis,4,"Epps, Nya",True,21,1,4,0.25,0,1,0.0,0,0,,0,2,2,3,0,2,0,0,2
2025-01-11_long_beach_st_uc_davis,UC Davis,2,"Bennett, Ryann",False,22,3,6,0.5,2,3,0.667,3,4,0.75,2,1,3,3,3,2,0,1,11
2025-01-11_long_beach_st_uc_davis,UC Davis,5,"Fitzgerald, Ally",False,12,1,3,0.333,0,0,,2,2,1.0,2,4,6,1,0,1,2,0,4
2025-01-11_long_beach_st_uc_davis,UC Davis,9,"Sussex, Avery",False,8,1,3,0.333,1,3,0.333,1,2,0.5,0,1,1,1,0,2,0,0,4
2025-01-11_long_beach_st_uc_davis,UC Davis,23,"Baker, Victoria",False,12,1,3,0.333,0,0,,0,0,,1,1,2,2,3,1,0,0,2
2025-01-11_long_beach_st_uc_davis,UC Davis,41,"Shine, Bria",False,5,1,1,1.0,0,0,,0,0,,0,1,1,1,0,0,0,0,2
2025-01-11_long_beach_st_uc_davis,UC Davis,11,"Glad, Clara",False,3,0,0,,0,0,,0,0,,0,0,0,0,1,0,0,0,0
2025-01-11_long_beach_st_uc_davis,UC Davis,3,"Kanagasabay, Sahana",False,1,0,0,,0,0,,0,0,,0,0,0,0,0,0,0,0,0
2025-01-11_long_beach_st_uc_davis,UC Davis,TM,TEAM,False,0,0,0,,0,0,,0,0,,2,3,5,0,0,0,0,0,0
2025-01-11_long_beach_st_uc_davis,Long Beach St.,2,"Tucker, Savannah",True,38,6,11,0.545,2,3,0.667,8,10,0.8,0,2,2,0,1,2,0,1,22
2025-01-11_long_beach_st_uc_davis,Long Beach St.,3,"Chung, Patricia",True,38,6,11,0.545,2,3,0.667,1,2,0.5,0,7,7,1,3,4,0,1,15
2025-01-11_long_beach_st_uc_davis,Long Beach St.,1,"Sonnier, Lovely",True,22,3,7,0.429,1,2,0.5,2,2,1.0,2,4,6,2,4,1,0,1,9
2025-01-11_long_beach_st_uc_davis,Long Beach St.,22,"Richards, Mykelle",True,20,4,5,0.8,0,0,,1,2,0.5,2,2,4,4,1,1,0,2,9
2025-01-11_long_beach_st_uc_davis,Long Beach St.,11,"Loobie, Rachel",True,22,3,7,0.429,0,1,0.0,0,0,,1,6,7,5,1,2,2,1,6
2025-01-11_long_beach_st_uc_davis,Long Beach St.,30,"Jones-brown, Jaquoia",False,19,2,6,0.333,0,1,0.0,2,2,1.0,0,2,2,2,2,0,1,1,6
2025-01-11_long_beach_st_uc_davis,Long Beach St.,12,"Crawshaw, Jada",False,19,2,7,0.286,0,0,,0,1,0.0,0,5,5,2,1,3,2,2,4
2025-01-11_long_beach_st_uc_davis,Long Beach St.,42,"Oliva Fernandez, Judit",False,10,1,2,0.5,0,0,,0,0,,0,2,2,1,2,1,1,0,2
2025-01-11_long_beach_st_uc_davis,Long Beach St.,5,"Ka, Kennan",False,8,0,2,0.0,0,1,0.0,0,0,,0,0,0,1,0,0,0,0,0
2025-01-11_long_beach_st_uc_davis,Long Beach St.,33,"Wright, Haley",False,2,0,0,,0,0,,0,0,,0,0,0,1,0,0,0,0,0
2025-01-11_long_beach_st_uc_davis,Long Beach St.,10,"Reynoso, Christy",False,1,0,1,0.0,0,1,0.0,0,0,,0,0,0,0,0,0,0,0,0
2025-01-11_long_beach_st_uc_davis,Long Beach St.,21,"Brice, Brelynn",False,1,0,0,,0,0,,0,0,,0,0,0,0,0,0,0,0,0
2025-01-11_long_beach_st_uc_davis,Long Beach St.,TM,TEAM,False,0,0,0,,0,0,,0,0,,1,3,4,0,0,1,0,0,0
2025-01-11_hawaii_cal_st_fullerton,Cal St. Fullerton,24,"Stanton, Aaliyah",True,31,4,11,0.364,3,5,0.6,7,8,0.875,1,4,5,5,3,2,0,3,18
2025-01-11_hawaii_cal_st_fullerton,Cal St. Fullerton,12,"Levingston, Eva",True,38,4,7,0.571,0,1,0.0,1,2,0.5,1,4,5,3,0,3,0,2,9
2025-01-11_hawaii_cal_st_fullerton,Cal St. Fullerton,22,"Muniz, Madelynn",True,23,2,4,0.5,2,3,0.667,0,0,,0,1,1,2,0,0,0,0,6
2025-01-11_hawaii_cal_st_fullerton,Cal St. Fullerton,10,"Lagway, Demonnie",True,32,2,11,0.182,0,5,0.0,0,0,,1,2,3,1,1,3,0,2,4
2025-01-11_hawaii_cal_st_fullerton,Cal St. Fullerton,00,"Davis, Layla",True,30,0,4,0.0,0,1,0.0,1,2,0.5,0,2,2,5,0,1,0,1,1
2025-01-11_hawaii_cal_st_fullerton,Cal St. Fullerton,02,"Tauro, Maddy",False,22,3,8,0.375,0,1,0.0,0,0,,0,3,3,1,1,1,0,0,6
2025-01-11_hawaii_cal_st_fullerton,Cal St. Fullerton,23,"Strachan, Emily",False,12,0,0,,0,0,,0,0,,1,1,2,1,0,2,0,0,0
2025-01-11_hawaii_cal_st_fullerton,Cal St. Fullerton,04,"Falsdottir, Jana",False,9,0,1,0.0,0,0,,0,0,,0,0,0,1,0,1,0,0,0
2025-01-11_hawaii_cal_st_fullerton,Cal St. Fullerton,01,"Wienecke, Genna",False,3,0,0,,0,0,,0,0,,0,0,0,0,0,0,0,0,0
2025-01-11_hawaii_cal_st_fullerton,Cal St. Fullerton,TM,TEAM,False,0,0,0,,0,0,,0,0,,0,2,2,0,0,3,0,0,0
2025-01-11_hawaii_cal_st_fullerton,Hawaii,12,"Perez, Imani",True,30,6,14,0.429,0,4,0.0,2,2,1.0,2,2,4,1,0,3,2,0,14
2025-01-11_hawaii_cal_st_fullerton,Hawaii,23,"McBee, MeiLani",True,29,4,9,0.444,2,4,0.5,0,0,,4,2,6,3,0,3,0,1,10
2025-01-11_hawaii_cal_st_fullerton,Hawaii,03,"Wahinekapu, Lily",True,30,1,4,0.25,0,2,0.0,5,6,0.833,0,5,5,2,0,5,1,1,7
2025-01-11_hawaii_cal_st_fullerton,Hawaii,24,"Tamilo, Ritorya",True,16,0,1,0.0,0,0,,2,2,1.0,0,5,5,0,1,2,0,2,2
2025-01-11_hawaii_cal_st_fullerton,Hawaii,22,"Peacock, Jade",True,16,0,3,0.0,0,3,0.0,0,0,,1,1,2,0,1,0,0,0,0
2025-01-11_hawaii_cal_st_fullerton,Hawaii,04,"Lefotu, Jovi",False,22,2,3,0.667,0,1,0.0,4,4,1.0,0,1,1,2,5,2,0,0,8
2025-01-11_hawaii_cal_st_fullerton,Hawaii,02,"'Uhila, Mia",False,22,2,5,0.4,0,1,0.0,3,4,0.75,2,2,4,2,1,3,0,0,7
2025-01-11_hawaii_cal_st_fullerton,Hawaii,08,"Moors, Rebecca",False,19,2,5,0.4,1,2,0.5,0,0,,2,3,5,2,0,0,1,1,5
2025-01-11_hawaii_cal_st_fullerton,Hawaii,14,"Rewers, Brooklyn",False,14,0,3,0.0,0,2,0.0,1,2,0.5,1,5,6,2,0,1,0,0,1
2025-01-11_hawaii_cal_st_fullerton,Hawaii,11,"Filemu, Kira-May",False,2,0,1,0.0,0,0,,0,0,,0,0,0,0,0,0,0,0,0
2025-01-11_hawaii_cal_st_fullerton,Hawaii,TM,TEAM,False,0,0,0,,0,0,,0,0,,0,3,3,0,0,1,0,0,0
2025-01-11_uc_irvine_uc_san_diego,UC San Diego,15,"Ma, Sabrina",True,34,6,12,0.5,5,9,0.556,0,0,,0,4,4,3,0,2,1,1,17
2025-01-11_uc_irvine_uc_san_diego,UC San Diego,22,"Gallegos, Gracie",True,36,4,7,0.571,3,4,0.75,2,2,1.0,1,4,5,3,4,4,1,0,13
2025-01-11_uc_irvine_uc_san_diego,UC San Diego,3,"Sugapong, Sumayah",True,28,3,10,0.3,1,2,0.5,4,4,1.0,0,2,2,4,3,3,0,2,11
2025-01-11_uc_irvine_uc_san_diego,UC San Diego,32,"Montgomery, Parker",True,26,4,7,0.571,2,4,0.5,0,0,,1,1,2,1,0,0,0,0,10
2025-01-11_uc_irvine_uc_san_diego,UC San Diego,24,"Spriggs, Kayanna",True,24,3,7,0.429,0,0,,1,2,0.5,4,8,12,2,5,1,0,0,7
2025-01-11_uc_irvine_uc_san_diego,UC San Diego,25,"Mahan, Junae",False,12,2,3,0.667,2,3,0.667,0,0,,0,0,0,2,0,0,0,0,6
2025-01-11_uc_irvine_uc_san_diego,UC San Diego,11,"Condron, Erin",False,19,1,6,0.167,0,1,0.0,0,0,,3,0,3,0,2,2,0,1,2
2025-01-11_uc_irvine_uc_san_diego,UC San Diego,23,"Blithikioti, Eri",False,14,0,1,0.0,0,1,0.0,0,0,,0,2,2,1,1,3,0,0,0
2025-01-11_uc_irvine_uc_san_diego,UC San Diego,30,"Sule, Damilola",False,7,0,0,,0,0,,0,2,0.0,0,1,1,1,2,0,0,0,0
2025-01-11_uc_irvine_uc_san_diego,UC San Diego,TM,TEAM,False,0,0,0,,0,0,,0,0,,2,0,2,0,0,1,0,0,0
2025-01-11_uc_irvine_uc_san_diego,UC Irvine,13,"Lee, Déja",True,37,3,10,0.3,1,6,0.167,7,8,0.875,0,6,6,3,4,3,0,1,14
2025-01-11_uc_irvine_uc_san_diego,UC Irvine,20,"Hernandez, Hunter",True,30,4,11,0.364,0,2,0.0,5,6,0.833,3,0,3,2,3,0,0,2,13
2025-01-11_uc_irvine_uc_san_diego,UC Irvine,3,"Tom, Nikki",True,31,4,9,0.444,3,6,0.5,0,0,,1,2,3,2,4,2,0,1,11
2025-01-11_uc_irvine_uc_san_diego,UC Irvine,24,"Dean, Nevaeh",True,24,5,7,0.714,0,0,,0,3,0.0,3,4,7,1,0,1,1,0,10
2025-01-11_uc_irvine_uc_san_diego,UC Irvine,21,"Williams, Olivia",True,30,2,6,0.333,1,3,0.333,0,0,,0,2,2,0,1,0,0,2,5
2025-01-11_uc_irvine_uc_san_diego,UC Irvine,14,"Hanson, Summah",False,16,5,5,1.0,0,0,,5,5,1.0,3,1,4,1,1,1,1,0,15
2025-01-11_uc_irvine_uc_san_diego,UC Irvine,11,"Scharpf, Amelia",False,15,1,3,0.333,1,2,0.5,0,0,,1,3,4,0,0,1,0,0,3
2025-01-11_uc_irvine_uc_san_diego,UC Irvine,10,"Madsen, Lauryn",False,8,1,2,0.5,0,1,0.0,0,0,,1,1,2,0,0,0,1,0,2
2025-01-11_uc_irvine_uc_san_diego,UC Irvine,12,"Nahum, Shirel",False,5,0,2,0.0,0,1,0.0,0,0,,0,0,0,1,1,0,0,0,0
2025-01-11_uc_irvine_uc_san_diego,UC Irvine,33,"Gnahore, Ines",False,2,0,2,0.0,0,0,,0,0,,0,0,0,0,0,0,0,0,0
2025-01-11_uc_irvine_uc_san_diego,UC Irvine,2,"Hernandez, Haley",False,1,0,0,,0,0,,0,0,,0,0,0,0,0,0,0,0,0
2025-01-11_uc_irvine_uc_san_diego,UC Irvine,22,"Djoko, Clara",False,1,0,0,,0,0,,0,0,,0,1,1,0,0,0,0,0,0
2025-01-11_uc_irvine_uc_san_diego,UC Irvine,TM,TEAM,False,0,0,0,,0,0,,0,0,,1,0,1,0,0,1,0,0,0
2025-01-11_uc_santa_barbara_cal_poly,Cal Poly,31,"Hiraki, Ashley",True,35,3,5,0.6,1,2,0.5,7,9,0.778,1,5,6,3,3,3,0,0,14
2025-01-11_uc_santa_barbara_cal_poly,Cal Poly,04,"Lichtie, Sierra",True,33,5,11,0.455,2,4,0.5,2,4,0.5,3,6,9,2,2,5,0,0,14
2025-01-11_uc_santa_barbara_cal_poly,Cal Poly,24,"Carter, Mary",True,37,3,11,0.273,1,3,0.333,2,3,0.667,0,5,5,2,1,1,2,1,9
2025-01-11_uc_santa_barbara_cal_poly,Cal Poly,02,"Shah, Annika",True,38,3,10,0.3,2,6,0.333,0,0,,0,4,4,3,2,1,0,1,8
2025-01-11_uc_santa_barbara_cal_poly,Cal Poly,15,"Bourland, Sydney",True,21,1,7,0.143,0,4,0.0,1,2,0.5,1,3,4,2,1,1,1,0,3
2025-01-11_uc_santa_barbara_cal_poly,Cal Poly,10,"Richards, Sidney",False,24,1,3,0.333,1,2,0.5,0,0,,2,1,3,2,2,2,0,0,3
2025-01-11_uc_santa_barbara_cal_poly,Cal Poly,05,"Robinson, Gabby",False,9,0,0,,0,0,,0,0,,0,0,0,0,0,0,0,1,0
2025-01-11_uc_santa_barbara_cal_poly,Cal Poly,22,"Goosby, Alana",False,3,0,1,0.0,0,1,0.0,0,0,,1,0,1,0,0,0,0,0,0
2025-01-11_uc_santa_barbara_cal_poly,Cal Poly,TM,TEAM,False,0,0,0,,0,0,,0,0,,6,2,8,0,0,2,0,0,0
2025-01-11_uc_santa_barbara_cal_poly,UC Santa Barbara,55,"Burke, Skylar",True,34,4,11,0.364,1,1,1.0,2,2,1.0,2,4,6,4,2,5,0,0,11
2025-01-11_uc_santa_barbara_cal_poly,UC Santa Barbara,03,"Marin, Alyssa",True,18,2,8,0.25,1,2,0.5,3,3,1.0,0,0,0,5,2,1,0,0,8
2025-01-11_uc_santa_barbara_cal_poly,UC Santa Barbara,02,"Borter, Zoe",True,34,3,9,0.333,1,4,0.25,0,0,,4,5,9,1,1,1,0,0,7
2025-01-11_uc_santa_barbara_cal_poly,UC Santa Barbara,20,"Rockwood, Laurel",True,13,3,6,0.5,0,0,,0,0,,3,1,4,2,0,1,0,1,6
2025-01-11_uc_santa_barbara_cal_poly,UC Santa Barbara,10,"Choice, Anya",True,31,0,5,0.0,0,2,0.0,2,2,1.0,0,2,2,1,3,2,0,3,2
2025-01-11_uc_santa_barbara_cal_poly,UC Santa Barbara,32,"Grant, Jessica",False,34,3,10,0.3,3,9,0.333,0,0,,0,2,2,2,0,0,1,1,9
2025-01-11_uc_santa_barbara_cal_poly,UC Santa Barbara,11,"Williams, Cayla",False,25,2,5,0.4,1,2,0.5,0,0,,2,3,5,2,1,0,2,0,5
2025-01-11_uc_santa_barbara_cal_poly,UC Santa Barbara,05,"Bradley, Olivia",False,11,1,4,0.25,0,1,0.0,0,0,,1,2,3,0,0,0,0,0,2
2025-01-11_uc_santa_barbara_cal_poly,UC Santa Barbara,TM,TEAM,False,0,0,0,,0,0,,0,0,,2,1,3,0,0,0,0,0,0
2025-01-11_csun_csu_bakersfield,CSU Bakersfield,2,"Gingras, Caitie",True,32,4,15,0.267,4,13,0.308,3,4,0.75,0,0,0,2,2,0,0,2,15
2025-01-11_csun_csu_bakersfield,CSU Bakersfield,4,"Dizon, Ary",True,33,3,9,0.333,1,3,0.333,3,4,0.75,3,7,10,3,1,1,4,1,10
2025-01-11_csun_csu_bakersfield,CSU Bakersfield,20,"Secchiaroli, Melissa",True,26,3,7,0.429,2,4,0.5,0,0,,2,2,4,4,1,3,0,0,8
2025-01-11_csun_csu_bakersfield,CSU Bakersfield,32,"Freeman, Garrisen",True,25,3,7,0.429,0,1,0.0,0,0,,3,1,4,0,2,1,2,0,6
2025-01-11_csun_csu_bakersfield,CSU Bakersfield,11,"Caldwell, Taylor",True,29,1,5,0.2,0,1,0.0,0,2,0.0,1,7,8,3,6,2,0,3,2
2025-01-11_csun_csu_bakersfield,CSU Bakersfield,8,"Langi, Marley",False,19,5,8,0.625,0,0,,2,2,1.0,1,3,4,2,1,2,0,1,12
2025-01-11_csun_csu_bakersfield,CSU Bakersfield,55,"Slocum, Trinity",False,8,2,2,1.0,0,0,,0,0,,0,3,3,0,1,0,0,2,4
2025-01-11_csun_csu_bakersfield,CSU Bakersfield,30,"Dioli, Alli",False,20,1,5,0.2,1,5,0.2,0,0,,0,1,1,0,1,2,0,0,3
2025-01-11_csun_csu_bakersfield,CSU Bakersfield,34,"Forney, Cheyenne",False,4,0,2,0.0,0,0,,2,2,1.0,0,0,0,1,0,1,0,0,2
2025-01-11_csun_csu_bakersfield,CSU Bakersfield,21,"Tse, Dylan",False,3,0,1,0.0,0,1,0.0,0,0,,0,0,0,0,0,0,0,0,0
2025-01-11_csun_csu_bakersfield,CSU Bakersfield,42,"Tse, Allysan",False,1,0,0,,0,0,,0,0,,0,0,0,0,0,0,0,0,0
2025-01-11_csun_csu_bakersfield,CSU Bakersfield,TM,TEAM,False,0,0,0,,0,0,,0,0,,0,3,3,0,0,0,0,0,0
2025-01-11_csun_csu_bakersfield,CSUN,25,"Aspajo, Erika",True,37,9,17,0.529,0,0,,4,5,0.8,0,7,7,1,4,4,1,1,22
2025-01-11_csun_csu_bakersfield,CSUN,00,"Kilty, Jenna",True,27,3,7,0.429,2,4,0.5,0,0,,0,3,3,0,1,1,0,0,8
2025-01-11_csun_csu_bakersfield,CSUN,5,"Cox, Yves",True,29,3,6,0.5,0,0,,1,4,0.25,3,7,10,2,1,3,2,0,7
2025-01-11_csun_csu_bakersfield,CSUN,3,"Tumlin, Kelly",True,33,1,7,0.143,0,6,0.0,2,2,1.0,0,3,3,1,1,1,0,2,4
2025-01-11_csun_csu_bakersfield,CSUN,4,"Edwards, Morgan",True,27,1,9,0.111,0,1,0.0,0,0,,2,1,3,5,0,1,0,2,2
2025-01-11_csun_csu_bakersfield,CSUN,22,"Dahlin, Laini",False,25,2,6,0.333,1,5,0.2,0,0,,1,5,6,3,0,2,1,1,5
2025-01-11_csun_csu_bakersfield,CSUN,14,"Orji, Nnenna",False,9,2,6,0.333,0,1,0.0,0,0,,1,2,3,1,0,0,1,0,4
2025-01-11_csun_csu_bakersfield,CSUN,21,"Marshall, Karsen",False,4,1,2,0.5,1,2,0.5,0,0,,0,0,0,0,0,0,0,1,3
2025-01-11_csun_csu_bakersfield,CSUN,10,"Lizama, Alondra",False,4,0,2,0.0,0,0,,1,2,0.5,2,0,2,0,0,0,0,0,1
2025-01-11_csun_csu_bakersfield,CSUN,2,"Hopson, Kayla",False,3,0,0,,0,0,,0,0,,0,0,0,0,0,0,0,0,0
2025-01-11_csun_csu_bakersfield,CSUN,23,"Hardwick, Sincere",False,2,0,0,,0,0,,0,0,,0,0,0,1,0,0,0,0,0
2025-01-11_csun_csu_bakersfield,CSUN,TM,TEAM,False,0,0,0,,0,0,,0,0,,5,3,8,0,0,2,0,0,0
2025-01-16_uc_davis_cal_poly,Cal Poly,04,"Lichtie, Sierra",True,35,5,12,0.417,4,7,0.571,2,2,1.0,4,4,8,3,1,3,0,1,16
2025-01-16_uc_davis_cal_poly,Cal Poly,24,"Carter, Mary",True,35,5,10,0.5,2,5,0.4,0,0,,0,3,3,1,1,1,0,1,12
2025-01-16_uc_davis_cal_poly,Cal Poly,02,"Shah, Annika",True,35,3,13,0.231,1,6,0.167,0,0,,0,2,2,4,3,0,0,1,7
2025-01-16_uc_davis_cal_poly,Cal Poly,10,"Richards, Sidney",True,23,1,7,0.143,0,2,0.0,2,2,1.0,1,2,3,4,0,3,0,1,4
2025-01-16_uc_davis_cal_poly,Cal Poly,15,"Bourland, Sydney",True,22,0,4,0.0,0,0,,0,0,,0,3,3,1,1,1,0,3,0
2025-01-16_uc_davis_cal_poly,Cal Poly,31,"Hiraki, Ashley",False,28,2,8,0.25,0,2,0.0,6,6,1.0,2,1,3,2,2,1,0,2,10
2025-01-16_uc_davis_cal_poly,Cal Poly,23,"Moleon Hidalgo, Ana",False,1,1,1,1.0,0,0,,0,0,,0,0,0,0,0,0,0,0,2
2025-01-16_uc_davis_cal_poly,Cal Poly,05,"Robinson, Gabby",False,10,0,1,0.0,0,0,,0,0,,0,0,0,2,0,0,0,0,0
2025-01-16_uc_davis_cal_poly,Cal Poly,09,"Perez, Nora",False,7,0,2,0.0,0,0,,0,0,,1,0,1,0,0,0,0,0,0
2025-01-16_uc_davis_cal_poly,Cal Poly,22,"Goosby, Alana",False,2,0,0,,0,0,,0,0,,0,1,1,0,0,0,0,0,0
2025-01-16_uc_davis_cal_poly,Cal Poly,11,"Knapp, Avery",False,1,0,0,,0,0,,0,0,,0,1,1,0,0,1,0,0,0
2025-01-16_uc_davis_cal_poly,Cal Poly,14,"Bears, Gillian",False,1,0,0,,0,0,,0,0,,0,0,0,1,0,0,0,0,0
2025-01-16_uc_davis_cal_poly,Cal Poly,TM,TEAM,False,0,0,0,,0,0,,0,0,,1,1,2,0,0,1,0,0,0
2025-01-16_uc_davis_cal_poly,UC Davis,25,"Norris, Megan",True,29,8,13,0.615,1,3,0.333,0,1,0.0,2,5,7,2,1,2,2,0,17
2025-01-16_uc_davis_cal_poly,UC Davis,14,"Sabel, Tova",True,35,7,15,0.467,1,6,0.167,1,1,1.0,0,10,10,2,0,1,1,1,16
2025-01-16_uc_davis_cal_poly,UC Davis,04,"Epps, Nya",True,32,4,7,0.571,0,2,0.0,0,0,,0,1,1,3,4,2,0,2,8
2025-01-16_uc_davis_cal_poly,UC Davis,13,"Burns, Sydney",True,26,2,5,0.4,0,2,0.0,4,4,1.0,0,6,6,2,3,4,0,2,8
2025-01-16_uc_davis_cal_poly,UC Davis,33,"Harris, Mazatlan",True,29,1,1,1.0,1,1,1.0,2,4,0.5,5,4,9,2,2,1,0,1,5
2025-01-16_uc_davis_cal_poly,UC Davis,02,"Bennett, Ryann",False,18,2,3,0.667,1,2,0.5,1,3,0.333,0,1,1,1,0,2,0,0,6
2025-01-16_uc_davis_cal_poly,UC Davis,05,"Fitzgerald, Ally",False,11,1,1,1.0,0,0,,1,2,0.5,0,2,2,0,1,1,0,0,3
2025-01-16_uc_davis_cal_poly,UC Davis,11,"Glad, Clara",False,7,0,0,,0,0,,0,0,,0,0,0,1,0,0,0,0,0
2025-01-16_uc_davis_cal_poly,UC Davis,23,"Baker, Victoria",False,5,0,1,0.0,0,0,,0,0,,1,0,1,1,0,2,0,0,0
2025-01-16_uc_davis_cal_poly,UC Davis,09,"Sussex, Avery",False,4,0,2,0.0,0,2,0.0,0,0,,0,1,1,1,0,1,0,0,0
2025-01-16_uc_davis_cal_poly,UC Davis,41,"Shine, Bria",False,3,0,0,,0,0,,0,0,,0,0,0,0,0,0,0,0,0
2025-01-16_uc_davis_cal_poly,UC Davis,03,"Kanagasabay, Sahana",False,1,0,0,,0,0,,0,0,,0,0,0,0,0,0,0,0,0
2025-01-16_uc_davis_cal_poly,UC Davis,TM,TEAM,False,0,0,0,,0,0,,0,0,,1,1,2,0,0,1,0,0,0
2025-01-16_csun_hawaii,Hawaii,12,"Perez, Imani",True,24,7,9,0.778,2,4,0.5,3,3,1.0,2,4,6,0,1,2,3,2,19
2025-01-16_csun_hawaii,Hawaii,3,"Wahinekapu, Lily",True,18,5,9,0.556,3,5,0.6,0,0,,0,5,5,0,3,0,0,0,13
2025-01-16_csun_hawaii,Hawaii,24,"Tamilo, Ritorya",True,16,3,6,0.5,1,2,0.5,4,4,1.0,2,1,3,0,1,1,2,3,11
2025-01-16_csun_hawaii,Hawaii,23,"McBee, Meilani",True,21,1,5,0.2,0,4,0.0,0,0,,2,3,5,0,0,1,0,2,2
2025-01-16_csun_hawaii,Hawaii,22,"Peacock, Jade",True,14,0,3,0.0,0,3,0.0,0,0,,0,1,1,2,1,3,1,1,0
2025-01-16_csun_hawaii,Hawaii,14,"Rewers, Brooklyn",False,22,6,14,0.429,1,4,0.25,0,0,,0,4,4,4,1,0,0,0,13
2025-01-16_csun_hawaii,Hawaii,2,"'uhila, Mia",False,24,2,6,0.333,0,2,0.0,4,4,1.0,0,8,8,0,7,3,0,1,8
2025-01-16_csun_hawaii,Hawaii,4,"Lefotu, Jovi",False,16,2,4,0.5,1,2,0.5,0,0,,0,1,1,3,2,0,0,0,5
2025-01-16_csun_hawaii,Hawaii,13,"Birdsong, Hallie",False,4,1,1,1.0,1,1,1.0,0,0,,0,0,0,0,0,1,0,0,3
2025-01-16_csun_hawaii,Hawaii,8,"Moors, Rebecca",False,18,0,2,0.0,0,1,0.0,1,2,0.5,1,0,1,1,1,0,0,0,1
2025-01-16_csun_hawaii,Hawaii,11,"Filemu, Kira-may",False,14,0,2,0.0,0,2,0.0,0,0,,0,0,0,1,1,1,0,0,0
2025-01-16_csun_hawaii,Hawaii,1,"Imai, Kelsie",False,9,0,1,0.0,0,1,0.0,0,0,,1,1,2,2,0,0,0,0,0
2025-01-16_csun_hawaii,Hawaii,TM,TEAM,False,0,0,0,,0,0,,0,0,,3,5,8,0,0,0,0,0,0
2025-01-16_csun_hawaii,CSUN,25,"Aspajo, Erika",True,38,6,15,0.4,2,6,0.333,0,0,,0,0,0,2,5,2,0,1,14
2025-01-16_csun_hawaii,CSUN,4,"Edwards, Morgan",True,30,4,11,0.364,2,7,0.286,0,0,,1,3,4,2,0,5,1,1,10
2025-01-16_csun_hawaii,CSUN,3,"Tumlin, Kelly",True,30,2,7,0.286,2,7,0.286,0,0,,0,3,3,2,1,2,0,0,6
2025-01-16_csun_hawaii,CSUN,14,"Orji, Nnenna",True,25,2,10,0.2,0,1,0.0,1,4,0.25,1,1,2,4,1,1,1,4,5
2025-01-16_csun_hawaii,CSUN,00,"Kilty, Jenna",True,19,0,2,0.0,0,2,0.0,0,0,,0,4,4,0,2,1,0,0,0
2025-01-16_csun_hawaii,CSUN,22,"Dahlin, Laini",False,29,1,7,0.143,1,6,0.167,4,4,1.0,4,2,6,1,1,2,1,1,7
2025-01-16_csun_hawaii,CSUN,10,"Lizama, Alondra",False,21,1,4,0.25,1,3,0.333,0,0,,1,2,3,0,0,2,0,0,3
2025-01-16_csun_hawaii,CSUN,5,"Cox, Yves",False,8,0,2,0.0,0,0,,2,2,1.0,1,5,6,3,0,0,0,0,2
2025-01-16_csun_hawaii,CSUN,TM,TEAM,False,0,0,0,,0,0,,0,0,,3,4,7,0,0,1,0,0,0
2025-01-16_cal_st_fullerton_uc_irvine,UC Irvine,20,"Hernandez, Hunter",True,22,6,10,0.6,2,3,0.667,2,2,1.0,2,4,6,1,1,2,0,0,16
2025-01-16_cal_st_fullerton_uc_irvine,UC Irvine,13,"Lee, Deja",True,23,2,5,0.4,0,2,0.0,11,13,0.846,1,1,2,1,2,1,0,1,15
2025-01-16_cal_st_fullerton_uc_irvine,UC Irvine,03,"Tom, Nikki",True,18,1,1,1.0,1,1,1.0,7,8,0.875,3,1,4,2,3,1,0,1,10
2025-01-16_cal_st_fullerton_uc_irvine,UC Irvine,21,"Williams, Olivia",True,21,2,5,0.4,2,3,0.667,0,0,,0,3,3,1,2,0,0,1,6
2025-01-16_cal_st_fullerton_uc_irvine,UC Irvine,24,"Dean, Nevaeh",True,16,2,5,0.4,0,1,0.0,0,0,,1,5,6,1,0,0,2,3,4
2025-01-16_cal_st_fullerton_uc_irvine,UC Irvine,09,"Falcon Hernandez, Daniela",False,21,3,5,0.6,1,3,0.333,2,2,1.0,2,1,3,4,1,1,1,0,9
2025-01-16_cal_st_fullerton_uc_irvine,UC Irvine,14,"Hanson, Summah",False,16,3,6,0.5,0,1,0.0,3,4,0.75,2,2,4,2,0,2,0,0,9
2025-01-16_cal_st_fullerton_uc_irvine,UC Irvine,10,"Madsen, Lauryn",False,19,2,3,0.667,2,3,0.667,0,0,,1,0,1,1,1,1,0,1,6
2025-01-16_cal_st_fullerton_uc_irvine,UC Irvine,11,"Scharpf, Amelia",False,19,1,4,0.25,0,3,0.0,0,0,,0,2,2,2,0,1,0,0,2
2025-01-16_cal_st_fullerton_uc_irvine,UC Irvine,35,"Noa, Reese",False,6,1,4,0.25,0,2,0.0,0,0,,0,0,0,0,0,0,0,0,2
2025-01-16_cal_st_fullerton_uc_irvine,UC Irvine,12,"Nahum, Shirel",False,13,0,1,0.0,0,0,,0,0,,0,0,0,5,1,1,0,2,0
2025-01-16_cal_st_fullerton_uc_irvine,UC Irvine,02,"Hernandez, Haley",False,6,0,0,,0,0,,0,0,,1,0,1,1,0,0,0,0,0
2025-01-16_cal_st_fullerton_uc_irvine,UC Irvine,TM,TEAM,False,0,0,0,,0,0,,0,0,,0,1,1,0,0,1,0,0,0
2025-01-16_cal_st_fullerton_uc_irvine,Cal St. Fullerton,24,"Stanton, Aaliyah",True,29,4,10,0.4,3,5,0.6,6,6,1.0,0,1,1,4,1,2,0,0,17
2025-01-16_cal_st_fullerton_uc_irvine,Cal St. Fullerton,12,"Levingston, Eva",True,35,4,9,0.444,0,0,,2,2,1.0,5,4,9,4,3,1,0,0,10
2025-01-16_cal_st_fullerton_uc_irvine,Cal St. Fullerton,00,"Davis, Layla",True,30,5,13,0.385,0,0,,0,2,0.0,5,1,6,5,1,1,0,0,10
2025-01-16_cal_st_fullerton_uc_irvine,Cal St. Fullerton,22,"Muniz, Madelynn",True,23,3,8,0.375,3,6,0.5,0,0,,1,3,4,0,0,2,0,1,9
2025-01-16_cal_st_fullerton_uc_irvine,Cal St. Fullerton,10,"Lagway, Demonnie",True,20,0,6,0.0,0,2,0.0,0,0,,1,0,1,2,2,0,0,0,0
2025-01-16_cal_st_fullerton_uc_irvine,Cal St. Fullerton,02,"Tauro, Maddy",False,16,2,4,0.5,0,0,,5,7,0.714,1,3,4,2,0,3,0,2,9
2025-01-16_cal_st_fullerton_uc_irvine,Cal St. Fullerton,23,"Strachan, Emily",False,29,2,3,0.667,0,0,,1,1,1.0,2,1,3,3,3,3,0,2,5
2025-01-16_cal_st_fullerton_uc_irvine,Cal St. Fullerton,04,"Falsdottir, Jana",False,11,1,6,0.167,0,1,0.0,1,2,0.5,0,1,1,2,1,3,0,0,3
2025-01-16_cal_st_fullerton_uc_irvine,Cal St. Fullerton,01,"Wienecke, Genna",False,7,0,0,,0,0,,0,0,,0,0,0,2,0,2,0,0,0
2025-01-16_cal_st_fullerton_uc_irvine,Cal St. Fullerton,TM,TEAM,False,0,0,0,,0,0,,0,0,,6,2,8,0,0,0,0,0,0
2025-01-16_uc_san_diego_long_beach_st,Long Beach St.,02,"Tucker, Savannah",True,40,9,18,0.5,4,10,0.4,4,5,0.8,0,2,2,3,2,3,0,0,26
2025-01-16_uc_san_diego_long_beach_st,Long Beach St.,22,"Richards, Mykelle",True,29,8,13,0.615,0,1,0.0,1,4,0.25,2,5,7,2,1,4,1,1,17
2025-01-16_uc_san_diego_long_beach_st,Long Beach St.,03,"Chung, Patricia",True,35,3,11,0.273,2,7,0.286,0,1,0.0,2,5,7,2,3,4,0,2,8
2025-01-16_uc_san_diego_long_beach_st,Long Beach St.,11,"Loobie, Rachel",True,26,2,6,0.333,0,2,0.0,4,4,1.0,4,4,8,4,2,1,1,0,8
2025-01-16_uc_san_diego_long_beach_st,Long Beach St.,01,"Sonnier, Lovely",True,20,1,4,0.25,1,3,0.333,1,4,0.25,0,3,3,4,1,2,0,1,4
2025-01-16_uc_san_diego_long_beach_st,Long Beach St.,12,"Crawshaw, Jada",False,19,0,4,0.0,0,0,,3,4,0.75,2,1,3,5,4,4,1,1,3
2025-01-16_uc_san_diego_long_beach_st,Long Beach St.,30,"Jones-Brown, JaQuoia",False,18,1,3,0.333,0,0,,0,0,,1,3,4,3,0,0,0,0,2
2025-01-16_uc_san_diego_long_beach_st,Long Beach St.,05,"Ka, Kennan",False,6,0,0,,0,0,,0,0,,0,0,0,2,0,0,0,0,0
2025-01-16_uc_san_diego_long_beach_st,Long Beach St.,33,"Wright, Haley",False,6,0,0,,0,0,,0,0,,0,0,0,0,0,0,0,0,0
2025-01-16_uc_san_diego_long_beach_st,Long Beach St.,42,"Oliva Fernandez, Judit",False,1,0,0,,0,0,,0,0,,0,0,0,0,0,1,0,0,0
2025-01-16_uc_san_diego_long_beach_st,Long Beach St.,TM,TEAM,False,0,0,0,,0,0,,0,0,,5,3,8,0,0,2,0,0,0
2025-01-16_uc_san_diego_long_beach_st,UC San Diego,15,"Ma, Sabrina",True,37,5,9,0.556,4,8,0.5,3,4,0.75,1,6,7,3,2,1,1,1,17
2025-01-16_uc_san_diego_long_beach_st,UC San Diego,22,"Gallegos, Gracie",True,35,6,12,0.5,1,3,0.333,4,8,0.5,4,2,6,2,3,4,2,2,17
2025-01-16_uc_san_diego_long_beach_st,UC San Diego,32,"Montgomery, Parker",True,34,4,11,0.364,2,7,0.286,3,4,0.75,1,2,3,1,1,0,0,4,13
2025-01-16_uc_san_diego_long_beach_st,UC San Diego,03,"Sugapong, Sumayah",True,30,3,15,0.2,1,6,0.167,1,2,0.5,0,3,3,5,4,4,0,3,8
2025-01-16_uc_san_diego_long_beach_st,UC San Diego,24,"Spriggs, Kayanna",True,21,1,2,0.5,0,0,,0,0,,2,2,4,4,1,2,1,1,2
2025-01-16_uc_san_diego_long_beach_st,UC San Diego,11,"Condron, Erin",False,16,4,9,0.444,0,0,,4,4,1.0,5,3,8,4,1,1,1,0,12
2025-01-16_uc_san_diego_long_beach_st,UC San Diego,25,"Mahan, Junaé",False,13,2,4,0.5,0,0,,2,2,1.0,0,2,2,2,0,0,0,0,6
2025-01-16_uc_san_diego_long_beach_st,UC San Diego,23,"Blithikioti, Eri",False,10,1,3,0.333,0,1,0.0,0,0,,2,0,2,2,2,0,0,0,2
2025-01-16_uc_san_diego_long_beach_st,UC San Diego,30,"Sule, Damilola",False,4,1,4,0.25,0,0,,0,0,,1,0,1,1,0,0,0,0,2
2025-01-16_uc_san_diego_long_beach_st,UC San Diego,12,"Smith, Rosa",False,,0,0,,0,0,,0,0,,0,0,0,0,0,0,0,0,0
2025-01-16_uc_san_diego_long_beach_st,UC San Diego,TM,TEAM,False,0,0,0,,0,0,,0,0,,3,4,7,0,0,0,0,0,0
2025-01-16_uc_riverside_uc_santa_barbara,UC Santa Barbara,2,"Borter, Zoe",True,35,6,12,0.5,1,5,0.2,3,3,1.0,0,4,4,1,2,2,0,0,16
2025-01-16_uc_riverside_uc_santa_barbara,UC Santa Barbara,3,"Marin, Alyssa",True,29,3,5,0.6,3,4,0.75,4,4,1.0,0,1,1,2,0,2,0,0,13
2025-01-16_uc_riverside_uc_santa_barbara,UC Santa Barbara,10,"Choice, Anya",True,28,1,2,0.5,0,1,0.0,2,2,1.0,0,2,2,2,0,2,0,0,4
2025-01-16_uc_riverside_uc_santa_barbara,UC Santa Barbara,55,"Burke, Skylar",True,27,1,5,0.2,0,2,0.0,0,0,,1,2,3,3,3,2,0,2,2
2025-01-16_uc_riverside_uc_santa_barbara,UC Santa Barbara,20,"Rockwood, Laurel",True,15,1,2,0.5,0,0,,0,0,,2,0,2,1,1,0,0,0,2
2025-01-16_uc_riverside_uc_santa_barbara,UC Santa Barbara,32,"Grant, Jessica",False,28,2,5,0.4,2,5,0.4,0,0,,0,2,2,1,1,1,0,0,6
2025-01-16_uc_riverside_uc_santa_barbara,UC Santa Barbara,11,"Williams, Cayla",False,15,2,6,0.333,0,2,0.0,1,2,0.5,1,1,2,1,1,1,1,0,5
2025-01-16_uc_riverside_uc_santa_barbara,UC Santa Barbara,5,"Bradley, Olivia",False,13,1,4,0.25,0,1,0.0,2,3,0.667,1,0,1,2,0,2,1,1,4
2025-01-16_uc_riverside_uc_santa_barbara,UC Santa Barbara,14,"Coon, Kanani",False,4,0,1,0.0,0,0,,0,0,,0,0,0,0,0,1,0,0,0
2025-01-16_uc_riverside_uc_santa_barbara,UC Santa Barbara,31,"Pietsch, Martha",False,4,0,0,,0,0,,0,0,,0,1,1,1,0,0,0,0,0
2025-01-16_uc_riverside_uc_santa_barbara,UC Santa Barbara,13,"Goed, Flora",False,2,0,0,,0,0,,0,0,,0,0,0,0,0,0,0,0,0
2025-01-16_uc_riverside_uc_santa_barbara,UC Santa Barbara,TM,TEAM,False,0,0,0,,0,0,,0,0,,3,2,5,0,0,4,0,0,0
2025-01-16_uc_riverside_uc_santa_barbara,UC Riverside,00,"Rose, Makayla",True,37,5,6,0.833,0,0,,4,7,0.571,1,1,2,2,3,2,0,1,14
2025-01-16_uc_riverside_uc_santa_barbara,UC Riverside,3,"Tillery, Zoe",True,26,5,6,0.833,2,2,1.0,1,3,0.333,0,2,2,1,2,2,0,1,13
2025-01-16_uc_riverside_uc_santa_barbara,UC Riverside,11,"Matarranz, Esther",True,36,3,7,0.429,0,0,,4,4,1.0,2,3,5,3,3,1,4,0,10
2025-01-16_uc_riverside_uc_santa_barbara,UC Riverside,5,"Duchemin, Shelley",True,30,4,6,0.667,0,1,0.0,0,0,,0,5,5,3,2,4,0,3,8
2025-01-16_uc_riverside_uc_santa_barbara,UC Riverside,7,"Wickstrom, Hannah",True,13,2,4,0.5,0,0,,0,0,,0,1,1,1,0,1,0,1,4
2025-01-16_uc_riverside_uc_santa_barbara,UC Riverside,2,"Hackley, Seneca",False,30,4,7,0.571,2,4,0.5,0,0,,0,4,4,2,1,1,0,2,10
2025-01-16_uc_riverside_uc_santa_barbara,UC Riverside,13,"Chocano, Maya",False,10,1,1,1.0,1,1,1.0,0,0,,0,1,1,0,1,1,0,0,3
2025-01-16_uc_riverside_uc_santa_barbara,UC Riverside,1,"Polk, Kaylani",False,8,0,1,0.0,0,1,0.0,0,0,,0,1,1,0,1,0,0,0,0
2025-01-16_uc_riverside_uc_santa_barbara,UC Riverside,4,"Marshall, Jordyn",False,6,0,1,0.0,0,0,,0,0,,0,0,0,1,1,1,0,0,0
2025-01-16_uc_riverside_uc_santa_barbara,UC Riverside,12,"Cutler, Gemma",False,4,0,0,,0,0,,0,0,,0,0,0,1,0,0,0,0,0
2025-01-16_uc_riverside_uc_santa_barbara,UC Riverside,TM,TEAM,False,0,0,0,,0,0,,0,0,,0,0,0,0,0,2,0,0,0
2025-01-18_uc_davis_uc_santa_barbara,UC Santa Barbara,02,"Borter, Zoe",True,36,7,15,0.467,2,5,0.4,0,0,,3,5,8,1,2,1,1,0,16
2025-01-18_uc_davis_uc_santa_barbara,UC Santa Barbara,03,"Marin, Alyssa",True,38,2,11,0.182,2,5,0.4,5,6,0.833,1,2,3,1,3,1,0,1,11
2025-01-18_uc_davis_uc_santa_barbara,UC Santa Barbara,20,"Rockwood, Laurel",True,19,2,3,0.667,0,0,,0,0,,4,2,6,4,0,3,0,0,4
2025-01-18_uc_davis_uc_santa_barbara,UC Santa Barbara,55,"Burke, Skylar",True,29,1,8,0.125,0,2,0.0,0,0,,1,8,9,4,2,1,0,0,2
2025-01-18_uc_davis_uc_santa_barbara,UC Santa Barbara,10,"Choice, Anya",True,14,1,5,0.2,0,4,0.0,0,0,,0,0,0,3,2,1,0,0,2
2025-01-18_uc_davis_uc_santa_barbara,UC Santa Barbara,32,"Grant, Jessica",False,31,7,8,0.875,5,6,0.833,0,0,,1,2,3,2,0,0,0,1,19
2025-01-18_uc_davis_uc_santa_barbara,UC Santa Barbara,13,"Goed, Flora",False,7,2,3,0.667,0,0,,0,0,,0,2,2,0,0,0,1,0,4
2025-01-18_uc_davis_uc_santa_barbara,UC Santa Barbara,11,"Williams, Cayla",False,13,1,6,0.167,1,4,0.25,0,0,,1,1,2,2,1,1,0,0,3
2025-01-18_uc_davis_uc_santa_barbara,UC Santa Barbara,05,"Bradley, Olivia",False,9,1,1,1.0,0,0,,0,0,,0,0,0,1,0,0,0,0,2
2025-01-18_uc_davis_uc_santa_barbara,UC Santa Barbara,14,"Coon, Kanani",False,2,0,0,,0,0,,0,0,,0,1,1,0,0,0,0,0,0
2025-01-18_uc_davis_uc_santa_barbara,UC Santa Barbara,31,"Pietsch, Martha",False,2,0,0,,0,0,,0,0,,0,0,0,1,0,0,0,0,0
2025-01-18_uc_davis_uc_santa_barbara,UC Santa Barbara,TM,TEAM,False,0,0,0,,0,0,,0,0,,1,2,3,0,0,3,0,0,0
2025-01-18_uc_davis_uc_santa_barbara,UC Davis,14,"Sabel, Tova",True,29,3,9,0.333,1,5,0.2,4,4,1.0,0,7,7,2,1,6,0,0,11
2025-01-18_uc_davis_uc_santa_barbara,UC Davis,33,"Harris, Mazatlan",True,32,3,4,0.75,1,1,1.0,2,3,0.667,1,1,2,1,0,1,0,0,9
2025-01-18_uc_davis_uc_santa_barbara,UC Davis,04,"Epps, Nya",True,25,3,11,0.273,2,3,0.667,0,0,,2,0,2,3,0,2,0,0,8
2025-01-18_uc_davis_uc_santa_barbara,UC Davis,25,"Norris, Megan",True,31,1,7,0.143,0,5,0.0,2,4,0.5,2,7,9,3,1,1,3,0,4
2025-01-18_uc_davis_uc_santa_barbara,UC Davis,13,"Burns, Sydney",True,25,1,3,0.333,0,2,0.0,1,2,0.5,2,4,6,1,2,3,0,1,3
2025-01-18_uc_davis_uc_santa_barbara,UC Davis,02,"Bennett, Ryann",False,25,3,6,0.5,0,2,0.0,4,6,0.667,0,0,0,0,0,1,0,1,10
2025-01-18_uc_davis_uc_santa_barbara,UC Davis,23,"Baker, Victoria",False,11,1,3,0.333,1,1,1.0,0,0,,0,0,0,5,1,0,0,0,3
2025-01-18_uc_davis_uc_santa_barbara,UC Davis,41,"Shine, Bria",False,14,1,3,0.333,0,0,,0,0,,0,4,4,0,0,0,0,0,2
2025-01-18_uc_davis_uc_santa_barbara,UC Davis,09,"Sussex, Avery",False,3,0,0,,0,0,,0,0,,0,0,0,0,0,0,0,0,0
2025-01-18_uc_davis_uc_santa_barbara,UC Davis,11,"Glad, Clara",False,3,0,0,,0,0,,0,0,,0,0,0,0,0,0,0,0,0
2025-01-18_uc_davis_uc_santa_barbara,UC Davis,05,"Fitzgerald, Ally",False,2,0,0,,0,0,,0,0,,0,0,0,1,0,1,0,0,0
2025-01-18_uc_davis_uc_santa_barbara,UC Davis,TM,TEAM,False,0,0,0,,0,0,,0,0,,1,1,2,0,0,0,0,0,0
2025-01-18_csu_bakersfield_hawaii,Hawaii,12,"Perez, Imani",True,23,4,5,0.8,1,2,0.5,1,3,0.333,0,5,5,0,1,1,1,0,10
2025-01-18_csu_bakersfield_hawaii,Hawaii,23,"McBee, MeiLani",True,16,3,5,0.6,3,5,0.6,0,0,,0,1,1,2,1,0,0,3,9
2025-01-18_csu_bakersfield_hawaii,Hawaii,03,"Wahinekapu, Lily",True,21,3,7,0.429,0,1,0.0,0,0,,1,4,5,1,2,2,0,0,6
2025-01-18_csu_bakersfield_hawaii,Hawaii,24,"Tamilo, Ritorya",True,17,2,3,0.667,0,1,0.0,1,2,0.5,0,6,6,0,0,5,0,0,5
2025-01-18_csu_bakersfield_hawaii,Hawaii,22,"Peacock, Jade",True,14,1,3,0.333,0,1,0.0,0,0,,1,2,3,1,2,1,0,0,2
2025-01-18_csu_bakersfield_hawaii,Hawaii,14,"Rewers, Brooklyn",False,20,4,11,0.364,2,4,0.5,5,6,0.833,3,2,5,3,0,1,3,0,15
2025-01-18_csu_bakersfield_hawaii,Hawaii,01,"Imai, Kelsie",False,16,2,5,0.4,0,1,0.0,2,3,0.667,1,1,2,3,2,2,0,1,6
2025-01-18_csu_bakersfield_hawaii,Hawaii,08,"Moors, Rebecca",False,19,2,5,0.4,0,1,0.0,0,1,0.0,2,1,3,0,0,1,1,0,4
2025-01-18_csu_bakersfield_hawaii,Hawaii,04,"Lefotu, Jovi",False,17,2,5,0.4,0,0,,0,0,,0,4,4,1,0,1,0,3,4
2025-01-18_csu_bakersfield_hawaii,Hawaii,11,"Filemu, Kira-May",False,16,1,3,0.333,1,3,0.333,0,0,,1,1,2,1,1,1,0,0,3
2025-01-18_csu_bakersfield_hawaii,Hawaii,02,"'Uhila, Mia",False,18,1,2,0.5,0,0,,0,0,,1,2,3,1,2,1,0,3,2
2025-01-18_csu_bakersfield_hawaii,Hawaii,13,"Birdsong, Hallie",False,3,0,0,,0,0,,0,0,,0,1,1,0,0,0,0,0,0
2025-01-18_csu_bakersfield_hawaii,Hawaii,TM,TEAM,False,0,0,0,,0,0,,0,0,,2,4,6,0,0,2,0,0,0
2025-01-18_csu_bakersfield_hawaii,CSU Bakersfield,02,"Gingras, Caitie",True,34,3,6,0.5,2,5,0.4,0,0,,0,1,1,1,0,3,0,1,8
2025-01-18_csu_bakersfield_hawaii,CSU Bakersfield,04,"Dizon, Ary",True,28,1,6,0.167,0,0,,2,2,1.0,1,4,5,2,0,4,1,3,4
2025-01-18_csu_bakersfield_hawaii,CSU Bakersfield,11,"Caldwell, Taylor",True,24,1,6,0.167,0,1,0.0,0,0,,0,3,3,3,2,4,0,0,2
2025-01-18_csu_bakersfield_hawaii,CSU Bakersfield,20,"Secchiaroli, Melissa",True,21,0,7,0.0,0,3,0.0,0,0,,1,1,2,1,0,0,0,0,0
2025-01-18_csu_bakersfield_hawaii,CSU Bakersfield,32,"Freeman, Garrisen",True,19,0,1,0.0,0,0,,0,0,,0,2,2,0,0,1,0,0,0
2025-01-18_csu_bakersfield_hawaii,CSU Bakersfield,08,"Langi, Marley",False,20,4,10,0.4,0,2,0.0,3,4,0.75,1,1,2,3,0,0,0,0,11
2025-01-18_csu_bakersfield_hawaii,CSU Bakersfield,34,"Forney, Cheyenne",False,13,3,6,0.5,0,0,,1,3,0.333,1,1,2,0,0,0,0,1,7
2025-01-18_csu_bakersfield_hawaii,CSU Bakersfield,55,"Slocum, Trinity",False,19,2,7,0.286,0,2,0.0,1,1,1.0,0,2,2,1,1,2,0,1,5
2025-01-18_csu_bakersfield_hawaii,CSU Bakersfield,30,"Dioli, Alli",False,17,0,2,0.0,0,2,0.0,0,0,,1,1,2,0,2,0,0,0,0
2025-01-18_csu_bakersfield_hawaii,CSU Bakersfield,21,"Tse, Dylan",False,3,0,0,,0,0,,0,0,,0,0,0,0,0,0,0,0,0
2025-01-18_csu_bakersfield_hawaii,CSU Bakersfield,42,"Tse, Allysan",False,2,0,1,0.0,0,0,,0,0,,0,0,0,0,0,0,0,0,0
2025-01-18_csu_bakersfield_hawaii,CSU Bakersfield,TM,TEAM,False,0,0,0,,0,0,,0,0,,0,3,3,0,0,0,0,0,0
2025-01-18_cal_poly_uc_irvine,UC Irvine,20,"Hernandez, Hunter",True,37,7,13,0.538,2,3,0.667,2,3,0.667,1,9,10,2,2,1,0,0,18
2025-01-18_cal_poly_uc_irvine,UC Irvine,13,"Lee, Deja",True,22,3,11,0.273,1,5,0.2,3,6,0.5,1,2,3,4,1,4,0,0,10
2025-01-18_cal_poly_uc_irvine,UC Irvine,3,"Tom, Nikki",True,38,4,4,1.0,0,0,,0,0,,0,2,2,3,2,4,0,3,8
2025-01-18_cal_poly_uc_irvine,UC Irvine,21,"Williams, Olivia",True,28,3,10,0.3,2,6,0.333,0,0,,0,1,1,0,0,1,0,1,8
2025-01-18_cal_poly_uc_irvine,UC Irvine,24,"Dean, Nevaeh",True,20,0,2,0.0,0,1,0.0,0,0,,2,2,4,0,0,0,2,1,0
2025-01-18_cal_poly_uc_irvine,UC Irvine,14,"Hanson, Summah",False,19,2,7,0.286,0,2,0.0,3,3,1.0,2,2,4,2,0,0,0,1,7
2025-01-18_cal_poly_uc_irvine,UC Irvine,11,"Scharpf, Amelia",False,24,3,4,0.75,0,0,,0,0,,1,2,3,1,1,0,0,0,6
2025-01-18_cal_poly_uc_irvine,UC Irvine,9,"Falcon Hernandez, Daniela",False,1,1,2,0.5,0,0,,0,0,,0,0,0,1,0,0,0,0,2
2025-01-18_cal_poly_uc_irvine,UC Irvine,10,"Madsen, Lauryn",False,9,0,3,0.0,0,3,0.0,0,0,,0,0,0,1,0,1,0,1,0
2025-01-18_cal_poly_uc_irvine,UC Irvine,12,"Nahum, Shirel",False,2,0,2,0.0,0,0,,0,0,,0,0,0,0,0,0,0,0,0
2025-01-18_cal_poly_uc_irvine,UC Irvine,TM,TEAM,False,0,0,0,,0,0,,0,0,,4,3,7,0,0,2,0,0,0
2025-01-18_cal_poly_uc_irvine,Cal Poly,2,"Shah, Annika",True,40,7,17,0.412,4,8,0.5,0,0,,1,6,7,0,3,1,0,2,18
2025-01-18_cal_poly_uc_irvine,Cal Poly,24,"Carter, Mary",True,36,7,13,0.538,1,3,0.333,2,2,1.0,1,2,3,1,1,4,2,0,17
2025-01-18_cal_poly_uc_irvine,Cal Poly,4,"Lichtie, Sierra",True,38,2,6,0.333,1,2,0.5,3,4,0.75,4,11,15,2,1,4,1,0,8
2025-01-18_cal_poly_uc_irvine,Cal Poly,15,"Bourland, Sydney",True,24,2,5,0.4,0,1,0.0,0,0,,1,4,5,4,3,1,1,0,4
2025-01-18_cal_poly_uc_irvine,Cal Poly,31,"Hiraki, Ashley",True,24,1,6,0.167,1,4,0.25,0,0,,1,1,2,3,3,4,1,3,3
2025-01-18_cal_poly_uc_irvine,Cal Poly,10,"Richards, Sidney",False,23,2,3,0.667,0,1,0.0,1,2,0.5,0,1,1,3,2,1,0,1,5
2025-01-18_cal_poly_uc_irvine,Cal Poly,5,"Robinson, Gabby",False,14,1,2,0.5,0,0,,0,0,,0,0,0,0,0,0,0,0,2
2025-01-18_cal_poly_uc_irvine,Cal Poly,9,"Perez, Nora",False,1,0,0,,0,0,,0,0,,0,1,1,0,0,1,0,0,0
2025-01-18_cal_poly_uc_irvine,Cal Poly,TM,TEAM,False,0,0,0,,0,0,,0,0,,0,1,1,0,0,2,0,0,0
2025-01-18_uc_san_diego_uc_riverside,UC Riverside,05,"Duchemin, Shelley",True,24,6,11,0.545,1,2,0.5,2,4,0.5,3,3,6,2,4,5,0,2,15
2025-01-18_uc_san_diego_uc_riverside,UC Riverside,11,"Matarranz, Esther",True,29,1,6,0.167,0,0,,4,4,1.0,5,6,11,3,0,3,0,2,6
2025-01-18_uc_san_diego_uc_riverside,UC Riverside,07,"Wickstrom, Hannah",True,14,1,5,0.2,1,3,0.333,2,2,1.0,2,0,2,0,0,1,0,0,5
2025-01-18_uc_san_diego_uc_riverside,UC Riverside,00,"Rose, Makayla",True,35,1,6,0.167,1,3,0.333,0,0,,0,1,1,2,0,3,0,1,3
2025-01-18_uc_san_diego_uc_riverside,UC Riverside,03,"Tillery, Zoe",True,10,1,4,0.25,0,1,0.0,0,0,,0,1,1,0,0,1,0,0,2
2025-01-18_uc_san_diego_uc_riverside,UC Riverside,02,"Hackley, Seneca",False,31,4,11,0.364,1,6,0.167,5,5,1.0,1,3,4,3,2,1,0,1,14
2025-01-18_uc_san_diego_uc_riverside,UC Riverside,01,"Polk, Kaylani",False,22,2,6,0.333,1,4,0.25,1,2,0.5,1,3,4,0,3,1,0,2,6
2025-01-18_uc_san_diego_uc_riverside,UC Riverside,13,"Chocano, Maya",False,16,2,4,0.5,1,3,0.333,0,0,,0,1,1,2,0,1,0,2,5
2025-01-18_uc_san_diego_uc_riverside,UC Riverside,12,"Cutler, Gemma",False,11,1,2,0.5,0,0,,0,0,,2,2,4,1,0,0,0,0,2
2025-01-18_uc_san_diego_uc_riverside,UC Riverside,04,"Marshall, Jordyn",False,8,0,0,,0,0,,0,0,,0,0,0,1,0,2,0,0,0
2025-01-18_uc_san_diego_uc_riverside,UC Riverside,TM,TEAM,False,0,0,0,,0,0,,0,0,,4,3,7,0,0,2,0,0,0
2025-01-18_uc_san_diego_uc_riverside,UC San Diego,15,"Ma, Sabrina",True,37,6,10,0.6,5,7,0.714,0,0,,0,0,0,4,0,0,1,1,17
2025-01-18_uc_san_diego_uc_riverside,UC San Diego,22,"Gallegos, Gracie",True,31,5,9,0.556,0,0,,2,2,1.0,0,2,2,0,2,2,0,2,12
2025-01-18_uc_san_diego_uc_riverside,UC San Diego,03,"Sugapong, Sumayah",True,40,4,10,0.4,0,2,0.0,2,4,0.5,0,6,6,4,5,4,2,5,10
2025-01-18_uc_san_diego_uc_riverside,UC San Diego,32,"Montgomery, Parker",True,19,3,7,0.429,1,3,0.333,0,0,,0,0,0,1,0,1,0,3,7
2025-01-18_uc_san_diego_uc_riverside,UC San Diego,24,"Spriggs, Kayanna",True,9,0,2,0.0,0,0,,0,0,,1,1,2,2,0,1,0,0,0
2025-01-18_uc_san_diego_uc_riverside,UC San Diego,11,"Condron, Erin",False,31,6,9,0.667,1,2,0.5,0,0,,1,5,6,0,0,1,2,0,13
2025-01-18_uc_san_diego_uc_riverside,UC San Diego,25,"Mahan, Junaé",False,23,0,2,0.0,0,1,0.0,0,0,,0,2,2,0,4,3,0,1,0
2025-01-18_uc_san_diego_uc_riverside,UC San Diego,23,"Blithikioti, Eri",False,9,0,1,0.0,0,1,0.0,0,0,,1,2,3,0,1,1,1,0,0
2025-01-18_uc_san_diego_uc_riverside,UC San Diego,12,"Smith, Rosa",False,1,0,0,,0,0,,0,0,,0,0,0,0,0,0,0,0,0
2025-01-18_uc_san_diego_uc_riverside,UC San Diego,TM,TEAM,False,0,0,0,,0,0,,0,0,,0,2,2,0,0,2,0,0,0
2025-01-18_cal_st_fullerton_long_beach_st,Long Beach St.,12,"Crawshaw, Jada",True,30,8,16,0.5,0,3,0.0,4,4,1.0,3,3,6,4,1,2,1,0,20
2025-01-18_cal_st_fullerton_long_beach_st,Long Beach St.,2,"Tucker, Savannah",True,38,4,10,0.4,2,4,0.5,3,6,0.5,0,9,9,2,2,3,3,2,13
2025-01-18_cal_st_fullerton_long_beach_st,Long Beach St.,11,"Loobie, Rachel",True,34,6,13,0.462,1,2,0.5,0,0,,5,7,12,2,4,1,2,2,13
2025-01-18_cal_st_fullerton_long_beach_st,Long Beach St.,1,"Sonnier, Lovely",True,28,4,10,0.4,1,2,0.5,3,4,0.75,2,6,8,4,2,5,0,4,12
2025-01-18_cal_st_fullerton_long_beach_st,Long Beach St.,3,"Chung, Patricia",True,29,1,3,0.333,0,2,0.0,0,0,,0,2,2,4,4,4,1,1,2
2025-01-18_cal_st_fullerton_long_beach_st,Long Beach St.,30,"Jones-brown, Jaquoia",False,21,3,4,0.75,1,1,1.0,3,4,0.75,2,4,6,0,1,2,1,1,10
2025-01-18_cal_st_fullerton_long_beach_st,Long Beach St.,42,"Oliva Fernandez, Judit",False,10,1,4,0.25,0,0,,0,0,,1,1,2,0,0,3,0,0,2
2025-01-18_cal_st_fullerton_long_beach_st,Long Beach St.,5,"Ka, Kennan",False,9,0,0,,0,0,,0,0,,0,0,0,5,0,0,1,0,0
2025-01-18_cal_st_fullerton_long_beach_st,Long Beach St.,33,"Wright, Haley",False,1,0,0,,0,0,,0,0,,0,0,0,1,0,1,0,0,0
2025-01-18_cal_st_fullerton_long_beach_st,Long Beach St.,TM,TEAM,False,0,0,0,,0,0,,0,0,,0,1,1,0,0,1,0,0,0
2025-01-18_cal_st_fullerton_long_beach_st,Cal St. Fullerton,24,"Stanton, Aaliyah",True,32,3,15,0.2,1,9,0.111,9,11,0.818,0,3,3,1,3,1,0,3,16
2025-01-18_cal_st_fullerton_long_beach_st,Cal St. Fullerton,00,"Davis, Layla",True,35,5,12,0.417,0,0,,0,0,,3,3,6,4,0,5,0,0,10
2025-01-18_cal_st_fullerton_long_beach_st,Cal St. Fullerton,12,"Levingston, Eva",True,33,3,8,0.375,0,0,,0,1,0.0,4,6,10,4,1,1,1,2,6
2025-01-18_cal_st_fullerton_long_beach_st,Cal St. Fullerton,22,"Muniz, Madelynn",True,13,1,3,0.333,1,3,0.333,0,0,,0,0,0,1,0,1,0,0,3
2025-01-18_cal_st_fullerton_long_beach_st,Cal St. Fullerton,10,"Lagway, Demonnie",True,11,1,5,0.2,0,1,0.0,0,0,,1,0,1,0,0,1,0,2,2
2025-01-18_cal_st_fullerton_long_beach_st,Cal St. Fullerton,23,"Strachan, Emily",False,35,2,9,0.222,0,2,0.0,10,10,1.0,1,2,3,3,4,6,0,1,14
2025-01-18_cal_st_fullerton_long_beach_st,Cal St. Fullerton,2,"Tauro, Maddy",False,23,4,9,0.444,0,0,,1,2,0.5,0,4,4,4,1,2,1,2,9
2025-01-18_cal_st_fullerton_long_beach_st,Cal St. Fullerton,1,"Wienecke, Genna",False,10,0,1,0.0,0,1,0.0,0,0,,0,2,2,0,0,0,0,0,0
2025-01-18_cal_st_fullerton_long_beach_st,Cal St. Fullerton,4,"Falsdottir, Jana",False,8,0,2,0.0,0,1,0.0,0,0,,0,0,0,0,2,0,0,0,0
2025-01-18_cal_st_fullerton_long_beach_st,Cal St. Fullerton,TM,TEAM,False,0,0,0,,0,0,,0,0,,5,2,7,0,0,0,0,0,0
2025-01-23_hawaii_uc_davis,UC Davis,14,"Sabel, Tova",True,31,4,14,0.286,0,6,0.0,3,3,1.0,0,6,6,3,0,2,0,1,11
2025-01-23_hawaii_uc_davis,UC Davis,25,"Norris, Megan",True,28,3,11,0.273,1,5,0.2,0,0,,0,3,3,4,2,3,0,0,7
2025-01-23_hawaii_uc_davis,UC Davis,04,"Epps, Nya",True,20,1,4,0.25,0,1,0.0,2,3,0.667,0,2,2,2,0,2,0,1,4
2025-01-23_hawaii_uc_davis,UC Davis,13,"Burns, Sydney",True,17,1,4,0.25,0,0,,0,0,,0,2,2,0,2,2,0,5,2
2025-01-23_hawaii_uc_davis,UC Davis,33,"Harris, Mazatlan",True,36,0,4,0.0,0,3,0.0,0,0,,2,4,6,2,0,1,0,0,0
2025-01-23_hawaii_uc_davis,UC Davis,02,"Bennett, Ryann",False,20,3,5,0.6,0,2,0.0,4,5,0.8,0,0,0,2,0,2,0,0,10
2025-01-23_hawaii_uc_davis,UC Davis,23,"Baker, Victoria",False,19,4,6,0.667,0,1,0.0,0,2,0.0,1,0,1,2,0,3,0,3,8
2025-01-23_hawaii_uc_davis,UC Davis,05,"Fitzgerald, Ally",False,12,2,5,0.4,0,2,0.0,0,0,,1,2,3,0,0,0,0,0,4
2025-01-23_hawaii_uc_davis,UC Davis,41,"Shine, Bria",False,9,0,1,0.0,0,0,,0,0,,0,0,0,1,0,0,0,0,0
2025-01-23_hawaii_uc_davis,UC Davis,09,"Sussex, Avery",False,5,0,1,0.0,0,1,0.0,0,0,,0,1,1,0,0,0,0,0,0
2025-01-23_hawaii_uc_davis,UC Davis,11,"Glad, Clara",False,3,0,0,,0,0,,0,0,,0,0,0,0,0,0,0,0,0
2025-01-23_hawaii_uc_davis,UC Davis,03,"Kanagasabay, Sahana",False,,0,0,,0,0,,0,0,,0,0,0,0,0,0,0,0,0
2025-01-23_hawaii_uc_davis,UC Davis,TM,TEAM,False,0,0,0,,0,0,,0,0,,2,2,4,0,0,0,0,0,0
2025-01-23_hawaii_uc_davis,Hawaii,12,"Perez, Imani",True,36,4,7,0.571,3,3,1.0,0,1,0.0,1,8,9,1,1,2,0,3,11
2025-01-23_hawaii_uc_davis,Hawaii,03,"Wahinekapu, Lily",True,33,3,8,0.375,1,3,0.333,4,4,1.0,0,2,2,3,2,2,0,1,11
2025-01-23_hawaii_uc_davis,Hawaii,24,"Tamilo, Ritorya",True,22,3,7,0.429,0,0,,1,2,0.5,2,3,5,0,0,3,0,1,7
2025-01-23_hawaii_uc_davis,Hawaii,23,"McBee, MeiLani",True,26,2,5,0.4,0,2,0.0,2,3,0.667,2,6,8,3,1,2,0,0,6
2025-01-23_hawaii_uc_davis,Hawaii,22,"Peacock, Jade",True,17,0,4,0.0,0,2,0.0,0,0,,1,2,3,2,0,0,0,1,0
2025-01-23_hawaii_uc_davis,Hawaii,14,"Rewers, Brooklyn",False,18,4,9,0.444,1,3,0.333,3,4,0.75,1,4,5,1,0,2,1,1,12
2025-01-23_hawaii_uc_davis,Hawaii,04,"Lefotu, Jovi",False,20,2,8,0.25,1,3,0.333,4,4,1.0,1,2,3,2,0,2,0,0,9
2025-01-23_hawaii_uc_davis,Hawaii,02,"'Uhila, Mia",False,13,0,0,,0,0,,0,0,,1,1,2,2,1,3,0,0,0
2025-01-23_hawaii_uc_davis,Hawaii,08,"Moors, Rebecca",False,8,0,1,0.0,0,1,0.0,0,0,,0,0,0,0,0,0,0,0,0
2025-01-23_hawaii_uc_davis,Hawaii,01,"Imai, Kelsie",False,7,0,3,0.0,0,0,,0,0,,1,0,1,0,0,2,0,0,0
2025-01-23_hawaii_uc_davis,Hawaii,TM,TEAM,False,0,0,0,,0,0,,0,0,,1,4,5,0,0,2,0,0,0
2025-01-23_uc_irvine_uc_riverside,UC Riverside,2,"Hackley, Seneca",True,40,4,10,0.4,2,5,0.4,8,11,0.727,1,1,2,3,2,0,0,1,18
2025-01-23_uc_irvine_uc_riverside,UC Riverside,13,"Chocano, Maya",True,30,5,11,0.455,1,4,0.25,0,0,,0,4,4,4,1,2,0,1,11
2025-01-23_uc_irvine_uc_riverside,UC Riverside,3,"Tillery, Zoe",True,12,1,3,0.333,1,1,1.0,0,0,,0,1,1,0,0,0,0,0,3
2025-01-23_uc_irvine_uc_riverside,UC Riverside,00,"Rose, Makayla",True,29,1,8,0.125,0,2,0.0,0,0,,0,2,2,0,1,1,0,1,2
2025-01-23_uc_irvine_uc_riverside,UC Riverside,11,"Matarranz, Esther",True,15,1,2,0.5,0,0,,0,0,,0,5,5,4,1,2,0,2,2
2025-01-23_uc_irvine_uc_riverside,UC Riverside,1,"Polk, Kaylani",False,29,4,14,0.286,1,5,0.2,2,2,1.0,1,4,5,3,3,2,0,3,11
2025-01-23_uc_irvine_uc_riverside,UC Riverside,4,"Marshall, Jordyn",False,8,1,1,1.0,1,1,1.0,0,0,,0,0,0,0,0,3,0,2,3
2025-01-23_uc_irvine_uc_riverside,UC Riverside,10,"Minshall, Makayla",False,12,1,2,0.5,0,1,0.0,0,0,,0,3,3,1,0,0,0,1,2
2025-01-23_uc_irvine_uc_riverside,UC Riverside,12,"Cutler, Gemma",False,25,0,0,,0,0,,1,2,0.5,2,0,2,1,0,3,0,1,1
2025-01-23_uc_irvine_uc_riverside,UC Riverside,TM,TEAM,False,0,0,0,,0,0,,0,0,,2,3,5,0,0,2,0,0,0
2025-01-23_uc_irvine_uc_riverside,UC Irvine,21,"Williams, Olivia",True,27,5,7,0.714,1,2,0.5,1,2,0.5,0,2,2,1,1,1,1,1,12
2025-01-23_uc_irvine_uc_riverside,UC Irvine,13,"Lee, Déja",True,34,3,9,0.333,0,0,,4,4,1.0,2,3,5,2,5,1,0,1,10
2025-01-23_uc_irvine_uc_riverside,UC Irvine,3,"Tom, Nikki",True,33,3,7,0.429,0,3,0.0,1,2,0.5,2,2,4,2,2,4,0,0,7
2025-01-23_uc_irvine_uc_riverside,UC Irvine,20,"Hernandez, Hunter",True,25,2,8,0.25,1,3,0.333,2,2,1.0,0,4,4,3,2,4,0,0,7
2025-01-23_uc_irvine_uc_riverside,UC Irvine,24,"Dean, Nevaeh",True,20,2,5,0.4,1,3,0.333,0,0,,1,3,4,2,2,1,1,1,5
2025-01-23_uc_irvine_uc_riverside,UC Irvine,11,"Scharpf, Amelia",False,18,2,5,0.4,1,1,1.0,2,4,0.5,2,1,3,1,1,2,0,0,7
2025-01-23_uc_irvine_uc_riverside,UC Irvine,14,"Hanson, Summah",False,20,1,5,0.2,1,2,0.5,0,0,,2,6,8,1,0,3,1,0,3
2025-01-23_uc_irvine_uc_riverside,UC Irvine,10,"Madsen, Lauryn",False,15,1,1,1.0,1,1,1.0,0,0,,0,1,1,1,0,0,1,2,3
2025-01-23_uc_irvine_uc_riverside,UC Irvine,33,"Gnahore, Ines",False,4,1,1,1.0,0,0,,0,0,,0,1,1,1,0,1,0,0,2
2025-01-23_uc_irvine_uc_riverside,UC Irvine,9,"Falcon Hernandez, Daniela",False,4,0,3,0.0,0,1,0.0,0,0,,0,0,0,1,0,0,0,0,0
2025-01-23_uc_irvine_uc_riverside,UC Irvine,TM,TEAM,False,0,0,0,,0,0,,0,0,,0,5,5,0,0,0,0,0,0
2025-01-23_uc_santa_barbara_uc_san_diego,UC San Diego,03,"Sugapong, Sumayah",True,33,4,20,0.2,2,3,0.667,11,12,0.917,1,7,8,3,3,2,0,1,21
2025-01-23_uc_santa_barbara_uc_san_diego,UC San Diego,15,"Ma, Sabrina",True,38,4,9,0.444,1,3,0.333,4,4,1.0,3,8,11,2,1,1,0,2,13
2025-01-23_uc_santa_barbara_uc_san_diego,UC San Diego,22,"Gallegos, Gracie",True,37,4,13,0.308,1,5,0.2,0,1,0.0,1,4,5,0,1,0,0,0,9
2025-01-23_uc_santa_barbara_uc_san_diego,UC San Diego,32,"Montgomery, Parker",True,38,2,6,0.333,1,3,0.333,1,2,0.5,0,2,2,4,0,0,0,0,6
2025-01-23_uc_santa_barbara_uc_san_diego,UC San Diego,24,"Spriggs, Kayanna",True,11,0,1,0.0,0,0,,0,0,,1,0,1,0,0,0,0,0,0
2025-01-23_uc_santa_barbara_uc_san_diego,UC San Diego,11,"Condron, Erin",False,29,5,7,0.714,1,2,0.5,2,5,0.4,1,3,4,3,0,1,0,2,13
2025-01-23_uc_santa_barbara_uc_san_diego,UC San Diego,23,"Blithikioti, Eri",False,7,0,0,,0,0,,0,0,,1,0,1,0,1,1,0,1,0
2025-01-23_uc_santa_barbara_uc_san_diego,UC San Diego,25,"Mahan, Junae",False,7,0,2,0.0,0,0,,0,0,,0,1,1,1,0,2,0,0,0
2025-01-23_uc_santa_barbara_uc_san_diego,UC San Diego,TM,TEAM,False,0,0,0,,0,0,,0,0,,4,2,6,0,0,0,0,0,0
2025-01-23_uc_santa_barbara_uc_san_diego,UC Santa Barbara,03,"Marin, Alyssa",True,35,4,10,0.4,1,6,0.167,4,5,0.8,3,2,5,3,1,2,0,0,13
2025-01-23_uc_santa_barbara_uc_san_diego,UC Santa Barbara,32,"Grant, Jessica",True,32,4,12,0.333,3,10,0.3,0,0,,1,4,5,4,0,2,1,0,11
2025-01-23_uc_santa_barbara_uc_san_diego,UC Santa Barbara,02,"Borter, Zoe",True,32,2,8,0.25,0,4,0.0,2,2,1.0,0,6,6,2,1,3,1,1,6
2025-01-23_uc_santa_barbara_uc_san_diego,UC Santa Barbara,55,"Burke, Skylar",True,15,0,5,0.0,0,1,0.0,0,0,,0,3,3,3,2,3,1,0,0
2025-01-23_uc_santa_barbara_uc_san_diego,UC Santa Barbara,20,"Rockwood, Laurel",True,13,0,3,0.0,0,0,,0,0,,2,2,4,1,1,1,0,0,0
2025-01-23_uc_santa_barbara_uc_san_diego,UC Santa Barbara,11,"Williams, Cayla",False,19,3,5,0.6,1,3,0.333,0,0,,4,2,6,2,1,1,0,0,7
2025-01-23_uc_santa_barbara_uc_san_diego,UC Santa Barbara,14,"Coon, Kanani",False,12,1,3,0.333,1,2,0.5,0,0,,1,3,4,0,0,1,0,0,3
2025-01-23_uc_santa_barbara_uc_san_diego,UC Santa Barbara,05,"Bradley, Olivia",False,12,1,3,0.333,0,1,0.0,0,0,,2,1,3,2,0,2,0,0,2
2025-01-23_uc_santa_barbara_uc_san_diego,UC Santa Barbara,10,"Choice, Anya",False,17,0,3,0.0,0,0,,1,2,0.5,0,1,1,2,0,2,1,0,1
2025-01-23_uc_santa_barbara_uc_san_diego,UC Santa Barbara,31,"Pietsch, Martha",False,10,0,1,0.0,0,1,0.0,0,0,,0,2,2,2,0,0,0,0,0
2025-01-23_uc_santa_barbara_uc_san_diego,UC Santa Barbara,13,"Goed, Flora",False,3,0,0,,0,0,,0,0,,0,1,1,0,0,0,0,0,0
2025-01-23_uc_santa_barbara_uc_san_diego,UC Santa Barbara,TM,TEAM,False,0,0,0,,0,0,,0,0,,0,3,3,0,0,0,0,0,0
2025-01-23_long_beach_st_csun,CSUN,3,"Tumlin, Kelly",True,35,5,14,0.357,3,11,0.273,0,0,,2,3,5,3,1,4,0,0,13
2025-01-23_long_beach_st_csun,CSUN,14,"Orji, Nnenna",True,25,5,9,0.556,0,0,,3,4,0.75,4,5,9,5,0,2,0,1,13
2025-01-23_long_beach_st_csun,CSUN,25,"Aspajo, Erika",True,26,5,10,0.5,1,2,0.5,0,0,,2,1,3,5,3,4,0,1,11
2025-01-23_long_beach_st_csun,CSUN,00,"Kilty, Jenna",True,37,3,9,0.333,3,8,0.375,1,1,1.0,1,7,8,1,2,1,0,1,10
2025-01-23_long_beach_st_csun,CSUN,4,"Edwards, Morgan",True,31,3,10,0.3,1,8,0.125,3,4,0.75,0,1,1,4,1,2,0,0,10
2025-01-23_long_beach_st_csun,CSUN,5,"Cox, Yves",False,17,4,7,0.571,0,0,,0,1,0.0,1,1,2,2,1,1,1,0,8
2025-01-23_long_beach_st_csun,CSUN,22,"Dahlin, Laini",False,13,3,8,0.375,2,6,0.333,0,0,,0,4,4,2,0,1,0,1,8
2025-01-23_long_beach_st_csun,CSUN,10,"Lizama, Alondra",False,4,1,2,0.5,0,0,,0,0,,1,0,1,1,0,0,0,0,2
2025-01-23_long_beach_st_csun,CSUN,20,"Adams, Erica",False,12,0,0,,0,0,,0,0,,0,0,0,0,0,1,0,0,0
2025-01-23_long_beach_st_csun,CSUN,TM,TEAM,False,0,0,0,,0,0,,0,0,,1,7,8,0,0,0,0,0,0
2025-01-23_long_beach_st_csun,Long Beach St.,2,"Tucker, Savannah",True,39,6,21,0.286,3,11,0.273,9,10,0.9,0,6,6,0,3,0,0,1,24
2025-01-23_long_beach_st_csun,Long Beach St.,12,"Crawshaw, Jada",True,32,8,20,0.4,1,4,0.25,3,4,0.75,5,7,12,3,1,2,3,2,20
2025-01-23_long_beach_st_csun,Long Beach St.,11,"Loobie, Rachel",True,24,6,9,0.667,2,2,1.0,0,0,,5,4,9,3,0,1,0,0,14
2025-01-23_long_beach_st_csun,Long Beach St.,3,"Chung, Patricia",True,35,3,10,0.3,1,6,0.167,4,4,1.0,4,4,8,3,3,2,0,0,11
2025-01-23_long_beach_st_csun,Long Beach St.,1,"Sonnier, Lovely",True,27,2,13,0.154,0,5,0.0,0,2,0.0,4,1,5,2,2,3,0,4,4
2025-01-23_long_beach_st_csun,Long Beach St.,30,"Jones-brown, Jaquoia",False,23,3,3,1.0,2,2,1.0,2,2,1.0,3,3,6,0,2,2,0,1,10
2025-01-23_long_beach_st_csun,Long Beach St.,5,"Ka, Kennan",False,18,2,5,0.4,1,2,0.5,0,0,,2,1,3,1,0,0,0,0,5
2025-01-23_long_beach_st_csun,Long Beach St.,42,"Oliva Fernandez, Judit",False,2,0,0,,0,0,,0,0,,0,0,0,1,1,0,0,0,0
2025-01-23_long_beach_st_csun,Long Beach St.,TM,TEAM,False,0,0,0,,0,0,,0,0,,1,3,4,0,0,1,0,0,0
2025-01-23_csu_bakersfield_cal_st_fullerton,Cal St. Fullerton,24,"Stanton, Aaliyah",True,33,4,13,0.308,1,4,0.25,9,14,0.643,1,1,2,3,2,0,0,2,18
2025-01-23_csu_bakersfield_cal_st_fullerton,Cal St. Fullerton,23,"Strachan, Emily",True,38,3,10,0.3,0,0,,5,7,0.714,1,2,3,3,2,1,0,2,11
2025-01-23_csu_bakersfield_cal_st_fullerton,Cal St. Fullerton,13,"Hernandez, Aixchel",True,27,3,8,0.375,0,0,,0,0,,1,2,3,1,0,1,1,1,6
2025-01-23_csu_bakersfield_cal_st_fullerton,Cal St. Fullerton,22,"Muniz, Madelynn",True,18,2,6,0.333,1,2,0.5,0,0,,0,0,0,0,0,0,0,1,5
2025-01-23_csu_bakersfield_cal_st_fullerton,Cal St. Fullerton,12,"Levingston, Eva",True,30,1,9,0.111,0,0,,0,0,,3,9,12,3,1,1,1,3,2
2025-01-23_csu_bakersfield_cal_st_fullerton,Cal St. Fullerton,00,"Davis, Layla",False,20,3,5,0.6,0,0,,4,5,0.8,6,1,7,0,0,3,0,1,10
2025-01-23_csu_bakersfield_cal_st_fullerton,Cal St. Fullerton,02,"Tauro, Maddy",False,14,4,5,0.8,0,0,,1,2,0.5,0,2,2,4,0,0,0,0,9
2025-01-23_csu_bakersfield_cal_st_fullerton,Cal St. Fullerton,10,"Lagway, Demonnie",False,11,1,3,0.333,0,0,,0,2,0.0,0,2,2,1,0,2,0,2,2
2025-01-23_csu_bakersfield_cal_st_fullerton,Cal St. Fullerton,04,"Falsdottir, Jana",False,6,0,1,0.0,0,1,0.0,0,0,,0,0,0,0,0,1,0,0,0
2025-01-23_csu_bakersfield_cal_st_fullerton,Cal St. Fullerton,01,"Wienecke, Genna",False,3,0,0,,0,0,,0,0,,0,1,1,0,0,0,0,0,0
2025-01-23_csu_bakersfield_cal_st_fullerton,Cal St. Fullerton,TM,TEAM,False,0,0,0,,0,0,,0,0,,2,2,4,0,0,0,0,0,0
2025-01-23_csu_bakersfield_cal_st_fullerton,CSU Bakersfield,04,"Dizon, Ary",True,33,9,14,0.643,0,0,,4,6,0.667,3,6,9,4,0,7,3,0,22
2025-01-23_csu_bakersfield_cal_st_fullerton,CSU Bakersfield,02,"Gingras, Caitie",True,38,2,9,0.222,2,8,0.25,2,2,1.0,0,6,6,3,2,2,0,1,8
2025-01-23_csu_bakersfield_cal_st_fullerton,CSU Bakersfield,11,"Caldwell, Taylor",True,26,2,6,0.333,0,0,,1,2,0.5,1,7,8,5,1,4,0,1,5
2025-01-23_csu_bakersfield_cal_st_fullerton,CSU Bakersfield,20,"Secchiaroli, Melissa",True,24,1,3,0.333,1,1,1.0,0,0,,0,1,1,3,1,2,0,1,3
2025-01-23_csu_bakersfield_cal_st_fullerton,CSU Bakersfield,32,"Freeman, Garrisen",True,31,1,5,0.2,0,1,0.0,0,0,,0,1,1,2,2,0,0,0,2
2025-01-23_csu_bakersfield_cal_st_fullerton,CSU Bakersfield,08,"Langi, Marley",False,21,4,7,0.571,0,0,,2,2,1.0,1,4,5,3,2,4,1,2,10
2025-01-23_csu_bakersfield_cal_st_fullerton,CSU Bakersfield,55,"Slocum, Trinity",False,19,3,3,1.0,0,0,,1,2,0.5,0,3,3,5,4,4,0,1,7
2025-01-23_csu_bakersfield_cal_st_fullerton,CSU Bakersfield,30,"Dioli, Alli",False,5,0,3,0.0,0,2,0.0,1,1,1.0,0,1,1,0,1,0,0,0,1
2025-01-23_csu_bakersfield_cal_st_fullerton,CSU Bakersfield,42,"Tse, Allysan",False,3,0,1,0.0,0,0,,0,0,,0,0,0,0,0,0,0,0,0
2025-01-23_csu_bakersfield_cal_st_fullerton,CSU Bakersfield,21,"Tse, Dylan",False,,0,1,0.0,0,1,0.0,0,0,,0,0,0,0,0,0,0,0,0
2025-01-23_csu_bakersfield_cal_st_fullerton,CSU Bakersfield,34,"Forney, Cheyenne",False,,0,0,,0,0,,0,0,,0,1,1,0,0,0,0,0,0
2025-01-23_csu_bakersfield_cal_st_fullerton,CSU Bakersfield,TM,TEAM,False,0,0,0,,0,0,,0,0,,3,1,4,0,0,1,0,0,0
2025-01-25_hawaii_uc_irvine,UC Irvine,13,"Lee, Deja",True,24,5,14,0.357,2,7,0.286,1,2,0.5,1,3,4,2,0,1,0,0,13
2025-01-25_hawaii_uc_irvine,UC Irvine,20,"Hernandez, Hunter",True,34,3,15,0.2,1,7,0.143,4,5,0.8,0,3,3,0,0,1,0,1,11
2025-01-25_hawaii_uc_irvine,UC Irvine,03,"Tom, Nikki",True,32,1,5,0.2,0,1,0.0,0,0,,2,1,3,4,4,3,0,1,2
2025-01-25_hawaii_uc_irvine,UC Irvine,21,"Williams, Olivia",True,32,1,8,0.125,0,3,0.0,0,0,,1,5,6,0,0,1,1,1,2
2025-01-25_hawaii_uc_irvine,UC Irvine,24,"Dean, Nevaeh",True,19,1,4,0.25,0,1,0.0,0,0,,1,3,4,4,0,3,0,0,2
2025-01-25_hawaii_uc_irvine,UC Irvine,14,"Hanson, Summah",False,18,2,6,0.333,2,3,0.667,1,2,0.5,3,4,7,5,0,1,0,0,7
2025-01-25_hawaii_uc_irvine,UC Irvine,10,"Madsen, Lauryn",False,10,1,5,0.2,1,5,0.2,0,0,,0,1,1,1,0,0,0,0,3
2025-01-25_hawaii_uc_irvine,UC Irvine,11,"Scharpf, Amelia",False,20,1,2,0.5,0,1,0.0,0,0,,3,4,7,1,1,1,0,0,2
2025-01-25_hawaii_uc_irvine,UC Irvine,12,"Nahum, Shirel",False,7,0,2,0.0,0,0,,0,0,,1,0,1,0,0,0,0,1,0
2025-01-25_hawaii_uc_irvine,UC Irvine,33,"Gnahore, Ines",False,4,0,1,0.0,0,0,,0,0,,0,1,1,1,0,0,0,0,0
2025-01-25_hawaii_uc_irvine,UC Irvine,22,"Djoko, Clara",False,,0,0,,0,0,,0,0,,0,0,0,0,0,0,0,0,0
2025-01-25_hawaii_uc_irvine,UC Irvine,TM,TEAM,False,0,0,0,,0,0,,0,0,,1,5,6,0,0,2,0,0,0
2025-01-25_hawaii_uc_irvine,Hawaii,03,"Wahinekapu, Lily",True,30,4,14,0.286,3,8,0.375,2,2,1.0,1,3,4,4,2,1,0,2,13
2025-01-25_hawaii_uc_irvine,Hawaii,24,"Tamilo, Ritorya",True,25,4,6,0.667,0,0,,3,5,0.6,1,10,11,1,0,4,3,1,11
2025-01-25_hawaii_uc_irvine,Hawaii,12,"Perez, Imani",True,32,3,6,0.5,0,3,0.0,3,4,0.75,3,7,10,0,1,1,1,0,9
2025-01-25_hawaii_uc_irvine,Hawaii,02,"'Uhila, Mia",True,26,2,11,0.182,0,5,0.0,2,2,1.0,2,4,6,1,4,0,0,1,6
2025-01-25_hawaii_uc_irvine,Hawaii,23,"McBee, MeiLani",True,33,2,6,0.333,0,3,0.0,0,2,0.0,1,3,4,2,0,0,0,1,4
2025-01-25_hawaii_uc_irvine,Hawaii,04,"Lefotu, Jovi",False,20,1,4,0.25,0,1,0.0,1,3,0.333,0,2,2,1,3,2,0,0,3
2025-01-25_hawaii_uc_irvine,Hawaii,01,"Imai, Kelsie",False,12,0,1,0.0,0,0,,0,0,,1,0,1,0,0,0,0,0,0
2025-01-25_hawaii_uc_irvine,Hawaii,14,"Rewers, Brooklyn",False,9,0,3,0.0,0,3,0.0,0,0,,0,4,4,2,1,3,0,0,0
2025-01-25_hawaii_uc_irvine,Hawaii,22,"Peacock, Jade",False,9,0,1,0.0,0,1,0.0,0,0,,0,0,0,1,0,0,0,0,0
2025-01-25_hawaii_uc_irvine,Hawaii,08,"Moors, Rebecca",False,4,0,1,0.0,0,1,0.0,0,0,,0,0,0,0,0,0,0,0,0
2025-01-25_hawaii_uc_irvine,Hawaii,TM,TEAM,False,0,0,0,,0,0,,0,0,,2,2,4,0,0,2,0,0,0
2025-01-25_csun_uc_san_diego,UC San Diego,3,"Sugapong, Sumayah",True,22,8,16,0.5,5,8,0.625,2,2,1.0,2,3,5,2,4,3,0,2,23
2025-01-25_csun_uc_san_diego,UC San Diego,22,"Gallegos, Gracie",True,30,7,12,0.583,1,3,0.333,0,0,,2,5,7,1,2,2,1,5,15
2025-01-25_csun_uc_san_diego,UC San Diego,15,"Ma, Sabrina",True,24,4,8,0.5,3,5,0.6,0,1,0.0,2,2,4,2,0,2,1,0,11
2025-01-25_csun_uc_san_diego,UC San Diego,24,"Spriggs, Kayanna",True,17,3,6,0.5,0,0,,0,1,0.0,1,3,4,2,1,3,0,1,6
2025-01-25_csun_uc_san_diego,UC San Diego,32,"Montgomery, Parker",True,24,2,12,0.167,0,6,0.0,0,0,,1,1,2,1,1,1,0,5,4
2025-01-25_csun_uc_san_diego,UC San Diego,12,"Smith, Rosa",False,15,3,7,0.429,1,4,0.25,0,0,,0,2,2,1,0,0,0,0,7
2025-01-25_csun_uc_san_diego,UC San Diego,25,"Mahan, Junae",False,15,3,4,0.75,1,1,1.0,0,0,,0,0,0,1,3,1,1,2,7
2025-01-25_csun_uc_san_diego,UC San Diego,11,"Condron, Erin",False,10,2,5,0.4,1,3,0.333,0,0,,1,2,3,1,0,1,0,0,5
2025-01-25_csun_uc_san_diego,UC San Diego,23,"Blithikioti, Eri",False,12,1,1,1.0,0,0,,0,0,,1,2,3,1,2,2,0,0,2
2025-01-25_csun_uc_san_diego,UC San Diego,30,"Sule, Damilola",False,8,1,3,0.333,0,0,,0,0,,1,2,3,1,0,1,0,0,2
2025-01-25_csun_uc_san_diego,UC San Diego,2,"Talbot, Grace",False,10,0,1,0.0,0,1,0.0,0,0,,0,0,0,0,1,0,0,1,0
2025-01-25_csun_uc_san_diego,UC San Diego,5,"Louther, Gabby",False,8,0,1,0.0,0,0,,0,0,,0,1,1,2,0,0,0,0,0
2025-01-25_csun_uc_san_diego,UC San Diego,33,"Svoboda, Emma",False,5,0,1,0.0,0,0,,0,0,,0,1,1,0,0,0,0,0,0
2025-01-25_csun_uc_san_diego,UC San Diego,TM,TEAM,False,0,0,0,,0,0,,0,0,,6,2,8,0,0,0,0,0,0
2025-01-25_csun_uc_san_diego,CSUN,14,"Orji, Nnenna",True,18,2,9,0.222,0,1,0.0,7,11,0.636,4,5,9,2,0,5,0,0,11
2025-01-25_csun_uc_san_diego,CSUN,25,"Aspajo, Erika",True,31,3,7,0.429,0,3,0.0,2,2,1.0,1,4,5,2,2,8,0,2,8
2025-01-25_csun_uc_san_diego,CSUN,3,"Tumlin, Kelly",True,36,2,9,0.222,2,9,0.222,0,0,,1,4,5,2,1,4,0,4,6
2025-01-25_csun_uc_san_diego,CSUN,4,"Edwards, Morgan",True,32,2,12,0.167,2,5,0.4,0,0,,1,2,3,2,1,2,1,1,6
2025-01-25_csun_uc_san_diego,CSUN,00,"Kilty, Jenna",True,32,2,7,0.286,2,5,0.4,0,0,,1,4,5,1,1,4,0,1,6
2025-01-25_csun_uc_san_diego,CSUN,10,"Lizama, Alondra",False,23,1,3,0.333,0,0,,1,2,0.5,2,1,3,2,0,3,4,2,3
2025-01-25_csun_uc_san_diego,CSUN,20,"Adams, Erica",False,13,1,2,0.5,0,0,,0,0,,2,4,6,1,0,3,1,0,2
2025-01-25_csun_uc_san_diego,CSUN,21,"Marshall, Karsen",False,4,0,0,,0,0,,2,2,1.0,0,0,0,0,0,0,0,0,2
2025-01-25_csun_uc_san_diego,CSUN,22,"Dahlin, Laini",False,7,0,3,0.0,0,3,0.0,0,0,,0,1,1,0,0,1,0,0,0
2025-01-25_csun_uc_san_diego,CSUN,2,"Hopson, Kayla",False,4,0,1,0.0,0,0,,0,0,,0,2,2,0,0,0,0,0,0
2025-01-25_csun_uc_san_diego,CSUN,TM,TEAM,False,0,0,0,,0,0,,0,0,,3,1,4,0,0,0,0,0,0
2025-01-25_uc_santa_barbara_cal_st_fullerton,Cal St. Fullerton,24,"Stanton, Aaliyah",True,30,8,14,0.571,1,2,0.5,2,2,1.0,0,1,1,4,0,4,0,3,19
2025-01-25_uc_santa_barbara_cal_st_fullerton,Cal St. Fullerton,13,"Hernandez, Aixchel",True,37,5,7,0.714,0,1,0.0,0,0,,0,6,6,1,1,0,1,1,10
2025-01-25_uc_santa_barbara_cal_st_fullerton,Cal St. Fullerton,12,"Levingston, Eva",True,26,4,4,1.0,0,0,,2,3,0.667,2,3,5,2,2,1,0,4,10
2025-01-25_uc_santa_barbara_cal_st_fullerton,Cal St. Fullerton,23,"Strachan, Emily",True,25,2,3,0.667,0,0,,6,6,1.0,0,2,2,2,3,1,0,0,10
2025-01-25_uc_santa_barbara_cal_st_fullerton,Cal St. Fullerton,22,"Muniz, Madelynn",True,23,2,3,0.667,2,3,0.667,0,0,,0,0,0,0,0,0,0,0,6
2025-01-25_uc_santa_barbara_cal_st_fullerton,Cal St. Fullerton,04,"Falsdottir, Jana",False,10,2,4,0.5,1,2,0.5,0,2,0.0,1,0,1,0,0,1,0,0,5
2025-01-25_uc_santa_barbara_cal_st_fullerton,Cal St. Fullerton,10,"Lagway, Demonnie",False,17,1,7,0.143,0,0,,0,0,,1,0,1,1,3,0,0,1,2
2025-01-25_uc_santa_barbara_cal_st_fullerton,Cal St. Fullerton,02,"Tauro, Maddy",False,15,1,3,0.333,0,0,,0,0,,0,3,3,2,1,2,0,1,2
2025-01-25_uc_santa_barbara_cal_st_fullerton,Cal St. Fullerton,00,"Davis, Layla",False,17,0,3,0.0,0,0,,0,0,,2,0,2,1,0,2,0,0,0
2025-01-25_uc_santa_barbara_cal_st_fullerton,Cal St. Fullerton,TM,TEAM,False,0,0,0,,0,0,,0,0,,1,2,3,0,0,0,0,0,0
2025-01-25_uc_santa_barbara_cal_st_fullerton,UC Santa Barbara,03,"Marin, Alyssa",True,34,2,5,0.4,2,4,0.5,7,7,1.0,0,0,0,1,3,2,0,0,13
2025-01-25_uc_santa_barbara_cal_st_fullerton,UC Santa Barbara,31,"Pietsch, Martha",True,29,4,7,0.571,4,7,0.571,0,0,,0,1,1,0,1,1,0,0,12
2025-01-25_uc_santa_barbara_cal_st_fullerton,UC Santa Barbara,02,"Borter, Zoe",True,30,4,8,0.5,0,2,0.0,0,0,,2,2,4,2,3,0,0,0,8
2025-01-25_uc_santa_barbara_cal_st_fullerton,UC Santa Barbara,13,"Goed, Flora",True,14,2,2,1.0,0,0,,0,0,,1,1,2,0,0,2,0,2,4
2025-01-25_uc_santa_barbara_cal_st_fullerton,UC Santa Barbara,55,"Burke, Skylar",True,24,0,3,0.0,0,1,0.0,0,0,,0,5,5,2,1,6,0,1,0
2025-01-25_uc_santa_barbara_cal_st_fullerton,UC Santa Barbara,14,"Coon, Kanani",False,23,3,5,0.6,1,2,0.5,2,2,1.0,0,5,5,3,1,1,0,0,9
2025-01-25_uc_santa_barbara_cal_st_fullerton,UC Santa Barbara,20,"Rockwood, Laurel",False,9,2,3,0.667,0,0,,0,0,,1,0,1,0,2,1,0,0,4
2025-01-25_uc_santa_barbara_cal_st_fullerton,UC Santa Barbara,10,"Choice, Anya",False,10,1,2,0.5,0,1,0.0,1,2,0.5,0,2,2,0,1,0,0,0,3
2025-01-25_uc_santa_barbara_cal_st_fullerton,UC Santa Barbara,11,"Williams, Cayla",False,10,1,3,0.333,1,2,0.5,0,0,,0,0,0,2,0,1,2,0,3
2025-01-25_uc_santa_barbara_cal_st_fullerton,UC Santa Barbara,05,"Bradley, Olivia",False,5,0,1,0.0,0,0,,3,3,1.0,0,1,1,1,0,1,0,0,3
2025-01-25_uc_santa_barbara_cal_st_fullerton,UC Santa Barbara,32,"Grant, Jessica",False,12,1,4,0.25,0,3,0.0,0,0,,1,0,1,2,1,1,0,1,2
2025-01-25_uc_santa_barbara_cal_st_fullerton,UC Santa Barbara,TM,TEAM,False,0,0,0,,0,0,,0,0,,1,1,2,0,0,0,0,0,0
2025-01-25_long_beach_st_cal_poly,Cal Poly,2,"Shah, Annika",True,38,8,22,0.364,2,9,0.222,6,6,1.0,1,5,6,2,1,2,0,0,24
2025-01-25_long_beach_st_cal_poly,Cal Poly,4,"Lichtie, Sierra",True,25,7,10,0.7,1,3,0.333,2,2,1.0,2,4,6,4,0,3,1,1,17
2025-01-25_long_beach_st_cal_poly,Cal Poly,24,"Carter, Mary",True,22,7,16,0.438,0,5,0.0,0,0,,3,3,6,4,1,1,0,0,14
2025-01-25_long_beach_st_cal_poly,Cal Poly,15,"Bourland, Sydney",True,36,2,4,0.5,0,0,,5,6,0.833,1,4,5,4,7,2,0,4,9
2025-01-25_long_beach_st_cal_poly,Cal Poly,31,"Hiraki, Ashley",True,28,0,0,,0,0,,0,0,,0,2,2,4,4,5,0,1,0
2025-01-25_long_beach_st_cal_poly,Cal Poly,10,"Richards, Sidney",False,32,4,8,0.5,0,0,,2,2,1.0,1,1,2,4,3,2,2,3,10
2025-01-25_long_beach_st_cal_poly,Cal Poly,14,"Bears, Gillian",False,6,2,2,1.0,0,0,,0,0,,1,0,1,0,0,0,0,0,4
2025-01-25_long_beach_st_cal_poly,Cal Poly,22,"Goosby, Alana",False,6,0,1,0.0,0,0,,0,0,,0,1,1,0,1,1,0,0,0
2025-01-25_long_beach_st_cal_poly,Cal Poly,5,"Robinson, Gabby",False,5,0,2,0.0,0,0,,0,0,,0,0,0,2,1,1,0,0,0
2025-01-25_long_beach_st_cal_poly,Cal Poly,9,"Perez, Nora",False,2,0,0,,0,0,,0,0,,0,0,0,1,0,0,0,0,0
2025-01-25_long_beach_st_cal_poly,Cal Poly,TM,TEAM,False,0,0,0,,0,0,,0,0,,5,5,10,0,0,1,0,0,0
2025-01-25_long_beach_st_cal_poly,Long Beach St.,11,"Loobie, Rachel",True,31,4,13,0.308,1,6,0.167,4,6,0.667,2,7,9,2,3,5,0,1,13
2025-01-25_long_beach_st_cal_poly,Long Beach St.,2,"Tucker, Savannah",True,40,4,10,0.4,0,4,0.0,2,2,1.0,0,0,0,2,4,1,0,1,10
2025-01-25_long_beach_st_cal_poly,Long Beach St.,3,"Chung, Patricia",True,23,3,8,0.375,0,3,0.0,2,2,1.0,0,2,2,4,3,1,0,2,8
2025-01-25_long_beach_st_cal_poly,Long Beach St.,1,"Sonnier, Lovely",True,18,3,8,0.375,0,1,0.0,1,2,0.5,1,6,7,2,1,3,1,1,7
2025-01-25_long_beach_st_cal_poly,Long Beach St.,12,"Crawshaw, Jada",True,22,3,10,0.3,0,2,0.0,0,0,,1,0,1,5,4,5,0,1,6
2025-01-25_long_beach_st_cal_poly,Long Beach St.,30,"Jones-brown, Jaquoia",False,30,3,5,0.6,0,1,0.0,6,6,1.0,4,2,6,1,6,0,0,1,12
2025-01-25_long_beach_st_cal_poly,Long Beach St.,5,"Ka, Kennan",False,20,3,6,0.5,2,2,1.0,0,0,,1,1,2,0,2,0,0,0,8
2025-01-25_long_beach_st_cal_poly,Long Beach St.,22,"Richards, Mykelle",False,16,3,6,0.5,0,1,0.0,1,4,0.25,1,2,3,3,0,0,0,3,7
2025-01-25_long_beach_st_cal_poly,Long Beach St.,TM,TEAM,False,0,0,0,,0,0,,0,0,,7,1,8,0,0,1,0,0,0
2025-01-25_uc_riverside_csu_bakersfield,CSU Bakersfield,04,"Dizon, Ary",True,34,4,10,0.4,0,2,0.0,1,2,0.5,0,6,6,4,3,4,2,1,9
2025-01-25_uc_riverside_csu_bakersfield,CSU Bakersfield,32,"Freeman, Garrisen",True,35,3,6,0.5,1,2,0.5,0,0,,1,3,4,2,3,1,2,3,7
2025-01-25_uc_riverside_csu_bakersfield,CSU Bakersfield,11,"Caldwell, Taylor",True,33,1,5,0.2,0,1,0.0,4,4,1.0,0,1,1,1,2,3,0,0,6
2025-01-25_uc_riverside_csu_bakersfield,CSU Bakersfield,20,"Secchiaroli, Melissa",True,24,2,5,0.4,0,3,0.0,0,0,,0,2,2,1,1,3,0,1,4
2025-01-25_uc_riverside_csu_bakersfield,CSU Bakersfield,02,"Gingras, Caitie",True,38,1,8,0.125,1,5,0.2,0,0,,0,5,5,2,2,1,0,0,3
2025-01-25_uc_riverside_csu_bakersfield,CSU Bakersfield,55,"Slocum, Trinity",False,19,4,6,0.667,3,4,0.75,0,3,0.0,0,4,4,0,2,2,1,0,11
2025-01-25_uc_riverside_csu_bakersfield,CSU Bakersfield,08,"Langi, Marley",False,13,3,9,0.333,2,4,0.5,0,0,,0,2,2,2,1,0,2,0,8
2025-01-25_uc_riverside_csu_bakersfield,CSU Bakersfield,34,"Forney, Cheyenne",False,3,0,1,0.0,0,0,,0,0,,0,2,2,0,0,0,0,0,0
2025-01-25_uc_riverside_csu_bakersfield,CSU Bakersfield,30,"Dioli, Alli",False,1,0,1,0.0,0,1,0.0,0,0,,0,0,0,0,0,0,0,0,0
2025-01-25_uc_riverside_csu_bakersfield,CSU Bakersfield,TM,TEAM,False,0,0,0,,0,0,,0,0,,2,1,3,0,0,0,0,0,0
2025-01-25_uc_riverside_csu_bakersfield,UC Riverside,02,"Hackley, Seneca",True,33,6,15,0.4,3,5,0.6,2,2,1.0,0,8,8,4,1,2,0,2,17
2025-01-25_uc_riverside_csu_bakersfield,UC Riverside,11,"Matarranz, Esther",True,33,4,11,0.364,0,0,,4,6,0.667,6,4,10,3,5,2,1,3,12
2025-01-25_uc_riverside_csu_bakersfield,UC Riverside,00,"Rose, Makayla",True,35,4,14,0.286,0,2,0.0,0,0,,1,1,2,1,3,0,0,2,8
2025-01-25_uc_riverside_csu_bakersfield,UC Riverside,03,"Tillery, Zoe",True,20,3,10,0.3,0,5,0.0,0,0,,0,2,2,1,1,1,0,1,6
2025-01-25_uc_riverside_csu_bakersfield,UC Riverside,13,"Chocano, Maya",True,27,1,5,0.2,0,3,0.0,1,2,0.5,2,10,12,1,0,2,0,1,3
2025-01-25_uc_riverside_csu_bakersfield,UC Riverside,01,"Polk, Kaylani",False,25,3,6,0.5,0,3,0.0,1,3,0.333,0,5,5,1,1,0,1,0,7
2025-01-25_uc_riverside_csu_bakersfield,UC Riverside,04,"Marshall, Jordyn",False,9,1,3,0.333,1,1,1.0,2,2,1.0,0,0,0,1,0,2,0,0,5
2025-01-25_uc_riverside_csu_bakersfield,UC Riverside,10,"Minshall, Makayla",False,8,1,1,1.0,0,0,,0,0,,0,0,0,0,0,1,0,0,2
2025-01-25_uc_riverside_csu_bakersfield,UC Riverside,12,"Cutler, Gemma",False,10,0,0,,0,0,,0,0,,1,1,2,1,1,0,0,1,0
2025-01-25_uc_riverside_csu_bakersfield,UC Riverside,TM,TEAM,False,0,0,0,,0,0,,0,0,,6,1,7,0,0,2,0,0,0
2025-01-30_uc_davis_uc_riverside,UC Riverside,05,"Duchemin, Shelley",True,27,6,14,0.429,0,1,0.0,0,0,,0,3,3,4,1,3,0,1,12
2025-01-30_uc_davis_uc_riverside,UC Riverside,02,"Hackley, Seneca",True,32,4,15,0.267,0,5,0.0,0,0,,1,1,2,2,0,0,0,1,8
2025-01-30_uc_davis_uc_riverside,UC Riverside,11,"Matarranz, Esther",True,29,2,7,0.286,0,1,0.0,2,3,0.667,3,5,8,4,0,1,1,0,6
2025-01-30_uc_davis_uc_riverside,UC Riverside,00,"Rose, Makayla",True,33,1,10,0.1,0,1,0.0,1,2,0.5,0,6,6,1,2,0,0,3,3
2025-01-30_uc_davis_uc_riverside,UC Riverside,03,"Tillery, Zoe",True,19,0,5,0.0,0,1,0.0,0,0,,0,1,1,0,0,0,0,0,0
2025-01-30_uc_davis_uc_riverside,UC Riverside,01,"Polk, Kaylani",False,24,2,8,0.25,2,5,0.4,0,0,,1,3,4,1,2,2,0,2,6
2025-01-30_uc_davis_uc_riverside,UC Riverside,13,"Chocano, Maya",False,14,1,2,0.5,1,2,0.5,0,0,,0,3,3,1,0,0,0,0,3
2025-01-30_uc_davis_uc_riverside,UC Riverside,10,"Minshall, Makayla",False,4,1,3,0.333,1,1,1.0,0,0,,0,0,0,0,0,0,0,2,3
2025-01-30_uc_davis_uc_riverside,UC Riverside,12,"Cutler, Gemma",False,11,0,2,0.0,0,0,,0,0,,1,2,3,1,0,0,0,0,0
2025-01-30_uc_davis_uc_riverside,UC Riverside,07,"Wickstrom, Hannah",False,7,0,0,,0,0,,0,0,,0,0,0,1,0,3,0,1,0
2025-01-30_uc_davis_uc_riverside,UC Riverside,TM,TEAM,False,0,0,0,,0,0,,0,0,,2,2,4,0,0,0,0,0,0
2025-01-30_uc_davis_uc_riverside,UC Davis,14,"Sabel, Tova",True,33,3,11,0.273,1,5,0.2,4,4,1.0,0,5,5,0,0,1,3,0,11
2025-01-30_uc_davis_uc_riverside,UC Davis,13,"Burns, Sydney",True,31,3,7,0.429,0,2,0.0,4,4,1.0,1,9,10,2,2,2,0,1,10
2025-01-30_uc_davis_uc_riverside,UC Davis,25,"Norris, Megan",True,29,4,12,0.333,0,4,0.0,2,3,0.667,0,12,12,0,2,7,3,0,10
2025-01-30_uc_davis_uc_riverside,UC Davis,33,"Harris, Mazatlan",True,29,3,5,0.6,1,3,0.333,0,0,,0,2,2,3,1,0,0,0,7
2025-01-30_uc_davis_uc_riverside,UC Davis,04,"Epps, Nya",True,27,2,4,0.5,0,0,,1,2,0.5,1,1,2,1,1,1,0,1,5
2025-01-30_uc_davis_uc_riverside,UC Davis,41,"Shine, Bria",False,13,2,3,0.667,1,2,0.5,0,0,,0,3,3,1,2,1,0,2,5
2025-01-30_uc_davis_uc_riverside,UC Davis,02,"Bennett, Ryann",False,13,2,3,0.667,0,0,,0,0,,1,1,2,0,0,2,0,0,4
2025-01-30_uc_davis_uc_riverside,UC Davis,23,"Baker, Victoria",False,11,0,1,0.0,0,0,,0,0,,0,1,1,0,0,2,0,0,0
2025-01-30_uc_davis_uc_riverside,UC Davis,11,"Glad, Clara",False,9,0,2,0.0,0,1,0.0,0,0,,0,3,3,1,1,0,0,0,0
2025-01-30_uc_davis_uc_riverside,UC Davis,09,"Sussex, Avery",False,5,0,1,0.0,0,0,,0,0,,0,1,1,0,1,1,0,0,0
2025-01-30_uc_davis_uc_riverside,UC Davis,TM,TEAM,False,0,0,0,,0,0,,0,0,,1,2,3,0,0,0,0,0,0
2025-01-30_uc_san_diego_hawaii,Hawaii,03,"Wahinekapu, Lily",True,37,7,9,0.778,3,5,0.6,2,4,0.5,5,3,8,0,3,2,0,1,19
2025-01-30_uc_san_diego_hawaii,Hawaii,12,"Perez, Imani",True,33,4,6,0.667,3,5,0.6,0,0,,1,3,4,3,3,1,0,2,11
2025-01-30_uc_san_diego_hawaii,Hawaii,24,"Tamilo, Ritorya",True,15,3,4,0.75,0,0,,0,2,0.0,1,2,3,1,0,3,0,0,6
2025-01-30_uc_san_diego_hawaii,Hawaii,23,"McBee, MeiLani",True,41,1,10,0.1,1,9,0.111,0,0,,0,4,4,1,1,1,0,0,3
2025-01-30_uc_san_diego_hawaii,Hawaii,02,"'Uhila, Mia",True,12,1,1,1.0,1,1,1.0,0,0,,0,3,3,0,0,3,0,0,3
2025-01-30_uc_san_diego_hawaii,Hawaii,01,"Imai, Kelsie",False,33,3,7,0.429,1,3,0.333,3,4,0.75,0,3,3,3,4,5,0,1,10
2025-01-30_uc_san_diego_hawaii,Hawaii,04,"Lefotu, Jovi",False,21,3,7,0.429,0,1,0.0,2,2,1.0,0,3,3,2,1,2,0,2,8
2025-01-30_uc_san_diego_hawaii,Hawaii,22,"Peacock, Jade",False,13,2,6,0.333,1,3,0.333,0,0,,0,1,1,2,1,1,0,0,5
2025-01-30_uc_san_diego_hawaii,Hawaii,14,"Rewers, Brooklyn",False,18,0,4,0.0,0,2,0.0,0,0,,1,5,6,1,2,1,0,0,0
2025-01-30_uc_san_diego_hawaii,Hawaii,08,"Moors, Rebecca",False,2,0,0,,0,0,,0,0,,0,0,0,0,0,1,0,0,0
2025-01-30_uc_san_diego_hawaii,Hawaii,TM,TEAM,False,0,0,0,,0,0,,0,0,,1,4,5,0,0,2,0,0,0
2025-01-30_uc_san_diego_hawaii,UC San Diego,03,"Sugapong, Sumayah",True,39,8,21,0.381,0,4,0.0,1,3,0.333,3,4,7,5,5,6,1,2,17
2025-01-30_uc_san_diego_hawaii,UC San Diego,15,"Ma, Sabrina",True,35,5,8,0.625,4,5,0.8,2,2,1.0,3,1,4,4,2,3,0,3,16
2025-01-30_uc_san_diego_hawaii,UC San Diego,22,"Gallegos, Gracie",True,41,6,11,0.545,1,3,0.333,1,2,0.5,0,6,6,1,2,1,1,0,14
2025-01-30_uc_san_diego_hawaii,UC San Diego,32,"Montgomery, Parker",True,44,0,9,0.0,0,5,0.0,2,2,1.0,0,4,4,1,2,0,0,3,2
2025-01-30_uc_san_diego_hawaii,UC San Diego,24,"Spriggs, Kayanna",True,12,1,1,1.0,0,0,,0,0,,1,0,1,0,2,2,0,0,2
2025-01-30_uc_san_diego_hawaii,UC San Diego,11,"Condron, Erin",False,33,5,11,0.455,0,2,0.0,0,0,,4,4,8,2,0,1,0,0,10
2025-01-30_uc_san_diego_hawaii,UC San Diego,25,"Mahan, Junaé",False,7,1,3,0.333,0,0,,0,0,,0,1,1,0,0,0,0,0,2
2025-01-30_uc_san_diego_hawaii,UC San Diego,12,"Smith, Rosa",False,10,0,2,0.0,0,1,0.0,0,0,,0,1,1,1,0,0,0,1,0
2025-01-30_uc_san_diego_hawaii,UC San Diego,23,"Blithikioti, Eri",False,4,0,1,0.0,0,0,,0,0,,0,0,0,0,0,1,0,0,0
2025-01-30_uc_san_diego_hawaii,UC San Diego,TM,TEAM,False,0,0,0,,0,0,,0,0,,1,2,3,0,0,1,0,0,0
2025-01-30_uc_irvine_long_beach_st,Long Beach St.,12,"Crawshaw, Jada",True,27,4,10,0.4,1,1,1.0,4,5,0.8,4,7,11,2,5,7,0,0,13
2025-01-30_uc_irvine_long_beach_st,Long Beach St.,1,"Sonnier, Lovely",True,18,3,6,0.5,1,3,0.333,3,3,1.0,1,2,3,1,0,3,1,1,10
2025-01-30_uc_irvine_long_beach_st,Long Beach St.,2,"Tucker, Savannah",True,40,3,10,0.3,1,3,0.333,1,2,0.5,1,2,3,3,1,2,1,0,8
2025-01-30_uc_irvine_long_beach_st,Long Beach St.,11,"Loobie, Rachel",True,33,3,11,0.273,1,3,0.333,0,0,,1,6,7,0,2,2,2,2,7
2025-01-30_uc_irvine_long_beach_st,Long Beach St.,3,"Chung, Patricia",True,30,2,7,0.286,1,4,0.25,0,0,,0,2,2,1,2,2,0,1,5
2025-01-30_uc_irvine_long_beach_st,Long Beach St.,22,"Richards, Mykelle",False,18,1,1,1.0,0,0,,0,0,,1,4,5,5,1,3,1,1,2
2025-01-30_uc_irvine_long_beach_st,Long Beach St.,30,"Jones-brown, Jaquoia",False,11,0,3,0.0,0,2,0.0,2,2,1.0,1,2,3,2,0,2,0,0,2
2025-01-30_uc_irvine_long_beach_st,Long Beach St.,5,"Ka, Kennan",False,18,0,3,0.0,0,2,0.0,0,0,,0,1,1,0,0,0,0,0,0
2025-01-30_uc_irvine_long_beach_st,Long Beach St.,42,"Oliva Fernandez, Judit",False,5,0,0,,0,0,,0,0,,0,1,1,1,0,0,1,0,0
2025-01-30_uc_irvine_long_beach_st,Long Beach St.,TM,TEAM,False,0,0,0,,0,0,,0,0,,0,5,5,0,0,0,0,0,0
2025-01-30_uc_irvine_long_beach_st,UC Irvine,20,"Hernandez, Hunter",True,33,6,20,0.3,2,4,0.5,2,4,0.5,4,7,11,3,2,4,0,1,16
2025-01-30_uc_irvine_long_beach_st,UC Irvine,13,"Lee, Déja",True,21,5,13,0.385,3,6,0.5,2,2,1.0,3,2,5,2,2,0,0,1,15
2025-01-30_uc_irvine_long_beach_st,UC Irvine,3,"Tom, Nikki",True,37,4,8,0.5,2,3,0.667,1,2,0.5,1,1,2,0,1,0,0,4,11
2025-01-30_uc_irvine_long_beach_st,UC Irvine,21,"Williams, Olivia",True,26,3,8,0.375,2,4,0.5,2,2,1.0,0,1,1,2,1,0,0,1,10
2025-01-30_uc_irvine_long_beach_st,UC Irvine,24,"Dean, Nevaeh",True,14,2,3,0.667,0,1,0.0,0,0,,1,2,3,1,1,1,0,0,4
2025-01-30_uc_irvine_long_beach_st,UC Irvine,11,"Scharpf, Amelia",False,25,0,5,0.0,0,3,0.0,3,4,0.75,3,3,6,1,3,2,1,1,3
2025-01-30_uc_irvine_long_beach_st,UC Irvine,14,"Hanson, Summah",False,11,1,6,0.167,0,2,0.0,0,0,,2,3,5,4,2,2,0,0,2
2025-01-30_uc_irvine_long_beach_st,UC Irvine,10,"Madsen, Lauryn",False,18,0,6,0.0,0,6,0.0,0,0,,0,1,1,0,1,0,0,1,0
2025-01-30_uc_irvine_long_beach_st,UC Irvine,22,"Djoko, Clara",False,9,0,0,,0,0,,0,0,,0,3,3,1,0,0,0,0,0
2025-01-30_uc_irvine_long_beach_st,UC Irvine,33,"Gnahore, Ines",False,4,0,2,0.0,0,1,0.0,0,0,,1,0,1,1,0,1,0,1,0
2025-01-30_uc_irvine_long_beach_st,UC Irvine,9,"Falcon Hernandez, Daniela",False,2,0,0,,0,0,,0,0,,0,1,1,2,0,0,0,0,0
2025-01-30_uc_irvine_long_beach_st,UC Irvine,TM,TEAM,False,0,0,0,,0,0,,0,0,,4,3,7,0,0,0,0,0,0
2025-01-30_csun_uc_santa_barbara,UC Santa Barbara,2,"Borter, Zoe",True,36,8,13,0.615,1,4,0.25,3,3,1.0,0,2,2,0,2,1,0,1,20
2025-01-30_csun_uc_santa_barbara,UC Santa Barbara,3,"Marin, Alyssa",True,26,2,7,0.286,0,2,0.0,8,8,1.0,0,3,3,0,0,3,0,0,12
2025-01-30_csun_uc_santa_barbara,UC Santa Barbara,10,"Choice, Anya",True,31,2,7,0.286,0,2,0.0,2,4,0.5,0,2,2,2,3,1,0,1,6
2025-01-30_csun_uc_santa_barbara,UC Santa Barbara,20,"Rockwood, Laurel",True,5,3,3,1.0,0,0,,0,0,,1,1,2,0,0,0,1,0,6
2025-01-30_csun_uc_santa_barbara,UC Santa Barbara,55,"Burke, Skylar",True,24,1,7,0.143,0,3,0.0,1,2,0.5,1,4,5,4,5,0,0,2,3
2025-01-30_csun_uc_santa_barbara,UC Santa Barbara,32,"Grant, Jessica",False,30,3,8,0.375,3,6,0.5,0,0,,0,0,0,0,0,1,0,0,9
2025-01-30_csun_uc_santa_barbara,UC Santa Barbara,14,"Coon, Kanani",False,11,2,3,0.667,1,2,0.5,0,0,,0,2,2,0,0,0,0,0,5
2025-01-30_csun_uc_santa_barbara,UC Santa Barbara,5,"Bradley, Olivia",False,16,2,5,0.4,0,2,0.0,0,0,,0,4,4,1,2,0,1,1,4
2025-01-30_csun_uc_santa_barbara,UC Santa Barbara,11,"Williams, Cayla",False,18,1,6,0.167,1,5,0.2,0,0,,0,4,4,2,1,0,0,0,3
2025-01-30_csun_uc_santa_barbara,UC Santa Barbara,13,"Goed, Flora",False,3,0,1,0.0,0,0,,0,0,,1,0,1,1,0,0,1,0,0
2025-01-30_csun_uc_santa_barbara,UC Santa Barbara,TM,TEAM,False,0,0,0,,0,0,,0,0,,4,5,9,0,0,1,0,0,0
2025-01-30_csun_uc_santa_barbara,CSUN,14,"Orji, Nnenna",True,32,6,13,0.462,0,1,0.0,4,5,0.8,3,1,4,4,0,3,0,0,16
2025-01-30_csun_uc_santa_barbara,CSUN,21,"Marshall, Karsen",True,24,5,6,0.833,3,4,0.75,0,1,0.0,1,2,3,1,0,3,0,0,13
2025-01-30_csun_uc_santa_barbara,CSUN,20,"Adams, Erica",True,35,5,11,0.455,0,1,0.0,1,2,0.5,0,7,7,5,0,1,0,0,11
2025-01-30_csun_uc_santa_barbara,CSUN,25,"Aspajo, Erika",True,29,1,4,0.25,0,0,,1,2,0.5,0,6,6,2,5,4,0,1,3
2025-01-30_csun_uc_santa_barbara,CSUN,4,"Edwards, Morgan",True,24,0,2,0.0,0,2,0.0,0,0,,0,3,3,4,2,1,0,0,0
2025-01-30_csun_uc_santa_barbara,CSUN,3,"Tumlin, Kelly",False,22,2,6,0.333,1,5,0.2,0,0,,0,4,4,3,2,0,1,0,5
2025-01-30_csun_uc_santa_barbara,CSUN,5,"Cox, Yves",False,13,2,3,0.667,0,0,,1,2,0.5,0,3,3,0,0,2,0,0,5
2025-01-30_csun_uc_santa_barbara,CSUN,00,"Kilty, Jenna",False,19,0,4,0.0,0,3,0.0,0,0,,0,2,2,0,1,2,0,0,0
2025-01-30_csun_uc_santa_barbara,CSUN,2,"Hopson, Kayla",False,2,0,0,,0,0,,0,0,,0,0,0,0,0,1,0,0,0
2025-01-30_csun_uc_santa_barbara,CSUN,TM,TEAM,False,0,0,0,,0,0,,0,0,,1,3,4,0,0,1,0,0,0
2025-01-30_cal_poly_csu_bakersfield,CSU Bakersfield,20,"Secchiaroli, Melissa",True,30,5,10,0.5,0,1,0.0,1,3,0.333,3,4,7,2,0,1,0,0,11
2025-01-30_cal_poly_csu_bakersfield,CSU Bakersfield,4,"Dizon, Ary",True,37,4,12,0.333,0,1,0.0,0,0,,0,3,3,3,2,4,1,0,8
2025-01-30_cal_poly_csu_bakersfield,CSU Bakersfield,11,"Caldwell, Taylor",True,32,3,9,0.333,1,3,0.333,0,0,,0,5,5,0,0,5,0,2,7
2025-01-30_cal_poly_csu_bakersfield,CSU Bakersfield,2,"Gingras, Caitie",True,28,2,4,0.5,0,2,0.0,2,2,1.0,1,2,3,3,0,3,0,1,6
2025-01-30_cal_poly_csu_bakersfield,CSU Bakersfield,32,"Freeman, Garrisen",True,37,0,4,0.0,0,2,0.0,4,8,0.5,1,3,4,4,0,4,0,3,4
2025-01-30_cal_poly_csu_bakersfield,CSU Bakersfield,55,"Slocum, Trinity",False,21,1,5,0.2,1,3,0.333,0,0,,0,7,7,3,1,6,0,1,3
2025-01-30_cal_poly_csu_bakersfield,CSU Bakersfield,30,"Dioli, Alli",False,7,1,2,0.5,1,1,1.0,0,0,,0,1,1,2,0,0,0,0,3
2025-01-30_cal_poly_csu_bakersfield,CSU Bakersfield,42,"Tse, Allysan",False,5,0,1,0.0,0,1,0.0,0,0,,0,0,0,1,1,0,0,0,0
2025-01-30_cal_poly_csu_bakersfield,CSU Bakersfield,34,"Forney, Cheyenne",False,3,0,1,0.0,0,0,,0,0,,1,0,1,1,0,0,0,0,0
2025-01-30_cal_poly_csu_bakersfield,CSU Bakersfield,TM,TEAM,False,0,0,0,,0,0,,0,0,,2,1,3,0,0,0,0,0,0
2025-01-30_cal_poly_csu_bakersfield,Cal Poly,15,"Bourland, Sydney",True,36,4,7,0.571,0,0,,4,5,0.8,1,6,7,2,2,2,2,5,12
2025-01-30_cal_poly_csu_bakersfield,Cal Poly,24,"Carter, Mary",True,33,5,14,0.357,1,5,0.2,1,4,0.25,1,7,8,1,0,3,1,1,12
2025-01-30_cal_poly_csu_bakersfield,Cal Poly,2,"Shah, Annika",True,36,2,12,0.167,1,6,0.167,4,4,1.0,0,3,3,3,1,3,0,1,9
2025-01-30_cal_poly_csu_bakersfield,Cal Poly,4,"Lichtie, Sierra",True,31,4,9,0.444,0,1,0.0,1,2,0.5,0,3,3,4,3,5,0,1,9
2025-01-30_cal_poly_csu_bakersfield,Cal Poly,31,"Hiraki, Ashley",True,32,1,5,0.2,0,3,0.0,3,4,0.75,2,4,6,2,3,2,0,3,5
2025-01-30_cal_poly_csu_bakersfield,Cal Poly,9,"Perez, Nora",False,3,1,2,0.5,0,0,,0,0,,1,0,1,1,0,0,0,0,2
2025-01-30_cal_poly_csu_bakersfield,Cal Poly,14,"Bears, Gillian",False,3,1,1,1.0,0,0,,0,0,,1,0,1,1,0,0,0,0,2
2025-01-30_cal_poly_csu_bakersfield,Cal Poly,5,"Robinson, Gabby",False,19,0,1,0.0,0,1,0.0,0,0,,1,2,3,3,0,1,0,1,0
2025-01-30_cal_poly_csu_bakersfield,Cal Poly,23,"Moleón Hidalgo, Ana",False,4,0,0,,0,0,,0,0,,0,1,1,0,1,0,0,0,0
2025-01-30_cal_poly_csu_bakersfield,Cal Poly,22,"Goosby, Alana",False,3,0,0,,0,0,,0,0,,0,0,0,2,0,1,0,0,0
2025-01-30_cal_poly_csu_bakersfield,Cal Poly,TM,TEAM,False,0,0,0,,0,0,,0,0,,3,2,5,0,0,0,0,0,0
2025-02-01_uc_davis_uc_irvine,UC Irvine,20,"Hernandez, Hunter",True,35,4,15,0.267,2,5,0.4,3,4,0.75,0,3,3,2,1,1,1,1,13
2025-02-01_uc_davis_uc_irvine,UC Irvine,13,"Lee, Deja",True,22,2,13,0.154,0,6,0.0,4,4,1.0,1,3,4,1,2,1,0,0,8
2025-02-01_uc_davis_uc_irvine,UC Irvine,24,"Dean, Nevaeh",True,11,2,3,0.667,1,1,1.0,2,4,0.5,1,2,3,3,1,2,1,1,7
2025-02-01_uc_davis_uc_irvine,UC Irvine,03,"Tom, Nikki",True,37,3,6,0.5,0,0,,0,1,0.0,1,4,5,3,2,2,1,1,6
2025-02-01_uc_davis_uc_irvine,UC Irvine,21,"Williams, Olivia",True,25,0,4,0.0,0,1,0.0,0,0,,1,2,3,1,0,0,0,1,0
2025-02-01_uc_davis_uc_irvine,UC Irvine,14,"Hanson, Summah",False,28,4,11,0.364,1,3,0.333,0,0,,4,5,9,2,0,1,1,0,9
2025-02-01_uc_davis_uc_irvine,UC Irvine,11,"Scharpf, Amelia",False,16,1,4,0.25,0,1,0.0,2,2,1.0,1,2,3,2,1,0,0,1,4
2025-02-01_uc_davis_uc_irvine,UC Irvine,10,"Madsen, Lauryn",False,20,1,7,0.143,1,5,0.2,0,0,,1,4,5,1,0,0,0,0,3
2025-02-01_uc_davis_uc_irvine,UC Irvine,12,"Nahum, Shirel",False,5,0,0,,0,0,,2,2,1.0,1,2,3,0,0,0,0,0,2
2025-02-01_uc_davis_uc_irvine,UC Irvine,33,"Gnahore, Ines",False,1,0,0,,0,0,,0,0,,0,0,0,0,0,0,0,0,0
2025-02-01_uc_davis_uc_irvine,UC Irvine,22,"Djoko, Clara",False,,0,0,,0,0,,0,0,,0,0,0,0,0,0,0,0,0
2025-02-01_uc_davis_uc_irvine,UC Irvine,TM,TEAM,False,0,0,0,,0,0,,0,0,,2,3,5,0,0,0,0,0,0
2025-02-01_uc_davis_uc_irvine,UC Davis,25,"Norris, Megan",True,26,5,13,0.385,1,4,0.25,5,6,0.833,1,8,9,3,0,1,1,0,16
2025-02-01_uc_davis_uc_irvine,UC Davis,33,"Harris, Mazatlan",True,37,3,6,0.5,0,3,0.0,2,3,0.667,2,6,8,2,4,0,0,1,8
2025-02-01_uc_davis_uc_irvine,UC Davis,14,"Sabel, Tova",True,32,2,9,0.222,0,2,0.0,4,4,1.0,1,5,6,3,1,3,3,0,8
2025-02-01_uc_davis_uc_irvine,UC Davis,13,"Burns, Sydney",True,26,2,9,0.222,2,4,0.5,0,0,,0,2,2,0,1,3,0,1,6
2025-02-01_uc_davis_uc_irvine,UC Davis,04,"Epps, Nya",True,30,1,5,0.2,1,1,1.0,0,0,,1,1,2,3,3,0,0,0,3
2025-02-01_uc_davis_uc_irvine,UC Davis,09,"Sussex, Avery",False,3,1,3,0.333,1,1,1.0,2,2,1.0,0,0,0,0,0,0,0,0,5
2025-02-01_uc_davis_uc_irvine,UC Davis,41,"Shine, Bria",False,13,1,2,0.5,1,1,1.0,0,0,,1,5,6,2,0,2,0,0,3
2025-02-01_uc_davis_uc_irvine,UC Davis,02,"Bennett, Ryann",False,17,0,5,0.0,0,1,0.0,0,0,,0,0,0,2,0,1,0,0,0
2025-02-01_uc_davis_uc_irvine,UC Davis,11,"Glad, Clara",False,6,0,0,,0,0,,0,0,,0,1,1,0,0,0,0,0,0
2025-02-01_uc_davis_uc_irvine,UC Davis,23,"Baker, Victoria",False,6,0,1,0.0,0,1,0.0,0,0,,0,0,0,3,0,0,0,0,0
2025-02-01_uc_davis_uc_irvine,UC Davis,05,"Fitzgerald, Ally",False,4,0,1,0.0,0,0,,0,0,,1,2,3,0,0,0,0,0,0
2025-02-01_uc_davis_uc_irvine,UC Davis,TM,TEAM,False,0,0,0,,0,0,,0,0,,2,4,6,0,0,0,0,0,0
2025-02-01_cal_st_fullerton_hawaii,Hawaii,12,"Perez, Imani",True,31,4,8,0.5,0,3,0.0,0,0,,0,2,2,0,2,1,0,1,8
2025-02-01_cal_st_fullerton_hawaii,Hawaii,02,"'Uhila, Mia",True,17,3,7,0.429,0,3,0.0,2,2,1.0,1,1,2,0,1,1,0,1,8
2025-02-01_cal_st_fullerton_hawaii,Hawaii,03,"Wahinekapu, Lily",True,27,2,9,0.222,1,3,0.333,0,0,,1,4,5,2,1,3,0,2,5
2025-02-01_cal_st_fullerton_hawaii,Hawaii,24,"Tamilo, Ritorya",True,11,1,3,0.333,0,0,,2,2,1.0,0,2,2,1,0,1,2,1,4
2025-02-01_cal_st_fullerton_hawaii,Hawaii,23,"McBee, MeiLani",True,24,1,3,0.333,1,2,0.5,0,0,,0,3,3,2,1,0,0,2,3
2025-02-01_cal_st_fullerton_hawaii,Hawaii,14,"Rewers, Brooklyn",False,29,5,14,0.357,1,4,0.25,0,0,,0,5,5,2,2,0,1,1,11
2025-02-01_cal_st_fullerton_hawaii,Hawaii,04,"Lefotu, Jovi",False,20,3,8,0.375,0,2,0.0,2,2,1.0,2,1,3,2,2,1,0,1,8
2025-02-01_cal_st_fullerton_hawaii,Hawaii,01,"Imai, Kelsie",False,17,0,0,,0,0,,7,8,0.875,0,4,4,0,1,1,0,1,7
2025-02-01_cal_st_fullerton_hawaii,Hawaii,22,"Peacock, Jade",False,12,0,2,0.0,0,1,0.0,0,0,,2,0,2,0,0,0,0,0,0
2025-02-01_cal_st_fullerton_hawaii,Hawaii,08,"Moors, Rebecca",False,6,0,1,0.0,0,1,0.0,0,0,,0,0,0,1,1,0,0,0,0
2025-02-01_cal_st_fullerton_hawaii,Hawaii,11,"Filemu, Kira-May",False,6,0,1,0.0,0,1,0.0,0,0,,0,0,0,0,0,1,0,0,0
2025-02-01_cal_st_fullerton_hawaii,Hawaii,TM,TEAM,False,0,0,0,,0,0,,0,0,,2,1,3,0,0,2,0,0,0
2025-02-01_cal_st_fullerton_hawaii,Cal St. Fullerton,13,"Hernandez, Aixchel",True,40,4,8,0.5,0,0,,2,2,1.0,3,8,11,0,0,2,2,0,10
2025-02-01_cal_st_fullerton_hawaii,Cal St. Fullerton,24,"Stanton, Aaliyah",True,24,4,10,0.4,1,3,0.333,0,0,,0,1,1,3,2,3,0,0,9
2025-02-01_cal_st_fullerton_hawaii,Cal St. Fullerton,12,"Levingston, Eva",True,40,3,8,0.375,0,0,,2,2,1.0,2,8,10,3,2,2,0,1,8
2025-02-01_cal_st_fullerton_hawaii,Cal St. Fullerton,23,"Strachan, Emily",True,30,3,9,0.333,0,0,,1,1,1.0,2,2,4,2,1,3,0,0,7
2025-02-01_cal_st_fullerton_hawaii,Cal St. Fullerton,22,"Muniz, Madelynn",True,24,0,4,0.0,0,3,0.0,0,0,,0,1,1,0,0,0,1,0,0
2025-02-01_cal_st_fullerton_hawaii,Cal St. Fullerton,04,"Falsdottir, Jana",False,16,4,6,0.667,0,1,0.0,0,0,,0,2,2,2,1,0,0,1,8
2025-02-01_cal_st_fullerton_hawaii,Cal St. Fullerton,10,"Lagway, Demonnie",False,20,2,6,0.333,1,2,0.5,0,2,0.0,1,3,4,2,1,3,0,0,5
2025-02-01_cal_st_fullerton_hawaii,Cal St. Fullerton,02,"Tauro, Maddy",False,6,0,1,0.0,0,0,,0,0,,0,1,1,1,0,1,0,0,0
2025-02-01_cal_st_fullerton_hawaii,Cal St. Fullerton,TM,TEAM,False,0,0,0,,0,0,,0,0,,0,2,2,0,0,4,0,0,0
2025-02-01_long_beach_st_uc_santa_barbara,UC Santa Barbara,55,"Burke, Skylar",True,35,9,9,1.0,1,1,1.0,6,10,0.6,1,10,11,2,3,5,0,2,25
2025-02-01_long_beach_st_uc_santa_barbara,UC Santa Barbara,2,"Borter, Zoe",True,34,3,8,0.375,1,1,1.0,3,5,0.6,1,3,4,1,0,2,0,0,10
2025-02-01_long_beach_st_uc_santa_barbara,UC Santa Barbara,3,"Marin, Alyssa",True,23,0,4,0.0,0,2,0.0,9,10,0.9,1,1,2,4,1,3,0,0,9
2025-02-01_long_beach_st_uc_santa_barbara,UC Santa Barbara,11,"Williams, Cayla",True,25,2,7,0.286,0,0,,4,5,0.8,4,6,10,5,1,3,1,1,8
2025-02-01_long_beach_st_uc_santa_barbara,UC Santa Barbara,10,"Choice, Anya",True,10,0,1,0.0,0,1,0.0,2,2,1.0,0,0,0,3,1,2,0,0,2
2025-02-01_long_beach_st_uc_santa_barbara,UC Santa Barbara,32,"Grant, Jessica",False,30,3,10,0.3,3,9,0.333,4,4,1.0,1,0,1,4,0,0,0,2,13
2025-02-01_long_beach_st_uc_santa_barbara,UC Santa Barbara,5,"Bradley, Olivia",False,33,5,10,0.5,0,2,0.0,0,0,,2,3,5,4,4,2,1,0,10
2025-02-01_long_beach_st_uc_santa_barbara,UC Santa Barbara,14,"Coon, Kanani",False,7,0,2,0.0,0,1,0.0,0,0,,0,2,2,0,0,0,0,0,0
2025-02-01_long_beach_st_uc_santa_barbara,UC Santa Barbara,13,"Goed, Flora",False,3,0,0,,0,0,,0,0,,0,0,0,2,0,0,0,0,0
2025-02-01_long_beach_st_uc_santa_barbara,UC Santa Barbara,TM,TEAM,False,0,0,0,,0,0,,0,0,,1,4,5,0,0,1,0,0,0
2025-02-01_long_beach_st_uc_santa_barbara,Long Beach St.,2,"Tucker, Savannah",True,40,9,18,0.5,4,9,0.444,5,8,0.625,0,4,4,4,1,1,0,2,27
2025-02-01_long_beach_st_uc_santa_barbara,Long Beach St.,3,"Chung, Patricia",True,33,5,13,0.385,0,4,0.0,2,2,1.0,3,0,3,3,6,4,0,1,12
2025-02-01_long_beach_st_uc_santa_barbara,Long Beach St.,11,"Loobie, Rachel",True,28,4,14,0.286,1,5,0.2,1,1,1.0,6,8,14,3,3,0,0,1,10
2025-02-01_long_beach_st_uc_santa_barbara,Long Beach St.,12,"Crawshaw, Jada",True,29,3,10,0.3,0,0,,2,9,0.222,0,2,2,4,2,2,1,2,8
2025-02-01_long_beach_st_uc_santa_barbara,Long Beach St.,1,"Sonnier, Lovely",True,5,0,0,,0,0,,0,0,,0,2,2,3,0,2,0,1,0
2025-02-01_long_beach_st_uc_santa_barbara,Long Beach St.,22,"Richards, Mykelle",False,17,3,8,0.375,0,2,0.0,0,0,,5,3,8,5,1,0,1,1,6
2025-02-01_long_beach_st_uc_santa_barbara,Long Beach St.,42,"Oliva Fernandez, Judit",False,11,1,2,0.5,0,1,0.0,1,2,0.5,0,2,2,4,0,2,1,1,3
2025-02-01_long_beach_st_uc_santa_barbara,Long Beach St.,30,"Jones-brown, Jaquoia",False,17,1,4,0.25,0,2,0.0,0,0,,1,1,2,3,2,0,0,0,2
2025-02-01_long_beach_st_uc_santa_barbara,Long Beach St.,5,"Ka, Kennan",False,20,0,4,0.0,0,2,0.0,0,0,,0,1,1,3,1,1,0,0,0
2025-02-01_long_beach_st_uc_santa_barbara,Long Beach St.,TM,TEAM,False,0,0,0,,0,0,,0,0,,7,1,8,0,0,0,0,0,0
2025-02-01_cal_poly_uc_riverside,UC Riverside,5,"Duchemin, Shelley",True,34,6,11,0.545,1,1,1.0,3,4,0.75,1,7,8,3,2,2,1,0,16
2025-02-01_cal_poly_uc_riverside,UC Riverside,2,"Hackley, Seneca",True,29,7,12,0.583,0,4,0.0,2,2,1.0,3,4,7,3,0,3,0,1,16
2025-02-01_cal_poly_uc_riverside,UC Riverside,00,"Rose, Makayla",True,39,5,14,0.357,1,6,0.167,0,0,,0,6,6,0,2,3,0,5,11
2025-02-01_cal_poly_uc_riverside,UC Riverside,3,"Tillery, Zoe",True,18,3,3,1.0,2,2,1.0,1,2,0.5,0,1,1,2,0,2,0,0,9
2025-02-01_cal_poly_uc_riverside,UC Riverside,11,"Matarranz, Esther",True,23,1,5,0.2,0,0,,0,0,,0,2,2,3,0,2,0,1,2
2025-02-01_cal_poly_uc_riverside,UC Riverside,7,"Wickstrom, Hannah",False,12,2,6,0.333,1,5,0.2,0,0,,1,1,2,2,0,0,0,1,5
2025-02-01_cal_poly_uc_riverside,UC Riverside,12,"Cutler, Gemma",False,17,2,2,1.0,0,0,,0,0,,1,0,1,1,0,1,0,0,4
2025-02-01_cal_poly_uc_riverside,UC Riverside,1,"Polk, Kaylani",False,22,0,2,0.0,0,1,0.0,1,2,0.5,0,3,3,1,5,3,0,3,1
2025-02-01_cal_poly_uc_riverside,UC Riverside,13,"Chocano, Maya",False,6,0,1,0.0,0,1,0.0,0,2,0.0,0,1,1,2,0,2,0,0,0
2025-02-01_cal_poly_uc_riverside,UC Riverside,TM,TEAM,False,0,0,0,,0,0,,0,0,,2,3,5,0,0,1,0,0,0
2025-02-01_cal_poly_uc_riverside,Cal Poly,31,"Hiraki, Ashley",True,33,2,6,0.333,2,3,0.667,7,8,0.875,0,5,5,4,1,3,0,1,13
2025-02-01_cal_poly_uc_riverside,Cal Poly,15,"Bourland, Sydney",True,35,5,10,0.5,0,0,,2,2,1.0,3,4,7,2,1,6,1,1,12
2025-02-01_cal_poly_uc_riverside,Cal Poly,4,"Lichtie, Sierra",True,35,3,9,0.333,0,3,0.0,3,3,1.0,1,8,9,3,1,3,1,2,9
2025-02-01_cal_poly_uc_riverside,Cal Poly,2,"Shah, Annika",True,35,3,9,0.333,2,4,0.5,1,2,0.5,3,0,3,1,3,3,0,1,9
2025-02-01_cal_poly_uc_riverside,Cal Poly,24,"Carter, Mary",True,32,4,13,0.308,1,5,0.2,0,0,,2,4,6,3,0,3,0,0,9
2025-02-01_cal_poly_uc_riverside,Cal Poly,5,"Robinson, Gabby",False,19,1,8,0.125,0,2,0.0,0,0,,0,0,0,3,0,2,0,2,2
2025-02-01_cal_poly_uc_riverside,Cal Poly,22,"Goosby, Alana",False,10,1,2,0.5,0,1,0.0,0,0,,0,1,1,2,1,0,0,2,2
2025-02-01_cal_poly_uc_riverside,Cal Poly,23,"Moleón Hidalgo, Ana",False,1,0,0,,0,0,,0,0,,0,0,0,0,0,2,0,0,0
2025-02-01_cal_poly_uc_riverside,Cal Poly,TM,TEAM,False,0,0,0,,0,0,,0,0,,3,2,5,0,0,0,0,0,0
2025-02-01_csu_bakersfield_csun,CSUN,03,"Tumlin, Kelly",True,38,6,12,0.5,3,8,0.375,4,5,0.8,0,5,5,4,1,4,0,3,19
2025-02-01_csu_bakersfield_csun,CSUN,04,"Edwards, Morgan",True,36,6,12,0.5,2,7,0.286,2,2,1.0,0,4,4,3,0,0,0,2,16
2025-02-01_csu_bakersfield_csun,CSUN,14,"Orji, Nnenna",True,29,4,10,0.4,0,1,0.0,4,4,1.0,0,7,7,2,3,1,1,1,12
2025-02-01_csu_bakersfield_csun,CSUN,21,"Marshall, Karsen",True,29,3,8,0.375,2,7,0.286,1,2,0.5,2,3,5,0,0,5,1,5,9
2025-02-01_csu_bakersfield_csun,CSUN,20,"Adams, Erica",True,35,2,9,0.222,0,2,0.0,2,2,1.0,0,5,5,1,3,4,0,6,6
2025-02-01_csu_bakersfield_csun,CSUN,05,"Cox, Yves",False,10,1,2,0.5,0,0,,0,0,,0,0,0,1,0,1,2,0,2
2025-02-01_csu_bakersfield_csun,CSUN,00,"Kilty, Jenna",False,14,0,1,0.0,0,1,0.0,1,2,0.5,1,1,2,0,2,0,0,3,1
2025-02-01_csu_bakersfield_csun,CSUN,22,"Dahlin, Laini",False,8,0,4,0.0,0,3,0.0,0,0,,1,0,1,2,0,0,0,0,0
2025-02-01_csu_bakersfield_csun,CSUN,10,"Lizama, Alondra",False,1,0,0,,0,0,,0,0,,0,0,0,1,0,1,0,0,0
2025-02-01_csu_bakersfield_csun,CSUN,TM,TEAM,False,0,0,0,,0,0,,0,0,,3,0,3,0,0,0,0,0,0
2025-02-01_csu_bakersfield_csun,CSU Bakersfield,04,"Dizon, Ary",True,32,6,9,0.667,2,3,0.667,1,2,0.5,0,4,4,2,4,9,3,1,15
2025-02-01_csu_bakersfield_csun,CSU Bakersfield,20,"Secchiaroli, Melissa",True,22,3,5,0.6,0,1,0.0,1,2,0.5,1,1,2,2,1,5,0,1,7
2025-02-01_csu_bakersfield_csun,CSU Bakersfield,32,"Freeman, Garrisen",True,32,1,4,0.25,0,0,,4,4,1.0,1,5,6,1,3,2,1,2,6
2025-02-01_csu_bakersfield_csun,CSU Bakersfield,02,"Gingras, Caitie",True,29,2,7,0.286,2,6,0.333,0,0,,1,2,3,3,0,0,0,0,6
2025-02-01_csu_bakersfield_csun,CSU Bakersfield,55,"Slocum, Trinity",True,31,1,3,0.333,0,1,0.0,1,2,0.5,1,7,8,1,2,4,1,2,3
2025-02-01_csu_bakersfield_csun,CSU Bakersfield,30,"Dioli, Alli",False,25,2,9,0.222,2,7,0.286,0,0,,0,4,4,2,0,3,0,0,6
2025-02-01_csu_bakersfield_csun,CSU Bakersfield,34,"Forney, Cheyenne",False,5,2,3,0.667,0,0,,1,1,1.0,2,0,2,1,0,1,0,0,5
2025-02-01_csu_bakersfield_csun,CSU Bakersfield,08,"Langi, Marley",False,11,1,3,0.333,0,1,0.0,1,2,0.5,0,1,1,4,0,2,0,1,3
2025-02-01_csu_bakersfield_csun,CSU Bakersfield,21,"Tse, Dylan",False,12,0,4,0.0,0,1,0.0,0,0,,0,2,2,0,0,0,1,0,0
2025-02-01_csu_bakersfield_csun,CSU Bakersfield,42,"Tse, Allysan",False,1,0,1,0.0,0,1,0.0,0,0,,0,0,0,0,0,0,0,0,0
2025-02-01_csu_bakersfield_csun,CSU Bakersfield,TM,TEAM,False,0,0,0,,0,0,,0,0,,0,4,4,0,0,0,0,0,0
2025-02-06_uc_davis_long_beach_st,Long Beach St.,02,"Tucker, Savannah",True,40,8,20,0.4,4,9,0.444,6,6,1.0,0,2,2,3,1,0,0,3,26
2025-02-06_uc_davis_long_beach_st,Long Beach St.,11,"Loobie, Rachel",True,30,3,12,0.25,1,4,0.25,2,2,1.0,4,11,15,5,2,2,1,3,9
2025-02-06_uc_davis_long_beach_st,Long Beach St.,12,"Crawshaw, Jada",True,16,3,10,0.3,0,1,0.0,1,2,0.5,2,0,2,1,0,1,0,0,7
2025-02-06_uc_davis_long_beach_st,Long Beach St.,03,"Chung, Patricia",True,33,2,10,0.2,1,5,0.2,0,0,,0,4,4,2,3,2,0,3,5
2025-02-06_uc_davis_long_beach_st,Long Beach St.,22,"Richards, Mykelle",True,27,0,5,0.0,0,2,0.0,1,4,0.25,3,0,3,4,1,1,0,0,1
2025-02-06_uc_davis_long_beach_st,Long Beach St.,01,"Sonnier, Lovely",False,19,1,6,0.167,0,2,0.0,3,4,0.75,0,1,1,1,0,1,1,2,5
2025-02-06_uc_davis_long_beach_st,Long Beach St.,30,"Jones-Brown, JaQuoia",False,19,2,7,0.286,0,0,,0,0,,3,1,4,2,0,0,0,0,4
2025-02-06_uc_davis_long_beach_st,Long Beach St.,05,"Ka, Kennan",False,13,0,2,0.0,0,2,0.0,0,0,,1,2,3,1,0,0,0,1,0
2025-02-06_uc_davis_long_beach_st,Long Beach St.,42,"Oliva Fernandez, Judit",False,2,0,0,,0,0,,0,0,,0,0,0,0,1,1,0,1,0
2025-02-06_uc_davis_long_beach_st,Long Beach St.,33,"Wright, Haley",False,1,0,0,,0,0,,0,0,,0,0,0,0,0,0,0,0,0
2025-02-06_uc_davis_long_beach_st,Long Beach St.,10,"Reynoso, Christy",False,,0,0,,0,0,,0,0,,0,0,0,0,0,0,0,0,0
2025-02-06_uc_davis_long_beach_st,Long Beach St.,TM,TEAM,False,0,0,0,,0,0,,0,0,,1,0,1,0,0,0,0,0,0
2025-02-06_uc_davis_long_beach_st,UC Davis,04,"Epps, Nya",True,31,8,10,0.8,3,4,0.75,5,6,0.833,1,3,4,3,4,2,0,0,24
2025-02-06_uc_davis_long_beach_st,UC Davis,14,"Sabel, Tova",True,28,5,9,0.556,1,3,0.333,4,4,1.0,0,10,10,4,2,1,0,0,15
2025-02-06_uc_davis_long_beach_st,UC Davis,25,"Norris, Megan",True,26,4,7,0.571,0,0,,0,0,,2,6,8,4,1,2,2,1,8
2025-02-06_uc_davis_long_beach_st,UC Davis,13,"Burns, Sydney",True,33,0,3,0.0,0,2,0.0,4,4,1.0,1,9,10,1,6,3,0,0,4
2025-02-06_uc_davis_long_beach_st,UC Davis,33,"Harris, Mazatlan",True,19,1,4,0.25,0,2,0.0,0,0,,0,3,3,1,2,1,1,1,2
2025-02-06_uc_davis_long_beach_st,UC Davis,23,"Baker, Victoria",False,21,3,5,0.6,2,2,1.0,7,7,1.0,0,4,4,4,1,3,1,0,15
2025-02-06_uc_davis_long_beach_st,UC Davis,09,"Sussex, Avery",False,7,1,5,0.2,1,4,0.25,0,0,,0,0,0,0,1,2,0,0,3
2025-02-06_uc_davis_long_beach_st,UC Davis,05,"Fitzgerald, Ally",False,14,0,4,0.0,0,0,,0,0,,0,1,1,1,0,1,3,0,0
2025-02-06_uc_davis_long_beach_st,UC Davis,02,"Bennett, Ryann",False,12,0,2,0.0,0,1,0.0,0,0,,0,1,1,1,0,4,0,0,0
2025-02-06_uc_davis_long_beach_st,UC Davis,11,"Glad, Clara",False,9,0,0,,0,0,,0,0,,0,1,1,1,0,0,0,0,0
2025-02-06_uc_davis_long_beach_st,UC Davis,TM,TEAM,False,0,0,0,,0,0,,0,0,,1,3,4,0,0,1,0,0,0
2025-02-06_hawaii_cal_poly,Cal Poly,02,"Shah, Annika",True,34,5,18,0.278,1,7,0.143,1,1,1.0,2,3,5,3,1,1,0,1,12
2025-02-06_hawaii_cal_poly,Cal Poly,04,"Lichtie, Sierra",True,31,3,7,0.429,0,3,0.0,3,3,1.0,0,4,4,1,2,3,0,1,9
2025-02-06_hawaii_cal_poly,Cal Poly,15,"Bourland, Sydney",True,28,3,9,0.333,0,2,0.0,2,2,1.0,4,1,5,4,2,4,0,0,8
2025-02-06_hawaii_cal_poly,Cal Poly,24,"Carter, Mary",True,28,1,8,0.125,0,3,0.0,0,0,,3,2,5,2,0,1,0,1,2
2025-02-06_hawaii_cal_poly,Cal Poly,31,"Hiraki, Ashley",True,15,0,3,0.0,0,2,0.0,0,0,,1,1,2,5,0,3,0,0,0
2025-02-06_hawaii_cal_poly,Cal Poly,10,"Richards, Sidney",False,23,1,7,0.143,0,1,0.0,4,5,0.8,2,2,4,3,0,3,0,2,6
2025-02-06_hawaii_cal_poly,Cal Poly,14,"Bears, Gillian",False,7,2,3,0.667,0,0,,0,0,,1,0,1,2,0,0,0,1,4
2025-02-06_hawaii_cal_poly,Cal Poly,09,"Perez, Nora",False,4,1,1,1.0,0,0,,0,2,0.0,0,0,0,0,0,1,0,1,2
2025-02-06_hawaii_cal_poly,Cal Poly,05,"Robinson, Gabby",False,14,0,1,0.0,0,0,,0,0,,0,0,0,1,0,2,0,1,0
2025-02-06_hawaii_cal_poly,Cal Poly,22,"Goosby, Alana",False,8,0,2,0.0,0,0,,0,2,0.0,0,2,2,0,1,0,0,0,0
2025-02-06_hawaii_cal_poly,Cal Poly,11,"Knapp, Avery",False,4,0,0,,0,0,,0,0,,0,1,1,0,0,0,0,0,0
2025-02-06_hawaii_cal_poly,Cal Poly,23,"Moleon Hidalgo, Ana",False,4,0,0,,0,0,,0,0,,0,0,0,1,1,1,0,0,0
2025-02-06_hawaii_cal_poly,Cal Poly,TM,TEAM,False,0,0,0,,0,0,,0,0,,1,1,2,0,0,0,0,0,0
2025-02-06_hawaii_cal_poly,Hawaii,24,"Tamilo, Ritorya",True,19,4,8,0.5,0,1,0.0,5,6,0.833,2,5,7,0,0,2,0,0,13
2025-02-06_hawaii_cal_poly,Hawaii,02,"'Uhila, Mia",True,29,3,6,0.5,0,1,0.0,5,5,1.0,1,3,4,0,3,7,1,2,11
2025-02-06_hawaii_cal_poly,Hawaii,01,"Imai, Kelsie",True,32,3,7,0.429,1,2,0.5,2,4,0.5,1,2,3,1,2,1,0,2,9
2025-02-06_hawaii_cal_poly,Hawaii,12,"Perez, Imani",True,32,2,6,0.333,0,0,,2,4,0.5,2,4,6,3,1,3,1,0,6
2025-02-06_hawaii_cal_poly,Hawaii,23,"McBee, MeiLani",True,23,0,1,0.0,0,1,0.0,0,0,,0,3,3,4,0,1,0,3,0
2025-02-06_hawaii_cal_poly,Hawaii,04,"Lefotu, Jovi",False,17,4,5,0.8,1,2,0.5,6,6,1.0,1,1,2,3,2,1,0,3,15
2025-02-06_hawaii_cal_poly,Hawaii,14,"Rewers, Brooklyn",False,21,4,9,0.444,0,2,0.0,3,4,0.75,1,8,9,1,0,0,2,0,11
2025-02-06_hawaii_cal_poly,Hawaii,11,"Filemu, Kira-May",False,6,1,2,0.5,0,0,,0,0,,0,1,1,0,1,1,0,1,2
2025-02-06_hawaii_cal_poly,Hawaii,22,"Peacock, Jade",False,14,0,0,,0,0,,0,0,,0,1,1,1,0,1,0,0,0
2025-02-06_hawaii_cal_poly,Hawaii,08,"Moors, Rebecca",False,5,0,0,,0,0,,0,0,,0,1,1,0,0,0,0,0,0
2025-02-06_hawaii_cal_poly,Hawaii,13,"Birdsong, Hallie",False,2,0,1,0.0,0,1,0.0,0,0,,0,0,0,0,0,0,0,0,0
2025-02-06_hawaii_cal_poly,Hawaii,TM,TEAM,False,0,0,0,,0,0,,0,0,,1,2,3,0,0,2,0,0,0
2025-02-06_uc_riverside_uc_san_diego,UC San Diego,3,"Sugapong, Sumayah",True,35,7,13,0.538,1,2,0.5,5,6,0.833,1,3,4,3,3,3,1,5,20
2025-02-06_uc_riverside_uc_san_diego,UC San Diego,15,"Ma, Sabrina",True,39,3,9,0.333,1,6,0.167,5,5,1.0,1,2,3,1,2,0,1,2,12
2025-02-06_uc_riverside_uc_san_diego,UC San Diego,24,"Spriggs, Kayanna",True,28,5,7,0.714,0,0,,2,5,0.4,5,5,10,4,1,1,0,0,12
2025-02-06_uc_riverside_uc_san_diego,UC San Diego,32,"Montgomery, Parker",True,31,4,10,0.4,1,4,0.25,1,1,1.0,0,2,2,2,0,0,0,4,10
2025-02-06_uc_riverside_uc_san_diego,UC San Diego,22,"Gallegos, Gracie",True,32,1,10,0.1,0,3,0.0,4,6,0.667,0,8,8,2,2,0,3,0,6
2025-02-06_uc_riverside_uc_san_diego,UC San Diego,11,"Condron, Erin",False,12,5,7,0.714,0,1,0.0,0,0,,2,1,3,2,0,1,0,0,10
2025-02-06_uc_riverside_uc_san_diego,UC San Diego,25,"Mahan, Junae",False,14,1,2,0.5,0,0,,0,0,,0,1,1,1,3,1,1,0,2
2025-02-06_uc_riverside_uc_san_diego,UC San Diego,23,"Blithikioti, Eri",False,7,0,1,0.0,0,0,,0,0,,1,0,1,0,1,0,0,0,0
2025-02-06_uc_riverside_uc_san_diego,UC San Diego,5,"Louther, Gabby",False,1,0,0,,0,0,,0,0,,0,0,0,0,0,0,0,0,0
2025-02-06_uc_riverside_uc_san_diego,UC San Diego,12,"Smith, Rosa",False,1,0,0,,0,0,,0,0,,0,0,0,0,0,0,0,0,0
2025-02-06_uc_riverside_uc_san_diego,UC San Diego,TM,TEAM,False,0,0,0,,0,0,,0,0,,2,3,5,0,0,1,0,0,0
2025-02-06_uc_riverside_uc_san_diego,UC Riverside,2,"Hackley, Seneca",True,37,2,10,0.2,1,5,0.2,8,10,0.8,0,3,3,2,0,3,0,1,13
2025-02-06_uc_riverside_uc_san_diego,UC Riverside,00,"Rose, Makayla",True,37,4,11,0.364,2,6,0.333,2,3,0.667,0,0,0,3,0,1,0,0,12
2025-02-06_uc_riverside_uc_san_diego,UC Riverside,3,"Tillery, Zoe",True,23,3,6,0.5,0,3,0.0,2,2,1.0,1,1,2,1,1,0,0,0,8
2025-02-06_uc_riverside_uc_san_diego,UC Riverside,5,"Duchemin, Shelley",True,31,2,10,0.2,0,2,0.0,0,0,,2,5,7,2,2,2,0,0,4
2025-02-06_uc_riverside_uc_san_diego,UC Riverside,11,"Matarranz, Esther",True,20,0,3,0.0,0,0,,0,0,,5,1,6,5,1,3,0,1,0
2025-02-06_uc_riverside_uc_san_diego,UC Riverside,1,"Polk, Kaylani",False,14,2,4,0.5,1,2,0.5,0,0,,0,2,2,1,3,2,0,0,5
2025-02-06_uc_riverside_uc_san_diego,UC Riverside,12,"Cutler, Gemma",False,19,2,4,0.5,0,0,,0,2,0.0,2,2,4,2,0,0,2,0,4
2025-02-06_uc_riverside_uc_san_diego,UC Riverside,4,"Marshall, Jordyn",False,7,1,2,0.5,1,2,0.5,0,0,,0,2,2,1,0,3,0,0,3
2025-02-06_uc_riverside_uc_san_diego,UC Riverside,13,"Chocano, Maya",False,9,0,1,0.0,0,0,,0,0,,0,2,2,1,0,1,0,0,0
2025-02-06_uc_riverside_uc_san_diego,UC Riverside,7,"Wickstrom, Hannah",False,3,0,1,0.0,0,0,,0,0,,0,1,1,0,0,0,0,0,0
2025-02-06_uc_riverside_uc_san_diego,UC Riverside,TM,TEAM,False,0,0,0,,0,0,,0,0,,1,2,3,0,0,0,0,0,0
2025-02-06_uc_santa_barbara_csu_bakersfield,CSU Bakersfield,20,"Secchiaroli, Melissa",True,24,5,11,0.455,3,7,0.429,0,1,0.0,0,0,0,3,0,1,0,0,13
2025-02-06_uc_santa_barbara_csu_bakersfield,CSU Bakersfield,04,"Dizon, Ary",True,35,6,7,0.857,0,0,,0,0,,1,6,7,2,2,3,3,1,12
2025-02-06_uc_santa_barbara_csu_bakersfield,CSU Bakersfield,55,"Slocum, Trinity",True,19,2,5,0.4,0,2,0.0,0,0,,0,0,0,0,2,1,0,0,4
2025-02-06_uc_santa_barbara_csu_bakersfield,CSU Bakersfield,32,"Freeman, Garrisen",True,31,1,4,0.25,0,1,0.0,1,4,0.25,0,8,8,2,0,0,2,0,3
2025-02-06_uc_santa_barbara_csu_bakersfield,CSU Bakersfield,02,"Gingras, Caitie",True,32,1,5,0.2,0,2,0.0,0,0,,2,2,4,3,1,2,1,0,2
2025-02-06_uc_santa_barbara_csu_bakersfield,CSU Bakersfield,08,"Langi, Marley",False,15,2,8,0.25,0,3,0.0,0,0,,1,4,5,3,1,0,0,0,4
2025-02-06_uc_santa_barbara_csu_bakersfield,CSU Bakersfield,11,"Caldwell, Taylor",False,27,1,9,0.111,0,4,0.0,0,0,,1,4,5,1,2,3,0,1,2
2025-02-06_uc_santa_barbara_csu_bakersfield,CSU Bakersfield,34,"Forney, Cheyenne",False,11,0,1,0.0,0,0,,0,0,,1,1,2,0,0,2,0,0,0
2025-02-06_uc_santa_barbara_csu_bakersfield,CSU Bakersfield,30,"Dioli, Alli",False,6,0,0,,0,0,,0,0,,0,1,1,1,0,0,0,0,0
2025-02-06_uc_santa_barbara_csu_bakersfield,CSU Bakersfield,TM,TEAM,False,0,0,0,,0,0,,0,0,,2,2,4,0,0,2,0,0,0
2025-02-06_uc_santa_barbara_csu_bakersfield,UC Santa Barbara,02,"Borter, Zoe",True,39,6,12,0.5,1,2,0.5,2,2,1.0,2,3,5,0,1,0,0,1,15
2025-02-06_uc_santa_barbara_csu_bakersfield,UC Santa Barbara,55,"Burke, Skylar",True,33,3,11,0.273,1,2,0.5,2,3,0.667,4,8,12,3,2,1,0,2,9
2025-02-06_uc_santa_barbara_csu_bakersfield,UC Santa Barbara,10,"Choice, Anya",True,15,1,4,0.25,1,2,0.5,4,4,1.0,0,0,0,0,1,1,0,1,7
2025-02-06_uc_santa_barbara_csu_bakersfield,UC Santa Barbara,11,"Williams, Cayla",True,31,2,7,0.286,2,6,0.333,0,0,,2,5,7,2,1,1,1,0,6
2025-02-06_uc_santa_barbara_csu_bakersfield,UC Santa Barbara,03,"Marin, Alyssa",True,29,0,6,0.0,0,2,0.0,2,4,0.5,1,1,2,2,0,1,0,2,2
2025-02-06_uc_santa_barbara_csu_bakersfield,UC Santa Barbara,32,"Grant, Jessica",False,32,3,8,0.375,2,7,0.286,2,2,1.0,1,4,5,0,3,1,0,1,10
2025-02-06_uc_santa_barbara_csu_bakersfield,UC Santa Barbara,05,"Bradley, Olivia",False,13,0,5,0.0,0,0,,2,2,1.0,1,3,4,0,1,2,0,0,2
2025-02-06_uc_santa_barbara_csu_bakersfield,UC Santa Barbara,14,"Coon, Kanani",False,5,0,2,0.0,0,0,,0,0,,0,0,0,0,0,0,0,0,0
2025-02-06_uc_santa_barbara_csu_bakersfield,UC Santa Barbara,13,"Goed, Flora",False,3,0,0,,0,0,,0,0,,0,0,0,0,0,0,2,0,0
2025-02-06_uc_santa_barbara_csu_bakersfield,UC Santa Barbara,TM,TEAM,False,0,0,0,,0,0,,0,0,,3,2,5,0,0,1,0,0,0
2025-02-06_cal_st_fullerton_csun,CSUN,03,"Tumlin, Kelly",True,32,6,9,0.667,6,9,0.667,3,3,1.0,1,0,1,2,0,4,0,2,21
2025-02-06_cal_st_fullerton_csun,CSUN,14,"Orji, Nnenna",True,17,6,12,0.5,0,0,,0,0,,2,6,8,4,2,6,0,0,12
2025-02-06_cal_st_fullerton_csun,CSUN,21,"Marshall, Karsen",True,32,4,11,0.364,0,5,0.0,0,0,,1,7,8,1,1,1,0,1,8
2025-02-06_cal_st_fullerton_csun,CSUN,22,"Dahlin, Laini",True,24,2,8,0.25,2,7,0.286,0,2,0.0,1,6,7,2,0,1,0,2,6
2025-02-06_cal_st_fullerton_csun,CSUN,20,"Adams, Erica",True,29,0,6,0.0,0,3,0.0,2,4,0.5,3,5,8,4,1,3,0,1,2
2025-02-06_cal_st_fullerton_csun,CSUN,10,"Lizama, Alondra",False,13,1,5,0.2,0,0,,4,4,1.0,4,2,6,2,1,1,0,1,6
2025-02-06_cal_st_fullerton_csun,CSUN,00,"Kilty, Jenna",False,19,2,3,0.667,0,1,0.0,0,0,,0,1,1,3,0,6,0,1,4
2025-02-06_cal_st_fullerton_csun,CSUN,02,"Hopson, Kayla",False,24,0,3,0.0,0,0,,1,4,0.25,0,2,2,2,6,3,0,2,1
2025-02-06_cal_st_fullerton_csun,CSUN,05,"Cox, Yves",False,10,0,1,0.0,0,0,,1,2,0.5,0,2,2,1,0,1,1,0,1
2025-02-06_cal_st_fullerton_csun,CSUN,TM,TEAM,False,0,0,0,,0,0,,0,0,,3,1,4,0,0,0,0,0,0
2025-02-06_cal_st_fullerton_csun,Cal St. Fullerton,23,"Strachan, Emily",True,37,6,10,0.6,1,2,0.5,11,12,0.917,0,3,3,0,2,2,1,4,24
2025-02-06_cal_st_fullerton_csun,Cal St. Fullerton,24,"Stanton, Aaliyah",True,32,5,13,0.385,0,3,0.0,4,5,0.8,1,3,4,2,3,4,0,3,14
2025-02-06_cal_st_fullerton_csun,Cal St. Fullerton,13,"Hernandez, Aixchel",True,31,4,9,0.444,0,0,,2,2,1.0,2,7,9,2,2,2,6,1,10
2025-02-06_cal_st_fullerton_csun,Cal St. Fullerton,22,"Muniz, Madelynn",True,20,1,7,0.143,0,5,0.0,0,0,,0,1,1,4,0,1,0,3,2
2025-02-06_cal_st_fullerton_csun,Cal St. Fullerton,12,"Levingston, Eva",True,33,0,4,0.0,0,0,,1,2,0.5,4,6,10,2,1,3,0,0,1
2025-02-06_cal_st_fullerton_csun,Cal St. Fullerton,02,"Tauro, Maddy",False,20,3,8,0.375,0,0,,1,4,0.25,0,0,0,0,2,2,1,2,7
2025-02-06_cal_st_fullerton_csun,Cal St. Fullerton,00,"Davis, Layla",False,9,2,3,0.667,0,0,,1,2,0.5,0,1,1,1,0,1,0,0,5
2025-02-06_cal_st_fullerton_csun,Cal St. Fullerton,04,"Falsdottir, Jana",False,11,1,5,0.2,0,2,0.0,0,0,,1,0,1,2,1,1,0,0,2
2025-02-06_cal_st_fullerton_csun,Cal St. Fullerton,01,"Wienecke, Genna",False,7,0,0,,0,0,,0,0,,1,1,2,0,0,0,0,0,0
2025-02-06_cal_st_fullerton_csun,Cal St. Fullerton,TM,TEAM,False,0,0,0,,0,0,,0,0,,0,3,3,0,0,0,0,0,0
2025-02-08_uc_davis_cal_st_fullerton,Cal St. Fullerton,24,"Stanton, Aaliyah",True,30,5,13,0.385,0,2,0.0,2,2,1.0,1,2,3,3,5,4,1,4,12
2025-02-08_uc_davis_cal_st_fullerton,Cal St. Fullerton,13,"Hernandez, Aixchel",True,36,5,6,0.833,0,0,,0,0,,0,5,5,1,1,1,0,1,10
2025-02-08_uc_davis_cal_st_fullerton,Cal St. Fullerton,22,"Muniz, Madelynn",True,24,2,4,0.5,2,3,0.667,0,0,,0,2,2,1,0,2,1,1,6
2025-02-08_uc_davis_cal_st_fullerton,Cal St. Fullerton,23,"Strachan, Emily",True,24,1,7,0.143,0,0,,2,4,0.5,0,1,1,1,0,2,1,2,4
2025-02-08_uc_davis_cal_st_fullerton,Cal St. Fullerton,12,"Levingston, Eva",True,23,2,5,0.4,0,0,,0,0,,1,4,5,3,2,4,0,0,4
2025-02-08_uc_davis_cal_st_fullerton,Cal St. Fullerton,00,"Davis, Layla",False,17,3,7,0.429,0,0,,3,3,1.0,2,1,3,2,1,0,0,2,9
2025-02-08_uc_davis_cal_st_fullerton,Cal St. Fullerton,02,"Tauro, Maddy",False,16,1,3,0.333,0,0,,4,4,1.0,2,1,3,1,1,2,0,3,6
2025-02-08_uc_davis_cal_st_fullerton,Cal St. Fullerton,04,"Falsdottir, Jana",False,10,1,2,0.5,1,2,0.5,0,0,,0,1,1,1,1,1,0,0,3
2025-02-08_uc_davis_cal_st_fullerton,Cal St. Fullerton,10,"Lagway, Demonnie",False,16,0,4,0.0,0,2,0.0,0,0,,0,2,2,0,0,2,0,0,0
2025-02-08_uc_davis_cal_st_fullerton,Cal St. Fullerton,01,"Wienecke, Genna",False,2,0,0,,0,0,,0,0,,0,0,0,0,0,0,0,0,0
2025-02-08_uc_davis_cal_st_fullerton,Cal St. Fullerton,55,"Schuler, Samantha",False,2,0,2,0.0,0,0,,0,0,,0,1,1,0,0,1,0,0,0
2025-02-08_uc_davis_cal_st_fullerton,Cal St. Fullerton,TM,TEAM,False,0,0,0,,0,0,,0,0,,2,1,3,0,0,1,0,0,0
2025-02-08_uc_davis_cal_st_fullerton,UC Davis,25,"Norris, Megan",True,22,8,12,0.667,1,2,0.5,4,5,0.8,3,4,7,1,0,1,3,0,21
2025-02-08_uc_davis_cal_st_fullerton,UC Davis,14,"Sabel, Tova",True,23,4,11,0.364,4,8,0.5,2,2,1.0,0,3,3,3,1,1,1,1,14
2025-02-08_uc_davis_cal_st_fullerton,UC Davis,23,"Baker, Victoria",True,19,3,4,0.75,1,1,1.0,0,0,,0,2,2,3,1,1,1,3,7
2025-02-08_uc_davis_cal_st_fullerton,UC Davis,13,"Burns, Sydney",True,22,1,1,1.0,0,0,,4,4,1.0,1,4,5,1,4,2,0,4,6
2025-02-08_uc_davis_cal_st_fullerton,UC Davis,04,"Epps, Nya",True,21,1,5,0.2,0,0,,0,0,,2,0,2,1,2,3,0,4,2
2025-02-08_uc_davis_cal_st_fullerton,UC Davis,02,"Bennett, Ryann",False,23,4,7,0.571,2,2,1.0,0,0,,1,2,3,1,2,1,2,1,10
2025-02-08_uc_davis_cal_st_fullerton,UC Davis,05,"Fitzgerald, Ally",False,17,2,8,0.25,1,2,0.5,0,0,,1,6,7,2,0,3,2,0,5
2025-02-08_uc_davis_cal_st_fullerton,UC Davis,11,"Glad, Clara",False,17,2,6,0.333,0,2,0.0,0,0,,0,1,1,2,1,1,0,0,4
2025-02-08_uc_davis_cal_st_fullerton,UC Davis,03,"Kanagasabay, Sahana",False,7,1,1,1.0,0,0,,0,2,0.0,0,1,1,2,0,0,0,0,2
2025-02-08_uc_davis_cal_st_fullerton,UC Davis,41,"Shine, Bria",False,17,0,1,0.0,0,1,0.0,0,0,,0,0,0,1,1,1,0,0,0
2025-02-08_uc_davis_cal_st_fullerton,UC Davis,09,"Sussex, Avery",False,12,0,2,0.0,0,1,0.0,0,0,,0,0,0,0,3,3,1,1,0
2025-02-08_uc_davis_cal_st_fullerton,UC Davis,TM,TEAM,False,0,0,0,,0,0,,0,0,,4,1,5,0,0,1,0,0,0
2025-02-08_hawaii_uc_santa_barbara,UC Santa Barbara,55,"Burke, Skylar",True,32,7,17,0.412,1,4,0.25,5,6,0.833,1,8,9,4,4,6,0,5,20
2025-02-08_hawaii_uc_santa_barbara,UC Santa Barbara,02,"Borter, Zoe",True,40,4,12,0.333,2,5,0.4,1,2,0.5,1,5,6,1,1,2,0,0,11
2025-02-08_hawaii_uc_santa_barbara,UC Santa Barbara,03,"Marin, Alyssa",True,26,2,10,0.2,1,6,0.167,4,7,0.571,0,3,3,2,2,1,0,2,9
2025-02-08_hawaii_uc_santa_barbara,UC Santa Barbara,11,"Williams, Cayla",True,29,1,3,0.333,1,1,1.0,0,0,,2,2,4,4,0,0,0,0,3
2025-02-08_hawaii_uc_santa_barbara,UC Santa Barbara,10,"Choice, Anya",True,12,1,4,0.25,0,1,0.0,0,0,,0,0,0,3,0,2,0,0,2
2025-02-08_hawaii_uc_santa_barbara,UC Santa Barbara,32,"Grant, Jessica",False,33,3,7,0.429,2,6,0.333,0,0,,0,2,2,2,0,0,0,2,8
2025-02-08_hawaii_uc_santa_barbara,UC Santa Barbara,05,"Bradley, Olivia",False,17,1,3,0.333,1,2,0.5,0,0,,0,2,2,3,1,0,0,1,3
2025-02-08_hawaii_uc_santa_barbara,UC Santa Barbara,20,"Rockwood, Laurel",False,11,1,1,1.0,0,0,,0,0,,1,1,2,1,0,0,0,2,2
2025-02-08_hawaii_uc_santa_barbara,UC Santa Barbara,13,"Goed, Flora",False,,0,0,,0,0,,0,0,,0,0,0,0,0,0,0,0,0
2025-02-08_hawaii_uc_santa_barbara,UC Santa Barbara,14,"Coon, Kanani",False,,0,0,,0,0,,0,0,,0,0,0,0,0,0,0,0,0
2025-02-08_hawaii_uc_santa_barbara,UC Santa Barbara,TM,TEAM,False,0,0,0,,0,0,,0,0,,2,2,4,0,0,3,0,0,0
2025-02-08_hawaii_uc_santa_barbara,Hawaii,02,"'Uhila, Mia",True,33,9,13,0.692,2,3,0.667,3,3,1.0,2,5,7,4,4,1,0,2,23
2025-02-08_hawaii_uc_santa_barbara,Hawaii,23,"McBee, MeiLani",True,27,2,5,0.4,2,5,0.4,6,6,1.0,1,4,5,1,1,1,0,2,12
2025-02-08_hawaii_uc_santa_barbara,Hawaii,03,"Wahinekapu, Lily",True,19,4,12,0.333,0,3,0.0,3,4,0.75,1,2,3,4,2,2,0,1,11
2025-02-08_hawaii_uc_santa_barbara,Hawaii,12,"Perez, Imani",True,33,2,4,0.5,1,3,0.333,0,2,0.0,1,5,6,2,1,2,1,0,5
2025-02-08_hawaii_uc_santa_barbara,Hawaii,24,"Tamilo, Ritorya",True,19,1,6,0.167,0,1,0.0,0,0,,1,3,4,0,0,1,2,0,2
2025-02-08_hawaii_uc_santa_barbara,Hawaii,01,"Imai, Kelsie",False,21,2,3,0.667,1,2,0.5,2,4,0.5,1,0,1,3,1,5,0,2,7
2025-02-08_hawaii_uc_santa_barbara,Hawaii,14,"Rewers, Brooklyn",False,12,2,6,0.333,1,3,0.333,0,0,,1,1,2,2,0,1,0,0,5
2025-02-08_hawaii_uc_santa_barbara,Hawaii,04,"Lefotu, Jovi",False,20,0,6,0.0,0,4,0.0,0,0,,0,4,4,1,2,1,0,1,0
2025-02-08_hawaii_uc_santa_barbara,Hawaii,22,"Peacock, Jade",False,16,0,1,0.0,0,0,,0,0,,0,2,2,1,0,0,1,0,0
2025-02-08_hawaii_uc_santa_barbara,Hawaii,TM,TEAM,False,0,0,0,,0,0,,0,0,,1,4,5,0,0,0,0,0,0
2025-02-08_uc_san_diego_uc_irvine,UC Irvine,20,"Hernandez, Hunter",True,37,5,13,0.385,3,7,0.429,2,2,1.0,2,5,7,0,2,5,1,1,15
2025-02-08_uc_san_diego_uc_irvine,UC Irvine,21,"Williams, Olivia",True,30,3,9,0.333,0,4,0.0,0,0,,1,6,7,0,0,2,1,1,6
2025-02-08_uc_san_diego_uc_irvine,UC Irvine,03,"Tom, Nikki",True,31,2,8,0.25,0,2,0.0,1,1,1.0,3,2,5,3,1,4,1,1,5
2025-02-08_uc_san_diego_uc_irvine,UC Irvine,24,"Dean, Nevaeh",True,24,2,5,0.4,1,1,1.0,0,0,,2,8,10,3,1,0,1,0,5
2025-02-08_uc_san_diego_uc_irvine,UC Irvine,13,"Lee, Deja",True,19,1,9,0.111,0,5,0.0,1,2,0.5,1,3,4,4,2,1,0,0,3
2025-02-08_uc_san_diego_uc_irvine,UC Irvine,14,"Hanson, Summah",False,14,5,9,0.556,0,2,0.0,1,1,1.0,2,0,2,2,0,1,1,0,11
2025-02-08_uc_san_diego_uc_irvine,UC Irvine,11,"Scharpf, Amelia",False,17,1,2,0.5,1,1,1.0,2,2,1.0,3,4,7,2,4,5,0,0,5
2025-02-08_uc_san_diego_uc_irvine,UC Irvine,10,"Madsen, Lauryn",False,13,1,1,1.0,1,1,1.0,0,0,,0,1,1,0,0,1,0,0,3
2025-02-08_uc_san_diego_uc_irvine,UC Irvine,33,"Gnahore, Ines",False,3,1,2,0.5,1,2,0.5,0,0,,0,0,0,0,0,0,0,0,3
2025-02-08_uc_san_diego_uc_irvine,UC Irvine,12,"Nahum, Shirel",False,8,0,1,0.0,0,1,0.0,0,2,0.0,0,0,0,1,1,2,0,0,0
2025-02-08_uc_san_diego_uc_irvine,UC Irvine,22,"Djoko, Clara",False,3,0,0,,0,0,,0,0,,0,1,1,1,0,1,0,1,0
2025-02-08_uc_san_diego_uc_irvine,UC Irvine,09,"Falcon Hernandez, Daniela",False,1,0,0,,0,0,,0,0,,0,0,0,0,0,0,0,0,0
2025-02-08_uc_san_diego_uc_irvine,UC Irvine,TM,TEAM,False,0,0,0,,0,0,,0,0,,3,3,6,0,0,0,0,0,0
2025-02-08_uc_san_diego_uc_irvine,UC San Diego,03,"Sugapong, Sumayah",True,38,6,18,0.333,3,5,0.6,0,0,,0,2,2,5,2,3,0,2,15
2025-02-08_uc_san_diego_uc_irvine,UC San Diego,22,"Gallegos, Gracie",True,40,4,9,0.444,0,0,,4,4,1.0,1,1,2,1,1,1,0,2,12
2025-02-08_uc_san_diego_uc_irvine,UC San Diego,24,"Spriggs, Kayanna",True,28,2,9,0.222,0,0,,2,2,1.0,6,3,9,0,0,3,2,1,6
2025-02-08_uc_san_diego_uc_irvine,UC San Diego,32,"Montgomery, Parker",True,38,2,9,0.222,0,4,0.0,1,1,1.0,3,2,5,3,1,1,1,3,5
2025-02-08_uc_san_diego_uc_irvine,UC San Diego,15,"Ma, Sabrina",True,20,0,6,0.0,0,3,0.0,0,0,,3,6,9,5,0,2,0,1,0
2025-02-08_uc_san_diego_uc_irvine,UC San Diego,11,"Condron, Erin",False,12,3,8,0.375,0,2,0.0,1,2,0.5,0,1,1,0,0,0,1,2,7
2025-02-08_uc_san_diego_uc_irvine,UC San Diego,25,"Mahan, Junaé",False,22,2,11,0.182,0,2,0.0,0,0,,2,5,7,1,2,0,0,3,4
2025-02-08_uc_san_diego_uc_irvine,UC San Diego,23,"Blithikioti, Eri",False,2,0,0,,0,0,,0,0,,0,0,0,1,1,0,0,0,0
2025-02-08_uc_san_diego_uc_irvine,UC San Diego,TM,TEAM,False,0,0,0,,0,0,,0,0,,3,1,4,0,0,1,0,0,0
2025-02-08_csun_long_beach_st,Long Beach St.,2,"Tucker, Savannah",True,36,10,18,0.556,7,12,0.583,6,6,1.0,0,2,2,0,2,2,3,1,33
2025-02-08_csun_long_beach_st,Long Beach St.,11,"Loobie, Rachel",True,33,7,12,0.583,1,4,0.25,1,3,0.333,4,8,12,3,1,0,2,2,16
2025-02-08_csun_long_beach_st,Long Beach St.,3,"Chung, Patricia",True,32,5,12,0.417,3,6,0.5,0,0,,2,3,5,3,4,2,0,1,13
2025-02-08_csun_long_beach_st,Long Beach St.,12,"Crawshaw, Jada",True,19,5,7,0.714,0,1,0.0,0,0,,0,4,4,4,3,3,4,3,10
2025-02-08_csun_long_beach_st,Long Beach St.,22,"Richards, Mykelle",True,24,2,4,0.5,0,1,0.0,1,2,0.5,0,5,5,4,2,1,0,1,5
2025-02-08_csun_long_beach_st,Long Beach St.,30,"Jones-brown, Jaquoia",False,25,2,5,0.4,1,3,0.333,0,0,,0,3,3,2,0,0,0,0,5
2025-02-08_csun_long_beach_st,Long Beach St.,42,"Oliva Fernandez, Judit",False,10,1,3,0.333,1,2,0.5,1,2,0.5,0,4,4,2,1,0,0,0,4
2025-02-08_csun_long_beach_st,Long Beach St.,1,"Sonnier, Lovely",False,12,1,3,0.333,0,0,,0,1,0.0,0,2,2,1,0,3,0,0,2
2025-02-08_csun_long_beach_st,Long Beach St.,5,"Ka, Kennan",False,7,0,0,,0,0,,0,0,,0,0,0,0,1,1,0,0,0
2025-02-08_csun_long_beach_st,Long Beach St.,33,"Wright, Haley",False,2,0,0,,0,0,,0,0,,1,0,1,1,0,0,0,0,0
2025-02-08_csun_long_beach_st,Long Beach St.,TM,TEAM,False,0,0,0,,0,0,,0,0,,2,4,6,0,0,0,0,0,0
2025-02-08_csun_long_beach_st,CSUN,3,"Tumlin, Kelly",True,38,4,12,0.333,4,9,0.444,2,4,0.5,0,2,2,1,2,4,0,0,14
2025-02-08_csun_long_beach_st,CSUN,15,"Orji, Nnenna",True,20,5,11,0.455,0,0,,4,4,1.0,3,3,6,2,0,4,0,1,14
2025-02-08_csun_long_beach_st,CSUN,22,"Dahlin, Laini",True,35,3,12,0.25,3,8,0.375,2,2,1.0,2,1,3,3,1,1,1,1,11
2025-02-08_csun_long_beach_st,CSUN,1,"Adams, Erica",True,31,1,7,0.143,0,3,0.0,0,0,,1,6,7,2,1,1,0,0,2
2025-02-08_csun_long_beach_st,CSUN,21,"Marshall, Karsen",True,14,1,2,0.5,0,0,,0,0,,0,1,1,2,0,2,1,0,2
2025-02-08_csun_long_beach_st,CSUN,10,"Lizama, Alondra",False,25,3,10,0.3,0,0,,7,10,0.7,8,5,13,4,0,3,0,1,13
2025-02-08_csun_long_beach_st,CSUN,00,"Kilty, Jenna",False,11,1,4,0.25,1,2,0.5,2,2,1.0,1,2,3,1,1,0,0,0,5
2025-02-08_csun_long_beach_st,CSUN,2,"Hopson, Kayla",False,26,1,8,0.125,1,2,0.5,1,4,0.25,1,1,2,4,8,1,0,1,4
2025-02-08_csun_long_beach_st,CSUN,TM,TEAM,False,0,0,0,,0,0,,0,0,,2,4,6,0,0,0,0,0,0
2025-02-08_csu_bakersfield_uc_riverside,UC Riverside,03,"Tillery, Zoe",True,28,6,13,0.462,3,6,0.5,0,2,0.0,1,1,2,3,0,2,0,0,15
2025-02-08_csu_bakersfield_uc_riverside,UC Riverside,11,"Matarranz, Esther",True,28,3,5,0.6,0,0,,2,4,0.5,7,3,10,2,2,2,0,3,8
2025-02-08_csu_bakersfield_uc_riverside,UC Riverside,05,"Duchemin, Shelley",True,29,2,12,0.167,0,1,0.0,2,2,1.0,2,2,4,5,1,3,0,2,6
2025-02-08_csu_bakersfield_uc_riverside,UC Riverside,02,"Hackley, Seneca",True,26,2,8,0.25,0,1,0.0,2,2,1.0,2,3,5,2,1,2,0,2,6
2025-02-08_csu_bakersfield_uc_riverside,UC Riverside,00,"Rose, Makayla",True,33,2,8,0.25,1,3,0.333,0,0,,0,1,1,0,1,1,0,1,5
2025-02-08_csu_bakersfield_uc_riverside,UC Riverside,07,"Wickstrom, Hannah",False,13,4,6,0.667,2,2,1.0,0,0,,0,1,1,0,0,0,0,1,10
2025-02-08_csu_bakersfield_uc_riverside,UC Riverside,04,"Marshall, Jordyn",False,8,1,1,1.0,0,0,,2,4,0.5,0,0,0,0,0,1,0,0,4
2025-02-08_csu_bakersfield_uc_riverside,UC Riverside,12,"Cutler, Gemma",False,12,1,1,1.0,0,0,,0,0,,0,1,1,2,0,1,2,0,2
2025-02-08_csu_bakersfield_uc_riverside,UC Riverside,13,"Chocano, Maya",False,11,1,1,1.0,0,0,,0,0,,0,1,1,2,1,0,0,1,2
2025-02-08_csu_bakersfield_uc_riverside,UC Riverside,01,"Polk, Kaylani",False,12,0,3,0.0,0,2,0.0,0,0,,0,2,2,1,3,1,0,0,0
2025-02-08_csu_bakersfield_uc_riverside,UC Riverside,TM,TEAM,False,0,0,0,,0,0,,0,0,,2,0,2,0,0,0,0,0,0
2025-02-08_csu_bakersfield_uc_riverside,CSU Bakersfield,04,"Dizon, Ary",True,36,7,9,0.778,2,2,1.0,0,0,,0,1,1,3,4,2,0,1,16
2025-02-08_csu_bakersfield_uc_riverside,CSU Bakersfield,11,"Caldwell, Taylor",True,39,2,4,0.5,0,1,0.0,6,6,1.0,1,6,7,3,4,4,0,0,10
2025-02-08_csu_bakersfield_uc_riverside,CSU Bakersfield,02,"Gingras, Caitie",True,32,2,4,0.5,2,3,0.667,1,2,0.5,0,0,0,3,0,5,0,0,7
2025-02-08_csu_bakersfield_uc_riverside,CSU Bakersfield,32,"Freeman, Garrisen",True,34,2,4,0.5,0,1,0.0,0,2,0.0,0,5,5,3,0,3,0,2,4
2025-02-08_csu_bakersfield_uc_riverside,CSU Bakersfield,55,"Slocum, Trinity",True,17,1,3,0.333,0,1,0.0,1,2,0.5,0,3,3,0,0,1,0,2,3
2025-02-08_csu_bakersfield_uc_riverside,CSU Bakersfield,08,"Langi, Marley",False,27,6,12,0.5,5,8,0.625,6,9,0.667,0,5,5,1,4,4,0,0,23
2025-02-08_csu_bakersfield_uc_riverside,CSU Bakersfield,30,"Dioli, Alli",False,6,0,1,0.0,0,1,0.0,0,0,,0,0,0,0,0,1,0,0,0
2025-02-08_csu_bakersfield_uc_riverside,CSU Bakersfield,34,"Forney, Cheyenne",False,4,0,0,,0,0,,0,0,,0,2,2,0,0,0,0,0,0
2025-02-08_csu_bakersfield_uc_riverside,CSU Bakersfield,21,"Tse, Dylan",False,3,0,0,,0,0,,0,0,,0,0,0,1,0,0,0,0,0
2025-02-08_csu_bakersfield_uc_riverside,CSU Bakersfield,42,"Tse, Allysan",False,2,0,0,,0,0,,0,0,,0,0,0,0,0,0,0,0,0
2025-02-08_csu_bakersfield_uc_riverside,CSU Bakersfield,TM,TEAM,False,0,0,0,,0,0,,0,0,,1,3,4,0,0,0,0,0,0
2025-02-13_uc_riverside_uc_davis,UC Davis,14,"Sabel, Tova",True,33,7,18,0.389,0,6,0.0,2,2,1.0,2,8,10,1,1,5,1,1,16
2025-02-13_uc_riverside_uc_davis,UC Davis,4,"Epps, Nya",True,31,5,10,0.5,0,1,0.0,1,1,1.0,1,4,5,3,1,1,0,0,11
2025-02-13_uc_riverside_uc_davis,UC Davis,23,"Baker, Victoria",True,17,3,4,0.75,1,1,1.0,1,2,0.5,0,0,0,2,2,1,1,1,8
2025-02-13_uc_riverside_uc_davis,UC Davis,13,"Burns, Sydney",True,33,2,4,0.5,0,1,0.0,1,2,0.5,0,4,4,2,5,3,0,3,5
2025-02-13_uc_riverside_uc_davis,UC Davis,25,"Norris, Megan",True,32,2,9,0.222,0,2,0.0,1,2,0.5,2,6,8,1,2,1,3,1,5
2025-02-13_uc_riverside_uc_davis,UC Davis,2,"Bennett, Ryann",False,23,1,4,0.25,0,2,0.0,1,2,0.5,1,1,2,2,2,1,0,0,3
2025-02-13_uc_riverside_uc_davis,UC Davis,5,"Fitzgerald, Ally",False,8,1,1,1.0,1,1,1.0,0,0,,0,3,3,0,0,1,0,0,3
2025-02-13_uc_riverside_uc_davis,UC Davis,11,"Glad, Clara",False,9,1,2,0.5,0,1,0.0,0,0,,0,0,0,0,0,0,0,0,2
2025-02-13_uc_riverside_uc_davis,UC Davis,9,"Sussex, Avery",False,7,0,1,0.0,0,1,0.0,0,0,,0,0,0,0,0,0,0,0,0
2025-02-13_uc_riverside_uc_davis,UC Davis,41,"Shine, Bria",False,7,0,0,,0,0,,0,0,,0,1,1,0,0,1,0,0,0
2025-02-13_uc_riverside_uc_davis,UC Davis,TM,TEAM,False,0,0,0,,0,0,,0,0,,2,1,3,0,0,0,0,0,0
2025-02-13_uc_riverside_uc_davis,UC Riverside,2,"Hackley, Seneca",True,26,7,12,0.583,1,4,0.25,5,7,0.714,0,3,3,1,2,0,1,1,20
2025-02-13_uc_riverside_uc_davis,UC Riverside,5,"Duchemin, Shelley",True,30,3,12,0.25,0,2,0.0,0,1,0.0,1,5,6,1,0,3,0,0,6
2025-02-13_uc_riverside_uc_davis,UC Riverside,1,"Polk, Kaylani",True,25,2,5,0.4,1,2,0.5,0,0,,0,3,3,1,1,2,0,1,5
2025-02-13_uc_riverside_uc_davis,UC Riverside,00,"Rose, Makayla",True,23,1,6,0.167,1,2,0.5,0,0,,1,1,2,0,2,2,0,1,3
2025-02-13_uc_riverside_uc_davis,UC Riverside,12,"Cutler, Gemma",True,12,1,2,0.5,0,0,,0,0,,1,1,2,1,0,1,0,1,2
2025-02-13_uc_riverside_uc_davis,UC Riverside,7,"Wickstrom, Hannah",False,28,6,9,0.667,4,6,0.667,1,1,1.0,2,3,5,3,1,0,0,1,17
2025-02-13_uc_riverside_uc_davis,UC Riverside,11,"Matarranz, Esther",False,28,1,5,0.2,0,0,,0,0,,3,5,8,3,2,1,0,2,2
2025-02-13_uc_riverside_uc_davis,UC Riverside,3,"Tillery, Zoe",False,14,0,4,0.0,0,0,,0,0,,0,0,0,1,2,2,0,0,0
2025-02-13_uc_riverside_uc_davis,UC Riverside,13,"Chocano, Maya",False,10,0,3,0.0,0,2,0.0,0,0,,1,0,1,0,0,1,0,0,0
2025-02-13_uc_riverside_uc_davis,UC Riverside,10,"Minshall, Makayla",False,3,0,0,,0,0,,0,0,,0,1,1,0,0,1,0,0,0
2025-02-13_uc_riverside_uc_davis,UC Riverside,4,"Marshall, Jordyn",False,1,0,2,0.0,0,0,,0,0,,0,0,0,0,0,0,0,1,0
2025-02-13_uc_riverside_uc_davis,UC Riverside,TM,TEAM,False,0,0,0,,0,0,,0,0,,4,1,5,0,0,1,0,0,0
2025-02-13_long_beach_st_hawaii,Hawaii,24,"Tamilo, Ritorya",True,19,6,8,0.75,0,0,,3,4,0.75,3,4,7,2,0,5,2,2,15
2025-02-13_long_beach_st_hawaii,Hawaii,3,"Wahinekapu, Lily",True,31,6,15,0.4,2,5,0.4,0,0,,1,0,1,3,1,5,0,0,14
2025-02-13_long_beach_st_hawaii,Hawaii,23,"McBee, Meilani",True,36,3,5,0.6,2,4,0.5,2,2,1.0,0,5,5,1,1,6,2,4,10
2025-02-13_long_beach_st_hawaii,Hawaii,12,"Perez, Imani",True,34,3,5,0.6,0,2,0.0,2,2,1.0,0,7,7,2,2,1,1,2,8
2025-02-13_long_beach_st_hawaii,Hawaii,2,"'uhila, Mia",True,7,2,4,0.5,0,0,,0,0,,0,2,2,0,0,0,0,0,4
2025-02-13_long_beach_st_hawaii,Hawaii,1,"Imai, Kelsie",False,31,1,6,0.167,0,1,0.0,9,12,0.75,3,4,7,2,3,4,1,1,11
2025-02-13_long_beach_st_hawaii,Hawaii,14,"Rewers, Brooklyn",False,18,3,9,0.333,0,2,0.0,0,0,,1,3,4,2,3,1,0,2,6
2025-02-13_long_beach_st_hawaii,Hawaii,4,"Lefotu, Jovi",False,10,1,1,1.0,0,0,,0,0,,0,3,3,4,2,0,1,0,2
2025-02-13_long_beach_st_hawaii,Hawaii,11,"Filemu, Kira-may",False,4,0,0,,0,0,,2,2,1.0,0,1,1,1,0,1,0,0,2
2025-02-13_long_beach_st_hawaii,Hawaii,22,"Peacock, Jade",False,8,0,0,,0,0,,0,0,,0,0,0,0,0,1,0,0,0
2025-02-13_long_beach_st_hawaii,Hawaii,8,"Moors, Rebecca",False,2,0,0,,0,0,,0,0,,0,0,0,0,0,0,0,0,0
2025-02-13_long_beach_st_hawaii,Hawaii,TM,TEAM,False,0,0,0,,0,0,,0,0,,2,1,3,0,0,0,0,0,0
2025-02-13_long_beach_st_hawaii,Long Beach St.,2,"Tucker, Savannah",True,40,5,17,0.294,2,11,0.182,7,10,0.7,0,2,2,2,0,2,1,1,19
2025-02-13_long_beach_st_hawaii,Long Beach St.,12,"Crawshaw, Jada",True,30,4,10,0.4,2,4,0.5,2,2,1.0,0,6,6,4,4,4,1,3,12
2025-02-13_long_beach_st_hawaii,Long Beach St.,22,"Richards, Mykelle",True,27,4,7,0.571,0,1,0.0,2,2,1.0,4,1,5,2,1,3,2,3,10
2025-02-13_long_beach_st_hawaii,Long Beach St.,11,"Loobie, Rachel",True,27,2,8,0.25,1,3,0.333,3,4,0.75,2,3,5,4,1,0,0,2,8
2025-02-13_long_beach_st_hawaii,Long Beach St.,3,"Chung, Patricia",True,30,2,8,0.25,1,4,0.25,0,0,,0,1,1,2,3,3,0,3,5
2025-02-13_long_beach_st_hawaii,Long Beach St.,30,"Jones-brown, Jaquoia",False,22,3,8,0.375,0,2,0.0,1,2,0.5,1,2,3,3,1,2,0,2,7
2025-02-13_long_beach_st_hawaii,Long Beach St.,1,"Sonnier, Lovely",False,7,2,7,0.286,0,1,0.0,0,0,,1,1,2,1,0,0,1,1,4
2025-02-13_long_beach_st_hawaii,Long Beach St.,42,"Oliva Fernandez, Judit",False,13,0,1,0.0,0,1,0.0,0,0,,3,1,4,2,0,1,1,0,0
2025-02-13_long_beach_st_hawaii,Long Beach St.,5,"Ka, Kennan",False,4,0,0,,0,0,,0,0,,0,1,1,1,0,0,0,0,0
2025-02-13_long_beach_st_hawaii,Long Beach St.,TM,TEAM,False,0,0,0,,0,0,,0,0,,3,0,3,0,0,1,0,0,0
2025-02-13_uc_santa_barbara_uc_irvine,UC Irvine,13,"Lee, Deja",True,29,5,13,0.385,3,6,0.5,3,5,0.6,2,6,8,3,3,3,0,0,16
2025-02-13_uc_santa_barbara_uc_irvine,UC Irvine,20,"Hernandez, Hunter",True,31,5,13,0.385,0,1,0.0,5,6,0.833,1,4,5,3,2,2,0,3,15
2025-02-13_uc_santa_barbara_uc_irvine,UC Irvine,03,"Tom, Nikki",True,38,2,9,0.222,2,6,0.333,0,0,,0,0,0,2,4,1,2,2,6
2025-02-13_uc_santa_barbara_uc_irvine,UC Irvine,21,"Williams, Olivia",True,26,2,6,0.333,0,4,0.0,0,0,,1,5,6,2,0,2,1,0,4
2025-02-13_uc_santa_barbara_uc_irvine,UC Irvine,24,"Dean, Nevaeh",True,21,1,5,0.2,1,3,0.333,0,0,,1,4,5,2,1,1,2,1,3
2025-02-13_uc_santa_barbara_uc_irvine,UC Irvine,10,"Madsen, Lauryn",False,12,1,4,0.25,1,4,0.25,0,0,,0,0,0,1,0,1,1,0,3
2025-02-13_uc_santa_barbara_uc_irvine,UC Irvine,12,"Nahum, Shirel",False,9,1,1,1.0,1,1,1.0,0,0,,0,1,1,0,0,0,0,0,3
2025-02-13_uc_santa_barbara_uc_irvine,UC Irvine,09,"Falcon Hernandez, Daniela",False,7,1,1,1.0,0,0,,0,0,,0,0,0,0,1,0,0,0,2
2025-02-13_uc_santa_barbara_uc_irvine,UC Irvine,11,"Scharpf, Amelia",False,11,0,2,0.0,0,0,,0,0,,1,1,2,2,1,2,0,1,0
2025-02-13_uc_santa_barbara_uc_irvine,UC Irvine,14,"Hanson, Summah",False,11,0,4,0.0,0,0,,0,0,,1,1,2,2,1,0,0,0,0
2025-02-13_uc_santa_barbara_uc_irvine,UC Irvine,22,"Djoko, Clara",False,4,0,0,,0,0,,0,0,,1,0,1,1,0,0,0,0,0
2025-02-13_uc_santa_barbara_uc_irvine,UC Irvine,02,"Hernandez, Haley",False,1,0,0,,0,0,,0,0,,0,0,0,0,0,0,0,0,0
2025-02-13_uc_santa_barbara_uc_irvine,UC Irvine,TM,TEAM,False,0,0,0,,0,0,,0,0,,2,1,3,0,0,0,0,0,0
2025-02-13_uc_santa_barbara_uc_irvine,UC Santa Barbara,03,"Marin, Alyssa",True,37,6,13,0.462,3,6,0.5,3,5,0.6,0,2,2,2,5,1,1,0,18
2025-02-13_uc_santa_barbara_uc_irvine,UC Santa Barbara,10,"Choice, Anya",True,26,5,9,0.556,1,2,0.5,4,4,1.0,0,4,4,3,1,1,0,2,15
2025-02-13_uc_santa_barbara_uc_irvine,UC Santa Barbara,55,"Burke, Skylar",True,30,3,6,0.5,1,3,0.333,5,6,0.833,0,5,5,1,2,6,1,1,12
2025-02-13_uc_santa_barbara_uc_irvine,UC Santa Barbara,20,"Rockwood, Laurel",True,21,2,3,0.667,0,0,,0,0,,1,3,4,2,2,2,0,0,4
2025-02-13_uc_santa_barbara_uc_irvine,UC Santa Barbara,02,"Borter, Zoe",True,34,1,9,0.111,1,3,0.333,0,0,,0,1,1,2,0,1,0,0,3
2025-02-13_uc_santa_barbara_uc_irvine,UC Santa Barbara,11,"Williams, Cayla",False,19,2,4,0.5,1,3,0.333,0,0,,0,1,1,3,0,3,0,0,5
2025-02-13_uc_santa_barbara_uc_irvine,UC Santa Barbara,32,"Grant, Jessica",False,15,1,1,1.0,1,1,1.0,0,0,,0,3,3,1,0,1,1,0,3
2025-02-13_uc_santa_barbara_uc_irvine,UC Santa Barbara,05,"Bradley, Olivia",False,14,1,2,0.5,0,0,,0,0,,1,4,5,0,0,2,0,0,2
2025-02-13_uc_santa_barbara_uc_irvine,UC Santa Barbara,14,"Coon, Kanani",False,4,0,1,0.0,0,0,,0,0,,0,1,1,0,0,0,0,1,0
2025-02-13_uc_santa_barbara_uc_irvine,UC Santa Barbara,TM,TEAM,False,0,0,0,,0,0,,0,0,,4,6,10,0,0,2,0,0,0
2025-02-13_uc_san_diego_csu_bakersfield,CSU Bakersfield,04,"Dizon, Ary",True,33,6,11,0.545,2,2,1.0,0,4,0.0,3,4,7,3,2,4,4,6,14
2025-02-13_uc_san_diego_csu_bakersfield,CSU Bakersfield,11,"Caldwell, Taylor",True,31,3,9,0.333,0,0,,2,2,1.0,0,7,7,1,1,3,0,3,8
2025-02-13_uc_san_diego_csu_bakersfield,CSU Bakersfield,08,"Langi, Marley",True,21,2,11,0.182,0,7,0.0,1,2,0.5,1,4,5,1,0,4,0,1,5
2025-02-13_uc_san_diego_csu_bakersfield,CSU Bakersfield,55,"Slocum, Trinity",True,27,1,3,0.333,0,1,0.0,0,0,,1,2,3,2,5,6,0,1,2
2025-02-13_uc_san_diego_csu_bakersfield,CSU Bakersfield,02,"Gingras, Caitie",True,1,0,0,,0,0,,0,0,,0,0,0,0,0,0,0,0,0
2025-02-13_uc_san_diego_csu_bakersfield,CSU Bakersfield,42,"Tse, Allysan",False,17,1,4,0.25,1,3,0.333,1,2,0.5,0,2,2,0,1,2,0,1,4
2025-02-13_uc_san_diego_csu_bakersfield,CSU Bakersfield,21,"Tse, Dylan",False,15,0,0,,0,0,,3,4,0.75,1,3,4,0,1,1,0,2,3
2025-02-13_uc_san_diego_csu_bakersfield,CSU Bakersfield,30,"Dioli, Alli",False,11,1,3,0.333,1,3,0.333,0,0,,0,2,2,1,1,2,0,0,3
2025-02-13_uc_san_diego_csu_bakersfield,CSU Bakersfield,32,"Freeman, Garrisen",False,29,1,4,0.25,0,0,,0,0,,1,4,5,2,1,3,1,0,2
2025-02-13_uc_san_diego_csu_bakersfield,CSU Bakersfield,34,"Forney, Cheyenne",False,12,1,2,0.5,0,0,,0,2,0.0,1,0,1,4,0,1,0,0,2
2025-02-13_uc_san_diego_csu_bakersfield,CSU Bakersfield,23,"Feliz, Ileana",False,3,1,2,0.5,0,0,,0,0,,0,0,0,0,0,0,0,0,2
2025-02-13_uc_san_diego_csu_bakersfield,CSU Bakersfield,TM,TEAM,False,0,0,0,,0,0,,0,0,,0,2,2,0,0,0,0,0,0
2025-02-13_uc_san_diego_csu_bakersfield,UC San Diego,03,"Sugapong, Sumayah",True,30,5,15,0.333,2,5,0.4,0,0,,3,6,9,4,4,6,1,4,12
2025-02-13_uc_san_diego_csu_bakersfield,UC San Diego,24,"Spriggs, Kayanna",True,19,5,7,0.714,0,0,,1,2,0.5,2,4,6,3,1,1,0,3,11
2025-02-13_uc_san_diego_csu_bakersfield,UC San Diego,15,"Ma, Sabrina",True,29,2,10,0.2,2,8,0.25,0,0,,2,3,5,1,5,3,0,3,6
2025-02-13_uc_san_diego_csu_bakersfield,UC San Diego,22,"Gallegos, Gracie",True,26,2,10,0.2,0,3,0.0,2,2,1.0,0,5,5,0,2,0,1,2,6
2025-02-13_uc_san_diego_csu_bakersfield,UC San Diego,32,"Montgomery, Parker",True,22,1,6,0.167,0,4,0.0,0,0,,0,2,2,1,1,1,0,0,2
2025-02-13_uc_san_diego_csu_bakersfield,UC San Diego,11,"Condron, Erin",False,13,4,7,0.571,1,1,1.0,2,2,1.0,3,0,3,0,0,0,1,1,11
2025-02-13_uc_san_diego_csu_bakersfield,UC San Diego,25,"Mahan, Junaé",False,22,3,9,0.333,1,1,1.0,1,1,1.0,1,2,3,3,1,2,1,1,8
2025-02-13_uc_san_diego_csu_bakersfield,UC San Diego,12,"Smith, Rosa",False,5,2,2,1.0,0,0,,1,2,0.5,0,0,0,2,0,0,0,0,5
2025-02-13_uc_san_diego_csu_bakersfield,UC San Diego,30,"Sule, Damilola",False,8,0,0,,0,0,,2,4,0.5,1,2,3,1,0,0,0,0,2
2025-02-13_uc_san_diego_csu_bakersfield,UC San Diego,23,"Blithikioti, Eri",False,10,0,2,0.0,0,0,,0,0,,0,2,2,2,1,3,0,0,0
2025-02-13_uc_san_diego_csu_bakersfield,UC San Diego,21,"Polocheck, Nicki",False,7,0,0,,0,0,,0,0,,0,0,0,0,0,0,0,0,0
2025-02-13_uc_san_diego_csu_bakersfield,UC San Diego,02,"Talbot, Grace",False,3,0,1,0.0,0,1,0.0,0,0,,0,0,0,0,0,1,0,0,0
2025-02-13_uc_san_diego_csu_bakersfield,UC San Diego,05,"Louther, Gabby",False,3,0,0,,0,0,,0,0,,0,0,0,0,0,1,0,1,0
2025-02-13_uc_san_diego_csu_bakersfield,UC San Diego,33,"Svoboda, Emma",False,3,0,0,,0,0,,0,0,,0,1,1,0,0,0,0,0,0
2025-02-13_uc_san_diego_csu_bakersfield,UC San Diego,TM,TEAM,False,0,0,0,,0,0,,0,0,,5,2,7,0,0,0,0,0,0
2025-02-13_cal_poly_cal_st_fullerton,Cal St. Fullerton,24,"Stanton, Aaliyah",True,35,8,13,0.615,0,3,0.0,4,7,0.571,2,3,5,2,2,1,0,3,20
2025-02-13_cal_poly_cal_st_fullerton,Cal St. Fullerton,11,"Levingston, Eva",True,40,5,12,0.417,0,1,0.0,3,4,0.75,2,8,10,4,0,3,0,1,13
2025-02-13_cal_poly_cal_st_fullerton,Cal St. Fullerton,13,"Hernandez, Aixchel",True,33,3,8,0.375,0,0,,0,0,,1,2,3,0,1,1,1,2,6
2025-02-13_cal_poly_cal_st_fullerton,Cal St. Fullerton,22,"Muniz, Madelynn",True,24,2,4,0.5,1,2,0.5,0,0,,0,0,0,3,0,0,0,0,5
2025-02-13_cal_poly_cal_st_fullerton,Cal St. Fullerton,23,"Strachan, Emily",True,14,1,3,0.333,1,1,1.0,0,0,,1,0,1,2,0,1,0,0,3
2025-02-13_cal_poly_cal_st_fullerton,Cal St. Fullerton,2,"Tauro, Maddy",False,28,7,13,0.538,0,1,0.0,1,1,1.0,1,2,3,3,1,4,0,4,15
2025-02-13_cal_poly_cal_st_fullerton,Cal St. Fullerton,4,"Falsdottir, Jana",False,19,1,3,0.333,1,3,0.333,0,0,,0,0,0,0,1,1,0,2,3
2025-02-13_cal_poly_cal_st_fullerton,Cal St. Fullerton,00,"Davis, Layla",False,7,1,1,1.0,0,0,,0,0,,1,1,2,3,1,0,0,0,2
2025-02-13_cal_poly_cal_st_fullerton,Cal St. Fullerton,TM,TEAM,False,0,0,0,,0,0,,0,0,,0,1,1,0,0,1,0,0,0
2025-02-13_cal_poly_cal_st_fullerton,Cal Poly,2,"Shah, Annika",True,35,8,14,0.571,4,8,0.5,0,0,,0,2,2,3,1,3,0,0,20
2025-02-13_cal_poly_cal_st_fullerton,Cal Poly,24,"Carter, Mary",True,35,6,12,0.5,2,7,0.286,2,2,1.0,0,9,9,1,2,5,1,2,16
2025-02-13_cal_poly_cal_st_fullerton,Cal Poly,4,"Lichtie, Sierra",True,32,4,9,0.444,0,3,0.0,7,8,0.875,2,4,6,2,2,2,1,0,15
2025-02-13_cal_poly_cal_st_fullerton,Cal Poly,31,"Hiraki, Ashley",True,27,1,5,0.2,0,2,0.0,4,5,0.8,1,0,1,2,2,1,0,2,6
2025-02-13_cal_poly_cal_st_fullerton,Cal Poly,15,"Bourland, Sydney",True,34,2,6,0.333,0,1,0.0,0,2,0.0,5,7,12,1,3,5,1,1,4
2025-02-13_cal_poly_cal_st_fullerton,Cal Poly,10,"Richards, Sidney",False,22,1,1,1.0,0,0,,1,1,1.0,0,2,2,3,1,3,0,3,3
2025-02-13_cal_poly_cal_st_fullerton,Cal Poly,5,"Robinson, Gabby",False,12,0,1,0.0,0,0,,0,0,,0,0,0,1,0,0,0,0,0
2025-02-13_cal_poly_cal_st_fullerton,Cal Poly,22,"Goosby, Alana",False,3,0,0,,0,0,,0,0,,0,0,0,0,0,0,0,0,0
2025-02-13_cal_poly_cal_st_fullerton,Cal Poly,TM,TEAM,False,0,0,0,,0,0,,0,0,,1,0,1,0,0,0,0,0,0
2025-02-15_uc_davis_uc_san_diego,UC San Diego,03,"Sugapong, Sumayah",True,40,7,24,0.292,1,8,0.125,8,10,0.8,5,5,10,3,2,6,0,1,23
2025-02-15_uc_davis_uc_san_diego,UC San Diego,22,"Gallegos, Gracie",True,40,8,15,0.533,0,5,0.0,4,4,1.0,1,9,10,1,0,1,1,4,20
2025-02-15_uc_davis_uc_san_diego,UC San Diego,24,"Spriggs, Kayanna",True,30,3,6,0.5,0,0,,3,6,0.5,3,4,7,5,1,1,0,5,9
2025-02-15_uc_davis_uc_san_diego,UC San Diego,32,"Montgomery, Parker",True,38,1,12,0.083,1,6,0.167,2,4,0.5,0,0,0,1,1,0,0,2,5
2025-02-15_uc_davis_uc_san_diego,UC San Diego,15,"Ma, Sabrina",True,18,1,3,0.333,0,1,0.0,2,2,1.0,0,0,0,4,0,1,0,3,4
2025-02-15_uc_davis_uc_san_diego,UC San Diego,25,"Mahan, Junae",False,20,1,6,0.167,0,0,,0,0,,1,3,4,0,0,1,3,0,2
2025-02-15_uc_davis_uc_san_diego,UC San Diego,11,"Condron, Erin",False,10,1,1,1.0,0,0,,0,0,,1,2,3,0,0,1,0,2,2
2025-02-15_uc_davis_uc_san_diego,UC San Diego,02,"Talbot, Grace",False,2,0,0,,0,0,,0,0,,0,0,0,0,0,0,0,0,0
2025-02-15_uc_davis_uc_san_diego,UC San Diego,21,"Polocheck, Nicki",False,1,0,0,,0,0,,0,0,,0,0,0,1,0,0,0,0,0
2025-02-15_uc_davis_uc_san_diego,UC San Diego,33,"Svoboda, Emma",False,1,0,0,,0,0,,0,0,,0,0,0,0,0,0,0,0,0
2025-02-15_uc_davis_uc_san_diego,UC San Diego,TM,TEAM,False,0,0,0,,0,0,,0,0,,1,1,2,0,0,0,0,0,0
2025-02-15_uc_davis_uc_san_diego,UC Davis,14,"Sabel, Tova",True,32,9,22,0.409,4,10,0.4,3,5,0.6,4,10,14,4,0,5,2,1,25
2025-02-15_uc_davis_uc_san_diego,UC Davis,25,"Norris, Megan",True,31,3,8,0.375,1,4,0.25,0,0,,1,12,13,3,2,4,3,0,7
2025-02-15_uc_davis_uc_san_diego,UC Davis,04,"Epps, Nya",True,28,2,8,0.25,0,2,0.0,2,2,1.0,1,1,2,4,2,4,0,2,6
2025-02-15_uc_davis_uc_san_diego,UC Davis,13,"Burns, Sydney",True,36,1,4,0.25,1,3,0.333,1,2,0.5,0,2,2,2,3,1,0,2,4
2025-02-15_uc_davis_uc_san_diego,UC Davis,23,"Baker, Victoria",True,13,1,4,0.25,1,2,0.5,0,0,,2,1,3,3,2,6,0,0,3
2025-02-15_uc_davis_uc_san_diego,UC Davis,02,"Bennett, Ryann",False,29,3,7,0.429,2,4,0.5,1,2,0.5,0,3,3,2,5,2,1,3,9
2025-02-15_uc_davis_uc_san_diego,UC Davis,09,"Sussex, Avery",False,7,2,3,0.667,1,2,0.5,0,0,,1,1,2,0,0,1,0,0,5
2025-02-15_uc_davis_uc_san_diego,UC Davis,11,"Glad, Clara",False,10,1,1,1.0,0,0,,0,0,,0,2,2,1,0,0,0,0,2
2025-02-15_uc_davis_uc_san_diego,UC Davis,41,"Shine, Bria",False,9,1,1,1.0,0,0,,0,0,,0,1,1,2,1,1,0,0,2
2025-02-15_uc_davis_uc_san_diego,UC Davis,05,"Fitzgerald, Ally",False,5,0,0,,0,0,,0,0,,0,1,1,0,0,2,0,0,0
2025-02-15_uc_davis_uc_san_diego,UC Davis,TM,TEAM,False,0,0,0,,0,0,,0,0,,3,1,4,0,0,0,0,0,0
2025-02-15_uc_irvine_hawaii,Hawaii,1,"Imai, Kelsie",True,34,3,4,0.75,0,0,,6,6,1.0,0,4,4,3,3,1,0,2,12
2025-02-15_uc_irvine_hawaii,Hawaii,12,"Perez, Imani",True,29,4,8,0.5,0,1,0.0,2,2,1.0,2,3,5,0,1,3,1,0,10
2025-02-15_uc_irvine_hawaii,Hawaii,24,"Tamilo, Ritorya",True,23,3,8,0.375,0,1,0.0,2,4,0.5,1,9,10,1,0,4,2,0,8
2025-02-15_uc_irvine_hawaii,Hawaii,3,"Wahinekapu, Lily",True,31,2,6,0.333,2,5,0.4,0,0,,0,1,1,3,2,2,0,1,6
2025-02-15_uc_irvine_hawaii,Hawaii,23,"McBee, Meilani",True,31,2,8,0.25,1,5,0.2,0,0,,3,1,4,2,1,2,1,0,5
2025-02-15_uc_irvine_hawaii,Hawaii,11,"Filemu, Kira-may",False,5,2,3,0.667,0,0,,0,0,,1,3,4,0,0,0,0,0,4
2025-02-15_uc_irvine_hawaii,Hawaii,14,"Rewers, Brooklyn",False,17,0,4,0.0,0,1,0.0,2,2,1.0,1,5,6,3,2,1,0,0,2
2025-02-15_uc_irvine_hawaii,Hawaii,22,"Peacock, Jade",False,14,0,4,0.0,0,2,0.0,2,2,1.0,1,5,6,1,0,1,0,1,2
2025-02-15_uc_irvine_hawaii,Hawaii,4,"Lefotu, Jovi",False,16,0,5,0.0,0,2,0.0,0,0,,1,3,4,2,1,3,0,0,0
2025-02-15_uc_irvine_hawaii,Hawaii,TM,TEAM,False,0,0,0,,0,0,,0,0,,3,0,3,0,0,1,0,0,0
2025-02-15_uc_irvine_hawaii,UC Irvine,20,"Hernandez, Hunter",True,34,2,13,0.154,1,7,0.143,3,6,0.5,0,5,5,0,0,1,0,1,8
2025-02-15_uc_irvine_hawaii,UC Irvine,13,"Lee, Déja",True,32,3,15,0.2,0,6,0.0,2,3,0.667,1,2,3,3,3,1,0,0,8
2025-02-15_uc_irvine_hawaii,UC Irvine,24,"Dean, Nevaeh",True,24,2,7,0.286,1,3,0.333,2,2,1.0,1,2,3,3,0,2,3,1,7
2025-02-15_uc_irvine_hawaii,UC Irvine,3,"Tom, Nikki",True,35,1,4,0.25,0,1,0.0,3,4,0.75,4,2,6,2,3,1,0,3,5
2025-02-15_uc_irvine_hawaii,UC Irvine,21,"Williams, Olivia",True,25,2,5,0.4,1,1,1.0,0,0,,1,3,4,1,0,0,0,1,5
2025-02-15_uc_irvine_hawaii,UC Irvine,10,"Madsen, Lauryn",False,12,2,5,0.4,1,4,0.25,0,0,,1,0,1,0,0,1,1,2,5
2025-02-15_uc_irvine_hawaii,UC Irvine,9,"Falcon Hernandez, Daniela",False,6,2,4,0.5,0,2,0.0,0,0,,0,2,2,0,0,0,0,0,4
2025-02-15_uc_irvine_hawaii,UC Irvine,12,"Nahum, Shirel",False,9,0,1,0.0,0,1,0.0,2,2,1.0,0,1,1,0,0,1,0,0,2
2025-02-15_uc_irvine_hawaii,UC Irvine,11,"Scharpf, Amelia",False,13,0,1,0.0,0,1,0.0,0,0,,0,1,1,0,0,0,0,0,0
2025-02-15_uc_irvine_hawaii,UC Irvine,14,"Hanson, Summah",False,9,0,3,0.0,0,2,0.0,0,0,,0,2,2,4,0,1,1,0,0
2025-02-15_uc_irvine_hawaii,UC Irvine,33,"Gnahore, Ines",False,1,0,1,0.0,0,1,0.0,0,0,,1,0,1,0,0,0,0,0,0
2025-02-15_uc_irvine_hawaii,UC Irvine,TM,TEAM,False,0,0,0,,0,0,,0,0,,3,3,6,0,0,0,0,0,0
2025-02-15_uc_santa_barbara_uc_riverside,UC Riverside,05,"Duchemin, Shelley",True,26,5,7,0.714,0,1,0.0,0,0,,1,9,10,3,1,5,0,1,10
2025-02-15_uc_santa_barbara_uc_riverside,UC Riverside,02,"Hackley, Seneca",True,28,2,8,0.25,1,4,0.25,4,4,1.0,1,1,2,3,1,2,0,0,9
2025-02-15_uc_santa_barbara_uc_riverside,UC Riverside,00,"Rose, Makayla",True,35,1,7,0.143,0,2,0.0,4,6,0.667,1,4,5,3,2,1,0,1,6
2025-02-15_uc_santa_barbara_uc_riverside,UC Riverside,01,"Polk, Kaylani",True,18,1,4,0.25,0,2,0.0,0,0,,1,1,2,0,0,2,0,1,2
2025-02-15_uc_santa_barbara_uc_riverside,UC Riverside,12,"Cutler, Gemma",True,13,0,0,,0,0,,1,2,0.5,1,1,2,1,0,1,1,0,1
2025-02-15_uc_santa_barbara_uc_riverside,UC Riverside,03,"Tillery, Zoe",False,20,3,5,0.6,2,3,0.667,2,2,1.0,0,0,0,1,0,1,0,3,10
2025-02-15_uc_santa_barbara_uc_riverside,UC Riverside,11,"Matarranz, Esther",False,27,1,2,0.5,0,0,,2,3,0.667,3,5,8,2,1,0,1,1,4
2025-02-15_uc_santa_barbara_uc_riverside,UC Riverside,07,"Wickstrom, Hannah",False,17,1,4,0.25,0,1,0.0,2,2,1.0,0,2,2,2,1,2,0,0,4
2025-02-15_uc_santa_barbara_uc_riverside,UC Riverside,04,"Marshall, Jordyn",False,2,1,1,1.0,1,1,1.0,0,0,,0,0,0,1,0,0,0,0,3
2025-02-15_uc_santa_barbara_uc_riverside,UC Riverside,13,"Chocano, Maya",False,14,1,3,0.333,0,2,0.0,0,0,,0,2,2,1,0,2,0,0,2
2025-02-15_uc_santa_barbara_uc_riverside,UC Riverside,TM,TEAM,False,0,0,0,,0,0,,0,0,,0,2,2,0,0,2,0,0,0
2025-02-15_uc_santa_barbara_uc_riverside,UC Santa Barbara,03,"Marin, Alyssa",True,36,4,8,0.5,1,3,0.333,6,7,0.857,1,2,3,3,1,3,0,2,15
2025-02-15_uc_santa_barbara_uc_riverside,UC Santa Barbara,02,"Borter, Zoe",True,34,2,11,0.182,1,3,0.333,1,2,0.5,0,1,1,2,1,0,0,0,6
2025-02-15_uc_santa_barbara_uc_riverside,UC Santa Barbara,55,"Burke, Skylar",True,32,1,6,0.167,1,2,0.5,0,0,,1,5,6,5,1,5,2,3,3
2025-02-15_uc_santa_barbara_uc_riverside,UC Santa Barbara,10,"Choice, Anya",True,27,1,4,0.25,0,1,0.0,0,0,,0,0,0,4,1,3,0,1,2
2025-02-15_uc_santa_barbara_uc_riverside,UC Santa Barbara,20,"Rockwood, Laurel",True,14,0,1,0.0,0,0,,0,0,,0,1,1,1,0,0,0,0,0
2025-02-15_uc_santa_barbara_uc_riverside,UC Santa Barbara,05,"Bradley, Olivia",False,26,5,8,0.625,0,2,0.0,2,3,0.667,0,3,3,2,0,0,2,0,12
2025-02-15_uc_santa_barbara_uc_riverside,UC Santa Barbara,11,"Williams, Cayla",False,16,2,5,0.4,0,2,0.0,0,0,,2,3,5,1,3,1,2,0,4
2025-02-15_uc_santa_barbara_uc_riverside,UC Santa Barbara,32,"Grant, Jessica",False,15,0,1,0.0,0,1,0.0,0,0,,0,1,1,0,0,0,0,0,0
2025-02-15_uc_santa_barbara_uc_riverside,UC Santa Barbara,TM,TEAM,False,0,0,0,,0,0,,0,0,,0,2,2,0,0,2,0,0,0
2025-02-15_cal_poly_csun,CSUN,4,"Edwards, Morgan",True,33,5,11,0.455,3,7,0.429,4,7,0.571,0,3,3,2,0,1,0,0,17
2025-02-15_cal_poly_csun,CSUN,3,"Tumlin, Kelly",True,38,1,8,0.125,0,7,0.0,1,2,0.5,0,3,3,1,1,9,0,2,3
2025-02-15_cal_poly_csun,CSUN,22,"Dahlin, Laini",True,23,1,5,0.2,1,5,0.2,0,0,,5,2,7,1,1,4,0,1,3
2025-02-15_cal_poly_csun,CSUN,14,"Orji, Nnenna",True,19,0,3,0.0,0,1,0.0,3,6,0.5,1,3,4,0,1,0,0,0,3
2025-02-15_cal_poly_csun,CSUN,20,"Adams, Erica",True,30,0,5,0.0,0,1,0.0,0,0,,2,3,5,2,3,3,0,0,0
2025-02-15_cal_poly_csun,CSUN,21,"Marshall, Karsen",False,18,3,6,0.5,2,5,0.4,0,2,0.0,0,2,2,2,0,6,0,1,8
2025-02-15_cal_poly_csun,CSUN,00,"Kilty, Jenna",False,12,0,4,0.0,0,3,0.0,0,0,,0,2,2,0,0,2,0,0,0
2025-02-15_cal_poly_csun,CSUN,23,"Hardwick, Sincere",False,10,0,2,0.0,0,0,,0,0,,1,1,2,0,0,0,0,0,0
2025-02-15_cal_poly_csun,CSUN,2,"Hopson, Kayla",False,8,0,1,0.0,0,1,0.0,0,0,,0,0,0,0,0,2,0,2,0
2025-02-15_cal_poly_csun,CSUN,34,"Lizama, Alondra",False,6,0,3,0.0,0,0,,0,0,,0,2,2,2,0,1,0,0,0
2025-02-15_cal_poly_csun,CSUN,5,"Cox, Yves",False,3,0,0,,0,0,,0,0,,1,0,1,1,0,0,0,0,0
2025-02-15_cal_poly_csun,CSUN,TM,TEAM,False,0,0,0,,0,0,,0,0,,3,2,5,0,0,2,0,0,0
2025-02-15_cal_poly_csun,Cal Poly,24,"Carter, Mary",True,28,7,10,0.7,4,6,0.667,4,4,1.0,0,1,1,0,1,1,5,1,22
2025-02-15_cal_poly_csun,Cal Poly,2,"Shah, Annika",True,24,3,10,0.3,3,7,0.429,0,0,,1,3,4,1,5,0,0,2,9
2025-02-15_cal_poly_csun,Cal Poly,31,"Hiraki, Ashley",True,21,4,5,0.8,1,1,1.0,0,0,,1,2,3,1,3,0,1,2,9
2025-02-15_cal_poly_csun,Cal Poly,4,"Lichtie, Sierra",True,16,3,5,0.6,1,1,1.0,0,0,,0,1,1,4,0,4,0,0,7
2025-02-15_cal_poly_csun,Cal Poly,15,"Bourland, Sydney",True,13,0,1,0.0,0,0,,0,0,,0,4,4,2,1,1,0,1,0
2025-02-15_cal_poly_csun,Cal Poly,5,"Robinson, Gabby",False,13,6,6,1.0,0,0,,0,0,,0,0,0,4,0,3,0,2,12
2025-02-15_cal_poly_csun,Cal Poly,10,"Richards, Sidney",False,21,2,8,0.25,0,1,0.0,2,2,1.0,0,3,3,2,2,2,0,2,6
2025-02-15_cal_poly_csun,Cal Poly,9,"Perez, Nora",False,19,2,4,0.5,0,0,,0,0,,1,4,5,2,2,3,0,3,4
2025-02-15_cal_poly_csun,Cal Poly,22,"Goosby, Alana",False,21,1,3,0.333,0,1,0.0,0,0,,0,5,5,0,2,0,0,0,2
2025-02-15_cal_poly_csun,Cal Poly,14,"Bears, Gillian",False,10,1,3,0.333,0,0,,0,0,,1,0,1,1,0,1,0,1,2
2025-02-15_cal_poly_csun,Cal Poly,23,"Moleón Hidalgo, Ana",False,10,1,2,0.5,0,0,,0,0,,0,2,2,2,0,1,0,0,2
2025-02-15_cal_poly_csun,Cal Poly,11,"Knapp, Avery",False,3,0,0,,0,0,,0,0,,0,0,0,0,0,1,0,1,0
2025-02-15_cal_poly_csun,Cal Poly,13,"Cohen, Sadie",False,1,0,0,,0,0,,0,0,,0,0,0,0,0,0,0,0,0
2025-02-15_cal_poly_csun,Cal Poly,TM,TEAM,False,0,0,0,,0,0,,0,0,,0,3,3,0,0,0,0,0,0
2025-02-15_cal_st_fullerton_csu_bakersfield,CSU Bakersfield,04,"Dizon, Ary",True,40,9,17,0.529,1,2,0.5,3,4,0.75,2,7,9,4,3,3,1,3,22
2025-02-15_cal_st_fullerton_csu_bakersfield,CSU Bakersfield,11,"Caldwell, Taylor",True,35,5,11,0.455,2,3,0.667,2,2,1.0,0,1,1,3,1,4,0,0,14
2025-02-15_cal_st_fullerton_csu_bakersfield,CSU Bakersfield,42,"Tse, Allysan",True,13,2,3,0.667,0,0,,0,0,,0,1,1,0,0,2,0,0,4
2025-02-15_cal_st_fullerton_csu_bakersfield,CSU Bakersfield,55,"Slocum, Trinity",True,12,1,4,0.25,0,1,0.0,2,3,0.667,1,2,3,1,1,2,0,0,4
2025-02-15_cal_st_fullerton_csu_bakersfield,CSU Bakersfield,34,"Forney, Cheyenne",True,7,0,4,0.0,0,0,,0,0,,0,3,3,1,1,1,1,0,0
2025-02-15_cal_st_fullerton_csu_bakersfield,CSU Bakersfield,32,"Freeman, Garrisen",False,34,2,7,0.286,1,2,0.5,2,2,1.0,2,4,6,2,0,0,0,2,7
2025-02-15_cal_st_fullerton_csu_bakersfield,CSU Bakersfield,30,"Dioli, Alli",False,11,2,3,0.667,2,2,1.0,0,0,,1,4,5,1,0,1,0,0,6
2025-02-15_cal_st_fullerton_csu_bakersfield,CSU Bakersfield,23,"Feliz, Ileana",False,3,2,3,0.667,0,0,,2,2,1.0,2,0,2,1,0,1,0,0,6
2025-02-15_cal_st_fullerton_csu_bakersfield,CSU Bakersfield,21,"Tse, Dylan",False,28,0,5,0.0,0,4,0.0,5,9,0.556,1,1,2,4,0,1,0,3,5
2025-02-15_cal_st_fullerton_csu_bakersfield,CSU Bakersfield,08,"Langi, Marley",False,17,0,5,0.0,0,2,0.0,0,0,,0,2,2,5,1,1,0,1,0
2025-02-15_cal_st_fullerton_csu_bakersfield,CSU Bakersfield,TM,TEAM,False,0,0,0,,0,0,,0,0,,1,3,4,0,0,1,0,0,0
2025-02-15_cal_st_fullerton_csu_bakersfield,Cal St. Fullerton,24,"Stanton, Aaliyah",True,34,4,13,0.308,2,5,0.4,8,12,0.667,1,2,3,2,3,5,0,1,18
2025-02-15_cal_st_fullerton_csu_bakersfield,Cal St. Fullerton,13,"Hernandez, Aixchel",True,26,4,7,0.571,0,0,,2,2,1.0,1,8,9,3,0,0,1,0,10
2025-02-15_cal_st_fullerton_csu_bakersfield,Cal St. Fullerton,12,"Levingston, Eva",True,40,3,9,0.333,0,0,,3,4,0.75,0,10,10,2,4,2,0,2,9
2025-02-15_cal_st_fullerton_csu_bakersfield,Cal St. Fullerton,22,"Muniz, Madelynn",True,20,2,3,0.667,2,3,0.667,0,0,,0,1,1,1,0,1,1,3,6
2025-02-15_cal_st_fullerton_csu_bakersfield,Cal St. Fullerton,23,"Strachan, Emily",True,13,1,2,0.5,0,0,,2,4,0.5,0,2,2,2,1,2,0,1,4
2025-02-15_cal_st_fullerton_csu_bakersfield,Cal St. Fullerton,04,"Falsdottir, Jana",False,19,6,7,0.857,3,3,1.0,3,4,0.75,1,2,3,4,2,3,1,2,18
2025-02-15_cal_st_fullerton_csu_bakersfield,Cal St. Fullerton,10,"Lagway, Demonnie",False,22,2,5,0.4,1,3,0.333,3,4,0.75,0,2,2,2,0,1,0,1,8
2025-02-15_cal_st_fullerton_csu_bakersfield,Cal St. Fullerton,00,"Davis, Layla",False,14,1,4,0.25,0,0,,3,4,0.75,0,0,0,1,1,0,0,0,5
2025-02-15_cal_st_fullerton_csu_bakersfield,Cal St. Fullerton,02,"Tauro, Maddy",False,12,0,2,0.0,0,0,,0,0,,0,0,0,1,0,2,0,0,0
2025-02-15_cal_st_fullerton_csu_bakersfield,Cal St. Fullerton,TM,TEAM,False,0,0,0,,0,0,,0,0,,3,5,8,0,0,0,0,0,0
2025-02-20_csu_bakersfield_uc_davis,UC Davis,14,"Sabel, Tova",True,32,8,20,0.4,2,8,0.25,6,6,1.0,1,2,3,1,3,1,0,1,24
2025-02-20_csu_bakersfield_uc_davis,UC Davis,13,"Burns, Sydney",True,28,4,6,0.667,0,1,0.0,1,1,1.0,0,4,4,1,2,2,0,1,9
2025-02-20_csu_bakersfield_uc_davis,UC Davis,04,"Epps, Nya",True,29,3,7,0.429,2,3,0.667,0,0,,1,0,1,2,1,1,0,0,8
2025-02-20_csu_bakersfield_uc_davis,UC Davis,23,"Baker, Victoria",True,18,1,4,0.25,1,3,0.333,2,2,1.0,0,0,0,0,1,1,0,3,5
2025-02-20_csu_bakersfield_uc_davis,UC Davis,25,"Norris, Megan",True,20,1,7,0.143,0,2,0.0,0,0,,1,8,9,3,2,1,2,0,2
2025-02-20_csu_bakersfield_uc_davis,UC Davis,05,"Fitzgerald, Ally",False,11,2,5,0.4,2,5,0.4,0,0,,2,3,5,1,0,1,0,1,6
2025-02-20_csu_bakersfield_uc_davis,UC Davis,11,"Glad, Clara",False,12,2,3,0.667,1,1,1.0,0,0,,1,1,2,1,1,1,0,1,5
2025-02-20_csu_bakersfield_uc_davis,UC Davis,41,"Shine, Bria",False,11,1,2,0.5,1,2,0.5,1,2,0.5,0,2,2,1,1,1,0,1,4
2025-02-20_csu_bakersfield_uc_davis,UC Davis,02,"Bennett, Ryann",False,9,1,3,0.333,1,2,0.5,0,0,,0,0,0,0,2,1,0,0,3
2025-02-20_csu_bakersfield_uc_davis,UC Davis,33,"Harris, Mazatlan",False,17,0,4,0.0,0,3,0.0,0,0,,0,3,3,1,0,0,0,3,0
2025-02-20_csu_bakersfield_uc_davis,UC Davis,09,"Sussex, Avery",False,11,0,3,0.0,0,2,0.0,0,0,,1,2,3,0,1,0,0,1,0
2025-02-20_csu_bakersfield_uc_davis,UC Davis,03,"Kanagasabay, Sahana",False,2,0,0,,0,0,,0,0,,0,0,0,0,0,0,0,0,0
2025-02-20_csu_bakersfield_uc_davis,UC Davis,TM,TEAM,False,0,0,0,,0,0,,0,0,,3,1,4,0,0,2,0,0,0
2025-02-20_csu_bakersfield_uc_davis,CSU Bakersfield,11,"Caldwell, Taylor",True,32,5,12,0.417,0,3,0.0,1,2,0.5,0,6,6,1,2,6,1,2,11
2025-02-20_csu_bakersfield_uc_davis,CSU Bakersfield,32,"Freeman, Garrisen",True,39,3,7,0.429,1,2,0.5,0,0,,1,5,6,3,0,4,1,0,7
2025-02-20_csu_bakersfield_uc_davis,CSU Bakersfield,04,"Dizon, Ary",True,39,1,4,0.25,0,2,0.0,2,2,1.0,0,3,3,2,0,3,3,1,4
2025-02-20_csu_bakersfield_uc_davis,CSU Bakersfield,02,"Gingras, Caitie",True,21,1,3,0.333,1,2,0.5,0,0,,0,4,4,0,0,2,0,0,3
2025-02-20_csu_bakersfield_uc_davis,CSU Bakersfield,08,"Langi, Marley",True,9,0,3,0.0,0,1,0.0,0,0,,0,1,1,0,0,2,0,0,0
2025-02-20_csu_bakersfield_uc_davis,CSU Bakersfield,23,"Feliz, Ileana",False,17,5,5,1.0,0,0,,1,6,0.167,4,2,6,4,1,5,0,0,11
2025-02-20_csu_bakersfield_uc_davis,CSU Bakersfield,30,"Dioli, Alli",False,13,2,3,0.667,1,2,0.5,0,0,,0,2,2,0,0,1,0,0,5
2025-02-20_csu_bakersfield_uc_davis,CSU Bakersfield,34,"Forney, Cheyenne",False,12,0,3,0.0,0,0,,2,2,1.0,2,3,5,1,0,0,1,1,2
2025-02-20_csu_bakersfield_uc_davis,CSU Bakersfield,42,"Tse, Allysan",False,12,1,5,0.2,0,3,0.0,0,0,,0,1,1,2,1,0,0,0,2
2025-02-20_csu_bakersfield_uc_davis,CSU Bakersfield,21,"Tse, Dylan",False,6,0,3,0.0,0,1,0.0,0,0,,0,0,0,0,0,0,0,0,0
2025-02-20_csu_bakersfield_uc_davis,CSU Bakersfield,TM,TEAM,False,0,0,0,,0,0,,0,0,,0,4,4,0,0,0,0,0,0
2025-02-20_csun_uc_irvine,UC Irvine,20,"Hernandez, Hunter",True,13,5,5,1.0,3,3,1.0,2,2,1.0,1,1,2,0,1,0,0,0,15
2025-02-20_csun_uc_irvine,UC Irvine,13,"Lee, Deja",True,14,4,9,0.444,2,4,0.5,1,1,1.0,0,1,1,1,7,0,0,1,11
2025-02-20_csun_uc_irvine,UC Irvine,21,"Williams, Olivia",True,14,2,6,0.333,2,4,0.5,0,0,,0,2,2,1,0,0,1,0,6
2025-02-20_csun_uc_irvine,UC Irvine,24,"Dean, Nevaeh",True,10,3,6,0.5,0,1,0.0,0,0,,1,0,1,1,0,0,1,2,6
2025-02-20_csun_uc_irvine,UC Irvine,3,"Tom, Nikki",True,14,0,1,0.0,0,1,0.0,0,0,,0,1,1,0,2,0,1,0,0
2025-02-20_csun_uc_irvine,UC Irvine,12,"Nahum, Shirel",False,22,7,11,0.636,2,4,0.5,2,2,1.0,0,2,2,3,3,1,0,0,18
2025-02-20_csun_uc_irvine,UC Irvine,33,"Gnahore, Ines",False,22,6,9,0.667,1,2,0.5,2,3,0.667,2,4,6,3,1,0,0,0,15
2025-02-20_csun_uc_irvine,UC Irvine,14,"Hanson, Summah",False,15,3,9,0.333,2,6,0.333,0,0,,1,6,7,4,0,0,2,0,8
2025-02-20_csun_uc_irvine,UC Irvine,10,"Madsen, Lauryn",False,17,2,6,0.333,2,6,0.333,0,0,,0,0,0,0,1,1,0,1,6
2025-02-20_csun_uc_irvine,UC Irvine,11,"Scharpf, Amelia",False,13,1,2,0.5,0,0,,4,4,1.0,1,3,4,3,2,0,0,0,6
2025-02-20_csun_uc_irvine,UC Irvine,9,"Falcon Hernandez, Daniela",False,13,0,4,0.0,0,0,,3,4,0.75,2,4,6,1,0,1,2,1,3
2025-02-20_csun_uc_irvine,UC Irvine,22,"Djoko, Clara",False,14,1,2,0.5,0,1,0.0,0,0,,2,0,2,2,2,1,0,2,2
2025-02-20_csun_uc_irvine,UC Irvine,32,"Noa, Reese",False,10,1,4,0.25,0,2,0.0,0,0,,1,2,3,0,1,1,0,0,2
2025-02-20_csun_uc_irvine,UC Irvine,2,"Hernandez, Haley",False,9,1,3,0.333,0,0,,0,0,,0,3,3,0,0,0,0,0,2
2025-02-20_csun_uc_irvine,UC Irvine,TM,TEAM,False,0,0,0,,0,0,,0,0,,1,2,3,0,0,0,0,0,0
2025-02-20_csun_uc_irvine,CSUN,4,"Edwards, Morgan",True,33,4,10,0.4,3,6,0.5,0,0,,2,1,3,3,0,4,0,0,11
2025-02-20_csun_uc_irvine,CSUN,20,"Adams, Erica",True,28,2,11,0.182,0,2,0.0,4,4,1.0,1,3,4,1,2,1,0,1,8
2025-02-20_csun_uc_irvine,CSUN,00,"Kilty, Jenna",True,20,1,5,0.2,1,5,0.2,1,2,0.5,0,4,4,1,1,2,0,1,4
2025-02-20_csun_uc_irvine,CSUN,22,"Dahlin, Laini",True,16,1,3,0.333,1,3,0.333,0,0,,0,2,2,2,2,1,0,0,3
2025-02-20_csun_uc_irvine,CSUN,14,"Orji, Nnenna",True,13,1,4,0.25,0,0,,1,2,0.5,0,4,4,3,0,4,0,0,3
2025-02-20_csun_uc_irvine,CSUN,25,"Aspajo, Erika",False,23,3,9,0.333,0,5,0.0,3,4,0.75,1,3,4,0,4,3,0,0,9
2025-02-20_csun_uc_irvine,CSUN,5,"Cox, Yves",False,21,4,5,0.8,0,0,,0,2,0.0,4,7,11,1,0,1,1,1,8
2025-02-20_csun_uc_irvine,CSUN,2,"Hopson, Kayla",False,16,0,2,0.0,0,0,,4,6,0.667,0,1,1,2,0,2,0,1,4
2025-02-20_csun_uc_irvine,CSUN,21,"Marshall, Karsen",False,17,1,6,0.167,1,3,0.333,0,2,0.0,1,1,2,0,1,1,1,0,3
2025-02-20_csun_uc_irvine,CSUN,10,"Lizama, Alondra",False,13,0,1,0.0,0,1,0.0,3,4,0.75,0,0,0,1,0,0,0,0,3
2025-02-20_csun_uc_irvine,CSUN,TM,TEAM,False,0,0,0,,0,0,,0,0,,2,1,3,0,0,1,0,0,0
2025-02-20_uc_san_diego_cal_poly,Cal Poly,04,"Lichtie, Sierra",True,36,6,15,0.4,0,3,0.0,4,4,1.0,0,9,9,0,0,3,0,2,16
2025-02-20_uc_san_diego_cal_poly,Cal Poly,24,"Carter, Mary",True,29,3,6,0.5,1,3,0.333,2,2,1.0,0,5,5,2,0,1,1,2,9
2025-02-20_uc_san_diego_cal_poly,Cal Poly,15,"Bourland, Sydney",True,29,2,8,0.25,1,1,1.0,1,2,0.5,2,4,6,3,5,4,0,2,6
2025-02-20_uc_san_diego_cal_poly,Cal Poly,02,"Shah, Annika",True,31,2,4,0.5,1,2,0.5,0,0,,0,1,1,2,1,5,0,1,5
2025-02-20_uc_san_diego_cal_poly,Cal Poly,31,"Hiraki, Ashley",True,14,0,2,0.0,0,1,0.0,0,0,,0,0,0,4,1,2,0,0,0
2025-02-20_uc_san_diego_cal_poly,Cal Poly,09,"Perez, Nora",False,8,3,4,0.75,0,0,,0,1,0.0,0,2,2,0,0,0,0,0,6
2025-02-20_uc_san_diego_cal_poly,Cal Poly,10,"Richards, Sidney",False,22,1,7,0.143,1,3,0.333,2,4,0.5,0,1,1,4,1,3,0,2,5
2025-02-20_uc_san_diego_cal_poly,Cal Poly,05,"Robinson, Gabby",False,15,1,5,0.2,0,0,,0,0,,1,1,2,3,0,0,0,0,2
2025-02-20_uc_san_diego_cal_poly,Cal Poly,22,"Goosby, Alana",False,14,0,1,0.0,0,0,,0,2,0.0,3,0,3,1,1,3,0,0,0
2025-02-20_uc_san_diego_cal_poly,Cal Poly,14,"Bears, Gillian",False,1,0,0,,0,0,,0,0,,0,0,0,0,0,0,0,0,0
2025-02-20_uc_san_diego_cal_poly,Cal Poly,23,"Moleon Hidalgo, Ana",False,1,0,0,,0,0,,0,0,,0,0,0,0,0,0,0,0,0
2025-02-20_uc_san_diego_cal_poly,Cal Poly,TM,TEAM,False,0,0,0,,0,0,,0,0,,3,1,4,0,0,2,0,0,0
2025-02-20_uc_san_diego_cal_poly,UC San Diego,15,"Ma, Sabrina",True,37,4,11,0.364,3,10,0.3,3,4,0.75,1,4,5,3,1,1,2,1,14
2025-02-20_uc_san_diego_cal_poly,UC San Diego,32,"Montgomery, Parker",True,40,4,8,0.5,4,8,0.5,0,0,,1,1,2,3,3,4,0,5,12
2025-02-20_uc_san_diego_cal_poly,UC San Diego,24,"Spriggs, Kayanna",True,29,5,7,0.714,0,0,,2,6,0.333,3,6,9,1,0,3,0,1,12
2025-02-20_uc_san_diego_cal_poly,UC San Diego,03,"Sugapong, Sumayah",True,18,3,8,0.375,1,1,1.0,2,2,1.0,1,3,4,5,0,4,0,2,9
2025-02-20_uc_san_diego_cal_poly,UC San Diego,22,"Gallegos, Gracie",True,38,3,10,0.3,1,4,0.25,0,0,,0,6,6,2,5,0,0,0,7
2025-02-20_uc_san_diego_cal_poly,UC San Diego,25,"Mahan, Junaé",False,15,1,3,0.333,0,0,,6,7,0.857,1,2,3,4,1,2,1,1,8
2025-02-20_uc_san_diego_cal_poly,UC San Diego,11,"Condron, Erin",False,12,2,3,0.667,0,1,0.0,0,0,,2,1,3,1,1,1,1,1,4
2025-02-20_uc_san_diego_cal_poly,UC San Diego,21,"Polocheck, Nicki",False,7,0,3,0.0,0,2,0.0,0,0,,1,2,3,0,0,1,0,0,0
2025-02-20_uc_san_diego_cal_poly,UC San Diego,02,"Talbot, Grace",False,2,0,0,,0,0,,0,0,,0,0,0,0,0,1,0,0,0
2025-02-20_uc_san_diego_cal_poly,UC San Diego,23,"Blithikioti, Eri",False,2,0,1,0.0,0,1,0.0,0,0,,0,0,0,0,0,0,0,0,0
2025-02-20_uc_san_diego_cal_poly,UC San Diego,12,"Smith, Rosa",False,,0,0,,0,0,,0,0,,0,0,0,0,0,0,0,0,0
2025-02-20_uc_san_diego_cal_poly,UC San Diego,TM,TEAM,False,0,0,0,,0,0,,0,0,,0,3,3,0,0,1,0,0,0
2025-02-20_cal_st_fullerton_uc_santa_barbara,UC Santa Barbara,03,"Marin, Alyssa",True,22,5,9,0.556,4,5,0.8,4,6,0.667,0,1,1,4,0,1,0,1,18
2025-02-20_cal_st_fullerton_uc_santa_barbara,UC Santa Barbara,55,"Burke, Skylar",True,25,4,10,0.4,2,3,0.667,7,7,1.0,2,3,5,1,1,1,1,2,17
2025-02-20_cal_st_fullerton_uc_santa_barbara,UC Santa Barbara,10,"Choice, Anya",True,20,3,7,0.429,1,2,0.5,0,0,,0,1,1,5,3,2,0,1,7
2025-02-20_cal_st_fullerton_uc_santa_barbara,UC Santa Barbara,20,"Rockwood, Laurel",True,19,3,5,0.6,0,1,0.0,1,1,1.0,2,3,5,3,1,1,1,1,7
2025-02-20_cal_st_fullerton_uc_santa_barbara,UC Santa Barbara,02,"Borter, Zoe",True,28,0,6,0.0,0,1,0.0,3,4,0.75,1,5,6,2,1,0,0,1,3
2025-02-20_cal_st_fullerton_uc_santa_barbara,UC Santa Barbara,05,"Bradley, Olivia",False,25,5,7,0.714,0,1,0.0,4,4,1.0,1,4,5,1,1,3,2,0,14
2025-02-20_cal_st_fullerton_uc_santa_barbara,UC Santa Barbara,32,"Grant, Jessica",False,22,3,6,0.5,2,5,0.4,0,0,,0,2,2,2,0,1,1,2,8
2025-02-20_cal_st_fullerton_uc_santa_barbara,UC Santa Barbara,31,"Pietsch, Martha",False,16,2,3,0.667,2,3,0.667,0,0,,0,1,1,1,0,0,0,1,6
2025-02-20_cal_st_fullerton_uc_santa_barbara,UC Santa Barbara,11,"Williams, Cayla",False,10,0,0,,0,0,,0,0,,1,1,2,3,2,1,2,0,0
2025-02-20_cal_st_fullerton_uc_santa_barbara,UC Santa Barbara,13,"Goed, Flora",False,8,0,1,0.0,0,0,,0,0,,2,0,2,1,0,0,0,0,0
2025-02-20_cal_st_fullerton_uc_santa_barbara,UC Santa Barbara,14,"Coon, Kanani",False,5,0,1,0.0,0,1,0.0,0,0,,0,0,0,0,0,0,0,0,0
2025-02-20_cal_st_fullerton_uc_santa_barbara,UC Santa Barbara,TM,TEAM,False,0,0,0,,0,0,,0,0,,2,1,3,0,0,1,0,0,0
2025-02-20_cal_st_fullerton_uc_santa_barbara,Cal St. Fullerton,12,"Levingston, Eva",True,28,6,7,0.857,0,0,,4,6,0.667,2,2,4,2,0,2,0,0,16
2025-02-20_cal_st_fullerton_uc_santa_barbara,Cal St. Fullerton,13,"Hernandez, Aixchel",True,38,5,11,0.455,0,1,0.0,2,2,1.0,1,5,6,1,0,3,3,0,12
2025-02-20_cal_st_fullerton_uc_santa_barbara,Cal St. Fullerton,24,"Stanton, Aaliyah",True,24,2,4,0.5,1,1,1.0,0,1,0.0,0,2,2,3,0,2,0,0,5
2025-02-20_cal_st_fullerton_uc_santa_barbara,Cal St. Fullerton,22,"Muniz, Madelynn",True,22,1,7,0.143,1,7,0.143,2,2,1.0,1,0,1,2,2,1,0,0,5
2025-02-20_cal_st_fullerton_uc_santa_barbara,Cal St. Fullerton,23,"Strachan, Emily",True,23,1,6,0.167,0,0,,1,2,0.5,1,1,2,1,1,1,0,0,3
2025-02-20_cal_st_fullerton_uc_santa_barbara,Cal St. Fullerton,04,"Falsdottir, Jana",False,22,3,8,0.375,1,3,0.333,0,0,,0,2,2,2,2,2,0,4,7
2025-02-20_cal_st_fullerton_uc_santa_barbara,Cal St. Fullerton,10,"Lagway, Demonnie",False,17,0,4,0.0,0,1,0.0,3,4,0.75,0,1,1,1,0,0,0,0,3
2025-02-20_cal_st_fullerton_uc_santa_barbara,Cal St. Fullerton,00,"Davis, Layla",False,12,1,1,1.0,0,0,,1,4,0.25,0,4,4,4,1,1,0,0,3
2025-02-20_cal_st_fullerton_uc_santa_barbara,Cal St. Fullerton,02,"Tauro, Maddy",False,14,1,1,1.0,0,0,,0,0,,0,0,0,2,2,0,0,0,2
2025-02-20_cal_st_fullerton_uc_santa_barbara,Cal St. Fullerton,TM,TEAM,False,0,0,0,,0,0,,0,0,,2,2,4,0,0,2,0,0,0
2025-02-20_long_beach_st_uc_riverside,UC Riverside,2,"Hackley, Seneca",True,30,4,8,0.5,1,2,0.5,8,8,1.0,0,3,3,1,2,1,1,2,17
2025-02-20_long_beach_st_uc_riverside,UC Riverside,00,"Rose, Makayla",True,37,5,10,0.5,0,1,0.0,1,2,0.5,0,1,1,2,4,4,0,3,11
2025-02-20_long_beach_st_uc_riverside,UC Riverside,5,"Duchemin, Shelley",True,22,5,9,0.556,0,0,,0,0,,0,1,1,4,2,3,0,1,10
2025-02-20_long_beach_st_uc_riverside,UC Riverside,1,"Polk, Kaylani",True,18,2,7,0.286,2,5,0.4,2,2,1.0,1,0,1,4,0,1,0,1,8
2025-02-20_long_beach_st_uc_riverside,UC Riverside,12,"Cutler, Gemma",True,16,0,2,0.0,0,0,,0,0,,1,3,4,0,1,1,2,0,0
2025-02-20_long_beach_st_uc_riverside,UC Riverside,4,"Marshall, Jordyn",False,18,4,8,0.5,2,3,0.667,0,0,,0,0,0,3,1,2,0,0,10
2025-02-20_long_beach_st_uc_riverside,UC Riverside,13,"Chocano, Maya",False,18,3,6,0.5,1,4,0.25,0,0,,1,0,1,0,1,0,0,0,7
2025-02-20_long_beach_st_uc_riverside,UC Riverside,11,"Matarranz, Esther",False,24,2,6,0.333,0,0,,0,0,,6,2,8,3,4,1,1,2,4
2025-02-20_long_beach_st_uc_riverside,UC Riverside,7,"Wickstrom, Hannah",False,13,1,3,0.333,0,1,0.0,0,0,,0,2,2,1,3,0,0,0,2
2025-02-20_long_beach_st_uc_riverside,UC Riverside,3,"Tillery, Zoe",False,4,0,0,,0,0,,0,0,,0,0,0,0,1,0,0,0,0
2025-02-20_long_beach_st_uc_riverside,UC Riverside,TM,TEAM,False,0,0,0,,0,0,,0,0,,1,3,4,0,0,2,0,0,0
2025-02-20_long_beach_st_uc_riverside,Long Beach St.,2,"Tucker, Savannah",True,40,7,10,0.7,2,2,1.0,3,3,1.0,0,1,1,2,3,3,1,1,19
2025-02-20_long_beach_st_uc_riverside,Long Beach St.,11,"Loobie, Rachel",True,31,7,14,0.5,1,3,0.333,0,0,,2,6,8,1,2,2,2,1,15
2025-02-20_long_beach_st_uc_riverside,Long Beach St.,22,"Richards, Mykelle",True,27,5,10,0.5,0,1,0.0,2,2,1.0,3,4,7,2,3,3,1,0,12
2025-02-20_long_beach_st_uc_riverside,Long Beach St.,30,"Jones-brown, Jaquoia",True,30,3,6,0.5,1,1,1.0,4,4,1.0,3,1,4,1,1,1,0,1,11
2025-02-20_long_beach_st_uc_riverside,Long Beach St.,3,"Chung, Patricia",True,31,3,7,0.429,0,1,0.0,1,1,1.0,1,3,4,3,2,1,0,1,7
2025-02-20_long_beach_st_uc_riverside,Long Beach St.,12,"Crawshaw, Jada",False,13,4,5,0.8,0,1,0.0,0,0,,0,2,2,1,4,5,0,1,8
2025-02-20_long_beach_st_uc_riverside,Long Beach St.,42,"Oliva Fernandez, Judit",False,14,1,3,0.333,0,2,0.0,1,2,0.5,0,2,2,0,2,3,0,1,3
2025-02-20_long_beach_st_uc_riverside,Long Beach St.,1,"Sonnier, Lovely",False,10,0,3,0.0,0,1,0.0,0,0,,0,1,1,0,3,1,0,0,0
2025-02-20_long_beach_st_uc_riverside,Long Beach St.,5,"Ka, Kennan",False,4,0,0,,0,0,,0,0,,0,0,0,1,0,0,0,0,0
2025-02-20_long_beach_st_uc_riverside,Long Beach St.,TM,TEAM,False,0,0,0,,0,0,,0,0,,5,2,7,0,0,0,0,0,0
2025-02-22_csun_uc_davis,UC Davis,4,"Epps, Nya",True,26,6,9,0.667,3,5,0.6,0,0,,0,3,3,2,1,1,0,1,15
2025-02-22_csun_uc_davis,UC Davis,14,"Sabel, Tova",True,26,3,8,0.375,2,4,0.5,4,4,1.0,1,2,3,1,1,1,0,2,12
2025-02-22_csun_uc_davis,UC Davis,25,"Norris, Megan",True,21,2,6,0.333,1,4,0.25,1,2,0.5,0,4,4,1,2,1,1,0,6
2025-02-22_csun_uc_davis,UC Davis,33,"Harris, Mazatlan",True,16,2,5,0.4,0,2,0.0,0,0,,1,3,4,2,1,0,0,1,4
2025-02-22_csun_uc_davis,UC Davis,13,"Burns, Sydney",True,19,1,4,0.25,1,3,0.333,0,0,,0,5,5,3,5,3,0,1,3
2025-02-22_csun_uc_davis,UC Davis,9,"Sussex, Avery",False,12,3,5,0.6,2,3,0.667,0,0,,0,3,3,1,1,0,0,0,8
2025-02-22_csun_uc_davis,UC Davis,23,"Baker, Victoria",False,16,3,8,0.375,1,3,0.333,0,0,,1,5,6,3,1,3,0,2,7
2025-02-22_csun_uc_davis,UC Davis,2,"Bennett, Ryann",False,18,1,3,0.333,1,3,0.333,1,2,0.5,0,1,1,2,2,1,0,1,4
2025-02-22_csun_uc_davis,UC Davis,5,"Fitzgerald, Ally",False,16,2,6,0.333,0,3,0.0,0,0,,1,3,4,0,2,1,1,0,4
2025-02-22_csun_uc_davis,UC Davis,41,"Shine, Bria",False,12,1,3,0.333,0,0,,1,2,0.5,0,2,2,1,1,1,0,0,3
2025-02-22_csun_uc_davis,UC Davis,11,"Glad, Clara",False,12,0,3,0.0,0,3,0.0,0,0,,1,0,1,1,0,1,0,0,0
2025-02-22_csun_uc_davis,UC Davis,3,"Kanagasabay, Sahana",False,6,0,2,0.0,0,0,,0,0,,2,0,2,1,0,0,0,0,0
2025-02-22_csun_uc_davis,UC Davis,TM,TEAM,False,0,0,0,,0,0,,0,0,,2,4,6,0,0,1,0,0,0
2025-02-22_csun_uc_davis,CSUN,14,"Orji, Nnenna",True,22,3,5,0.6,0,0,,5,6,0.833,3,7,10,2,0,5,0,1,11
2025-02-22_csun_uc_davis,CSUN,00,"Kilty, Jenna",True,30,2,9,0.222,2,9,0.222,2,4,0.5,1,4,5,1,0,3,0,1,8
2025-02-22_csun_uc_davis,CSUN,3,"Tumlin, Kelly",True,34,2,11,0.182,1,9,0.111,0,0,,0,1,1,2,1,1,0,0,5
2025-02-22_csun_uc_davis,CSUN,4,"Edwards, Morgan",True,23,0,6,0.0,0,4,0.0,0,0,,0,1,1,2,0,1,0,0,0
2025-02-22_csun_uc_davis,CSUN,20,"Adams, Erica",True,21,0,2,0.0,0,0,,0,0,,0,2,2,0,0,0,0,0,0
2025-02-22_csun_uc_davis,CSUN,25,"Aspajo, Erika",False,30,4,15,0.267,1,5,0.2,0,0,,2,8,10,2,6,4,0,2,9
2025-02-22_csun_uc_davis,CSUN,5,"Cox, Yves",False,18,3,5,0.6,0,0,,0,0,,2,2,4,4,0,2,1,0,6
2025-02-22_csun_uc_davis,CSUN,22,"Dahlin, Laini",False,11,1,3,0.333,1,3,0.333,1,2,0.5,0,3,3,1,0,0,0,0,4
2025-02-22_csun_uc_davis,CSUN,2,"Hopson, Kayla",False,11,1,4,0.25,0,1,0.0,0,0,,2,1,3,0,2,0,0,0,2
2025-02-22_csun_uc_davis,CSUN,TM,TEAM,False,0,0,0,,0,0,,0,0,,1,1,2,0,0,0,0,0,0
2025-02-22_hawaii_uc_san_diego,UC San Diego,22,"Gallegos, Gracie",True,38,5,18,0.278,2,8,0.25,0,0,,0,4,4,2,2,2,0,2,12
2025-02-22_hawaii_uc_san_diego,UC San Diego,03,"Sugapong, Sumayah",True,37,5,18,0.278,0,4,0.0,2,4,0.5,3,3,6,5,1,6,0,3,12
2025-02-22_hawaii_uc_san_diego,UC San Diego,15,"Ma, Sabrina",True,39,2,15,0.133,1,12,0.083,1,2,0.5,0,5,5,3,0,2,0,0,6
2025-02-22_hawaii_uc_san_diego,UC San Diego,32,"Montgomery, Parker",True,29,2,8,0.25,0,5,0.0,0,0,,6,5,11,3,1,1,0,5,4
2025-02-22_hawaii_uc_san_diego,UC San Diego,24,"Spriggs, Kayanna",True,21,2,4,0.5,0,0,,0,2,0.0,3,2,5,4,0,0,0,1,4
2025-02-22_hawaii_uc_san_diego,UC San Diego,25,"Mahan, Junae",False,17,0,5,0.0,0,1,0.0,4,5,0.8,0,2,2,1,1,2,0,0,4
2025-02-22_hawaii_uc_san_diego,UC San Diego,11,"Condron, Erin",False,19,1,2,0.5,0,0,,0,0,,2,5,7,1,0,0,1,2,2
2025-02-22_hawaii_uc_san_diego,UC San Diego,TM,TEAM,False,0,0,0,,0,0,,0,0,,0,3,3,0,0,0,0,0,0
2025-02-22_hawaii_uc_san_diego,Hawaii,03,"Wahinekapu, Lily",True,24,4,8,0.5,2,3,0.667,3,6,0.5,1,2,3,3,1,5,0,0,13
2025-02-22_hawaii_uc_san_diego,Hawaii,23,"McBee, MeiLani",True,30,4,7,0.571,3,6,0.5,0,0,,0,2,2,1,0,1,1,1,11
2025-02-22_hawaii_uc_san_diego,Hawaii,01,"Imai, Kelsie",True,25,2,6,0.333,0,0,,3,6,0.5,2,3,5,0,7,3,0,2,7
2025-02-22_hawaii_uc_san_diego,Hawaii,12,"Perez, Imani",True,30,2,4,0.5,1,2,0.5,1,2,0.5,2,7,9,2,0,6,1,1,6
2025-02-22_hawaii_uc_san_diego,Hawaii,24,"Tamilo, Ritorya",True,19,0,6,0.0,0,1,0.0,2,4,0.5,1,3,4,1,1,1,0,0,2
2025-02-22_hawaii_uc_san_diego,Hawaii,04,"Lefotu, Jovi",False,18,2,3,0.667,1,1,1.0,0,0,,0,3,3,4,1,1,0,2,5
2025-02-22_hawaii_uc_san_diego,Hawaii,14,"Rewers, Brooklyn",False,15,0,5,0.0,0,2,0.0,3,4,0.75,0,4,4,0,0,1,0,0,3
2025-02-22_hawaii_uc_san_diego,Hawaii,02,"'Uhila, Mia",False,18,1,4,0.25,0,1,0.0,0,0,,0,4,4,1,1,0,0,0,2
2025-02-22_hawaii_uc_san_diego,Hawaii,22,"Peacock, Jade",False,13,0,3,0.0,0,1,0.0,0,0,,0,2,2,3,0,2,0,0,0
2025-02-22_hawaii_uc_san_diego,Hawaii,11,"Filemu, Kira-May",False,6,0,1,0.0,0,1,0.0,0,0,,0,1,1,1,0,1,0,1,0
2025-02-22_hawaii_uc_san_diego,Hawaii,08,"Moors, Rebecca",False,2,0,0,,0,0,,0,0,,0,1,1,0,0,1,0,0,0
2025-02-22_hawaii_uc_san_diego,Hawaii,TM,TEAM,False,0,0,0,,0,0,,0,0,,1,6,7,0,0,0,0,0,0
2025-02-22_uc_irvine_csu_bakersfield,CSU Bakersfield,4,"Dizon, Ary",True,37,4,14,0.286,3,5,0.6,3,4,0.75,2,9,11,4,1,8,3,0,14
2025-02-22_uc_irvine_csu_bakersfield,CSU Bakersfield,11,"Caldwell, Taylor",True,40,3,9,0.333,2,2,1.0,4,4,1.0,0,3,3,3,5,4,1,2,12
2025-02-22_uc_irvine_csu_bakersfield,CSU Bakersfield,2,"Gingras, Caitie",True,22,2,5,0.4,1,3,0.333,0,0,,0,0,0,3,0,0,0,0,5
2025-02-22_uc_irvine_csu_bakersfield,CSU Bakersfield,32,"Freeman, Garrisen",True,38,1,4,0.25,0,1,0.0,0,0,,2,3,5,4,2,1,0,1,2
2025-02-22_uc_irvine_csu_bakersfield,CSU Bakersfield,8,"Langi, Marley",True,11,1,3,0.333,0,1,0.0,0,0,,1,1,2,1,1,1,0,0,2
2025-02-22_uc_irvine_csu_bakersfield,CSU Bakersfield,30,"Dioli, Alli",False,31,4,12,0.333,3,10,0.3,0,0,,0,4,4,2,0,3,1,1,11
2025-02-22_uc_irvine_csu_bakersfield,CSU Bakersfield,34,"Forney, Cheyenne",False,4,1,1,1.0,0,0,,1,2,0.5,1,0,1,1,1,1,0,0,3
2025-02-22_uc_irvine_csu_bakersfield,CSU Bakersfield,42,"Tse, Allysan",False,9,0,0,,0,0,,0,0,,0,0,0,0,2,0,0,0,0
2025-02-22_uc_irvine_csu_bakersfield,CSU Bakersfield,23,"Feliz, Ileana",False,8,0,3,0.0,0,0,,0,0,,0,2,2,4,0,1,1,0,0
2025-02-22_uc_irvine_csu_bakersfield,CSU Bakersfield,21,"Tse, Dylan",False,0,0,0,,0,0,,0,0,,0,0,0,0,0,0,0,0,0
2025-02-22_uc_irvine_csu_bakersfield,CSU Bakersfield,TM,TEAM,False,0,0,0,,0,0,,0,0,,2,4,6,0,0,1,0,0,0
2025-02-22_uc_irvine_csu_bakersfield,UC Irvine,13,"Lee, Déja",True,28,3,9,0.333,1,4,0.25,8,8,1.0,1,3,4,0,0,1,0,0,15
2025-02-22_uc_irvine_csu_bakersfield,UC Irvine,20,"Hernandez, Hunter",True,32,3,12,0.25,1,4,0.25,7,8,0.875,1,6,7,0,1,1,0,2,14
2025-02-22_uc_irvine_csu_bakersfield,UC Irvine,24,"Dean, Nevaeh",True,22,4,9,0.444,0,3,0.0,1,2,0.5,1,5,6,3,0,0,3,1,9
2025-02-22_uc_irvine_csu_bakersfield,UC Irvine,21,"Williams, Olivia",True,23,2,6,0.333,0,2,0.0,0,0,,0,3,3,0,1,0,0,3,4
2025-02-22_uc_irvine_csu_bakersfield,UC Irvine,3,"Tom, Nikki",True,24,0,3,0.0,0,1,0.0,3,4,0.75,4,0,4,1,3,2,0,4,3
2025-02-22_uc_irvine_csu_bakersfield,UC Irvine,14,"Hanson, Summah",False,16,2,4,0.5,1,2,0.5,0,0,,0,6,6,1,0,1,1,2,5
2025-02-22_uc_irvine_csu_bakersfield,UC Irvine,10,"Madsen, Lauryn",False,14,1,6,0.167,1,5,0.2,2,2,1.0,0,2,2,0,0,1,0,1,5
2025-02-22_uc_irvine_csu_bakersfield,UC Irvine,12,"Nahum, Shirel",False,12,1,2,0.5,0,1,0.0,2,2,1.0,0,1,1,1,1,2,0,0,4
2025-02-22_uc_irvine_csu_bakersfield,UC Irvine,11,"Scharpf, Amelia",False,20,0,3,0.0,0,0,,1,2,0.5,1,2,3,0,2,0,0,0,1
2025-02-22_uc_irvine_csu_bakersfield,UC Irvine,33,"Gnahore, Ines",False,7,0,3,0.0,0,0,,0,2,0.0,3,0,3,2,0,2,0,0,0
2025-02-22_uc_irvine_csu_bakersfield,UC Irvine,9,"Falcon Hernandez, Daniela",False,2,0,0,,0,0,,0,0,,0,0,0,0,0,0,0,0,0
2025-02-22_uc_irvine_csu_bakersfield,UC Irvine,TM,TEAM,False,0,0,0,,0,0,,0,0,,6,0,6,0,0,0,0,0,0
2025-02-22_uc_santa_barbara_long_beach_st,Long Beach St.,02,"Tucker, Savannah",True,37,6,17,0.353,2,8,0.25,3,4,0.75,0,2,2,1,2,2,0,2,17
2025-02-22_uc_santa_barbara_long_beach_st,Long Beach St.,03,"Chung, Patricia",True,29,4,10,0.4,3,5,0.6,0,0,,0,0,0,4,1,0,0,1,11
2025-02-22_uc_santa_barbara_long_beach_st,Long Beach St.,30,"Jones-Brown, JaQuoia",True,32,3,8,0.375,0,3,0.0,4,6,0.667,5,2,7,4,3,1,0,1,10
2025-02-22_uc_santa_barbara_long_beach_st,Long Beach St.,11,"Loobie, Rachel",True,35,1,9,0.111,0,3,0.0,6,6,1.0,5,6,11,3,2,2,1,0,8
2025-02-22_uc_santa_barbara_long_beach_st,Long Beach St.,22,"Richards, Mykelle",True,24,1,7,0.143,0,3,0.0,1,2,0.5,1,1,2,3,0,3,0,3,3
2025-02-22_uc_santa_barbara_long_beach_st,Long Beach St.,12,"Crawshaw, Jada",False,17,2,6,0.333,1,2,0.5,0,2,0.0,2,5,7,3,0,3,0,0,5
2025-02-22_uc_santa_barbara_long_beach_st,Long Beach St.,01,"Sonnier, Lovely",False,10,1,3,0.333,0,1,0.0,0,0,,1,1,2,1,1,2,0,0,2
2025-02-22_uc_santa_barbara_long_beach_st,Long Beach St.,05,"Ka, Kennan",False,5,1,1,1.0,0,0,,0,0,,0,0,0,2,0,0,1,1,2
2025-02-22_uc_santa_barbara_long_beach_st,Long Beach St.,42,"Oliva Fernandez, Judit",False,11,0,0,,0,0,,0,0,,0,1,1,0,1,1,0,0,0
2025-02-22_uc_santa_barbara_long_beach_st,Long Beach St.,TM,TEAM,False,0,0,0,,0,0,,0,0,,1,2,3,0,0,0,0,0,0
2025-02-22_uc_santa_barbara_long_beach_st,UC Santa Barbara,55,"Burke, Skylar",True,26,4,8,0.5,0,2,0.0,3,4,0.75,2,2,4,1,3,4,1,1,11
2025-02-22_uc_santa_barbara_long_beach_st,UC Santa Barbara,03,"Marin, Alyssa",True,33,0,10,0.0,0,6,0.0,10,10,1.0,1,4,5,3,2,0,0,0,10
2025-02-22_uc_santa_barbara_long_beach_st,UC Santa Barbara,10,"Choice, Anya",True,15,2,2,1.0,1,1,1.0,1,2,0.5,1,2,3,2,1,1,0,1,6
2025-02-22_uc_santa_barbara_long_beach_st,UC Santa Barbara,02,"Borter, Zoe",True,33,2,4,0.5,0,0,,0,0,,1,3,4,2,3,2,0,2,4
2025-02-22_uc_santa_barbara_long_beach_st,UC Santa Barbara,20,"Rockwood, Laurel",True,19,1,4,0.25,0,0,,0,0,,2,6,8,5,0,3,1,0,2
2025-02-22_uc_santa_barbara_long_beach_st,UC Santa Barbara,05,"Bradley, Olivia",False,29,6,10,0.6,2,2,1.0,4,4,1.0,1,10,11,3,1,5,1,2,18
2025-02-22_uc_santa_barbara_long_beach_st,UC Santa Barbara,32,"Grant, Jessica",False,23,6,12,0.5,6,12,0.5,0,0,,1,2,3,1,1,0,0,0,18
2025-02-22_uc_santa_barbara_long_beach_st,UC Santa Barbara,11,"Williams, Cayla",False,20,0,1,0.0,0,0,,4,4,1.0,1,0,1,2,1,1,0,0,4
2025-02-22_uc_santa_barbara_long_beach_st,UC Santa Barbara,31,"Pietsch, Martha",False,2,0,1,0.0,0,1,0.0,0,0,,0,0,0,0,0,0,0,0,0
2025-02-22_uc_santa_barbara_long_beach_st,UC Santa Barbara,TM,TEAM,False,0,0,0,,0,0,,0,0,,1,1,2,0,0,0,0,0,0
2025-02-22_uc_riverside_cal_poly,Cal Poly,4,"Lichtie, Sierra",True,31,5,8,0.625,0,0,,2,2,1.0,2,5,7,2,1,2,0,1,12
2025-02-22_uc_riverside_cal_poly,Cal Poly,9,"Perez, Nora",True,5,1,1,1.0,1,1,1.0,1,2,0.5,0,0,0,0,0,1,0,1,4
2025-02-22_uc_riverside_cal_poly,Cal Poly,10,"Richards, Sidney",True,30,1,4,0.25,0,1,0.0,0,0,,2,3,5,3,4,3,0,1,2
2025-02-22_uc_riverside_cal_poly,Cal Poly,22,"Goosby, Alana",True,15,1,2,0.5,0,1,0.0,0,0,,0,1,1,0,1,2,0,0,2
2025-02-22_uc_riverside_cal_poly,Cal Poly,5,"Robinson, Gabby",True,10,0,0,,0,0,,0,0,,0,1,1,3,0,1,0,0,0
2025-02-22_uc_riverside_cal_poly,Cal Poly,24,"Carter, Mary",False,27,6,12,0.5,2,6,0.333,0,0,,1,2,3,2,0,1,2,0,14
2025-02-22_uc_riverside_cal_poly,Cal Poly,31,"Hiraki, Ashley",False,24,6,6,1.0,1,1,1.0,1,1,1.0,0,3,3,4,2,6,0,2,14
2025-02-22_uc_riverside_cal_poly,Cal Poly,2,"Shah, Annika",False,37,4,8,0.5,1,3,0.333,0,0,,0,1,1,1,3,1,0,0,9
2025-02-22_uc_riverside_cal_poly,Cal Poly,15,"Bourland, Sydney",False,21,3,4,0.75,0,0,,0,0,,0,2,2,2,3,3,0,0,6
2025-02-22_uc_riverside_cal_poly,Cal Poly,TM,TEAM,False,0,0,0,,0,0,,0,0,,1,1,2,0,0,1,0,0,0
2025-02-22_uc_riverside_cal_poly,UC Riverside,5,"Duchemin, Shelley",True,22,8,15,0.533,1,3,0.333,3,6,0.5,2,4,6,0,2,0,0,1,20
2025-02-22_uc_riverside_cal_poly,UC Riverside,00,"Rose, Makayla",True,34,6,12,0.5,0,3,0.0,1,1,1.0,1,2,3,0,4,4,0,4,13
2025-02-22_uc_riverside_cal_poly,UC Riverside,2,"Hackley, Seneca",True,26,4,8,0.5,2,3,0.667,0,0,,1,0,1,1,3,1,0,1,10
2025-02-22_uc_riverside_cal_poly,UC Riverside,12,"Cutler, Gemma",True,21,3,3,1.0,0,0,,1,3,0.333,2,1,3,0,0,0,0,1,7
2025-02-22_uc_riverside_cal_poly,UC Riverside,1,"Polk, Kaylani",True,17,0,2,0.0,0,2,0.0,0,0,,0,0,0,2,3,1,0,0,0
2025-02-22_uc_riverside_cal_poly,UC Riverside,7,"Wickstrom, Hannah",False,20,4,7,0.571,2,5,0.4,1,2,0.5,0,1,1,1,2,0,0,2,11
2025-02-22_uc_riverside_cal_poly,UC Riverside,3,"Tillery, Zoe",False,14,2,2,1.0,1,1,1.0,1,2,0.5,1,0,1,0,0,2,0,0,6
2025-02-22_uc_riverside_cal_poly,UC Riverside,11,"Matarranz, Esther",False,19,2,4,0.5,0,0,,1,2,0.5,2,3,5,4,2,2,0,1,5
2025-02-22_uc_riverside_cal_poly,UC Riverside,13,"Chocano, Maya",False,18,1,3,0.333,0,2,0.0,0,0,,1,1,2,0,0,1,0,0,2
2025-02-22_uc_riverside_cal_poly,UC Riverside,4,"Marshall, Jordyn",False,9,0,2,0.0,0,2,0.0,0,0,,0,0,0,1,0,0,0,0,0
2025-02-22_uc_riverside_cal_poly,UC Riverside,TM,TEAM,False,0,0,0,,0,0,,0,0,,3,0,3,0,0,1,0,0,0
2025-02-27_uc_riverside_hawaii,Hawaii,12,"Perez, Imani",True,32,4,7,0.571,4,5,0.8,0,2,0.0,1,3,4,0,4,2,3,2,12
2025-02-27_uc_riverside_hawaii,Hawaii,3,"Wahinekapu, Lily",True,36,5,11,0.455,0,3,0.0,0,0,,3,4,7,3,1,0,0,1,10
2025-02-27_uc_riverside_hawaii,Hawaii,1,"Imai, Kelsie",True,28,4,8,0.5,0,0,,1,2,0.5,1,3,4,3,1,2,0,0,9
2025-02-27_uc_riverside_hawaii,Hawaii,24,"Tamilo, Ritorya",True,16,2,3,0.667,0,1,0.0,0,0,,0,1,1,0,3,0,1,0,4
2025-02-27_uc_riverside_hawaii,Hawaii,23,"McBee, Meilani",True,20,1,3,0.333,1,3,0.333,0,0,,0,3,3,0,1,1,1,1,3
2025-02-27_uc_riverside_hawaii,Hawaii,2,"'uhila, Mia",False,20,2,5,0.4,1,3,0.333,2,2,1.0,0,3,3,0,2,2,0,0,7
2025-02-27_uc_riverside_hawaii,Hawaii,4,"Lefotu, Jovi",False,17,2,7,0.286,0,2,0.0,0,0,,1,2,3,2,0,3,0,0,4
2025-02-27_uc_riverside_hawaii,Hawaii,22,"Peacock, Jade",False,9,1,3,0.333,0,2,0.0,0,0,,0,0,0,0,0,0,0,0,2
2025-02-27_uc_riverside_hawaii,Hawaii,14,"Rewers, Brooklyn",False,13,0,5,0.0,0,3,0.0,0,0,,0,1,1,0,1,3,0,1,0
2025-02-27_uc_riverside_hawaii,Hawaii,8,"Moors, Rebecca",False,5,0,1,0.0,0,1,0.0,0,0,,0,0,0,0,0,0,0,0,0
2025-02-27_uc_riverside_hawaii,Hawaii,11,"Filemu, Kira-may",False,4,0,0,,0,0,,0,0,,1,1,2,1,1,1,0,1,0
2025-02-27_uc_riverside_hawaii,Hawaii,TM,TEAM,False,0,0,0,,0,0,,0,0,,2,3,5,0,0,1,0,0,0
2025-02-27_uc_riverside_hawaii,UC Riverside,5,"Duchemin, Shelley",True,30,6,13,0.462,1,4,0.25,1,2,0.5,0,4,4,1,3,5,0,5,14
2025-02-27_uc_riverside_hawaii,UC Riverside,00,"Rose, Makayla",True,34,3,7,0.429,0,2,0.0,5,6,0.833,0,1,1,1,3,0,0,1,11
2025-02-27_uc_riverside_hawaii,UC Riverside,2,"Hackley, Seneca",True,18,2,4,0.5,1,2,0.5,0,0,,0,2,2,0,2,1,0,1,5
2025-02-27_uc_riverside_hawaii,UC Riverside,1,"Polk, Kaylani",True,20,1,4,0.25,1,3,0.333,0,0,,1,3,4,1,4,2,0,1,3
2025-02-27_uc_riverside_hawaii,UC Riverside,12,"Cutler, Gemma",True,10,0,2,0.0,0,0,,0,0,,1,0,1,0,0,0,0,0,0
2025-02-27_uc_riverside_hawaii,UC Riverside,7,"Wickstrom, Hannah",False,28,7,11,0.636,2,4,0.5,2,2,1.0,0,5,5,1,1,1,0,1,18
2025-02-27_uc_riverside_hawaii,UC Riverside,11,"Matarranz, Esther",False,30,3,7,0.429,1,1,1.0,0,0,,2,5,7,1,3,0,1,1,7
2025-02-27_uc_riverside_hawaii,UC Riverside,13,"Chocano, Maya",False,10,1,3,0.333,1,3,0.333,0,0,,0,1,1,0,1,0,0,0,3
2025-02-27_uc_riverside_hawaii,UC Riverside,4,"Marshall, Jordyn",False,11,0,1,0.0,0,1,0.0,0,0,,0,1,1,2,1,0,0,0,0
2025-02-27_uc_riverside_hawaii,UC Riverside,3,"Tillery, Zoe",False,9,0,2,0.0,0,2,0.0,0,0,,0,0,0,1,2,0,0,0,0
2025-02-27_uc_riverside_hawaii,UC Riverside,TM,TEAM,False,0,0,0,,0,0,,0,0,,3,0,3,0,0,1,0,0,0
2025-02-27_uc_irvine_cal_st_fullerton,Cal St. Fullerton,22,"Muniz, Madelynn",True,25,2,7,0.286,2,7,0.286,0,0,,0,1,1,0,0,0,0,0,6
2025-02-27_uc_irvine_cal_st_fullerton,Cal St. Fullerton,24,"Stanton, Aaliyah",True,20,2,6,0.333,0,1,0.0,1,2,0.5,2,1,3,2,0,4,0,1,5
2025-02-27_uc_irvine_cal_st_fullerton,Cal St. Fullerton,13,"Hernandez, Aixchel",True,23,1,5,0.2,0,0,,0,0,,1,5,6,1,0,2,1,0,2
2025-02-27_uc_irvine_cal_st_fullerton,Cal St. Fullerton,23,"Strachan, Emily",True,18,1,7,0.143,0,2,0.0,0,0,,0,2,2,0,0,0,0,0,2
2025-02-27_uc_irvine_cal_st_fullerton,Cal St. Fullerton,11,"Levingston, Eva",True,22,0,3,0.0,0,0,,0,0,,0,2,2,1,1,3,0,1,0
2025-02-27_uc_irvine_cal_st_fullerton,Cal St. Fullerton,10,"Lagway, Demonnie",False,22,3,5,0.6,1,2,0.5,1,2,0.5,1,4,5,0,2,2,1,1,8
2025-02-27_uc_irvine_cal_st_fullerton,Cal St. Fullerton,00,"Davis, Layla",False,23,3,11,0.273,1,1,1.0,0,0,,3,2,5,0,0,0,1,1,7
2025-02-27_uc_irvine_cal_st_fullerton,Cal St. Fullerton,4,"Falsdottir, Jana",False,20,2,11,0.182,0,3,0.0,0,1,0.0,2,1,3,2,2,2,0,0,4
2025-02-27_uc_irvine_cal_st_fullerton,Cal St. Fullerton,2,"Tauro, Maddy",False,15,0,3,0.0,0,0,,0,0,,0,3,3,0,2,1,0,1,0
2025-02-27_uc_irvine_cal_st_fullerton,Cal St. Fullerton,1,"Wienecke, Genna",False,12,0,1,0.0,0,0,,0,0,,0,1,1,1,0,0,0,0,0
2025-02-27_uc_irvine_cal_st_fullerton,Cal St. Fullerton,TM,TEAM,False,0,0,0,,0,0,,0,0,,2,2,4,0,0,0,0,0,0
2025-02-27_uc_irvine_cal_st_fullerton,UC Irvine,13,"Lee, Déja",True,21,4,11,0.364,1,3,0.333,0,0,,0,2,2,1,1,1,0,4,9
2025-02-27_uc_irvine_cal_st_fullerton,UC Irvine,20,"Hernandez, Hunter",True,21,4,7,0.571,0,1,0.0,0,0,,3,1,4,0,1,1,0,0,8
2025-02-27_uc_irvine_cal_st_fullerton,UC Irvine,21,"Williams, Olivia",True,17,3,9,0.333,1,4,0.25,0,0,,0,3,3,0,0,2,0,1,7
2025-02-27_uc_irvine_cal_st_fullerton,UC Irvine,24,"Dean, Nevaeh",True,20,2,5,0.4,0,1,0.0,2,2,1.0,1,6,7,0,1,1,1,0,6
2025-02-27_uc_irvine_cal_st_fullerton,UC Irvine,3,"Tom, Nikki",True,22,1,6,0.167,0,1,0.0,0,0,,0,3,3,3,0,0,0,2,2
2025-02-27_uc_irvine_cal_st_fullerton,UC Irvine,14,"Hanson, Summah",False,17,6,7,0.857,1,1,1.0,0,0,,2,8,10,2,0,3,5,1,13
2025-02-27_uc_irvine_cal_st_fullerton,UC Irvine,33,"Gnahore, Ines",False,9,3,4,0.75,0,0,,0,0,,0,1,1,1,2,0,0,0,6
2025-02-27_uc_irvine_cal_st_fullerton,UC Irvine,10,"Madsen, Lauryn",False,23,2,7,0.286,1,5,0.2,0,0,,1,1,2,1,3,0,0,1,5
2025-02-27_uc_irvine_cal_st_fullerton,UC Irvine,11,"Scharpf, Amelia",False,17,2,3,0.667,0,0,,0,0,,2,3,5,0,5,0,1,1,4
2025-02-27_uc_irvine_cal_st_fullerton,UC Irvine,12,"Nahum, Shirel",False,10,1,2,0.5,0,0,,0,0,,0,1,1,1,0,1,0,0,2
2025-02-27_uc_irvine_cal_st_fullerton,UC Irvine,22,"Djoko, Clara",False,11,0,1,0.0,0,0,,0,0,,0,1,1,0,0,1,0,0,0
2025-02-27_uc_irvine_cal_st_fullerton,UC Irvine,2,"Hernandez, Haley",False,4,0,1,0.0,0,0,,0,0,,0,0,0,0,0,1,0,0,0
2025-02-27_uc_irvine_cal_st_fullerton,UC Irvine,9,"Falcon Hernandez, Daniela",False,4,0,0,,0,0,,0,0,,0,1,1,0,1,0,0,0,0
2025-02-27_uc_irvine_cal_st_fullerton,UC Irvine,35,"Noa, Reese",False,4,0,1,0.0,0,0,,0,0,,0,0,0,0,0,0,0,0,0
2025-02-27_uc_irvine_cal_st_fullerton,UC Irvine,TM,TEAM,False,0,0,0,,0,0,,0,0,,2,3,5,0,0,0,0,0,0
2025-02-27_uc_san_diego_csun,CSUN,04,"Edwards, Morgan",True,28,5,11,0.455,2,7,0.286,0,0,,0,4,4,3,1,2,0,3,12
2025-02-27_uc_san_diego_csun,CSUN,14,"Orji, Nnenna",True,22,4,11,0.364,0,0,,3,5,0.6,4,1,5,5,0,1,0,1,11
2025-02-27_uc_san_diego_csun,CSUN,02,"Hopson, Kayla",True,38,2,11,0.182,1,4,0.25,4,6,0.667,3,5,8,4,5,7,0,2,9
2025-02-27_uc_san_diego_csun,CSUN,03,"Tumlin, Kelly",True,32,3,11,0.273,3,10,0.3,0,0,,0,1,1,0,2,1,0,0,9
2025-02-27_uc_san_diego_csun,CSUN,25,"Aspajo, Erika",True,34,4,7,0.571,0,1,0.0,0,2,0.0,1,1,2,3,4,5,0,0,8
2025-02-27_uc_san_diego_csun,CSUN,10,"Lizama, Alondra",False,13,3,4,0.75,0,0,,1,2,0.5,0,1,1,3,0,1,0,0,7
2025-02-27_uc_san_diego_csun,CSUN,00,"Kilty, Jenna",False,19,2,5,0.4,2,5,0.4,0,0,,0,6,6,0,3,0,0,1,6
2025-02-27_uc_san_diego_csun,CSUN,05,"Cox, Yves",False,6,1,1,1.0,0,0,,0,0,,0,0,0,2,0,1,0,0,2
2025-02-27_uc_san_diego_csun,CSUN,20,"Adams, Erica",False,8,0,1,0.0,0,1,0.0,0,0,,1,1,2,1,0,1,0,0,0
2025-02-27_uc_san_diego_csun,CSUN,TM,TEAM,False,0,0,0,,0,0,,0,0,,0,5,5,0,0,0,0,0,0
2025-02-27_uc_san_diego_csun,UC San Diego,32,"Montgomery, Parker",True,35,5,11,0.455,5,10,0.5,2,2,1.0,0,1,1,2,0,0,1,2,17
2025-02-27_uc_san_diego_csun,UC San Diego,03,"Sugapong, Sumayah",True,39,5,11,0.455,1,3,0.333,0,2,0.0,0,6,6,2,6,7,1,2,11
2025-02-27_uc_san_diego_csun,UC San Diego,22,"Gallegos, Gracie",True,38,2,10,0.2,1,3,0.333,4,4,1.0,0,5,5,2,4,4,1,3,9
2025-02-27_uc_san_diego_csun,UC San Diego,15,"Ma, Sabrina",True,22,2,8,0.25,2,3,0.667,0,0,,3,3,6,5,2,2,0,0,6
2025-02-27_uc_san_diego_csun,UC San Diego,24,"Spriggs, Kayanna",True,19,2,5,0.4,0,0,,1,1,1.0,7,6,13,2,0,3,0,1,5
2025-02-27_uc_san_diego_csun,UC San Diego,11,"Condron, Erin",False,21,6,7,0.857,1,1,1.0,3,3,1.0,2,2,4,0,1,1,0,2,16
2025-02-27_uc_san_diego_csun,UC San Diego,25,"Mahan, Junaé",False,22,4,11,0.364,0,3,0.0,6,8,0.75,0,4,4,3,2,1,0,1,14
2025-02-27_uc_san_diego_csun,UC San Diego,21,"Polocheck, Nicki",False,2,0,0,,0,0,,0,0,,0,0,0,0,0,0,0,0,0
2025-02-27_uc_san_diego_csun,UC San Diego,12,"Smith, Rosa",False,1,0,0,,0,0,,0,0,,0,0,0,0,1,0,0,0,0
2025-02-27_uc_san_diego_csun,UC San Diego,23,"Blithikioti, Eri",False,1,0,0,,0,0,,0,0,,0,0,0,0,0,1,0,0,0
2025-02-27_uc_san_diego_csun,UC San Diego,TM,TEAM,False,0,0,0,,0,0,,0,0,,1,3,4,0,0,1,0,0,0
2025-02-27_cal_poly_uc_santa_barbara,UC Santa Barbara,02,"Borter, Zoe",True,37,4,10,0.4,2,6,0.333,2,2,1.0,2,1,3,1,1,0,0,0,12
2025-02-27_cal_poly_uc_santa_barbara,UC Santa Barbara,55,"Burke, Skylar",True,24,2,5,0.4,0,0,,8,9,0.889,0,3,3,4,3,4,0,2,12
2025-02-27_cal_poly_uc_santa_barbara,UC Santa Barbara,10,"Choice, Anya",True,27,3,5,0.6,3,3,1.0,1,2,0.5,0,3,3,3,1,1,0,1,10
2025-02-27_cal_poly_uc_santa_barbara,UC Santa Barbara,20,"Rockwood, Laurel",True,23,3,5,0.6,0,0,,0,1,0.0,1,5,6,3,0,2,0,2,6
2025-02-27_cal_poly_uc_santa_barbara,UC Santa Barbara,03,"Marin, Alyssa",True,19,0,3,0.0,0,1,0.0,3,5,0.6,0,1,1,5,1,2,0,3,3
2025-02-27_cal_poly_uc_santa_barbara,UC Santa Barbara,05,"Bradley, Olivia",False,33,5,11,0.455,0,2,0.0,1,2,0.5,0,8,8,1,0,2,1,2,11
2025-02-27_cal_poly_uc_santa_barbara,UC Santa Barbara,11,"Williams, Cayla",False,15,2,2,1.0,2,2,1.0,2,2,1.0,0,1,1,1,1,2,0,0,8
2025-02-27_cal_poly_uc_santa_barbara,UC Santa Barbara,32,"Grant, Jessica",False,21,0,2,0.0,0,2,0.0,1,2,0.5,0,1,1,1,0,1,0,0,1
2025-02-27_cal_poly_uc_santa_barbara,UC Santa Barbara,31,"Pietsch, Martha",False,1,0,1,0.0,0,1,0.0,0,0,,0,0,0,0,0,0,0,0,0
2025-02-27_cal_poly_uc_santa_barbara,UC Santa Barbara,TM,TEAM,False,0,0,0,,0,0,,0,0,,2,2,4,0,0,0,0,0,0
2025-02-27_cal_poly_uc_santa_barbara,Cal Poly,02,"Shah, Annika",True,36,6,10,0.6,5,6,0.833,1,1,1.0,0,2,2,3,3,2,0,1,18
2025-02-27_cal_poly_uc_santa_barbara,Cal Poly,04,"Lichtie, Sierra",True,37,3,7,0.429,1,3,0.333,2,2,1.0,0,3,3,1,2,4,2,1,9
2025-02-27_cal_poly_uc_santa_barbara,Cal Poly,24,"Carter, Mary",True,35,2,9,0.222,1,5,0.2,4,4,1.0,2,8,10,3,3,2,0,1,9
2025-02-27_cal_poly_uc_santa_barbara,Cal Poly,15,"Bourland, Sydney",True,24,3,3,1.0,0,0,,3,4,0.75,0,1,1,4,0,4,0,2,9
2025-02-27_cal_poly_uc_santa_barbara,Cal Poly,10,"Richards, Sidney",True,29,2,10,0.2,1,1,1.0,0,2,0.0,0,2,2,5,0,1,0,1,5
2025-02-27_cal_poly_uc_santa_barbara,Cal Poly,31,"Hiraki, Ashley",False,25,0,4,0.0,0,2,0.0,5,6,0.833,2,2,4,3,2,3,0,0,5
2025-02-27_cal_poly_uc_santa_barbara,Cal Poly,22,"Goosby, Alana",False,11,2,2,1.0,1,1,1.0,0,0,,0,4,4,0,0,0,0,1,5
2025-02-27_cal_poly_uc_santa_barbara,Cal Poly,09,"Perez, Nora",False,3,0,0,,0,0,,0,0,,0,0,0,1,0,0,0,0,0
2025-02-27_cal_poly_uc_santa_barbara,Cal Poly,05,"Robinson, Gabby",False,,0,0,,0,0,,0,0,,0,0,0,1,0,0,0,0,0
2025-02-27_cal_poly_uc_santa_barbara,Cal Poly,TM,TEAM,False,0,0,0,,0,0,,0,0,,0,1,1,0,0,0,0,0,0
2025-02-27_csu_bakersfield_long_beach_st,Long Beach St.,02,"Tucker, Savannah",True,40,4,17,0.235,2,7,0.286,9,10,0.9,1,1,2,0,1,2,0,3,19
2025-02-27_csu_bakersfield_long_beach_st,Long Beach St.,03,"Chung, Patricia",True,36,4,11,0.364,2,4,0.5,5,6,0.833,0,7,7,1,5,1,0,1,15
2025-02-27_csu_bakersfield_long_beach_st,Long Beach St.,11,"Loobie, Rachel",True,36,7,16,0.438,0,1,0.0,1,3,0.333,4,6,10,1,3,0,3,0,15
2025-02-27_csu_bakersfield_long_beach_st,Long Beach St.,30,"Jones-Brown, JaQuoia",True,17,4,9,0.444,1,2,0.5,0,0,,1,0,1,0,1,1,0,1,9
2025-02-27_csu_bakersfield_long_beach_st,Long Beach St.,22,"Richards, Mykelle",True,32,3,9,0.333,0,1,0.0,0,0,,2,3,5,3,0,0,1,2,6
2025-02-27_csu_bakersfield_long_beach_st,Long Beach St.,12,"Crawshaw, Jada",False,12,4,6,0.667,2,2,1.0,2,2,1.0,1,4,5,4,0,3,0,0,12
2025-02-27_csu_bakersfield_long_beach_st,Long Beach St.,01,"Sonnier, Lovely",False,16,1,2,0.5,0,1,0.0,4,6,0.667,2,3,5,3,1,0,0,1,6
2025-02-27_csu_bakersfield_long_beach_st,Long Beach St.,42,"Oliva Fernandez, Judit",False,7,0,0,,0,0,,0,0,,0,2,2,1,0,0,1,0,0
2025-02-27_csu_bakersfield_long_beach_st,Long Beach St.,05,"Ka, Kennan",False,4,0,0,,0,0,,0,0,,0,0,0,0,0,0,0,0,0
2025-02-27_csu_bakersfield_long_beach_st,Long Beach St.,10,"Reynoso, Christy",False,,0,0,,0,0,,0,0,,0,0,0,0,0,0,0,0,0
2025-02-27_csu_bakersfield_long_beach_st,Long Beach St.,21,"Brice, Brelynn",False,,0,0,,0,0,,0,0,,0,0,0,0,0,0,0,0,0
2025-02-27_csu_bakersfield_long_beach_st,Long Beach St.,TM,TEAM,False,0,0,0,,0,0,,0,0,,3,3,6,0,0,0,0,0,0
2025-02-27_csu_bakersfield_long_beach_st,CSU Bakersfield,02,"Gingras, Caitie",True,34,4,6,0.667,4,5,0.8,2,2,1.0,0,4,4,0,0,0,0,1,14
2025-02-27_csu_bakersfield_long_beach_st,CSU Bakersfield,04,"Dizon, Ary",True,26,5,6,0.833,0,1,0.0,0,0,,0,3,3,4,6,5,4,1,10
2025-02-27_csu_bakersfield_long_beach_st,CSU Bakersfield,08,"Langi, Marley",True,22,5,15,0.333,0,3,0.0,0,0,,3,3,6,3,1,2,0,0,10
2025-02-27_csu_bakersfield_long_beach_st,CSU Bakersfield,32,"Freeman, Garrisen",True,38,2,6,0.333,1,1,1.0,4,4,1.0,2,9,11,1,3,1,0,1,9
2025-02-27_csu_bakersfield_long_beach_st,CSU Bakersfield,11,"Caldwell, Taylor",True,33,3,13,0.231,0,0,,1,2,0.5,2,3,5,5,2,4,0,2,7
2025-02-27_csu_bakersfield_long_beach_st,CSU Bakersfield,30,"Dioli, Alli",False,29,5,9,0.556,3,7,0.429,1,2,0.5,0,7,7,3,0,2,0,0,14
2025-02-27_csu_bakersfield_long_beach_st,CSU Bakersfield,34,"Forney, Cheyenne",False,5,2,4,0.5,0,0,,0,1,0.0,1,1,2,0,0,1,0,0,4
2025-02-27_csu_bakersfield_long_beach_st,CSU Bakersfield,42,"Tse, Allysan",False,4,1,2,0.5,0,1,0.0,0,0,,0,0,0,2,0,1,0,0,2
2025-02-27_csu_bakersfield_long_beach_st,CSU Bakersfield,21,"Tse, Dylan",False,7,0,0,,0,0,,0,0,,0,0,0,2,1,1,0,0,0
2025-02-27_csu_bakersfield_long_beach_st,CSU Bakersfield,23,"Feliz, Ileana",False,2,0,0,,0,0,,0,0,,0,0,0,0,0,0,0,0,0
2025-02-27_csu_bakersfield_long_beach_st,CSU Bakersfield,TM,TEAM,False,0,0,0,,0,0,,0,0,,0,2,2,0,0,0,0,0,0
2025-03-01_uc_davis_hawaii,Hawaii,03,"Wahinekapu, Lily",True,34,4,17,0.235,1,6,0.167,4,4,1.0,1,5,6,5,3,1,0,1,13
2025-03-01_uc_davis_hawaii,Hawaii,23,"McBee, MeiLani",True,31,4,8,0.5,3,7,0.429,1,2,0.5,0,5,5,2,1,2,0,1,12
2025-03-01_uc_davis_hawaii,Hawaii,24,"Tamilo, Ritorya",True,17,2,5,0.4,0,0,,3,4,0.75,3,5,8,1,0,1,1,0,7
2025-03-01_uc_davis_hawaii,Hawaii,12,"Perez, Imani",True,31,2,6,0.333,1,3,0.333,0,0,,1,4,5,1,0,3,1,1,5
2025-03-01_uc_davis_hawaii,Hawaii,01,"Imai, Kelsie",True,23,0,3,0.0,0,1,0.0,3,5,0.6,4,2,6,3,0,2,0,1,3
2025-03-01_uc_davis_hawaii,Hawaii,04,"Lefotu, Jovi",False,20,6,11,0.545,1,2,0.5,2,2,1.0,1,1,2,1,3,2,0,0,15
2025-03-01_uc_davis_hawaii,Hawaii,14,"Rewers, Brooklyn",False,10,2,4,0.5,1,2,0.5,0,0,,0,1,1,3,0,3,0,0,5
2025-03-01_uc_davis_hawaii,Hawaii,02,"'Uhila, Mia",False,20,1,2,0.5,0,0,,2,2,1.0,0,3,3,2,1,1,0,0,4
2025-03-01_uc_davis_hawaii,Hawaii,22,"Peacock, Jade",False,10,1,3,0.333,0,1,0.0,0,0,,1,1,2,0,1,0,0,0,2
2025-03-01_uc_davis_hawaii,Hawaii,08,"Moors, Rebecca",False,2,0,1,0.0,0,0,,0,0,,0,0,0,0,0,0,0,0,0
2025-03-01_uc_davis_hawaii,Hawaii,11,"Filemu, Kira-May",False,2,0,1,0.0,0,0,,0,0,,0,0,0,0,0,0,0,0,0
2025-03-01_uc_davis_hawaii,Hawaii,TM,TEAM,False,0,0,0,,0,0,,0,0,,3,2,5,0,0,1,0,0,0
2025-03-01_uc_davis_hawaii,UC Davis,14,"Sabel, Tova",True,36,5,17,0.294,2,7,0.286,6,6,1.0,1,4,5,1,2,1,3,1,18
2025-03-01_uc_davis_hawaii,UC Davis,13,"Burns, Sydney",True,29,3,6,0.5,0,0,,4,4,1.0,0,4,4,2,4,2,0,4,10
2025-03-01_uc_davis_hawaii,UC Davis,33,"Harris, Mazatlan",True,24,1,2,0.5,0,1,0.0,0,0,,2,3,5,4,1,2,1,0,2
2025-03-01_uc_davis_hawaii,UC Davis,41,"Shine, Bria",True,8,0,2,0.0,0,1,0.0,0,0,,0,1,1,2,0,2,0,1,0
2025-03-01_uc_davis_hawaii,UC Davis,23,"Baker, Victoria",True,4,0,1,0.0,0,1,0.0,0,0,,0,0,0,1,0,0,2,0,0
2025-03-01_uc_davis_hawaii,UC Davis,25,"Norris, Megan",False,31,5,8,0.625,3,5,0.6,3,6,0.5,0,6,6,3,3,1,0,0,16
2025-03-01_uc_davis_hawaii,UC Davis,04,"Epps, Nya",False,31,5,12,0.417,1,5,0.2,3,3,1.0,1,4,5,2,1,0,0,1,14
2025-03-01_uc_davis_hawaii,UC Davis,09,"Sussex, Avery",False,10,3,5,0.6,1,3,0.333,0,0,,0,2,2,0,1,0,1,1,7
2025-03-01_uc_davis_hawaii,UC Davis,11,"Glad, Clara",False,6,1,2,0.5,1,2,0.5,1,2,0.5,0,0,0,0,0,0,0,0,4
2025-03-01_uc_davis_hawaii,UC Davis,02,"Bennett, Ryann",False,16,1,4,0.25,1,1,1.0,0,0,,1,0,1,0,2,0,0,1,3
2025-03-01_uc_davis_hawaii,UC Davis,05,"Fitzgerald, Ally",False,5,0,1,0.0,0,0,,0,0,,0,1,1,0,0,0,0,0,0
2025-03-01_uc_davis_hawaii,UC Davis,TM,TEAM,False,0,0,0,,0,0,,0,0,,2,1,3,0,0,0,0,0,0
2025-03-01_long_beach_st_uc_irvine,UC Irvine,20,"Hernandez, Hunter",True,30,4,14,0.286,2,8,0.25,4,4,1.0,4,1,5,5,1,2,0,1,14
2025-03-01_long_beach_st_uc_irvine,UC Irvine,13,"Lee, Deja",True,30,3,12,0.25,1,3,0.333,0,0,,1,2,3,4,4,0,0,3,7
2025-03-01_long_beach_st_uc_irvine,UC Irvine,21,"Williams, Olivia",True,24,3,9,0.333,1,3,0.333,0,0,,1,2,3,0,0,2,0,0,7
2025-03-01_long_beach_st_uc_irvine,UC Irvine,24,"Dean, Nevaeh",True,18,3,9,0.333,0,2,0.0,0,0,,1,1,2,3,1,2,0,2,6
2025-03-01_long_beach_st_uc_irvine,UC Irvine,3,"Tom, Nikki",True,26,1,4,0.25,0,1,0.0,0,0,,4,2,6,1,3,0,0,4,2
2025-03-01_long_beach_st_uc_irvine,UC Irvine,14,"Hanson, Summah",False,17,2,10,0.2,0,5,0.0,2,2,1.0,3,2,5,1,0,0,0,0,6
2025-03-01_long_beach_st_uc_irvine,UC Irvine,33,"Gnahore, Ines",False,11,2,6,0.333,1,3,0.333,0,2,0.0,0,0,0,1,0,0,0,0,5
2025-03-01_long_beach_st_uc_irvine,UC Irvine,10,"Madsen, Lauryn",False,16,1,6,0.167,1,6,0.167,0,0,,0,1,1,0,0,2,1,0,3
2025-03-01_long_beach_st_uc_irvine,UC Irvine,12,"Nahum, Shirel",False,9,1,3,0.333,0,1,0.0,0,0,,0,1,1,1,1,1,0,1,2
2025-03-01_long_beach_st_uc_irvine,UC Irvine,11,"Scharpf, Amelia",False,17,0,3,0.0,0,0,,0,0,,0,2,2,1,1,1,2,1,0
2025-03-01_long_beach_st_uc_irvine,UC Irvine,22,"Djoko, Clara",False,2,0,0,,0,0,,0,0,,0,1,1,0,0,0,0,0,0
2025-03-01_long_beach_st_uc_irvine,UC Irvine,TM,TEAM,False,0,0,0,,0,0,,0,0,,5,3,8,0,0,0,0,0,0
2025-03-01_long_beach_st_uc_irvine,Long Beach St.,3,"Chung, Patricia",True,35,8,17,0.471,1,4,0.25,4,4,1.0,0,6,6,1,5,2,0,2,21
2025-03-01_long_beach_st_uc_irvine,Long Beach St.,2,"Tucker, Savannah",True,39,4,10,0.4,3,6,0.5,2,2,1.0,0,4,4,1,1,3,2,0,13
2025-03-01_long_beach_st_uc_irvine,Long Beach St.,30,"Jones-brown, Jaquoia",True,31,5,8,0.625,3,5,0.6,0,2,0.0,2,7,9,1,3,4,0,0,13
2025-03-01_long_beach_st_uc_irvine,Long Beach St.,22,"Richards, Mykelle",True,20,3,4,0.75,1,2,0.5,2,4,0.5,1,2,3,4,0,3,0,2,9
2025-03-01_long_beach_st_uc_irvine,Long Beach St.,11,"Loobie, Rachel",True,39,3,10,0.3,0,1,0.0,2,2,1.0,8,10,18,2,4,0,4,1,8
2025-03-01_long_beach_st_uc_irvine,Long Beach St.,5,"Ka, Kennan",False,10,4,4,1.0,1,1,1.0,0,0,,0,1,1,1,1,0,0,0,9
2025-03-01_long_beach_st_uc_irvine,Long Beach St.,1,"Sonnier, Lovely",False,13,0,3,0.0,0,0,,0,0,,1,3,4,3,3,2,0,1,0
2025-03-01_long_beach_st_uc_irvine,Long Beach St.,12,"Crawshaw, Jada",False,11,0,4,0.0,0,0,,0,0,,1,2,3,1,2,4,0,0,0
2025-03-01_long_beach_st_uc_irvine,Long Beach St.,10,"Reynoso, Christy",False,1,0,0,,0,0,,0,0,,0,0,0,0,0,0,0,0,0
2025-03-01_long_beach_st_uc_irvine,Long Beach St.,42,"Oliva Fernandez, Judit",False,1,0,0,,0,0,,0,0,,0,1,1,0,0,0,0,0,0
2025-03-01_long_beach_st_uc_irvine,Long Beach St.,TM,TEAM,False,0,0,0,,0,0,,0,0,,3,2,5,0,0,1,0,0,0
2025-03-01_cal_st_fullerton_uc_san_diego,UC San Diego,15,"Ma, Sabrina",True,32,7,12,0.583,5,9,0.556,4,6,0.667,0,0,0,2,2,0,1,1,23
2025-03-01_cal_st_fullerton_uc_san_diego,UC San Diego,03,"Sugapong, Sumayah",True,33,6,14,0.429,1,4,0.25,3,3,1.0,0,2,2,1,3,4,0,2,16
2025-03-01_cal_st_fullerton_uc_san_diego,UC San Diego,24,"Spriggs, Kayanna",True,19,3,7,0.429,0,0,,0,0,,5,6,11,0,1,3,0,1,6
2025-03-01_cal_st_fullerton_uc_san_diego,UC San Diego,32,"Montgomery, Parker",True,28,2,8,0.25,1,4,0.25,0,0,,0,4,4,3,1,2,0,0,5
2025-03-01_cal_st_fullerton_uc_san_diego,UC San Diego,22,"Gallegos, Gracie",True,26,2,9,0.222,0,3,0.0,0,0,,0,7,7,2,1,0,0,1,4
2025-03-01_cal_st_fullerton_uc_san_diego,UC San Diego,11,"Condron, Erin",False,13,3,3,1.0,0,0,,2,2,1.0,0,3,3,2,0,0,0,0,8
2025-03-01_cal_st_fullerton_uc_san_diego,UC San Diego,02,"Talbot, Grace",False,2,1,1,1.0,1,1,1.0,0,0,,0,0,0,1,0,0,0,0,3
2025-03-01_cal_st_fullerton_uc_san_diego,UC San Diego,30,"Sule, Damilola",False,6,1,4,0.25,0,0,,0,0,,2,1,3,0,1,1,0,0,2
2025-03-01_cal_st_fullerton_uc_san_diego,UC San Diego,21,"Polocheck, Nicki",False,4,1,2,0.5,0,1,0.0,0,0,,0,0,0,1,0,0,0,0,2
2025-03-01_cal_st_fullerton_uc_san_diego,UC San Diego,25,"Mahan, Junae",False,24,0,3,0.0,0,0,,0,0,,2,1,3,2,2,2,0,3,0
2025-03-01_cal_st_fullerton_uc_san_diego,UC San Diego,05,"Louther, Gabby",False,5,0,0,,0,0,,0,0,,1,2,3,0,0,0,0,0,0
2025-03-01_cal_st_fullerton_uc_san_diego,UC San Diego,12,"Smith, Rosa",False,4,0,1,0.0,0,0,,0,0,,0,0,0,1,1,0,0,1,0
2025-03-01_cal_st_fullerton_uc_san_diego,UC San Diego,23,"Blithikioti, Eri",False,2,0,0,,0,0,,0,0,,0,0,0,0,0,0,0,0,0
2025-03-01_cal_st_fullerton_uc_san_diego,UC San Diego,33,"Svoboda, Emma",False,2,0,1,0.0,0,0,,0,0,,1,0,1,0,0,1,0,0,0
2025-03-01_cal_st_fullerton_uc_san_diego,UC San Diego,TM,TEAM,False,0,0,0,,0,0,,0,0,,3,3,6,0,0,1,0,0,0
2025-03-01_cal_st_fullerton_uc_san_diego,Cal St. Fullerton,24,"Stanton, Aaliyah",True,30,7,16,0.438,2,5,0.4,2,4,0.5,1,2,3,0,2,2,0,2,18
2025-03-01_cal_st_fullerton_uc_san_diego,Cal St. Fullerton,13,"Hernandez, Aixchel",True,29,3,6,0.5,0,0,,2,2,1.0,1,2,3,1,0,2,2,1,8
2025-03-01_cal_st_fullerton_uc_san_diego,Cal St. Fullerton,12,"Levingston, Eva",True,33,2,8,0.25,0,0,,0,0,,1,7,8,1,2,3,1,2,4
2025-03-01_cal_st_fullerton_uc_san_diego,Cal St. Fullerton,23,"Strachan, Emily",True,14,0,2,0.0,0,1,0.0,0,0,,0,1,1,1,0,1,0,0,0
2025-03-01_cal_st_fullerton_uc_san_diego,Cal St. Fullerton,22,"Muniz, Madelynn",True,10,0,2,0.0,0,2,0.0,0,0,,0,1,1,4,0,1,0,1,0
2025-03-01_cal_st_fullerton_uc_san_diego,Cal St. Fullerton,02,"Tauro, Maddy",False,26,4,9,0.444,0,0,,3,5,0.6,1,6,7,3,0,1,0,1,11
2025-03-01_cal_st_fullerton_uc_san_diego,Cal St. Fullerton,04,"Falsdottir, Jana",False,22,2,6,0.333,0,3,0.0,0,0,,1,1,2,0,2,1,0,2,4
2025-03-01_cal_st_fullerton_uc_san_diego,Cal St. Fullerton,00,"Davis, Layla",False,13,0,3,0.0,0,0,,1,2,0.5,2,0,2,2,0,1,0,0,1
2025-03-01_cal_st_fullerton_uc_san_diego,Cal St. Fullerton,10,"Lagway, Demonnie",False,23,0,3,0.0,0,2,0.0,0,0,,3,2,5,0,0,4,0,0,0
2025-03-01_cal_st_fullerton_uc_san_diego,Cal St. Fullerton,TM,TEAM,False,0,0,0,,0,0,,0,0,,0,3,3,0,0,0,0,0,0
2025-03-01_uc_santa_barbara_csun,CSUN,14,"Orji, Nnenna",True,21,4,10,0.4,0,0,,6,12,0.5,2,3,5,2,0,2,1,1,14
2025-03-01_uc_santa_barbara_csun,CSUN,02,"Hopson, Kayla",True,21,3,10,0.3,1,5,0.2,2,3,0.667,2,3,5,1,2,3,0,0,9
2025-03-01_uc_santa_barbara_csun,CSUN,04,"Edwards, Morgan",True,33,2,11,0.182,0,5,0.0,0,0,,2,1,3,3,2,1,0,1,4
2025-03-01_uc_santa_barbara_csun,CSUN,03,"Tumlin, Kelly",True,31,1,7,0.143,1,7,0.143,0,0,,0,7,7,1,2,1,0,2,3
2025-03-01_uc_santa_barbara_csun,CSUN,25,"Aspajo, Erika",True,29,1,6,0.167,0,3,0.0,0,0,,1,3,4,4,5,2,0,1,2
2025-03-01_uc_santa_barbara_csun,CSUN,20,"Adams, Erica",False,19,4,12,0.333,2,4,0.5,0,0,,2,1,3,2,2,2,0,1,10
2025-03-01_uc_santa_barbara_csun,CSUN,00,"Kilty, Jenna",False,27,3,4,0.75,3,4,0.75,0,0,,0,2,2,0,0,0,0,0,9
2025-03-01_uc_santa_barbara_csun,CSUN,10,"Lizama, Alondra",False,15,0,0,,0,0,,1,4,0.25,0,0,0,3,0,2,0,0,1
2025-03-01_uc_santa_barbara_csun,CSUN,05,"Cox, Yves",False,4,0,2,0.0,0,0,,0,0,,0,1,1,1,0,0,0,0,0
2025-03-01_uc_santa_barbara_csun,CSUN,TM,TEAM,False,0,0,0,,0,0,,0,0,,1,4,5,0,0,0,0,0,0
2025-03-01_uc_santa_barbara_csun,UC Santa Barbara,03,"Marin, Alyssa",True,32,6,10,0.6,5,8,0.625,6,7,0.857,0,1,1,3,6,0,0,2,23
2025-03-01_uc_santa_barbara_csun,UC Santa Barbara,55,"Burke, Skylar",True,27,6,10,0.6,2,4,0.5,3,3,1.0,0,4,4,3,3,2,0,0,17
2025-03-01_uc_santa_barbara_csun,UC Santa Barbara,02,"Borter, Zoe",True,27,3,7,0.429,1,4,0.25,0,0,,1,3,4,0,2,2,0,1,7
2025-03-01_uc_santa_barbara_csun,UC Santa Barbara,10,"Choice, Anya",True,27,3,9,0.333,0,4,0.0,0,0,,0,3,3,2,2,2,0,2,6
2025-03-01_uc_santa_barbara_csun,UC Santa Barbara,20,"Rockwood, Laurel",True,17,1,2,0.5,0,0,,0,0,,3,9,12,2,3,3,0,1,2
2025-03-01_uc_santa_barbara_csun,UC Santa Barbara,32,"Grant, Jessica",False,23,3,6,0.5,3,6,0.5,0,0,,0,2,2,2,1,3,0,1,9
2025-03-01_uc_santa_barbara_csun,UC Santa Barbara,11,"Williams, Cayla",False,18,3,8,0.375,2,5,0.4,0,0,,1,4,5,1,0,2,1,0,8
2025-03-01_uc_santa_barbara_csun,UC Santa Barbara,05,"Bradley, Olivia",False,18,1,3,0.333,0,1,0.0,0,0,,1,7,8,1,0,3,1,0,2
2025-03-01_uc_santa_barbara_csun,UC Santa Barbara,31,"Pietsch, Martha",False,4,0,1,0.0,0,1,0.0,0,0,,0,0,0,1,0,0,0,0,0
2025-03-01_uc_santa_barbara_csun,UC Santa Barbara,13,"Goed, Flora",False,3,0,0,,0,0,,0,0,,0,0,0,2,0,1,0,0,0
2025-03-01_uc_santa_barbara_csun,UC Santa Barbara,14,"Coon, Kanani",False,1,0,1,0.0,0,1,0.0,0,0,,0,1,1,0,0,0,0,0,0
2025-03-01_uc_santa_barbara_csun,UC Santa Barbara,21,"Eberts, Karena",False,1,0,0,,0,0,,0,0,,0,0,0,0,0,0,0,0,0
2025-03-01_uc_santa_barbara_csun,UC Santa Barbara,24,"Ranjitkar, Arshiya",False,1,0,0,,0,0,,0,0,,0,0,0,0,0,0,0,0,0
2025-03-01_uc_santa_barbara_csun,UC Santa Barbara,35,"Mastora, Malani",False,1,0,0,,0,0,,0,0,,0,0,0,1,0,0,0,0,0
2025-03-01_uc_santa_barbara_csun,UC Santa Barbara,TM,TEAM,False,0,0,0,,0,0,,0,0,,0,4,4,0,0,1,0,0,0
2025-03-01_csu_bakersfield_cal_poly,Cal Poly,24,"Carter, Mary",True,35,8,16,0.5,3,7,0.429,4,4,1.0,4,7,11,3,3,4,0,0,23
2025-03-01_csu_bakersfield_cal_poly,Cal Poly,4,"Lichtie, Sierra",True,32,6,14,0.429,1,3,0.333,3,4,0.75,4,5,9,3,0,3,0,0,16
2025-03-01_csu_bakersfield_cal_poly,Cal Poly,2,"Shah, Annika",True,31,2,9,0.222,1,5,0.2,4,4,1.0,0,4,4,0,2,1,0,0,9
2025-03-01_csu_bakersfield_cal_poly,Cal Poly,15,"Bourland, Sydney",True,35,1,6,0.167,0,0,,0,0,,2,2,4,0,1,3,0,1,2
2025-03-01_csu_bakersfield_cal_poly,Cal Poly,10,"Richards, Sidney",True,13,0,4,0.0,0,1,0.0,2,2,1.0,2,0,2,2,0,0,0,2,2
2025-03-01_csu_bakersfield_cal_poly,Cal Poly,5,"Robinson, Gabby",False,17,2,3,0.667,1,1,1.0,0,0,,0,1,1,0,0,0,0,0,5
2025-03-01_csu_bakersfield_cal_poly,Cal Poly,31,"Hiraki, Ashley",False,26,0,6,0.0,0,2,0.0,0,0,,0,1,1,0,3,2,0,3,0
2025-03-01_csu_bakersfield_cal_poly,Cal Poly,22,"Goosby, Alana",False,8,0,0,,0,0,,0,0,,1,2,3,1,0,1,0,2,0
2025-03-01_csu_bakersfield_cal_poly,Cal Poly,9,"Perez, Nora",False,3,0,0,,0,0,,0,0,,0,0,0,0,0,0,0,1,0
2025-03-01_csu_bakersfield_cal_poly,Cal Poly,TM,TEAM,False,0,0,0,,0,0,,0,0,,2,1,3,0,0,1,0,0,0
2025-03-01_csu_bakersfield_cal_poly,CSU Bakersfield,20,"Secchiaroli, Melissa",True,21,6,11,0.545,2,5,0.4,0,0,,0,1,1,2,0,2,0,1,14
2025-03-01_csu_bakersfield_cal_poly,CSU Bakersfield,11,"Caldwell, Taylor",True,37,4,8,0.5,1,2,0.5,2,4,0.5,0,7,7,2,5,4,5,2,11
2025-03-01_csu_bakersfield_cal_poly,CSU Bakersfield,4,"Dizon, Ary",True,29,3,9,0.333,0,3,0.0,2,4,0.5,4,4,8,4,2,4,1,1,8
2025-03-01_csu_bakersfield_cal_poly,CSU Bakersfield,32,"Freeman, Garrisen",True,34,1,7,0.143,0,1,0.0,3,3,1.0,1,2,3,1,0,1,0,2,5
2025-03-01_csu_bakersfield_cal_poly,CSU Bakersfield,34,"Forney, Cheyenne",True,11,2,4,0.5,0,0,,0,0,,1,4,5,2,0,1,0,0,4
2025-03-01_csu_bakersfield_cal_poly,CSU Bakersfield,30,"Dioli, Alli",False,32,3,7,0.429,3,7,0.429,0,0,,0,0,0,2,2,0,1,0,9
2025-03-01_csu_bakersfield_cal_poly,CSU Bakersfield,2,"Gingras, Caitie",False,22,0,1,0.0,0,1,0.0,0,0,,0,1,1,0,0,1,0,0,0
2025-03-01_csu_bakersfield_cal_poly,CSU Bakersfield,8,"Langi, Marley",False,9,0,0,,0,0,,0,0,,0,1,1,2,1,3,0,1,0
2025-03-01_csu_bakersfield_cal_poly,CSU Bakersfield,21,"Tse, Dylan",False,3,0,0,,0,0,,0,0,,0,0,0,0,0,1,0,0,0
2025-03-01_csu_bakersfield_cal_poly,CSU Bakersfield,42,"Tse, Allysan",False,2,0,0,,0,0,,0,0,,0,0,0,0,0,0,0,0,0
2025-03-01_csu_bakersfield_cal_poly,CSU Bakersfield,TM,TEAM,False,0,0,0,,0,0,,0,0,,0,4,4,0,0,1,0,0,0
2025-03-06_uc_irvine_uc_davis,UC Davis,25,"Norris, Megan",True,32,5,13,0.385,3,7,0.429,2,2,1.0,4,2,6,1,1,5,1,1,15
2025-03-06_uc_irvine_uc_davis,UC Davis,14,"Sabel, Tova",True,23,4,10,0.4,1,4,0.25,0,0,,0,3,3,3,2,3,0,1,9
2025-03-06_uc_irvine_uc_davis,UC Davis,4,"Epps, Nya",True,32,2,8,0.25,0,1,0.0,1,2,0.5,0,3,3,1,0,2,1,2,5
2025-03-06_uc_irvine_uc_davis,UC Davis,33,"Harris, Mazatlan",True,32,1,2,0.5,0,1,0.0,2,4,0.5,5,4,9,0,1,1,1,1,4
2025-03-06_uc_irvine_uc_davis,UC Davis,13,"Burns, Sydney",True,17,1,3,0.333,0,0,,0,0,,1,2,3,2,0,1,0,2,2
2025-03-06_uc_irvine_uc_davis,UC Davis,2,"Bennett, Ryann",False,28,4,10,0.4,1,3,0.333,2,2,1.0,1,1,2,2,3,2,0,2,11
2025-03-06_uc_irvine_uc_davis,UC Davis,5,"Fitzgerald, Ally",False,5,1,1,1.0,1,1,1.0,2,2,1.0,0,1,1,0,0,1,0,0,5
2025-03-06_uc_irvine_uc_davis,UC Davis,9,"Sussex, Avery",False,4,1,3,0.333,0,1,0.0,0,0,,0,0,0,1,0,0,0,1,2
2025-03-06_uc_irvine_uc_davis,UC Davis,11,"Glad, Clara",False,13,0,1,0.0,0,0,,0,0,,2,1,3,1,1,0,0,0,0
2025-03-06_uc_irvine_uc_davis,UC Davis,23,"Baker, Victoria",False,11,0,1,0.0,0,0,,0,0,,1,0,1,2,2,2,0,1,0
2025-03-06_uc_irvine_uc_davis,UC Davis,41,"Shine, Bria",False,3,0,2,0.0,0,1,0.0,0,0,,0,0,0,0,2,0,0,0,0
2025-03-06_uc_irvine_uc_davis,UC Davis,TM,TEAM,False,0,0,0,,0,0,,0,0,,1,4,5,0,0,0,0,0,0
2025-03-06_uc_irvine_uc_davis,UC Irvine,20,"Hernandez, Hunter",True,32,3,9,0.333,1,3,0.333,5,6,0.833,0,5,5,2,0,3,0,2,12
2025-03-06_uc_irvine_uc_davis,UC Irvine,13,"Lee, Déja",True,31,4,9,0.444,0,1,0.0,2,2,1.0,1,3,4,2,6,3,0,1,10
2025-03-06_uc_irvine_uc_davis,UC Irvine,21,"Williams, Olivia",True,29,4,6,0.667,2,3,0.667,0,0,,0,0,0,0,0,2,3,1,10
2025-03-06_uc_irvine_uc_davis,UC Irvine,24,"Dean, Nevaeh",True,23,3,8,0.375,1,2,0.5,0,0,,1,5,6,4,0,0,1,3,7
2025-03-06_uc_irvine_uc_davis,UC Irvine,3,"Tom, Nikki",True,29,1,5,0.2,0,3,0.0,0,0,,0,0,0,2,2,0,0,0,2
2025-03-06_uc_irvine_uc_davis,UC Irvine,14,"Hanson, Summah",False,17,1,5,0.2,1,4,0.25,4,4,1.0,2,6,8,1,0,3,0,1,7
2025-03-06_uc_irvine_uc_davis,UC Irvine,12,"Nahum, Shirel",False,12,1,5,0.2,0,3,0.0,2,2,1.0,1,1,2,1,0,1,0,1,4
2025-03-06_uc_irvine_uc_davis,UC Irvine,33,"Gnahore, Ines",False,6,1,3,0.333,1,1,1.0,0,3,0.0,2,0,2,1,0,1,0,0,3
2025-03-06_uc_irvine_uc_davis,UC Irvine,11,"Scharpf, Amelia",False,14,0,0,,0,0,,0,0,,0,1,1,2,1,2,1,0,0
2025-03-06_uc_irvine_uc_davis,UC Irvine,10,"Madsen, Lauryn",False,7,0,0,,0,0,,0,0,,0,0,0,0,0,0,0,0,0
2025-03-06_uc_irvine_uc_davis,UC Irvine,22,"Djoko, Clara",False,0,0,0,,0,0,,0,0,,0,0,0,0,0,0,0,0,0
2025-03-06_uc_irvine_uc_davis,UC Irvine,TM,TEAM,False,0,0,0,,0,0,,0,0,,4,1,5,0,0,1,0,0,0
2025-03-06_hawaii_csu_bakersfield,CSU Bakersfield,34,"Forney, Cheyenne",True,24,5,7,0.714,0,1,0.0,0,0,,1,4,5,1,1,1,0,2,10
2025-03-06_hawaii_csu_bakersfield,CSU Bakersfield,02,"Gingras, Caitie",True,31,2,8,0.25,2,7,0.286,2,2,1.0,0,1,1,0,2,1,0,0,8
2025-03-06_hawaii_csu_bakersfield,CSU Bakersfield,11,"Caldwell, Taylor",True,34,2,5,0.4,0,2,0.0,0,0,,1,3,4,1,4,0,1,1,4
2025-03-06_hawaii_csu_bakersfield,CSU Bakersfield,04,"Dizon, Ary",True,24,1,3,0.333,1,2,0.5,0,0,,1,5,6,3,0,11,1,0,3
2025-03-06_hawaii_csu_bakersfield,CSU Bakersfield,32,"Freeman, Garrisen",True,27,1,4,0.25,0,0,,0,0,,1,3,4,2,1,0,0,1,2
2025-03-06_hawaii_csu_bakersfield,CSU Bakersfield,20,"Secchiaroli, Melissa",False,26,5,11,0.455,1,4,0.25,0,0,,0,0,0,2,1,0,0,1,11
2025-03-06_hawaii_csu_bakersfield,CSU Bakersfield,08,"Langi, Marley",False,13,3,7,0.429,1,5,0.2,2,4,0.5,0,4,4,3,0,3,0,0,9
2025-03-06_hawaii_csu_bakersfield,CSU Bakersfield,30,"Dioli, Alli",False,15,2,6,0.333,0,3,0.0,0,0,,0,1,1,0,0,0,0,0,4
2025-03-06_hawaii_csu_bakersfield,CSU Bakersfield,55,"Slocum, Trinity",False,6,0,0,,0,0,,0,0,,0,0,0,1,0,4,0,1,0
2025-03-06_hawaii_csu_bakersfield,CSU Bakersfield,TM,TEAM,False,0,0,0,,0,0,,0,0,,0,3,3,0,0,2,0,0,0
2025-03-06_hawaii_csu_bakersfield,Hawaii,01,"Imai, Kelsie",True,25,4,7,0.571,1,2,0.5,3,3,1.0,1,2,3,0,1,2,0,3,12
2025-03-06_hawaii_csu_bakersfield,Hawaii,03,"Wahinekapu, Lily",True,19,4,7,0.571,2,2,1.0,1,2,0.5,0,1,1,3,1,2,0,1,11
2025-03-06_hawaii_csu_bakersfield,Hawaii,12,"Perez, Imani",True,22,4,8,0.5,0,4,0.0,2,2,1.0,2,3,5,2,1,1,0,2,10
2025-03-06_hawaii_csu_bakersfield,Hawaii,24,"Tamilo, Ritorya",True,20,3,5,0.6,0,0,,0,0,,0,6,6,1,2,5,1,0,6
2025-03-06_hawaii_csu_bakersfield,Hawaii,23,"McBee, MeiLani",True,13,1,7,0.143,0,5,0.0,0,0,,0,2,2,1,0,0,0,0,2
2025-03-06_hawaii_csu_bakersfield,Hawaii,04,"Lefotu, Jovi",False,21,4,9,0.444,0,3,0.0,0,0,,0,1,1,0,1,0,0,1,8
2025-03-06_hawaii_csu_bakersfield,Hawaii,14,"Rewers, Brooklyn",False,18,3,4,0.75,2,2,1.0,0,0,,1,4,5,2,1,2,0,0,8
2025-03-06_hawaii_csu_bakersfield,Hawaii,02,"'Uhila, Mia",False,19,2,4,0.5,1,1,1.0,0,0,,0,4,4,0,1,1,0,2,5
2025-03-06_hawaii_csu_bakersfield,Hawaii,22,"Peacock, Jade",False,15,1,5,0.2,1,2,0.5,1,2,0.5,1,2,3,1,0,1,0,0,4
2025-03-06_hawaii_csu_bakersfield,Hawaii,11,"Filemu, Kira-May",False,20,0,1,0.0,0,1,0.0,0,0,,0,0,0,1,4,1,0,1,0
2025-03-06_hawaii_csu_bakersfield,Hawaii,08,"Moors, Rebecca",False,7,0,0,,0,0,,0,0,,0,0,0,1,0,0,0,0,0
2025-03-06_hawaii_csu_bakersfield,Hawaii,13,"Birdsong, Hallie",False,1,0,0,,0,0,,0,0,,0,0,0,0,0,0,0,0,0
2025-03-06_hawaii_csu_bakersfield,Hawaii,TM,TEAM,False,0,0,0,,0,0,,0,0,,2,1,3,0,0,1,0,0,0
2025-03-06_long_beach_st_uc_san_diego,UC San Diego,3,"Sugapong, Sumayah",True,35,7,21,0.333,0,3,0.0,4,8,0.5,1,3,4,3,9,3,0,4,18
2025-03-06_long_beach_st_uc_san_diego,UC San Diego,15,"Ma, Sabrina",True,35,7,13,0.538,3,9,0.333,0,0,,1,6,7,3,5,0,1,0,17
2025-03-06_long_beach_st_uc_san_diego,UC San Diego,32,"Montgomery, Parker",True,33,5,6,0.833,4,5,0.8,0,0,,1,5,6,1,1,1,0,0,14
2025-03-06_long_beach_st_uc_san_diego,UC San Diego,24,"Spriggs, Kayanna",True,24,6,8,0.75,0,0,,1,2,0.5,4,6,10,0,1,1,0,0,13
2025-03-06_long_beach_st_uc_san_diego,UC San Diego,22,"Gallegos, Gracie",True,12,0,1,0.0,0,0,,2,2,1.0,0,3,3,0,1,0,0,1,2
2025-03-06_long_beach_st_uc_san_diego,UC San Diego,25,"Mahan, Junae",False,24,1,3,0.333,0,0,,4,4,1.0,0,3,3,2,1,1,1,2,6
2025-03-06_long_beach_st_uc_san_diego,UC San Diego,11,"Condron, Erin",False,10,2,5,0.4,0,0,,2,2,1.0,2,3,5,0,0,3,0,1,6
2025-03-06_long_beach_st_uc_san_diego,UC San Diego,30,"Sule, Damilola",False,6,1,1,1.0,0,0,,1,1,1.0,0,1,1,2,0,1,0,0,3
2025-03-06_long_beach_st_uc_san_diego,UC San Diego,23,"Blithikioti, Eri",False,3,1,1,1.0,1,1,1.0,0,0,,0,0,0,0,0,0,0,0,3
2025-03-06_long_beach_st_uc_san_diego,UC San Diego,21,"Polocheck, Nicki",False,14,0,3,0.0,0,3,0.0,0,0,,0,2,2,2,1,1,0,1,0
2025-03-06_long_beach_st_uc_san_diego,UC San Diego,5,"Louther, Gabby",False,2,0,0,,0,0,,0,0,,0,1,1,0,0,0,0,0,0
2025-03-06_long_beach_st_uc_san_diego,UC San Diego,12,"Smith, Rosa",False,2,0,0,,0,0,,0,0,,0,0,0,0,1,0,0,0,0
2025-03-06_long_beach_st_uc_san_diego,UC San Diego,TM,TEAM,False,0,0,0,,0,0,,0,0,,0,3,3,0,0,0,0,0,0
2025-03-06_long_beach_st_uc_san_diego,Long Beach St.,3,"Chung, Patricia",True,33,3,9,0.333,2,4,0.5,2,2,1.0,3,1,4,1,7,3,0,2,10
2025-03-06_long_beach_st_uc_san_diego,Long Beach St.,2,"Tucker, Savannah",True,20,2,8,0.25,1,4,0.25,2,2,1.0,0,0,0,0,3,0,0,0,7
2025-03-06_long_beach_st_uc_san_diego,Long Beach St.,22,"Richards, Mykelle",True,10,2,6,0.333,0,1,0.0,2,2,1.0,4,1,5,3,0,2,0,1,6
2025-03-06_long_beach_st_uc_san_diego,Long Beach St.,30,"Jones-brown, Jaquoia",True,32,2,9,0.222,0,3,0.0,0,0,,1,7,8,1,1,1,0,0,4
2025-03-06_long_beach_st_uc_san_diego,Long Beach St.,11,"Loobie, Rachel",True,18,0,9,0.0,0,1,0.0,0,0,,1,3,4,2,1,0,0,1,0
2025-03-06_long_beach_st_uc_san_diego,Long Beach St.,12,"Crawshaw, Jada",False,28,7,17,0.412,2,4,0.5,0,0,,1,3,4,4,0,6,1,0,16
2025-03-06_long_beach_st_uc_san_diego,Long Beach St.,5,"Ka, Kennan",False,21,1,3,0.333,1,3,0.333,1,2,0.5,1,1,2,1,1,0,0,0,4
2025-03-06_long_beach_st_uc_san_diego,Long Beach St.,42,"Oliva Fernandez, Judit",False,18,1,2,0.5,0,0,,0,0,,0,2,2,1,1,1,0,0,2
2025-03-06_long_beach_st_uc_san_diego,Long Beach St.,1,"Sonnier, Lovely",False,11,1,3,0.333,0,2,0.0,0,0,,0,3,3,2,0,2,0,1,2
2025-03-06_long_beach_st_uc_san_diego,Long Beach St.,33,"Wright, Haley",False,5,0,0,,0,0,,0,0,,0,1,1,0,0,0,0,0,0
2025-03-06_long_beach_st_uc_san_diego,Long Beach St.,10,"Reynoso, Christy",False,4,0,1,0.0,0,1,0.0,0,0,,0,0,0,0,0,0,0,0,0
2025-03-06_long_beach_st_uc_san_diego,Long Beach St.,TM,TEAM,False,0,0,0,,0,0,,0,0,,1,2,3,0,0,0,0,0,0
2025-03-06_cal_st_fullerton_cal_poly,Cal Poly,04,"Lichtie, Sierra",True,37,5,9,0.556,0,1,0.0,7,7,1.0,2,5,7,3,0,2,0,2,17
2025-03-06_cal_st_fullerton_cal_poly,Cal Poly,24,"Carter, Mary",True,34,5,14,0.357,5,9,0.556,2,2,1.0,0,5,5,3,0,3,0,1,17
2025-03-06_cal_st_fullerton_cal_poly,Cal Poly,02,"Shah, Annika",True,37,4,12,0.333,2,4,0.5,1,1,1.0,1,3,4,3,2,2,0,0,11
2025-03-06_cal_st_fullerton_cal_poly,Cal Poly,15,"Bourland, Sydney",True,26,3,7,0.429,0,0,,2,4,0.5,0,6,6,3,1,1,0,3,8
2025-03-06_cal_st_fullerton_cal_poly,Cal Poly,10,"Richards, Sidney",True,14,3,4,0.75,0,0,,1,1,1.0,3,0,3,5,0,1,0,2,7
2025-03-06_cal_st_fullerton_cal_poly,Cal Poly,31,"Hiraki, Ashley",False,28,1,2,0.5,0,0,,4,6,0.667,1,4,5,2,5,4,0,2,6
2025-03-06_cal_st_fullerton_cal_poly,Cal Poly,05,"Robinson, Gabby",False,13,1,3,0.333,0,0,,0,0,,1,2,3,2,0,1,0,0,2
2025-03-06_cal_st_fullerton_cal_poly,Cal Poly,22,"Goosby, Alana",False,8,0,0,,0,0,,0,0,,0,0,0,2,0,1,0,0,0
2025-03-06_cal_st_fullerton_cal_poly,Cal Poly,14,"Bears, Gillian",False,2,0,1,0.0,0,0,,0,0,,0,0,0,0,0,0,0,0,0
2025-03-06_cal_st_fullerton_cal_poly,Cal Poly,23,"Moleon Hidalgo, Ana",False,1,0,0,,0,0,,0,0,,0,0,0,1,0,1,0,0,0
2025-03-06_cal_st_fullerton_cal_poly,Cal Poly,TM,TEAM,False,0,0,0,,0,0,,0,0,,3,0,3,0,0,0,0,0,0
2025-03-06_cal_st_fullerton_cal_poly,Cal St. Fullerton,24,"Stanton, Aaliyah",True,33,8,12,0.667,0,3,0.0,4,5,0.8,0,0,0,2,3,2,0,0,20
2025-03-06_cal_st_fullerton_cal_poly,Cal St. Fullerton,12,"Levingston, Eva",True,39,4,8,0.5,0,1,0.0,3,4,0.75,2,7,9,4,2,4,1,4,11
2025-03-06_cal_st_fullerton_cal_poly,Cal St. Fullerton,13,"Hernandez, Aixchel",True,31,3,7,0.429,0,0,,1,4,0.25,0,7,7,4,1,3,0,0,7
2025-03-06_cal_st_fullerton_cal_poly,Cal St. Fullerton,23,"Strachan, Emily",True,22,3,5,0.6,0,0,,1,2,0.5,0,3,3,4,0,2,0,1,7
2025-03-06_cal_st_fullerton_cal_poly,Cal St. Fullerton,22,"Muniz, Madelynn",True,20,2,5,0.4,2,5,0.4,0,0,,0,0,0,3,1,0,1,0,6
2025-03-06_cal_st_fullerton_cal_poly,Cal St. Fullerton,10,"Lagway, Demonnie",False,32,2,9,0.222,1,6,0.167,1,1,1.0,1,0,1,1,3,2,0,0,6
2025-03-06_cal_st_fullerton_cal_poly,Cal St. Fullerton,04,"Falsdottir, Jana",False,20,1,3,0.333,1,1,1.0,0,0,,0,1,1,1,2,0,0,2,3
2025-03-06_cal_st_fullerton_cal_poly,Cal St. Fullerton,02,"Tauro, Maddy",False,2,0,0,,0,0,,2,2,1.0,1,1,2,2,0,0,0,0,2
2025-03-06_cal_st_fullerton_cal_poly,Cal St. Fullerton,01,"Wienecke, Genna",False,1,0,0,,0,0,,0,0,,0,0,0,0,0,1,0,0,0
2025-03-06_cal_st_fullerton_cal_poly,Cal St. Fullerton,TM,TEAM,False,0,0,0,,0,0,,0,0,,0,2,2,0,0,0,0,0,0
2025-03-06_csun_uc_riverside,UC Riverside,00,"Rose, Makayla",True,37,12,22,0.545,3,6,0.5,4,5,0.8,0,0,0,0,2,2,0,1,31
2025-03-06_csun_uc_riverside,UC Riverside,1,"Polk, Kaylani",True,30,3,4,0.75,2,3,0.667,1,2,0.5,2,3,5,2,4,2,0,2,9
2025-03-06_csun_uc_riverside,UC Riverside,5,"Duchemin, Shelley",True,36,3,7,0.429,2,4,0.5,0,0,,0,4,4,3,2,1,2,0,8
2025-03-06_csun_uc_riverside,UC Riverside,12,"Cutler, Gemma",True,18,4,6,0.667,0,0,,0,0,,0,1,1,5,0,1,0,0,8
2025-03-06_csun_uc_riverside,UC Riverside,2,"Hackley, Seneca",True,26,1,6,0.167,0,2,0.0,0,0,,1,3,4,0,4,0,0,2,2
2025-03-06_csun_uc_riverside,UC Riverside,7,"Wickstrom, Hannah",False,27,3,12,0.25,1,5,0.2,1,2,0.5,3,4,7,3,1,0,0,2,8
2025-03-06_csun_uc_riverside,UC Riverside,11,"Matarranz, Esther",False,27,3,12,0.25,0,1,0.0,2,2,1.0,4,2,6,4,2,0,2,1,8
2025-03-06_csun_uc_riverside,UC Riverside,3,"Tillery, Zoe",False,9,1,4,0.25,1,3,0.333,0,0,,0,1,1,0,0,1,0,1,3
2025-03-06_csun_uc_riverside,UC Riverside,13,"Chocano, Maya",False,8,0,2,0.0,0,1,0.0,0,0,,0,2,2,1,0,0,0,0,0
2025-03-06_csun_uc_riverside,UC Riverside,4,"Marshall, Jordyn",False,7,0,3,0.0,0,0,,0,0,,0,2,2,0,1,0,0,0,0
2025-03-06_csun_uc_riverside,UC Riverside,TM,TEAM,False,0,0,0,,0,0,,0,0,,4,0,4,0,0,1,0,0,0
2025-03-06_csun_uc_riverside,CSUN,14,"Orji, Nnenna",True,39,10,16,0.625,0,2,0.0,2,4,0.5,2,6,8,4,3,4,0,0,22
2025-03-06_csun_uc_riverside,CSUN,4,"Edwards, Morgan",True,45,5,7,0.714,3,5,0.6,2,4,0.5,1,7,8,3,1,3,0,0,15
2025-03-06_csun_uc_riverside,CSUN,25,"Aspajo, Erika",True,37,5,11,0.455,1,2,0.5,2,4,0.5,0,5,5,5,7,6,0,1,13
2025-03-06_csun_uc_riverside,CSUN,20,"Adams, Erica",True,42,4,9,0.444,1,2,0.5,0,0,,1,4,5,0,3,4,0,0,9
2025-03-06_csun_uc_riverside,CSUN,00,"Kilty, Jenna",True,15,3,5,0.6,3,5,0.6,0,0,,0,3,3,2,0,2,0,0,9
2025-03-06_csun_uc_riverside,CSUN,3,"Tumlin, Kelly",False,31,0,2,0.0,0,2,0.0,2,2,1.0,0,4,4,2,1,1,1,0,2
2025-03-06_csun_uc_riverside,CSUN,2,"Hopson, Kayla",False,10,1,3,0.333,0,0,,0,0,,0,2,2,2,1,1,0,0,2
2025-03-06_csun_uc_riverside,CSUN,10,"Lizama, Alondra",False,6,0,0,,0,0,,2,2,1.0,0,1,1,0,0,0,0,0,2
2025-03-06_csun_uc_riverside,CSUN,TM,TEAM,False,0,0,0,,0,0,,0,0,,2,2,4,0,0,0,0,0,0
2025-03-08_uc_san_diego_uc_davis,UC Davis,14,"Sabel, Tova",True,34,5,10,0.5,2,5,0.4,6,6,1.0,0,5,5,2,3,0,2,1,18
2025-03-08_uc_san_diego_uc_davis,UC Davis,25,"Norris, Megan",True,31,4,6,0.667,1,2,0.5,0,0,,1,5,6,3,3,3,2,0,9
2025-03-08_uc_san_diego_uc_davis,UC Davis,33,"Harris, Mazatlan",True,30,2,5,0.4,2,5,0.4,3,4,0.75,1,6,7,2,0,1,0,0,9
2025-03-08_uc_san_diego_uc_davis,UC Davis,04,"Epps, Nya",True,29,3,8,0.375,0,3,0.0,2,2,1.0,1,1,2,0,3,1,0,0,8
2025-03-08_uc_san_diego_uc_davis,UC Davis,13,"Burns, Sydney",True,26,1,3,0.333,0,2,0.0,0,0,,0,1,1,1,5,3,1,1,2
2025-03-08_uc_san_diego_uc_davis,UC Davis,02,"Bennett, Ryann",False,28,7,9,0.778,5,7,0.714,0,2,0.0,0,1,1,3,1,3,0,1,19
2025-03-08_uc_san_diego_uc_davis,UC Davis,09,"Sussex, Avery",False,6,2,4,0.5,0,2,0.0,0,0,,1,1,2,1,0,0,0,0,4
2025-03-08_uc_san_diego_uc_davis,UC Davis,23,"Baker, Victoria",False,5,0,1,0.0,0,1,0.0,0,0,,0,0,0,1,1,0,0,0,0
2025-03-08_uc_san_diego_uc_davis,UC Davis,41,"Shine, Bria",False,5,0,0,,0,0,,0,0,,0,3,3,4,2,2,0,0,0
2025-03-08_uc_san_diego_uc_davis,UC Davis,11,"Glad, Clara",False,4,0,0,,0,0,,0,0,,0,0,0,1,0,1,0,1,0
2025-03-08_uc_san_diego_uc_davis,UC Davis,05,"Fitzgerald, Ally",False,2,0,2,0.0,0,0,,0,0,,0,1,1,0,0,0,0,0,0
2025-03-08_uc_san_diego_uc_davis,UC Davis,TM,TEAM,False,0,0,0,,0,0,,0,0,,1,1,2,0,0,0,0,0,0
2025-03-08_uc_san_diego_uc_davis,UC San Diego,03,"Sugapong, Sumayah",True,29,6,20,0.3,2,5,0.4,4,4,1.0,0,2,2,4,3,5,0,1,18
2025-03-08_uc_san_diego_uc_davis,UC San Diego,32,"Montgomery, Parker",True,38,6,9,0.667,5,7,0.714,0,0,,1,3,4,1,0,0,0,3,17
2025-03-08_uc_san_diego_uc_davis,UC San Diego,15,"Ma, Sabrina",True,40,3,13,0.231,2,11,0.182,0,0,,0,0,0,3,1,4,2,2,8
2025-03-08_uc_san_diego_uc_davis,UC San Diego,22,"Gallegos, Gracie",True,40,3,12,0.25,0,0,,2,3,0.667,0,9,9,1,5,3,0,1,8
2025-03-08_uc_san_diego_uc_davis,UC San Diego,24,"Spriggs, Kayanna",True,18,1,1,1.0,0,0,,0,0,,5,0,5,4,0,0,0,0,2
2025-03-08_uc_san_diego_uc_davis,UC San Diego,11,"Condron, Erin",False,22,2,4,0.5,0,1,0.0,1,2,0.5,4,3,7,2,1,0,0,1,5
2025-03-08_uc_san_diego_uc_davis,UC San Diego,21,"Polocheck, Nicki",False,7,0,0,,0,0,,0,0,,0,1,1,2,0,0,0,0,0
2025-03-08_uc_san_diego_uc_davis,UC San Diego,25,"Mahan, Junaé",False,6,0,3,0.0,0,1,0.0,0,0,,0,1,1,2,0,0,0,0,0
2025-03-08_uc_san_diego_uc_davis,UC San Diego,TM,TEAM,False,0,0,0,,0,0,,0,0,,5,2,7,0,0,1,0,0,0
2025-03-08_hawaii_csun,CSUN,14,"Orji, Nnenna",True,23,6,14,0.429,0,4,0.0,3,8,0.375,0,4,4,3,1,3,0,0,15
2025-03-08_hawaii_csun,CSUN,20,"Adams, Erica",True,33,3,9,0.333,1,3,0.333,1,1,1.0,3,9,12,0,0,5,0,2,8
2025-03-08_hawaii_csun,CSUN,00,"Kilty, Jenna",True,35,1,7,0.143,1,7,0.143,0,0,,1,4,5,1,0,1,0,0,3
2025-03-08_hawaii_csun,CSUN,35,"Edwards, Morgan",True,29,0,9,0.0,0,7,0.0,0,0,,0,2,2,3,0,3,0,0,0
2025-03-08_hawaii_csun,CSUN,25,"Aspajo, Erika",True,27,0,5,0.0,0,1,0.0,0,0,,0,3,3,4,4,1,0,0,0
2025-03-08_hawaii_csun,CSUN,02,"Hopson, Kayla",False,17,2,4,0.5,1,3,0.333,0,0,,0,1,1,1,1,1,0,0,5
2025-03-08_hawaii_csun,CSUN,10,"Lizama, Alondra",False,15,0,1,0.0,0,0,,2,2,1.0,1,2,3,2,1,0,0,0,2
2025-03-08_hawaii_csun,CSUN,05,"Cox, Yves",False,2,1,2,0.5,0,0,,0,0,,0,0,0,0,0,0,2,0,2
2025-03-08_hawaii_csun,CSUN,03,"Tumlin, Kelly",False,8,0,2,0.0,0,2,0.0,1,3,0.333,0,0,0,0,0,0,0,1,1
2025-03-08_hawaii_csun,CSUN,22,"Dahlin, Laini",False,9,0,2,0.0,0,2,0.0,0,0,,0,2,2,0,0,1,0,0,0
2025-03-08_hawaii_csun,CSUN,21,"Marshall, Karsen",False,2,0,0,,0,0,,0,0,,0,0,0,0,0,0,0,0,0
2025-03-08_hawaii_csun,CSUN,TM,TEAM,False,0,0,0,,0,0,,0,0,,4,5,9,0,0,1,0,0,0
2025-03-08_hawaii_csun,Hawaii,03,"Wahinekapu, Lily",True,28,6,11,0.545,2,5,0.4,4,4,1.0,1,3,4,1,2,2,0,2,18
2025-03-08_hawaii_csun,Hawaii,01,"Imai, Kelsie",True,30,4,8,0.5,1,4,0.25,0,0,,1,6,7,2,3,2,0,1,9
2025-03-08_hawaii_csun,Hawaii,14,"Rewers, Brooklyn",True,21,2,11,0.182,1,4,0.25,2,2,1.0,2,11,13,2,0,1,0,0,7
2025-03-08_hawaii_csun,Hawaii,23,"McBee, MeiLani",True,26,2,8,0.25,2,8,0.25,0,0,,2,4,6,0,0,0,0,2,6
2025-03-08_hawaii_csun,Hawaii,02,"'Uhila, Mia",True,18,2,4,0.5,2,4,0.5,0,0,,0,0,0,1,0,1,0,1,6
2025-03-08_hawaii_csun,Hawaii,22,"Peacock, Jade",False,16,2,5,0.4,0,2,0.0,1,2,0.5,1,1,2,0,0,0,0,0,5
2025-03-08_hawaii_csun,Hawaii,24,"Tamilo, Ritorya",False,14,2,6,0.333,0,1,0.0,1,1,1.0,2,1,3,2,1,1,1,0,5
2025-03-08_hawaii_csun,Hawaii,12,"Perez, Imani",False,24,0,4,0.0,0,2,0.0,2,2,1.0,1,2,3,3,1,3,0,0,2
2025-03-08_hawaii_csun,Hawaii,04,"Lefotu, Jovi",False,14,1,8,0.125,0,3,0.0,0,0,,2,0,2,1,3,0,0,1,2
2025-03-08_hawaii_csun,Hawaii,13,"Birdsong, Hallie",False,5,1,2,0.5,0,0,,0,0,,0,0,0,0,0,0,0,0,2
2025-03-08_hawaii_csun,Hawaii,11,"Filemu, Kira-May",False,3,0,1,0.0,0,1,0.0,0,0,,0,2,2,0,0,0,0,0,0
2025-03-08_hawaii_csun,Hawaii,08,"Moors, Rebecca",False,1,0,0,,0,0,,0,0,,0,0,0,0,0,0,0,0,0
2025-03-08_hawaii_csun,Hawaii,TM,TEAM,False,0,0,0,,0,0,,0,0,,2,3,5,0,0,0,0,0,0
2025-03-08_uc_irvine_uc_santa_barbara,UC Santa Barbara,55,"Burke, Skylar",True,28,4,11,0.364,0,4,0.0,3,4,0.75,0,5,5,2,3,3,1,1,11
2025-03-08_uc_irvine_uc_santa_barbara,UC Santa Barbara,3,"Marin, Alyssa",True,33,2,10,0.2,1,6,0.167,2,2,1.0,0,2,2,3,2,1,0,1,7
2025-03-08_uc_irvine_uc_santa_barbara,UC Santa Barbara,10,"Choice, Anya",True,21,2,6,0.333,1,2,0.5,0,0,,0,1,1,3,0,0,0,0,5
2025-03-08_uc_irvine_uc_santa_barbara,UC Santa Barbara,2,"Borter, Zoe",True,31,1,7,0.143,0,2,0.0,1,2,0.5,1,4,5,3,0,1,0,2,3
2025-03-08_uc_irvine_uc_santa_barbara,UC Santa Barbara,20,"Rockwood, Laurel",True,20,0,2,0.0,0,0,,0,0,,1,5,6,1,0,4,0,0,0
2025-03-08_uc_irvine_uc_santa_barbara,UC Santa Barbara,11,"Williams, Cayla",False,20,3,8,0.375,2,5,0.4,3,3,1.0,3,1,4,1,0,1,3,0,11
2025-03-08_uc_irvine_uc_santa_barbara,UC Santa Barbara,5,"Bradley, Olivia",False,22,4,6,0.667,1,1,1.0,0,0,,1,4,5,1,0,3,0,0,9
2025-03-08_uc_irvine_uc_santa_barbara,UC Santa Barbara,32,"Grant, Jessica",False,25,1,5,0.2,1,5,0.2,0,0,,0,1,1,1,0,1,0,0,3
2025-03-08_uc_irvine_uc_santa_barbara,UC Santa Barbara,TM,TEAM,False,0,0,0,,0,0,,0,0,,3,5,8,0,0,1,0,0,0
2025-03-08_uc_irvine_uc_santa_barbara,UC Irvine,13,"Lee, Déja",True,26,3,8,0.375,1,3,0.333,6,9,0.667,3,4,7,4,5,1,0,1,13
2025-03-08_uc_irvine_uc_santa_barbara,UC Irvine,3,"Tom, Nikki",True,32,3,9,0.333,2,6,0.333,0,0,,3,1,4,1,2,3,0,1,8
2025-03-08_uc_irvine_uc_santa_barbara,UC Irvine,24,"Dean, Nevaeh",True,25,3,7,0.429,1,1,1.0,0,0,,0,4,4,3,0,0,1,2,7
2025-03-08_uc_irvine_uc_santa_barbara,UC Irvine,11,"Scharpf, Amelia",True,25,1,6,0.167,0,1,0.0,0,0,,1,1,2,0,2,0,1,1,2
2025-03-08_uc_irvine_uc_santa_barbara,UC Irvine,21,"Williams, Olivia",True,19,1,5,0.2,0,2,0.0,0,0,,0,2,2,2,0,0,1,1,2
2025-03-08_uc_irvine_uc_santa_barbara,UC Irvine,10,"Madsen, Lauryn",False,14,3,6,0.5,3,6,0.5,0,0,,0,1,1,0,0,0,0,1,9
2025-03-08_uc_irvine_uc_santa_barbara,UC Irvine,20,"Hernandez, Hunter",False,30,3,9,0.333,1,3,0.333,0,0,,1,7,8,3,5,3,0,2,7
2025-03-08_uc_irvine_uc_santa_barbara,UC Irvine,14,"Hanson, Summah",False,15,2,5,0.4,2,4,0.5,0,0,,3,2,5,2,0,1,0,0,6
2025-03-08_uc_irvine_uc_santa_barbara,UC Irvine,12,"Nahum, Shirel",False,11,1,3,0.333,0,1,0.0,3,4,0.75,0,2,2,2,2,0,0,0,5
2025-03-08_uc_irvine_uc_santa_barbara,UC Irvine,33,"Gnahore, Ines",False,3,1,3,0.333,0,1,0.0,1,2,0.5,0,1,1,0,0,0,0,0,3
2025-03-08_uc_irvine_uc_santa_barbara,UC Irvine,2,"Hernandez, Haley",False,0,0,0,,0,0,,0,0,,0,0,0,0,0,0,0,0,0
2025-03-08_uc_irvine_uc_santa_barbara,UC Irvine,9,"Falcon Hernandez, Daniela",False,0,0,0,,0,0,,0,0,,0,0,0,0,0,0,0,0,0
2025-03-08_uc_irvine_uc_santa_barbara,UC Irvine,22,"Djoko, Clara",False,0,0,0,,0,0,,0,0,,0,0,0,0,0,0,0,0,0
2025-03-08_uc_irvine_uc_santa_barbara,UC Irvine,35,"Noa, Reese",False,0,0,0,,0,0,,0,0,,0,0,0,0,0,0,0,0,0
2025-03-08_uc_irvine_uc_santa_barbara,UC Irvine,TM,TEAM,False,0,0,0,,0,0,,0,0,,2,4,6,0,0,2,0,0,0
2025-03-08_cal_poly_long_beach_st,Long Beach St.,2,"Tucker, Savannah",True,40,5,15,0.333,2,7,0.286,6,6,1.0,1,2,3,2,2,0,1,0,18
2025-03-08_cal_poly_long_beach_st,Long Beach St.,11,"Loobie, Rachel",True,38,8,17,0.471,2,2,1.0,0,0,,6,4,10,1,3,4,3,0,18
2025-03-08_cal_poly_long_beach_st,Long Beach St.,12,"Crawshaw, Jada",True,25,8,12,0.667,1,2,0.5,0,0,,3,2,5,1,3,3,1,0,17
2025-03-08_cal_poly_long_beach_st,Long Beach St.,30,"Jones-brown, Jaquoia",True,27,2,4,0.5,1,2,0.5,0,0,,2,5,7,5,0,1,0,2,5
2025-03-08_cal_poly_long_beach_st,Long Beach St.,3,"Chung, Patricia",True,26,2,6,0.333,0,1,0.0,0,0,,0,2,2,3,0,1,1,1,4
2025-03-08_cal_poly_long_beach_st,Long Beach St.,22,"Richards, Mykelle",False,16,2,3,0.667,0,1,0.0,2,4,0.5,1,1,2,2,2,3,0,1,6
2025-03-08_cal_poly_long_beach_st,Long Beach St.,1,"Sonnier, Lovely",False,14,2,3,0.667,0,1,0.0,0,0,,0,5,5,1,1,2,0,0,4
2025-03-08_cal_poly_long_beach_st,Long Beach St.,5,"Ka, Kennan",False,12,0,0,,0,0,,0,0,,0,2,2,2,1,2,0,0,0
2025-03-08_cal_poly_long_beach_st,Long Beach St.,42,"Oliva Fernandez, Judit",False,2,0,0,,0,0,,0,0,,0,2,2,0,0,0,0,0,0
2025-03-08_cal_poly_long_beach_st,Long Beach St.,TM,TEAM,False,0,0,0,,0,0,,0,0,,0,6,6,0,0,0,0,0,0
2025-03-08_cal_poly_long_beach_st,Cal Poly,24,"Carter, Mary",True,38,11,20,0.55,5,12,0.417,0,1,0.0,0,2,2,3,0,1,0,0,27
2025-03-08_cal_poly_long_beach_st,Cal Poly,15,"Bourland, Sydney",True,32,3,13,0.231,0,0,,2,5,0.4,4,3,7,3,4,2,0,1,8
2025-03-08_cal_poly_long_beach_st,Cal Poly,2,"Shah, Annika",True,32,2,13,0.154,2,9,0.222,2,2,1.0,0,2,2,2,2,1,0,0,8
2025-03-08_cal_poly_long_beach_st,Cal Poly,10,"Richards, Sidney",True,24,1,3,0.333,0,0,,4,4,1.0,1,3,4,4,2,0,0,3,6
2025-03-08_cal_poly_long_beach_st,Cal Poly,4,"Lichtie, Sierra",True,22,2,4,0.5,0,0,,2,2,1.0,2,4,6,4,1,2,0,0,6
2025-03-08_cal_poly_long_beach_st,Cal Poly,31,"Hiraki, Ashley",False,23,1,4,0.25,0,0,,4,4,1.0,2,1,3,2,4,3,0,1,6
2025-03-08_cal_poly_long_beach_st,Cal Poly,5,"Robinson, Gabby",False,18,1,3,0.333,1,1,1.0,0,0,,1,1,2,2,0,0,0,1,3
2025-03-08_cal_poly_long_beach_st,Cal Poly,22,"Goosby, Alana",False,7,0,0,,0,0,,0,0,,0,1,1,0,1,0,0,0,0
2025-03-08_cal_poly_long_beach_st,Cal Poly,14,"Bears, Gillian",False,4,0,1,0.0,0,0,,0,0,,0,0,0,0,0,0,0,0,0
2025-03-08_cal_poly_long_beach_st,Cal Poly,TM,TEAM,False,0,0,0,,0,0,,0,0,,3,2,5,0,0,1,0,0,0
2025-03-08_uc_riverside_cal_st_fullerton,Cal St. Fullerton,12,"Levingston, Eva",True,39,5,11,0.455,0,0,,7,8,0.875,3,3,6,1,3,0,0,1,17
2025-03-08_uc_riverside_cal_st_fullerton,Cal St. Fullerton,4,"Falsdottir, Jana",True,40,7,12,0.583,0,1,0.0,0,0,,1,1,2,2,1,4,0,2,14
2025-03-08_uc_riverside_cal_st_fullerton,Cal St. Fullerton,13,"Hernandez, Aixchel",True,40,4,13,0.308,0,0,,0,0,,1,10,11,2,4,1,1,0,8
2025-03-08_uc_riverside_cal_st_fullerton,Cal St. Fullerton,22,"Muniz, Madelynn",True,30,2,5,0.4,1,4,0.25,0,0,,0,1,1,3,1,2,0,0,5
2025-03-08_uc_riverside_cal_st_fullerton,Cal St. Fullerton,23,"Strachan, Emily",True,16,0,3,0.0,0,1,0.0,1,4,0.25,2,2,4,0,2,2,0,1,1
2025-03-08_uc_riverside_cal_st_fullerton,Cal St. Fullerton,2,"Tauro, Maddy",False,11,2,3,0.667,0,0,,1,1,1.0,0,0,0,3,0,2,1,0,5
2025-03-08_uc_riverside_cal_st_fullerton,Cal St. Fullerton,10,"Lagway, Demonnie",False,13,0,3,0.0,0,1,0.0,1,2,0.5,0,2,2,0,2,0,0,0,1
2025-03-08_uc_riverside_cal_st_fullerton,Cal St. Fullerton,1,"Wienecke, Genna",False,11,0,1,0.0,0,1,0.0,0,0,,0,1,1,1,0,1,1,0,0
2025-03-08_uc_riverside_cal_st_fullerton,Cal St. Fullerton,TM,TEAM,False,0,0,0,,0,0,,0,0,,0,2,2,0,0,1,0,0,0
2025-03-08_uc_riverside_cal_st_fullerton,UC Riverside,2,"Hackley, Seneca",True,21,4,7,0.571,2,4,0.5,4,5,0.8,0,4,4,2,2,1,0,0,14
2025-03-08_uc_riverside_cal_st_fullerton,UC Riverside,12,"Cutler, Gemma",True,22,3,5,0.6,0,0,,2,3,0.667,5,1,6,1,1,0,1,0,8
2025-03-08_uc_riverside_cal_st_fullerton,UC Riverside,00,"Rose, Makayla",True,25,3,8,0.375,0,2,0.0,1,2,0.5,0,3,3,2,1,0,0,2,7
2025-03-08_uc_riverside_cal_st_fullerton,UC Riverside,1,"Polk, Kaylani",True,21,1,3,0.333,0,2,0.0,1,1,1.0,0,1,1,1,2,2,0,0,3
2025-03-08_uc_riverside_cal_st_fullerton,UC Riverside,11,"Matarranz, Esther",True,23,1,4,0.25,0,0,,0,0,,5,5,10,1,2,1,1,0,2
2025-03-08_uc_riverside_cal_st_fullerton,UC Riverside,7,"Wickstrom, Hannah",False,23,5,11,0.455,2,5,0.4,5,8,0.625,2,5,7,0,0,0,0,2,17
2025-03-08_uc_riverside_cal_st_fullerton,UC Riverside,13,"Chocano, Maya",False,11,2,5,0.4,0,2,0.0,0,0,,1,2,3,0,1,1,0,1,4
2025-03-08_uc_riverside_cal_st_fullerton,UC Riverside,5,"Duchemin, Shelley",False,26,1,8,0.125,0,3,0.0,0,0,,0,3,3,2,6,2,0,0,2
2025-03-08_uc_riverside_cal_st_fullerton,UC Riverside,4,"Marshall, Jordyn",False,15,1,3,0.333,0,1,0.0,0,0,,0,0,0,1,1,1,0,0,2
2025-03-08_uc_riverside_cal_st_fullerton,UC Riverside,10,"Minshall, Makayla",False,8,1,4,0.25,0,1,0.0,0,0,,1,0,1,1,0,1,0,1,2
2025-03-08_uc_riverside_cal_st_fullerton,UC Riverside,3,"Tillery, Zoe",False,5,0,0,,0,0,,0,0,,0,0,0,0,0,0,0,0,0
2025-03-08_uc_riverside_cal_st_fullerton,UC Riverside,TM,TEAM,False,0,0,0,,0,0,,0,0,,0,1,1,0,0,0,0,0,0
2025-03-12_uc_santa_barbara_cal_poly,Cal Poly,04,"Lichtie, Sierra",True,35,4,10,0.4,2,5,0.4,7,8,0.875,6,7,13,3,3,3,0,2,17
2025-03-12_uc_santa_barbara_cal_poly,Cal Poly,24,"Carter, Mary",True,39,4,10,0.4,1,4,0.25,3,4,0.75,3,7,10,2,2,1,1,0,12
2025-03-12_uc_santa_barbara_cal_poly,Cal Poly,10,"Richards, Sidney",True,25,3,8,0.375,0,1,0.0,2,4,0.5,1,2,3,3,1,1,1,0,8
2025-03-12_uc_santa_barbara_cal_poly,Cal Poly,02,"Shah, Annika",True,36,2,12,0.167,1,7,0.143,0,2,0.0,1,1,2,1,1,1,0,0,5
2025-03-12_uc_santa_barbara_cal_poly,Cal Poly,15,"Bourland, Sydney",True,23,2,3,0.667,0,0,,0,0,,1,5,6,4,3,4,0,1,4
2025-03-12_uc_santa_barbara_cal_poly,Cal Poly,05,"Robinson, Gabby",False,16,3,6,0.5,2,3,0.667,0,1,0.0,0,1,1,2,0,0,0,0,8
2025-03-12_uc_santa_barbara_cal_poly,Cal Poly,31,"Hiraki, Ashley",False,25,0,3,0.0,0,2,0.0,2,4,0.5,0,4,4,2,3,4,0,2,2
2025-03-12_uc_santa_barbara_cal_poly,Cal Poly,22,"Goosby, Alana",False,1,0,0,,0,0,,0,0,,0,0,0,0,0,1,0,0,0
2025-03-12_uc_santa_barbara_cal_poly,Cal Poly,TM,TEAM,False,0,0,0,,0,0,,0,0,,4,1,5,0,0,1,0,0,0
2025-03-12_uc_santa_barbara_cal_poly,UC Santa Barbara,03,"Marin, Alyssa",True,37,7,18,0.389,2,9,0.222,7,9,0.778,0,0,0,3,3,1,0,2,23
2025-03-12_uc_santa_barbara_cal_poly,UC Santa Barbara,55,"Burke, Skylar",True,28,5,7,0.714,1,2,0.5,3,6,0.5,1,6,7,4,2,4,1,1,14
2025-03-12_uc_santa_barbara_cal_poly,UC Santa Barbara,02,"Borter, Zoe",True,31,1,4,0.25,1,2,0.5,1,4,0.25,0,1,1,0,1,0,0,0,4
2025-03-12_uc_santa_barbara_cal_poly,UC Santa Barbara,10,"Choice, Anya",True,18,1,6,0.167,1,3,0.333,1,2,0.5,0,3,3,1,1,1,0,1,4
2025-03-12_uc_santa_barbara_cal_poly,UC Santa Barbara,20,"Rockwood, Laurel",True,17,1,2,0.5,0,0,,0,0,,3,2,5,2,0,3,0,0,2
2025-03-12_uc_santa_barbara_cal_poly,UC Santa Barbara,05,"Bradley, Olivia",False,25,2,4,0.5,0,1,0.0,1,2,0.5,5,2,7,3,0,3,1,2,5
2025-03-12_uc_santa_barbara_cal_poly,UC Santa Barbara,11,"Williams, Cayla",False,21,1,7,0.143,0,5,0.0,0,0,,1,3,4,2,0,0,1,1,2
2025-03-12_uc_santa_barbara_cal_poly,UC Santa Barbara,32,"Grant, Jessica",False,20,0,5,0.0,0,5,0.0,0,0,,0,1,1,3,0,0,0,1,0
2025-03-12_uc_santa_barbara_cal_poly,UC Santa Barbara,31,"Pietsch, Martha",False,3,0,1,0.0,0,1,0.0,0,0,,0,0,0,1,0,0,0,0,0
2025-03-12_uc_santa_barbara_cal_poly,UC Santa Barbara,TM,TEAM,False,0,0,0,,0,0,,0,0,,2,3,5,0,0,0,0,0,0
2025-03-12_long_beach_st_uc_riverside,UC Riverside,00,"Rose, Makayla",True,36,5,17,0.294,2,7,0.286,1,2,0.5,0,2,2,0,6,3,0,3,13
2025-03-12_long_beach_st_uc_riverside,UC Riverside,2,"Hackley, Seneca",True,24,2,6,0.333,1,3,0.333,7,10,0.7,0,1,1,2,2,1,0,1,12
2025-03-12_long_beach_st_uc_riverside,UC Riverside,5,"Duchemin, Shelley",True,26,3,10,0.3,1,1,1.0,2,2,1.0,0,7,7,3,0,2,2,1,9
2025-03-12_long_beach_st_uc_riverside,UC Riverside,12,"Cutler, Gemma",True,23,4,7,0.571,0,0,,0,1,0.0,1,3,4,3,0,1,0,0,8
2025-03-12_long_beach_st_uc_riverside,UC Riverside,1,"Polk, Kaylani",True,21,0,1,0.0,0,1,0.0,2,2,1.0,0,2,2,0,0,1,0,0,2
2025-03-12_long_beach_st_uc_riverside,UC Riverside,11,"Matarranz, Esther",False,17,1,3,0.333,0,0,,5,5,1.0,3,0,3,4,0,2,2,0,7
2025-03-12_long_beach_st_uc_riverside,UC Riverside,7,"Wickstrom, Hannah",False,10,1,6,0.167,1,2,0.5,0,0,,0,2,2,3,0,1,0,0,3
2025-03-12_long_beach_st_uc_riverside,UC Riverside,4,"Marshall, Jordyn",False,16,0,0,,0,0,,0,0,,0,1,1,1,0,1,0,0,0
2025-03-12_long_beach_st_uc_riverside,UC Riverside,13,"Chocano, Maya",False,14,0,2,0.0,0,0,,0,0,,1,6,7,1,2,0,0,0,0
2025-03-12_long_beach_st_uc_riverside,UC Riverside,3,"Tillery, Zoe",False,8,0,1,0.0,0,0,,0,0,,0,0,0,0,0,0,0,0,0
2025-03-12_long_beach_st_uc_riverside,UC Riverside,10,"Minshall, Makayla",False,5,0,2,0.0,0,1,0.0,0,0,,0,2,2,0,0,0,0,0,0
2025-03-12_long_beach_st_uc_riverside,UC Riverside,TM,TEAM,False,0,0,0,,0,0,,0,0,,8,3,11,0,0,0,0,0,0
2025-03-12_long_beach_st_uc_riverside,Long Beach St.,11,"Loobie, Rachel",True,33,3,15,0.2,1,3,0.333,1,2,0.5,2,10,12,3,1,1,3,1,8
2025-03-12_long_beach_st_uc_riverside,Long Beach St.,2,"Tucker, Savannah",True,36,2,13,0.154,0,6,0.0,3,4,0.75,1,5,6,1,2,1,3,0,7
2025-03-12_long_beach_st_uc_riverside,Long Beach St.,30,"Jones-brown, Jaquoia",True,34,2,6,0.333,0,2,0.0,2,2,1.0,1,0,1,0,0,3,0,1,6
2025-03-12_long_beach_st_uc_riverside,Long Beach St.,3,"Chung, Patricia",True,27,2,7,0.286,1,4,0.25,0,0,,1,4,5,1,0,1,1,0,5
2025-03-12_long_beach_st_uc_riverside,Long Beach St.,12,"Crawshaw, Jada",True,22,2,8,0.25,0,0,,0,0,,0,3,3,3,0,4,2,1,4
2025-03-12_long_beach_st_uc_riverside,Long Beach St.,5,"Ka, Kennan",False,18,3,6,0.5,1,3,0.333,0,0,,0,0,0,1,0,0,0,1,7
2025-03-12_long_beach_st_uc_riverside,Long Beach St.,42,"Oliva Fernandez, Judit",False,7,1,1,1.0,0,0,,0,0,,0,1,1,1,0,1,0,0,2
2025-03-12_long_beach_st_uc_riverside,Long Beach St.,22,"Richards, Mykelle",False,14,0,2,0.0,0,1,0.0,1,2,0.5,2,2,4,1,0,2,0,1,1
2025-03-12_long_beach_st_uc_riverside,Long Beach St.,1,"Sonnier, Lovely",False,9,0,1,0.0,0,1,0.0,0,2,0.0,3,2,5,4,1,3,0,1,0
2025-03-12_long_beach_st_uc_riverside,Long Beach St.,TM,TEAM,False,0,0,0,,0,0,,0,0,,6,2,8,0,0,1,0,0,0
2025-03-13_uc_davis_uc_riverside,UC Riverside,00,"Rose, Makayla",True,24,3,10,0.3,1,2,0.5,5,8,0.625,0,2,2,1,0,1,0,2,12
2025-03-13_uc_davis_uc_riverside,UC Riverside,05,"Duchemin, Shelley",True,27,3,12,0.25,0,2,0.0,2,2,1.0,2,5,7,1,0,1,0,1,8
2025-03-13_uc_davis_uc_riverside,UC Riverside,12,"Cutler, Gemma",True,24,2,2,1.0,0,0,,2,6,0.333,1,1,2,2,1,1,1,0,6
2025-03-13_uc_davis_uc_riverside,UC Riverside,02,"Hackley, Seneca",True,31,1,10,0.1,0,2,0.0,0,0,,2,4,6,4,3,0,0,2,2
2025-03-13_uc_davis_uc_riverside,UC Riverside,01,"Polk, Kaylani",True,19,0,3,0.0,0,1,0.0,0,0,,0,3,3,1,1,1,0,0,0
2025-03-13_uc_davis_uc_riverside,UC Riverside,07,"Wickstrom, Hannah",False,24,4,6,0.667,0,0,,5,6,0.833,0,3,3,0,2,4,0,1,13
2025-03-13_uc_davis_uc_riverside,UC Riverside,11,"Matarranz, Esther",False,16,2,2,1.0,0,0,,0,0,,0,3,3,2,0,2,1,0,4
2025-03-13_uc_davis_uc_riverside,UC Riverside,13,"Chocano, Maya",False,11,1,2,0.5,1,1,1.0,0,0,,0,0,0,0,0,0,0,0,3
2025-03-13_uc_davis_uc_riverside,UC Riverside,04,"Marshall, Jordyn",False,14,1,4,0.25,0,1,0.0,0,0,,0,1,1,1,0,1,0,0,2
2025-03-13_uc_davis_uc_riverside,UC Riverside,03,"Tillery, Zoe",False,7,0,2,0.0,0,1,0.0,0,0,,0,1,1,0,2,1,0,0,0
2025-03-13_uc_davis_uc_riverside,UC Riverside,10,"Minshall, Makayla",False,3,0,0,,0,0,,0,0,,0,1,1,0,1,0,0,0,0
2025-03-13_uc_davis_uc_riverside,UC Riverside,TM,TEAM,False,0,0,0,,0,0,,0,0,,5,0,5,0,0,0,0,0,0
2025-03-13_uc_davis_uc_riverside,UC Davis,14,"Sabel, Tova",True,32,8,13,0.615,3,4,0.75,1,1,1.0,0,6,6,3,0,4,0,1,20
2025-03-13_uc_davis_uc_riverside,UC Davis,25,"Norris, Megan",True,18,5,9,0.556,1,4,0.25,4,6,0.667,0,6,6,4,2,1,4,1,15
2025-03-13_uc_davis_uc_riverside,UC Davis,04,"Epps, Nya",True,26,1,6,0.167,1,4,0.25,0,0,,0,0,0,4,2,0,0,0,3
2025-03-13_uc_davis_uc_riverside,UC Davis,13,"Burns, Sydney",True,25,1,2,0.5,0,0,,1,2,0.5,2,3,5,2,3,3,0,0,3
2025-03-13_uc_davis_uc_riverside,UC Davis,33,"Harris, Mazatlan",True,28,1,4,0.25,0,1,0.0,0,0,,2,5,7,3,0,1,0,1,2
2025-03-13_uc_davis_uc_riverside,UC Davis,02,"Bennett, Ryann",False,27,4,7,0.571,1,3,0.333,1,2,0.5,0,2,2,1,9,2,0,2,10
2025-03-13_uc_davis_uc_riverside,UC Davis,23,"Baker, Victoria",False,14,2,3,0.667,1,1,1.0,0,0,,0,1,1,1,2,0,0,1,5
2025-03-13_uc_davis_uc_riverside,UC Davis,41,"Shine, Bria",False,13,1,3,0.333,1,2,0.5,0,0,,0,2,2,1,0,1,0,1,3
2025-03-13_uc_davis_uc_riverside,UC Davis,05,"Fitzgerald, Ally",False,9,0,5,0.0,0,1,0.0,0,0,,2,1,3,0,0,0,1,0,0
2025-03-13_uc_davis_uc_riverside,UC Davis,11,"Glad, Clara",False,5,0,0,,0,0,,0,0,,1,0,1,0,0,0,0,0,0
2025-03-13_uc_davis_uc_riverside,UC Davis,09,"Sussex, Avery",False,3,0,1,0.0,0,1,0.0,0,0,,0,0,0,0,0,0,0,0,0
2025-03-13_uc_davis_uc_riverside,UC Davis,TM,TEAM,False,0,0,0,,0,0,,0,0,,1,4,5,0,0,1,0,0,0
2025-03-13_uc_san_diego_cal_poly,Cal Poly,10,"Richards, Sidney",True,30,5,8,0.625,1,1,1.0,2,2,1.0,2,5,7,2,4,3,0,1,13
2025-03-13_uc_san_diego_cal_poly,Cal Poly,02,"Shah, Annika",True,29,5,11,0.455,1,2,0.5,0,0,,1,3,4,1,2,4,0,0,11
2025-03-13_uc_san_diego_cal_poly,Cal Poly,04,"Lichtie, Sierra",True,35,5,11,0.455,0,3,0.0,0,0,,1,5,6,3,6,4,0,2,10
2025-03-13_uc_san_diego_cal_poly,Cal Poly,24,"Carter, Mary",True,38,4,11,0.364,1,4,0.25,0,0,,1,4,5,2,1,0,1,1,9
2025-03-13_uc_san_diego_cal_poly,Cal Poly,15,"Bourland, Sydney",True,34,3,7,0.429,0,0,,0,2,0.0,3,1,4,1,5,2,0,1,6
2025-03-13_uc_san_diego_cal_poly,Cal Poly,31,"Hiraki, Ashley",False,22,2,8,0.25,1,6,0.167,0,0,,2,1,3,3,1,1,0,1,5
2025-03-13_uc_san_diego_cal_poly,Cal Poly,09,"Perez, Nora",False,5,0,0,,0,0,,0,0,,0,1,1,0,0,0,0,0,0
2025-03-13_uc_san_diego_cal_poly,Cal Poly,22,"Goosby, Alana",False,5,0,0,,0,0,,0,0,,0,0,0,0,1,0,0,0,0
2025-03-13_uc_san_diego_cal_poly,Cal Poly,05,"Robinson, Gabby",False,2,0,0,,0,0,,0,0,,0,1,1,0,0,1,0,0,0
2025-03-13_uc_san_diego_cal_poly,Cal Poly,TM,TEAM,False,0,0,0,,0,0,,0,0,,4,5,9,0,0,4,0,0,0
2025-03-13_uc_san_diego_cal_poly,UC San Diego,03,"Sugapong, Sumayah",True,38,10,24,0.417,1,4,0.25,8,10,0.8,0,2,2,2,1,6,0,6,29
2025-03-13_uc_san_diego_cal_poly,UC San Diego,32,"Montgomery, Parker",True,39,5,10,0.5,3,7,0.429,0,0,,0,4,4,0,0,2,0,1,13
2025-03-13_uc_san_diego_cal_poly,UC San Diego,22,"Gallegos, Gracie",True,36,2,8,0.25,0,2,0.0,0,0,,0,3,3,0,3,1,1,0,4
2025-03-13_uc_san_diego_cal_poly,UC San Diego,24,"Spriggs, Kayanna",True,25,2,6,0.333,0,0,,0,0,,5,6,11,2,1,0,2,0,4
2025-03-13_uc_san_diego_cal_poly,UC San Diego,15,"Ma, Sabrina",True,35,0,5,0.0,0,4,0.0,0,0,,3,0,3,1,2,1,1,2,0
2025-03-13_uc_san_diego_cal_poly,UC San Diego,11,"Condron, Erin",False,16,3,3,1.0,0,0,,1,1,1.0,1,2,3,0,0,0,0,0,7
2025-03-13_uc_san_diego_cal_poly,UC San Diego,25,"Mahan, Junaé",False,7,1,1,1.0,0,0,,0,0,,0,0,0,0,2,2,0,1,2
2025-03-13_uc_san_diego_cal_poly,UC San Diego,21,"Polocheck, Nicki",False,4,0,1,0.0,0,1,0.0,0,0,,0,0,0,1,0,0,0,0,0
2025-03-13_uc_san_diego_cal_poly,UC San Diego,TM,TEAM,False,0,0,0,,0,0,,0,0,,2,0,2,0,0,0,0,0,0
2025-03-14_uc_irvine_uc_davis,UC Davis,14,"Sabel, Tova",True,30,7,16,0.438,2,5,0.4,5,6,0.833,0,4,4,5,0,2,0,1,21
2025-03-14_uc_irvine_uc_davis,UC Davis,25,"Norris, Megan",True,32,3,6,0.5,2,3,0.667,4,6,0.667,1,9,10,1,2,3,0,1,12
2025-03-14_uc_irvine_uc_davis,UC Davis,33,"Harris, Mazatlan",True,33,3,5,0.6,2,4,0.5,3,4,0.75,1,8,9,2,3,1,1,1,11
2025-03-14_uc_irvine_uc_davis,UC Davis,04,"Epps, Nya",True,29,3,7,0.429,1,3,0.333,0,0,,3,1,4,3,2,5,0,1,7
2025-03-14_uc_irvine_uc_davis,UC Davis,13,"Burns, Sydney",True,25,0,3,0.0,0,0,,2,2,1.0,0,2,2,1,4,2,0,3,2
2025-03-14_uc_irvine_uc_davis,UC Davis,23,"Baker, Victoria",False,13,1,4,0.25,0,2,0.0,2,2,1.0,0,2,2,1,0,1,0,0,4
2025-03-14_uc_irvine_uc_davis,UC Davis,02,"Bennett, Ryann",False,13,1,2,0.5,1,1,1.0,0,0,,0,1,1,0,1,1,1,1,3
2025-03-14_uc_irvine_uc_davis,UC Davis,11,"Glad, Clara",False,12,1,2,0.5,0,0,,1,2,0.5,1,0,1,0,1,1,0,0,3
2025-03-14_uc_irvine_uc_davis,UC Davis,41,"Shine, Bria",False,7,0,0,,0,0,,0,0,,0,2,2,1,1,1,0,0,0
2025-03-14_uc_irvine_uc_davis,UC Davis,09,"Sussex, Avery",False,4,0,0,,0,0,,0,0,,0,0,0,0,0,1,0,0,0
2025-03-14_uc_irvine_uc_davis,UC Davis,05,"Fitzgerald, Ally",False,2,0,0,,0,0,,0,0,,0,0,0,1,0,1,0,0,0
2025-03-14_uc_irvine_uc_davis,UC Davis,TM,TEAM,False,0,0,0,,0,0,,0,0,,1,4,5,0,0,1,0,0,0
2025-03-14_uc_irvine_uc_davis,UC Irvine,20,"Hernandez, Hunter",True,30,5,16,0.312,1,4,0.25,4,7,0.571,0,4,4,3,0,1,0,2,15
2025-03-14_uc_irvine_uc_davis,UC Irvine,13,"Lee, Deja",True,35,5,12,0.417,2,6,0.333,1,1,1.0,1,2,3,3,2,2,0,0,13
2025-03-14_uc_irvine_uc_davis,UC Irvine,03,"Tom, Nikki",True,29,1,3,0.333,0,1,0.0,2,2,1.0,2,1,3,0,5,1,0,2,4
2025-03-14_uc_irvine_uc_davis,UC Irvine,24,"Dean, Nevaeh",True,26,0,7,0.0,0,3,0.0,0,0,,2,6,8,2,2,1,2,2,0
2025-03-14_uc_irvine_uc_davis,UC Irvine,21,"Williams, Olivia",True,11,0,3,0.0,0,0,,0,0,,0,0,0,0,1,0,0,0,0
2025-03-14_uc_irvine_uc_davis,UC Irvine,33,"Gnahore, Ines",False,7,4,6,0.667,1,2,0.5,1,2,0.5,1,1,2,1,0,1,0,0,10
2025-03-14_uc_irvine_uc_davis,UC Irvine,14,"Hanson, Summah",False,13,3,6,0.5,0,2,0.0,1,2,0.5,0,2,2,3,0,1,0,0,7
2025-03-14_uc_irvine_uc_davis,UC Irvine,11,"Scharpf, Amelia",False,17,2,3,0.667,0,0,,0,0,,0,1,1,3,1,0,0,0,4
2025-03-14_uc_irvine_uc_davis,UC Irvine,10,"Madsen, Lauryn",False,16,1,4,0.25,1,4,0.25,0,0,,1,1,2,1,2,0,0,3,3
2025-03-14_uc_irvine_uc_davis,UC Irvine,12,"Nahum, Shirel",False,12,0,1,0.0,0,0,,0,0,,1,0,1,0,1,1,0,1,0
2025-03-14_uc_irvine_uc_davis,UC Irvine,22,"Djoko, Clara",False,3,0,0,,0,0,,0,0,,0,0,0,0,0,0,0,0,0
2025-03-14_uc_irvine_uc_davis,UC Irvine,09,"Falcon Hernandez, Daniela",False,1,0,0,,0,0,,0,0,,0,0,0,0,0,1,0,0,0
2025-03-14_uc_irvine_uc_davis,UC Irvine,TM,TEAM,False,0,0,0,,0,0,,0,0,,1,3,4,0,0,0,0,0,0
2025-03-14_hawaii_uc_san_diego,UC San Diego,03,"Sugapong, Sumayah",True,40,8,19,0.421,1,6,0.167,0,0,,1,4,5,4,2,5,0,1,17
2025-03-14_hawaii_uc_san_diego,UC San Diego,32,"Montgomery, Parker",True,40,6,15,0.4,4,10,0.4,0,0,,1,2,3,1,1,0,0,0,16
2025-03-14_hawaii_uc_san_diego,UC San Diego,15,"Ma, Sabrina",True,40,2,8,0.25,0,3,0.0,0,0,,2,5,7,1,3,0,1,1,4
2025-03-14_hawaii_uc_san_diego,UC San Diego,22,"Gallegos, Gracie",True,39,1,5,0.2,0,2,0.0,2,2,1.0,0,10,10,1,2,4,0,2,4
2025-03-14_hawaii_uc_san_diego,UC San Diego,24,"Spriggs, Kayanna",True,22,1,2,0.5,0,0,,0,0,,3,4,7,3,0,1,0,1,2
2025-03-14_hawaii_uc_san_diego,UC San Diego,11,"Condron, Erin",False,18,3,10,0.3,0,1,0.0,2,2,1.0,2,2,4,3,1,2,1,1,8
2025-03-14_hawaii_uc_san_diego,UC San Diego,25,"Mahan, Junae",False,1,0,1,0.0,0,0,,0,0,,0,0,0,0,0,0,0,0,0
2025-03-14_hawaii_uc_san_diego,UC San Diego,TM,TEAM,False,0,0,0,,0,0,,0,0,,2,6,8,0,0,2,0,0,0
2025-03-14_hawaii_uc_san_diego,Hawaii,03,"Wahinekapu, Lily",True,34,5,13,0.385,2,8,0.25,0,0,,1,6,7,0,6,2,1,0,12
2025-03-14_hawaii_uc_san_diego,Hawaii,23,"McBee, MeiLani",True,28,2,9,0.222,2,9,0.222,0,0,,1,4,5,0,1,0,0,0,6
2025-03-14_hawaii_uc_san_diego,Hawaii,24,"Tamilo, Ritorya",True,19,3,4,0.75,0,0,,0,0,,0,3,3,4,0,2,1,0,6
2025-03-14_hawaii_uc_san_diego,Hawaii,12,"Perez, Imani",True,33,2,6,0.333,0,2,0.0,0,0,,2,3,5,1,3,0,1,0,4
2025-03-14_hawaii_uc_san_diego,Hawaii,01,"Imai, Kelsie",True,20,0,6,0.0,0,2,0.0,0,0,,2,2,4,4,1,2,1,0,0
2025-03-14_hawaii_uc_san_diego,Hawaii,14,"Rewers, Brooklyn",False,15,2,4,0.5,1,2,0.5,5,5,1.0,0,1,1,0,1,0,0,0,10
2025-03-14_hawaii_uc_san_diego,Hawaii,02,"'Uhila, Mia",False,23,1,8,0.125,0,2,0.0,4,6,0.667,1,1,2,1,1,1,0,0,6
2025-03-14_hawaii_uc_san_diego,Hawaii,04,"Lefotu, Jovi",False,18,1,5,0.2,0,1,0.0,1,2,0.5,0,3,3,1,0,1,0,2,3
2025-03-14_hawaii_uc_san_diego,Hawaii,22,"Peacock, Jade",False,10,1,3,0.333,0,1,0.0,0,0,,0,2,2,0,0,0,0,2,2
2025-03-14_hawaii_uc_san_diego,Hawaii,TM,TEAM,False,0,0,0,,0,0,,0,0,,1,3,4,0,0,1,0,0,0
2025-03-15_uc_davis_uc_san_diego,UC San Diego,22,"Gallegos, Gracie",True,38,6,12,0.5,0,3,0.0,12,14,0.857,0,7,7,2,3,4,1,1,24
2025-03-15_uc_davis_uc_san_diego,UC San Diego,15,"Ma, Sabrina",True,37,6,13,0.462,2,6,0.333,1,2,0.5,1,5,6,4,2,1,0,2,15
2025-03-15_uc_davis_uc_san_diego,UC San Diego,03,"Sugapong, Sumayah",True,29,5,14,0.357,0,2,0.0,1,2,0.5,3,4,7,4,3,4,0,1,11
2025-03-15_uc_davis_uc_san_diego,UC San Diego,32,"Montgomery, Parker",True,39,3,11,0.273,2,8,0.25,0,2,0.0,0,4,4,1,0,1,0,1,8
2025-03-15_uc_davis_uc_san_diego,UC San Diego,24,"Spriggs, Kayanna",True,14,0,0,,0,0,,3,6,0.5,3,2,5,3,0,0,0,1,3
2025-03-15_uc_davis_uc_san_diego,UC San Diego,11,"Condron, Erin",False,26,5,9,0.556,0,0,,0,0,,1,5,6,3,1,0,0,0,10
2025-03-15_uc_davis_uc_san_diego,UC San Diego,25,"Mahan, Junae",False,17,1,3,0.333,0,0,,2,2,1.0,0,4,4,3,1,1,0,0,4
2025-03-15_uc_davis_uc_san_diego,UC San Diego,TM,TEAM,False,0,0,0,,0,0,,0,0,,5,2,7,0,0,0,0,0,0
2025-03-15_uc_davis_uc_san_diego,UC Davis,14,"Sabel, Tova",True,29,5,15,0.333,2,6,0.333,1,3,0.333,0,3,3,3,1,1,0,0,13
2025-03-15_uc_davis_uc_san_diego,UC Davis,04,"Epps, Nya",True,27,4,11,0.364,0,2,0.0,1,2,0.5,1,5,6,5,1,0,0,0,9
2025-03-15_uc_davis_uc_san_diego,UC Davis,25,"Norris, Megan",True,25,2,6,0.333,1,4,0.25,2,2,1.0,2,5,7,1,4,3,0,0,7
2025-03-15_uc_davis_uc_san_diego,UC Davis,13,"Burns, Sydney",True,18,1,6,0.167,0,2,0.0,3,4,0.75,2,1,3,1,1,1,0,1,5
2025-03-15_uc_davis_uc_san_diego,UC Davis,33,"Harris, Mazatlan",True,29,1,4,0.25,1,2,0.5,0,0,,1,4,5,1,0,1,3,0,3
2025-03-15_uc_davis_uc_san_diego,UC Davis,02,"Bennett, Ryann",False,30,5,11,0.455,2,7,0.286,1,2,0.5,1,4,5,4,3,2,1,2,13
2025-03-15_uc_davis_uc_san_diego,UC Davis,23,"Baker, Victoria",False,13,3,4,0.75,1,2,0.5,1,1,1.0,2,2,4,3,2,2,1,2,8
2025-03-15_uc_davis_uc_san_diego,UC Davis,09,"Sussex, Avery",False,7,3,5,0.6,2,2,1.0,0,0,,0,1,1,0,1,0,0,0,8
2025-03-15_uc_davis_uc_san_diego,UC Davis,41,"Shine, Bria",False,13,0,2,0.0,0,1,0.0,0,0,,0,1,1,2,0,0,0,0,0
2025-03-15_uc_davis_uc_san_diego,UC Davis,11,"Glad, Clara",False,9,0,3,0.0,0,1,0.0,0,0,,0,0,0,2,1,0,0,1,0
2025-03-15_uc_davis_uc_san_diego,UC Davis,TM,TEAM,False,0,0,0,,0,0,,0,0,,2,3,5,0,0,1,0,0,0
2025-03-19_uc_san_diego_southern_u,Southern U.,01,"Gourdine, Aniya",True,31,7,14,0.5,2,2,1.0,1,2,0.5,1,6,7,1,3,3,0,2,17
2025-03-19_uc_san_diego_southern_u,Southern U.,21,"Lidge, Tionna",True,23,6,8,0.75,0,0,,0,1,0.0,1,5,6,1,2,2,1,1,12
2025-03-19_uc_san_diego_southern_u,Southern U.,02,"Fontenot, Aleighyah",True,26,1,6,0.167,1,2,0.5,3,4,0.75,0,1,1,0,2,0,2,0,6
2025-03-19_uc_san_diego_southern_u,Southern U.,04,"Sanders, DaKiyah",True,33,0,2,0.0,0,1,0.0,0,0,,0,3,3,1,4,1,1,2,0
2025-03-19_uc_san_diego_southern_u,Southern U.,05,"Edwards, D'Shantae",True,20,0,1,0.0,0,0,,0,0,,0,2,2,3,2,2,0,2,0
2025-03-19_uc_san_diego_southern_u,Southern U.,14,"Reed, Soniyah",False,17,8,10,0.8,3,4,0.75,5,5,1.0,0,1,1,2,0,1,0,1,24
2025-03-19_uc_san_diego_southern_u,Southern U.,10,"Tate, Jocelyn",False,24,2,6,0.333,0,0,,3,4,0.75,1,5,6,2,1,3,0,0,7
2025-03-19_uc_san_diego_southern_u,Southern U.,15,"Castro, Sky",False,15,1,2,0.5,0,0,,0,0,,1,1,2,2,1,2,0,2,2
2025-03-19_uc_san_diego_southern_u,Southern U.,03,"Lawson, Taniya",False,11,0,2,0.0,0,1,0.0,0,0,,0,3,3,1,2,0,0,0,0
2025-03-19_uc_san_diego_southern_u,Southern U.,TM,TEAM,False,0,0,0,,0,0,,0,0,,2,3,5,0,0,2,0,0,0
2025-03-19_uc_san_diego_southern_u,UC San Diego,03,"Sugapong, Sumayah",True,40,7,20,0.35,3,6,0.5,2,2,1.0,1,4,5,3,6,5,1,1,19
2025-03-19_uc_san_diego_southern_u,UC San Diego,32,"Montgomery, Parker",True,38,5,17,0.294,4,13,0.308,1,2,0.5,1,2,3,2,0,2,0,2,15
2025-03-19_uc_san_diego_southern_u,UC San Diego,15,"Ma, Sabrina",True,36,2,6,0.333,2,6,0.333,0,0,,0,0,0,5,2,3,0,3,6
2025-03-19_uc_san_diego_southern_u,UC San Diego,22,"Gallegos, Gracie",True,24,1,4,0.25,0,0,,0,0,,0,4,4,1,1,2,1,1,2
2025-03-19_uc_san_diego_southern_u,UC San Diego,24,"Spriggs, Kayanna",True,17,1,5,0.2,0,0,,0,0,,2,1,3,3,3,1,0,0,2
2025-03-19_uc_san_diego_southern_u,UC San Diego,25,"Mahan, Junaé",False,22,3,5,0.6,0,1,0.0,2,2,1.0,0,2,2,1,2,0,1,0,8
2025-03-19_uc_san_diego_southern_u,UC San Diego,11,"Condron, Erin",False,21,2,4,0.5,0,0,,0,0,,1,3,4,0,1,0,1,0,4
2025-03-19_uc_san_diego_southern_u,UC San Diego,30,"Sule, Damilola",False,2,0,0,,0,0,,0,0,,0,1,1,1,0,1,0,0,0
2025-03-19_uc_san_diego_southern_u,UC San Diego,TM,TEAM,False,0,0,0,,0,0,,0,0,,3,4,7,0,0,1,0,0,0
2025-03-20_unlv_hawaii,Hawaii,03,"Wahinekapu, Lily",True,27,8,17,0.471,2,7,0.286,0,1,0.0,1,2,3,2,2,4,0,3,18
2025-03-20_unlv_hawaii,Hawaii,12,"Perez, Imani",True,35,2,5,0.4,1,4,0.25,0,0,,3,0,3,0,1,1,2,0,5
2025-03-20_unlv_hawaii,Hawaii,01,"Imai, Kelsie",True,21,2,6,0.333,1,2,0.5,0,0,,0,3,3,5,1,0,0,0,5
2025-03-20_unlv_hawaii,Hawaii,24,"Tamilo, Ritorya",True,20,1,4,0.25,0,0,,0,0,,0,2,2,1,0,0,2,0,2
2025-03-20_unlv_hawaii,Hawaii,23,"McBee, MeiLani",True,29,0,5,0.0,0,5,0.0,0,0,,0,3,3,3,1,0,0,2,0
2025-03-20_unlv_hawaii,Hawaii,14,"Rewers, Brooklyn",False,24,4,7,0.571,1,2,0.5,1,1,1.0,1,3,4,1,1,0,0,1,10
2025-03-20_unlv_hawaii,Hawaii,02,"'Uhila, Mia",False,18,2,6,0.333,2,3,0.667,0,0,,0,1,1,0,0,1,0,1,6
2025-03-20_unlv_hawaii,Hawaii,04,"Lefotu, Jovi",False,14,0,6,0.0,0,1,0.0,0,0,,1,1,2,0,0,1,0,0,0
2025-03-20_unlv_hawaii,Hawaii,22,"Peacock, Jade",False,10,0,1,0.0,0,1,0.0,0,0,,0,2,2,0,1,1,0,0,0
2025-03-20_unlv_hawaii,Hawaii,11,"Filemu, Kira-May",False,2,0,1,0.0,0,1,0.0,0,0,,0,0,0,0,0,0,0,0,0
2025-03-20_unlv_hawaii,Hawaii,TM,TEAM,False,0,0,0,,0,0,,0,0,,0,3,3,0,0,1,0,0,0
2025-03-20_unlv_hawaii,UNLV,33,"Kimpson, Amarachi",True,30,5,11,0.455,2,5,0.4,2,2,1.0,0,2,2,1,3,0,0,0,14
2025-03-20_unlv_hawaii,UNLV,03,"Jackson, Kiara",True,31,2,7,0.286,0,3,0.0,4,4,1.0,0,6,6,0,4,2,0,1,8
2025-03-20_unlv_hawaii,UNLV,25,"Alexander, Aaliyah",True,29,3,8,0.375,0,3,0.0,0,0,,3,3,6,0,0,1,0,1,6
2025-03-20_unlv_hawaii,UNLV,21,"Brackens, McKinna",True,28,2,6,0.333,1,2,0.5,0,0,,4,8,12,1,1,3,0,0,5
2025-03-20_unlv_hawaii,UNLV,44,"Brown, Alyssa",True,28,2,6,0.333,0,3,0.0,0,0,,1,8,9,1,4,1,1,0,4
2025-03-20_unlv_hawaii,UNLV,32,"Roland, Meadow",False,24,7,13,0.538,1,4,0.25,1,2,0.5,2,1,3,1,0,2,2,0,16
2025-03-20_unlv_hawaii,UNLV,14,"Spencer, Macy",False,19,3,6,0.5,2,5,0.4,2,2,1.0,0,2,2,0,1,1,0,0,10
2025-03-20_unlv_hawaii,UNLV,20,"James, Macie",False,11,0,1,0.0,0,1,0.0,0,0,,1,1,2,0,1,0,0,1,0
2025-03-20_unlv_hawaii,UNLV,TM,TEAM,False,0,0,0,,0,0,,0,0,,2,3,5,0,0,1,0,0,0
