rank,team,conf,record,adjoe,oe Rank,adjde,de Rank,barthag,rank,proj. W,Proj. L,Pro Con W,Pro Con L,Con Rec.,sos,ncsos,consos,Proj. SOS,Proj. Noncon SOS,Proj. Con SOS,elite SOS,elite noncon SOS,Opp OE,Opp DE,Opp Proj. OE,Opp Proj DE,Con Adj OE,Con Adj DE,Qual O,Qual D,Qual Barthag,Qual Games,FUN,ConPF,ConPA,ConPoss,ConOE,ConDE,ConSOSRemain,Conf Win%,WAB,WAB Rk,Fun Rk,adjt
1,Connecticut,BE,38-1,126.92365352615846,4,65.58305996946086,1,0.9994963301171916,1,38.0,1.0,20.0,0.0,20-0,0.814801537489698,0.8748681619591818,0.7510431858664106,0.814801537489698,0.8748681619591818,0.7510431858664106,0.5224000247186329,0.35048665239198973,102.91580898812765,85.02001420024911,102.91580898812765,85.02001420024911,124.45393270509877,65.65243106998987,129.2569805038592,65.27252825655016,0.9996131782362189,14.0,-0.007220383601598712,1781.0,951.0,1467.28,1.2138105882994383,0.6481380513603402,0.0,1.0,13.038566509175968,4,196,71.58175626064761
2,UCLA,B10,37-1,132.79195055764401,1,72.09018241563018,4,0.9991113838315965,2,37.0,1.0,18.0,0.0,18-0,0.8525185456914315,0.6824612050818287,0.9104795800836187,0.8525185456914315,0.6824612050818287,0.9104795800836187,0.35363391324343924,0.5158754731164193,108.90330694636513,83.28193122403472,108.90330694636513,83.28193122403472,132.3356421028579,72.50984989139768,134.1745597791868,72.03098367116692,0.9992185055749202,25.0,0.04779849807325465,1507.0,1053.0,1251.1000000000001,1.2045400047957795,0.8416593397809926,0.0,1.0,17.38715757300278,1,56,66.95942640579722
3,Texas,SEC,35-4,125.71831537519884,5,69.09124685577072,2,0.9989770909543245,3,35.0,4.0,13.0,3.0,13-3,0.7884552030258487,0.5523195204730762,0.936916201791857,0.7884552030258487,0.5523195204730762,0.936916201791857,0.40604279771396246,0.6385876266787464,107.54401922437239,84.93430314157479,107.54401922437239,84.93430314157479,120.829791461689,70.37191149027565,126.35796844027178,68.6303519928521,0.9991064516318814,25.0,0.0034187354895723887,1241.0,967.0,1153.6000000000001,1.075762829403606,0.8382454923717059,0.0,0.8125,14.99869747339735,3,164,70.42748385872687
4,South Carolina,SEC,36-4,128.1940625102781,3,71.57006926588706,3,0.9987742612931975,4,36.0,4.0,15.0,1.0,15-1,0.8045018266103909,0.5986603381701205,0.9376994508040647,0.8045018266103909,0.5986603381701205,0.9376994508040647,0.39658660157711734,0.6441590657866834,107.14498927776813,82.76558208051713,107.14498927776813,82.76558208051713,125.12941119259274,70.4007370754225,127.6084416710339,70.9855583754469,0.9988242068319645,24.0,0.02414518123337628,1313.0,960.0,1169.84,1.122375709498735,0.8206250427408877,0.0,0.9375,15.036700802598943,2,112,70.20716586008496
5,LSU,SEC,29-6,129.4411281238263,2,76.08971679174337,7,0.9977845900943239,5,29.0,6.0,12.0,4.0,12-4,0.6852531409025094,0.32775125362365704,0.9350288905036784,0.6852531409025094,0.32775125362365704,0.9350288905036784,0.5078479451712449,0.854126076125296,102.39927658956026,86.520617307114,102.39927658956026,86.520617307114,124.63026673655462,74.79358204639442,130.5996551350711,77.19267433970937,0.9976407940381566,17.0,-0.0429629197129231,1322.0,1049.0,1197.48,1.1039850352406722,0.8760062798543609,0.0,0.75,9.330502124045285,9,286,75.59212834970623
6,Michigan,B10,28-7,115.81687363772579,14,73.93511509112585,6,0.9942993459522922,6,28.0,7.0,15.0,3.0,15-3,0.8005263045633155,0.5543543242653691,0.9178271456052012,0.8005263045633155,0.5543543242653691,0.9178271456052012,0.41214305629724973,0.637050960531882,107.8256679358973,85.54524480828245,107.8256679358973,85.54524480828245,118.3850307908763,76.04356932674091,115.13249225095934,74.2965494739463,0.9935500958091704,22.0,0.002339445372878113,1489.0,1231.0,1370.6399999999999,1.086353820113232,0.8981205860036189,0.0,0.8333333333333334,10.338735576658253,7,168,72.41976373712133
7,Duke,ACC,27-9,114.33645285588433,18,73.01050821747658,5,0.9942810445435127,7,27.0,9.0,16.0,2.0,16-2,0.8303139325403209,0.806618748704367,0.8085884498830813,0.8303139325403209,0.806618748704367,0.8085884498830813,0.420007535386613,0.44711309856312215,107.0677512848541,83.7824716433911,107.0677512848541,83.7824716433911,115.03957498779192,72.02220539264168,113.46125639375144,74.16842440818442,0.9925266721939251,22.0,-0.04564419371581285,1384.0,1009.0,1288.6399999999999,1.0740004966476286,0.7829960268189721,0.0,0.8888888888888888,8.359051996233674,11,295,70.28128896601763
8,Vanderbilt,SEC,29-5,124.22973454072545,6,82.99579321382981,40,0.9904198928527924,8,29.0,5.0,13.0,3.0,13-3,0.7397953560741378,0.48518457227558265,0.9358346398514407,0.7397953560741378,0.48518457227558265,0.9358346398514407,0.487737965289512,0.7579028181996105,103.76541735588546,86.43896017865275,103.76541735588546,86.43896017865275,129.61441703671397,84.27023562698741,124.69385322940123,83.24044743070573,0.9905052306669125,18.0,0.0704281390603434,1343.0,1171.0,1178.76,1.1393328582578304,0.9934168108860159,0.0,0.8125,10.364791619223498,6,27,71.48533962879546
9,Kentucky,SEC,25-11,115.86774270896404,13,78.39326585238794,14,0.9889387093253799,9,25.0,11.0,8.0,8.0,8-8,0.7605897299029065,0.48227778135205807,0.937820909231954,0.7605897299029065,0.48227778135205807,0.937820909231954,0.45877747863763474,0.7527656629872858,105.84952218163484,85.70049492347749,105.84952218163484,85.70049492347749,113.9653724696233,79.18904061534656,115.04831397666906,79.33436895463666,0.9862697478565603,19.0,-0.026186338799046194,1122.0,1073.0,1120.9199999999998,1.000963494272562,0.9572494022767014,0.0,0.5,5.413670583336301,19,241,67.50490189286751
10,Louisville,ACC,29-8,118.3476209971082,7,80.1659341968261,23,0.9887887953194846,10,29.0,8.0,15.0,3.0,15-3,0.7431373476472817,0.565262229225489,0.8061976915339666,0.7431373476472817,0.565262229225489,0.8061976915339666,0.48635365604672415,0.6399642806437096,102.84419868563906,85.83157657715348,102.84419868563906,85.83157657715348,118.45979451705212,79.63950177590165,119.62865683688509,79.5099524414923,0.9909676337036065,21.0,0.016056559031454642,1406.0,1124.0,1288.38,1.0912929415234636,0.8724134184014032,0.0,0.8333333333333334,8.551848578109375,10,133,69.42302069144746
11,Minnesota,B10,24-9,115.98645455155601,12,78.78398128501803,15,0.9884309205427925,11,24.0,9.0,13.0,5.0,13-5,0.7662642558403605,0.4757251202038773,0.9075708018764934,0.7662642558403605,0.4757251202038773,0.9075708018764934,0.48093641922129793,0.7829852924884505,105.62235926069343,86.68602894060622,105.62235926069343,86.68602894060622,119.54666821817735,79.9058824083346,114.47984996390258,80.02634008992696,0.9839756927246571,17.0,-0.04024166290489117,1346.0,1177.0,1240.1,1.085396339004919,0.9491170066930087,0.0,0.7222222222222222,5.603483410636281,17,279,66.07467040526218
12,TCU,B12,32-6,113.59402032875539,21,77.41675734474421,11,0.9879838820898094,12,32.0,6.0,15.0,3.0,15-3,0.7056480028938651,0.40720314923015677,0.845441252359453,0.7056480028938651,0.40720314923015677,0.845441252359453,0.5640630669162405,0.7944601091635668,101.31746640440414,88.11164647400571,101.31746640440414,88.11164647400571,114.01099115446488,78.87245110236826,114.81325438154288,77.9631236078746,0.988471258841208,15.0,0.0056812263205742175,1318.0,1086.0,1255.88,1.049463324521451,0.8647322992642609,0.0,0.8333333333333334,7.198779996607925,14,158,67.73379467566065
13,Iowa,B10,27-7,113.57427645855907,22,77.54064688532569,12,0.9877394215877926,13,27.0,7.0,15.0,3.0,15-3,0.8377969326041248,0.6726845876872909,0.9206148834192882,0.8377969326041248,0.6726845876872909,0.9206148834192882,0.4251816749122136,0.644706985489987,108.73739259686425,85.35176363263446,108.73739259686425,85.35176363263446,117.97645449864561,78.21942449475084,114.24248001900689,78.29981378563616,0.9871876019936195,20.0,0.06325339694073528,1384.0,1212.0,1294.7799999999997,1.0689074591822552,0.9360663587636512,0.0,0.8333333333333334,11.081328970586371,5,35,70.1208633846776
14,North Carolina,ACC,28-8,112.14442422663913,29,76.68442924160215,8,0.9875194151123656,14,28.0,8.0,14.0,4.0,14-4,0.7163095760770043,0.500747446508771,0.8163554802063001,0.7163095760770043,0.500747446508771,0.8163554802063001,0.5119710902116094,0.6661048259154895,103.19706497142045,86.91132103465323,103.19706497142045,86.91132103465323,110.05793293869998,77.43245798585322,114.71935055004283,79.06323408774797,0.9863566885794698,15.0,0.015691073339016093,1294.0,1079.0,1263.2000000000003,1.0243825205826471,0.8541798606713108,0.0,0.7777777777777778,6.960831213129443,15,134,68.60605485199707
15,Oklahoma,SEC,26-8,113.83935398434235,20,77.85973772014107,13,0.9874896783943893,15,26.0,8.0,11.0,5.0,11-5,0.7344314957763228,0.41793432094151545,0.9312135509824112,0.7344314957763228,0.41793432094151545,0.9312135509824112,0.47982649596338667,0.7718795340589236,105.08493388964473,85.60230703166228,105.08493388964473,85.60230703166228,114.3144135672277,76.27427045018074,113.7357230363973,77.32566921621944,0.9883103507540424,18.0,0.04900162611177061,1276.0,1137.0,1257.74,1.0145181039006472,0.9040024170337272,0.0,0.6875,7.453463804142957,13,54,77.54697374282841
16,West Virginia,B12,28-7,112.71428194050642,26,77.17888188116044,9,0.9873253802104335,16,28.0,7.0,14.0,4.0,14-4,0.7724679615124109,0.616880773749516,0.8324508874201408,0.7724679615124109,0.616880773749516,0.8324508874201408,0.5264494799097875,0.6616505428120779,101.75636003764666,86.4272612513153,101.75636003764666,86.4272612513153,111.49683998729758,77.73163406662205,108.37363157539689,75.94248839479495,0.9835282179400375,16.0,-0.02700169548324738,1369.0,1095.0,1297.52,1.055089709599852,0.8439176274739503,0.0,0.7777777777777778,7.498616105215055,12,244,70.06751230296135
17,Maryland,B10,24-9,117.42988775412442,8,80.42044445543794,27,0.9873027314415994,17,24.0,9.0,11.0,7.0,11-7,0.71682153144645,0.38278475195814865,0.9089712297261366,0.71682153144645,0.38278475195814865,0.9089712297261366,0.5159840679705225,0.8313944046838619,103.232184248653,87.8061121530862,103.232184248653,87.8061121530862,118.09470569154622,79.9156191857067,116.87016809670249,81.41293012413652,0.9845957799035144,15.0,-0.03307288800658481,1429.0,1293.0,1347.5400000000002,1.0604508957062497,0.9595262478293778,0.0,0.6111111111111112,5.537498368579135,18,264,71.5074695612783
18,Ohio St.,B10,27-8,116.12068676623787,10,80.05365328256741,21,0.9863089761132366,18,27.0,8.0,13.0,5.0,13-5,0.7502112095949462,0.45883265151251457,0.9123961606040465,0.7502112095949462,0.45883265151251457,0.9123961606040465,0.4624546480558095,0.732094313422394,105.15805054616362,86.01150312288004,105.15805054616362,86.01150312288004,118.22111647009618,79.95586164358242,121.5103783461238,80.5490216017774,0.9912337192283092,19.0,0.07389680272705068,1452.0,1286.0,1357.94,1.0692666833586166,0.9470226961426866,0.0,0.7222222222222222,9.636479814198237,8,25,73.99200015537198
19,Notre Dame,ACC,25-11,113.44154075760949,23,79.42336319526969,19,0.9836925820801466,19,25.0,11.0,12.0,6.0,12-6,0.7763590380776881,0.5910101151850101,0.8179719754549931,0.7763590380776881,0.5910101151850101,0.8179719754549931,0.4485410063313158,0.5846840154181578,105.00816932812221,85.80875386057467,105.00816932812221,85.80875386057467,115.03532236810264,84.48344282379212,113.26991207679494,79.49973842013647,0.9832296155491222,20.0,-0.0004825058187903908,1389.0,1219.0,1301.8799999999999,1.0669186100101393,0.9363382185762129,0.0,0.6666666666666666,4.863636931550777,21,178,71.10669403344812
20,Mississippi,SEC,24-12,115.23462923436054,16,81.23241267251358,31,0.9823817313442834,20,24.0,12.0,8.0,8.0,8-8,0.7379468861920017,0.4659791293174242,0.9335395570857957,0.7379468861920017,0.4659791293174242,0.9335395570857957,0.4899328530463926,0.7759006023948671,103.27395346885447,85.44622791856604,103.27395346885447,85.44622791856604,114.9886500012433,81.71638364759207,117.62654794987218,81.6183659476613,0.9852665987894628,17.0,-0.030857440136180414,1142.0,1108.0,1131.1799999999998,1.0095652327657845,0.9795081242596229,0.0,0.5,4.487375726793614,24,255,68.32525666078655
21,Washington,B10,22-11,112.22865984724154,28,79.21559780516672,18,0.9821229635000552,21,22.0,11.0,10.0,8.0,10-8,0.781095251720984,0.49217409845876287,0.9155788689999953,0.781095251720984,0.49217409845876287,0.9155788689999953,0.4667645977847129,0.8131220228091158,105.40538403027345,85.92719542548437,105.40538403027345,85.92719542548437,112.16608550786565,80.19077448446257,112.74364447160126,78.05980319140417,0.9856262802055136,17.0,-0.04094148274227993,1262.0,1210.0,1257.42,1.0036423788392104,0.9622878592673887,0.0,0.5555555555555556,4.523083275842739,23,281,66.4718645489003
22,Michigan St.,B10,23-9,115.5646268044766,15,83.34615838874143,42,0.9772130132842898,22,23.0,9.0,11.0,7.0,11-7,0.7421318291307043,0.40578270119173676,0.9148523983831571,0.7421318291307043,0.40578270119173676,0.9148523983831571,0.4801809187321007,0.8278648605366027,105.11957088761311,87.5794782296414,105.11957088761311,87.5794782296414,117.0888139969121,86.30418577799068,116.63826345878394,83.0772690470305,0.9801989755205295,17.0,0.041162863746044276,1380.0,1342.0,1311.68,1.0520858746035617,1.0231153939985362,0.0,0.6111111111111112,5.867746799230433,16,71,71.1987239762137
23,N.C. State,ACC,21-11,113.22604278623234,25,81.81033799633256,33,0.9767357817870493,23,21.0,11.0,13.0,5.0,13-5,0.8078829185527073,0.7806857957403225,0.7949662505475616,0.8078829185527073,0.7806857957403225,0.7949662505475616,0.482480282215769,0.5434985533396964,104.19570140779521,85.34034405648137,104.19570140779521,85.34034405648137,116.74197092359174,82.10681481345668,113.54039462738238,83.11610394466044,0.9730665195000011,15.0,-0.04493111685299156,1430.0,1187.0,1315.8000000000002,1.0867913056695544,0.9021127830977351,0.0,0.7222222222222222,3.0556829465679636,28,293,70.82885551576308
24,Tennessee,SEC,16-14,113.25490078539357,24,82.00979689678661,35,0.9761591866233595,24,16.0,14.0,8.0,8.0,8-8,0.8049217060818674,0.6097886801298668,0.9299908563706698,0.8049217060818674,0.6097886801298668,0.9299908563706698,0.4076798481037249,0.5905455572618031,107.74985280231864,83.56992052015227,107.74985280231864,83.56992052015227,115.96796050020299,82.22800377396045,114.341925752141,83.64947966088901,0.9732581124059528,19.0,-0.05509498309188021,1207.0,1185.0,1192.04,1.0125499144324017,0.994094157914164,0.0,0.5,2.6796844339100097,34,314,73.33860631624533
25,USC,B10,18-14,106.69689199754282,43,77.37264370630582,10,0.9757697701416477,25,18.0,14.0,9.0,9.0,9-9,0.8148180009085948,0.6121927905241803,0.9131368069393688,0.8148180009085948,0.6121927905241803,0.9131368069393688,0.39563228691690033,0.5861078132742623,109.07682365677806,84.08650182626532,109.07682365677806,84.08650182626532,109.39045577878511,77.30248603801506,105.78040470143999,76.93069989435227,0.9749690624316143,20.0,-0.008319030383017179,1245.0,1209.0,1278.1,0.9741021829277835,0.9459353728190283,0.0,0.5,3.5087599866938692,27,197,70.34334918743903
26,Alabama,SEC,24-11,110.49221781711165,31,80.7409513829432,30,0.9735975371797162,26,24.0,11.0,7.0,9.0,7-9,0.7529584305989432,0.47458686213387596,0.940154725939104,0.7529584305989432,0.47458686213387596,0.940154725939104,0.48583825515329854,0.8172023994608121,104.68923230874674,85.08040475418117,104.68923230874674,85.08040475418117,111.31379787703551,82.4361941947141,112.52393150796335,80.59922961803643,0.978902625436661,16.0,0.03958705516115013,1063.0,1125.0,1112.08,0.955866484425581,1.011617869218042,0.0,0.4375,5.157626040783923,20,74,67.12700198320952
27,Nebraska,B10,19-13,115.99494874730098,11,84.97256730970238,52,0.9728541250058519,27,19.0,13.0,7.0,11.0,7-11,0.771819971306404,0.5009482841921301,0.910001388456881,0.771819971306404,0.5009482841921301,0.910001388456881,0.4988589876013046,0.8364174217053697,105.44471807055314,87.34164862019153,105.44471807055314,87.34164862019153,116.40591771638194,88.25743631698947,116.17583600637793,87.15218320437118,0.9646226108044418,16.0,-0.082833819227355,1337.0,1362.0,1287.8000000000002,1.0382046901692807,1.05761764249107,0.0,0.3888888888888889,1.3209604144081792,41,342,70.11268403730531
28,Villanova,BE,25-8,109.2909477184149,35,80.33080366403834,25,0.971815527402358,28,25.0,8.0,16.0,4.0,16-4,0.742800832889361,0.6594922738335547,0.7538784997981643,0.742800832889361,0.6594922738335547,0.7538784997981643,0.6241982862166228,0.667588534484183,100.62818199831389,86.20395248640739,100.62818199831389,86.20395248640739,109.37665480393034,80.04819009159884,113.84562298335389,79.01910395487823,0.9852153032938618,6.0,-0.027082028425052695,1443.0,1221.0,1424.1400000000003,1.013243080034266,0.8573595292597636,0.0,0.8,2.8461752814435397,32,246,70.03338385267035
29,Oregon,B10,23-13,109.54679318064018,34,80.61860654797545,29,0.9714229130341642,29,23.0,13.0,8.0,10.0,8-10,0.7830303954838644,0.5332259266272765,0.9167949854972031,0.7830303954838644,0.5332259266272765,0.9167949854972031,0.48906362544017523,0.8357655665107538,105.33706031854295,85.92220685361588,105.33706031854295,85.92220685361588,108.19911741682458,80.88255783996306,107.09788753793353,80.7679117345115,0.9624887045764402,18.0,-0.019520437849494643,1302.0,1270.0,1324.3,0.9831609152004833,0.9589972060711319,0.0,0.4444444444444444,2.984571606455568,29,226,70.69291713058054
30,Georgia,SEC,22-10,109.8217372878817,32,81.67639585198691,32,0.9678627496399712,30,22.0,10.0,8.0,8.0,8-8,0.6720655267850738,0.3206238789925462,0.9422779156870815,0.6720655267850738,0.3206238789925462,0.9422779156870815,0.537388698498707,0.8868874748425449,101.20327841408489,87.55815666446398,101.20327841408489,87.55815666446398,108.03234074481846,79.42322391922637,109.6928550690734,81.77780715708342,0.9669875490931322,14.0,0.010879886439464359,1082.0,1107.0,1152.6399999999999,0.9387146029983343,0.9604039422543033,0.0,0.5,3.75488421480745,26,147,68.3686648410519
31,Illinois,B10,22-12,114.05759902900886,19,85.18273524152113,54,0.966330229187311,31,22.0,12.0,9.0,9.0,9-9,0.7558020690693157,0.4364918533994501,0.8960677592400399,0.7558020690693157,0.4364918533994501,0.8960677592400399,0.49278234338831767,0.848157284920302,104.78618862464305,88.33363038721932,104.78618862464305,88.33363038721932,118.23241304002012,86.64616901062546,113.6029273920912,85.72722863040933,0.9622284589038269,15.0,0.005457890006997479,1376.0,1305.0,1280.4199999999998,1.074647381328002,1.0191968260414552,0.0,0.5,2.964218580351805,30,159,69.37860732795389
32,Oklahoma St.,B12,24-10,114.48310053382505,17,85.60400957908469,59,0.9658746514889148,32,24.0,10.0,12.0,6.0,12-6,0.6849811556804354,0.3760545854732546,0.8647077634725165,0.6849811556804354,0.3760545854732546,0.8647077634725165,0.5811872540256126,0.8243406842292889,100.13575752815372,88.69869893703437,100.13575752815372,88.69869893703437,112.2439083283051,82.70296432803742,113.41186546802193,86.82446364882601,0.9557263688568477,14.0,-0.030972604192956887,1314.0,1177.0,1275.5600000000004,1.030135783499012,0.9227319765436355,0.0,0.6666666666666666,1.824414556201051,37,256,69.60371660305712
33,Texas Tech,B12,26-8,106.29634740531353,46,79.57491860587675,20,0.9654310128630371,33,26.0,8.0,12.0,6.0,12-6,0.7248588256426434,0.5145976143456132,0.8378173496546967,0.7248588256426434,0.5145976143456132,0.8378173496546967,0.6022542577474574,0.8548458219661248,100.53120880574897,87.52913502587882,100.53120880574897,87.52913502587882,109.56806135696,82.17646528720546,109.47303582768433,83.44142648317303,0.9578167676471437,11.0,0.0095774740313187,1248.0,1131.0,1243.54,1.0035865352139859,0.9095002975376747,0.0,0.6666666666666666,2.9037927118145115,31,152,68.4351506362598
34,Iowa St.,B12,22-10,116.37638359440939,9,88.23248949014649,91,0.9602210343449136,34,22.0,10.0,10.0,8.0,10-8,0.6918641845701309,0.4091831526092948,0.853475425706411,0.6918641845701309,0.4091831526092948,0.853475425706411,0.5982359809864377,0.820258427521709,99.34009487002052,88.5959792588523,99.34009487002052,88.5959792588523,114.49278578573866,88.36302495100438,117.35275635096063,90.77585618684424,0.9504096669058003,12.0,-0.04935094259006112,1371.0,1311.0,1318.26,1.0400072823267035,0.9944927404305676,0.0,0.5555555555555556,1.4962771436577138,40,307,71.55507436600794
35,Baylor,B12,25-9,103.3601860747691,65,78.84572385233011,17,0.957440388192271,35,25.0,9.0,13.0,5.0,13-5,0.7429250448837186,0.5475108715613348,0.8454628724119021,0.7429250448837186,0.5475108715613348,0.8454628724119021,0.5211625903316156,0.6851764061123932,101.88345969308536,86.37494689403277,101.88345969308536,86.37494689403277,105.82916995357812,79.36400070952674,97.1785520470623,77.42871592189395,0.9316752076906311,14.0,0.09593137484371328,1255.0,1148.0,1293.6200000000001,0.9701457924274516,0.8874321670969836,0.0,0.7222222222222222,4.855859975551342,22,12,70.26025403593736
36,Colorado,B12,22-12,104.75766587515369,56,80.28970799494161,24,0.9551735804981446,36,22.0,12.0,11.0,7.0,11-7,0.7643458719452956,0.5623621072106313,0.8562094905173588,0.7643458719452956,0.5623621072106313,0.8562094905173588,0.5609881139228738,0.790435553469523,101.49858083769392,86.86402242619639,101.49858083769392,86.86402242619639,106.1102279627949,82.71485692335983,105.33622520824854,78.17278282252532,0.9686203192774541,14.0,-0.043800086451105336,1228.0,1165.0,1265.96,0.9700148503902176,0.9202502448734556,0.0,0.6111111111111112,1.2039628273850118,42,290,67.83138929423907
37,Virginia Tech,ACC,23-10,104.92751270039965,55,80.55740306739972,28,0.9543247332904018,37,23.0,10.0,12.0,6.0,12-6,0.6831785998544901,0.4170538071925223,0.8164983512443287,0.6831785998544901,0.4170538071925223,0.8164983512443287,0.5719562599191983,0.8112167525804682,99.24413535804736,88.5547249232389,99.24413535804736,88.5547249232389,107.04095110540281,79.84574440033684,107.13312439212073,81.62847605759508,0.9579840363956078,14.0,0.012221987824825198,1280.0,1164.0,1298.2000000000003,0.9859805885071635,0.8966260976737018,0.0,0.6666666666666666,2.6560086679382215,35,144,71.08221396488672
38,Columbia,Ivy,25-8,106.58106485679454,45,81.87228945357975,34,0.9540459883059157,38,25.0,8.0,11.0,3.0,11-3,0.6370934303229315,0.649393574815898,0.5284546700642169,0.6370934303229315,0.649393574815898,0.5284546700642169,0.6971333699114779,0.6892299557101472,96.34732303474442,89.69945972152031,96.34732303474442,89.69945972152031,102.49978449772358,84.27989549732251,114.35070669254429,84.17261805249608,0.9713519917049741,4.0,-0.054511751215507,979.0,775.0,946.7,1.0341185169536284,0.8186331467201858,0.0,0.7857142857142857,-1.7585536541066125,61,312,69.6984735796489
39,Virginia,ACC,22-12,112.28241310405485,27,86.59913723304405,67,0.9519771909078031,39,22.0,12.0,11.0,7.0,11-7,0.6915806258024262,0.36385676178905596,0.8176800870237882,0.6915806258024262,0.36385676178905596,0.8176800870237882,0.5460044957379631,0.8181972602808568,100.47315930715797,87.22431873062179,100.47315930715797,87.22431873062179,112.2793321897576,86.76796098797026,112.61359271179856,87.13846543434681,0.9502321047401483,17.0,0.0009620301621267036,1340.0,1259.0,1307.0000000000002,1.0252486610558529,0.9632746748278499,0.0,0.6111111111111112,-0.18775727913803492,49,171,67.27927171942042
40,Florida,SEC,18-15,108.70941489851748,38,84.11348854450944,46,0.9502579027783159,40,18.0,15.0,5.0,11.0,5-11,0.6929892004914505,0.4135818603107307,0.9211949816714295,0.6929892004914505,0.4135818603107307,0.9211949816714295,0.554151561218224,0.8622824751178718,101.98159381748447,86.9678691689627,101.98159381748447,86.9678691689627,112.59273963505228,85.69392719434985,113.70037543544163,82.49899593226097,0.9756120692735774,14.0,-0.08574393837663008,1100.0,1181.0,1140.18,0.9647599501833043,1.0358013646968023,0.0,0.3125,-1.6272460790245662,59,345,70.20924203296005
41,Syracuse,ACC,24-9,105.53666937753297,49,82.77340180537726,38,0.942347716746549,41,24.0,9.0,12.0,6.0,12-6,0.6712471964799722,0.3740823222124689,0.7870940813123296,0.6712471964799722,0.3740823222124689,0.7870940813123296,0.581519416495386,0.8373193714069564,100.7777812345338,88.3150314587437,100.7777812345338,88.3150314587437,109.07162656566507,84.52172378710192,102.04308718873551,84.75658944787902,0.8942146688936022,12.0,0.0792192905665845,1340.0,1236.0,1316.3600000000004,1.01795861314534,0.9389528700355523,0.0,0.6666666666666666,2.7186529252693896,33,20,70.95077159301047
42,Mississippi St.,SEC,18-13,106.60433113876795,44,84.13625870861472,47,0.9383063264195497,42,18.0,13.0,5.0,11.0,5-11,0.6715635494841427,0.34792701219959815,0.9373271225272277,0.6715635494841427,0.34792701219959815,0.9373271225272277,0.5516324403679486,0.8866828200507966,101.92006810126152,87.9449707141107,101.92006810126152,87.9449707141107,107.89888926578651,86.34470045452825,105.18587653498412,85.41150098034079,0.916434140944914,14.0,-0.023153673779770734,1090.0,1242.0,1175.56,0.9272176664738508,1.0565177447344245,0.0,0.3125,-0.31384490481896304,51,236,70.94025343455318
43,James Madison,SB,26-9,104.25927226775059,58,82.6031855399822,37,0.9356903178773369,43,26.0,9.0,14.0,4.0,14-4,0.5956013201244463,0.6628697891893214,0.5084934943862891,0.5956013201244463,0.6628697891893214,0.5084934943862891,0.7442853194275043,0.6472761039245878,97.11012273627514,91.1641419301603,97.11012273627514,91.1641419301603,105.3295485209954,85.66290747872954,97.93677997286602,84.36870017241084,0.8474766248540545,5.0,-0.05565161353044645,1379.0,1096.0,1283.5799999999997,1.0743389582262113,0.8538618551239504,0.0,0.7777777777777778,-1.5198128402389655,58,315,69.848242082885
44,Princeton,Ivy,26-4,111.4201312061544,30,88.74234128701153,99,0.9319518284962222,44,26.0,4.0,12.0,2.0,12-2,0.6522954894785548,0.7386911256779142,0.5316674651572886,0.6522954894785548,0.7386911256779142,0.5316674651572886,0.6738304098582137,0.6164432788637945,96.5489519815465,88.54097237963234,96.5489519815465,88.54097237963234,109.3986962835888,88.99485047564063,112.99535469703152,90.41026245159922,0.9285331675423583,6.0,0.13443823832401436,988.0,767.0,904.84,1.0919057512930463,0.8476636753459175,0.0,0.8571428571428571,4.439471160527039,25,3,66.06025790220585
45,Stanford,ACC,21-14,104.9330471415679,54,83.58934045108882,43,0.9318318348036371,45,21.0,14.0,8.0,10.0,8-10,0.7250282840978304,0.5700975890625208,0.8173692277198757,0.7250282840978304,0.5700975890625208,0.8173692277198757,0.5752679044203932,0.7099948256068017,101.40737901489034,88.25371150840054,101.40737901489034,88.25371150840054,105.19896201588486,83.19798847460126,102.24551740961134,80.90839870208457,0.9365340405328219,12.0,-0.03588876901444571,1228.0,1212.0,1281.4,0.958326830029655,0.9458404869673793,0.0,0.4444444444444444,-0.9502264355222205,56,275,69.02223231002735
46,Richmond,A10,26-8,108.79097860471171,37,87.12372465048315,77,0.9278511920796139,46,26.0,8.0,15.0,3.0,15-3,0.5901114905024812,0.6189372960807105,0.5357980695918271,0.5901114905024812,0.6189372960807105,0.5357980695918271,0.73161747198632,0.6713453089272156,95.57192647535443,89.70040872591547,95.57192647535443,89.70040872591547,111.34805227935617,88.10627487699934,107.43930253840229,87.5625203510558,0.91313983852215,4.0,-0.00914314396902527,1340.0,1026.0,1203.5600000000002,1.1133636877264115,0.8524710026920136,0.0,0.8333333333333334,-0.18919329263210788,50,198,65.97086600348362
47,Arizona St.,B12,24-11,97.98285910890674,96,78.79841042407259,16,0.924550695471152,47,24.0,11.0,9.0,9.0,9-9,0.7298372443001873,0.5223184326131259,0.8433257266865763,0.7298372443001873,0.5223184326131259,0.8433257266865763,0.5940530303117496,0.8073009973052305,101.00170296875318,88.15486040703948,101.00170296875318,88.15486040703948,100.3991338584916,80.93723588386678,100.24350801291497,78.58327054151036,0.9426542013319472,10.0,0.04446315496201547,1174.0,1165.0,1278.34,0.918378522145908,0.9113381416524556,0.0,0.5,1.496459623437789,39,62,68.6780283455466
48,Indiana,B10,18-14,109.56700461261798,33,88.33814631650627,94,0.9224913831951189,48,18.0,14.0,6.0,12.0,6-12,0.7591289532340805,0.49819524693260325,0.9085900243989039,0.7591289532340805,0.49819524693260325,0.9085900243989039,0.503465990747081,0.8222625414116997,104.96126774184455,87.3945837671643,104.96126774184455,87.3945837671643,109.52710829256245,88.79198034978636,109.01057167535429,90.54922845483567,0.8941488899119735,15.0,0.02436080063264401,1229.0,1355.0,1264.58,0.9718641762482406,1.0715020006642522,0.0,0.3333333333333333,0.29476542480788526,48,111,68.68291708781737
49,Clemson,ACC,21-12,104.12407416769084,59,83.95463526856962,45,0.9224439733633073,49,21.0,12.0,11.0,7.0,11-7,0.6514739560650019,0.342216767786701,0.8038895183950839,0.6514739560650019,0.342216767786701,0.8038895183950839,0.5370671694340422,0.7615954542348145,100.192891044606,88.39994130051235,100.192891044606,88.39994130051235,106.42918389243343,84.4589006177775,102.10984500872918,82.37616487364566,0.9219872871385038,16.0,0.06826718121947539,1192.0,1113.0,1206.4199999999998,0.9880472803832829,0.9225642810961358,0.0,0.6111111111111112,2.069382900354822,36,30,63.74203960216926
50,California,ACC,21-15,105.45793943189383,51,85.28465863437897,55,0.9199488672130238,50,21.0,15.0,9.0,9.0,9-9,0.7317740901337723,0.5724321887915722,0.8187100299965109,0.7317740901337723,0.5724321887915722,0.8187100299965109,0.5739201891804147,0.7384565423249787,100.78432242153727,87.31970836143843,100.78432242153727,87.31970836143843,108.18880924222219,84.69257311034737,109.51148121401154,85.18368056958332,0.947301204492563,14.0,-0.02521451434608024,1252.0,1206.0,1265.0,0.9897233201581027,0.9533596837944665,0.0,0.5,-1.8722083612316611,64,239,67.69904253111343
51,Kansas,B12,22-14,106.78105809500333,42,86.69562720749207,70,0.9165475327109369,51,22.0,14.0,8.0,10.0,8-10,0.7285087737501142,0.4852958854658791,0.869203094682496,0.7285087737501142,0.4852958854658791,0.869203094682496,0.5893502323099733,0.7766981677609319,101.48182075153643,87.67309103590718,101.48182075153643,87.67309103590718,112.45014443224876,90.21962730992345,108.52280406384736,86.7291715870595,0.9294292795684387,14.0,-0.006527913165131238,1297.0,1263.0,1258.5800000000002,1.030526466335076,1.0035118943571326,0.0,0.4444444444444444,-1.2305512700280956,57,194,68.267172411119
52,South Dakota St.,Sum,27-7,107.29790470130929,39,87.12014061251908,76,0.9164981940725038,52,27.0,7.0,14.0,2.0,14-2,0.53751094056645,0.7219107219115211,0.3423116579380394,0.53751094056645,0.7219107219115211,0.3423116579380394,0.7376797799162207,0.5795555194559203,96.86316883193066,92.82155201576329,96.86316883193066,92.82155201576329,108.45488028239255,88.94922277037433,99.45264865259742,90.06852449480046,0.7576383358128616,5.0,0.03609262097886756,1285.0,885.0,1082.46,1.1871108401234225,0.8175821739371432,0.0,0.875,0.7862915777308568,44,84,67.93514193193869
53,Harvard,Ivy,20-12,98.05352643072027,95,80.41239646157815,26,0.9072886242775584,53,20.0,12.0,10.0,4.0,10-4,0.6053322149197011,0.6125039879090448,0.5352424421106864,0.6053322149197011,0.6125039879090448,0.5352424421106864,0.7023074615234824,0.6925063540000538,97.01726438641616,90.57601611255178,97.01726438641616,90.57601611255178,99.56662160542614,81.74662106910844,101.09479637888751,84.80575884430297,0.8829321666936073,8.0,-0.08920629780843192,934.0,743.0,925.72,1.0089443892321652,0.8026185023549237,0.0,0.7142857142857143,-3.624917501779854,87,348,67.07175213130587
54,Kansas St.,B12,19-18,105.5013616769854,50,86.75237872197253,71,0.9046642699079858,54,19.0,18.0,8.0,10.0,8-10,0.8121807561965717,0.7228205055438539,0.8459818412255354,0.8121807561965717,0.7228205055438539,0.8459818412255354,0.5165582391674656,0.6124662824593351,103.1403209172648,86.23994002770765,103.1403209172648,86.23994002770765,104.4982626383334,86.88216421204068,109.0172816147898,86.36042379702569,0.9357901358643922,16.0,-0.010203227504197776,1227.0,1237.0,1279.5,0.958968347010551,0.9667838999609223,0.0,0.4444444444444444,-2.1536974375781424,67,200,69.82191227375097
55,Texas A&M,SEC,14-13,100.76572725291058,79,83.1452743971652,41,0.9011797829047536,55,14.0,13.0,7.0,9.0,7-9,0.7825997056738417,0.5079649868111082,0.938978414022897,0.7825997056738417,0.5079649868111082,0.938978414022897,0.44112280150442057,0.708289804037859,104.35584597268837,84.41050708741729,104.35584597268837,84.41050708741729,102.81088103484487,82.08765987932041,100.7965634424438,79.377368142389,0.9397576348431314,16.0,0.07714849201474722,1006.0,1168.0,1156.3999999999999,0.8699411968177102,1.0100311310965064,0.0,0.4375,1.6776016264599485,38,22,69.67288524526644
56,BYU,B12,26-12,102.56631166428275,70,84.66702081433667,50,0.9007431106350965,56,26.0,12.0,9.0,9.0,9-9,0.7118380621276217,0.42879564983204116,0.8743288893191266,0.7118380621276217,0.42879564983204116,0.8743288893191266,0.5901625917045673,0.8150088515313955,99.75156758845633,87.6487452240275,99.75156758845633,87.6487452240275,103.78809144088734,86.66704398469591,99.83810732036694,84.63039931717694,0.869942309725628,15.0,0.09399492982567892,1212.0,1252.0,1293.2799999999997,0.9371520475071139,0.9680811579858966,0.0,0.5,0.7321227279933382,45,14,71.09410895229429
57,Fairfield,MAAC,28-5,104.05521467090217,60,86.14589999252618,62,0.8977170492897113,57,28.0,5.0,19.0,1.0,19-1,0.35715967815398864,0.6757173309870853,0.17409812746593234,0.35715967815398864,0.6757173309870853,0.17409812746593234,0.8129567820753092,0.5517776401841403,89.19457832196414,94.96458877615926,89.19457832196414,94.96458877615926,102.15117802127176,88.56202209047983,120.64412794457266,86.66954132991145,0.97819436600361,5.0,0.03588290394972404,1533.0,1021.0,1372.1200000000003,1.1172492201848232,0.7441040142261608,0.0,0.95,0.5496022015012756,46,86,68.75851198409563
58,Rhode Island,A10,28-5,103.06738451339395,68,86.21748304469921,63,0.8862368099219101,58,28.0,5.0,16.0,2.0,16-2,0.5245746849504316,0.465405729491556,0.5115302509669771,0.5245746849504316,0.465405729491556,0.5115302509669771,0.7851736189838396,0.8030423437509939,93.66078308192075,90.65672960073297,93.66078308192075,90.65672960073297,103.40882398925926,85.95518023705108,98.93186065038485,87.4987906679421,0.8041242382201241,3.0,0.07823727845083439,1216.0,974.0,1171.06,1.0383754888733285,0.8317251037521562,0.0,0.8888888888888888,0.9404839704258304,43,21,65.06469081369116
59,Utah,B12,19-13,103.11734793640349,67,86.26081953561965,64,0.8862160912206615,59,19.0,13.0,10.0,8.0,10-8,0.7267654582581751,0.5190928899308751,0.8580833958826045,0.7267654582581751,0.5190928899308751,0.8580833958826045,0.5739847359341337,0.7205912478953151,101.20162266434365,86.51163682605096,101.20162266434365,86.51163682605096,105.48288814574322,86.62608391728855,102.51187125449266,85.195526603785,0.8935799045860293,13.0,0.0414810591185194,1205.0,1236.0,1270.68,0.9483111404917052,0.9727075266786287,0.0,0.5555555555555556,-0.4475143792933216,53,69,68.57390043405726
60,Georgia Tech,ACC,14-19,95.5995221849135,125,80.10080296651628,22,0.884335458342989,60,14.0,19.0,8.0,10.0,8-10,0.7433644413214545,0.5923494293678789,0.8222091683984336,0.7433644413214545,0.5923494293678789,0.8222091683984336,0.5389434084524267,0.6648107287116393,102.02973372629145,87.49135368651835,102.02973372629145,87.49135368651835,95.53635301498934,79.82955993224415,92.87614238806223,83.26143852300372,0.7784635041268548,14.0,-0.09056123745921546,1164.0,1209.0,1326.1999999999998,0.8776956718443675,0.911627205549691,0.0,0.4444444444444444,-5.2349416141472505,105,349,71.53067278629617
61,Seton Hall,BE,19-13,101.28961108831064,76,85.12076300761277,53,0.8807968572221065,61,19.0,13.0,12.0,8.0,12-8,0.7187371324669636,0.5815574650003887,0.7631230676096,0.7187371324669636,0.5815574650003887,0.7631230676096,0.6342130431325428,0.6944919833490785,99.873703330262,87.24356003384854,99.873703330262,87.24356003384854,103.52959188959326,85.51638105302905,96.52493456953228,83.08701407778322,0.8486431964101416,8.0,-0.012098418532251909,1328.0,1293.0,1390.0600000000002,0.9553544451318647,0.9301756758701062,0.0,0.6,-2.2441673269490714,69,204,69.30766807658917
62,Miami FL,ACC,18-15,102.41673515740706,71,86.36477750506158,65,0.8765770293539564,62,18.0,15.0,8.0,10.0,8-10,0.7141118920209654,0.4917194569402971,0.813154262142608,0.7141118920209654,0.4917194569402971,0.813154262142608,0.5635039259594735,0.7226095987691609,101.49847310964928,88.0088531754691,101.49847310964928,88.0088531754691,101.38392143834115,88.17580110116266,105.3443610399311,85.83017107474087,0.9134049191459565,13.0,0.015325878568346663,1204.0,1259.0,1284.2199999999998,0.9375340673716342,0.9803616202831292,0.0,0.4444444444444444,-1.6785547344408156,60,135,69.35884312491291
63,Marquette,BE,18-12,103.00643114765307,69,86.95790275969773,73,0.8751982488055237,63,18.0,12.0,12.0,8.0,12-8,0.6791554144079832,0.47315038728608144,0.7636881654020684,0.6791554144079832,0.47315038728608144,0.7636881654020684,0.6489651327537346,0.7279144136342461,100.1045882658056,88.06525708222611,100.1045882658056,88.06525708222611,107.42937870872201,87.90015062687816,106.29524881688383,87.98707030150489,0.897876824095968,6.0,-0.014570829209407554,1330.0,1293.0,1353.4399999999998,0.9826811679867598,0.9553434212081807,0.0,0.6,-3.031906724051754,82,216,67.18727359963091
64,Gonzaga,WCC,24-10,105.87458954231481,48,89.8800855768599,115,0.8680077096392177,64,24.0,10.0,14.0,4.0,14-4,0.613746991390453,0.7007330552737212,0.5114157203105916,0.613746991390453,0.7007330552737212,0.5114157203105916,0.763943280861516,0.6957807208173522,96.42378203663102,91.12950574707811,96.42378203663102,91.12950574707811,107.40210454376736,91.75864548350502,104.73080925327108,92.53332226724166,0.8059618999214905,2.0,-0.012638577629653813,1394.0,1155.0,1274.1200000000001,1.0940884689040278,0.9065080212224907,0.0,0.7777777777777778,-3.558638058019845,85,205,68.62503459358496
65,George Mason,A10,23-10,99.4554731645942,87,84.44833183083392,48,0.8677324548084315,65,23.0,10.0,16.0,2.0,16-2,0.5964111989367403,0.6435876414109643,0.5308026907341882,0.5964111989367403,0.6435876414109643,0.5308026907341882,0.7413847724146698,0.6505851836661267,96.61141059912326,91.25719920489526,96.61141059912326,91.25719920489526,100.55555084568196,83.68574280321556,101.88482167695216,77.69539777136326,0.957590179101017,5.0,-0.0031073505950512947,1168.0,990.0,1175.2600000000002,0.9938226435001615,0.8423667954324999,0.0,0.8888888888888888,-2.1759190421133763,68,184,68.16162185306666
66,Colorado St.,MWC,27-8,100.22921488462872,84,85.53759984250536,57,0.8609008300337293,66,27.0,8.0,15.0,5.0,15-5,0.5046184419676848,0.4539144387585328,0.49553176387818904,0.5046184419676848,0.4539144387585328,0.49553176387818904,0.8112244876308949,0.7991311154438521,93.24057064644035,92.33125248001298,93.24057064644035,92.33125248001298,100.35362359808286,87.64510247258117,109.58446720325605,84.35105815783857,0.9530079726632081,2.0,0.003150900608950513,1303.0,1118.0,1306.12,0.9976112455210855,0.8559703549444156,0.0,0.75,-2.672101881127158,76,166,64.87033016315705
67,Wisconsin,B10,16-18,104.97465204406717,53,90.01957353009502,118,0.8541409506659419,67,16.0,18.0,5.0,13.0,5-13,0.7734915803121789,0.46832005660920345,0.922805301618185,0.7734915803121789,0.46832005660920345,0.922805301618185,0.475530197779194,0.7739450590482192,105.18625917004236,86.6991722180038,105.18625917004236,86.6991722180038,106.99012183308861,91.86360360746927,104.8394479856764,89.49316358186319,0.8605757940815733,17.0,0.05241500190171633,1188.0,1415.0,1268.04,0.9368789628087443,1.1158953976215262,0.0,0.2777777777777778,-2.6827769463686177,77,47,68.14982952328596
68,Montana St.,BSky,27-8,96.45524558550392,118,82.86041245831962,39,0.8515866114778494,68,27.0,8.0,16.0,2.0,16-2,0.46886053444142417,0.6028640938809581,0.3722577338612808,0.46886053444142417,0.6028640938809581,0.3722577338612808,0.8300903445109679,0.6754694272406192,93.13509477998547,92.97089886516927,93.13509477998547,92.97089886516927,98.01465636950297,82.02366526625205,88.93683267020239,81.55874095407694,0.7302581941127572,2.0,-0.01285781192872082,1357.0,1065.0,1362.92,0.9956563848208259,0.7814105009831831,0.0,0.8888888888888888,-2.6965445113004813,78,208,72.36541454857357
69,North Dakota St.,Sum,29-5,107.23566227451639,40,92.22463114397138,169,0.8499512339926989,69,29.0,5.0,15.0,1.0,15-1,0.3988993282435879,0.41508047959210387,0.35071362006958556,0.3988993282435879,0.41508047959210387,0.35071362006958556,0.8486501758372729,0.8435262480549086,92.00393007310882,95.03633375267064,92.00393007310882,95.03633375267064,110.67393338664432,91.22184819703143,104.2171801907554,95.83937692080583,0.7238697176819371,3.0,0.046346985042275635,1302.0,937.0,1087.1799999999998,1.1975937747199177,0.8618628010081129,0.0,0.9375,-0.4220084580721103,52,59,67.7810588725633
70,San Diego St.,MWC,27-6,103.17768539630276,66,89.06726450471018,103,0.8443817070493154,70,27.0,6.0,19.0,1.0,19-1,0.5138013329995332,0.47954258123656984,0.4937509442325075,0.5138013329995332,0.47954258123656984,0.4937509442325075,0.8084613048565773,0.7475630241872216,94.1012083052925,91.38153584487398,94.1012083052925,91.38153584487398,105.40736975155252,88.03829549535399,109.32166583173262,85.58615176661282,0.9434739806589959,3.0,0.06736834018793258,1420.0,1167.0,1351.6999999999998,1.05052896352741,0.8633572538285124,0.0,0.95,-0.798423996308142,54,31,67.02963990063883
71,Creighton,BE,16-15,104.39165072108133,57,90.22424694247735,122,0.8425456386229252,71,16.0,15.0,11.0,9.0,11-9,0.7247147042852327,0.5835474735152275,0.7669766996140888,0.7247147042852327,0.5835474735152275,0.7669766996140888,0.6240190837385942,0.7344214256179924,100.82850873284119,86.80410342308244,100.82850873284119,86.80410342308244,106.11208165422583,91.8382263847082,101.19196043088364,90.63244263877782,0.7802941524810936,6.0,-0.02954160087071389,1351.0,1380.0,1393.64,0.9694038632645445,0.9902126804626732,0.0,0.55,-5.04022317434962,101,251,68.78102946029365
72,South Florida,Amer,20-12,101.91175627436385,73,88.30403888028673,93,0.8386471882509435,72,20.0,12.0,13.0,5.0,13-5,0.6036850721245158,0.6944232514147812,0.534987715274248,0.6036850721245158,0.6944232514147812,0.534987715274248,0.692750146900477,0.4663819914011128,97.34145993657232,88.15945685071442,97.34145993657232,88.15945685071442,101.17169593677356,87.1426085150318,104.45381636838881,87.04223301821072,0.8906154663374984,6.0,-0.009283148932090368,1303.0,1115.0,1312.5600000000004,0.9927165234351188,0.8494849759249098,0.0,0.7222222222222222,-3.343841056050966,83,199,69.86587253979121
73,Penn St.,B10,11-18,108.83102329324467,36,94.68332971483437,217,0.832224093073489,73,11.0,18.0,4.0,14.0,4-14,0.7921594966841442,0.6128524399345988,0.9017360313644223,0.7921594966841442,0.6128524399345988,0.9017360313644223,0.45298634873245974,0.6710112244550157,105.88405923198341,85.47396641347862,105.88405923198341,85.47396641347862,111.51304955362758,97.4301605804205,110.01951833588812,96.09779079485442,0.8257573097035215,16.0,0.0033928323679620065,1309.0,1577.0,1342.52,0.975032029317999,1.1746566159163365,0.0,0.2222222222222222,-3.705524078604739,88,165,74.97158611874376
74,Miami OH,MAC,28-7,97.33887825987983,104,84.76471192733133,51,0.8307103896849218,74,28.0,7.0,16.0,2.0,16-2,0.4664055892854793,0.4320719309687426,0.45155820021560167,0.4664055892854793,0.4320719309687426,0.45155820021560167,0.8329437728525804,0.8171190925639762,93.83867434994801,94.25927687534532,93.83867434994801,94.25927687534532,97.7278116909224,84.09616214957173,94.64545597962443,92.73222605716444,0.5584443474067642,2.0,0.0308912022223774,1252.0,1037.0,1250.1600000000003,1.0014718116081138,0.8294938247904267,0.0,0.8888888888888888,-2.3130864453711357,71,92,68.32868082563505
75,Purdue,B10,13-17,103.92063537425312,62,91.09729148265865,143,0.8197335418628233,75,13.0,17.0,5.0,13.0,5-13,0.7493990136001043,0.45189479253570847,0.9188724876153468,0.7493990136001043,0.45189479253570847,0.9188724876153468,0.49828620608260965,0.829360454926301,104.5885985168412,86.96514741425334,104.5885985168412,86.96514741425334,102.98983404923688,92.38227705157844,99.41508814229074,94.14037018341429,0.6517963484736099,15.0,0.016411909159987415,1190.0,1440.0,1295.26,0.9187344625789416,1.1117459042972067,0.0,0.2777777777777778,-3.363723122325278,84,132,69.03007820610586
76,Georgia Southern,SB,23-8,101.57596060633784,74,89.12549521981677,105,0.8181341261806524,76,23.0,8.0,16.0,2.0,16-2,0.5348884921485773,0.4267629201913238,0.558448630518011,0.5348884921485773,0.4267629201913238,0.558448630518011,0.778555210805694,0.7952809485504939,95.51214319188709,92.10339971579715,95.51214319188709,92.10339971579715,103.49441771808087,85.64372064048237,108.2109623675621,97.44818187387918,0.7693708236852543,4.0,0.04756498070292381,1259.0,1074.0,1226.68,1.0263475397006554,0.875533961587374,0.0,0.8888888888888888,-1.9769449536863932,65,57,66.383338559987
77,Missouri,SEC,17-17,106.09568113614495,47,93.29253839302119,186,0.8144084760063464,77,17.0,17.0,4.0,12.0,4-12,0.7589982068116827,0.5439248970564593,0.9281912730158998,0.7589982068116827,0.5439248970564593,0.9281912730158998,0.5252307717171208,0.8137056327006557,103.93239811405351,86.1369990800025,103.93239811405351,86.1369990800025,110.54823080376606,94.53492299141793,106.77684465084683,92.63315236435686,0.8367279252743905,14.0,0.07026754193128232,1117.0,1366.0,1185.5,0.9422184732180514,1.1522564318852804,0.0,0.25,-2.5539784960969727,74,28,71.3047383364802
78,Georgetown,BE,14-17,97.3996927830898,103,85.73208634006515,61,0.8126546951197037,78,14.0,17.0,6.0,14.0,6-14,0.670011756414394,0.40744737175059725,0.7699769203405655,0.670011756414394,0.40744737175059725,0.7699769203405655,0.6457247017566513,0.7938399204788639,99.29621044204482,87.70782935970978,99.29621044204482,87.70782935970978,96.45593919871922,86.17231420752,98.03763625722068,84.51827168190314,0.8463704030041193,6.0,-0.09629515664027194,1170.0,1284.0,1345.9599999999998,0.8692680317394278,0.953965942524295,0.0,0.3,-7.539158943597784,134,353,67.01991516967317
79,Rice,Amer,29-6,98.31518706574496,93,86.64628142520327,68,0.8104536762237841,79,29.0,6.0,17.0,1.0,17-1,0.5357536292585634,0.43732391979321233,0.5542964921381391,0.5357536292585634,0.43732391979321233,0.5542964921381391,0.8181135734125026,0.8334138149576937,93.09771417075268,91.68265344774751,93.09771417075268,91.68265344774751,102.61517201253739,87.68270704051578,90.50402279915112,82.13120794451966,0.7533160140144054,3.0,0.10732027325485705,1317.0,1102.0,1292.1600000000003,1.0192236255572062,0.8528355621594846,0.0,0.9444444444444444,-0.8650887294482437,55,9,69.33057049723634
80,Troy,SB,25-8,100.45606402446475,81,88.62663792265347,97,0.8085803482837032,80,25.0,8.0,15.0,3.0,15-3,0.5125737738330074,0.5005054594764664,0.45921262396691515,0.5125737738330074,0.5005054594764664,0.45921262396691515,0.7941330196177906,0.754211969005468,94.07663662491946,93.03988380066906,94.07663662491946,93.03988380066906,100.3842598225143,89.51235801498323,88.60826142575185,82.28379168287722,0.700899722855048,4.0,0.055453356400150144,1450.0,1252.0,1422.1999999999996,1.0195471804246945,0.8803262550977362,0.0,0.8333333333333334,-2.2442169846922972,70,42,76.73830779817864
81,Davidson,A10,21-12,96.66314990014423,114,85.32682411436187,56,0.8076090936466552,81,21.0,12.0,12.0,6.0,12-6,0.5557332176392313,0.5830424980656451,0.5060466192912503,0.5557332176392313,0.5830424980656451,0.5060466192912503,0.7707329185110897,0.7317568878932845,94.43319122345657,91.10619140386935,94.43319122345657,91.10619140386935,94.48076396829094,85.334673584757,102.0094261411047,84.86051092712432,0.8925107924385756,4.0,-0.03436655789825682,1132.0,1026.0,1205.98,0.9386556990994875,0.8507603774523623,0.0,0.6666666666666666,-5.951534798254253,115,270,66.3392289259132
82,Ball St.,MAC,26-7,102.01089204674557,72,90.10857491653954,119,0.8063927061574412,82,26.0,7.0,16.0,2.0,16-2,0.4584578258953996,0.5356572372173829,0.39771693683853643,0.4584578258953996,0.5356572372173829,0.39771693683853643,0.8412843240890769,0.7587014334559867,92.7496562029432,93.2125433862233,92.7496562029432,93.2125433862233,105.14943022393696,93.71420397791007,91.71779432276597,91.18446073092312,0.5167604706250404,2.0,0.028360024373389914,1466.0,1199.0,1344.64,1.0902546406473108,0.8916884816753926,0.0,0.8888888888888888,-2.8974716770381197,80,99,73.73367522214556
83,UNLV,MWC,21-11,104.03472804620233,61,91.94682371112998,156,0.8054034892330406,83,21.0,11.0,15.0,5.0,15-5,0.5816147925451107,0.7184680077079802,0.5017295440283036,0.5816147925451107,0.7184680077079802,0.5017295440283036,0.7831365393639259,0.6675444399400128,93.73843765164281,90.15457772134876,93.73843765164281,90.15457772134876,105.8259109922529,93.55355335286698,96.25074635159991,79.57044709842856,0.8992220725754695,2.0,-0.013094015867433195,1420.0,1236.0,1358.42,1.045332076971776,0.9098805965754332,0.0,0.75,-5.692600651701921,110,209,67.9654604529283
84,Quinnipiac,MAAC,27-7,98.91217908601493,89,87.61138095071232,82,0.801420598921286,84,27.0,7.0,19.0,1.0,19-1,0.3109088227841394,0.39559371720517866,0.19704693231499487,0.3109088227841394,0.39559371720517866,0.19704693231499487,0.8853345673934436,0.9121728104060727,87.36824403079625,96.15877513528037,87.36824403079625,96.15877513528037,101.38178289610524,88.02614408615575,110.34226471591501,97.62009526094937,0.8035753659123028,1.0,-0.03365700468139621,1391.0,983.0,1303.48,1.0671433393684597,0.7541350845429159,0.0,0.95,-4.014761362225232,92,267,64.61446949616247
85,Oregon St.,WCC,23-12,99.74355259987165,86,88.60356206691097,96,0.7960762965152469,85,23.0,12.0,13.0,5.0,13-5,0.5740774267486927,0.5828213293148137,0.5259288062203421,0.5740774267486927,0.5828213293148137,0.5259288062203421,0.7599150287422377,0.6569277895995499,96.82053958381529,91.28977369001188,96.82053958381529,91.28977369001188,100.06490932578622,88.02591739599346,109.88738690796166,96.1952190475333,0.8220617476351926,4.0,0.013858938691266198,1234.0,1079.0,1226.5,1.006114961271912,0.8797390949857318,0.0,0.7222222222222222,-4.405863754998437,99,137,65.43657548064047
86,Green Bay,Horz,25-9,98.31891001741033,92,87.42325440668424,79,0.7942494758173191,86,25.0,9.0,17.0,3.0,17-3,0.4375809018535475,0.6064791085145682,0.33053311439990246,0.4375809018535475,0.6064791085145682,0.33053311439990246,0.8120913782521372,0.6186499968131672,93.31549370871458,94.08690624607844,93.31549370871458,94.08690624607844,98.33297341177743,88.80268263705192,110.80037641512808,91.09025288559455,0.9048756644469753,4.0,0.0013219613063846225,1404.0,1171.0,1360.7799999999997,1.0317611957847708,0.8605358691338792,0.0,0.85,-3.6124534344648085,86,169,67.51654572490465
87,Auburn,SEC,15-17,92.42674663350363,175,82.30044458700198,36,0.7915772107439946,87,15.0,17.0,3.0,13.0,3-13,0.7403340099807438,0.46995140479101727,0.9517379461287947,0.7403340099807438,0.46995140479101727,0.9517379461287947,0.47977787887720863,0.7692360323298474,103.10741930300154,86.25720747299894,103.10741930300154,86.25720747299894,91.65932367146662,83.70558081834422,91.554447260415,80.88006570908111,0.8062170517943787,17.0,0.09181204951128158,857.0,1138.0,1098.8,0.779941754641427,1.0356752821259556,0.0,0.1875,-2.0980808218795657,66,17,66.56139664699101
88,Vermont,AE,27-8,97.6645129151378,99,86.98139006220077,74,0.7912054501622887,88,27.0,8.0,13.0,3.0,13-3,0.3852029090127882,0.3855725526773271,0.34723081521689814,0.3852029090127882,0.3855725526773271,0.34723081521689814,0.8699091650060661,0.842594004351125,90.9834134678465,94.58260456814618,90.9834134678465,94.58260456814618,99.46675149542676,87.71131746604313,93.23841557138962,86.04439245138116,0.7157362779906649,2.0,-0.02448176792836254,1018.0,799.0,978.4600000000002,1.0404104408969195,0.8165893342599594,0.0,0.8125,-4.270868013831741,95,238,62.78059953208252
89,Louisiana Tech,CUSA,26-7,101.21099672504552,77,90.32088526595803,124,0.7873700431790083,89,26.0,7.0,17.0,1.0,17-1,0.4079833059932033,0.4419266331519433,0.349381118112452,0.4079833059932033,0.4419266331519433,0.349381118112452,0.85855659999857,0.7690946050701579,91.18589908110769,92.74046788079846,91.18589908110769,92.74046788079846,104.34133316083931,91.64376647738916,92.61189152545025,85.31827663096803,0.7197721853519026,2.0,0.010418354438134214,1310.0,1039.0,1222.1599999999999,1.0718727498854488,0.8501341886496041,0.0,0.9444444444444444,-2.608742814824391,75,149,66.69386711327293
90,McNeese St.,Slnd,29-6,93.94549214642225,151,83.95440625704734,44,0.7846663747531739,90,29.0,6.0,21.0,1.0,21-1,0.33613952363943445,0.5110619539731895,0.20785844585691632,0.33613952363943445,0.5110619539731895,0.20785844585691632,0.8593218955579661,0.6827062310729726,90.14206867738093,95.85955295288538,90.14206867738093,95.85955295288538,94.7597659316109,84.49903317944764,95.10939792970838,86.53324774806168,0.7477672340827135,3.0,0.03078702019300328,1536.0,1140.0,1511.5200000000002,1.0161956176563987,0.7542076849793584,0.0,0.9545454545454546,-1.8521215102924684,63,93,66.68849728952101
91,Arkansas St.,SB,27-10,95.28835264844179,130,85.5803726392567,58,0.7748135391908063,91,27.0,10.0,14.0,4.0,14-4,0.4843460657476347,0.44018382459498034,0.49085117849621734,0.4843460657476347,0.44018382459498034,0.49085117849621734,0.8549989886844049,0.8651762492769942,93.48200970799293,93.57903133750811,93.48200970799293,93.57903133750811,95.24444019846591,82.92305366561894,102.94629185377977,82.90936620914654,0.9233870827161131,1.0,-0.0029295361643751905,1387.0,1156.0,1416.9399999999994,0.9788699592078709,0.8158425903707994,0.0,0.7777777777777778,-5.312888659739473,106,183,75.4704905837627
92,Santa Clara,WCC,24-10,103.4327478817637,64,92.93601309512262,180,0.7739269952746175,92,24.0,10.0,13.0,5.0,13-5,0.5375926713742634,0.553214882019483,0.48454638472058825,0.5375926713742634,0.553214882019483,0.48454638472058825,0.7980032196913246,0.7571409350412246,94.25751637355876,91.51078208954259,94.25751637355876,91.51078208954259,102.35342385511527,95.84832335094576,97.88196879918357,87.60508848264848,0.7817028702214015,2.0,0.04352695869599976,1445.0,1297.0,1381.2800000000002,1.0461311247538514,0.9389841306614154,0.0,0.7222222222222222,-4.3686236260969045,97,63,74.72088486432544
93,Saint Joseph's,A10,20-11,99.37990858536749,88,89.7048619725021,111,0.7645677500731434,93,20.0,11.0,10.0,8.0,10-8,0.5343770123114576,0.4892940478476397,0.5603266509511503,0.5343770123114576,0.4892940478476397,0.5603266509511503,0.7862470345577529,0.7643338781588913,94.61305254937407,90.96970638122168,94.61305254937407,90.96970638122168,95.58079515925859,89.62517296744397,115.26442010772922,78.97891772245275,0.9872267950237036,2.0,-0.006147392131376828,1110.0,1067.0,1190.88,0.9320838371624344,0.8959760849119978,0.0,0.5555555555555556,-5.726603463697601,112,192,66.07913843601645
94,Idaho,BSky,29-6,96.75057385781417,111,87.36488660825304,78,0.7637757010503605,94,29.0,6.0,17.0,1.0,17-1,0.36913297916197785,0.27654086810791323,0.3820322118241555,0.36913297916197785,0.27654086810791323,0.3820322118241555,0.8744019762782511,0.911745831292643,90.97842592950461,94.51336528544537,90.97842592950461,94.51336528544537,96.18756908095379,85.70729728752175,93.78739937131715,86.92166900601694,0.7056326467617001,2.0,0.04194669123739736,1363.0,1143.0,1373.72,0.9921963718952916,0.8320472876568733,0.0,0.9444444444444444,-2.425849634011734,73,67,73.65788458358233
95,UC Irvine,BW,26-7,100.31791541276003,83,90.75013605486937,133,0.7600027773269258,95,26.0,7.0,17.0,3.0,17-3,0.3653686531869774,0.33804633178925275,0.3394156777056567,0.3653686531869774,0.33804633178925275,0.3394156777056567,0.9056161157286162,0.92226085529881,88.92259564116098,94.90554451780744,88.92259564116098,94.90554451780744,99.80939801215735,88.6956264250604,0.0,0.0,0.0,0.0,-0.01680838437306542,1419.0,1123.0,1353.5400000000002,1.048362072786914,0.8296762563352393,0.0,0.85,-4.184792164158722,94,219,66.38160683414274
96,St. John's,BE,22-12,96.68143897104565,113,87.70147347767616,85,0.7541837065304032,96,22.0,12.0,11.0,9.0,11-9,0.6625063261281624,0.4193930639579873,0.7758210692247547,0.6625063261281624,0.4193930639579873,0.7758210692247547,0.6540879057569794,0.7878419224010534,97.25196703503066,88.06482813234038,97.25196703503066,88.06482813234038,95.7589740362384,86.44728903960231,93.79208251344497,85.81940257165131,0.7352853595250531,7.0,0.1504462105111044,1173.0,1261.0,1335.66,0.8782175104442747,0.94410254106584,0.0,0.55,-1.8317993375669213,62,2,66.02101364231955
97,Massachusetts,MAC,23-7,96.93987755826629,108,87.9631839748649,87,0.7535219025120845,97,23.0,7.0,15.0,3.0,15-3,0.43583266233371504,0.4657718369338246,0.41092988717039247,0.43583266233371504,0.4657718369338246,0.41092988717039247,0.8665337690720545,0.8431902223481287,91.24040446112522,94.26840930724485,91.24040446112522,94.26840930724485,99.48006136996597,90.26393370993554,89.1620389557099,88.01914292714838,0.537022641589252,1.0,0.027249012446768694,1266.0,1118.0,1259.26,1.0053523497927355,0.8878230071629369,0.0,0.8333333333333334,-4.0448088185181055,93,104,68.70517161174791
98,North Texas,Amer,19-14,95.59330557737158,126,86.9111763166748,72,0.7493194181728795,98,19.0,14.0,11.0,7.0,11-7,0.5057288326607944,0.4601231427067542,0.5327043362381294,0.5057288326607944,0.4601231427067542,0.5327043362381294,0.8158566543853403,0.7684539379689337,93.9161461086861,91.8192457712676,93.9161461086861,91.8192457712676,96.91127158051307,86.17551916070485,90.09225085710517,87.7427634337148,0.5753919091086116,3.0,-0.10062110836893479,1237.0,1101.0,1294.76,0.955389415799067,0.8503506441348203,0.0,0.6111111111111112,-9.19605381796769,163,356,70.52313214160613
99,Cincinnati,B12,11-20,103.5786282867952,63,94.26703277652119,208,0.7471168587834937,99,11.0,20.0,6.0,12.0,6-12,0.7356335145908491,0.5297375351066532,0.8635069033960595,0.7356335145908491,0.5297375351066532,0.8635069033960595,0.5823956087307706,0.8183436696836971,101.34419587874444,87.47296922035345,101.34419587874444,87.47296922035345,105.43700408877379,93.59556524041818,106.38379523389226,96.47110540963284,0.7548801763090139,11.0,-0.05674020828039911,1213.0,1367.0,1288.5800000000002,0.9413462881621629,1.0608576883080598,0.0,0.3333333333333333,-9.007185269841603,160,317,70.17898324856381
100,Florida St.,ACC,10-21,100.33888208921923,82,91.36525487666938,147,0.7460039490461937,100,10.0,21.0,5.0,13.0,5-13,0.7676843480213643,0.6718754611151302,0.82507632205207,0.7676843480213643,0.6718754611151302,0.82507632205207,0.5157413545508898,0.5863568465333086,102.67341039316968,86.40467976407153,102.67341039316968,86.40467976407153,97.78089337257482,91.32318818638272,100.38000810318307,92.52955944954753,0.7183924279471954,14.0,-0.03412573382293993,1212.0,1412.0,1366.2999999999997,0.8870672619483277,1.0334479982434315,0.0,0.2777777777777778,-7.717047335122014,139,269,74.10346679930366
101,Loyola Marymount,WCC,21-10,101.36966794569517,75,92.54333723581797,173,0.7403164556619396,101,21.0,10.0,15.0,3.0,15-3,0.46660961578850807,0.31968629321471065,0.5115113027558039,0.46660961578850807,0.31968629321471065,0.5115113027558039,0.8519834602646618,0.9304635181212914,92.47163247790681,93.13118779600107,92.47163247790681,93.13118779600107,105.14854654252798,91.95429542752674,113.42711218802796,97.67906463174569,0.8479924734316736,1.0,-0.03102048653111733,1346.0,1176.0,1280.1399999999999,1.051447497929914,0.9186495227084539,0.0,0.8333333333333334,-6.184103953210393,116,257,67.61729596054155
102,Murray St.,MVC,31-4,106.97564035435309,41,97.73115401298293,263,0.7387301287402313,102,31.0,4.0,19.0,1.0,19-1,0.42934382571828095,0.515627792767395,0.3698607755144672,0.42934382571828095,0.515627792767395,0.3698607755144672,0.8475096257629575,0.7637193478037947,93.82737630875647,95.69755146873452,93.82737630875647,95.69755146873452,106.83201799694618,98.97258223462306,97.92144952306398,96.44212937625929,0.5436532312007042,3.0,0.15790101172843463,1755.0,1455.0,1525.2000000000003,1.1506687647521634,0.9539732494099132,0.0,0.95,0.38894425335032745,47,1,73.49905310698959
103,Arkansas,SEC,12-20,98.06065407921233,94,89.81657337845829,113,0.7329989987157762,103,12.0,20.0,1.0,15.0,1-15,0.7051246620076717,0.4354272356780766,0.9402276212343089,0.7051246620076717,0.4354272356780766,0.9402276212343089,0.5340894684610493,0.8494167369816167,102.96801478288816,87.63325785472932,102.96801478288816,87.63325785472932,97.46150103744313,88.44934971486921,96.915039857984,87.69682128147281,0.7594039076362644,14.0,-0.03078572819413461,1012.0,1316.0,1209.92,0.8364189367892092,1.0876752181962444,0.0,0.0625,-6.439518063980559,120,254,74.14606008551907
104,Marshall,SB,28-9,100.45902433115666,80,92.12641471334555,163,0.7302250188525867,104,28.0,9.0,13.0,5.0,13-5,0.4959085717687721,0.3759289303319646,0.5661509443976699,0.4959085717687721,0.3759289303319646,0.5661509443976699,0.8203517661276247,0.8269888060041283,93.91877483942112,92.48189943994998,93.91877483942112,92.48189943994998,101.11734488220239,95.85547065900452,86.32353149986885,88.11120774673543,0.441341023160522,4.0,0.08973812102303491,1311.0,1242.0,1282.52,1.0222062813835262,0.9684059507843933,0.0,0.7222222222222222,-4.3726548522378454,98,19,67.19457002407684
105,Lindenwood,OVC,25-8,105.22062542611829,52,97.20270204590369,256,0.7133069188610472,105,25.0,8.0,16.0,4.0,16-4,0.3962224903073169,0.47050415181835237,0.32748492622685743,0.3962224903073169,0.47050415181835237,0.32748492622685743,0.8610156810622859,0.7494246717065374,91.84768593673904,94.45867546102478,91.84768593673904,94.45867546102478,105.18927608838047,96.64601701066043,110.7788483946596,105.63458195553801,0.6333988105931972,2.0,0.026158217010795237,1450.0,1199.0,1320.5400000000002,1.098035652081724,0.9079618943765428,0.0,0.8,-4.364013556662035,96,107,65.88894067818946
106,Western Illinois,OVC,26-6,100.02818525722577,85,92.68300215808847,177,0.7062145674131002,106,26.0,6.0,16.0,4.0,16-4,0.3332158230687226,0.23098968905281303,0.32818972739044466,0.3332158230687226,0.23098968905281303,0.32818972739044466,0.8813737947723309,0.8744818085512531,91.18366565122872,95.79136496170484,91.18366565122872,95.79136496170484,98.58826367970076,91.56323292901074,98.93076731059132,90.62601380260145,0.732688956861273,2.0,0.035791953462932846,1449.0,1191.0,1394.9399999999998,1.0387543550260228,0.8538001634478903,0.0,0.8,-2.7586113148256204,79,88,68.82974670262324
107,Butler,BE,12-19,95.50197800485338,128,88.55993514331192,95,0.7043033661608004,107,12.0,19.0,6.0,14.0,6-14,0.6786294342483183,0.46091625489245247,0.7807847608826132,0.6786294342483183,0.46091625489245247,0.7807847608826132,0.6526865826261568,0.7707098999716983,99.54730986989252,88.78406272951322,99.54730986989252,88.78406272951322,94.77537530527512,89.60082744377382,97.217029944461,87.42003388485743,0.7723355689181984,7.0,-0.06762577550392185,1153.0,1322.0,1342.1800000000003,0.8590502019103248,0.9849647588251946,0.0,0.3,-9.892371981933149,180,331,67.6310608885629
108,New Mexico,MWC,22-10,96.86160262030232,109,90.36022854022598,125,0.6897622556241171,108,22.0,10.0,14.0,6.0,14-6,0.46240114532288046,0.40823790497039325,0.4822058450078391,0.46240114532288046,0.40823790497039325,0.4822058450078391,0.8297351570802016,0.8084070947050536,91.67507096463822,93.29501352466707,91.67507096463822,93.29501352466707,99.07383334051177,93.48742576794999,95.8079870718172,93.67214378626636,0.564456784898808,2.0,0.027796829008650215,1303.0,1211.0,1325.52,0.9830104411853462,0.9136037177862273,0.0,0.7,-5.769179119595298,114,100,68.33869184290424
109,Penn,Ivy,17-10,96.24159599893576,119,90.1471058069568,120,0.6796832033026472,109,17.0,10.0,7.0,7.0,7-7,0.4708217305266257,0.3663920413542629,0.5677921561866767,0.4708217305266257,0.3663920413542629,0.5677921561866767,0.7830744395482527,0.8674881740362974,93.8589326564114,90.98823721525187,93.8589326564114,90.98823721525187,95.58888500999551,90.91358462459945,101.13323183503283,86.85410134547118,0.8520037745159071,5.0,-0.00042482342126137773,878.0,855.0,934.6599999999999,0.9393790255279997,0.9147711467271522,0.0,0.5,-5.06070904624765,102,177,66.24758961933064
110,Hawaii,BW,22-11,92.4738005478074,174,86.67367779404978,69,0.6780694766508074,110,22.0,11.0,14.0,6.0,14-6,0.4133567421740647,0.49340016708799983,0.3475636094964482,0.4133567421740647,0.49340016708799983,0.3475636094964482,0.8938297450792896,0.8682462229209266,91.64618138235076,94.88045186501674,91.64618138235076,94.88045186501674,92.12814292369393,85.70849758950047,0.0,0.0,0.0,0.0,-0.04859170868715812,1301.0,1090.0,1349.18,0.9642894202404423,0.8078981307164351,0.0,0.7,-8.462249582238135,148,305,66.12506006542115
111,Charleston,CAA,27-6,98.36756850216415,91,92.22828549118279,170,0.6772383990559764,111,27.0,6.0,16.0,2.0,16-2,0.30454055596908436,0.3662924355043619,0.23798223950830158,0.30454055596908436,0.3662924355043619,0.23798223950830158,0.8891416140565582,0.8306236273432706,88.36000782306591,94.78939956996801,88.36000782306591,94.78939956996801,97.77432606244348,93.8098749645606,94.80599740702944,85.95917033235094,0.755200337122288,2.0,0.036531407418428974,1306.0,1062.0,1250.98,1.0439815184895043,0.8489344354026443,0.0,0.8888888888888888,-2.958952324565063,81,82,69.82070074895744
112,Arizona,B12,12-18,96.68943096469229,112,90.74350915415982,132,0.6747772407170898,112,12.0,18.0,3.0,15.0,3-15,0.6656801337500532,0.30190841622459746,0.8736033743644803,0.6656801337500532,0.30190841622459746,0.8736033743644803,0.6246717136278422,0.9483264946159544,97.63646386865396,88.96894247439424,97.63646386865396,88.96894247439424,96.50274685464058,89.95540109238414,98.01466853858912,89.70132870895111,0.7348290147181628,10.0,-0.03458817514231449,1165.0,1353.0,1341.52,0.868417914007991,1.008557457212714,0.0,0.16666666666666666,-8.25937380577857,142,271,73.09516520061418
113,Abilene Christian,WAC,24-11,97.74697374671128,97,91.7823285428527,155,0.6735022516470242,113,24.0,11.0,13.0,5.0,13-5,0.38535342855431487,0.3283543418561497,0.40315429303525935,0.38535342855431487,0.3283543418561497,0.40315429303525935,0.8978222419659153,0.8742988203288615,91.31327201375646,93.97499319515342,91.31327201375646,93.97499319515342,98.64088699518526,92.16919766039894,103.09997185698393,90.57674719237153,0.8159684232719311,1.0,-0.04929683539363605,1243.0,1117.0,1256.8600000000001,0.9889725188167336,0.8887226898779497,0.0,0.7222222222222222,-7.529103761946116,133,306,67.25483866967049
114,Central Arkansas,ASun,21-11,93.72551669819353,155,88.00896051456829,88,0.673424820895086,114,21.0,11.0,13.0,5.0,13-5,0.3621670907897284,0.41512028398916856,0.32123133756733835,0.3621670907897284,0.41512028398916856,0.32123133756733835,0.8989794199345973,0.8479244947964446,89.63406764834613,95.85717535631778,89.63406764834613,95.85717535631778,93.09862091754906,88.39129990681766,0.0,0.0,0.0,0.0,-0.08419895495960983,1218.0,1010.0,1231.7,0.9888771616465047,0.8200048713160671,0.0,0.7222222222222222,-8.70932555042492,152,343,67.35397957195109
115,Belmont,MVC,20-12,96.6546659871031,115,90.87353972996439,134,0.6702397417362297,115,20.0,12.0,16.0,4.0,16-4,0.5073571601353338,0.770861123405781,0.3766650743772359,0.5073571601353338,0.770861123405781,0.3766650743772359,0.7666482732743741,0.48411618139671986,96.41401814953137,94.0276327461264,96.41401814953137,94.0276327461264,95.04983109050318,90.85264633750295,98.73246191763141,81.632989043624,0.8990827123748847,5.0,0.027057776422299118,1482.0,1289.0,1455.1999999999998,1.0184167124793844,0.8857888949972513,0.0,0.8,-5.577166754639974,107,106,69.06502523518697
116,Fairleigh Dickinson,NEC,30-5,96.19153891920335,120,90.54179119917242,128,0.6673210975346863,116,30.0,5.0,18.0,0.0,18-0,0.18285133512418555,0.3218659067976404,0.057160219866591304,0.18285133512418555,0.3218659067976404,0.057160219866591304,0.915361945564406,0.8565925593256541,84.91638476136893,101.28200482906293,84.91638476136893,101.28200482906293,95.46241685612881,91.03855110755653,91.95369531678574,91.6197110141633,0.5104597486331,2.0,-0.0019888474156530833,1259.0,866.0,1137.4,1.1069104976261648,0.761385616317918,0.0,1.0,-2.3377498065352835,72,182,63.29595414808166
117,Northwestern,B10,8-21,100.92164890198138,78,95.0685121882243,228,0.6653184848481783,117,8.0,21.0,2.0,16.0,2-16,0.7773287474716525,0.5310135555829943,0.9278546980702767,0.7773287474716525,0.5310135555829943,0.9278546980702767,0.48353970725103346,0.8180634607757234,105.42073619481758,86.46305991959423,105.42073619481758,86.46305991959423,101.79778116853353,93.69099466954555,103.88835350492676,95.90660423659536,0.7149060704953661,14.0,-0.027005234058237404,1152.0,1439.0,1272.9,0.9050200329955219,1.1304894335768716,0.0,0.1111111111111111,-7.501189437342466,132,245,69.14597053387693
118,Boise St.,MWC,25-9,97.69830915545899,98,92.14748739798145,166,0.6621027955072093,118,25.0,9.0,14.0,6.0,14-6,0.4462358270520366,0.4163668890383633,0.4722881976775161,0.4462358270520366,0.4163668890383633,0.4722881976775161,0.8539451565912584,0.8356346269261888,91.32988692905296,92.8830120130045,91.32988692905296,92.8830120130045,97.55094810445891,90.92425802184043,88.55938344538191,107.56047228868111,0.09661901559873577,1.0,0.06703172538298496,1368.0,1235.0,1399.18,0.9777155190897525,0.8826598436226932,0.0,0.7,-5.199542091253174,103,32,70.1131066222171
119,South Dakota,Sum,26-10,95.61372431255856,124,90.20007540313051,121,0.6615681422956661,119,26.0,10.0,12.0,4.0,12-4,0.37970716366237955,0.3030550494904878,0.3742045089099265,0.37970716366237955,0.3030550494904878,0.3742045089099265,0.8662076358213676,0.8969979252163667,91.91621179012844,95.86325316055772,91.91621179012844,95.86325316055772,93.2439092895963,91.6227891211495,91.58228319054766,91.45840095921449,0.5038915313213804,2.0,0.012403053514847162,1063.0,987.0,1095.1,0.9706876084375857,0.9012875536480688,0.0,0.75,-5.670927407632914,108,142,67.5776998211176
120,UTSA,Amer,18-16,89.52754757663945,220,84.48888984390102,49,0.6606411646565039,120,18.0,16.0,9.0,9.0,9-9,0.5855572264341414,0.5447840850796001,0.5585671624324108,0.5855572264341414,0.5447840850796001,0.5585671624324108,0.7560791314256275,0.6995845839809799,95.11069331441435,89.66218364638922,95.11069331441435,89.66218364638922,88.8724520595542,87.38183533447437,95.44515158150611,84.56305418536552,0.8009311719882056,4.0,0.0004629213947450195,1078.0,1080.0,1237.7199999999998,0.8709562744400997,0.8725721487897102,0.0,0.5,-9.241642167077737,164,173,66.45346063763016
121,Cal Baptist,WAC,23-11,97.07324264735604,105,91.65668978473684,152,0.6593236864043249,121,23.0,11.0,15.0,3.0,15-3,0.44233315824051694,0.4404973586392468,0.4054424408848538,0.44233315824051694,0.4404973586392468,0.4054424408848538,0.8531170643049735,0.8342771812910637,92.50180773900158,92.88685979979635,92.50180773900158,92.88685979979635,100.77512960281572,94.54799193560001,93.70734137901927,84.7654656486124,0.7601160200354423,2.0,0.004555647033429255,1369.0,1213.0,1343.0,1.0193596425912137,0.9032017870439315,0.0,0.8333333333333334,-7.011041289564179,123,162,72.99613645589402
122,Providence,BE,15-18,92.68215834341292,171,87.70050679627471,84,0.6537028246789952,122,15.0,18.0,7.0,13.0,7-13,0.6408956762316378,0.36192175650014863,0.7858038910752987,0.6408956762316378,0.36192175650014863,0.7858038910752987,0.6745355498037586,0.851527219781643,98.19918730365627,88.73663695039038,98.19918730365627,88.73663695039038,93.30789949948367,89.5025061710362,100.20093283493843,90.61739040166673,0.760625272728337,6.0,-0.004021454573453709,1186.0,1358.0,1389.06,0.8538148100154062,0.9776395548068478,0.0,0.35,-8.775399639899153,154,186,68.05474412290438
123,Brown,Ivy,16-11,90.34004699407205,206,85.62618987020083,60,0.6493722625705954,123,16.0,11.0,8.0,6.0,8-6,0.4776630287257577,0.32964804379052115,0.5720838158294478,0.4776630287257577,0.32964804379052115,0.5720838158294478,0.7854074259965147,0.9153794469905386,93.7174798917725,93.02027293495968,93.7174798917725,93.02027293495968,92.38747941070609,85.98082404359926,85.11639357445907,83.89658639377004,0.5414048136409001,5.0,-0.003484402947953713,846.0,822.0,936.2599999999999,0.903595155191934,0.8779612500801061,0.0,0.5714285714285714,-6.343024408885667,119,185,68.14549020437732
124,Southern Indiana,OVC,21-11,94.47675493339645,142,89.73429232688397,112,0.6438834181891271,124,21.0,11.0,14.0,6.0,14-6,0.35629363033092215,0.36122365361071973,0.33437117721397264,0.35629363033092215,0.36122365361071973,0.33437117721397264,0.8988459309483697,0.8487985378186825,91.89961046559502,95.57794740109311,91.89961046559502,95.57794740109311,93.1806421318585,89.30212057296586,77.0000913431012,88.23247371084776,0.1727963185854185,1.0,-0.07795886067589342,1353.0,1199.0,1393.3400000000001,0.9710479854163376,0.8605221984583805,0.0,0.7,-7.562883075331662,135,340,68.736622547741
125,UC San Diego,BW,24-9,95.00708416042252,136,90.48516448559934,127,0.6366385094624462,125,24.0,9.0,17.0,3.0,17-3,0.39368457955516856,0.382937405834349,0.35166844454423735,0.39368457955516856,0.382937405834349,0.35166844454423735,0.8611190397044336,0.8391069138307268,91.01125127215508,94.27867200492483,91.01125127215508,94.27867200492483,96.8227888525334,90.39655716625369,82.08197402521051,82.23424454869188,0.49467172124643805,2.0,0.03905243874419084,1443.0,1237.0,1445.4199999999998,0.9983257461499081,0.8558066167619102,0.0,0.85,-5.219565914995663,104,75,70.50581240184918
126,Eastern Kentucky,ASun,25-9,92.39624063817851,176,88.24237529137099,92,0.6292471620049047,126,25.0,9.0,15.0,3.0,15-3,0.35019698968034413,0.31201948177516725,0.3107724750394929,0.35019698968034413,0.31201948177516725,0.3107724750394929,0.8837156360955906,0.8736018845878705,89.38379687288973,96.38981649871597,89.38379687288973,96.38981649871597,96.15584373734475,89.99034100290733,72.31545820086293,79.42947473203165,0.25368328961091696,2.0,0.013007509384004745,1320.0,1037.0,1270.74,1.038764814202748,0.8160599335820073,0.0,0.8333333333333334,-5.679540405943917,109,139,70.36312516422154
127,Navy,Pat,22-9,94.95084368410889,137,90.68955311320734,130,0.6290275511084089,127,22.0,9.0,15.0,2.0,15-2,0.3106412604000624,0.3822374026826085,0.23862113725657452,0.3106412604000624,0.3822374026826085,0.23862113725657452,0.8856697406111922,0.8195635082150481,88.8825899170947,96.37277159717489,88.8825899170947,96.37277159717489,96.57716815898372,87.86332247333846,95.74934729941424,84.02031341388468,0.8179865005897771,3.0,-0.03971678533824141,1192.0,942.0,1164.48,1.0236328661720253,0.8089447650453421,0.0,0.8823529411764706,-5.766950602941996,113,278,70.28176250817954
128,Missouri St.,CUSA,23-13,91.70853572349779,184,87.62582441264044,83,0.6280140840580848,128,23.0,13.0,11.0,7.0,11-7,0.48272616706844546,0.5325792579461759,0.4013182360720637,0.48272616706844546,0.5325792579461759,0.4013182360720637,0.8527216574395152,0.8481419461606892,92.82933913606763,92.19351079474266,92.82933913606763,92.19351079474266,92.13678428688141,89.29908909219108,90.01840421834726,89.26089398676825,0.5242765613045374,1.0,0.022684830823230584,1183.0,1055.0,1247.3799999999999,0.9483878208725489,0.8457727396623324,0.0,0.6111111111111112,-8.930580709312935,157,120,70.037158169903
129,Wake Forest,ACC,14-18,95.50398348945477,127,91.30842647127976,146,0.626360845218638,129,14.0,18.0,4.0,14.0,4-14,0.5946998748686232,0.23391159110949655,0.8383165825503229,0.5946998748686232,0.23391159110949655,0.8383165825503229,0.6520288930059086,0.9538592711493502,96.47534862559927,90.39727332549433,96.47534862559927,90.39727332549433,99.17486609483383,90.9778010675932,98.41344715974695,91.88216961065874,0.6877691252437734,13.0,-0.02761742315888871,1153.0,1331.0,1279.88,0.9008657061599524,1.039941244491671,0.0,0.2222222222222222,-7.245214254577382,129,247,67.63829656189047
130,Portland,WCC,20-15,91.33268116651453,189,87.59419999274964,81,0.6178965707243227,130,20.0,15.0,11.0,7.0,11-7,0.5179363661217395,0.47404487647984433,0.5397343645147674,0.5179363661217395,0.47404487647984433,0.5397343645147674,0.7956800337700131,0.7587903165139239,94.72450090420853,92.28282848567144,94.72450090420853,92.28282848567144,90.03122137051221,86.15762209632196,85.6457148341311,84.75316521276164,0.5300824086376034,2.0,0.011400160617196398,1203.0,1158.0,1320.9399999999998,0.9107150968249884,0.8766484473178192,0.0,0.6111111111111112,-8.812777909140863,155,145,72.1610403664954
131,East Carolina,Amer,22-10,94.5210703937359,141,90.72559236554712,131,0.6156932687701726,131,22.0,10.0,14.0,4.0,14-4,0.45110739906367214,0.3748648106333298,0.49453072595268516,0.45110739906367214,0.3748648106333298,0.49453072595268516,0.8798508113049215,0.8983589957670663,90.66719483409122,93.08610937750434,90.66719483409122,93.08610937750434,96.64999584821986,89.06296542323169,100.53069779927368,98.65812859825141,0.5538475597014502,1.0,0.04926279168359482,1301.0,1174.0,1351.64,0.9625344026515935,0.8685744724926755,0.0,0.7777777777777778,-7.225438371393875,127,53,72.4529373928392
132,Liberty,CUSA,18-13,96.83616941933829,110,93.20154724920823,183,0.608246379115379,132,18.0,13.0,11.0,7.0,11-7,0.4455288198669778,0.565309711869573,0.3544420290259553,0.4455288198669778,0.565309711869573,0.3544420290259553,0.837555197564542,0.698922859110612,91.85177322680617,91.68380907882772,91.85177322680617,91.68380907882772,93.56142017217608,95.42075496868627,101.78778776765958,83.85351131898537,0.9028162790437823,2.0,-0.043149146497309165,1116.0,1064.0,1172.44,0.9518610760465354,0.9075091262665893,0.0,0.6111111111111112,-8.977301564253771,159,287,64.99429701363755
133,Army,Pat,26-8,95.75281263912453,123,92.19308990780384,167,0.607228095254042,133,26.0,8.0,14.0,4.0,14-4,0.3099935163167996,0.34231812986291815,0.24656006745852194,0.3099935163167996,0.34231812986291815,0.24656006745852194,0.9092442024538313,0.8623651221966906,88.33843592562266,96.48693059461245,88.33843592562266,96.48693059461245,94.38901855672543,91.55098085346688,92.24750383469775,91.18674385360161,0.5332024255142396,1.0,0.016883257478218283,1131.0,963.0,1132.5400000000002,0.9986402246278275,0.8503010931181237,0.0,0.7777777777777778,-4.979956336466796,100,130,65.09314577631575
134,Grand Canyon,MWC,13-19,91.41137991010268,188,88.17433336704462,90,0.6021955584303835,134,13.0,19.0,11.0,9.0,11-9,0.5803984215785766,0.7018644810650406,0.5271303950573363,0.5803984215785766,0.7018644810650406,0.5271303950573363,0.7587166838300924,0.6303104353551583,95.4287453507763,90.53178983471139,95.4287453507763,90.53178983471139,90.7325978083413,86.91105726159223,96.09960632644902,90.39199268576998,0.6691049401165857,3.0,-0.08551032357066424,1307.0,1225.0,1432.8400000000001,0.9121744228246,0.8549454230758493,0.0,0.55,-12.78276249153138,227,344,71.67404292674831
135,Temple,Amer,15-17,95.2405938612849,132,92.01710469588824,158,0.5977179268537403,135,15.0,17.0,8.0,10.0,8-10,0.5852472796634477,0.6163839639018516,0.5681022291534865,0.5852472796634477,0.6163839639018516,0.5681022291534865,0.7515939854585548,0.6150628356566957,94.6459240299033,89.86223292193836,94.6459240299033,89.86223292193836,94.12392934172472,94.22575540171437,96.72799257426277,93.70141316360255,0.5903905286696126,5.0,-0.019070678223011006,1191.0,1229.0,1303.98,0.9133575668338472,0.9424991180846332,0.0,0.4444444444444444,-10.47113391330292,192,224,71.37031292830422
136,Northern Iowa,MVC,18-14,93.39247870455856,158,90.4408581824093,126,0.5912943651598667,136,18.0,14.0,13.0,7.0,13-7,0.49818728746548624,0.699713534197017,0.38447774679501684,0.49818728746548624,0.699713534197017,0.38447774679501684,0.8159046626321748,0.6309469375361842,96.01677721991756,95.75925601853423,96.01677721991756,95.75925601853423,96.97687556746166,93.7911499092408,77.45968682800165,85.84382154221996,0.23471472454639652,2.0,0.003507025620287707,1468.0,1310.0,1416.8199999999997,1.0361231490238705,0.9246058073714376,0.0,0.65,-9.388430898501742,168,163,68.06363390452316
137,Pepperdine,WCC,21-13,97.03523482672256,106,93.98734834592045,202,0.5907364698471933,137,21.0,13.0,10.0,8.0,10-8,0.47231203955025847,0.4116086933099445,0.5028239691806762,0.47231203955025847,0.4116086933099445,0.5028239691806762,0.8489898535679965,0.8471620170914641,93.14688845248999,93.00528980700933,93.14688845248999,93.00528980700933,97.89895755847971,91.55749210369768,93.64449603850636,102.34207789487041,0.26475957748523377,1.0,0.02453465261222232,1261.0,1171.0,1275.1,0.9889420437612737,0.9183593443651479,0.0,0.5555555555555556,-8.356357951156719,145,110,69.62297716782726
138,Rutgers,B10,9-20,92.67146678545218,172,89.82623318131279,114,0.5887041455795864,138,9.0,20.0,1.0,17.0,1-17,0.735714171049998,0.4174416416640588,0.9302140501191835,0.735714171049998,0.4174416416640588,0.9302140501191835,0.5046788913138388,0.8313689331221871,103.83493705714822,87.67598208354777,103.83493705714822,87.67598208354777,91.68742795506486,89.84049623264461,88.4708298093586,88.71022578851772,0.4922315794741257,13.0,0.00963382563155013,993.0,1394.0,1251.04,0.7937396086456069,1.1142729249264611,0.0,0.05555555555555555,-7.10737177532893,124,151,67.50188975118331
139,Purdue Fort Wayne,Horz,21-14,93.65986158069968,156,90.91144427517165,135,0.584801093312777,139,21.0,14.0,12.0,8.0,12-8,0.40928607345803975,0.4744286186470176,0.35133265803643143,0.40928607345803975,0.4744286186470176,0.35133265803643143,0.8596747641827267,0.7604641423222118,92.32311330670383,94.7861906764196,92.32311330670383,94.7861906764196,94.28239115573413,92.76794524961892,86.49727686914432,85.01942127922798,0.5493839679485177,2.0,-0.04592100966992452,1443.0,1328.0,1466.6800000000003,0.9838546922300705,0.9054463141244169,0.0,0.6,-9.429923079422068,171,296,71.62796271811305
140,Old Dominion,SB,18-14,93.64251873112775,157,91.0183485845347,139,0.5809974458348948,140,18.0,14.0,9.0,9.0,9-9,0.5264970583730697,0.47668416412328557,0.5621794591238743,0.5264970583730697,0.47668416412328557,0.5621794591238743,0.7812041686056321,0.7531261830352484,94.80779403081407,92.17695299766936,94.80779403081407,92.17695299766936,95.75121070023378,93.48950130035007,84.30509345854091,91.20620825100626,0.28805938101256895,5.0,0.03592040694766108,1260.0,1314.0,1347.28,0.9352176236565525,0.975298378956119,0.0,0.5,-8.328165758623616,144,85,70.74637531138686
141,Ohio,MAC,18-14,95.20048203011143,133,92.56234328161591,174,0.5800990394537073,141,18.0,14.0,11.0,7.0,11-7,0.4535760999672895,0.4228383369827121,0.4494566571149001,0.4535760999672895,0.4228383369827121,0.4494566571149001,0.8605749065473995,0.8586329746496569,92.02458012454153,93.18830685182165,92.02458012454153,93.18830685182165,97.15549839229992,90.73665659649937,108.75512487246752,106.08343942350523,0.5710258258577929,1.0,-0.042600239961901654,1356.0,1260.0,1387.3400000000001,0.9774100076405207,0.9082128389580059,0.0,0.6111111111111112,-9.719955938730674,176,285,74.18717552080375
142,Central Michigan,MAC,18-12,96.62936378072244,116,93.96716982422708,199,0.5796356409481919,142,18.0,12.0,12.0,6.0,12-6,0.4749504385613801,0.5678675894138884,0.41232614632405845,0.4749504385613801,0.5678675894138884,0.41232614632405845,0.7931388254061421,0.6353131718494299,93.92262427328534,92.90273621507727,93.92262427328534,92.90273621507727,96.56054778545102,94.0582466754332,86.8045628148679,86.22827896958654,0.5191410194947603,3.0,0.028476885218559955,1288.0,1161.0,1286.7199999999998,1.0009947774185528,0.902294205421537,0.0,0.6666666666666666,-6.796010198676058,121,96,70.09272326129529
143,Northern Colorado,BSky,23-11,93.35917753964782,159,90.94175925377789,136,0.5748583309124391,143,23.0,11.0,13.0,5.0,13-5,0.38127251497987696,0.32489622476630664,0.4028513471251716,0.38127251497987696,0.32489622476630664,0.4028513471251716,0.8782353679154022,0.8756806515500297,90.89325921211976,94.08795602076255,90.89325921211976,94.08795602076255,94.39375094267994,88.78676937769441,95.6183677331736,94.2571097691859,0.5411305340733867,1.0,0.018543836092536847,1205.0,1084.0,1255.28,0.9599451915110573,0.8635523548531006,0.0,0.7222222222222222,-7.157149435637436,126,127,67.57535780564064
144,UC Santa Barbara,BW,20-10,94.27261882386493,144,92.04969726773584,160,0.568176436439147,144,20.0,10.0,12.0,8.0,12-8,0.36059339345594144,0.3746557574841041,0.3584364721802802,0.36059339345594144,0.3746557574841041,0.3584364721802802,0.8865263581721471,0.8298109872454389,90.46945061066197,94.69558165404648,90.46945061066197,94.69558165404648,92.26310123660926,92.19738207461795,99.54100075675501,83.74820805651164,0.8793915405046943,1.0,-0.012777636820364147,1269.0,1187.0,1344.04,0.9441683283235618,0.883158239338115,0.0,0.6,-7.312950452401813,130,207,66.42159192144074
145,Cleveland St.,Horz,26-10,94.03010714445978,149,92.03988970724986,159,0.5611963895585288,145,26.0,10.0,13.0,7.0,13-7,0.3347352437503877,0.2320176328237757,0.3536641532321763,0.3347352437503877,0.2320176328237757,0.3536641532321763,0.9141488860335354,0.9420692348354528,89.75980150138211,96.96297626388719,89.75980150138211,96.96297626388719,95.4493819429058,93.48175545883419,0.0,0.0,0.0,0.0,0.02068518112349116,1367.0,1244.0,1372.22,0.9961959452565915,0.9065601725670811,0.0,0.65,-7.239434988880564,128,122,68.14875623402878
146,San Francisco,WCC,19-15,90.692544252121,200,88.77344474956305,100,0.5611812071773297,146,19.0,15.0,9.0,9.0,9-9,0.5281808750147218,0.4614776793292494,0.5593732300841213,0.5281808750147218,0.4614776793292494,0.5593732300841213,0.8206437384796431,0.8334691625648485,94.27982169282433,92.36449013775889,94.27982169282433,92.36449013775889,91.66485118044629,92.0464874368769,75.35698109806059,80.65305032791926,0.31408702946701417,1.0,0.03669158935029815,1216.0,1279.0,1342.5400000000002,0.9057458250778374,0.9526718012126266,0.0,0.5,-9.815200256795663,179,81,73.63693538780322
147,Idaho St.,BSky,19-11,89.52373606923695,221,87.74526253969583,86,0.5574348957929036,147,19.0,11.0,12.0,6.0,12-6,0.4294933834381493,0.47640310062418884,0.4047632272035402,0.4294933834381493,0.47640310062418884,0.4047632272035402,0.8691431757503015,0.8405965153798234,91.47316933700085,94.1254251810363,91.47316933700085,94.1254251810363,90.89215518613202,89.06200200029859,0.0,0.0,0.0,0.0,0.027705353938714095,1204.0,1130.0,1301.76,0.9249016715830876,0.8680555555555556,0.0,0.6666666666666666,-8.103250370051384,141,101,69.4320073958383
148,Coastal Carolina,SB,14-18,93.04916868711746,167,91.2732502287986,145,0.5551764631296668,148,14.0,18.0,7.0,11.0,7-11,0.48931624523110573,0.38980263658879366,0.5628045949772562,0.48931624523110573,0.38980263658879366,0.5628045949772562,0.7898473059403709,0.7757250417690107,93.54158159177537,92.9244230860803,93.54158159177537,92.9244230860803,94.99851801886314,90.29778402759408,87.89160702706786,85.43861244163942,0.5806691923949937,4.0,-0.10263412056286103,1249.0,1243.0,1330.26,0.9389141972246027,0.9344038007607536,0.0,0.3888888888888889,-12.590455178968607,224,358,73.60093294387868
149,Toledo,MAC,17-15,91.65111979286041,185,89.9153303083399,117,0.5547516946710768,149,17.0,15.0,9.0,9.0,9-9,0.46806564175040966,0.43739500611801246,0.43200724835318405,0.46806564175040966,0.43739500611801246,0.43200724835318405,0.8309734612522575,0.8061436289229398,93.20214352573942,93.97162106191735,93.20214352573942,93.97162106191735,91.44773880811499,90.00383651595388,98.6154776973295,82.11276077926802,0.8914898256170657,1.0,-0.035371427986191084,1167.0,1096.0,1249.7800000000002,0.9337643425242841,0.8769543439645376,0.0,0.5,-10.816815168983176,199,273,67.74801972694482
150,Jacksonville,ASun,24-9,92.84562404744608,170,91.08758361452863,142,0.5547400975792169,150,24.0,9.0,13.0,5.0,13-5,0.39519436388765894,0.4414057280019634,0.3214690811554717,0.39519436388765894,0.4414057280019634,0.3214690811554717,0.8240014075930288,0.700119803730111,91.94725099518509,94.44256029970563,91.94725099518509,94.44256029970563,92.46874842546703,91.35317477527379,82.81061670501322,93.56604335254356,0.19713790143447033,4.0,0.0911761940559438,1351.0,1185.0,1386.9799999999998,0.9740587463409712,0.8543742519719103,0.0,0.7222222222222222,-4.001221512235104,91,18,74.97645109215723
151,Xavier,BE,11-19,91.31105965287395,190,89.68320797611742,110,0.5515329100501013,151,11.0,19.0,4.0,16.0,4-16,0.6563712575532591,0.3354281272718656,0.7959050437309443,0.6563712575532591,0.3354281272718656,0.7959050437309443,0.6911733627256547,0.9244530566284163,98.31264578211145,89.5817186058967,98.31264578211145,89.5817186058967,92.51323296410138,90.99769863282752,85.92013044248608,90.03522944359557,0.36865222141362697,4.0,-0.017106387717481686,1120.0,1410.0,1370.3800000000003,0.817291554167457,1.0289116887286736,0.0,0.2,-11.273591168872633,203,220,67.46443765096643
152,Youngstown St.,Horz,25-10,90.31389255395595,207,88.77600948582918,101,0.5492177894084042,152,25.0,10.0,15.0,5.0,15-5,0.36252825546719475,0.32082321334534325,0.3548468783505082,0.36252825546719475,0.32082321334534325,0.3548468783505082,0.8920000572564234,0.8563992369098665,91.43863919620463,96.17062744720572,91.43863919620463,96.17062744720572,88.76897636975337,86.07245382966427,88.54479462481159,101.36519819860617,0.17435891179641186,1.0,0.04643875466783631,1301.0,1143.0,1383.0799999999997,0.94065419209301,0.8264164039679558,0.0,0.75,-6.235863195792485,117,58,67.06191622005687
153,UCF,B12,11-19,92.05109900423021,180,90.57146249484677,129,0.5464540582017111,153,11.0,19.0,3.0,15.0,3-15,0.6772448323234871,0.3148926286023136,0.8853876956871581,0.6772448323234871,0.3148926286023136,0.8853876956871581,0.6123304214015318,0.9257502276273096,98.47783670749953,89.75524006725423,98.47783670749953,89.75524006725423,92.46873598015775,91.79908372206096,93.7538144047137,92.09598739441078,0.5511136300901024,10.0,0.01725001809545501,1054.0,1335.0,1273.8000000000002,0.8274454388444025,1.0480452190296747,0.0,0.16666666666666666,-8.96498981556316,158,129,68.54124629564598
154,Holy Cross,Pat,23-10,88.18833932417215,237,86.99087551801597,75,0.5392248336733644,154,23.0,10.0,14.0,4.0,14-4,0.3824786323429136,0.5555778484988915,0.254023673084756,0.3824786323429136,0.5555778484988915,0.254023673084756,0.8462632257247635,0.729598528866629,90.84358781684637,95.183729235255,90.84358781684637,95.183729235255,85.86538147497059,86.51324121482314,88.66375208150363,90.59304540943839,0.4384260151142377,3.0,0.05612021782161758,1104.0,969.0,1203.5400000000002,0.9172939827508847,0.805124881599282,0.0,0.7777777777777778,-5.699436987931115,111,41,68.62407663522616
155,Illinois St.,MVC,24-14,95.9867877316131,121,94.77446847465202,221,0.5364777654470648,155,24.0,14.0,13.0,7.0,13-7,0.43543187747453094,0.4867873566402865,0.38989122990214636,0.43543187747453094,0.4867873566402865,0.38989122990214636,0.8591373215436237,0.768825347437517,93.74101764392954,96.54183224505464,93.74101764392954,96.54183224505464,97.66153367719834,97.80544677811415,89.86922393534363,91.51547143863469,0.44800026726950964,2.0,0.03866870117862942,1488.0,1388.0,1429.3600000000001,1.0410253540045893,0.9710639726870767,0.0,0.65,-9.425587911943389,170,76,67.02096076414428
156,La Salle,A10,19-14,92.02643927259473,182,90.98565152543145,137,0.5326539955630303,156,19.0,14.0,10.0,8.0,10-8,0.4734596524104382,0.4071989604990989,0.4963386859353215,0.4734596524104382,0.4071989604990989,0.4963386859353215,0.8234168420188875,0.8309132062407903,92.61514442100187,92.58765418393031,92.61514442100187,92.58765418393031,95.48432528416258,90.75946576184366,82.1262313233557,92.13084668619032,0.21049372365516889,4.0,0.033806463728558445,1174.0,1145.0,1260.3,0.9315242402602555,0.9085138459097041,0.0,0.5555555555555556,-8.633401547036412,151,90,71.12276263325462
157,Louisiana Monroe,SB,16-16,94.94807190082915,138,93.90285425169654,197,0.5317814701051699,157,17.0,16.0,7.0,11.0,7-11,0.4983754947083005,0.49098097642909105,0.5118183600971745,0.48327320698986714,0.4463463422082646,0.5118183600971745,0.8088951147406901,0.7527374138232371,93.556051940651,93.31554874439769,90.72102006366158,90.4878048430523,96.0537246575984,94.2809142659998,86.55902162313355,90.30231778134737,0.3806309381612817,4.0,-0.021979822417183437,1296.0,1283.0,1348.8199999999997,0.9608398451980251,0.9512017911952672,0.0,0.3888888888888889,-11.002606646845894,200,231,70.95966587232064
158,Fresno St.,MWC,15-18,89.13011755079671,229,88.15756242646529,89,0.5315015737736254,158,15.0,18.0,8.0,12.0,8-12,0.471273126532113,0.3775806136173958,0.5145092828052877,0.471273126532113,0.3775806136173958,0.5145092828052877,0.814678830781761,0.7995517955429752,92.50823558777954,93.02665330109174,92.50823558777954,93.02665330109174,89.98148132219681,88.2815012845663,69.24870748463198,68.7523171820839,0.5206710759917881,1.0,-0.09104188855848622,1241.0,1237.0,1394.4199999999998,0.8899757605312604,0.8871071843490484,0.0,0.4,-13.232460004294751,230,350,69.27994303703984
159,High Point,BSth,27-6,93.26848791044912,162,92.60660670732395,175,0.5204637800219091,159,27.0,6.0,13.0,3.0,13-3,0.22823447448807663,0.3244136870835223,0.11388117532254567,0.22823447448807663,0.3244136870835223,0.11388117532254567,0.9248887275256569,0.9105196408643741,84.98448415278013,98.22238484590896,84.98448415278013,98.22238484590896,90.08010904483481,90.58970177657676,94.08165977652786,97.69885167219739,0.39320573783682344,1.0,0.03575665777573067,1151.0,889.0,1158.7800000000002,0.993286042216814,0.7671861785671136,0.0,0.8125,-3.904370999123185,90,89,70.75467702352971
160,Charlotte,Amer,14-18,93.26586871733389,164,92.64649876332999,176,0.5191469182474929,160,14.0,18.0,8.0,10.0,8-10,0.5368363281336975,0.5753729501583489,0.5237652898057298,0.5368363281336975,0.5753729501583489,0.5237652898057298,0.7872609182507281,0.6939462664460988,94.25969251261998,90.99281188736306,94.25969251261998,90.99281188736306,93.85727521185309,92.25488001610859,93.24355393609524,95.14803179317465,0.44213092442171137,4.0,-0.043667128681295186,1143.0,1161.0,1256.88,0.9093946916173381,0.9237158678632804,0.0,0.4444444444444444,-12.488833984890908,221,289,67.59328245071119
161,Bradley,MVC,20-13,92.24511741868227,177,91.71471102131682,153,0.5165727922835981,161,20.0,13.0,13.0,7.0,13-7,0.4240251934756079,0.4579712641972623,0.39185585919289595,0.4240251934756079,0.4579712641972623,0.39185585919289595,0.8712116400505352,0.8140441868447542,93.58875782450076,97.53201846465245,93.58875782450076,97.53201846465245,91.07379636627893,89.90821931536642,85.42543641021305,94.9668944580561,0.22834655070331233,1.0,0.02232981212488183,1374.0,1267.0,1413.16,0.9722890543179823,0.8965722211214583,0.0,0.65,-8.90198835851432,156,121,68.04252541465925
162,Drexel,CAA,21-11,93.80925255221464,153,93.43789259965595,188,0.5114017885238654,162,21.0,11.0,13.0,5.0,13-5,0.29699574691336394,0.3899150927678044,0.24094668414775955,0.29699574691336394,0.3899150927678044,0.24094668414775955,0.9320219646506301,0.8939105830589905,88.47791793780773,96.51246853878311,88.47791793780773,96.51246853878311,93.4793544222668,93.16829840675432,0.0,0.0,0.0,0.0,-0.047041287630564144,1130.0,1018.0,1166.4200000000003,0.9687762555511734,0.8727559541160129,0.0,0.7222222222222222,-8.537289239967107,150,300,64.00830144453785
163,Florida Gulf Coast,ASun,16-16,89.43225066856529,224,89.20194294564283,106,0.5074127639554975,163,16.0,16.0,11.0,7.0,11-7,0.45829364952805607,0.6707891761079622,0.3633252545087378,0.45829364952805607,0.6707891761079622,0.3633252545087378,0.8223050689327668,0.623140694564913,92.81883589893027,93.30982663544735,92.81883589893027,93.30982663544735,87.6963061743733,88.01388510857765,90.82411466131062,86.38658240740148,0.6401610746170615,3.0,-0.04536811532491547,1096.0,1015.0,1211.22,0.9048727729066561,0.8379980515513284,0.0,0.6111111111111112,-10.450390532191008,191,294,66.39868795325705
164,Middle Tennessee,CUSA,17-16,94.13359264934412,145,93.90090284447209,195,0.5071150601460664,164,17.0,16.0,11.0,7.0,11-7,0.45469621433968954,0.5613257491658141,0.3814881751219225,0.45469621433968954,0.5613257491658141,0.3814881751219225,0.855649280000521,0.7689100582707499,90.867586921659,92.22360347798372,90.867586921659,92.22360347798372,98.9305444314732,94.1891915821064,72.60238411596404,92.87790172739274,0.05560287596958479,2.0,-0.03392703990013135,1184.0,1058.0,1179.8400000000001,1.0035259018171954,0.8967317602386763,0.0,0.6111111111111112,-11.468321363536562,205,268,64.94326833719799
165,Tulsa,Amer,19-12,90.1890753801664,210,90.27371779246977,123,0.4973031050996695,165,19.0,12.0,11.0,7.0,11-7,0.48445948465915134,0.4045717073087,0.5230035621420633,0.48445948465915134,0.4045717073087,0.5230035621420633,0.817746788033722,0.7910059209851923,91.46592424868287,93.30809939022095,91.46592424868287,93.30809939022095,89.75641261021073,90.13129700652178,101.45972270421123,84.7708427734338,0.887621011907411,2.0,0.09814801016012165,1160.0,1190.0,1324.7,0.8756699630104929,0.8983165999849022,0.0,0.6111111111111112,-7.601882974290085,137,10,71.26175718398918
166,Howard,MEAC,26-8,91.63615298437618,186,91.76801205754711,154,0.4958661106456864,166,26.0,8.0,13.0,1.0,13-1,0.35142053457603956,0.542234658689683,0.12785969108235343,0.35142053457603956,0.542234658689683,0.12785969108235343,0.8480959484943671,0.7580759843314934,86.7689284650244,94.3046802656834,86.7689284650244,94.3046802656834,91.75264178531891,98.30897109765925,89.39608044236034,91.99537914998619,0.41833615794612744,3.0,0.1293629599180235,987.0,828.0,1025.3200000000002,0.9626263020325361,0.8075527640151366,0.0,0.9285714285714286,-3.7226939812607283,89,5,69.71596523494028
167,Bryant,AE,18-12,87.2577346870003,243,87.4702104818251,80,0.4930082346890874,167,18.0,12.0,8.0,8.0,8-8,0.3129524118371843,0.2168633686869686,0.38417725854183915,0.3129524118371843,0.2168633686869686,0.38417725854183915,0.9250849938223219,0.9502729586468099,88.81134393958496,96.75506679134071,88.81134393958496,96.75506679134071,86.57850551232383,86.54156334382013,0.0,0.0,0.0,0.0,-0.07338395778474238,941.0,908.0,1067.44,0.8815483774263658,0.8506332908641234,0.0,0.5,-10.43732764525683,190,335,67.36836989427573
168,FIU,CUSA,21-12,90.55062505176218,202,91.01347136879548,138,0.4853461671106459,168,21.0,12.0,12.0,6.0,12-6,0.4042588567399224,0.34181450279361053,0.41697449690662536,0.4042588567399224,0.34181450279361053,0.41697449690662536,0.892773041403928,0.8995118466274407,90.46939252580532,94.1406359007199,90.46939252580532,94.1406359007199,90.05085561168383,89.02689397991287,0.0,0.0,0.0,0.0,0.05035537019797498,1175.0,1130.0,1304.0999999999997,0.9010045241929302,0.8664979679472435,0.0,0.6666666666666666,-8.714054266277422,153,51,73.81760242021647
169,Maine,AE,19-13,93.74217886561843,154,94.25192800775201,207,0.48441379273849494,169,19.0,13.0,12.0,4.0,12-4,0.4665693713713669,0.578582602024503,0.3852375017838494,0.4665693713713669,0.578582602024503,0.3852375017838494,0.8199257267642032,0.7083762501908972,91.71533095446149,93.61743605469694,91.71533095446149,93.61743605469694,97.01397678737762,95.13747568715465,94.16574304266618,82.36153926095619,0.82350624557901,2.0,0.07267302086526684,1048.0,943.0,1048.94,0.9991038572272961,0.899002802829523,0.0,0.75,-8.515203991229532,149,26,67.19342935272975
170,DePaul,BE,8-24,93.1374247979037,165,93.77080439443634,192,0.4805246452324699,170,8.0,24.0,5.0,15.0,5-15,0.6889464095024024,0.4849374362883404,0.8029135240112091,0.6889464095024024,0.4849374362883404,0.8029135240112091,0.6568787892555179,0.7801162989440035,98.75469389545357,88.25166390115945,98.75469389545357,88.25166390115945,95.43353885483239,94.888414662913,79.6487890831051,90.03042253999895,0.1963935201908244,6.0,-0.05469560673837365,1239.0,1501.0,1438.16,0.8615174945764031,1.0436947210324303,0.0,0.25,-14.807625994721917,257,313,72.02302407396161
171,Houston,B12,7-23,90.41133800326118,205,91.05434621984888,141,0.4796365488591037,171,7.0,23.0,1.0,17.0,1-17,0.7460555782373851,0.49303549315584205,0.8920852117651693,0.7460555782373851,0.49303549315584205,0.8920852117651693,0.581944763694265,0.8759805399135836,100.48105870753393,86.82538077409878,100.48105870753393,86.82538077409878,92.27727619014951,92.0438439450713,92.28784476958567,92.60857022311761,0.49002723427964573,12.0,-0.018220270094287283,1081.0,1410.0,1329.3799999999999,0.8131610224315095,1.0606448118671863,0.0,0.05555555555555555,-12.212873347453058,214,222,72.67996118708369
172,Dayton,A10,17-14,96.62272022373332,117,97.5933489207762,262,0.4712947320938509,172,17.0,14.0,9.0,9.0,9-9,0.5035547130543053,0.45249222232156777,0.5164306107112772,0.5035547130543053,0.45249222232156777,0.5164306107112772,0.8201666825704989,0.8368475245179888,92.81091226048993,92.57550482415628,92.81091226048993,92.57550482415628,96.40554383731245,98.05681616380261,0.0,0.0,0.0,0.0,0.07465760690480039,1180.0,1206.0,1252.5800000000002,0.9420555972472815,0.962812754474764,0.0,0.5,-9.79736339196768,178,23,70.00087185052647
173,Austin Peay,ASun,19-14,93.02505277853749,168,93.97747068045152,200,0.47074800723466353,173,19.0,14.0,8.0,10.0,8-10,0.36327341616947456,0.353046667578827,0.3517400054353009,0.36327341616947456,0.353046667578827,0.3517400054353009,0.8986696174027773,0.8582995835267837,90.80332505749163,96.32358144242899,90.80332505749163,96.32358144242899,95.03683461080159,97.09390945624642,101.40925655366306,81.42060403431053,0.9258528819672319,1.0,-0.034705646662657186,1180.0,1092.0,1197.66,0.9852545797638729,0.9117779670357196,0.0,0.4444444444444444,-10.489393127948873,194,272,64.55395510303347
174,George Washington,A10,18-18,93.08914335544327,166,94.08982389646866,203,0.46929821153056694,174,18.0,18.0,7.0,11.0,7-11,0.4959646277002095,0.4067901761591356,0.5590258000714126,0.4959646277002095,0.4067901761591356,0.5590258000714126,0.8312325773021212,0.8747496063236787,92.68557670052438,92.26309953854847,92.68557670052438,92.26309953854847,91.28696904886438,92.4256236483751,0.0,0.0,0.0,0.0,0.016601085063611576,1021.0,1069.0,1151.26,0.8868544030019283,0.9285478519187673,0.0,0.3888888888888889,-12.80986710645293,228,131,64.06514696043428
175,UC Davis,BW,23-11,93.99909093596906,150,95.30722500607371,229,0.46034946575610225,175,23.0,11.0,15.0,5.0,15-5,0.40737004599149107,0.4463821136568058,0.36907976966821393,0.40737004599149107,0.4463821136568058,0.36907976966821393,0.8720110283086444,0.8167645939681152,90.97933692961668,94.07704244205964,90.97933692961668,94.07704244205964,92.2389172529528,94.12039687092401,83.25809311293528,96.67821733100541,0.15205261854080115,1.0,0.11399350737442515,1345.0,1276.0,1420.36,0.9469430285279788,0.8983637950942015,0.0,0.75,-6.922187882171832,122,6,69.00390688841502
176,South Alabama,SB,17-19,93.26711375508454,163,94.56991416726522,215,0.46020286214964173,176,17.0,19.0,5.0,13.0,5-13,0.4594351596311902,0.3346155047862754,0.5160356499010995,0.4594351596311902,0.3346155047862754,0.5160356499010995,0.8355542932602318,0.8661018448133572,92.18977485172296,93.62262440754486,92.18977485172296,93.62262440754486,86.79948915226528,93.55875593604974,86.69596664124347,100.09317127055638,0.1607737572659359,3.0,-0.042308706928503304,1127.0,1257.0,1309.36,0.8607258507973362,0.9600109977393536,0.0,0.2777777777777778,-13.57946024654241,236,284,69.65814981181421
177,Stetson,ASun,20-12,98.77512093275453,90,100.2589671019241,294,0.4572363278130474,177,20.0,12.0,12.0,6.0,12-6,0.377540795284534,0.3565004902096279,0.3688277750728596,0.377540795284534,0.3565004902096279,0.3688277750728596,0.8853249644949912,0.8303047863140776,89.46500852289304,94.04562905503369,89.46500852289304,94.04562905503369,98.4880333938162,100.45793657031385,124.73786636864357,93.7614506609062,0.9638339323284917,1.0,0.03759631931888996,1220.0,1160.0,1220.5400000000002,0.9995575728775786,0.9503990037196649,0.0,0.6666666666666666,-8.3025797145867,143,78,67.63064941095584
178,Kent St.,MAC,15-16,93.30511236155888,161,94.79904519686497,222,0.45445881300399454,178,15.0,16.0,9.0,9.0,9-9,0.5130915698299302,0.5229481956983598,0.4888749959256582,0.5130915698299302,0.5229481956983598,0.4888749959256582,0.7882863703784464,0.6986164244510077,94.05968554773145,91.6230080513884,94.05968554773145,91.6230080513884,95.09081340650202,96.70786337273638,88.01431992696678,90.06278056516557,0.43423675178180277,3.0,0.02844412634880411,1249.0,1243.0,1297.24,0.9628133575899602,0.9581881533101045,0.0,0.5,-10.703909402671957,197,97,70.15312505509434
179,Bowling Green,MAC,17-14,89.97302662493988,211,91.49548090645263,148,0.45190761295480336,179,17.0,14.0,9.0,9.0,9-9,0.43563099508280095,0.3910319970394021,0.4447657876075385,0.43563099508280095,0.3910319970394021,0.4447657876075385,0.8346235978636035,0.7894084453269414,94.01159671918711,93.22168635485079,94.01159671918711,93.22168635485079,89.66320964714359,91.46324563533418,89.77328637647088,100.40589318178083,0.21632123734044198,1.0,0.011373237452904417,1163.0,1174.0,1292.68,0.8996812822972429,0.9081907355261936,0.0,0.5,-9.957813659925046,184,146,71.08128878148038
180,Stephen F. Austin,Slnd,25-10,95.49091324843809,129,97.10818830733855,254,0.4518650416690585,180,25.0,10.0,16.0,6.0,16-6,0.2972187099715694,0.3472389341262938,0.2378259881812169,0.2972187099715694,0.3472389341262938,0.2378259881812169,0.9218063819519614,0.8903122819614546,87.73815009483583,96.49979494778819,87.73815009483583,96.49979494778819,96.9002885673039,99.14718066081554,0.0,0.0,0.0,0.0,0.039652828933499085,1702.0,1464.0,1634.1,1.0415519246068172,0.8959060033045714,0.0,0.7272727272727273,-7.147521415476899,125,73,74.24787107109525
181,Southern Utah,WAC,19-13,97.61739136971009,100,99.39564134434417,286,0.4482843996159848,181,19.0,13.0,11.0,7.0,11-7,0.40573541690834597,0.3423182162758252,0.4416314579009379,0.40573541690834597,0.3423182162758252,0.4416314579009379,0.8803092067752827,0.8591471247845736,90.80059291837371,92.93293724311755,90.80059291837371,92.93293724311755,97.0485273456175,98.59189105944694,0.0,0.0,0.0,0.0,0.042299269778116266,1226.0,1242.0,1288.3000000000002,0.9516416983621826,0.9640611658775129,0.0,0.6111111111111112,-9.41924706250913,169,65,69.33624701753635
182,Saint Mary's,WCC,15-17,89.32017939839221,226,91.04510627513461,140,0.44522875571647974,182,15.0,17.0,6.0,12.0,6-12,0.4828571108642806,0.45337465928275467,0.5189283685878252,0.4828571108642806,0.45337465928275467,0.5189283685878252,0.8165386770525322,0.7618887389515018,93.34490879040861,92.1344613108297,93.34490879040861,92.1344613108297,88.66258967982453,90.93003878437149,93.08493931533471,91.41673595721706,0.5518044489283862,3.0,-0.011365938150867505,1086.0,1099.0,1205.56,0.9008261720694117,0.9116095424532997,0.0,0.3333333333333333,-12.342074832194303,216,202,64.11648914664346
183,Tulane,Amer,11-20,89.76607655598568,214,91.51265177151384,149,0.4448240929898345,183,11.0,20.0,6.0,12.0,6-12,0.5182187222658531,0.48343856168254745,0.5369888735109267,0.5182187222658531,0.48343856168254745,0.5369888735109267,0.8041364161172585,0.7524042453263188,93.58613090780788,91.93687360663905,93.58613090780788,91.93687360663905,88.5058311506389,89.9660604347692,97.90338318761194,92.68430558603335,0.6524877486644991,2.0,-0.09699433731215584,1079.0,1126.0,1254.0600000000002,0.8604054032502431,0.8978836738274084,0.0,0.3333333333333333,-15.121602313810348,264,354,69.40323730786427
184,NJIT,AE,19-13,95.02481648928881,135,97.43868196840691,260,0.42837609593379433,184,19.0,13.0,9.0,7.0,9-7,0.3611313620621103,0.2911721158021245,0.3921527342651431,0.3611313620621103,0.2911721158021245,0.3921527342651431,0.8932836510587737,0.8888099326218064,88.63669171932669,94.56919567908068,88.63669171932669,94.56919567908068,95.611353542543,98.29890755202592,71.2557708376453,97.78403212444707,0.025591183346714202,1.0,0.010698734123319231,1035.0,1000.0,1068.36,0.9687745703695384,0.936014077651728,0.0,0.5625,-9.574998719054248,174,148,69.44109271626336
185,Sam Houston St.,CUSA,18-13,86.78818115610463,252,89.07876112961546,104,0.42566001966658384,185,18.0,13.0,11.0,7.0,11-7,0.4024052105362535,0.38095159516614063,0.3891836449803524,0.4024052105362535,0.38095159516614063,0.3891836449803524,0.8509835054735736,0.776551371544114,91.30276316395113,93.34527977565357,91.30276316395113,93.34527977565357,88.93181694693492,89.4722745882744,74.22146865949813,91.63778681492545,0.08135421066416601,2.0,0.027618539170630285,1171.0,1103.0,1296.0,0.9035493827160493,0.8510802469135802,0.0,0.6111111111111112,-8.436747153250797,147,102,71.52158545917534
186,Northern Kentucky,Horz,15-17,94.1239345351319,146,96.71040193171257,248,0.4226879114154711,186,15.0,17.0,12.0,8.0,12-8,0.45647737382713577,0.6425391948026838,0.367336993181381,0.45647737382713577,0.6425391948026838,0.367336993181381,0.8350120335445237,0.6879978382150997,93.65325354468642,94.46262418573409,93.65325354468642,94.46262418573409,93.76098163701008,95.22191269000908,105.01403589979913,86.8149547353235,0.8992232699181394,2.0,-0.01978558340132691,1398.0,1324.0,1433.3999999999999,0.9753034742570114,0.923677968466583,0.0,0.6,-12.762763474700497,226,227,70.19438687884562
187,UMBC,AE,17-15,86.65315757974025,255,89.20586517278205,107,0.4172960465426745,187,17.0,15.0,10.0,6.0,10-6,0.39928412524384244,0.32274405553602215,0.3935208660719979,0.39928412524384244,0.32274405553602215,0.3935208660719979,0.8543088443267813,0.8249370267096928,91.28898293357871,94.8293456056256,91.28898293357871,94.8293456056256,86.54810017604953,88.30396423736701,99.54273600746345,79.02758416942227,0.9342623929115678,2.0,-0.014999305583517697,939.0,896.0,1055.7799999999997,0.8893898350035048,0.8486616529958895,0.0,0.625,-10.698803763083392,196,217,67.01601157303176
188,Albany,AE,14-16,90.70808074934652,199,93.4143344883104,187,0.4162756625585728,188,14.0,16.0,4.0,12.0,4-12,0.3748274493909948,0.31690788572538203,0.3936468791110295,0.3748274493909948,0.31690788572538203,0.3936468791110295,0.8512353189158012,0.8082838649891009,90.51218447124307,94.68500927123665,90.51218447124307,94.68500927123665,91.286776050649,98.4684856361194,72.04125899873681,79.61838184034403,0.24047648582929915,2.0,-0.10587733891245743,898.0,936.0,979.4200000000002,0.9168691674664595,0.9556676400318554,0.0,0.25,-12.404457105947078,219,359,61.31502546230935
189,Illinois Chicago,MVC,14-18,94.82500556955756,139,97.90950635494096,268,0.4089951891602905,189,14.0,18.0,9.0,11.0,9-11,0.42972818270999114,0.4981014885678206,0.4024765096575659,0.42972818270999114,0.4981014885678206,0.4024765096575659,0.8759864566899356,0.8236193153514351,93.25583347602004,96.506873530839,93.25583347602004,96.506873530839,95.07936904399655,99.11278197304871,100.11000605491623,90.63112992304842,0.758399863646071,1.0,-0.06927041351095542,1365.0,1336.0,1361.4800000000002,1.0025854217469223,0.9812850721273906,0.0,0.45,-15.077722069758146,261,333,65.6479505383991
190,Utah Valley,WAC,16-15,86.0917440483334,263,88.94210675750469,102,0.4074348546187514,190,16.0,15.0,9.0,9.0,9-9,0.4187246717392055,0.3611471907525392,0.4471638570115387,0.4187246717392055,0.3611471907525392,0.4471638570115387,0.885466585386008,0.8811212452064936,92.01545602526937,93.67411277362933,92.01545602526937,93.67411277362933,88.22324716190491,90.55354770332644,0.0,0.0,0.0,0.0,0.007783989418136628,1142.0,1141.0,1278.94,0.8929269551347209,0.8921450576258464,0.0,0.5,-11.588590816610541,207,154,69.62852037057279
191,Pacific,WCC,11-19,94.05160356523396,147,97.26592089541867,257,0.40457016951246305,191,11.0,19.0,6.0,12.0,6-12,0.5540292729447478,0.5267791560125351,0.5813528130620704,0.5540292729447478,0.5267791560125351,0.5813528130620704,0.7915741715289647,0.7616947158181251,95.44845632253595,92.09588115432875,95.44845632253595,92.09588115432875,93.66325875550403,98.27036775200668,90.36392002634969,91.86817143878822,0.4526770906123852,2.0,-0.026663164275639528,1156.0,1266.0,1252.9599999999998,0.9226152470948795,1.0104073553824544,0.0,0.3333333333333333,-14.141472379268444,245,242,68.48564785687434
192,Appalachian St.,SB,11-19,90.5102483964744,203,93.7059047981405,190,0.4015458067847071,192,11.0,19.0,4.0,14.0,4-14,0.4892233619308429,0.37093141726376755,0.5631251336596329,0.4892233619308429,0.37093141726376755,0.5631251336596329,0.804349782399847,0.8108464779260949,94.11083537372922,92.13340828773595,94.11083537372922,92.13340828773595,88.60600846976367,95.2819971979517,99.16248477162193,93.74839737516268,0.6560339867147061,4.0,-0.08759758764622483,1067.0,1185.0,1210.76,0.8812646602134196,0.9787241071723546,0.0,0.2222222222222222,-14.278638663911321,249,347,65.22397263392281
193,UAB,Amer,11-19,95.12334714698379,134,98.74625882464872,276,0.3941599086806256,193,12.0,18.0,4.0,14.0,4-14,0.4422426964960041,0.3357800959681614,0.5132177635145658,0.4422426964960041,0.3357800959681614,0.5132177635145658,0.861242954710112,0.8651169242008785,91.63621771796379,93.17389121654566,91.63621771796379,93.17389121654566,93.02634235367017,100.63390956453077,102.64526033990303,95.86575036622641,0.6869281938730125,1.0,-0.11546323452729618,1169.0,1299.0,1300.86,0.8986362867641408,0.9985701766523685,0.0,0.2222222222222222,-15.811199705199389,271,360,69.01606606997818
194,Lehigh,Pat,17-15,97.41448567884166,102,101.21761948849252,304,0.3916394363035698,194,17.0,15.0,11.0,6.0,11-6,0.38072690291507005,0.5634965766558351,0.2460549364566742,0.38072690291507005,0.5634965766558351,0.2460549364566742,0.8803155778833238,0.7773364802945655,89.45979406238261,94.75201711533276,89.45979406238261,94.75201711533276,96.80423322092068,98.84485024273184,84.24218142186182,128.0599598591,0.008032197323293484,1.0,-0.01406851829357958,1119.0,1011.0,1105.5,1.012211668928087,0.9145183175033921,0.0,0.6470588235294118,-11.193282769806498,202,213,67.82862039865972
195,Southern Miss,SB,15-16,97.49379240938934,101,101.55138403935528,311,0.3848703817910105,195,15.0,16.0,8.0,10.0,8-10,0.47663177311287375,0.37080502017628314,0.5441190696821063,0.47663177311287375,0.37080502017628314,0.5441190696821063,0.8240762121019852,0.8262455536754656,93.70569221718264,92.99828473093027,93.70569221718264,92.99828473093027,97.89945398620394,100.79960430647097,103.18931719681513,110.69410666940865,0.3084532217628679,3.0,0.036960599218978984,1301.0,1350.0,1339.8,0.9710404537990746,1.0076130765785938,0.0,0.4444444444444444,-11.746734924681963,208,80,71.37278324433049
196,St. Thomas,Sum,16-16,90.63950048400815,201,94.4934089522362,212,0.3825214105714006,196,16.0,16.0,8.0,8.0,8-8,0.3816247575944013,0.3196845203454008,0.4086658758952754,0.3816247575944013,0.3196845203454008,0.4086658758952754,0.8614758578181302,0.8957253289760515,93.96593305063033,96.88859047228908,93.96593305063033,96.88859047228908,92.48892528183723,98.4592848702726,78.73114872987519,92.45861312827371,0.13607192818486932,2.0,-0.05984782245748821,1039.0,1061.0,1085.1399999999999,0.957480140811324,0.9777540225224396,0.0,0.5,-12.490154924652431,222,322,65.63441526237403
197,SMU,ACC,9-21,91.27937288779148,191,95.32655277817355,230,0.37779663715734574,197,9.0,21.0,2.0,16.0,2-16,0.6651292624849332,0.4643523203621718,0.7989805572334404,0.6651292624849332,0.4643523203621718,0.7989805572334404,0.6143001067799614,0.8309842883617723,98.94490786283912,88.02207360972317,98.94490786283912,88.02207360972317,89.58785374071775,97.22997899732864,87.11941628873188,98.04388932874261,0.2044748175311745,12.0,0.012596909858906269,1023.0,1456.0,1303.1799999999998,0.785002839208705,1.1172669930477757,0.0,0.1111111111111111,-10.810818465319489,198,140,70.65876622791264
198,Air Force,MWC,16-19,90.81391436219371,196,95.00439652750549,225,0.373139304030011,198,16.0,19.0,7.0,13.0,7-13,0.49447362731272904,0.35750869575377275,0.5269973738936111,0.49447362731272904,0.35750869575377275,0.5269973738936111,0.8319470003257028,0.8801849378061378,92.58635142499742,92.37451903669053,92.58635142499742,92.37451903669053,88.45073294020838,95.08746628407931,0.0,0.0,0.0,0.0,0.04013022856629622,1197.0,1298.0,1372.9799999999998,0.8718262465585808,0.945388862182989,0.0,0.35,-13.715879913391731,240,72,67.39857038863579
199,Morehead St.,OVC,18-15,89.58450487337348,218,93.78595619944528,193,0.3711989610541983,199,18.0,15.0,13.0,7.0,13-7,0.41366600768359135,0.5176747092267809,0.361308630650502,0.41366600768359135,0.5176747092267809,0.361308630650502,0.8376056591092064,0.6872385875771027,92.6071880842792,94.93379494149998,92.6071880842792,94.93379494149998,90.7687255464156,93.24858199922627,89.68304428937923,94.17550986943763,0.3630612144547387,3.0,0.0419606388727205,1270.0,1235.0,1362.3399999999997,0.9322195633982708,0.9065284730683972,0.0,0.65,-9.55843685647153,173,66,69.29595970397808
200,Boston College,ACC,5-26,96.943413394916,107,101.50201046049878,310,0.37088118178387586,200,5.0,26.0,1.0,17.0,1-17,0.6932313877908339,0.48227339826714366,0.8455899357801661,0.6932313877908339,0.48227339826714366,0.8455899357801661,0.6004559251396454,0.8255458637475837,99.05470024997075,87.93171644936662,99.05470024997075,87.93171644936662,96.74082307622788,103.91493664845173,98.00388641440931,102.82122289947212,0.3654414658143675,11.0,-0.1008319339632425,1101.0,1489.0,1265.3600000000001,0.8701081115255737,1.1767402162230511,0.0,0.05555555555555555,-15.298059407222652,265,357,69.83117452134424
201,Lamar,Slnd,20-11,88.91299615140062,231,93.16815699083524,181,0.3687464512760358,201,20.0,11.0,17.0,5.0,17-5,0.31720736366596836,0.4735098572297612,0.24529328365164768,0.31720736366596836,0.4735098572297612,0.24529328365164768,0.8938012001304022,0.7541826440430309,88.35375732685156,97.17864725705927,88.35375732685156,97.17864725705927,89.02776763566453,91.56461190054836,89.60805035798946,92.70231447805345,0.40361976719870746,2.0,0.04497795079224609,1439.0,1261.0,1504.52,0.9564512269693989,0.8381410682476803,0.0,0.7727272727272727,-7.689106405978626,138,61,66.47379539787406
202,Binghamton,AE,20-13,94.31445216833791,143,98.87003782687546,279,0.36761185082179293,202,20.0,13.0,10.0,6.0,10-6,0.4015657130283839,0.40011432531865293,0.3996613331325817,0.4015657130283839,0.40011432531865293,0.3996613331325817,0.845568335954019,0.7605322781854936,90.97901725712552,93.56140605112434,90.97901725712552,93.56140605112434,96.08648442257277,101.40293958965526,92.51626857932744,97.74141903393328,0.34709788162535804,3.0,0.09490832403395555,1007.0,965.0,1016.9799999999999,0.9901866310055263,0.9488878837341935,0.0,0.625,-8.003820635290333,140,13,66.19339839188052
203,Robert Morris,Horz,18-12,87.9039219418247,239,92.27129811755573,171,0.3640982908690782,203,18.0,12.0,11.0,9.0,11-9,0.3236678028089085,0.1786771285622183,0.3731297538034173,0.3236678028089085,0.1786771285622183,0.3731297538034173,0.9205004400209833,0.965184970952629,90.64559615838857,97.7256754770614,90.64559615838857,97.7256754770614,88.2383674189325,90.4851854692228,0.0,0.0,0.0,0.0,0.02395216536307354,1257.0,1221.0,1375.04,0.9141552245752851,0.8879741680242029,0.0,0.55,-10.335686798086305,187,114,66.73229440942364
204,Washington St.,WCC,9-25,94.04647139033813,148,98.7985603705508,277,0.3619568370920802,204,9.0,25.0,6.0,12.0,6-12,0.6372411497658536,0.7980021184885371,0.5671219054089044,0.6372411497658536,0.7980021184885371,0.5671219054089044,0.7314313106378552,0.5677537485872018,97.6323512043659,90.98748447154301,97.6323512043659,90.98748447154301,94.1762462048802,101.18094431469764,85.4974319957121,100.10659236921128,0.14014142716605588,3.0,-0.013830321022531289,1171.0,1315.0,1259.4999999999998,0.9297340214370784,1.0440651052004766,0.0,0.3333333333333333,-17.706750950385786,304,211,68.07317940952478
205,Radford,BSth,23-13,88.14268987382094,238,92.69683300450937,178,0.35908463360063403,205,23.0,13.0,12.0,4.0,12-4,0.2778910909507235,0.39551500620046814,0.13380728192157543,0.2778910909507235,0.39551500620046814,0.13380728192157543,0.8928663148889512,0.8075933398045312,86.18889792608024,97.63178562929954,86.18889792608024,97.63178562929954,86.64117064135436,91.71899973027669,78.78432260458563,88.11701803628034,0.21628574668843709,2.0,-0.017675519548779328,1086.0,915.0,1141.5599999999997,0.9513297592767794,0.8015347419320932,0.0,0.75,-9.250075292852612,165,221,69.58882734210076
206,Cal St. Fullerton,BW,18-14,89.57998897111185,219,94.21648619310346,206,0.35885734416858206,206,18.0,14.0,13.0,7.0,13-7,0.3616504156153989,0.3143428041895086,0.37911016847207246,0.3616504156153989,0.3143428041895086,0.37911016847207246,0.9120626638593624,0.937667568269824,89.67370353763816,94.97643384682308,89.67370353763816,94.97643384682308,91.76541987073833,93.88846251366127,0.0,0.0,0.0,0.0,0.02361023887303959,1440.0,1354.0,1516.9600000000003,0.9492669549625565,0.8925746229300705,0.0,0.65,-12.013798937787506,210,115,73.64784296034775
207,Sacramento St.,BSky,15-18,87.08353942770518,245,91.59872017052872,150,0.35862930662192993,207,15.0,18.0,8.0,10.0,8-10,0.4205863656013419,0.37536081307591945,0.426580494334853,0.4205863656013419,0.37536081307591945,0.426580494334853,0.8684594635466403,0.8690306719431236,91.53894183764105,93.77323474633289,91.53894183764105,93.77323474633289,86.78944210677894,93.39030584185349,90.07979749237134,84.63499016756634,0.6719468502025915,1.0,-0.022702065284997852,1088.0,1113.0,1224.8999999999999,0.8882357743489265,0.9086456037227529,0.0,0.4444444444444444,-14.800229147704842,255,233,66.59482781850986
208,Norfolk St.,MEAC,18-15,82.1314061091619,308,86.44122181189002,66,0.357057568440396,208,18.0,15.0,11.0,3.0,11-3,0.30812429769383076,0.46877712588238657,0.14745112765456328,0.30812429769383076,0.46877712588238657,0.14745112765456328,0.8371444433626885,0.6780891817281991,87.8081846862615,93.89697161681583,87.8081846862615,93.89697161681583,85.8205673864627,86.69545233252236,78.61298671219261,91.407180512212,0.15007002504249803,4.0,-0.07572641377351919,974.0,744.0,1048.7199999999998,0.9287512396063775,0.7094362651613396,0.0,0.7857142857142857,-9.312205372165344,167,339,70.9284012732244
209,Monmouth,CAA,21-12,89.4324308931476,223,94.1526869050023,205,0.3562917277923757,209,21.0,12.0,12.0,6.0,12-6,0.2785975433007179,0.2898506469910685,0.26525402264964665,0.2785975433007179,0.2898506469910685,0.26525402264964665,0.9220491120005855,0.8696349971695063,88.59158368217768,95.93135096465831,88.59158368217768,95.93135096465831,91.26040922459028,94.70648967015417,86.67142478216874,118.73732731662123,0.02608206848949917,1.0,0.012330448842233444,1123.0,1043.0,1181.94,0.9501328324618846,0.8824475015652232,0.0,0.6666666666666666,-9.131583082020763,161,143,66.69061899127338
210,Drake,MVC,12-20,95.26765223868472,131,100.3352206031898,297,0.35525837056879556,210,12.0,20.0,10.0,10.0,10-10,0.483133207987056,0.6746823299135559,0.40779155018579794,0.483133207987056,0.6746823299135559,0.40779155018579794,0.8279010684537046,0.6636405753560088,95.097894611382,95.61559063019224,95.097894611382,95.61559063019224,98.36037406527741,100.17339705110109,84.10303246482543,91.98546076838363,0.2630335243542107,3.0,-0.043535268783859105,1501.0,1460.0,1458.1800000000003,1.0293653732735326,1.0012481312320836,0.0,0.5,-15.551413640658073,269,288,70.61365032423248
211,Eastern Washington,BSky,15-18,92.1493671855942,179,97.28385003592096,258,0.34897334543057856,211,15.0,18.0,7.0,11.0,7-11,0.43623075168600095,0.40550753802621187,0.42764288160655234,0.43623075168600095,0.40550753802621187,0.42764288160655234,0.8496253783920246,0.8318264694331071,91.54407163300213,93.18342731568069,91.54407163300213,93.18342731568069,93.22891225798847,97.29465112318408,94.58286422951102,96.70503224735405,0.4365501959921009,1.0,-0.004135395719399915,1257.0,1252.0,1331.28,0.9442040742743826,0.9404482903671655,0.0,0.3888888888888889,-14.292100537966844,250,187,71.80842668128656
212,UT Rio Grande Valley,Slnd,21-14,92.04056859757881,181,97.18865979391427,255,0.34844468113928834,212,21.0,14.0,16.0,6.0,16-6,0.3589256433856757,0.5446852713018385,0.24712045242672118,0.3589256433856757,0.5446852713018385,0.24712045242672118,0.8628701140740015,0.6805686071382682,90.57823780647739,95.03636989883128,90.57823780647739,95.03636989883128,91.06402836232037,96.4870913788232,90.65869348410786,100.41383601581013,0.23590210916268303,2.0,0.05520483252703057,1486.0,1354.0,1526.7800000000002,0.9732901924311295,0.8868337285005042,0.0,0.7272727272727273,-9.281131280633367,166,43,68.2659294490086
213,Oral Roberts,Sum,15-15,95.85940628144812,122,101.24595966838353,305,0.34780370987386,213,15.0,15.0,8.0,8.0,8-8,0.4483208180259525,0.4969020473457431,0.4129610321697522,0.4483208180259525,0.4969020473457431,0.4129610321697522,0.7917645783842175,0.7205013113645762,94.29216643807582,93.71902238522615,94.29216643807582,93.71902238522615,97.6561620144147,99.56556721670931,96.1546910861975,107.18993698372442,0.22280275554448875,4.0,0.027441222430129697,1239.0,1182.0,1218.58,1.0167572092107207,0.9699814538233026,0.0,0.5,-9.93328688458847,182,103,75.81694706300995
214,Tarleton St.,WAC,14-17,89.21207954188074,228,94.43209484900319,211,0.34210168923008855,214,14.0,17.0,7.0,11.0,7-11,0.4294020365668882,0.36352715267857527,0.4581058840610498,0.4294020365668882,0.36352715267857527,0.4581058840610498,0.8630759151537052,0.8144502882413004,91.20707949119176,92.4888130688987,91.20707949119176,92.4888130688987,89.52181335345674,94.84117781626063,63.23463331780452,81.37809180199571,0.05210808323825694,1.0,-0.006707357561977045,1133.0,1163.0,1258.58,0.9002208838532315,0.9240572708925933,0.0,0.3888888888888889,-13.690138857662488,239,195,67.99668976007435
215,William & Mary,CAA,17-14,86.11544580916862,261,91.21020815169474,144,0.34051559935725356,215,17.0,14.0,9.0,9.0,9-9,0.3274128698709885,0.3938086347354704,0.2760354600456712,0.3274128698709885,0.3938086347354704,0.2760354600456712,0.9115276078903759,0.858441884744609,89.07170489735093,96.25416413124601,89.07170489735093,96.25416413124601,84.26991766999862,90.2838573377116,0.0,0.0,0.0,0.0,-0.011768274288310954,1057.0,1058.0,1217.96,0.867844592597458,0.8686656376235673,0.0,0.5,-12.019430015289608,212,203,67.95223192425391
216,SIU Edwardsville,OVC,16-16,88.61479940575968,232,93.98596248517632,201,0.3369903178468841,216,16.0,16.0,8.0,12.0,8-12,0.33829773033528515,0.26844272851452083,0.3646960271164395,0.33829773033528515,0.26844272851452083,0.3646960271164395,0.906304926490878,0.898840445432368,90.94272641997632,96.63157840229174,90.94272641997632,96.63157840229174,88.42457033602777,93.87384859107999,0.0,0.0,0.0,0.0,-0.055671089554437336,1209.0,1247.0,1341.3,0.9013643480205771,0.9296950719451279,0.0,0.4,-13.872824969632592,243,316,65.24638580263242
217,Loyola Chicago,A10,16-18,86.95006716988232,246,92.29124672126211,172,0.3350179759108651,217,16.0,18.0,9.0,9.0,9-9,0.5116776284380233,0.46008680529892615,0.5349565616089101,0.5116776284380233,0.46008680529892615,0.5349565616089101,0.8208493111191463,0.8237771909499905,93.73917709587917,91.51472450577981,93.73917709587917,91.51472450577981,87.14731455281903,90.63251555133726,73.39932369115787,84.63148520150405,0.16280499693208517,2.0,0.11281628909017749,1047.0,1097.0,1216.6399999999999,0.8605668069437139,0.90166359810626,0.0,0.5,-12.457434453475908,220,7,66.68473620925913
218,Eastern Michigan,MAC,13-16,92.22011939915794,178,97.89114770659677,267,0.3348578364093114,218,13.0,16.0,6.0,12.0,6-12,0.46741420258262756,0.45855969357225046,0.47282529142230234,0.46741420258262756,0.45855969357225046,0.47282529142230234,0.8256019084931953,0.7867123611687028,92.66641694541751,93.09314029114059,92.66641694541751,93.09314029114059,93.65702909951094,102.65115437605209,99.22397042680771,91.06282501428015,0.728503789926283,2.0,0.023444200799638992,1208.0,1272.0,1269.48,0.9515707218703721,1.0019850647509216,0.0,0.3333333333333333,-12.065537472219642,213,116,68.50061560194598
219,Memphis,Amer,10-21,83.30958883235093,294,88.73206985643492,98,0.32625688945058196,219,10.0,21.0,4.0,14.0,4-14,0.49938413811640425,0.4609642326406801,0.5271318476266493,0.49938413811640425,0.4609642326406801,0.5271318476266493,0.8304914449105968,0.7935968552913071,93.42790711060502,92.79088784835997,93.42790711060502,92.79088784835997,84.78179604781437,88.72377923813578,87.19578384747041,74.28142304249732,0.8633495542796994,2.0,-0.053881611686946274,1150.0,1232.0,1383.2999999999997,0.8313453336224971,0.8906238704547099,0.0,0.2222222222222222,-16.994525010197346,289,310,75.08357493334441
220,Jacksonville St.,CUSA,16-16,90.22877051914138,208,96.18236863823776,244,0.3241370688112067,220,16.0,16.0,9.0,9.0,9-9,0.32929689440817755,0.25797332507262744,0.37579131870662047,0.32929689440817755,0.25797332507262744,0.37579131870662047,0.9037860401898884,0.8955878333225495,89.44164329210857,95.27652105784985,89.44164329210857,95.27652105784985,91.54562791272045,94.33450516154501,90.8415131035428,87.6871600962367,0.6002292150281365,1.0,-0.04624800915294436,1072.0,1064.0,1168.9,0.9171015484643681,0.9102575070579176,0.0,0.5,-13.663532022734673,238,297,64.38679594245299
221,Elon,CAA,16-16,90.71526280977017,198,96.78424611877699,249,0.32197198809086564,221,16.0,16.0,10.0,8.0,10-8,0.312019168540018,0.3708927866655867,0.2755939139163964,0.312019168540018,0.3708927866655867,0.2755939139163964,0.9039849398328286,0.8402503512262601,87.71595648841306,95.45109661511187,87.71595648841306,95.45109661511187,94.45543029332401,99.07325465372706,73.91456688632763,75.77238088019499,0.42911196433748894,1.0,-0.06446084749695202,1191.0,1147.0,1224.28,0.9728166759238083,0.9368771849576895,0.0,0.5555555555555556,-13.599150170839405,237,326,68.88125379163323
222,Campbell,CAA,20-12,86.17167746633643,260,92.05507285716561,161,0.31874988273753835,222,20.0,12.0,13.0,5.0,13-5,0.29596604501383106,0.3222158594559565,0.2831152446598878,0.29596604501383106,0.3222158594559565,0.2831152446598878,0.9277022659998669,0.9080887956175479,87.88250570238789,95.92209558059969,87.88250570238789,95.92209558059969,84.63028681245899,89.94639510714269,0.0,0.0,0.0,0.0,0.05221655859348806,1010.0,970.0,1142.9799999999998,0.8836550070867384,0.8486587691823131,0.0,0.7222222222222222,-10.388653969249868,189,49,64.26432432651517
223,St. Bonaventure,A10,17-16,88.43136065147866,235,94.4999510002219,214,0.3179333775594318,223,17.0,16.0,7.0,11.0,7-11,0.40377868771024883,0.2143030864153327,0.5222083087127688,0.40377868771024883,0.2143030864153327,0.5222083087127688,0.8742579799615079,0.951183918144769,90.28748811487146,94.39631180910557,90.28748811487146,94.39631180910557,87.7508000794758,91.48571748594352,92.6327425912965,90.47598498403879,0.5673186192024724,1.0,0.05156733512561268,1056.0,1139.0,1234.5000000000002,0.8554070473876062,0.922640745240988,0.0,0.3888888888888889,-12.01682500610589,211,50,68.13476163337198
224,Northwestern St.,Slnd,18-14,87.70335837483435,241,93.7279004914141,191,0.31777612545600237,224,18.0,14.0,14.0,8.0,14-8,0.3335040294524752,0.586869953210653,0.24988407142452138,0.3335040294524752,0.586869953210653,0.24988407142452138,0.8511737209135443,0.5737169150305739,91.05238125956781,96.07733976512077,91.05238125956781,96.07733976512077,87.65537101252563,92.91299802643894,83.23856923432986,94.15147750172585,0.19517432718739686,4.0,0.002415908304688519,1374.0,1271.0,1473.6799999999998,0.9323598067423051,0.8624667499049998,0.0,0.6363636363636364,-9.960426129162029,185,167,66.4596699290594
225,Southeast Missouri St.,OVC,14-18,89.69562291219954,215,95.89307155813904,238,0.3168393326650088,225,14.0,18.0,8.0,12.0,8-12,0.37671149090983497,0.3765243445737782,0.3666941156542096,0.37671149090983497,0.3765243445737782,0.3666941156542096,0.8782591756531201,0.8016438362765043,91.38465612129347,94.80341214017079,91.38465612129347,94.80341214017079,88.86358412439577,97.3863000649012,95.29478097281618,96.96290798032767,0.4502737026685115,2.0,-0.05364446480386975,1290.0,1341.0,1415.6999999999998,0.9112100021190932,0.9472345835982201,0.0,0.4,-14.982759478837227,259,309,71.49388075932943
226,Southern,SWAC,20-14,84.01574303577505,289,89.89100924481176,116,0.3148960721460712,226,20.0,14.0,12.0,6.0,12-6,0.31017839084104176,0.6898706228309052,0.0745076098638854,0.31017839084104176,0.6898706228309052,0.0745076098638854,0.7882552972966542,0.461836129262297,88.76198063221183,94.97190671951226,88.76198063221183,94.97190671951226,81.25652635399143,90.32116914595878,85.45612166154599,91.60129002827482,0.3103279534178571,7.0,-0.03203075647816256,1157.0,974.0,1298.0999999999997,0.891302673137663,0.7503274015869349,0.0,0.6666666666666666,-7.36611811411325,131,262,69.1684915800019
227,Chattanooga,SC,20-11,91.63375165736676,187,98.04831031148956,270,0.3147300737964345,227,20.0,11.0,10.0,4.0,10-4,0.2659394312781303,0.3309668294046369,0.18826178975178845,0.2659394312781303,0.3309668294046369,0.18826178975178845,0.9159839558770495,0.8751377879158837,87.35004263536777,97.0900190282139,87.35004263536777,97.0900190282139,89.58046102887882,91.72363519491981,93.06587442641413,102.32095095747562,0.25156571843779313,1.0,0.029867753820777776,869.0,765.0,914.8599999999999,0.949872111579914,0.8361935159477953,0.0,0.7142857142857143,-8.387075392697108,146,94,65.63230652286349
228,Merrimack,MAAC,19-13,89.45760768228152,222,95.87726153234013,237,0.3106684900779133,228,19.0,13.0,15.0,5.0,15-5,0.2820795245871223,0.3670506850586068,0.21600761783748879,0.2820795245871223,0.3670506850586068,0.21600761783748879,0.9010427290266795,0.8792423085370422,86.52773205086619,96.24885586788736,86.52773205086619,96.24885586788736,90.68032623601282,96.87274806706307,0.0,0.0,0.0,0.0,-0.015265501103701506,1362.0,1232.0,1426.68,0.9546639751030364,0.8635433313707348,0.0,0.75,-9.614583361260872,175,218,71.39922929284559
229,Saint Louis,A10,12-21,85.8185145422726,266,92.13136323485136,164,0.3065544208134218,229,12.0,21.0,5.0,13.0,5-13,0.496941584310618,0.4873872319127397,0.5165255143882738,0.496941584310618,0.4873872319127397,0.5165255143882738,0.8456985235732347,0.8729872692522535,93.70835168336892,92.79324482237081,93.70835168336892,92.79324482237081,83.35019499643684,91.26747764305979,0.0,0.0,0.0,0.0,0.007470390907131141,1042.0,1194.0,1294.6599999999999,0.8048445151622821,0.9222498571053405,0.0,0.2777777777777778,-17.22319029661504,292,155,71.90475989904307
230,Wyoming,MWC,10-20,85.6639321946765,270,91.97718621684432,157,0.3062414836753272,230,10.0,20.0,7.0,13.0,7-13,0.5352309622276613,0.47120044757281565,0.5721492767325387,0.5352309622276613,0.47120044757281565,0.5721492767325387,0.7892739814595672,0.7348525544083656,94.27440846893779,91.49108610740915,94.27440846893779,91.49108610740915,86.73233614950213,91.98491919315819,82.43668390007018,92.0264753354477,0.22002400790509627,2.0,-0.006357178840706745,1133.0,1253.0,1333.4,0.8497075146242687,0.9397030148492574,0.0,0.35,-14.993690738556733,260,193,64.84151293659968
231,Nevada,MWC,10-21,86.68827715095553,254,93.19952923383369,182,0.3030372804394787,231,10.0,21.0,6.0,14.0,6-14,0.5165868791526621,0.45771092324785234,0.5452791223743405,0.5165868791526621,0.45771092324785234,0.5452791223743405,0.838045278729605,0.8843776550991693,92.47038247914894,91.24792747488246,92.47038247914894,91.24792747488246,88.69101946140533,93.79929910426722,0.0,0.0,0.0,0.0,-0.019180688548500968,1168.0,1267.0,1339.56,0.8719280957926484,0.945832960076443,0.0,0.3,-17.31660710137935,294,225,66.58894894216972
232,Alabama A&M,SWAC,22-11,82.72628271523611,299,89.25196024415504,108,0.2945994248420373,232,22.0,11.0,17.0,1.0,17-1,0.2757172083564921,0.5384070255278653,0.07576087842884267,0.2757172083564921,0.5384070255278653,0.07576087842884267,0.8532376987267888,0.6698884621452778,86.99249594324188,97.04390286468592,86.99249594324188,97.04390286468592,84.42674144650192,86.55134943960256,85.71696021003368,94.86735362613607,0.23750039627909988,4.0,0.020426707353008666,1169.0,902.0,1251.8000000000002,0.933855248442243,0.7205623901581721,0.0,0.9444444444444444,-6.338903386913146,118,123,66.98092624022364
233,Wofford,SC,16-13,89.80265499982592,213,96.97686386316914,253,0.2923773383914893,233,16.0,13.0,10.0,4.0,10-4,0.2832157068388293,0.3809676764920685,0.19143239228830322,0.2832157068388293,0.3809676764920685,0.19143239228830322,0.8998131177515131,0.8242149294428397,88.29868214048307,96.0149494188004,88.29868214048307,96.0149494188004,89.53595037883176,97.09404905643181,94.84764031619831,101.92341058003896,0.3041902133515311,1.0,-0.03032731190792981,860.0,809.0,913.88,0.9410425876482689,0.8852365737295925,0.0,0.7142857142857143,-10.695712793093243,195,253,66.5509990620057
234,Duquesne,A10,12-19,85.76654737105386,268,92.71253712029383,179,0.28996404455935154,234,12.0,19.0,4.0,14.0,4-14,0.43227326794523196,0.292466538709951,0.5101268171771522,0.43227326794523196,0.292466538709951,0.5101268171771522,0.8599311695863845,0.9323913918015385,91.73650558547328,93.0292608227871,91.73650558547328,93.0292608227871,86.12482039002283,94.21463584208738,83.77931290132057,104.80932941174912,0.0707318246620011,1.0,-0.020915433937809813,1058.0,1203.0,1261.3400000000001,0.838790492650673,0.9537476017568617,0.0,0.2222222222222222,-15.738032330115512,270,230,70.85176162556262
235,Towson,CAA,17-14,91.23675902361524,192,98.91101824639932,280,0.28317395651326627,235,17.0,14.0,10.0,8.0,10-8,0.3331145515149606,0.4032965309798902,0.2944977700871065,0.3331145515149606,0.4032965309798902,0.2944977700871065,0.8859194523547708,0.7889180030955419,88.95517964193083,94.43031017844834,88.95517964193083,94.43031017844834,88.41537041119399,97.13141846963477,91.41219946277378,93.27437932316825,0.4422797228592711,2.0,0.04606219781694332,1113.0,1105.0,1216.28,0.9150853421909428,0.9085079093629757,0.0,0.5555555555555556,-11.130718993421022,201,60,70.7115573590421
236,UT Arlington,WAC,12-21,84.43289089018661,286,91.60557077660067,151,0.28137463559305664,236,12.0,21.0,4.0,14.0,4-14,0.4833176797131509,0.5094242214715353,0.4687542684510395,0.4833176797131509,0.5094242214715353,0.4687542684510395,0.8352360951411981,0.7402416959404293,93.01707461565347,92.57960004445928,93.01707461565347,92.57960004445928,81.51257625013172,90.91522015656288,87.13581764842324,82.32442034556281,0.6577318250897275,2.0,0.022756849606244967,1090.0,1222.0,1341.5600000000002,0.8124869554846595,0.9108798711947284,0.0,0.2222222222222222,-16.724163135786085,282,119,71.42011911746738
237,UC Riverside,BW,11-21,89.06417330294826,230,96.8059529913375,250,0.2771705427232264,237,11.0,21.0,8.0,12.0,8-12,0.44105289542953713,0.5340874769637367,0.387214599096522,0.44105289542953713,0.5340874769637367,0.387214599096522,0.8617373527431065,0.7807523230631792,91.69565929307569,93.51578812119295,91.69565929307569,93.51578812119295,90.31447902247234,99.13361961867324,0.0,0.0,0.0,0.0,-0.06089382587592923,1281.0,1346.0,1404.0,0.9123931623931624,0.9586894586894587,0.0,0.4,-17.792440167912243,308,323,68.28283322838226
238,Utah Tech,WAC,9-20,86.78838810069726,251,94.33813273766289,209,0.2770292895106208,238,9.0,20.0,4.0,14.0,4-14,0.4006121608271047,0.2889033144081713,0.46929693801754013,0.4006121608271047,0.2889033144081713,0.46929693801754013,0.8957343501061665,0.8934550488709367,90.24871032460503,94.10533965685987,90.24871032460503,94.10533965685987,86.45010186588956,93.26366361768179,84.9796570875766,96.55047984764347,0.18724345974446793,1.0,-0.11865481612013667,1107.0,1212.0,1298.84,0.8522989744695267,0.9331403406116228,0.0,0.2222222222222222,-17.77806101214872,307,361,70.99930722252317
239,Tennessee Tech,OVC,15-14,91.19360988800446,193,99.35293079227847,284,0.2718064062448544,239,15.0,14.0,8.0,12.0,8-12,0.3344718263299343,0.2529243795580379,0.3711681773772876,0.3344718263299343,0.2529243795580379,0.3711681773772876,0.9006956319495466,0.88244583997846,89.62827725601518,94.93753154418653,89.62827725601518,94.93753154418653,91.3976090452562,100.45692515830162,83.42677903947853,103.87381435075905,0.07440689398061333,1.0,0.013200345912582456,1299.0,1326.0,1376.2199999999998,0.9438897850634348,0.9635087413349611,0.0,0.4,-11.77225262674277,209,138,67.83846237531367
240,Florida Atlantic,Amer,14-18,87.70554084269801,240,95.58082154004953,233,0.27113893171694414,240,14.0,18.0,7.0,11.0,7-11,0.5179641481463231,0.4523808482767855,0.5487675680522857,0.5179641481463231,0.4523808482767855,0.5487675680522857,0.8394391158228022,0.8395529287561107,93.03285750570791,91.44701859923114,93.03285750570791,91.44701859923114,89.28760016555864,97.2931074071259,77.87573845454526,70.54377533216568,0.7571526231613226,1.0,0.13351650526871361,1121.0,1270.0,1297.5200000000002,0.8639558542450211,0.9787903076638509,0.0,0.3888888888888889,-14.190479931593607,246,4,69.78036102028285
241,North Alabama,ASun,17-14,86.90789717737086,247,94.71737482186523,218,0.2709993236080749,241,17.0,14.0,11.0,7.0,11-7,0.3496059081837923,0.3196625308720987,0.3654583635727122,0.3496059081837923,0.3196625308720987,0.3654583635727122,0.8882915387305851,0.8443481704261164,89.5306735670205,96.24929938228397,89.5306735670205,96.24929938228397,88.24164791825264,95.00743028748522,92.71035864352002,91.12770655414629,0.5493415550424788,1.0,0.052943575439826696,1195.0,1156.0,1283.1399999999999,0.9313091322848638,0.9009149430303787,0.0,0.6111111111111112,-11.322471633477694,204,44,68.9429720628505
242,Nicholls St.,Slnd,15-16,86.10663013382987,262,94.14003898391474,204,0.26390579180473545,242,15.0,16.0,10.0,12.0,10-12,0.2536949875258632,0.23330099268490884,0.25475074937168407,0.2536949875258632,0.23330099268490884,0.25475074937168407,0.937491433122928,0.9246898483347968,87.48861896819345,99.0571318499702,87.48861896819345,99.0571318499702,85.35877174559583,92.65504067471703,0.0,0.0,0.0,0.0,-0.09999559544588121,1363.0,1326.0,1519.56,0.8969701755771408,0.8726210218747532,0.0,0.45454545454545453,-14.638847898943007,254,355,68.68205439409203
243,West Georgia,ASun,18-13,94.76590046379357,140,103.92618015993453,332,0.2570957170776142,243,18.0,13.0,10.0,8.0,10-8,0.32704790364089165,0.2791977863882351,0.35253437150885636,0.32704790364089165,0.2791977863882351,0.35253437150885636,0.8751239960016929,0.7943752024445736,86.93121802228207,95.78362913542922,86.93121802228207,95.78362913542922,96.04910118816608,101.32235782854856,78.3984053473245,99.41409295567026,0.06116076242083679,2.0,0.04179668476619147,1312.0,1261.0,1332.8200000000002,0.9843789859095751,0.9461142539877851,0.0,0.5555555555555556,-9.894806880274853,181,68,70.05310958107447
244,Maryland Eastern Shore,MEAC,20-15,81.69651681824753,311,89.6791188283389,109,0.2550028375105981,244,20.0,15.0,11.0,3.0,11-3,0.3499189957128202,0.4881054754616758,0.16192668865382123,0.3499189957128202,0.4881054754616758,0.16192668865382123,0.8643886716364709,0.7744285809855984,87.66209964088623,93.8558610336486,87.66209964088623,93.8558610336486,79.46476997125033,87.86237532674484,88.24947066776429,97.95129834081068,0.2315675441150086,3.0,0.07421727377756254,870.0,783.0,1050.58,0.8281139941746465,0.7453025947571817,0.0,0.7857142857142857,-10.488932521266154,193,24,70.39183219450862
245,Little Rock,OVC,15-16,86.53788391759083,258,95.00441540250688,226,0.25475276639918437,245,15.0,16.0,11.0,9.0,11-9,0.40787758492704596,0.4870043792720362,0.37286610036766604,0.40787758492704596,0.4870043792720362,0.37286610036766604,0.8563852687925738,0.7425953148724675,91.60451140087774,93.48441758536137,91.60451140087774,93.48441758536137,86.29355691527245,94.34447242739645,74.30056602963806,92.33069034079978,0.07596570052966191,2.0,0.06521711919815731,1216.0,1244.0,1356.8000000000002,0.8962264150943395,0.9168632075471697,0.0,0.55,-12.503828983339966,223,34,67.60255267295993
246,Weber St.,BSky,11-22,86.00922454431748,265,94.72829877754654,219,0.24779266538998443,246,11.0,22.0,4.0,14.0,4-14,0.458928599472261,0.4917758853315752,0.438810517781545,0.458928599472261,0.4917758853315752,0.438810517781545,0.8232213523681103,0.7495100992624051,93.36480265156183,93.26973760350855,93.36480265156183,93.26973760350855,83.28639898409745,96.0857130352703,80.68650386568407,103.29281993458571,0.05517653886082357,1.0,-0.04991939689523334,1107.0,1259.0,1320.6999999999998,0.8381918679488152,0.9532823502687969,0.0,0.2222222222222222,-17.537971815200454,301,308,70.29826771082942
247,Georgia St.,SB,10-21,92.6169384266989,173,102.05022290250459,315,0.24686184709315268,247,10.0,21.0,5.0,13.0,5-13,0.516012378734934,0.41284100417900144,0.6087498596015714,0.516012378734934,0.41284100417900144,0.6087498596015714,0.7982610330500868,0.8190272697962326,93.68225620759448,91.26420529937444,93.68225620759448,91.26420529937444,94.45686637713113,100.43604507091624,99.4989099205621,92.31619450927107,0.7030077211712584,3.0,0.0006282570835055012,1213.0,1344.0,1313.5399999999997,0.9234587450705728,1.0231892443321104,0.0,0.2777777777777778,-16.1751072694667,276,172,71.20408957106926
248,East Tennessee St.,SC,18-13,83.56412915474289,291,92.10774445998373,162,0.24611076082033836,248,18.0,13.0,10.0,4.0,10-4,0.27590554961340713,0.3618876518781324,0.19801033802682802,0.27590554961340713,0.3618876518781324,0.19801033802682802,0.88501916581467,0.7946263527204132,88.03136377706215,96.35879652041304,88.03136377706215,96.35879652041304,85.90254353531351,92.679291816598,90.76432338301075,95.48355022885731,0.35826363873452277,3.0,0.023395702568203447,813.0,760.0,885.84,0.9177729612571118,0.8579427436105843,0.0,0.7142857142857143,-9.93425245358862,183,117,64.21086077465687
249,Pittsburgh,ACC,8-23,89.36441886998942,225,98.55502911101604,274,0.2449438187695224,249,9.0,22.0,1.0,17.0,1-17,0.5835723783798679,0.256725486413832,0.8196284670220048,0.5835723783798679,0.256725486413832,0.8196284670220048,0.6506432397848143,0.9019588837611088,97.34158171213927,90.78184191440458,97.34158171213927,90.78184191440458,90.24878016573892,100.05012644638103,80.26135067763421,94.08464734013315,0.13854508768397447,10.0,-0.058542566575544575,1036.0,1464.0,1297.94,0.7981878977456585,1.1279411991309305,0.0,0.05555555555555555,-13.469517299993473,233,320,70.03129180120557
250,Longwood,BSth,21-10,87.13104974208932,244,96.24573059526287,246,0.24155921792799423,250,21.0,10.0,11.0,5.0,11-5,0.24802617388840034,0.3763472385177992,0.14839930206629706,0.24802617388840034,0.3763472385177992,0.14839930206629706,0.9057700196252897,0.8148242818378044,86.47491601269117,98.11755735935765,86.47491601269117,98.11755735935765,86.93791540634109,98.59415980524389,83.11977820544224,104.27512326155407,0.06864919191713537,2.0,0.057175527491999834,1205.0,1047.0,1243.8199999999997,0.9687896962583012,0.8417616696949721,0.0,0.6875,-7.580132410799658,136,40,75.30279261969388
251,Yale,Ivy,7-20,86.60926771209989,257,95.79133594388466,236,0.23888498747067988,251,7.0,20.0,3.0,11.0,3-11,0.5154179185671881,0.39190032349710674,0.6301128282751207,0.5154179185671881,0.39190032349710674,0.6301128282751207,0.7712971290627105,0.8685434717982663,92.90115623141352,92.13010164393754,92.90115623141352,92.13010164393754,88.90567876355931,95.20644555457119,92.92627481278075,93.2967411959606,0.4885631057009278,4.0,-0.0738406241873999,785.0,954.0,944.7400000000001,0.8309164426191332,1.0098016385460549,0.0,0.21428571428571427,-15.08496986849898,263,336,69.71550063217215
252,VCU,A10,8-23,84.81598874241728,279,93.91587169790202,198,0.2364889212265058,252,8.0,23.0,4.0,14.0,4-14,0.60015511035793,0.6367239134809943,0.5930087452645512,0.60015511035793,0.6367239134809943,0.5930087452645512,0.7259160213184428,0.6447691842368842,95.42400127474923,89.8063888812666,95.42400127474923,89.8063888812666,83.82337612752971,92.91314447089896,88.34079298048871,90.01717395764977,0.4461638435294819,5.0,0.024127693229083286,978.0,1173.0,1223.0000000000002,0.7996729354047423,0.9591169255928044,0.0,0.2222222222222222,-16.103307574145454,274,113,69.40449624346425
253,Delaware,CUSA,13-19,86.22619146657189,259,95.59980409174986,234,0.2338383470449448,253,13.0,19.0,6.0,12.0,6-12,0.3956098561346404,0.3777692150692273,0.3956136555340099,0.3956098561346404,0.3777692150692273,0.3956136555340099,0.8912354343842724,0.8701764680823317,90.29176808423455,94.04751864256936,90.29176808423455,94.04751864256936,86.21957876421742,96.76933885412835,95.21194313446141,84.83759772788281,0.790296835906676,1.0,0.014438382086350399,1092.0,1201.0,1275.3799999999999,0.8562154024682841,0.9416801267073344,0.0,0.3333333333333333,-16.46249582963699,280,136,69.88930396583183
254,Fordham,A10,10-20,85.7087444780511,269,95.06829723211217,227,0.23292501282649453,254,10.0,20.0,2.0,16.0,2-16,0.4143332356576253,0.19235044406323967,0.5559770980120886,0.4143332356576253,0.19235044406323967,0.5559770980120886,0.8472504495775562,0.9330505879778701,90.00584684609657,93.3815413697486,90.00584684609657,93.3815413697486,83.4104252202087,94.64233155348582,99.4746137125776,98.8325757328091,0.5186076276117567,1.0,-0.074965475135775,982.0,1195.0,1230.7799999999997,0.7978680186548369,0.970929004371212,0.0,0.1111111111111111,-16.452086545200775,279,337,68.78605261089311
255,Oakland,Horz,10-21,92.9845896060079,169,103.17892450773155,326,0.2321243450127885,255,10.0,21.0,7.0,13.0,7-13,0.4787365267529156,0.6499203510072442,0.3862409818475994,0.4787365267529156,0.6499203510072442,0.3862409818475994,0.8147368751473751,0.6373178043695391,93.67705113655865,92.85150064189631,93.67705113655865,92.85150064189631,91.72262782316186,104.17579004182035,84.95387498096424,98.01062240341861,0.16190453649826642,2.0,0.0010254223907487647,1275.0,1383.0,1359.74,0.9376792622118935,1.0171062114816067,0.0,0.35,-16.384849974791436,278,170,68.42072032839636
256,IU Indy,Horz,14-17,88.49663257240037,234,98.25709606557098,271,0.23091280624256208,256,14.0,17.0,9.0,11.0,9-11,0.4122701087336539,0.4431953306618866,0.3863619118560637,0.4122701087336539,0.4431953306618866,0.3863619118560637,0.8820226384708508,0.8357602690582362,92.97679124305019,95.77160564439195,92.97679124305019,95.77160564439195,87.59116854688028,98.12155020764665,0.0,0.0,0.0,0.0,0.06847474309142904,1280.0,1360.0,1416.4800000000002,0.9036484807409916,0.9601265107873036,0.0,0.45,-14.372996309952416,251,29,70.2853869167365
257,Evansville,MVC,10-25,91.94148850645212,183,102.5007964197845,320,0.22265527932173093,257,10.0,25.0,5.0,15.0,5-15,0.4526643921530774,0.46084979433128853,0.4209731581313343,0.4526643921530774,0.46084979433128853,0.4209731581313343,0.8615886002595835,0.8046139761155655,93.93124534483793,95.92705773246348,93.93124534483793,95.92705773246348,91.92286811478053,102.87506738729299,76.33678377834535,110.83897582666762,0.013538043759397078,1.0,-0.03103438369569983,1426.0,1527.0,1484.0799999999997,0.9608646434154495,1.0289202738396854,0.0,0.25,-21.345423893752393,339,258,71.03366910292952
258,Kennesaw St.,CUSA,13-17,82.45047302426934,304,92.14278545019033,165,0.21786897268753413,258,13.0,17.0,6.0,12.0,6-12,0.35593340334515916,0.3153090825460797,0.3875424358501508,0.35593340334515916,0.3153090825460797,0.3875424358501508,0.8821504963538753,0.8407423407270531,90.6006552899148,94.29212495051837,90.6006552899148,94.29212495051837,82.071084345419,91.27991389990433,99.58413074222834,89.57844728933507,0.7716608044671415,1.0,-0.0003804441384903656,1069.0,1141.0,1292.5800000000002,0.8270281143140076,0.8827306627055964,0.0,0.3333333333333333,-14.270972397690345,248,176,70.11917614481682
259,San Diego,WCC,11-22,83.41342493921653,292,93.26767710781067,185,0.21684634240442324,259,11.0,22.0,4.0,14.0,4-14,0.5010540364305227,0.40880872577607097,0.5674366557909267,0.5010540364305227,0.40880872577607097,0.5674366557909267,0.825105345964401,0.8368965498109884,93.74359631159082,93.1165071980765,93.74359631159082,93.1165071980765,83.09078875021875,93.93630458932284,0.0,0.0,0.0,0.0,0.02923511509134502,1044.0,1208.0,1257.8999999999999,0.8299546863820655,0.9603307099133478,0.0,0.2222222222222222,-17.680513110023984,303,95,67.82127527987713
260,Texas St.,SB,11-19,84.8045851410356,280,94.89252035841542,224,0.21542224255752124,260,11.0,19.0,7.0,11.0,7-11,0.4523367776765313,0.31989180568486975,0.5328383669784397,0.4523367776765313,0.31989180568486975,0.5328383669784397,0.8436103707290126,0.8701241562522632,92.67146331147718,93.88198409983114,92.67146331147718,93.88198409983114,84.3775115069085,93.12330233213272,85.40572624350376,97.60446643013152,0.17720990282354068,2.0,0.017321790413914573,1121.0,1254.0,1322.4600000000003,0.847662689230676,0.9482328388004172,0.0,0.3888888888888889,-15.359763115493573,267,128,69.83716970163803
261,Stony Brook,CAA,18-15,84.73436536192649,281,94.83739623467525,223,0.21494199545105602,261,18.0,15.0,12.0,6.0,12-6,0.3354335917169597,0.3875318219625497,0.27765915079398196,0.3354335917169597,0.3875318219625497,0.27765915079398196,0.8951312965676878,0.8342120624335835,89.76291786665708,95.01587677336883,89.76291786665708,95.01587677336883,88.478518440425,96.00030869266433,67.49108015605361,88.74670991966693,0.04114665510135495,2.0,0.09794059112482228,1043.0,1013.0,1127.6800000000003,0.9249077752553914,0.89830448354143,0.0,0.6666666666666666,-12.38409051738782,218,11,64.4222686204541
262,Northern Arizona,BSky,10-22,89.89090100403935,212,100.70035513297242,301,0.21318129130956257,262,10.0,22.0,6.0,12.0,6-12,0.466731271645933,0.5215239704649559,0.44264951733317387,0.466731271645933,0.5215239704649559,0.44264951733317387,0.8511137493832681,0.8135788113005555,92.73117911622833,92.92361554924284,92.73117911622833,92.92361554924284,88.70138429005318,102.41094897354574,0.0,0.0,0.0,0.0,-0.0019339973262847976,1201.0,1346.0,1349.62,0.8898801144025726,0.9973177635186201,0.0,0.3333333333333333,-18.524234075575283,314,181,73.39578681665783
263,Southern Illinois,MVC,10-20,88.37352881412936,236,99.04714585733564,282,0.2122744003405244,263,10.0,20.0,7.0,13.0,7-13,0.3920764194497491,0.3517133785763949,0.422010594140992,0.3920764194497491,0.3517133785763949,0.422010594140992,0.8943381470052122,0.8823155935184359,93.45006756108641,97.6000188610324,93.45006756108641,97.6000188610324,90.42976021504148,98.3846965494971,0.0,0.0,0.0,0.0,-0.058313086830110106,1369.0,1457.0,1456.24,0.9400922924792616,1.0005218919958248,0.0,0.35,-17.757499418889655,306,319,70.12837522736815
264,Western Michigan,MAC,9-20,83.65954619561407,290,93.90162153628299,196,0.20946400125618778,264,10.0,19.0,5.0,13.0,5-13,0.4568814137067289,0.449934787131303,0.46112657439171123,0.4568814137067289,0.449934787131303,0.46112657439171123,0.8243620973134851,0.7393920658170049,93.14567670344023,93.63510832005274,93.14567670344023,93.63510832005274,82.44419831345006,94.25812516578567,82.3871828046344,89.18845511487638,0.28654988660388947,3.0,-0.026858334294318165,996.0,1129.0,1208.4799999999998,0.8241758241758244,0.9342314312193832,0.0,0.2777777777777778,-15.859267007433491,272,243,66.66827147908694
265,Wichita St.,Amer,8-23,86.84552230984917,249,97.56563542425926,261,0.2077509806344183,265,8.0,23.0,5.0,13.0,5-13,0.47994442979830865,0.43309828940557044,0.5137777534152863,0.47994442979830865,0.43309828940557044,0.5137777534152863,0.852645089285749,0.845196853905034,92.18051433009296,91.89988508037293,92.18051433009296,91.89988508037293,87.71301091396937,99.49359671755249,78.53112445236088,94.68316628138896,0.10424027102211147,1.0,-0.0315346608518246,1088.0,1258.0,1278.0200000000002,0.8513168807999874,0.9843351434249854,0.0,0.2777777777777778,-19.538399857548207,319,259,67.97184753507874
266,Furman,SC,18-13,84.0385724828762,288,94.4971884732474,213,0.20605301213056038,266,18.0,13.0,9.0,5.0,9-5,0.29103455575158893,0.3781962461108495,0.20372507681875635,0.29103455575158893,0.3781962461108495,0.20372507681875635,0.8656638748873773,0.7574005782750731,89.89464292886714,96.35782003109237,89.89464292886714,96.35782003109237,83.7182351405875,93.384269725801,85.51604779190785,88.41082670970711,0.4054422462022221,3.0,0.05223654484095286,867.0,822.0,971.26,0.8926549018800322,0.8463233325783004,0.0,0.6428571428571429,-9.438252867049544,172,48,72.39298920347072
267,Tennessee Martin,OVC,13-17,86.83266199665654,250,97.78290297028951,264,0.20329612506598999,267,13.0,17.0,9.0,11.0,9-11,0.37299618842367666,0.3658694192394118,0.37800352808543236,0.37299618842367666,0.3658694192394118,0.37800352808543236,0.8843441938353974,0.8258766170528115,91.49598410308197,94.58477209318501,91.49598410308197,94.58477209318501,87.48937892152586,97.96857054345499,97.03866553341392,79.97046391518853,0.9024457280629297,1.0,0.03619197537436292,1225.0,1282.0,1351.4800000000002,0.9064137094148635,0.9485896942611062,0.0,0.45,-14.413398937946363,252,83,66.14032835536432
268,Samford,SC,16-19,89.26330797584785,227,100.71812046131927,302,0.19965453540009795,268,16.0,19.0,6.0,8.0,6-8,0.323538995097814,0.4288702073105633,0.20463978992764892,0.323538995097814,0.4288702073105633,0.20463978992764892,0.8472695206625993,0.7226794159873502,90.25652167165585,94.52783162503508,90.25652167165585,94.52783162503508,88.35560200677706,102.02003473105525,81.46400551738991,103.67172274031773,0.05884043508756229,5.0,-0.0007661914574211282,843.0,864.0,915.4999999999999,0.9208083014746041,0.9437465865647189,0.0,0.42857142857142855,-13.400635708905906,231,179,66.01594380177035
269,UMKC,Sum,7-23,90.43014816865471,204,102.1272860112523,316,0.19799300571010614,269,7.0,23.0,4.0,12.0,4-12,0.45844305242211064,0.4562480037291316,0.4315980831320753,0.45844305242211064,0.4562480037291316,0.4315980831320753,0.7929686567599746,0.7655698457826875,95.26737457848314,94.27708634910726,95.26737457848314,94.27708634910726,89.23449739796676,102.69311191759859,91.8419137153717,98.11760430130167,0.31861861079013426,3.0,-0.14071100260253178,970.0,1126.0,1089.8000000000002,0.890071572765645,1.0332171040557898,0.0,0.25,-18.01777091399204,309,363,67.24518186612293
270,Cornell,Ivy,9-18,86.62062255372882,256,97.85605043787905,265,0.19741408488991838,270,9.0,18.0,4.0,10.0,4-10,0.47657763976163137,0.3048561692773113,0.6360332909256428,0.47657763976163137,0.3048561692773113,0.6360332909256428,0.7822731742576894,0.892557964162687,92.7689920333752,92.91138893549159,92.7689920333752,92.91138893549159,90.47880704504499,94.33818385752491,101.59862890610763,94.51638661203523,0.6965564831879162,5.0,-0.013911327734830337,746.0,905.0,895.54,0.833016950666637,1.0105634589186414,0.0,0.2857142857142857,-13.222145169778187,229,212,62.771746214367646
271,LIU,NEC,21-11,89.60621082360998,217,101.4185037719742,309,0.19402657901566178,271,21.0,11.0,14.0,4.0,14-4,0.1692117838908774,0.23746915088943324,0.10925156862756827,0.1692117838908774,0.23746915088943324,0.10925156862756827,0.9471039909497688,0.9156001936009723,83.83642598257387,102.39862257585145,83.83642598257387,102.39862257585145,88.78318043754939,102.05324929258559,0.0,0.0,0.0,0.0,-0.029522583014031545,1272.0,1124.0,1270.84,1.0009127820968808,0.8844543766327784,0.0,0.7777777777777778,-9.79726843785442,177,250,70.481802950413
272,UTEP,CUSA,13-17,90.19113548661717,209,102.18288000516009,317,0.19223081636208175,272,13.0,17.0,5.0,13.0,5-13,0.3642490046492651,0.3122723562627722,0.39824095287651445,0.3642490046492651,0.3122723562627722,0.39824095287651445,0.8791643101620966,0.8324620780013032,89.48289818379506,93.84872115630712,89.48289818379506,93.84872115630712,89.86852130396852,105.87249530108758,73.0959651331377,89.77046602220037,0.08603383028370376,1.0,0.025282641166529507,1135.0,1303.0,1271.74,0.8924780222372497,1.024580496013336,0.0,0.2777777777777778,-14.117031120204219,244,109,70.82705508152502
273,Montana,BSky,9-22,89.64575919647882,216,101.81389729014785,313,0.18789776463283558,273,9.0,22.0,5.0,13.0,5-13,0.5072420197209039,0.6037662946100517,0.44546141488106783,0.5072420197209039,0.6037662946100517,0.44546141488106783,0.7962245969591667,0.6751497813419669,93.66518150796054,91.78160765751925,93.66518150796054,91.78160765751925,88.79160146997586,102.538068831092,88.08834220486237,99.15564925037108,0.20407258563716904,2.0,0.02006303755330663,1101.0,1271.0,1253.5200000000002,0.8783266322037142,1.0139447316357137,0.0,0.2777777777777778,-16.93203819316535,287,125,67.23128492749031
274,Lipscomb,ASun,10-20,81.14550856184366,322,92.21693527696812,168,0.1868137173478263,274,10.0,20.0,7.0,11.0,7-11,0.36510265517821494,0.3261267585465725,0.3830520724499185,0.36510265517821494,0.3261267585465725,0.3830520724499185,0.8889932390764828,0.854944457084252,90.07457999501923,96.5930824831439,90.07457999501923,96.5930824831439,82.67547728081584,89.41955183580012,69.38849022359669,91.25562283620022,0.04107743255019121,1.0,-0.07534998178197072,1086.0,1073.0,1263.8200000000004,0.8592995838014904,0.8490133088572737,0.0,0.3888888888888889,-17.564870292301233,302,338,69.17635412145947
275,Hofstra,CAA,11-22,82.51500734734682,303,93.81527775800808,194,0.18603286363492694,275,11.0,22.0,6.0,12.0,6-12,0.3866090939661647,0.540964355129555,0.2787182315341974,0.3866090939661647,0.540964355129555,0.2787182315341974,0.8583167181756381,0.7042029290881143,91.24235854098909,94.31813250620125,91.24235854098909,94.31813250620125,80.32231840421613,91.56173086242352,78.33485614250291,106.06940013756191,0.02972299175789345,2.0,-0.02868435065946867,968.0,1008.0,1158.4999999999998,0.8355632283124732,0.8700906344410878,0.0,0.3333333333333333,-18.20353731621762,311,249,65.38604962687036
276,Iona,MAAC,20-12,85.5872992749895,271,97.3966745606369,259,0.18445750153376778,276,20.0,12.0,12.0,8.0,12-8,0.2342936904348454,0.2830471409291579,0.18611146342642224,0.2342936904348454,0.2830471409291579,0.18611146342642224,0.9154251870409571,0.8961408619172252,84.33641355961026,97.87828195656563,84.33641355961026,97.87828195656563,85.1022004443391,99.79305127582909,0.0,0.0,0.0,0.0,0.03843879621015389,1236.0,1223.0,1376.8599999999997,0.8976947547317812,0.8882529814214954,0.0,0.6,-9.987661565826322,186,77,66.36128371219665
277,Mercer,SC,17-13,86.74071641628694,253,98.83607421157643,278,0.18224638737626608,277,17.0,13.0,7.0,7.0,7-7,0.23853525747870347,0.2700111351460324,0.20713126321707806,0.23853525747870347,0.2700111351460324,0.20713126321707806,0.9343391167894076,0.901304310573537,85.90654300950446,97.3866849957335,85.90654300950446,97.3866849957335,87.5885318256707,104.01463047532629,0.0,0.0,0.0,0.0,0.04126400308827949,874.0,887.0,941.1,0.9287004569121241,0.9425140792689406,0.0,0.5,-11.57875862527781,206,70,68.95866746732167
278,Incarnate Word,Slnd,13-17,93.92969253235464,152,107.4845699158578,348,0.1750561366676012,278,13.0,17.0,11.0,11.0,11-11,0.3402728224652617,0.5945982541441197,0.26282232287033075,0.3402728224652617,0.5945982541441197,0.26282232287033075,0.8616844227491975,0.6037954919084827,89.68911269942105,94.52143856862321,89.68911269942105,94.52143856862321,93.29898796354647,106.26067511208882,99.31819876719935,99.48703034024877,0.4951170755404952,2.0,-0.004998818036898167,1476.0,1525.0,1534.4199999999998,0.9619269821821927,0.9938608725120893,0.0,0.5,-13.51794840218219,234,190,68.77443892013903
279,North Carolina A&T,CAA,12-18,85.41157566094427,273,97.91686142055029,269,0.17202730402750768,279,12.0,18.0,7.0,11.0,7-11,0.34844353114050686,0.4580489042593724,0.28190291044454163,0.34844353114050686,0.4580489042593724,0.28190291044454163,0.8352296958074206,0.6535829682334162,90.97153196757519,93.3258861422834,90.97153196757519,93.3258861422834,85.76980201757917,98.25544004959573,78.25534820533349,88.12307885926246,0.2033140410125205,4.0,-0.03691037944599174,1120.0,1147.0,1240.2,0.9030801483631672,0.9248508305112079,0.0,0.3888888888888889,-13.73820872527824,241,276,68.42337973806437
280,Denver,Sum,11-19,83.40291066599823,293,95.63667842303028,235,0.1716409591491998,280,11.0,19.0,5.0,11.0,5-11,0.441347947268463,0.4323436400675549,0.43490018468027575,0.441347947268463,0.4323436400675549,0.43490018468027575,0.8409373326384595,0.8484503865653276,94.32396672638444,94.86164641031547,94.32396672638444,94.86164641031547,84.63880361978609,98.29865323365975,75.74408037008982,102.50274044592194,0.02991318371916313,2.0,0.027067892344285138,965.0,1111.0,1107.4,0.8714105111070977,1.00325085786527,0.0,0.3125,-15.359500891820764,266,105,67.82470518431869
281,Cal St. Northridge,BW,10-20,82.20284290423383,307,94.40732421770367,210,0.16911241171831418,281,10.0,20.0,6.0,14.0,6-14,0.3924267952078269,0.3837498145093416,0.39800990907454,0.3924267952078269,0.3837498145093416,0.39800990907454,0.882496957699728,0.8436739305790776,90.69831664510535,94.66262913491349,90.69831664510535,94.66262913491349,82.15709790147807,94.74321022047043,0.0,0.0,0.0,0.0,-0.033606732114097704,1238.0,1352.0,1473.3600000000001,0.8402562849541184,0.9176304501275995,0.0,0.3,-17.47624320915416,298,266,72.96701157198946
282,North Florida,ASun,9-21,84.25634764385444,287,96.895918769699,252,0.16695057785664913,282,9.0,21.0,4.0,14.0,4-14,0.3974881454379337,0.4647119061090365,0.3642065377144408,0.3974881454379337,0.4647119061090365,0.3642065377144408,0.8480610355617481,0.7184233631192906,91.18188499838607,94.63178098328284,91.18188499838607,94.63178098328284,84.33541160076119,97.11485549676418,92.86202103733461,106.60999001829438,0.16970513442401597,3.0,-0.0614148172662653,1123.0,1217.0,1301.5800000000002,0.8627975230104948,0.9350174403417384,0.0,0.2222222222222222,-17.37951061892748,296,324,71.14532945076239
283,Wright St.,Horz,10-22,88.56067879314782,233,102.29591012476244,319,0.16001855737087173,283,10.0,22.0,6.0,14.0,6-14,0.3712594059369658,0.3096167500135961,0.39346179035082957,0.3712594059369658,0.3096167500135961,0.39346179035082957,0.8823092680010539,0.8517352347242414,90.78730709692594,95.68959260653243,90.78730709692594,95.68959260653243,88.39159853975022,101.61279893018062,90.08226895175241,99.02965794151973,0.25180581703113897,1.0,-0.04773535142223484,1245.0,1393.0,1387.3,0.8974266560945722,1.004108700353204,0.0,0.3,-19.112729576152955,316,304,68.31668510811127
284,Indiana St.,MVC,10-22,93.34177466943811,160,108.05504871949549,353,0.1566602934846136,284,10.0,22.0,5.0,15.0,5-15,0.4173456762367107,0.3852336136011356,0.42758604872407535,0.4173456762367107,0.3852336136011356,0.42758604872407535,0.8755908362630634,0.8397343670089453,93.02891438398274,96.1542050699232,93.02891438398274,96.1542050699232,94.58011162577282,111.13648191199199,98.24893524412047,107.4897435477253,0.262358365955411,1.0,0.012540049233822625,1494.0,1735.0,1542.9599999999996,0.9682687820811948,1.1244620728988441,0.0,0.25,-19.03480325947399,315,141,76.76648633913778
285,Western Kentucky,CUSA,8-21,85.11790090343717,275,98.69919634881649,275,0.1541450888603218,285,8.0,21.0,4.0,14.0,4-14,0.41090898840909773,0.3953254054474406,0.420432289107888,0.41090898840909773,0.3953254054474406,0.420432289107888,0.8498463122167499,0.7774373376944492,91.97712291049025,93.6884705420424,91.97712291049025,93.6884705420424,86.79907696995024,102.90523548318764,79.86880748542265,84.34847871065644,0.34806151008929104,2.0,-0.020851521058435796,1024.0,1189.0,1186.36,0.8631444081054656,1.002225294177147,0.0,0.2222222222222222,-17.53266926302378,300,229,65.91982548460861
286,UNC Greensboro,SC,14-16,82.7111810077687,301,95.98466526173553,240,0.15295799206648655,286,14.0,16.0,4.0,10.0,4-10,0.254953957507545,0.2962564081458556,0.21133298872980347,0.254953957507545,0.2962564081458556,0.21133298872980347,0.8992890539017185,0.8323421798362968,86.34528549850666,96.00326671314282,86.34528549850666,96.00326671314282,82.17662683282424,96.92887089702216,85.9174168310807,109.98488111002098,0.0552006429462554,2.0,-0.04452078620197186,789.0,820.0,911.3,0.8657961154394821,0.8998134533084605,0.0,0.2857142857142857,-13.533833133671138,235,292,64.90727494441475
287,Utah St.,MWC,6-24,86.01266030595781,264,99.97534360492423,292,0.15059594869055137,287,6.0,24.0,2.0,18.0,2-18,0.5202576357573194,0.5106131990162692,0.5205007361574523,0.5202576357573194,0.5106131990162692,0.5205007361574523,0.8148493702068639,0.7527218494708942,92.94038578705928,91.34707468586814,92.94038578705928,91.34707468586814,84.08787923676876,98.51684948790967,59.56913308153393,74.55817803390565,0.07036570714408806,1.0,-0.030029163687285976,1127.0,1366.0,1386.4999999999998,0.8128380815001804,0.9852145690587812,0.0,0.1,-19.754120714210714,321,252,68.90986260228405
288,Manhattan,MAAC,11-20,82.71188851884975,300,96.15154415079316,243,0.15040026942732337,288,11.0,20.0,10.0,10.0,10-10,0.3771224342436727,0.6542632022446514,0.24513820272463352,0.3771224342436727,0.6542632022446514,0.24513820272463352,0.8455726433670004,0.7067115515571675,88.82879067530483,95.01129491441151,88.82879067530483,95.01129491441151,84.19084249462922,97.84141773234552,62.21959517279694,91.94743964426519,0.011081971065886808,2.0,-0.0471563942438924,1230.0,1238.0,1390.8600000000001,0.8843449376644665,0.8900967746574061,0.0,0.5,-16.132477991592587,275,303,69.87318377797807
289,Lafayette,Pat,11-19,86.85572273614486,248,101.31780849154167,306,0.14539827441579328,289,11.0,19.0,7.0,11.0,7-11,0.3138502359025845,0.3091423781010945,0.2974669474801653,0.3138502359025845,0.3091423781010945,0.2974669474801653,0.9000578041611536,0.8571630510208238,87.71382971190546,96.8217827999406,87.71382971190546,96.8217827999406,85.98560362535552,101.90392768487511,64.84578517006312,81.5412961612868,0.06694309259422569,1.0,-0.04708571476037282,1016.0,1107.0,1147.3399999999997,0.8855265222166055,0.9648404134781323,0.0,0.3888888888888889,-16.734426216029814,283,302,66.30757445615816
290,Siena,MAAC,13-17,85.08269102186989,276,99.39791373540685,287,0.14327681716750723,290,13.0,17.0,11.0,9.0,11-9,0.25748103707667785,0.33029265796048946,0.22836698445592885,0.25748103707667785,0.33029265796048946,0.22836698445592885,0.9092428904792292,0.8909746154532107,84.7927182386108,97.59613545278532,84.7927182386108,97.59613545278532,88.38687104352131,101.23970443605883,0.0,0.0,0.0,0.0,-0.0662753032335236,1377.0,1343.0,1486.9399999999998,0.9260629211669604,0.9031971700270355,0.0,0.55,-14.982537033647295,258,327,73.74444846815939
291,Loyola MD,Pat,12-18,84.54245213951353,284,98.98243715211368,281,0.1402253845244981,291,12.0,18.0,8.0,10.0,8-10,0.3547840999387098,0.43919199371848766,0.29804569137110226,0.3547840999387098,0.43919199371848766,0.29804569137110226,0.8783060884353567,0.7873154651230494,89.97349115832998,95.84208070366647,89.97349115832998,95.84208070366647,85.25033778454795,99.0385184955604,77.97385576648446,83.07916717832337,0.32534079566933366,2.0,0.061472086068958376,991.0,1041.0,1107.3000000000002,0.8949697462295673,0.9401246274722296,0.0,0.4444444444444444,-15.080242784742191,262,36,63.5713540436639
292,Akron,MAC,7-24,90.76232947343539,197,106.4498291092373,342,0.13782912470463143,292,7.0,24.0,4.0,14.0,4-14,0.48133212063787856,0.39772075865704715,0.541718104290701,0.48133212063787856,0.39772075865704715,0.541718104290701,0.8211365176204837,0.8040621626241251,93.61225469326415,92.20779908103283,93.61225469326415,92.20779908103283,90.79424488875478,104.30173233119108,90.5092349166102,84.36705223782394,0.6917176582078873,2.0,-0.03174564555022821,1208.0,1434.0,1355.0199999999998,0.8914997564611594,1.0582869625540585,0.0,0.2222222222222222,-19.529399704860186,318,261,72.21661353913238
293,Mount St. Mary's,MAAC,15-15,81.47754193143015,315,95.97525704734272,239,0.1320132155263774,293,15.0,15.0,11.0,9.0,11-9,0.2643456154278724,0.35087986327831716,0.22308906016242175,0.2643456154278724,0.35087986327831716,0.22308906016242175,0.8938956744215039,0.7974588583754219,86.51744061818015,97.5259194699027,86.51744061818015,97.5259194699027,81.27138974902745,97.93477907230906,77.28754004363016,95.29268522444353,0.08253943311436343,2.0,0.03707896819928591,1212.0,1240.0,1424.9600000000003,0.8505501908825509,0.8701998652593755,0.0,0.55,-12.36562190669152,217,79,70.50706046350857
294,East Texas A&M,Slnd,13-17,84.61467134947277,282,99.72657260504273,289,0.1312750643206857,294,13.0,17.0,9.0,13.0,9-13,0.2965603498034301,0.38698200526625065,0.2668254696266615,0.2965603498034301,0.38698200526625065,0.2668254696266615,0.889376672276023,0.7261298338834036,88.98784365233197,97.09691398816709,88.98784365233197,97.09691398816709,83.9560934418856,100.32684113998388,93.09177476926699,102.8179247561001,0.2418067370055926,2.0,0.004825451298289374,1346.0,1434.0,1530.7199999999998,0.8793247622034077,0.9368140482910005,0.0,0.4090909090909091,-14.240816111398463,247,161,69.17365499563316
295,Coppin St.,MEAC,10-23,79.00224462209566,333,93.2103933110073,184,0.12989311766513517,295,10.0,23.0,6.0,8.0,6-8,0.4106093789582852,0.6162741792489667,0.17983365343075694,0.4106093789582852,0.6162741792489667,0.17983365343075694,0.7830179574218987,0.6124932787955348,90.51952489324715,92.06521378022869,90.51952489324715,92.06521378022869,81.2228802970567,97.2567675656006,84.52814434830142,84.5080316114268,0.5006841622199608,6.0,-0.06195772014774348,872.0,877.0,1046.3000000000002,0.8334129790691005,0.8381917232151389,0.0,0.42857142857142855,-16.759994347872595,285,325,72.32721484521538
296,Boston University,Pat,11-20,91.02485063652429,194,107.45773155989592,347,0.1291384688809968,296,11.0,20.0,6.0,12.0,6-12,0.33256167777040196,0.38090513638688056,0.2992872486665614,0.33256167777040196,0.38090513638688056,0.2992872486665614,0.8959185799038873,0.8388008734621679,88.55281667138026,95.80240167111721,88.55281667138026,95.80240167111721,92.73088782871604,108.94395507574966,81.31656327675142,94.2805330373384,0.1543167509134105,1.0,-0.023656450478690805,1066.0,1125.0,1106.92,0.9630325588118381,1.0163336103783471,0.0,0.3333333333333333,-17.50652304188713,299,237,62.81614893511736
297,Sacred Heart,MAAC,13-18,83.24153313082077,295,98.42772041375105,272,0.12706917978890306,297,13.0,18.0,10.0,10.0,10-10,0.31474916173151785,0.40115334272886377,0.26054158721407494,0.31474916173151785,0.40115334272886377,0.26054158721407494,0.8706129395933654,0.8207762921217596,87.13447388457443,96.07765787317729,87.13447388457443,96.07765787317729,85.33138931962701,99.94698790273732,60.60297765028992,103.3381437243195,0.002156480195722155,1.0,-0.022815700564502883,1191.0,1207.0,1340.6200000000003,0.8883949217526217,0.9003296981993404,0.0,0.5,-14.806426090525553,256,234,65.80329325996622
298,New Hampshire,AE,10-20,81.67287482640972,312,96.70333559814605,247,0.1253571764384948,298,10.0,20.0,4.0,12.0,4-12,0.40284818996205285,0.3588962698638817,0.42987383827474296,0.40284818996205285,0.3588962698638817,0.42987383827474296,0.8661708427530452,0.8320781694503077,90.94422734037092,94.50449710707777,90.94422734037092,94.50449710707777,78.91355070703663,91.25634397916588,71.29633602636049,99.64167168758945,0.02084739333702318,1.0,0.019883175472990122,805.0,917.0,1020.5400000000001,0.7887980872871224,0.89854390812707,0.0,0.25,-16.93224018677283,288,126,66.26382179502835
299,Northern Illinois,MAC,7-23,84.83846888209516,278,100.5026457995013,300,0.12471677341665864,299,7.0,23.0,4.0,14.0,4-14,0.43477784200049646,0.3948749828686757,0.4613797480883771,0.43477784200049646,0.3948749828686757,0.4613797480883771,0.867415589857604,0.8591030830783563,92.5935853358356,95.44821783273096,92.5935853358356,95.44821783273096,88.44808014134709,102.15865733275395,86.33397198320995,113.13815612557973,0.042719334720977505,1.0,-0.004539844766453832,1058.0,1255.0,1216.08,0.8700085520689429,1.0320044733899085,0.0,0.2222222222222222,-20.03496979741668,326,188,65.78417757470771
300,Northeastern,CAA,7-22,85.7901949036326,267,102.59885694733296,321,0.11328631053513791,300,7.0,22.0,3.0,15.0,3-15,0.31883375906914824,0.3542611035847255,0.3134960813527186,0.31883375906914824,0.3542611035847255,0.3134960813527186,0.92787164061586,0.9082132470091695,88.61256295064258,96.33855559932229,88.61256295064258,96.33855559932229,87.33074587704219,105.38967314288307,0.0,0.0,0.0,0.0,-0.058785959762025414,1106.0,1245.0,1242.8000000000002,0.8899259736079819,1.0017701963308656,0.0,0.16666666666666666,-20.560137215874242,331,321,68.03203611159009
301,Cal St. Bakersfield,BW,7-23,82.96796020656984,296,99.89823922054885,290,0.10569192664840381,301,7.0,23.0,2.0,18.0,2-18,0.3771445773953341,0.3226334753482975,0.4044001284188523,0.3771445773953341,0.3226334753482975,0.4044001284188523,0.8968989505793543,0.8987207002995825,89.81199693642897,94.91084154591086,89.81199693642897,94.91084154591086,82.38074612118407,100.104505109128,0.0,0.0,0.0,0.0,-0.04628540389856206,1209.0,1418.0,1449.7,0.8339656480651169,0.9781334069117749,0.0,0.1,-20.785699377577163,335,298,70.74823875398904
302,New Mexico St.,CUSA,9-21,79.20068114637094,332,95.43018326242336,232,0.10491997785963399,302,9.0,21.0,5.0,13.0,5-13,0.4159830437874893,0.427951558170282,0.4080040341989607,0.4159830437874893,0.427951558170282,0.4080040341989607,0.8791585453331493,0.8446135378123051,91.87127632290466,92.6922287377786,91.87127632290466,92.6922287377786,81.11202674899958,96.95208815523944,85.79305343590666,96.96946476669983,0.19650737318367284,1.0,0.05922458447403123,1031.0,1215.0,1272.0400000000002,0.8105091034873116,0.9551586428099744,0.0,0.2777777777777778,-18.241355760232178,312,38,70.90015990654389
303,Bucknell,Pat,11-19,79.64657917620032,331,96.04257039326016,241,0.10407796185569149,303,11.0,19.0,7.0,11.0,7-11,0.33916619243194385,0.42584376119821177,0.3020996402256471,0.33916619243194385,0.42584376119821177,0.3020996402256471,0.8893291377363709,0.8089915692863915,89.5593106563589,96.47130420423869,89.5593106563589,96.47130420423869,78.24161240476242,95.85599834149525,62.413642711904785,94.91455607106123,0.007996507747173136,1.0,0.03303763894742484,910.0,1017.0,1111.36,0.818816585084941,0.9150950187158078,0.0,0.3888888888888889,-16.492553243587665,281,91,63.58518819964107
304,Winthrop,BSth,15-17,84.51106473298235,285,102.26107811244336,318,0.1004317417154434,304,15.0,17.0,7.0,9.0,7-9,0.2624840352481064,0.369101517481948,0.16611307042384957,0.2624840352481064,0.369101517481948,0.16611307042384957,0.8710167989615138,0.7488200239158742,87.21096110391018,97.51085648881596,87.21096110391018,97.51085648881596,83.39789883619888,101.59987230615441,86.48250169701419,102.5595751661837,0.12338372664852149,3.0,-0.02204844751730317,1055.0,1041.0,1166.8400000000001,0.9041513832230639,0.8921531658153644,0.0,0.4375,-13.423499383522072,232,232,71.26971169752628
305,Marist,MAAC,11-20,82.73936755330026,298,100.33057837661417,296,0.09824198793263576,305,11.0,20.0,8.0,12.0,8-12,0.3351564723470758,0.4756200965493772,0.2741624703917744,0.3351564723470758,0.4756200965493772,0.2741624703917744,0.8773252133406615,0.8170704390700946,88.16633350759204,94.7661186149014,88.16633350759204,94.7661186149014,83.02553065324942,99.61486576590994,83.98632562535288,96.1642264144029,0.17405750742584544,1.0,0.035867196700403836,1169.0,1255.0,1362.1399999999999,0.8582084073590087,0.9213443552057792,0.0,0.4,-16.907179413325956,286,87,67.64134538194784
306,Detroit Mercy,Horz,7-24,84.99010893493815,277,103.32903012219273,328,0.09561633397383067,306,8.0,23.0,4.0,16.0,4-16,0.40246733908367327,0.3925794886818495,0.3999581524046678,0.40246733908367327,0.3925794886818495,0.3999581524046678,0.8648782006286543,0.8022770397062545,91.69314594619867,95.09732077428079,91.69314594619867,95.09732077428079,86.35078501432714,105.82144867961632,87.64288199761997,104.60782640202008,0.11558689501181263,1.0,-0.0230010342486362,1272.0,1474.0,1428.8999999999999,0.8901952550913291,1.031562740569669,0.0,0.2,-20.7531252674121,334,235,70.9907064447561
307,Dartmouth,Ivy,10-17,85.3057476919404,274,103.79545039095976,330,0.09482686267730159,307,10.0,17.0,1.0,13.0,1-13,0.4429341002028186,0.2190928396447574,0.6507866992924469,0.4429341002028186,0.2190928396447574,0.6507866992924469,0.8023354547072834,0.9368402121718652,92.75591888337914,92.40145123731683,92.75591888337914,92.40145123731683,84.8081521987652,107.56694157423165,70.46619185180997,102.60184326620606,0.013114794362898334,4.0,0.09212792724036711,697.0,1032.0,914.8600000000001,0.7618652034191022,1.1280414489648687,0.0,0.07142857142857142,-12.716398854959946,225,16,64.9894864179236
308,Grambling St.,SWAC,13-19,78.39980758428845,338,95.41420337648374,231,0.09460433637018448,308,13.0,19.0,10.0,8.0,10-8,0.2634606496099459,0.5057044426177967,0.09901348528055619,0.2634606496099459,0.5057044426177967,0.09901348528055619,0.9072327186346977,0.7941000504003604,84.4919561515432,96.97014125729143,84.4919561515432,96.97014125729143,78.61801834771349,94.59142352759467,69.80571098662082,102.33608008239914,0.012137011205199395,1.0,-0.06980229472331123,1153.0,1053.0,1333.18,0.864849457687634,0.789840831695645,0.0,0.5555555555555556,-16.742979730388495,284,334,71.98876356939861
309,Milwaukee,Horz,8-24,85.41415607818743,272,104.07711712793929,333,0.09341496366011114,309,8.0,24.0,4.0,16.0,4-16,0.37871697255234826,0.36707534242223,0.4001811046734202,0.37871697255234826,0.36707534242223,0.4001811046734202,0.8935913271302167,0.870126828371735,91.13181841792476,95.37184634675447,91.13181841792476,95.37184634675447,86.35133243422736,103.57354048989336,0.0,0.0,0.0,0.0,-0.01367305103102645,1195.0,1396.0,1358.4600000000003,0.8796725704106119,1.0276342328813508,0.0,0.2,-21.540672779959763,344,210,67.3434688237413
310,Portland St.,BSky,6-25,87.63529881449276,242,107.25730042073431,346,0.08919225216410498,310,6.0,25.0,2.0,16.0,2-16,0.4331818971820775,0.4136367117809943,0.4565114225493471,0.4331818971820775,0.4136367117809943,0.4565114225493471,0.867481474288194,0.8570489428708031,90.89888904830484,92.88513810905118,90.89888904830484,92.88513810905118,88.93020084178434,105.2978265830454,77.61019800864187,87.9899338235891,0.191000661372497,1.0,-0.0018900943100464418,1128.0,1348.0,1291.0600000000002,0.8737006800613448,1.0441032949669262,0.0,0.1111111111111111,-21.90793369459216,346,180,69.32494598609385
311,Louisiana,SB,5-26,81.29300745861589,317,99.97525948210091,291,0.08479421780648533,311,6.0,25.0,2.0,16.0,2-16,0.4594117032367546,0.3391405758697711,0.5406985082540103,0.4594117032367546,0.3391405758697711,0.5406985082540103,0.8435003849493999,0.8646724670994554,94.08635836731563,92.77314687525529,94.08635836731563,92.77314687525529,79.08656673864763,99.1220778347557,81.34521593696877,101.3133156952797,0.07416305540254824,2.0,-0.020793044660717713,993.0,1363.0,1315.32,0.7549493659337652,1.0362497339050574,0.0,0.1111111111111111,-22.140177640295803,349,228,70.1451413053829
312,San Jose St.,MWC,4-28,78.62256013114927,336,96.85258754861707,251,0.08331682715642448,312,4.0,28.0,2.0,18.0,2-18,0.5477790057345006,0.5196569777758981,0.5575299316234035,0.5477790057345006,0.5196569777758981,0.5575299316234035,0.7924771797160011,0.7337939047692038,94.52486076835801,91.18936529573459,94.52486076835801,91.18936529573459,79.07942781578606,99.32377125002976,84.05650355716432,107.34191497800296,0.05667409031058079,2.0,-0.006032955352866937,1105.0,1479.0,1451.04,0.7615227698753997,1.0192689381409197,0.0,0.1,-22.815964435061243,351,191,72.1670328223595
313,Houston Christian,Slnd,8-21,78.01266734064686,341,96.12630051997176,242,0.08308847110007891,313,8.0,21.0,6.0,16.0,6-16,0.3319557462107595,0.5227290145168283,0.27125516084064677,0.3319557462107595,0.5227290145168283,0.27125516084064677,0.8778129504170163,0.6891111542510263,90.47488818151345,96.27941274819821,90.47488818151345,96.27941274819821,77.38215556744214,96.99374471440402,90.98709924892904,88.89077646085704,0.5666159531563687,1.0,-0.04099922214708479,1254.0,1419.0,1539.34,0.8146348435043591,0.921823638702301,0.0,0.2727272727272727,-18.177915426224324,310,282,68.36973659397844
314,Buffalo,MAC,3-27,80.33951286157028,326,99.36727688282599,285,0.07984500524730528,314,3.0,27.0,1.0,17.0,1-17,0.4657830419909444,0.45187329492694706,0.47505620670027604,0.4657830419909444,0.45187329492694706,0.47505620670027604,0.8404554888564015,0.8121855675687777,92.38874203282968,93.8591149666224,92.38874203282968,93.8591149666224,81.18325807578682,103.34287716671544,83.988815985891,92.28523978308846,0.2528808004759793,1.0,-0.06732768063507194,1063.0,1362.0,1315.6799999999998,0.8079472212088047,1.0352061291499455,0.0,0.05555555555555555,-23.34812732054031,354,330,72.24803037952822
315,Tennessee St.,OVC,5-24,80.9884463695415,324,100.25251389879222,293,0.07915128036700869,315,5.0,24.0,4.0,16.0,4-16,0.4079095124375399,0.44657770513072453,0.3905088257256067,0.4079095124375399,0.44657770513072453,0.3905088257256067,0.8568548820459977,0.7487432276036877,92.3669348116532,94.32812673252816,92.3669348116532,94.32812673252816,80.48387988360487,99.28237255007384,66.85033496750266,103.21357218458327,0.0067264639505043656,2.0,0.00038441880727499433,1196.0,1459.0,1474.26,0.8112544598646101,0.989649044266276,0.0,0.2,-20.594052240039122,332,175,73.91395544512645
316,Eastern Illinois,OVC,4-27,81.03755608702647,323,100.38804102995246,299,0.07852928245805242,316,4.0,27.0,3.0,17.0,3-17,0.457286032615026,0.5785843648159554,0.3905719499045146,0.457286032615026,0.5785843648159554,0.3905719499045146,0.8304774997647447,0.6940801154078702,93.85365092031388,95.06714137371834,93.85365092031388,95.06714137371834,80.97196217242058,99.40553692974301,80.3305773099372,94.46815167784455,0.1342034698227991,2.0,-0.038097619851845926,1143.0,1377.0,1393.2399999999998,0.8203898825758664,0.9883437168039966,0.0,0.15,-22.815995463427136,352,277,69.21701295345538
317,Alcorn St.,SWAC,17-14,76.16408576074451,351,94.7359838549914,220,0.07520568692528475,317,17.0,14.0,14.0,4.0,14-4,0.24872386520739725,0.5503641374975331,0.06707060516107893,0.24872386520739725,0.5503641374975331,0.06707060516107893,0.859239377277459,0.6248265854680292,86.26602287777857,98.20808032253572,86.26602287777857,98.20808032253572,76.03855412399099,93.15135542990583,78.26952154540284,80.7391866468772,0.41162389604469507,4.0,0.04263726500074272,1060.0,977.0,1248.54,0.8489916222147469,0.7825139763243468,0.0,0.7777777777777778,-9.161366890148386,162,64,67.22767907328121
318,North Dakota,Sum,7-24,81.18035192362228,321,101.06454924673501,303,0.07450303926764405,318,7.0,24.0,3.0,13.0,3-13,0.4248892214844683,0.4265119928087518,0.44715603341064347,0.4248892214844683,0.4265119928087518,0.44715603341064347,0.8309075812430295,0.8155380710957824,93.37551474471765,94.09474707890526,93.37551474471765,94.09474707890526,85.13716351490606,104.04743420136856,82.04183340720934,98.15280408430674,0.11285482266899748,2.0,-0.032471658988879076,963.0,1226.0,1132.74,0.8501509613856666,1.0823313381711601,0.0,0.1875,-19.82055557695911,323,263,71.63165215813441
319,Alabama St.,SWAC,17-15,77.2689626542208,347,96.21487438963332,245,0.07434029843685858,319,18.0,14.0,12.0,6.0,12-6,0.26062627646755765,0.5469724141559087,0.10380611290155334,0.26062627646755765,0.5469724141559087,0.10380611290155334,0.8379493053744084,0.5618601900301718,86.48240768313387,96.62638233223737,86.48240768313387,96.62638233223737,78.08716778662036,96.47141549544024,71.77101607467529,99.06494191719774,0.02397699574075797,5.0,0.052855241253728036,1160.0,1098.0,1345.92,0.8618640038040893,0.8157988587731811,0.0,0.6666666666666666,-10.350459847178742,188,46,72.5660994015699
320,Mercyhurst,NEC,15-17,90.87931092768588,195,113.53579702289996,361,0.0717750770640864,320,15.0,17.0,14.0,4.0,14-4,0.2689618153344302,0.5339096660855058,0.12294739326162658,0.2689618153344302,0.5339096660855058,0.12294739326162658,0.8654768613259448,0.6603242127965875,87.08744058886394,98.90392582807992,87.08744058886394,98.90392582807992,94.52164800838155,113.86609268685865,80.22264675387387,115.53290123148714,0.014852558260898206,4.0,0.05854515526516113,1290.0,1208.0,1225.7,1.052459818879008,0.9855592722525903,0.0,0.7777777777777778,-12.2598542005151,215,39,67.98091478859199
321,Queens,ASun,10-20,80.08078695120591,327,100.30406853029197,295,0.06981994889921227,321,10.0,20.0,4.0,14.0,4-14,0.30998603524760754,0.20968085776702125,0.3734495721323347,0.30998603524760754,0.20968085776702125,0.3734495721323347,0.8884841678284185,0.8386050113121274,87.79700930902175,96.22599861006225,87.79700930902175,96.22599861006225,78.4363727937423,101.34943522373075,77.32227058828603,97.3601463833733,0.06598890347749667,2.0,-0.01455964528569803,1017.0,1259.0,1275.82,0.7971343919988714,0.9868163220517001,0.0,0.2222222222222222,-17.255480656374633,293,215,69.50827851571428
322,Long Beach St.,BW,5-25,82.0612478952907,309,103.08486703407507,325,0.06767294964265018,322,5.0,25.0,4.0,16.0,4-16,0.4571998366640597,0.5550902633200673,0.408254623336056,0.4571998366640597,0.5550902633200673,0.408254623336056,0.8492592486662855,0.7569260408220341,92.3703130535744,92.26406912777304,92.3703130535744,92.26406912777304,83.07424138432347,104.90655071582832,94.33688718011875,100.35638487597507,0.3293034122717198,1.0,0.00045722728579500327,1167.0,1416.0,1391.52,0.8386512590548465,1.0175922731976543,0.0,0.2,-21.451816913955472,343,174,69.00581161830006
323,Colgate,Pat,7-24,78.7676383742105,335,99.22126670059772,283,0.06569521435120973,323,7.0,24.0,2.0,16.0,2-16,0.3575176919111195,0.440384838635552,0.30642440742178734,0.3575176919111195,0.440384838635552,0.30642440742178734,0.887080887509327,0.8115900103553536,89.93668842982694,95.46534746521694,89.93668842982694,95.46534746521694,76.58311898026575,98.7574648566329,72.84853855348568,104.46251119507971,0.015594392849883634,1.0,0.00595889082341694,931.0,1108.0,1174.1200000000001,0.7929342826968282,0.9436854835962252,0.0,0.1111111111111111,-21.404935113331423,341,157,66.42347786935963
324,Cal Poly,BW,4-26,81.55019763647313,314,102.80499207356323,324,0.0651572750219929,324,4.0,26.0,2.0,18.0,2-18,0.44673741643110626,0.523191533610786,0.4085103578412662,0.44673741643110626,0.523191533610786,0.4085103578412662,0.8131158681184231,0.6485676093283621,93.57593382464052,92.5565290952649,93.57593382464052,92.5565290952649,80.61683325638276,103.10108021087935,81.7048261441197,103.44158231968287,0.062223404859895325,4.0,-0.0663125766464483,1119.0,1432.0,1400.3199999999997,0.7991030621572214,1.022623400365631,0.0,0.1,-21.35096148719986,340,328,69.3821073105083
325,American,Pat,7-23,81.28559441613095,318,102.67403706316912,323,0.06378719058812791,325,7.0,23.0,5.0,13.0,5-13,0.3297773634167113,0.38331992418467725,0.30663997121648506,0.3297773634167113,0.38331992418467725,0.30663997121648506,0.911720225131188,0.8731925726922523,88.92596136723871,96.15648858540558,88.92596136723871,96.15648858540558,80.23629481142825,100.36062123055083,79.24397286500128,112.19735291263692,0.018006135680421538,1.0,0.025297578718809444,1002.0,1179.0,1208.8600000000001,0.8288801019142,0.9752990420726965,0.0,0.2777777777777778,-21.078687227380104,338,108,67.62565807830595
326,UNC Asheville,BSth,12-18,77.37495265382759,346,97.87257043994529,266,0.06282382314485395,326,12.0,18.0,7.0,9.0,7-9,0.17242267992668722,0.16900038994338754,0.17088225691292885,0.17242267992668722,0.16900038994338754,0.17088225691292885,0.9669541863927553,0.9654518835410281,83.15757092509322,99.3677233775769,83.15757092509322,99.3677233775769,78.13726728172257,96.718152850764,0.0,0.0,0.0,0.0,-0.04405436359999554,940.0,981.0,1126.1399999999999,0.8347097163762943,0.8711172678352603,0.0,0.4375,-17.326932873188426,295,291,69.19335920414686
327,Hampton,CAA,10-21,82.35104356267354,305,104.32452752161123,334,0.061807714269836674,327,10.0,21.0,4.0,14.0,4-14,0.2876143573312762,0.2672267745217011,0.2992973219397481,0.2876143573312762,0.2672267745217011,0.2992973219397481,0.9413749603138039,0.9318152769779554,87.69020858848218,95.01092950985233,87.69020858848218,95.01092950985233,84.60302518683955,108.06394102897221,0.0,0.0,0.0,0.0,0.06112292339518799,1037.0,1193.0,1177.2800000000002,0.8808439793422124,1.0133528132644738,0.0,0.2222222222222222,-19.75604536809895,322,37,67.31725271672985
328,Seattle,WCC,5-25,82.6866300290747,302,104.79645729282211,336,0.0615105141042086,328,5.0,25.0,1.0,17.0,1-17,0.46928453634332706,0.3266236014657236,0.5624288687271984,0.46928453634332706,0.3266236014657236,0.5624288687271984,0.8437590583713483,0.85279701573373,93.3890693349251,93.85891491856091,93.3890693349251,93.85891491856091,85.7972137297555,104.01050025252609,78.93494759223422,100.7345556847423,0.05708441889145545,1.0,-0.02591768729561089,1054.0,1407.0,1299.42,0.8111311200381708,1.0827907835803665,0.0,0.05555555555555555,-21.428772401054268,342,240,71.94068303977902
329,UNC Wilmington,CAA,7-24,81.39296961733885,316,103.29337728807894,327,0.06063851280831133,329,7.0,24.0,2.0,16.0,2-16,0.2963349341977217,0.27918093380185105,0.31365636944312547,0.2963349341977217,0.27918093380185105,0.31365636944312547,0.9152109288057901,0.8717289459317047,87.85835299967462,95.96073432902783,87.85835299967462,95.96073432902783,80.46006779692766,102.37026580275727,65.82310766275947,89.66400460404778,0.027797119193495843,1.0,-0.018273900533377962,997.0,1192.0,1218.42,0.8182728451601253,0.9783161799707818,0.0,0.1111111111111111,-21.942957677999765,348,223,68.9029210797509
330,North Carolina Central,MEAC,9-20,74.49696992634493,356,94.64749376681152,216,0.05991119971093797,330,9.0,20.0,5.0,9.0,5-9,0.30130571105220766,0.4248960673254359,0.18995911144938846,0.30130571105220766,0.4248960673254359,0.18995911144938846,0.8566184718898853,0.7390370790781342,86.91123586053642,93.87084805151,86.91123586053642,93.87084805151,75.11113997129698,95.60750523877601,77.85251049432917,95.50132778788793,0.0870875490117075,3.0,-0.042003337701433774,862.0,885.0,1096.6,0.7860660222505929,0.8070399416377896,0.0,0.35714285714285715,-16.320365102340066,277,283,76.42784323661404
331,Stonehill,NEC,12-18,81.56426655514329,313,104.44354562470312,335,0.055021533498551954,331,12.0,18.0,8.0,10.0,8-10,0.23479211360581762,0.42799485593328224,0.12484052430931941,0.23479211360581762,0.42799485593328224,0.12484052430931941,0.9113951331785227,0.8066661270927376,85.6057375560443,100.76160473946103,85.6057375560443,100.76160473946103,80.75095632929157,105.11466896175817,77.06217262102524,102.19994621803707,0.03744694279685491,1.0,-0.03358210254566102,1073.0,1102.0,1188.6999999999998,0.9026667788340205,0.927063178261967,0.0,0.4444444444444444,-15.86411683762555,273,265,67.00374907022596
332,Wagner,NEC,13-17,73.06677721390227,358,93.56619134549453,189,0.05499768125467382,332,13.0,17.0,9.0,9.0,9-9,0.22420665176936166,0.4049871376147941,0.1248432227233131,0.22420665176936166,0.4049871376147941,0.1248432227233131,0.8981941837979126,0.7695426866928927,86.33605899539904,101.3699518895954,86.33605899539904,101.3699518895954,73.65536951642147,94.04216037743109,64.77828235161346,95.61218935871732,0.011236430166738906,2.0,-0.01276521714759904,1050.0,1054.0,1252.9800000000002,0.838002202748647,0.8411945920924514,0.0,0.5,-14.525448098083274,253,206,69.8125055783282
333,Southeastern Louisiana,Slnd,5-24,84.55396462568781,283,108.3107128763125,355,0.05480746818576487,333,5.0,24.0,4.0,18.0,4-18,0.3614603989474308,0.6367511926410286,0.273867873681286,0.3614603989474308,0.6367511926410286,0.273867873681286,0.839832925106388,0.5329224092313429,91.34538490885951,94.45167918823991,91.34538490885951,94.45167918823991,84.7035208585884,108.64250197704003,74.33338094962588,122.42793640644359,0.0032106428734964654,3.0,-0.05431137007249168,1322.0,1535.0,1501.3600000000001,0.8805349816166674,1.0224063515745723,0.0,0.18181818181818182,-19.997427621929617,325,311,66.74628069948548
334,Rider,MAAC,7-22,76.81072045949057,349,98.48946797344371,273,0.054219900302788164,334,7.0,22.0,5.0,15.0,5-15,0.2522885043399553,0.3569860787937751,0.2051745958357364,0.2522885043399553,0.3569860787937751,0.2051745958357364,0.9282035246184479,0.8733915264425187,85.67785241824065,96.87171892487603,85.67785241824065,96.87171892487603,77.37730217042974,99.16451362069925,0.0,0.0,0.0,0.0,-0.027879682515550758,1057.0,1211.0,1323.2000000000003,0.7988210399032647,0.9152055622732768,0.0,0.25,-20.472907233013487,329,248,66.09476456408501
335,Gardner Webb,BSth,12-19,77.65508333254328,342,99.64417964225626,288,0.05379497638567835,335,12.0,19.0,9.0,7.0,9-7,0.22424529161563844,0.2927627707302822,0.1720308442590316,0.22424529161563844,0.2927627707302822,0.1720308442590316,0.9341390699351572,0.8915122210744011,84.88924177825969,99.0669148310511,84.88924177825969,99.0669148310511,74.9327440025198,95.66858384818964,93.54898110747091,106.79090818539389,0.1790998851284368,1.0,0.052942657856962116,880.0,933.0,1091.32,0.8063629366272038,0.8549279771286149,0.0,0.5625,-17.448771267537378,297,45,66.1117318414081
336,Jackson St.,SWAC,12-19,77.49019002398256,343,100.33759252987389,298,0.04873132968897525,336,12.0,19.0,10.0,8.0,10-8,0.28091329733723686,0.5943571676142136,0.07006278521876468,0.28091329733723686,0.5943571676142136,0.07006278521876468,0.8602171861537422,0.6584489369818054,85.4285984986556,97.59603755488516,85.4285984986556,97.59603755488516,75.32737468318824,99.85932151695191,91.76154264456535,86.88274173454862,0.6521015141748363,3.0,0.005035864409625723,1028.0,1030.0,1235.4600000000003,0.8320787399025462,0.8336975701358197,0.0,0.5555555555555556,-15.410840100240115,268,160,66.81714324538547
337,Texas A&M Corpus Chris,Slnd,6-23,78.13000606464429,340,101.66133408819175,312,0.0461927921742275,337,6.0,23.0,5.0,17.0,5-17,0.3268129049348884,0.49070390797022523,0.274665767605463,0.3268129049348884,0.49070390797022523,0.274665767605463,0.8900968126654587,0.741499554325233,90.00338241949297,96.97317310803763,90.00338241949297,96.97317310803763,79.27757412152205,101.66741625112189,75.67417703172163,99.1695941304901,0.04271559389531781,1.0,-0.004795036073292375,1231.0,1454.0,1496.9200000000003,0.8223552360847606,0.9713277930684336,0.0,0.22727272727272727,-20.50479060224562,330,189,67.02299487435475
338,Nebraska Omaha,Sum,6-27,79.74918652634038,330,103.8280499252013,331,0.04590143212669871,338,6.0,27.0,3.0,13.0,3-13,0.4728412220605655,0.4977738851287442,0.45079361111314287,0.4728412220605655,0.4977738851287442,0.45079361111314287,0.8057246709995528,0.7764131788071338,95.18456823318158,94.27453442523169,95.18456823318158,94.27453442523169,81.54507517618742,104.52671449341503,69.89250070305089,104.58249480261925,0.00961561300914264,3.0,0.023128671610959356,864.0,1175.0,1086.92,0.7949067088654178,1.0810363228204467,0.0,0.1875,-21.91743960336047,347,118,68.10298174904663
339,Arkansas Pine Bluff,SWAC,15-16,82.88547633229454,297,108.03369069722478,352,0.0453338505026832,339,15.0,16.0,10.0,8.0,10-8,0.23581634854867828,0.5511338918203379,0.09068882259088933,0.23581634854867828,0.5511338918203379,0.09068882259088933,0.9103636943430398,0.7509953917633465,82.71757475611133,96.8954398024371,82.71757475611133,96.8954398024371,83.60125267467272,110.69604333094316,97.1324823491877,117.30478775979586,0.10247272337126438,1.0,0.10785348229693953,1156.0,1169.0,1276.2799999999997,0.9057573573197106,0.9159432099539287,0.0,0.5555555555555556,-13.813348543194296,242,8,68.70932196071186
340,Delaware St.,MEAC,7-23,77.13378903994149,348,101.32273089504099,307,0.04161266462018254,340,7.0,23.0,4.0,10.0,4-10,0.2885378167061867,0.3802946267718295,0.192622304435372,0.2885378167061867,0.3802946267718295,0.192622304435372,0.9021690836723678,0.8396700901986793,85.92039316710786,94.62129711170985,85.92039316710786,94.62129711170985,80.63696019689901,103.0517098040705,47.48817571825284,96.31850980749027,0.0002937266347284731,1.0,-0.06665623211331417,815.0,873.0,986.4800000000001,0.8261698159111182,0.8849647230557132,0.0,0.2857142857142857,-20.698002253318332,333,329,68.3610486933012
341,Canisius,MAAC,5-24,78.1442297734744,339,102.65049483404846,322,0.04161064606613645,341,5.0,24.0,3.0,17.0,3-17,0.33583163970285207,0.4749108579792354,0.27324599147847967,0.33583163970285207,0.4749108579792354,0.27324599147847967,0.8508850714538149,0.7363230275067495,88.95156014721415,95.98654596324087,88.95156014721415,95.98654596324087,77.38968475261042,103.96170166619304,98.99282676530241,108.25311113041897,0.26339747374992317,2.0,-0.04708521078137759,1081.0,1302.0,1374.2799999999997,0.7865937072503422,0.9474051867159533,0.0,0.15,-20.43876918116846,328,301,67.39947776508353
342,USC Upstate,BSth,12-20,77.41881782982662,345,101.97681458957462,314,0.04037121693430557,342,12.0,20.0,6.0,10.0,6-10,0.2511333075240387,0.3378800816963675,0.17374123436369393,0.2511333075240387,0.3378800816963675,0.17374123436369393,0.8894898342349762,0.7918731047599371,86.01298143271117,97.9943548590975,86.01298143271117,97.9943548590975,77.87112256029637,99.18745359014825,74.57841912731752,102.76995736650548,0.024425908265058888,3.0,0.008410052434878745,909.0,984.0,1104.7399999999998,0.8228180386335248,0.890707315748502,0.0,0.375,-17.001165780620422,290,153,66.28196265547095
343,Florida A&M,SWAC,9-22,81.24120024481493,319,107.17534782139319,345,0.03969586206456711,343,9.0,22.0,7.0,11.0,7-11,0.24887272620351128,0.49182796778810456,0.11017958434964568,0.24887272620351128,0.49182796778810456,0.11017958434964568,0.913453472424434,0.7885315106239258,84.2229893897801,96.65737132173213,84.2229893897801,96.65737132173213,81.51251676063704,107.61409985034588,86.3643549793894,86.30158774715865,0.5020902182160497,1.0,-0.010475206434007012,1102.0,1162.0,1275.4600000000003,0.864002007119,0.9110438586862777,0.0,0.3888888888888889,-19.946015420900327,324,201,70.00337706066337
344,Chicago St.,NEC,9-23,81.70474040238257,310,107.99775366964133,350,0.03884778748833529,344,9.0,23.0,8.0,10.0,8-10,0.3044892494872685,0.5562321216658432,0.12667236976550025,0.3044892494872685,0.5562321216658432,0.12667236976550025,0.888560589096703,0.7691475863734255,87.63332027861814,98.84823092694162,87.63332027861814,98.84823092694162,82.21463037309175,107.54495549700917,87.70321544402657,112.11010039357951,0.056066726885339424,1.0,0.0066166333946313105,1172.0,1230.0,1289.4399999999998,0.9089217024444721,0.9539024692889938,0.0,0.4444444444444444,-20.240915019419838,327,156,73.08951449542721
345,Saint Peter's,MAAC,7-23,76.60495162376907,350,101.38813188040362,308,0.038295135543232224,345,7.0,23.0,6.0,14.0,6-14,0.2993511493039513,0.439484222623157,0.2449053647859309,0.2993511493039513,0.439484222623157,0.2449053647859309,0.9064598419352304,0.8614836127015515,87.40411439271169,95.71162848516036,87.40411439271169,95.71162848516036,79.82591769968526,101.9586833250658,0.0,0.0,0.0,0.0,0.02836541137309223,1080.0,1236.0,1322.4000000000003,0.8166969147005443,0.9346642468239562,0.0,0.3,-20.8722368475573,337,98,64.99350545619687
346,UMass Lowell,AE,8-21,80.80082009309774,325,107.14473421270745,344,0.037498856781984516,346,8.0,21.0,2.0,14.0,2-14,0.3481945582485465,0.2339518952678292,0.44101672192037916,0.3481945582485465,0.2339518952678292,0.44101672192037916,0.910247519483395,0.9311029169651568,89.98891887724311,95.25999649719498,89.98891887724311,95.25999649719498,83.27698095944122,111.73787598896898,0.0,0.0,0.0,0.0,0.06674145650185251,807.0,1134.0,1012.08,0.7973677970120939,1.120464785392459,0.0,0.125,-19.18195195327026,317,33,65.37240962219617
347,Charleston Southern,BSth,8-22,82.32466951839322,306,109.36931982436695,358,0.036731929298004465,347,8.0,22.0,6.0,10.0,6-10,0.34584523840437087,0.5560757258324267,0.17420550516917097,0.34584523840437087,0.5560757258324267,0.17420550516917097,0.8524508366056417,0.7036477887977453,87.74308522594248,95.41795784021866,87.74308522594248,95.41795784021866,82.44225562466282,108.53915004644168,107.853091770349,113.03227496085131,0.3683298188350064,2.0,0.010306929676326626,1015.0,1101.0,1149.9799999999998,0.8826240456355764,0.9574079549209553,0.0,0.375,-18.363519883165306,313,150,69.1369226082915
348,Morgan St.,MEAC,5-26,81.22513885809218,320,108.26828612885663,354,0.035401556884339956,348,6.0,25.0,3.0,10.0,3-10,0.36965764128744105,0.4941802096676642,0.20778967285517674,0.36965764128744105,0.4941802096676642,0.20778967285517674,0.8418623078102814,0.7440971076206482,88.47759435653187,92.03445191618222,88.47759435653187,92.03445191618222,84.21612564063115,111.91726821462869,68.25232812880033,102.18708509582927,0.009552743833481968,3.0,-0.05787980150597169,763.0,883.0,913.3399999999999,0.8353953620776492,0.9667812643703332,0.0,0.23076923076923078,-21.889896657118378,345,318,67.85180488735381
349,New Haven,NEC,7-22,78.41245690123424,337,105.0486106034106,337,0.03346994348501169,349,7.0,22.0,5.0,13.0,5-13,0.1840949536072756,0.27706092454268794,0.1272824158134126,0.1840949536072756,0.27706092454268794,0.1272824158134126,0.9446352258282715,0.9015846371070965,84.72975952717265,101.63587555731254,84.72975952717265,101.63587555731254,79.93105213126648,105.04731554973434,0.0,0.0,0.0,0.0,-0.12993251479161197,1047.0,1105.0,1181.3400000000001,0.8862816801259585,0.9353784685188006,0.0,0.2777777777777778,-20.80232267789811,336,362,64.60158831882755
350,Le Moyne,NEC,12-21,79.89134538542123,328,108.0153234152646,351,0.030222966281870465,350,12.0,21.0,9.0,9.0,9-9,0.27854099966975365,0.46996937445708065,0.12765097668467104,0.27854099966975365,0.46996937445708065,0.12765097668467104,0.8761886045687863,0.747953862880386,87.14591525746472,98.75684797084783,87.14591525746472,98.75684797084783,79.00422856970633,107.86222618849685,65.05553629889506,109.87058622723683,0.0024076067657650075,2.0,0.09329776572522863,1065.0,1133.0,1193.48,0.8923484264503804,0.9493246640077756,0.0,0.5,-17.736259890741792,305,15,66.28543214903782
351,New Orleans,Slnd,3-27,78.90273790158939,334,107.60733616930223,349,0.027434440272397272,351,4.0,26.0,3.0,19.0,3-19,0.3662527430665527,0.6133296109810122,0.2764066092794763,0.3662527430665527,0.6133296109810122,0.2764066092794763,0.8566190353317453,0.6351669706139471,91.12064994013451,95.19939958771054,91.12064994013451,95.19939958771054,77.95228224220584,107.81439044797693,81.623532720569,104.71705426006223,0.05390292841832576,2.0,-0.04057189884788928,1350.0,1696.0,1673.84,0.8065287004731635,1.0132390192611003,0.0,0.13636363636363635,-23.501554946822814,356,280,75.8990347913102
352,Bethune Cookman,SWAC,7-26,77.42884967026808,344,105.70789620790383,340,0.027114923504068463,352,8.0,25.0,4.0,14.0,4-14,0.24571014261599644,0.4641504736977069,0.1116073074334941,0.24571014261599644,0.4641504736977069,0.1116073074334941,0.8925250754704326,0.7518137644597208,85.07762840150612,96.71396373888211,85.07762840150612,96.71396373888211,77.84816511576484,107.23453073161625,71.3982516775266,92.82270365443964,0.04662792669628925,2.0,-0.09174881443226254,1001.0,1118.0,1221.22,0.819672131147541,0.9154779646582925,0.0,0.2222222222222222,-23.110504500885177,353,351,67.3002255130371
353,Texas Southern,SWAC,10-21,79.81524146604201,329,109.4313998470752,359,0.02585115239018774,353,10.0,21.0,6.0,12.0,6-12,0.24412494745838728,0.4942395518503954,0.08943799030562,0.24412494745838728,0.4942395518503954,0.08943799030562,0.861299355939004,0.6611752831825292,85.76651552998334,95.90758983962367,85.76651552998334,95.90758983962367,79.36270262771728,108.02813982045546,76.55930677107784,97.47032870440405,0.058577207989598076,3.0,-0.03566595549148527,1162.0,1216.0,1347.9200000000003,0.8620689655172412,0.9021306902486792,0.0,0.3333333333333333,-17.14640837915791,291,274,73.2702966182739
354,Western Carolina,SC,3-26,76.02127798430726,352,105.24332353557324,338,0.02319137616786437,354,3.0,26.0,0.0,14.0,0-14,0.2943748536119654,0.357167596800417,0.23012816612459203,0.2943748536119654,0.357167596800417,0.23012816612459203,0.8895078980732843,0.8110244035984032,89.23208097075756,95.41040742099457,89.23208097075756,95.41040742099457,76.12414380180748,103.87519319275295,70.25561033243933,91.46902400276902,0.04589609958192165,3.0,-0.09386392671240358,735.0,923.0,939.9399999999999,0.7819648062642297,0.9819775730365768,0.0,0.0,-23.41297883186117,355,352,68.51952088470577
355,Valparaiso,MVC,0-32,74.26705426381984,357,103.66914559870231,329,0.02113058728660215,355,0.0,32.0,0.0,20.0,0-20,0.43582368059655685,0.4331439432426107,0.44132580164258783,0.43582368059655685,0.4331439432426107,0.44132580164258783,0.8769667563915988,0.8428475559629246,94.10272146110134,96.4095820886959,94.10272146110134,96.4095820886959,74.54485443585224,104.08147391859474,79.72005030514298,91.26728806998642,0.17427604369507704,1.0,-0.0466561924354581,1145.0,1643.0,1508.8399999999997,0.7588611118475121,1.0889159884414519,0.0,0.0,-29.092440341416363,363,299,73.92241034343998
356,Mississippi Valley St.,SWAC,8-23,75.20603486154258,354,107.01065486968582,343,0.01702309480744978,356,8.0,23.0,6.0,12.0,6-12,0.2677945345573687,0.5962879014977763,0.09402346628879267,0.2677945345573687,0.5962879014977763,0.09402346628879267,0.8690882729732963,0.6567852289087847,84.79089929856708,97.16494417742967,84.79089929856708,97.16494417742967,75.04854998226503,106.51277462142623,74.52067755615865,112.28401910828936,0.008884864960091901,3.0,0.05034420468359821,1137.0,1278.0,1413.94,0.804135960507518,0.9038573065335163,0.0,0.3333333333333333,-19.61393215042312,320,52,75.44987392728774
357,Saint Francis,NEC,3-27,75.21698734127071,353,108.43623508206325,356,0.014679285329461968,357,4.0,26.0,3.0,15.0,3-15,0.2279158757813943,0.3446974643514784,0.12941780688801532,0.2279158757813943,0.3446974643514784,0.12941780688801532,0.9458228108281764,0.9251916094559335,85.71792647536644,100.00073004951685,85.71792647536644,100.00073004951685,75.4488995751398,108.32411825299845,0.0,0.0,0.0,0.0,-0.08724697289595953,1061.0,1213.0,1262.6799999999998,0.8402762378433175,0.9606551145183262,0.0,0.16666666666666666,-25.883011257709228,362,346,70.73797390433825
358,Central Connecticut,NEC,2-27,74.71072679988673,355,109.80021740292511,360,0.011798123269510486,358,2.0,27.0,2.0,16.0,2-16,0.2393320830554346,0.4186551510259564,0.1297457637401157,0.2393320830554346,0.4186551510259564,0.1297457637401157,0.9111576609474974,0.8138457557422335,85.97777002104426,99.92234047312559,85.97777002104426,99.92234047312559,73.90655619204136,111.03884623854479,51.327803001693695,93.44266608353377,0.0010170535006384614,1.0,-0.07956589817470855,1018.0,1272.0,1263.84,0.8054817065451323,1.0064565134827195,0.0,0.1111111111111111,-24.942456228531206,359,341,70.3349922601516
359,Niagara,MAAC,1-28,70.93702479551365,361,105.47102921426256,339,0.01033936412792156,359,1.0,28.0,1.0,19.0,1-19,0.3329269419321589,0.45844583394499083,0.2764434405263846,0.3329269419321589,0.45844583394499083,0.2764434405263846,0.855510113365947,0.7521486645137021,88.3323622894197,94.91785895667334,88.3323622894197,94.91785895667334,72.36758876515444,107.0253622448932,68.96680043043806,100.6171084140127,0.012824172246322022,2.0,-0.03171477191365128,1055.0,1483.0,1470.2199999999998,0.717579681952361,1.008692576621186,0.0,0.05,-24.557201292138334,357,260,74.24633505464388
360,South Carolina St.,MEAC,5-25,68.55230389920698,362,106.2080454295899,341,0.006465857662802943,360,5.0,25.0,2.0,11.0,2-11,0.2622447844303169,0.28945020588655396,0.21079031754430133,0.2622447844303169,0.28945020588655396,0.21079031754430133,0.9034921614710488,0.8564708622464967,85.5669469002306,95.17736068267428,85.5669469002306,95.17736068267428,69.35011197767815,105.0761107711033,73.85438146178804,90.2973726616684,0.0901627127360697,2.0,0.048634662378580995,659.0,929.0,985.8200000000002,0.6684790326834512,0.9423627031303887,0.0,0.15384615384615385,-22.634674951055214,350,55,71.17229929400277
361,Presbyterian,BSth,3-27,72.3937752854315,359,113.54175566536551,362,0.005621167176570401,361,3.0,27.0,1.0,15.0,1-15,0.2431332391475345,0.33866701484542977,0.17818467278129885,0.2431332391475345,0.33866701484542977,0.17818467278129885,0.9293239363436634,0.8775274600049717,85.72210040555515,97.02413067500244,85.72210040555515,97.02413067500244,71.45898070566612,113.97938361595044,63.172142505822535,104.1309779860159,0.0031804722992319714,1.0,-0.014173403910964014,831.0,1181.0,1130.6599999999996,0.7349689561848834,1.04452266817611,0.0,0.0625,-25.386983737737825,361,214,69.095195016281
362,Prairie View A&M,SWAC,2-28,68.51542026651227,363,109.13822937432012,357,0.004707411101963173,362,2.0,28.0,0.0,18.0,0-18,0.2404189729773013,0.5045557098150008,0.09141296036369988,0.2404189729773013,0.5045557098150008,0.09141296036369988,0.8851701810648749,0.7082865045302111,85.01434236849728,96.46221620569933,85.01434236849728,96.46221620569933,67.95533461446776,109.15993446081043,81.49936232250808,99.84546653305749,0.08827936035824546,2.0,-0.06863816385954453,969.0,1277.0,1346.02,0.7199001500720643,0.9487229015913582,0.0,0.0,-25.06590468368576,360,332,73.54758665895329
363,Bellarmine,ASun,2-30,71.87016119901904,360,116.73367880614879,363,0.0037662952881216964,363,2.0,30.0,0.0,18.0,0-18,0.45531757212875057,0.5554804861200074,0.3800835124779538,0.45531757212875057,0.5554804861200074,0.3800835124779538,0.8062311141536118,0.6521486012151138,93.13546142353265,92.38083863942488,93.13546142353265,92.38083863942488,68.61588548952011,117.65271378027626,59.94805841949769,97.23518697346883,0.0038263020928495637,4.0,0.020097328149138047,813.0,1466.0,1248.8600000000001,0.6509937062601091,1.1738705699598033,0.0,0.0,-24.757487564636598,358,124,69.80559355777872
