game_id,team,jersey,player,started,min,fg_m,fg_a,fg_pct,3p_m,3p_a,3p_pct,ft_m,ft_a,ft_pct,oreb,dreb,reb,pf,ast,to,blk,stl,pts
2020-11-25_uc_davis_san_francisco,San Francisco,21,"Krimili, Ioanna",True,27,7,11,0.636,6,8,0.75,2,2,1.0,0,1,1,3,0,1,0,1,22
2020-11-25_uc_davis_san_francisco,San Francisco,05,"Langer, Amalie",True,32,6,13,0.462,2,4,0.5,3,4,0.75,0,1,1,4,3,1,0,1,17
2020-11-25_uc_davis_san_francisco,San Francisco,13,"Hoskova, Lucie",True,30,4,13,0.308,0,0,,4,7,0.571,7,2,9,4,1,2,0,0,12
2020-11-25_uc_davis_san_francisco,San Francisco,34,"Vigil, Leilah",True,23,6,11,0.545,0,0,,0,1,0.0,2,8,10,4,2,1,0,1,12
2020-11-25_uc_davis_san_francisco,San Francisco,55,"Rathbun, Abby",True,28,0,2,0.0,0,1,0.0,0,0,,1,4,5,2,0,1,1,2,0
2020-11-25_uc_davis_san_francisco,San Francisco,12,"Persson, Sofia",False,28,3,8,0.375,1,3,0.333,1,2,0.5,0,2,2,2,2,1,0,0,8
2020-11-25_uc_davis_san_francisco,San Francisco,24,"Kostic, Lucija",False,16,1,5,0.2,0,0,,0,0,,0,3,3,2,3,1,0,2,2
2020-11-25_uc_davis_san_francisco,San Francisco,03,"Galic, Marta",False,4,1,3,0.333,0,0,,0,0,,0,0,0,1,0,0,0,0,2
2020-11-25_uc_davis_san_francisco,San Francisco,02,"Vaalavirta, Kia",False,10,0,1,0.0,0,1,0.0,0,0,,0,1,1,1,1,0,0,1,0
2020-11-25_uc_davis_san_francisco,San Francisco,32,"Nielacna, Julia",False,2,0,0,,0,0,,0,0,,1,0,1,1,0,1,0,0,0
2020-11-25_uc_davis_san_francisco,San Francisco,04,"Klavina, Marianna",False,,0,0,,0,0,,0,0,,0,0,0,0,0,0,0,1,0
2020-11-25_uc_davis_san_francisco,San Francisco,TM,TEAM,False,0,0,0,,0,0,,0,0,,0,1,1,0,0,0,0,0,0
2020-11-25_uc_davis_san_francisco,UC Davis,15,"Turner, Evanne",True,34,7,10,0.7,3,5,0.6,2,3,0.667,0,2,2,3,1,1,0,0,19
2020-11-25_uc_davis_san_francisco,UC Davis,32,"Hall, Cierra",True,35,5,12,0.417,1,2,0.5,4,4,1.0,4,7,11,3,5,4,1,0,15
2020-11-25_uc_davis_san_francisco,UC Davis,11,"Stobbart, Sage",True,34,6,12,0.5,0,1,0.0,3,3,1.0,1,8,9,3,1,2,5,0,15
2020-11-25_uc_davis_san_francisco,UC Davis,00,"Trpcic, Mackenzie",True,37,3,7,0.429,1,2,0.5,3,6,0.5,2,2,4,4,5,6,0,0,10
2020-11-25_uc_davis_san_francisco,UC Davis,23,"Konrad, Kayla",True,33,4,9,0.444,1,2,0.5,1,2,0.5,0,3,3,4,0,0,0,0,10
2020-11-25_uc_davis_san_francisco,UC Davis,10,"Svanholm, Lena",False,12,3,6,0.5,0,1,0.0,2,2,1.0,0,2,2,0,1,1,0,0,8
2020-11-25_uc_davis_san_francisco,UC Davis,04,"Carreon, Allie",False,11,1,2,0.5,1,1,1.0,0,0,,0,2,2,0,0,0,0,0,3
2020-11-25_uc_davis_san_francisco,UC Davis,14,"Gibb, Emma",False,4,0,1,0.0,0,0,,2,2,1.0,1,0,1,1,0,0,1,0,2
2020-11-25_uc_davis_san_francisco,UC Davis,TM,TEAM,False,0,0,0,,0,0,,0,0,,1,6,7,0,0,0,0,0,0
2020-11-25_stanford_cal_poly,Cal Poly,52,"Campisano, Sierra",True,34,5,19,0.263,2,5,0.4,1,2,0.5,1,5,6,4,2,3,0,1,13
2020-11-25_stanford_cal_poly,Cal Poly,1,"Ellis, Abbey",True,30,3,10,0.3,0,1,0.0,0,0,,0,2,2,4,1,6,0,1,6
2020-11-25_stanford_cal_poly,Cal Poly,33,"Willett, Maddie",True,14,1,8,0.125,1,4,0.25,0,0,,2,1,3,3,0,3,0,0,3
2020-11-25_stanford_cal_poly,Cal Poly,25,"Brown, Kirsty",True,19,1,4,0.25,0,0,,0,0,,2,0,2,5,0,2,0,0,2
2020-11-25_stanford_cal_poly,Cal Poly,5,"Holt, Malia",True,18,1,1,1.0,0,0,,0,0,,1,1,2,1,1,1,0,0,2
2020-11-25_stanford_cal_poly,Cal Poly,2,"Govan, Chantel",False,20,2,6,0.333,1,1,1.0,2,2,1.0,0,2,2,1,1,1,0,0,7
2020-11-25_stanford_cal_poly,Cal Poly,14,"Scanlan, Hannah",False,12,1,2,0.5,0,0,,1,2,0.5,1,2,3,1,0,1,0,0,3
2020-11-25_stanford_cal_poly,Cal Poly,13,"Vick, Maddie",False,23,1,3,0.333,0,0,,0,0,,0,3,3,1,2,3,0,1,2
2020-11-25_stanford_cal_poly,Cal Poly,15,"Hunter, Leslie",False,5,1,3,0.333,0,1,0.0,0,0,,1,0,1,2,0,3,0,0,2
2020-11-25_stanford_cal_poly,Cal Poly,22,"Peterson, Hannah",False,11,0,3,0.0,0,2,0.0,0,0,,0,1,1,2,1,1,0,0,0
2020-11-25_stanford_cal_poly,Cal Poly,24,"Stachowski, Zoe",False,7,0,2,0.0,0,0,,0,0,,1,0,1,4,0,2,0,0,0
2020-11-25_stanford_cal_poly,Cal Poly,31,"Silvestri, Gianna",False,5,0,4,0.0,0,4,0.0,0,0,,0,1,1,0,0,0,0,0,0
2020-11-25_stanford_cal_poly,Cal Poly,3,"Svetich, Lily",False,2,0,0,,0,0,,0,0,,0,0,0,0,0,0,0,0,0
2020-11-25_stanford_cal_poly,Cal Poly,TM,TEAM,False,0,0,0,,0,0,,0,0,,8,3,11,0,0,0,0,0,0
2020-11-25_stanford_cal_poly,Stanford,12,"Hull, Lexie",True,20,7,10,0.7,4,5,0.8,1,2,0.5,0,2,2,2,2,2,1,0,19
2020-11-25_stanford_cal_poly,Stanford,30,"Jones, Haley",True,25,6,10,0.6,0,1,0.0,4,6,0.667,3,8,11,1,3,0,1,1,16
2020-11-25_stanford_cal_poly,Stanford,23,"Williams, Kiana",True,26,5,11,0.455,3,6,0.5,0,0,,0,5,5,0,3,0,0,2,13
2020-11-25_stanford_cal_poly,Stanford,3,"Wilson, Anna",True,17,0,2,0.0,0,1,0.0,2,2,1.0,1,1,2,2,2,1,1,1,2
2020-11-25_stanford_cal_poly,Stanford,5,"Belibi, Francesca",True,11,1,2,0.5,0,0,,0,0,,0,3,3,1,3,2,0,1,2
2020-11-25_stanford_cal_poly,Stanford,22,"Brink, Cameron",False,19,6,7,0.857,0,0,,5,10,0.5,2,4,6,0,1,0,1,1,17
2020-11-25_stanford_cal_poly,Stanford,33,"Jump, Hannah",False,20,6,11,0.545,3,7,0.429,0,0,,0,1,1,2,2,1,0,1,15
2020-11-25_stanford_cal_poly,Stanford,4,"van Gytenbeek, Jana",False,14,2,4,0.5,2,4,0.5,3,4,0.75,0,1,1,0,5,0,0,2,9
2020-11-25_stanford_cal_poly,Stanford,2,"Emma-nnopu, Agnes",False,15,3,5,0.6,1,1,1.0,1,2,0.5,5,1,6,1,1,2,0,1,8
2020-11-25_stanford_cal_poly,Stanford,11,"Prechtel, Ashten",False,18,2,7,0.286,1,3,0.333,2,5,0.4,3,0,3,2,4,0,2,0,7
2020-11-25_stanford_cal_poly,Stanford,24,"Hull, Lacie",False,8,0,1,0.0,0,1,0.0,0,0,,0,1,1,0,0,0,0,0,0
2020-11-25_stanford_cal_poly,Stanford,10,"Jerome, Alyssa",False,7,0,2,0.0,0,1,0.0,0,0,,0,2,2,2,0,0,0,1,0
2020-11-25_stanford_cal_poly,Stanford,TM,TEAM,False,0,0,0,,0,0,,0,0,,4,3,7,0,0,0,0,0,0
2020-11-27_ucla_cal_st_fullerton,Cal St. Fullerton,13,"Book, Amiee",True,36,6,12,0.5,4,8,0.5,4,6,0.667,1,2,3,3,0,3,0,0,20
2020-11-27_ucla_cal_st_fullerton,Cal St. Fullerton,10,"Nieto, Megan",True,17,2,3,0.667,0,0,,2,2,1.0,0,1,1,5,0,0,0,1,6
2020-11-27_ucla_cal_st_fullerton,Cal St. Fullerton,04,"Vidmar, Gabi",True,25,2,7,0.286,1,5,0.2,0,0,,1,1,2,2,2,4,0,0,5
2020-11-27_ucla_cal_st_fullerton,Cal St. Fullerton,00,"Frey, Anniken",True,31,1,3,0.333,0,2,0.0,0,0,,0,0,0,3,4,9,0,0,2
2020-11-27_ucla_cal_st_fullerton,Cal St. Fullerton,05,"Rodarte, Clarissa",True,16,1,5,0.2,0,2,0.0,0,0,,0,2,2,0,0,1,0,0,2
2020-11-27_ucla_cal_st_fullerton,Cal St. Fullerton,32,"Lewis, Ashlee",False,19,3,8,0.375,0,0,,2,2,1.0,1,5,6,4,0,2,1,0,8
2020-11-27_ucla_cal_st_fullerton,Cal St. Fullerton,11,"Krupa, Joy",False,24,2,6,0.333,0,2,0.0,1,2,0.5,2,5,7,2,3,2,0,2,5
2020-11-27_ucla_cal_st_fullerton,Cal St. Fullerton,33,"Stratford, Bella",False,13,0,2,0.0,0,1,0.0,1,2,0.5,0,1,1,2,0,2,0,1,1
2020-11-27_ucla_cal_st_fullerton,Cal St. Fullerton,24,"Neff, Kathryn",False,14,0,3,0.0,0,2,0.0,0,0,,0,1,1,0,1,0,0,0,0
2020-11-27_ucla_cal_st_fullerton,Cal St. Fullerton,15,"Mensah, Janette",False,5,0,1,0.0,0,0,,0,0,,1,0,1,2,0,1,0,0,0
2020-11-27_ucla_cal_st_fullerton,Cal St. Fullerton,TM,TEAM,False,0,0,0,,0,0,,0,0,,3,3,6,0,0,1,0,0,0
2020-11-27_ucla_cal_st_fullerton,UCLA,20,"Osborne, Charisma",True,32,9,16,0.562,4,9,0.444,9,9,1.0,2,2,4,2,6,1,0,2,31
2020-11-27_ucla_cal_st_fullerton,UCLA,21,"Onyenwere, Michaela",True,32,10,15,0.667,2,3,0.667,0,2,0.0,3,5,8,1,4,1,2,0,22
2020-11-27_ucla_cal_st_fullerton,UCLA,23,"Chou, Natalie",True,32,5,12,0.417,2,6,0.333,4,5,0.8,3,4,7,1,2,2,1,4,16
2020-11-27_ucla_cal_st_fullerton,UCLA,33,"Miller, Lauryn",True,22,4,6,0.667,0,0,,4,6,0.667,2,2,4,4,2,1,1,0,12
2020-11-27_ucla_cal_st_fullerton,UCLA,04,"Corsaro, Lindsey",True,33,0,6,0.0,0,1,0.0,2,2,1.0,0,2,2,3,1,0,0,2,2
2020-11-27_ucla_cal_st_fullerton,UCLA,11,"Bessoir, Emily",False,23,2,7,0.286,0,2,0.0,3,8,0.375,3,5,8,4,1,1,0,2,7
2020-11-27_ucla_cal_st_fullerton,UCLA,35,"Brown, Camryn",False,23,3,6,0.5,0,1,0.0,0,0,,6,1,7,1,3,1,0,3,6
2020-11-27_ucla_cal_st_fullerton,UCLA,00,"Horvat, Chantel",False,3,1,2,0.5,0,1,0.0,0,0,,0,1,1,1,0,0,0,0,2
2020-11-27_ucla_cal_st_fullerton,UCLA,TM,TEAM,False,0,0,0,,0,0,,0,0,,0,1,1,0,0,0,0,0,0
2020-11-28_uc_irvine_california_baptist,California Baptist,3,"Olaeta, Ane",True,36,8,12,0.667,1,4,0.25,0,0,,0,7,7,1,5,5,0,7,17
2020-11-28_uc_irvine_california_baptist,California Baptist,32,"Thomas, Britney",True,19,4,9,0.444,0,0,,2,4,0.5,2,7,9,0,1,0,0,1,10
2020-11-28_uc_irvine_california_baptist,California Baptist,14,"Palma, Sydney",True,24,3,7,0.429,2,4,0.5,0,0,,1,4,5,4,5,3,0,1,8
2020-11-28_uc_irvine_california_baptist,California Baptist,13,"Neale, Tiena",True,20,3,4,0.75,1,2,0.5,0,0,,0,2,2,3,2,1,0,0,7
2020-11-28_uc_irvine_california_baptist,California Baptist,21,"Wu, Taylor",True,21,2,6,0.333,1,2,0.5,0,0,,0,2,2,1,1,3,0,1,5
2020-11-28_uc_irvine_california_baptist,California Baptist,2,"Avila-ambrosi, Nicole",False,28,4,9,0.444,4,6,0.667,2,5,0.4,2,0,2,2,1,2,1,0,14
2020-11-28_uc_irvine_california_baptist,California Baptist,34,"Harper, Caitlyn",False,20,3,9,0.333,0,1,0.0,2,2,1.0,2,5,7,4,0,3,1,1,8
2020-11-28_uc_irvine_california_baptist,California Baptist,1,"Wu, Dorcas",False,13,1,5,0.2,0,1,0.0,1,2,0.5,1,6,7,1,0,2,0,0,3
2020-11-28_uc_irvine_california_baptist,California Baptist,24,"Klaman, Brittany",False,18,0,4,0.0,0,4,0.0,0,0,,0,3,3,3,3,0,0,0,0
2020-11-28_uc_irvine_california_baptist,California Baptist,11,"Bravington, Eliana",False,1,0,0,,0,0,,0,0,,0,0,0,0,0,0,0,1,0
2020-11-28_uc_irvine_california_baptist,California Baptist,TM,TEAM,False,0,0,0,,0,0,,0,0,,1,4,5,0,0,0,0,0,0
2020-11-28_uc_irvine_california_baptist,UC Irvine,4,"Williams, Kayla",True,35,4,19,0.211,0,5,0.0,3,4,0.75,0,4,4,0,2,5,0,2,11
2020-11-28_uc_irvine_california_baptist,UC Irvine,35,"Locandro, Sophia",True,29,3,12,0.25,0,2,0.0,5,6,0.833,3,3,6,2,0,3,2,1,11
2020-11-28_uc_irvine_california_baptist,UC Irvine,10,"Cadee, Jayde",True,29,3,9,0.333,2,7,0.286,1,2,0.5,2,3,5,1,1,2,0,0,9
2020-11-28_uc_irvine_california_baptist,UC Irvine,21,"Talbert, Haleigh",True,30,2,11,0.182,0,3,0.0,3,3,1.0,3,1,4,1,2,1,1,2,7
2020-11-28_uc_irvine_california_baptist,UC Irvine,11,"Garza, Tahlia",True,10,2,4,0.5,0,0,,0,0,,2,5,7,0,0,0,0,1,4
2020-11-28_uc_irvine_california_baptist,UC Irvine,20,"Guglielmo, Dani",False,29,2,7,0.286,2,7,0.286,0,0,,2,3,5,2,0,0,0,0,6
2020-11-28_uc_irvine_california_baptist,UC Irvine,23,"Baker, Victoria",False,25,1,7,0.143,1,4,0.25,3,6,0.5,1,2,3,4,0,2,0,2,6
2020-11-28_uc_irvine_california_baptist,UC Irvine,24,"Kapinga, Melodie",False,13,0,2,0.0,0,0,,1,2,0.5,1,4,5,2,2,2,0,0,1
2020-11-28_uc_irvine_california_baptist,UC Irvine,TM,TEAM,False,0,0,0,,0,0,,0,0,,2,3,5,0,0,0,0,0,0
2020-11-29_california_csu_bakersfield,CSU Bakersfield,11,"Green, Lexus",True,38,7,12,0.583,1,2,0.5,0,0,,1,2,3,1,5,1,0,2,15
2020-11-29_california_csu_bakersfield,CSU Bakersfield,54,"Austin, Vanessa",True,22,5,6,0.833,0,0,,0,0,,1,1,2,2,0,1,1,1,10
2020-11-29_california_csu_bakersfield,CSU Bakersfield,22,"Easley, Andie",True,29,3,7,0.429,2,6,0.333,1,1,1.0,1,2,3,4,5,2,1,0,9
2020-11-29_california_csu_bakersfield,CSU Bakersfield,23,"Saxon, Miracle",True,30,2,11,0.182,0,0,,0,0,,3,9,12,1,2,5,0,2,4
2020-11-29_california_csu_bakersfield,CSU Bakersfield,04,"Dixon, Jasmin",True,24,1,5,0.2,0,4,0.0,0,0,,0,0,0,3,1,0,0,0,2
2020-11-29_california_csu_bakersfield,CSU Bakersfield,13,"Herrera, Soli",False,15,4,7,0.571,0,0,,0,0,,0,0,0,1,0,0,1,0,8
2020-11-29_california_csu_bakersfield,CSU Bakersfield,10,"Eggleston, Jayden",False,24,3,7,0.429,0,1,0.0,0,0,,2,5,7,4,4,0,0,0,6
2020-11-29_california_csu_bakersfield,CSU Bakersfield,12,"Tougas, Sophia",False,15,2,3,0.667,2,2,1.0,0,0,,1,2,3,2,0,0,0,0,6
2020-11-29_california_csu_bakersfield,CSU Bakersfield,24,"Bridges-Bey, Sage",False,2,0,0,,0,0,,0,0,,0,0,0,0,0,1,0,0,0
2020-11-29_california_csu_bakersfield,CSU Bakersfield,21,"Singleton, Tyonna",False,1,0,0,,0,0,,0,0,,0,0,0,1,0,1,0,0,0
2020-11-29_california_csu_bakersfield,CSU Bakersfield,TM,TEAM,False,0,0,0,,0,0,,0,0,,1,2,3,0,0,2,0,0,0
2020-11-29_california_csu_bakersfield,California,14,"Elsnitz, Alma",True,35,4,11,0.364,0,2,0.0,6,7,0.857,3,1,4,2,1,3,0,2,14
2020-11-29_california_csu_bakersfield,California,01,"McIntosh, Leilani",True,40,5,12,0.417,2,3,0.667,0,0,,3,3,6,1,0,2,0,1,12
2020-11-29_california_csu_bakersfield,California,03,"Daniels, Dalayah",True,35,2,10,0.2,0,3,0.0,5,7,0.714,3,3,6,1,2,2,0,1,9
2020-11-29_california_csu_bakersfield,California,24,"Lutje Schipholt, Evelien",True,26,1,4,0.25,0,0,,0,0,,2,4,6,1,2,2,1,0,2
2020-11-29_california_csu_bakersfield,California,31,"Muca, Ornela",True,25,0,9,0.0,0,6,0.0,2,2,1.0,1,0,1,0,0,2,0,1,2
2020-11-29_california_csu_bakersfield,California,32,"Heide, Sela",False,18,2,3,0.667,0,0,,3,3,1.0,2,4,6,1,0,1,1,0,7
2020-11-29_california_csu_bakersfield,California,00,"Onyiah, Ugonne",False,11,2,4,0.5,0,0,,1,2,0.5,2,1,3,0,0,1,0,0,5
2020-11-29_california_csu_bakersfield,California,33,"Samb, Fatou",False,10,0,0,,0,0,,1,2,0.5,0,1,1,1,0,1,0,0,1
2020-11-29_california_csu_bakersfield,California,TM,TEAM,False,0,0,0,,0,0,,0,0,,1,4,5,0,0,1,0,0,0
2020-12-02_cal_st_fullerton_unlv,UNLV,14,Bailey Thomas,True,39,8,8,1.0,6,6,1.0,4,6,0.667,0,3,3,4,2,1,0,4,26
2020-12-02_cal_st_fullerton_unlv,UNLV,05,Jade Thomas,True,37,4,9,0.444,4,5,0.8,4,8,0.5,1,2,3,1,1,1,0,1,16
2020-12-02_cal_st_fullerton_unlv,UNLV,21,Delaynie Byrne,True,26,2,5,0.4,1,4,0.25,4,4,1.0,2,1,3,3,2,1,1,0,9
2020-12-02_cal_st_fullerton_unlv,UNLV,30,Nia Johnson,True,16,1,9,0.111,1,5,0.2,0,0,,1,3,4,2,1,1,0,1,3
2020-12-02_cal_st_fullerton_unlv,UNLV,15,Keyana Wilfred,True,9,0,2,0.0,0,0,,0,0,,2,1,3,4,0,3,1,1,0
2020-12-02_cal_st_fullerton_unlv,UNLV,12,Anna Blount,False,21,3,6,0.5,0,0,,6,8,0.75,1,4,5,3,1,2,0,1,12
2020-12-02_cal_st_fullerton_unlv,UNLV,23,Desi-Rae Young,False,11,4,6,0.667,0,0,,2,5,0.4,2,2,4,5,2,3,0,0,10
2020-12-02_cal_st_fullerton_unlv,UNLV,10,Jacinta Buckley,False,14,1,9,0.111,0,2,0.0,0,0,,2,1,3,1,0,0,1,1,2
2020-12-02_cal_st_fullerton_unlv,UNLV,22,Tianna Carter,False,12,0,3,0.0,0,1,0.0,2,2,1.0,0,3,3,0,1,1,0,1,2
2020-12-02_cal_st_fullerton_unlv,UNLV,02,Jasmine Singleton,False,15,0,1,0.0,0,1,0.0,1,2,0.5,1,1,2,2,2,4,0,2,1
2020-12-02_cal_st_fullerton_unlv,UNLV,TM,TEAM,False,0,0,0,,0,0,,0,0,,0,0,0,0,0,0,0,0,0
2020-12-02_cal_st_fullerton_unlv,Cal St. Fullerton,13,"Book, Amiee",True,32,6,13,0.462,2,5,0.4,2,3,0.667,1,3,4,2,1,3,1,1,16
2020-12-02_cal_st_fullerton_unlv,Cal St. Fullerton,11,"Krupa, Joy",True,36,3,12,0.25,0,2,0.0,6,8,0.75,2,10,12,4,7,2,4,2,12
2020-12-02_cal_st_fullerton_unlv,Cal St. Fullerton,00,"Frey, Anniken",True,38,4,6,0.667,1,3,0.333,2,3,0.667,0,2,2,1,5,8,0,0,11
2020-12-02_cal_st_fullerton_unlv,Cal St. Fullerton,10,"Nieto, Megan",True,17,2,3,0.667,0,0,,3,8,0.375,1,3,4,3,1,4,0,0,7
2020-12-02_cal_st_fullerton_unlv,Cal St. Fullerton,05,"Rodarte, Clarissa",True,21,0,3,0.0,0,0,,2,2,1.0,0,0,0,3,0,3,0,0,2
2020-12-02_cal_st_fullerton_unlv,Cal St. Fullerton,24,"Neff, Kathryn",False,13,2,2,1.0,2,2,1.0,0,0,,0,0,0,2,0,1,0,0,6
2020-12-02_cal_st_fullerton_unlv,Cal St. Fullerton,04,"Vidmar, Gabi",False,14,2,4,0.5,1,3,0.333,0,0,,0,1,1,3,1,2,0,1,5
2020-12-02_cal_st_fullerton_unlv,Cal St. Fullerton,22,"Freemon, Madison",False,16,2,4,0.5,0,0,,0,0,,0,1,1,1,0,0,0,0,4
2020-12-02_cal_st_fullerton_unlv,Cal St. Fullerton,32,"Lewis, Ashlee",False,8,2,3,0.667,0,0,,0,0,,0,3,3,5,0,2,0,0,4
2020-12-02_cal_st_fullerton_unlv,Cal St. Fullerton,33,"Stratford, Bella",False,5,0,0,,0,0,,0,0,,0,2,2,0,0,0,0,0,0
2020-12-02_cal_st_fullerton_unlv,Cal St. Fullerton,TM,TEAM,False,0,0,0,,0,0,,0,0,,0,0,0,0,0,0,0,0,0
2020-12-03_loyola_marymount_uc_irvine,UC Irvine,21,"Talbert, Haleigh",True,36,5,15,0.333,3,10,0.3,2,3,0.667,2,3,5,1,2,1,0,0,15
2020-12-03_loyola_marymount_uc_irvine,UC Irvine,4,"Williams, Kayla",True,35,6,18,0.333,2,8,0.25,0,0,,0,1,1,4,2,3,0,2,14
2020-12-03_loyola_marymount_uc_irvine,UC Irvine,35,"Locandro, Sophia",True,26,5,10,0.5,0,0,,4,8,0.5,6,2,8,3,1,1,1,1,14
2020-12-03_loyola_marymount_uc_irvine,UC Irvine,10,"Cadee, Jayde",True,14,1,4,0.25,1,4,0.25,0,0,,0,2,2,2,0,1,0,0,3
2020-12-03_loyola_marymount_uc_irvine,UC Irvine,20,"Guglielmo, Dani",True,24,0,4,0.0,0,3,0.0,0,0,,0,2,2,4,0,1,0,0,0
2020-12-03_loyola_marymount_uc_irvine,UC Irvine,2,"Webb, Chloe",False,15,1,1,1.0,0,0,,2,4,0.5,1,3,4,2,1,3,0,0,4
2020-12-03_loyola_marymount_uc_irvine,UC Irvine,11,"Garza, Tahlia",False,12,2,6,0.333,0,0,,0,0,,2,3,5,2,1,0,0,0,4
2020-12-03_loyola_marymount_uc_irvine,UC Irvine,24,"Kapinga, Melodie",False,5,1,3,0.333,0,0,,0,0,,0,0,0,1,0,0,0,0,2
2020-12-03_loyola_marymount_uc_irvine,UC Irvine,15,"Seaton, Alexus",False,21,0,5,0.0,0,2,0.0,0,0,,0,0,0,1,1,0,0,2,0
2020-12-03_loyola_marymount_uc_irvine,UC Irvine,23,"Baker, Victoria",False,12,0,1,0.0,0,1,0.0,0,0,,2,1,3,2,2,3,0,0,0
2020-12-03_loyola_marymount_uc_irvine,UC Irvine,TM,TEAM,False,0,0,0,,0,0,,0,0,,5,1,6,0,0,1,0,0,0
2020-12-03_loyola_marymount_uc_irvine,Loyola Marymount,34,"Clark, Khari",True,37,9,13,0.692,0,0,,1,2,0.5,2,7,9,2,3,1,0,2,19
2020-12-03_loyola_marymount_uc_irvine,Loyola Marymount,2,"Ellington , Ciera",True,36,8,14,0.571,1,3,0.333,1,2,0.5,0,5,5,2,3,4,1,1,18
2020-12-03_loyola_marymount_uc_irvine,Loyola Marymount,30,"Klimek, Natalia",True,32,3,10,0.3,3,8,0.375,3,4,0.75,0,4,4,2,2,2,0,2,12
2020-12-03_loyola_marymount_uc_irvine,Loyola Marymount,42,"Mandel, Meghan",True,32,2,2,1.0,0,0,,4,4,1.0,4,4,8,3,3,3,3,0,8
2020-12-03_loyola_marymount_uc_irvine,Loyola Marymount,24,"Rodriguez, Nicole",True,39,1,7,0.143,1,5,0.2,4,4,1.0,0,6,6,2,6,4,1,0,7
2020-12-03_loyola_marymount_uc_irvine,Loyola Marymount,3,"Gipson, Chelsey",False,13,1,3,0.333,0,2,0.0,0,0,,0,3,3,0,0,1,0,1,2
2020-12-03_loyola_marymount_uc_irvine,Loyola Marymount,11,"Herdman, Haley",False,11,0,2,0.0,0,2,0.0,0,0,,0,0,0,2,0,1,0,0,0
2020-12-03_loyola_marymount_uc_irvine,Loyola Marymount,TM,TEAM,False,0,0,0,,0,0,,0,0,,2,1,3,0,0,2,0,0,0
2020-12-05_california_baptist_uc_riverside,UC Riverside,10,"Cooper, Keilanei",True,34,7,20,0.35,2,5,0.4,3,4,0.75,1,5,6,5,0,1,0,4,19
2020-12-05_california_baptist_uc_riverside,UC Riverside,24,"Gnago, Daphne",True,29,4,11,0.364,0,0,,1,2,0.5,3,6,9,2,1,1,1,2,9
2020-12-05_california_baptist_uc_riverside,UC Riverside,00,"Webster, Jordan",True,35,2,12,0.167,1,9,0.111,2,2,1.0,0,7,7,1,2,0,0,1,7
2020-12-05_california_baptist_uc_riverside,UC Riverside,3,"Campbell, Joy",True,13,1,2,0.5,0,0,,1,2,0.5,0,0,0,2,0,2,0,1,3
2020-12-05_california_baptist_uc_riverside,UC Riverside,12,"Kyrkjebo, Kari",True,15,1,5,0.2,0,3,0.0,0,0,,3,1,4,1,0,1,0,0,2
2020-12-05_california_baptist_uc_riverside,UC Riverside,23,"Aikins, India",False,21,3,8,0.375,0,2,0.0,2,2,1.0,2,2,4,1,1,0,0,0,8
2020-12-05_california_baptist_uc_riverside,UC Riverside,32,"Brady, Bryanna",False,9,2,2,1.0,0,0,,2,4,0.5,1,1,2,2,0,0,0,0,6
2020-12-05_california_baptist_uc_riverside,UC Riverside,13,"Ohiaeri, Georgia",False,21,0,5,0.0,0,1,0.0,4,4,1.0,0,1,1,0,2,4,0,2,4
2020-12-05_california_baptist_uc_riverside,UC Riverside,21,"Kasapi, Andriana",False,23,0,3,0.0,0,2,0.0,0,0,,1,2,3,0,2,1,0,0,0
2020-12-05_california_baptist_uc_riverside,UC Riverside,TM,TEAM,False,0,0,0,,0,0,,0,0,,2,2,4,0,0,0,0,0,0
2020-12-05_california_baptist_uc_riverside,California Baptist,14,"Palma, Sydney",True,28,4,7,0.571,2,4,0.5,1,1,1.0,1,5,6,1,3,1,0,0,11
2020-12-05_california_baptist_uc_riverside,California Baptist,32,"Thomas, Britney",True,17,5,9,0.556,0,0,,1,1,1.0,2,7,9,4,1,3,2,0,11
2020-12-05_california_baptist_uc_riverside,California Baptist,3,"Olaeta, Ane",True,33,4,6,0.667,1,2,0.5,1,2,0.5,0,8,8,3,10,4,0,0,10
2020-12-05_california_baptist_uc_riverside,California Baptist,13,"Neale, Tiena",True,15,2,2,1.0,1,1,1.0,2,2,1.0,0,2,2,0,2,2,0,2,7
2020-12-05_california_baptist_uc_riverside,California Baptist,2,"Avila-ambrosi, Nicole",True,15,1,4,0.25,0,3,0.0,5,5,1.0,1,2,3,1,0,2,0,0,7
2020-12-05_california_baptist_uc_riverside,California Baptist,34,"Harper, Caitlyn",False,23,5,15,0.333,0,2,0.0,2,2,1.0,4,3,7,3,1,3,1,1,12
2020-12-05_california_baptist_uc_riverside,California Baptist,21,"Wu, Taylor",False,25,3,15,0.2,0,8,0.0,1,2,0.5,0,1,1,0,1,1,0,1,7
2020-12-05_california_baptist_uc_riverside,California Baptist,1,"Wu, Dorcas",False,27,1,4,0.25,0,3,0.0,0,0,,2,7,9,1,3,1,0,1,2
2020-12-05_california_baptist_uc_riverside,California Baptist,24,"Klaman, Brittany",False,17,0,0,,0,0,,0,0,,1,1,2,1,1,0,0,1,0
2020-12-05_california_baptist_uc_riverside,California Baptist,TM,TEAM,False,0,0,0,,0,0,,0,0,,0,0,0,0,0,0,0,0,0
2020-12-08_cal_st_fullerton_san_diego,San Diego,20,Erica Martinsen,True,35,6,14,0.429,4,9,0.444,0,0,,0,4,4,3,4,2,1,5,16
2020-12-08_cal_st_fullerton_san_diego,San Diego,32,Sydney Hunter,True,34,4,7,0.571,0,0,,1,2,0.5,3,3,6,3,0,4,0,2,9
2020-12-08_cal_st_fullerton_san_diego,San Diego,05,Ayanna Khalfani,True,28,3,6,0.5,1,2,0.5,2,2,1.0,0,3,3,2,6,6,0,2,9
2020-12-08_cal_st_fullerton_san_diego,San Diego,23,Jordyn Edwards,True,32,2,7,0.286,1,3,0.333,1,2,0.5,1,2,3,3,4,1,1,5,6
2020-12-08_cal_st_fullerton_san_diego,San Diego,30,Kendall Bird,True,11,2,5,0.4,0,0,,0,0,,0,0,0,2,0,0,0,0,4
2020-12-08_cal_st_fullerton_san_diego,San Diego,33,Amanda Olinger,False,22,6,11,0.545,1,2,0.5,0,2,0.0,2,0,2,2,0,0,1,1,13
2020-12-08_cal_st_fullerton_san_diego,San Diego,11,Laura Erikstrup,False,11,3,5,0.6,0,0,,3,3,1.0,3,1,4,1,2,0,0,1,9
2020-12-08_cal_st_fullerton_san_diego,San Diego,00,Kiera Oakry,False,11,1,3,0.333,0,0,,2,2,1.0,0,1,1,1,0,1,0,0,4
2020-12-08_cal_st_fullerton_san_diego,San Diego,34,Gabby  Giuffre,False,11,0,3,0.0,0,2,0.0,0,0,,0,0,0,2,2,2,0,0,0
2020-12-08_cal_st_fullerton_san_diego,San Diego,14,Karla Martinez,False,3,0,1,0.0,0,0,,0,0,,0,2,2,0,0,0,0,0,0
2020-12-08_cal_st_fullerton_san_diego,San Diego,25,Nicole Blakes,False,2,0,0,,0,0,,0,0,,0,1,1,0,1,0,0,0,0
2020-12-08_cal_st_fullerton_san_diego,San Diego,TM,TEAM,False,0,0,0,,0,0,,0,0,,0,0,0,0,0,1,0,0,0
2020-12-08_cal_st_fullerton_san_diego,Cal St. Fullerton,13,"Book, Amiee",True,36,6,11,0.545,1,2,0.5,1,1,1.0,3,6,9,2,2,4,2,1,14
2020-12-08_cal_st_fullerton_san_diego,Cal St. Fullerton,00,"Frey, Anniken",True,38,2,5,0.4,2,4,0.5,2,2,1.0,0,1,1,2,3,5,0,0,8
2020-12-08_cal_st_fullerton_san_diego,Cal St. Fullerton,11,"Krupa, Joy",True,37,2,6,0.333,1,3,0.333,1,2,0.5,2,12,14,2,5,7,1,1,6
2020-12-08_cal_st_fullerton_san_diego,Cal St. Fullerton,10,"Nieto, Megan",True,14,2,5,0.4,0,0,,1,1,1.0,0,1,1,3,1,0,0,1,5
2020-12-08_cal_st_fullerton_san_diego,Cal St. Fullerton,05,"Rodarte, Clarissa",True,7,0,0,,0,0,,0,0,,0,0,0,0,0,2,0,0,0
2020-12-08_cal_st_fullerton_san_diego,Cal St. Fullerton,04,"Vidmar, Gabi",False,35,5,16,0.312,2,11,0.182,2,3,0.667,1,0,1,0,5,5,1,4,14
2020-12-08_cal_st_fullerton_san_diego,Cal St. Fullerton,32,"Lewis, Ashlee",False,17,4,4,1.0,0,0,,0,0,,0,3,3,3,0,1,0,0,8
2020-12-08_cal_st_fullerton_san_diego,Cal St. Fullerton,24,"Neff, Kathryn",False,4,1,2,0.5,0,0,,1,2,0.5,2,0,2,0,1,2,0,0,3
2020-12-08_cal_st_fullerton_san_diego,Cal St. Fullerton,33,"Stratford, Bella",False,3,1,1,1.0,0,0,,0,0,,0,0,0,0,0,1,0,0,2
2020-12-08_cal_st_fullerton_san_diego,Cal St. Fullerton,22,"Freemon, Madison",False,9,0,1,0.0,0,0,,0,0,,1,1,2,0,1,1,0,0,0
2020-12-08_cal_st_fullerton_san_diego,Cal St. Fullerton,TM,TEAM,False,0,0,0,,0,0,,0,0,,0,0,0,0,0,1,0,0,0
2020-12-08_pepperdine_csu_bakersfield,CSU Bakersfield,11,"Green, Lexus",True,24,6,8,0.75,2,2,1.0,1,2,0.5,0,1,1,4,1,2,0,0,15
2020-12-08_pepperdine_csu_bakersfield,CSU Bakersfield,04,"Dixon, Jasmin",True,31,3,6,0.5,2,3,0.667,0,0,,0,0,0,0,0,0,1,4,8
2020-12-08_pepperdine_csu_bakersfield,CSU Bakersfield,23,"Saxon, Miracle",True,29,4,9,0.444,0,0,,0,0,,3,0,3,2,3,0,0,2,8
2020-12-08_pepperdine_csu_bakersfield,CSU Bakersfield,54,"Austin, Vanessa",True,21,2,4,0.5,0,0,,0,2,0.0,2,4,6,3,1,2,1,0,4
2020-12-08_pepperdine_csu_bakersfield,CSU Bakersfield,22,"Easley, Andie",True,28,0,9,0.0,0,5,0.0,3,4,0.75,0,1,1,2,1,3,0,2,3
2020-12-08_pepperdine_csu_bakersfield,CSU Bakersfield,10,"Eggleston, Jayden",False,22,5,11,0.455,0,0,,3,4,0.75,1,1,2,2,3,1,1,1,13
2020-12-08_pepperdine_csu_bakersfield,CSU Bakersfield,24,"Bridges-Bey, Sage",False,25,3,5,0.6,1,2,0.5,0,0,,1,0,1,1,1,1,1,2,7
2020-12-08_pepperdine_csu_bakersfield,CSU Bakersfield,13,"Herrera, Soli",False,12,0,1,0.0,0,0,,0,0,,0,4,4,3,0,0,1,0,0
2020-12-08_pepperdine_csu_bakersfield,CSU Bakersfield,12,"Tougas, Sophia",False,7,0,2,0.0,0,2,0.0,0,0,,0,1,1,0,0,1,0,1,0
2020-12-08_pepperdine_csu_bakersfield,CSU Bakersfield,02,"Seuell, Aaliyah",False,1,0,0,,0,0,,0,0,,0,0,0,0,0,0,0,0,0
2020-12-08_pepperdine_csu_bakersfield,CSU Bakersfield,TM,TEAM,False,0,0,0,,0,0,,0,0,,1,4,5,0,0,1,0,0,0
2020-12-08_pepperdine_csu_bakersfield,Pepperdine,01,"Bambrick, Malia",True,34,6,12,0.5,3,5,0.6,0,0,,0,4,4,0,3,1,0,1,15
2020-12-08_pepperdine_csu_bakersfield,Pepperdine,04,"Givens, Cheyenne",True,28,3,10,0.3,1,3,0.333,3,5,0.6,0,0,0,2,2,4,0,0,10
2020-12-08_pepperdine_csu_bakersfield,Pepperdine,14,"Ruffus-Milner, Jayla",True,30,3,5,0.6,0,0,,1,3,0.333,7,4,11,2,3,2,1,1,7
2020-12-08_pepperdine_csu_bakersfield,Pepperdine,03,"Ruffus-Milner, Jayda",True,23,1,4,0.25,0,0,,2,2,1.0,3,3,6,0,1,2,0,1,4
2020-12-08_pepperdine_csu_bakersfield,Pepperdine,45,"Dusharm, Tara",True,13,1,4,0.25,0,0,,0,0,,0,3,3,3,0,1,0,0,2
2020-12-08_pepperdine_csu_bakersfield,Pepperdine,10,"Nwaba, Jane",False,19,4,6,0.667,0,0,,1,2,0.5,2,2,4,0,2,0,0,0,9
2020-12-08_pepperdine_csu_bakersfield,Pepperdine,11,"Andriuolo, Monique",False,20,2,6,0.333,0,1,0.0,4,4,1.0,1,6,7,2,0,1,1,0,8
2020-12-08_pepperdine_csu_bakersfield,Pepperdine,00,"Rivera, Cydney",False,12,3,6,0.5,1,3,0.333,0,0,,0,2,2,0,1,1,0,0,7
2020-12-08_pepperdine_csu_bakersfield,Pepperdine,22,"Carson, Kendyl",False,12,3,3,1.0,1,1,1.0,0,0,,1,1,2,0,0,3,0,2,7
2020-12-08_pepperdine_csu_bakersfield,Pepperdine,24,"Duren, Hayley",False,9,0,2,0.0,0,0,,0,0,,2,0,2,2,0,0,0,0,0
2020-12-08_pepperdine_csu_bakersfield,Pepperdine,TM,TEAM,False,0,0,0,,0,0,,0,0,,3,0,3,0,0,2,0,0,0
2020-12-09_uc_irvine_westmont,Westmont,10,"Berberabe, Stefanie",True,34,8,20,0.4,1,5,0.2,8,9,0.889,3,2,5,4,3,2,0,1,25
2020-12-09_uc_irvine_westmont,Westmont,3,"Jarrett, Iyree",True,45,5,14,0.357,4,10,0.4,3,5,0.6,3,1,4,4,8,3,0,4,17
2020-12-09_uc_irvine_westmont,Westmont,1,"Tsuneishi, Lauren",True,37,4,16,0.25,4,16,0.25,1,2,0.5,3,1,4,5,2,2,0,1,13
2020-12-09_uc_irvine_westmont,Westmont,21,"Brown, Sydney",True,23,5,7,0.714,0,0,,2,2,1.0,3,2,5,5,0,1,0,2,12
2020-12-09_uc_irvine_westmont,Westmont,24,"Larson, Kaitlin",True,42,2,8,0.25,0,2,0.0,3,11,0.273,3,1,4,3,0,0,0,3,7
2020-12-09_uc_irvine_westmont,Westmont,5,"Miyahara, Krissy",False,19,1,5,0.2,1,5,0.2,0,0,,0,0,0,4,2,0,0,1,3
2020-12-09_uc_irvine_westmont,Westmont,00,"Okonkwo, Destiny",False,16,0,2,0.0,0,0,,1,2,0.5,3,5,8,4,0,0,1,1,1
2020-12-09_uc_irvine_westmont,Westmont,13,"Stoll, Gabriella",False,7,0,2,0.0,0,1,0.0,0,0,,0,3,3,0,0,1,0,0,0
2020-12-09_uc_irvine_westmont,Westmont,2,"Cook, Aleena",False,2,0,0,,0,0,,0,0,,0,1,1,1,0,0,0,0,0
2020-12-09_uc_irvine_westmont,Westmont,12,"Koehnke, Kirsten",False,0,0,0,,0,0,,0,0,,0,0,0,1,0,0,0,0,0
2020-12-09_uc_irvine_westmont,Westmont,TM,TEAM,False,0,0,0,,0,0,,0,0,,3,7,10,0,0,4,0,0,0
2020-12-09_uc_irvine_westmont,UC Irvine,4,"Williams, Kayla",True,42,4,8,0.5,2,4,0.5,14,20,0.7,0,0,0,4,7,2,1,2,24
2020-12-09_uc_irvine_westmont,UC Irvine,21,"Talbert, Haleigh",True,33,5,9,0.556,3,6,0.5,3,4,0.75,2,5,7,2,1,1,0,1,16
2020-12-09_uc_irvine_westmont,UC Irvine,35,"Locandro, Sophia",True,12,2,2,1.0,0,0,,0,0,,0,2,2,5,0,1,0,0,4
2020-12-09_uc_irvine_westmont,UC Irvine,15,"Seaton, Alexus",True,14,0,1,0.0,0,1,0.0,2,2,1.0,0,3,3,0,2,0,0,0,2
2020-12-09_uc_irvine_westmont,UC Irvine,20,"Guglielmo, Dani",True,14,0,2,0.0,0,2,0.0,0,0,,0,1,1,1,1,1,0,0,0
2020-12-09_uc_irvine_westmont,UC Irvine,2,"Webb, Chloe",False,30,6,7,0.857,0,0,,2,3,0.667,4,11,15,4,4,3,0,2,14
2020-12-09_uc_irvine_westmont,UC Irvine,24,"Kapinga, Melodie",False,13,4,5,0.8,0,0,,4,7,0.571,1,1,2,2,0,1,1,0,12
2020-12-09_uc_irvine_westmont,UC Irvine,10,"Cadee, Jayde",False,23,3,7,0.429,3,7,0.429,1,3,0.333,0,1,1,0,1,1,0,1,10
2020-12-09_uc_irvine_westmont,UC Irvine,11,"Garza, Tahlia",False,28,3,4,0.75,0,0,,1,2,0.5,1,6,7,3,0,4,0,1,7
2020-12-09_uc_irvine_westmont,UC Irvine,23,"Baker, Victoria",False,16,1,5,0.2,0,0,,0,0,,0,1,1,3,5,3,0,0,2
2020-12-09_uc_irvine_westmont,UC Irvine,TM,TEAM,False,0,0,0,,0,0,,0,0,,0,3,3,0,0,1,0,0,0
2020-12-09_ucla_uc_santa_barbara,UC Santa Barbara,00,"Miller, Danae",True,29,6,11,0.545,2,5,0.4,2,5,0.4,0,1,1,2,1,3,0,1,16
2020-12-09_ucla_uc_santa_barbara,UC Santa Barbara,10,"Jones, Doris",True,30,4,15,0.267,3,6,0.5,0,0,,0,2,2,2,1,4,0,1,11
2020-12-09_ucla_uc_santa_barbara,UC Santa Barbara,32,"Bruening, Natalia",True,29,1,6,0.167,0,0,,3,5,0.6,1,2,3,0,1,1,1,0,5
2020-12-09_ucla_uc_santa_barbara,UC Santa Barbara,04,"Choice, Anya",True,26,1,4,0.25,1,4,0.25,2,4,0.5,0,1,1,1,0,0,0,0,5
2020-12-09_ucla_uc_santa_barbara,UC Santa Barbara,11,"Lee, Lauren",True,25,0,0,,0,0,,0,2,0.0,0,2,2,4,1,1,0,0,0
2020-12-09_ucla_uc_santa_barbara,UC Santa Barbara,24,"Marin, Alyssa",False,20,1,5,0.2,1,3,0.333,3,4,0.75,0,1,1,0,1,1,0,0,6
2020-12-09_ucla_uc_santa_barbara,UC Santa Barbara,02,Briana Anugwom,False,17,1,3,0.333,0,2,0.0,0,0,,0,0,0,2,0,3,0,0,2
2020-12-09_ucla_uc_santa_barbara,UC Santa Barbara,21,"Shulman, Mira",False,24,0,3,0.0,0,2,0.0,0,0,,0,3,3,2,4,3,0,2,0
2020-12-09_ucla_uc_santa_barbara,UC Santa Barbara,TM,TEAM,False,0,0,0,,0,0,,0,0,,3,4,7,0,0,2,0,0,0
2020-12-09_ucla_uc_santa_barbara,UCLA,20,Charisma Osborne,True,25,7,15,0.467,2,4,0.5,2,2,1.0,6,0,6,4,3,0,0,1,18
2020-12-09_ucla_uc_santa_barbara,UCLA,00,Chantel Horvat,True,29,6,9,0.667,1,1,1.0,4,4,1.0,5,7,12,2,3,2,1,0,17
2020-12-09_ucla_uc_santa_barbara,UCLA,21,Michaela Onyenwere,True,24,5,11,0.455,1,2,0.5,6,6,1.0,2,8,10,2,2,0,0,0,17
2020-12-09_ucla_uc_santa_barbara,UCLA,33,Lauryn Miller,True,28,6,9,0.667,0,0,,0,0,,3,6,9,3,7,4,0,2,12
2020-12-09_ucla_uc_santa_barbara,UCLA,04,Lindsey Corsaro,True,29,4,9,0.444,1,3,0.333,0,0,,2,0,2,0,4,1,0,1,9
2020-12-09_ucla_uc_santa_barbara,UCLA,11,Emily Bessoir,False,26,6,10,0.6,1,3,0.333,2,2,1.0,1,5,6,2,2,1,0,4,15
2020-12-09_ucla_uc_santa_barbara,UCLA,23,Natalie Chou,False,29,5,12,0.417,4,7,0.571,0,0,,2,6,8,2,5,1,2,1,14
2020-12-09_ucla_uc_santa_barbara,UCLA,35,Camryn Brown,False,10,0,2,0.0,0,0,,0,0,,1,0,1,2,0,0,0,1,0
2020-12-09_ucla_uc_santa_barbara,UCLA,TM,TEAM,False,0,0,0,,0,0,,0,0,,0,1,1,0,0,0,0,0,0
2020-12-10_cal_poly_new_mexico_st,New Mexico St.,23,"Prince, Aaliyah",True,29,7,14,0.5,0,1,0.0,7,8,0.875,1,4,5,1,2,2,0,3,21
2020-12-10_cal_poly_new_mexico_st,New Mexico St.,21,"Terrell, Deja",True,21,4,5,0.8,0,0,,0,0,,0,4,4,4,0,2,0,0,8
2020-12-10_cal_poly_new_mexico_st,New Mexico St.,15,"Echols, Rodrea",True,22,3,6,0.5,0,3,0.0,1,2,0.5,0,3,3,2,1,2,0,0,7
2020-12-10_cal_poly_new_mexico_st,New Mexico St.,11,"Inoussa, Soufia",True,22,1,6,0.167,0,3,0.0,0,0,,1,2,3,4,0,2,0,0,2
2020-12-10_cal_poly_new_mexico_st,New Mexico St.,22,"Atkinson, Kalei",True,11,0,2,0.0,0,0,,0,0,,0,0,0,3,0,2,0,0,0
2020-12-10_cal_poly_new_mexico_st,New Mexico St.,34,"Grays, Tayelin",False,22,2,5,0.4,1,2,0.5,1,4,0.25,0,4,4,3,0,1,0,0,6
2020-12-10_cal_poly_new_mexico_st,New Mexico St.,10,"Henderson, Adrianna",False,15,2,2,1.0,0,0,,2,2,1.0,0,0,0,1,1,2,0,0,6
2020-12-10_cal_poly_new_mexico_st,New Mexico St.,1,"Harper, Shania",False,14,2,3,0.667,0,0,,0,0,,0,0,0,1,0,0,0,0,4
2020-12-10_cal_poly_new_mexico_st,New Mexico St.,12,"Soderqvist, Amanda",False,14,1,4,0.25,1,4,0.25,0,0,,0,3,3,1,1,0,0,0,3
2020-12-10_cal_poly_new_mexico_st,New Mexico St.,00,"Kaiser, Molly",False,3,1,1,1.0,0,0,,1,1,1.0,0,0,0,0,0,1,0,0,3
2020-12-10_cal_poly_new_mexico_st,New Mexico St.,33,"Colaivalu, Grace",False,11,0,1,0.0,0,0,,0,0,,0,0,0,1,2,0,0,0,0
2020-12-10_cal_poly_new_mexico_st,New Mexico St.,4,"Bradley, Jade",False,9,0,1,0.0,0,0,,0,0,,1,0,1,0,0,1,0,0,0
2020-12-10_cal_poly_new_mexico_st,New Mexico St.,14,"Sule, Nana",False,7,0,0,,0,0,,0,0,,0,0,0,4,0,2,0,0,0
2020-12-10_cal_poly_new_mexico_st,New Mexico St.,TM,TEAM,False,0,0,0,,0,0,,0,0,,1,3,4,0,0,0,0,0,0
2020-12-10_cal_poly_new_mexico_st,Cal Poly,52,"Campisano, Sierra",True,40,12,21,0.571,3,4,0.75,4,8,0.5,4,11,15,3,2,4,0,0,31
2020-12-10_cal_poly_new_mexico_st,Cal Poly,1,"Ellis, Abbey",True,37,6,14,0.429,0,5,0.0,8,9,0.889,1,4,5,4,4,5,0,2,20
2020-12-10_cal_poly_new_mexico_st,Cal Poly,33,"Willett, Maddie",True,27,4,9,0.444,1,4,0.25,0,0,,0,5,5,2,1,0,0,1,9
2020-12-10_cal_poly_new_mexico_st,Cal Poly,5,"Holt, Malia",True,30,2,4,0.5,0,0,,0,0,,1,5,6,2,1,3,0,1,4
2020-12-10_cal_poly_new_mexico_st,Cal Poly,25,"Brown, Kirsty",True,25,0,3,0.0,0,0,,0,0,,2,0,2,4,3,1,0,0,0
2020-12-10_cal_poly_new_mexico_st,Cal Poly,13,"Vick, Maddie",False,16,1,3,0.333,0,2,0.0,2,2,1.0,0,1,1,1,0,1,0,0,4
2020-12-10_cal_poly_new_mexico_st,Cal Poly,24,"Stachowski, Zoe",False,3,1,1,1.0,0,0,,0,0,,1,0,1,1,1,0,0,0,2
2020-12-10_cal_poly_new_mexico_st,Cal Poly,22,"Peterson, Hannah",False,7,0,0,,0,0,,0,0,,0,0,0,3,0,0,0,0,0
2020-12-10_cal_poly_new_mexico_st,Cal Poly,23,"Nikolova, Ivana",False,7,0,2,0.0,0,2,0.0,0,0,,0,0,0,2,0,0,0,0,0
2020-12-10_cal_poly_new_mexico_st,Cal Poly,14,"Scanlan, Hannah",False,4,0,0,,0,0,,0,0,,1,0,1,0,0,0,0,0,0
2020-12-10_cal_poly_new_mexico_st,Cal Poly,15,"Hunter, Leslie",False,4,0,1,0.0,0,0,,0,0,,0,0,0,1,1,0,0,0,0
2020-12-10_cal_poly_new_mexico_st,Cal Poly,TM,TEAM,False,0,0,0,,0,0,,0,0,,2,0,2,0,0,0,0,0,0
2020-12-10_uc_riverside_fresno_pacific,Fresno Pacific,3,"Malazarte, Jessica",True,28,5,17,0.294,0,8,0.0,6,9,0.667,1,1,2,1,1,5,0,1,16
2020-12-10_uc_riverside_fresno_pacific,Fresno Pacific,14,"Hurt, Breanna",True,34,4,5,0.8,1,2,0.5,3,4,0.75,2,7,9,3,0,1,0,0,12
2020-12-10_uc_riverside_fresno_pacific,Fresno Pacific,12,"Berry, Rachel",True,17,5,13,0.385,0,0,,0,1,0.0,3,2,5,2,0,6,0,2,10
2020-12-10_uc_riverside_fresno_pacific,Fresno Pacific,11,"Rillo, Anisa",True,28,1,7,0.143,0,3,0.0,0,0,,0,5,5,0,3,4,2,1,2
2020-12-10_uc_riverside_fresno_pacific,Fresno Pacific,23,"Sheret, Megan",True,23,0,3,0.0,0,0,,0,0,,0,4,4,2,0,0,0,1,0
2020-12-10_uc_riverside_fresno_pacific,Fresno Pacific,20,"Cochrane, Vanessa",False,23,2,4,0.5,1,3,0.333,0,0,,0,1,1,1,0,0,0,0,5
2020-12-10_uc_riverside_fresno_pacific,Fresno Pacific,13,"Corona, Joleen",False,17,1,6,0.167,0,3,0.0,0,0,,0,1,1,1,0,4,0,0,2
2020-12-10_uc_riverside_fresno_pacific,Fresno Pacific,30,"Moody, Lindsey",False,16,0,1,0.0,0,0,,2,2,1.0,1,2,3,3,0,0,1,1,2
2020-12-10_uc_riverside_fresno_pacific,Fresno Pacific,4,"Manu, Lydia",False,14,1,5,0.2,0,0,,0,0,,3,1,4,2,0,0,0,0,2
2020-12-10_uc_riverside_fresno_pacific,Fresno Pacific,TM,TEAM,False,0,0,0,,0,0,,0,0,,3,1,4,0,0,2,0,0,0
2020-12-10_uc_riverside_fresno_pacific,UC Riverside,10,"Cooper, Keilanei",True,28,8,15,0.533,2,3,0.667,5,6,0.833,1,4,5,3,3,0,0,1,23
2020-12-10_uc_riverside_fresno_pacific,UC Riverside,00,"Webster, Jordan",True,28,2,11,0.182,2,7,0.286,4,4,1.0,1,5,6,1,2,2,1,0,10
2020-12-10_uc_riverside_fresno_pacific,UC Riverside,24,"Gnago, Daphne",True,22,3,6,0.5,0,0,,2,4,0.5,3,4,7,2,2,1,1,0,8
2020-12-10_uc_riverside_fresno_pacific,UC Riverside,3,"Campbell, Joy",True,26,2,5,0.4,0,0,,2,2,1.0,1,2,3,3,2,4,0,5,6
2020-12-10_uc_riverside_fresno_pacific,UC Riverside,12,"Kyrkjebo, Kari",True,15,1,3,0.333,0,1,0.0,0,0,,0,4,4,2,2,2,0,1,2
2020-12-10_uc_riverside_fresno_pacific,UC Riverside,13,"Ohiaeri, Georgia",False,22,4,7,0.571,2,4,0.5,1,1,1.0,1,5,6,2,1,3,2,1,11
2020-12-10_uc_riverside_fresno_pacific,UC Riverside,32,"Brady, Bryanna",False,21,3,10,0.3,0,0,,0,0,,5,3,8,1,0,1,0,1,6
2020-12-10_uc_riverside_fresno_pacific,UC Riverside,23,"Aikins, India",False,15,2,4,0.5,0,0,,0,0,,0,1,1,2,2,5,0,1,4
2020-12-10_uc_riverside_fresno_pacific,UC Riverside,21,"Kasapi, Andriana",False,14,1,1,1.0,0,0,,0,0,,0,2,2,1,0,0,0,0,2
2020-12-10_uc_riverside_fresno_pacific,UC Riverside,5,"Pointer, Lauryn",False,9,1,4,0.25,0,2,0.0,0,0,,0,0,0,0,0,0,0,0,2
2020-12-10_uc_riverside_fresno_pacific,UC Riverside,TM,TEAM,False,0,0,0,,0,0,,0,0,,1,1,2,0,0,0,0,0,0
2020-12-11_uc_santa_barbara_california_baptist,California Baptist,34,Caitlyn Harper,True,29,11,15,0.733,1,2,0.5,3,3,1.0,0,8,8,4,1,2,2,0,26
2020-12-11_uc_santa_barbara_california_baptist,California Baptist,03,Ane Olaeta,True,31,5,12,0.417,1,6,0.167,6,7,0.857,0,8,8,4,13,4,0,3,17
2020-12-11_uc_santa_barbara_california_baptist,California Baptist,14,Sydney Palma,True,33,4,6,0.667,1,3,0.333,3,4,0.75,0,4,4,4,3,2,1,0,12
2020-12-11_uc_santa_barbara_california_baptist,California Baptist,21,Taylor Wu,True,30,3,10,0.3,1,5,0.2,0,0,,0,1,1,1,2,1,0,0,7
2020-12-11_uc_santa_barbara_california_baptist,California Baptist,01,Dorcas Wu,True,24,2,4,0.5,2,4,0.5,0,0,,1,3,4,2,3,1,1,2,6
2020-12-11_uc_santa_barbara_california_baptist,California Baptist,02,Nicole Avila-Ambrosi,False,18,3,7,0.429,2,4,0.5,1,3,0.333,0,0,0,2,1,1,1,1,9
2020-12-11_uc_santa_barbara_california_baptist,California Baptist,13,Tiena Neale,False,11,2,3,0.667,1,2,0.5,0,0,,0,2,2,2,0,2,0,0,5
2020-12-11_uc_santa_barbara_california_baptist,California Baptist,24,Brittany Klaman,False,18,1,4,0.25,1,2,0.5,0,0,,0,4,4,0,1,0,0,1,3
2020-12-11_uc_santa_barbara_california_baptist,California Baptist,11,Eliana Bravington,False,6,0,1,0.0,0,1,0.0,0,0,,0,1,1,1,0,0,0,1,0
2020-12-11_uc_santa_barbara_california_baptist,California Baptist,TM,TEAM,False,0,0,0,,0,0,,0,0,,0,1,1,0,0,0,0,0,0
2020-12-11_uc_santa_barbara_california_baptist,UC Santa Barbara,10,"Jones, Doris",True,37,10,20,0.5,3,7,0.429,0,1,0.0,1,9,10,2,2,6,0,0,23
2020-12-11_uc_santa_barbara_california_baptist,UC Santa Barbara,00,"Miller, Danae",True,39,7,22,0.318,5,15,0.333,1,2,0.5,1,7,8,1,6,0,0,1,20
2020-12-11_uc_santa_barbara_california_baptist,UC Santa Barbara,32,"Bruening, Natalia",True,24,4,8,0.5,0,0,,1,2,0.5,6,5,11,4,0,4,0,1,9
2020-12-11_uc_santa_barbara_california_baptist,UC Santa Barbara,04,"Choice, Anya",True,29,2,9,0.222,0,3,0.0,1,2,0.5,0,3,3,2,2,3,0,1,5
2020-12-11_uc_santa_barbara_california_baptist,UC Santa Barbara,11,"Lee, Lauren",True,29,1,3,0.333,1,1,1.0,2,2,1.0,2,1,3,3,1,3,0,1,5
2020-12-11_uc_santa_barbara_california_baptist,UC Santa Barbara,02,Briana Anugwom,False,20,4,7,0.571,1,1,1.0,4,5,0.8,2,3,5,0,0,1,0,0,13
2020-12-11_uc_santa_barbara_california_baptist,UC Santa Barbara,21,"Shulman, Mira",False,14,0,2,0.0,0,1,0.0,0,0,,1,2,3,1,0,2,0,0,0
2020-12-11_uc_santa_barbara_california_baptist,UC Santa Barbara,24,"Marin, Alyssa",False,8,0,2,0.0,0,0,,0,0,,0,0,0,0,1,0,0,0,0
2020-12-11_uc_santa_barbara_california_baptist,UC Santa Barbara,TM,TEAM,False,0,0,0,,0,0,,0,0,,2,1,3,0,0,0,0,0,0
2020-12-11_csu_bakersfield_santa_clara,Santa Clara,03,"Pritchard, Lexie",True,32,7,14,0.5,0,5,0.0,2,4,0.5,1,0,1,1,2,3,0,3,16
2020-12-11_csu_bakersfield_santa_clara,Santa Clara,23,"VanAllen, Lindsey",True,31,4,10,0.4,1,4,0.25,1,1,1.0,0,2,2,2,4,4,0,4,10
2020-12-11_csu_bakersfield_santa_clara,Santa Clara,22,"Herlihy, Ashlyn",True,36,3,6,0.5,1,3,0.333,2,2,1.0,0,5,5,1,1,1,0,4,9
2020-12-11_csu_bakersfield_santa_clara,Santa Clara,31,"Hiraki, Ashley",True,19,2,4,0.5,1,3,0.333,0,0,,0,1,1,4,1,3,0,1,5
2020-12-11_csu_bakersfield_santa_clara,Santa Clara,05,"Wiehl, Merle",True,18,2,2,1.0,1,1,1.0,0,0,,1,3,4,4,0,3,0,0,5
2020-12-11_csu_bakersfield_santa_clara,Santa Clara,12,"Maldonado, Ashlee",False,17,2,4,0.5,1,2,0.5,0,0,,1,3,4,1,1,1,0,1,5
2020-12-11_csu_bakersfield_santa_clara,Santa Clara,34,"Hollingsworth, Lana",False,17,2,4,0.5,0,1,0.0,0,0,,1,2,3,2,1,1,0,1,4
2020-12-11_csu_bakersfield_santa_clara,Santa Clara,11,"Nixon, Bryce",False,12,1,1,1.0,1,1,1.0,0,0,,0,0,0,1,0,2,0,0,3
2020-12-11_csu_bakersfield_santa_clara,Santa Clara,33,"Stafford, Danja",False,10,0,2,0.0,0,0,,2,2,1.0,1,2,3,1,0,0,0,2,2
2020-12-11_csu_bakersfield_santa_clara,Santa Clara,10,"Harris, Shayley",False,7,0,1,0.0,0,0,,0,0,,0,0,0,0,0,0,1,0,0
2020-12-11_csu_bakersfield_santa_clara,Santa Clara,04,"Johnson, Anna",False,1,0,0,,0,0,,0,0,,0,0,0,0,0,1,0,0,0
2020-12-11_csu_bakersfield_santa_clara,Santa Clara,TM,TEAM,False,0,0,0,,0,0,,0,0,,1,2,3,0,0,1,0,0,0
2020-12-11_csu_bakersfield_santa_clara,CSU Bakersfield,54,"Austin, Vanessa",True,28,8,12,0.667,0,0,,6,10,0.6,5,3,8,2,0,1,1,2,22
2020-12-11_csu_bakersfield_santa_clara,CSU Bakersfield,10,"Eggleston, Jayden",True,30,4,7,0.571,0,0,,0,0,,1,2,3,3,1,6,1,1,8
2020-12-11_csu_bakersfield_santa_clara,CSU Bakersfield,23,"Saxon, Miracle",True,31,2,3,0.667,0,1,0.0,2,2,1.0,2,5,7,4,2,6,0,2,6
2020-12-11_csu_bakersfield_santa_clara,CSU Bakersfield,22,"Easley, Andie",True,33,1,5,0.2,0,2,0.0,0,0,,0,2,2,1,3,4,0,2,2
2020-12-11_csu_bakersfield_santa_clara,CSU Bakersfield,21,"Singleton, Tyonna",True,6,0,1,0.0,0,1,0.0,0,0,,0,0,0,1,0,0,0,0,0
2020-12-11_csu_bakersfield_santa_clara,CSU Bakersfield,04,"Dixon, Jasmin",False,31,1,6,0.167,1,5,0.2,1,2,0.5,0,1,1,2,2,2,0,0,4
2020-12-11_csu_bakersfield_santa_clara,CSU Bakersfield,05,"Bond, Makenzie",False,5,2,3,0.667,0,0,,0,0,,2,0,2,0,1,0,0,0,4
2020-12-11_csu_bakersfield_santa_clara,CSU Bakersfield,13,"Herrera, Soli",False,7,1,2,0.5,0,0,,0,0,,0,1,1,2,0,1,2,0,2
2020-12-11_csu_bakersfield_santa_clara,CSU Bakersfield,24,"Bridges-Bey, Sage",False,19,0,4,0.0,0,3,0.0,1,2,0.5,0,1,1,1,2,3,0,1,1
2020-12-11_csu_bakersfield_santa_clara,CSU Bakersfield,12,"Tougas, Sophia",False,10,0,2,0.0,0,2,0.0,0,0,,0,1,1,0,0,0,0,0,0
2020-12-11_csu_bakersfield_santa_clara,CSU Bakersfield,TM,TEAM,False,0,0,0,,0,0,,0,0,,0,3,3,0,0,1,0,0,0
2020-12-12_long_beach_st_westmont,Westmont,24,"Larson, Kaitlin",True,36,8,10,0.8,0,0,,1,4,0.25,2,6,8,0,0,5,0,1,17
2020-12-12_long_beach_st_westmont,Westmont,10,"Berberabe, Stefanie",True,40,7,18,0.389,0,2,0.0,1,2,0.5,4,5,9,2,4,6,0,5,15
2020-12-12_long_beach_st_westmont,Westmont,3,"Jarrett, Iyree",True,35,5,11,0.455,2,5,0.4,2,2,1.0,0,3,3,3,4,5,0,1,14
2020-12-12_long_beach_st_westmont,Westmont,1,"Tsuneishi, Lauren",True,39,3,11,0.273,3,11,0.273,0,0,,0,0,0,3,0,1,0,1,9
2020-12-12_long_beach_st_westmont,Westmont,21,"Brown, Sydney",True,31,0,1,0.0,0,0,,2,2,1.0,3,4,7,4,1,2,0,1,2
2020-12-12_long_beach_st_westmont,Westmont,00,"Okonkwo, Destiny",False,11,0,0,,0,0,,2,2,1.0,0,2,2,1,0,0,0,0,2
2020-12-12_long_beach_st_westmont,Westmont,5,"Miyahara, Krissy",False,5,0,2,0.0,0,2,0.0,0,0,,0,0,0,0,0,0,0,0,0
2020-12-12_long_beach_st_westmont,Westmont,13,"Stoll, Gabriella",False,2,0,1,0.0,0,0,,0,0,,0,0,0,0,0,0,0,0,0
2020-12-12_long_beach_st_westmont,Westmont,2,"Cook, Aleena",False,1,0,0,,0,0,,0,0,,0,0,0,0,0,0,0,0,0
2020-12-12_long_beach_st_westmont,Westmont,TM,TEAM,False,0,0,0,,0,0,,0,0,,4,0,4,0,0,1,0,0,0
2020-12-12_long_beach_st_westmont,Long Beach St.,10,"King, Justina",True,38,9,15,0.6,0,0,,3,6,0.5,3,1,4,3,4,6,0,4,21
2020-12-12_long_beach_st_westmont,Long Beach St.,42,"Hunt, Naomi",True,37,5,19,0.263,4,11,0.364,0,0,,1,2,3,2,2,1,1,2,14
2020-12-12_long_beach_st_westmont,Long Beach St.,00,"Berry, Ma'qhi",True,36,5,7,0.714,2,2,1.0,0,0,,3,3,6,3,5,2,0,1,12
2020-12-12_long_beach_st_westmont,Long Beach St.,11,"Hardy, Jasmine",True,26,3,4,0.75,0,0,,1,1,1.0,3,1,4,2,0,2,0,3,7
2020-12-12_long_beach_st_westmont,Long Beach St.,12,"Jeskeova, Kristyna",True,27,2,4,0.5,1,1,1.0,0,0,,1,5,6,2,3,3,2,3,5
2020-12-12_long_beach_st_westmont,Long Beach St.,30,"Chung, Patricia",False,26,3,7,0.429,2,3,0.667,0,0,,1,4,5,0,1,1,0,2,8
2020-12-12_long_beach_st_westmont,Long Beach St.,2,"Tucker, Savannah",False,8,0,2,0.0,0,1,0.0,3,4,0.75,0,1,1,1,0,0,0,0,3
2020-12-12_long_beach_st_westmont,Long Beach St.,52,"Arigbabu, Danelle",False,2,0,0,,0,0,,0,0,,0,2,2,0,0,0,1,0,0
2020-12-12_long_beach_st_westmont,Long Beach St.,TM,TEAM,False,0,0,0,,0,0,,0,0,,1,1,2,0,0,0,0,0,0
2020-12-13_hawaii_hawaii_pacific,Hawaii Pacific,03,"Baum, Amy",True,40,10,20,0.5,2,6,0.333,6,10,0.6,0,3,3,3,9,3,0,5,28
2020-12-13_hawaii_hawaii_pacific,Hawaii Pacific,02,"West, Olivia",True,32,8,19,0.421,5,9,0.556,1,1,1.0,2,2,4,5,1,1,0,3,22
2020-12-13_hawaii_hawaii_pacific,Hawaii Pacific,00,"Bates, Ally",True,34,4,15,0.267,2,8,0.25,0,0,,1,3,4,5,2,3,0,1,10
2020-12-13_hawaii_hawaii_pacific,Hawaii Pacific,04,"Marcucci, Alysha",True,22,2,8,0.25,2,4,0.5,0,0,,0,4,4,2,1,1,0,0,6
2020-12-13_hawaii_hawaii_pacific,Hawaii Pacific,20,"Gambee, Makenna",True,24,1,2,0.5,0,0,,0,0,,2,2,4,4,0,2,0,1,2
2020-12-13_hawaii_hawaii_pacific,Hawaii Pacific,21,"Cargill, Avery",False,32,4,6,0.667,4,6,0.667,2,2,1.0,1,5,6,4,1,1,1,0,14
2020-12-13_hawaii_hawaii_pacific,Hawaii Pacific,14,"Fernandez, Alejandra",False,11,0,1,0.0,0,0,,0,2,0.0,1,2,3,2,0,0,0,0,0
2020-12-13_hawaii_hawaii_pacific,Hawaii Pacific,25,"Berry, Kaylee",False,5,0,1,0.0,0,0,,0,0,,1,0,1,2,0,0,0,0,0
2020-12-13_hawaii_hawaii_pacific,Hawaii Pacific,TM,TEAM,False,0,0,0,,0,0,,0,0,,0,1,1,0,0,0,0,0,0
2020-12-13_hawaii_hawaii_pacific,Hawaii,25,"Atwell, Amy",True,25,6,13,0.462,3,8,0.375,6,6,1.0,2,7,9,2,1,0,2,0,21
2020-12-13_hawaii_hawaii_pacific,Hawaii,00,"Phillips, Daejah",True,33,4,8,0.5,1,3,0.333,2,2,1.0,0,5,5,2,2,0,1,2,11
2020-12-13_hawaii_hawaii_pacific,Hawaii,15,"Alexander, Jadynn",True,28,3,6,0.5,1,3,0.333,3,4,0.75,3,3,6,4,0,1,0,1,10
2020-12-13_hawaii_hawaii_pacific,Hawaii,24,"Calhoun, Nae Nae",True,20,2,4,0.5,0,0,,4,6,0.667,0,1,1,4,2,5,0,0,8
2020-12-13_hawaii_hawaii_pacific,Hawaii,20,"Falkowska, Alicja",True,8,0,3,0.0,0,0,,0,0,,1,1,2,1,0,1,1,0,0
2020-12-13_hawaii_hawaii_pacific,Hawaii,02,"McDaneil, Teionni",False,27,3,6,0.5,0,0,,1,2,0.5,0,1,1,2,1,4,0,2,7
2020-12-13_hawaii_hawaii_pacific,Hawaii,01,"Imai, Kelsie",False,23,1,4,0.25,0,1,0.0,3,6,0.5,0,6,6,3,2,1,0,0,5
2020-12-13_hawaii_hawaii_pacific,Hawaii,21,"Neubert, Kasey",False,16,2,3,0.667,0,0,,1,2,0.5,0,4,4,2,0,3,0,0,5
2020-12-13_hawaii_hawaii_pacific,Hawaii,44,"Rangel, Barbara",False,6,1,1,1.0,0,0,,1,1,1.0,1,1,2,1,0,1,0,0,3
2020-12-13_hawaii_hawaii_pacific,Hawaii,04,"Orji, Nnenna",False,12,1,4,0.25,0,1,0.0,0,1,0.0,0,3,3,1,0,1,1,1,2
2020-12-13_hawaii_hawaii_pacific,Hawaii,35,"Noah, Channel",False,2,1,1,1.0,0,0,,0,0,,1,1,2,2,0,2,0,0,2
2020-12-13_hawaii_hawaii_pacific,Hawaii,TM,TEAM,False,0,0,0,,0,0,,0,0,,1,2,3,0,0,1,0,0,0
2020-12-14_cal_poly_santa_clara,Santa Clara,23,"Vanallen, Lindsey",True,27,3,8,0.375,2,5,0.4,2,2,1.0,2,4,6,1,1,3,0,2,10
2020-12-14_cal_poly_santa_clara,Santa Clara,22,"Herlihy, Ashlyn",True,26,3,10,0.3,1,3,0.333,3,4,0.75,4,4,8,2,1,4,1,1,10
2020-12-14_cal_poly_santa_clara,Santa Clara,3,"Pritchard, Lexie",True,30,2,8,0.25,1,4,0.25,4,5,0.8,0,2,2,1,2,2,0,1,9
2020-12-14_cal_poly_santa_clara,Santa Clara,5,"Wiehl, Merle",True,32,3,6,0.5,2,3,0.667,0,0,,1,5,6,1,2,2,0,2,8
2020-12-14_cal_poly_santa_clara,Santa Clara,31,"Hiraki, Ashley",True,10,0,1,0.0,0,0,,1,2,0.5,0,1,1,0,1,3,0,1,1
2020-12-14_cal_poly_santa_clara,Santa Clara,11,"Nixon, Bryce",False,22,4,9,0.444,3,8,0.375,0,0,,0,0,0,0,1,2,0,0,11
2020-12-14_cal_poly_santa_clara,Santa Clara,34,"Hollingsworth, Lana",False,21,2,6,0.333,0,2,0.0,1,1,1.0,3,3,6,1,0,1,0,3,5
2020-12-14_cal_poly_santa_clara,Santa Clara,12,"Maldonado, Ashlee",False,14,1,4,0.25,0,1,0.0,0,0,,0,1,1,2,3,1,0,0,2
2020-12-14_cal_poly_santa_clara,Santa Clara,33,"Stafford, Danja",False,11,0,2,0.0,0,0,,0,0,,2,0,2,2,1,0,1,0,0
2020-12-14_cal_poly_santa_clara,Santa Clara,10,"Harris, Shayley",False,7,0,1,0.0,0,0,,0,0,,1,1,2,0,0,1,0,0,0
2020-12-14_cal_poly_santa_clara,Santa Clara,TM,TEAM,False,0,0,0,,0,0,,0,0,,2,4,6,0,0,1,0,0,0
2020-12-14_cal_poly_santa_clara,Cal Poly,1,"Ellis, Abbey",True,27,6,12,0.5,2,5,0.4,4,4,1.0,0,4,4,1,2,3,0,2,18
2020-12-14_cal_poly_santa_clara,Cal Poly,52,"Campisano, Sierra",True,38,7,16,0.438,0,1,0.0,0,0,,2,5,7,3,3,5,4,2,14
2020-12-14_cal_poly_santa_clara,Cal Poly,33,"Willett, Maddie",True,27,3,11,0.273,2,9,0.222,0,0,,2,1,3,2,1,2,1,2,8
2020-12-14_cal_poly_santa_clara,Cal Poly,25,"Brown, Kirsty",True,26,4,10,0.4,0,0,,0,0,,2,0,2,5,2,1,1,0,8
2020-12-14_cal_poly_santa_clara,Cal Poly,5,"Holt, Malia",True,36,0,2,0.0,0,1,0.0,1,2,0.5,1,3,4,2,5,2,0,2,1
2020-12-14_cal_poly_santa_clara,Cal Poly,13,"Vick, Maddie",False,26,2,4,0.5,0,0,,0,0,,0,5,5,1,1,0,0,2,4
2020-12-14_cal_poly_santa_clara,Cal Poly,14,"Scanlan, Hannah",False,12,2,2,1.0,0,0,,0,0,,0,1,1,1,0,0,0,1,4
2020-12-14_cal_poly_santa_clara,Cal Poly,22,"Peterson, Hannah",False,3,0,0,,0,0,,0,0,,0,0,0,1,0,0,0,0,0
2020-12-14_cal_poly_santa_clara,Cal Poly,23,"Nikolova, Ivana",False,2,0,1,0.0,0,1,0.0,0,0,,1,0,1,0,0,0,0,0,0
2020-12-14_cal_poly_santa_clara,Cal Poly,24,"Stachowski, Zoe",False,2,0,2,0.0,0,0,,0,0,,0,0,0,1,0,0,0,0,0
2020-12-14_cal_poly_santa_clara,Cal Poly,15,"Hunter, Leslie",False,1,0,0,,0,0,,0,0,,0,0,0,0,0,1,0,0,0
2020-12-14_cal_poly_santa_clara,Cal Poly,3,"Svetich, Lily",False,0,0,0,,0,0,,0,0,,0,0,0,0,0,0,0,0,0
2020-12-14_cal_poly_santa_clara,Cal Poly,TM,TEAM,False,0,0,0,,0,0,,0,0,,3,4,7,0,0,0,0,0,0
2020-12-15_cal_poly_santa_clara,Santa Clara,22,"Herlihy, Ashlyn",True,31,6,9,0.667,2,2,1.0,2,2,1.0,0,4,4,3,2,3,2,1,16
2020-12-15_cal_poly_santa_clara,Santa Clara,23,"Vanallen, Lindsey",True,25,4,13,0.308,3,7,0.429,1,2,0.5,2,3,5,2,3,2,0,2,12
2020-12-15_cal_poly_santa_clara,Santa Clara,5,"Wiehl, Merle",True,17,1,2,0.5,0,0,,0,0,,0,0,0,3,1,3,0,0,2
2020-12-15_cal_poly_santa_clara,Santa Clara,3,"Pritchard, Lexie",True,20,0,2,0.0,0,0,,1,2,0.5,0,0,0,3,0,5,0,1,1
2020-12-15_cal_poly_santa_clara,Santa Clara,31,"Hiraki, Ashley",True,10,0,5,0.0,0,3,0.0,0,0,,1,1,2,1,0,2,0,0,0
2020-12-15_cal_poly_santa_clara,Santa Clara,34,"Hollingsworth, Lana",False,26,4,8,0.5,0,1,0.0,2,3,0.667,3,4,7,4,1,1,1,0,10
2020-12-15_cal_poly_santa_clara,Santa Clara,12,"Maldonado, Ashlee",False,26,3,6,0.5,2,4,0.5,0,0,,0,2,2,3,5,2,0,3,8
2020-12-15_cal_poly_santa_clara,Santa Clara,33,"Stafford, Danja",False,26,2,5,0.4,0,0,,3,3,1.0,2,2,4,3,1,3,1,0,7
2020-12-15_cal_poly_santa_clara,Santa Clara,11,"Nixon, Bryce",False,7,1,3,0.333,1,3,0.333,0,0,,0,0,0,1,0,1,0,0,3
2020-12-15_cal_poly_santa_clara,Santa Clara,10,"Harris, Shayley",False,9,0,0,,0,0,,0,0,,0,0,0,0,0,0,0,0,0
2020-12-15_cal_poly_santa_clara,Santa Clara,4,"Johnson, Anna",False,3,0,1,0.0,0,0,,0,0,,0,0,0,0,0,0,0,0,0
2020-12-15_cal_poly_santa_clara,Santa Clara,TM,TEAM,False,0,0,0,,0,0,,0,0,,5,5,10,0,0,1,0,0,0
2020-12-15_cal_poly_santa_clara,Cal Poly,52,"Campisano, Sierra",True,40,8,14,0.571,2,5,0.4,3,4,0.75,0,7,7,3,1,1,2,1,21
2020-12-15_cal_poly_santa_clara,Cal Poly,1,"Ellis, Abbey",True,34,7,15,0.467,1,2,0.5,2,2,1.0,1,4,5,2,5,5,0,8,17
2020-12-15_cal_poly_santa_clara,Cal Poly,25,"Brown, Kirsty",True,27,6,9,0.667,0,0,,0,0,,3,3,6,1,0,1,0,0,12
2020-12-15_cal_poly_santa_clara,Cal Poly,5,"Holt, Malia",True,29,2,4,0.5,0,0,,0,1,0.0,2,2,4,0,2,3,0,1,4
2020-12-15_cal_poly_santa_clara,Cal Poly,33,"Willett, Maddie",True,20,0,6,0.0,0,3,0.0,2,2,1.0,2,2,4,5,0,1,1,1,2
2020-12-15_cal_poly_santa_clara,Cal Poly,14,"Scanlan, Hannah",False,9,3,7,0.429,0,0,,4,4,1.0,1,1,2,1,0,0,1,0,10
2020-12-15_cal_poly_santa_clara,Cal Poly,15,"Hunter, Leslie",False,8,1,1,1.0,0,0,,0,0,,0,0,0,1,1,0,0,1,2
2020-12-15_cal_poly_santa_clara,Cal Poly,23,"Nikolova, Ivana",False,3,1,2,0.5,0,0,,0,0,,0,0,0,1,0,0,0,0,2
2020-12-15_cal_poly_santa_clara,Cal Poly,22,"Peterson, Hannah",False,20,0,2,0.0,0,1,0.0,0,0,,3,1,4,4,1,0,0,1,0
2020-12-15_cal_poly_santa_clara,Cal Poly,13,"Vick, Maddie",False,9,0,1,0.0,0,1,0.0,0,0,,0,0,0,1,3,2,0,0,0
2020-12-15_cal_poly_santa_clara,Cal Poly,24,"Stachowski, Zoe",False,1,0,0,,0,0,,0,0,,0,0,0,0,0,0,0,0,0
2020-12-15_cal_poly_santa_clara,Cal Poly,TM,TEAM,False,0,0,0,,0,0,,0,0,,2,1,3,0,0,1,0,0,0
2020-12-16_uc_irvine_saint_marys_ca,Saint Mary's (CA),32,"Tonga, Finau",True,27,9,12,0.75,0,0,,5,8,0.625,7,5,12,1,2,2,0,1,23
2020-12-16_uc_irvine_saint_marys_ca,Saint Mary's (CA),5,"Holland, Madeline",True,33,4,11,0.364,1,3,0.333,5,5,1.0,0,2,2,1,4,4,0,1,14
2020-12-16_uc_irvine_saint_marys_ca,Saint Mary's (CA),11,"Kirisome, Jade",True,35,5,12,0.417,2,7,0.286,1,1,1.0,1,4,5,2,2,3,0,0,13
2020-12-16_uc_irvine_saint_marys_ca,Saint Mary's (CA),10,"Dalton, Tayla",True,31,3,12,0.25,2,7,0.286,0,4,0.0,3,2,5,4,2,1,1,2,8
2020-12-16_uc_irvine_saint_marys_ca,Saint Mary's (CA),24,"Simonich, Brianna",True,32,1,3,0.333,0,2,0.0,2,2,1.0,2,8,10,1,3,3,0,0,4
2020-12-16_uc_irvine_saint_marys_ca,Saint Mary's (CA),12,"Grizelj, Mia",False,15,1,1,1.0,0,0,,1,2,0.5,1,2,3,1,1,0,1,0,3
2020-12-16_uc_irvine_saint_marys_ca,Saint Mary's (CA),14,"Boesel, Jordyn",False,13,1,1,1.0,0,0,,0,0,,1,1,2,1,0,2,0,0,2
2020-12-16_uc_irvine_saint_marys_ca,Saint Mary's (CA),22,"Croco, Ellie",False,14,0,3,0.0,0,2,0.0,0,0,,1,3,4,2,0,2,1,1,0
2020-12-16_uc_irvine_saint_marys_ca,Saint Mary's (CA),TM,TEAM,False,0,0,0,,0,0,,0,0,,0,2,2,0,0,1,0,0,0
2020-12-16_uc_irvine_saint_marys_ca,UC Irvine,35,"Locandro, Sophia",True,35,8,15,0.533,0,2,0.0,4,5,0.8,1,3,4,4,1,3,2,1,20
2020-12-16_uc_irvine_saint_marys_ca,UC Irvine,4,"Williams, Kayla",True,40,6,17,0.353,2,7,0.286,1,1,1.0,0,2,2,2,5,3,0,3,15
2020-12-16_uc_irvine_saint_marys_ca,UC Irvine,15,"Seaton, Alexus",True,27,1,3,0.333,0,0,,5,6,0.833,0,3,3,1,2,2,0,1,7
2020-12-16_uc_irvine_saint_marys_ca,UC Irvine,20,"Guglielmo, Dani",True,22,2,6,0.333,2,6,0.333,0,0,,0,4,4,1,1,0,0,1,6
2020-12-16_uc_irvine_saint_marys_ca,UC Irvine,11,"Garza, Tahlia",True,14,1,1,1.0,0,0,,0,0,,1,1,2,3,1,1,1,1,2
2020-12-16_uc_irvine_saint_marys_ca,UC Irvine,2,"Webb, Chloe",False,24,2,7,0.286,0,1,0.0,4,6,0.667,5,2,7,3,1,3,0,0,8
2020-12-16_uc_irvine_saint_marys_ca,UC Irvine,10,"Cadee, Jayde",False,17,2,6,0.333,2,6,0.333,0,0,,0,1,1,4,2,0,0,2,6
2020-12-16_uc_irvine_saint_marys_ca,UC Irvine,23,"Baker, Victoria",False,11,0,3,0.0,0,0,,0,0,,1,0,1,3,2,0,0,1,0
2020-12-16_uc_irvine_saint_marys_ca,UC Irvine,30,"Akaegbu-cleveland, Joy",False,10,0,2,0.0,0,0,,0,0,,2,1,3,3,0,0,0,0,0
2020-12-16_uc_irvine_saint_marys_ca,UC Irvine,TM,TEAM,False,0,0,0,,0,0,,0,0,,2,1,3,0,0,0,0,0,0
2020-12-18_uc_santa_barbara_santa_clara,Santa Clara,22,Ashlyn Herlihy,True,28,7,11,0.636,2,3,0.667,4,5,0.8,2,5,7,0,3,2,0,0,20
2020-12-18_uc_santa_barbara_santa_clara,Santa Clara,23,Lindsey VanAllen,True,23,5,9,0.556,2,4,0.5,0,0,,1,2,3,2,1,1,1,0,12
2020-12-18_uc_santa_barbara_santa_clara,Santa Clara,12,Ashlee Maldonado,True,26,5,9,0.556,1,4,0.25,0,0,,1,2,3,0,7,0,0,2,11
2020-12-18_uc_santa_barbara_santa_clara,Santa Clara,03,Lexie Pritchard,True,21,2,11,0.182,0,4,0.0,2,2,1.0,2,4,6,1,1,1,0,0,6
2020-12-18_uc_santa_barbara_santa_clara,Santa Clara,33,Danja Stafford,True,14,1,1,1.0,0,0,,0,0,,0,0,0,1,0,1,0,0,2
2020-12-18_uc_santa_barbara_santa_clara,Santa Clara,31,Ashley Hiraki,False,14,3,5,0.6,3,4,0.75,0,0,,0,1,1,4,2,2,0,1,9
2020-12-18_uc_santa_barbara_santa_clara,Santa Clara,05,Merle Wiehl,False,16,2,4,0.5,0,1,0.0,4,4,1.0,2,2,4,0,3,2,0,2,8
2020-12-18_uc_santa_barbara_santa_clara,Santa Clara,10,Shayley Harris,False,15,4,6,0.667,0,0,,0,0,,3,1,4,1,0,3,0,1,8
2020-12-18_uc_santa_barbara_santa_clara,Santa Clara,11,Bryce Nixon,False,12,1,2,0.5,1,2,0.5,0,0,,0,0,0,0,0,0,0,0,3
2020-12-18_uc_santa_barbara_santa_clara,Santa Clara,13,Lara Edmanson,False,12,1,2,0.5,0,0,,1,2,0.5,0,5,5,3,0,1,0,0,3
2020-12-18_uc_santa_barbara_santa_clara,Santa Clara,34,Lana Hollingsworth,False,13,0,3,0.0,0,1,0.0,0,0,,4,0,4,1,1,1,0,0,0
2020-12-18_uc_santa_barbara_santa_clara,Santa Clara,04,Anna Johnson,False,5,0,1,0.0,0,0,,0,0,,0,0,0,1,0,0,0,0,0
2020-12-18_uc_santa_barbara_santa_clara,Santa Clara,14,Katie Harris,False,1,0,0,,0,0,,0,0,,1,0,1,0,0,0,0,0,0
2020-12-18_uc_santa_barbara_santa_clara,Santa Clara,TM,TEAM,False,0,0,0,,0,0,,0,0,,3,2,5,0,0,1,0,0,0
2020-12-18_uc_santa_barbara_santa_clara,UC Santa Barbara,10,"Jones, Doris",True,33,6,14,0.429,2,7,0.286,2,2,1.0,2,3,5,3,3,4,1,1,16
2020-12-18_uc_santa_barbara_santa_clara,UC Santa Barbara,00,"Miller, Danae",True,32,3,9,0.333,1,6,0.167,1,2,0.5,0,1,1,3,6,4,0,0,8
2020-12-18_uc_santa_barbara_santa_clara,UC Santa Barbara,02,Briana Anugwom,True,23,3,8,0.375,2,5,0.4,0,0,,2,2,4,1,2,2,0,0,8
2020-12-18_uc_santa_barbara_santa_clara,UC Santa Barbara,11,"Lee, Lauren",True,27,3,4,0.75,0,0,,0,0,,1,2,3,3,1,1,0,1,6
2020-12-18_uc_santa_barbara_santa_clara,UC Santa Barbara,04,"Choice, Anya",True,25,1,4,0.25,0,2,0.0,2,2,1.0,0,1,1,1,3,0,0,0,4
2020-12-18_uc_santa_barbara_santa_clara,UC Santa Barbara,21,"Shulman, Mira",False,31,4,9,0.444,2,6,0.333,1,2,0.5,0,2,2,1,2,3,0,1,11
2020-12-18_uc_santa_barbara_santa_clara,UC Santa Barbara,24,"Marin, Alyssa",False,29,2,5,0.4,2,3,0.667,1,2,0.5,1,3,4,1,1,1,0,1,7
2020-12-18_uc_santa_barbara_santa_clara,UC Santa Barbara,TM,TEAM,False,0,0,0,,0,0,,0,0,,1,1,2,0,0,2,0,0,0
2020-12-19_san_diego_st_uc_irvine,UC Irvine,4,"Williams, Kayla",True,31,5,13,0.385,1,6,0.167,4,6,0.667,0,5,5,3,6,5,0,4,15
2020-12-19_san_diego_st_uc_irvine,UC Irvine,35,"Locandro, Sophia",True,23,2,6,0.333,0,0,,2,2,1.0,0,2,2,5,0,4,1,1,6
2020-12-19_san_diego_st_uc_irvine,UC Irvine,15,"Seaton, Alexus",True,20,0,2,0.0,0,0,,1,2,0.5,0,1,1,0,2,2,0,3,1
2020-12-19_san_diego_st_uc_irvine,UC Irvine,20,"Guglielmo, Dani",True,12,0,2,0.0,0,2,0.0,0,0,,1,1,2,0,0,0,0,0,0
2020-12-19_san_diego_st_uc_irvine,UC Irvine,21,"Talbert, Haleigh",True,8,0,0,,0,0,,0,0,,0,2,2,0,1,0,0,0,0
2020-12-19_san_diego_st_uc_irvine,UC Irvine,23,"Baker, Victoria",False,27,6,10,0.6,1,3,0.333,4,4,1.0,2,3,5,3,3,2,0,1,17
2020-12-19_san_diego_st_uc_irvine,UC Irvine,10,"Cadee, Jayde",False,35,5,13,0.385,5,13,0.385,0,0,,0,5,5,3,0,3,1,1,15
2020-12-19_san_diego_st_uc_irvine,UC Irvine,11,"Garza, Tahlia",False,18,3,3,1.0,0,0,,2,3,0.667,1,4,5,5,1,3,0,1,8
2020-12-19_san_diego_st_uc_irvine,UC Irvine,33,"Kaupu, Caiyle",False,8,2,3,0.667,0,0,,0,0,,0,0,0,3,0,2,0,0,4
2020-12-19_san_diego_st_uc_irvine,UC Irvine,2,"Webb, Chloe",False,14,0,0,,0,0,,0,0,,1,1,2,3,0,2,0,2,0
2020-12-19_san_diego_st_uc_irvine,UC Irvine,30,"Akaegbu-cleveland, Joy",False,4,0,0,,0,0,,0,0,,0,1,1,0,0,0,0,0,0
2020-12-19_san_diego_st_uc_irvine,UC Irvine,TM,TEAM,False,0,0,0,,0,0,,0,0,,5,2,7,0,0,2,0,0,0
2020-12-19_san_diego_st_uc_irvine,San Diego St.,12,"Staples, Mercedes",True,39,4,12,0.333,1,2,0.5,3,3,1.0,1,5,6,2,2,5,0,4,12
2020-12-19_san_diego_st_uc_irvine,San Diego St.,5,"Adams, Tea",True,37,2,7,0.286,1,2,0.5,4,6,0.667,0,3,3,4,5,5,0,3,9
2020-12-19_san_diego_st_uc_irvine,San Diego St.,11,"Gipson, Kamaria",True,19,2,3,0.667,0,0,,1,2,0.5,2,3,5,1,0,2,0,1,5
2020-12-19_san_diego_st_uc_irvine,San Diego St.,23,"Villalobos, Kim",True,12,1,4,0.25,0,0,,0,0,,2,0,2,3,2,4,0,3,2
2020-12-19_san_diego_st_uc_irvine,San Diego St.,21,"Crain, Alex",True,13,0,4,0.0,0,1,0.0,0,0,,0,1,1,3,0,1,0,1,0
2020-12-19_san_diego_st_uc_irvine,San Diego St.,4,"Chynoweth, Bailee",False,24,5,12,0.417,5,12,0.417,0,0,,0,0,0,0,0,0,0,1,15
2020-12-19_san_diego_st_uc_irvine,San Diego St.,22,"Vinerte, Flo",False,20,1,1,1.0,0,0,,3,6,0.5,2,4,6,1,1,2,0,0,5
2020-12-19_san_diego_st_uc_irvine,San Diego St.,30,"Murillo, Ivvana",False,12,1,1,1.0,0,0,,3,6,0.5,2,1,3,2,1,1,0,0,5
2020-12-19_san_diego_st_uc_irvine,San Diego St.,13,"Sireni, Talia",False,7,0,1,0.0,0,1,0.0,2,2,1.0,1,1,2,0,1,2,0,0,2
2020-12-19_san_diego_st_uc_irvine,San Diego St.,10,"Hernandez, Isabela",False,17,0,6,0.0,0,4,0.0,0,0,,0,1,1,1,0,4,0,0,0
2020-12-19_san_diego_st_uc_irvine,San Diego St.,TM,TEAM,False,0,0,0,,0,0,,0,0,,3,3,6,0,0,0,0,0,0
2020-12-19_uc_santa_barbara_santa_clara,Santa Clara,22,Ashlyn Herlihy,True,33,4,6,0.667,2,2,1.0,2,2,1.0,2,5,7,2,2,3,0,0,12
2020-12-19_uc_santa_barbara_santa_clara,Santa Clara,03,Lexie Pritchard,True,18,4,10,0.4,1,4,0.25,2,2,1.0,1,1,2,1,0,2,0,1,11
2020-12-19_uc_santa_barbara_santa_clara,Santa Clara,33,Danja Stafford,True,6,1,1,1.0,0,0,,1,1,1.0,2,1,3,1,0,0,0,1,3
2020-12-19_uc_santa_barbara_santa_clara,Santa Clara,23,Lindsey VanAllen,True,26,1,10,0.1,0,4,0.0,0,0,,2,3,5,0,1,1,0,1,2
2020-12-19_uc_santa_barbara_santa_clara,Santa Clara,12,Ashlee Maldonado,True,18,0,3,0.0,0,2,0.0,2,2,1.0,0,2,2,1,5,3,0,1,2
2020-12-19_uc_santa_barbara_santa_clara,Santa Clara,05,Merle Wiehl,False,24,8,15,0.533,2,6,0.333,2,4,0.5,5,3,8,2,0,2,0,2,20
2020-12-19_uc_santa_barbara_santa_clara,Santa Clara,34,Lana Hollingsworth,False,16,4,7,0.571,3,5,0.6,0,0,,2,1,3,1,1,0,0,0,11
2020-12-19_uc_santa_barbara_santa_clara,Santa Clara,31,Ashley Hiraki,False,22,4,9,0.444,0,2,0.0,2,4,0.5,0,1,1,3,4,2,0,2,10
2020-12-19_uc_santa_barbara_santa_clara,Santa Clara,10,Shayley Harris,False,13,1,4,0.25,0,0,,0,0,,3,4,7,2,0,3,0,1,2
2020-12-19_uc_santa_barbara_santa_clara,Santa Clara,11,Bryce Nixon,False,13,0,1,0.0,0,1,0.0,0,0,,0,0,0,0,2,1,0,0,0
2020-12-19_uc_santa_barbara_santa_clara,Santa Clara,13,Lara Edmanson,False,8,0,2,0.0,0,1,0.0,0,0,,1,2,3,1,0,0,0,0,0
2020-12-19_uc_santa_barbara_santa_clara,Santa Clara,04,Anna Johnson,False,2,0,1,0.0,0,1,0.0,0,0,,0,0,0,0,0,0,0,1,0
2020-12-19_uc_santa_barbara_santa_clara,Santa Clara,14,Katie Harris,False,1,0,0,,0,0,,0,0,,0,0,0,0,0,0,0,0,0
2020-12-19_uc_santa_barbara_santa_clara,Santa Clara,TM,TEAM,False,0,0,0,,0,0,,0,0,,1,1,2,0,0,0,0,0,0
2020-12-19_uc_santa_barbara_santa_clara,UC Santa Barbara,10,"Jones, Doris",True,38,6,13,0.462,2,7,0.286,0,0,,1,11,12,1,3,6,1,3,14
2020-12-19_uc_santa_barbara_santa_clara,UC Santa Barbara,00,"Miller, Danae",True,23,2,6,0.333,2,6,0.333,0,0,,2,1,3,4,3,2,0,0,6
2020-12-19_uc_santa_barbara_santa_clara,UC Santa Barbara,11,"Lee, Lauren",True,18,3,5,0.6,0,0,,0,0,,2,3,5,3,0,5,0,2,6
2020-12-19_uc_santa_barbara_santa_clara,UC Santa Barbara,21,"Shulman, Mira",True,37,2,5,0.4,1,2,0.5,0,0,,0,4,4,3,2,5,0,1,5
2020-12-19_uc_santa_barbara_santa_clara,UC Santa Barbara,02,Briana Anugwom,True,30,1,5,0.2,0,1,0.0,1,2,0.5,0,3,3,1,2,3,0,0,3
2020-12-19_uc_santa_barbara_santa_clara,UC Santa Barbara,04,"Choice, Anya",False,25,3,8,0.375,2,6,0.333,1,2,0.5,2,0,2,1,0,5,0,0,9
2020-12-19_uc_santa_barbara_santa_clara,UC Santa Barbara,24,"Marin, Alyssa",False,29,1,6,0.167,1,4,0.25,5,7,0.714,1,2,3,3,4,4,0,1,8
2020-12-19_uc_santa_barbara_santa_clara,UC Santa Barbara,TM,TEAM,False,0,0,0,,0,0,,0,0,,0,1,1,0,0,0,0,0,0
2020-12-19_california_baptist_cal_poly,Cal Poly,1,"Ellis, Abbey",True,37,7,18,0.389,0,3,0.0,8,8,1.0,0,4,4,2,0,3,0,3,22
2020-12-19_california_baptist_cal_poly,Cal Poly,52,"Campisano, Sierra",True,38,3,15,0.2,0,4,0.0,4,6,0.667,4,14,18,2,3,7,2,1,10
2020-12-19_california_baptist_cal_poly,Cal Poly,33,"Willett, Maddie",True,25,2,9,0.222,0,3,0.0,0,0,,1,2,3,4,3,0,0,1,4
2020-12-19_california_baptist_cal_poly,Cal Poly,25,"Brown, Kirsty",True,18,1,4,0.25,0,0,,0,0,,3,1,4,0,1,3,1,1,2
2020-12-19_california_baptist_cal_poly,Cal Poly,5,"Holt, Malia",True,26,0,5,0.0,0,1,0.0,1,2,0.5,2,3,5,0,0,2,1,1,1
2020-12-19_california_baptist_cal_poly,Cal Poly,22,"Peterson, Hannah",False,12,2,3,0.667,0,0,,0,0,,1,1,2,3,0,2,0,1,4
2020-12-19_california_baptist_cal_poly,Cal Poly,3,"Svetich, Lily",False,7,2,3,0.667,0,0,,0,0,,1,1,2,3,0,0,0,0,4
2020-12-19_california_baptist_cal_poly,Cal Poly,13,"Vick, Maddie",False,19,1,2,0.5,0,0,,1,2,0.5,1,1,2,3,0,1,0,1,3
2020-12-19_california_baptist_cal_poly,Cal Poly,15,"Hunter, Leslie",False,7,0,1,0.0,0,0,,1,4,0.25,0,0,0,1,0,0,0,0,1
2020-12-19_california_baptist_cal_poly,Cal Poly,14,"Scanlan, Hannah",False,4,0,1,0.0,0,0,,0,0,,0,0,0,1,0,0,0,1,0
2020-12-19_california_baptist_cal_poly,Cal Poly,31,"Silvestri, Gianna",False,4,0,1,0.0,0,0,,0,0,,0,1,1,0,0,0,0,0,0
2020-12-19_california_baptist_cal_poly,Cal Poly,35,"Ackerman, Natalia",False,2,0,0,,0,0,,0,0,,1,1,2,0,0,0,0,0,0
2020-12-19_california_baptist_cal_poly,Cal Poly,23,"Nikolova, Ivana",False,1,0,0,,0,0,,0,0,,0,0,0,0,0,0,0,0,0
2020-12-19_california_baptist_cal_poly,Cal Poly,TM,TEAM,False,0,0,0,,0,0,,0,0,,1,2,3,0,0,0,0,0,0
2020-12-19_california_baptist_cal_poly,California Baptist,21,"Wu, Taylor",True,27,1,10,0.1,1,7,0.143,5,6,0.833,0,0,0,2,2,3,0,2,8
2020-12-19_california_baptist_cal_poly,California Baptist,34,"Harper, Caitlyn",True,23,4,5,0.8,0,0,,0,1,0.0,0,3,3,3,0,2,4,1,8
2020-12-19_california_baptist_cal_poly,California Baptist,14,"Palma, Sydney",True,22,1,4,0.25,1,3,0.333,2,2,1.0,0,1,1,5,3,1,0,1,5
2020-12-19_california_baptist_cal_poly,California Baptist,24,"Klaman, Brittany",True,15,2,4,0.5,1,3,0.333,0,0,,0,3,3,1,0,2,1,0,5
2020-12-19_california_baptist_cal_poly,California Baptist,3,"Olaeta, Ane",True,38,2,8,0.25,0,3,0.0,0,0,,1,5,6,2,9,4,1,1,4
2020-12-19_california_baptist_cal_poly,California Baptist,1,"Wu, Dorcas",False,17,4,5,0.8,1,2,0.5,1,1,1.0,1,6,7,1,2,0,0,1,10
2020-12-19_california_baptist_cal_poly,California Baptist,2,"Avila-ambrosi, Nicole",False,23,2,7,0.286,1,5,0.2,2,2,1.0,1,1,2,2,0,3,1,1,7
2020-12-19_california_baptist_cal_poly,California Baptist,13,"Neale, Tiena",False,16,2,9,0.222,0,6,0.0,3,5,0.6,0,3,3,0,0,0,0,1,7
2020-12-19_california_baptist_cal_poly,California Baptist,32,"Thomas, Britney",False,16,3,6,0.5,0,0,,1,2,0.5,4,8,12,4,1,2,1,0,7
2020-12-19_california_baptist_cal_poly,California Baptist,10,"Dale, Georgia",False,3,0,1,0.0,0,0,,0,0,,0,0,0,1,0,0,0,0,0
2020-12-19_california_baptist_cal_poly,California Baptist,TM,TEAM,False,0,0,0,,0,0,,0,0,,2,4,6,0,0,0,0,0,0
2020-12-20_hawaii_hawaii_hilo,Hawaii Hilo,03,"Kawaha, Mandi",True,34,9,21,0.429,3,6,0.5,2,4,0.5,1,5,6,0,2,5,0,2,23
2020-12-20_hawaii_hawaii_hilo,Hawaii Hilo,10,"Shimizu, Sara",True,29,3,8,0.375,3,7,0.429,0,0,,0,1,1,4,4,1,0,3,9
2020-12-20_hawaii_hawaii_hilo,Hawaii Hilo,25,"Waki, Jenna",True,33,4,9,0.444,0,0,,0,2,0.0,0,0,0,2,1,1,0,0,8
2020-12-20_hawaii_hawaii_hilo,Hawaii Hilo,20,"Lee, Malia",True,31,2,5,0.4,1,4,0.25,0,0,,1,2,3,4,0,0,0,0,5
2020-12-20_hawaii_hawaii_hilo,Hawaii Hilo,15,"Schmelz, Kim",True,21,1,5,0.2,1,3,0.333,1,2,0.5,0,0,0,3,0,1,0,0,4
2020-12-20_hawaii_hawaii_hilo,Hawaii Hilo,02,"Tablit, Makayla",False,23,1,7,0.143,1,4,0.25,0,2,0.0,0,4,4,0,1,1,0,1,3
2020-12-20_hawaii_hawaii_hilo,Hawaii Hilo,50,"Revelo, Kayla",False,8,0,1,0.0,0,1,0.0,2,2,1.0,0,1,1,3,0,0,0,1,2
2020-12-20_hawaii_hawaii_hilo,Hawaii Hilo,23,"Olson, Bree",False,17,0,2,0.0,0,0,,0,0,,1,3,4,3,1,0,0,3,0
2020-12-20_hawaii_hawaii_hilo,Hawaii Hilo,30,"Walters, Kenedi",False,2,0,0,,0,0,,0,0,,0,1,1,1,0,0,0,0,0
2020-12-20_hawaii_hawaii_hilo,Hawaii Hilo,40,"Cavaletto, Sierra",False,2,0,0,,0,0,,0,0,,0,0,0,0,0,0,0,0,0
2020-12-20_hawaii_hawaii_hilo,Hawaii Hilo,TM,TEAM,False,0,0,0,,0,0,,0,0,,0,0,0,0,0,0,0,0,0
2020-12-20_hawaii_hawaii_hilo,Hawaii,00,"Phillips, Daejah",True,30,8,13,0.615,0,2,0.0,6,8,0.75,6,2,8,3,4,2,1,0,22
2020-12-20_hawaii_hawaii_hilo,Hawaii,25,"Atwell, Amy",True,23,3,7,0.429,1,3,0.333,0,0,,1,10,11,1,1,1,0,0,7
2020-12-20_hawaii_hawaii_hilo,Hawaii,20,"Falkowska, Alicja",True,12,3,6,0.5,0,0,,0,0,,2,1,3,0,2,2,0,0,6
2020-12-20_hawaii_hawaii_hilo,Hawaii,01,"Imai, Kelsie",True,23,2,3,0.667,0,1,0.0,1,2,0.5,0,5,5,1,2,6,0,1,5
2020-12-20_hawaii_hawaii_hilo,Hawaii,15,"Alexander, Jadynn",True,35,0,6,0.0,0,4,0.0,3,6,0.5,1,4,5,2,3,0,0,1,3
2020-12-20_hawaii_hawaii_hilo,Hawaii,21,"Neubert, Kasey",False,17,5,8,0.625,1,1,1.0,2,4,0.5,4,4,8,2,1,2,0,0,13
2020-12-20_hawaii_hawaii_hilo,Hawaii,23,"McBee, MeiLani",False,15,2,8,0.25,2,6,0.333,0,0,,1,3,4,2,0,1,0,0,6
2020-12-20_hawaii_hawaii_hilo,Hawaii,44,"Rangel, Barbara",False,9,3,3,1.0,0,0,,0,0,,1,2,3,0,0,0,0,1,6
2020-12-20_hawaii_hawaii_hilo,Hawaii,35,"Noah, Channel",False,7,1,1,1.0,0,0,,0,0,,0,0,0,1,0,3,0,1,2
2020-12-20_hawaii_hawaii_hilo,Hawaii,02,"McDaniel, Teionni",False,17,0,1,0.0,0,0,,1,2,0.5,0,3,3,2,2,4,0,0,1
2020-12-20_hawaii_hawaii_hilo,Hawaii,04,"Orji, Nnenna",False,12,0,1,0.0,0,0,,0,2,0.0,1,2,3,2,1,1,0,0,0
2020-12-20_hawaii_hawaii_hilo,Hawaii,TM,TEAM,False,0,0,0,,0,0,,0,0,,2,1,3,0,0,0,0,0,0
2020-12-20_san_diego_uc_irvine,UC Irvine,35,"Locandro, Sophia",True,32,6,14,0.429,3,4,0.75,1,4,0.25,2,6,8,4,0,2,0,2,16
2020-12-20_san_diego_uc_irvine,UC Irvine,4,"Williams, Kayla",True,30,2,10,0.2,1,5,0.2,6,9,0.667,0,1,1,0,5,6,0,3,11
2020-12-20_san_diego_uc_irvine,UC Irvine,2,"Webb, Chloe",True,26,3,6,0.5,0,0,,2,5,0.4,1,5,6,1,0,3,1,2,8
2020-12-20_san_diego_uc_irvine,UC Irvine,11,"Garza, Tahlia",True,16,0,2,0.0,0,0,,0,0,,1,2,3,2,0,1,0,1,0
2020-12-20_san_diego_uc_irvine,UC Irvine,20,"Guglielmo, Dani",True,14,0,0,,0,0,,0,0,,0,0,0,2,1,1,0,1,0
2020-12-20_san_diego_uc_irvine,UC Irvine,10,"Cadee, Jayde",False,34,3,5,0.6,2,4,0.5,1,2,0.5,1,2,3,2,0,2,0,0,9
2020-12-20_san_diego_uc_irvine,UC Irvine,33,"Kaupu, Caiyle",False,22,3,5,0.6,0,0,,2,2,1.0,1,2,3,4,1,2,1,1,8
2020-12-20_san_diego_uc_irvine,UC Irvine,23,"Baker, Victoria",False,21,1,4,0.25,1,1,1.0,1,2,0.5,0,3,3,5,2,10,0,1,4
2020-12-20_san_diego_uc_irvine,UC Irvine,30,"Akaegbu-cleveland, Joy",False,5,0,1,0.0,0,0,,0,0,,0,0,0,0,0,0,0,1,0
2020-12-20_san_diego_uc_irvine,UC Irvine,TM,TEAM,False,0,0,0,,0,0,,0,0,,2,5,7,0,0,2,0,0,0
2020-12-20_san_diego_uc_irvine,San Diego,23,"Edwards, Jordyn",True,25,4,7,0.571,1,2,0.5,5,5,1.0,0,2,2,4,3,3,0,2,14
2020-12-20_san_diego_uc_irvine,San Diego,4,"Gorman, Steph",True,24,4,9,0.444,4,9,0.444,0,0,,0,1,1,1,1,0,0,1,12
2020-12-20_san_diego_uc_irvine,San Diego,32,"Hunter, Sydney",True,24,4,10,0.4,0,0,,1,2,0.5,2,5,7,4,3,2,0,2,9
2020-12-20_san_diego_uc_irvine,San Diego,10,"Pace, Myah",True,23,2,8,0.25,1,4,0.25,3,6,0.5,2,3,5,1,3,2,0,1,8
2020-12-20_san_diego_uc_irvine,San Diego,30,"Bird, Kendall",True,16,2,4,0.5,0,0,,2,6,0.333,0,2,2,4,0,2,1,1,6
2020-12-20_san_diego_uc_irvine,San Diego,11,"Erikstrup, Laura",False,21,4,6,0.667,0,0,,2,2,1.0,2,3,5,4,2,4,0,2,10
2020-12-20_san_diego_uc_irvine,San Diego,5,"Khalfani, Ayanna",False,15,2,3,0.667,0,0,,3,4,0.75,4,2,6,1,2,1,0,4,7
2020-12-20_san_diego_uc_irvine,San Diego,34,"Giuffre, Gabby",False,9,2,4,0.5,1,2,0.5,0,0,,0,0,0,0,0,0,0,0,5
2020-12-20_san_diego_uc_irvine,San Diego,25,"Blakes, Nicole",False,9,2,4,0.5,0,0,,0,0,,1,0,1,1,0,1,0,0,4
2020-12-20_san_diego_uc_irvine,San Diego,00,"Oakry, Kiera",False,11,0,2,0.0,0,1,0.0,0,0,,0,2,2,1,2,3,0,2,0
2020-12-20_san_diego_uc_irvine,San Diego,20,"Martinsen, Erica",False,9,0,3,0.0,0,2,0.0,0,0,,0,1,1,1,1,1,0,0,0
2020-12-20_san_diego_uc_irvine,San Diego,33,"Olinger, Amanda",False,8,0,1,0.0,0,1,0.0,0,0,,0,1,1,1,0,1,0,0,0
2020-12-20_san_diego_uc_irvine,San Diego,14,"Martinez, Karla",False,6,0,1,0.0,0,0,,0,0,,0,2,2,1,1,0,0,0,0
2020-12-20_san_diego_uc_irvine,San Diego,TM,TEAM,False,0,0,0,,0,0,,0,0,,4,1,5,0,0,4,0,0,0
2020-12-21_san_diego_st_cal_poly,Cal Poly,1,"Ellis, Abbey",True,35,13,25,0.52,8,11,0.727,5,6,0.833,2,2,4,2,1,1,0,3,39
2020-12-21_san_diego_st_cal_poly,Cal Poly,52,"Campisano, Sierra",True,36,3,12,0.25,0,1,0.0,1,2,0.5,2,10,12,3,4,4,2,1,7
2020-12-21_san_diego_st_cal_poly,Cal Poly,33,"Willett, Maddie",True,36,2,8,0.25,2,5,0.4,1,2,0.5,0,6,6,0,4,0,1,0,7
2020-12-21_san_diego_st_cal_poly,Cal Poly,25,"Brown, Kirsty",True,28,3,5,0.6,0,0,,0,0,,2,2,4,4,0,1,0,0,6
2020-12-21_san_diego_st_cal_poly,Cal Poly,5,"Holt, Malia",True,16,0,1,0.0,0,1,0.0,0,0,,1,1,2,1,2,2,0,0,0
2020-12-21_san_diego_st_cal_poly,Cal Poly,13,"Vick, Maddie",False,27,4,6,0.667,2,3,0.667,0,0,,0,0,0,4,7,2,0,0,10
2020-12-21_san_diego_st_cal_poly,Cal Poly,14,"Scanlan, Hannah",False,14,1,1,1.0,0,0,,0,0,,2,4,6,1,0,0,0,0,2
2020-12-21_san_diego_st_cal_poly,Cal Poly,3,"Svetich, Lily",False,3,1,1,1.0,0,0,,0,0,,0,0,0,1,0,0,0,1,2
2020-12-21_san_diego_st_cal_poly,Cal Poly,15,"Hunter, Leslie",False,2,0,1,0.0,0,0,,0,0,,0,0,0,0,1,0,0,0,0
2020-12-21_san_diego_st_cal_poly,Cal Poly,35,"Ackerman, Natalia",False,2,0,0,,0,0,,0,0,,0,0,0,0,1,0,1,1,0
2020-12-21_san_diego_st_cal_poly,Cal Poly,22,"Peterson, Hannah",False,1,0,0,,0,0,,0,0,,0,0,0,0,0,1,0,0,0
2020-12-21_san_diego_st_cal_poly,Cal Poly,TM,TEAM,False,0,0,0,,0,0,,0,0,,0,3,3,0,0,0,0,0,0
2020-12-21_san_diego_st_cal_poly,San Diego St.,12,"Staples, Mercedes",True,36,3,11,0.273,2,5,0.4,2,2,1.0,1,8,9,4,3,4,0,0,10
2020-12-21_san_diego_st_cal_poly,San Diego St.,5,"Adams, Tea",True,31,3,7,0.429,0,2,0.0,4,6,0.667,0,4,4,4,7,5,0,1,10
2020-12-21_san_diego_st_cal_poly,San Diego St.,4,"Chynoweth, Bailee",True,31,3,11,0.273,3,11,0.273,0,0,,0,0,0,0,0,0,0,1,9
2020-12-21_san_diego_st_cal_poly,San Diego St.,10,"Hernandez, Isabela",True,36,3,8,0.375,2,4,0.5,0,0,,0,0,0,0,0,1,0,3,8
2020-12-21_san_diego_st_cal_poly,San Diego St.,11,"Gipson, Kamaria",True,23,0,3,0.0,0,0,,0,0,,1,4,5,2,0,0,0,1,0
2020-12-21_san_diego_st_cal_poly,San Diego St.,13,"Sireni, Talia",False,13,3,3,1.0,2,2,1.0,2,2,1.0,0,0,0,2,0,1,0,0,10
2020-12-21_san_diego_st_cal_poly,San Diego St.,22,"Vinerte, Flo",False,16,3,4,0.75,0,0,,3,3,1.0,2,4,6,1,0,0,0,0,9
2020-12-21_san_diego_st_cal_poly,San Diego St.,23,"Villalobos, Kim",False,14,3,7,0.429,0,0,,1,2,0.5,1,3,4,2,0,1,0,1,7
2020-12-21_san_diego_st_cal_poly,San Diego St.,TM,TEAM,False,0,0,0,,0,0,,0,0,,1,1,2,0,0,0,0,0,0
2020-12-23_southern_california_long_beach_st,Long Beach St.,42,"Hunt, Naomi",True,40,7,18,0.389,5,12,0.417,0,0,,2,6,8,2,6,2,0,2,19
2020-12-23_southern_california_long_beach_st,Long Beach St.,10,"King, Justina",True,40,5,16,0.312,1,2,0.5,2,2,1.0,0,0,0,1,5,1,0,1,13
2020-12-23_southern_california_long_beach_st,Long Beach St.,12,"Jeskeova, Kristyna",True,36,4,8,0.5,1,4,0.25,0,0,,1,11,12,1,0,3,1,3,9
2020-12-23_southern_california_long_beach_st,Long Beach St.,00,"Berry, Ma'qhi",True,36,2,5,0.4,1,2,0.5,3,4,0.75,0,2,2,4,4,3,0,0,8
2020-12-23_southern_california_long_beach_st,Long Beach St.,25,"Hamilton-fisher, Kianna",True,8,0,1,0.0,0,1,0.0,0,0,,0,0,0,1,1,0,1,0,0
2020-12-23_southern_california_long_beach_st,Long Beach St.,33,"Joseph, Myrrah",False,21,3,9,0.333,0,0,,2,4,0.5,2,5,7,5,0,2,0,2,8
2020-12-23_southern_california_long_beach_st,Long Beach St.,30,"Chung, Patricia",False,19,2,2,1.0,1,1,1.0,3,3,1.0,0,0,0,2,0,0,0,0,8
2020-12-23_southern_california_long_beach_st,Long Beach St.,TM,TEAM,False,0,0,0,,0,0,,0,0,,1,0,1,0,0,0,0,0,0
2020-12-23_southern_california_long_beach_st,Southern California,5,"Sanders, Jordan",True,39,10,18,0.556,2,3,0.667,1,1,1.0,2,6,8,1,1,2,3,1,23
2020-12-23_southern_california_long_beach_st,Southern California,4,"Rogers, Endyia",True,36,7,14,0.5,4,8,0.5,0,2,0.0,0,4,4,1,7,2,0,1,18
2020-12-23_southern_california_long_beach_st,Southern California,24,"Caldwell, Desiree",True,34,2,7,0.286,0,1,0.0,6,6,1.0,0,2,2,1,4,1,1,1,10
2020-12-23_southern_california_long_beach_st,Southern California,22,"White, Kyra",True,37,3,6,0.5,0,0,,0,0,,1,6,7,1,8,3,1,0,6
2020-12-23_southern_california_long_beach_st,Southern California,10,"Oliver, Amaya",True,28,2,3,0.667,0,0,,2,3,0.667,0,7,7,4,1,3,0,0,6
2020-12-23_southern_california_long_beach_st,Southern California,23,"Campbell, Madison",False,20,3,6,0.5,2,5,0.4,0,2,0.0,0,4,4,2,0,3,0,0,8
2020-12-23_southern_california_long_beach_st,Southern California,1,"Tinner, Zayla",False,5,0,0,,0,0,,0,0,,0,0,0,1,0,0,0,0,0
2020-12-23_southern_california_long_beach_st,Southern California,2,"Otto, India",False,1,0,0,,0,0,,0,0,,0,0,0,0,0,0,0,0,0
2020-12-23_southern_california_long_beach_st,Southern California,TM,TEAM,False,0,0,0,,0,0,,0,0,,2,1,3,0,0,0,0,0,0
2020-12-23_uc_riverside_santa_clara,Santa Clara,23,"Vanallen, Lindsey",True,33,5,11,0.455,1,3,0.333,9,11,0.818,2,7,9,0,1,1,0,3,20
2020-12-23_uc_riverside_santa_clara,Santa Clara,3,"Pritchard, Lexie",True,31,3,8,0.375,0,0,,3,4,0.75,0,3,3,1,0,3,0,1,9
2020-12-23_uc_riverside_santa_clara,Santa Clara,22,"Herlihy, Ashlyn",True,36,3,7,0.429,0,0,,0,0,,2,3,5,4,2,6,1,1,6
2020-12-23_uc_riverside_santa_clara,Santa Clara,5,"Wiehl, Merle",True,25,2,3,0.667,0,0,,1,2,0.5,3,3,6,1,1,3,0,3,5
2020-12-23_uc_riverside_santa_clara,Santa Clara,12,"Maldonado, Ashlee",True,14,0,2,0.0,0,2,0.0,1,2,0.5,0,1,1,0,2,3,0,1,1
2020-12-23_uc_riverside_santa_clara,Santa Clara,34,"Hollingsworth, Lana",False,17,1,7,0.143,1,3,0.333,2,2,1.0,0,1,1,1,0,2,0,1,5
2020-12-23_uc_riverside_santa_clara,Santa Clara,10,"Harris, Shayley",False,20,2,4,0.5,0,0,,0,0,,2,4,6,1,1,1,2,1,4
2020-12-23_uc_riverside_santa_clara,Santa Clara,11,"Nixon, Bryce",False,12,1,1,1.0,0,0,,0,0,,1,0,1,1,1,0,0,1,2
2020-12-23_uc_riverside_santa_clara,Santa Clara,13,"Edmanson, Lara",False,7,1,3,0.333,0,1,0.0,0,0,,0,0,0,1,0,0,0,1,2
2020-12-23_uc_riverside_santa_clara,Santa Clara,31,"Hiraki, Ashley",False,4,0,3,0.0,0,1,0.0,0,0,,0,1,1,3,0,0,0,0,0
2020-12-23_uc_riverside_santa_clara,Santa Clara,4,"Johnson, Anna",False,1,0,0,,0,0,,0,0,,0,0,0,0,0,0,0,0,0
2020-12-23_uc_riverside_santa_clara,Santa Clara,TM,TEAM,False,0,0,0,,0,0,,0,0,,2,1,3,0,0,2,0,0,0
2020-12-23_uc_riverside_santa_clara,UC Riverside,10,"Cooper, Keilanei",True,25,5,16,0.312,1,7,0.143,0,0,,0,3,3,4,1,4,0,2,11
2020-12-23_uc_riverside_santa_clara,UC Riverside,24,"Gnago, Daphne",True,24,4,8,0.5,0,0,,1,2,0.5,4,1,5,3,1,4,1,1,9
2020-12-23_uc_riverside_santa_clara,UC Riverside,4,"Holland, Jada",True,34,2,5,0.4,1,3,0.333,0,0,,0,6,6,2,6,6,2,2,5
2020-12-23_uc_riverside_santa_clara,UC Riverside,00,"Webster, Jordan",True,33,1,7,0.143,1,5,0.2,2,2,1.0,0,2,2,1,1,1,1,3,5
2020-12-23_uc_riverside_santa_clara,UC Riverside,12,"Kyrkjebo, Kari",True,20,1,5,0.2,0,1,0.0,0,0,,1,2,3,4,0,2,0,1,2
2020-12-23_uc_riverside_santa_clara,UC Riverside,13,"Ohiaeri, Georgia",False,27,4,7,0.571,1,4,0.25,2,3,0.667,1,1,2,1,1,3,1,0,11
2020-12-23_uc_riverside_santa_clara,UC Riverside,32,"Brady, Bryanna",False,10,2,3,0.667,0,0,,1,1,1.0,1,1,2,4,0,2,1,0,5
2020-12-23_uc_riverside_santa_clara,UC Riverside,21,"Kasapi, Andriana",False,12,0,2,0.0,0,2,0.0,0,0,,0,0,0,0,1,0,0,0,0
2020-12-23_uc_riverside_santa_clara,UC Riverside,3,"Campbell, Joy",False,8,0,1,0.0,0,0,,0,0,,1,0,1,1,0,1,0,1,0
2020-12-23_uc_riverside_santa_clara,UC Riverside,23,"Aikins, India",False,4,0,0,,0,0,,0,0,,0,1,1,0,0,2,0,1,0
2020-12-23_uc_riverside_santa_clara,UC Riverside,5,"Pointer, Lauryn",False,3,0,0,,0,0,,0,0,,0,2,2,0,0,0,0,0,0
2020-12-23_uc_riverside_santa_clara,UC Riverside,TM,TEAM,False,0,0,0,,0,0,,0,0,,4,0,4,0,0,0,0,0,0
2020-12-27_uc_santa_barbara_uc_irvine,UC Irvine,04,Kayla  Williams,True,37,8,17,0.471,0,1,0.0,8,9,0.889,2,4,6,0,4,3,0,0,24
2020-12-27_uc_santa_barbara_uc_irvine,UC Irvine,02,Chloe Webb,True,28,4,15,0.267,1,1,1.0,3,4,0.75,3,7,10,2,0,2,1,0,12
2020-12-27_uc_santa_barbara_uc_irvine,UC Irvine,35,Sophia Locandro,True,25,3,16,0.188,0,0,,3,4,0.75,7,4,11,3,1,4,1,1,9
2020-12-27_uc_santa_barbara_uc_irvine,UC Irvine,10,Jayde Cadee,True,39,2,6,0.333,1,5,0.2,0,0,,1,2,3,0,0,1,0,0,5
2020-12-27_uc_santa_barbara_uc_irvine,UC Irvine,20,Dani Guglielmo,True,37,2,8,0.25,1,5,0.2,0,0,,5,2,7,2,3,0,0,2,5
2020-12-27_uc_santa_barbara_uc_irvine,UC Irvine,11,Tahlia Garza,False,18,3,5,0.6,0,0,,1,2,0.5,3,3,6,4,1,0,1,2,7
2020-12-27_uc_santa_barbara_uc_irvine,UC Irvine,33,Caiyle Kaupu,False,7,0,3,0.0,0,0,,2,2,1.0,0,0,0,0,0,2,0,0,2
2020-12-27_uc_santa_barbara_uc_irvine,UC Irvine,23,Victoria Baker,False,9,0,2,0.0,0,1,0.0,0,0,,1,1,2,2,1,2,0,0,0
2020-12-27_uc_santa_barbara_uc_irvine,UC Irvine,TM,TEAM,False,0,0,0,,0,0,,0,0,,0,4,4,0,0,0,0,0,0
2020-12-27_uc_santa_barbara_uc_irvine,UC Santa Barbara,00,"Miller, Danae",True,38,5,11,0.455,3,5,0.6,5,5,1.0,0,1,1,3,3,2,0,1,18
2020-12-27_uc_santa_barbara_uc_irvine,UC Santa Barbara,02,Briana Anugwom,True,33,4,8,0.5,1,1,1.0,1,1,1.0,3,7,10,2,3,4,0,0,10
2020-12-27_uc_santa_barbara_uc_irvine,UC Santa Barbara,10,"Jones, Doris",True,38,3,17,0.176,2,8,0.25,0,0,,0,5,5,2,5,3,0,1,8
2020-12-27_uc_santa_barbara_uc_irvine,UC Santa Barbara,04,"Choice, Anya",True,16,2,6,0.333,1,5,0.2,0,0,,0,1,1,5,1,3,0,1,5
2020-12-27_uc_santa_barbara_uc_irvine,UC Santa Barbara,11,"Lee, Lauren",True,27,0,1,0.0,0,0,,1,2,0.5,4,1,5,4,4,2,0,0,1
2020-12-27_uc_santa_barbara_uc_irvine,UC Santa Barbara,12,"Mole, Taylor",False,30,6,11,0.545,2,5,0.4,1,1,1.0,1,11,12,1,1,1,3,1,15
2020-12-27_uc_santa_barbara_uc_irvine,UC Santa Barbara,24,"Marin, Alyssa",False,7,0,1,0.0,0,1,0.0,3,3,1.0,0,0,0,3,0,0,0,0,3
2020-12-27_uc_santa_barbara_uc_irvine,UC Santa Barbara,21,"Shulman, Mira",False,11,0,1,0.0,0,1,0.0,0,0,,0,2,2,0,0,3,0,0,0
2020-12-27_uc_santa_barbara_uc_irvine,UC Santa Barbara,TM,TEAM,False,0,0,0,,0,0,,0,0,,1,2,3,0,0,0,0,0,0
2020-12-27_long_beach_st_uc_riverside,UC Riverside,10,"Cooper, Keilanei",True,29,8,18,0.444,1,7,0.143,2,7,0.286,1,3,4,3,1,4,1,3,19
2020-12-27_long_beach_st_uc_riverside,UC Riverside,00,"Webster, Jordan",True,27,4,9,0.444,2,6,0.333,1,2,0.5,0,1,1,1,2,4,1,2,11
2020-12-27_long_beach_st_uc_riverside,UC Riverside,24,"Gnago, Daphne",True,24,2,5,0.4,0,0,,0,0,,1,4,5,0,0,0,0,2,4
2020-12-27_long_beach_st_uc_riverside,UC Riverside,12,"Kyrkjebo, Kari",True,24,1,3,0.333,0,0,,2,2,1.0,3,4,7,0,2,2,0,0,4
2020-12-27_long_beach_st_uc_riverside,UC Riverside,4,"Holland, Jada",True,34,0,7,0.0,0,4,0.0,0,2,0.0,0,5,5,1,4,3,1,2,0
2020-12-27_long_beach_st_uc_riverside,UC Riverside,13,"Ohiaeri, Georgia",False,24,1,3,0.333,1,3,0.333,1,2,0.5,0,3,3,3,1,3,1,1,4
2020-12-27_long_beach_st_uc_riverside,UC Riverside,5,"Pointer, Lauryn",False,17,0,3,0.0,0,3,0.0,2,2,1.0,3,1,4,0,1,2,1,1,2
2020-12-27_long_beach_st_uc_riverside,UC Riverside,21,"Kasapi, Andrianna",False,7,0,0,,0,0,,0,0,,0,1,1,0,0,2,0,0,0
2020-12-27_long_beach_st_uc_riverside,UC Riverside,3,"Campbell, Joy",False,5,0,0,,0,0,,0,0,,0,0,0,1,0,0,0,0,0
2020-12-27_long_beach_st_uc_riverside,UC Riverside,23,"Aikins, India",False,5,0,1,0.0,0,1,0.0,0,0,,0,0,0,0,0,1,0,0,0
2020-12-27_long_beach_st_uc_riverside,UC Riverside,32,"Brady, Bryanna",False,4,0,0,,0,0,,0,0,,0,0,0,0,1,1,0,0,0
2020-12-27_long_beach_st_uc_riverside,UC Riverside,TM,TEAM,False,0,0,0,,0,0,,0,0,,1,0,1,0,0,0,0,0,0
2020-12-27_long_beach_st_uc_riverside,Long Beach St.,42,"Hunt, Naomi",True,34,8,14,0.571,3,6,0.5,1,1,1.0,0,8,8,4,1,2,0,3,20
2020-12-27_long_beach_st_uc_riverside,Long Beach St.,00,"Berry, Ma'qhi",True,31,5,7,0.714,0,0,,4,7,0.571,0,0,0,1,2,3,0,5,14
2020-12-27_long_beach_st_uc_riverside,Long Beach St.,10,"King, Justina",True,25,3,6,0.5,3,3,1.0,2,4,0.5,0,5,5,2,3,5,0,1,11
2020-12-27_long_beach_st_uc_riverside,Long Beach St.,25,"Hamilton-fisher, Kianna",True,10,3,3,1.0,2,2,1.0,0,1,0.0,0,0,0,2,1,0,0,0,8
2020-12-27_long_beach_st_uc_riverside,Long Beach St.,12,"Jeskeova, Kristyna",True,33,0,1,0.0,0,0,,0,0,,2,8,10,3,1,3,0,2,0
2020-12-27_long_beach_st_uc_riverside,Long Beach St.,20,"Joseph, Myrrah",False,27,4,7,0.571,0,0,,0,0,,2,3,5,5,7,2,0,2,8
2020-12-27_long_beach_st_uc_riverside,Long Beach St.,2,"Tucker, Savannah",False,13,3,5,0.6,1,2,0.5,0,0,,0,1,1,0,1,0,0,0,7
2020-12-27_long_beach_st_uc_riverside,Long Beach St.,30,"Chung, Patricia",False,27,3,9,0.333,0,1,0.0,0,0,,0,1,1,1,2,2,0,3,6
2020-12-27_long_beach_st_uc_riverside,Long Beach St.,TM,TEAM,False,0,0,0,,0,0,,0,0,,1,3,4,0,0,0,0,0,0
2020-12-28_uc_santa_barbara_uc_irvine,UC Irvine,02,Chloe Webb,True,25,7,13,0.538,0,1,0.0,3,3,1.0,7,0,7,2,0,0,0,0,17
2020-12-28_uc_santa_barbara_uc_irvine,UC Irvine,35,Sophia Locandro,True,16,4,13,0.308,0,1,0.0,2,3,0.667,2,4,6,5,1,1,1,0,10
2020-12-28_uc_santa_barbara_uc_irvine,UC Irvine,20,Dani Guglielmo,True,31,2,6,0.333,2,6,0.333,0,0,,2,0,2,2,2,0,0,2,6
2020-12-28_uc_santa_barbara_uc_irvine,UC Irvine,04,Kayla  Williams,True,30,3,7,0.429,0,0,,0,0,,0,4,4,3,10,2,0,3,6
2020-12-28_uc_santa_barbara_uc_irvine,UC Irvine,10,Jayde Cadee,True,39,0,7,0.0,0,7,0.0,0,0,,0,5,5,1,3,1,0,2,0
2020-12-28_uc_santa_barbara_uc_irvine,UC Irvine,11,Tahlia Garza,False,25,8,10,0.8,0,0,,0,0,,2,3,5,2,0,2,0,1,16
2020-12-28_uc_santa_barbara_uc_irvine,UC Irvine,33,Caiyle Kaupu,False,16,4,6,0.667,0,0,,2,5,0.4,1,1,2,1,2,1,0,0,10
2020-12-28_uc_santa_barbara_uc_irvine,UC Irvine,23,Victoria Baker,False,16,1,5,0.2,0,0,,2,2,1.0,1,4,5,2,4,1,0,2,4
2020-12-28_uc_santa_barbara_uc_irvine,UC Irvine,01,Tarryn Ross,False,1,0,0,,0,0,,0,0,,0,1,1,0,0,0,0,0,0
2020-12-28_uc_santa_barbara_uc_irvine,UC Irvine,12,Catherine Swanson,False,1,0,0,,0,0,,0,0,,0,0,0,1,0,1,0,0,0
2020-12-28_uc_santa_barbara_uc_irvine,UC Irvine,TM,TEAM,False,0,0,0,,0,0,,0,0,,2,2,4,0,0,1,0,0,0
2020-12-28_uc_santa_barbara_uc_irvine,UC Santa Barbara,11,"Lee, Lauren",True,25,2,3,0.667,1,1,1.0,2,2,1.0,1,2,3,3,2,3,0,0,7
2020-12-28_uc_santa_barbara_uc_irvine,UC Santa Barbara,00,"Miller, Danae",True,21,2,4,0.5,2,4,0.5,0,0,,0,0,0,0,2,1,0,0,6
2020-12-28_uc_santa_barbara_uc_irvine,UC Santa Barbara,04,"Choice, Anya",True,31,2,6,0.333,0,3,0.0,0,0,,0,2,2,4,0,4,0,1,4
2020-12-28_uc_santa_barbara_uc_irvine,UC Santa Barbara,10,"Jones, Doris",True,22,1,8,0.125,1,2,0.5,0,0,,1,3,4,3,2,2,0,1,3
2020-12-28_uc_santa_barbara_uc_irvine,UC Santa Barbara,02,Briana Anugwom,True,25,0,3,0.0,0,2,0.0,2,2,1.0,1,8,9,2,1,5,0,0,2
2020-12-28_uc_santa_barbara_uc_irvine,UC Santa Barbara,24,"Marin, Alyssa",False,28,4,8,0.5,4,8,0.5,7,10,0.7,0,1,1,1,1,1,0,1,19
2020-12-28_uc_santa_barbara_uc_irvine,UC Santa Barbara,12,"Mole, Taylor",False,28,4,10,0.4,2,7,0.286,2,2,1.0,1,3,4,2,3,2,2,1,12
2020-12-28_uc_santa_barbara_uc_irvine,UC Santa Barbara,21,"Shulman, Mira",False,20,1,2,0.5,1,2,0.5,0,0,,0,2,2,0,3,2,0,0,3
2020-12-28_uc_santa_barbara_uc_irvine,UC Santa Barbara,TM,TEAM,False,0,0,0,,0,0,,0,0,,2,3,5,0,0,0,0,0,0
2020-12-29_uc_riverside_long_beach_st,Long Beach St.,10,"King, Justina",True,40,5,10,0.5,2,4,0.5,8,10,0.8,0,3,3,1,3,4,1,1,20
2020-12-29_uc_riverside_long_beach_st,Long Beach St.,25,"Hamilton-fisher, Kianna",True,20,5,6,0.833,2,2,1.0,1,3,0.333,0,2,2,1,1,1,0,4,13
2020-12-29_uc_riverside_long_beach_st,Long Beach St.,42,"Hunt, Naomi",True,36,4,11,0.364,3,9,0.333,0,0,,0,3,3,1,2,5,0,0,11
2020-12-29_uc_riverside_long_beach_st,Long Beach St.,12,"Jeskeova, Kristyna",True,34,1,8,0.125,1,7,0.143,2,2,1.0,5,7,12,1,4,2,2,1,5
2020-12-29_uc_riverside_long_beach_st,Long Beach St.,00,"Berry, Ma'qhi",True,28,1,4,0.25,0,3,0.0,0,0,,2,1,3,3,2,0,0,2,2
2020-12-29_uc_riverside_long_beach_st,Long Beach St.,20,"Joseph, Myrrah",False,22,5,7,0.714,0,0,,0,0,,1,3,4,2,0,2,1,0,10
2020-12-29_uc_riverside_long_beach_st,Long Beach St.,30,"Chung, Patricia",False,18,4,7,0.571,0,2,0.0,2,2,1.0,0,4,4,2,2,1,0,0,10
2020-12-29_uc_riverside_long_beach_st,Long Beach St.,2,"Tucker, Savannah",False,2,0,1,0.0,0,0,,0,0,,0,0,0,1,0,0,0,0,0
2020-12-29_uc_riverside_long_beach_st,Long Beach St.,TM,TEAM,False,0,0,0,,0,0,,0,0,,4,0,4,0,0,0,0,0,0
2020-12-29_uc_riverside_long_beach_st,UC Riverside,00,"Webster, Jordan",True,29,7,14,0.5,4,10,0.4,1,1,1.0,1,2,3,3,1,3,0,1,19
2020-12-29_uc_riverside_long_beach_st,UC Riverside,10,"Cooper, Keilanei",True,32,6,13,0.462,1,4,0.25,0,0,,0,2,2,3,2,4,1,3,13
2020-12-29_uc_riverside_long_beach_st,UC Riverside,4,"Holland, Jada",True,37,4,15,0.267,0,6,0.0,4,4,1.0,1,4,5,4,6,2,0,3,12
2020-12-29_uc_riverside_long_beach_st,UC Riverside,12,"Kyrkjebo, Kari",True,31,4,6,0.667,0,1,0.0,2,3,0.667,2,4,6,2,2,1,0,1,10
2020-12-29_uc_riverside_long_beach_st,UC Riverside,24,"Gnago, Daphne",True,25,4,7,0.571,0,0,,1,2,0.5,3,1,4,0,0,1,0,3,9
2020-12-29_uc_riverside_long_beach_st,UC Riverside,13,"Ohiaeri, Georgia",False,21,1,5,0.2,0,2,0.0,1,2,0.5,1,1,2,1,0,1,0,0,3
2020-12-29_uc_riverside_long_beach_st,UC Riverside,5,"Pointer, Lauryn",False,16,0,0,,0,0,,0,0,,2,3,5,0,1,1,0,0,0
2020-12-29_uc_riverside_long_beach_st,UC Riverside,3,"Campbell, Joy",False,7,0,1,0.0,0,0,,0,0,,0,1,1,3,2,0,0,0,0
2020-12-29_uc_riverside_long_beach_st,UC Riverside,21,"Kasapi, Andriana",False,2,0,0,,0,0,,0,0,,0,0,0,0,0,0,0,0,0
2020-12-29_uc_riverside_long_beach_st,UC Riverside,TM,TEAM,False,0,0,0,,0,0,,0,0,,4,2,6,0,0,1,0,0,0
2021-01-01_uc_san_diego_cal_poly,Cal Poly,01,"Ellis, Abbey",True,34,11,22,0.5,8,12,0.667,1,1,1.0,2,5,7,3,4,0,0,1,31
2021-01-01_uc_san_diego_cal_poly,Cal Poly,52,"Campisano, Sierra",True,37,7,10,0.7,4,4,1.0,5,6,0.833,1,8,9,2,2,3,1,0,23
2021-01-01_uc_san_diego_cal_poly,Cal Poly,33,"Willett, Maddie",True,23,3,7,0.429,2,5,0.4,2,2,1.0,2,2,4,4,3,0,0,3,10
2021-01-01_uc_san_diego_cal_poly,Cal Poly,05,"Holt, Malia",True,27,2,5,0.4,2,4,0.5,0,0,,0,2,2,3,2,1,0,0,6
2021-01-01_uc_san_diego_cal_poly,Cal Poly,25,"Brown, Kirsty",True,11,1,1,1.0,0,0,,2,2,1.0,1,1,2,2,0,0,1,1,4
2021-01-01_uc_san_diego_cal_poly,Cal Poly,13,"Vick, Maddie",False,29,3,5,0.6,0,1,0.0,0,0,,2,2,4,0,5,1,0,2,6
2021-01-01_uc_san_diego_cal_poly,Cal Poly,15,"Hunter, Leslie",False,10,1,4,0.25,0,1,0.0,1,2,0.5,0,0,0,1,0,2,0,0,3
2021-01-01_uc_san_diego_cal_poly,Cal Poly,03,"Svetich, Lily",False,3,1,3,0.333,1,2,0.5,0,0,,0,1,1,1,0,0,0,0,3
2021-01-01_uc_san_diego_cal_poly,Cal Poly,31,"Silvestri, Gianna",False,10,1,3,0.333,0,2,0.0,0,0,,0,1,1,0,0,0,0,0,2
2021-01-01_uc_san_diego_cal_poly,Cal Poly,14,"Scanlan, Hannah",False,4,1,1,1.0,0,0,,0,0,,0,0,0,2,0,1,0,0,2
2021-01-01_uc_san_diego_cal_poly,Cal Poly,22,"Peterson, Hannah",False,8,0,2,0.0,0,2,0.0,0,0,,0,1,1,3,1,0,0,0,0
2021-01-01_uc_san_diego_cal_poly,Cal Poly,20,"Bliss, Grace",False,2,0,0,,0,0,,0,0,,0,0,0,0,0,0,0,0,0
2021-01-01_uc_san_diego_cal_poly,Cal Poly,24,"Stachowski, Zoe",False,2,0,0,,0,0,,0,0,,0,1,1,1,0,1,0,0,0
2021-01-01_uc_san_diego_cal_poly,Cal Poly,TM,TEAM,False,0,0,0,,0,0,,0,0,,1,1,2,0,0,1,0,0,0
2021-01-01_uc_san_diego_cal_poly,UC San Diego,02,"Turner, Tyla",True,32,4,14,0.286,2,5,0.4,3,6,0.5,2,3,5,1,6,2,0,2,13
2021-01-01_uc_san_diego_cal_poly,UC San Diego,13,"Brown, Sydney",True,20,4,10,0.4,2,6,0.333,0,0,,0,3,3,4,0,1,0,0,10
2021-01-01_uc_san_diego_cal_poly,UC San Diego,04,"Cangelosi, Emily",True,16,1,3,0.333,1,2,0.5,0,0,,3,3,6,0,0,0,0,0,3
2021-01-01_uc_san_diego_cal_poly,UC San Diego,12,"Baxter, Madison",True,21,1,3,0.333,0,2,0.0,0,1,0.0,1,2,3,1,1,2,0,0,2
2021-01-01_uc_san_diego_cal_poly,UC San Diego,40,"Herrmann, Emerson",True,9,0,1,0.0,0,1,0.0,2,2,1.0,1,1,2,1,0,1,0,0,2
2021-01-01_uc_san_diego_cal_poly,UC San Diego,15,"Claros, Brianna",False,25,3,8,0.375,3,5,0.6,2,2,1.0,0,1,1,0,2,3,0,0,11
2021-01-01_uc_san_diego_cal_poly,UC San Diego,32,"Montgomery, Parker",False,29,3,13,0.231,3,10,0.3,0,0,,1,4,5,0,1,1,0,1,9
2021-01-01_uc_san_diego_cal_poly,UC San Diego,11,"Brown, Aishah",False,18,2,4,0.5,0,0,,3,6,0.5,3,5,8,3,1,2,1,0,7
2021-01-01_uc_san_diego_cal_poly,UC San Diego,30,"Ybarra-Harvey, Layla",False,13,2,2,1.0,0,0,,2,2,1.0,1,1,2,2,0,1,0,0,6
2021-01-01_uc_san_diego_cal_poly,UC San Diego,25,"Ellenbeck, Kendal",False,17,1,2,0.5,1,2,0.5,2,3,0.667,0,0,0,3,1,2,1,0,5
2021-01-01_uc_san_diego_cal_poly,UC San Diego,TM,TEAM,False,0,0,0,,0,0,,0,0,,1,0,1,0,0,1,0,0,0
2021-01-01_cal_st_fullerton_uc_santa_barbara,UC Santa Barbara,10,Doris Jones,True,31,11,19,0.579,4,7,0.571,3,4,0.75,2,4,6,0,0,2,3,2,29
2021-01-01_cal_st_fullerton_uc_santa_barbara,UC Santa Barbara,00,Danae Miller,True,33,2,7,0.286,1,5,0.2,2,2,1.0,0,0,0,1,5,1,0,0,7
2021-01-01_cal_st_fullerton_uc_santa_barbara,UC Santa Barbara,04,Anya Choice,True,25,3,4,0.75,0,1,0.0,1,1,1.0,0,5,5,3,3,3,0,0,7
2021-01-01_cal_st_fullerton_uc_santa_barbara,UC Santa Barbara,11,Lauren Lee,True,24,2,3,0.667,1,1,1.0,0,0,,1,1,2,1,3,0,0,2,5
2021-01-01_cal_st_fullerton_uc_santa_barbara,UC Santa Barbara,02,Briana Anugwom,True,20,1,4,0.25,0,2,0.0,0,0,,1,4,5,2,2,2,0,0,2
2021-01-01_cal_st_fullerton_uc_santa_barbara,UC Santa Barbara,24,Alyssa Marin,False,22,3,6,0.5,2,4,0.5,6,6,1.0,0,0,0,2,0,1,0,1,14
2021-01-01_cal_st_fullerton_uc_santa_barbara,UC Santa Barbara,12,Taylor Mole,False,25,4,12,0.333,3,6,0.5,2,4,0.5,3,10,13,0,0,1,2,1,13
2021-01-01_cal_st_fullerton_uc_santa_barbara,UC Santa Barbara,21,Mira Shulman,False,20,2,5,0.4,2,4,0.5,0,0,,0,3,3,3,6,1,0,0,6
2021-01-01_cal_st_fullerton_uc_santa_barbara,UC Santa Barbara,TM,TEAM,False,0,0,0,,0,0,,0,0,,1,1,2,0,0,0,0,0,0
2021-01-01_cal_st_fullerton_uc_santa_barbara,Cal St. Fullerton,13,"Book, Amiee",True,30,5,10,0.5,1,4,0.25,0,0,,1,3,4,2,0,2,0,0,11
2021-01-01_cal_st_fullerton_uc_santa_barbara,Cal St. Fullerton,10,"Nieto, Megan",True,10,5,6,0.833,0,0,,0,1,0.0,0,1,1,2,2,2,0,0,10
2021-01-01_cal_st_fullerton_uc_santa_barbara,Cal St. Fullerton,00,"Frey, Anniken",True,37,2,7,0.286,1,3,0.333,0,0,,0,2,2,0,5,3,0,1,5
2021-01-01_cal_st_fullerton_uc_santa_barbara,Cal St. Fullerton,05,"Rodarte, Clarissa",True,15,1,5,0.2,0,1,0.0,0,0,,1,1,2,2,0,1,0,2,2
2021-01-01_cal_st_fullerton_uc_santa_barbara,Cal St. Fullerton,11,"Krupa, Joy",True,28,0,7,0.0,0,2,0.0,0,0,,1,3,4,0,7,2,0,2,0
2021-01-01_cal_st_fullerton_uc_santa_barbara,Cal St. Fullerton,32,"Lewis, Ashlee",False,18,6,11,0.545,0,0,,2,4,0.5,1,3,4,3,0,1,0,0,14
2021-01-01_cal_st_fullerton_uc_santa_barbara,Cal St. Fullerton,23,"Gill, Carolyn",False,18,2,5,0.4,1,3,0.333,0,0,,1,3,4,4,1,0,0,0,5
2021-01-01_cal_st_fullerton_uc_santa_barbara,Cal St. Fullerton,22,"Freemon, Madison",False,9,2,5,0.4,0,0,,0,0,,0,2,2,1,0,0,1,0,4
2021-01-01_cal_st_fullerton_uc_santa_barbara,Cal St. Fullerton,24,"Neff, Kathryn",False,16,1,4,0.25,1,4,0.25,0,0,,0,2,2,0,1,0,0,0,3
2021-01-01_cal_st_fullerton_uc_santa_barbara,Cal St. Fullerton,33,"Stratford, Bella",False,16,0,0,,0,0,,0,0,,1,2,3,1,1,1,0,0,0
2021-01-01_cal_st_fullerton_uc_santa_barbara,Cal St. Fullerton,01,"Blanco, Pressila",False,2,0,2,0.0,0,1,0.0,0,0,,0,0,0,0,0,0,0,1,0
2021-01-01_cal_st_fullerton_uc_santa_barbara,Cal St. Fullerton,15,"Mensah, Janette",False,1,0,0,,0,0,,0,0,,0,0,0,1,0,1,0,0,0
2021-01-01_cal_st_fullerton_uc_santa_barbara,Cal St. Fullerton,TM,TEAM,False,0,0,0,,0,0,,0,0,,5,2,7,0,0,2,0,0,0
2021-01-01_csu_bakersfield_long_beach_st,Long Beach St.,10,"King, Justina",True,38,3,14,0.214,1,4,0.25,5,5,1.0,2,2,4,1,3,0,0,2,12
2021-01-01_csu_bakersfield_long_beach_st,Long Beach St.,42,"Hunt, Naomi",True,30,4,9,0.444,1,3,0.333,0,1,0.0,1,1,2,4,2,1,0,3,9
2021-01-01_csu_bakersfield_long_beach_st,Long Beach St.,25,"Hamilton-fisher, Kianna",True,25,4,8,0.5,0,2,0.0,1,2,0.5,1,2,3,2,1,2,1,3,9
2021-01-01_csu_bakersfield_long_beach_st,Long Beach St.,00,"Berry, Ma'qhi",True,29,0,1,0.0,0,1,0.0,1,2,0.5,4,1,5,3,4,6,0,1,1
2021-01-01_csu_bakersfield_long_beach_st,Long Beach St.,12,"Jeskeova, Kristyna",True,7,0,1,0.0,0,1,0.0,0,0,,1,3,4,4,0,1,0,0,0
2021-01-01_csu_bakersfield_long_beach_st,Long Beach St.,11,"Hardy, Jasmine",False,31,6,12,0.5,2,6,0.333,3,4,0.75,2,1,3,4,0,2,0,2,17
2021-01-01_csu_bakersfield_long_beach_st,Long Beach St.,30,"Chung, Patricia",False,19,3,7,0.429,1,3,0.333,2,2,1.0,1,4,5,1,2,2,0,1,9
2021-01-01_csu_bakersfield_long_beach_st,Long Beach St.,33,"Joseph, Myrrah",False,19,2,3,0.667,0,0,,0,0,,3,3,6,2,0,4,0,0,4
2021-01-01_csu_bakersfield_long_beach_st,Long Beach St.,2,"Tucker, Savannah",False,2,0,0,,0,0,,0,0,,0,0,0,0,0,0,0,0,0
2021-01-01_csu_bakersfield_long_beach_st,Long Beach St.,TM,TEAM,False,0,0,0,,0,0,,0,0,,0,2,2,0,0,1,0,0,0
2021-01-01_csu_bakersfield_long_beach_st,CSU Bakersfield,23,"Saxon, Miracle",True,30,3,5,0.6,1,2,0.5,5,6,0.833,2,7,9,3,3,1,0,1,12
2021-01-01_csu_bakersfield_long_beach_st,CSU Bakersfield,54,"Austin, Vanessa",True,25,3,7,0.429,0,0,,2,3,0.667,3,2,5,4,1,4,0,0,8
2021-01-01_csu_bakersfield_long_beach_st,CSU Bakersfield,11,"Green, Lexus",True,38,2,12,0.167,1,9,0.111,0,0,,0,0,0,3,6,4,0,2,5
2021-01-01_csu_bakersfield_long_beach_st,CSU Bakersfield,22,"Easley, Andie",True,32,1,7,0.143,1,7,0.143,0,0,,0,2,2,2,1,4,0,2,3
2021-01-01_csu_bakersfield_long_beach_st,CSU Bakersfield,24,"Bridge, Sage",True,11,0,0,,0,0,,0,0,,0,2,2,0,1,1,0,0,0
2021-01-01_csu_bakersfield_long_beach_st,CSU Bakersfield,10,"Eggleston, Jayden",False,34,9,12,0.75,1,1,1.0,3,3,1.0,1,4,5,2,0,2,0,1,22
2021-01-01_csu_bakersfield_long_beach_st,CSU Bakersfield,5,"Bond, Makenzie",False,7,1,1,1.0,0,0,,2,4,0.5,0,0,0,2,0,1,0,0,4
2021-01-01_csu_bakersfield_long_beach_st,CSU Bakersfield,2,"Seuell, Aaliyah",False,3,1,1,1.0,1,1,1.0,0,0,,0,0,0,0,0,0,0,0,3
2021-01-01_csu_bakersfield_long_beach_st,CSU Bakersfield,12,"Tougas, Sophie",False,14,0,2,0.0,0,2,0.0,0,0,,0,3,3,0,2,2,0,1,0
2021-01-01_csu_bakersfield_long_beach_st,CSU Bakersfield,13,"Herrera, Solmilena",False,6,0,0,,0,0,,0,2,0.0,1,1,2,1,0,2,0,0,0
2021-01-01_csu_bakersfield_long_beach_st,CSU Bakersfield,TM,TEAM,False,0,0,0,,0,0,,0,0,,1,0,1,0,0,0,0,0,0
2021-01-02_uc_san_diego_cal_poly,Cal Poly,01,"Ellis, Abbey",True,36,7,18,0.389,0,3,0.0,10,11,0.909,3,7,10,2,1,3,0,4,24
2021-01-02_uc_san_diego_cal_poly,Cal Poly,52,"Campisano, Sierra",True,37,9,15,0.6,1,1,1.0,2,3,0.667,6,4,10,2,3,2,0,2,21
2021-01-02_uc_san_diego_cal_poly,Cal Poly,33,"Willett, Maddie",True,34,4,14,0.286,1,6,0.167,0,0,,1,4,5,4,2,1,0,2,9
2021-01-02_uc_san_diego_cal_poly,Cal Poly,25,"Brown, Kirsty",True,12,1,2,0.5,0,0,,2,2,1.0,2,2,4,3,0,0,0,0,4
2021-01-02_uc_san_diego_cal_poly,Cal Poly,05,"Holt, Malia",True,25,0,2,0.0,0,1,0.0,0,0,,1,1,2,2,1,2,0,3,0
2021-01-02_uc_san_diego_cal_poly,Cal Poly,13,"Vick, Maddie",False,34,2,11,0.182,1,6,0.167,0,0,,2,3,5,2,5,2,0,3,5
2021-01-02_uc_san_diego_cal_poly,Cal Poly,14,"Scanlan, Hannah",False,7,0,1,0.0,0,0,,0,0,,0,0,0,1,0,0,0,0,0
2021-01-02_uc_san_diego_cal_poly,Cal Poly,15,"Hunter, Leslie",False,4,0,1,0.0,0,1,0.0,0,0,,0,0,0,0,0,0,0,0,0
2021-01-02_uc_san_diego_cal_poly,Cal Poly,22,"Peterson, Hannah",False,4,0,1,0.0,0,1,0.0,0,0,,0,0,0,2,0,0,0,0,0
2021-01-02_uc_san_diego_cal_poly,Cal Poly,31,"Silvestri, Gianna",False,4,0,3,0.0,0,3,0.0,0,0,,0,0,0,0,0,0,0,0,0
2021-01-02_uc_san_diego_cal_poly,Cal Poly,03,"Svetich, Lily",False,2,0,0,,0,0,,0,0,,1,0,1,1,0,0,0,0,0
2021-01-02_uc_san_diego_cal_poly,Cal Poly,20,"Bliss, Grace",False,1,0,1,0.0,0,1,0.0,0,0,,0,0,0,0,0,0,0,0,0
2021-01-02_uc_san_diego_cal_poly,Cal Poly,TM,TEAM,False,0,0,0,,0,0,,0,0,,1,2,3,0,0,3,0,0,0
2021-01-02_uc_san_diego_cal_poly,UC San Diego,13,"Brown, Sydney",True,38,11,17,0.647,2,7,0.286,7,7,1.0,1,13,14,1,2,4,0,1,31
2021-01-02_uc_san_diego_cal_poly,UC San Diego,04,"Cangelosi, Emily",True,25,3,7,0.429,3,5,0.6,0,0,,0,1,1,3,1,4,0,1,9
2021-01-02_uc_san_diego_cal_poly,UC San Diego,02,"Turner, Tyla",True,31,2,7,0.286,0,2,0.0,3,4,0.75,1,3,4,5,6,4,1,2,7
2021-01-02_uc_san_diego_cal_poly,UC San Diego,12,"Baxter, Madison",True,29,1,2,0.5,1,1,1.0,0,0,,0,1,1,2,0,2,0,0,3
2021-01-02_uc_san_diego_cal_poly,UC San Diego,30,"Ybarra-Harvey, Layla",True,11,0,0,,0,0,,0,0,,0,2,2,0,0,0,0,0,0
2021-01-02_uc_san_diego_cal_poly,UC San Diego,32,"Montgomery, Parker",False,29,5,11,0.455,4,8,0.5,0,0,,0,4,4,1,2,1,0,1,14
2021-01-02_uc_san_diego_cal_poly,UC San Diego,15,"Claros, Brianna",False,21,1,5,0.2,0,3,0.0,3,4,0.75,0,0,0,0,1,2,0,1,5
2021-01-02_uc_san_diego_cal_poly,UC San Diego,25,"Ellenbeck, Kendal",False,8,1,1,1.0,0,0,,1,2,0.5,1,2,3,1,1,0,0,0,3
2021-01-02_uc_san_diego_cal_poly,UC San Diego,11,"Brown, Aishah",False,8,1,1,1.0,0,0,,0,0,,0,1,1,3,0,0,0,0,2
2021-01-02_uc_san_diego_cal_poly,UC San Diego,TM,TEAM,False,0,0,0,,0,0,,0,0,,0,2,2,0,0,0,0,0,0
2021-01-02_cal_st_fullerton_uc_santa_barbara,UC Santa Barbara,00,Danae Miller,True,36,7,16,0.438,4,9,0.444,2,2,1.0,2,4,6,0,8,0,0,2,20
2021-01-02_cal_st_fullerton_uc_santa_barbara,UC Santa Barbara,10,Doris Jones,True,28,7,14,0.5,1,4,0.25,2,3,0.667,0,6,6,4,3,2,1,0,17
2021-01-02_cal_st_fullerton_uc_santa_barbara,UC Santa Barbara,04,Anya Choice,True,30,4,7,0.571,3,4,0.75,0,0,,1,4,5,2,3,4,0,0,11
2021-01-02_cal_st_fullerton_uc_santa_barbara,UC Santa Barbara,11,Lauren Lee,True,23,2,5,0.4,0,0,,2,2,1.0,2,1,3,2,3,2,0,3,6
2021-01-02_cal_st_fullerton_uc_santa_barbara,UC Santa Barbara,02,Briana Anugwom,True,19,0,2,0.0,0,0,,1,2,0.5,0,1,1,4,2,1,0,0,1
2021-01-02_cal_st_fullerton_uc_santa_barbara,UC Santa Barbara,12,Taylor Mole,False,28,7,10,0.7,5,6,0.833,0,0,,0,9,9,1,0,1,1,1,19
2021-01-02_cal_st_fullerton_uc_santa_barbara,UC Santa Barbara,24,Alyssa Marin,False,20,2,4,0.5,1,3,0.333,0,0,,0,0,0,4,0,3,0,0,5
2021-01-02_cal_st_fullerton_uc_santa_barbara,UC Santa Barbara,21,Mira Shulman,False,16,0,0,,0,0,,0,2,0.0,0,3,3,2,0,1,1,0,0
2021-01-02_cal_st_fullerton_uc_santa_barbara,UC Santa Barbara,TM,TEAM,False,0,0,0,,0,0,,0,0,,1,1,2,0,0,0,0,0,0
2021-01-02_cal_st_fullerton_uc_santa_barbara,Cal St. Fullerton,13,"Book, Amiee",True,38,6,15,0.4,4,9,0.444,3,4,0.75,2,4,6,3,2,3,0,2,19
2021-01-02_cal_st_fullerton_uc_santa_barbara,Cal St. Fullerton,00,"Frey, Anniken",True,38,3,5,0.6,3,5,0.6,0,0,,0,2,2,1,0,2,0,2,9
2021-01-02_cal_st_fullerton_uc_santa_barbara,Cal St. Fullerton,11,"Krupa, Joy",True,23,3,6,0.5,1,1,1.0,0,0,,2,1,3,1,4,2,0,1,7
2021-01-02_cal_st_fullerton_uc_santa_barbara,Cal St. Fullerton,10,"Nieto, Megan",True,11,1,4,0.25,0,0,,0,0,,1,2,3,2,0,2,0,0,2
2021-01-02_cal_st_fullerton_uc_santa_barbara,Cal St. Fullerton,05,"Rodarte, Clarissa",True,11,0,0,,0,0,,0,0,,1,1,2,3,0,1,0,0,0
2021-01-02_cal_st_fullerton_uc_santa_barbara,Cal St. Fullerton,23,"Gill, Carolyn",False,31,3,9,0.333,0,3,0.0,2,3,0.667,1,7,8,1,2,3,1,0,8
2021-01-02_cal_st_fullerton_uc_santa_barbara,Cal St. Fullerton,33,"Stratford, Bella",False,23,3,8,0.375,0,2,0.0,2,4,0.5,0,0,0,4,2,1,0,1,8
2021-01-02_cal_st_fullerton_uc_santa_barbara,Cal St. Fullerton,32,"Lewis, Ashlee",False,13,1,5,0.2,0,0,,2,2,1.0,1,1,2,2,2,0,1,2,4
2021-01-02_cal_st_fullerton_uc_santa_barbara,Cal St. Fullerton,22,"Freemon, Madison",False,9,1,2,0.5,0,0,,0,0,,0,1,1,0,0,0,1,0,2
2021-01-02_cal_st_fullerton_uc_santa_barbara,Cal St. Fullerton,24,"Neff, Kathryn",False,3,0,2,0.0,0,2,0.0,1,3,0.333,0,0,0,0,1,0,0,0,1
2021-01-02_cal_st_fullerton_uc_santa_barbara,Cal St. Fullerton,TM,TEAM,False,0,0,0,,0,0,,0,0,,0,2,2,0,0,0,0,0,0
2021-01-02_csu_bakersfield_long_beach_st,Long Beach St.,10,"King, Justina",True,40,6,14,0.429,3,7,0.429,1,1,1.0,0,5,5,0,6,3,0,1,16
2021-01-02_csu_bakersfield_long_beach_st,Long Beach St.,42,"Hunt, Naomi",True,33,2,12,0.167,0,8,0.0,5,6,0.833,0,7,7,3,0,0,0,1,9
2021-01-02_csu_bakersfield_long_beach_st,Long Beach St.,25,"Hamilton-fisher, Kianna",True,24,3,5,0.6,0,1,0.0,1,2,0.5,3,5,8,2,1,1,0,0,7
2021-01-02_csu_bakersfield_long_beach_st,Long Beach St.,12,"Jeskeova, Kristyna",True,16,3,4,0.75,1,2,0.5,0,0,,1,1,2,1,0,2,0,1,7
2021-01-02_csu_bakersfield_long_beach_st,Long Beach St.,00,"Berry, Ma'qhi",True,30,1,4,0.25,0,3,0.0,3,4,0.75,4,0,4,2,1,0,1,4,5
2021-01-02_csu_bakersfield_long_beach_st,Long Beach St.,20,"Joseph, Myrrah",False,28,5,9,0.556,0,0,,2,7,0.286,2,2,4,5,1,1,0,0,12
2021-01-02_csu_bakersfield_long_beach_st,Long Beach St.,30,"Chung, Patricia",False,16,3,4,0.75,2,3,0.667,4,4,1.0,2,4,6,2,1,3,0,0,12
2021-01-02_csu_bakersfield_long_beach_st,Long Beach St.,11,"Hardy, Jasmine",False,13,0,2,0.0,0,1,0.0,0,0,,0,0,0,2,1,3,0,1,0
2021-01-02_csu_bakersfield_long_beach_st,Long Beach St.,TM,TEAM,False,0,0,0,,0,0,,0,0,,2,1,3,0,0,0,0,0,0
2021-01-02_csu_bakersfield_long_beach_st,CSU Bakersfield,22,"Easley, Andie",True,28,5,7,0.714,3,5,0.6,0,0,,0,2,2,4,1,3,0,0,13
2021-01-02_csu_bakersfield_long_beach_st,CSU Bakersfield,11,"Green, Lexus",True,40,4,12,0.333,1,5,0.2,2,4,0.5,1,1,2,1,7,6,0,4,11
2021-01-02_csu_bakersfield_long_beach_st,CSU Bakersfield,10,"Eggleston, Jayden",True,37,4,11,0.364,0,1,0.0,1,1,1.0,4,3,7,3,4,0,0,1,9
2021-01-02_csu_bakersfield_long_beach_st,CSU Bakersfield,54,"Austin, Vanessa",True,18,2,5,0.4,0,0,,1,2,0.5,2,1,3,4,2,0,0,0,5
2021-01-02_csu_bakersfield_long_beach_st,CSU Bakersfield,23,"Saxon, Miracle",True,23,1,4,0.25,0,1,0.0,0,0,,1,5,6,1,0,2,0,1,2
2021-01-02_csu_bakersfield_long_beach_st,CSU Bakersfield,12,"Tougas, Sophie",False,27,3,9,0.333,2,7,0.286,0,0,,0,5,5,3,1,0,0,1,8
2021-01-02_csu_bakersfield_long_beach_st,CSU Bakersfield,5,"Bond, Makenzie",False,8,3,4,0.75,0,0,,1,1,1.0,1,0,1,3,0,0,0,0,7
2021-01-02_csu_bakersfield_long_beach_st,CSU Bakersfield,13,"Herrera, Solmilena",False,11,1,3,0.333,0,0,,2,3,0.667,1,2,3,2,0,2,1,1,4
2021-01-02_csu_bakersfield_long_beach_st,CSU Bakersfield,24,"Bridge, Sage",False,5,0,0,,0,0,,0,0,,0,0,0,0,0,0,0,0,0
2021-01-02_csu_bakersfield_long_beach_st,CSU Bakersfield,2,"Seuell, Aaliyah",False,3,0,2,0.0,0,2,0.0,0,0,,0,0,0,0,0,1,0,0,0
2021-01-02_csu_bakersfield_long_beach_st,CSU Bakersfield,TM,TEAM,False,0,0,0,,0,0,,0,0,,1,2,3,0,0,1,0,0,0
2021-01-08_uc_irvine_uc_riverside,UC Riverside,10,"Cooper, Keilanei",True,32,5,13,0.385,2,5,0.4,2,2,1.0,0,6,6,3,3,1,0,0,14
2021-01-08_uc_irvine_uc_riverside,UC Riverside,4,"Holland, Jada",True,30,5,13,0.385,0,6,0.0,1,2,0.5,1,8,9,0,6,2,0,4,11
2021-01-08_uc_irvine_uc_riverside,UC Riverside,24,"Gnago, Daphne",True,26,5,7,0.714,0,0,,1,4,0.25,5,3,8,3,0,4,1,3,11
2021-01-08_uc_irvine_uc_riverside,UC Riverside,00,"Webster, Jordan",True,37,3,10,0.3,2,8,0.25,2,4,0.5,1,2,3,1,0,2,0,4,10
2021-01-08_uc_irvine_uc_riverside,UC Riverside,12,"Kyrkjebo, Kari",True,36,2,5,0.4,0,2,0.0,0,0,,3,5,8,4,1,0,1,2,4
2021-01-08_uc_irvine_uc_riverside,UC Riverside,3,"Campbell, Joy",False,11,1,3,0.333,1,2,0.5,4,4,1.0,0,2,2,2,0,1,0,0,7
2021-01-08_uc_irvine_uc_riverside,UC Riverside,23,"Aikins, India",False,10,2,2,1.0,0,0,,2,2,1.0,0,2,2,2,1,2,0,0,6
2021-01-08_uc_irvine_uc_riverside,UC Riverside,13,"Ohiaeri, Georgia",False,10,0,3,0.0,0,2,0.0,0,0,,0,1,1,1,0,1,0,0,0
2021-01-08_uc_irvine_uc_riverside,UC Riverside,32,"Brady, Bryanna",False,6,0,0,,0,0,,0,0,,0,0,0,0,0,1,1,0,0
2021-01-08_uc_irvine_uc_riverside,UC Riverside,1,"Kinran, Suzan",False,2,0,0,,0,0,,0,0,,0,1,1,1,0,0,0,0,0
2021-01-08_uc_irvine_uc_riverside,UC Riverside,TM,TEAM,False,0,0,0,,0,0,,0,0,,2,3,5,0,0,5,0,0,0
2021-01-08_uc_irvine_uc_riverside,UC Irvine,2,"Webb, Chloe",True,30,6,13,0.462,0,0,,1,3,0.333,2,5,7,4,1,0,0,0,13
2021-01-08_uc_irvine_uc_riverside,UC Irvine,35,"Locandro, Sophia",True,21,3,7,0.429,0,0,,1,2,0.5,0,3,3,4,0,2,0,1,7
2021-01-08_uc_irvine_uc_riverside,UC Irvine,4,"Williams, Kayla",True,30,3,11,0.273,0,2,0.0,0,0,,1,6,7,0,2,6,1,1,6
2021-01-08_uc_irvine_uc_riverside,UC Irvine,20,"Guglielmo, Dani",True,24,1,5,0.2,1,4,0.25,0,0,,0,0,0,1,1,2,0,0,3
2021-01-08_uc_irvine_uc_riverside,UC Irvine,10,"Cadee, Jayde",True,26,0,4,0.0,0,4,0.0,0,0,,1,2,3,0,1,2,0,3,0
2021-01-08_uc_irvine_uc_riverside,UC Irvine,33,"Kaupu, Caiyle",False,14,4,8,0.5,0,0,,3,3,1.0,0,1,1,0,0,1,0,0,11
2021-01-08_uc_irvine_uc_riverside,UC Irvine,15,"Seaton, Alexus",False,26,0,5,0.0,0,0,,3,6,0.5,1,1,2,2,1,2,0,1,3
2021-01-08_uc_irvine_uc_riverside,UC Irvine,11,"Garza, Tahlia",False,11,1,3,0.333,0,0,,0,0,,2,1,3,2,0,0,0,0,2
2021-01-08_uc_irvine_uc_riverside,UC Irvine,23,"Baker, Victoria",False,12,0,1,0.0,0,0,,0,0,,0,3,3,4,1,3,0,0,0
2021-01-08_uc_irvine_uc_riverside,UC Irvine,24,"Kapinga, Melodie",False,6,0,1,0.0,0,0,,0,0,,3,1,4,0,0,0,0,0,0
2021-01-08_uc_irvine_uc_riverside,UC Irvine,TM,TEAM,False,0,0,0,,0,0,,0,0,,1,0,1,0,0,1,0,0,0
2021-01-08_long_beach_st_cal_st_fullerton,Cal St. Fullerton,00,"Frey, Anniken",True,31,5,6,0.833,3,3,1.0,0,0,,1,1,2,2,4,3,0,0,13
2021-01-08_long_beach_st_cal_st_fullerton,Cal St. Fullerton,13,"Book, Amiee",True,28,4,10,0.4,1,4,0.25,1,2,0.5,1,5,6,1,0,4,0,0,10
2021-01-08_long_beach_st_cal_st_fullerton,Cal St. Fullerton,23,"Gill, Carolyn",True,27,2,7,0.286,0,2,0.0,3,4,0.75,4,8,12,1,1,3,0,2,7
2021-01-08_long_beach_st_cal_st_fullerton,Cal St. Fullerton,11,"Krupa, Joy",True,31,1,5,0.2,0,0,,2,4,0.5,2,9,11,0,2,4,1,2,4
2021-01-08_long_beach_st_cal_st_fullerton,Cal St. Fullerton,10,"Nieto, Megan",True,11,1,2,0.5,0,0,,1,2,0.5,1,1,2,2,0,2,0,1,3
2021-01-08_long_beach_st_cal_st_fullerton,Cal St. Fullerton,4,"Vidmar, Gabi",False,23,2,12,0.167,0,5,0.0,2,2,1.0,0,1,1,3,2,2,0,0,6
2021-01-08_long_beach_st_cal_st_fullerton,Cal St. Fullerton,32,"Lewis, Ashlee",False,11,2,5,0.4,0,0,,1,2,0.5,1,3,4,0,0,0,0,1,5
2021-01-08_long_beach_st_cal_st_fullerton,Cal St. Fullerton,33,"Stratford, Bella",False,19,1,3,0.333,0,0,,0,2,0.0,0,1,1,1,1,4,0,3,2
2021-01-08_long_beach_st_cal_st_fullerton,Cal St. Fullerton,5,"Rodarte, Clarissa",False,7,0,0,,0,0,,0,0,,0,0,0,0,0,0,0,0,0
2021-01-08_long_beach_st_cal_st_fullerton,Cal St. Fullerton,24,"Neff, Kathryn",False,7,0,1,0.0,0,1,0.0,0,0,,1,0,1,1,0,0,0,0,0
2021-01-08_long_beach_st_cal_st_fullerton,Cal St. Fullerton,22,"Freemon, Madison",False,3,0,3,0.0,0,0,,0,0,,0,0,0,0,0,0,0,0,0
2021-01-08_long_beach_st_cal_st_fullerton,Cal St. Fullerton,15,"Mensah, Janette",False,2,0,0,,0,0,,0,0,,0,0,0,0,0,0,0,0,0
2021-01-08_long_beach_st_cal_st_fullerton,Cal St. Fullerton,TM,TEAM,False,0,0,0,,0,0,,0,0,,1,1,2,0,0,0,0,0,0
2021-01-08_long_beach_st_cal_st_fullerton,Long Beach St.,00,"Berry, Ma'qhi",True,27,7,13,0.538,3,4,0.75,2,3,0.667,3,3,6,2,4,2,0,1,19
2021-01-08_long_beach_st_cal_st_fullerton,Long Beach St.,10,"King, Justina",True,31,5,11,0.455,1,1,1.0,2,3,0.667,0,1,1,1,2,2,0,5,13
2021-01-08_long_beach_st_cal_st_fullerton,Long Beach St.,12,"Jeskeova, Kristyna",True,23,4,5,0.8,3,4,0.75,0,0,,2,8,10,3,2,2,0,3,11
2021-01-08_long_beach_st_cal_st_fullerton,Long Beach St.,42,"Hunt, Naomi",True,26,2,12,0.167,0,6,0.0,0,0,,0,3,3,3,3,1,0,3,4
2021-01-08_long_beach_st_cal_st_fullerton,Long Beach St.,25,"Hamilton-fisher, Kianna",True,19,0,1,0.0,0,0,,0,0,,1,3,4,1,1,3,0,1,0
2021-01-08_long_beach_st_cal_st_fullerton,Long Beach St.,11,"Hardy, Jasmine",False,23,4,7,0.571,1,2,0.5,0,0,,2,2,4,4,2,1,0,0,9
2021-01-08_long_beach_st_cal_st_fullerton,Long Beach St.,30,"Chung, Patricia",False,23,4,9,0.444,1,3,0.333,0,0,,0,3,3,2,1,2,0,2,9
2021-01-08_long_beach_st_cal_st_fullerton,Long Beach St.,20,"Joseph, Myrrah",False,17,2,4,0.5,0,0,,0,0,,0,1,1,4,2,2,0,2,4
2021-01-08_long_beach_st_cal_st_fullerton,Long Beach St.,2,"Tucker, Savannah",False,11,0,4,0.0,0,2,0.0,0,2,0.0,1,0,1,0,0,0,0,0,0
2021-01-08_long_beach_st_cal_st_fullerton,Long Beach St.,TM,TEAM,False,0,0,0,,0,0,,0,0,,2,4,6,0,0,0,0,0,0
2021-01-09_uc_irvine_uc_riverside,UC Riverside,10,"Cooper, Keilanei",True,34,7,15,0.467,2,7,0.286,0,0,,1,3,4,3,1,5,0,1,16
2021-01-09_uc_irvine_uc_riverside,UC Riverside,4,"Holland, Jada",True,33,3,6,0.5,3,4,0.75,6,6,1.0,0,0,0,3,6,2,0,1,15
2021-01-09_uc_irvine_uc_riverside,UC Riverside,24,"Gnago, Daphne",True,37,3,5,0.6,0,0,,2,4,0.5,2,2,4,3,0,2,3,2,8
2021-01-09_uc_irvine_uc_riverside,UC Riverside,00,"Webster, Jordan",True,29,3,11,0.273,0,5,0.0,2,2,1.0,1,1,2,2,2,1,0,1,8
2021-01-09_uc_irvine_uc_riverside,UC Riverside,12,"Kyrkjebo, Kari",True,35,1,1,1.0,0,0,,0,0,,0,6,6,1,2,2,1,0,2
2021-01-09_uc_irvine_uc_riverside,UC Riverside,5,"Pointer, Lauryn",False,9,3,4,0.75,1,2,0.5,0,0,,0,0,0,0,0,0,0,0,7
2021-01-09_uc_irvine_uc_riverside,UC Riverside,3,"Campbell, Joy",False,10,1,2,0.5,0,0,,0,0,,0,1,1,4,1,3,0,1,2
2021-01-09_uc_irvine_uc_riverside,UC Riverside,20,"Fries, Samantha",False,8,1,3,0.333,0,0,,0,0,,0,3,3,4,0,0,1,0,2
2021-01-09_uc_irvine_uc_riverside,UC Riverside,23,"Aikins, India",False,5,0,0,,0,0,,0,0,,0,0,0,1,0,1,0,0,0
2021-01-09_uc_irvine_uc_riverside,UC Riverside,TM,TEAM,False,0,0,0,,0,0,,0,0,,4,4,8,0,0,1,0,0,0
2021-01-09_uc_irvine_uc_riverside,UC Irvine,2,"Webb, Chloe",True,33,4,9,0.444,0,0,,6,8,0.75,2,7,9,3,0,1,0,3,14
2021-01-09_uc_irvine_uc_riverside,UC Irvine,35,"Locandro, Sophia",True,28,5,9,0.556,0,1,0.0,3,6,0.5,2,3,5,3,0,3,0,0,13
2021-01-09_uc_irvine_uc_riverside,UC Irvine,4,"Williams, Kayla",True,39,3,13,0.231,1,6,0.167,3,6,0.5,1,0,1,1,7,3,0,2,10
2021-01-09_uc_irvine_uc_riverside,UC Irvine,20,"Guglielmo, Dani",True,19,1,1,1.0,1,1,1.0,3,3,1.0,1,0,1,0,2,0,0,0,6
2021-01-09_uc_irvine_uc_riverside,UC Irvine,15,"Seaton, Alexus",True,23,1,4,0.25,0,0,,0,0,,1,2,3,0,2,0,0,1,2
2021-01-09_uc_irvine_uc_riverside,UC Irvine,33,"Kaupu, Caiyle",False,15,2,5,0.4,0,0,,4,4,1.0,2,3,5,3,1,0,1,0,8
2021-01-09_uc_irvine_uc_riverside,UC Irvine,11,"Garza, Tahlia",False,20,2,5,0.4,0,0,,0,0,,3,1,4,0,0,1,2,0,4
2021-01-09_uc_irvine_uc_riverside,UC Irvine,10,"Cadee, Jayde",False,14,1,5,0.2,1,5,0.2,0,0,,0,0,0,1,0,0,0,0,3
2021-01-09_uc_irvine_uc_riverside,UC Irvine,23,"Baker, Victoria",False,7,1,1,1.0,0,0,,0,0,,0,0,0,2,1,3,0,1,2
2021-01-09_uc_irvine_uc_riverside,UC Irvine,24,"Kapinga, Melodie",False,2,0,0,,0,0,,0,0,,0,0,0,0,0,0,0,0,0
2021-01-09_uc_irvine_uc_riverside,UC Irvine,TM,TEAM,False,0,0,0,,0,0,,0,0,,4,3,7,0,0,2,0,0,0
2021-01-09_long_beach_st_cal_st_fullerton,Cal St. Fullerton,13,"Book, Amiee",True,39,8,12,0.667,4,5,0.8,1,4,0.25,0,4,4,1,0,4,0,3,21
2021-01-09_long_beach_st_cal_st_fullerton,Cal St. Fullerton,00,"Frey, Anniken",True,30,2,2,1.0,1,1,1.0,4,4,1.0,0,2,2,2,7,4,0,1,9
2021-01-09_long_beach_st_cal_st_fullerton,Cal St. Fullerton,10,"Nieto, Megan",True,25,3,4,0.75,0,0,,0,0,,1,2,3,1,3,1,0,0,6
2021-01-09_long_beach_st_cal_st_fullerton,Cal St. Fullerton,23,"Gill, Carolyn",True,35,2,6,0.333,0,2,0.0,1,2,0.5,1,4,5,3,3,3,0,0,5
2021-01-09_long_beach_st_cal_st_fullerton,Cal St. Fullerton,11,"Krupa, Joy",True,25,2,5,0.4,0,0,,1,4,0.25,0,8,8,3,2,8,0,2,5
2021-01-09_long_beach_st_cal_st_fullerton,Cal St. Fullerton,33,"Stratford, Bella",False,18,6,9,0.667,1,1,1.0,0,2,0.0,3,1,4,4,2,2,0,0,13
2021-01-09_long_beach_st_cal_st_fullerton,Cal St. Fullerton,32,"Lewis, Ashlee",False,12,1,2,0.5,0,0,,3,4,0.75,1,3,4,2,0,1,0,0,5
2021-01-09_long_beach_st_cal_st_fullerton,Cal St. Fullerton,4,"Vidmar, Gabi",False,12,0,1,0.0,0,1,0.0,0,0,,0,0,0,3,0,1,0,0,0
2021-01-09_long_beach_st_cal_st_fullerton,Cal St. Fullerton,5,"Rodarte, Clarissa",False,3,0,0,,0,0,,0,0,,0,0,0,0,0,0,0,0,0
2021-01-09_long_beach_st_cal_st_fullerton,Cal St. Fullerton,22,"Freemon, Madison",False,1,0,0,,0,0,,0,0,,0,0,0,0,0,1,0,0,0
2021-01-09_long_beach_st_cal_st_fullerton,Cal St. Fullerton,TM,TEAM,False,0,0,0,,0,0,,0,0,,1,2,3,0,0,1,0,0,0
2021-01-09_long_beach_st_cal_st_fullerton,Long Beach St.,10,"King, Justina",True,40,4,13,0.308,1,4,0.25,12,16,0.75,0,1,1,1,1,1,0,2,21
2021-01-09_long_beach_st_cal_st_fullerton,Long Beach St.,42,"Hunt, Naomi",True,37,7,12,0.583,1,4,0.25,4,4,1.0,1,3,4,4,0,3,0,0,19
2021-01-09_long_beach_st_cal_st_fullerton,Long Beach St.,00,"Berry, Ma'qhi",True,28,3,7,0.429,0,1,0.0,0,0,,1,1,2,3,1,2,0,4,6
2021-01-09_long_beach_st_cal_st_fullerton,Long Beach St.,25,"Hamilton-fisher, Kianna",True,23,1,4,0.25,0,2,0.0,0,2,0.0,0,3,3,2,2,1,0,2,2
2021-01-09_long_beach_st_cal_st_fullerton,Long Beach St.,12,"Jeskeova, Kristyna",True,15,0,1,0.0,0,1,0.0,0,0,,1,1,2,2,0,0,0,0,0
2021-01-09_long_beach_st_cal_st_fullerton,Long Beach St.,11,"Hardy, Jasmine",False,28,3,8,0.375,0,2,0.0,1,2,0.5,3,2,5,5,0,1,0,2,7
2021-01-09_long_beach_st_cal_st_fullerton,Long Beach St.,20,"Joseph, Myrrah",False,11,3,4,0.75,0,0,,1,2,0.5,1,1,2,5,0,2,0,1,7
2021-01-09_long_beach_st_cal_st_fullerton,Long Beach St.,30,"Chung, Patricia",False,18,2,5,0.4,0,0,,0,0,,0,3,3,2,0,0,0,1,4
2021-01-09_long_beach_st_cal_st_fullerton,Long Beach St.,TM,TEAM,False,0,0,0,,0,0,,0,0,,1,2,3,0,0,0,0,0,0
2021-01-10_fresno_state_csu_bakersfield,CSU Bakersfield,11,"Green, Lexus",True,33,5,11,0.455,2,6,0.333,2,4,0.5,0,7,7,0,6,5,1,0,14
2021-01-10_fresno_state_csu_bakersfield,CSU Bakersfield,10,"Eggleston, Jayden",True,35,3,5,0.6,0,0,,7,8,0.875,5,8,13,0,4,0,0,0,13
2021-01-10_fresno_state_csu_bakersfield,CSU Bakersfield,23,"Saxon, Miracle",True,33,5,10,0.5,1,4,0.25,2,3,0.667,1,3,4,2,1,3,1,3,13
2021-01-10_fresno_state_csu_bakersfield,CSU Bakersfield,22,"Easley, Andie",True,28,4,11,0.364,4,7,0.571,0,0,,1,1,2,4,3,0,0,0,12
2021-01-10_fresno_state_csu_bakersfield,CSU Bakersfield,54,"Austin, Vanessa",True,18,4,8,0.5,0,0,,0,0,,2,2,4,3,0,2,0,0,8
2021-01-10_fresno_state_csu_bakersfield,CSU Bakersfield,12,"Tougas, Sophia",False,17,3,7,0.429,3,7,0.429,0,0,,0,1,1,2,1,0,0,1,9
2021-01-10_fresno_state_csu_bakersfield,CSU Bakersfield,05,"Bond, Makenzie",False,10,3,3,1.0,0,0,,0,0,,3,3,6,1,0,0,0,0,6
2021-01-10_fresno_state_csu_bakersfield,CSU Bakersfield,24,"Bridges-Bey, Sage",False,20,1,4,0.25,0,1,0.0,2,2,1.0,0,5,5,2,1,1,0,0,4
2021-01-10_fresno_state_csu_bakersfield,CSU Bakersfield,13,"Herrera, Soli",False,7,1,1,1.0,0,0,,0,0,,0,0,0,2,0,1,1,0,2
2021-01-10_fresno_state_csu_bakersfield,CSU Bakersfield,02,"Seuell, Aaliyah",False,1,0,0,,0,0,,0,0,,0,0,0,0,0,0,0,0,0
2021-01-10_fresno_state_csu_bakersfield,CSU Bakersfield,TM,TEAM,False,0,0,0,,0,0,,0,0,,1,1,2,0,0,3,0,0,0
2021-01-10_fresno_state_csu_bakersfield,Fresno State,00,Hanna Cavinder,True,38,5,16,0.312,1,4,0.25,5,5,1.0,0,3,3,3,5,1,0,1,16
2021-01-10_fresno_state_csu_bakersfield,Fresno State,01,Haley Cavinder,True,38,6,18,0.333,1,9,0.111,2,2,1.0,2,6,8,3,1,4,0,3,15
2021-01-10_fresno_state_csu_bakersfield,Fresno State,24,Wytalla Motta,True,24,6,10,0.6,0,0,,1,2,0.5,2,1,3,1,0,1,0,2,13
2021-01-10_fresno_state_csu_bakersfield,Fresno State,15,Brooke Walling,True,28,2,6,0.333,0,1,0.0,6,6,1.0,4,2,6,5,3,0,3,1,10
2021-01-10_fresno_state_csu_bakersfield,Fresno State,30,Yanina Todorova,True,29,1,9,0.111,0,6,0.0,1,2,0.5,3,0,3,0,1,0,0,1,3
2021-01-10_fresno_state_csu_bakersfield,Fresno State,03,Kendyll Kinzer,False,17,3,5,0.6,3,5,0.6,0,2,0.0,1,2,3,0,1,0,0,1,9
2021-01-10_fresno_state_csu_bakersfield,Fresno State,12,Genna Ogier,False,13,1,1,1.0,0,0,,1,2,0.5,4,2,6,3,0,2,0,0,3
2021-01-10_fresno_state_csu_bakersfield,Fresno State,42,Maria Guimaraes,False,8,0,2,0.0,0,0,,0,0,,1,3,4,0,0,0,0,0,0
2021-01-10_fresno_state_csu_bakersfield,Fresno State,10,Aunjona James,False,6,0,2,0.0,0,1,0.0,0,0,,0,0,0,0,1,0,0,0,0
2021-01-10_fresno_state_csu_bakersfield,Fresno State,TM,TEAM,False,0,0,0,,0,0,,0,0,,0,0,0,0,0,0,0,0,0
2021-01-15_csu_bakersfield_hawaii,Hawaii,15,"Alexander, Jadynn",True,26,4,8,0.5,3,5,0.6,1,2,0.5,0,3,3,1,1,1,0,1,12
2021-01-15_csu_bakersfield_hawaii,Hawaii,00,"Phillips, Daejah",True,28,5,6,0.833,1,1,1.0,0,0,,1,4,5,2,0,1,0,1,11
2021-01-15_csu_bakersfield_hawaii,Hawaii,01,"Imai, Kelsie",True,29,2,5,0.4,1,2,0.5,4,4,1.0,1,1,2,1,5,3,0,2,9
2021-01-15_csu_bakersfield_hawaii,Hawaii,25,"Atwell, Amy",True,23,2,7,0.286,1,6,0.167,2,3,0.667,0,2,2,1,0,2,1,1,7
2021-01-15_csu_bakersfield_hawaii,Hawaii,44,"Rangel, Barbara",True,15,1,2,0.5,0,0,,0,0,,0,2,2,1,1,2,0,1,2
2021-01-15_csu_bakersfield_hawaii,Hawaii,04,"Orji, Nnenna",False,14,3,5,0.6,0,0,,0,0,,2,0,2,0,1,2,1,0,6
2021-01-15_csu_bakersfield_hawaii,Hawaii,23,"McBee, MeiLani",False,15,1,5,0.2,1,4,0.25,0,0,,1,0,1,0,0,2,0,0,3
2021-01-15_csu_bakersfield_hawaii,Hawaii,11,"Davies, Olivia",False,14,1,5,0.2,1,2,0.5,0,0,,0,1,1,0,3,0,0,2,3
2021-01-15_csu_bakersfield_hawaii,Hawaii,21,"Neubert, Kasey",False,24,1,2,0.5,0,0,,0,0,,1,3,4,2,3,1,0,0,2
2021-01-15_csu_bakersfield_hawaii,Hawaii,35,"Noah, Channel",False,4,1,1,1.0,0,0,,0,0,,1,0,1,0,0,1,0,0,2
2021-01-15_csu_bakersfield_hawaii,Hawaii,10,"Viena, Dakota",False,8,0,2,0.0,0,2,0.0,0,0,,0,0,0,0,0,0,0,0,0
2021-01-15_csu_bakersfield_hawaii,Hawaii,TM,TEAM,False,0,0,0,,0,0,,0,0,,2,2,4,0,0,2,0,0,0
2021-01-15_csu_bakersfield_hawaii,CSU Bakersfield,11,"Green, Lexus",True,37,7,10,0.7,5,7,0.714,0,0,,2,4,6,1,2,0,0,0,19
2021-01-15_csu_bakersfield_hawaii,CSU Bakersfield,54,"Austin, Vanessa",True,21,5,6,0.833,0,0,,0,0,,2,4,6,2,2,1,0,0,10
2021-01-15_csu_bakersfield_hawaii,CSU Bakersfield,23,"Saxon, Miracle",True,31,4,8,0.5,0,0,,0,0,,2,2,4,2,2,2,1,2,8
2021-01-15_csu_bakersfield_hawaii,CSU Bakersfield,10,"Eggleston, Jayden",True,28,2,7,0.286,0,1,0.0,2,4,0.5,1,6,7,1,4,1,2,3,6
2021-01-15_csu_bakersfield_hawaii,CSU Bakersfield,22,"Easley, Andie",True,22,2,6,0.333,1,4,0.25,0,0,,2,1,3,0,0,3,0,1,5
2021-01-15_csu_bakersfield_hawaii,CSU Bakersfield,04,"Dixon, Jasmin",False,20,3,9,0.333,2,4,0.5,0,0,,1,1,2,1,1,2,0,4,8
2021-01-15_csu_bakersfield_hawaii,CSU Bakersfield,12,"Tougas, Sophie",False,17,1,1,1.0,1,1,1.0,2,2,1.0,1,0,1,1,1,0,0,0,5
2021-01-15_csu_bakersfield_hawaii,CSU Bakersfield,05,"Bond, Makenzie",False,12,1,1,1.0,0,0,,1,2,0.5,0,1,1,3,1,4,0,0,3
2021-01-15_csu_bakersfield_hawaii,CSU Bakersfield,24,"Bridge, Sage",False,6,0,2,0.0,0,2,0.0,0,0,,0,0,0,1,0,1,0,1,0
2021-01-15_csu_bakersfield_hawaii,CSU Bakersfield,02,"Seuell, Aaliyah",False,3,0,1,0.0,0,1,0.0,0,0,,0,1,1,0,0,0,0,0,0
2021-01-15_csu_bakersfield_hawaii,CSU Bakersfield,13,"Herrera, Solmilena",False,3,0,1,0.0,0,0,,0,0,,0,0,0,0,0,1,0,0,0
2021-01-15_csu_bakersfield_hawaii,CSU Bakersfield,21,"Singleton, Tyonna",False,,0,0,,0,0,,0,0,,0,0,0,0,0,0,0,0,0
2021-01-15_csu_bakersfield_hawaii,CSU Bakersfield,TM,TEAM,False,0,0,0,,0,0,,0,0,,0,0,0,0,0,0,0,0,0
2021-01-16_csu_bakersfield_hawaii,Hawaii,25,"Atwell, Amy",True,26,7,16,0.438,5,11,0.455,4,4,1.0,1,3,4,2,1,1,0,0,23
2021-01-16_csu_bakersfield_hawaii,Hawaii,00,"Phillips, Daejah",True,24,2,5,0.4,0,1,0.0,2,3,0.667,6,4,10,1,0,3,0,1,6
2021-01-16_csu_bakersfield_hawaii,Hawaii,15,"Alexander, Jadynn",True,29,2,7,0.286,1,5,0.2,0,0,,1,1,2,4,1,4,0,1,5
2021-01-16_csu_bakersfield_hawaii,Hawaii,44,"Rangel, Barbara",True,8,0,0,,0,0,,1,2,0.5,2,2,4,1,1,1,1,0,1
2021-01-16_csu_bakersfield_hawaii,Hawaii,01,"Imai, Kelsie",True,20,0,5,0.0,0,1,0.0,0,0,,1,2,3,3,2,2,0,0,0
2021-01-16_csu_bakersfield_hawaii,Hawaii,11,"Davies, Olivia",False,27,1,7,0.143,0,3,0.0,1,2,0.5,1,0,1,3,3,1,0,2,3
2021-01-16_csu_bakersfield_hawaii,Hawaii,04,"Orji, Nnenna",False,14,0,1,0.0,0,0,,2,6,0.333,2,6,8,3,0,0,0,0,2
2021-01-16_csu_bakersfield_hawaii,Hawaii,35,"Noah, Channel",False,6,1,2,0.5,0,0,,0,1,0.0,0,1,1,0,0,0,0,0,2
2021-01-16_csu_bakersfield_hawaii,Hawaii,21,"Neubert, Kasey",False,23,0,3,0.0,0,1,0.0,1,2,0.5,1,9,10,1,3,6,0,1,1
2021-01-16_csu_bakersfield_hawaii,Hawaii,23,"McBee, MeiLani",False,18,0,5,0.0,0,5,0.0,0,0,,0,1,1,2,0,0,0,0,0
2021-01-16_csu_bakersfield_hawaii,Hawaii,20,"Falkowska, Alicja",False,5,0,1,0.0,0,1,0.0,0,0,,0,0,0,0,0,0,0,0,0
2021-01-16_csu_bakersfield_hawaii,Hawaii,TM,TEAM,False,0,0,0,,0,0,,0,0,,3,1,4,0,0,4,0,0,0
2021-01-16_csu_bakersfield_hawaii,CSU Bakersfield,22,"Easley, Andie",True,31,4,7,0.571,4,5,0.8,3,3,1.0,1,4,5,1,4,2,0,0,15
2021-01-16_csu_bakersfield_hawaii,CSU Bakersfield,11,"Green, Lexus",True,35,1,8,0.125,1,3,0.333,5,6,0.833,2,3,5,2,6,3,1,0,8
2021-01-16_csu_bakersfield_hawaii,CSU Bakersfield,23,"Saxon, Miracle",True,26,1,8,0.125,0,2,0.0,2,2,1.0,1,3,4,4,1,1,1,3,4
2021-01-16_csu_bakersfield_hawaii,CSU Bakersfield,10,"Eggleston, Jayden",True,22,2,6,0.333,0,0,,0,2,0.0,1,1,2,4,0,1,0,1,4
2021-01-16_csu_bakersfield_hawaii,CSU Bakersfield,54,"Austin, Vanessa",True,16,1,6,0.167,0,0,,2,2,1.0,2,1,3,3,0,2,2,0,4
2021-01-16_csu_bakersfield_hawaii,CSU Bakersfield,12,"Tougas, Sophie",False,22,3,5,0.6,2,3,0.667,0,0,,1,1,2,1,0,0,0,0,8
2021-01-16_csu_bakersfield_hawaii,CSU Bakersfield,21,"Singleton, Tyonna",False,8,0,1,0.0,0,1,0.0,3,4,0.75,1,2,3,0,0,0,0,0,3
2021-01-16_csu_bakersfield_hawaii,CSU Bakersfield,05,"Bond, Makenzie",False,7,0,4,0.0,0,0,,2,2,1.0,1,0,1,0,0,1,0,0,2
2021-01-16_csu_bakersfield_hawaii,CSU Bakersfield,13,"Herrera, Solmilena",False,6,1,1,1.0,0,0,,0,0,,0,2,2,2,0,1,0,1,2
2021-01-16_csu_bakersfield_hawaii,CSU Bakersfield,04,"Dixon, Jasmin",False,25,0,0,,0,0,,1,2,0.5,0,1,1,1,0,0,0,1,1
2021-01-16_csu_bakersfield_hawaii,CSU Bakersfield,24,"Bridge, Sage",False,2,0,2,0.0,0,1,0.0,0,2,0.0,0,0,0,0,0,0,0,0,0
2021-01-16_csu_bakersfield_hawaii,CSU Bakersfield,TM,TEAM,False,0,0,0,,0,0,,0,0,,0,5,5,0,0,0,0,0,0
2021-01-16_uc_san_diego_uc_santa_barbara,UC Santa Barbara,12,"Mole, Taylor",True,40,8,10,0.8,0,0,,6,6,1.0,2,4,6,2,0,2,0,2,22
2021-01-16_uc_san_diego_uc_santa_barbara,UC Santa Barbara,04,"Choice, Anya",True,35,7,13,0.538,1,5,0.2,3,4,0.75,0,3,3,4,1,0,0,0,18
2021-01-16_uc_san_diego_uc_santa_barbara,UC Santa Barbara,10,"Jones, Doris",True,36,5,17,0.294,0,1,0.0,3,4,0.75,2,6,8,3,2,5,1,0,13
2021-01-16_uc_san_diego_uc_santa_barbara,UC Santa Barbara,11,"Lee, Lauren",True,22,3,4,0.75,0,0,,0,0,,0,2,2,3,0,0,0,0,6
2021-01-16_uc_san_diego_uc_santa_barbara,UC Santa Barbara,00,"Miller, Danae",True,37,0,5,0.0,0,1,0.0,0,0,,1,2,3,1,6,2,0,3,0
2021-01-16_uc_san_diego_uc_santa_barbara,UC Santa Barbara,02,"Anugwom, Briana",False,15,2,8,0.25,2,4,0.5,1,2,0.5,0,2,2,2,0,1,0,1,7
2021-01-16_uc_san_diego_uc_santa_barbara,UC Santa Barbara,24,"Marin, Alyssa",False,14,1,2,0.5,0,0,,3,4,0.75,0,1,1,3,1,0,0,0,5
2021-01-16_uc_san_diego_uc_santa_barbara,UC Santa Barbara,21,"Shulman, Mira",False,1,0,0,,0,0,,0,0,,0,0,0,0,0,0,0,0,0
2021-01-16_uc_san_diego_uc_santa_barbara,UC Santa Barbara,TM,TEAM,False,0,0,0,,0,0,,0,0,,3,3,6,0,0,0,0,0,0
2021-01-16_uc_san_diego_uc_santa_barbara,UC San Diego,02,"Turner, Tyla",True,37,9,18,0.5,0,0,,6,11,0.545,6,1,7,2,5,3,0,2,24
2021-01-16_uc_san_diego_uc_santa_barbara,UC San Diego,32,"Montgomery, Parker",True,27,4,10,0.4,2,5,0.4,4,4,1.0,0,1,1,3,0,0,0,2,14
2021-01-16_uc_san_diego_uc_santa_barbara,UC San Diego,04,"Cangelosi, Emily",True,25,5,10,0.5,3,5,0.6,0,0,,0,2,2,5,1,1,0,0,13
2021-01-16_uc_san_diego_uc_santa_barbara,UC San Diego,13,"Brown, Sydney",True,34,1,4,0.25,1,1,1.0,1,2,0.5,3,7,10,2,2,4,1,0,4
2021-01-16_uc_san_diego_uc_santa_barbara,UC San Diego,30,"Ybarra-Harvey, Layla",True,19,1,3,0.333,0,0,,2,4,0.5,1,5,6,3,1,2,0,1,4
2021-01-16_uc_san_diego_uc_santa_barbara,UC San Diego,11,"Brown, Aishah",False,14,5,9,0.556,0,1,0.0,2,2,1.0,3,2,5,3,0,0,0,0,12
2021-01-16_uc_san_diego_uc_santa_barbara,UC San Diego,15,"Claros, Brianna",False,31,1,6,0.167,0,4,0.0,0,0,,0,1,1,1,6,0,0,1,2
2021-01-16_uc_san_diego_uc_santa_barbara,UC San Diego,25,"Ellenbeck, Kendal",False,11,0,0,,0,0,,0,0,,0,2,2,1,1,0,1,0,0
2021-01-16_uc_san_diego_uc_santa_barbara,UC San Diego,40,"Herrmann, Emerson",False,2,0,0,,0,0,,0,0,,0,0,0,0,0,0,0,0,0
2021-01-16_uc_san_diego_uc_santa_barbara,UC San Diego,TM,TEAM,False,0,0,0,,0,0,,0,0,,2,2,4,0,0,1,0,0,0
2021-01-16_cal_st_fullerton_concordia_ca,Concordia (CA),01,Katie Timmerman,True,36,3,13,0.231,3,7,0.429,10,12,0.833,0,5,5,2,6,0,1,1,19
2021-01-16_cal_st_fullerton_concordia_ca,Concordia (CA),22,Michaela VanderKlugt,True,35,5,18,0.278,1,3,0.333,4,5,0.8,3,7,10,2,1,1,0,0,15
2021-01-16_cal_st_fullerton_concordia_ca,Concordia (CA),11,Kennedy Fulcher,True,23,4,7,0.571,0,1,0.0,1,2,0.5,1,2,3,3,2,2,1,1,9
2021-01-16_cal_st_fullerton_concordia_ca,Concordia (CA),33,Camryn Kiernan,True,29,1,4,0.25,1,4,0.25,0,0,,0,1,1,1,1,3,0,2,3
2021-01-16_cal_st_fullerton_concordia_ca,Concordia (CA),05,Sierra Clark,True,20,1,5,0.2,1,4,0.25,0,0,,0,2,2,0,1,2,0,0,3
2021-01-16_cal_st_fullerton_concordia_ca,Concordia (CA),25,Savannah Felix-Amoro,False,17,1,2,0.5,0,0,,0,0,,0,2,2,4,2,2,0,1,2
2021-01-16_cal_st_fullerton_concordia_ca,Concordia (CA),10,Edina del Rosario,False,17,0,2,0.0,0,1,0.0,0,0,,1,1,2,2,1,6,0,0,0
2021-01-16_cal_st_fullerton_concordia_ca,Concordia (CA),15,Kaci Scott,False,16,0,3,0.0,0,2,0.0,0,0,,1,0,1,1,0,2,2,1,0
2021-01-16_cal_st_fullerton_concordia_ca,Concordia (CA),24,Sarah Christopherson,False,4,0,1,0.0,0,0,,0,0,,0,1,1,0,0,1,1,0,0
2021-01-16_cal_st_fullerton_concordia_ca,Concordia (CA),13,Destiny Sambrano,False,3,0,0,,0,0,,0,0,,0,2,2,0,0,0,0,0,0
2021-01-16_cal_st_fullerton_concordia_ca,Concordia (CA),TM,TEAM,False,0,0,0,,0,0,,0,0,,4,5,9,0,0,1,0,0,0
2021-01-16_cal_st_fullerton_concordia_ca,Cal St. Fullerton,13,"Book, Amiee",True,28,5,12,0.417,2,3,0.667,2,2,1.0,1,2,3,1,2,2,3,2,14
2021-01-16_cal_st_fullerton_concordia_ca,Cal St. Fullerton,11,"Krupa, Joy",True,29,5,10,0.5,0,0,,2,4,0.5,1,8,9,1,2,2,3,2,12
2021-01-16_cal_st_fullerton_concordia_ca,Cal St. Fullerton,00,"Frey, Anniken",True,20,2,4,0.5,0,0,,2,2,1.0,0,0,0,3,4,2,0,0,6
2021-01-16_cal_st_fullerton_concordia_ca,Cal St. Fullerton,23,"Gill, Carolyn",True,23,2,6,0.333,0,0,,1,4,0.25,1,5,6,2,3,1,0,5,5
2021-01-16_cal_st_fullerton_concordia_ca,Cal St. Fullerton,10,"Nieto, Megan",True,17,2,6,0.333,0,0,,0,0,,2,1,3,2,0,0,0,0,4
2021-01-16_cal_st_fullerton_concordia_ca,Cal St. Fullerton,33,"Stratford, Bella",False,19,5,9,0.556,0,1,0.0,3,4,0.75,0,1,1,1,1,0,0,1,13
2021-01-16_cal_st_fullerton_concordia_ca,Cal St. Fullerton,32,"Lewis, Ashlee",False,17,3,4,0.75,0,0,,0,0,,1,6,7,4,0,3,2,0,6
2021-01-16_cal_st_fullerton_concordia_ca,Cal St. Fullerton,05,"Rodarte, Clarissa",False,11,2,3,0.667,0,0,,1,2,0.5,3,3,6,1,0,0,0,0,5
2021-01-16_cal_st_fullerton_concordia_ca,Cal St. Fullerton,04,"Vidmar, Gabi",False,15,1,5,0.2,0,3,0.0,0,0,,0,0,0,1,2,1,0,3,2
2021-01-16_cal_st_fullerton_concordia_ca,Cal St. Fullerton,24,"Neff, Kathryn",False,14,1,3,0.333,0,1,0.0,0,0,,0,2,2,0,0,1,0,0,2
2021-01-16_cal_st_fullerton_concordia_ca,Cal St. Fullerton,22,"Freemon, Madison",False,6,0,0,,0,0,,0,0,,1,0,1,0,0,1,0,1,0
2021-01-16_cal_st_fullerton_concordia_ca,Cal St. Fullerton,15,"Mensah, Janette",False,1,0,0,,0,0,,0,0,,0,0,0,0,1,0,0,0,0
2021-01-16_cal_st_fullerton_concordia_ca,Cal St. Fullerton,01,"Blanco, Pressila",False,0,0,0,,0,0,,0,0,,0,0,0,0,0,0,0,0,0
2021-01-16_cal_st_fullerton_concordia_ca,Cal St. Fullerton,TM,TEAM,False,0,0,0,,0,0,,0,0,,1,2,3,0,0,0,0,0,0
2021-01-17_southern_california_uc_riverside,UC Riverside,10,"Cooper, Keilanei",True,32,10,22,0.455,3,6,0.5,3,5,0.6,0,4,4,0,2,2,0,2,26
2021-01-17_southern_california_uc_riverside,UC Riverside,12,"Kyrkjebo, Kari",True,32,3,4,0.75,3,4,0.75,3,4,0.75,1,6,7,3,0,2,0,0,12
2021-01-17_southern_california_uc_riverside,UC Riverside,00,"Webster, Jordan",True,37,3,18,0.167,2,10,0.2,2,2,1.0,2,7,9,1,0,7,0,2,10
2021-01-17_southern_california_uc_riverside,UC Riverside,24,"Gnago, Daphne",True,33,2,7,0.286,0,0,,0,0,,2,5,7,3,1,1,0,2,4
2021-01-17_southern_california_uc_riverside,UC Riverside,4,"Holland, Jada",True,38,1,8,0.125,0,3,0.0,0,0,,2,1,3,1,2,5,0,6,2
2021-01-17_southern_california_uc_riverside,UC Riverside,5,"Pointer, Lauryn",False,8,0,3,0.0,0,0,,0,0,,0,0,0,1,0,0,0,0,0
2021-01-17_southern_california_uc_riverside,UC Riverside,20,"Fries, Samantha",False,8,0,0,,0,0,,0,0,,1,0,1,1,0,0,0,0,0
2021-01-17_southern_california_uc_riverside,UC Riverside,1,"Kinran, Suzan",False,7,0,1,0.0,0,1,0.0,0,0,,1,0,1,2,0,0,0,0,0
2021-01-17_southern_california_uc_riverside,UC Riverside,23,"Aikins, India",False,5,0,1,0.0,0,1,0.0,0,0,,1,0,1,0,0,0,0,0,0
2021-01-17_southern_california_uc_riverside,UC Riverside,TM,TEAM,False,0,0,0,,0,0,,0,0,,5,2,7,0,0,1,0,0,0
2021-01-17_southern_california_uc_riverside,Southern California,4,"Rogers, Endyia",True,30,5,13,0.385,2,5,0.4,2,2,1.0,1,1,2,3,1,5,0,0,14
2021-01-17_southern_california_uc_riverside,Southern California,5,"Sanders, Jordan",True,36,3,10,0.3,0,1,0.0,3,4,0.75,0,3,3,4,1,3,4,3,9
2021-01-17_southern_california_uc_riverside,Southern California,15,"Jackson, Angel",True,30,3,5,0.6,0,0,,3,4,0.75,0,6,6,2,0,1,4,1,9
2021-01-17_southern_california_uc_riverside,Southern California,24,"Caldwell, Desiree",True,23,1,3,0.333,0,2,0.0,0,0,,0,1,1,1,2,1,0,1,2
2021-01-17_southern_california_uc_riverside,Southern California,10,"Oliver, Amaya",True,14,0,3,0.0,0,1,0.0,1,4,0.25,2,3,5,0,0,2,0,1,1
2021-01-17_southern_california_uc_riverside,Southern California,22,"White, Kyra",False,22,3,3,1.0,1,1,1.0,0,0,,1,3,4,1,1,4,1,1,7
2021-01-17_southern_california_uc_riverside,Southern California,32,"Jenkins, Jordyn",False,19,2,5,0.4,0,0,,1,1,1.0,1,3,4,0,0,2,1,3,5
2021-01-17_southern_california_uc_riverside,Southern California,35,"Pili, Alissa",False,17,2,5,0.4,0,1,0.0,1,2,0.5,0,5,5,0,2,1,0,0,5
2021-01-17_southern_california_uc_riverside,Southern California,00,"Aaron, Shalexxus",False,7,0,1,0.0,0,0,,0,0,,0,2,2,0,0,1,1,0,0
2021-01-17_southern_california_uc_riverside,Southern California,1,"Tinner, Zayla",False,2,0,1,0.0,0,1,0.0,0,0,,0,0,0,1,0,0,0,0,0
2021-01-17_southern_california_uc_riverside,Southern California,TM,TEAM,False,0,0,0,,0,0,,0,0,,2,3,5,0,0,0,0,0,0
2021-01-22_uc_davis_uc_san_diego,UC San Diego,13,"Brown, Sydney",True,29,5,9,0.556,3,4,0.75,1,2,0.5,0,5,5,1,1,1,0,1,14
2021-01-22_uc_davis_uc_san_diego,UC San Diego,02,"Turner, Tyla",True,34,5,15,0.333,0,5,0.0,1,1,1.0,2,3,5,2,3,4,0,1,11
2021-01-22_uc_davis_uc_san_diego,UC San Diego,04,"Cangelosi, Emily",True,21,4,7,0.571,3,4,0.75,0,0,,0,5,5,1,0,1,1,0,11
2021-01-22_uc_davis_uc_san_diego,UC San Diego,12,"Baxter, Madison",True,20,1,7,0.143,1,5,0.2,0,0,,0,1,1,2,2,1,0,1,3
2021-01-22_uc_davis_uc_san_diego,UC San Diego,30,"Ybarra-Harvey, Layla",True,9,1,2,0.5,0,0,,0,0,,0,1,1,2,0,0,0,0,2
2021-01-22_uc_davis_uc_san_diego,UC San Diego,15,"Claros, Brianna",False,28,3,6,0.5,2,4,0.5,0,0,,1,1,2,0,0,0,0,0,8
2021-01-22_uc_davis_uc_san_diego,UC San Diego,11,"Brown, Aishah",False,15,3,9,0.333,0,2,0.0,0,1,0.0,2,2,4,5,2,2,0,2,6
2021-01-22_uc_davis_uc_san_diego,UC San Diego,32,"Montgomery, Parker",False,18,1,4,0.25,1,2,0.5,2,2,1.0,0,1,1,0,1,1,0,0,5
2021-01-22_uc_davis_uc_san_diego,UC San Diego,40,"Herrmann, Emerson",False,16,1,4,0.25,0,1,0.0,0,0,,1,1,2,1,0,1,0,0,2
2021-01-22_uc_davis_uc_san_diego,UC San Diego,25,"Ellenbeck, Kendal",False,10,0,2,0.0,0,2,0.0,0,0,,0,1,1,0,1,0,0,0,0
2021-01-22_uc_davis_uc_san_diego,UC San Diego,TM,TEAM,False,0,0,0,,0,0,,0,0,,2,2,4,0,0,0,0,0,0
2021-01-22_uc_davis_uc_san_diego,UC Davis,23,"Konrad, Kayla",True,29,7,17,0.412,4,10,0.4,2,2,1.0,0,4,4,2,2,2,0,0,20
2021-01-22_uc_davis_uc_san_diego,UC Davis,11,"Stobbart, Sage",True,29,6,12,0.5,5,9,0.556,1,2,0.5,4,2,6,2,3,3,3,0,18
2021-01-22_uc_davis_uc_san_diego,UC Davis,15,"Turner, Evanne",True,32,5,5,1.0,4,4,1.0,0,0,,0,5,5,2,2,2,0,2,14
2021-01-22_uc_davis_uc_san_diego,UC Davis,32,"Hall, Cierra",True,28,4,7,0.571,1,1,1.0,2,2,1.0,3,7,10,2,5,2,0,1,11
2021-01-22_uc_davis_uc_san_diego,UC Davis,00,"Trpcic, Mackenzie",True,31,0,5,0.0,0,2,0.0,2,2,1.0,1,4,5,1,7,2,1,0,2
2021-01-22_uc_davis_uc_san_diego,UC Davis,03,"Gray, Campbell",False,15,2,5,0.4,1,1,1.0,0,0,,0,2,2,0,2,2,0,2,5
2021-01-22_uc_davis_uc_san_diego,UC Davis,41,"Shine, Bria",False,4,1,2,0.5,1,2,0.5,0,0,,0,2,2,0,0,1,0,0,3
2021-01-22_uc_davis_uc_san_diego,UC Davis,13,"Harris, Mazatlan",False,3,1,2,0.5,1,2,0.5,0,0,,0,1,1,0,0,0,0,0,3
2021-01-22_uc_davis_uc_san_diego,UC Davis,14,"Gibb, Emma",False,9,1,1,1.0,0,0,,0,0,,0,0,0,1,0,0,1,1,2
2021-01-22_uc_davis_uc_san_diego,UC Davis,04,"Carreon, Allie",False,8,1,2,0.5,0,1,0.0,0,0,,0,0,0,0,1,0,0,1,2
2021-01-22_uc_davis_uc_san_diego,UC Davis,10,"Svanholm, Lena",False,10,0,2,0.0,0,2,0.0,0,0,,1,2,3,0,0,0,0,0,0
2021-01-22_uc_davis_uc_san_diego,UC Davis,42,"Lilly, Kenedy",False,2,0,0,,0,0,,0,0,,0,0,0,0,0,0,0,0,0
2021-01-22_uc_davis_uc_san_diego,UC Davis,TM,TEAM,False,0,0,0,,0,0,,0,0,,0,6,6,0,0,1,0,0,0
2021-01-22_hawaii_cal_st_fullerton,Cal St. Fullerton,00,"Frey, Anniken",True,33,5,10,0.5,4,5,0.8,2,4,0.5,2,3,5,2,2,3,0,1,16
2021-01-22_hawaii_cal_st_fullerton,Cal St. Fullerton,11,"Krupa, Joy",True,34,0,4,0.0,0,0,,6,10,0.6,0,6,6,0,2,3,1,1,6
2021-01-22_hawaii_cal_st_fullerton,Cal St. Fullerton,10,"Nieto, Megan",True,22,1,9,0.111,0,0,,1,2,0.5,1,2,3,5,0,4,0,2,3
2021-01-22_hawaii_cal_st_fullerton,Cal St. Fullerton,23,"Gill, Carolyn",True,35,1,9,0.111,0,2,0.0,0,0,,2,8,10,4,1,1,1,0,2
2021-01-22_hawaii_cal_st_fullerton,Cal St. Fullerton,24,"Neff, Kathryn",True,17,0,2,0.0,0,1,0.0,0,0,,4,1,5,0,0,0,2,2,0
2021-01-22_hawaii_cal_st_fullerton,Cal St. Fullerton,33,"Stratford, Bella",False,25,3,8,0.375,1,1,1.0,2,3,0.667,0,1,1,0,1,1,0,2,9
2021-01-22_hawaii_cal_st_fullerton,Cal St. Fullerton,15,"Mensah, Janette",False,4,2,2,1.0,0,0,,0,0,,0,1,1,0,0,0,0,0,4
2021-01-22_hawaii_cal_st_fullerton,Cal St. Fullerton,05,"Rodarte, Clarissa",False,8,1,2,0.5,1,1,1.0,0,0,,2,1,3,1,0,1,0,0,3
2021-01-22_hawaii_cal_st_fullerton,Cal St. Fullerton,32,"Lewis, Ashlee",False,13,1,5,0.2,0,1,0.0,0,0,,1,2,3,4,0,2,0,0,2
2021-01-22_hawaii_cal_st_fullerton,Cal St. Fullerton,04,"Vidmar, Gabi",False,8,1,3,0.333,0,1,0.0,0,0,,0,1,1,0,0,1,0,0,2
2021-01-22_hawaii_cal_st_fullerton,Cal St. Fullerton,22,"Freemon, Madison",False,1,0,0,,0,0,,0,0,,0,0,0,0,0,0,0,0,0
2021-01-22_hawaii_cal_st_fullerton,Cal St. Fullerton,TM,TEAM,False,0,0,0,,0,0,,0,0,,4,2,6,0,0,0,0,0,0
2021-01-22_hawaii_cal_st_fullerton,Hawaii,11,"Davies, Olivia",True,34,7,11,0.636,2,6,0.333,1,2,0.5,0,2,2,4,1,4,0,0,17
2021-01-22_hawaii_cal_st_fullerton,Hawaii,15,"Alexander, Jadynn",True,34,4,15,0.267,1,7,0.143,5,5,1.0,1,2,3,1,1,3,0,2,14
2021-01-22_hawaii_cal_st_fullerton,Hawaii,21,"Neubert, Kasey",True,27,3,6,0.5,0,0,,0,0,,3,5,8,3,0,0,2,2,6
2021-01-22_hawaii_cal_st_fullerton,Hawaii,25,"Atwell, Amy",True,24,1,4,0.25,1,1,1.0,1,2,0.5,1,5,6,3,0,1,0,1,4
2021-01-22_hawaii_cal_st_fullerton,Hawaii,01,"Imai, Kelsie",True,21,1,2,0.5,1,2,0.5,0,0,,0,3,3,4,2,3,1,1,3
2021-01-22_hawaii_cal_st_fullerton,Hawaii,00,"Phillips, Daejah",False,19,1,5,0.2,1,3,0.333,2,4,0.5,0,0,0,4,0,1,0,0,5
2021-01-22_hawaii_cal_st_fullerton,Hawaii,23,"McBee, MeiLani",False,19,0,4,0.0,0,3,0.0,0,0,,0,0,0,1,1,0,0,1,0
2021-01-22_hawaii_cal_st_fullerton,Hawaii,04,"Orji, Nnenna",False,10,0,2,0.0,0,0,,0,2,0.0,0,4,4,1,0,2,0,1,0
2021-01-22_hawaii_cal_st_fullerton,Hawaii,44,"Rangel, Barbara",False,5,0,1,0.0,0,0,,0,0,,0,1,1,0,0,0,1,0,0
2021-01-22_hawaii_cal_st_fullerton,Hawaii,20,"Falkowska, Alicja",False,4,0,0,,0,0,,0,0,,0,0,0,0,0,0,0,0,0
2021-01-22_hawaii_cal_st_fullerton,Hawaii,10,"Viena, Dakota",False,3,0,0,,0,0,,0,0,,0,0,0,0,0,0,0,0,0
2021-01-22_hawaii_cal_st_fullerton,Hawaii,TM,TEAM,False,0,0,0,,0,0,,0,0,,1,3,4,0,0,0,0,0,0
2021-01-22_cal_poly_uc_irvine,UC Irvine,4,"Williams, Kayla",True,34,5,11,0.455,1,3,0.333,5,6,0.833,0,6,6,1,2,5,0,2,16
2021-01-22_cal_poly_uc_irvine,UC Irvine,2,"Webb, Chloe",True,30,6,12,0.5,0,0,,2,2,1.0,7,4,11,3,1,5,1,3,14
2021-01-22_cal_poly_uc_irvine,UC Irvine,15,"Seaton, Alexus",True,22,3,4,0.75,0,1,0.0,5,8,0.625,3,1,4,3,1,5,0,5,11
2021-01-22_cal_poly_uc_irvine,UC Irvine,35,"Locandro, Sophia",True,24,4,6,0.667,0,0,,0,0,,1,6,7,3,1,2,2,0,8
2021-01-22_cal_poly_uc_irvine,UC Irvine,20,"Guglielmo, Dani",True,21,2,4,0.5,2,3,0.667,0,0,,0,0,0,3,1,0,0,0,6
2021-01-22_cal_poly_uc_irvine,UC Irvine,21,"Talbert, Haleigh",False,28,2,5,0.4,1,4,0.25,1,4,0.25,0,0,0,0,2,1,0,1,6
2021-01-22_cal_poly_uc_irvine,UC Irvine,23,"Baker, Victoria",False,3,0,0,,0,0,,2,4,0.5,0,1,1,1,0,2,0,0,2
2021-01-22_cal_poly_uc_irvine,UC Irvine,10,"Cadee, Jayde",False,12,0,2,0.0,0,2,0.0,0,0,,0,0,0,1,0,0,0,0,0
2021-01-22_cal_poly_uc_irvine,UC Irvine,33,"Kaupu, Caiyle",False,9,0,1,0.0,0,0,,0,0,,0,0,0,1,0,2,0,0,0
2021-01-22_cal_poly_uc_irvine,UC Irvine,11,"Garza, Tahlia",False,8,0,1,0.0,0,0,,0,0,,0,0,0,0,0,0,0,0,0
2021-01-22_cal_poly_uc_irvine,UC Irvine,24,"Kapinga, Melodie",False,7,0,0,,0,0,,0,0,,0,1,1,0,0,0,0,0,0
2021-01-22_cal_poly_uc_irvine,UC Irvine,30,"Akaegbu-cleveland, Joy",False,2,0,0,,0,0,,0,0,,0,1,1,0,0,0,0,0,0
2021-01-22_cal_poly_uc_irvine,UC Irvine,TM,TEAM,False,0,0,0,,0,0,,0,0,,0,6,6,0,0,2,0,0,0
2021-01-22_cal_poly_uc_irvine,Cal Poly,52,"Campisano, Sierra",True,38,7,18,0.389,0,4,0.0,1,2,0.5,3,7,10,1,0,2,0,2,15
2021-01-22_cal_poly_uc_irvine,Cal Poly,25,"Brown, Kirsty",True,35,6,12,0.5,1,1,1.0,2,4,0.5,5,3,8,2,3,2,0,1,15
2021-01-22_cal_poly_uc_irvine,Cal Poly,1,"Ellis, Abbey",True,18,4,10,0.4,1,3,0.333,0,0,,0,0,0,5,3,4,1,1,9
2021-01-22_cal_poly_uc_irvine,Cal Poly,33,"Willett, Maddie",True,30,3,10,0.3,1,6,0.167,0,0,,2,1,3,2,1,3,0,1,7
2021-01-22_cal_poly_uc_irvine,Cal Poly,5,"Holt, Malia",True,28,0,2,0.0,0,0,,2,2,1.0,1,4,5,3,3,1,0,2,2
2021-01-22_cal_poly_uc_irvine,Cal Poly,3,"Svetich, Lily",False,4,1,1,1.0,0,0,,0,0,,0,0,0,1,0,1,0,1,2
2021-01-22_cal_poly_uc_irvine,Cal Poly,20,"Bliss, Grace",False,1,1,1,1.0,0,0,,0,0,,0,0,0,0,0,0,0,1,2
2021-01-22_cal_poly_uc_irvine,Cal Poly,13,"Vick, Maddie",False,22,0,3,0.0,0,1,0.0,0,0,,1,1,2,3,4,2,0,0,0
2021-01-22_cal_poly_uc_irvine,Cal Poly,2,"Govan, Chantel",False,16,0,4,0.0,0,2,0.0,0,0,,1,2,3,2,1,0,0,2,0
2021-01-22_cal_poly_uc_irvine,Cal Poly,14,"Scanlan, Hannah",False,3,0,0,,0,0,,0,0,,0,0,0,0,0,0,0,0,0
2021-01-22_cal_poly_uc_irvine,Cal Poly,11,"Dickson, Junie",False,1,0,1,0.0,0,1,0.0,0,0,,0,0,0,0,0,0,0,0,0
2021-01-22_cal_poly_uc_irvine,Cal Poly,15,"Hunter, Leslie",False,1,0,0,,0,0,,0,0,,0,0,0,0,0,1,0,0,0
2021-01-22_cal_poly_uc_irvine,Cal Poly,23,"Nikolova, Ivana",False,1,0,0,,0,0,,0,0,,0,0,0,0,0,1,0,0,0
2021-01-22_cal_poly_uc_irvine,Cal Poly,24,"Stachowski, Zoe",False,1,0,0,,0,0,,0,0,,0,0,0,0,0,0,0,0,0
2021-01-22_cal_poly_uc_irvine,Cal Poly,35,"Ackerman, Natalia",False,1,0,0,,0,0,,0,0,,0,0,0,0,0,0,0,0,0
2021-01-22_cal_poly_uc_irvine,Cal Poly,TM,TEAM,False,0,0,0,,0,0,,0,0,,2,1,3,0,0,1,0,0,0
2021-01-22_csu_bakersfield_uc_riverside,UC Riverside,10,"Cooper, Keilanei",True,38,5,11,0.455,2,2,1.0,3,4,0.75,1,1,2,0,1,0,0,4,15
2021-01-22_csu_bakersfield_uc_riverside,UC Riverside,00,"Webster, Jordan",True,27,6,17,0.353,3,7,0.429,0,0,,1,2,3,2,0,0,1,0,15
2021-01-22_csu_bakersfield_uc_riverside,UC Riverside,04,"Holland, Jada",True,37,5,11,0.455,0,3,0.0,2,2,1.0,0,3,3,1,9,3,0,1,12
2021-01-22_csu_bakersfield_uc_riverside,UC Riverside,24,"Gnago, Daphne",True,30,3,4,0.75,0,0,,2,3,0.667,2,6,8,4,1,4,0,4,8
2021-01-22_csu_bakersfield_uc_riverside,UC Riverside,12,"Kyrkjebo, Kari",True,31,1,3,0.333,0,0,,1,2,0.5,2,5,7,3,0,2,0,0,3
2021-01-22_csu_bakersfield_uc_riverside,UC Riverside,05,"Pointer, Lauryn",False,20,3,5,0.6,1,1,1.0,2,2,1.0,2,2,4,1,0,0,0,1,9
2021-01-22_csu_bakersfield_uc_riverside,UC Riverside,20,"Fries, Samantha",False,12,1,3,0.333,0,0,,0,0,,0,1,1,1,0,0,0,0,2
2021-01-22_csu_bakersfield_uc_riverside,UC Riverside,03,"Campbell, Joy",False,3,0,1,0.0,0,1,0.0,0,0,,0,2,2,0,0,0,0,0,0
2021-01-22_csu_bakersfield_uc_riverside,UC Riverside,01,"Kinran, Suzan",False,2,0,0,,0,0,,0,0,,0,0,0,0,0,0,0,0,0
2021-01-22_csu_bakersfield_uc_riverside,UC Riverside,TM,TEAM,False,0,0,0,,0,0,,0,0,,0,1,1,0,0,2,0,0,0
2021-01-22_csu_bakersfield_uc_riverside,CSU Bakersfield,10,"Eggleston, Jayden",True,31,9,19,0.474,1,1,1.0,4,4,1.0,2,2,4,4,0,3,0,2,23
2021-01-22_csu_bakersfield_uc_riverside,CSU Bakersfield,54,"Austin, Vanessa",True,27,5,9,0.556,0,0,,1,2,0.5,5,0,5,2,0,1,1,0,11
2021-01-22_csu_bakersfield_uc_riverside,CSU Bakersfield,11,"Green, Lexus",True,39,4,13,0.308,1,5,0.2,0,0,,0,3,3,0,3,1,0,0,9
2021-01-22_csu_bakersfield_uc_riverside,CSU Bakersfield,23,"Saxon, Miracle",True,35,3,10,0.3,2,5,0.4,0,0,,1,6,7,1,1,2,0,1,8
2021-01-22_csu_bakersfield_uc_riverside,CSU Bakersfield,22,"Easley, Andie",True,21,0,5,0.0,0,3,0.0,0,0,,3,7,10,1,4,2,0,0,0
2021-01-22_csu_bakersfield_uc_riverside,CSU Bakersfield,04,"Dixon, Jasmin",False,22,1,3,0.333,1,2,0.5,0,0,,0,0,0,1,1,0,0,0,3
2021-01-22_csu_bakersfield_uc_riverside,CSU Bakersfield,12,"Tougas, Sophia",False,17,1,4,0.25,0,3,0.0,0,0,,2,2,4,1,0,1,0,1,2
2021-01-22_csu_bakersfield_uc_riverside,CSU Bakersfield,13,"Herrera, Soli",False,5,0,0,,0,0,,0,0,,1,0,1,2,1,1,0,0,0
2021-01-22_csu_bakersfield_uc_riverside,CSU Bakersfield,05,"Bond, Makenzie",False,2,0,0,,0,0,,0,0,,0,2,2,1,0,0,0,0,0
2021-01-22_csu_bakersfield_uc_riverside,CSU Bakersfield,24,"Bridges-Bey, Sage",False,1,0,0,,0,0,,0,0,,0,0,0,0,0,2,0,0,0
2021-01-22_csu_bakersfield_uc_riverside,CSU Bakersfield,TM,TEAM,False,0,0,0,,0,0,,0,0,,2,0,2,0,0,0,0,0,0
2021-01-23_uc_davis_uc_san_diego,UC San Diego,02,"Turner, Tyla",True,36,4,16,0.25,0,4,0.0,8,8,1.0,3,4,7,2,1,0,0,2,16
2021-01-23_uc_davis_uc_san_diego,UC San Diego,13,"Brown, Sydney",True,29,2,12,0.167,0,6,0.0,6,7,0.857,0,2,2,1,0,2,0,1,10
2021-01-23_uc_davis_uc_san_diego,UC San Diego,04,"Cangelosi, Emily",True,38,4,7,0.571,1,3,0.333,0,0,,1,0,1,2,0,0,0,1,9
2021-01-23_uc_davis_uc_san_diego,UC San Diego,30,"Ybarra-Harvey, Layla",True,13,1,4,0.25,0,0,,0,0,,1,2,3,3,1,3,0,0,2
2021-01-23_uc_davis_uc_san_diego,UC San Diego,12,"Baxter, Madison",True,11,0,2,0.0,0,1,0.0,0,0,,0,0,0,0,1,0,0,1,0
2021-01-23_uc_davis_uc_san_diego,UC San Diego,11,"Brown, Aishah",False,18,2,5,0.4,0,0,,2,2,1.0,1,6,7,4,0,2,0,1,6
2021-01-23_uc_davis_uc_san_diego,UC San Diego,40,"Herrmann, Emerson",False,5,1,1,1.0,1,1,1.0,0,0,,0,0,0,0,0,0,0,0,3
2021-01-23_uc_davis_uc_san_diego,UC San Diego,15,"Claros, Brianna",False,27,0,4,0.0,0,3,0.0,0,0,,1,1,2,1,1,2,0,2,0
2021-01-23_uc_davis_uc_san_diego,UC San Diego,32,"Montgomery, Parker",False,13,0,2,0.0,0,1,0.0,0,0,,0,1,1,0,0,0,0,0,0
2021-01-23_uc_davis_uc_san_diego,UC San Diego,25,"Ellenbeck, Kendal",False,10,0,1,0.0,0,1,0.0,0,0,,0,0,0,0,0,0,0,1,0
2021-01-23_uc_davis_uc_san_diego,UC San Diego,TM,TEAM,False,0,0,0,,0,0,,0,0,,2,3,5,0,0,1,0,0,0
2021-01-23_uc_davis_uc_san_diego,UC Davis,23,"Konrad, Kayla",True,31,4,10,0.4,2,5,0.4,2,2,1.0,2,2,4,1,1,1,0,1,12
2021-01-23_uc_davis_uc_san_diego,UC Davis,11,"Stobbart, Sage",True,29,5,11,0.455,2,6,0.333,0,0,,2,8,10,1,2,4,4,2,12
2021-01-23_uc_davis_uc_san_diego,UC Davis,00,"Trpcic, Mackenzie",True,31,5,10,0.5,0,3,0.0,1,1,1.0,2,3,5,2,4,1,0,0,11
2021-01-23_uc_davis_uc_san_diego,UC Davis,32,"Hall, Cierra",True,23,2,5,0.4,1,2,0.5,2,2,1.0,0,6,6,5,2,3,2,1,7
2021-01-23_uc_davis_uc_san_diego,UC Davis,15,"Turner, Evanne",True,25,1,4,0.25,1,2,0.5,0,0,,1,1,2,2,0,0,0,0,3
2021-01-23_uc_davis_uc_san_diego,UC Davis,03,"Gray, Campbell",False,20,3,7,0.429,0,0,,3,3,1.0,0,0,0,0,1,5,0,0,9
2021-01-23_uc_davis_uc_san_diego,UC Davis,13,"Harris, Mazatlan",False,11,2,4,0.5,0,2,0.0,0,0,,1,3,4,0,0,0,0,0,4
2021-01-23_uc_davis_uc_san_diego,UC Davis,10,"Svanholm, Lena",False,13,0,1,0.0,0,1,0.0,0,0,,0,1,1,0,1,0,0,0,0
2021-01-23_uc_davis_uc_san_diego,UC Davis,14,"Gibb, Emma",False,10,0,0,,0,0,,0,0,,0,4,4,2,0,2,0,0,0
2021-01-23_uc_davis_uc_san_diego,UC Davis,04,"Carreon, Allie",False,5,0,0,,0,0,,0,0,,0,0,0,0,0,0,0,0,0
2021-01-23_uc_davis_uc_san_diego,UC Davis,41,"Shine, Bria",False,1,0,0,,0,0,,0,0,,0,0,0,0,0,0,0,0,0
2021-01-23_uc_davis_uc_san_diego,UC Davis,42,"Lilly, Kenedy",False,1,0,0,,0,0,,0,0,,0,1,1,0,0,1,0,0,0
2021-01-23_uc_davis_uc_san_diego,UC Davis,TM,TEAM,False,0,0,0,,0,0,,0,0,,2,2,4,0,0,1,0,0,0
2021-01-23_hawaii_cal_st_fullerton,Cal St. Fullerton,13,"Book, Amiee",True,36,3,10,0.3,0,4,0.0,3,4,0.75,0,5,5,2,0,1,2,0,9
2021-01-23_hawaii_cal_st_fullerton,Cal St. Fullerton,23,"Gill, Carolyn",True,22,2,7,0.286,0,0,,5,7,0.714,0,3,3,4,0,2,2,1,9
2021-01-23_hawaii_cal_st_fullerton,Cal St. Fullerton,11,"Krupa, Joy",True,31,3,7,0.429,0,0,,2,2,1.0,1,3,4,3,2,2,2,0,8
2021-01-23_hawaii_cal_st_fullerton,Cal St. Fullerton,00,"Frey, Anniken",True,30,1,6,0.167,0,3,0.0,1,2,0.5,0,0,0,1,1,1,0,0,3
2021-01-23_hawaii_cal_st_fullerton,Cal St. Fullerton,10,"Nieto, Megan",True,18,1,2,0.5,0,0,,0,2,0.0,0,3,3,3,0,0,0,1,2
2021-01-23_hawaii_cal_st_fullerton,Cal St. Fullerton,33,"Stratford, Bella",False,20,2,5,0.4,0,1,0.0,0,0,,0,1,1,0,4,0,0,0,4
2021-01-23_hawaii_cal_st_fullerton,Cal St. Fullerton,32,"Lewis, Ashlee",False,19,2,9,0.222,0,1,0.0,0,0,,3,2,5,1,0,2,0,0,4
2021-01-23_hawaii_cal_st_fullerton,Cal St. Fullerton,05,"Rodarte, Clarissa",False,9,1,4,0.25,0,0,,0,0,,1,3,4,0,0,0,0,0,2
2021-01-23_hawaii_cal_st_fullerton,Cal St. Fullerton,04,"Vidmar, Gabi",False,8,0,2,0.0,0,1,0.0,2,2,1.0,0,1,1,1,0,0,0,0,2
2021-01-23_hawaii_cal_st_fullerton,Cal St. Fullerton,24,"Neff, Kathryn",False,6,0,0,,0,0,,0,0,,1,0,1,1,0,0,0,0,0
2021-01-23_hawaii_cal_st_fullerton,Cal St. Fullerton,15,"Mensah, Janette",False,1,0,1,0.0,0,0,,0,0,,1,0,1,0,0,0,0,0,0
2021-01-23_hawaii_cal_st_fullerton,Cal St. Fullerton,TM,TEAM,False,0,0,0,,0,0,,0,0,,1,3,4,0,0,1,0,0,0
2021-01-23_hawaii_cal_st_fullerton,Hawaii,15,"Alexander, Jadynn",True,35,5,13,0.385,3,8,0.375,2,3,0.667,1,4,5,2,1,4,0,0,15
2021-01-23_hawaii_cal_st_fullerton,Hawaii,21,"Neubert, Kasey",True,29,5,8,0.625,1,3,0.333,3,3,1.0,3,5,8,1,2,1,0,1,14
2021-01-23_hawaii_cal_st_fullerton,Hawaii,01,"Imai, Kelsie",True,30,1,6,0.167,0,2,0.0,8,9,0.889,1,3,4,1,4,1,1,0,10
2021-01-23_hawaii_cal_st_fullerton,Hawaii,25,"Atwell, Amy",True,20,2,6,0.333,0,4,0.0,2,2,1.0,0,3,3,5,0,0,0,1,6
2021-01-23_hawaii_cal_st_fullerton,Hawaii,11,"Davies, Olivia",True,25,1,7,0.143,0,3,0.0,2,2,1.0,1,2,3,1,2,3,0,0,4
2021-01-23_hawaii_cal_st_fullerton,Hawaii,23,"McBee, MeiLani",False,20,1,4,0.25,1,4,0.25,0,0,,0,2,2,2,0,0,0,0,3
2021-01-23_hawaii_cal_st_fullerton,Hawaii,00,"Phillips, Daejah",False,16,1,6,0.167,1,2,0.5,0,0,,2,5,7,3,0,2,0,1,3
2021-01-23_hawaii_cal_st_fullerton,Hawaii,04,"Orji, Nnenna",False,19,0,2,0.0,0,0,,2,2,1.0,2,4,6,3,1,2,1,0,2
2021-01-23_hawaii_cal_st_fullerton,Hawaii,20,"Falkowska, Alicja",False,6,0,1,0.0,0,0,,0,0,,0,1,1,1,0,0,1,0,0
2021-01-23_hawaii_cal_st_fullerton,Hawaii,TM,TEAM,False,0,0,0,,0,0,,0,0,,3,3,6,0,0,0,0,0,0
2021-01-23_cal_poly_uc_irvine,UC Irvine,4,"Williams, Kayla",True,43,10,22,0.455,7,11,0.636,5,6,0.833,0,5,5,2,5,7,0,4,32
2021-01-23_cal_poly_uc_irvine,UC Irvine,35,"Locandro, Sophia",True,19,5,7,0.714,1,1,1.0,0,0,,1,2,3,4,1,0,0,0,11
2021-01-23_cal_poly_uc_irvine,UC Irvine,2,"Webb, Chloe",True,31,2,6,0.333,0,2,0.0,5,8,0.625,2,8,10,4,2,1,0,2,9
2021-01-23_cal_poly_uc_irvine,UC Irvine,20,"Guglielmo, Dani",True,19,1,3,0.333,1,3,0.333,0,0,,0,2,2,1,2,0,1,1,3
2021-01-23_cal_poly_uc_irvine,UC Irvine,15,"Seaton, Alexus",True,29,0,1,0.0,0,1,0.0,2,2,1.0,0,0,0,1,1,0,0,0,2
2021-01-23_cal_poly_uc_irvine,UC Irvine,21,"Talbert, Haleigh",False,33,3,5,0.6,0,2,0.0,3,4,0.75,1,1,2,0,2,2,0,3,9
2021-01-23_cal_poly_uc_irvine,UC Irvine,10,"Cadee, Jayde",False,17,3,5,0.6,3,5,0.6,0,0,,0,1,1,1,0,1,0,1,9
2021-01-23_cal_poly_uc_irvine,UC Irvine,11,"Garza, Tahlia",False,27,2,5,0.4,0,0,,0,5,0.0,0,4,4,4,1,1,1,2,4
2021-01-23_cal_poly_uc_irvine,UC Irvine,24,"Kapinga, Melodie",False,4,0,1,0.0,0,0,,0,0,,0,0,0,1,0,1,0,0,0
2021-01-23_cal_poly_uc_irvine,UC Irvine,33,"Kaupu, Caiyle",False,2,0,0,,0,0,,0,0,,0,0,0,1,0,1,0,0,0
2021-01-23_cal_poly_uc_irvine,UC Irvine,23,"Baker, Victoria",False,1,0,0,,0,0,,0,0,,0,0,0,0,0,0,0,0,0
2021-01-23_cal_poly_uc_irvine,UC Irvine,TM,TEAM,False,0,0,0,,0,0,,0,0,,1,3,4,0,0,0,0,0,0
2021-01-23_cal_poly_uc_irvine,Cal Poly,25,"Brown, Kirsty",True,20,7,14,0.5,0,0,,0,1,0.0,4,3,7,4,0,0,0,0,14
2021-01-23_cal_poly_uc_irvine,Cal Poly,52,"Campisano, Sierra",True,40,6,18,0.333,1,3,0.333,0,2,0.0,2,9,11,4,3,5,2,1,13
2021-01-23_cal_poly_uc_irvine,Cal Poly,33,"Willett, Maddie",True,28,3,10,0.3,1,2,0.5,3,4,0.75,3,0,3,3,0,1,0,2,10
2021-01-23_cal_poly_uc_irvine,Cal Poly,1,"Ellis, Abbey",True,31,3,8,0.375,3,5,0.6,0,0,,0,1,1,5,2,1,0,2,9
2021-01-23_cal_poly_uc_irvine,Cal Poly,5,"Holt, Malia",True,15,0,1,0.0,0,1,0.0,0,0,,0,1,1,0,3,2,0,0,0
2021-01-23_cal_poly_uc_irvine,Cal Poly,35,"Ackerman, Natalia",False,20,7,7,1.0,0,0,,1,2,0.5,5,5,10,3,3,2,1,1,15
2021-01-23_cal_poly_uc_irvine,Cal Poly,24,"Stachowski, Zoe",False,9,1,1,1.0,0,0,,2,4,0.5,0,0,0,0,1,2,0,0,4
2021-01-23_cal_poly_uc_irvine,Cal Poly,2,"Govan, Chantel",False,24,1,4,0.25,1,2,0.5,0,0,,1,3,4,2,1,1,0,2,3
2021-01-23_cal_poly_uc_irvine,Cal Poly,13,"Vick, Maddie",False,32,1,7,0.143,0,1,0.0,0,0,,1,3,4,3,7,2,0,0,2
2021-01-23_cal_poly_uc_irvine,Cal Poly,15,"Hunter, Leslie",False,6,0,0,,0,0,,0,0,,0,0,0,1,0,2,0,0,0
2021-01-23_cal_poly_uc_irvine,Cal Poly,3,"Svetich, Lily",False,0,0,0,,0,0,,0,0,,0,0,0,0,0,0,0,0,0
2021-01-23_cal_poly_uc_irvine,Cal Poly,31,"Silvestri, Gianna",False,0,0,0,,0,0,,0,0,,0,0,0,0,0,0,0,0,0
2021-01-23_cal_poly_uc_irvine,Cal Poly,TM,TEAM,False,0,0,0,,0,0,,0,0,,2,6,8,0,0,0,0,0,0
2021-01-23_csu_bakersfield_uc_riverside,UC Riverside,24,"Gnago, Daphne",True,28,7,11,0.636,0,0,,2,3,0.667,4,6,10,4,2,4,1,2,16
2021-01-23_csu_bakersfield_uc_riverside,UC Riverside,00,"Webster, Jordan",True,34,4,9,0.444,3,6,0.5,0,0,,0,6,6,0,2,3,0,1,11
2021-01-23_csu_bakersfield_uc_riverside,UC Riverside,04,"Holland, Jada",True,30,4,11,0.364,1,4,0.25,1,2,0.5,1,6,7,3,5,2,0,0,10
2021-01-23_csu_bakersfield_uc_riverside,UC Riverside,10,"Cooper, Keilanei",True,27,3,10,0.3,1,6,0.167,0,0,,1,6,7,0,2,3,1,1,7
2021-01-23_csu_bakersfield_uc_riverside,UC Riverside,12,"Kyrkjebo, Kari",True,19,0,1,0.0,0,1,0.0,0,0,,0,2,2,1,1,2,0,0,0
2021-01-23_csu_bakersfield_uc_riverside,UC Riverside,05,"Pointer, Lauryn",False,27,4,8,0.5,1,3,0.333,2,2,1.0,0,7,7,2,1,0,0,1,11
2021-01-23_csu_bakersfield_uc_riverside,UC Riverside,01,"Kinran, Suzan",False,8,2,3,0.667,2,3,0.667,0,0,,0,1,1,1,1,0,0,0,6
2021-01-23_csu_bakersfield_uc_riverside,UC Riverside,03,"Campbell, Joy",False,10,1,3,0.333,0,0,,0,0,,0,0,0,2,2,2,0,0,2
2021-01-23_csu_bakersfield_uc_riverside,UC Riverside,20,"Fries, Samantha",False,17,0,2,0.0,0,1,0.0,1,2,0.5,2,1,3,2,1,0,0,1,1
2021-01-23_csu_bakersfield_uc_riverside,UC Riverside,TM,TEAM,False,0,0,0,,0,0,,0,0,,2,0,2,0,0,0,0,0,0
2021-01-23_csu_bakersfield_uc_riverside,CSU Bakersfield,10,"Eggleston, Jayden",True,32,4,11,0.364,0,2,0.0,5,6,0.833,3,5,8,3,0,2,1,0,13
2021-01-23_csu_bakersfield_uc_riverside,CSU Bakersfield,22,"Easley, Andie",True,34,4,11,0.364,1,2,0.5,1,1,1.0,2,3,5,1,3,0,0,2,10
2021-01-23_csu_bakersfield_uc_riverside,CSU Bakersfield,23,"Saxon, Miracle",True,30,4,14,0.286,0,3,0.0,1,4,0.25,3,3,6,0,0,1,0,1,9
2021-01-23_csu_bakersfield_uc_riverside,CSU Bakersfield,11,"Green, Lexus",True,26,2,10,0.2,0,1,0.0,1,2,0.5,1,3,4,0,3,2,0,1,5
2021-01-23_csu_bakersfield_uc_riverside,CSU Bakersfield,54,"Austin, Vanessa",True,8,0,5,0.0,0,0,,0,0,,1,1,2,0,0,0,0,0,0
2021-01-23_csu_bakersfield_uc_riverside,CSU Bakersfield,13,"Herrera, Soli",False,13,2,4,0.5,0,0,,1,1,1.0,1,3,4,1,0,1,1,2,5
2021-01-23_csu_bakersfield_uc_riverside,CSU Bakersfield,12,"Tougas, Sophia",False,12,1,4,0.25,0,2,0.0,0,0,,1,1,2,2,0,2,0,0,2
2021-01-23_csu_bakersfield_uc_riverside,CSU Bakersfield,05,"Bond, Makenzie",False,7,0,1,0.0,0,0,,1,2,0.5,0,0,0,0,0,0,0,0,1
2021-01-23_csu_bakersfield_uc_riverside,CSU Bakersfield,04,"Dixon, Jasmin",False,28,0,5,0.0,0,3,0.0,0,0,,0,2,2,2,0,3,1,3,0
2021-01-23_csu_bakersfield_uc_riverside,CSU Bakersfield,02,"Seuell, Aaliyah",False,5,0,1,0.0,0,1,0.0,0,0,,0,2,2,0,0,1,0,0,0
2021-01-23_csu_bakersfield_uc_riverside,CSU Bakersfield,24,"Bridges-Bey, Sage",False,5,0,0,,0,0,,0,0,,0,1,1,0,0,0,0,0,0
2021-01-23_csu_bakersfield_uc_riverside,CSU Bakersfield,TM,TEAM,False,0,0,0,,0,0,,0,0,,4,1,5,0,0,0,0,0,0
2021-01-29_uc_santa_barbara_uc_davis,UC Davis,32,Cierra Hall,True,35,8,14,0.571,1,2,0.5,5,5,1.0,2,4,6,1,4,2,0,0,22
2021-01-29_uc_santa_barbara_uc_davis,UC Davis,11,Sage Stobbart,True,34,5,12,0.417,1,1,1.0,5,7,0.714,1,8,9,2,2,4,1,0,16
2021-01-29_uc_santa_barbara_uc_davis,UC Davis,15,Evanne Turner,True,38,6,14,0.429,1,5,0.2,0,0,,1,2,3,2,3,2,0,3,13
2021-01-29_uc_santa_barbara_uc_davis,UC Davis,00,Mackenzie Trpcic,True,40,6,9,0.667,0,2,0.0,0,2,0.0,0,3,3,2,4,0,0,1,12
2021-01-29_uc_santa_barbara_uc_davis,UC Davis,23,Kayla Konrad,True,27,1,5,0.2,0,1,0.0,0,0,,1,3,4,3,3,2,0,0,2
2021-01-29_uc_santa_barbara_uc_davis,UC Davis,13,Mazatlan Harris,False,11,0,1,0.0,0,1,0.0,2,2,1.0,1,0,1,0,1,0,0,1,2
2021-01-29_uc_santa_barbara_uc_davis,UC Davis,04,Allie Carreon,False,6,0,0,,0,0,,0,0,,0,1,1,1,0,0,0,0,0
2021-01-29_uc_santa_barbara_uc_davis,UC Davis,10,Lena Svanholm,False,6,0,2,0.0,0,0,,0,0,,2,3,5,0,0,0,0,0,0
2021-01-29_uc_santa_barbara_uc_davis,UC Davis,03,Campbell Gray,False,3,0,0,,0,0,,0,0,,0,0,0,0,0,2,0,0,0
2021-01-29_uc_santa_barbara_uc_davis,UC Davis,TM,TEAM,False,0,0,0,,0,0,,0,0,,1,2,3,0,0,0,0,0,0
2021-01-29_uc_santa_barbara_uc_davis,UC Santa Barbara,00,"Miller, Danae",True,40,4,12,0.333,3,7,0.429,4,4,1.0,0,3,3,1,5,2,0,1,15
2021-01-29_uc_santa_barbara_uc_davis,UC Santa Barbara,12,"Mole, Taylor",True,38,5,16,0.312,1,6,0.167,0,0,,2,6,8,2,0,1,0,0,11
2021-01-29_uc_santa_barbara_uc_davis,UC Santa Barbara,10,"Jones, Doris",True,25,4,10,0.4,1,2,0.5,2,2,1.0,0,5,5,3,1,3,0,0,11
2021-01-29_uc_santa_barbara_uc_davis,UC Santa Barbara,11,"Lee, Lauren",True,40,3,4,0.75,0,1,0.0,2,2,1.0,2,4,6,4,1,1,0,2,8
2021-01-29_uc_santa_barbara_uc_davis,UC Santa Barbara,04,"Choice, Anya",True,35,4,7,0.571,0,1,0.0,0,0,,0,1,1,2,2,1,0,0,8
2021-01-29_uc_santa_barbara_uc_davis,UC Santa Barbara,02,Briana Anugwom,False,21,4,5,0.8,0,0,,4,4,1.0,0,3,3,1,0,1,0,1,12
2021-01-29_uc_santa_barbara_uc_davis,UC Santa Barbara,21,"Shulman, Mira",False,1,0,0,,0,0,,0,0,,0,0,0,0,0,0,0,0,0
2021-01-29_uc_santa_barbara_uc_davis,UC Santa Barbara,24,"Marin, Alyssa",False,0,0,0,,0,0,,0,0,,0,0,0,2,0,0,0,0,0
2021-01-29_uc_santa_barbara_uc_davis,UC Santa Barbara,TM,TEAM,False,0,0,0,,0,0,,0,0,,0,1,1,0,0,0,0,0,0
2021-01-29_uc_irvine_hawaii,Hawaii,25,"Atwell, Amy",True,28,6,14,0.429,4,12,0.333,0,0,,0,3,3,2,0,2,2,0,16
2021-01-29_uc_irvine_hawaii,Hawaii,15,"Alexander, Jadynn",True,34,2,5,0.4,1,3,0.333,8,8,1.0,2,1,3,2,0,0,0,0,13
2021-01-29_uc_irvine_hawaii,Hawaii,1,"Imai, Kelsie",True,30,3,5,0.6,1,1,1.0,5,5,1.0,1,3,4,3,6,5,2,0,12
2021-01-29_uc_irvine_hawaii,Hawaii,21,"Neubert, Kasey",True,21,6,11,0.545,0,1,0.0,0,0,,2,7,9,1,1,3,0,0,12
2021-01-29_uc_irvine_hawaii,Hawaii,11,"Davies, Olivia",True,24,0,3,0.0,0,0,,4,4,1.0,1,1,2,1,3,3,0,0,4
2021-01-29_uc_irvine_hawaii,Hawaii,00,"Phillips, Daejah",False,15,2,3,0.667,0,0,,2,3,0.667,0,0,0,2,0,1,0,0,6
2021-01-29_uc_irvine_hawaii,Hawaii,23,"McBee, Meilani",False,12,1,3,0.333,1,3,0.333,0,0,,1,0,1,1,0,3,0,0,3
2021-01-29_uc_irvine_hawaii,Hawaii,20,"Falkowska, Alicja",False,7,1,1,1.0,0,0,,0,0,,0,1,1,0,0,0,0,0,2
2021-01-29_uc_irvine_hawaii,Hawaii,4,"Orji, Nnenna",False,16,0,3,0.0,0,0,,0,0,,2,4,6,1,0,3,0,0,0
2021-01-29_uc_irvine_hawaii,Hawaii,10,"Viena, Dakota",False,13,0,2,0.0,0,2,0.0,0,0,,1,1,2,0,2,0,0,0,0
2021-01-29_uc_irvine_hawaii,Hawaii,TM,TEAM,False,0,0,0,,0,0,,0,0,,3,3,6,0,0,0,0,0,0
2021-01-29_uc_irvine_hawaii,UC Irvine,4,"Williams, Kayla",True,34,8,13,0.615,2,6,0.333,2,3,0.667,0,1,1,1,7,2,0,3,20
2021-01-29_uc_irvine_hawaii,UC Irvine,2,"Webb, Chloe",True,22,4,7,0.571,0,0,,3,4,0.75,1,3,4,2,3,0,0,2,11
2021-01-29_uc_irvine_hawaii,UC Irvine,15,"Seaton, Alexus",True,18,4,4,1.0,0,0,,3,4,0.75,0,2,2,1,2,0,0,1,11
2021-01-29_uc_irvine_hawaii,UC Irvine,35,"Locandro, Sophia",True,23,5,10,0.5,0,0,,0,1,0.0,3,1,4,0,0,0,2,1,10
2021-01-29_uc_irvine_hawaii,UC Irvine,20,"Guglielmo, Dani",True,15,0,2,0.0,0,2,0.0,0,0,,0,0,0,0,0,2,0,1,0
2021-01-29_uc_irvine_hawaii,UC Irvine,33,"Kaupu, Caiyle",False,14,5,6,0.833,1,2,0.5,0,0,,0,4,4,2,0,1,0,0,11
2021-01-29_uc_irvine_hawaii,UC Irvine,21,"Talbert, Haleigh",False,27,3,9,0.333,1,5,0.2,3,4,0.75,3,2,5,1,4,1,0,0,10
2021-01-29_uc_irvine_hawaii,UC Irvine,23,"Baker, Victoria",False,15,1,2,0.5,1,1,1.0,2,2,1.0,0,0,0,4,0,1,0,1,5
2021-01-29_uc_irvine_hawaii,UC Irvine,11,"Garza, Tahlia",False,8,2,3,0.667,0,0,,0,0,,1,2,3,2,1,0,2,1,4
2021-01-29_uc_irvine_hawaii,UC Irvine,10,"Cadee, Jayde",False,16,0,4,0.0,0,4,0.0,0,0,,1,0,1,2,1,0,0,0,0
2021-01-29_uc_irvine_hawaii,UC Irvine,24,"Kapinga, Melodie",False,6,0,1,0.0,0,0,,0,0,,0,1,1,0,0,0,0,0,0
2021-01-29_uc_irvine_hawaii,UC Irvine,30,"Akaegbu-cleveland, Joy",False,2,0,1,0.0,0,0,,0,0,,0,0,0,1,0,0,0,0,0
2021-01-29_uc_irvine_hawaii,UC Irvine,TM,TEAM,False,0,0,0,,0,0,,0,0,,1,0,1,0,0,0,0,0,0
2021-01-29_uc_san_diego_long_beach_st,Long Beach St.,10,"King, Justina",True,38,5,16,0.312,1,4,0.25,4,4,1.0,2,3,5,1,2,2,0,2,15
2021-01-29_uc_san_diego_long_beach_st,Long Beach St.,11,"Hardy, Jasmine",True,29,5,13,0.385,3,10,0.3,2,2,1.0,1,4,5,3,0,1,0,3,15
2021-01-29_uc_san_diego_long_beach_st,Long Beach St.,42,"Hunt, Naomi",True,23,1,7,0.143,0,2,0.0,0,2,0.0,0,2,2,1,0,1,0,0,2
2021-01-29_uc_san_diego_long_beach_st,Long Beach St.,25,"Hamilton-Fisher, Kianna",True,34,0,5,0.0,0,2,0.0,0,0,,2,4,6,3,2,0,0,1,0
2021-01-29_uc_san_diego_long_beach_st,Long Beach St.,12,"Jeskeova, Kristyna",True,7,0,0,,0,0,,0,0,,0,1,1,1,0,1,0,2,0
2021-01-29_uc_san_diego_long_beach_st,Long Beach St.,30,"Chung, Patricia",False,33,6,9,0.667,1,2,0.5,2,3,0.667,1,7,8,0,3,3,0,0,15
2021-01-29_uc_san_diego_long_beach_st,Long Beach St.,33,"Joseph, Myrrah",False,25,2,6,0.333,0,0,,1,2,0.5,1,7,8,3,3,4,0,4,5
2021-01-29_uc_san_diego_long_beach_st,Long Beach St.,32,"Lacy, Imani",False,2,1,3,0.333,0,1,0.0,0,0,,0,0,0,0,0,0,0,2,2
2021-01-29_uc_san_diego_long_beach_st,Long Beach St.,02,"Tucker, Savannah",False,9,0,1,0.0,0,1,0.0,0,0,,0,0,0,3,0,0,0,0,0
2021-01-29_uc_san_diego_long_beach_st,Long Beach St.,TM,TEAM,False,0,0,0,,0,0,,0,0,,0,1,1,0,0,2,0,0,0
2021-01-29_uc_san_diego_long_beach_st,UC San Diego,13,"Brown, Sydney",True,37,9,20,0.45,3,9,0.333,2,4,0.5,5,10,15,3,0,4,1,0,23
2021-01-29_uc_san_diego_long_beach_st,UC San Diego,04,"Cangelosi, Emily",True,35,3,8,0.375,3,8,0.375,0,0,,0,5,5,2,0,3,0,0,9
2021-01-29_uc_san_diego_long_beach_st,UC San Diego,02,"Turner, Tyla",True,30,1,8,0.125,1,4,0.25,1,2,0.5,2,4,6,3,5,5,0,0,4
2021-01-29_uc_san_diego_long_beach_st,UC San Diego,12,"Baxter, Madison",True,16,1,3,0.333,1,3,0.333,0,0,,0,2,2,2,0,2,1,0,3
2021-01-29_uc_san_diego_long_beach_st,UC San Diego,30,"Ybarra-Harvey, Layla",True,21,0,0,,0,0,,1,2,0.5,0,2,2,2,2,1,1,1,1
2021-01-29_uc_san_diego_long_beach_st,UC San Diego,15,"Claros, Brianna",False,30,2,9,0.222,2,6,0.333,0,0,,0,2,2,2,4,2,0,1,6
2021-01-29_uc_san_diego_long_beach_st,UC San Diego,32,"Montgomery, Parker",False,9,1,2,0.5,1,1,1.0,0,0,,0,1,1,0,0,1,1,0,3
2021-01-29_uc_san_diego_long_beach_st,UC San Diego,11,"Brown, Aishah",False,19,0,3,0.0,0,1,0.0,1,2,0.5,2,5,7,1,2,2,1,1,1
2021-01-29_uc_san_diego_long_beach_st,UC San Diego,25,"Ellenbeck, Kendal",False,3,0,1,0.0,0,1,0.0,0,0,,0,0,0,0,0,1,0,0,0
2021-01-29_uc_san_diego_long_beach_st,UC San Diego,TM,TEAM,False,0,0,0,,0,0,,0,0,,1,1,2,0,0,1,0,0,0
2021-01-29_uc_riverside_cal_poly,Cal Poly,1,"Ellis, Abbey",True,39,3,10,0.3,3,6,0.5,4,4,1.0,0,5,5,0,2,4,0,3,13
2021-01-29_uc_riverside_cal_poly,Cal Poly,52,"Campisano, Sierra",True,31,5,10,0.5,1,2,0.5,0,0,,1,5,6,5,0,5,3,0,11
2021-01-29_uc_riverside_cal_poly,Cal Poly,25,"Brown, Kirsty",True,22,3,4,0.75,0,0,,2,2,1.0,2,1,3,5,1,3,2,0,8
2021-01-29_uc_riverside_cal_poly,Cal Poly,33,"Willett, Maddie",True,21,3,6,0.5,1,2,0.5,0,0,,1,2,3,0,0,2,0,3,7
2021-01-29_uc_riverside_cal_poly,Cal Poly,5,"Holt, Malia",True,29,2,3,0.667,0,1,0.0,0,0,,0,3,3,0,6,2,0,1,4
2021-01-29_uc_riverside_cal_poly,Cal Poly,13,"Vick, Maddie",False,19,2,4,0.5,0,1,0.0,1,2,0.5,0,2,2,3,2,1,0,0,5
2021-01-29_uc_riverside_cal_poly,Cal Poly,35,"Ackerman, Natalia",False,13,1,2,0.5,0,0,,0,0,,1,3,4,1,0,0,0,0,2
2021-01-29_uc_riverside_cal_poly,Cal Poly,2,"Govan, Chantel",False,7,1,1,1.0,0,0,,0,0,,0,0,0,0,1,1,0,0,2
2021-01-29_uc_riverside_cal_poly,Cal Poly,24,"Stachowski, Zoe",False,7,1,2,0.5,0,0,,0,0,,1,0,1,3,0,0,0,0,2
2021-01-29_uc_riverside_cal_poly,Cal Poly,3,"Svetich, Lily",False,4,1,2,0.5,0,1,0.0,0,0,,0,0,0,0,1,0,0,0,2
2021-01-29_uc_riverside_cal_poly,Cal Poly,15,"Hunter, Leslie",False,5,0,0,,0,0,,0,0,,0,0,0,0,1,0,0,0,0
2021-01-29_uc_riverside_cal_poly,Cal Poly,23,"Nikolova, Ivana",False,3,0,0,,0,0,,0,0,,0,1,1,0,0,0,0,0,0
2021-01-29_uc_riverside_cal_poly,Cal Poly,TM,TEAM,False,0,0,0,,0,0,,0,0,,0,6,6,0,0,0,0,0,0
2021-01-29_uc_riverside_cal_poly,UC Riverside,24,"Gnago, Daphne",True,32,2,6,0.333,0,0,,5,9,0.556,6,2,8,2,0,2,0,3,9
2021-01-29_uc_riverside_cal_poly,UC Riverside,10,"Cooper, Keilanei",True,23,3,10,0.3,1,2,0.5,1,2,0.5,1,3,4,1,2,1,0,1,8
2021-01-29_uc_riverside_cal_poly,UC Riverside,4,"Holland, Jada",True,30,2,11,0.182,2,6,0.333,0,0,,2,3,5,2,1,0,0,2,6
2021-01-29_uc_riverside_cal_poly,UC Riverside,5,"Pointer, Lauryn",True,24,1,9,0.111,0,4,0.0,1,2,0.5,2,2,4,1,1,2,0,0,3
2021-01-29_uc_riverside_cal_poly,UC Riverside,12,"Kyrkjebo, Kari",True,14,0,2,0.0,0,0,,0,0,,2,1,3,1,0,2,1,0,0
2021-01-29_uc_riverside_cal_poly,UC Riverside,3,"Campbell, Joy",False,23,0,4,0.0,0,0,,5,6,0.833,1,2,3,1,1,2,1,2,5
2021-01-29_uc_riverside_cal_poly,UC Riverside,1,"Kinran, Suzan",False,14,1,4,0.25,1,3,0.333,2,2,1.0,1,0,1,0,0,0,1,0,5
2021-01-29_uc_riverside_cal_poly,UC Riverside,13,"Ohiaeri, Georgia",False,16,2,4,0.5,0,1,0.0,0,0,,1,1,2,0,0,2,0,0,4
2021-01-29_uc_riverside_cal_poly,UC Riverside,23,"Aikins, India",False,14,1,3,0.333,0,2,0.0,0,0,,0,1,1,3,1,0,0,0,2
2021-01-29_uc_riverside_cal_poly,UC Riverside,20,"Fries, Samantha",False,10,0,2,0.0,0,1,0.0,1,2,0.5,1,0,1,0,0,0,0,0,1
2021-01-29_uc_riverside_cal_poly,UC Riverside,TM,TEAM,False,0,0,0,,0,0,,0,0,,2,2,4,0,0,0,0,0,0
2021-01-29_cal_st_fullerton_csu_bakersfield,CSU Bakersfield,22,Andie Easley,True,34,6,9,0.667,4,5,0.8,3,3,1.0,0,3,3,1,3,4,0,2,19
2021-01-29_cal_st_fullerton_csu_bakersfield,CSU Bakersfield,10,Jayden Eggleston,True,36,6,16,0.375,0,0,,2,2,1.0,2,6,8,4,0,3,1,1,14
2021-01-29_cal_st_fullerton_csu_bakersfield,CSU Bakersfield,54,Vanessa Austin,True,26,5,6,0.833,0,0,,1,1,1.0,0,0,0,3,1,2,1,1,11
2021-01-29_cal_st_fullerton_csu_bakersfield,CSU Bakersfield,23,Miracle Saxon,True,18,2,6,0.333,1,2,0.5,1,2,0.5,0,2,2,4,0,1,0,3,6
2021-01-29_cal_st_fullerton_csu_bakersfield,CSU Bakersfield,11,Lexus Green,True,24,2,3,0.667,0,0,,1,2,0.5,0,3,3,0,5,2,0,0,5
2021-01-29_cal_st_fullerton_csu_bakersfield,CSU Bakersfield,04,Jasmin Dixon,False,22,0,2,0.0,0,1,0.0,3,4,0.75,0,3,3,2,1,1,0,1,3
2021-01-29_cal_st_fullerton_csu_bakersfield,CSU Bakersfield,12,Sophie Tougas,False,15,1,3,0.333,1,3,0.333,0,0,,1,1,2,1,1,0,0,1,3
2021-01-29_cal_st_fullerton_csu_bakersfield,CSU Bakersfield,24,Sage Bridge,False,11,1,2,0.5,1,1,1.0,0,0,,0,3,3,0,2,0,0,1,3
2021-01-29_cal_st_fullerton_csu_bakersfield,CSU Bakersfield,13,Solmilena Herrera,False,5,1,1,1.0,0,0,,1,2,0.5,0,0,0,0,0,1,0,0,3
2021-01-29_cal_st_fullerton_csu_bakersfield,CSU Bakersfield,05,Makenzie Bond,False,6,0,1,0.0,0,0,,0,0,,0,0,0,2,1,1,0,0,0
2021-01-29_cal_st_fullerton_csu_bakersfield,CSU Bakersfield,02,Aaliyah Seuell,False,3,0,0,,0,0,,0,0,,0,0,0,0,0,2,1,0,0
2021-01-29_cal_st_fullerton_csu_bakersfield,CSU Bakersfield,TM,TEAM,False,0,0,0,,0,0,,0,0,,1,1,2,0,0,0,0,0,0
2021-01-29_cal_st_fullerton_csu_bakersfield,Cal St. Fullerton,00,"Frey, Anniken",True,36,6,10,0.6,4,8,0.5,0,2,0.0,0,3,3,2,4,10,0,0,16
2021-01-29_cal_st_fullerton_csu_bakersfield,Cal St. Fullerton,11,"Krupa, Joy",True,32,2,8,0.25,0,0,,2,2,1.0,2,5,7,4,2,1,1,2,6
2021-01-29_cal_st_fullerton_csu_bakersfield,Cal St. Fullerton,24,"Neff, Kathryn",True,16,2,6,0.333,2,5,0.4,0,0,,1,2,3,3,0,0,0,1,6
2021-01-29_cal_st_fullerton_csu_bakersfield,Cal St. Fullerton,32,"Lewis, Ashlee",True,21,1,4,0.25,0,0,,2,2,1.0,3,5,8,3,0,2,0,1,4
2021-01-29_cal_st_fullerton_csu_bakersfield,Cal St. Fullerton,33,"Stratford, Bella",True,24,0,5,0.0,0,2,0.0,0,0,,0,0,0,1,0,3,0,1,0
2021-01-29_cal_st_fullerton_csu_bakersfield,Cal St. Fullerton,23,"Gill, Carolyn",False,23,5,10,0.5,0,1,0.0,1,4,0.25,5,4,9,4,3,2,1,1,11
2021-01-29_cal_st_fullerton_csu_bakersfield,Cal St. Fullerton,05,"Rodarte, Clarissa",False,10,2,3,0.667,1,1,1.0,2,2,1.0,1,1,2,1,0,2,0,0,7
2021-01-29_cal_st_fullerton_csu_bakersfield,Cal St. Fullerton,04,"Vidmar, Gabi",False,19,0,7,0.0,0,6,0.0,2,2,1.0,0,1,1,0,2,0,0,0,2
2021-01-29_cal_st_fullerton_csu_bakersfield,Cal St. Fullerton,10,"Nieto, Megan",False,17,0,2,0.0,0,0,,2,2,1.0,2,1,3,3,2,2,1,2,2
2021-01-29_cal_st_fullerton_csu_bakersfield,Cal St. Fullerton,15,"Mensah, Janette",False,2,0,0,,0,0,,0,0,,1,1,2,0,0,0,0,0,0
2021-01-29_cal_st_fullerton_csu_bakersfield,Cal St. Fullerton,TM,TEAM,False,0,0,0,,0,0,,0,0,,1,1,2,0,0,0,0,0,0
2021-01-30_uc_santa_barbara_uc_davis,UC Davis,32,Cierra Hall,True,32,5,8,0.625,4,6,0.667,6,6,1.0,0,5,5,1,2,0,0,0,20
2021-01-30_uc_santa_barbara_uc_davis,UC Davis,11,Sage Stobbart,True,32,6,9,0.667,1,1,1.0,0,0,,0,8,8,2,1,2,0,0,13
2021-01-30_uc_santa_barbara_uc_davis,UC Davis,00,Mackenzie Trpcic,True,36,5,8,0.625,1,2,0.5,0,0,,1,4,5,1,9,3,0,1,11
2021-01-30_uc_santa_barbara_uc_davis,UC Davis,23,Kayla Konrad,True,36,5,10,0.5,0,3,0.0,0,0,,0,5,5,0,5,2,0,0,10
2021-01-30_uc_santa_barbara_uc_davis,UC Davis,15,Evanne Turner,True,25,3,9,0.333,1,3,0.333,3,3,1.0,1,3,4,2,1,0,0,0,10
2021-01-30_uc_santa_barbara_uc_davis,UC Davis,10,Lena Svanholm,False,13,2,4,0.5,1,1,1.0,0,0,,0,2,2,0,0,0,1,1,5
2021-01-30_uc_santa_barbara_uc_davis,UC Davis,13,Mazatlan Harris,False,10,1,4,0.25,1,4,0.25,0,0,,0,3,3,0,0,0,0,1,3
2021-01-30_uc_santa_barbara_uc_davis,UC Davis,14,Emma Gibb,False,5,1,2,0.5,0,0,,0,0,,1,0,1,1,0,1,0,0,2
2021-01-30_uc_santa_barbara_uc_davis,UC Davis,41,Bria Shine,False,2,1,1,1.0,0,0,,0,0,,0,0,0,1,0,0,0,0,2
2021-01-30_uc_santa_barbara_uc_davis,UC Davis,42,Kenedy Lilly,False,2,1,1,1.0,0,0,,0,0,,0,0,0,0,0,0,0,0,2
2021-01-30_uc_santa_barbara_uc_davis,UC Davis,04,Allie Carreon,False,5,0,0,,0,0,,0,0,,0,0,0,0,0,0,0,0,0
2021-01-30_uc_santa_barbara_uc_davis,UC Davis,24,Megan Jones,False,2,0,0,,0,0,,0,0,,0,0,0,0,1,0,0,0,0
2021-01-30_uc_santa_barbara_uc_davis,UC Davis,TM,TEAM,False,0,0,0,,0,0,,0,0,,1,0,1,0,0,0,0,0,0
2021-01-30_uc_santa_barbara_uc_davis,UC Santa Barbara,04,"Choice, Anya",True,29,6,10,0.6,4,6,0.667,2,2,1.0,0,1,1,1,1,0,0,0,18
2021-01-30_uc_santa_barbara_uc_davis,UC Santa Barbara,12,"Mole, Taylor",True,37,5,15,0.333,3,7,0.429,1,2,0.5,1,6,7,1,1,2,2,1,14
2021-01-30_uc_santa_barbara_uc_davis,UC Santa Barbara,10,"Jones, Doris",True,38,4,11,0.364,1,3,0.333,3,4,0.75,0,7,7,3,2,3,0,1,12
2021-01-30_uc_santa_barbara_uc_davis,UC Santa Barbara,00,"Miller, Danae",True,34,4,12,0.333,0,2,0.0,0,0,,0,0,0,0,6,2,0,0,8
2021-01-30_uc_santa_barbara_uc_davis,UC Santa Barbara,11,"Lee, Lauren",True,31,2,6,0.333,0,3,0.0,0,0,,3,2,5,2,3,1,0,0,4
2021-01-30_uc_santa_barbara_uc_davis,UC Santa Barbara,24,"Marin, Alyssa",False,6,1,4,0.25,0,3,0.0,1,1,1.0,0,0,0,0,0,0,0,0,3
2021-01-30_uc_santa_barbara_uc_davis,UC Santa Barbara,02,Briana Anugwom,False,23,1,4,0.25,0,0,,0,0,,5,5,10,3,2,0,0,0,2
2021-01-30_uc_santa_barbara_uc_davis,UC Santa Barbara,21,"Shulman, Mira",False,2,0,1,0.0,0,1,0.0,0,0,,0,0,0,0,0,0,0,0,0
2021-01-30_uc_santa_barbara_uc_davis,UC Santa Barbara,TM,TEAM,False,0,0,0,,0,0,,0,0,,1,1,2,0,0,0,0,0,0
2021-01-30_uc_san_diego_long_beach_st,Long Beach St.,11,"Hardy, Jasmine",True,28,6,8,0.75,2,3,0.667,3,3,1.0,2,2,4,2,3,1,0,2,17
2021-01-30_uc_san_diego_long_beach_st,Long Beach St.,30,"Chung, Patricia",True,37,7,11,0.636,1,3,0.333,0,0,,1,2,3,1,2,3,0,1,15
2021-01-30_uc_san_diego_long_beach_st,Long Beach St.,10,"King, Justina",True,36,4,16,0.25,1,4,0.25,1,3,0.333,2,0,2,1,3,3,1,1,10
2021-01-30_uc_san_diego_long_beach_st,Long Beach St.,20,"Joseph, Myrrah",True,15,3,3,1.0,0,0,,4,5,0.8,0,3,3,3,0,3,0,1,10
2021-01-30_uc_san_diego_long_beach_st,Long Beach St.,25,"Hamilton-Fisher, Kianna",True,23,0,3,0.0,0,1,0.0,2,2,1.0,1,4,5,1,2,0,0,2,2
2021-01-30_uc_san_diego_long_beach_st,Long Beach St.,12,"Jeskeova, Kristyna",False,33,3,6,0.5,3,5,0.6,3,4,0.75,3,13,16,3,0,0,2,3,12
2021-01-30_uc_san_diego_long_beach_st,Long Beach St.,02,"Tucker, Savannah",False,27,3,9,0.333,0,2,0.0,2,6,0.333,2,2,4,1,0,1,1,1,8
2021-01-30_uc_san_diego_long_beach_st,Long Beach St.,01,"Lacy, Imani",False,1,0,1,0.0,0,0,,0,0,,0,0,0,0,0,0,0,0,0
2021-01-30_uc_san_diego_long_beach_st,Long Beach St.,TM,TEAM,False,0,0,0,,0,0,,0,0,,2,2,4,0,0,2,0,0,0
2021-01-30_uc_san_diego_long_beach_st,UC San Diego,02,"Turner, Tyla",True,35,5,8,0.625,5,7,0.714,1,2,0.5,2,2,4,3,8,6,0,3,16
2021-01-30_uc_san_diego_long_beach_st,UC San Diego,13,"Brown, Sydney",True,28,4,13,0.308,0,4,0.0,1,2,0.5,5,3,8,3,1,3,0,1,9
2021-01-30_uc_san_diego_long_beach_st,UC San Diego,12,"Baxter, Madison",True,21,2,10,0.2,2,9,0.222,0,0,,0,2,2,2,1,2,0,1,6
2021-01-30_uc_san_diego_long_beach_st,UC San Diego,04,"Cangelosi, Emily",True,27,2,7,0.286,1,4,0.25,0,0,,1,2,3,2,2,2,0,0,5
2021-01-30_uc_san_diego_long_beach_st,UC San Diego,30,"Ybarra-Harvey, Layla",True,14,1,2,0.5,0,0,,0,0,,0,3,3,1,1,0,0,0,2
2021-01-30_uc_san_diego_long_beach_st,UC San Diego,32,"Montgomery, Parker",False,22,4,9,0.444,2,3,0.667,0,0,,1,1,2,0,2,1,0,2,10
2021-01-30_uc_san_diego_long_beach_st,UC San Diego,15,"Claros, Brianna",False,30,1,5,0.2,1,3,0.333,0,0,,0,1,1,2,2,2,0,0,3
2021-01-30_uc_san_diego_long_beach_st,UC San Diego,11,"Brown, Aishah",False,10,0,2,0.0,0,0,,2,2,1.0,0,2,2,2,0,0,0,0,2
2021-01-30_uc_san_diego_long_beach_st,UC San Diego,25,"Ellenbeck, Kendal",False,8,0,0,,0,0,,0,0,,0,1,1,0,0,0,0,0,0
2021-01-30_uc_san_diego_long_beach_st,UC San Diego,40,"Herrmann, Emerson",False,5,0,2,0.0,0,0,,0,0,,0,2,2,2,0,0,0,0,0
2021-01-30_uc_san_diego_long_beach_st,UC San Diego,TM,TEAM,False,0,0,0,,0,0,,0,0,,2,4,6,0,0,2,0,0,0
2021-01-30_uc_riverside_cal_poly,Cal Poly,52,"Campisano, Sierra",True,36,11,20,0.55,1,2,0.5,0,0,,2,4,6,2,2,3,0,1,23
2021-01-30_uc_riverside_cal_poly,Cal Poly,5,"Holt, Malia",True,32,3,5,0.6,1,2,0.5,0,0,,0,2,2,0,5,2,0,0,7
2021-01-30_uc_riverside_cal_poly,Cal Poly,25,"Brown, Kirsty",True,23,3,4,0.75,0,0,,0,0,,1,4,5,3,2,1,0,0,6
2021-01-30_uc_riverside_cal_poly,Cal Poly,33,"Willett, Maddie",True,19,2,5,0.4,1,1,1.0,0,0,,0,2,2,3,4,1,0,1,5
2021-01-30_uc_riverside_cal_poly,Cal Poly,1,"Ellis, Abbey",True,27,1,5,0.2,0,0,,1,2,0.5,0,3,3,1,5,3,0,2,3
2021-01-30_uc_riverside_cal_poly,Cal Poly,13,"Vick, Maddie",False,15,3,4,0.75,0,1,0.0,1,2,0.5,0,2,2,1,2,2,0,2,7
2021-01-30_uc_riverside_cal_poly,Cal Poly,31,"Silvestri, Gianna",False,5,2,3,0.667,1,2,0.5,0,0,,1,0,1,1,0,0,0,0,5
2021-01-30_uc_riverside_cal_poly,Cal Poly,24,"Stachowski, Zoe",False,8,2,3,0.667,0,0,,0,0,,1,0,1,1,0,0,0,0,4
2021-01-30_uc_riverside_cal_poly,Cal Poly,15,"Hunter, Leslie",False,6,1,3,0.333,0,0,,2,2,1.0,0,0,0,1,1,1,0,0,4
2021-01-30_uc_riverside_cal_poly,Cal Poly,2,"Govan, Chantel",False,9,1,1,1.0,1,1,1.0,0,0,,0,0,0,0,0,0,0,0,3
2021-01-30_uc_riverside_cal_poly,Cal Poly,3,"Svetich, Lily",False,8,0,0,,0,0,,0,0,,0,0,0,1,0,0,0,0,0
2021-01-30_uc_riverside_cal_poly,Cal Poly,35,"Ackerman, Natalia",False,7,0,1,0.0,0,0,,0,0,,2,3,5,2,0,0,0,0,0
2021-01-30_uc_riverside_cal_poly,Cal Poly,23,"Nikolova, Ivana",False,4,0,0,,0,0,,0,0,,0,0,0,1,0,2,0,0,0
2021-01-30_uc_riverside_cal_poly,Cal Poly,20,"Bliss, Grace",False,1,0,0,,0,0,,0,0,,0,0,0,0,0,0,0,0,0
2021-01-30_uc_riverside_cal_poly,Cal Poly,TM,TEAM,False,0,0,0,,0,0,,0,0,,3,1,4,0,0,0,0,0,0
2021-01-30_uc_riverside_cal_poly,UC Riverside,10,"Cooper, Keilanei",True,39,7,17,0.412,2,6,0.333,1,1,1.0,0,1,1,1,1,1,0,1,17
2021-01-30_uc_riverside_cal_poly,UC Riverside,3,"Campbell, Joy",True,30,4,6,0.667,1,2,0.5,1,2,0.5,1,1,2,4,2,1,0,3,10
2021-01-30_uc_riverside_cal_poly,UC Riverside,24,"Gnago, Daphne",True,24,1,4,0.25,0,0,,6,8,0.75,4,4,8,4,2,4,0,2,8
2021-01-30_uc_riverside_cal_poly,UC Riverside,12,"Kyrkjebo, Kari",True,25,1,4,0.25,0,3,0.0,0,0,,1,3,4,0,1,5,1,0,2
2021-01-30_uc_riverside_cal_poly,UC Riverside,5,"Pointer, Lauryn",True,16,0,2,0.0,0,1,0.0,0,0,,0,1,1,1,0,1,0,0,0
2021-01-30_uc_riverside_cal_poly,UC Riverside,13,"Ohiaeri, Georgia",False,26,4,12,0.333,1,2,0.5,2,6,0.333,2,2,4,1,1,3,0,0,11
2021-01-30_uc_riverside_cal_poly,UC Riverside,1,"Kinran, Suzan",False,21,2,4,0.5,1,2,0.5,0,0,,0,1,1,1,0,0,0,0,5
2021-01-30_uc_riverside_cal_poly,UC Riverside,20,"Fries, Samantha",False,10,0,1,0.0,0,0,,0,0,,0,1,1,0,0,0,0,0,0
2021-01-30_uc_riverside_cal_poly,UC Riverside,23,"Aikins, India",False,9,0,0,,0,0,,0,0,,0,0,0,2,0,3,0,0,0
2021-01-30_uc_riverside_cal_poly,UC Riverside,TM,TEAM,False,0,0,0,,0,0,,0,0,,5,1,6,0,0,0,0,0,0
2021-01-30_cal_st_fullerton_csu_bakersfield,CSU Bakersfield,23,Miracle Saxon,True,31,7,13,0.538,0,0,,2,5,0.4,3,5,8,5,1,2,0,1,16
2021-01-30_cal_st_fullerton_csu_bakersfield,CSU Bakersfield,10,Jayden Eggleston,True,30,5,10,0.5,0,0,,5,6,0.833,0,2,2,1,0,3,0,2,15
2021-01-30_cal_st_fullerton_csu_bakersfield,CSU Bakersfield,11,Lexus Green,True,36,2,6,0.333,0,2,0.0,3,3,1.0,0,1,1,1,2,2,0,3,7
2021-01-30_cal_st_fullerton_csu_bakersfield,CSU Bakersfield,22,Andie Easley,True,23,2,7,0.286,1,2,0.5,0,2,0.0,0,1,1,3,2,0,0,0,5
2021-01-30_cal_st_fullerton_csu_bakersfield,CSU Bakersfield,54,Vanessa Austin,True,17,1,4,0.25,0,0,,2,3,0.667,0,2,2,3,0,1,0,0,4
2021-01-30_cal_st_fullerton_csu_bakersfield,CSU Bakersfield,05,Makenzie Bond,False,11,2,4,0.5,0,0,,0,0,,1,1,2,3,0,1,1,1,4
2021-01-30_cal_st_fullerton_csu_bakersfield,CSU Bakersfield,12,Sophie Tougas,False,16,1,4,0.25,1,4,0.25,0,0,,0,1,1,3,1,0,0,0,3
2021-01-30_cal_st_fullerton_csu_bakersfield,CSU Bakersfield,04,Jasmin Dixon,False,25,1,5,0.2,0,1,0.0,0,0,,1,1,2,0,0,1,1,1,2
2021-01-30_cal_st_fullerton_csu_bakersfield,CSU Bakersfield,24,Sage Bridge,False,9,0,0,,0,0,,1,2,0.5,1,2,3,1,2,1,0,0,1
2021-01-30_cal_st_fullerton_csu_bakersfield,CSU Bakersfield,13,Solmilena Herrera,False,2,0,0,,0,0,,0,0,,0,0,0,0,0,0,1,0,0
2021-01-30_cal_st_fullerton_csu_bakersfield,CSU Bakersfield,TM,TEAM,False,0,0,0,,0,0,,0,0,,3,3,6,0,0,1,0,0,0
2021-01-30_cal_st_fullerton_csu_bakersfield,Cal St. Fullerton,11,"Krupa, Joy",True,34,3,8,0.375,0,0,,3,4,0.75,4,4,8,2,5,1,2,1,9
2021-01-30_cal_st_fullerton_csu_bakersfield,Cal St. Fullerton,00,"Frey, Anniken",True,32,3,9,0.333,3,7,0.429,0,0,,0,1,1,1,5,4,0,0,9
2021-01-30_cal_st_fullerton_csu_bakersfield,Cal St. Fullerton,32,"Lewis, Ashlee",True,15,2,5,0.4,0,0,,2,2,1.0,2,2,4,3,0,1,0,0,6
2021-01-30_cal_st_fullerton_csu_bakersfield,Cal St. Fullerton,24,"Neff, Kathryn",True,11,1,2,0.5,1,1,1.0,0,0,,0,1,1,1,0,0,0,0,3
2021-01-30_cal_st_fullerton_csu_bakersfield,Cal St. Fullerton,33,"Stratford, Bella",True,15,0,1,0.0,0,0,,1,2,0.5,0,1,1,3,0,4,0,0,1
2021-01-30_cal_st_fullerton_csu_bakersfield,Cal St. Fullerton,04,"Vidmar, Gabi",False,32,6,10,0.6,4,7,0.571,4,4,1.0,0,7,7,0,2,1,2,1,20
2021-01-30_cal_st_fullerton_csu_bakersfield,Cal St. Fullerton,23,"Gill, Carolyn",False,27,2,6,0.333,1,1,1.0,0,0,,1,2,3,3,2,5,0,0,5
2021-01-30_cal_st_fullerton_csu_bakersfield,Cal St. Fullerton,10,"Nieto, Megan",False,18,1,4,0.25,0,1,0.0,0,2,0.0,2,1,3,1,1,0,0,1,2
2021-01-30_cal_st_fullerton_csu_bakersfield,Cal St. Fullerton,05,"Rodarte, Clarissa",False,15,0,2,0.0,0,1,0.0,1,2,0.5,0,1,1,5,0,1,0,0,1
2021-01-30_cal_st_fullerton_csu_bakersfield,Cal St. Fullerton,15,"Mensah, Janette",False,1,0,0,,0,0,,0,0,,0,0,0,1,0,0,0,0,0
2021-01-30_cal_st_fullerton_csu_bakersfield,Cal St. Fullerton,TM,TEAM,False,0,0,0,,0,0,,0,0,,2,3,5,0,0,3,0,0,0
2021-02-05_cal_poly_hawaii,Hawaii,15,"Alexander, Jadynn",True,42,4,15,0.267,4,12,0.333,4,4,1.0,0,2,2,2,2,2,0,0,16
2021-02-05_cal_poly_hawaii,Hawaii,11,"Davies, Olivia",True,33,4,10,0.4,3,8,0.375,1,4,0.25,1,3,4,3,4,3,0,0,12
2021-02-05_cal_poly_hawaii,Hawaii,25,"Atwell, Amy",True,33,3,8,0.375,3,6,0.5,0,0,,1,5,6,3,0,1,1,1,9
2021-02-05_cal_poly_hawaii,Hawaii,21,"Neubert, Kasey",True,27,4,8,0.5,0,2,0.0,0,0,,1,4,5,4,0,2,0,0,8
2021-02-05_cal_poly_hawaii,Hawaii,1,"Imai, Kelsie",True,22,1,2,0.5,0,1,0.0,0,0,,1,0,1,1,8,3,0,0,2
2021-02-05_cal_poly_hawaii,Hawaii,23,"McBee, Meilani",False,24,6,12,0.5,5,11,0.455,2,2,1.0,0,0,0,1,1,0,0,1,19
2021-02-05_cal_poly_hawaii,Hawaii,10,"Viena, Dakota",False,10,1,1,1.0,0,0,,0,0,,2,0,2,0,0,0,0,0,2
2021-02-05_cal_poly_hawaii,Hawaii,44,"Rangel, Barbara",False,9,1,2,0.5,0,0,,0,0,,1,1,2,0,0,1,1,0,2
2021-02-05_cal_poly_hawaii,Hawaii,00,"Phillips, Daejah",False,25,0,4,0.0,0,2,0.0,1,2,0.5,4,3,7,1,4,3,0,2,1
2021-02-05_cal_poly_hawaii,Hawaii,TM,TEAM,False,0,0,0,,0,0,,0,0,,1,4,5,0,0,0,0,0,0
2021-02-05_cal_poly_hawaii,Cal Poly,1,"Ellis, Abbey",True,42,10,22,0.455,2,6,0.333,5,8,0.625,1,3,4,2,3,1,0,4,27
2021-02-05_cal_poly_hawaii,Cal Poly,52,"Campisano, Sierra",True,31,11,17,0.647,0,1,0.0,0,0,,1,8,9,3,0,2,0,1,22
2021-02-05_cal_poly_hawaii,Cal Poly,33,"Willett, Maddie",True,38,6,9,0.667,2,4,0.5,2,2,1.0,2,2,4,2,1,2,0,1,16
2021-02-05_cal_poly_hawaii,Cal Poly,5,"Holt, Malia",True,30,2,5,0.4,0,2,0.0,0,0,,1,4,5,2,4,0,0,2,4
2021-02-05_cal_poly_hawaii,Cal Poly,25,"Brown, Kirsty",True,32,0,8,0.0,0,0,,1,2,0.5,4,5,9,4,2,2,1,1,1
2021-02-05_cal_poly_hawaii,Cal Poly,31,"Silvestri, Gianna",False,5,2,2,1.0,2,2,1.0,0,0,,0,0,0,0,0,0,0,0,6
2021-02-05_cal_poly_hawaii,Cal Poly,2,"Govan, Chantel",False,17,1,2,0.5,1,1,1.0,0,0,,0,2,2,1,0,0,0,0,3
2021-02-05_cal_poly_hawaii,Cal Poly,13,"Vick, Maddie",False,15,0,2,0.0,0,1,0.0,0,0,,1,1,2,0,0,2,0,0,0
2021-02-05_cal_poly_hawaii,Cal Poly,35,"Ackerman, Natalia",False,6,0,0,,0,0,,0,0,,0,0,0,0,0,0,0,0,0
2021-02-05_cal_poly_hawaii,Cal Poly,3,"Svetich, Lily",False,3,0,0,,0,0,,0,0,,1,0,1,0,0,0,0,0,0
2021-02-05_cal_poly_hawaii,Cal Poly,22,"Peterson, Hannah",False,3,0,0,,0,0,,0,0,,0,0,0,0,0,2,0,0,0
2021-02-05_cal_poly_hawaii,Cal Poly,24,"Stachowski, Zoe",False,2,0,2,0.0,0,0,,0,0,,1,0,1,1,0,1,0,0,0
2021-02-05_cal_poly_hawaii,Cal Poly,15,"Hunter, Leslie",False,1,0,0,,0,0,,0,0,,0,0,0,0,0,1,0,0,0
2021-02-05_cal_poly_hawaii,Cal Poly,TM,TEAM,False,0,0,0,,0,0,,0,0,,5,3,8,0,0,0,0,0,0
2021-02-05_csu_bakersfield_uc_irvine,UC Irvine,4,"Williams, Kayla",True,36,5,8,0.625,3,4,0.75,11,11,1.0,0,3,3,4,2,6,0,4,24
2021-02-05_csu_bakersfield_uc_irvine,UC Irvine,35,"Locandro, Sophia",True,21,3,6,0.5,0,0,,3,4,0.75,0,1,1,4,0,1,0,0,9
2021-02-05_csu_bakersfield_uc_irvine,UC Irvine,2,"Webb, Chloe",True,22,2,8,0.25,0,1,0.0,1,4,0.25,0,4,4,3,2,1,0,3,5
2021-02-05_csu_bakersfield_uc_irvine,UC Irvine,15,"Seaton, Alexus",True,14,1,5,0.2,1,1,1.0,1,2,0.5,0,1,1,1,1,3,0,0,4
2021-02-05_csu_bakersfield_uc_irvine,UC Irvine,20,"Guglielmo, Dani",True,27,1,6,0.167,1,5,0.2,0,0,,0,1,1,0,1,1,0,0,3
2021-02-05_csu_bakersfield_uc_irvine,UC Irvine,21,"Talbert, Haleigh",False,32,5,10,0.5,3,7,0.429,3,3,1.0,1,3,4,4,1,1,0,1,16
2021-02-05_csu_bakersfield_uc_irvine,UC Irvine,11,"Garza, Tahlia",False,22,1,2,0.5,0,0,,0,2,0.0,0,3,3,1,2,1,2,1,2
2021-02-05_csu_bakersfield_uc_irvine,UC Irvine,23,"Baker, Victoria",False,8,1,2,0.5,0,1,0.0,0,0,,0,1,1,0,1,2,0,0,2
2021-02-05_csu_bakersfield_uc_irvine,UC Irvine,10,"Cadee, Jayde",False,15,0,4,0.0,0,4,0.0,0,0,,0,2,2,2,0,0,0,1,0
2021-02-05_csu_bakersfield_uc_irvine,UC Irvine,33,"Kaupu, Caiyle",False,2,0,1,0.0,0,0,,0,0,,0,0,0,0,0,0,0,0,0
2021-02-05_csu_bakersfield_uc_irvine,UC Irvine,24,"Kapinga, Melodie",False,1,0,0,,0,0,,0,0,,0,0,0,1,0,1,0,0,0
2021-02-05_csu_bakersfield_uc_irvine,UC Irvine,TM,TEAM,False,0,0,0,,0,0,,0,0,,3,1,4,0,0,0,0,0,0
2021-02-05_csu_bakersfield_uc_irvine,CSU Bakersfield,10,"Eggleston, Jayden",True,23,5,5,1.0,0,0,,5,5,1.0,0,3,3,4,1,4,0,1,15
2021-02-05_csu_bakersfield_uc_irvine,CSU Bakersfield,11,"Green, Lexus",True,36,5,10,0.5,2,5,0.4,2,2,1.0,1,5,6,3,5,5,0,2,14
2021-02-05_csu_bakersfield_uc_irvine,CSU Bakersfield,4,"Dixon, Jasmin",True,36,4,8,0.5,4,8,0.5,0,0,,0,1,1,3,2,3,0,2,12
2021-02-05_csu_bakersfield_uc_irvine,CSU Bakersfield,22,"Easley, Andie",True,34,2,7,0.286,0,5,0.0,5,6,0.833,2,5,7,2,3,2,0,0,9
2021-02-05_csu_bakersfield_uc_irvine,CSU Bakersfield,23,"Saxon, Miracle",True,25,4,7,0.571,0,0,,0,0,,1,7,8,4,1,5,2,2,8
2021-02-05_csu_bakersfield_uc_irvine,CSU Bakersfield,5,"Bond, Makenzie",False,11,2,4,0.5,0,0,,3,5,0.6,1,5,6,2,0,0,0,0,7
2021-02-05_csu_bakersfield_uc_irvine,CSU Bakersfield,54,"Austin, Vanessa",False,19,2,5,0.4,0,0,,2,4,0.5,3,1,4,1,3,2,0,0,6
2021-02-05_csu_bakersfield_uc_irvine,CSU Bakersfield,24,"Bridge, Sage",False,9,0,6,0.0,0,3,0.0,2,2,1.0,1,1,2,2,1,1,0,1,2
2021-02-05_csu_bakersfield_uc_irvine,CSU Bakersfield,12,"Tougas, Sophie",False,6,0,0,,0,0,,0,0,,1,1,2,0,0,0,1,1,0
2021-02-05_csu_bakersfield_uc_irvine,CSU Bakersfield,2,"Seuell, Aaliyah",False,1,0,1,0.0,0,1,0.0,0,0,,0,0,0,0,0,0,0,0,0
2021-02-05_csu_bakersfield_uc_irvine,CSU Bakersfield,TM,TEAM,False,0,0,0,,0,0,,0,0,,0,2,2,0,0,1,0,0,0
2021-02-05_long_beach_st_uc_santa_barbara,UC Santa Barbara,12,"Mole, Taylor",True,40,4,10,0.4,1,5,0.2,5,6,0.833,2,12,14,0,2,1,1,2,14
2021-02-05_long_beach_st_uc_santa_barbara,UC Santa Barbara,00,"Miller, Danae",True,40,3,10,0.3,1,6,0.167,0,0,,2,4,6,1,2,2,0,3,7
2021-02-05_long_beach_st_uc_santa_barbara,UC Santa Barbara,11,"Lee, Lauren",True,31,2,6,0.333,1,1,1.0,0,0,,1,3,4,4,3,4,0,0,5
2021-02-05_long_beach_st_uc_santa_barbara,UC Santa Barbara,4,"Choice, Anya",True,13,1,3,0.333,0,2,0.0,0,0,,0,0,0,2,0,1,0,0,2
2021-02-05_long_beach_st_uc_santa_barbara,UC Santa Barbara,2,"Anugwom, Briana",True,10,0,2,0.0,0,1,0.0,0,0,,0,0,0,2,0,1,0,0,0
2021-02-05_long_beach_st_uc_santa_barbara,UC Santa Barbara,24,"Marin, Alyssa",False,31,4,13,0.308,3,7,0.429,0,0,,0,1,1,2,0,1,0,0,11
2021-02-05_long_beach_st_uc_santa_barbara,UC Santa Barbara,10,"Jones, Doris",False,32,2,9,0.222,1,4,0.25,5,6,0.833,4,2,6,5,3,5,1,0,10
2021-02-05_long_beach_st_uc_santa_barbara,UC Santa Barbara,30,"Anderson, Megan",False,2,0,0,,0,0,,0,0,,0,0,0,1,0,0,0,0,0
2021-02-05_long_beach_st_uc_santa_barbara,UC Santa Barbara,21,"Shulman, Mira",False,1,0,0,,0,0,,0,0,,0,0,0,1,0,0,0,0,0
2021-02-05_long_beach_st_uc_santa_barbara,UC Santa Barbara,TM,TEAM,False,0,0,0,,0,0,,0,0,,0,2,2,0,0,1,0,0,0
2021-02-05_long_beach_st_uc_santa_barbara,Long Beach St.,11,"Hardy, Jasmine",True,37,5,10,0.5,0,2,0.0,9,10,0.9,4,10,14,2,0,1,1,3,19
2021-02-05_long_beach_st_uc_santa_barbara,Long Beach St.,10,"King, Justina",True,38,5,16,0.312,0,3,0.0,1,2,0.5,0,2,2,2,6,2,1,2,11
2021-02-05_long_beach_st_uc_santa_barbara,Long Beach St.,25,"Hamilton-fisher, Kianna",True,33,2,5,0.4,2,4,0.5,2,2,1.0,0,3,3,2,0,2,0,0,8
2021-02-05_long_beach_st_uc_santa_barbara,Long Beach St.,00,"Berry, Ma'qhi",True,22,2,5,0.4,0,2,0.0,3,5,0.6,1,0,1,0,1,1,0,1,7
2021-02-05_long_beach_st_uc_santa_barbara,Long Beach St.,20,"Joseph, Myrrah",True,16,2,10,0.2,0,0,,0,0,,3,2,5,4,0,2,0,0,4
2021-02-05_long_beach_st_uc_santa_barbara,Long Beach St.,30,"Chung, Patricia",False,25,3,8,0.375,0,2,0.0,0,0,,2,4,6,1,0,0,0,0,6
2021-02-05_long_beach_st_uc_santa_barbara,Long Beach St.,12,"Jeskeova, Kristyna",False,20,2,3,0.667,0,1,0.0,0,0,,2,3,5,4,2,2,0,3,4
2021-02-05_long_beach_st_uc_santa_barbara,Long Beach St.,2,"Tucker, Savannah",False,9,0,4,0.0,0,2,0.0,2,4,0.5,1,3,4,0,0,0,0,0,2
2021-02-05_long_beach_st_uc_santa_barbara,Long Beach St.,TM,TEAM,False,0,0,0,,0,0,,0,0,,4,2,6,0,0,1,0,0,0
2021-02-05_uc_riverside_cal_st_fullerton,Cal St. Fullerton,23,"Gill, Carolyn",True,35,6,10,0.6,0,1,0.0,2,4,0.5,3,3,6,2,2,4,1,3,14
2021-02-05_uc_riverside_cal_st_fullerton,Cal St. Fullerton,24,"Neff, Kathryn",True,24,3,8,0.375,0,3,0.0,0,0,,0,1,1,3,0,0,0,0,6
2021-02-05_uc_riverside_cal_st_fullerton,Cal St. Fullerton,10,"Nieto, Megan",True,15,2,7,0.286,0,0,,0,0,,0,2,2,3,1,0,0,1,4
2021-02-05_uc_riverside_cal_st_fullerton,Cal St. Fullerton,11,"Krupa, Joy",True,28,1,9,0.111,0,0,,1,2,0.5,2,8,10,1,3,4,0,3,3
2021-02-05_uc_riverside_cal_st_fullerton,Cal St. Fullerton,00,"Frey, Anniken",True,36,0,4,0.0,0,2,0.0,0,0,,1,2,3,1,2,2,0,0,0
2021-02-05_uc_riverside_cal_st_fullerton,Cal St. Fullerton,4,"Vidmar, Gabi",False,29,4,11,0.364,2,8,0.25,2,2,1.0,1,2,3,1,1,3,0,2,12
2021-02-05_uc_riverside_cal_st_fullerton,Cal St. Fullerton,22,"Freemon, Madison",False,11,2,7,0.286,0,0,,0,0,,0,1,1,1,0,0,1,1,4
2021-02-05_uc_riverside_cal_st_fullerton,Cal St. Fullerton,5,"Rodarte, Clarissa",False,14,0,2,0.0,0,0,,0,0,,0,0,0,2,0,0,0,0,0
2021-02-05_uc_riverside_cal_st_fullerton,Cal St. Fullerton,15,"Mensah, Janette",False,4,0,0,,0,0,,0,0,,0,1,1,1,0,1,0,0,0
2021-02-05_uc_riverside_cal_st_fullerton,Cal St. Fullerton,33,"Stratford, Bella",False,4,0,0,,0,0,,0,0,,0,0,0,1,1,1,1,0,0
2021-02-05_uc_riverside_cal_st_fullerton,Cal St. Fullerton,TM,TEAM,False,0,0,0,,0,0,,0,0,,2,3,5,0,0,0,0,0,0
2021-02-05_uc_riverside_cal_st_fullerton,UC Riverside,1,"Kinran, Suzan",True,25,3,6,0.5,1,4,0.25,0,0,,0,5,5,0,1,1,1,1,7
2021-02-05_uc_riverside_cal_st_fullerton,UC Riverside,3,"Campbell, Joy",True,33,2,4,0.5,0,0,,2,2,1.0,0,7,7,3,6,7,0,2,6
2021-02-05_uc_riverside_cal_st_fullerton,UC Riverside,5,"Pointer, Lauryn",True,30,2,4,0.5,0,1,0.0,0,0,,0,2,2,2,2,2,0,0,4
2021-02-05_uc_riverside_cal_st_fullerton,UC Riverside,23,"Aikins, India",True,20,1,5,0.2,1,2,0.5,0,0,,0,5,5,2,2,4,0,0,3
2021-02-05_uc_riverside_cal_st_fullerton,UC Riverside,12,"Kyrkjebo, Kari",True,17,1,2,0.5,0,0,,0,0,,0,0,0,4,0,2,0,3,2
2021-02-05_uc_riverside_cal_st_fullerton,UC Riverside,10,"Cooper, Keilanei",False,24,8,15,0.533,3,5,0.6,0,0,,0,3,3,1,0,0,0,1,19
2021-02-05_uc_riverside_cal_st_fullerton,UC Riverside,32,"Brady, Bryanna",False,19,2,4,0.5,0,0,,3,4,0.75,3,3,6,3,0,0,1,0,7
2021-02-05_uc_riverside_cal_st_fullerton,UC Riverside,13,"Ohiaeri, Georgia",False,19,0,5,0.0,0,1,0.0,4,4,1.0,1,2,3,1,0,0,0,2,4
2021-02-05_uc_riverside_cal_st_fullerton,UC Riverside,4,"Holland, Jada",False,7,1,1,1.0,0,0,,1,2,0.5,0,0,0,1,1,2,0,0,3
2021-02-05_uc_riverside_cal_st_fullerton,UC Riverside,20,"Fries, Samantha",False,4,0,0,,0,0,,0,0,,0,0,0,0,0,0,0,0,0
2021-02-05_uc_riverside_cal_st_fullerton,UC Riverside,21,"Kasapi, Andriana",False,2,0,0,,0,0,,0,0,,0,0,0,0,0,0,0,0,0
2021-02-05_uc_riverside_cal_st_fullerton,UC Riverside,TM,TEAM,False,0,0,0,,0,0,,0,0,,0,5,5,0,0,0,0,0,0
2021-02-06_oregon_uc_davis,UC Davis,15,"Turner, Evanne",True,32,7,16,0.438,5,10,0.5,0,0,,2,3,5,4,0,2,0,0,19
2021-02-06_oregon_uc_davis,UC Davis,11,"Stobbart, Sage",True,33,5,12,0.417,1,5,0.2,0,0,,1,5,6,0,0,1,1,0,11
2021-02-06_oregon_uc_davis,UC Davis,23,"Konrad, Kayla",True,40,4,11,0.364,2,4,0.5,0,0,,1,6,7,3,3,1,0,2,10
2021-02-06_oregon_uc_davis,UC Davis,32,"Hall, Cierra",True,24,2,5,0.4,1,3,0.333,2,2,1.0,1,4,5,3,2,4,0,1,7
2021-02-06_oregon_uc_davis,UC Davis,00,"Trpcic, Mackenzie",True,38,2,8,0.25,1,4,0.25,1,2,0.5,1,7,8,3,13,2,0,2,6
2021-02-06_oregon_uc_davis,UC Davis,10,"Svanholm, Lena",False,15,1,3,0.333,0,1,0.0,0,0,,0,2,2,2,0,0,0,0,2
2021-02-06_oregon_uc_davis,UC Davis,14,"Gibb, Emma",False,6,1,1,1.0,0,0,,0,0,,1,0,1,1,0,1,0,1,2
2021-02-06_oregon_uc_davis,UC Davis,13,"Harris, Mazatlan",False,8,0,2,0.0,0,2,0.0,0,0,,0,0,0,0,0,0,0,0,0
2021-02-06_oregon_uc_davis,UC Davis,04,"Carreon, Allie",False,2,0,0,,0,0,,0,0,,0,0,0,0,0,0,0,0,0
2021-02-06_oregon_uc_davis,UC Davis,41,"Shine, Bria",False,2,0,0,,0,0,,0,0,,0,1,1,0,0,0,0,0,0
2021-02-06_oregon_uc_davis,UC Davis,TM,TEAM,False,0,0,0,,0,0,,0,0,,1,1,2,0,0,2,0,0,0
2021-02-06_oregon_uc_davis,Oregon,21,"Boley, Erin",True,35,7,13,0.538,2,5,0.4,1,1,1.0,3,5,8,1,1,1,1,1,17
2021-02-06_oregon_uc_davis,Oregon,01,"Sabally, Nyara",True,22,6,12,0.5,2,2,1.0,1,2,0.5,1,5,6,1,2,2,2,2,15
2021-02-06_oregon_uc_davis,Oregon,32,"Prince, Sedona",True,13,5,6,0.833,0,0,,2,2,1.0,0,3,3,2,1,1,1,1,12
2021-02-06_oregon_uc_davis,Oregon,12,"Paopao, Te-Hina",True,28,1,6,0.167,0,2,0.0,1,2,0.5,0,3,3,1,2,2,0,3,3
2021-02-06_oregon_uc_davis,Oregon,04,"Shelley, Jaz",True,23,1,4,0.25,0,1,0.0,0,0,,0,1,1,0,3,1,0,0,2
2021-02-06_oregon_uc_davis,Oregon,33,"Parrish, Sydney",False,22,2,8,0.25,0,2,0.0,3,4,0.75,1,3,4,2,0,0,0,1,7
2021-02-06_oregon_uc_davis,Oregon,11,"Mikesell, Taylor",False,23,2,10,0.2,1,5,0.2,0,0,,0,5,5,0,2,1,0,0,5
2021-02-06_oregon_uc_davis,Oregon,22,"Watson, Kylee",False,10,1,1,1.0,0,0,,0,0,,0,0,0,0,0,0,0,0,2
2021-02-06_oregon_uc_davis,Oregon,14,"Giomi, Lydia",False,13,0,1,0.0,0,0,,0,2,0.0,4,2,6,1,0,0,0,0,0
2021-02-06_oregon_uc_davis,Oregon,25,"Dugalic, Angela",False,11,0,1,0.0,0,1,0.0,0,0,,0,1,1,1,0,0,1,0,0
2021-02-06_oregon_uc_davis,Oregon,TM,TEAM,False,0,0,0,,0,0,,0,0,,1,1,2,0,0,0,0,0,0
2021-02-06_cal_poly_hawaii,Hawaii,15,"Alexander, Jadynn",True,39,4,9,0.444,4,6,0.667,4,4,1.0,1,1,2,1,2,0,0,1,16
2021-02-06_cal_poly_hawaii,Hawaii,25,"Atwell, Amy",True,35,5,14,0.357,3,12,0.25,1,1,1.0,0,3,3,2,0,1,0,1,14
2021-02-06_cal_poly_hawaii,Hawaii,21,"Neubert, Kasey",True,31,3,5,0.6,0,1,0.0,0,0,,1,7,8,1,2,0,0,1,6
2021-02-06_cal_poly_hawaii,Hawaii,1,"Imai, Kelsie",True,26,2,6,0.333,0,1,0.0,2,4,0.5,0,3,3,2,7,3,0,3,6
2021-02-06_cal_poly_hawaii,Hawaii,11,"Davies, Olivia",True,26,2,5,0.4,0,2,0.0,1,2,0.5,0,4,4,3,0,4,2,0,5
2021-02-06_cal_poly_hawaii,Hawaii,00,"Phillips, Daejah",False,26,4,6,0.667,1,2,0.5,6,7,0.857,1,3,4,1,2,5,1,1,15
2021-02-06_cal_poly_hawaii,Hawaii,23,"McBee, Meilani",False,12,1,4,0.25,1,4,0.25,0,0,,0,0,0,1,0,0,0,0,3
2021-02-06_cal_poly_hawaii,Hawaii,10,"Viena, Dakota",False,3,0,0,,0,0,,1,2,0.5,0,1,1,0,0,0,0,0,1
2021-02-06_cal_poly_hawaii,Hawaii,44,"Rangel, Barbara",False,2,0,0,,0,0,,0,0,,1,1,2,0,0,0,0,0,0
2021-02-06_cal_poly_hawaii,Hawaii,TM,TEAM,False,0,0,0,,0,0,,0,0,,0,6,6,0,0,1,0,0,0
2021-02-06_cal_poly_hawaii,Cal Poly,1,"Ellis, Abbey",True,38,10,24,0.417,1,6,0.167,3,3,1.0,0,1,1,1,1,3,0,3,24
2021-02-06_cal_poly_hawaii,Cal Poly,52,"Campisano, Sierra",True,30,5,14,0.357,0,2,0.0,0,0,,1,3,4,3,1,1,1,0,10
2021-02-06_cal_poly_hawaii,Cal Poly,33,"Willett, Maddie",True,38,4,10,0.4,1,3,0.333,0,0,,1,4,5,4,3,3,0,2,9
2021-02-06_cal_poly_hawaii,Cal Poly,5,"Holt, Malia",True,23,1,2,0.5,0,1,0.0,0,0,,1,4,5,2,0,1,0,0,2
2021-02-06_cal_poly_hawaii,Cal Poly,25,"Brown, Kirsty",True,17,1,5,0.2,0,0,,0,0,,2,4,6,3,0,1,0,0,2
2021-02-06_cal_poly_hawaii,Cal Poly,13,"Vick, Maddie",False,21,3,5,0.6,1,1,1.0,0,0,,2,3,5,2,1,1,0,1,7
2021-02-06_cal_poly_hawaii,Cal Poly,24,"Stachowski, Zoe",False,8,2,2,1.0,0,0,,0,0,,2,2,4,0,0,0,0,0,4
2021-02-06_cal_poly_hawaii,Cal Poly,15,"Hunter, Leslie",False,2,1,1,1.0,0,0,,0,0,,0,0,0,0,1,0,0,0,2
2021-02-06_cal_poly_hawaii,Cal Poly,2,"Govan, Chantel",False,14,0,3,0.0,0,2,0.0,0,0,,1,1,2,2,0,1,0,1,0
2021-02-06_cal_poly_hawaii,Cal Poly,31,"Silvestri, Gianna",False,4,0,2,0.0,0,2,0.0,0,0,,0,0,0,1,0,0,0,0,0
2021-02-06_cal_poly_hawaii,Cal Poly,3,"Svetich, Lily",False,3,0,0,,0,0,,0,0,,0,0,0,0,0,0,0,0,0
2021-02-06_cal_poly_hawaii,Cal Poly,22,"Peterson, Hannah",False,2,0,0,,0,0,,0,0,,0,1,1,0,0,0,0,0,0
2021-02-06_cal_poly_hawaii,Cal Poly,TM,TEAM,False,0,0,0,,0,0,,0,0,,2,3,5,0,0,2,0,0,0
2021-02-06_csu_bakersfield_uc_irvine,UC Irvine,2,"Webb, Chloe",True,26,4,8,0.5,1,1,1.0,4,6,0.667,2,5,7,2,2,5,0,1,13
2021-02-06_csu_bakersfield_uc_irvine,UC Irvine,4,"Williams, Kayla",True,37,2,7,0.286,1,3,0.333,7,12,0.583,2,3,5,4,3,5,0,5,12
2021-02-06_csu_bakersfield_uc_irvine,UC Irvine,35,"Locandro, Sophia",True,21,3,8,0.375,0,0,,1,4,0.25,1,3,4,1,1,1,1,0,7
2021-02-06_csu_bakersfield_uc_irvine,UC Irvine,15,"Seaton, Alexus",True,29,1,4,0.25,0,1,0.0,2,2,1.0,2,4,6,3,2,0,0,0,4
2021-02-06_csu_bakersfield_uc_irvine,UC Irvine,20,"Guglielmo, Dani",True,11,1,1,1.0,1,1,1.0,0,0,,0,0,0,0,0,1,0,0,3
2021-02-06_csu_bakersfield_uc_irvine,UC Irvine,21,"Talbert, Haleigh",False,30,1,6,0.167,0,2,0.0,8,8,1.0,0,5,5,0,1,2,0,1,10
2021-02-06_csu_bakersfield_uc_irvine,UC Irvine,11,"Garza, Tahlia",False,13,4,5,0.8,0,0,,0,1,0.0,2,1,3,1,0,1,0,1,8
2021-02-06_csu_bakersfield_uc_irvine,UC Irvine,23,"Baker, Victoria",False,9,1,1,1.0,1,1,1.0,0,0,,0,0,0,0,0,0,0,1,3
2021-02-06_csu_bakersfield_uc_irvine,UC Irvine,33,"Kaupu, Caiyle",False,15,0,2,0.0,0,0,,2,2,1.0,1,2,3,2,0,2,1,1,2
2021-02-06_csu_bakersfield_uc_irvine,UC Irvine,24,"Kapinga, Melodie",False,6,0,0,,0,0,,1,2,0.5,0,4,4,2,0,2,0,0,1
2021-02-06_csu_bakersfield_uc_irvine,UC Irvine,10,"Cadee, Jayde",False,3,0,0,,0,0,,0,0,,0,0,0,0,0,0,0,0,0
2021-02-06_csu_bakersfield_uc_irvine,UC Irvine,TM,TEAM,False,0,0,0,,0,0,,0,0,,1,0,1,0,0,0,0,0,0
2021-02-06_csu_bakersfield_uc_irvine,CSU Bakersfield,22,"Easley, Andie",True,35,3,9,0.333,1,6,0.167,2,2,1.0,1,1,2,3,6,2,0,2,9
2021-02-06_csu_bakersfield_uc_irvine,CSU Bakersfield,10,"Eggleston, Jayden",True,30,3,10,0.3,0,1,0.0,2,2,1.0,1,5,6,4,1,6,1,0,8
2021-02-06_csu_bakersfield_uc_irvine,CSU Bakersfield,11,"Green, Lexus",True,25,2,6,0.333,1,2,0.5,0,0,,0,1,1,3,0,5,0,1,5
2021-02-06_csu_bakersfield_uc_irvine,CSU Bakersfield,4,"Dixon, Jasmin",True,27,0,4,0.0,0,2,0.0,0,0,,3,0,3,3,1,1,1,1,0
2021-02-06_csu_bakersfield_uc_irvine,CSU Bakersfield,23,"Saxon, Miracle",True,25,0,7,0.0,0,2,0.0,0,0,,0,6,6,2,0,5,1,3,0
2021-02-06_csu_bakersfield_uc_irvine,CSU Bakersfield,54,"Austin, Vanessa",False,8,3,4,0.75,0,0,,2,5,0.4,0,1,1,4,1,1,0,1,8
2021-02-06_csu_bakersfield_uc_irvine,CSU Bakersfield,12,"Tougas, Sophie",False,17,2,4,0.5,2,2,1.0,0,0,,1,3,4,2,0,1,0,1,6
2021-02-06_csu_bakersfield_uc_irvine,CSU Bakersfield,5,"Bond, Makenzie",False,8,3,5,0.6,0,0,,0,0,,1,1,2,3,0,2,0,1,6
2021-02-06_csu_bakersfield_uc_irvine,CSU Bakersfield,24,"Bridge, Sage",False,15,0,4,0.0,0,1,0.0,0,0,,2,0,2,1,2,1,0,1,0
2021-02-06_csu_bakersfield_uc_irvine,CSU Bakersfield,13,"Herrera, Solmilena",False,9,0,1,0.0,0,0,,0,0,,0,0,0,0,0,0,0,2,0
2021-02-06_csu_bakersfield_uc_irvine,CSU Bakersfield,2,"Seuell, Aaliyah",False,1,0,0,,0,0,,0,0,,0,0,0,0,0,0,0,0,0
2021-02-06_csu_bakersfield_uc_irvine,CSU Bakersfield,TM,TEAM,False,0,0,0,,0,0,,0,0,,4,0,4,0,0,0,0,0,0
2021-02-06_long_beach_st_uc_santa_barbara,UC Santa Barbara,12,"Mole, Taylor",True,38,7,17,0.412,2,6,0.333,4,4,1.0,2,10,12,1,0,4,4,1,20
2021-02-06_long_beach_st_uc_santa_barbara,UC Santa Barbara,4,"Choice, Anya",True,28,4,9,0.444,2,5,0.4,1,1,1.0,0,1,1,2,1,1,0,0,11
2021-02-06_long_beach_st_uc_santa_barbara,UC Santa Barbara,00,"Miller, Danae",True,32,4,11,0.364,2,5,0.4,0,1,0.0,1,2,3,3,0,0,0,1,10
2021-02-06_long_beach_st_uc_santa_barbara,UC Santa Barbara,11,"Lee, Lauren",True,24,2,2,1.0,0,0,,1,2,0.5,3,4,7,3,3,1,0,0,5
2021-02-06_long_beach_st_uc_santa_barbara,UC Santa Barbara,2,"Anugwom, Briana",True,21,2,3,0.667,0,0,,0,0,,0,0,0,2,2,1,0,0,4
2021-02-06_long_beach_st_uc_santa_barbara,UC Santa Barbara,10,"Jones, Doris",False,21,2,6,0.333,0,0,,0,2,0.0,2,2,4,1,1,2,0,0,4
2021-02-06_long_beach_st_uc_santa_barbara,UC Santa Barbara,24,"Marin, Alyssa",False,26,0,8,0.0,0,4,0.0,1,2,0.5,1,1,2,4,6,3,0,0,1
2021-02-06_long_beach_st_uc_santa_barbara,UC Santa Barbara,21,"Shulman, Mira",False,6,0,1,0.0,0,0,,0,0,,1,3,4,0,0,2,0,0,0
2021-02-06_long_beach_st_uc_santa_barbara,UC Santa Barbara,30,"Anderson, Megan",False,4,0,1,0.0,0,1,0.0,0,0,,0,1,1,1,0,1,0,2,0
2021-02-06_long_beach_st_uc_santa_barbara,UC Santa Barbara,TM,TEAM,False,0,0,0,,0,0,,0,0,,1,1,2,0,0,0,0,0,0
2021-02-06_long_beach_st_uc_santa_barbara,Long Beach St.,10,"King, Justina",True,40,7,19,0.368,1,4,0.25,2,3,0.667,1,5,6,1,9,1,0,4,17
2021-02-06_long_beach_st_uc_santa_barbara,Long Beach St.,11,"Hardy, Jasmine",True,33,6,12,0.5,1,2,0.5,2,3,0.667,5,5,10,4,1,2,1,0,15
2021-02-06_long_beach_st_uc_santa_barbara,Long Beach St.,00,"Berry, Ma'qhi",True,24,4,9,0.444,0,3,0.0,3,4,0.75,2,1,3,1,2,1,0,0,11
2021-02-06_long_beach_st_uc_santa_barbara,Long Beach St.,25,"Hamilton-fisher, Kianna",True,31,3,8,0.375,0,3,0.0,0,0,,2,3,5,5,1,1,0,1,6
2021-02-06_long_beach_st_uc_santa_barbara,Long Beach St.,12,"Jeskeova, Kristyna",True,34,2,6,0.333,0,3,0.0,1,1,1.0,3,10,13,3,1,1,2,6,5
2021-02-06_long_beach_st_uc_santa_barbara,Long Beach St.,30,"Chung, Patricia",False,32,6,12,0.5,0,1,0.0,1,2,0.5,0,2,2,1,2,0,0,0,13
2021-02-06_long_beach_st_uc_santa_barbara,Long Beach St.,2,"Tucker, Savannah",False,6,1,2,0.5,1,1,1.0,0,0,,0,0,0,0,0,0,0,0,3
2021-02-06_long_beach_st_uc_santa_barbara,Long Beach St.,TM,TEAM,False,0,0,0,,0,0,,0,0,,0,2,2,0,0,0,0,0,0
2021-02-06_uc_riverside_cal_st_fullerton,Cal St. Fullerton,23,"Gill, Carolyn",True,27,5,8,0.625,0,0,,0,2,0.0,1,4,5,5,0,3,0,0,10
2021-02-06_uc_riverside_cal_st_fullerton,Cal St. Fullerton,00,"Frey, Anniken",True,32,3,5,0.6,1,2,0.5,2,4,0.5,0,1,1,0,7,2,0,0,9
2021-02-06_uc_riverside_cal_st_fullerton,Cal St. Fullerton,11,"Krupa, Joy",True,29,2,10,0.2,0,1,0.0,2,2,1.0,2,7,9,3,5,4,2,2,6
2021-02-06_uc_riverside_cal_st_fullerton,Cal St. Fullerton,24,"Neff, Kathryn",True,25,2,3,0.667,1,2,0.5,0,0,,0,2,2,0,0,0,0,0,5
2021-02-06_uc_riverside_cal_st_fullerton,Cal St. Fullerton,10,"Nieto, Megan",True,7,0,0,,0,0,,0,0,,0,0,0,2,0,2,0,0,0
2021-02-06_uc_riverside_cal_st_fullerton,Cal St. Fullerton,15,"Mensah, Janette",False,15,4,8,0.5,0,0,,0,0,,0,3,3,0,1,1,0,0,8
2021-02-06_uc_riverside_cal_st_fullerton,Cal St. Fullerton,22,"Freemon, Madison",False,19,3,7,0.429,0,0,,0,0,,0,0,0,0,0,1,0,0,6
2021-02-06_uc_riverside_cal_st_fullerton,Cal St. Fullerton,4,"Vidmar, Gabi",False,24,1,3,0.333,1,2,0.5,0,0,,1,0,1,0,1,2,0,1,3
2021-02-06_uc_riverside_cal_st_fullerton,Cal St. Fullerton,33,"Stratford, Bella",False,11,1,4,0.25,0,2,0.0,0,1,0.0,0,2,2,2,1,4,0,1,2
2021-02-06_uc_riverside_cal_st_fullerton,Cal St. Fullerton,5,"Rodarte, Clarissa",False,10,0,1,0.0,0,1,0.0,0,0,,0,0,0,1,0,2,0,0,0
2021-02-06_uc_riverside_cal_st_fullerton,Cal St. Fullerton,1,"Blanco, Pressila",False,1,0,0,,0,0,,0,0,,0,0,0,0,0,1,0,0,0
2021-02-06_uc_riverside_cal_st_fullerton,Cal St. Fullerton,TM,TEAM,False,0,0,0,,0,0,,0,0,,5,1,6,0,0,1,0,0,0
2021-02-06_uc_riverside_cal_st_fullerton,UC Riverside,10,"Cooper, Keilanei",True,22,4,10,0.4,0,1,0.0,3,3,1.0,0,3,3,3,2,0,0,1,11
2021-02-06_uc_riverside_cal_st_fullerton,UC Riverside,1,"Kinran, Suzan",True,23,4,6,0.667,2,3,0.667,0,0,,0,1,1,0,0,2,0,1,10
2021-02-06_uc_riverside_cal_st_fullerton,UC Riverside,3,"Campbell, Joy",True,35,4,7,0.571,0,2,0.0,1,2,0.5,1,2,3,3,1,1,0,4,9
2021-02-06_uc_riverside_cal_st_fullerton,UC Riverside,12,"Kyrkjebo, Kari",True,17,4,5,0.8,0,1,0.0,0,0,,2,4,6,2,1,1,1,2,8
2021-02-06_uc_riverside_cal_st_fullerton,UC Riverside,5,"Pointer, Lauryn",True,29,3,10,0.3,0,0,,0,0,,1,3,4,0,2,3,0,2,6
2021-02-06_uc_riverside_cal_st_fullerton,UC Riverside,13,"Ohiaeri, Georgia",False,29,5,9,0.556,0,0,,4,6,0.667,0,2,2,4,1,1,0,1,14
2021-02-06_uc_riverside_cal_st_fullerton,UC Riverside,32,"Brady, Bryanna",False,22,2,4,0.5,0,0,,2,2,1.0,2,4,6,1,0,3,0,0,6
2021-02-06_uc_riverside_cal_st_fullerton,UC Riverside,23,"Aikins, India",False,18,0,2,0.0,0,1,0.0,0,0,,1,3,4,3,1,1,0,0,0
2021-02-06_uc_riverside_cal_st_fullerton,UC Riverside,20,"Fries, Samantha",False,3,0,0,,0,0,,0,0,,0,0,0,0,1,0,0,0,0
2021-02-06_uc_riverside_cal_st_fullerton,UC Riverside,21,"Kasapi, Andriana",False,2,0,0,,0,0,,0,0,,0,0,0,1,0,1,0,0,0
2021-02-06_uc_riverside_cal_st_fullerton,UC Riverside,TM,TEAM,False,0,0,0,,0,0,,0,0,,1,0,1,0,0,1,0,0,0
2021-02-12_long_beach_st_uc_davis,UC Davis,32,"Hall, Cierra",True,31,5,9,0.556,3,3,1.0,4,4,1.0,2,6,8,3,5,2,0,2,17
2021-02-12_long_beach_st_uc_davis,UC Davis,23,"Konrad, Kayla",True,23,2,6,0.333,1,2,0.5,4,5,0.8,0,2,2,3,1,1,0,2,9
2021-02-12_long_beach_st_uc_davis,UC Davis,15,"Turner, Evanne",True,36,3,10,0.3,2,8,0.25,0,0,,0,5,5,1,4,1,1,0,8
2021-02-12_long_beach_st_uc_davis,UC Davis,11,"Stobbart, Sage",True,27,2,6,0.333,0,0,,1,2,0.5,2,5,7,1,0,2,2,1,5
2021-02-12_long_beach_st_uc_davis,UC Davis,00,"Trpcic, Mackenzie",True,28,1,3,0.333,0,2,0.0,0,0,,0,3,3,3,1,6,0,0,2
2021-02-12_long_beach_st_uc_davis,UC Davis,13,"Harris, Mazatlan",False,14,2,4,0.5,2,4,0.5,1,2,0.5,2,0,2,0,1,1,0,0,7
2021-02-12_long_beach_st_uc_davis,UC Davis,14,"Gibb, Emma",False,8,3,4,0.75,0,0,,1,2,0.5,4,1,5,0,0,2,0,0,7
2021-02-12_long_beach_st_uc_davis,UC Davis,4,"Carreon, Allie",False,21,2,6,0.333,2,6,0.333,0,0,,0,1,1,1,4,2,0,0,6
2021-02-12_long_beach_st_uc_davis,UC Davis,10,"Svanholm, Lena",False,8,1,4,0.25,0,0,,1,1,1.0,0,2,2,2,0,1,0,0,3
2021-02-12_long_beach_st_uc_davis,UC Davis,41,"Shine, Bria",False,2,1,1,1.0,0,0,,1,2,0.5,0,0,0,0,0,0,0,0,3
2021-02-12_long_beach_st_uc_davis,UC Davis,24,"Jones, Megan",False,1,0,0,,0,0,,0,0,,0,0,0,1,0,0,0,0,0
2021-02-12_long_beach_st_uc_davis,UC Davis,42,"Lilly, Kenedy",False,1,0,0,,0,0,,0,0,,0,1,1,0,0,0,0,0,0
2021-02-12_long_beach_st_uc_davis,UC Davis,TM,TEAM,False,0,0,0,,0,0,,0,0,,2,4,6,0,0,1,0,0,0
2021-02-12_long_beach_st_uc_davis,Long Beach St.,00,"Berry, Ma'qhi",True,30,7,13,0.538,1,2,0.5,3,5,0.6,2,2,4,2,2,2,1,2,18
2021-02-12_long_beach_st_uc_davis,Long Beach St.,25,"Hamilton-fisher, Kianna",True,32,5,11,0.455,2,5,0.4,2,3,0.667,1,3,4,2,0,1,0,2,14
2021-02-12_long_beach_st_uc_davis,Long Beach St.,11,"Hardy, Jasmine",True,29,2,7,0.286,0,1,0.0,3,4,0.75,6,5,11,5,0,1,1,1,7
2021-02-12_long_beach_st_uc_davis,Long Beach St.,10,"King, Justina",True,39,1,10,0.1,0,3,0.0,0,0,,0,2,2,4,3,5,0,3,2
2021-02-12_long_beach_st_uc_davis,Long Beach St.,12,"Jeskeova, Kristyna",True,26,1,7,0.143,0,4,0.0,0,0,,5,4,9,1,1,2,1,1,2
2021-02-12_long_beach_st_uc_davis,Long Beach St.,42,"Hunt, Naomi",False,22,3,10,0.3,0,5,0.0,1,2,0.5,0,3,3,3,1,3,0,2,7
2021-02-12_long_beach_st_uc_davis,Long Beach St.,30,"Chung, Patricia",False,18,0,5,0.0,0,2,0.0,2,2,1.0,1,0,1,0,0,0,0,3,2
2021-02-12_long_beach_st_uc_davis,Long Beach St.,2,"Tucker, Savannah",False,4,0,0,,0,0,,0,0,,0,1,1,2,0,1,0,0,0
2021-02-12_long_beach_st_uc_davis,Long Beach St.,TM,TEAM,False,0,0,0,,0,0,,0,0,,2,0,2,0,0,0,0,0,0
2021-02-12_uc_santa_barbara_hawaii,Hawaii,21,Kasey Neubert,True,36,9,17,0.529,1,1,1.0,0,0,,4,11,15,2,1,3,0,0,19
2021-02-12_uc_santa_barbara_hawaii,Hawaii,15,Jadynn Alexander,True,37,2,4,0.5,0,1,0.0,5,7,0.714,2,3,5,1,1,2,0,2,9
2021-02-12_uc_santa_barbara_hawaii,Hawaii,11,Olivia Davies,True,29,2,7,0.286,2,2,1.0,2,2,1.0,1,2,3,1,0,0,0,0,8
2021-02-12_uc_santa_barbara_hawaii,Hawaii,25,Amy Atwell,True,31,3,12,0.25,1,5,0.2,0,2,0.0,1,5,6,2,0,1,0,0,7
2021-02-12_uc_santa_barbara_hawaii,Hawaii,01,Kelsie Imai,True,30,1,5,0.2,0,0,,2,2,1.0,1,5,6,3,10,4,0,0,4
2021-02-12_uc_santa_barbara_hawaii,Hawaii,00,Daejah Phillips,False,22,8,11,0.727,0,0,,3,4,0.75,1,5,6,2,3,2,0,1,19
2021-02-12_uc_santa_barbara_hawaii,Hawaii,10,Dakota  Viena,False,10,1,3,0.333,1,3,0.333,0,0,,0,3,3,1,1,2,0,0,3
2021-02-12_uc_santa_barbara_hawaii,Hawaii,23,Meilani McBee,False,5,1,1,1.0,1,1,1.0,0,0,,1,0,1,0,0,0,0,0,3
2021-02-12_uc_santa_barbara_hawaii,Hawaii,TM,TEAM,False,0,0,0,,0,0,,0,0,,1,1,2,0,0,0,0,0,0
2021-02-12_uc_santa_barbara_hawaii,UC Santa Barbara,12,"Mole, Taylor",True,34,6,14,0.429,1,5,0.2,1,1,1.0,1,9,10,0,2,1,1,0,14
2021-02-12_uc_santa_barbara_hawaii,UC Santa Barbara,10,"Jones, Doris",True,34,4,10,0.4,1,4,0.25,1,2,0.5,2,3,5,4,2,1,0,0,10
2021-02-12_uc_santa_barbara_hawaii,UC Santa Barbara,00,"Miller, Danae",True,28,3,13,0.231,1,8,0.125,1,1,1.0,1,2,3,4,5,1,0,0,8
2021-02-12_uc_santa_barbara_hawaii,UC Santa Barbara,04,"Choice, Anya",True,16,2,9,0.222,0,3,0.0,3,3,1.0,0,2,2,1,1,0,0,0,7
2021-02-12_uc_santa_barbara_hawaii,UC Santa Barbara,11,"Lee, Lauren",True,26,1,4,0.25,0,1,0.0,2,2,1.0,3,2,5,3,1,1,0,3,4
2021-02-12_uc_santa_barbara_hawaii,UC Santa Barbara,30,"Anderson, Megan",False,19,4,6,0.667,2,4,0.5,0,0,,0,2,2,2,1,1,0,0,10
2021-02-12_uc_santa_barbara_hawaii,UC Santa Barbara,24,"Marin, Alyssa",False,24,2,5,0.4,1,3,0.333,2,2,1.0,0,1,1,1,3,1,0,0,7
2021-02-12_uc_santa_barbara_hawaii,UC Santa Barbara,02,Briana Anugwom,False,12,1,4,0.25,0,1,0.0,0,0,,1,0,1,1,0,3,0,1,2
2021-02-12_uc_santa_barbara_hawaii,UC Santa Barbara,21,"Shulman, Mira",False,7,0,0,,0,0,,0,0,,0,0,0,1,0,0,0,0,0
2021-02-12_uc_santa_barbara_hawaii,UC Santa Barbara,TM,TEAM,False,0,0,0,,0,0,,0,0,,0,1,1,0,0,0,0,0,0
2021-02-12_uc_san_diego_csu_bakersfield,CSU Bakersfield,10,"Eggleston, Jayden",True,28,4,12,0.333,0,2,0.0,5,6,0.833,3,8,11,1,3,1,1,1,13
2021-02-12_uc_san_diego_csu_bakersfield,CSU Bakersfield,22,"Easley, Andie",True,23,4,8,0.5,1,2,0.5,0,0,,1,2,3,1,4,2,0,1,9
2021-02-12_uc_san_diego_csu_bakersfield,CSU Bakersfield,04,"Dixon, Jasmin",True,27,3,6,0.5,2,4,0.5,0,0,,0,1,1,1,3,1,0,2,8
2021-02-12_uc_san_diego_csu_bakersfield,CSU Bakersfield,23,"Saxon, Miracle",True,24,2,9,0.222,0,1,0.0,2,2,1.0,3,3,6,0,1,2,0,2,6
2021-02-12_uc_san_diego_csu_bakersfield,CSU Bakersfield,11,"Green, Lexus",True,32,1,5,0.2,0,0,,0,0,,1,3,4,1,5,0,0,0,2
2021-02-12_uc_san_diego_csu_bakersfield,CSU Bakersfield,12,"Tougas, Sophie",False,22,5,11,0.455,3,7,0.429,0,0,,0,3,3,1,1,0,1,1,13
2021-02-12_uc_san_diego_csu_bakersfield,CSU Bakersfield,54,"Austin, Vanessa",False,10,2,3,0.667,0,0,,1,2,0.5,2,2,4,3,0,2,0,0,5
2021-02-12_uc_san_diego_csu_bakersfield,CSU Bakersfield,05,"Bond, Makenzie",False,7,2,4,0.5,0,0,,0,0,,0,1,1,1,0,3,0,0,4
2021-02-12_uc_san_diego_csu_bakersfield,CSU Bakersfield,13,"Herrera, Solmilena",False,8,1,4,0.25,0,0,,0,2,0.0,3,2,5,4,0,1,1,0,2
2021-02-12_uc_san_diego_csu_bakersfield,CSU Bakersfield,24,"Bridge, Sage",False,8,0,1,0.0,0,1,0.0,0,0,,0,1,1,1,0,0,0,0,0
2021-02-12_uc_san_diego_csu_bakersfield,CSU Bakersfield,21,"Singleton, Tyonna",False,6,0,1,0.0,0,0,,0,0,,1,0,1,0,0,0,0,0,0
2021-02-12_uc_san_diego_csu_bakersfield,CSU Bakersfield,02,"Seuell, Aaliyah",False,5,0,0,,0,0,,0,0,,0,2,2,1,0,3,0,0,0
2021-02-12_uc_san_diego_csu_bakersfield,CSU Bakersfield,TM,TEAM,False,0,0,0,,0,0,,0,0,,2,3,5,0,0,1,0,0,0
2021-02-12_uc_san_diego_csu_bakersfield,UC San Diego,04,"Cangelosi, Emily",True,30,2,6,0.333,1,4,0.25,0,0,,2,2,4,1,0,1,0,1,5
2021-02-12_uc_san_diego_csu_bakersfield,UC San Diego,13,"Brown, Sydney",True,26,2,10,0.2,0,4,0.0,1,2,0.5,1,8,9,2,0,6,2,0,5
2021-02-12_uc_san_diego_csu_bakersfield,UC San Diego,15,"Claros, Brianna",True,25,2,6,0.333,0,3,0.0,0,0,,0,0,0,0,2,0,0,0,4
2021-02-12_uc_san_diego_csu_bakersfield,UC San Diego,12,"Baxter, Madison",True,18,1,3,0.333,0,2,0.0,0,0,,0,1,1,2,1,1,0,1,2
2021-02-12_uc_san_diego_csu_bakersfield,UC San Diego,30,"Ybarra-Harvey, Layla",True,16,0,2,0.0,0,0,,0,0,,1,1,2,2,1,2,0,0,0
2021-02-12_uc_san_diego_csu_bakersfield,UC San Diego,02,"Turner, Tyla",False,32,2,12,0.167,0,2,0.0,3,4,0.75,2,1,3,3,0,2,0,1,7
2021-02-12_uc_san_diego_csu_bakersfield,UC San Diego,11,"Brown, Aishah",False,16,2,9,0.222,0,1,0.0,3,4,0.75,5,5,10,2,1,1,1,0,7
2021-02-12_uc_san_diego_csu_bakersfield,UC San Diego,10,"Macabuhay, Julia",False,7,2,6,0.333,2,4,0.5,1,1,1.0,0,1,1,0,1,0,0,0,7
2021-02-12_uc_san_diego_csu_bakersfield,UC San Diego,40,"Herrmann, Emerson",False,8,0,0,,0,0,,1,2,0.5,0,0,0,1,0,0,0,1,1
2021-02-12_uc_san_diego_csu_bakersfield,UC San Diego,25,"Ellenbeck, Kendal",False,11,0,1,0.0,0,0,,0,0,,0,0,0,2,0,1,0,0,0
2021-02-12_uc_san_diego_csu_bakersfield,UC San Diego,32,"Montgomery, Parker",False,11,0,4,0.0,0,2,0.0,0,0,,0,3,3,1,0,0,0,0,0
2021-02-12_uc_san_diego_csu_bakersfield,UC San Diego,TM,TEAM,False,0,0,0,,0,0,,0,0,,0,3,3,0,0,2,0,0,0
2021-02-12_cal_st_fullerton_cal_poly,Cal Poly,01,Abbey Ellis,True,42,7,20,0.35,1,5,0.2,9,10,0.9,2,4,6,2,6,3,0,7,24
2021-02-12_cal_st_fullerton_cal_poly,Cal Poly,52,Sierra Campisano,True,28,7,11,0.636,0,1,0.0,4,5,0.8,2,6,8,4,3,5,4,2,18
2021-02-12_cal_st_fullerton_cal_poly,Cal Poly,25,Kirsty Brown,True,29,5,6,0.833,0,0,,1,1,1.0,2,3,5,3,1,5,1,1,11
2021-02-12_cal_st_fullerton_cal_poly,Cal Poly,33,Maddie Willett,True,43,3,9,0.333,0,1,0.0,0,0,,5,2,7,3,0,1,0,1,6
2021-02-12_cal_st_fullerton_cal_poly,Cal Poly,05,Malia Holt,True,18,0,2,0.0,0,0,,0,0,,0,3,3,3,2,4,0,1,0
2021-02-12_cal_st_fullerton_cal_poly,Cal Poly,24,Zoe Stachowski,False,12,3,3,1.0,0,0,,0,0,,2,2,4,1,0,1,0,1,6
2021-02-12_cal_st_fullerton_cal_poly,Cal Poly,13,Maddie Vick,False,27,2,5,0.4,0,1,0.0,0,0,,1,2,3,1,1,2,0,0,4
2021-02-12_cal_st_fullerton_cal_poly,Cal Poly,23,Ivana Nikolova,False,11,0,2,0.0,0,1,0.0,1,2,0.5,0,1,1,0,0,1,0,0,1
2021-02-12_cal_st_fullerton_cal_poly,Cal Poly,02,Chantel Govan,False,6,0,2,0.0,0,1,0.0,0,0,,0,0,0,0,0,0,0,0,0
2021-02-12_cal_st_fullerton_cal_poly,Cal Poly,22,Hannah Peterson,False,6,0,0,,0,0,,0,0,,1,0,1,1,1,3,0,0,0
2021-02-12_cal_st_fullerton_cal_poly,Cal Poly,15,Leslie Hunter,False,2,0,1,0.0,0,0,,0,0,,0,1,1,1,0,0,0,0,0
2021-02-12_cal_st_fullerton_cal_poly,Cal Poly,14,Hannah Scanlan,False,1,0,0,,0,0,,0,0,,0,0,0,0,0,0,0,0,0
2021-02-12_cal_st_fullerton_cal_poly,Cal Poly,03,Lily Svetich,False,0,0,0,,0,0,,0,0,,0,0,0,0,0,0,0,0,0
2021-02-12_cal_st_fullerton_cal_poly,Cal Poly,TM,TEAM,False,0,0,0,,0,0,,0,0,,3,1,4,0,0,1,0,0,0
2021-02-12_cal_st_fullerton_cal_poly,Cal St. Fullerton,23,"Gill, Carolyn",True,43,7,15,0.467,3,4,0.75,4,5,0.8,3,5,8,4,4,2,0,5,21
2021-02-12_cal_st_fullerton_cal_poly,Cal St. Fullerton,00,"Frey, Anniken",True,39,5,11,0.455,3,6,0.5,1,1,1.0,0,2,2,1,2,5,0,1,14
2021-02-12_cal_st_fullerton_cal_poly,Cal St. Fullerton,24,"Neff, Kathryn",True,35,3,9,0.333,2,7,0.286,0,0,,1,0,1,1,3,1,0,1,8
2021-02-12_cal_st_fullerton_cal_poly,Cal St. Fullerton,11,"Krupa, Joy",True,24,1,2,0.5,0,0,,0,0,,0,4,4,1,1,3,2,1,2
2021-02-12_cal_st_fullerton_cal_poly,Cal St. Fullerton,22,"Freemon, Madison",True,7,0,3,0.0,0,1,0.0,0,0,,0,0,0,1,0,2,0,0,0
2021-02-12_cal_st_fullerton_cal_poly,Cal St. Fullerton,04,"Vidmar, Gabi",False,36,3,13,0.231,1,5,0.2,4,4,1.0,1,0,1,2,3,3,1,2,11
2021-02-12_cal_st_fullerton_cal_poly,Cal St. Fullerton,33,"Stratford, Bella",False,24,3,4,0.75,1,1,1.0,0,0,,0,3,3,2,2,5,1,2,7
2021-02-12_cal_st_fullerton_cal_poly,Cal St. Fullerton,10,"Nieto, Megan",False,15,1,4,0.25,0,1,0.0,0,0,,2,0,2,3,1,1,0,0,2
2021-02-12_cal_st_fullerton_cal_poly,Cal St. Fullerton,05,"Rodarte, Clarissa",False,2,0,0,,0,0,,0,0,,0,1,1,1,0,0,0,0,0
2021-02-12_cal_st_fullerton_cal_poly,Cal St. Fullerton,TM,TEAM,False,0,0,0,,0,0,,0,0,,4,2,6,0,0,1,0,0,0
2021-02-13_long_beach_st_uc_davis,UC Davis,32,"Hall, Cierra",True,39,4,10,0.4,3,6,0.5,9,10,0.9,2,5,7,1,6,5,1,6,20
2021-02-13_long_beach_st_uc_davis,UC Davis,00,"Trpcic, Mackenzie",True,33,5,7,0.714,2,3,0.667,1,2,0.5,0,3,3,2,5,4,0,2,13
2021-02-13_long_beach_st_uc_davis,UC Davis,15,"Turner, Evanne",True,28,2,4,0.5,2,3,0.667,0,2,0.0,0,5,5,2,1,0,0,1,6
2021-02-13_long_beach_st_uc_davis,UC Davis,11,"Stobbart, Sage",True,12,3,6,0.5,0,1,0.0,0,0,,1,3,4,2,0,0,1,1,6
2021-02-13_long_beach_st_uc_davis,UC Davis,23,"Konrad, Kayla",True,23,1,4,0.25,1,3,0.333,0,0,,0,3,3,3,1,1,0,0,3
2021-02-13_long_beach_st_uc_davis,UC Davis,10,"Svanholm, Lena",False,14,3,5,0.6,0,1,0.0,0,0,,1,2,3,0,0,2,0,0,6
2021-02-13_long_beach_st_uc_davis,UC Davis,41,"Shine, Bria",False,10,1,1,1.0,1,1,1.0,1,2,0.5,0,0,0,0,0,1,0,0,4
2021-02-13_long_beach_st_uc_davis,UC Davis,14,"Gibb, Emma",False,5,2,2,1.0,0,0,,0,0,,0,1,1,2,1,0,0,0,4
2021-02-13_long_beach_st_uc_davis,UC Davis,13,"Harris, Mazatlan",False,11,1,3,0.333,1,2,0.5,0,0,,1,2,3,1,1,0,0,0,3
2021-02-13_long_beach_st_uc_davis,UC Davis,4,"Carreon, Allie",False,14,1,4,0.25,0,2,0.0,0,0,,1,1,2,0,1,0,0,1,2
2021-02-13_long_beach_st_uc_davis,UC Davis,42,"Lilly, Kenedy",False,7,0,1,0.0,0,0,,0,0,,0,1,1,1,0,0,0,0,0
2021-02-13_long_beach_st_uc_davis,UC Davis,24,"Jones, Megan",False,4,0,0,,0,0,,0,0,,0,2,2,0,0,1,0,0,0
2021-02-13_long_beach_st_uc_davis,UC Davis,TM,TEAM,False,0,0,0,,0,0,,0,0,,1,2,3,0,0,2,0,0,0
2021-02-13_long_beach_st_uc_davis,Long Beach St.,11,"Hardy, Jasmine",True,37,5,15,0.333,1,6,0.167,2,2,1.0,7,2,9,4,0,2,0,1,13
2021-02-13_long_beach_st_uc_davis,Long Beach St.,12,"Jeskeova, Kristyna",True,35,3,8,0.375,2,6,0.333,3,4,0.75,2,7,9,4,3,2,0,4,11
2021-02-13_long_beach_st_uc_davis,Long Beach St.,00,"Berry, Ma'qhi",True,26,3,6,0.5,1,1,1.0,0,0,,1,1,2,3,0,2,0,0,7
2021-02-13_long_beach_st_uc_davis,Long Beach St.,10,"King, Justina",True,40,2,15,0.133,0,3,0.0,2,4,0.5,1,3,4,2,5,5,0,2,6
2021-02-13_long_beach_st_uc_davis,Long Beach St.,25,"Hamilton-fisher, Kianna",True,24,2,5,0.4,0,1,0.0,1,2,0.5,1,1,2,0,0,2,0,1,5
2021-02-13_long_beach_st_uc_davis,Long Beach St.,2,"Tucker, Savannah",False,24,1,4,0.25,0,2,0.0,2,2,1.0,1,1,2,1,0,0,0,1,4
2021-02-13_long_beach_st_uc_davis,Long Beach St.,42,"Hunt, Naomi",False,8,1,3,0.333,0,1,0.0,2,4,0.5,0,0,0,1,0,0,0,0,4
2021-02-13_long_beach_st_uc_davis,Long Beach St.,30,"Chung, Patricia",False,6,0,2,0.0,0,1,0.0,0,0,,0,1,1,3,0,0,0,0,0
2021-02-13_long_beach_st_uc_davis,Long Beach St.,TM,TEAM,False,0,0,0,,0,0,,0,0,,1,2,3,0,0,0,0,0,0
2021-02-13_uc_santa_barbara_hawaii,Hawaii,21,Kasey Neubert,True,22,4,8,0.5,0,0,,0,0,,2,6,8,2,0,1,0,0,8
2021-02-13_uc_santa_barbara_hawaii,Hawaii,15,Jadynn Alexander,True,25,2,7,0.286,0,3,0.0,1,4,0.25,0,2,2,4,1,1,0,0,5
2021-02-13_uc_santa_barbara_hawaii,Hawaii,01,Kelsie Imai,True,16,2,4,0.5,1,2,0.5,0,0,,0,4,4,3,2,4,0,1,5
2021-02-13_uc_santa_barbara_hawaii,Hawaii,11,Olivia Davies,True,15,0,2,0.0,0,1,0.0,0,0,,0,2,2,2,0,2,0,0,0
2021-02-13_uc_santa_barbara_hawaii,Hawaii,25,Amy Atwell,True,15,0,3,0.0,0,3,0.0,0,2,0.0,0,2,2,1,1,0,0,0,0
2021-02-13_uc_santa_barbara_hawaii,Hawaii,00,Daejah Phillips,False,32,4,13,0.308,0,0,,8,9,0.889,4,2,6,2,1,4,1,1,16
2021-02-13_uc_santa_barbara_hawaii,Hawaii,20,Alicja Falkowska,False,14,3,5,0.6,0,0,,2,3,0.667,3,1,4,0,0,1,1,0,8
2021-02-13_uc_santa_barbara_hawaii,Hawaii,10,Dakota  Viena,False,23,2,7,0.286,0,2,0.0,2,4,0.5,0,5,5,1,2,1,0,0,6
2021-02-13_uc_santa_barbara_hawaii,Hawaii,22,Kylie Yung,False,11,1,4,0.25,0,1,0.0,0,0,,0,0,0,0,0,1,0,0,2
2021-02-13_uc_santa_barbara_hawaii,Hawaii,23,Meilani McBee,False,27,0,4,0.0,0,1,0.0,0,0,,1,3,4,3,1,2,0,1,0
2021-02-13_uc_santa_barbara_hawaii,Hawaii,TM,TEAM,False,0,0,0,,0,0,,0,0,,0,4,4,0,0,0,0,0,0
2021-02-13_uc_santa_barbara_hawaii,UC Santa Barbara,10,"Jones, Doris",True,33,9,16,0.562,3,7,0.429,2,2,1.0,2,4,6,2,3,0,1,1,23
2021-02-13_uc_santa_barbara_hawaii,UC Santa Barbara,24,"Marin, Alyssa",True,26,3,9,0.333,1,4,0.25,5,6,0.833,2,2,4,5,5,3,0,2,12
2021-02-13_uc_santa_barbara_hawaii,UC Santa Barbara,12,"Mole, Taylor",True,29,2,10,0.2,0,3,0.0,4,5,0.8,1,10,11,2,2,2,1,2,8
2021-02-13_uc_santa_barbara_hawaii,UC Santa Barbara,00,"Miller, Danae",True,19,3,6,0.5,1,2,0.5,1,2,0.5,0,1,1,3,2,1,0,0,8
2021-02-13_uc_santa_barbara_hawaii,UC Santa Barbara,11,"Lee, Lauren",True,23,1,3,0.333,0,1,0.0,0,0,,2,5,7,3,0,0,1,2,2
2021-02-13_uc_santa_barbara_hawaii,UC Santa Barbara,02,Briana Anugwom,False,21,3,5,0.6,0,0,,0,0,,0,6,6,3,0,2,0,1,6
2021-02-13_uc_santa_barbara_hawaii,UC Santa Barbara,04,"Choice, Anya",False,19,2,7,0.286,0,3,0.0,2,2,1.0,1,0,1,3,0,2,0,0,6
2021-02-13_uc_santa_barbara_hawaii,UC Santa Barbara,30,"Anderson, Megan",False,18,2,6,0.333,1,4,0.25,0,0,,2,3,5,1,1,0,1,0,5
2021-02-13_uc_santa_barbara_hawaii,UC Santa Barbara,21,"Shulman, Mira",False,12,1,6,0.167,0,3,0.0,0,0,,2,0,2,0,0,0,0,0,2
2021-02-13_uc_santa_barbara_hawaii,UC Santa Barbara,TM,TEAM,False,0,0,0,,0,0,,0,0,,0,3,3,0,0,0,0,0,0
2021-02-13_uc_san_diego_csu_bakersfield,CSU Bakersfield,10,"Eggleston, Jayden",True,33,6,11,0.545,0,0,,8,9,0.889,3,4,7,2,0,0,1,2,20
2021-02-13_uc_san_diego_csu_bakersfield,CSU Bakersfield,22,"Easley, Andie",True,35,7,10,0.7,0,1,0.0,5,5,1.0,1,4,5,2,6,1,0,0,19
2021-02-13_uc_san_diego_csu_bakersfield,CSU Bakersfield,23,"Saxon, Miracle",True,39,4,14,0.286,0,2,0.0,0,0,,3,3,6,3,0,8,0,1,8
2021-02-13_uc_san_diego_csu_bakersfield,CSU Bakersfield,11,"Green, Lexus",True,25,2,6,0.333,1,4,0.25,0,0,,0,0,0,1,3,1,0,0,5
2021-02-13_uc_san_diego_csu_bakersfield,CSU Bakersfield,04,"Dixon, Jasmin",True,31,1,5,0.2,0,4,0.0,0,0,,0,5,5,3,3,0,0,2,2
2021-02-13_uc_san_diego_csu_bakersfield,CSU Bakersfield,12,"Tougas, Sophie",False,26,4,6,0.667,4,6,0.667,0,0,,1,4,5,0,1,0,2,0,12
2021-02-13_uc_san_diego_csu_bakersfield,CSU Bakersfield,54,"Austin, Vanessa",False,10,0,0,,0,0,,3,4,0.75,1,3,4,2,1,2,0,1,3
2021-02-13_uc_san_diego_csu_bakersfield,CSU Bakersfield,24,"Bridge, Sage",False,1,0,0,,0,0,,0,0,,0,1,1,0,0,0,0,0,0
2021-02-13_uc_san_diego_csu_bakersfield,CSU Bakersfield,13,"Herrera, Solmilena",False,,0,0,,0,0,,0,0,,0,0,0,0,0,0,0,0,0
2021-02-13_uc_san_diego_csu_bakersfield,CSU Bakersfield,TM,TEAM,False,0,0,0,,0,0,,0,0,,0,1,1,0,0,0,0,0,0
2021-02-13_uc_san_diego_csu_bakersfield,UC San Diego,02,"Turner, Tyla",True,26,7,11,0.636,3,5,0.6,1,2,0.5,0,0,0,4,3,0,0,4,18
2021-02-13_uc_san_diego_csu_bakersfield,UC San Diego,04,"Cangelosi, Emily",True,35,5,11,0.455,3,7,0.429,0,0,,2,4,6,0,2,2,0,0,13
2021-02-13_uc_san_diego_csu_bakersfield,UC San Diego,15,"Claros, Brianna",True,33,4,11,0.364,2,6,0.333,2,2,1.0,0,0,0,1,1,3,0,0,12
2021-02-13_uc_san_diego_csu_bakersfield,UC San Diego,13,"Brown, Sydney",True,37,3,8,0.375,1,3,0.333,2,2,1.0,1,6,7,4,0,1,1,0,9
2021-02-13_uc_san_diego_csu_bakersfield,UC San Diego,30,"Ybarra-Harvey, Layla",True,24,1,3,0.333,0,0,,1,4,0.25,0,4,4,3,3,1,0,0,3
2021-02-13_uc_san_diego_csu_bakersfield,UC San Diego,11,"Brown, Aishah",False,14,3,6,0.5,0,0,,0,0,,3,4,7,3,1,2,0,0,6
2021-02-13_uc_san_diego_csu_bakersfield,UC San Diego,10,"Macabuhay, Julia",False,9,2,4,0.5,1,1,1.0,0,0,,0,0,0,1,1,1,0,0,5
2021-02-13_uc_san_diego_csu_bakersfield,UC San Diego,12,"Baxter, Madison",False,12,0,2,0.0,0,2,0.0,0,0,,0,0,0,1,2,0,0,1,0
2021-02-13_uc_san_diego_csu_bakersfield,UC San Diego,32,"Montgomery, Parker",False,6,0,1,0.0,0,0,,0,0,,0,0,0,0,0,0,0,0,0
2021-02-13_uc_san_diego_csu_bakersfield,UC San Diego,40,"Herrmann, Emerson",False,4,0,0,,0,0,,0,0,,0,1,1,0,0,0,0,0,0
2021-02-13_uc_san_diego_csu_bakersfield,UC San Diego,TM,TEAM,False,0,0,0,,0,0,,0,0,,2,0,2,0,0,0,0,0,0
2021-02-13_cal_st_fullerton_cal_poly,Cal Poly,52,Sierra Campisano,True,34,7,18,0.389,0,2,0.0,4,4,1.0,4,1,5,3,2,3,0,2,18
2021-02-13_cal_st_fullerton_cal_poly,Cal Poly,05,Malia Holt,True,29,2,8,0.25,1,4,0.25,1,2,0.5,3,2,5,1,3,5,0,2,6
2021-02-13_cal_st_fullerton_cal_poly,Cal Poly,33,Maddie Willett,True,30,2,8,0.25,1,5,0.2,0,0,,2,1,3,3,1,2,0,2,5
2021-02-13_cal_st_fullerton_cal_poly,Cal Poly,01,Abbey Ellis,True,17,0,4,0.0,0,3,0.0,2,2,1.0,0,1,1,0,1,3,0,0,2
2021-02-13_cal_st_fullerton_cal_poly,Cal Poly,25,Kirsty Brown,True,5,0,1,0.0,0,0,,0,0,,1,0,1,4,1,1,0,0,0
2021-02-13_cal_st_fullerton_cal_poly,Cal Poly,13,Maddie Vick,False,30,4,6,0.667,3,4,0.75,0,0,,0,3,3,2,3,0,0,2,11
2021-02-13_cal_st_fullerton_cal_poly,Cal Poly,24,Zoe Stachowski,False,16,2,5,0.4,0,0,,0,0,,2,5,7,2,1,2,0,0,4
2021-02-13_cal_st_fullerton_cal_poly,Cal Poly,02,Chantel Govan,False,16,1,3,0.333,1,2,0.5,0,0,,0,1,1,1,0,1,0,0,3
2021-02-13_cal_st_fullerton_cal_poly,Cal Poly,03,Lily Svetich,False,9,0,0,,0,0,,0,0,,0,0,0,2,1,1,0,0,0
2021-02-13_cal_st_fullerton_cal_poly,Cal Poly,15,Leslie Hunter,False,7,0,2,0.0,0,0,,0,0,,1,0,1,0,0,0,0,0,0
2021-02-13_cal_st_fullerton_cal_poly,Cal Poly,22,Hannah Peterson,False,4,0,2,0.0,0,1,0.0,0,0,,1,1,2,1,0,2,0,1,0
2021-02-13_cal_st_fullerton_cal_poly,Cal Poly,14,Hannah Scanlan,False,2,0,0,,0,0,,0,0,,0,0,0,0,0,0,0,1,0
2021-02-13_cal_st_fullerton_cal_poly,Cal Poly,31,Gianna Silvestri,False,1,0,0,,0,0,,0,0,,0,0,0,0,0,0,0,0,0
2021-02-13_cal_st_fullerton_cal_poly,Cal Poly,TM,TEAM,False,0,0,0,,0,0,,0,0,,3,2,5,0,0,0,0,0,0
2021-02-13_cal_st_fullerton_cal_poly,Cal St. Fullerton,04,"Vidmar, Gabi",True,36,8,14,0.571,4,9,0.444,2,4,0.5,0,2,2,3,4,1,0,2,22
2021-02-13_cal_st_fullerton_cal_poly,Cal St. Fullerton,11,"Krupa, Joy",True,39,4,7,0.571,0,0,,1,2,0.5,1,7,8,0,3,5,6,7,9
2021-02-13_cal_st_fullerton_cal_poly,Cal St. Fullerton,23,"Gill, Carolyn",True,27,2,2,1.0,1,1,1.0,4,4,1.0,1,3,4,3,3,2,0,0,9
2021-02-13_cal_st_fullerton_cal_poly,Cal St. Fullerton,00,"Frey, Anniken",True,33,2,5,0.4,1,2,0.5,3,3,1.0,0,0,0,0,5,5,0,0,8
2021-02-13_cal_st_fullerton_cal_poly,Cal St. Fullerton,24,"Neff, Kathryn",True,21,2,3,0.667,2,3,0.667,0,0,,1,0,1,3,2,1,1,2,6
2021-02-13_cal_st_fullerton_cal_poly,Cal St. Fullerton,10,"Nieto, Megan",False,16,3,4,0.75,1,2,0.5,0,0,,0,1,1,3,0,0,0,0,7
2021-02-13_cal_st_fullerton_cal_poly,Cal St. Fullerton,33,"Stratford, Bella",False,15,0,3,0.0,0,2,0.0,4,7,0.571,0,2,2,2,1,3,0,0,4
2021-02-13_cal_st_fullerton_cal_poly,Cal St. Fullerton,22,"Freemon, Madison",False,8,0,1,0.0,0,0,,0,0,,0,1,1,0,0,1,0,0,0
2021-02-13_cal_st_fullerton_cal_poly,Cal St. Fullerton,05,"Rodarte, Clarissa",False,5,0,0,,0,0,,0,0,,0,0,0,0,0,0,0,1,0
2021-02-13_cal_st_fullerton_cal_poly,Cal St. Fullerton,TM,TEAM,False,0,0,0,,0,0,,0,0,,0,6,6,0,0,1,0,0,0
2021-02-19_uc_irvine_cal_st_fullerton,Cal St. Fullerton,00,"Frey, Anniken",True,35,5,12,0.417,2,8,0.25,0,0,,1,1,2,2,6,3,0,0,12
2021-02-19_uc_irvine_cal_st_fullerton,Cal St. Fullerton,4,"Vidmar, Gabi",True,39,4,9,0.444,2,5,0.4,0,0,,2,1,3,1,1,1,0,0,10
2021-02-19_uc_irvine_cal_st_fullerton,Cal St. Fullerton,23,"Gill, Carolyn",True,36,2,8,0.25,1,3,0.333,3,4,0.75,1,9,10,4,5,6,0,1,8
2021-02-19_uc_irvine_cal_st_fullerton,Cal St. Fullerton,24,"Neff, Kathryn",True,22,3,6,0.5,1,3,0.333,0,0,,0,0,0,5,2,1,1,0,7
2021-02-19_uc_irvine_cal_st_fullerton,Cal St. Fullerton,11,"Krupa, Joy",True,34,1,5,0.2,0,0,,4,6,0.667,2,9,11,3,2,1,0,3,6
2021-02-19_uc_irvine_cal_st_fullerton,Cal St. Fullerton,22,"Freemon, Madison",False,15,4,5,0.8,0,0,,0,0,,0,1,1,4,1,2,0,0,8
2021-02-19_uc_irvine_cal_st_fullerton,Cal St. Fullerton,33,"Stratford, Bella",False,11,2,7,0.286,1,4,0.25,0,2,0.0,1,0,1,2,0,1,0,1,5
2021-02-19_uc_irvine_cal_st_fullerton,Cal St. Fullerton,5,"Rodarte, Clarissa",False,4,0,1,0.0,0,0,,2,2,1.0,0,1,1,0,0,0,0,0,2
2021-02-19_uc_irvine_cal_st_fullerton,Cal St. Fullerton,15,"Mensah, Janette",False,4,0,0,,0,0,,0,0,,0,0,0,0,0,1,0,0,0
2021-02-19_uc_irvine_cal_st_fullerton,Cal St. Fullerton,TM,TEAM,False,0,0,0,,0,0,,0,0,,1,3,4,0,0,2,0,0,0
2021-02-19_uc_irvine_cal_st_fullerton,UC Irvine,4,"Williams, Kayla",True,35,4,11,0.364,2,6,0.333,4,7,0.571,0,3,3,0,4,4,0,3,14
2021-02-19_uc_irvine_cal_st_fullerton,UC Irvine,35,"Locandro, Sophia",True,24,3,9,0.333,0,0,,7,10,0.7,3,4,7,2,0,2,1,1,13
2021-02-19_uc_irvine_cal_st_fullerton,UC Irvine,2,"Webb, Chloe",True,10,4,8,0.5,0,0,,0,0,,0,2,2,4,0,1,0,3,8
2021-02-19_uc_irvine_cal_st_fullerton,UC Irvine,15,"Seaton, Alexus",True,22,2,3,0.667,1,1,1.0,0,2,0.0,0,1,1,1,1,0,0,0,5
2021-02-19_uc_irvine_cal_st_fullerton,UC Irvine,20,"Guglielmo, Dani",True,12,0,1,0.0,0,1,0.0,0,0,,1,1,2,0,2,0,0,0,0
2021-02-19_uc_irvine_cal_st_fullerton,UC Irvine,21,"Talbert, Haleigh",False,32,5,8,0.625,1,1,1.0,2,3,0.667,1,3,4,1,1,1,0,1,13
2021-02-19_uc_irvine_cal_st_fullerton,UC Irvine,10,"Cadee, Jayde",False,24,2,4,0.5,2,4,0.5,1,2,0.5,0,2,2,0,1,1,0,1,7
2021-02-19_uc_irvine_cal_st_fullerton,UC Irvine,23,"Baker, Victoria",False,9,1,1,1.0,1,1,1.0,3,4,0.75,0,1,1,2,0,1,0,0,6
2021-02-19_uc_irvine_cal_st_fullerton,UC Irvine,24,"Kapinga, Melodie",False,5,2,3,0.667,0,0,,0,2,0.0,1,1,2,2,0,1,0,0,4
2021-02-19_uc_irvine_cal_st_fullerton,UC Irvine,33,"Kaupu, Caiyle",False,8,0,1,0.0,0,0,,1,2,0.5,0,2,2,2,0,1,0,0,1
2021-02-19_uc_irvine_cal_st_fullerton,UC Irvine,11,"Garza, Tahlia",False,19,0,2,0.0,0,0,,0,0,,3,3,6,0,1,0,0,0,0
2021-02-19_uc_irvine_cal_st_fullerton,UC Irvine,TM,TEAM,False,0,0,0,,0,0,,0,0,,0,0,0,0,0,0,0,0,0
2021-02-19_uc_riverside_uc_san_diego,UC San Diego,13,"Brown, Sydney",True,36,7,10,0.7,3,4,0.75,3,4,0.75,2,10,12,3,1,3,1,2,20
2021-02-19_uc_riverside_uc_san_diego,UC San Diego,2,"Turner, Tyla",True,36,4,11,0.364,1,3,0.333,4,4,1.0,1,2,3,2,3,2,0,0,13
2021-02-19_uc_riverside_uc_san_diego,UC San Diego,15,"Claros, Brianna",True,33,5,10,0.5,2,4,0.5,0,0,,0,0,0,0,4,0,0,1,12
2021-02-19_uc_riverside_uc_san_diego,UC San Diego,4,"Cangelosi, Emily",True,35,2,6,0.333,0,4,0.0,0,0,,0,3,3,2,0,1,0,1,4
2021-02-19_uc_riverside_uc_san_diego,UC San Diego,30,"Ybarra-harvey, Layla",True,15,0,3,0.0,0,0,,0,0,,0,2,2,1,0,1,2,1,0
2021-02-19_uc_riverside_uc_san_diego,UC San Diego,11,"Brown, Aishah",False,24,4,9,0.444,0,1,0.0,2,2,1.0,5,5,10,2,0,5,1,0,10
2021-02-19_uc_riverside_uc_san_diego,UC San Diego,10,"Macabuhay, Julia",False,12,1,3,0.333,1,1,1.0,1,2,0.5,0,0,0,2,4,1,0,0,4
2021-02-19_uc_riverside_uc_san_diego,UC San Diego,32,"Montgomery, Parker",False,6,0,0,,0,0,,0,0,,0,1,1,0,0,1,0,1,0
2021-02-19_uc_riverside_uc_san_diego,UC San Diego,25,"Ellenbeck, Kendal",False,3,0,1,0.0,0,0,,0,0,,0,0,0,0,0,0,0,0,0
2021-02-19_uc_riverside_uc_san_diego,UC San Diego,TM,TEAM,False,0,0,0,,0,0,,0,0,,1,2,3,0,0,0,0,0,0
2021-02-19_uc_riverside_uc_san_diego,UC Riverside,4,"Holland, Jada",True,33,7,19,0.368,1,5,0.2,0,0,,3,2,5,2,3,0,0,2,15
2021-02-19_uc_riverside_uc_san_diego,UC Riverside,1,"Kinran, Suzan",True,17,4,6,0.667,4,5,0.8,0,0,,0,0,0,0,2,0,0,0,12
2021-02-19_uc_riverside_uc_san_diego,UC Riverside,10,"Cooper, Keilanei",True,30,4,10,0.4,0,0,,0,0,,2,5,7,2,1,2,0,0,8
2021-02-19_uc_riverside_uc_san_diego,UC Riverside,5,"Pointer, Lauryn",True,20,1,5,0.2,0,0,,3,3,1.0,1,1,2,1,0,1,0,2,5
2021-02-19_uc_riverside_uc_san_diego,UC Riverside,12,"Kyrkjebo, Kari",True,17,0,4,0.0,0,2,0.0,0,0,,0,1,1,2,1,4,2,0,0
2021-02-19_uc_riverside_uc_san_diego,UC Riverside,32,"Brady, Bryanna",False,14,3,3,1.0,0,0,,0,0,,1,1,2,1,0,1,0,0,6
2021-02-19_uc_riverside_uc_san_diego,UC Riverside,00,"Webster, Jordan",False,15,2,5,0.4,1,3,0.333,0,0,,0,0,0,0,0,0,0,0,5
2021-02-19_uc_riverside_uc_san_diego,UC Riverside,23,"Aikins, India",False,17,2,4,0.5,0,1,0.0,0,0,,1,2,3,1,2,1,0,0,4
2021-02-19_uc_riverside_uc_san_diego,UC Riverside,3,"Campbell, Joy",False,16,1,3,0.333,0,0,,0,0,,0,4,4,0,0,0,0,1,2
2021-02-19_uc_riverside_uc_san_diego,UC Riverside,20,"Fries, Samantha",False,14,1,2,0.5,0,0,,0,0,,0,1,1,2,0,1,0,1,2
2021-02-19_uc_riverside_uc_san_diego,UC Riverside,13,"Ohiaeri, Georgia",False,5,0,0,,0,0,,0,0,,0,2,2,2,1,1,0,0,0
2021-02-19_uc_riverside_uc_san_diego,UC Riverside,21,"Kasapi, Andriana",False,2,0,0,,0,0,,0,0,,0,1,1,0,1,0,0,0,0
2021-02-19_uc_riverside_uc_san_diego,UC Riverside,TM,TEAM,False,0,0,0,,0,0,,0,0,,3,2,5,0,0,0,0,0,0
2021-02-19_csu_bakersfield_uc_santa_barbara,UC Santa Barbara,12,"Mole, Taylor",True,34,7,16,0.438,6,10,0.6,0,1,0.0,3,11,14,2,4,4,4,2,20
2021-02-19_csu_bakersfield_uc_santa_barbara,UC Santa Barbara,10,"Jones, Doris",True,33,6,12,0.5,1,2,0.5,2,2,1.0,4,4,8,2,3,3,0,0,15
2021-02-19_csu_bakersfield_uc_santa_barbara,UC Santa Barbara,00,"Miller, Danae",True,37,5,10,0.5,1,4,0.25,3,6,0.5,0,5,5,1,3,0,0,2,14
2021-02-19_csu_bakersfield_uc_santa_barbara,UC Santa Barbara,24,"Marin, Alyssa",True,31,4,8,0.5,3,5,0.6,0,0,,1,1,2,0,6,1,0,0,11
2021-02-19_csu_bakersfield_uc_santa_barbara,UC Santa Barbara,11,"Lee, Lauren",True,21,0,2,0.0,0,0,,0,0,,4,3,7,2,0,1,0,0,0
2021-02-19_csu_bakersfield_uc_santa_barbara,UC Santa Barbara,30,"Anderson, Megan",False,22,4,7,0.571,4,5,0.8,0,0,,0,2,2,0,1,2,0,0,12
2021-02-19_csu_bakersfield_uc_santa_barbara,UC Santa Barbara,04,"Choice, Anya",False,13,1,4,0.25,0,0,,1,2,0.5,0,1,1,0,2,2,0,0,3
2021-02-19_csu_bakersfield_uc_santa_barbara,UC Santa Barbara,21,"Shulman, Mira",False,1,0,0,,0,0,,2,2,1.0,0,1,1,0,0,0,0,0,2
2021-02-19_csu_bakersfield_uc_santa_barbara,UC Santa Barbara,02,Briana Anugwom,False,8,0,2,0.0,0,1,0.0,0,0,,0,1,1,0,0,1,0,0,0
2021-02-19_csu_bakersfield_uc_santa_barbara,UC Santa Barbara,TM,TEAM,False,0,0,0,,0,0,,0,0,,2,2,4,0,0,0,0,0,0
2021-02-19_csu_bakersfield_uc_santa_barbara,CSU Bakersfield,23,Miracle Saxon,True,27,9,13,0.692,0,0,,1,1,1.0,2,6,8,4,2,1,1,3,19
2021-02-19_csu_bakersfield_uc_santa_barbara,CSU Bakersfield,10,Jayden Eggleston,True,34,3,8,0.375,0,0,,7,8,0.875,3,3,6,3,3,0,2,1,13
2021-02-19_csu_bakersfield_uc_santa_barbara,CSU Bakersfield,04,Jasmin Dixon,True,29,3,8,0.375,2,7,0.286,0,0,,1,2,3,0,2,1,0,0,8
2021-02-19_csu_bakersfield_uc_santa_barbara,CSU Bakersfield,22,Andie Easley,True,39,3,11,0.273,1,4,0.25,0,0,,1,4,5,1,1,4,0,2,7
2021-02-19_csu_bakersfield_uc_santa_barbara,CSU Bakersfield,11,Lexus Green,True,14,3,6,0.5,1,2,0.5,0,0,,0,1,1,1,1,0,1,1,7
2021-02-19_csu_bakersfield_uc_santa_barbara,CSU Bakersfield,24,Sage Bridge,False,14,2,5,0.4,1,3,0.333,0,0,,0,1,1,2,0,0,0,1,5
2021-02-19_csu_bakersfield_uc_santa_barbara,CSU Bakersfield,54,Vanessa Austin,False,9,1,3,0.333,0,0,,0,0,,0,2,2,0,0,1,1,0,2
2021-02-19_csu_bakersfield_uc_santa_barbara,CSU Bakersfield,13,Solmilena Herrera,False,4,1,1,1.0,0,0,,0,0,,0,2,2,0,0,0,1,0,2
2021-02-19_csu_bakersfield_uc_santa_barbara,CSU Bakersfield,12,Sophie Tougas,False,20,0,5,0.0,0,3,0.0,0,0,,0,0,0,3,1,0,0,0,0
2021-02-19_csu_bakersfield_uc_santa_barbara,CSU Bakersfield,21,Tyonna Singleton,False,5,0,2,0.0,0,1,0.0,0,0,,0,1,1,1,1,0,0,1,0
2021-02-19_csu_bakersfield_uc_santa_barbara,CSU Bakersfield,05,Makenzie Bond,False,4,0,0,,0,0,,0,0,,0,0,0,0,0,1,0,0,0
2021-02-19_csu_bakersfield_uc_santa_barbara,CSU Bakersfield,02,Aaliyah Seuell,False,1,0,0,,0,0,,0,0,,0,0,0,0,0,0,0,0,0
2021-02-19_csu_bakersfield_uc_santa_barbara,CSU Bakersfield,TM,TEAM,False,0,0,0,,0,0,,0,0,,0,1,1,0,0,1,0,0,0
2021-02-19_cal_poly_long_beach_st,Long Beach St.,10,"King, Justina",True,38,6,21,0.286,1,7,0.143,4,7,0.571,0,2,2,1,1,2,0,0,17
2021-02-19_cal_poly_long_beach_st,Long Beach St.,42,"Hunt, Naomi",True,39,3,13,0.231,1,8,0.125,1,3,0.333,2,6,8,2,0,2,0,1,8
2021-02-19_cal_poly_long_beach_st,Long Beach St.,00,"Berry, Ma'qhi",True,30,1,6,0.167,0,3,0.0,0,2,0.0,1,0,1,1,1,0,0,1,2
2021-02-19_cal_poly_long_beach_st,Long Beach St.,11,"Hardy, Jasmine",True,25,0,4,0.0,0,3,0.0,2,2,1.0,0,1,1,2,0,1,0,1,2
2021-02-19_cal_poly_long_beach_st,Long Beach St.,25,"Hamilton-fisher, Kianna",True,17,1,3,0.333,0,0,,0,1,0.0,2,1,3,1,0,1,0,0,2
2021-02-19_cal_poly_long_beach_st,Long Beach St.,12,"Jeskeova, Kristyna",False,31,2,4,0.5,0,2,0.0,3,7,0.429,6,5,11,5,2,3,2,3,7
2021-02-19_cal_poly_long_beach_st,Long Beach St.,30,"Chung, Patricia",False,9,0,1,0.0,0,0,,2,2,1.0,0,1,1,0,0,1,0,0,2
2021-02-19_cal_poly_long_beach_st,Long Beach St.,1,"Lacy, Imani",False,6,1,1,1.0,0,0,,0,0,,0,1,1,1,0,0,0,0,2
2021-02-19_cal_poly_long_beach_st,Long Beach St.,24,"Lemon, Kamryn",False,5,0,0,,0,0,,2,2,1.0,0,0,0,0,0,1,0,0,2
2021-02-19_cal_poly_long_beach_st,Long Beach St.,TM,TEAM,False,0,0,0,,0,0,,0,0,,2,3,5,0,0,0,0,0,0
2021-02-19_cal_poly_long_beach_st,Cal Poly,52,"Campisano, Sierra",True,36,6,16,0.375,0,3,0.0,0,1,0.0,2,10,12,4,1,2,1,1,12
2021-02-19_cal_poly_long_beach_st,Cal Poly,25,"Brown, Kirsty",True,27,5,8,0.625,0,0,,0,0,,2,7,9,2,0,2,0,0,10
2021-02-19_cal_poly_long_beach_st,Cal Poly,5,"Holt, Malia",True,30,3,4,0.75,1,2,0.5,2,2,1.0,0,3,3,3,3,2,0,1,9
2021-02-19_cal_poly_long_beach_st,Cal Poly,33,"Willett, Maddie",True,19,1,4,0.25,0,1,0.0,3,4,0.75,3,2,5,4,2,1,0,0,5
2021-02-19_cal_poly_long_beach_st,Cal Poly,1,"Ellis, Abbey",True,22,1,7,0.143,0,3,0.0,0,0,,1,4,5,1,2,1,0,0,2
2021-02-19_cal_poly_long_beach_st,Cal Poly,13,"Vick, Maddie",False,25,4,4,1.0,0,0,,0,0,,0,1,1,3,4,1,0,0,8
2021-02-19_cal_poly_long_beach_st,Cal Poly,2,"Govan, Chantel",False,23,2,4,0.5,2,2,1.0,0,0,,0,1,1,1,4,2,0,2,6
2021-02-19_cal_poly_long_beach_st,Cal Poly,14,"Scanlan, Hannah",False,5,1,2,0.5,0,0,,0,0,,0,1,1,1,0,0,0,0,2
2021-02-19_cal_poly_long_beach_st,Cal Poly,24,"Stachowski, Zoe",False,8,0,0,,0,0,,1,2,0.5,0,0,0,0,1,0,0,0,1
2021-02-19_cal_poly_long_beach_st,Cal Poly,23,"Nikolova, Ivana",False,3,0,1,0.0,0,1,0.0,0,0,,0,0,0,0,0,0,0,0,0
2021-02-19_cal_poly_long_beach_st,Cal Poly,22,"Peterson, Hannah",False,2,0,0,,0,0,,0,0,,0,0,0,0,0,0,0,0,0
2021-02-19_cal_poly_long_beach_st,Cal Poly,15,"Hunter, Leslie",False,0,0,0,,0,0,,0,0,,0,0,0,0,0,0,0,0,0
2021-02-19_cal_poly_long_beach_st,Cal Poly,TM,TEAM,False,0,0,0,,0,0,,0,0,,0,4,4,0,0,2,0,0,0
2021-02-20_uc_irvine_cal_st_fullerton,Cal St. Fullerton,23,"Gill, Carolyn",True,30,7,13,0.538,1,4,0.25,1,2,0.5,2,7,9,2,1,2,0,2,16
2021-02-20_uc_irvine_cal_st_fullerton,Cal St. Fullerton,11,"Krupa, Joy",True,37,5,8,0.625,0,0,,3,4,0.75,3,3,6,2,2,2,3,1,13
2021-02-20_uc_irvine_cal_st_fullerton,Cal St. Fullerton,24,"Neff, Kathryn",True,32,4,13,0.308,3,9,0.333,2,2,1.0,1,2,3,3,0,0,2,0,13
2021-02-20_uc_irvine_cal_st_fullerton,Cal St. Fullerton,00,"Frey, Anniken",True,35,4,7,0.571,1,3,0.333,0,1,0.0,1,0,1,1,3,4,0,1,9
2021-02-20_uc_irvine_cal_st_fullerton,Cal St. Fullerton,4,"Vidmar, Gabi",True,22,0,4,0.0,0,2,0.0,0,0,,2,0,2,1,3,1,0,1,0
2021-02-20_uc_irvine_cal_st_fullerton,Cal St. Fullerton,5,"Rodarte, Clarissa",False,20,3,6,0.5,0,1,0.0,0,0,,2,2,4,1,2,3,0,2,6
2021-02-20_uc_irvine_cal_st_fullerton,Cal St. Fullerton,33,"Stratford, Bella",False,17,0,3,0.0,0,2,0.0,3,4,0.75,1,3,4,2,2,3,0,3,3
2021-02-20_uc_irvine_cal_st_fullerton,Cal St. Fullerton,22,"Freemon, Madison",False,7,0,4,0.0,0,1,0.0,0,0,,0,0,0,1,1,0,0,0,0
2021-02-20_uc_irvine_cal_st_fullerton,Cal St. Fullerton,15,"Mensah, Janette",False,0,0,1,0.0,0,0,,0,0,,0,0,0,0,0,0,0,0,0
2021-02-20_uc_irvine_cal_st_fullerton,Cal St. Fullerton,TM,TEAM,False,0,0,0,,0,0,,0,0,,2,4,6,0,0,3,0,0,0
2021-02-20_uc_irvine_cal_st_fullerton,UC Irvine,2,"Webb, Chloe",True,26,8,12,0.667,0,1,0.0,1,1,1.0,4,6,10,2,2,3,0,1,17
2021-02-20_uc_irvine_cal_st_fullerton,UC Irvine,15,"Seaton, Alexus",True,26,4,6,0.667,1,1,1.0,2,2,1.0,0,2,2,0,1,1,0,2,11
2021-02-20_uc_irvine_cal_st_fullerton,UC Irvine,35,"Locandro, Sophia",True,28,4,6,0.667,0,0,,0,0,,3,6,9,1,1,2,0,1,8
2021-02-20_uc_irvine_cal_st_fullerton,UC Irvine,4,"Williams, Kayla",True,31,2,12,0.167,1,6,0.167,2,2,1.0,0,2,2,3,3,3,0,2,7
2021-02-20_uc_irvine_cal_st_fullerton,UC Irvine,20,"Guglielmo, Dani",True,7,0,0,,0,0,,0,0,,0,0,0,1,1,0,0,0,0
2021-02-20_uc_irvine_cal_st_fullerton,UC Irvine,21,"Talbert, Haleigh",False,27,5,10,0.5,0,2,0.0,3,3,1.0,3,2,5,0,3,2,0,0,13
2021-02-20_uc_irvine_cal_st_fullerton,UC Irvine,10,"Cadee, Jayde",False,14,1,3,0.333,1,3,0.333,2,2,1.0,0,1,1,2,0,1,0,0,5
2021-02-20_uc_irvine_cal_st_fullerton,UC Irvine,23,"Baker, Victoria",False,15,0,2,0.0,0,0,,2,2,1.0,0,0,0,1,0,3,0,5,2
2021-02-20_uc_irvine_cal_st_fullerton,UC Irvine,33,"Kaupu, Caiyle",False,11,1,4,0.25,0,0,,0,0,,0,0,0,1,0,0,0,0,2
2021-02-20_uc_irvine_cal_st_fullerton,UC Irvine,11,"Garza, Tahlia",False,10,1,3,0.333,0,0,,0,0,,0,0,0,1,0,1,1,1,2
2021-02-20_uc_irvine_cal_st_fullerton,UC Irvine,24,"Kapinga, Melodie",False,5,0,0,,0,0,,1,2,0.5,0,0,0,2,0,0,0,0,1
2021-02-20_uc_irvine_cal_st_fullerton,UC Irvine,TM,TEAM,False,0,0,0,,0,0,,0,0,,1,6,7,0,0,1,0,0,0
2021-02-20_uc_riverside_uc_san_diego,UC San Diego,13,"Brown, Sydney",True,40,5,9,0.556,2,2,1.0,5,6,0.833,2,14,16,2,2,2,1,2,17
2021-02-20_uc_riverside_uc_san_diego,UC San Diego,10,"Macabuhay, Julia",True,15,3,8,0.375,2,4,0.5,8,9,0.889,0,4,4,1,4,0,0,0,16
2021-02-20_uc_riverside_uc_san_diego,UC San Diego,4,"Cangelosi, Emily",True,34,6,9,0.667,3,4,0.75,0,0,,1,3,4,1,1,2,0,0,15
2021-02-20_uc_riverside_uc_san_diego,UC San Diego,15,"Claros, Brianna",True,33,3,11,0.273,1,4,0.25,0,0,,0,1,1,0,4,3,0,0,7
2021-02-20_uc_riverside_uc_san_diego,UC San Diego,11,"Brown, Aishah",True,13,2,4,0.5,1,2,0.5,1,2,0.5,2,4,6,2,1,3,0,0,6
2021-02-20_uc_riverside_uc_san_diego,UC San Diego,30,"Ybarra-harvey, Layla",False,27,3,4,0.75,0,0,,2,4,0.5,1,2,3,3,2,1,0,0,8
2021-02-20_uc_riverside_uc_san_diego,UC San Diego,2,"Turner, Tyla",False,31,2,9,0.222,0,0,,1,2,0.5,2,4,6,4,1,3,0,1,5
2021-02-20_uc_riverside_uc_san_diego,UC San Diego,32,"Montgomery, Parker",False,7,0,0,,0,0,,0,0,,0,0,0,0,0,1,0,0,0
2021-02-20_uc_riverside_uc_san_diego,UC San Diego,TM,TEAM,False,0,0,0,,0,0,,0,0,,0,3,3,0,0,0,0,0,0
2021-02-20_uc_riverside_uc_san_diego,UC Riverside,4,"Holland, Jada",True,38,8,17,0.471,1,2,0.5,4,4,1.0,0,6,6,3,6,1,0,3,21
2021-02-20_uc_riverside_uc_san_diego,UC Riverside,10,"Cooper, Keilanei",True,25,6,14,0.429,2,3,0.667,2,3,0.667,1,1,2,3,2,0,0,2,16
2021-02-20_uc_riverside_uc_san_diego,UC Riverside,32,"Brady, Bryanna",True,23,3,5,0.6,0,0,,0,0,,1,0,1,1,0,0,0,0,6
2021-02-20_uc_riverside_uc_san_diego,UC Riverside,23,"Aikins, India",True,20,2,4,0.5,0,1,0.0,0,2,0.0,0,2,2,0,1,0,0,0,4
2021-02-20_uc_riverside_uc_san_diego,UC Riverside,5,"Pointer, Lauryn",True,21,0,4,0.0,0,0,,2,2,1.0,0,2,2,3,0,0,0,1,2
2021-02-20_uc_riverside_uc_san_diego,UC Riverside,00,"Webster, Jordan",False,27,3,11,0.273,0,6,0.0,1,1,1.0,1,8,9,2,0,2,1,0,7
2021-02-20_uc_riverside_uc_san_diego,UC Riverside,13,"Ohiaeri, Georgia",False,5,2,2,1.0,1,1,1.0,0,0,,0,0,0,1,0,1,0,0,5
2021-02-20_uc_riverside_uc_san_diego,UC Riverside,3,"Campbell, Joy",False,22,2,5,0.4,0,1,0.0,0,0,,0,1,1,3,0,1,0,3,4
2021-02-20_uc_riverside_uc_san_diego,UC Riverside,20,"Fries, Samantha",False,13,1,1,1.0,0,0,,0,0,,0,2,2,1,0,1,0,0,2
2021-02-20_uc_riverside_uc_san_diego,UC Riverside,12,"Kyrkjebo, Kari",False,6,0,0,,0,0,,0,2,0.0,1,2,3,0,0,0,0,0,0
2021-02-20_uc_riverside_uc_san_diego,UC Riverside,TM,TEAM,False,0,0,0,,0,0,,0,0,,0,1,1,0,0,1,0,0,0
2021-02-20_cal_poly_long_beach_st,Long Beach St.,10,"King, Justina",True,40,5,14,0.357,1,7,0.143,0,0,,2,3,5,3,2,4,0,1,11
2021-02-20_cal_poly_long_beach_st,Long Beach St.,42,"Hunt, Naomi",True,34,3,8,0.375,2,5,0.4,1,2,0.5,0,2,2,2,1,1,0,2,9
2021-02-20_cal_poly_long_beach_st,Long Beach St.,00,"Berry, Ma'qhi",True,34,2,5,0.4,2,4,0.5,1,2,0.5,0,0,0,0,1,0,0,5,7
2021-02-20_cal_poly_long_beach_st,Long Beach St.,11,"Hardy, Jasmine",True,31,2,7,0.286,1,2,0.5,2,2,1.0,1,4,5,2,2,2,0,0,7
2021-02-20_cal_poly_long_beach_st,Long Beach St.,25,"Hamilton-fisher, Kianna",True,25,0,3,0.0,0,2,0.0,0,0,,0,2,2,3,2,3,0,2,0
2021-02-20_cal_poly_long_beach_st,Long Beach St.,1,"Lacy, Imani",False,6,1,5,0.2,0,1,0.0,2,2,1.0,0,0,0,0,0,0,0,1,4
2021-02-20_cal_poly_long_beach_st,Long Beach St.,2,"Tucker, Savannah",False,6,2,4,0.5,0,1,0.0,0,0,,1,0,1,0,0,0,0,0,4
2021-02-20_cal_poly_long_beach_st,Long Beach St.,12,"Jeskeova, Kristyna",False,16,0,2,0.0,0,1,0.0,0,0,,1,4,5,1,1,2,1,1,0
2021-02-20_cal_poly_long_beach_st,Long Beach St.,30,"Chung, Patricia",False,8,0,1,0.0,0,0,,0,0,,0,0,0,0,0,0,0,0,0
2021-02-20_cal_poly_long_beach_st,Long Beach St.,TM,TEAM,False,0,0,0,,0,0,,0,0,,4,3,7,0,0,2,0,0,0
2021-02-20_cal_poly_long_beach_st,Cal Poly,25,"Brown, Kirsty",True,33,4,7,0.571,0,0,,3,4,0.75,6,7,13,1,0,1,2,0,11
2021-02-20_cal_poly_long_beach_st,Cal Poly,1,"Ellis, Abbey",True,27,4,9,0.444,3,6,0.5,0,0,,0,4,4,4,3,3,1,3,11
2021-02-20_cal_poly_long_beach_st,Cal Poly,33,"Willett, Maddie",True,30,1,6,0.167,0,1,0.0,2,2,1.0,2,1,3,1,3,1,0,0,4
2021-02-20_cal_poly_long_beach_st,Cal Poly,52,"Campisano, Sierra",True,27,2,7,0.286,0,2,0.0,0,0,,0,6,6,2,1,7,0,0,4
2021-02-20_cal_poly_long_beach_st,Cal Poly,5,"Holt, Malia",True,25,0,3,0.0,0,3,0.0,0,0,,0,2,2,2,3,2,0,2,0
2021-02-20_cal_poly_long_beach_st,Cal Poly,24,"Stachowski, Zoe",False,17,4,10,0.4,0,0,,2,4,0.5,3,1,4,1,0,0,0,0,10
2021-02-20_cal_poly_long_beach_st,Cal Poly,23,"Nikolova, Ivana",False,3,1,1,1.0,1,1,1.0,0,0,,0,1,1,0,0,2,0,0,3
2021-02-20_cal_poly_long_beach_st,Cal Poly,13,"Vick, Maddie",False,30,1,2,0.5,0,0,,0,0,,0,2,2,0,2,1,0,0,2
2021-02-20_cal_poly_long_beach_st,Cal Poly,3,"Svetich, Lily",False,4,0,0,,0,0,,0,0,,0,0,0,0,0,0,0,0,0
2021-02-20_cal_poly_long_beach_st,Cal Poly,15,"Hunter, Leslie",False,2,0,0,,0,0,,0,0,,0,0,0,1,0,0,0,0,0
2021-02-20_cal_poly_long_beach_st,Cal Poly,22,"Peterson, Hannah",False,2,0,0,,0,0,,0,0,,0,0,0,0,0,0,0,0,0
2021-02-20_cal_poly_long_beach_st,Cal Poly,TM,TEAM,False,0,0,0,,0,0,,0,0,,1,3,4,0,0,2,0,0,0
2021-02-26_uc_davis_cal_poly,Cal Poly,25,"Brown, Kirsty",True,39,6,19,0.316,0,2,0.0,0,0,,8,5,13,3,0,2,2,0,12
2021-02-26_uc_davis_cal_poly,Cal Poly,33,"Willett, Maddie",True,31,3,7,0.429,2,5,0.4,0,0,,0,4,4,2,0,0,0,0,8
2021-02-26_uc_davis_cal_poly,Cal Poly,52,"Campisano, Sierra",True,29,4,14,0.286,0,3,0.0,0,0,,2,6,8,1,3,4,0,0,8
2021-02-26_uc_davis_cal_poly,Cal Poly,01,"Ellis, Abbey",True,30,3,9,0.333,1,2,0.5,0,0,,0,6,6,0,1,5,0,2,7
2021-02-26_uc_davis_cal_poly,Cal Poly,05,"Holt, Malia",True,14,1,4,0.25,0,0,,0,0,,0,1,1,0,0,2,0,0,2
2021-02-26_uc_davis_cal_poly,Cal Poly,13,"Vick, Maddie",False,27,2,8,0.25,0,3,0.0,1,1,1.0,0,3,3,0,2,0,1,1,5
2021-02-26_uc_davis_cal_poly,Cal Poly,22,"Peterson, Hannah",False,8,1,1,1.0,1,1,1.0,0,0,,2,1,3,0,0,1,0,0,3
2021-02-26_uc_davis_cal_poly,Cal Poly,15,"Hunter, Leslie",False,6,1,2,0.5,0,1,0.0,0,2,0.0,0,0,0,4,0,0,0,0,2
2021-02-26_uc_davis_cal_poly,Cal Poly,24,"Stachowski, Zoe",False,10,0,0,,0,0,,0,0,,0,3,3,1,0,1,0,0,0
2021-02-26_uc_davis_cal_poly,Cal Poly,23,"Nikolova, Ivana",False,3,0,1,0.0,0,1,0.0,0,0,,0,0,0,1,1,0,0,0,0
2021-02-26_uc_davis_cal_poly,Cal Poly,03,"Svetich, Lily",False,2,0,1,0.0,0,0,,0,0,,0,0,0,1,0,0,0,0,0
2021-02-26_uc_davis_cal_poly,Cal Poly,02,"Govan, Chantel",False,1,0,0,,0,0,,0,0,,0,0,0,0,0,0,0,0,0
2021-02-26_uc_davis_cal_poly,Cal Poly,TM,TEAM,False,0,0,0,,0,0,,0,0,,5,1,6,0,0,0,0,0,0
2021-02-26_uc_davis_cal_poly,UC Davis,23,"Konrad, Kayla",True,30,6,8,0.75,2,4,0.5,1,1,1.0,2,1,3,2,3,1,0,1,15
2021-02-26_uc_davis_cal_poly,UC Davis,00,"Trpcic, Mackenzie",True,35,4,9,0.444,0,4,0.0,4,5,0.8,0,0,0,1,5,4,0,0,12
2021-02-26_uc_davis_cal_poly,UC Davis,15,"Turner, Evanne",True,27,5,15,0.333,2,8,0.25,0,0,,0,1,1,0,3,1,0,1,12
2021-02-26_uc_davis_cal_poly,UC Davis,11,"Stobbart, Sage",True,29,5,8,0.625,1,3,0.333,0,0,,1,8,9,0,1,0,1,0,11
2021-02-26_uc_davis_cal_poly,UC Davis,32,"Hall, Cierra",True,35,2,8,0.25,0,3,0.0,2,4,0.5,1,7,8,1,4,1,1,2,6
2021-02-26_uc_davis_cal_poly,UC Davis,10,"Svanholm, Lena",False,9,1,4,0.25,1,3,0.333,0,0,,0,1,1,0,0,0,1,0,3
2021-02-26_uc_davis_cal_poly,UC Davis,14,"Gibb, Emma",False,8,1,3,0.333,0,0,,0,0,,0,0,0,1,0,0,0,0,2
2021-02-26_uc_davis_cal_poly,UC Davis,13,"Harris, Mazatlan",False,11,0,1,0.0,0,1,0.0,1,2,0.5,1,1,2,3,2,0,1,0,1
2021-02-26_uc_davis_cal_poly,UC Davis,41,"Shine, Bria",False,6,0,0,,0,0,,1,2,0.5,0,3,3,1,0,0,0,2,1
2021-02-26_uc_davis_cal_poly,UC Davis,04,"Carreon, Allie",False,8,0,2,0.0,0,2,0.0,0,0,,0,0,0,0,0,0,0,1,0
2021-02-26_uc_davis_cal_poly,UC Davis,24,"Jones, Megan",False,1,0,0,,0,0,,0,0,,0,0,0,0,0,0,0,0,0
2021-02-26_uc_davis_cal_poly,UC Davis,42,"Lilly, Kenedy",False,1,0,0,,0,0,,0,0,,0,0,0,0,0,0,0,0,0
2021-02-26_uc_davis_cal_poly,UC Davis,TM,TEAM,False,0,0,0,,0,0,,0,0,,2,7,9,0,0,0,0,0,0
2021-02-26_long_beach_st_hawaii,Hawaii,25,"Atwell, Amy",True,36,8,16,0.5,4,8,0.5,5,8,0.625,1,8,9,0,1,1,0,0,25
2021-02-26_long_beach_st_hawaii,Hawaii,21,"Neubert, Kasey",True,17,4,6,0.667,0,0,,0,0,,4,7,11,2,0,4,0,0,8
2021-02-26_long_beach_st_hawaii,Hawaii,15,"Alexander, Jadynn",True,26,1,10,0.1,1,6,0.167,4,6,0.667,1,1,2,2,0,0,0,1,7
2021-02-26_long_beach_st_hawaii,Hawaii,11,"Davies, Olivia",True,30,1,2,0.5,0,0,,2,2,1.0,0,3,3,1,3,1,1,0,4
2021-02-26_long_beach_st_hawaii,Hawaii,01,"Imai, Kelsie",True,29,2,3,0.667,0,0,,0,0,,0,2,2,1,5,5,0,1,4
2021-02-26_long_beach_st_hawaii,Hawaii,04,"Orji, Nnenna",False,23,3,5,0.6,0,1,0.0,5,6,0.833,1,2,3,0,4,2,1,0,11
2021-02-26_long_beach_st_hawaii,Hawaii,00,"Phillips, Daejah",False,24,4,10,0.4,0,4,0.0,2,4,0.5,1,3,4,4,3,3,1,1,10
2021-02-26_long_beach_st_hawaii,Hawaii,23,"McBee, MeiLani",False,9,3,3,1.0,2,2,1.0,0,0,,0,0,0,1,1,0,0,0,8
2021-02-26_long_beach_st_hawaii,Hawaii,10,"Viena, Dakota",False,6,0,0,,0,0,,0,0,,0,0,0,0,0,0,0,1,0
2021-02-26_long_beach_st_hawaii,Hawaii,TM,TEAM,False,0,0,0,,0,0,,0,0,,3,4,7,0,0,1,0,0,0
2021-02-26_long_beach_st_hawaii,Long Beach St.,10,"King, Justina",True,38,7,14,0.5,2,5,0.4,2,2,1.0,2,0,2,2,6,1,0,4,18
2021-02-26_long_beach_st_hawaii,Long Beach St.,42,"Hunt, Naomi",True,34,7,18,0.389,4,8,0.5,0,0,,0,6,6,3,1,0,0,1,18
2021-02-26_long_beach_st_hawaii,Long Beach St.,00,"Berry, Ma'Qhi",True,32,5,12,0.417,2,3,0.667,4,6,0.667,2,4,6,3,7,1,0,4,16
2021-02-26_long_beach_st_hawaii,Long Beach St.,25,"Hamilton-Fisher, Kianna",True,34,3,9,0.333,0,1,0.0,1,2,0.5,2,0,2,1,2,1,1,1,7
2021-02-26_long_beach_st_hawaii,Long Beach St.,11,"Hardy, Jasmine",True,17,1,2,0.5,0,1,0.0,0,0,,1,2,3,4,0,2,0,1,2
2021-02-26_long_beach_st_hawaii,Long Beach St.,30,"Chung, Patricia",False,15,3,9,0.333,0,1,0.0,2,2,1.0,0,3,3,0,0,1,0,0,8
2021-02-26_long_beach_st_hawaii,Long Beach St.,01,"Lacy, Imani",False,4,2,3,0.667,0,0,,0,0,,1,0,1,1,0,1,0,0,4
2021-02-26_long_beach_st_hawaii,Long Beach St.,12,"Jeskeova, Kristyna",False,22,1,3,0.333,0,2,0.0,0,0,,5,0,5,4,0,0,0,0,2
2021-02-26_long_beach_st_hawaii,Long Beach St.,02,"Tucker, Savannah",False,4,0,1,0.0,0,0,,0,0,,0,1,1,1,0,0,0,0,0
2021-02-26_long_beach_st_hawaii,Long Beach St.,TM,TEAM,False,0,0,0,,0,0,,0,0,,0,2,2,0,0,0,0,0,0
2021-02-26_uc_san_diego_uc_irvine,UC Irvine,35,"Locandro, Sophia",True,30,7,20,0.35,0,3,0.0,4,4,1.0,0,5,5,1,1,1,2,2,18
2021-02-26_uc_san_diego_uc_irvine,UC Irvine,04,"Williams, Kayla",True,37,3,9,0.333,1,4,0.25,3,3,1.0,0,4,4,2,6,5,0,1,10
2021-02-26_uc_san_diego_uc_irvine,UC Irvine,15,"Seaton, Alexus",True,34,3,9,0.333,0,1,0.0,1,3,0.333,1,1,2,0,2,1,0,3,7
2021-02-26_uc_san_diego_uc_irvine,UC Irvine,21,"Talbert, Haleigh",True,18,1,5,0.2,1,3,0.333,0,0,,0,4,4,1,1,1,0,1,3
2021-02-26_uc_san_diego_uc_irvine,UC Irvine,20,"Guglielmo, Dani",True,24,0,1,0.0,0,1,0.0,0,0,,1,4,5,2,3,0,0,0,0
2021-02-26_uc_san_diego_uc_irvine,UC Irvine,23,"Baker, Victoria",False,23,6,9,0.667,4,4,1.0,1,2,0.5,0,2,2,5,0,1,0,2,17
2021-02-26_uc_san_diego_uc_irvine,UC Irvine,11,"Garza, Tahlia",False,18,3,4,0.75,0,0,,0,0,,2,1,3,4,0,1,0,1,6
2021-02-26_uc_san_diego_uc_irvine,UC Irvine,33,"Kaupu, Caiyle",False,8,1,2,0.5,0,0,,0,0,,1,2,3,1,3,2,0,1,2
2021-02-26_uc_san_diego_uc_irvine,UC Irvine,10,"Cadee, Jayde",False,7,0,0,,0,0,,0,0,,1,0,1,0,0,0,0,0,0
2021-02-26_uc_san_diego_uc_irvine,UC Irvine,24,"Kapinga, Melodie",False,1,0,0,,0,0,,0,2,0.0,0,0,0,0,0,0,0,0,0
2021-02-26_uc_san_diego_uc_irvine,UC Irvine,TM,TEAM,False,0,0,0,,0,0,,0,0,,1,2,3,0,0,0,0,0,0
2021-02-26_uc_san_diego_uc_irvine,UC San Diego,04,"Cangelosi, Emily",True,28,4,10,0.4,3,6,0.5,0,0,,0,3,3,3,0,1,1,0,11
2021-02-26_uc_san_diego_uc_irvine,UC San Diego,13,"Brown, Sydney",True,25,3,5,0.6,1,2,0.5,3,4,0.75,0,6,6,3,0,4,0,1,10
2021-02-26_uc_san_diego_uc_irvine,UC San Diego,15,"Claros, Brianna",True,35,3,7,0.429,1,3,0.333,0,0,,0,0,0,1,5,1,0,1,7
2021-02-26_uc_san_diego_uc_irvine,UC San Diego,02,"Turner, Tyla",True,32,1,10,0.1,0,3,0.0,2,2,1.0,2,1,3,1,3,3,0,0,4
2021-02-26_uc_san_diego_uc_irvine,UC San Diego,30,"Ybarra-Harvey, Layla",True,22,0,2,0.0,0,0,,0,0,,2,4,6,4,1,3,2,0,0
2021-02-26_uc_san_diego_uc_irvine,UC San Diego,11,"Brown, Aishah",False,19,4,6,0.667,2,3,0.667,3,4,0.75,1,8,9,4,1,3,0,0,13
2021-02-26_uc_san_diego_uc_irvine,UC San Diego,32,"Montgomery, Parker",False,15,3,5,0.6,1,2,0.5,0,0,,0,1,1,0,2,0,1,2,7
2021-02-26_uc_san_diego_uc_irvine,UC San Diego,10,"Macabuhay, Julia",False,10,2,6,0.333,2,5,0.4,0,0,,0,0,0,0,2,0,0,0,6
2021-02-26_uc_san_diego_uc_irvine,UC San Diego,25,"Ellenbeck, Kendal",False,5,1,1,1.0,1,1,1.0,0,0,,0,0,0,1,0,1,0,0,3
2021-02-26_uc_san_diego_uc_irvine,UC San Diego,12,"Baxter, Madison",False,3,1,1,1.0,1,1,1.0,0,0,,0,0,0,1,0,0,0,0,3
2021-02-26_uc_san_diego_uc_irvine,UC San Diego,40,"Herrmann, Emerson",False,6,1,1,1.0,0,0,,0,0,,1,1,2,1,1,0,0,0,2
2021-02-26_uc_san_diego_uc_irvine,UC San Diego,TM,TEAM,False,0,0,0,,0,0,,0,0,,1,6,7,0,0,1,0,0,0
2021-02-26_uc_santa_barbara_uc_riverside,UC Riverside,04,Jada Holland,True,22,3,4,0.75,0,0,,0,1,0.0,0,1,1,3,0,1,0,0,6
2021-02-26_uc_santa_barbara_uc_riverside,UC Riverside,32,Bryanna Brady,True,20,2,6,0.333,0,0,,1,2,0.5,3,2,5,2,0,2,2,0,5
2021-02-26_uc_santa_barbara_uc_riverside,UC Riverside,00,Jordan Webster,True,15,2,6,0.333,1,3,0.333,0,0,,0,1,1,1,0,1,0,1,5
2021-02-26_uc_santa_barbara_uc_riverside,UC Riverside,03,Joy Campbell,True,31,2,5,0.4,0,0,,0,0,,0,1,1,3,6,4,0,4,4
2021-02-26_uc_santa_barbara_uc_riverside,UC Riverside,10,Keilanei Cooper,True,13,1,7,0.143,0,2,0.0,0,2,0.0,0,4,4,0,0,0,0,0,2
2021-02-26_uc_santa_barbara_uc_riverside,UC Riverside,05,Lauryn Pointer,False,33,5,12,0.417,0,0,,5,5,1.0,1,0,1,4,1,2,1,1,15
2021-02-26_uc_santa_barbara_uc_riverside,UC Riverside,01,Suzan Kinran,False,27,3,6,0.5,2,4,0.5,0,0,,0,0,0,2,2,1,1,0,8
2021-02-26_uc_santa_barbara_uc_riverside,UC Riverside,13,Georgia Ohiaeri,False,19,1,4,0.25,0,1,0.0,1,2,0.5,2,0,2,0,1,0,0,0,3
2021-02-26_uc_santa_barbara_uc_riverside,UC Riverside,12,Kari Kyrkjebo,False,11,1,2,0.5,0,0,,0,0,,0,3,3,5,1,1,0,0,2
2021-02-26_uc_santa_barbara_uc_riverside,UC Riverside,20,Samantha Fries,False,7,1,1,1.0,0,0,,0,0,,0,1,1,1,0,0,0,0,2
2021-02-26_uc_santa_barbara_uc_riverside,UC Riverside,21,Andrianna Kasapi,False,2,0,0,,0,0,,0,0,,0,0,0,1,0,0,0,0,0
2021-02-26_uc_santa_barbara_uc_riverside,UC Riverside,TM,TEAM,False,0,0,0,,0,0,,0,0,,1,2,3,0,0,1,0,0,0
2021-02-26_uc_santa_barbara_uc_riverside,UC Santa Barbara,10,"Jones, Doris",True,29,8,11,0.727,2,2,1.0,4,4,1.0,1,4,5,3,2,3,0,0,22
2021-02-26_uc_santa_barbara_uc_riverside,UC Santa Barbara,00,"Miller, Danae",True,38,4,7,0.571,3,5,0.6,0,0,,0,7,7,0,9,3,0,0,11
2021-02-26_uc_santa_barbara_uc_riverside,UC Santa Barbara,12,"Mole, Taylor",True,30,4,9,0.444,0,1,0.0,0,2,0.0,1,8,9,2,1,0,1,0,8
2021-02-26_uc_santa_barbara_uc_riverside,UC Santa Barbara,24,"Marin, Alyssa",True,19,1,4,0.25,1,2,0.5,0,0,,0,3,3,1,2,5,0,1,3
2021-02-26_uc_santa_barbara_uc_riverside,UC Santa Barbara,11,"Lee, Lauren",True,26,1,2,0.5,0,1,0.0,0,0,,1,1,2,2,0,3,0,0,2
2021-02-26_uc_santa_barbara_uc_riverside,UC Santa Barbara,04,"Choice, Anya",False,24,2,6,0.333,0,0,,7,7,1.0,1,0,1,1,0,2,0,1,11
2021-02-26_uc_santa_barbara_uc_riverside,UC Santa Barbara,30,"Anderson, Megan",False,21,3,6,0.5,2,4,0.5,0,0,,1,3,4,1,1,1,0,0,8
2021-02-26_uc_santa_barbara_uc_riverside,UC Santa Barbara,21,"Shulman, Mira",False,1,0,0,,0,0,,3,4,0.75,0,0,0,0,0,0,0,0,3
2021-02-26_uc_santa_barbara_uc_riverside,UC Santa Barbara,02,Briana Anugwom,False,12,0,3,0.0,0,1,0.0,0,0,,3,1,4,0,2,3,0,0,0
2021-02-26_uc_santa_barbara_uc_riverside,UC Santa Barbara,TM,TEAM,False,0,0,0,,0,0,,0,0,,4,1,5,0,0,0,0,0,0
2021-02-27_uc_davis_cal_poly,Cal Poly,52,"Campisano, Sierra",True,38,4,17,0.235,0,1,0.0,5,7,0.714,2,4,6,1,1,0,0,1,13
2021-02-27_uc_davis_cal_poly,Cal Poly,33,"Willett, Maddie",True,20,1,3,0.333,0,1,0.0,6,6,1.0,1,2,3,4,0,1,0,1,8
2021-02-27_uc_davis_cal_poly,Cal Poly,01,"Ellis, Abbey",True,27,3,11,0.273,0,3,0.0,1,1,1.0,1,6,7,2,3,2,0,1,7
2021-02-27_uc_davis_cal_poly,Cal Poly,25,"Brown, Kirsty",True,22,2,6,0.333,0,0,,3,4,0.75,1,6,7,3,1,0,1,0,7
2021-02-27_uc_davis_cal_poly,Cal Poly,05,"Holt, Malia",True,22,0,3,0.0,0,2,0.0,0,0,,1,2,3,2,0,3,0,3,0
2021-02-27_uc_davis_cal_poly,Cal Poly,14,"Scanlan, Hannah",False,6,3,3,1.0,0,0,,0,0,,1,2,3,1,0,0,0,0,6
2021-02-27_uc_davis_cal_poly,Cal Poly,13,"Vick, Maddie",False,30,2,6,0.333,0,1,0.0,0,0,,0,0,0,1,6,1,0,1,4
2021-02-27_uc_davis_cal_poly,Cal Poly,24,"Stachowski, Zoe",False,13,2,7,0.286,0,0,,0,0,,2,2,4,0,1,0,0,0,4
2021-02-27_uc_davis_cal_poly,Cal Poly,03,"Svetich, Lily",False,7,1,2,0.5,0,1,0.0,0,0,,0,0,0,0,0,0,0,0,2
2021-02-27_uc_davis_cal_poly,Cal Poly,02,"Govan, Chantel",False,4,1,2,0.5,0,0,,0,0,,0,0,0,0,0,1,0,0,2
2021-02-27_uc_davis_cal_poly,Cal Poly,22,"Peterson, Hannah",False,7,0,0,,0,0,,0,0,,0,1,1,0,0,0,0,0,0
2021-02-27_uc_davis_cal_poly,Cal Poly,15,"Hunter, Leslie",False,3,0,1,0.0,0,0,,0,0,,0,0,0,0,0,0,0,0,0
2021-02-27_uc_davis_cal_poly,Cal Poly,23,"Nikolova, Ivana",False,1,0,0,,0,0,,0,0,,0,1,1,0,0,0,0,0,0
2021-02-27_uc_davis_cal_poly,Cal Poly,TM,TEAM,False,0,0,0,,0,0,,0,0,,4,1,5,0,0,2,0,0,0
2021-02-27_uc_davis_cal_poly,UC Davis,00,"Trpcic, Mackenzie",True,39,6,10,0.6,2,3,0.667,4,4,1.0,3,1,4,1,5,4,1,1,18
2021-02-27_uc_davis_cal_poly,UC Davis,32,"Hall, Cierra",True,25,4,8,0.5,2,3,0.667,3,4,0.75,0,5,5,3,2,3,0,0,13
2021-02-27_uc_davis_cal_poly,UC Davis,23,"Konrad, Kayla",True,37,4,7,0.571,1,2,0.5,2,3,0.667,0,4,4,2,2,3,1,1,11
2021-02-27_uc_davis_cal_poly,UC Davis,15,"Turner, Evanne",True,36,4,13,0.308,3,11,0.273,0,0,,0,2,2,1,1,0,0,1,11
2021-02-27_uc_davis_cal_poly,UC Davis,14,"Gibb, Emma",True,8,2,3,0.667,0,0,,0,0,,1,4,5,4,0,0,0,0,4
2021-02-27_uc_davis_cal_poly,UC Davis,13,"Harris, Mazatlan",False,8,0,1,0.0,0,0,,2,2,1.0,0,1,1,0,0,2,1,0,2
2021-02-27_uc_davis_cal_poly,UC Davis,10,"Svanholm, Lena",False,6,1,2,0.5,0,1,0.0,0,0,,0,1,1,0,0,0,1,0,2
2021-02-27_uc_davis_cal_poly,UC Davis,41,"Shine, Bria",False,4,0,0,,0,0,,1,2,0.5,0,1,1,1,1,1,0,0,1
2021-02-27_uc_davis_cal_poly,UC Davis,11,"Stobbart, Sage",False,32,0,6,0.0,0,0,,0,0,,1,5,6,2,1,1,1,1,0
2021-02-27_uc_davis_cal_poly,UC Davis,04,"Carreon, Allie",False,5,0,0,,0,0,,0,0,,0,1,1,0,0,0,0,0,0
2021-02-27_uc_davis_cal_poly,UC Davis,42,"Lilly, Kenedy",False,,0,0,,0,0,,0,0,,0,0,0,0,0,0,0,0,0
2021-02-27_uc_davis_cal_poly,UC Davis,TM,TEAM,False,0,0,0,,0,0,,0,0,,0,4,4,0,0,0,0,0,0
2021-02-27_long_beach_st_hawaii,Hawaii,25,"Atwell, Amy",True,40,9,16,0.562,4,7,0.571,1,1,1.0,1,3,4,2,2,1,0,2,23
2021-02-27_long_beach_st_hawaii,Hawaii,21,"Neubert, Kasey",True,32,5,7,0.714,0,0,,4,7,0.571,1,8,9,1,2,0,1,0,14
2021-02-27_long_beach_st_hawaii,Hawaii,15,"Alexander, Jadynn",True,42,4,5,0.8,2,3,0.667,0,1,0.0,1,2,3,3,1,2,0,0,10
2021-02-27_long_beach_st_hawaii,Hawaii,1,"Imai, Kelsie",True,34,4,8,0.5,2,5,0.4,0,2,0.0,2,5,7,2,2,5,0,0,10
2021-02-27_long_beach_st_hawaii,Hawaii,11,"Davies, Olivia",True,22,2,8,0.25,1,2,0.5,0,0,,0,3,3,4,4,3,0,2,5
2021-02-27_long_beach_st_hawaii,Hawaii,00,"Phillips, Daejah",False,33,3,13,0.231,0,4,0.0,2,2,1.0,1,4,5,1,6,2,0,1,8
2021-02-27_long_beach_st_hawaii,Hawaii,4,"Orji, Nnenna",False,11,2,5,0.4,0,0,,2,4,0.5,3,0,3,0,0,3,0,1,6
2021-02-27_long_beach_st_hawaii,Hawaii,23,"McBee, Meilani",False,8,0,1,0.0,0,1,0.0,0,0,,0,1,1,1,0,0,0,0,0
2021-02-27_long_beach_st_hawaii,Hawaii,10,"Viena, Dakota",False,3,0,1,0.0,0,0,,0,0,,0,0,0,0,0,0,0,0,0
2021-02-27_long_beach_st_hawaii,Hawaii,TM,TEAM,False,0,0,0,,0,0,,0,0,,3,0,3,0,0,0,0,0,0
2021-02-27_long_beach_st_hawaii,Long Beach St.,10,"King, Justina",True,42,7,18,0.389,0,6,0.0,0,0,,2,3,5,1,2,6,1,2,14
2021-02-27_long_beach_st_hawaii,Long Beach St.,00,"Berry, Ma'qhi",True,34,5,14,0.357,0,4,0.0,2,3,0.667,2,5,7,1,2,1,0,1,12
2021-02-27_long_beach_st_hawaii,Long Beach St.,42,"Hunt, Naomi",True,42,5,13,0.385,1,6,0.167,0,2,0.0,0,3,3,2,2,0,0,3,11
2021-02-27_long_beach_st_hawaii,Long Beach St.,25,"Hamilton-fisher, Kianna",True,31,3,7,0.429,0,1,0.0,0,0,,1,0,1,1,2,2,0,1,6
2021-02-27_long_beach_st_hawaii,Long Beach St.,30,"Chung, Patricia",True,8,1,2,0.5,0,0,,0,0,,1,0,1,0,0,0,0,0,2
2021-02-27_long_beach_st_hawaii,Long Beach St.,11,"Hardy, Jasmine",False,37,8,12,0.667,3,4,0.75,5,6,0.833,4,5,9,3,2,1,1,1,24
2021-02-27_long_beach_st_hawaii,Long Beach St.,2,"Tucker, Savannah",False,20,0,5,0.0,0,3,0.0,4,4,1.0,2,3,5,4,2,0,2,0,4
2021-02-27_long_beach_st_hawaii,Long Beach St.,12,"Jeskeova, Kristyna",False,11,0,0,,0,0,,0,0,,0,2,2,1,0,1,1,1,0
2021-02-27_long_beach_st_hawaii,Long Beach St.,TM,TEAM,False,0,0,0,,0,0,,0,0,,2,1,3,0,0,0,0,0,0
2021-02-27_uc_san_diego_uc_irvine,UC Irvine,04,"Williams, Kayla",True,37,5,15,0.333,1,5,0.2,5,6,0.833,1,5,6,0,4,4,0,5,16
2021-02-27_uc_san_diego_uc_irvine,UC Irvine,02,"Webb, Chloe",True,32,4,11,0.364,0,0,,5,5,1.0,1,13,14,3,2,2,2,0,13
2021-02-27_uc_san_diego_uc_irvine,UC Irvine,35,"Locandro, Sophia",True,22,3,11,0.273,1,4,0.25,2,2,1.0,0,3,3,2,2,1,2,1,9
2021-02-27_uc_san_diego_uc_irvine,UC Irvine,11,"Garza, Tahlia",True,27,2,3,0.667,0,0,,0,0,,3,6,9,1,2,0,4,0,4
2021-02-27_uc_san_diego_uc_irvine,UC Irvine,20,"Guglielmo, Dani",True,24,1,4,0.25,1,3,0.333,0,0,,1,3,4,0,2,0,0,0,3
2021-02-27_uc_san_diego_uc_irvine,UC Irvine,23,"Baker, Victoria",False,21,2,8,0.25,2,4,0.5,3,4,0.75,1,2,3,0,1,3,0,0,9
2021-02-27_uc_san_diego_uc_irvine,UC Irvine,33,"Kaupu, Caiyle",False,17,2,4,0.5,1,1,1.0,2,2,1.0,2,2,4,2,0,2,0,0,7
2021-02-27_uc_san_diego_uc_irvine,UC Irvine,10,"Cadee, Jayde",False,15,1,2,0.5,1,2,0.5,0,0,,0,0,0,1,0,1,0,0,3
2021-02-27_uc_san_diego_uc_irvine,UC Irvine,24,"Kapinga, Melodie",False,5,0,0,,0,0,,0,0,,0,0,0,2,0,0,0,1,0
2021-02-27_uc_san_diego_uc_irvine,UC Irvine,TM,TEAM,False,0,0,0,,0,0,,0,0,,1,2,3,0,0,0,0,0,0
2021-02-27_uc_san_diego_uc_irvine,UC San Diego,13,"Brown, Sydney",True,37,8,18,0.444,3,7,0.429,2,2,1.0,5,8,13,3,2,2,1,0,21
2021-02-27_uc_san_diego_uc_irvine,UC San Diego,02,"Turner, Tyla",True,35,6,16,0.375,0,4,0.0,2,3,0.667,5,4,9,4,6,1,0,2,14
2021-02-27_uc_san_diego_uc_irvine,UC San Diego,15,"Claros, Brianna",True,31,2,12,0.167,2,9,0.222,0,0,,0,0,0,0,0,2,0,0,6
2021-02-27_uc_san_diego_uc_irvine,UC San Diego,04,"Cangelosi, Emily",True,8,1,3,0.333,1,1,1.0,0,0,,1,1,2,4,0,1,0,0,3
2021-02-27_uc_san_diego_uc_irvine,UC San Diego,30,"Ybarra-Harvey, Layla",True,22,1,6,0.167,0,0,,0,0,,3,2,5,3,1,2,0,0,2
2021-02-27_uc_san_diego_uc_irvine,UC San Diego,10,"Macabuhay, Julia",False,18,3,12,0.25,1,8,0.125,0,0,,0,2,2,2,3,1,0,1,7
2021-02-27_uc_san_diego_uc_irvine,UC San Diego,32,"Montgomery, Parker",False,28,2,4,0.5,1,3,0.333,0,0,,0,4,4,0,3,0,0,3,5
2021-02-27_uc_san_diego_uc_irvine,UC San Diego,11,"Brown, Aishah",False,18,0,1,0.0,0,0,,0,0,,1,3,4,1,0,4,2,3,0
2021-02-27_uc_san_diego_uc_irvine,UC San Diego,40,"Herrmann, Emerson",False,3,0,1,0.0,0,0,,0,0,,0,1,1,0,0,0,0,0,0
2021-02-27_uc_san_diego_uc_irvine,UC San Diego,TM,TEAM,False,0,0,0,,0,0,,0,0,,0,4,4,0,0,0,0,0,0
2021-02-27_uc_santa_barbara_uc_riverside,UC Riverside,05,Lauryn Pointer,True,34,3,4,0.75,1,1,1.0,6,9,0.667,0,3,3,2,2,1,1,1,13
2021-02-27_uc_santa_barbara_uc_riverside,UC Riverside,03,Joy Campbell,True,27,2,10,0.2,0,0,,1,2,0.5,0,2,2,5,5,2,0,1,5
2021-02-27_uc_santa_barbara_uc_riverside,UC Riverside,04,Jada Holland,True,12,2,5,0.4,0,1,0.0,0,0,,0,0,0,1,2,0,0,0,4
2021-02-27_uc_santa_barbara_uc_riverside,UC Riverside,12,Kari Kyrkjebo,True,24,1,4,0.25,0,0,,1,2,0.5,4,3,7,5,2,0,0,1,3
2021-02-27_uc_santa_barbara_uc_riverside,UC Riverside,32,Bryanna Brady,True,8,1,2,0.5,0,0,,0,0,,0,1,1,1,0,1,1,0,2
2021-02-27_uc_santa_barbara_uc_riverside,UC Riverside,00,Jordan Webster,False,23,5,9,0.556,1,4,0.25,8,9,0.889,2,4,6,2,1,1,0,0,19
2021-02-27_uc_santa_barbara_uc_riverside,UC Riverside,10,Keilanei Cooper,False,26,6,18,0.333,3,5,0.6,1,2,0.5,0,3,3,5,2,1,0,1,16
2021-02-27_uc_santa_barbara_uc_riverside,UC Riverside,13,Georgia Ohiaeri,False,24,3,8,0.375,1,1,1.0,1,2,0.5,0,1,1,1,0,1,0,0,8
2021-02-27_uc_santa_barbara_uc_riverside,UC Riverside,20,Samantha Fries,False,13,3,3,1.0,0,0,,0,0,,1,2,3,1,0,0,0,0,6
2021-02-27_uc_santa_barbara_uc_riverside,UC Riverside,01,Suzan Kinran,False,8,0,3,0.0,0,2,0.0,0,0,,0,0,0,3,1,0,0,0,0
2021-02-27_uc_santa_barbara_uc_riverside,UC Riverside,21,Andrianna Kasapi,False,1,0,0,,0,0,,0,0,,0,0,0,0,0,0,0,0,0
2021-02-27_uc_santa_barbara_uc_riverside,UC Riverside,TM,TEAM,False,0,0,0,,0,0,,0,0,,6,1,7,0,0,0,0,0,0
2021-02-27_uc_santa_barbara_uc_riverside,UC Santa Barbara,10,"Jones, Doris",True,38,13,17,0.765,1,2,0.5,8,14,0.571,5,5,10,1,1,1,2,0,35
2021-02-27_uc_santa_barbara_uc_riverside,UC Santa Barbara,00,"Miller, Danae",True,40,6,11,0.545,0,1,0.0,5,6,0.833,0,2,2,3,3,3,0,0,17
2021-02-27_uc_santa_barbara_uc_riverside,UC Santa Barbara,11,"Lee, Lauren",True,31,3,5,0.6,0,0,,2,4,0.5,3,7,10,5,2,1,0,0,8
2021-02-27_uc_santa_barbara_uc_riverside,UC Santa Barbara,24,"Marin, Alyssa",True,10,2,3,0.667,0,1,0.0,4,4,1.0,0,1,1,1,0,1,0,0,8
2021-02-27_uc_santa_barbara_uc_riverside,UC Santa Barbara,12,"Mole, Taylor",True,22,1,4,0.25,0,1,0.0,3,4,0.75,1,5,6,3,1,2,0,0,5
2021-02-27_uc_santa_barbara_uc_riverside,UC Santa Barbara,30,"Anderson, Megan",False,20,2,7,0.286,1,5,0.2,2,2,1.0,0,4,4,2,0,1,0,0,7
2021-02-27_uc_santa_barbara_uc_riverside,UC Santa Barbara,04,"Choice, Anya",False,23,1,5,0.2,1,3,0.333,0,0,,0,1,1,4,4,1,0,0,3
2021-02-27_uc_santa_barbara_uc_riverside,UC Santa Barbara,02,Briana Anugwom,False,15,0,2,0.0,0,1,0.0,0,0,,0,5,5,1,0,1,0,0,0
2021-02-27_uc_santa_barbara_uc_riverside,UC Santa Barbara,21,"Shulman, Mira",False,1,0,0,,0,0,,0,0,,0,0,0,0,0,0,0,0,0
2021-02-27_uc_santa_barbara_uc_riverside,UC Santa Barbara,TM,TEAM,False,0,0,0,,0,0,,0,0,,1,2,3,0,0,2,0,0,0
2021-03-05_hawaii_uc_davis,UC Davis,32,"Hall, Cierra",True,33,3,12,0.25,3,6,0.5,9,10,0.9,2,3,5,5,3,3,0,1,18
2021-03-05_hawaii_uc_davis,UC Davis,00,"Trpcic, Mackenzie",True,40,5,11,0.455,1,2,0.5,2,2,1.0,1,2,3,2,5,4,0,1,13
2021-03-05_hawaii_uc_davis,UC Davis,11,"Stobbart, Sage",True,37,5,13,0.385,0,3,0.0,2,2,1.0,1,12,13,4,3,2,9,1,12
2021-03-05_hawaii_uc_davis,UC Davis,23,"Konrad, Kayla",True,38,4,10,0.4,0,4,0.0,0,0,,0,3,3,3,3,1,0,3,8
2021-03-05_hawaii_uc_davis,UC Davis,15,"Turner, Evanne",True,31,1,5,0.2,1,3,0.333,0,0,,0,2,2,1,0,1,1,0,3
2021-03-05_hawaii_uc_davis,UC Davis,13,"Harris, Mazatlan",False,11,2,3,0.667,1,2,0.5,1,2,0.5,0,5,5,2,0,0,0,0,6
2021-03-05_hawaii_uc_davis,UC Davis,41,"Shine, Bria",False,5,0,1,0.0,0,0,,0,0,,0,0,0,0,0,0,1,0,0
2021-03-05_hawaii_uc_davis,UC Davis,04,"Carreon, Allie",False,2,0,1,0.0,0,1,0.0,0,0,,0,0,0,0,0,0,0,0,0
2021-03-05_hawaii_uc_davis,UC Davis,10,"Svanholm, Lena",False,2,0,0,,0,0,,0,0,,0,0,0,0,0,0,0,0,0
2021-03-05_hawaii_uc_davis,UC Davis,14,"Gibb, Emma",False,1,0,0,,0,0,,0,0,,1,0,1,0,0,0,0,0,0
2021-03-05_hawaii_uc_davis,UC Davis,TM,TEAM,False,0,0,0,,0,0,,0,0,,0,2,2,0,0,0,0,0,0
2021-03-05_hawaii_uc_davis,Hawaii,25,"Atwell, Amy",True,36,5,13,0.385,2,4,0.5,4,6,0.667,2,4,6,0,2,0,0,3,16
2021-03-05_hawaii_uc_davis,Hawaii,15,"Alexander, Jadynn",True,28,5,10,0.5,2,6,0.333,0,0,,3,2,5,3,0,1,0,0,12
2021-03-05_hawaii_uc_davis,Hawaii,01,"Imai, Kelsie",True,32,3,12,0.25,2,4,0.5,2,3,0.667,3,9,12,3,4,5,1,3,10
2021-03-05_hawaii_uc_davis,Hawaii,11,"Davies, Olivia",True,27,2,5,0.4,0,0,,5,5,1.0,0,3,3,2,2,0,0,0,9
2021-03-05_hawaii_uc_davis,Hawaii,21,"Neubert, Kasey",True,30,2,13,0.154,1,2,0.5,2,2,1.0,3,6,9,2,2,2,0,1,7
2021-03-05_hawaii_uc_davis,Hawaii,23,"McBee, MeiLani",False,15,3,6,0.5,2,5,0.4,1,1,1.0,0,0,0,0,0,0,0,0,9
2021-03-05_hawaii_uc_davis,Hawaii,00,"Phillips, Daejah",False,22,2,3,0.667,0,0,,0,1,0.0,0,2,2,3,0,0,0,0,4
2021-03-05_hawaii_uc_davis,Hawaii,04,"Orji, Nnenna",False,10,1,3,0.333,0,0,,1,2,0.5,0,1,1,3,0,1,0,0,3
2021-03-05_hawaii_uc_davis,Hawaii,10,"Viena, Dakota",False,,0,0,,0,0,,0,0,,0,0,0,0,0,0,0,0,0
2021-03-05_hawaii_uc_davis,Hawaii,TM,TEAM,False,0,0,0,,0,0,,0,0,,2,3,5,0,0,0,0,0,0
2021-03-05_uc_irvine_long_beach_st,Long Beach St.,42,"Hunt, Naomi",True,33,8,13,0.615,3,6,0.5,2,5,0.4,0,4,4,3,1,5,1,1,21
2021-03-05_uc_irvine_long_beach_st,Long Beach St.,25,"Hamilton-fisher, Kianna",True,27,7,13,0.538,0,3,0.0,0,0,,3,1,4,2,2,1,0,2,14
2021-03-05_uc_irvine_long_beach_st,Long Beach St.,10,"King, Justina",True,35,2,12,0.167,0,2,0.0,6,8,0.75,0,3,3,0,6,3,0,3,10
2021-03-05_uc_irvine_long_beach_st,Long Beach St.,00,"Berry, Ma'qhi",True,21,2,5,0.4,0,1,0.0,3,3,1.0,1,3,4,3,4,1,0,1,7
2021-03-05_uc_irvine_long_beach_st,Long Beach St.,30,"Chung, Patricia",True,25,2,7,0.286,0,1,0.0,2,2,1.0,2,0,2,0,3,0,0,1,6
2021-03-05_uc_irvine_long_beach_st,Long Beach St.,11,"Hardy, Jasmine",False,24,4,5,0.8,1,2,0.5,1,1,1.0,1,3,4,0,0,2,0,0,10
2021-03-05_uc_irvine_long_beach_st,Long Beach St.,12,"Jeskeova, Kristyna",False,30,0,3,0.0,0,2,0.0,2,2,1.0,1,6,7,5,1,2,2,3,2
2021-03-05_uc_irvine_long_beach_st,Long Beach St.,1,"Lacy, Imani",False,3,0,0,,0,0,,0,0,,0,0,0,0,0,0,0,0,0
2021-03-05_uc_irvine_long_beach_st,Long Beach St.,2,"Tucker, Savannah",False,2,0,0,,0,0,,0,0,,0,0,0,0,0,1,0,0,0
2021-03-05_uc_irvine_long_beach_st,Long Beach St.,TM,TEAM,False,0,0,0,,0,0,,0,0,,1,4,5,0,0,2,0,0,0
2021-03-05_uc_irvine_long_beach_st,UC Irvine,4,"Williams, Kayla",True,35,7,15,0.467,4,9,0.444,0,0,,2,8,10,1,6,4,0,6,18
2021-03-05_uc_irvine_long_beach_st,UC Irvine,35,"Locandro, Sophia",True,24,4,7,0.571,0,0,,2,2,1.0,3,3,6,5,0,2,0,3,10
2021-03-05_uc_irvine_long_beach_st,UC Irvine,20,"Guglielmo, Dani",True,19,3,4,0.75,3,4,0.75,0,0,,0,2,2,1,0,1,0,0,9
2021-03-05_uc_irvine_long_beach_st,UC Irvine,21,"Talbert, Haleigh",True,36,2,7,0.286,1,3,0.333,3,3,1.0,0,2,2,0,6,3,0,0,8
2021-03-05_uc_irvine_long_beach_st,UC Irvine,11,"Garza, Tahlia",True,20,2,3,0.667,0,0,,1,2,0.5,0,1,1,3,1,0,0,0,5
2021-03-05_uc_irvine_long_beach_st,UC Irvine,2,"Webb, Chloe",False,33,7,10,0.7,1,1,1.0,6,8,0.75,0,3,3,2,4,3,0,1,21
2021-03-05_uc_irvine_long_beach_st,UC Irvine,10,"Cadee, Jayde",False,15,2,6,0.333,2,6,0.333,0,0,,0,1,1,0,1,2,0,0,6
2021-03-05_uc_irvine_long_beach_st,UC Irvine,23,"Baker, Victoria",False,10,0,3,0.0,0,2,0.0,2,4,0.5,0,0,0,0,1,0,0,2,2
2021-03-05_uc_irvine_long_beach_st,UC Irvine,24,"Kapinga, Melodie",False,6,0,2,0.0,0,0,,0,0,,0,0,0,0,1,0,0,0,0
2021-03-05_uc_irvine_long_beach_st,UC Irvine,33,"Kaupu, Caiyle",False,2,0,0,,0,0,,0,0,,0,0,0,0,0,0,0,0,0
2021-03-05_uc_irvine_long_beach_st,UC Irvine,TM,TEAM,False,0,0,0,,0,0,,0,0,,4,2,6,0,0,1,0,0,0
2021-03-05_cal_st_fullerton_uc_san_diego,UC San Diego,04,Emily Cangelosi,True,37,6,11,0.545,4,8,0.5,0,0,,3,0,3,2,3,0,0,1,16
2021-03-05_cal_st_fullerton_uc_san_diego,UC San Diego,02,Tyla Turner,True,27,6,17,0.353,1,5,0.2,2,2,1.0,4,3,7,2,4,3,1,1,15
2021-03-05_cal_st_fullerton_uc_san_diego,UC San Diego,13,Sydney Brown,True,35,5,10,0.5,3,7,0.429,0,0,,0,6,6,4,2,2,0,0,13
2021-03-05_cal_st_fullerton_uc_san_diego,UC San Diego,15,Brianna Claros,True,34,3,9,0.333,2,7,0.286,0,0,,0,2,2,1,5,0,0,0,8
2021-03-05_cal_st_fullerton_uc_san_diego,UC San Diego,30,Layla Ybarra-Harvey,True,15,0,2,0.0,0,0,,0,0,,0,1,1,1,0,0,0,0,0
2021-03-05_cal_st_fullerton_uc_san_diego,UC San Diego,32,Parker Montgomery,False,24,1,6,0.167,1,5,0.2,0,0,,0,2,2,1,2,2,1,1,3
2021-03-05_cal_st_fullerton_uc_san_diego,UC San Diego,11,Aishah Brown,False,14,0,2,0.0,0,0,,2,2,1.0,3,1,4,1,0,0,0,0,2
2021-03-05_cal_st_fullerton_uc_san_diego,UC San Diego,10,Julia Macabuhay,False,8,0,1,0.0,0,1,0.0,0,0,,0,0,0,1,1,1,0,0,0
2021-03-05_cal_st_fullerton_uc_san_diego,UC San Diego,12,Madison Baxter,False,3,0,2,0.0,0,2,0.0,0,0,,0,0,0,0,0,0,0,0,0
2021-03-05_cal_st_fullerton_uc_san_diego,UC San Diego,25,Kendal  Ellenbeck,False,3,0,1,0.0,0,1,0.0,0,0,,0,0,0,0,0,1,0,0,0
2021-03-05_cal_st_fullerton_uc_san_diego,UC San Diego,TM,TEAM,False,0,0,0,,0,0,,0,0,,3,0,3,0,0,3,0,0,0
2021-03-05_cal_st_fullerton_uc_san_diego,Cal St. Fullerton,11,"Krupa, Joy",True,37,4,10,0.4,1,1,1.0,5,6,0.833,2,6,8,2,4,5,1,2,14
2021-03-05_cal_st_fullerton_uc_san_diego,Cal St. Fullerton,00,"Frey, Anniken",True,34,4,10,0.4,2,5,0.4,1,2,0.5,0,2,2,2,4,1,0,0,11
2021-03-05_cal_st_fullerton_uc_san_diego,Cal St. Fullerton,15,"Mensah, Janette",True,25,4,7,0.571,0,0,,1,1,1.0,5,4,9,1,0,2,1,0,9
2021-03-05_cal_st_fullerton_uc_san_diego,Cal St. Fullerton,04,"Vidmar, Gabi",True,32,4,7,0.571,0,3,0.0,0,0,,0,2,2,1,2,0,0,2,8
2021-03-05_cal_st_fullerton_uc_san_diego,Cal St. Fullerton,24,"Neff, Kathryn",True,37,3,8,0.375,1,6,0.167,0,0,,1,2,3,0,3,2,2,0,7
2021-03-05_cal_st_fullerton_uc_san_diego,Cal St. Fullerton,05,"Rodarte, Clarissa",False,18,3,5,0.6,0,1,0.0,0,2,0.0,1,2,3,3,1,2,0,0,6
2021-03-05_cal_st_fullerton_uc_san_diego,Cal St. Fullerton,33,"Stratford, Bella",False,17,1,3,0.333,0,1,0.0,3,4,0.75,0,2,2,2,0,2,2,2,5
2021-03-05_cal_st_fullerton_uc_san_diego,Cal St. Fullerton,TM,TEAM,False,0,0,0,,0,0,,0,0,,4,2,6,0,0,1,0,0,0
2021-03-05_cal_poly_uc_santa_barbara,UC Santa Barbara,00,"Miller, Danae",True,30,5,11,0.455,2,4,0.5,0,0,,1,0,1,0,2,2,0,0,12
2021-03-05_cal_poly_uc_santa_barbara,UC Santa Barbara,12,"Mole, Taylor",True,27,2,5,0.4,1,2,0.5,4,4,1.0,0,7,7,1,0,4,2,0,9
2021-03-05_cal_poly_uc_santa_barbara,UC Santa Barbara,10,"Jones, Doris",True,21,2,7,0.286,0,0,,0,0,,0,3,3,1,2,2,0,0,4
2021-03-05_cal_poly_uc_santa_barbara,UC Santa Barbara,11,"Lee, Lauren",True,20,0,4,0.0,0,0,,0,0,,3,3,6,0,1,0,0,2,0
2021-03-05_cal_poly_uc_santa_barbara,UC Santa Barbara,24,"Marin, Alyssa",True,18,0,4,0.0,0,3,0.0,0,0,,0,0,0,0,1,2,0,0,0
2021-03-05_cal_poly_uc_santa_barbara,UC Santa Barbara,30,"Anderson, Megan",False,24,3,8,0.375,1,3,0.333,2,2,1.0,3,3,6,1,0,3,1,0,9
2021-03-05_cal_poly_uc_santa_barbara,UC Santa Barbara,4,"Choice, Anya",False,29,1,5,0.2,1,4,0.25,4,4,1.0,0,1,1,0,4,4,0,1,7
2021-03-05_cal_poly_uc_santa_barbara,UC Santa Barbara,21,"Shulman, Mira",False,10,1,4,0.25,1,3,0.333,0,0,,0,1,1,0,0,3,0,0,3
2021-03-05_cal_poly_uc_santa_barbara,UC Santa Barbara,2,"Anugwom, Briana",False,21,1,2,0.5,0,0,,0,0,,1,2,3,1,2,1,0,2,2
2021-03-05_cal_poly_uc_santa_barbara,UC Santa Barbara,TM,TEAM,False,0,0,0,,0,0,,0,0,,2,1,3,0,0,2,0,0,0
2021-03-05_cal_poly_uc_santa_barbara,Cal Poly,52,"Campisano, Sierra",True,35,8,10,0.8,1,2,0.5,0,0,,0,6,6,1,4,4,1,0,17
2021-03-05_cal_poly_uc_santa_barbara,Cal Poly,33,"Willett, Maddie",True,32,6,15,0.4,3,8,0.375,0,0,,4,3,7,1,2,2,0,1,15
2021-03-05_cal_poly_uc_santa_barbara,Cal Poly,1,"Ellis, Abbey",True,27,6,14,0.429,2,5,0.4,0,0,,1,5,6,2,2,2,1,4,14
2021-03-05_cal_poly_uc_santa_barbara,Cal Poly,5,"Holt, Malia",True,23,2,4,0.5,1,3,0.333,0,0,,1,1,2,1,7,0,1,0,5
2021-03-05_cal_poly_uc_santa_barbara,Cal Poly,25,"Brown, Kirsty",True,15,2,5,0.4,0,0,,0,0,,1,3,4,4,0,2,0,0,4
2021-03-05_cal_poly_uc_santa_barbara,Cal Poly,14,"Scanlan, Hannah",False,19,3,6,0.5,0,0,,0,0,,0,4,4,2,3,0,1,1,6
2021-03-05_cal_poly_uc_santa_barbara,Cal Poly,13,"Vick, Maddie",False,13,2,4,0.5,1,1,1.0,0,0,,0,0,0,1,4,0,0,1,5
2021-03-05_cal_poly_uc_santa_barbara,Cal Poly,22,"Peterson, Hannah",False,11,1,2,0.5,1,2,0.5,0,0,,1,0,1,0,0,1,1,1,3
2021-03-05_cal_poly_uc_santa_barbara,Cal Poly,2,"Govan, Chantel",False,9,1,1,1.0,1,1,1.0,0,0,,0,1,1,1,3,0,0,0,3
2021-03-05_cal_poly_uc_santa_barbara,Cal Poly,24,"Stachowski, Zoe",False,3,1,2,0.5,0,0,,0,0,,1,0,1,0,0,0,0,0,2
2021-03-05_cal_poly_uc_santa_barbara,Cal Poly,32,"Collins, Lucy",False,1,1,1,1.0,0,0,,0,0,,0,0,0,0,0,0,0,1,2
2021-03-05_cal_poly_uc_santa_barbara,Cal Poly,15,"Hunter, Leslie",False,3,0,1,0.0,0,0,,0,0,,0,0,0,0,1,2,0,0,0
2021-03-05_cal_poly_uc_santa_barbara,Cal Poly,23,"Nikolova, Ivana",False,2,0,0,,0,0,,0,0,,0,0,0,0,0,0,0,0,0
2021-03-05_cal_poly_uc_santa_barbara,Cal Poly,31,"Silvestri, Gianna",False,2,0,0,,0,0,,0,0,,0,1,1,0,1,0,0,0,0
2021-03-05_cal_poly_uc_santa_barbara,Cal Poly,3,"Svetich, Lily",False,1,0,0,,0,0,,0,0,,1,0,1,0,1,0,0,0,0
2021-03-05_cal_poly_uc_santa_barbara,Cal Poly,11,"Dickson, Junie",False,1,0,0,,0,0,,0,0,,0,0,0,0,0,0,0,0,0
2021-03-05_cal_poly_uc_santa_barbara,Cal Poly,20,"Bliss, Grace",False,1,0,1,0.0,0,1,0.0,0,0,,0,0,0,0,0,1,0,0,0
2021-03-05_cal_poly_uc_santa_barbara,Cal Poly,21,"Price, Amanda",False,1,0,0,,0,0,,0,0,,0,0,0,0,0,0,0,0,0
2021-03-05_cal_poly_uc_santa_barbara,Cal Poly,35,"Ackerman, Natalia",False,1,0,1,0.0,0,0,,0,0,,0,1,1,0,0,0,0,1,0
2021-03-05_cal_poly_uc_santa_barbara,Cal Poly,TM,TEAM,False,0,0,0,,0,0,,0,0,,3,0,3,0,0,0,0,0,0
2021-03-06_hawaii_uc_davis,UC Davis,15,"Turner, Evanne",True,31,4,8,0.5,3,5,0.6,2,2,1.0,1,5,6,3,1,4,0,2,13
2021-03-06_hawaii_uc_davis,UC Davis,32,"Hall, Cierra",True,36,3,12,0.25,0,4,0.0,6,10,0.6,0,4,4,0,2,0,0,1,12
2021-03-06_hawaii_uc_davis,UC Davis,11,"Stobbart, Sage",True,33,5,9,0.556,0,1,0.0,2,2,1.0,0,9,9,3,1,2,4,0,12
2021-03-06_hawaii_uc_davis,UC Davis,23,"Konrad, Kayla",True,37,3,6,0.5,2,3,0.667,1,4,0.25,2,2,4,4,0,1,0,1,9
2021-03-06_hawaii_uc_davis,UC Davis,00,"Trpcic, Mackenzie",True,37,2,8,0.25,2,5,0.4,2,2,1.0,1,7,8,3,7,2,0,0,8
2021-03-06_hawaii_uc_davis,UC Davis,13,"Harris, Mazatlan",False,20,0,5,0.0,0,3,0.0,0,0,,1,1,2,2,0,1,0,2,0
2021-03-06_hawaii_uc_davis,UC Davis,10,"Svanholm, Lena",False,4,0,0,,0,0,,0,0,,0,0,0,0,0,1,0,0,0
2021-03-06_hawaii_uc_davis,UC Davis,41,"Shine, Bria",False,2,0,1,0.0,0,0,,0,0,,0,0,0,0,0,1,0,0,0
2021-03-06_hawaii_uc_davis,UC Davis,04,"Carreon, Allie",False,,0,0,,0,0,,0,0,,0,0,0,0,0,0,0,1,0
2021-03-06_hawaii_uc_davis,UC Davis,42,"Lilly, Kenedy",False,,0,0,,0,0,,0,0,,0,0,0,0,0,0,0,0,0
2021-03-06_hawaii_uc_davis,UC Davis,TM,TEAM,False,0,0,0,,0,0,,0,0,,0,1,1,0,0,0,0,0,0
2021-03-06_hawaii_uc_davis,Hawaii,11,"Davies, Olivia",True,36,4,10,0.4,3,5,0.6,2,4,0.5,2,7,9,1,1,4,0,1,13
2021-03-06_hawaii_uc_davis,Hawaii,25,"Atwell, Amy",True,36,4,9,0.444,1,5,0.2,2,4,0.5,3,6,9,0,0,1,0,2,11
2021-03-06_hawaii_uc_davis,Hawaii,15,"Alexander, Jadynn",True,26,0,7,0.0,0,4,0.0,2,2,1.0,1,1,2,5,1,2,0,0,2
2021-03-06_hawaii_uc_davis,Hawaii,01,"Imai, Kelsie",True,30,0,5,0.0,0,1,0.0,0,0,,2,3,5,3,3,1,0,0,0
2021-03-06_hawaii_uc_davis,Hawaii,44,"Rangel, Barbara",True,3,0,1,0.0,0,0,,0,0,,0,0,0,1,0,0,0,0,0
2021-03-06_hawaii_uc_davis,Hawaii,21,"Neubert, Kasey",False,23,4,14,0.286,0,2,0.0,4,5,0.8,4,3,7,2,1,3,0,0,12
2021-03-06_hawaii_uc_davis,Hawaii,00,"Phillips, Daejah",False,28,2,7,0.286,0,2,0.0,2,3,0.667,1,7,8,3,2,3,0,0,6
2021-03-06_hawaii_uc_davis,Hawaii,04,"Orji, Nnenna",False,9,1,4,0.25,0,1,0.0,0,0,,0,1,1,3,0,0,0,0,2
2021-03-06_hawaii_uc_davis,Hawaii,23,"McBee, MeiLani",False,9,0,0,,0,0,,0,0,,1,0,1,2,0,2,1,0,0
2021-03-06_hawaii_uc_davis,Hawaii,TM,TEAM,False,0,0,0,,0,0,,0,0,,1,3,4,0,0,0,0,0,0
2021-03-06_uc_irvine_long_beach_st,Long Beach St.,42,"Hunt, Naomi",True,31,8,9,0.889,4,4,1.0,1,2,0.5,0,2,2,1,1,2,0,4,21
2021-03-06_uc_irvine_long_beach_st,Long Beach St.,10,"King, Justina",True,35,6,12,0.5,1,2,0.5,3,4,0.75,1,2,3,1,3,6,0,1,16
2021-03-06_uc_irvine_long_beach_st,Long Beach St.,00,"Berry, Ma'qhi",True,24,5,8,0.625,0,0,,0,0,,0,0,0,2,6,0,0,3,10
2021-03-06_uc_irvine_long_beach_st,Long Beach St.,2,"Tucker, Savannah",True,17,1,2,0.5,0,1,0.0,4,6,0.667,0,2,2,4,0,1,0,2,6
2021-03-06_uc_irvine_long_beach_st,Long Beach St.,12,"Jeskeova, Kristyna",True,29,0,3,0.0,0,2,0.0,4,4,1.0,1,2,3,4,2,2,0,5,4
2021-03-06_uc_irvine_long_beach_st,Long Beach St.,11,"Hardy, Jasmine",False,20,3,3,1.0,0,0,,4,4,1.0,1,7,8,3,0,1,0,0,10
2021-03-06_uc_irvine_long_beach_st,Long Beach St.,1,"Lacy, Imani",False,8,1,2,0.5,0,0,,4,7,0.571,0,2,2,1,0,1,1,0,6
2021-03-06_uc_irvine_long_beach_st,Long Beach St.,25,"Hamilton-fisher, Kianna",False,22,1,4,0.25,1,3,0.333,2,2,1.0,0,2,2,0,2,1,1,1,5
2021-03-06_uc_irvine_long_beach_st,Long Beach St.,30,"Chung, Patricia",False,11,0,2,0.0,0,0,,2,4,0.5,0,0,0,2,1,2,0,0,2
2021-03-06_uc_irvine_long_beach_st,Long Beach St.,52,"Arigbabu, Danelle",False,3,0,0,,0,0,,0,0,,0,0,0,0,0,0,0,0,0
2021-03-06_uc_irvine_long_beach_st,Long Beach St.,TM,TEAM,False,0,0,0,,0,0,,0,0,,0,5,5,0,0,0,0,0,0
2021-03-06_uc_irvine_long_beach_st,UC Irvine,21,"Talbert, Haleigh",True,24,3,11,0.273,1,5,0.2,1,2,0.5,0,2,2,2,2,2,0,2,8
2021-03-06_uc_irvine_long_beach_st,UC Irvine,11,"Garza, Tahlia",True,29,3,5,0.6,0,0,,0,0,,1,3,4,3,1,0,0,1,6
2021-03-06_uc_irvine_long_beach_st,UC Irvine,4,"Williams, Kayla",True,16,2,3,0.667,1,1,1.0,0,0,,0,0,0,0,1,4,0,0,5
2021-03-06_uc_irvine_long_beach_st,UC Irvine,20,"Guglielmo, Dani",True,29,0,7,0.0,0,6,0.0,0,0,,1,1,2,2,1,2,0,1,0
2021-03-06_uc_irvine_long_beach_st,UC Irvine,35,"Locandro, Sophia",True,5,0,0,,0,0,,0,0,,0,1,1,3,1,1,0,0,0
2021-03-06_uc_irvine_long_beach_st,UC Irvine,10,"Cadee, Jayde",False,30,4,10,0.4,4,10,0.4,0,0,,0,4,4,2,0,1,0,1,12
2021-03-06_uc_irvine_long_beach_st,UC Irvine,2,"Webb, Chloe",False,27,5,9,0.556,0,0,,1,2,0.5,4,2,6,5,5,2,1,3,11
2021-03-06_uc_irvine_long_beach_st,UC Irvine,23,"Baker, Victoria",False,15,2,6,0.333,0,3,0.0,5,6,0.833,3,0,3,4,1,6,0,0,9
2021-03-06_uc_irvine_long_beach_st,UC Irvine,33,"Kaupu, Caiyle",False,17,3,7,0.429,0,0,,1,2,0.5,1,2,3,1,1,2,0,1,7
2021-03-06_uc_irvine_long_beach_st,UC Irvine,24,"Kapinga, Melodie",False,8,1,1,1.0,0,0,,2,2,1.0,0,1,1,0,0,1,0,0,4
2021-03-06_uc_irvine_long_beach_st,UC Irvine,TM,TEAM,False,0,0,0,,0,0,,0,0,,5,3,8,0,0,0,0,0,0
2021-03-06_cal_st_fullerton_uc_san_diego,UC San Diego,13,Sydney Brown,True,31,7,19,0.368,4,8,0.5,0,1,0.0,1,4,5,4,1,1,1,1,18
2021-03-06_cal_st_fullerton_uc_san_diego,UC San Diego,04,Emily Cangelosi,True,44,4,14,0.286,2,8,0.25,0,0,,3,8,11,3,3,1,0,4,10
2021-03-06_cal_st_fullerton_uc_san_diego,UC San Diego,02,Tyla Turner,True,39,2,12,0.167,2,3,0.667,4,8,0.5,4,0,4,2,5,3,0,3,10
2021-03-06_cal_st_fullerton_uc_san_diego,UC San Diego,15,Brianna Claros,True,40,3,12,0.25,1,8,0.125,0,0,,0,2,2,0,6,1,0,0,7
2021-03-06_cal_st_fullerton_uc_san_diego,UC San Diego,30,Layla Ybarra-Harvey,True,11,1,2,0.5,0,0,,0,0,,1,0,1,2,0,0,0,0,2
2021-03-06_cal_st_fullerton_uc_san_diego,UC San Diego,32,Parker Montgomery,False,26,4,9,0.444,3,6,0.5,2,2,1.0,3,0,3,0,1,0,0,2,13
2021-03-06_cal_st_fullerton_uc_san_diego,UC San Diego,11,Aishah Brown,False,18,1,4,0.25,0,1,0.0,1,2,0.5,1,6,7,0,0,1,1,0,3
2021-03-06_cal_st_fullerton_uc_san_diego,UC San Diego,25,Kendal  Ellenbeck,False,12,0,0,,0,0,,3,4,0.75,0,1,1,0,1,0,0,1,3
2021-03-06_cal_st_fullerton_uc_san_diego,UC San Diego,40,Emerson Herrmann,False,3,1,1,1.0,0,0,,0,0,,0,1,1,0,0,0,0,0,2
2021-03-06_cal_st_fullerton_uc_san_diego,UC San Diego,12,Madison Baxter,False,1,0,0,,0,0,,0,0,,0,0,0,2,0,0,0,0,0
2021-03-06_cal_st_fullerton_uc_san_diego,UC San Diego,TM,TEAM,False,0,0,0,,0,0,,0,0,,1,2,3,0,0,0,0,0,0
2021-03-06_cal_st_fullerton_uc_san_diego,Cal St. Fullerton,00,"Frey, Anniken",True,42,7,14,0.5,4,7,0.571,0,0,,0,4,4,1,2,1,0,1,18
2021-03-06_cal_st_fullerton_uc_san_diego,Cal St. Fullerton,11,"Krupa, Joy",True,41,7,16,0.438,0,0,,2,4,0.5,2,9,11,3,4,9,3,2,16
2021-03-06_cal_st_fullerton_uc_san_diego,Cal St. Fullerton,04,"Vidmar, Gabi",True,37,4,8,0.5,1,5,0.2,0,0,,1,4,5,2,1,0,0,1,9
2021-03-06_cal_st_fullerton_uc_san_diego,Cal St. Fullerton,24,"Neff, Kathryn",True,32,2,4,0.5,0,2,0.0,1,2,0.5,0,8,8,4,0,1,1,0,5
2021-03-06_cal_st_fullerton_uc_san_diego,Cal St. Fullerton,15,"Mensah, Janette",True,14,1,2,0.5,0,0,,0,0,,1,2,3,2,0,4,0,1,2
2021-03-06_cal_st_fullerton_uc_san_diego,Cal St. Fullerton,33,"Stratford, Bella",False,36,5,14,0.357,0,5,0.0,1,1,1.0,0,3,3,3,3,1,1,1,11
2021-03-06_cal_st_fullerton_uc_san_diego,Cal St. Fullerton,05,"Rodarte, Clarissa",False,21,2,4,0.5,0,1,0.0,0,0,,2,5,7,2,0,0,0,0,4
2021-03-06_cal_st_fullerton_uc_san_diego,Cal St. Fullerton,01,"Blanco, Pressila",False,2,0,0,,0,0,,1,2,0.5,0,0,0,0,0,1,0,0,1
2021-03-06_cal_st_fullerton_uc_san_diego,Cal St. Fullerton,TM,TEAM,False,0,0,0,,0,0,,0,0,,4,2,6,0,0,4,0,0,0
2021-03-06_cal_poly_uc_santa_barbara,UC Santa Barbara,00,"Miller, Danae",True,40,6,11,0.545,2,5,0.4,12,12,1.0,2,1,3,1,1,0,0,0,26
2021-03-06_cal_poly_uc_santa_barbara,UC Santa Barbara,12,"Mole, Taylor",True,36,3,8,0.375,2,3,0.667,7,8,0.875,0,8,8,3,1,5,1,0,15
2021-03-06_cal_poly_uc_santa_barbara,UC Santa Barbara,30,"Anderson, Megan",True,38,3,7,0.429,2,4,0.5,4,4,1.0,0,10,10,0,2,0,1,0,12
2021-03-06_cal_poly_uc_santa_barbara,UC Santa Barbara,10,"Jones, Doris",True,37,3,10,0.3,1,1,1.0,2,4,0.5,1,9,10,2,5,6,1,3,9
2021-03-06_cal_poly_uc_santa_barbara,UC Santa Barbara,24,"Marin, Alyssa",True,5,0,0,,0,0,,2,2,1.0,0,0,0,0,0,1,0,0,2
2021-03-06_cal_poly_uc_santa_barbara,UC Santa Barbara,4,"Choice, Anya",False,20,4,9,0.444,1,4,0.25,0,0,,0,0,0,2,2,2,0,0,9
2021-03-06_cal_poly_uc_santa_barbara,UC Santa Barbara,2,"Anugwom, Briana",False,20,2,4,0.5,1,3,0.333,0,0,,0,0,0,0,3,0,0,0,5
2021-03-06_cal_poly_uc_santa_barbara,UC Santa Barbara,21,"Shulman, Mira",False,4,0,1,0.0,0,0,,0,0,,0,1,1,0,0,0,0,0,0
2021-03-06_cal_poly_uc_santa_barbara,UC Santa Barbara,TM,TEAM,False,0,0,0,,0,0,,0,0,,3,1,4,0,0,0,0,0,0
2021-03-06_cal_poly_uc_santa_barbara,Cal Poly,52,"Campisano, Sierra",True,33,7,17,0.412,0,1,0.0,2,2,1.0,5,4,9,5,3,2,2,1,16
2021-03-06_cal_poly_uc_santa_barbara,Cal Poly,25,"Brown, Kirsty",True,31,6,13,0.462,0,1,0.0,0,1,0.0,5,5,10,3,2,2,0,3,12
2021-03-06_cal_poly_uc_santa_barbara,Cal Poly,2,"Govan, Chantel",True,14,1,3,0.333,0,1,0.0,1,2,0.5,0,3,3,3,1,0,0,0,3
2021-03-06_cal_poly_uc_santa_barbara,Cal Poly,5,"Holt, Malia",True,19,1,2,0.5,0,0,,0,0,,0,0,0,1,1,1,0,1,2
2021-03-06_cal_poly_uc_santa_barbara,Cal Poly,22,"Peterson, Hannah",True,7,0,0,,0,0,,0,0,,0,0,0,1,1,0,0,0,0
2021-03-06_cal_poly_uc_santa_barbara,Cal Poly,33,"Willett, Maddie",False,33,3,14,0.214,2,6,0.333,3,3,1.0,3,1,4,3,2,1,0,0,11
2021-03-06_cal_poly_uc_santa_barbara,Cal Poly,1,"Ellis, Abbey",False,27,4,13,0.308,3,9,0.333,0,0,,0,4,4,2,2,4,0,2,11
2021-03-06_cal_poly_uc_santa_barbara,Cal Poly,13,"Vick, Maddie",False,26,4,8,0.5,1,4,0.25,2,2,1.0,0,2,2,4,1,1,0,3,11
2021-03-06_cal_poly_uc_santa_barbara,Cal Poly,14,"Scanlan, Hannah",False,7,1,2,0.5,0,0,,0,0,,1,2,3,0,0,0,0,0,2
2021-03-06_cal_poly_uc_santa_barbara,Cal Poly,24,"Stachowski, Zoe",False,3,0,1,0.0,0,0,,0,0,,1,0,1,1,1,1,0,0,0
2021-03-06_cal_poly_uc_santa_barbara,Cal Poly,TM,TEAM,False,0,0,0,,0,0,,0,0,,3,3,6,0,0,0,0,0,0
2021-03-09_uc_riverside_cal_st_fullerton,Cal St. Fullerton,11,"Krupa, Joy",True,40,8,17,0.471,0,1,0.0,0,2,0.0,4,11,15,2,4,4,0,3,16
2021-03-09_uc_riverside_cal_st_fullerton,Cal St. Fullerton,04,"Vidmar, Gabi",True,39,5,11,0.455,3,7,0.429,0,0,,0,2,2,1,2,5,0,3,13
2021-03-09_uc_riverside_cal_st_fullerton,Cal St. Fullerton,24,"Neff, Kathryn",True,38,3,9,0.333,1,2,0.5,3,4,0.75,2,2,4,2,0,3,1,0,10
2021-03-09_uc_riverside_cal_st_fullerton,Cal St. Fullerton,00,"Frey, Anniken",True,36,2,7,0.286,2,4,0.5,2,2,1.0,0,1,1,0,4,5,1,0,8
2021-03-09_uc_riverside_cal_st_fullerton,Cal St. Fullerton,15,"Mensah, Janette",True,6,1,1,1.0,0,0,,0,0,,0,2,2,1,0,1,0,0,2
2021-03-09_uc_riverside_cal_st_fullerton,Cal St. Fullerton,05,"Rodarte, Clarissa",False,30,3,3,1.0,0,0,,0,0,,2,7,9,1,0,3,0,1,6
2021-03-09_uc_riverside_cal_st_fullerton,Cal St. Fullerton,23,"Gill, Carolyn",False,6,0,0,,0,0,,0,0,,0,2,2,1,0,2,0,0,0
2021-03-09_uc_riverside_cal_st_fullerton,Cal St. Fullerton,33,"Stratford, Bella",False,5,0,0,,0,0,,0,0,,0,0,0,0,0,1,0,0,0
2021-03-09_uc_riverside_cal_st_fullerton,Cal St. Fullerton,TM,TEAM,False,0,0,0,,0,0,,0,0,,0,1,1,0,0,4,0,0,0
2021-03-09_uc_riverside_cal_st_fullerton,UC Riverside,10,Keilanei Cooper,True,32,8,17,0.471,3,10,0.3,0,0,,0,1,1,4,1,3,0,3,19
2021-03-09_uc_riverside_cal_st_fullerton,UC Riverside,00,Jordan Webster,True,32,5,13,0.385,3,7,0.429,0,1,0.0,0,4,4,4,1,3,0,6,13
2021-03-09_uc_riverside_cal_st_fullerton,UC Riverside,04,Jada Holland,True,38,3,11,0.273,0,3,0.0,1,2,0.5,0,3,3,1,6,1,0,3,7
2021-03-09_uc_riverside_cal_st_fullerton,UC Riverside,24,Daphne Gnago,True,13,2,2,1.0,0,0,,2,2,1.0,0,3,3,0,0,2,0,0,6
2021-03-09_uc_riverside_cal_st_fullerton,UC Riverside,13,Georgia Ohiaeri,True,30,0,4,0.0,0,2,0.0,0,0,,0,0,0,1,0,3,0,2,0
2021-03-09_uc_riverside_cal_st_fullerton,UC Riverside,12,Kari Kyrkjebo,False,24,1,2,0.5,0,0,,2,2,1.0,2,3,5,3,0,1,1,2,4
2021-03-09_uc_riverside_cal_st_fullerton,UC Riverside,20,Samantha Fries,False,8,1,3,0.333,0,0,,0,0,,0,1,1,1,0,1,0,0,2
2021-03-09_uc_riverside_cal_st_fullerton,UC Riverside,05,Lauryn Pointer,False,18,0,3,0.0,0,0,,0,0,,1,0,1,0,1,1,0,0,0
2021-03-09_uc_riverside_cal_st_fullerton,UC Riverside,03,Joy Campbell,False,5,0,0,,0,0,,0,0,,0,0,0,0,0,0,0,1,0
2021-03-09_uc_riverside_cal_st_fullerton,UC Riverside,TM,TEAM,False,0,0,0,,0,0,,0,0,,1,0,1,0,0,0,0,0,0
2021-03-10_uc_davis_cal_st_fullerton,Cal St. Fullerton,11,"Krupa, Joy",True,39,11,22,0.5,0,1,0.0,3,5,0.6,3,13,16,4,2,0,0,1,25
2021-03-10_uc_davis_cal_st_fullerton,Cal St. Fullerton,05,"Rodarte, Clarissa",True,30,4,6,0.667,0,1,0.0,3,5,0.6,3,2,5,5,2,2,0,1,11
2021-03-10_uc_davis_cal_st_fullerton,Cal St. Fullerton,04,"Vidmar, Gabi",True,40,3,13,0.231,2,9,0.222,0,0,,0,5,5,2,2,0,0,1,8
2021-03-10_uc_davis_cal_st_fullerton,Cal St. Fullerton,00,"Frey, Anniken",True,36,2,9,0.222,0,3,0.0,0,0,,1,2,3,4,0,3,0,1,4
2021-03-10_uc_davis_cal_st_fullerton,Cal St. Fullerton,24,"Neff, Kathryn",True,35,1,16,0.062,1,12,0.083,0,0,,2,2,4,4,1,1,0,0,3
2021-03-10_uc_davis_cal_st_fullerton,Cal St. Fullerton,33,"Stratford, Bella",False,12,1,4,0.25,1,2,0.5,0,0,,0,0,0,0,0,0,0,1,3
2021-03-10_uc_davis_cal_st_fullerton,Cal St. Fullerton,23,"Gill, Carolyn",False,7,0,2,0.0,0,1,0.0,0,0,,0,1,1,1,0,1,0,0,0
2021-03-10_uc_davis_cal_st_fullerton,Cal St. Fullerton,15,"Mensah, Janette",False,1,0,0,,0,0,,0,0,,0,0,0,0,0,0,0,0,0
2021-03-10_uc_davis_cal_st_fullerton,Cal St. Fullerton,TM,TEAM,False,0,0,0,,0,0,,0,0,,4,3,7,0,0,0,0,0,0
2021-03-10_uc_davis_cal_st_fullerton,UC Davis,32,"Hall, Cierra",True,38,5,9,0.556,2,4,0.5,8,10,0.8,0,10,10,1,2,1,0,2,20
2021-03-10_uc_davis_cal_st_fullerton,UC Davis,15,"Turner, Evanne",True,31,2,7,0.286,1,4,0.25,4,6,0.667,0,3,3,0,1,1,0,0,9
2021-03-10_uc_davis_cal_st_fullerton,UC Davis,23,"Konrad, Kayla",True,26,3,6,0.5,1,1,1.0,2,4,0.5,0,5,5,4,4,0,0,0,9
2021-03-10_uc_davis_cal_st_fullerton,UC Davis,11,"Stobbart, Sage",True,27,4,8,0.5,0,0,,0,0,,0,6,6,3,1,1,3,1,8
2021-03-10_uc_davis_cal_st_fullerton,UC Davis,00,"Trpcic, Mackenzie",True,36,2,6,0.333,0,2,0.0,3,5,0.6,1,4,5,4,3,6,0,0,7
2021-03-10_uc_davis_cal_st_fullerton,UC Davis,13,"Harris, Mazatlan",False,20,2,5,0.4,2,3,0.667,1,2,0.5,0,1,1,0,0,1,0,1,7
2021-03-10_uc_davis_cal_st_fullerton,UC Davis,14,"Gibb, Emma",False,4,0,1,0.0,0,0,,1,2,0.5,1,2,3,0,0,0,0,0,1
2021-03-10_uc_davis_cal_st_fullerton,UC Davis,04,"Carreon, Allie",False,12,0,2,0.0,0,1,0.0,0,0,,0,2,2,0,1,2,0,0,0
2021-03-10_uc_davis_cal_st_fullerton,UC Davis,10,"Svanholm, Lena",False,4,0,1,0.0,0,0,,0,0,,0,1,1,0,0,0,0,0,0
2021-03-10_uc_davis_cal_st_fullerton,UC Davis,41,"Shine, Bria",False,2,0,0,,0,0,,0,0,,0,1,1,0,0,0,0,0,0
2021-03-10_uc_davis_cal_st_fullerton,UC Davis,TM,TEAM,False,0,0,0,,0,0,,0,0,,1,5,6,0,0,1,0,0,0
2021-03-10_csu_bakersfield_hawaii,Hawaii,15,"Alexander, Jadynn",True,40,5,11,0.455,2,4,0.5,5,11,0.455,4,2,6,2,0,1,0,0,17
2021-03-10_csu_bakersfield_hawaii,Hawaii,11,"Davies, Olivia",True,25,3,3,1.0,2,2,1.0,8,8,1.0,0,1,1,2,2,0,0,0,16
2021-03-10_csu_bakersfield_hawaii,Hawaii,01,"Imai, Kelsie",True,24,4,10,0.4,2,5,0.4,0,0,,1,1,2,2,3,1,0,1,10
2021-03-10_csu_bakersfield_hawaii,Hawaii,25,"Atwell, Amy",True,30,1,11,0.091,0,7,0.0,7,7,1.0,4,5,9,2,1,3,0,0,9
2021-03-10_csu_bakersfield_hawaii,Hawaii,21,"Neubert, Kasey",True,23,3,9,0.333,1,3,0.333,2,2,1.0,2,6,8,1,2,2,0,1,9
2021-03-10_csu_bakersfield_hawaii,Hawaii,00,"Phillips, Daejah",False,31,6,10,0.6,0,1,0.0,3,5,0.6,3,6,9,2,3,2,0,0,15
2021-03-10_csu_bakersfield_hawaii,Hawaii,23,"McBee, MeiLani",False,10,1,1,1.0,1,1,1.0,0,0,,0,1,1,1,0,0,0,0,3
2021-03-10_csu_bakersfield_hawaii,Hawaii,04,"Orji, Nnenna",False,14,0,3,0.0,0,0,,2,2,1.0,0,4,4,2,1,0,0,0,2
2021-03-10_csu_bakersfield_hawaii,Hawaii,44,"Rangel, Barbara",False,3,0,0,,0,0,,0,0,,0,2,2,2,0,0,0,0,0
2021-03-10_csu_bakersfield_hawaii,Hawaii,TM,TEAM,False,0,0,0,,0,0,,0,0,,2,4,6,0,0,1,0,0,0
2021-03-10_csu_bakersfield_hawaii,CSU Bakersfield,22,"Easley, Andie",True,38,6,12,0.5,4,7,0.571,1,2,0.5,1,1,2,4,1,0,0,0,17
2021-03-10_csu_bakersfield_hawaii,CSU Bakersfield,11,"Green, Lexus",True,36,6,16,0.375,0,5,0.0,3,6,0.5,0,6,6,4,2,2,0,0,15
2021-03-10_csu_bakersfield_hawaii,CSU Bakersfield,23,"Saxon, Miracle",True,24,4,9,0.444,1,4,0.25,0,0,,2,5,7,4,1,0,0,1,9
2021-03-10_csu_bakersfield_hawaii,CSU Bakersfield,10,"Eggleston, Jayden",True,38,3,12,0.25,0,1,0.0,1,2,0.5,2,3,5,4,1,1,1,0,7
2021-03-10_csu_bakersfield_hawaii,CSU Bakersfield,04,"Dixon, Jasmin",True,26,0,2,0.0,0,0,,1,2,0.5,0,1,1,1,1,1,0,1,1
2021-03-10_csu_bakersfield_hawaii,CSU Bakersfield,54,"Austin, Vanessa",False,21,4,10,0.4,0,0,,6,8,0.75,3,2,5,2,0,0,3,0,14
2021-03-10_csu_bakersfield_hawaii,CSU Bakersfield,05,"Bond, Makenzie",False,9,1,1,1.0,0,0,,2,2,1.0,1,0,1,2,0,1,0,0,4
2021-03-10_csu_bakersfield_hawaii,CSU Bakersfield,12,"Tougas, Sophie",False,7,0,0,,0,0,,0,0,,0,1,1,2,0,0,0,0,0
2021-03-10_csu_bakersfield_hawaii,CSU Bakersfield,24,"Bridge, Sage",False,1,0,0,,0,0,,0,0,,0,0,0,2,0,0,0,1,0
2021-03-10_csu_bakersfield_hawaii,CSU Bakersfield,TM,TEAM,False,0,0,0,,0,0,,0,0,,1,3,4,0,0,0,0,0,0
2021-03-10_uc_irvine_uc_santa_barbara,UC Santa Barbara,12,"Mole, Taylor",True,37,8,14,0.571,4,6,0.667,4,5,0.8,2,9,11,4,1,4,1,2,24
2021-03-10_uc_irvine_uc_santa_barbara,UC Santa Barbara,00,"Miller, Danae",True,40,5,10,0.5,5,7,0.714,3,4,0.75,1,0,1,2,4,5,0,3,18
2021-03-10_uc_irvine_uc_santa_barbara,UC Santa Barbara,10,"Jones, Doris",True,33,5,14,0.357,0,3,0.0,5,7,0.714,1,5,6,3,5,2,0,0,15
2021-03-10_uc_irvine_uc_santa_barbara,UC Santa Barbara,11,"Lee, Lauren",True,16,1,3,0.333,1,1,1.0,0,0,,1,1,2,3,1,2,0,2,3
2021-03-10_uc_irvine_uc_santa_barbara,UC Santa Barbara,24,"Marin, Alyssa",True,10,1,2,0.5,1,2,0.5,0,0,,1,0,1,0,1,1,0,0,3
2021-03-10_uc_irvine_uc_santa_barbara,UC Santa Barbara,30,"Anderson, Megan",False,26,5,8,0.625,4,7,0.571,2,2,1.0,0,2,2,1,0,1,0,1,16
2021-03-10_uc_irvine_uc_santa_barbara,UC Santa Barbara,2,"Anugwom, Briana",False,22,3,5,0.6,2,2,1.0,0,2,0.0,2,0,2,1,1,1,0,0,8
2021-03-10_uc_irvine_uc_santa_barbara,UC Santa Barbara,4,"Choice, Anya",False,16,1,3,0.333,1,1,1.0,0,0,,0,1,1,3,0,2,0,2,3
2021-03-10_uc_irvine_uc_santa_barbara,UC Santa Barbara,TM,TEAM,False,0,0,0,,0,0,,0,0,,1,0,1,0,0,0,0,0,0
2021-03-10_uc_irvine_uc_santa_barbara,UC Irvine,2,"Webb, Chloe",True,37,6,13,0.462,1,1,1.0,7,14,0.5,3,5,8,3,5,1,1,3,20
2021-03-10_uc_irvine_uc_santa_barbara,UC Irvine,21,"Talbert, Haleigh",True,37,6,10,0.6,1,2,0.5,1,1,1.0,2,2,4,1,3,0,0,4,14
2021-03-10_uc_irvine_uc_santa_barbara,UC Irvine,35,"Locandro, Sophia",True,32,7,13,0.538,0,0,,0,0,,3,2,5,2,0,3,0,0,14
2021-03-10_uc_irvine_uc_santa_barbara,UC Irvine,20,"Guglielmo, Dani",True,30,3,5,0.6,3,5,0.6,1,1,1.0,0,2,2,3,3,3,2,1,10
2021-03-10_uc_irvine_uc_santa_barbara,UC Irvine,11,"Garza, Tahlia",True,12,1,3,0.333,0,0,,1,2,0.5,1,1,2,2,0,2,1,1,3
2021-03-10_uc_irvine_uc_santa_barbara,UC Irvine,10,"Cadee, Jayde",False,29,5,9,0.556,5,9,0.556,0,0,,0,3,3,2,1,0,1,0,15
2021-03-10_uc_irvine_uc_santa_barbara,UC Irvine,23,"Baker, Victoria",False,19,3,4,0.75,0,0,,6,7,0.857,0,3,3,1,6,2,0,2,12
2021-03-10_uc_irvine_uc_santa_barbara,UC Irvine,33,"Kaupu, Caiyle",False,4,2,2,1.0,0,0,,0,0,,0,0,0,1,0,3,0,0,4
2021-03-10_uc_irvine_uc_santa_barbara,UC Irvine,TM,TEAM,False,0,0,0,,0,0,,0,0,,1,2,3,0,0,0,0,0,0
2021-03-10_long_beach_st_cal_poly,Cal Poly,52,"Campisano, Sierra",True,35,10,15,0.667,3,6,0.5,7,7,1.0,6,6,12,5,0,3,0,1,30
2021-03-10_long_beach_st_cal_poly,Cal Poly,1,"Ellis, Abbey",True,36,3,12,0.25,1,8,0.125,5,6,0.833,1,9,10,3,5,2,0,2,12
2021-03-10_long_beach_st_cal_poly,Cal Poly,33,"Willett, Maddie",True,28,3,9,0.333,0,3,0.0,4,6,0.667,1,0,1,3,1,1,0,0,10
2021-03-10_long_beach_st_cal_poly,Cal Poly,25,"Brown, Kirsty",True,28,3,6,0.5,0,0,,0,0,,1,3,4,1,1,1,0,1,6
2021-03-10_long_beach_st_cal_poly,Cal Poly,5,"Holt, Malia",True,23,0,3,0.0,0,1,0.0,1,2,0.5,1,4,5,3,0,4,0,0,1
2021-03-10_long_beach_st_cal_poly,Cal Poly,24,"Stachowski, Zoe",False,14,0,3,0.0,0,0,,2,2,1.0,1,3,4,1,0,0,0,0,2
2021-03-10_long_beach_st_cal_poly,Cal Poly,13,"Vick, Maddie",False,29,0,4,0.0,0,1,0.0,0,0,,0,1,1,1,4,3,0,1,0
2021-03-10_long_beach_st_cal_poly,Cal Poly,2,"Govan, Chantel",False,4,0,1,0.0,0,1,0.0,0,0,,0,0,0,0,0,1,0,0,0
2021-03-10_long_beach_st_cal_poly,Cal Poly,35,"Ackerman, Natalia",False,3,0,0,,0,0,,0,0,,0,3,3,1,0,0,0,0,0
2021-03-10_long_beach_st_cal_poly,Cal Poly,TM,TEAM,False,0,0,0,,0,0,,0,0,,1,1,2,0,0,0,0,0,0
2021-03-10_long_beach_st_cal_poly,Long Beach St.,42,"Hunt, Naomi",True,36,4,13,0.308,2,8,0.25,4,4,1.0,0,2,2,2,1,1,0,2,14
2021-03-10_long_beach_st_cal_poly,Long Beach St.,10,"King, Justina",True,40,3,11,0.273,1,3,0.333,6,6,1.0,4,0,4,2,2,2,0,3,13
2021-03-10_long_beach_st_cal_poly,Long Beach St.,00,"Berry, Ma'qhi",True,39,4,9,0.444,1,1,1.0,0,2,0.0,0,3,3,1,3,3,1,2,9
2021-03-10_long_beach_st_cal_poly,Long Beach St.,12,"Jeskeova, Kristyna",True,24,1,4,0.25,0,3,0.0,2,3,0.667,1,6,7,4,0,1,0,2,4
2021-03-10_long_beach_st_cal_poly,Long Beach St.,2,"Tucker, Savannah",True,4,0,0,,0,0,,0,0,,0,0,0,1,0,0,0,0,0
2021-03-10_long_beach_st_cal_poly,Long Beach St.,1,"Lacy, Imani",False,20,5,10,0.5,0,1,0.0,1,3,0.333,1,4,5,2,0,0,1,0,11
2021-03-10_long_beach_st_cal_poly,Long Beach St.,24,"Lemon, Kamryn",False,9,2,3,0.667,1,1,1.0,0,0,,1,1,2,3,1,0,0,0,5
2021-03-10_long_beach_st_cal_poly,Long Beach St.,11,"Hardy, Jasmine",False,16,1,4,0.25,0,1,0.0,2,2,1.0,0,0,0,3,1,0,0,1,4
2021-03-10_long_beach_st_cal_poly,Long Beach St.,25,"Hamilton-fisher, Kianna",False,10,0,1,0.0,0,0,,0,0,,0,2,2,2,0,1,0,1,0
2021-03-10_long_beach_st_cal_poly,Long Beach St.,30,"Chung, Patricia",False,2,0,1,0.0,0,0,,0,0,,0,0,0,0,0,0,0,0,0
2021-03-10_long_beach_st_cal_poly,Long Beach St.,TM,TEAM,False,0,0,0,,0,0,,0,0,,0,0,0,0,0,0,0,0,0
2021-03-12_uc_davis_hawaii,Hawaii,25,"Atwell, Amy",True,33,5,14,0.357,3,11,0.273,4,4,1.0,4,5,9,2,1,1,1,0,17
2021-03-12_uc_davis_hawaii,Hawaii,15,"Alexander, Jadynn",True,40,3,12,0.25,2,9,0.222,2,2,1.0,1,0,1,1,1,0,0,1,10
2021-03-12_uc_davis_hawaii,Hawaii,11,"Davies, Olivia",True,21,3,7,0.429,1,2,0.5,1,1,1.0,0,2,2,1,1,2,0,3,8
2021-03-12_uc_davis_hawaii,Hawaii,01,"Imai, Kelsie",True,31,1,8,0.125,0,2,0.0,2,2,1.0,1,6,7,5,1,0,0,2,4
2021-03-12_uc_davis_hawaii,Hawaii,21,"Neubert, Kasey",True,18,1,8,0.125,0,3,0.0,0,0,,3,4,7,1,0,0,0,0,2
2021-03-12_uc_davis_hawaii,Hawaii,00,"Phillips, Daejah",False,25,1,10,0.1,0,2,0.0,3,4,0.75,3,1,4,4,2,3,0,1,5
2021-03-12_uc_davis_hawaii,Hawaii,23,"McBee, Meilani",False,23,1,6,0.167,1,5,0.2,0,0,,1,0,1,1,1,0,0,1,3
2021-03-12_uc_davis_hawaii,Hawaii,04,"Orji, Nnenna",False,9,1,3,0.333,1,2,0.5,0,0,,0,1,1,1,0,0,0,1,3
2021-03-12_uc_davis_hawaii,Hawaii,TM,TEAM,False,0,0,0,,0,0,,0,0,,4,2,6,0,0,2,0,0,0
2021-03-12_uc_davis_hawaii,UC Davis,00,"Trpcic, Mackenzie",True,35,4,12,0.333,0,2,0.0,5,5,1.0,1,3,4,3,2,3,0,1,13
2021-03-12_uc_davis_hawaii,UC Davis,11,"Stobbart, Sage",True,32,4,5,0.8,0,1,0.0,4,4,1.0,2,9,11,1,1,3,3,1,12
2021-03-12_uc_davis_hawaii,UC Davis,15,"Turner, Evanne",True,33,4,8,0.5,1,2,0.5,0,0,,1,3,4,1,0,0,0,0,9
2021-03-12_uc_davis_hawaii,UC Davis,32,"Hall, Cierra",True,38,4,7,0.571,0,2,0.0,0,0,,0,5,5,1,5,2,0,0,8
2021-03-12_uc_davis_hawaii,UC Davis,23,"Konrad, Kayla",True,37,2,8,0.25,2,4,0.5,2,4,0.5,3,3,6,3,2,3,1,1,8
2021-03-12_uc_davis_hawaii,UC Davis,13,"Harris, Mazatlan",False,14,3,4,0.75,1,2,0.5,0,0,,0,2,2,1,1,2,1,0,7
2021-03-12_uc_davis_hawaii,UC Davis,41,"Shine, Bria",False,,0,0,,0,0,,4,4,1.0,0,1,1,0,0,0,0,0,4
2021-03-12_uc_davis_hawaii,UC Davis,04,"Carreon, Allie",False,9,1,3,0.333,1,3,0.333,0,0,,0,2,2,0,0,1,0,1,3
2021-03-12_uc_davis_hawaii,UC Davis,14,"Gibb, Emma",False,2,0,2,0.0,0,0,,0,0,,0,1,1,0,0,0,0,0,0
2021-03-12_uc_davis_hawaii,UC Davis,10,"Svanholm, Lena",False,,0,0,,0,0,,0,0,,0,0,0,0,0,0,0,0,0
2021-03-12_uc_davis_hawaii,UC Davis,TM,TEAM,False,0,0,0,,0,0,,0,0,,0,6,6,0,0,0,0,0,0
2021-03-12_uc_irvine_cal_poly,Cal Poly,1,"Ellis, Abbey",True,31,5,10,0.5,2,4,0.5,3,3,1.0,1,7,8,1,3,3,0,2,15
2021-03-12_uc_irvine_cal_poly,Cal Poly,33,"Willett, Maddie",True,36,3,13,0.231,1,7,0.143,3,4,0.75,2,6,8,5,1,3,0,1,10
2021-03-12_uc_irvine_cal_poly,Cal Poly,52,"Campisano, Sierra",True,33,3,12,0.25,0,4,0.0,3,6,0.5,0,6,6,4,3,3,2,1,9
2021-03-12_uc_irvine_cal_poly,Cal Poly,25,"Brown, Kirsty",True,27,2,4,0.5,0,0,,0,0,,3,2,5,4,2,2,1,1,4
2021-03-12_uc_irvine_cal_poly,Cal Poly,5,"Holt, Malia",True,21,2,2,1.0,0,0,,0,0,,1,1,2,1,2,1,0,0,4
2021-03-12_uc_irvine_cal_poly,Cal Poly,13,"Vick, Maddie",False,27,5,9,0.556,1,2,0.5,0,0,,0,2,2,5,2,4,0,0,11
2021-03-12_uc_irvine_cal_poly,Cal Poly,14,"Scanlan, Hannah",False,10,2,3,0.667,0,0,,0,0,,0,1,1,0,0,0,1,0,4
2021-03-12_uc_irvine_cal_poly,Cal Poly,24,"Stachowski, Zoe",False,7,1,1,1.0,0,0,,0,0,,0,1,1,2,0,0,0,0,2
2021-03-12_uc_irvine_cal_poly,Cal Poly,2,"Govan, Chantel",False,4,0,1,0.0,0,1,0.0,0,0,,0,0,0,0,0,1,0,1,0
2021-03-12_uc_irvine_cal_poly,Cal Poly,22,"Peterson, Hannah",False,3,0,0,,0,0,,0,0,,0,0,0,0,0,0,0,1,0
2021-03-12_uc_irvine_cal_poly,Cal Poly,31,"Silvestri, Gianna",False,1,0,0,,0,0,,0,0,,0,0,0,0,0,0,0,0,0
2021-03-12_uc_irvine_cal_poly,Cal Poly,TM,TEAM,False,0,0,0,,0,0,,0,0,,0,0,0,0,0,2,0,0,0
2021-03-12_uc_irvine_cal_poly,UC Irvine,2,"Webb, Chloe",True,37,4,11,0.364,2,4,0.5,10,14,0.714,1,7,8,2,1,5,0,0,20
2021-03-12_uc_irvine_cal_poly,UC Irvine,35,"Locandro, Sophia",True,38,5,12,0.417,0,1,0.0,1,1,1.0,3,3,6,0,2,1,1,1,11
2021-03-12_uc_irvine_cal_poly,UC Irvine,4,"Williams, Kayla",True,27,3,9,0.333,2,6,0.333,2,2,1.0,1,3,4,1,2,3,0,0,10
2021-03-12_uc_irvine_cal_poly,UC Irvine,11,"Garza, Tahlia",True,11,1,2,0.5,0,0,,0,0,,2,1,3,2,0,1,0,0,2
2021-03-12_uc_irvine_cal_poly,UC Irvine,20,"Guglielmo, Dani",True,11,0,1,0.0,0,1,0.0,0,0,,0,0,0,1,0,1,0,0,0
2021-03-12_uc_irvine_cal_poly,UC Irvine,23,"Baker, Victoria",False,18,2,8,0.25,0,2,0.0,7,8,0.875,1,4,5,2,1,0,0,2,11
2021-03-12_uc_irvine_cal_poly,UC Irvine,21,"Talbert, Haleigh",False,28,3,6,0.5,2,5,0.4,0,0,,1,2,3,1,2,3,0,4,8
2021-03-12_uc_irvine_cal_poly,UC Irvine,10,"Cadee, Jayde",False,21,1,6,0.167,1,5,0.2,0,0,,0,1,1,2,1,0,0,0,3
2021-03-12_uc_irvine_cal_poly,UC Irvine,33,"Kaupu, Caiyle",False,9,1,3,0.333,1,3,0.333,0,0,,0,1,1,0,0,1,0,1,3
2021-03-12_uc_irvine_cal_poly,UC Irvine,24,"Kapinga, Melodie",False,0,0,0,,0,0,,0,0,,0,0,0,0,0,0,0,0,0
2021-03-12_uc_irvine_cal_poly,UC Irvine,TM,TEAM,False,0,0,0,,0,0,,0,0,,0,0,0,0,0,0,0,0,0
2021-03-13_uc_davis_uc_irvine,UC Irvine,02,"Webb, Chloe",True,33,6,16,0.375,0,2,0.0,4,7,0.571,2,7,9,3,0,4,0,1,16
2021-03-13_uc_davis_uc_irvine,UC Irvine,04,"Williams, Kayla",True,30,4,10,0.4,4,6,0.667,0,0,,1,2,3,1,0,2,0,2,12
2021-03-13_uc_davis_uc_irvine,UC Irvine,35,"Locandro, Sophia",True,26,2,6,0.333,0,1,0.0,0,2,0.0,0,3,3,3,0,0,1,1,4
2021-03-13_uc_davis_uc_irvine,UC Irvine,21,"Talbert, Haleigh",True,35,1,4,0.25,0,0,,1,2,0.5,1,3,4,1,3,1,0,1,3
2021-03-13_uc_davis_uc_irvine,UC Irvine,20,"Guglielmo, Dani",True,24,0,5,0.0,0,4,0.0,0,0,,0,1,1,1,0,0,0,0,0
2021-03-13_uc_davis_uc_irvine,UC Irvine,23,"Baker, Victoria",False,21,2,9,0.222,1,2,0.5,0,0,,4,2,6,1,0,2,1,2,5
2021-03-13_uc_davis_uc_irvine,UC Irvine,11,"Garza, Tahlia",False,13,1,1,1.0,0,0,,0,0,,2,2,4,1,0,1,0,0,2
2021-03-13_uc_davis_uc_irvine,UC Irvine,10,"Cadee, Jayde",False,10,0,3,0.0,0,3,0.0,0,0,,0,0,0,3,0,1,0,0,0
2021-03-13_uc_davis_uc_irvine,UC Irvine,33,"Kaupu, Caiyle",False,8,0,2,0.0,0,0,,0,0,,0,0,0,1,0,2,0,0,0
2021-03-13_uc_davis_uc_irvine,UC Irvine,TM,TEAM,False,0,0,0,,0,0,,0,0,,0,1,1,0,0,1,0,0,0
2021-03-13_uc_davis_uc_irvine,UC Davis,32,"Hall, Cierra",True,39,9,15,0.6,3,6,0.5,2,2,1.0,0,5,5,3,3,4,0,3,23
2021-03-13_uc_davis_uc_irvine,UC Davis,15,"Turner, Evanne",True,38,9,13,0.692,3,6,0.5,1,1,1.0,0,5,5,1,0,1,0,0,22
2021-03-13_uc_davis_uc_irvine,UC Davis,23,"Konrad, Kayla",True,38,2,5,0.4,0,3,0.0,1,2,0.5,1,5,6,1,3,7,0,1,5
2021-03-13_uc_davis_uc_irvine,UC Davis,11,"Stobbart, Sage",True,35,2,12,0.167,1,4,0.25,0,2,0.0,2,10,12,3,1,1,0,2,5
2021-03-13_uc_davis_uc_irvine,UC Davis,00,"Trpcic, Mackenzie",True,34,0,2,0.0,0,1,0.0,2,2,1.0,0,4,4,2,5,1,0,0,2
2021-03-13_uc_davis_uc_irvine,UC Davis,14,"Gibb, Emma",False,5,1,2,0.5,0,0,,0,0,,1,0,1,1,1,1,0,1,2
2021-03-13_uc_davis_uc_irvine,UC Davis,10,"Svanholm, Lena",False,2,1,2,0.5,0,0,,0,0,,0,0,0,0,0,0,0,0,2
2021-03-13_uc_davis_uc_irvine,UC Davis,13,"Harris, Mazatlan",False,7,0,2,0.0,0,2,0.0,0,0,,2,1,3,0,0,1,0,0,0
2021-03-13_uc_davis_uc_irvine,UC Davis,04,"Carreon, Allie",False,2,0,0,,0,0,,0,0,,0,0,0,0,0,0,0,0,0
2021-03-13_uc_davis_uc_irvine,UC Davis,41,"Shine, Bria",False,,0,0,,0,0,,0,0,,0,0,0,0,0,0,0,0,0
2021-03-13_uc_davis_uc_irvine,UC Davis,TM,TEAM,False,0,0,0,,0,0,,0,0,,3,1,4,0,0,0,0,0,0
2021-03-22_missouri_st_uc_davis,UC Davis,15,"Turner, Evanne",True,35,6,16,0.375,4,10,0.4,0,0,,2,3,5,5,3,2,0,0,16
2021-03-22_missouri_st_uc_davis,UC Davis,32,"Hall, Cierra",True,38,4,8,0.5,4,6,0.667,2,3,0.667,2,6,8,4,4,6,1,3,14
2021-03-22_missouri_st_uc_davis,UC Davis,23,"Konrad, Kayla",True,39,5,14,0.357,3,6,0.5,0,0,,0,1,1,1,1,0,0,0,13
2021-03-22_missouri_st_uc_davis,UC Davis,11,"Stobbart, Sage",True,34,2,11,0.182,1,5,0.2,0,0,,1,5,6,1,0,2,5,1,5
2021-03-22_missouri_st_uc_davis,UC Davis,00,"Trpcic, Mackenzie",True,38,1,8,0.125,1,3,0.333,0,0,,2,6,8,4,6,6,0,2,3
2021-03-22_missouri_st_uc_davis,UC Davis,13,"Harris, Mazatlan",False,7,0,0,,0,0,,0,0,,0,1,1,0,0,0,0,0,0
2021-03-22_missouri_st_uc_davis,UC Davis,10,"Svanholm, Lena",False,4,0,0,,0,0,,0,0,,0,0,0,1,0,0,0,0,0
2021-03-22_missouri_st_uc_davis,UC Davis,41,"Shine, Bria",False,4,0,1,0.0,0,1,0.0,0,0,,0,0,0,0,0,0,0,0,0
2021-03-22_missouri_st_uc_davis,UC Davis,04,"Carreon, Allie",False,1,0,0,,0,0,,0,0,,0,0,0,0,0,0,0,0,0
2021-03-22_missouri_st_uc_davis,UC Davis,14,"Gibb, Emma",False,,0,0,,0,0,,0,0,,0,0,0,1,0,0,0,0,0
2021-03-22_missouri_st_uc_davis,UC Davis,TM,TEAM,False,0,0,0,,0,0,,0,0,,0,3,3,0,0,0,0,0,0
2021-03-22_missouri_st_uc_davis,Missouri St.,11,"Calip, Brice",True,36,6,17,0.353,2,3,0.667,4,5,0.8,3,4,7,0,1,1,1,3,18
2021-03-22_missouri_st_uc_davis,Missouri St.,32,"Franklin, Jasmine",True,31,6,14,0.429,0,0,,5,8,0.625,4,14,18,3,0,2,2,4,17
2021-03-22_missouri_st_uc_davis,Missouri St.,21,"Wilson, Sydney",True,24,2,5,0.4,1,3,0.333,0,0,,0,3,3,2,2,4,0,0,5
2021-03-22_missouri_st_uc_davis,Missouri St.,04,"Hipp, Abby",True,16,2,8,0.25,0,1,0.0,0,0,,3,2,5,0,1,1,0,2,4
2021-03-22_missouri_st_uc_davis,Missouri St.,23,"Bhinhar, Mya",True,19,0,2,0.0,0,0,,0,0,,0,1,1,2,2,2,0,0,0
2021-03-22_missouri_st_uc_davis,Missouri St.,02,"Ruffridge, Elle",False,26,3,5,0.6,2,4,0.5,4,4,1.0,3,2,5,2,2,1,0,1,12
2021-03-22_missouri_st_uc_davis,Missouri St.,50,"Gartner, Emily",False,9,3,5,0.6,0,1,0.0,0,0,,1,1,2,0,0,1,0,0,6
2021-03-22_missouri_st_uc_davis,Missouri St.,34,"Manning, Sydney",False,23,1,5,0.2,1,2,0.5,1,4,0.25,3,5,8,0,2,1,0,2,4
2021-03-22_missouri_st_uc_davis,Missouri St.,00,"Jackson, Abigayle",False,13,2,6,0.333,0,1,0.0,0,0,,0,1,1,2,0,0,2,1,4
2021-03-22_missouri_st_uc_davis,Missouri St.,22,"Rocca, Paige",False,3,0,0,,0,0,,0,0,,0,0,0,0,0,0,0,0,0
2021-03-22_missouri_st_uc_davis,Missouri St.,TM,TEAM,False,0,0,0,,0,0,,0,0,,3,0,3,0,0,0,0,0,0
