game_id,team,jersey,player,started,min,fg_m,fg_a,fg_pct,3p_m,3p_a,3p_pct,ft_m,ft_a,ft_pct,oreb,dreb,reb,pf,ast,to,blk,stl,pts
2022-11-01_hawaii_hawaii_pacific,Hawaii Pacific,24,"Spurgin, Abby",True,35,6,15,0.4,0,0,,3,9,0.333,3,7,10,3,1,2,0,1,15
2022-11-01_hawaii_hawaii_pacific,Hawaii Pacific,01,"Masaki, Haley",True,36,3,5,0.6,3,5,0.6,0,0,,0,1,1,4,2,2,0,1,9
2022-11-01_hawaii_hawaii_pacific,Hawaii Pacific,23,"Loftis, Keona",True,30,2,6,0.333,2,5,0.4,0,0,,1,7,8,2,3,4,0,0,6
2022-11-01_hawaii_hawaii_pacific,Hawaii Pacific,11,"Nunez, Ashley",True,13,0,3,0.0,0,2,0.0,2,2,1.0,2,0,2,2,0,5,0,0,2
2022-11-01_hawaii_hawaii_pacific,Hawaii Pacific,25,"Berry, Kaylee",True,10,0,2,0.0,0,1,0.0,0,2,0.0,0,2,2,0,0,2,0,1,0
2022-11-01_hawaii_hawaii_pacific,Hawaii Pacific,15,"Jensen, Jordyn",False,27,2,9,0.222,1,3,0.333,8,8,1.0,2,1,3,3,1,1,0,1,13
2022-11-01_hawaii_hawaii_pacific,Hawaii Pacific,14,"Berge, Ella",False,26,2,5,0.4,0,1,0.0,0,1,0.0,2,2,4,2,1,1,0,0,4
2022-11-01_hawaii_hawaii_pacific,Hawaii Pacific,05,"Turner, Maleah",False,8,0,1,0.0,0,1,0.0,0,0,,0,2,2,2,1,0,0,1,0
2022-11-01_hawaii_hawaii_pacific,Hawaii Pacific,12,"Diez Marti, Claudia",False,8,0,1,0.0,0,1,0.0,0,0,,0,1,1,1,2,3,0,0,0
2022-11-01_hawaii_hawaii_pacific,Hawaii Pacific,22,"Ross, Allison",False,7,0,2,0.0,0,1,0.0,0,0,,0,0,0,0,0,0,0,0,0
2022-11-01_hawaii_hawaii_pacific,Hawaii Pacific,TM,TEAM,False,0,0,0,,0,0,,0,0,,1,2,3,0,0,4,0,0,0
2022-11-01_hawaii_hawaii_pacific,Hawaii,15,"Phillips, Daejah",True,19,5,12,0.417,1,5,0.2,2,3,0.667,1,1,2,3,1,1,0,3,13
2022-11-01_hawaii_hawaii_pacific,Hawaii,11,"Spiller, Kallin",True,20,4,7,0.571,0,1,0.0,0,0,,2,2,4,2,1,0,2,0,8
2022-11-01_hawaii_hawaii_pacific,Hawaii,03,"Wahinekapu, Lily",True,14,2,6,0.333,0,2,0.0,2,3,0.667,2,3,5,0,3,1,0,0,6
2022-11-01_hawaii_hawaii_pacific,Hawaii,14,"Orji, Nnenna",True,20,2,5,0.4,0,0,,1,2,0.5,0,0,0,3,0,0,0,3,5
2022-11-01_hawaii_hawaii_pacific,Hawaii,02,"Thoms, Ashley",True,15,0,1,0.0,0,1,0.0,0,0,,1,2,3,1,2,1,0,0,0
2022-11-01_hawaii_hawaii_pacific,Hawaii,04,"Lefotu, Jovi",False,17,7,8,0.875,0,0,,6,6,1.0,0,2,2,2,1,0,0,2,20
2022-11-01_hawaii_hawaii_pacific,Hawaii,45,"Davies, Olivia",False,14,2,5,0.4,1,2,0.5,2,4,0.5,1,1,2,1,1,0,0,1,7
2022-11-01_hawaii_hawaii_pacific,Hawaii,01,"Imai, Kelsie",False,13,2,5,0.4,1,4,0.25,1,2,0.5,1,3,4,0,0,3,1,1,6
2022-11-01_hawaii_hawaii_pacific,Hawaii,23,"McBee, MeiLani",False,10,1,4,0.25,1,4,0.25,1,2,0.5,2,0,2,2,0,0,0,1,4
2022-11-01_hawaii_hawaii_pacific,Hawaii,12,"Perez, Imani",False,15,1,2,0.5,0,0,,1,2,0.5,1,5,6,3,0,1,2,0,3
2022-11-01_hawaii_hawaii_pacific,Hawaii,00,"Watkins, Avery",False,16,0,2,0.0,0,1,0.0,1,2,0.5,0,2,2,2,0,2,0,0,1
2022-11-01_hawaii_hawaii_pacific,Hawaii,20,"Haire, McKenna",False,11,0,4,0.0,0,3,0.0,0,0,,0,2,2,1,0,1,0,2,0
2022-11-01_hawaii_hawaii_pacific,Hawaii,32,"Ongoongotau, Eva",False,11,0,1,0.0,0,1,0.0,0,0,,0,2,2,3,0,0,0,0,0
2022-11-01_hawaii_hawaii_pacific,Hawaii,13,"Birdsong, Hallie",False,5,0,1,0.0,0,1,0.0,0,0,,0,0,0,0,0,0,0,0,0
2022-11-01_hawaii_hawaii_pacific,Hawaii,TM,TEAM,False,0,0,0,,0,0,,0,0,,1,3,4,0,0,1,0,0,0
2022-11-03_uc_riverside_whittier,Whittier,4,"Leach, Rhe Nae",True,23,5,13,0.385,0,2,0.0,4,4,1.0,1,1,2,1,2,7,0,1,14
2022-11-03_uc_riverside_whittier,Whittier,34,"Williams, Natalia",True,40,2,7,0.286,2,4,0.5,0,0,,2,2,4,4,1,4,0,1,6
2022-11-03_uc_riverside_whittier,Whittier,3,"Gurrola, Lalli",True,38,2,11,0.182,0,8,0.0,2,3,0.667,0,1,1,4,1,3,0,0,6
2022-11-03_uc_riverside_whittier,Whittier,23,"Scriven, Lizzie",True,34,1,7,0.143,0,4,0.0,1,2,0.5,0,5,5,0,0,7,0,2,3
2022-11-03_uc_riverside_whittier,Whittier,32,"James, Lainie",True,19,1,3,0.333,1,3,0.333,0,0,,0,1,1,2,1,4,0,2,3
2022-11-03_uc_riverside_whittier,Whittier,22,"Meza, Melanie",False,26,0,2,0.0,0,1,0.0,0,0,,2,3,5,1,3,5,0,1,0
2022-11-03_uc_riverside_whittier,Whittier,24,"Davis, Kyra",False,20,0,1,0.0,0,0,,0,0,,1,5,6,1,0,0,0,1,0
2022-11-03_uc_riverside_whittier,Whittier,TM,TEAM,False,0,0,0,,0,0,,0,0,,1,3,4,0,0,2,0,0,0
2022-11-03_uc_riverside_whittier,UC Riverside,13,"Finau, Mele",True,19,5,10,0.5,1,5,0.2,0,0,,2,1,3,1,1,3,0,5,11
2022-11-03_uc_riverside_whittier,UC Riverside,15,"Blount, Anna",True,20,2,3,0.667,0,0,,6,9,0.667,5,5,10,0,0,2,0,4,10
2022-11-03_uc_riverside_whittier,UC Riverside,11,"Matarranz, Esther",True,15,3,4,0.75,0,0,,0,0,,3,1,4,1,2,0,0,0,6
2022-11-03_uc_riverside_whittier,UC Riverside,22,"Atchley, Paris",True,22,0,4,0.0,0,2,0.0,2,2,1.0,0,1,1,1,2,2,1,2,2
2022-11-03_uc_riverside_whittier,UC Riverside,2,"Walters, Ryanne",True,14,1,4,0.25,0,1,0.0,0,0,,0,1,1,0,3,2,1,4,2
2022-11-03_uc_riverside_whittier,UC Riverside,32,"Webster, Jordan",False,13,4,8,0.5,4,8,0.5,2,2,1.0,0,3,3,0,0,1,0,2,14
2022-11-03_uc_riverside_whittier,UC Riverside,30,"Morse, Rose",False,19,4,10,0.4,1,6,0.167,1,1,1.0,0,1,1,1,3,1,0,0,10
2022-11-03_uc_riverside_whittier,UC Riverside,4,"Marshall, Jordyn",False,22,4,6,0.667,1,3,0.333,0,0,,0,0,0,1,1,1,0,0,9
2022-11-03_uc_riverside_whittier,UC Riverside,10,"Stenberg, Julia",False,14,3,6,0.5,3,6,0.5,0,0,,0,0,0,1,2,0,0,0,9
2022-11-03_uc_riverside_whittier,UC Riverside,1,"Bryant, Matehya",False,13,2,4,0.5,0,0,,2,2,1.0,4,2,6,2,1,1,0,4,6
2022-11-03_uc_riverside_whittier,UC Riverside,23,"Aikins, India",False,10,3,5,0.6,0,0,,0,0,,0,2,2,0,1,0,0,2,6
2022-11-03_uc_riverside_whittier,UC Riverside,3,"Tillery, Zoe",False,11,2,5,0.4,1,4,0.25,0,0,,0,1,1,0,1,0,0,1,5
2022-11-03_uc_riverside_whittier,UC Riverside,14,"Hansson, Hanna",False,8,1,1,1.0,0,0,,0,0,,0,1,1,3,1,1,1,0,2
2022-11-03_uc_riverside_whittier,UC Riverside,TM,TEAM,False,0,0,0,,0,0,,0,0,,3,7,10,0,0,0,0,0,0
2022-11-05_csu_bakersfield_biola,Biola,02,"Walker, Laila",True,30,5,7,0.714,3,5,0.6,1,1,1.0,0,3,3,4,4,3,0,3,14
2022-11-05_csu_bakersfield_biola,Biola,23,"Rabe, Jordan",True,31,4,9,0.444,1,3,0.333,0,4,0.0,2,3,5,2,1,1,0,0,9
2022-11-05_csu_bakersfield_biola,Biola,12,"Johnson, Aysia",True,26,0,6,0.0,0,4,0.0,3,4,0.75,1,0,1,3,3,4,0,4,3
2022-11-05_csu_bakersfield_biola,Biola,24,"Cabrera, Eleni",True,12,1,6,0.167,1,4,0.25,0,0,,1,1,2,2,0,6,0,1,3
2022-11-05_csu_bakersfield_biola,Biola,15,"Thurman, Jessa",True,17,0,3,0.0,0,2,0.0,0,0,,1,5,6,0,0,1,0,1,0
2022-11-05_csu_bakersfield_biola,Biola,01,"Bolden, Jaci",False,22,2,8,0.25,1,3,0.333,3,3,1.0,0,1,1,2,0,6,0,0,8
2022-11-05_csu_bakersfield_biola,Biola,05,"Hall, Taylor",False,12,2,5,0.4,2,4,0.5,0,0,,0,1,1,0,0,0,0,0,6
2022-11-05_csu_bakersfield_biola,Biola,21,"Chang, Madi",False,14,2,2,1.0,1,1,1.0,0,0,,0,2,2,2,0,3,0,1,5
2022-11-05_csu_bakersfield_biola,Biola,32,"Whiteside, Maya",False,13,1,2,0.5,0,1,0.0,1,2,0.5,0,0,0,2,1,1,0,0,3
2022-11-05_csu_bakersfield_biola,Biola,11,"Coleman, Jamelia",False,10,1,2,0.5,1,2,0.5,0,0,,0,0,0,0,2,1,0,0,3
2022-11-05_csu_bakersfield_biola,Biola,04,"Moran, Sydney",False,9,1,1,1.0,1,1,1.0,0,0,,0,0,0,0,0,1,0,0,3
2022-11-05_csu_bakersfield_biola,Biola,33,"Weber, Hope",False,4,0,0,,0,0,,0,0,,0,1,1,1,0,0,0,0,0
2022-11-05_csu_bakersfield_biola,Biola,TM,TEAM,False,0,0,0,,0,0,,0,0,,4,4,8,0,0,0,0,0,0
2022-11-05_csu_bakersfield_biola,CSU Bakersfield,03,"van Schaik, Hennie",True,27,10,15,0.667,3,4,0.75,2,3,0.667,0,6,6,4,2,1,1,3,25
2022-11-05_csu_bakersfield_biola,CSU Bakersfield,10,"Brown, Shaunae",True,26,5,12,0.417,5,10,0.5,0,0,,1,1,2,1,0,0,0,0,15
2022-11-05_csu_bakersfield_biola,CSU Bakersfield,04,"Hunter, Grace",True,21,3,4,0.75,1,1,1.0,0,0,,0,2,2,2,5,1,0,2,7
2022-11-05_csu_bakersfield_biola,CSU Bakersfield,13,"Herrera, Soli",True,19,3,5,0.6,0,0,,1,4,0.25,2,1,3,0,0,3,1,1,7
2022-11-05_csu_bakersfield_biola,CSU Bakersfield,24,"Bridges-Bey, Sage",True,7,0,0,,0,0,,0,0,,0,2,2,0,0,2,0,0,0
2022-11-05_csu_bakersfield_biola,CSU Bakersfield,15,"Morris, Kayla",False,21,7,13,0.538,0,2,0.0,1,1,1.0,3,4,7,3,0,0,2,1,15
2022-11-05_csu_bakersfield_biola,CSU Bakersfield,32,"Freeman, Garrisen",False,17,2,3,0.667,1,2,0.5,3,4,0.75,1,2,3,2,1,3,0,3,8
2022-11-05_csu_bakersfield_biola,CSU Bakersfield,00,"Johnson, Simone",False,14,2,3,0.667,0,1,0.0,3,4,0.75,1,0,1,1,2,1,0,2,7
2022-11-05_csu_bakersfield_biola,CSU Bakersfield,05,"Tougas, Sophia",False,12,2,2,1.0,2,2,1.0,0,0,,0,2,2,2,0,1,1,0,6
2022-11-05_csu_bakersfield_biola,CSU Bakersfield,33,"Riley, Julia",False,14,1,3,0.333,1,3,0.333,0,2,0.0,0,0,0,2,2,1,1,0,3
2022-11-05_csu_bakersfield_biola,CSU Bakersfield,02,"Edwards, Morgan",False,12,1,1,1.0,1,1,1.0,0,0,,0,3,3,2,2,1,0,1,3
2022-11-05_csu_bakersfield_biola,CSU Bakersfield,14,"Ortiz, Nseije",False,10,0,0,,0,0,,0,0,,0,1,1,1,2,0,0,0,0
2022-11-05_csu_bakersfield_biola,CSU Bakersfield,TM,TEAM,False,0,0,0,,0,0,,0,0,,0,2,2,0,0,0,0,0,0
2022-11-07_uc_davis_bethel_ks,Bethel (KS),21,"Stupey, Josie",True,23,1,9,0.111,0,3,0.0,4,4,1.0,0,2,2,2,1,0,0,2,6
2022-11-07_uc_davis_bethel_ks,Bethel (KS),33,"Peete, Jasmine",True,16,1,3,0.333,0,0,,2,2,1.0,2,2,4,3,0,3,0,0,4
2022-11-07_uc_davis_bethel_ks,Bethel (KS),01,"Clark, Brianna",True,19,1,12,0.083,0,7,0.0,0,0,,0,3,3,0,0,5,0,0,2
2022-11-07_uc_davis_bethel_ks,Bethel (KS),20,"Driscoll, Lena",True,18,1,2,0.5,0,1,0.0,0,0,,0,1,1,1,0,0,0,1,2
2022-11-07_uc_davis_bethel_ks,Bethel (KS),11,"Robb, Carley",True,18,0,1,0.0,0,1,0.0,0,0,,0,3,3,0,0,1,0,0,0
2022-11-07_uc_davis_bethel_ks,Bethel (KS),14,"McKenna, Kaitlyn",False,21,4,7,0.571,4,6,0.667,0,0,,1,0,1,1,0,2,0,0,12
2022-11-07_uc_davis_bethel_ks,Bethel (KS),22,"Freshour, Jaycee",False,17,1,6,0.167,0,1,0.0,2,4,0.5,0,0,0,1,0,2,0,0,4
2022-11-07_uc_davis_bethel_ks,Bethel (KS),30,"Schroeder, Parker",False,28,1,4,0.25,1,4,0.25,0,0,,0,3,3,1,1,0,0,0,3
2022-11-07_uc_davis_bethel_ks,Bethel (KS),13,"Lemus, Celeste",False,13,1,8,0.125,0,1,0.0,0,0,,1,0,1,0,2,1,0,1,2
2022-11-07_uc_davis_bethel_ks,Bethel (KS),24,"Piovesan, Dakota",False,8,0,0,,0,0,,1,2,0.5,1,0,1,0,0,1,0,0,1
2022-11-07_uc_davis_bethel_ks,Bethel (KS),31,"Lyons, Jordyn",False,19,0,5,0.0,0,2,0.0,0,0,,1,4,5,3,0,1,0,0,0
2022-11-07_uc_davis_bethel_ks,Bethel (KS),TM,TEAM,False,0,0,0,,0,0,,0,0,,3,5,8,0,0,3,0,0,0
2022-11-07_uc_davis_bethel_ks,UC Davis,25,"Norris, Megan",True,21,8,12,0.667,0,2,0.0,4,7,0.571,2,9,11,3,1,2,0,1,20
2022-11-07_uc_davis_bethel_ks,UC Davis,15,"Turner, Evanne",True,22,6,10,0.6,5,9,0.556,0,0,,0,4,4,0,2,0,0,1,17
2022-11-07_uc_davis_bethel_ks,UC Davis,13,"Burns, Sydney",True,20,3,9,0.333,1,3,0.333,0,0,,1,1,2,2,5,0,0,1,7
2022-11-07_uc_davis_bethel_ks,UC Davis,01,"Sussman, Tess",True,25,2,5,0.4,1,2,0.5,0,0,,1,6,7,1,3,1,0,3,5
2022-11-07_uc_davis_bethel_ks,UC Davis,33,"Harris, Mazatlan",True,13,0,2,0.0,0,1,0.0,0,0,,0,2,2,0,0,0,0,1,0
2022-11-07_uc_davis_bethel_ks,UC Davis,14,"Sabel, Tova",False,17,4,9,0.444,0,3,0.0,3,4,0.75,2,2,4,1,1,1,0,1,11
2022-11-07_uc_davis_bethel_ks,UC Davis,04,"Epps, Nya",False,15,4,6,0.667,0,1,0.0,2,2,1.0,3,1,4,2,2,0,0,1,10
2022-11-07_uc_davis_bethel_ks,UC Davis,23,"Baker, Victoria",False,20,3,5,0.6,0,1,0.0,1,2,0.5,0,1,1,1,4,3,1,1,7
2022-11-07_uc_davis_bethel_ks,UC Davis,02,"Jones, Megan",False,15,2,4,0.5,0,1,0.0,0,0,,0,4,4,1,2,2,1,0,4
2022-11-07_uc_davis_bethel_ks,UC Davis,20,"Sanders, Makaila",False,18,1,3,0.333,1,2,0.5,0,0,,0,4,4,0,0,0,0,0,3
2022-11-07_uc_davis_bethel_ks,UC Davis,03,"Gray, Campbell",False,14,0,1,0.0,0,1,0.0,0,0,,1,1,2,0,0,2,0,1,0
2022-11-07_uc_davis_bethel_ks,UC Davis,TM,TEAM,False,0,0,0,,0,0,,0,0,,1,3,4,0,0,1,0,0,0
2022-11-07_oregon_st_hawaii,Hawaii,03,"Wahinekapu, Lily",True,32,3,9,0.333,3,6,0.5,3,4,0.75,0,1,1,0,1,2,0,2,12
2022-11-07_oregon_st_hawaii,Hawaii,15,"Phillips, Daejah",True,32,4,9,0.444,2,6,0.333,2,2,1.0,3,2,5,3,5,1,0,2,12
2022-11-07_oregon_st_hawaii,Hawaii,11,"Spiller, Kallin",True,30,3,10,0.3,2,5,0.4,1,2,0.5,1,4,5,4,1,2,2,2,9
2022-11-07_oregon_st_hawaii,Hawaii,14,"Orji, Nnenna",True,15,2,4,0.5,1,1,1.0,0,0,,0,2,2,1,0,1,0,1,5
2022-11-07_oregon_st_hawaii,Hawaii,02,"Thoms, Ashley",True,16,1,2,0.5,1,2,0.5,0,0,,0,3,3,2,0,1,0,0,3
2022-11-07_oregon_st_hawaii,Hawaii,01,"Imai, Kelsie",False,18,3,5,0.6,1,3,0.333,0,0,,0,1,1,2,0,0,1,0,7
2022-11-07_oregon_st_hawaii,Hawaii,04,"Lefotu, Jovi",False,18,2,5,0.4,1,2,0.5,0,0,,1,3,4,1,1,2,0,0,5
2022-11-07_oregon_st_hawaii,Hawaii,45,"Davies, Olivia",False,17,2,9,0.222,0,4,0.0,0,0,,2,2,4,3,1,0,0,0,4
2022-11-07_oregon_st_hawaii,Hawaii,23,"McBee, MeiLani",False,12,1,3,0.333,1,3,0.333,0,0,,0,0,0,1,0,1,0,0,3
2022-11-07_oregon_st_hawaii,Hawaii,12,"Perez, Imani",False,10,0,1,0.0,0,0,,0,0,,0,0,0,0,0,0,0,0,0
2022-11-07_oregon_st_hawaii,Hawaii,TM,TEAM,False,0,0,0,,0,0,,0,0,,1,0,1,0,0,0,0,0,0
2022-11-07_oregon_st_hawaii,Oregon St.,11,"Marotte, AJ",True,33,7,13,0.538,2,4,0.5,0,0,,1,6,7,1,0,2,0,0,16
2022-11-07_oregon_st_hawaii,Oregon St.,22,"von Oelhoffen, Talia",True,31,5,11,0.455,0,3,0.0,4,5,0.8,0,6,6,1,6,2,0,2,14
2022-11-07_oregon_st_hawaii,Oregon St.,04,"Mannen, Noelle",True,30,2,4,0.5,1,2,0.5,2,4,0.5,1,4,5,1,4,1,0,2,7
2022-11-07_oregon_st_hawaii,Oregon St.,12,"Mitrovic, Jelena",True,29,3,8,0.375,0,2,0.0,0,2,0.0,2,3,5,1,3,1,1,0,6
2022-11-07_oregon_st_hawaii,Oregon St.,00,"Aaron, Shalexxus",True,19,0,3,0.0,0,1,0.0,0,0,,0,4,4,0,3,1,0,0,0
2022-11-07_oregon_st_hawaii,Oregon St.,02,"Hansford, Lily",False,25,4,6,0.667,3,4,0.75,0,0,,0,3,3,2,0,3,0,0,11
2022-11-07_oregon_st_hawaii,Oregon St.,15,"Beers, Raegan",False,11,2,3,0.667,0,0,,1,4,0.25,0,0,0,1,0,1,0,0,5
2022-11-07_oregon_st_hawaii,Oregon St.,24,"Blacklock, Adlee",False,9,0,1,0.0,0,1,0.0,2,2,1.0,0,0,0,0,2,0,0,0,2
2022-11-07_oregon_st_hawaii,Oregon St.,31,"Pietsch, Martha",False,13,0,1,0.0,0,0,,0,0,,1,0,1,0,0,1,0,0,0
2022-11-07_oregon_st_hawaii,Oregon St.,TM,TEAM,False,0,0,0,,0,0,,0,0,,0,0,0,0,0,0,0,0,0
2022-11-07_california_baptist_uc_san_diego,UC San Diego,14,"Pinto, Denali",True,24,4,8,0.5,3,5,0.6,6,6,1.0,1,4,5,1,3,2,0,1,17
2022-11-07_california_baptist_uc_san_diego,UC San Diego,10,"Macabuhay, Julia",True,21,6,11,0.545,1,4,0.25,0,1,0.0,0,3,3,0,3,1,0,0,13
2022-11-07_california_baptist_uc_san_diego,UC San Diego,13,"Brown, Sydney",True,26,3,9,0.333,1,4,0.25,5,5,1.0,0,7,7,3,0,2,0,0,12
2022-11-07_california_baptist_uc_san_diego,UC San Diego,04,"Cangelosi, Emily",True,24,4,7,0.571,2,5,0.4,0,0,,0,1,1,3,1,4,0,0,10
2022-11-07_california_baptist_uc_san_diego,UC San Diego,12,"Baxter, Madison",True,35,3,12,0.25,2,6,0.333,0,0,,0,3,3,3,2,1,1,2,8
2022-11-07_california_baptist_uc_san_diego,UC San Diego,24,"Mullings, Bridget",False,23,5,7,0.714,1,1,1.0,0,0,,1,4,5,4,1,0,0,0,11
2022-11-07_california_baptist_uc_san_diego,UC San Diego,32,"Montgomery, Parker",False,23,2,7,0.286,1,6,0.167,0,0,,1,0,1,3,4,2,0,1,5
2022-11-07_california_baptist_uc_san_diego,UC San Diego,20,"Forsyth, Izzy",False,10,0,1,0.0,0,0,,0,0,,0,0,0,4,1,1,0,0,0
2022-11-07_california_baptist_uc_san_diego,UC San Diego,05,"Louther, Gabby",False,8,0,3,0.0,0,3,0.0,0,0,,0,3,3,1,1,1,0,0,0
2022-11-07_california_baptist_uc_san_diego,UC San Diego,25,"Mahan, Junaé",False,5,0,1,0.0,0,1,0.0,0,0,,0,2,2,0,0,1,0,0,0
2022-11-07_california_baptist_uc_san_diego,UC San Diego,02,"Talbot, Grace",False,1,0,1,0.0,0,1,0.0,0,0,,0,0,0,0,0,0,0,0,0
2022-11-07_california_baptist_uc_san_diego,UC San Diego,TM,TEAM,False,0,0,0,,0,0,,0,0,,2,2,4,0,0,1,0,0,0
2022-11-07_california_baptist_uc_san_diego,California Baptist,23,"San Antonio, Trinity",True,33,9,23,0.391,3,13,0.231,10,11,0.909,0,10,10,3,5,0,1,3,31
2022-11-07_california_baptist_uc_san_diego,California Baptist,03,"Barrington, Kinsley",True,33,2,9,0.222,0,3,0.0,5,7,0.714,3,7,10,2,3,3,1,1,9
2022-11-07_california_baptist_uc_san_diego,California Baptist,12,"Calhoun, Nae Nae",True,24,1,3,0.333,0,2,0.0,4,4,1.0,1,3,4,4,2,2,0,0,6
2022-11-07_california_baptist_uc_san_diego,California Baptist,05,"Barros, Filipa",True,21,1,5,0.2,1,3,0.333,0,0,,2,2,4,4,1,0,1,1,3
2022-11-07_california_baptist_uc_san_diego,California Baptist,13,"Neale, Tiena",True,22,1,7,0.143,0,4,0.0,0,0,,0,1,1,4,2,1,0,0,2
2022-11-07_california_baptist_uc_san_diego,California Baptist,04,"Finau, Lesila",False,25,3,6,0.5,2,4,0.5,7,8,0.875,2,4,6,0,2,2,0,2,15
2022-11-07_california_baptist_uc_san_diego,California Baptist,02,"Webb, Chloe",False,20,3,7,0.429,2,5,0.4,0,0,,1,2,3,4,2,2,0,0,8
2022-11-07_california_baptist_uc_san_diego,California Baptist,33,"Schmidt, Grace",False,15,3,3,1.0,0,0,,2,3,0.667,0,0,0,0,0,1,0,0,8
2022-11-07_california_baptist_uc_san_diego,California Baptist,25,"Lange, Sarah",False,7,1,1,1.0,0,0,,0,0,,1,2,3,0,0,3,1,1,2
2022-11-07_california_baptist_uc_san_diego,California Baptist,TM,TEAM,False,0,0,0,,0,0,,0,0,,2,5,7,0,0,0,0,0,0
2022-11-07_santa_clara_uc_santa_barbara,UC Santa Barbara,31,"Lane, Ila",True,33,7,12,0.583,0,0,,3,4,0.75,7,4,11,1,0,0,0,0,17
2022-11-07_santa_clara_uc_santa_barbara,UC Santa Barbara,10,"Choice, Anya",True,31,4,6,0.667,2,3,0.667,3,4,0.75,1,3,4,2,3,3,0,0,13
2022-11-07_santa_clara_uc_santa_barbara,UC Santa Barbara,02,"Tucker, Alexis",True,33,5,15,0.333,0,3,0.0,2,2,1.0,3,4,7,4,2,2,0,0,12
2022-11-07_santa_clara_uc_santa_barbara,UC Santa Barbara,12,"Mole, Taylor",True,15,4,7,0.571,2,3,0.667,0,0,,1,1,2,2,2,2,0,0,10
2022-11-07_santa_clara_uc_santa_barbara,UC Santa Barbara,03,"Marin, Alyssa",True,20,0,1,0.0,0,0,,0,0,,0,0,0,5,5,1,0,0,0
2022-11-07_santa_clara_uc_santa_barbara,UC Santa Barbara,21,"Johnson, Kennedy",False,14,3,6,0.5,0,0,,2,2,1.0,0,1,1,2,0,2,0,1,8
2022-11-07_santa_clara_uc_santa_barbara,UC Santa Barbara,05,"Cooper, Callie",False,17,2,3,0.667,0,0,,2,2,1.0,1,4,5,4,4,2,0,2,6
2022-11-07_santa_clara_uc_santa_barbara,UC Santa Barbara,32,"Grant, Jessica",False,10,1,4,0.25,1,4,0.25,0,0,,0,0,0,1,1,0,0,1,3
2022-11-07_santa_clara_uc_santa_barbara,UC Santa Barbara,23,"Whitfield, Alexis",False,12,1,5,0.2,0,1,0.0,0,0,,0,4,4,2,0,1,0,1,2
2022-11-07_santa_clara_uc_santa_barbara,UC Santa Barbara,13,"Modawar, Tatyana",False,6,1,3,0.333,0,1,0.0,0,0,,0,1,1,1,0,0,0,0,2
2022-11-07_santa_clara_uc_santa_barbara,UC Santa Barbara,55,"Burke, Skylar",False,9,0,0,,0,0,,0,0,,0,0,0,0,0,1,0,0,0
2022-11-07_santa_clara_uc_santa_barbara,UC Santa Barbara,TM,TEAM,False,0,0,0,,0,0,,0,0,,1,4,5,0,0,2,0,0,0
2022-11-07_santa_clara_uc_santa_barbara,Santa Clara,34,"Heal, Tess",True,35,9,14,0.643,0,3,0.0,10,15,0.667,2,4,6,1,2,3,0,1,28
2022-11-07_santa_clara_uc_santa_barbara,Santa Clara,05,"Pollerd, Olivia",True,29,4,8,0.5,2,4,0.5,0,0,,2,3,5,3,1,2,2,0,10
2022-11-07_santa_clara_uc_santa_barbara,Santa Clara,03,"Basallo, Ayzhiana",True,28,3,14,0.214,0,5,0.0,2,2,1.0,1,1,2,0,1,2,0,1,8
2022-11-07_santa_clara_uc_santa_barbara,Santa Clara,31,"Hiraki, Ashley",True,34,1,4,0.25,1,3,0.333,1,2,0.5,2,2,4,4,3,1,0,3,4
2022-11-07_santa_clara_uc_santa_barbara,Santa Clara,13,"Edmanson, Lara",True,24,2,3,0.667,0,1,0.0,0,0,,4,3,7,4,0,1,0,2,4
2022-11-07_santa_clara_uc_santa_barbara,Santa Clara,23,"Hudgins, Marya",False,19,2,7,0.286,0,2,0.0,1,2,0.5,3,1,4,2,2,2,0,0,5
2022-11-07_santa_clara_uc_santa_barbara,Santa Clara,04,"Johnson, Anna",False,10,1,2,0.5,0,1,0.0,0,0,,0,2,2,1,0,0,0,0,2
2022-11-07_santa_clara_uc_santa_barbara,Santa Clara,11,"Pritchard, Lexie",False,14,0,4,0.0,0,0,,0,0,,0,0,0,2,0,2,0,0,0
2022-11-07_santa_clara_uc_santa_barbara,Santa Clara,12,"Maldonado, Ashlee",False,7,0,4,0.0,0,2,0.0,0,0,,0,0,0,0,0,0,0,0,0
2022-11-07_santa_clara_uc_santa_barbara,Santa Clara,TM,TEAM,False,0,0,0,,0,0,,0,0,,0,1,1,0,0,0,0,0,0
2022-11-07_ucla_cal_poly,Cal Poly,15,"Bourland, Sydney",True,26,5,9,0.556,1,2,0.5,0,0,,1,3,4,2,3,3,0,1,11
2022-11-07_ucla_cal_poly,Cal Poly,2,"Shah, Annika",True,23,2,8,0.25,0,3,0.0,0,1,0.0,1,2,3,4,2,1,0,1,4
2022-11-07_ucla_cal_poly,Cal Poly,34,"Ackerman, Natalia",True,11,2,5,0.4,0,0,,0,0,,1,5,6,3,2,2,0,0,4
2022-11-07_ucla_cal_poly,Cal Poly,1,"Kovacikova, Nikola",True,23,0,7,0.0,0,2,0.0,2,2,1.0,0,0,0,3,0,3,0,0,2
2022-11-07_ucla_cal_poly,Cal Poly,23,"Wu, Taylor",True,20,0,4,0.0,0,4,0.0,0,0,,0,0,0,2,0,1,0,1,0
2022-11-07_ucla_cal_poly,Cal Poly,32,"Nielacna, Julia",False,21,6,11,0.545,1,1,1.0,0,1,0.0,1,2,3,1,0,2,0,0,13
2022-11-07_ucla_cal_poly,Cal Poly,11,"Dickson, Junie",False,25,3,9,0.333,1,6,0.167,0,0,,1,1,2,1,2,1,0,1,7
2022-11-07_ucla_cal_poly,Cal Poly,4,"Lichtie, Sierra",False,13,1,2,0.5,1,2,0.5,0,0,,0,0,0,1,1,2,0,0,3
2022-11-07_ucla_cal_poly,Cal Poly,5,"Anousinh, Jazzy",False,14,0,0,,0,0,,2,2,1.0,1,1,2,5,2,0,0,0,2
2022-11-07_ucla_cal_poly,Cal Poly,24,"Toure, Oumou",False,12,1,3,0.333,0,1,0.0,0,3,0.0,2,1,3,2,1,1,0,0,2
2022-11-07_ucla_cal_poly,Cal Poly,30,"Garcia, Maia",False,6,0,1,0.0,0,0,,0,0,,0,0,0,2,0,1,0,0,0
2022-11-07_ucla_cal_poly,Cal Poly,20,"Karlin, Shannon",False,3,0,0,,0,0,,0,0,,0,0,0,0,0,0,0,0,0
2022-11-07_ucla_cal_poly,Cal Poly,21,"Stajic, Andrea",False,3,0,0,,0,0,,0,0,,1,0,1,2,0,0,0,0,0
2022-11-07_ucla_cal_poly,Cal Poly,TM,TEAM,False,0,0,0,,0,0,,0,0,,2,2,4,0,0,3,0,0,0
2022-11-07_ucla_cal_poly,UCLA,20,"Osborne, Charisma",True,26,6,11,0.545,2,5,0.4,6,6,1.0,1,8,9,1,5,0,0,2,20
2022-11-07_ucla_cal_poly,UCLA,11,"Bessoir, Emily",True,20,6,13,0.462,2,7,0.286,0,0,,4,5,9,1,1,0,3,2,14
2022-11-07_ucla_cal_poly,UCLA,1,"Rice, Kiki",True,29,5,8,0.625,0,1,0.0,2,6,0.333,0,2,2,2,7,2,0,0,12
2022-11-07_ucla_cal_poly,UCLA,2,"Onu, Dominique",True,19,2,8,0.25,2,3,0.667,2,2,1.0,1,2,3,2,3,1,0,3,8
2022-11-07_ucla_cal_poly,UCLA,35,"Brown, Camryn",True,20,1,2,0.5,0,1,0.0,1,2,0.5,0,2,2,0,0,0,2,1,3
2022-11-07_ucla_cal_poly,UCLA,23,"Jaquez, Gabriela",False,22,2,6,0.333,1,1,1.0,5,7,0.714,4,2,6,0,1,0,0,0,10
2022-11-07_ucla_cal_poly,UCLA,21,"Sontag, Lina",False,14,3,5,0.6,0,2,0.0,0,2,0.0,3,0,3,0,0,0,0,1,6
2022-11-07_ucla_cal_poly,UCLA,5,"Masikewich, Brynn",False,12,2,2,1.0,0,0,,1,2,0.5,3,3,6,4,0,2,0,0,5
2022-11-07_ucla_cal_poly,UCLA,22,"Iwuala, Christeen",False,18,1,6,0.167,0,0,,2,2,1.0,3,1,4,3,0,2,1,1,4
2022-11-07_ucla_cal_poly,UCLA,3,"Jones, Londynn",False,20,0,6,0.0,0,3,0.0,2,2,1.0,0,2,2,4,0,3,0,0,2
2022-11-07_ucla_cal_poly,UCLA,TM,TEAM,False,0,0,0,,0,0,,0,0,,1,1,2,0,0,0,0,0,0
2022-11-07_california_csun,CSUN,15,"Amundsen, Tess",True,28,3,7,0.429,2,3,0.667,2,3,0.667,2,2,4,1,0,1,0,0,10
2022-11-07_california_csun,CSUN,1,"Jackson, Jordyn",True,27,2,9,0.222,1,2,0.5,3,4,0.75,0,0,0,1,1,1,0,1,8
2022-11-07_california_csun,CSUN,10,"de Jesus , Ana Carolina",True,13,3,5,0.6,0,0,,0,0,,0,0,0,5,0,3,1,0,6
2022-11-07_california_csun,CSUN,21,"Tu'ua, Anaiyah",True,29,1,4,0.25,0,0,,1,2,0.5,3,4,7,2,5,2,0,0,3
2022-11-07_california_csun,CSUN,34,"Spriggs, Kayanna",True,11,0,1,0.0,0,0,,0,0,,1,1,2,3,1,0,1,1,0
2022-11-07_california_csun,CSUN,45,"Nikishina , Arina",False,19,3,9,0.333,0,0,,0,0,,5,3,8,1,0,2,0,0,6
2022-11-07_california_csun,CSUN,4,"Harvey, Rachel",False,14,1,3,0.333,0,0,,4,6,0.667,0,1,1,2,2,1,0,2,6
2022-11-07_california_csun,CSUN,25,"Amundsen, Laney",False,11,1,3,0.333,1,2,0.5,2,2,1.0,0,2,2,1,0,0,1,0,5
2022-11-07_california_csun,CSUN,3,"Givens , Cheyenne",False,8,2,5,0.4,1,2,0.5,0,0,,0,0,0,1,0,1,0,0,5
2022-11-07_california_csun,CSUN,5,"Duchemin, Michelle",False,6,1,2,0.5,1,1,1.0,0,0,,0,0,0,3,0,2,0,1,3
2022-11-07_california_csun,CSUN,00,"Williams, De’jah",False,10,1,3,0.333,0,0,,0,0,,0,1,1,1,1,1,0,0,2
2022-11-07_california_csun,CSUN,13,"Fourie, Rochelle",False,9,1,2,0.5,0,0,,0,0,,0,1,1,2,0,1,0,1,2
2022-11-07_california_csun,CSUN,24,"Smith, Macy",False,12,0,3,0.0,0,1,0.0,0,0,,0,2,2,0,2,1,0,0,0
2022-11-07_california_csun,CSUN,11,"Smith, Olivia",False,3,0,1,0.0,0,0,,0,0,,0,1,1,0,0,0,0,0,0
2022-11-07_california_csun,CSUN,TM,TEAM,False,0,0,0,,0,0,,0,0,,1,4,5,0,0,0,0,0,0
2022-11-07_california_csun,California,24,"Lutje Schipholt, Evelien",True,19,7,11,0.636,0,0,,4,7,0.571,5,2,7,3,0,1,1,0,18
2022-11-07_california_csun,California,1,"McIntosh, Leilani",True,26,4,7,0.571,3,6,0.5,3,3,1.0,1,0,1,2,3,0,0,0,14
2022-11-07_california_csun,California,30,"Curry, Jayda",True,27,3,10,0.3,1,6,0.167,2,2,1.0,0,2,2,1,3,1,0,1,9
2022-11-07_california_csun,California,15,"Martin, Kemery",True,22,2,8,0.25,1,4,0.25,0,0,,0,5,5,0,3,1,0,0,5
2022-11-07_california_csun,California,33,"Tuitele, Peanut",True,17,0,3,0.0,0,0,,2,2,1.0,4,5,9,0,0,0,1,0,2
2022-11-07_california_csun,California,00,"Onyiah, Ugonne",False,15,2,4,0.5,0,0,,4,4,1.0,0,2,2,4,1,1,0,2,8
2022-11-07_california_csun,California,32,"Heide, Sela",False,7,4,5,0.8,0,0,,0,2,0.0,2,1,3,0,0,0,2,0,8
2022-11-07_california_csun,California,4,"Ortiz, Karisma",False,19,1,3,0.333,1,2,0.5,3,4,0.75,1,3,4,1,2,2,0,3,6
2022-11-07_california_csun,California,5,"Langarita, Claudia",False,12,3,4,0.75,0,1,0.0,0,0,,2,0,2,4,0,2,0,1,6
2022-11-07_california_csun,California,21,"Mastrov, Mia",False,15,2,5,0.4,1,4,0.25,0,0,,0,3,3,0,2,0,0,0,5
2022-11-07_california_csun,California,31,"Muca, Ornela",False,4,1,2,0.5,1,2,0.5,0,0,,0,0,0,0,0,0,0,0,3
2022-11-07_california_csun,California,2,"Bonner, Amaya",False,14,1,3,0.333,0,1,0.0,0,0,,2,0,2,0,2,2,0,0,2
2022-11-07_california_csun,California,3,"Stevens, Bella",False,3,0,1,0.0,0,1,0.0,0,0,,0,2,2,1,2,0,0,0,0
2022-11-07_california_csun,California,TM,TEAM,False,0,0,0,,0,0,,0,0,,1,4,5,0,0,0,0,0,0
2022-11-07_uc_riverside_pacific,Pacific,3,"James, Anaya",True,24,9,10,0.9,3,4,0.75,0,0,,0,4,4,2,5,3,0,1,21
2022-11-07_uc_riverside_pacific,Pacific,24,"Smith, Liz",True,25,4,11,0.364,1,4,0.25,3,4,0.75,0,4,4,2,4,5,0,1,12
2022-11-07_uc_riverside_pacific,Pacific,14,"Elliott, Elizabeth",True,19,5,6,0.833,0,0,,0,0,,2,2,4,4,1,2,0,1,10
2022-11-07_uc_riverside_pacific,Pacific,11,"Holmberg, Cecilia",True,19,3,9,0.333,0,3,0.0,3,3,1.0,0,8,8,3,0,4,0,0,9
2022-11-07_uc_riverside_pacific,Pacific,30,"Ashby, Sam",True,24,3,3,1.0,0,0,,0,0,,0,6,6,2,2,4,0,1,6
2022-11-07_uc_riverside_pacific,Pacific,33,"Ennis, Madelene",False,30,2,5,0.4,0,0,,5,6,0.833,0,1,1,4,1,2,2,1,9
2022-11-07_uc_riverside_pacific,Pacific,20,"Adams, Erica",False,17,4,5,0.8,0,0,,0,2,0.0,1,4,5,2,0,0,1,0,8
2022-11-07_uc_riverside_pacific,Pacific,1,"Deaton, Kadie",False,14,2,5,0.4,1,1,1.0,2,2,1.0,1,2,3,2,2,1,0,0,7
2022-11-07_uc_riverside_pacific,Pacific,5,"Richardson, Diamond",False,15,0,0,,0,0,,1,2,0.5,1,3,4,1,1,0,0,0,1
2022-11-07_uc_riverside_pacific,Pacific,10,"Ward, Sydney",False,11,0,2,0.0,0,0,,0,2,0.0,1,3,4,0,1,0,0,1,0
2022-11-07_uc_riverside_pacific,Pacific,00,"Johnson, Cassidy",False,2,0,0,,0,0,,0,0,,0,0,0,0,0,1,0,0,0
2022-11-07_uc_riverside_pacific,Pacific,TM,TEAM,False,0,0,0,,0,0,,0,0,,2,1,3,0,0,0,0,0,0
2022-11-07_uc_riverside_pacific,UC Riverside,22,"Atchley, Paris",True,35,4,11,0.364,1,2,0.5,0,0,,0,1,1,3,3,0,0,1,9
2022-11-07_uc_riverside_pacific,UC Riverside,2,"Walters, Ryanne",True,34,4,11,0.364,1,2,0.5,0,2,0.0,0,1,1,3,1,3,0,6,9
2022-11-07_uc_riverside_pacific,UC Riverside,15,"Blount, Anna",True,18,2,6,0.333,0,0,,4,6,0.667,1,0,1,3,0,1,0,0,8
2022-11-07_uc_riverside_pacific,UC Riverside,13,"Finau, Mele",True,23,3,11,0.273,0,2,0.0,0,2,0.0,0,5,5,1,0,0,2,2,6
2022-11-07_uc_riverside_pacific,UC Riverside,11,"Matarranz, Esther",True,16,1,1,1.0,0,0,,0,0,,1,1,2,3,0,0,0,1,2
2022-11-07_uc_riverside_pacific,UC Riverside,4,"Marshall, Jordyn",False,12,2,4,0.5,1,1,1.0,5,6,0.833,0,0,0,4,0,1,0,1,10
2022-11-07_uc_riverside_pacific,UC Riverside,30,"Morse, Rose",False,9,1,2,0.5,1,2,0.5,5,6,0.833,0,0,0,3,0,2,0,1,8
2022-11-07_uc_riverside_pacific,UC Riverside,32,"Webster, Jordan",False,15,2,9,0.222,1,4,0.25,2,3,0.667,2,2,4,1,0,1,0,2,7
2022-11-07_uc_riverside_pacific,UC Riverside,1,"Bryant, Matehya",False,12,1,2,0.5,0,0,,0,0,,1,2,3,1,1,1,0,0,2
2022-11-07_uc_riverside_pacific,UC Riverside,10,"Stenberg, Julia",False,14,0,4,0.0,0,3,0.0,0,0,,0,0,0,0,1,1,0,0,0
2022-11-07_uc_riverside_pacific,UC Riverside,23,"Aikins, India",False,5,0,1,0.0,0,0,,0,0,,0,0,0,1,0,0,0,0,0
2022-11-07_uc_riverside_pacific,UC Riverside,3,"Tillery, Zoe",False,4,0,1,0.0,0,1,0.0,0,0,,0,0,0,0,0,0,0,0,0
2022-11-07_uc_riverside_pacific,UC Riverside,14,"Hansson, Hanna",False,3,0,0,,0,0,,0,0,,0,0,0,1,0,0,0,0,0
2022-11-07_uc_riverside_pacific,UC Riverside,TM,TEAM,False,0,0,0,,0,0,,0,0,,4,3,7,0,0,1,0,0,0
2022-11-08_uc_irvine_whittier,Whittier,4,"Leach, Rhe Nae",True,21,5,12,0.417,1,1,1.0,4,4,1.0,1,0,1,2,0,3,0,1,15
2022-11-08_uc_irvine_whittier,Whittier,3,"Gurrola, Lalli",True,36,2,12,0.167,1,6,0.167,0,0,,2,1,3,1,0,3,0,1,5
2022-11-08_uc_irvine_whittier,Whittier,32,"James, Lainie",True,29,1,9,0.111,1,5,0.2,1,2,0.5,0,8,8,0,0,3,1,0,4
2022-11-08_uc_irvine_whittier,Whittier,15,"Robles, Bella",True,23,1,2,0.5,1,1,1.0,0,0,,0,4,4,3,0,0,1,0,3
2022-11-08_uc_irvine_whittier,Whittier,23,"Scriven, Lizzie",True,27,0,2,0.0,0,1,0.0,1,2,0.5,0,2,2,1,3,4,0,2,1
2022-11-08_uc_irvine_whittier,Whittier,34,"Williams, Natalia",False,23,2,8,0.25,1,5,0.2,0,0,,0,1,1,0,0,0,1,0,5
2022-11-08_uc_irvine_whittier,Whittier,22,"Meza, Melanie",False,25,0,2,0.0,0,1,0.0,0,0,,1,0,1,2,4,7,0,0,0
2022-11-08_uc_irvine_whittier,Whittier,24,"Davis, Kyra",False,16,0,0,,0,0,,0,0,,0,2,2,1,0,0,0,0,0
2022-11-08_uc_irvine_whittier,Whittier,TM,TEAM,False,0,0,0,,0,0,,0,0,,0,5,5,0,0,2,0,0,0
2022-11-08_uc_irvine_whittier,UC Irvine,21,"Williams, Olivia",True,22,5,15,0.333,3,9,0.333,1,4,0.25,3,3,6,1,3,1,0,2,14
2022-11-08_uc_irvine_whittier,UC Irvine,23,"Konate, Diaba",True,14,4,4,1.0,2,2,1.0,1,1,1.0,0,1,1,2,3,0,0,2,11
2022-11-08_uc_irvine_whittier,UC Irvine,3,"Tom, Nikki",True,23,3,7,0.429,3,6,0.5,1,2,0.5,1,4,5,1,4,1,1,3,10
2022-11-08_uc_irvine_whittier,UC Irvine,42,"Hunt, Naomi",True,24,3,11,0.273,1,6,0.167,0,0,,1,6,7,2,2,1,2,0,7
2022-11-08_uc_irvine_whittier,UC Irvine,24,"Dean, Nevaeh",True,13,2,3,0.667,0,0,,2,2,1.0,3,0,3,0,1,0,0,0,6
2022-11-08_uc_irvine_whittier,UC Irvine,13,"Lee, Déja",False,19,7,9,0.778,2,3,0.667,0,0,,3,5,8,3,5,0,0,1,16
2022-11-08_uc_irvine_whittier,UC Irvine,32,"Parkinson, Nevaeh",False,14,5,6,0.833,0,0,,0,0,,1,2,3,1,1,0,0,1,10
2022-11-08_uc_irvine_whittier,UC Irvine,20,"Hernandez, Hunter",False,18,4,11,0.364,1,4,0.25,0,0,,1,1,2,0,2,0,3,0,9
2022-11-08_uc_irvine_whittier,UC Irvine,11,"Scharpf, Amelia",False,19,2,4,0.5,2,3,0.667,1,2,0.5,0,5,5,1,1,1,0,2,7
2022-11-08_uc_irvine_whittier,UC Irvine,22,"Gony, Nyagoa",False,13,2,6,0.333,0,0,,0,0,,5,4,9,1,1,0,1,1,4
2022-11-08_uc_irvine_whittier,UC Irvine,33,"Kaupu, Caiyle",False,14,1,4,0.25,0,2,0.0,0,0,,1,1,2,2,4,1,0,3,2
2022-11-08_uc_irvine_whittier,UC Irvine,1,"Ross, Tarryn",False,7,1,4,0.25,0,3,0.0,0,0,,0,0,0,0,0,0,0,1,2
2022-11-08_uc_irvine_whittier,UC Irvine,TM,TEAM,False,0,0,0,,0,0,,0,0,,4,1,5,0,0,0,0,0,0
2022-11-08_southern_california_csu_bakersfield,CSU Bakersfield,03,"van Schaik, Hennie",True,19,5,10,0.5,0,0,,1,2,0.5,5,1,6,4,1,5,1,1,11
2022-11-08_southern_california_csu_bakersfield,CSU Bakersfield,00,"Johnson, Simone",True,20,2,5,0.4,0,0,,1,3,0.333,1,2,3,2,0,4,0,1,5
2022-11-08_southern_california_csu_bakersfield,CSU Bakersfield,10,"Brown, Shaunae",True,28,2,7,0.286,0,4,0.0,0,0,,0,0,0,3,1,3,0,1,4
2022-11-08_southern_california_csu_bakersfield,CSU Bakersfield,13,"Herrera, Soli",True,12,2,3,0.667,0,0,,0,0,,0,4,4,2,0,0,0,0,4
2022-11-08_southern_california_csu_bakersfield,CSU Bakersfield,05,"Tougas, Sophia",True,19,0,2,0.0,0,1,0.0,0,0,,0,0,0,1,1,0,0,1,0
2022-11-08_southern_california_csu_bakersfield,CSU Bakersfield,01,"Clayburne, Tatyanna",False,25,3,12,0.25,1,5,0.2,2,2,1.0,0,4,4,3,1,4,0,0,9
2022-11-08_southern_california_csu_bakersfield,CSU Bakersfield,02,"Edwards, Morgan",False,11,2,3,0.667,0,0,,1,1,1.0,0,0,0,2,1,0,0,1,5
2022-11-08_southern_california_csu_bakersfield,CSU Bakersfield,15,"Morris, Kayla",False,27,1,9,0.111,0,2,0.0,1,2,0.5,1,2,3,3,0,0,2,0,3
2022-11-08_southern_california_csu_bakersfield,CSU Bakersfield,33,"Riley, Julia",False,15,0,2,0.0,0,1,0.0,0,0,,0,1,1,1,0,1,0,2,0
2022-11-08_southern_california_csu_bakersfield,CSU Bakersfield,32,"Freeman, Garrisen",False,14,0,1,0.0,0,0,,0,0,,0,0,0,1,1,2,0,0,0
2022-11-08_southern_california_csu_bakersfield,CSU Bakersfield,14,"Ortiz, Nseije",False,10,0,1,0.0,0,0,,0,0,,0,0,0,0,1,2,0,2,0
2022-11-08_southern_california_csu_bakersfield,CSU Bakersfield,TM,TEAM,False,0,0,0,,0,0,,0,0,,3,3,6,0,0,2,0,0,0
2022-11-08_southern_california_csu_bakersfield,Southern California,30,"Sissoko, Kadi",True,25,7,10,0.7,1,1,1.0,0,0,,1,3,4,1,4,3,1,0,15
2022-11-08_southern_california_csu_bakersfield,Southern California,24,"Adika, Okako",True,23,5,7,0.714,3,4,0.75,2,2,1.0,4,0,4,3,0,2,0,1,15
2022-11-08_southern_california_csu_bakersfield,Southern California,11,"Littleton, Destiny",True,25,3,9,0.333,0,6,0.0,7,7,1.0,0,2,2,1,5,1,1,2,13
2022-11-08_southern_california_csu_bakersfield,Southern California,13,"Marshall, Rayah",True,21,4,8,0.5,0,1,0.0,4,6,0.667,1,9,10,2,2,1,4,3,12
2022-11-08_southern_california_csu_bakersfield,Southern California,04,"Williams, Kayla",True,19,1,6,0.167,0,1,0.0,0,0,,1,1,2,3,6,1,0,4,2
2022-11-08_southern_california_csu_bakersfield,Southern California,12,"Perkins, Bella",False,17,4,5,0.8,3,4,0.75,1,2,0.5,0,1,1,0,1,0,0,0,12
2022-11-08_southern_california_csu_bakersfield,Southern California,00,"Love, Koi",False,20,2,4,0.5,0,0,,2,3,0.667,1,6,7,2,0,4,1,2,6
2022-11-08_southern_california_csu_bakersfield,Southern California,34,"Akunwafo, Clarice",False,15,2,4,0.5,0,0,,1,2,0.5,2,4,6,4,1,1,0,0,5
2022-11-08_southern_california_csu_bakersfield,Southern California,01,"Bigby, Taylor",False,19,1,5,0.2,0,4,0.0,1,2,0.5,0,1,1,2,4,1,0,3,3
2022-11-08_southern_california_csu_bakersfield,Southern California,02,"Otto, India",False,4,1,1,1.0,1,1,1.0,0,0,,0,0,0,1,0,1,0,0,3
2022-11-08_southern_california_csu_bakersfield,Southern California,52,"Doumbia, Rokia",False,12,0,2,0.0,0,2,0.0,0,0,,0,0,0,0,1,3,0,2,0
2022-11-08_southern_california_csu_bakersfield,Southern California,TM,TEAM,False,0,0,0,,0,0,,0,0,,6,3,9,0,0,0,0,0,0
2022-11-09_portland_hawaii,Hawaii,15,"Phillips, Daejah",True,30,10,14,0.714,1,1,1.0,4,5,0.8,0,1,1,3,2,3,1,6,25
2022-11-09_portland_hawaii,Hawaii,11,"Spiller, Kallin",True,38,3,10,0.3,1,5,0.2,0,0,,2,8,10,2,0,3,1,0,7
2022-11-09_portland_hawaii,Hawaii,03,"Wahinekapu, Lily",True,27,2,12,0.167,1,5,0.2,2,4,0.5,1,0,1,3,2,1,0,1,7
2022-11-09_portland_hawaii,Hawaii,02,"Thoms, Ashley",True,16,1,3,0.333,0,0,,0,0,,0,0,0,1,1,2,0,1,2
2022-11-09_portland_hawaii,Hawaii,14,"Orji, Nnenna",True,11,0,1,0.0,0,0,,0,0,,0,0,0,4,1,0,1,0,0
2022-11-09_portland_hawaii,Hawaii,12,"Perez, Imani",False,13,2,4,0.5,0,1,0.0,3,3,1.0,1,0,1,1,0,0,0,1,7
2022-11-09_portland_hawaii,Hawaii,04,"Lefotu, Jovi",False,13,2,2,1.0,0,0,,0,0,,1,0,1,2,1,3,0,0,4
2022-11-09_portland_hawaii,Hawaii,32,"Ongoongotau, Eva",False,6,0,0,,0,0,,2,2,1.0,0,1,1,0,0,1,0,1,2
2022-11-09_portland_hawaii,Hawaii,01,"Imai, Kelsie",False,15,0,3,0.0,0,0,,0,0,,0,1,1,1,1,3,0,1,0
2022-11-09_portland_hawaii,Hawaii,20,"Haire, McKenna",False,12,0,2,0.0,0,2,0.0,0,0,,1,2,3,0,0,3,0,0,0
2022-11-09_portland_hawaii,Hawaii,23,"McBee, MeiLani",False,10,0,1,0.0,0,0,,0,0,,0,0,0,3,1,0,0,2,0
2022-11-09_portland_hawaii,Hawaii,00,"Watkins, Avery",False,9,0,1,0.0,0,0,,0,0,,0,0,0,1,0,0,0,0,0
2022-11-09_portland_hawaii,Hawaii,TM,TEAM,False,0,0,0,,0,0,,0,0,,2,6,8,0,0,1,0,0,0
2022-11-09_portland_hawaii,Portland,24,"Burnham, Maisie",True,22,9,15,0.6,3,4,0.75,1,4,0.25,2,2,4,3,0,3,0,1,22
2022-11-09_portland_hawaii,Portland,12,"Fowler, Alex",True,32,3,8,0.375,1,3,0.333,11,12,0.917,1,5,6,2,9,4,2,5,18
2022-11-09_portland_hawaii,Portland,32,"Lenzie, Kelsey",True,22,1,6,0.167,1,3,0.333,2,6,0.333,0,0,0,2,3,0,1,0,5
2022-11-09_portland_hawaii,Portland,30,"Cochrane, Lucy",True,26,1,4,0.25,0,0,,0,0,,1,4,5,1,2,4,2,1,2
2022-11-09_portland_hawaii,Portland,02,"Frawley, Keeley",True,22,0,1,0.0,0,0,,0,0,,1,3,4,2,2,3,0,0,0
2022-11-09_portland_hawaii,Portland,22,"Bruno, MJ",False,13,3,4,0.75,1,2,0.5,0,0,,2,1,3,3,0,1,0,1,7
2022-11-09_portland_hawaii,Portland,05,"Shearer, Emme",False,21,3,5,0.6,0,1,0.0,0,0,,0,1,1,1,1,4,0,2,6
2022-11-09_portland_hawaii,Portland,23,"Kaitu'u, Liana",False,20,3,4,0.75,0,0,,0,0,,0,0,0,1,0,1,0,1,6
2022-11-09_portland_hawaii,Portland,04,"Samia, Melika",False,6,2,2,1.0,0,0,,0,0,,0,0,0,1,0,0,0,0,4
2022-11-09_portland_hawaii,Portland,01,"Meek, McKelle",False,12,0,1,0.0,0,1,0.0,0,0,,0,2,2,1,2,1,0,1,0
2022-11-09_portland_hawaii,Portland,11,"Strelein, Emma",False,1,0,0,,0,0,,0,0,,0,0,0,0,0,0,0,0,0
2022-11-09_portland_hawaii,Portland,14,"Bucher, Chance",False,1,0,0,,0,0,,0,0,,0,1,1,0,0,0,0,0,0
2022-11-09_portland_hawaii,Portland,21,"Sewell, Emily",False,1,0,0,,0,0,,0,0,,0,0,0,0,0,0,0,0,0
2022-11-09_portland_hawaii,Portland,34,"Condron, Maddi",False,1,0,0,,0,0,,0,0,,0,0,0,0,0,0,0,0,0
2022-11-09_portland_hawaii,Portland,TM,TEAM,False,0,0,0,,0,0,,0,0,,2,7,9,0,0,0,0,0,0
2022-11-09_stanford_csun,CSUN,15,"Amundsen, Tess",True,26,2,11,0.182,1,6,0.167,2,3,0.667,0,2,2,2,0,1,0,2,7
2022-11-09_stanford_csun,CSUN,1,"Jackson, Jordyn",True,22,1,5,0.2,0,2,0.0,2,2,1.0,0,0,0,1,0,1,0,0,4
2022-11-09_stanford_csun,CSUN,10,"de Jesus , Ana Carolina",True,15,2,6,0.333,0,0,,0,0,,1,2,3,1,1,0,0,0,4
2022-11-09_stanford_csun,CSUN,34,"Spriggs, Kayanna",True,16,1,5,0.2,0,0,,0,0,,0,4,4,2,1,2,0,0,2
2022-11-09_stanford_csun,CSUN,21,"Tu'ua, Anaiyah",True,18,0,3,0.0,0,1,0.0,0,0,,0,3,3,3,1,0,0,0,0
2022-11-09_stanford_csun,CSUN,3,"Givens , Cheyenne",False,17,2,8,0.25,2,5,0.4,2,2,1.0,0,1,1,3,2,4,0,1,8
2022-11-09_stanford_csun,CSUN,24,"Smith, Macy",False,16,3,5,0.6,1,2,0.5,0,0,,0,1,1,0,0,1,0,0,7
2022-11-09_stanford_csun,CSUN,5,"Duchemin, Michelle",False,13,2,5,0.4,0,1,0.0,1,2,0.5,1,2,3,4,0,0,0,0,5
2022-11-09_stanford_csun,CSUN,25,"Amundsen, Laney",False,14,1,2,0.5,0,0,,0,0,,0,0,0,2,1,1,0,0,2
2022-11-09_stanford_csun,CSUN,13,"Fourie, Rochelle",False,6,0,1,0.0,0,0,,1,2,0.5,0,1,1,1,0,0,0,0,1
2022-11-09_stanford_csun,CSUN,4,"Harvey, Rachel",False,14,0,3,0.0,0,1,0.0,0,0,,1,2,3,1,0,0,0,1,0
2022-11-09_stanford_csun,CSUN,45,"Nikishina , Arina",False,12,0,1,0.0,0,0,,0,2,0.0,1,0,1,5,0,3,1,0,0
2022-11-09_stanford_csun,CSUN,00,"Williams, De’jah",False,7,0,1,0.0,0,1,0.0,0,0,,0,0,0,1,0,2,0,0,0
2022-11-09_stanford_csun,CSUN,11,"Smith, Olivia",False,4,0,0,,0,0,,0,0,,1,1,2,2,0,0,0,0,0
2022-11-09_stanford_csun,CSUN,TM,TEAM,False,0,0,0,,0,0,,0,0,,0,2,2,0,0,0,0,0,0
2022-11-09_stanford_csun,Stanford,33,"Jump, Hannah",True,17,6,9,0.667,5,8,0.625,0,0,,0,1,1,0,1,0,0,0,17
2022-11-09_stanford_csun,Stanford,22,"Brink, Cameron",True,19,4,6,0.667,0,0,,3,6,0.5,3,8,11,2,0,1,3,2,11
2022-11-09_stanford_csun,Stanford,44,"Iriafen, Kiki",True,17,3,6,0.5,0,0,,4,6,0.667,1,3,4,0,3,0,0,0,10
2022-11-09_stanford_csun,Stanford,30,"Jones, Haley",True,23,3,5,0.6,0,1,0.0,3,5,0.6,0,4,4,0,7,2,1,0,9
2022-11-09_stanford_csun,Stanford,2,"Emma-nnopu, Agnes",True,11,1,1,1.0,0,0,,2,2,1.0,0,1,1,1,0,0,0,2,4
2022-11-09_stanford_csun,Stanford,51,"Betts, Lauren",False,13,7,9,0.778,0,0,,4,5,0.8,1,5,6,1,1,0,3,0,18
2022-11-09_stanford_csun,Stanford,21,"Demetre, Brooke",False,14,3,5,0.6,3,5,0.6,4,4,1.0,2,1,3,1,2,0,0,0,13
2022-11-09_stanford_csun,Stanford,11,"Prechtel, Ashten",False,7,3,6,0.5,2,5,0.4,0,0,,0,1,1,2,0,0,1,1,8
2022-11-09_stanford_csun,Stanford,20,"Bosgana, Elena",False,16,2,3,0.667,1,2,0.5,1,1,1.0,1,6,7,0,2,2,0,0,6
2022-11-09_stanford_csun,Stanford,10,"Lepolo, Talana",False,20,1,2,0.5,0,0,,2,2,1.0,0,0,0,0,2,1,0,0,4
2022-11-09_stanford_csun,Stanford,31,"Green, Lauren",False,4,0,0,,0,0,,2,2,1.0,0,0,0,0,0,0,0,0,2
2022-11-09_stanford_csun,Stanford,12,"Nivar, Indya",False,16,0,4,0.0,0,1,0.0,1,2,0.5,2,3,5,2,3,0,1,0,1
2022-11-09_stanford_csun,Stanford,32,"Harriel, Jzaniya",False,10,0,0,,0,0,,1,2,0.5,0,2,2,1,1,0,0,0,1
2022-11-09_stanford_csun,Stanford,5,"Belibi, Francesca",False,9,0,1,0.0,0,0,,0,0,,1,1,2,0,0,0,0,0,0
2022-11-09_stanford_csun,Stanford,24,"Papadaki, Stavi",False,4,0,2,0.0,0,1,0.0,0,0,,0,0,0,0,0,0,0,1,0
2022-11-09_stanford_csun,Stanford,TM,TEAM,False,0,0,0,,0,0,,0,0,,0,3,3,0,0,0,0,0,0
2022-11-10_uc_santa_barbara_pepperdine,Pepperdine,12,"Walls, Marly",True,33,5,12,0.417,2,4,0.5,4,4,1.0,0,3,3,5,3,2,0,3,16
2022-11-10_uc_santa_barbara_pepperdine,Pepperdine,24,"Stedman, Ally",True,36,5,18,0.278,2,5,0.4,0,0,,0,5,5,1,2,8,0,2,12
2022-11-10_uc_santa_barbara_pepperdine,Pepperdine,10,"Nwaba, Jane",True,31,4,12,0.333,1,3,0.333,1,3,0.333,4,1,5,4,4,3,1,2,10
2022-11-10_uc_santa_barbara_pepperdine,Pepperdine,00,"Mbanefo, Theresa Grace",True,30,4,6,0.667,0,0,,0,0,,3,1,4,3,1,1,0,2,8
2022-11-10_uc_santa_barbara_pepperdine,Pepperdine,13,"Amosa, Meaali'i",True,16,1,1,1.0,0,0,,0,0,,0,2,2,0,0,0,0,0,2
2022-11-10_uc_santa_barbara_pepperdine,Pepperdine,15,"Obinma, Becky",False,19,2,7,0.286,0,1,0.0,4,5,0.8,6,3,9,3,0,2,0,0,8
2022-11-10_uc_santa_barbara_pepperdine,Pepperdine,11,"Friend, Helena",False,16,1,6,0.167,0,3,0.0,3,4,0.75,0,0,0,1,1,0,0,1,5
2022-11-10_uc_santa_barbara_pepperdine,Pepperdine,33,"Brodie, Kyrah",False,11,1,3,0.333,0,0,,0,0,,0,2,2,1,1,1,1,0,2
2022-11-10_uc_santa_barbara_pepperdine,Pepperdine,03,"Brumfield, Drea",False,4,0,2,0.0,0,2,0.0,0,0,,0,1,1,0,0,0,0,0,0
2022-11-10_uc_santa_barbara_pepperdine,Pepperdine,04,"Odebunmi, Rosemary",False,4,0,1,0.0,0,0,,0,0,,1,2,3,0,0,0,0,1,0
2022-11-10_uc_santa_barbara_pepperdine,Pepperdine,TM,TEAM,False,0,0,0,,0,0,,0,0,,4,1,5,0,0,0,0,0,0
2022-11-10_uc_santa_barbara_pepperdine,UC Santa Barbara,31,"Lane, Ila",True,38,8,10,0.8,0,0,,0,0,,3,7,10,3,0,1,0,0,16
2022-11-10_uc_santa_barbara_pepperdine,UC Santa Barbara,12,"Mole, Taylor",True,34,5,8,0.625,4,6,0.667,0,0,,0,3,3,0,2,1,0,1,14
2022-11-10_uc_santa_barbara_pepperdine,UC Santa Barbara,02,"Tucker, Alexis",True,21,3,5,0.6,0,0,,3,4,0.75,0,4,4,4,1,5,0,3,9
2022-11-10_uc_santa_barbara_pepperdine,UC Santa Barbara,03,"Marin, Alyssa",True,19,3,8,0.375,0,2,0.0,3,3,1.0,1,1,2,1,5,3,0,3,9
2022-11-10_uc_santa_barbara_pepperdine,UC Santa Barbara,10,"Choice, Anya",True,27,1,6,0.167,0,3,0.0,2,2,1.0,0,2,2,5,4,3,0,0,4
2022-11-10_uc_santa_barbara_pepperdine,UC Santa Barbara,32,"Grant, Jessica",False,9,3,4,0.75,3,4,0.75,1,2,0.5,0,1,1,2,2,1,0,0,10
2022-11-10_uc_santa_barbara_pepperdine,UC Santa Barbara,13,"Modawar, Tatyana",False,5,2,2,1.0,1,1,1.0,0,0,,0,1,1,1,2,1,0,0,5
2022-11-10_uc_santa_barbara_pepperdine,UC Santa Barbara,05,"Cooper, Callie",False,24,0,3,0.0,0,1,0.0,2,4,0.5,1,2,3,1,4,3,0,2,2
2022-11-10_uc_santa_barbara_pepperdine,UC Santa Barbara,21,"Johnson, Kennedy",False,9,1,4,0.25,0,1,0.0,0,0,,1,2,3,0,0,0,0,0,2
2022-11-10_uc_santa_barbara_pepperdine,UC Santa Barbara,23,"Whitfield, Alexis",False,10,0,4,0.0,0,0,,0,0,,2,2,4,0,1,1,0,1,0
2022-11-10_uc_santa_barbara_pepperdine,UC Santa Barbara,55,"Burke, Skylar",False,4,0,0,,0,0,,0,0,,0,0,0,2,0,1,0,0,0
2022-11-10_uc_santa_barbara_pepperdine,UC Santa Barbara,TM,TEAM,False,0,0,0,,0,0,,0,0,,0,2,2,0,0,1,0,0,0
2022-11-10_cal_poly_simpson_ca,Simpson (CA),44,"Tress, Celina",True,19,5,11,0.455,0,0,,5,5,1.0,0,1,1,2,0,0,1,2,15
2022-11-10_cal_poly_simpson_ca,Simpson (CA),3,"Lindsey, Livi",True,25,4,9,0.444,1,1,1.0,0,0,,3,1,4,2,0,6,0,1,9
2022-11-10_cal_poly_simpson_ca,Simpson (CA),10,"Patterson, Tymiko",True,30,1,5,0.2,1,4,0.25,3,4,0.75,0,1,1,0,1,2,0,0,6
2022-11-10_cal_poly_simpson_ca,Simpson (CA),15,"Berrocal, Sandra",True,25,2,8,0.25,1,4,0.25,0,0,,0,2,2,0,1,1,1,1,5
2022-11-10_cal_poly_simpson_ca,Simpson (CA),23,"Rubio, Ariadna",True,25,1,5,0.2,0,1,0.0,0,0,,0,0,0,2,2,3,0,1,2
2022-11-10_cal_poly_simpson_ca,Simpson (CA),24,"Thompson, Nikki",False,15,2,5,0.4,0,2,0.0,3,4,0.75,0,2,2,3,1,1,0,0,7
2022-11-10_cal_poly_simpson_ca,Simpson (CA),2,"Gafford, Rachel",False,12,2,3,0.667,0,0,,0,1,0.0,0,1,1,1,1,3,0,0,4
2022-11-10_cal_poly_simpson_ca,Simpson (CA),33,"Morgan, Kayla",False,15,0,1,0.0,0,0,,1,2,0.5,0,0,0,1,1,0,1,0,1
2022-11-10_cal_poly_simpson_ca,Simpson (CA),4,"Marshall, Anna",False,11,0,1,0.0,0,0,,0,0,,1,0,1,0,0,0,0,0,0
2022-11-10_cal_poly_simpson_ca,Simpson (CA),12,"Wallen, Riley",False,10,0,0,,0,0,,0,0,,0,2,2,1,0,0,0,0,0
2022-11-10_cal_poly_simpson_ca,Simpson (CA),1,"Urbina, Sonia",False,8,0,1,0.0,0,1,0.0,0,0,,0,0,0,0,0,1,0,0,0
2022-11-10_cal_poly_simpson_ca,Simpson (CA),11,"Cushman, Katie",False,3,0,0,,0,0,,0,0,,0,0,0,1,0,1,0,0,0
2022-11-10_cal_poly_simpson_ca,Simpson (CA),5,"Kang, Nisha",False,2,0,1,0.0,0,0,,0,0,,0,0,0,0,0,0,0,0,0
2022-11-10_cal_poly_simpson_ca,Simpson (CA),TM,TEAM,False,0,0,0,,0,0,,0,0,,6,0,6,0,0,3,0,0,0
2022-11-10_cal_poly_simpson_ca,Cal Poly,1,"Kovacikova, Nikola",True,24,5,7,0.714,2,2,1.0,0,0,,2,4,6,1,4,2,1,0,12
2022-11-10_cal_poly_simpson_ca,Cal Poly,35,"Ackerman, Natalia",True,18,4,5,0.8,0,0,,4,4,1.0,1,6,7,2,0,0,0,2,12
2022-11-10_cal_poly_simpson_ca,Cal Poly,23,"Wu, Taylor",True,17,5,8,0.625,1,4,0.25,1,2,0.5,0,0,0,0,0,2,0,0,12
2022-11-10_cal_poly_simpson_ca,Cal Poly,15,"Bourland, Sydney",True,19,4,8,0.5,0,1,0.0,0,0,,0,0,0,0,4,0,0,3,8
2022-11-10_cal_poly_simpson_ca,Cal Poly,2,"Shah, Annika",True,23,3,5,0.6,0,0,,0,0,,0,2,2,4,7,2,1,1,6
2022-11-10_cal_poly_simpson_ca,Cal Poly,32,"Nielacna, Julia",False,14,6,8,0.75,0,1,0.0,0,0,,1,2,3,2,0,2,0,0,12
2022-11-10_cal_poly_simpson_ca,Cal Poly,30,"Garcia, Maia",False,9,3,4,0.75,0,0,,2,2,1.0,2,1,3,2,0,2,2,0,8
2022-11-10_cal_poly_simpson_ca,Cal Poly,24,"Toure, Oumou",False,11,2,4,0.5,0,1,0.0,1,2,0.5,2,1,3,1,0,3,0,2,5
2022-11-10_cal_poly_simpson_ca,Cal Poly,5,"Anousinh, Jazzy",False,23,1,2,0.5,0,0,,0,0,,0,1,1,2,4,4,0,1,2
2022-11-10_cal_poly_simpson_ca,Cal Poly,4,"Lichtie, Sierra",False,11,1,2,0.5,0,1,0.0,0,0,,2,0,2,3,1,1,0,0,2
2022-11-10_cal_poly_simpson_ca,Cal Poly,21,"Stajic, Andrea",False,6,1,1,1.0,0,0,,0,0,,2,2,4,0,1,0,1,0,2
2022-11-10_cal_poly_simpson_ca,Cal Poly,11,"Dickson, Junie",False,12,0,2,0.0,0,2,0.0,0,0,,0,0,0,1,1,0,0,0,0
2022-11-10_cal_poly_simpson_ca,Cal Poly,33,"Willett, Maddie",False,9,0,2,0.0,0,2,0.0,0,0,,0,1,1,1,0,0,0,0,0
2022-11-10_cal_poly_simpson_ca,Cal Poly,20,"Karlin, Shannon",False,4,0,1,0.0,0,0,,0,0,,0,0,0,2,0,1,1,0,0
2022-11-10_cal_poly_simpson_ca,Cal Poly,TM,TEAM,False,0,0,0,,0,0,,0,0,,3,4,7,0,0,0,0,0,0
2022-11-10_gonzaga_long_beach_st,Long Beach St.,12,"Harris , Tori",True,28,3,8,0.375,2,4,0.5,4,4,1.0,1,2,3,3,1,4,1,3,12
2022-11-10_gonzaga_long_beach_st,Long Beach St.,11,"Jeskeova, Kristyna",True,25,4,6,0.667,0,1,0.0,4,4,1.0,0,1,1,2,2,4,0,2,12
2022-11-10_gonzaga_long_beach_st,Long Beach St.,1,"Bambrick, Malia",True,32,4,9,0.444,1,3,0.333,0,0,,1,4,5,1,1,1,0,0,9
2022-11-10_gonzaga_long_beach_st,Long Beach St.,25,"Hamilton-fisher, Kianna",True,22,3,6,0.5,2,2,1.0,0,0,,0,2,2,2,0,3,1,1,8
2022-11-10_gonzaga_long_beach_st,Long Beach St.,00,"Berry, Ma'qhi",True,29,3,5,0.6,0,0,,0,0,,2,1,3,0,5,3,0,1,6
2022-11-10_gonzaga_long_beach_st,Long Beach St.,2,"Tucker, Savannah",False,17,1,5,0.2,0,1,0.0,1,2,0.5,1,0,1,2,0,2,0,2,3
2022-11-10_gonzaga_long_beach_st,Long Beach St.,21,"Shoff, Abby",False,7,1,3,0.333,0,0,,0,0,,1,1,2,3,0,0,0,0,2
2022-11-10_gonzaga_long_beach_st,Long Beach St.,50,"Matthews, Davai",False,4,0,1,0.0,0,0,,2,2,1.0,0,0,0,1,0,0,0,0,2
2022-11-10_gonzaga_long_beach_st,Long Beach St.,33,"Murphy, Courtney",False,11,0,4,0.0,0,4,0.0,0,0,,1,0,1,1,0,1,0,0,0
2022-11-10_gonzaga_long_beach_st,Long Beach St.,5,"Ka, Kennan",False,10,0,2,0.0,0,2,0.0,0,0,,0,0,0,2,0,1,0,0,0
2022-11-10_gonzaga_long_beach_st,Long Beach St.,23,"Green, Lauren",False,10,0,1,0.0,0,0,,0,0,,0,0,0,2,0,0,0,1,0
2022-11-10_gonzaga_long_beach_st,Long Beach St.,3,"Chung, Patricia",False,5,0,1,0.0,0,0,,0,0,,0,1,1,0,0,3,0,0,0
2022-11-10_gonzaga_long_beach_st,Long Beach St.,TM,TEAM,False,0,0,0,,0,0,,0,0,,1,1,2,0,0,0,0,0,0
2022-11-10_gonzaga_long_beach_st,Gonzaga,15,"Ejim, Yvonne",True,24,9,13,0.692,0,0,,4,4,1.0,7,3,10,2,1,1,0,2,22
2022-11-10_gonzaga_long_beach_st,Gonzaga,14,"Truong, Kaylynne",True,29,5,12,0.417,3,9,0.333,0,0,,1,0,1,3,6,2,0,3,13
2022-11-10_gonzaga_long_beach_st,Gonzaga,11,"Truong, Kayleigh",True,27,5,10,0.5,3,8,0.375,0,0,,1,1,2,0,6,1,0,4,13
2022-11-10_gonzaga_long_beach_st,Gonzaga,24,"Williams, McKayla",True,30,2,4,0.5,0,0,,4,4,1.0,1,2,3,1,3,0,0,1,8
2022-11-10_gonzaga_long_beach_st,Gonzaga,12,"Hollingsworth, Eliza",True,25,2,5,0.4,1,1,1.0,1,2,0.5,0,4,4,1,1,5,0,2,6
2022-11-10_gonzaga_long_beach_st,Gonzaga,22,"Maxwell, Brynna",False,21,4,8,0.5,3,5,0.6,3,3,1.0,1,5,6,1,1,2,0,2,14
2022-11-10_gonzaga_long_beach_st,Gonzaga,5,"Huijbens, Maud",False,20,0,1,0.0,0,0,,2,2,1.0,1,3,4,2,1,6,0,0,2
2022-11-10_gonzaga_long_beach_st,Gonzaga,10,"Stokes, Calli",False,13,1,2,0.5,0,0,,0,2,0.0,0,1,1,1,0,1,0,1,2
2022-11-10_gonzaga_long_beach_st,Gonzaga,00,"Little, Esther",False,5,0,0,,0,0,,0,0,,0,3,3,0,0,1,2,0,0
2022-11-10_gonzaga_long_beach_st,Gonzaga,1,"Burton, Destiny",False,3,0,1,0.0,0,0,,0,0,,0,1,1,0,0,1,0,0,0
2022-11-10_gonzaga_long_beach_st,Gonzaga,3,"Muma, Payton",False,3,0,0,,0,0,,0,0,,0,0,0,0,0,0,0,0,0
2022-11-10_gonzaga_long_beach_st,Gonzaga,TM,TEAM,False,0,0,0,,0,0,,0,0,,2,1,3,0,0,1,0,0,0
2022-11-10_ucla_uc_riverside,UC Riverside,22,"Atchley, Paris",True,34,3,10,0.3,1,3,0.333,0,1,0.0,1,1,2,1,1,4,1,2,7
2022-11-10_ucla_uc_riverside,UC Riverside,1,"Bryant, Matehya",True,23,3,7,0.429,0,0,,0,0,,1,3,4,0,0,1,0,1,6
2022-11-10_ucla_uc_riverside,UC Riverside,2,"Walters, Ryanne",True,22,2,7,0.286,1,2,0.5,0,0,,0,3,3,5,4,1,0,0,5
2022-11-10_ucla_uc_riverside,UC Riverside,15,"Blount, Anna",True,29,0,5,0.0,0,0,,4,4,1.0,1,0,1,3,1,1,0,2,4
2022-11-10_ucla_uc_riverside,UC Riverside,32,"Webster, Jordan",True,23,1,8,0.125,1,4,0.25,0,0,,0,3,3,3,0,3,0,2,3
2022-11-10_ucla_uc_riverside,UC Riverside,13,"Finau, Mele",False,30,4,7,0.571,2,4,0.5,0,0,,0,4,4,2,1,4,2,0,10
2022-11-10_ucla_uc_riverside,UC Riverside,4,"Marshall, Jordyn",False,20,3,6,0.5,2,2,1.0,0,0,,1,0,1,2,0,3,0,1,8
2022-11-10_ucla_uc_riverside,UC Riverside,3,"Tillery, Zoe",False,14,0,2,0.0,0,2,0.0,0,0,,0,0,0,1,1,1,0,0,0
2022-11-10_ucla_uc_riverside,UC Riverside,11,"Matarranz, Esther",False,4,0,0,,0,0,,0,0,,0,0,0,2,0,0,0,0,0
2022-11-10_ucla_uc_riverside,UC Riverside,30,"Morse, Rose",False,1,0,0,,0,0,,0,0,,0,0,0,0,0,0,0,0,0
2022-11-10_ucla_uc_riverside,UC Riverside,TM,TEAM,False,0,0,0,,0,0,,0,0,,2,6,8,0,0,3,0,0,0
2022-11-10_ucla_uc_riverside,UCLA,11,"Bessoir, Emily",True,25,5,9,0.556,2,5,0.4,4,4,1.0,1,3,4,0,2,2,0,0,16
2022-11-10_ucla_uc_riverside,UCLA,20,"Osborne, Charisma",True,31,5,14,0.357,0,3,0.0,2,2,1.0,2,11,13,1,3,3,2,1,12
2022-11-10_ucla_uc_riverside,UCLA,23,"Jaquez, Gabriela",True,18,3,6,0.5,1,2,0.5,2,3,0.667,2,4,6,1,0,0,0,1,9
2022-11-10_ucla_uc_riverside,UCLA,1,"Rice, Kiki",True,26,1,2,0.5,0,0,,3,5,0.6,2,1,3,1,5,2,1,1,5
2022-11-10_ucla_uc_riverside,UCLA,35,"Brown, Camryn",True,25,2,8,0.25,0,3,0.0,0,0,,1,3,4,1,0,3,2,1,4
2022-11-10_ucla_uc_riverside,UCLA,22,"Iwuala, Christeen",False,12,2,3,0.667,0,0,,2,2,1.0,1,2,3,2,0,2,1,0,6
2022-11-10_ucla_uc_riverside,UCLA,3,"Jones, Londynn",False,18,1,4,0.25,0,2,0.0,2,2,1.0,1,0,1,3,0,2,0,1,4
2022-11-10_ucla_uc_riverside,UCLA,10,"Conti, Gina",False,17,1,4,0.25,0,0,,2,2,1.0,0,1,1,0,1,0,0,1,4
2022-11-10_ucla_uc_riverside,UCLA,2,"Onu, Dominique",False,12,0,2,0.0,0,1,0.0,2,2,1.0,0,2,2,1,0,0,0,1,2
2022-11-10_ucla_uc_riverside,UCLA,5,"Masikewich, Brynn",False,6,1,4,0.25,0,0,,0,0,,4,1,5,1,0,1,0,0,2
2022-11-10_ucla_uc_riverside,UCLA,21,"Sontag, Lina",False,10,0,3,0.0,0,2,0.0,0,0,,2,1,3,3,2,2,1,1,0
2022-11-10_ucla_uc_riverside,UCLA,TM,TEAM,False,0,0,0,,0,0,,0,0,,2,0,2,0,0,0,0,0,0
2022-11-11_washington_uc_davis,UC Davis,15,"Turner, Evanne",True,35,7,14,0.5,5,10,0.5,1,2,0.5,0,2,2,2,1,5,0,0,20
2022-11-11_washington_uc_davis,UC Davis,13,"Burns, Sydney",True,28,5,6,0.833,1,1,1.0,2,5,0.4,0,1,1,0,4,3,0,1,13
2022-11-11_washington_uc_davis,UC Davis,33,"Harris, Mazatlan",True,18,3,5,0.6,1,2,0.5,0,0,,1,0,1,3,0,0,0,0,7
2022-11-11_washington_uc_davis,UC Davis,25,"Norris, Megan",True,26,1,5,0.2,0,0,,0,0,,0,1,1,3,3,2,1,0,2
2022-11-11_washington_uc_davis,UC Davis,01,"Sussman, Tess",True,21,0,2,0.0,0,1,0.0,1,2,0.5,2,2,4,1,0,1,0,0,1
2022-11-11_washington_uc_davis,UC Davis,14,"Sabel, Tova",False,17,4,8,0.5,0,2,0.0,1,4,0.25,0,4,4,2,0,2,0,0,9
2022-11-11_washington_uc_davis,UC Davis,04,"Epps, Nya",False,8,1,2,0.5,0,1,0.0,1,1,1.0,0,1,1,0,0,0,0,0,3
2022-11-11_washington_uc_davis,UC Davis,03,"Gray, Campbell",False,12,1,2,0.5,0,0,,0,2,0.0,0,0,0,0,2,2,0,2,2
2022-11-11_washington_uc_davis,UC Davis,02,"Jones, Megan",False,11,1,3,0.333,0,2,0.0,0,0,,0,2,2,0,0,1,2,0,2
2022-11-11_washington_uc_davis,UC Davis,23,"Baker, Victoria",False,15,0,0,,0,0,,1,2,0.5,0,1,1,5,1,2,0,0,1
2022-11-11_washington_uc_davis,UC Davis,20,"Sanders, Makaila",False,9,0,2,0.0,0,2,0.0,0,0,,1,2,3,1,0,1,0,0,0
2022-11-11_washington_uc_davis,UC Davis,TM,TEAM,False,0,0,0,,0,0,,0,0,,2,1,3,0,0,0,0,0,0
2022-11-11_washington_uc_davis,Washington,14,"Daniels, Dalayah",True,25,7,9,0.778,0,0,,2,4,0.5,1,3,4,2,1,2,0,3,16
2022-11-11_washington_uc_davis,Washington,11,"Van Dyke, Haley",True,29,5,9,0.556,0,1,0.0,4,5,0.8,4,2,6,1,2,2,0,2,14
2022-11-11_washington_uc_davis,Washington,03,"Noble, Jayda",True,25,3,7,0.429,1,4,0.25,1,4,0.25,1,4,5,3,1,2,0,2,8
2022-11-11_washington_uc_davis,Washington,02,"Schwartz, Lauren",True,24,3,6,0.5,2,4,0.5,0,0,,1,0,1,3,3,2,0,0,8
2022-11-11_washington_uc_davis,Washington,33,"Oliver, Trinity",True,21,2,3,0.667,1,1,1.0,2,2,1.0,1,2,3,1,2,2,0,1,7
2022-11-11_washington_uc_davis,Washington,25,"Watkins, TT",False,15,2,2,1.0,1,1,1.0,2,2,1.0,1,2,3,2,3,0,0,2,7
2022-11-11_washington_uc_davis,Washington,21,"Grothaus, Emma",False,11,2,2,1.0,0,0,,3,3,1.0,1,0,1,0,0,1,1,1,7
2022-11-11_washington_uc_davis,Washington,24,"Ladine, Elle",False,14,3,8,0.375,0,2,0.0,0,1,0.0,0,5,5,3,0,2,1,0,6
2022-11-11_washington_uc_davis,Washington,01,"Stines, Hannah",False,21,1,6,0.167,1,3,0.333,2,2,1.0,0,3,3,0,2,1,0,2,5
2022-11-11_washington_uc_davis,Washington,05,"Brown, Teagan",False,6,2,3,0.667,0,1,0.0,0,0,,0,1,1,2,0,0,0,0,4
2022-11-11_washington_uc_davis,Washington,53,"Rees, Darcy",False,6,0,2,0.0,0,0,,0,0,,1,0,1,2,1,1,0,1,0
2022-11-11_washington_uc_davis,Washington,22,"Gillmer, Shayla",False,3,0,1,0.0,0,0,,0,0,,0,0,0,0,0,0,0,0,0
2022-11-11_washington_uc_davis,Washington,TM,TEAM,False,0,0,0,,0,0,,0,0,,3,3,6,0,0,1,0,0,0
2022-11-11_santa_clara_cal_st_fullerton,Cal St. Fullerton,55,"Nimmo, Fujika",True,34,9,22,0.409,4,8,0.5,4,7,0.571,1,3,4,5,2,3,1,2,26
2022-11-11_santa_clara_cal_st_fullerton,Cal St. Fullerton,32,"Lewis, Ashlee",True,33,8,14,0.571,0,0,,1,2,0.5,3,6,9,2,1,2,0,1,17
2022-11-11_santa_clara_cal_st_fullerton,Cal St. Fullerton,04,"Vidmar, Gabi",True,44,4,10,0.4,1,5,0.2,0,0,,4,7,11,4,1,1,1,2,9
2022-11-11_santa_clara_cal_st_fullerton,Cal St. Fullerton,05,"Jovanovic, Una",True,44,1,9,0.111,0,0,,3,4,0.75,0,4,4,0,2,1,0,2,5
2022-11-11_santa_clara_cal_st_fullerton,Cal St. Fullerton,24,"Neff, Kathryn",True,37,0,4,0.0,0,2,0.0,2,2,1.0,1,1,2,2,3,2,1,0,2
2022-11-11_santa_clara_cal_st_fullerton,Cal St. Fullerton,13,"Hernandez, Aixchel",False,12,3,7,0.429,0,0,,1,2,0.5,0,1,1,1,0,0,0,0,7
2022-11-11_santa_clara_cal_st_fullerton,Cal St. Fullerton,10,"Lagway, Demonnie",False,10,2,3,0.667,2,2,1.0,0,0,,1,0,1,3,0,1,0,0,6
2022-11-11_santa_clara_cal_st_fullerton,Cal St. Fullerton,11,"MacDonald, Ruby",False,8,0,1,0.0,0,1,0.0,0,0,,0,2,2,2,1,0,0,0,0
2022-11-11_santa_clara_cal_st_fullerton,Cal St. Fullerton,21,"Tse, Allysan",False,3,0,0,,0,0,,0,0,,1,1,2,0,0,0,0,0,0
2022-11-11_santa_clara_cal_st_fullerton,Cal St. Fullerton,TM,TEAM,False,0,0,0,,0,0,,0,0,,2,4,6,0,0,4,0,0,0
2022-11-11_santa_clara_cal_st_fullerton,Santa Clara,03,Ayzhiana Basallo,True,38,7,15,0.467,4,6,0.667,4,4,1.0,0,4,4,2,5,3,0,0,22
2022-11-11_santa_clara_cal_st_fullerton,Santa Clara,34,Tess Heal,True,36,6,16,0.375,1,3,0.333,3,3,1.0,0,6,6,2,7,1,0,1,16
2022-11-11_santa_clara_cal_st_fullerton,Santa Clara,05,Olivia Pollerd,True,29,5,9,0.556,3,7,0.429,1,4,0.25,0,3,3,4,0,3,2,0,14
2022-11-11_santa_clara_cal_st_fullerton,Santa Clara,13,Lara Edmanson,True,30,4,7,0.571,1,3,0.333,1,2,0.5,5,4,9,3,1,0,0,0,10
2022-11-11_santa_clara_cal_st_fullerton,Santa Clara,31,Ashley Hiraki,True,37,1,5,0.2,0,3,0.0,1,2,0.5,2,6,8,3,2,3,0,2,3
2022-11-11_santa_clara_cal_st_fullerton,Santa Clara,11,Lexie Pritchard,False,22,2,4,0.5,0,0,,1,2,0.5,2,3,5,2,2,3,0,0,5
2022-11-11_santa_clara_cal_st_fullerton,Santa Clara,23,Marya Hudgins,False,8,1,1,1.0,1,1,1.0,0,2,0.0,0,1,1,1,0,1,0,0,3
2022-11-11_santa_clara_cal_st_fullerton,Santa Clara,22,Jayde Cadee,False,7,1,3,0.333,1,3,0.333,0,0,,0,1,1,1,1,1,0,0,3
2022-11-11_santa_clara_cal_st_fullerton,Santa Clara,04,Anna Johnson,False,10,0,2,0.0,0,2,0.0,0,0,,0,1,1,1,0,0,0,0,0
2022-11-11_santa_clara_cal_st_fullerton,Santa Clara,12,Ashlee Maldonado,False,5,0,1,0.0,0,1,0.0,0,0,,0,1,1,0,0,0,0,0,0
2022-11-11_santa_clara_cal_st_fullerton,Santa Clara,10,Georgia Grigoropoulo,False,2,0,0,,0,0,,0,0,,0,0,0,0,0,0,0,0,0
2022-11-11_santa_clara_cal_st_fullerton,Santa Clara,15,Emma Ellinghouse,False,1,0,1,0.0,0,0,,0,0,,0,0,0,0,0,0,0,0,0
2022-11-11_santa_clara_cal_st_fullerton,Santa Clara,TM,TEAM,False,0,0,0,,0,0,,0,0,,1,1,2,0,0,1,0,0,0
2022-11-11_fresno_st_csu_bakersfield,CSU Bakersfield,03,"van Schaik, Hennie",True,32,8,15,0.533,0,4,0.0,1,2,0.5,1,5,6,3,2,6,0,1,17
2022-11-11_fresno_st_csu_bakersfield,CSU Bakersfield,10,"Brown, Shaunae",True,35,4,14,0.286,4,11,0.364,0,0,,1,0,1,0,2,3,0,1,12
2022-11-11_fresno_st_csu_bakersfield,CSU Bakersfield,05,"Tougas, Sophia",True,25,4,5,0.8,4,4,1.0,0,0,,1,4,5,3,1,0,0,2,12
2022-11-11_fresno_st_csu_bakersfield,CSU Bakersfield,13,"Herrera, Soli",True,29,3,4,0.75,0,0,,0,1,0.0,2,5,7,4,0,2,0,0,6
2022-11-11_fresno_st_csu_bakersfield,CSU Bakersfield,01,"Clayburne, Tatyanna",True,32,1,6,0.167,0,1,0.0,0,0,,0,7,7,4,6,3,0,1,2
2022-11-11_fresno_st_csu_bakersfield,CSU Bakersfield,00,"Johnson, Simone",False,20,1,3,0.333,1,1,1.0,0,0,,0,2,2,1,1,1,0,0,3
2022-11-11_fresno_st_csu_bakersfield,CSU Bakersfield,15,"Morris, Kayla",False,11,1,2,0.5,0,0,,0,0,,0,2,2,1,0,1,2,0,2
2022-11-11_fresno_st_csu_bakersfield,CSU Bakersfield,02,"Edwards, Morgan",False,5,1,1,1.0,0,0,,0,0,,0,0,0,0,0,0,0,0,2
2022-11-11_fresno_st_csu_bakersfield,CSU Bakersfield,32,"Freeman, Garrisen",False,11,0,3,0.0,0,2,0.0,0,2,0.0,1,3,4,3,1,2,0,0,0
2022-11-11_fresno_st_csu_bakersfield,CSU Bakersfield,33,"Riley, Julia",False,,0,0,,0,0,,0,0,,0,0,0,0,0,0,0,0,0
2022-11-11_fresno_st_csu_bakersfield,CSU Bakersfield,TM,TEAM,False,0,0,0,,0,0,,0,0,,3,3,6,0,0,1,0,0,0
2022-11-11_fresno_st_csu_bakersfield,Fresno St.,30,"Todorova, Yanina",True,40,10,19,0.526,1,5,0.2,5,7,0.714,2,4,6,2,1,2,0,2,26
2022-11-11_fresno_st_csu_bakersfield,Fresno St.,12,"Dethman, Sydney",True,27,3,7,0.429,0,2,0.0,2,2,1.0,3,2,5,0,1,0,1,1,8
2022-11-11_fresno_st_csu_bakersfield,Fresno St.,32,"Mikkelsen, Thea",True,32,3,4,0.75,1,1,1.0,0,0,,3,2,5,0,0,1,0,1,7
2022-11-11_fresno_st_csu_bakersfield,Fresno St.,33,"West, Amaya",True,34,2,11,0.182,0,4,0.0,2,4,0.5,2,4,6,1,2,3,0,2,6
2022-11-11_fresno_st_csu_bakersfield,Fresno St.,13,"Book, Amiee",True,22,0,8,0.0,0,6,0.0,0,0,,0,6,6,4,0,1,0,1,0
2022-11-11_fresno_st_csu_bakersfield,Fresno St.,05,"Dunn, Daylee",False,7,1,3,0.333,1,3,0.333,0,0,,0,0,0,0,0,0,0,1,3
2022-11-11_fresno_st_csu_bakersfield,Fresno St.,42,"Guimaraes, Maria",False,15,1,8,0.125,0,0,,0,0,,2,2,4,2,0,1,0,0,2
2022-11-11_fresno_st_csu_bakersfield,Fresno St.,15,"Doreste, Maria",False,13,0,3,0.0,0,2,0.0,1,2,0.5,1,0,1,2,2,1,0,0,1
2022-11-11_fresno_st_csu_bakersfield,Fresno St.,45,"Wittenberg, Franka",False,9,0,2,0.0,0,1,0.0,0,0,,1,1,2,4,0,2,0,1,0
2022-11-11_fresno_st_csu_bakersfield,Fresno St.,03,"Whitfield, Angela",False,1,0,1,0.0,0,1,0.0,0,0,,1,0,1,0,0,0,0,0,0
2022-11-11_fresno_st_csu_bakersfield,Fresno St.,TM,TEAM,False,0,0,0,,0,0,,0,0,,3,2,5,0,0,0,0,0,0
2022-11-12_sacramento_st_uc_irvine,UC Irvine,42,"Hunt, Naomi",True,30,6,20,0.3,2,10,0.2,3,4,0.75,2,1,3,2,1,1,0,2,17
2022-11-12_sacramento_st_uc_irvine,UC Irvine,23,"Konate, Diaba",True,34,6,14,0.429,0,2,0.0,4,5,0.8,2,2,4,3,2,0,0,3,16
2022-11-12_sacramento_st_uc_irvine,UC Irvine,3,"Tom, Nikki",True,27,4,6,0.667,0,1,0.0,4,6,0.667,2,3,5,4,1,1,0,1,12
2022-11-12_sacramento_st_uc_irvine,UC Irvine,21,"Williams, Olivia",True,25,3,10,0.3,2,5,0.4,0,0,,1,1,2,1,1,2,0,1,8
2022-11-12_sacramento_st_uc_irvine,UC Irvine,24,"Dean, Nevaeh",True,17,0,4,0.0,0,0,,0,0,,3,3,6,4,0,3,0,0,0
2022-11-12_sacramento_st_uc_irvine,UC Irvine,20,"Hernandez, Hunter",False,28,1,7,0.143,0,2,0.0,2,2,1.0,3,1,4,2,0,1,0,5,4
2022-11-12_sacramento_st_uc_irvine,UC Irvine,22,"Gony, Nyagoa",False,16,1,3,0.333,0,0,,0,0,,3,0,3,2,0,1,4,2,2
2022-11-12_sacramento_st_uc_irvine,UC Irvine,32,"Parkinson, Nevaeh",False,7,0,0,,0,0,,1,2,0.5,0,1,1,1,0,0,0,0,1
2022-11-12_sacramento_st_uc_irvine,UC Irvine,11,"Scharpf, Amelia",False,7,0,0,,0,0,,0,0,,0,1,1,0,0,0,0,0,0
2022-11-12_sacramento_st_uc_irvine,UC Irvine,13,"Lee, Déja",False,7,0,3,0.0,0,1,0.0,0,0,,1,0,1,1,0,0,0,1,0
2022-11-12_sacramento_st_uc_irvine,UC Irvine,33,"Kaupu, Caiyle",False,2,0,2,0.0,0,0,,0,0,,0,0,0,0,0,0,0,0,0
2022-11-12_sacramento_st_uc_irvine,UC Irvine,TM,TEAM,False,0,0,0,,0,0,,0,0,,3,5,8,0,0,1,0,0,0
2022-11-12_sacramento_st_uc_irvine,Sacramento St.,24,"Natabou, Isnelle",True,38,9,12,0.75,0,0,,1,3,0.333,6,14,20,1,0,5,1,1,19
2022-11-12_sacramento_st_uc_irvine,Sacramento St.,00,"Dean, Kahlaijah",True,36,5,15,0.333,1,6,0.167,3,5,0.6,0,2,2,4,6,11,0,0,14
2022-11-12_sacramento_st_uc_irvine,Sacramento St.,20,"Peneueta, Katie",True,37,4,7,0.571,4,7,0.571,0,0,,0,8,8,1,0,2,2,0,12
2022-11-12_sacramento_st_uc_irvine,Sacramento St.,21,"Randhawa, Kaylin",True,32,1,6,0.167,1,2,0.5,0,1,0.0,0,3,3,4,5,2,0,1,3
2022-11-12_sacramento_st_uc_irvine,Sacramento St.,23,"Olivares, Jordan",True,17,1,3,0.333,1,2,0.5,0,0,,4,1,5,2,0,3,0,1,3
2022-11-12_sacramento_st_uc_irvine,Sacramento St.,10,"Butcher, Madison",False,14,1,2,0.5,1,2,0.5,0,0,,1,0,1,0,0,1,0,0,3
2022-11-12_sacramento_st_uc_irvine,Sacramento St.,1,"Versteeg, Benthe",False,21,1,2,0.5,0,1,0.0,0,1,0.0,0,1,1,4,3,4,0,0,2
2022-11-12_sacramento_st_uc_irvine,Sacramento St.,33,"Hedman, Erin",False,2,1,1,1.0,0,0,,0,0,,0,0,0,0,0,0,0,0,2
2022-11-12_sacramento_st_uc_irvine,Sacramento St.,3,"Amusan, Solape",False,3,0,0,,0,0,,0,0,,0,1,1,0,0,0,0,0,0
2022-11-12_sacramento_st_uc_irvine,Sacramento St.,TM,TEAM,False,0,0,0,,0,0,,0,0,,1,1,2,0,0,0,0,0,0
2022-11-12_long_beach_st_la_sierra,La Sierra,2,"Wallner, Sydney",True,37,5,14,0.357,1,5,0.2,1,3,0.333,0,2,2,1,3,5,0,0,12
2022-11-12_long_beach_st_la_sierra,La Sierra,14,"Rodrigues, Luiza",True,30,3,10,0.3,0,0,,1,1,1.0,3,5,8,0,0,6,0,3,7
2022-11-12_long_beach_st_la_sierra,La Sierra,3,"Weber, Sara",True,35,2,8,0.25,0,6,0.0,2,2,1.0,0,1,1,2,0,6,0,2,6
2022-11-12_long_beach_st_la_sierra,La Sierra,12,"Martinez, Kaylee",True,37,2,5,0.4,0,1,0.0,0,0,,2,5,7,0,0,3,1,1,4
2022-11-12_long_beach_st_la_sierra,La Sierra,21,"Hare, Remy",True,33,0,5,0.0,0,2,0.0,1,2,0.5,1,3,4,0,0,3,0,0,1
2022-11-12_long_beach_st_la_sierra,La Sierra,33,"Greene, Samantha",False,26,2,6,0.333,0,4,0.0,0,0,,0,3,3,0,0,4,0,0,4
2022-11-12_long_beach_st_la_sierra,La Sierra,10,"Morgan, Calla",False,2,0,0,,0,0,,0,0,,0,0,0,0,0,0,0,0,0
2022-11-12_long_beach_st_la_sierra,La Sierra,TM,TEAM,False,0,0,0,,0,0,,0,0,,0,2,2,0,0,3,0,0,0
2022-11-12_long_beach_st_la_sierra,Long Beach St.,1,"Bambrick, Malia",True,21,8,18,0.444,5,11,0.455,0,0,,2,2,4,0,3,0,0,1,21
2022-11-12_long_beach_st_la_sierra,Long Beach St.,25,"Hamilton-fisher, Kianna",True,22,5,9,0.556,1,4,0.25,2,2,1.0,1,1,2,1,3,3,0,1,13
2022-11-12_long_beach_st_la_sierra,Long Beach St.,12,"Harris , Tori",True,22,3,6,0.5,3,6,0.5,2,2,1.0,2,4,6,0,3,1,1,2,11
2022-11-12_long_beach_st_la_sierra,Long Beach St.,00,"Berry, Ma'qhi",True,16,2,4,0.5,0,0,,0,0,,1,1,2,0,6,3,0,3,4
2022-11-12_long_beach_st_la_sierra,Long Beach St.,11,"Jeskeova, Kristyna",True,17,0,0,,0,0,,0,0,,2,6,8,5,1,1,1,2,0
2022-11-12_long_beach_st_la_sierra,Long Beach St.,2,"Tucker, Savannah",False,16,7,7,1.0,2,2,1.0,0,0,,2,1,3,1,2,0,0,2,16
2022-11-12_long_beach_st_la_sierra,Long Beach St.,33,"Murphy, Courtney",False,17,3,10,0.3,1,6,0.167,0,0,,3,4,7,2,2,2,1,1,7
2022-11-12_long_beach_st_la_sierra,Long Beach St.,5,"Ka, Kennan",False,19,2,6,0.333,1,3,0.333,0,0,,0,0,0,3,1,3,0,1,5
2022-11-12_long_beach_st_la_sierra,Long Beach St.,21,"Shoff, Abby",False,14,1,2,0.5,0,0,,0,0,,0,0,0,0,0,1,0,1,2
2022-11-12_long_beach_st_la_sierra,Long Beach St.,3,"Chung, Patricia",False,18,0,4,0.0,0,2,0.0,0,0,,1,1,2,2,5,2,1,4,0
2022-11-12_long_beach_st_la_sierra,Long Beach St.,23,"Green, Lauren",False,10,0,1,0.0,0,0,,0,0,,0,1,1,1,0,0,0,1,0
2022-11-12_long_beach_st_la_sierra,Long Beach St.,50,"Matthews, Davai",False,8,0,1,0.0,0,0,,0,0,,0,2,2,1,0,2,0,1,0
2022-11-12_long_beach_st_la_sierra,Long Beach St.,TM,TEAM,False,0,0,0,,0,0,,0,0,,1,3,4,0,0,0,0,0,0
2022-11-13_northern_ariz_uc_san_diego,UC San Diego,13,"Brown, Sydney",True,24,7,15,0.467,1,6,0.167,4,5,0.8,4,3,7,5,0,6,0,0,19
2022-11-13_northern_ariz_uc_san_diego,UC San Diego,04,"Cangelosi, Emily",True,19,3,3,1.0,1,1,1.0,0,0,,1,5,6,1,0,1,0,0,7
2022-11-13_northern_ariz_uc_san_diego,UC San Diego,10,"Macabuhay, Julia",True,17,3,7,0.429,0,2,0.0,0,0,,0,3,3,2,2,2,0,0,6
2022-11-13_northern_ariz_uc_san_diego,UC San Diego,12,"Baxter, Madison",True,24,1,7,0.143,0,1,0.0,0,0,,1,1,2,2,1,1,0,1,2
2022-11-13_northern_ariz_uc_san_diego,UC San Diego,24,"Mullings, Bridget",True,9,0,5,0.0,0,1,0.0,0,0,,1,3,4,4,0,2,1,0,0
2022-11-13_northern_ariz_uc_san_diego,UC San Diego,20,"Forsyth, Izzy",False,23,3,6,0.5,0,2,0.0,0,0,,0,5,5,0,0,3,0,0,6
2022-11-13_northern_ariz_uc_san_diego,UC San Diego,32,"Montgomery, Parker",False,13,2,3,0.667,1,1,1.0,1,1,1.0,1,1,2,1,0,1,0,1,6
2022-11-13_northern_ariz_uc_san_diego,UC San Diego,25,"Mahan, Junaé",False,17,1,3,0.333,0,0,,1,2,0.5,1,1,2,2,1,2,0,0,3
2022-11-13_northern_ariz_uc_san_diego,UC San Diego,35,"Springs, Katie",False,14,1,1,1.0,0,0,,0,0,,1,3,4,2,0,3,0,1,2
2022-11-13_northern_ariz_uc_san_diego,UC San Diego,02,"Talbot, Grace",False,13,1,4,0.25,0,3,0.0,0,0,,1,0,1,0,1,2,0,0,2
2022-11-13_northern_ariz_uc_san_diego,UC San Diego,23,"Thompson, Courtni",False,12,0,1,0.0,0,0,,1,2,0.5,0,1,1,0,2,3,0,0,1
2022-11-13_northern_ariz_uc_san_diego,UC San Diego,05,"Louther, Gabby",False,15,0,5,0.0,0,2,0.0,0,0,,1,3,4,3,1,1,0,0,0
2022-11-13_northern_ariz_uc_san_diego,UC San Diego,TM,TEAM,False,0,0,0,,0,0,,0,0,,4,4,8,0,0,0,0,0,0
2022-11-13_northern_ariz_uc_san_diego,Northern Ariz.,01,"Schenck, Regan",True,30,5,11,0.455,2,6,0.333,4,4,1.0,1,0,1,0,5,3,0,2,16
2022-11-13_northern_ariz_uc_san_diego,Northern Ariz.,25,"Oltrogge, Montana",True,27,5,11,0.455,2,5,0.4,0,0,,1,9,10,3,1,0,0,0,12
2022-11-13_northern_ariz_uc_san_diego,Northern Ariz.,02,"Moran, Nyah",True,29,3,9,0.333,1,4,0.25,3,4,0.75,1,1,2,4,2,0,0,4,10
2022-11-13_northern_ariz_uc_san_diego,Northern Ariz.,12,"Glancey, Sophie",True,18,4,9,0.444,0,1,0.0,2,3,0.667,0,4,4,1,0,1,0,2,10
2022-11-13_northern_ariz_uc_san_diego,Northern Ariz.,21,"Rodabaugh, Emily",True,32,3,9,0.333,1,3,0.333,2,3,0.667,0,2,2,2,5,2,1,3,9
2022-11-13_northern_ariz_uc_san_diego,Northern Ariz.,45,"Jaiteh, Fatoumata",False,14,5,7,0.714,2,2,1.0,0,0,,0,0,0,2,1,1,0,2,12
2022-11-13_northern_ariz_uc_san_diego,Northern Ariz.,22,"Moran, Olivia",False,21,2,6,0.333,0,2,0.0,4,5,0.8,4,3,7,1,2,1,0,1,8
2022-11-13_northern_ariz_uc_san_diego,Northern Ariz.,11,"Taylor, Audrey",False,4,2,3,0.667,1,1,1.0,1,1,1.0,0,0,0,0,0,1,0,0,6
2022-11-13_northern_ariz_uc_san_diego,Northern Ariz.,05,"Feldman, Taylor",False,14,1,4,0.25,0,0,,1,2,0.5,1,0,1,3,0,0,0,0,3
2022-11-13_northern_ariz_uc_san_diego,Northern Ariz.,33,"Neverson, Saniyah",False,7,0,1,0.0,0,0,,0,0,,2,1,3,0,0,0,0,0,0
2022-11-13_northern_ariz_uc_san_diego,Northern Ariz.,04,"McMorris, Mary",False,2,0,0,,0,0,,0,0,,0,0,0,0,0,0,0,0,0
2022-11-13_northern_ariz_uc_san_diego,Northern Ariz.,24,"Ramesh, Sanjana",False,2,0,0,,0,0,,0,0,,0,0,0,0,1,0,0,0,0
2022-11-13_northern_ariz_uc_san_diego,Northern Ariz.,TM,TEAM,False,0,0,0,,0,0,,0,0,,2,3,5,0,0,1,0,0,0
2022-11-13_arizona_csun,CSUN,1,"Jackson, Jordyn",True,34,3,9,0.333,0,3,0.0,6,10,0.6,0,3,3,2,1,5,0,0,12
2022-11-13_arizona_csun,CSUN,15,"Amundsen, Tess",True,28,2,6,0.333,0,1,0.0,6,6,1.0,1,3,4,3,3,0,0,1,10
2022-11-13_arizona_csun,CSUN,5,"Duchemin, Michelle",True,27,4,11,0.364,0,3,0.0,2,2,1.0,3,1,4,5,0,4,1,1,10
2022-11-13_arizona_csun,CSUN,34,"Spriggs, Kayanna",True,19,3,3,1.0,0,0,,1,4,0.25,1,1,2,3,0,3,0,1,7
2022-11-13_arizona_csun,CSUN,21,"Tu'ua, Anaiyah",True,31,0,3,0.0,0,1,0.0,1,4,0.25,0,5,5,3,2,1,0,2,1
2022-11-13_arizona_csun,CSUN,24,"Smith, Macy",False,17,1,7,0.143,1,6,0.167,0,0,,0,1,1,0,0,1,0,0,3
2022-11-13_arizona_csun,CSUN,10,"de Jesus , Ana Carolina",False,21,1,1,1.0,0,0,,0,0,,1,2,3,3,1,2,1,1,2
2022-11-13_arizona_csun,CSUN,45,"Nikishina , Arina",False,8,1,1,1.0,0,0,,0,0,,0,0,0,1,0,4,0,0,2
2022-11-13_arizona_csun,CSUN,25,"Amundsen, Laney",False,6,0,2,0.0,0,2,0.0,0,0,,0,2,2,0,1,1,0,0,0
2022-11-13_arizona_csun,CSUN,3,"Givens , Cheyenne",False,3,0,1,0.0,0,0,,0,0,,0,0,0,0,0,1,0,0,0
2022-11-13_arizona_csun,CSUN,13,"Fourie, Rochelle",False,3,0,0,,0,0,,0,0,,0,0,0,1,0,0,0,0,0
2022-11-13_arizona_csun,CSUN,11,"Smith, Olivia",False,2,0,0,,0,0,,0,0,,0,0,0,0,0,0,0,0,0
2022-11-13_arizona_csun,CSUN,00,"Williams, De’jah",False,1,0,0,,0,0,,0,0,,0,0,0,0,0,0,0,0,0
2022-11-13_arizona_csun,CSUN,TM,TEAM,False,0,0,0,,0,0,,0,0,,2,4,6,0,0,2,0,0,0
2022-11-13_arizona_csun,Arizona,12,"Martinez, Esmery",True,21,6,6,1.0,1,1,1.0,2,2,1.0,2,3,5,2,0,2,1,1,15
2022-11-13_arizona_csun,Arizona,25,"Reese, Cate",True,18,5,6,0.833,0,0,,4,5,0.8,2,2,4,2,1,1,0,1,14
2022-11-13_arizona_csun,Arizona,30,"Loville, Jade",True,24,4,14,0.286,3,5,0.6,1,2,0.5,0,1,1,2,1,2,0,2,12
2022-11-13_arizona_csun,Arizona,1,"Pellington, Shaina",True,21,2,6,0.333,0,1,0.0,1,2,0.5,0,3,3,3,2,1,0,2,5
2022-11-13_arizona_csun,Arizona,13,"Pueyo, Helena",True,23,1,2,0.5,0,1,0.0,1,1,1.0,0,3,3,4,3,0,0,1,3
2022-11-13_arizona_csun,Arizona,15,"Gilbert, Kailyn",False,19,5,10,0.5,2,6,0.333,4,4,1.0,1,2,3,3,1,3,0,3,16
2022-11-13_arizona_csun,Arizona,34,"Nnaji, Maya",False,21,3,5,0.6,0,0,,8,9,0.889,1,3,4,4,1,1,3,0,14
2022-11-13_arizona_csun,Arizona,23,"Fields, Lauren",False,21,1,4,0.25,0,2,0.0,2,3,0.667,1,2,3,0,2,1,1,1,4
2022-11-13_arizona_csun,Arizona,4,"Conner, Madison",False,14,1,3,0.333,0,2,0.0,2,2,1.0,0,3,3,3,0,1,0,1,4
2022-11-13_arizona_csun,Arizona,10,"Hylton, Lemyah",False,18,0,1,0.0,0,0,,0,0,,0,2,2,1,1,1,1,4,0
2022-11-13_arizona_csun,Arizona,TM,TEAM,False,0,0,0,,0,0,,0,0,,2,3,5,0,0,0,0,0,0
2022-11-13_san_jose_st_cal_st_fullerton,Cal St. Fullerton,55,"Nimmo, Fujika",True,34,5,13,0.385,0,1,0.0,9,11,0.818,1,3,4,4,4,9,0,1,19
2022-11-13_san_jose_st_cal_st_fullerton,Cal St. Fullerton,04,"Vidmar, Gabi",True,40,5,8,0.625,2,3,0.667,4,6,0.667,0,7,7,2,0,2,0,8,16
2022-11-13_san_jose_st_cal_st_fullerton,Cal St. Fullerton,32,"Lewis, Ashlee",True,29,3,8,0.375,0,0,,9,10,0.9,1,5,6,2,0,2,1,0,15
2022-11-13_san_jose_st_cal_st_fullerton,Cal St. Fullerton,05,"Jovanovic, Una",True,19,3,6,0.5,0,1,0.0,4,6,0.667,0,2,2,4,1,5,0,1,10
2022-11-13_san_jose_st_cal_st_fullerton,Cal St. Fullerton,24,"Neff, Kathryn",True,27,0,0,,0,0,,0,0,,1,4,5,4,0,2,1,2,0
2022-11-13_san_jose_st_cal_st_fullerton,Cal St. Fullerton,10,"Lagway, Demonnie",False,23,3,5,0.6,1,3,0.333,2,2,1.0,0,3,3,4,2,1,0,0,9
2022-11-13_san_jose_st_cal_st_fullerton,Cal St. Fullerton,22,"Morgan, Josie",False,4,0,0,,0,0,,2,2,1.0,0,0,0,0,0,1,0,0,2
2022-11-13_san_jose_st_cal_st_fullerton,Cal St. Fullerton,13,"Hernandez, Aixchel",False,11,0,2,0.0,0,0,,0,0,,0,0,0,3,0,0,2,0,0
2022-11-13_san_jose_st_cal_st_fullerton,Cal St. Fullerton,11,"MacDonald, Ruby",False,8,0,1,0.0,0,0,,0,0,,1,1,2,0,0,0,0,1,0
2022-11-13_san_jose_st_cal_st_fullerton,Cal St. Fullerton,01,Nancy Panagiotopoulo,False,3,0,0,,0,0,,0,0,,0,0,0,0,0,0,0,0,0
2022-11-13_san_jose_st_cal_st_fullerton,Cal St. Fullerton,21,"Tse, Allysan",False,2,0,0,,0,0,,0,0,,0,0,0,0,0,1,0,0,0
2022-11-13_san_jose_st_cal_st_fullerton,Cal St. Fullerton,TM,TEAM,False,0,0,0,,0,0,,0,0,,0,0,0,0,0,0,0,0,0
2022-11-13_san_jose_st_cal_st_fullerton,San Jose St.,04,Jada Holland,True,34,6,16,0.375,0,3,0.0,4,6,0.667,0,1,1,3,5,5,0,6,16
2022-11-13_san_jose_st_cal_st_fullerton,San Jose St.,11,Marisa Davis-Jones,True,32,2,9,0.222,0,1,0.0,9,9,1.0,3,6,9,3,0,4,0,3,13
2022-11-13_san_jose_st_cal_st_fullerton,San Jose St.,24,Amhyia Moreland,True,13,2,4,0.5,0,0,,3,4,0.75,2,2,4,4,0,0,1,0,7
2022-11-13_san_jose_st_cal_st_fullerton,San Jose St.,05,Sidney Richards,True,24,1,8,0.125,1,5,0.2,0,0,,0,2,2,5,1,1,1,1,3
2022-11-13_san_jose_st_cal_st_fullerton,San Jose St.,12,Jasmine Singleton,True,22,0,2,0.0,0,2,0.0,0,0,,0,1,1,5,1,0,0,0,0
2022-11-13_san_jose_st_cal_st_fullerton,San Jose St.,30,Sabrina Ma,False,20,4,7,0.571,3,6,0.5,2,2,1.0,0,3,3,1,0,3,0,0,13
2022-11-13_san_jose_st_cal_st_fullerton,San Jose St.,00,Aarion Nichols,False,19,2,7,0.286,1,2,0.5,2,4,0.5,0,3,3,1,0,2,0,3,7
2022-11-13_san_jose_st_cal_st_fullerton,San Jose St.,03,Nailea Nicholas,False,20,2,4,0.5,0,0,,0,0,,4,1,5,1,0,0,0,0,4
2022-11-13_san_jose_st_cal_st_fullerton,San Jose St.,32,Alani Fluker,False,14,0,5,0.0,0,0,,0,0,,2,1,3,3,0,0,0,0,0
2022-11-13_san_jose_st_cal_st_fullerton,San Jose St.,23,Ellie Boni,False,2,0,0,,0,0,,0,0,,0,0,0,1,0,0,0,0,0
2022-11-13_san_jose_st_cal_st_fullerton,San Jose St.,TM,TEAM,False,0,0,0,,0,0,,0,0,,0,0,0,0,0,0,0,0,0
2022-11-15_uc_santa_barbara_idaho_st,Idaho St.,12,"Bourne, Callie",True,39,7,19,0.368,0,4,0.0,2,3,0.667,3,2,5,0,4,2,0,0,16
2022-11-15_uc_santa_barbara_idaho_st,Idaho St.,03,"Garnett, Finley",True,27,5,12,0.417,2,3,0.667,0,0,,4,2,6,3,1,5,0,1,12
2022-11-15_uc_santa_barbara_idaho_st,Idaho St.,01,"Spink, Kacey",True,32,2,9,0.222,0,2,0.0,0,0,,6,4,10,4,5,2,1,3,4
2022-11-15_uc_santa_barbara_idaho_st,Idaho St.,30,"Murillo, Ivvana",True,13,1,4,0.25,0,0,,0,0,,1,1,2,1,0,1,0,0,2
2022-11-15_uc_santa_barbara_idaho_st,Idaho St.,11,"Boswell, Carsyn",True,29,0,6,0.0,0,5,0.0,0,0,,0,4,4,4,1,2,0,0,0
2022-11-15_uc_santa_barbara_idaho_st,Idaho St.,05,"Burks, Bridee",False,18,2,4,0.5,1,2,0.5,2,2,1.0,0,0,0,4,0,1,0,1,7
2022-11-15_uc_santa_barbara_idaho_st,Idaho St.,04,"Bello, Laura",False,26,3,7,0.429,0,0,,0,0,,5,4,9,3,0,3,1,2,6
2022-11-15_uc_santa_barbara_idaho_st,Idaho St.,22,"Covello, Sophia",False,15,2,3,0.667,1,1,1.0,0,0,,0,1,1,0,0,0,0,0,5
2022-11-15_uc_santa_barbara_idaho_st,Idaho St.,24,"Wright, Halle",False,1,0,1,0.0,0,1,0.0,0,0,,0,0,0,0,0,0,0,0,0
2022-11-15_uc_santa_barbara_idaho_st,Idaho St.,TM,TEAM,False,0,0,0,,0,0,,0,0,,1,0,1,0,0,1,0,0,0
2022-11-15_uc_santa_barbara_idaho_st,UC Santa Barbara,03,"Marin, Alyssa",True,33,4,10,0.4,2,5,0.4,2,2,1.0,0,1,1,1,2,2,0,1,12
2022-11-15_uc_santa_barbara_idaho_st,UC Santa Barbara,31,"Lane, Ila",True,35,3,6,0.5,0,0,,5,6,0.833,5,8,13,1,0,1,0,3,11
2022-11-15_uc_santa_barbara_idaho_st,UC Santa Barbara,10,"Choice, Anya",True,28,1,3,0.333,0,1,0.0,9,10,0.9,1,2,3,2,4,2,0,0,11
2022-11-15_uc_santa_barbara_idaho_st,UC Santa Barbara,21,"Johnson, Kennedy",True,11,2,5,0.4,0,1,0.0,0,0,,1,3,4,1,0,1,0,1,4
2022-11-15_uc_santa_barbara_idaho_st,UC Santa Barbara,12,"Mole, Taylor",True,14,0,3,0.0,0,1,0.0,0,0,,2,4,6,1,0,0,0,1,0
2022-11-15_uc_santa_barbara_idaho_st,UC Santa Barbara,02,"Tucker, Alexis",False,30,3,9,0.333,1,5,0.2,2,3,0.667,0,3,3,2,2,4,0,1,9
2022-11-15_uc_santa_barbara_idaho_st,UC Santa Barbara,55,"Burke, Skylar",False,12,1,3,0.333,0,1,0.0,1,2,0.5,0,0,0,0,0,1,0,0,3
2022-11-15_uc_santa_barbara_idaho_st,UC Santa Barbara,05,"Cooper, Callie",False,14,1,1,1.0,0,0,,0,0,,1,0,1,0,0,4,0,0,2
2022-11-15_uc_santa_barbara_idaho_st,UC Santa Barbara,13,"Modawar, Tatyana",False,5,1,1,1.0,0,0,,0,0,,0,0,0,1,0,1,0,0,2
2022-11-15_uc_santa_barbara_idaho_st,UC Santa Barbara,32,"Grant, Jessica",False,14,0,3,0.0,0,3,0.0,0,0,,0,1,1,1,1,0,0,1,0
2022-11-15_uc_santa_barbara_idaho_st,UC Santa Barbara,23,"Whitfield, Alexis",False,4,0,0,,0,0,,0,0,,0,1,1,0,0,0,0,0,0
2022-11-15_uc_santa_barbara_idaho_st,UC Santa Barbara,TM,TEAM,False,0,0,0,,0,0,,0,0,,2,1,3,0,0,3,0,0,0
2022-11-15_fresno_st_uc_riverside,UC Riverside,32,"Webster, Jordan",True,28,3,9,0.333,1,4,0.25,5,6,0.833,0,2,2,1,0,0,0,1,12
2022-11-15_fresno_st_uc_riverside,UC Riverside,2,"Walters, Ryanne",True,6,1,1,1.0,1,1,1.0,0,0,,0,0,0,0,2,0,0,0,3
2022-11-15_fresno_st_uc_riverside,UC Riverside,22,"Atchley, Paris",True,21,1,5,0.2,0,1,0.0,0,0,,0,0,0,1,0,6,0,0,2
2022-11-15_fresno_st_uc_riverside,UC Riverside,15,"Blount, Anna",True,14,0,3,0.0,0,0,,0,0,,1,2,3,3,0,4,0,1,0
2022-11-15_fresno_st_uc_riverside,UC Riverside,1,"Bryant, Matehya",True,14,0,2,0.0,0,0,,0,0,,1,2,3,1,0,1,0,0,0
2022-11-15_fresno_st_uc_riverside,UC Riverside,4,"Marshall, Jordyn",False,23,6,11,0.545,0,3,0.0,0,0,,0,0,0,2,1,1,0,3,12
2022-11-15_fresno_st_uc_riverside,UC Riverside,13,"Finau, Mele",False,20,2,4,0.5,0,0,,1,2,0.5,1,4,5,3,1,5,1,1,5
2022-11-15_fresno_st_uc_riverside,UC Riverside,14,"Hansson, Hanna",False,14,1,1,1.0,0,0,,2,2,1.0,0,1,1,0,1,0,1,0,4
2022-11-15_fresno_st_uc_riverside,UC Riverside,23,"Aikins, India",False,10,1,2,0.5,0,0,,0,0,,2,1,3,1,0,2,0,0,2
2022-11-15_fresno_st_uc_riverside,UC Riverside,10,"Stenberg, Julia",False,21,0,3,0.0,0,2,0.0,0,0,,0,0,0,2,0,0,1,0,0
2022-11-15_fresno_st_uc_riverside,UC Riverside,11,"Matarranz, Esther",False,15,0,1,0.0,0,0,,0,4,0.0,1,3,4,0,0,0,0,0,0
2022-11-15_fresno_st_uc_riverside,UC Riverside,3,"Tillery, Zoe",False,10,0,2,0.0,0,1,0.0,0,0,,1,1,2,1,0,2,0,0,0
2022-11-15_fresno_st_uc_riverside,UC Riverside,30,"Morse, Rose",False,4,0,0,,0,0,,0,0,,0,0,0,1,0,0,0,2,0
2022-11-15_fresno_st_uc_riverside,UC Riverside,TM,TEAM,False,0,0,0,,0,0,,0,0,,3,2,5,0,0,2,0,0,0
2022-11-15_fresno_st_uc_riverside,Fresno St.,13,"Book, Amiee",True,24,3,7,0.429,3,5,0.6,0,0,,3,2,5,2,4,2,0,2,9
2022-11-15_fresno_st_uc_riverside,Fresno St.,33,"West, Amaya",True,29,2,10,0.2,0,2,0.0,4,5,0.8,1,0,1,0,2,4,0,0,8
2022-11-15_fresno_st_uc_riverside,Fresno St.,32,"Mikkelsen, Thea",True,27,1,5,0.2,0,0,,5,6,0.833,3,0,3,1,1,0,0,1,7
2022-11-15_fresno_st_uc_riverside,Fresno St.,30,"Todorova, Yanina",True,33,2,7,0.286,1,2,0.5,1,1,1.0,0,1,1,2,0,4,0,1,6
2022-11-15_fresno_st_uc_riverside,Fresno St.,12,"Dethman, Sydney",True,14,2,3,0.667,0,0,,0,0,,0,0,0,3,0,2,0,2,4
2022-11-15_fresno_st_uc_riverside,Fresno St.,42,"Guimaraes, Maria",False,22,5,10,0.5,0,0,,0,0,,7,5,12,3,0,1,1,0,10
2022-11-15_fresno_st_uc_riverside,Fresno St.,54,"Wittenberg, Franka",False,21,2,6,0.333,0,1,0.0,2,2,1.0,3,8,11,4,1,3,0,1,6
2022-11-15_fresno_st_uc_riverside,Fresno St.,15,"Doreste, Maria",False,21,1,5,0.2,0,3,0.0,0,0,,0,2,2,2,2,1,0,3,2
2022-11-15_fresno_st_uc_riverside,Fresno St.,00,"Bayrak, Elif Dila",False,1,1,1,1.0,0,0,,0,0,,0,0,0,0,0,0,0,0,2
2022-11-15_fresno_st_uc_riverside,Fresno St.,5,"Dunn, Daylee",False,4,0,1,0.0,0,0,,0,0,,0,0,0,0,0,1,0,0,0
2022-11-15_fresno_st_uc_riverside,Fresno St.,3,"Whitfield, Angela",False,3,0,1,0.0,0,0,,0,0,,0,1,1,0,1,0,0,0,0
2022-11-15_fresno_st_uc_riverside,Fresno St.,10,"Chatfield, Alannah",False,1,0,1,0.0,0,1,0.0,0,0,,0,0,0,0,0,0,0,0,0
2022-11-15_fresno_st_uc_riverside,Fresno St.,TM,TEAM,False,0,0,0,,0,0,,0,0,,3,3,6,0,0,3,0,0,0
2022-11-16_stanford_cal_poly,Cal Poly,1,"Kovacikova, Nikola",True,24,4,5,0.8,3,3,1.0,0,0,,1,1,2,2,0,3,0,1,11
2022-11-16_stanford_cal_poly,Cal Poly,2,"Shah, Annika",True,21,3,10,0.3,2,4,0.5,0,0,,0,0,0,3,2,0,0,0,8
2022-11-16_stanford_cal_poly,Cal Poly,15,"Bourland, Sydney",True,22,2,7,0.286,0,1,0.0,0,0,,1,3,4,0,1,3,1,0,4
2022-11-16_stanford_cal_poly,Cal Poly,5,"Anousinh, Jazzy",True,21,1,5,0.2,1,3,0.333,0,0,,1,2,3,2,0,0,0,1,3
2022-11-16_stanford_cal_poly,Cal Poly,35,"Ackerman, Natalia",True,17,0,2,0.0,0,0,,0,0,,2,3,5,3,0,1,0,2,0
2022-11-16_stanford_cal_poly,Cal Poly,4,"Lichtie, Sierra",False,12,2,5,0.4,1,3,0.333,1,1,1.0,0,0,0,0,0,1,0,0,6
2022-11-16_stanford_cal_poly,Cal Poly,32,"Nielacna, Julia",False,16,0,3,0.0,0,0,,3,4,0.75,0,0,0,1,0,3,0,0,3
2022-11-16_stanford_cal_poly,Cal Poly,33,"Willett, Maddie",False,15,1,2,0.5,1,2,0.5,0,0,,0,0,0,1,2,0,0,0,3
2022-11-16_stanford_cal_poly,Cal Poly,24,"Toure, Oumou",False,12,1,2,0.5,1,1,1.0,0,0,,0,0,0,0,0,2,0,2,3
2022-11-16_stanford_cal_poly,Cal Poly,21,"Stajic, Andrea",False,5,1,1,1.0,0,0,,0,0,,0,0,0,0,0,0,0,0,2
2022-11-16_stanford_cal_poly,Cal Poly,23,"Wu, Taylor",False,13,0,2,0.0,0,2,0.0,0,0,,1,1,2,0,0,3,0,0,0
2022-11-16_stanford_cal_poly,Cal Poly,11,"Dickson, Junie",False,10,0,4,0.0,0,1,0.0,0,0,,1,1,2,1,0,1,0,0,0
2022-11-16_stanford_cal_poly,Cal Poly,30,"Garcia, Maia",False,7,0,1,0.0,0,0,,0,0,,0,1,1,3,0,0,0,0,0
2022-11-16_stanford_cal_poly,Cal Poly,20,"Karlin, Shannon",False,5,0,1,0.0,0,1,0.0,0,0,,0,1,1,0,0,0,0,0,0
2022-11-16_stanford_cal_poly,Cal Poly,TM,TEAM,False,0,0,0,,0,0,,0,0,,2,1,3,0,0,3,0,0,0
2022-11-16_stanford_cal_poly,Stanford,33,"Jump, Hannah",True,23,8,15,0.533,8,15,0.533,0,0,,0,0,0,0,3,0,0,1,24
2022-11-16_stanford_cal_poly,Stanford,22,"Brink, Cameron",True,15,4,7,0.571,0,1,0.0,1,2,0.5,2,1,3,2,0,0,2,0,9
2022-11-16_stanford_cal_poly,Stanford,44,"Iriafen, Kiki",True,13,3,5,0.6,0,0,,2,3,0.667,2,3,5,1,0,3,1,1,8
2022-11-16_stanford_cal_poly,Stanford,30,"Jones, Haley",True,22,1,5,0.2,0,1,0.0,2,2,1.0,2,4,6,0,3,1,0,1,4
2022-11-16_stanford_cal_poly,Stanford,10,"Lepolo, Talana",True,23,1,1,1.0,0,0,,0,0,,0,0,0,0,3,3,0,1,2
2022-11-16_stanford_cal_poly,Stanford,51,"Betts, Lauren",False,14,5,6,0.833,0,0,,3,4,0.75,3,4,7,0,1,0,3,1,13
2022-11-16_stanford_cal_poly,Stanford,2,"Emma-nnopu, Agnes",False,16,2,3,0.667,1,1,1.0,0,0,,1,2,3,2,1,1,0,1,5
2022-11-16_stanford_cal_poly,Stanford,5,"Belibi, Francesca",False,13,2,3,0.667,0,0,,1,2,0.5,2,4,6,1,4,1,0,1,5
2022-11-16_stanford_cal_poly,Stanford,12,"Nivar, Indya",False,15,1,3,0.333,0,1,0.0,1,2,0.5,2,1,3,0,0,1,0,1,3
2022-11-16_stanford_cal_poly,Stanford,20,"Bosgana, Elena",False,12,1,4,0.25,1,4,0.25,0,0,,0,1,1,1,0,1,0,1,3
2022-11-16_stanford_cal_poly,Stanford,11,"Prechtel, Ashten",False,11,1,3,0.333,0,1,0.0,0,0,,1,4,5,1,0,0,0,1,2
2022-11-16_stanford_cal_poly,Stanford,24,"Papadaki, Stavi",False,2,1,1,1.0,0,0,,0,0,,1,0,1,0,0,0,0,0,2
2022-11-16_stanford_cal_poly,Stanford,21,"Demetre, Brooke",False,15,0,4,0.0,0,3,0.0,0,0,,1,3,4,1,1,1,1,0,0
2022-11-16_stanford_cal_poly,Stanford,32,"Harriel, Jzaniya",False,6,0,0,,0,0,,0,0,,0,0,0,0,1,1,0,1,0
2022-11-16_stanford_cal_poly,Stanford,TM,TEAM,False,0,0,0,,0,0,,0,0,,0,0,0,0,0,0,0,0,0
2022-11-17_uc_davis_boise_st,Boise St.,23,"Lalotte, Elodie",True,29,8,16,0.5,0,0,,6,7,0.857,0,3,3,3,0,2,0,3,22
2022-11-17_uc_davis_boise_st,Boise St.,01,"Hansen, Mya",True,20,3,8,0.375,0,1,0.0,0,0,,0,2,2,1,1,5,0,1,6
2022-11-17_uc_davis_boise_st,Boise St.,12,"Naro, Mary Kay",True,25,0,8,0.0,0,4,0.0,4,4,1.0,3,6,9,1,1,0,0,0,4
2022-11-17_uc_davis_boise_st,Boise St.,33,"Muse, Abby",True,17,1,3,0.333,0,0,,2,2,1.0,1,6,7,4,0,1,1,1,4
2022-11-17_uc_davis_boise_st,Boise St.,04,"Bayes, Dani",True,23,0,4,0.0,0,0,,0,0,,0,2,2,0,1,1,0,1,0
2022-11-17_uc_davis_boise_st,Boise St.,32,"Pasco, Natalie",False,25,3,10,0.3,2,6,0.333,4,4,1.0,0,3,3,1,0,4,0,0,12
2022-11-17_uc_davis_boise_st,Boise St.,22,"Hull, Trista",False,13,1,2,0.5,0,0,,4,4,1.0,4,0,4,4,0,1,0,0,6
2022-11-17_uc_davis_boise_st,Boise St.,05,"Hueckman, Allie",False,9,1,2,0.5,0,1,0.0,2,2,1.0,2,1,3,1,0,0,0,0,4
2022-11-17_uc_davis_boise_st,Boise St.,24,"Clark, Jayda",False,11,0,0,,0,0,,2,2,1.0,0,0,0,0,2,0,0,0,2
2022-11-17_uc_davis_boise_st,Boise St.,02,"Lovrovich, Linsey",False,8,1,3,0.333,0,0,,0,0,,1,2,3,1,0,1,0,1,2
2022-11-17_uc_davis_boise_st,Boise St.,14,"Ostlie, Anna",False,13,0,1,0.0,0,1,0.0,0,0,,0,2,2,2,2,0,0,1,0
2022-11-17_uc_davis_boise_st,Boise St.,21,"McQuietor, Sydney",False,6,0,0,,0,0,,0,0,,0,0,0,0,0,0,0,0,0
2022-11-17_uc_davis_boise_st,Boise St.,30,"Naro, Mackenzie",False,1,0,0,,0,0,,0,0,,0,0,0,0,0,0,0,0,0
2022-11-17_uc_davis_boise_st,Boise St.,TM,TEAM,False,0,0,0,,0,0,,0,0,,4,1,5,0,0,1,0,0,0
2022-11-17_uc_davis_boise_st,UC Davis,15,"Turner, Evanne",True,39,8,21,0.381,5,15,0.333,5,5,1.0,0,6,6,5,1,4,1,2,26
2022-11-17_uc_davis_boise_st,UC Davis,01,"Sussman, Tess",True,27,3,5,0.6,0,1,0.0,4,4,1.0,1,2,3,2,1,1,1,1,10
2022-11-17_uc_davis_boise_st,UC Davis,13,"Burns, Sydney",True,30,2,2,1.0,0,0,,2,2,1.0,0,3,3,2,1,2,0,3,6
2022-11-17_uc_davis_boise_st,UC Davis,25,"Norris, Megan",True,22,2,5,0.4,1,2,0.5,1,2,0.5,0,4,4,3,0,1,1,0,6
2022-11-17_uc_davis_boise_st,UC Davis,33,"Harris, Mazatlan",True,25,1,5,0.2,0,3,0.0,2,2,1.0,1,1,2,3,1,2,0,1,4
2022-11-17_uc_davis_boise_st,UC Davis,14,"Sabel, Tova",False,20,4,13,0.308,2,4,0.5,0,0,,1,4,5,1,3,0,0,0,10
2022-11-17_uc_davis_boise_st,UC Davis,23,"Baker, Victoria",False,8,2,5,0.4,0,0,,0,0,,1,1,2,3,1,0,0,0,4
2022-11-17_uc_davis_boise_st,UC Davis,03,"Gray, Campbell",False,8,1,1,1.0,1,1,1.0,0,0,,0,0,0,1,0,0,0,0,3
2022-11-17_uc_davis_boise_st,UC Davis,02,"Jones, Megan",False,17,0,1,0.0,0,1,0.0,0,0,,0,1,1,2,3,2,1,0,0
2022-11-17_uc_davis_boise_st,UC Davis,20,"Sanders, Makaila",False,4,0,0,,0,0,,0,0,,0,0,0,0,0,0,0,0,0
2022-11-17_uc_davis_boise_st,UC Davis,TM,TEAM,False,0,0,0,,0,0,,0,0,,3,3,6,0,0,1,0,0,0
2022-11-17_washington_uc_irvine,UC Irvine,42,"Hunt, Naomi",True,38,6,17,0.353,5,11,0.455,0,0,,1,6,7,3,2,1,1,3,17
2022-11-17_washington_uc_irvine,UC Irvine,23,"Konate, Diaba",True,39,1,7,0.143,0,1,0.0,6,8,0.75,1,0,1,2,3,3,0,4,8
2022-11-17_washington_uc_irvine,UC Irvine,21,"Williams, Olivia",True,19,1,7,0.143,0,4,0.0,2,2,1.0,0,2,2,1,0,0,0,1,4
2022-11-17_washington_uc_irvine,UC Irvine,3,"Tom, Nikki",True,43,1,4,0.25,1,2,0.5,0,2,0.0,3,3,6,0,5,5,0,0,3
2022-11-17_washington_uc_irvine,UC Irvine,24,"Dean, Nevaeh",True,23,0,5,0.0,0,0,,1,2,0.5,3,1,4,5,1,3,1,3,1
2022-11-17_washington_uc_irvine,UC Irvine,20,"Hernandez, Hunter",False,32,4,11,0.364,1,3,0.333,0,0,,3,2,5,1,0,2,1,1,9
2022-11-17_washington_uc_irvine,UC Irvine,13,"Lee, Déja",False,17,2,7,0.286,1,4,0.25,0,0,,0,0,0,3,0,2,0,0,5
2022-11-17_washington_uc_irvine,UC Irvine,11,"Scharpf, Amelia",False,9,2,2,1.0,1,1,1.0,0,0,,1,0,1,0,0,0,0,1,5
2022-11-17_washington_uc_irvine,UC Irvine,32,"Parkinson, Nevaeh",False,16,2,6,0.333,0,0,,0,0,,1,7,8,3,0,2,1,1,4
2022-11-17_washington_uc_irvine,UC Irvine,33,"Kaupu, Caiyle",False,8,2,3,0.667,0,0,,0,1,0.0,0,0,0,1,0,1,0,0,4
2022-11-17_washington_uc_irvine,UC Irvine,22,"Gony, Nyagoa",False,6,0,1,0.0,0,0,,0,0,,0,1,1,2,1,0,0,0,0
2022-11-17_washington_uc_irvine,UC Irvine,TM,TEAM,False,0,0,0,,0,0,,0,0,,4,2,6,0,0,5,0,0,0
2022-11-17_washington_uc_irvine,Washington,14,"Daniels, Dalayah",True,42,9,16,0.562,0,1,0.0,5,6,0.833,4,10,14,3,2,5,3,1,23
2022-11-17_washington_uc_irvine,Washington,11,"van Dyke, Haley",True,37,3,11,0.273,1,2,0.5,4,12,0.333,2,4,6,4,0,6,0,1,11
2022-11-17_washington_uc_irvine,Washington,3,"Noble, Jayda",True,34,3,8,0.375,0,3,0.0,1,2,0.5,5,7,12,3,1,4,1,4,7
2022-11-17_washington_uc_irvine,Washington,33,"Oliver, Trinity",True,26,3,7,0.429,0,0,,1,3,0.333,4,1,5,1,1,0,0,1,7
2022-11-17_washington_uc_irvine,Washington,2,"Schwartz, Lauren",True,39,3,10,0.3,0,3,0.0,0,0,,1,2,3,1,1,4,1,1,6
2022-11-17_washington_uc_irvine,Washington,1,"Stines, Hannah",False,32,2,9,0.222,0,4,0.0,2,2,1.0,0,4,4,2,2,2,2,1,6
2022-11-17_washington_uc_irvine,Washington,24,"Ladine, Elle",False,15,1,1,1.0,0,0,,0,1,0.0,0,2,2,3,0,3,1,1,2
2022-11-17_washington_uc_irvine,Washington,25,"Watkins, Tt",False,18,0,2,0.0,0,1,0.0,0,0,,1,0,1,1,0,1,1,0,0
2022-11-17_washington_uc_irvine,Washington,21,"Grothaus, Emma",False,5,0,0,,0,0,,0,0,,0,1,1,2,0,1,0,0,0
2022-11-17_washington_uc_irvine,Washington,53,"Rees, Darcy",False,2,0,0,,0,0,,0,0,,0,0,0,0,0,0,0,0,0
2022-11-17_washington_uc_irvine,Washington,TM,TEAM,False,0,0,0,,0,0,,0,0,,3,1,4,0,0,2,0,0,0
2022-11-17_csun_santa_clara,Santa Clara,34,"Heal, Tess",True,20,7,11,0.636,1,2,0.5,4,4,1.0,1,0,1,5,1,5,0,0,19
2022-11-17_csun_santa_clara,Santa Clara,13,"Edmanson, Lara",True,37,4,7,0.571,0,0,,3,4,0.75,3,9,12,2,2,3,1,4,11
2022-11-17_csun_santa_clara,Santa Clara,3,"Basallo, Ayzhiana",True,27,1,7,0.143,1,2,0.5,6,6,1.0,0,0,0,2,1,2,0,1,9
2022-11-17_csun_santa_clara,Santa Clara,5,"Pollerd, Olivia",True,17,0,2,0.0,0,1,0.0,2,2,1.0,1,1,2,5,2,2,0,0,2
2022-11-17_csun_santa_clara,Santa Clara,31,"Hiraki, Ashley",True,28,0,1,0.0,0,1,0.0,0,0,,1,1,2,5,0,2,0,0,0
2022-11-17_csun_santa_clara,Santa Clara,12,"Maldonado, Ashlee",False,14,3,7,0.429,2,4,0.5,1,4,0.25,0,0,0,0,0,0,0,1,9
2022-11-17_csun_santa_clara,Santa Clara,22,"Cadee, Jayde",False,13,2,8,0.25,2,8,0.25,0,0,,0,0,0,1,0,0,0,0,6
2022-11-17_csun_santa_clara,Santa Clara,11,"Pritchard, Lexie",False,25,1,3,0.333,0,0,,2,3,0.667,1,4,5,2,2,1,0,1,4
2022-11-17_csun_santa_clara,Santa Clara,23,"Hudgins, Marya",False,10,1,3,0.333,0,0,,1,2,0.5,1,2,3,0,2,1,0,0,3
2022-11-17_csun_santa_clara,Santa Clara,4,"Johnson, Anna",False,7,1,4,0.25,1,3,0.333,0,0,,1,0,1,0,0,0,1,0,3
2022-11-17_csun_santa_clara,Santa Clara,10,"Grigoropoulou, Georgia",False,1,0,0,,0,0,,0,0,,0,0,0,0,0,0,0,0,0
2022-11-17_csun_santa_clara,Santa Clara,15,"Ellinghouse, Emma",False,1,0,0,,0,0,,0,0,,0,0,0,0,1,0,0,0,0
2022-11-17_csun_santa_clara,Santa Clara,TM,TEAM,False,0,0,0,,0,0,,0,0,,3,0,3,0,0,3,0,0,0
2022-11-17_csun_santa_clara,CSUN,5,"Duchemin, Michelle",True,35,8,15,0.533,3,4,0.75,4,6,0.667,7,8,15,3,2,2,0,0,23
2022-11-17_csun_santa_clara,CSUN,1,"Jackson, Jordyn",True,34,2,10,0.2,2,4,0.5,7,8,0.875,1,4,5,3,1,3,0,2,13
2022-11-17_csun_santa_clara,CSUN,15,"Amundsen, Tess",True,25,2,11,0.182,1,3,0.333,2,2,1.0,3,1,4,5,2,3,0,1,7
2022-11-17_csun_santa_clara,CSUN,21,"Tu'ua, Anaiyah",True,33,1,2,0.5,1,1,1.0,2,2,1.0,2,2,4,5,5,3,1,2,5
2022-11-17_csun_santa_clara,CSUN,34,"Spriggs, Kayanna",True,18,2,3,0.667,0,0,,0,1,0.0,2,1,3,3,0,4,1,0,4
2022-11-17_csun_santa_clara,CSUN,10,"de Jesus , Ana Carolina",False,19,1,4,0.25,0,0,,1,2,0.5,1,1,2,4,1,4,0,0,3
2022-11-17_csun_santa_clara,CSUN,24,"Smith, Macy",False,16,1,5,0.2,0,2,0.0,1,1,1.0,1,3,4,1,1,1,0,0,3
2022-11-17_csun_santa_clara,CSUN,45,"Nikishina , Arina",False,5,1,1,1.0,0,0,,0,0,,1,0,1,0,0,1,1,0,2
2022-11-17_csun_santa_clara,CSUN,25,"Amundsen, Laney",False,4,1,2,0.5,0,1,0.0,0,0,,0,0,0,0,0,1,0,0,2
2022-11-17_csun_santa_clara,CSUN,4,"Harvey, Rachel",False,7,0,1,0.0,0,0,,0,0,,0,0,0,2,0,2,0,0,0
2022-11-17_csun_santa_clara,CSUN,00,"Williams, De’jah",False,2,0,0,,0,0,,0,0,,0,0,0,0,0,0,0,0,0
2022-11-17_csun_santa_clara,CSUN,11,"Smith, Olivia",False,2,0,0,,0,0,,0,0,,0,0,0,0,0,0,0,0,0
2022-11-17_csun_santa_clara,CSUN,3,"Givens , Cheyenne",False,0,0,0,,0,0,,0,0,,0,0,0,0,0,0,0,0,0
2022-11-17_csun_santa_clara,CSUN,TM,TEAM,False,0,0,0,,0,0,,0,0,,1,3,4,0,0,2,0,0,0
2022-11-18_hawaii_fgcu,FGCU,04,"Morehouse, Tishara",True,32,5,11,0.455,3,5,0.6,4,5,0.8,0,2,2,2,3,0,0,3,17
2022-11-18_hawaii_fgcu,FGCU,00,"Webb, Kaela",True,24,4,8,0.5,4,7,0.571,0,0,,0,1,1,0,2,1,0,0,12
2022-11-18_hawaii_fgcu,FGCU,02,"Stiles, Sophia",True,30,4,6,0.667,1,2,0.5,0,0,,4,5,9,1,0,1,0,4,9
2022-11-18_hawaii_fgcu,FGCU,20,"Carter, Sha",True,19,3,8,0.375,1,5,0.2,2,4,0.5,0,3,3,0,2,0,0,1,9
2022-11-18_hawaii_fgcu,FGCU,32,"List, Emma",True,28,2,7,0.286,0,3,0.0,0,2,0.0,0,3,3,3,4,0,1,1,4
2022-11-18_hawaii_fgcu,FGCU,24,"Hackley, Seneca",False,12,1,3,0.333,1,2,0.5,2,4,0.5,0,2,2,3,0,1,0,0,5
2022-11-18_hawaii_fgcu,FGCU,42,"Ezeudu, Uju",False,17,1,4,0.25,1,3,0.333,0,0,,0,3,3,2,2,3,0,1,3
2022-11-18_hawaii_fgcu,FGCU,22,"Bartram, Brylee",False,14,1,4,0.25,1,4,0.25,0,0,,0,1,1,0,1,1,0,0,3
2022-11-18_hawaii_fgcu,FGCU,21,"Adams, Kierra",False,7,1,2,0.5,0,0,,1,2,0.5,0,1,1,1,1,1,0,0,3
2022-11-18_hawaii_fgcu,FGCU,11,"Antenucci, Maddie",False,11,0,2,0.0,0,2,0.0,0,0,,0,0,0,1,0,0,0,0,0
2022-11-18_hawaii_fgcu,FGCU,31,"Schimmel, Milan",False,5,0,2,0.0,0,1,0.0,0,0,,0,0,0,0,0,0,0,0,0
2022-11-18_hawaii_fgcu,FGCU,10,"Campbell, Jordan",False,1,0,0,,0,0,,0,0,,0,0,0,0,0,0,0,0,0
2022-11-18_hawaii_fgcu,FGCU,TM,TEAM,False,0,0,0,,0,0,,0,0,,0,2,2,0,0,0,0,0,0
2022-11-18_hawaii_fgcu,Hawaii,03,"Wahinekapu, Lily",True,23,3,9,0.333,0,1,0.0,3,4,0.75,2,3,5,0,2,3,0,1,9
2022-11-18_hawaii_fgcu,Hawaii,15,"Phillips, Daejah",True,27,3,9,0.333,1,3,0.333,1,2,0.5,3,1,4,3,0,3,0,0,8
2022-11-18_hawaii_fgcu,Hawaii,11,"Spiller, Kallin",True,15,1,5,0.2,0,1,0.0,0,0,,3,8,11,2,1,2,0,0,2
2022-11-18_hawaii_fgcu,Hawaii,01,"Imai, Kelsie",True,21,0,2,0.0,0,0,,0,0,,0,2,2,2,2,2,0,0,0
2022-11-18_hawaii_fgcu,Hawaii,00,"Watkins, Avery",True,19,0,2,0.0,0,1,0.0,0,0,,0,1,1,1,0,0,0,0,0
2022-11-18_hawaii_fgcu,Hawaii,04,"Lefotu, Jovi",False,12,4,5,0.8,0,0,,0,0,,0,0,0,1,1,2,0,0,8
2022-11-18_hawaii_fgcu,Hawaii,34,"David, Jacque",False,13,3,5,0.6,1,2,0.5,0,0,,0,2,2,1,0,1,0,0,7
2022-11-18_hawaii_fgcu,Hawaii,02,"Thoms, Ashley",False,20,1,2,0.5,0,1,0.0,1,2,0.5,1,3,4,2,1,3,0,1,3
2022-11-18_hawaii_fgcu,Hawaii,23,"McBee, MeiLani",False,13,1,5,0.2,1,3,0.333,0,0,,0,1,1,1,0,0,1,2,3
2022-11-18_hawaii_fgcu,Hawaii,14,"Orji, Nnenna",False,10,1,3,0.333,0,0,,1,4,0.25,1,4,5,0,1,4,0,0,3
2022-11-18_hawaii_fgcu,Hawaii,32,"Ongoongotau, Eva",False,6,1,2,0.5,0,1,0.0,0,0,,0,2,2,1,0,0,0,0,2
2022-11-18_hawaii_fgcu,Hawaii,12,"Perez, Imani",False,13,0,0,,0,0,,0,0,,0,3,3,1,1,0,0,0,0
2022-11-18_hawaii_fgcu,Hawaii,10,"Jefferson, Meg",False,4,0,1,0.0,0,0,,0,0,,1,0,1,0,0,1,0,0,0
2022-11-18_hawaii_fgcu,Hawaii,20,"Haire, McKenna",False,4,0,1,0.0,0,1,0.0,0,0,,0,1,1,0,0,0,0,0,0
2022-11-18_hawaii_fgcu,Hawaii,TM,TEAM,False,0,0,0,,0,0,,0,0,,1,5,6,0,0,1,0,0,0
2022-11-18_fresno_st_cal_poly,Cal Poly,2,"Shah, Annika",True,25,6,13,0.462,1,4,0.25,0,0,,1,1,2,3,3,2,0,0,13
2022-11-18_fresno_st_cal_poly,Cal Poly,1,"Kovacikova, Nikola",True,34,2,7,0.286,1,4,0.25,0,0,,1,6,7,3,2,1,0,3,5
2022-11-18_fresno_st_cal_poly,Cal Poly,5,"Anousinh, Jazzy",True,20,2,5,0.4,1,3,0.333,0,0,,0,1,1,3,1,2,0,0,5
2022-11-18_fresno_st_cal_poly,Cal Poly,15,"Bourland, Sydney",True,28,2,4,0.5,0,1,0.0,0,0,,1,6,7,1,1,1,0,1,4
2022-11-18_fresno_st_cal_poly,Cal Poly,35,"Ackerman, Natalia",True,20,1,3,0.333,0,0,,0,0,,3,2,5,1,0,2,1,0,2
2022-11-18_fresno_st_cal_poly,Cal Poly,32,"Nielacna, Julia",False,17,4,6,0.667,0,1,0.0,0,0,,0,3,3,3,0,2,0,0,8
2022-11-18_fresno_st_cal_poly,Cal Poly,4,"Lichtie, Sierra",False,14,1,4,0.25,0,0,,4,4,1.0,1,4,5,2,0,1,0,0,6
2022-11-18_fresno_st_cal_poly,Cal Poly,23,"Wu, Taylor",False,22,1,3,0.333,1,3,0.333,0,0,,0,0,0,1,0,5,0,0,3
2022-11-18_fresno_st_cal_poly,Cal Poly,24,"Toure, Oumou",False,9,1,2,0.5,0,0,,0,0,,0,2,2,1,0,0,0,1,2
2022-11-18_fresno_st_cal_poly,Cal Poly,33,"Willett, Maddie",False,11,0,1,0.0,0,0,,0,0,,0,0,0,0,1,1,0,0,0
2022-11-18_fresno_st_cal_poly,Cal Poly,TM,TEAM,False,0,0,0,,0,0,,0,0,,2,1,3,0,0,2,0,0,0
2022-11-18_fresno_st_cal_poly,Fresno St.,30,"Todorova, Yanina",True,38,3,10,0.3,1,2,0.5,5,6,0.833,1,5,6,0,2,4,0,2,12
2022-11-18_fresno_st_cal_poly,Fresno St.,33,"West, Amaya",True,34,2,8,0.25,1,2,0.5,2,2,1.0,5,3,8,1,2,2,0,5,7
2022-11-18_fresno_st_cal_poly,Fresno St.,13,"Book, Amiee",True,26,1,4,0.25,1,3,0.333,0,0,,0,2,2,2,0,3,0,0,3
2022-11-18_fresno_st_cal_poly,Fresno St.,12,"Dethman, Sydney",True,33,0,3,0.0,0,0,,2,2,1.0,0,3,3,0,0,3,1,2,2
2022-11-18_fresno_st_cal_poly,Fresno St.,32,"Mikkelsen, Thea",True,25,0,2,0.0,0,1,0.0,0,0,,0,1,1,1,0,0,0,1,0
2022-11-18_fresno_st_cal_poly,Fresno St.,45,"Wittenberg, Franka",False,28,7,13,0.538,0,2,0.0,3,5,0.6,1,4,5,1,1,1,1,1,17
2022-11-18_fresno_st_cal_poly,Fresno St.,5,"Dunn, Daylee",False,7,2,3,0.667,2,3,0.667,0,0,,0,0,0,0,0,0,0,0,6
2022-11-18_fresno_st_cal_poly,Fresno St.,15,"Doreste, Maria",False,9,0,2,0.0,0,1,0.0,0,0,,0,0,0,1,0,0,0,2,0
2022-11-18_fresno_st_cal_poly,Fresno St.,TM,TEAM,False,0,0,0,,0,0,,0,0,,0,1,1,0,0,0,0,0,0
2022-11-18_georgetown_cal_st_fullerton,Cal St. Fullerton,05,"Jovanovic, Una",True,35,7,12,0.583,2,4,0.5,0,0,,0,2,2,0,2,4,0,0,16
2022-11-18_georgetown_cal_st_fullerton,Cal St. Fullerton,55,"Nimmo, Fujika",True,33,4,10,0.4,2,5,0.4,3,4,0.75,0,1,1,4,4,5,0,2,13
2022-11-18_georgetown_cal_st_fullerton,Cal St. Fullerton,04,"Vidmar, Gabi",True,33,2,10,0.2,2,7,0.286,0,0,,2,4,6,3,4,0,0,2,6
2022-11-18_georgetown_cal_st_fullerton,Cal St. Fullerton,32,"Lewis, Ashlee",True,24,1,5,0.2,0,0,,1,4,0.25,2,2,4,3,0,6,0,0,3
2022-11-18_georgetown_cal_st_fullerton,Cal St. Fullerton,24,"Neff, Kathryn",True,16,0,1,0.0,0,1,0.0,0,0,,2,2,4,1,0,0,0,1,0
2022-11-18_georgetown_cal_st_fullerton,Cal St. Fullerton,01,Nancy Panagiotopoulo,False,17,1,3,0.333,0,1,0.0,0,0,,0,0,0,2,0,1,0,0,2
2022-11-18_georgetown_cal_st_fullerton,Cal St. Fullerton,00,"Frey, Anniken",False,11,1,1,1.0,0,0,,0,0,,0,0,0,0,0,1,0,1,2
2022-11-18_georgetown_cal_st_fullerton,Cal St. Fullerton,11,"MacDonald, Ruby",False,24,0,2,0.0,0,2,0.0,0,0,,1,2,3,0,0,0,0,0,0
2022-11-18_georgetown_cal_st_fullerton,Cal St. Fullerton,10,"Lagway, Demonnie",False,5,0,3,0.0,0,0,,0,0,,0,2,2,1,0,1,0,0,0
2022-11-18_georgetown_cal_st_fullerton,Cal St. Fullerton,21,"Tse, Allysan",False,1,0,0,,0,0,,0,0,,0,0,0,0,0,0,0,1,0
2022-11-18_georgetown_cal_st_fullerton,Cal St. Fullerton,22,"Morgan, Josie",False,1,0,0,,0,0,,0,0,,0,0,0,0,0,0,0,0,0
2022-11-18_georgetown_cal_st_fullerton,Cal St. Fullerton,TM,TEAM,False,0,0,0,,0,0,,0,0,,2,5,7,0,0,1,0,0,0
2022-11-18_georgetown_cal_st_fullerton,Georgetown,10,Kennedy Fauntleroy,True,34,6,11,0.545,4,6,0.667,1,1,1.0,1,5,6,2,3,2,0,3,17
2022-11-18_georgetown_cal_st_fullerton,Georgetown,01,Kelsey Ransom,True,34,3,11,0.273,0,3,0.0,2,2,1.0,1,4,5,3,5,3,1,2,8
2022-11-18_georgetown_cal_st_fullerton,Georgetown,12,Jada Claude,True,31,2,5,0.4,0,3,0.0,3,4,0.75,4,2,6,0,2,4,1,3,7
2022-11-18_georgetown_cal_st_fullerton,Georgetown,14,Kristina Moore,True,24,2,8,0.25,1,3,0.333,2,2,1.0,2,1,3,3,1,2,0,1,7
2022-11-18_georgetown_cal_st_fullerton,Georgetown,33,Graceann Bennett,True,21,2,2,1.0,0,0,,1,2,0.5,1,1,2,4,2,2,1,1,5
2022-11-18_georgetown_cal_st_fullerton,Georgetown,15,Brianna Scott,False,17,3,4,0.75,2,3,0.667,0,0,,0,5,5,2,0,0,0,0,8
2022-11-18_georgetown_cal_st_fullerton,Georgetown,05,Modesti McConnell,False,21,2,8,0.25,1,7,0.143,0,0,,0,2,2,1,1,0,0,0,5
2022-11-18_georgetown_cal_st_fullerton,Georgetown,02,Teaghan Flaherty,False,2,1,1,1.0,1,1,1.0,0,0,,0,0,0,0,0,0,0,0,3
2022-11-18_georgetown_cal_st_fullerton,Georgetown,25,Kaliyah Myricks,False,6,1,1,1.0,0,0,,0,0,,1,0,1,0,1,0,0,0,2
2022-11-18_georgetown_cal_st_fullerton,Georgetown,31,Morgan Lee,False,2,0,0,,0,0,,1,2,0.5,1,0,1,0,0,1,0,0,1
2022-11-18_georgetown_cal_st_fullerton,Georgetown,21,Ariel Jenkins,False,4,0,2,0.0,0,0,,0,0,,1,0,1,0,0,0,1,0,0
2022-11-18_georgetown_cal_st_fullerton,Georgetown,00,Yasmin Ott,False,2,0,1,0.0,0,0,,0,0,,0,1,1,0,1,0,0,0,0
2022-11-18_georgetown_cal_st_fullerton,Georgetown,03,Victoria Rivera,False,2,0,0,,0,0,,0,0,,0,0,0,0,0,0,0,0,0
2022-11-18_georgetown_cal_st_fullerton,Georgetown,TM,TEAM,False,0,0,0,,0,0,,0,0,,1,3,4,0,0,1,0,0,0
2022-11-18_alas_anchorage_uc_riverside,UC Riverside,1,"Bryant, Matehya",True,19,6,11,0.545,1,1,1.0,0,0,,4,2,6,1,0,0,1,1,13
2022-11-18_alas_anchorage_uc_riverside,UC Riverside,22,"Atchley, Paris",True,27,3,8,0.375,0,2,0.0,3,4,0.75,0,2,2,2,3,3,0,0,9
2022-11-18_alas_anchorage_uc_riverside,UC Riverside,32,"Webster, Jordan",True,30,2,10,0.2,0,6,0.0,0,0,,0,4,4,3,5,3,0,2,4
2022-11-18_alas_anchorage_uc_riverside,UC Riverside,4,"Marshall, Jordyn",True,26,1,6,0.167,0,3,0.0,2,2,1.0,0,0,0,3,0,3,0,3,4
2022-11-18_alas_anchorage_uc_riverside,UC Riverside,13,"Finau, Mele",True,23,1,1,1.0,0,0,,2,2,1.0,0,5,5,4,0,3,0,0,4
2022-11-18_alas_anchorage_uc_riverside,UC Riverside,10,"Stenberg, Julia",False,24,2,6,0.333,2,6,0.333,0,0,,2,1,3,4,1,1,0,0,6
2022-11-18_alas_anchorage_uc_riverside,UC Riverside,14,"Hansson, Hanna",False,12,1,1,1.0,0,0,,2,2,1.0,1,0,1,1,0,1,0,0,4
2022-11-18_alas_anchorage_uc_riverside,UC Riverside,3,"Tillery, Zoe",False,15,1,5,0.2,1,5,0.2,0,0,,0,0,0,0,1,1,0,0,3
2022-11-18_alas_anchorage_uc_riverside,UC Riverside,23,"Aikins, India",False,17,1,3,0.333,0,0,,0,0,,0,1,1,1,1,0,0,0,2
2022-11-18_alas_anchorage_uc_riverside,UC Riverside,15,"Blount, Anna",False,7,1,3,0.333,0,0,,0,0,,2,0,2,0,0,1,0,0,2
2022-11-18_alas_anchorage_uc_riverside,UC Riverside,TM,TEAM,False,0,0,0,,0,0,,0,0,,1,2,3,0,0,0,0,0,0
2022-11-18_alas_anchorage_uc_riverside,Alas. Anchorage,12,"Rabb, Vishe'",True,29,4,10,0.4,0,1,0.0,6,7,0.857,1,5,6,2,2,5,0,4,14
2022-11-18_alas_anchorage_uc_riverside,Alas. Anchorage,14,"Robertson, Kate",True,34,5,10,0.5,0,0,,2,2,1.0,2,3,5,2,5,5,1,0,12
2022-11-18_alas_anchorage_uc_riverside,Alas. Anchorage,13,"Hajdukovich, Jahnna",True,28,4,5,0.8,1,1,1.0,0,0,,3,4,7,2,0,1,0,0,9
2022-11-18_alas_anchorage_uc_riverside,Alas. Anchorage,11,"Bey, Ra'anaa",True,20,2,6,0.333,0,4,0.0,0,0,,1,3,4,1,6,1,0,0,4
2022-11-18_alas_anchorage_uc_riverside,Alas. Anchorage,2,"Pinckney, Nicole",True,20,1,6,0.167,1,3,0.333,1,2,0.5,0,1,1,2,3,0,0,0,4
2022-11-18_alas_anchorage_uc_riverside,Alas. Anchorage,4,"Moore, Anaiah",False,20,3,3,1.0,0,0,,0,0,,0,0,0,2,3,2,0,1,6
2022-11-18_alas_anchorage_uc_riverside,Alas. Anchorage,3,"Berfield, Hayley",False,11,2,4,0.5,2,4,0.5,0,2,0.0,0,1,1,1,1,0,0,0,6
2022-11-18_alas_anchorage_uc_riverside,Alas. Anchorage,5,"Evans, Jazzpher",False,20,1,4,0.25,0,1,0.0,2,2,1.0,1,2,3,2,0,3,0,0,4
2022-11-18_alas_anchorage_uc_riverside,Alas. Anchorage,44,"Ingram, Rachel",False,12,1,2,0.5,1,2,0.5,0,0,,0,4,4,0,0,0,0,0,3
2022-11-18_alas_anchorage_uc_riverside,Alas. Anchorage,1,"Tovia, Tubby",False,6,0,0,,0,0,,2,2,1.0,0,0,0,0,0,0,0,1,2
2022-11-18_alas_anchorage_uc_riverside,Alas. Anchorage,TM,TEAM,False,0,0,0,,0,0,,0,0,,2,2,4,0,0,1,0,0,0
2022-11-19_seattle_u_uc_irvine,UC Irvine,21,"Williams, Olivia",True,29,6,12,0.5,4,8,0.5,0,0,,0,2,2,2,0,1,0,2,16
2022-11-19_seattle_u_uc_irvine,UC Irvine,13,"Lee, Déja",True,27,4,9,0.444,3,6,0.5,1,1,1.0,4,0,4,2,3,2,1,3,12
2022-11-19_seattle_u_uc_irvine,UC Irvine,42,"Hunt, Naomi",True,30,3,10,0.3,0,5,0.0,0,0,,0,3,3,1,2,1,0,1,6
2022-11-19_seattle_u_uc_irvine,UC Irvine,3,"Tom, Nikki",True,29,2,7,0.286,0,4,0.0,0,0,,2,2,4,3,5,3,0,4,4
2022-11-19_seattle_u_uc_irvine,UC Irvine,24,"Dean, Nevaeh",True,15,0,1,0.0,0,0,,0,0,,0,0,0,4,3,2,1,2,0
2022-11-19_seattle_u_uc_irvine,UC Irvine,20,"Hernandez, Hunter",False,28,3,10,0.3,0,3,0.0,1,2,0.5,2,2,4,3,1,0,0,1,7
2022-11-19_seattle_u_uc_irvine,UC Irvine,32,"Parkinson, Nevaeh",False,10,3,5,0.6,0,0,,0,0,,0,1,1,0,2,1,0,0,6
2022-11-19_seattle_u_uc_irvine,UC Irvine,22,"Gony, Nyagoa",False,13,0,3,0.0,0,0,,3,4,0.75,2,4,6,0,0,2,4,0,3
2022-11-19_seattle_u_uc_irvine,UC Irvine,11,"Scharpf, Amelia",False,11,0,1,0.0,0,1,0.0,0,0,,0,0,0,0,0,1,0,2,0
2022-11-19_seattle_u_uc_irvine,UC Irvine,33,"Kaupu, Caiyle",False,8,0,2,0.0,0,0,,0,0,,0,0,0,1,0,0,0,0,0
2022-11-19_seattle_u_uc_irvine,UC Irvine,TM,TEAM,False,0,0,0,,0,0,,0,0,,0,0,0,0,0,1,0,0,0
2022-11-19_seattle_u_uc_irvine,Seattle U,11,"Howard, Peyton",True,32,6,13,0.462,0,0,,2,2,1.0,2,4,6,4,2,5,0,2,14
2022-11-19_seattle_u_uc_irvine,Seattle U,24,"Clark, Taliyah",True,23,3,7,0.429,2,5,0.4,2,2,1.0,0,2,2,1,0,1,0,1,10
2022-11-19_seattle_u_uc_irvine,Seattle U,14,"Kyrkjebo, Kari",True,19,1,4,0.25,0,0,,0,0,,2,2,4,2,0,3,0,1,2
2022-11-19_seattle_u_uc_irvine,Seattle U,34,"Michaelsen, Lisa",True,16,1,2,0.5,0,0,,0,0,,0,3,3,2,1,2,0,0,2
2022-11-19_seattle_u_uc_irvine,Seattle U,1,"Walker, Julianna",True,8,0,1,0.0,0,1,0.0,0,0,,0,1,1,0,0,3,0,0,0
2022-11-19_seattle_u_uc_irvine,Seattle U,44,"Moore, Mya",False,17,4,7,0.571,0,0,,1,3,0.333,2,3,5,1,2,2,1,1,9
2022-11-19_seattle_u_uc_irvine,Seattle U,5,"Bariteau, Noemie",False,31,2,3,0.667,2,2,1.0,2,2,1.0,1,4,5,1,2,4,0,2,8
2022-11-19_seattle_u_uc_irvine,Seattle U,15,"Liggett, Sheridan",False,24,2,5,0.4,1,2,0.5,0,0,,1,2,3,1,0,4,0,0,5
2022-11-19_seattle_u_uc_irvine,Seattle U,23,"Korolenko, Irena",False,21,1,4,0.25,1,1,1.0,0,0,,1,6,7,1,1,1,0,0,3
2022-11-19_seattle_u_uc_irvine,Seattle U,30,"Phillips, Madeline",False,7,0,1,0.0,0,0,,0,0,,0,1,1,0,0,0,0,2,0
2022-11-19_seattle_u_uc_irvine,Seattle U,4,"Blauenfeldt, Asta",False,2,0,0,,0,0,,0,0,,0,0,0,0,1,0,0,0,0
2022-11-19_seattle_u_uc_irvine,Seattle U,TM,TEAM,False,0,0,0,,0,0,,0,0,,2,0,2,0,0,2,0,0,0
2022-11-19_sacramento_st_uc_santa_barbara,UC Santa Barbara,02,"Tucker, Alexis",True,36,7,12,0.583,1,3,0.333,5,5,1.0,2,5,7,0,0,3,0,2,20
2022-11-19_sacramento_st_uc_santa_barbara,UC Santa Barbara,10,"Choice, Anya",True,34,4,12,0.333,1,3,0.333,3,4,0.75,0,2,2,2,3,3,1,0,12
2022-11-19_sacramento_st_uc_santa_barbara,UC Santa Barbara,03,"Marin, Alyssa",True,38,4,7,0.571,2,3,0.667,1,2,0.5,0,2,2,1,7,5,1,1,11
2022-11-19_sacramento_st_uc_santa_barbara,UC Santa Barbara,12,"Mole, Taylor",True,29,3,4,0.75,0,0,,3,4,0.75,1,2,3,0,2,3,0,1,9
2022-11-19_sacramento_st_uc_santa_barbara,UC Santa Barbara,31,"Lane, Ila",True,39,4,7,0.571,0,0,,0,0,,5,7,12,2,0,2,0,2,8
2022-11-19_sacramento_st_uc_santa_barbara,UC Santa Barbara,21,"Johnson, Kennedy",False,17,2,6,0.333,0,2,0.0,0,0,,0,2,2,2,0,0,0,0,4
2022-11-19_sacramento_st_uc_santa_barbara,UC Santa Barbara,23,"Whitfield, Alexis",False,10,2,4,0.5,0,0,,0,0,,0,1,1,0,0,1,0,1,4
2022-11-19_sacramento_st_uc_santa_barbara,UC Santa Barbara,05,"Cooper, Callie",False,16,0,1,0.0,0,0,,0,0,,0,2,2,1,2,1,0,0,0
2022-11-19_sacramento_st_uc_santa_barbara,UC Santa Barbara,13,"Modawar, Tatyana",False,6,0,0,,0,0,,0,0,,0,0,0,0,0,0,0,0,0
2022-11-19_sacramento_st_uc_santa_barbara,UC Santa Barbara,TM,TEAM,False,0,0,0,,0,0,,0,0,,3,1,4,0,0,2,0,0,0
2022-11-19_sacramento_st_uc_santa_barbara,Sacramento St.,00,"Dean, Kahlaijah",True,43,11,20,0.55,4,7,0.571,1,2,0.5,2,1,3,1,5,3,1,2,27
2022-11-19_sacramento_st_uc_santa_barbara,Sacramento St.,21,"Randhawa, Kaylin",True,39,6,16,0.375,5,11,0.455,0,0,,0,3,3,2,2,4,0,1,17
2022-11-19_sacramento_st_uc_santa_barbara,Sacramento St.,24,"Natabou, Isnelle",True,43,4,6,0.667,0,0,,2,2,1.0,1,6,7,4,2,3,0,2,10
2022-11-19_sacramento_st_uc_santa_barbara,Sacramento St.,01,"Versteeg, Benthe",True,34,2,7,0.286,1,4,0.25,0,0,,0,1,1,4,2,3,0,3,5
2022-11-19_sacramento_st_uc_santa_barbara,Sacramento St.,20,"Peneueta, Katie",True,45,1,3,0.333,1,3,0.333,0,0,,0,3,3,4,0,0,2,3,3
2022-11-19_sacramento_st_uc_santa_barbara,Sacramento St.,10,"Butcher, Madison",False,15,2,3,0.667,1,2,0.5,0,0,,2,1,3,1,0,3,0,1,5
2022-11-19_sacramento_st_uc_santa_barbara,Sacramento St.,23,"Olivares, Jordan",False,4,1,2,0.5,1,2,0.5,0,0,,0,1,1,1,0,0,0,0,3
2022-11-19_sacramento_st_uc_santa_barbara,Sacramento St.,33,"Hedman, Erin",False,2,0,0,,0,0,,0,0,,0,0,0,0,1,0,0,0,0
2022-11-19_sacramento_st_uc_santa_barbara,Sacramento St.,TM,TEAM,False,0,0,0,,0,0,,0,0,,1,2,3,0,0,1,0,0,0
2022-11-19_csun_san_jose_st,San Jose St.,5,"Richards, Sidney",True,33,5,11,0.455,4,8,0.5,0,0,,0,1,1,1,2,3,0,3,14
2022-11-19_csun_san_jose_st,San Jose St.,4,"Holland, Jada",True,34,5,13,0.385,2,6,0.333,1,4,0.25,1,2,3,2,6,5,0,5,13
2022-11-19_csun_san_jose_st,San Jose St.,24,"Moreland, Amhyia",True,21,3,8,0.375,0,0,,3,4,0.75,2,6,8,4,0,2,1,1,9
2022-11-19_csun_san_jose_st,San Jose St.,11,"Davis-jones, Marisa",True,33,1,9,0.111,1,3,0.333,1,2,0.5,5,4,9,3,1,1,0,1,4
2022-11-19_csun_san_jose_st,San Jose St.,12,"Singleton, Jasmine",True,20,0,3,0.0,0,2,0.0,0,0,,2,1,3,1,0,1,1,3,0
2022-11-19_csun_san_jose_st,San Jose St.,00,"Nichols, Aarion",False,19,2,7,0.286,0,1,0.0,1,1,1.0,1,1,2,1,0,2,0,1,5
2022-11-19_csun_san_jose_st,San Jose St.,30,"Ma, Sabrina",False,15,1,9,0.111,1,8,0.125,0,0,,0,3,3,0,0,2,0,0,3
2022-11-19_csun_san_jose_st,San Jose St.,3,"Nicholas, Nailea",False,23,0,1,0.0,0,1,0.0,0,0,,1,4,5,0,1,1,0,0,0
2022-11-19_csun_san_jose_st,San Jose St.,32,"Fluker, Alani",False,2,0,0,,0,0,,0,0,,0,0,0,0,0,0,0,0,0
2022-11-19_csun_san_jose_st,San Jose St.,TM,TEAM,False,0,0,0,,0,0,,0,0,,1,2,3,0,0,0,0,0,0
2022-11-19_csun_san_jose_st,CSUN,5,"Duchemin, Michelle",True,25,2,6,0.333,1,3,0.333,4,4,1.0,1,6,7,0,0,1,0,2,9
2022-11-19_csun_san_jose_st,CSUN,1,"Jackson, Jordyn",True,24,3,8,0.375,1,3,0.333,0,0,,0,3,3,1,4,4,0,5,7
2022-11-19_csun_san_jose_st,CSUN,15,"Amundsen, Tess",True,25,3,6,0.5,0,1,0.0,0,0,,0,4,4,1,1,1,1,1,6
2022-11-19_csun_san_jose_st,CSUN,21,"Tu'ua, Anaiyah",True,31,1,3,0.333,0,1,0.0,1,2,0.5,0,4,4,4,1,4,0,3,3
2022-11-19_csun_san_jose_st,CSUN,34,"Spriggs, Kayanna",True,21,1,1,1.0,0,0,,1,6,0.167,2,1,3,5,0,1,1,1,3
2022-11-19_csun_san_jose_st,CSUN,24,"Smith, Macy",False,14,2,7,0.286,2,4,0.5,0,0,,0,1,1,0,1,0,0,1,6
2022-11-19_csun_san_jose_st,CSUN,4,"Harvey, Rachel",False,14,2,6,0.333,0,0,,0,0,,0,2,2,1,1,0,0,0,4
2022-11-19_csun_san_jose_st,CSUN,10,"de Jesus , Ana Carolina",False,9,1,3,0.333,0,0,,0,0,,1,1,2,1,0,5,0,0,2
2022-11-19_csun_san_jose_st,CSUN,11,"Smith, Olivia",False,8,1,2,0.5,0,1,0.0,0,0,,0,4,4,0,0,1,1,0,2
2022-11-19_csun_san_jose_st,CSUN,13,"Fourie, Rochelle",False,10,0,0,,0,0,,0,0,,2,0,2,1,1,3,1,1,0
2022-11-19_csun_san_jose_st,CSUN,00,"Williams, De’jah",False,9,0,1,0.0,0,0,,0,0,,1,1,2,2,0,2,1,0,0
2022-11-19_csun_san_jose_st,CSUN,45,"Nikishina , Arina",False,5,0,0,,0,0,,0,0,,0,3,3,0,0,0,0,0,0
2022-11-19_csun_san_jose_st,CSUN,3,"Givens , Cheyenne",False,3,0,1,0.0,0,0,,0,0,,0,0,0,1,0,1,0,0,0
2022-11-19_csun_san_jose_st,CSUN,25,"Amundsen, Laney",False,2,0,1,0.0,0,1,0.0,0,0,,0,1,1,0,0,0,0,0,0
2022-11-19_csun_san_jose_st,CSUN,TM,TEAM,False,0,0,0,,0,0,,0,0,,1,2,3,0,0,4,0,0,0
2022-11-19_uc_riverside_pepperdine,Pepperdine,12,"Walls, Marly",True,38,4,7,0.571,0,0,,5,6,0.833,2,3,5,3,6,4,0,2,13
2022-11-19_uc_riverside_pepperdine,Pepperdine,13,"Amosa, Meaali'i",True,32,4,6,0.667,1,2,0.5,4,6,0.667,0,7,7,2,1,1,0,2,13
2022-11-19_uc_riverside_pepperdine,Pepperdine,24,"Stedman, Ally",True,36,5,13,0.385,1,6,0.167,1,2,0.5,1,1,2,3,5,3,0,3,12
2022-11-19_uc_riverside_pepperdine,Pepperdine,00,"Mbanefo, Theresa Grace",True,12,3,3,1.0,0,0,,2,2,1.0,0,1,1,4,1,3,0,0,8
2022-11-19_uc_riverside_pepperdine,Pepperdine,10,"Nwaba, Jane",True,35,2,5,0.4,0,1,0.0,1,2,0.5,1,2,3,2,2,4,0,0,5
2022-11-19_uc_riverside_pepperdine,Pepperdine,11,"Friend, Helena",False,21,3,4,0.75,2,3,0.667,4,4,1.0,1,2,3,1,0,0,0,2,12
2022-11-19_uc_riverside_pepperdine,Pepperdine,15,"Obinma, Becky",False,16,1,2,0.5,0,0,,2,2,1.0,0,5,5,4,0,4,1,1,4
2022-11-19_uc_riverside_pepperdine,Pepperdine,33,"Brodie, Kyrah",False,6,0,0,,0,0,,0,2,0.0,0,0,0,1,0,2,0,0,0
2022-11-19_uc_riverside_pepperdine,Pepperdine,3,"Brumfield, Drea",False,3,0,0,,0,0,,0,0,,0,1,1,0,0,0,0,0,0
2022-11-19_uc_riverside_pepperdine,Pepperdine,4,"Odebunmi, Rosemary",False,1,0,0,,0,0,,0,0,,0,0,0,1,0,1,0,0,0
2022-11-19_uc_riverside_pepperdine,Pepperdine,TM,TEAM,False,0,0,0,,0,0,,0,0,,2,0,2,0,0,1,0,0,0
2022-11-19_uc_riverside_pepperdine,UC Riverside,22,"Atchley, Paris",True,38,6,11,0.545,2,5,0.4,0,0,,0,0,0,3,5,4,0,0,14
2022-11-19_uc_riverside_pepperdine,UC Riverside,32,"Webster, Jordan",True,29,6,12,0.5,2,7,0.286,0,2,0.0,0,3,3,3,3,2,0,2,14
2022-11-19_uc_riverside_pepperdine,UC Riverside,1,"Bryant, Matehya",True,15,2,5,0.4,0,0,,0,1,0.0,0,0,0,0,0,1,0,0,4
2022-11-19_uc_riverside_pepperdine,UC Riverside,23,"Aikins, India",True,11,1,3,0.333,0,0,,0,0,,1,0,1,2,1,2,0,0,2
2022-11-19_uc_riverside_pepperdine,UC Riverside,4,"Marshall, Jordyn",True,1,0,1,0.0,0,1,0.0,0,0,,0,0,0,0,0,0,0,0,0
2022-11-19_uc_riverside_pepperdine,UC Riverside,15,"Blount, Anna",False,26,4,9,0.444,0,0,,6,7,0.857,2,2,4,4,0,0,0,0,14
2022-11-19_uc_riverside_pepperdine,UC Riverside,30,"Morse, Rose",False,24,1,2,0.5,1,2,0.5,2,2,1.0,0,2,2,3,0,6,0,1,5
2022-11-19_uc_riverside_pepperdine,UC Riverside,10,"Stenberg, Julia",False,16,1,3,0.333,1,2,0.5,0,0,,0,0,0,2,1,0,0,0,3
2022-11-19_uc_riverside_pepperdine,UC Riverside,3,"Tillery, Zoe",False,5,1,1,1.0,0,0,,0,0,,0,0,0,0,0,0,0,0,2
2022-11-19_uc_riverside_pepperdine,UC Riverside,13,"Finau, Mele",False,15,0,2,0.0,0,2,0.0,0,0,,0,2,2,0,3,3,1,0,0
2022-11-19_uc_riverside_pepperdine,UC Riverside,14,"Hansson, Hanna",False,13,0,0,,0,0,,0,0,,0,0,0,3,0,0,0,1,0
2022-11-19_uc_riverside_pepperdine,UC Riverside,11,"Matarranz, Esther",False,7,0,1,0.0,0,0,,0,0,,2,0,2,1,1,1,0,1,0
2022-11-19_uc_riverside_pepperdine,UC Riverside,TM,TEAM,False,0,0,0,,0,0,,0,0,,0,1,1,0,0,3,0,0,0
2022-11-20_hawaii_lipscomb,Lipscomb,05,"Sorrentino, Aleah",True,41,7,14,0.5,0,0,,7,11,0.636,2,8,10,2,0,2,0,0,21
2022-11-20_hawaii_lipscomb,Lipscomb,21,"Vinson, Bella",True,42,8,13,0.615,3,6,0.5,1,2,0.5,2,6,8,1,0,4,0,1,20
2022-11-20_hawaii_lipscomb,Lipscomb,23,"Holcomb, Jalyn",True,41,4,11,0.364,1,6,0.167,3,4,0.75,0,2,2,2,4,0,0,6,12
2022-11-20_hawaii_lipscomb,Lipscomb,15,"Pearson, Blythe",True,30,3,6,0.5,2,3,0.667,0,0,,0,7,7,1,2,2,0,1,8
2022-11-20_hawaii_lipscomb,Lipscomb,14,"Cea, Ainhoa",True,17,0,1,0.0,0,1,0.0,0,0,,0,0,0,2,5,1,0,0,0
2022-11-20_hawaii_lipscomb,Lipscomb,20,"McGowan, Claira",False,38,4,7,0.571,0,1,0.0,1,2,0.5,1,2,3,2,0,1,0,0,9
2022-11-20_hawaii_lipscomb,Lipscomb,03,"Heard, Molly",False,9,1,4,0.25,1,3,0.333,0,0,,0,1,1,0,0,0,0,0,3
2022-11-20_hawaii_lipscomb,Lipscomb,33,"Saleh, Diana",False,5,0,0,,0,0,,0,0,,0,1,1,0,0,0,0,0,0
2022-11-20_hawaii_lipscomb,Lipscomb,32,"Bowen, Taylor",False,2,0,0,,0,0,,0,0,,0,0,0,0,0,0,0,0,0
2022-11-20_hawaii_lipscomb,Lipscomb,TM,TEAM,False,0,0,0,,0,0,,0,0,,3,3,6,0,0,1,0,0,0
2022-11-20_hawaii_lipscomb,Hawaii,03,"Wahinekapu, Lily",True,37,7,20,0.35,3,9,0.333,1,2,0.5,0,1,1,3,4,2,0,0,18
2022-11-20_hawaii_lipscomb,Hawaii,15,"Phillips, Daejah",True,29,5,8,0.625,2,5,0.4,0,0,,2,2,4,4,2,1,0,3,12
2022-11-20_hawaii_lipscomb,Hawaii,11,"Spiller, Kallin",True,19,2,6,0.333,1,3,0.333,2,2,1.0,3,9,12,3,0,0,3,0,7
2022-11-20_hawaii_lipscomb,Hawaii,02,"Thoms, Ashley",True,18,1,5,0.2,0,3,0.0,0,0,,2,1,3,1,0,2,0,0,2
2022-11-20_hawaii_lipscomb,Hawaii,00,"Watkins, Avery",True,12,0,2,0.0,0,1,0.0,0,0,,0,0,0,0,1,0,0,0,0
2022-11-20_hawaii_lipscomb,Hawaii,23,"McBee, MeiLani",False,19,3,5,0.6,3,5,0.6,0,0,,0,2,2,1,2,0,0,0,9
2022-11-20_hawaii_lipscomb,Hawaii,04,"Lefotu, Jovi",False,25,3,6,0.5,1,2,0.5,0,0,,0,4,4,2,1,0,1,1,7
2022-11-20_hawaii_lipscomb,Hawaii,12,"Perez, Imani",False,15,2,4,0.5,0,1,0.0,1,2,0.5,2,1,3,0,1,0,0,1,5
2022-11-20_hawaii_lipscomb,Hawaii,01,"Imai, Kelsie",False,22,1,4,0.25,0,2,0.0,2,3,0.667,2,0,2,0,3,1,0,0,4
2022-11-20_hawaii_lipscomb,Hawaii,34,"David, Jacque",False,11,1,2,0.5,1,2,0.5,0,0,,0,2,2,0,2,1,0,0,3
2022-11-20_hawaii_lipscomb,Hawaii,14,"Orji, Nnenna",False,17,1,6,0.167,0,2,0.0,0,0,,0,2,2,3,0,1,0,0,2
2022-11-20_hawaii_lipscomb,Hawaii,10,"Jefferson, Meg",False,1,0,0,,0,0,,0,0,,0,0,0,0,0,0,0,0,0
2022-11-20_hawaii_lipscomb,Hawaii,TM,TEAM,False,0,0,0,,0,0,,0,0,,0,1,1,0,0,0,0,0,0
2022-11-20_uc_san_diego_portland,Portland,12,"Fowler, Alex",True,30,2,5,0.4,0,1,0.0,12,16,0.75,2,2,4,4,3,4,0,1,16
2022-11-20_uc_san_diego_portland,Portland,32,"Lenzie, Kelsey",True,17,4,10,0.4,3,8,0.375,0,0,,0,1,1,4,0,4,0,0,11
2022-11-20_uc_san_diego_portland,Portland,24,"Burnham, Maisie",True,17,2,5,0.4,1,1,1.0,3,3,1.0,1,1,2,1,0,4,0,2,8
2022-11-20_uc_san_diego_portland,Portland,30,"Cochrane, Lucy",True,23,3,7,0.429,0,0,,0,0,,1,4,5,0,1,2,2,0,6
2022-11-20_uc_san_diego_portland,Portland,02,"Frawley, Keeley",True,20,0,2,0.0,0,2,0.0,0,0,,4,3,7,1,0,1,0,0,0
2022-11-20_uc_san_diego_portland,Portland,01,"Meek, McKelle",False,22,3,8,0.375,3,5,0.6,2,4,0.5,1,1,2,2,2,3,0,0,11
2022-11-20_uc_san_diego_portland,Portland,22,"Bruno, MJ",False,22,4,5,0.8,3,3,1.0,0,0,,2,2,4,4,2,0,0,1,11
2022-11-20_uc_san_diego_portland,Portland,05,"Shearer, Emme",False,24,3,7,0.429,1,3,0.333,0,0,,2,6,8,4,2,0,0,1,7
2022-11-20_uc_san_diego_portland,Portland,23,"Kaitu'u, Liana",False,18,1,6,0.167,0,2,0.0,2,7,0.286,1,2,3,1,1,1,1,2,4
2022-11-20_uc_san_diego_portland,Portland,21,"Sewell, Emily",False,5,1,2,0.5,0,0,,0,0,,0,0,0,0,0,0,0,0,2
2022-11-20_uc_san_diego_portland,Portland,04,"Samia, Melika",False,2,0,1,0.0,0,1,0.0,0,0,,0,0,0,1,1,0,0,0,0
2022-11-20_uc_san_diego_portland,Portland,TM,TEAM,False,0,0,0,,0,0,,0,0,,3,2,5,0,0,0,0,0,0
2022-11-20_uc_san_diego_portland,UC San Diego,04,"Cangelosi, Emily",True,32,8,17,0.471,7,12,0.583,2,2,1.0,1,2,3,3,2,2,0,1,25
2022-11-20_uc_san_diego_portland,UC San Diego,13,"Brown, Sydney",True,38,9,14,0.643,0,2,0.0,3,4,0.75,4,7,11,3,2,3,1,4,21
2022-11-20_uc_san_diego_portland,UC San Diego,10,"Macabuhay, Julia",True,24,3,9,0.333,2,6,0.333,5,6,0.833,0,0,0,3,7,2,1,0,13
2022-11-20_uc_san_diego_portland,UC San Diego,24,"Mullings, Bridget",True,22,4,7,0.571,0,0,,0,0,,1,3,4,4,0,1,1,1,8
2022-11-20_uc_san_diego_portland,UC San Diego,12,"Baxter, Madison",True,11,0,1,0.0,0,1,0.0,0,0,,0,0,0,3,2,0,0,1,0
2022-11-20_uc_san_diego_portland,UC San Diego,32,"Montgomery, Parker",False,37,3,8,0.375,3,5,0.6,0,0,,0,5,5,1,3,2,1,2,9
2022-11-20_uc_san_diego_portland,UC San Diego,20,"Forsyth, Izzy",False,17,3,4,0.75,0,0,,1,3,0.333,0,4,4,5,2,3,1,0,7
2022-11-20_uc_san_diego_portland,UC San Diego,02,"Talbot, Grace",False,16,0,0,,0,0,,2,4,0.5,0,1,1,1,4,1,0,1,2
2022-11-20_uc_san_diego_portland,UC San Diego,35,"Springs, Katie",False,3,0,0,,0,0,,0,0,,0,0,0,1,0,0,0,0,0
2022-11-20_uc_san_diego_portland,UC San Diego,TM,TEAM,False,0,0,0,,0,0,,0,0,,2,3,5,0,0,0,0,0,0
2022-11-20_arizona_long_beach_st,Long Beach St.,1,"Bambrick, Malia",True,36,5,10,0.5,3,3,1.0,1,2,0.5,0,1,1,1,3,0,0,3,14
2022-11-20_arizona_long_beach_st,Long Beach St.,12,"Harris , Tori",True,30,6,9,0.667,0,1,0.0,0,0,,0,3,3,5,3,2,0,0,12
2022-11-20_arizona_long_beach_st,Long Beach St.,00,"Berry, Ma'qhi",True,36,4,10,0.4,0,1,0.0,1,1,1.0,0,4,4,3,3,8,2,3,9
2022-11-20_arizona_long_beach_st,Long Beach St.,25,"Hamilton-fisher, Kianna",True,23,3,10,0.3,3,4,0.75,0,0,,1,2,3,3,1,2,1,2,9
2022-11-20_arizona_long_beach_st,Long Beach St.,11,"Jeskeova, Kristyna",True,27,1,4,0.25,0,2,0.0,0,0,,0,4,4,3,1,4,1,1,2
2022-11-20_arizona_long_beach_st,Long Beach St.,33,"Murphy, Courtney",False,15,3,5,0.6,3,4,0.75,0,0,,1,0,1,1,2,1,0,0,9
2022-11-20_arizona_long_beach_st,Long Beach St.,3,"Chung, Patricia",False,11,0,1,0.0,0,0,,5,8,0.625,0,0,0,2,1,1,0,0,5
2022-11-20_arizona_long_beach_st,Long Beach St.,2,"Tucker, Savannah",False,9,2,2,1.0,0,0,,0,0,,0,1,1,0,0,0,0,0,4
2022-11-20_arizona_long_beach_st,Long Beach St.,23,"Green, Lauren",False,10,0,0,,0,0,,0,0,,0,2,2,2,0,2,0,0,0
2022-11-20_arizona_long_beach_st,Long Beach St.,5,"Ka, Kennan",False,2,0,1,0.0,0,0,,0,0,,0,0,0,0,0,0,0,0,0
2022-11-20_arizona_long_beach_st,Long Beach St.,21,"Shoff, Abby",False,1,0,0,,0,0,,0,0,,0,0,0,0,0,0,0,0,0
2022-11-20_arizona_long_beach_st,Long Beach St.,TM,TEAM,False,0,0,0,,0,0,,0,0,,2,0,2,0,0,0,0,0,0
2022-11-20_arizona_long_beach_st,Arizona,12,"Martinez, Esmery",True,33,7,9,0.778,3,3,1.0,2,6,0.333,2,7,9,2,3,3,1,0,19
2022-11-20_arizona_long_beach_st,Arizona,30,"Loville, Jade",True,32,7,17,0.412,3,9,0.333,1,4,0.25,3,1,4,2,0,3,0,0,18
2022-11-20_arizona_long_beach_st,Arizona,1,"Pellington, Shaina",True,33,5,10,0.5,0,2,0.0,5,5,1.0,2,4,6,2,4,3,2,2,15
2022-11-20_arizona_long_beach_st,Arizona,25,"Reese, Cate",True,29,5,11,0.455,1,1,1.0,3,3,1.0,3,6,9,1,3,0,0,0,14
2022-11-20_arizona_long_beach_st,Arizona,23,"Fields, Lauren",True,31,3,8,0.375,1,3,0.333,3,7,0.429,0,2,2,2,3,3,0,3,10
2022-11-20_arizona_long_beach_st,Arizona,13,"Pueyo, Helena",False,20,1,1,1.0,1,1,1.0,0,0,,0,1,1,0,4,2,0,1,3
2022-11-20_arizona_long_beach_st,Arizona,4,"Conner, Madison",False,6,1,2,0.5,1,2,0.5,0,0,,0,0,0,0,1,2,0,0,3
2022-11-20_arizona_long_beach_st,Arizona,34,"Nnaji, Maya",False,8,1,1,1.0,0,0,,0,0,,1,2,3,1,1,3,0,0,2
2022-11-20_arizona_long_beach_st,Arizona,15,"Gilbert, Kailyn",False,7,1,2,0.5,0,1,0.0,0,0,,0,1,1,2,2,1,0,2,2
2022-11-20_arizona_long_beach_st,Arizona,10,"Hylton, Lemyah",False,1,0,0,,0,0,,0,0,,0,0,0,1,0,0,0,0,0
2022-11-20_arizona_long_beach_st,Arizona,TM,TEAM,False,0,0,0,,0,0,,0,0,,6,2,8,0,0,0,0,0,0
2022-11-20_george_washington_cal_st_fullerton,Cal St. Fullerton,05,"Jovanovic, Una",True,38,8,13,0.615,2,3,0.667,3,3,1.0,0,5,5,3,6,2,0,0,21
2022-11-20_george_washington_cal_st_fullerton,Cal St. Fullerton,55,"Nimmo, Fujika",True,27,4,8,0.5,1,2,0.5,6,11,0.545,0,1,1,3,2,1,1,2,15
2022-11-20_george_washington_cal_st_fullerton,Cal St. Fullerton,04,"Vidmar, Gabi",True,38,5,9,0.556,2,4,0.5,0,0,,0,6,6,2,4,2,1,6,12
2022-11-20_george_washington_cal_st_fullerton,Cal St. Fullerton,24,"Neff, Kathryn",True,38,3,4,0.75,3,4,0.75,0,0,,0,1,1,2,2,4,1,2,9
2022-11-20_george_washington_cal_st_fullerton,Cal St. Fullerton,32,"Lewis, Ashlee",True,25,4,8,0.5,0,0,,0,2,0.0,0,5,5,4,0,6,0,0,8
2022-11-20_george_washington_cal_st_fullerton,Cal St. Fullerton,21,"Tse, Allysan",False,14,2,3,0.667,1,2,0.5,0,0,,0,3,3,0,2,1,0,0,5
2022-11-20_george_washington_cal_st_fullerton,Cal St. Fullerton,01,Nancy Panagiotopoulo,False,9,0,1,0.0,0,0,,0,0,,1,1,2,1,0,0,0,0,0
2022-11-20_george_washington_cal_st_fullerton,Cal St. Fullerton,11,"MacDonald, Ruby",False,5,0,0,,0,0,,0,0,,0,0,0,1,0,1,0,0,0
2022-11-20_george_washington_cal_st_fullerton,Cal St. Fullerton,10,"Lagway, Demonnie",False,4,0,0,,0,0,,0,0,,0,0,0,1,0,0,0,0,0
2022-11-20_george_washington_cal_st_fullerton,Cal St. Fullerton,00,"Frey, Anniken",False,2,0,0,,0,0,,0,0,,0,0,0,1,0,0,0,0,0
2022-11-20_george_washington_cal_st_fullerton,Cal St. Fullerton,TM,TEAM,False,0,0,0,,0,0,,0,0,,1,2,3,0,0,1,0,0,0
2022-11-20_george_washington_cal_st_fullerton,George Washington,21,Mia Lakstigala,True,35,6,15,0.4,4,8,0.5,2,2,1.0,1,2,3,4,2,4,0,1,18
2022-11-20_george_washington_cal_st_fullerton,George Washington,31,Mayowa Taiwo,True,24,3,7,0.429,0,0,,4,6,0.667,3,4,7,4,1,1,0,1,10
2022-11-20_george_washington_cal_st_fullerton,George Washington,24,Asjah Innis,True,23,1,3,0.333,1,1,1.0,3,4,0.75,2,1,3,3,3,4,0,2,6
2022-11-20_george_washington_cal_st_fullerton,George Washington,32,Essence Brown,True,32,1,4,0.25,0,1,0.0,2,2,1.0,1,0,1,5,3,1,1,1,4
2022-11-20_george_washington_cal_st_fullerton,George Washington,15,Taylor Webster,True,22,1,5,0.2,0,2,0.0,0,0,,2,4,6,1,0,0,0,0,2
2022-11-20_george_washington_cal_st_fullerton,George Washington,02,Nya Robertson,False,22,4,9,0.444,0,2,0.0,2,2,1.0,1,0,1,0,1,5,0,0,10
2022-11-20_george_washington_cal_st_fullerton,George Washington,11,Jayla Thornton,False,20,3,11,0.273,3,6,0.5,0,0,,1,4,5,1,0,0,1,0,9
2022-11-20_george_washington_cal_st_fullerton,George Washington,23,Faith Blethen,False,15,1,1,1.0,1,1,1.0,2,2,1.0,0,1,1,0,0,0,0,1,5
2022-11-20_george_washington_cal_st_fullerton,George Washington,13,Caia Loving,False,7,0,3,0.0,0,0,,0,0,,1,1,2,0,0,1,0,0,0
2022-11-20_george_washington_cal_st_fullerton,George Washington,TM,TEAM,False,0,0,0,,0,0,,0,0,,2,2,4,0,0,0,0,0,0
2022-11-20_unlv_csu_bakersfield,CSU Bakersfield,05,"Tougas, Sophia",True,25,4,11,0.364,4,7,0.571,1,1,1.0,0,4,4,1,0,1,1,0,13
2022-11-20_unlv_csu_bakersfield,CSU Bakersfield,04,"Hunter, Grace",True,5,2,2,1.0,0,0,,1,2,0.5,0,1,1,1,0,0,0,0,5
2022-11-20_unlv_csu_bakersfield,CSU Bakersfield,10,"Brown, Shaunae",True,26,1,7,0.143,1,7,0.143,0,0,,0,1,1,1,3,0,0,0,3
2022-11-20_unlv_csu_bakersfield,CSU Bakersfield,32,"Freeman, Garrisen",True,35,0,3,0.0,0,0,,2,2,1.0,1,0,1,2,2,5,0,0,2
2022-11-20_unlv_csu_bakersfield,CSU Bakersfield,13,"Herrera, Soli",True,20,0,0,,0,0,,1,2,0.5,0,6,6,3,0,2,3,0,1
2022-11-20_unlv_csu_bakersfield,CSU Bakersfield,15,"Morris, Kayla",False,24,4,8,0.5,1,1,1.0,1,2,0.5,2,6,8,1,0,5,3,1,10
2022-11-20_unlv_csu_bakersfield,CSU Bakersfield,00,"Johnson, Simone",False,23,1,6,0.167,0,3,0.0,2,2,1.0,0,0,0,2,2,1,0,1,4
2022-11-20_unlv_csu_bakersfield,CSU Bakersfield,14,"Ortiz, Nseije",False,14,2,3,0.667,0,0,,0,0,,0,0,0,3,0,1,0,1,4
2022-11-20_unlv_csu_bakersfield,CSU Bakersfield,02,"Edwards, Morgan",False,15,0,2,0.0,0,1,0.0,0,0,,1,1,2,0,0,1,0,0,0
2022-11-20_unlv_csu_bakersfield,CSU Bakersfield,33,"Riley, Julia",False,13,0,7,0.0,0,3,0.0,0,0,,2,2,4,1,0,0,1,0,0
2022-11-20_unlv_csu_bakersfield,CSU Bakersfield,TM,TEAM,False,0,0,0,,0,0,,0,0,,3,1,4,0,0,2,0,0,0
2022-11-20_unlv_csu_bakersfield,UNLV,23,"Young, Desi-Rae",True,30,7,10,0.7,0,0,,4,4,1.0,3,8,11,2,5,2,0,2,18
2022-11-20_unlv_csu_bakersfield,UNLV,24,"Booker, Essence",True,28,4,16,0.25,0,5,0.0,3,7,0.429,2,2,4,0,1,0,0,0,11
2022-11-20_unlv_csu_bakersfield,UNLV,12,"Durazo-Frescas, Alyssa",True,9,2,3,0.667,1,1,1.0,0,0,,0,1,1,2,0,1,0,1,5
2022-11-20_unlv_csu_bakersfield,UNLV,11,"Ethridge, Justice",True,20,1,6,0.167,1,5,0.2,0,0,,2,1,3,0,1,1,0,0,3
2022-11-20_unlv_csu_bakersfield,UNLV,01,"Obiazor, Nneka",True,16,1,6,0.167,0,1,0.0,0,0,,2,4,6,1,3,0,1,1,2
2022-11-20_unlv_csu_bakersfield,UNLV,03,"Jackson, Kiara",False,26,4,10,0.4,1,3,0.333,0,0,,0,0,0,2,3,0,0,1,9
2022-11-20_unlv_csu_bakersfield,UNLV,44,"Brown, Alyssa",False,22,3,6,0.5,1,1,1.0,2,2,1.0,4,0,4,1,0,1,2,0,9
2022-11-20_unlv_csu_bakersfield,UNLV,02,"Winfrey, Kenadee",False,23,2,9,0.222,1,7,0.143,2,2,1.0,5,4,9,0,1,0,0,3,7
2022-11-20_unlv_csu_bakersfield,UNLV,00,"Scoggin, Ashley",False,7,2,3,0.667,2,3,0.667,0,0,,0,1,1,0,1,0,0,1,6
2022-11-20_unlv_csu_bakersfield,UNLV,10,"Lott, Jasmyn",False,7,0,2,0.0,0,1,0.0,2,2,1.0,1,0,1,0,0,0,0,1,2
2022-11-20_unlv_csu_bakersfield,UNLV,15,"Wilfred, Keyana",False,7,1,2,0.5,0,0,,0,0,,0,3,3,2,0,1,1,0,2
2022-11-20_unlv_csu_bakersfield,UNLV,31,"Collins, Erica",False,5,0,0,,0,0,,0,0,,1,0,1,0,0,0,0,0,0
2022-11-20_unlv_csu_bakersfield,UNLV,TM,TEAM,False,0,0,0,,0,0,,0,0,,5,4,9,0,0,1,0,0,0
2022-11-22_uc_davis_sacramento_st,Sacramento St.,01,"Versteeg, Benthe",True,32,5,10,0.5,1,2,0.5,2,2,1.0,1,2,3,5,3,2,2,1,13
2022-11-22_uc_davis_sacramento_st,Sacramento St.,24,"Natabou, Isnelle",True,31,4,8,0.5,0,0,,5,10,0.5,5,9,14,4,0,4,2,1,13
2022-11-22_uc_davis_sacramento_st,Sacramento St.,00,"Dean, Kahlaijah",True,35,5,10,0.5,0,2,0.0,2,3,0.667,0,11,11,3,4,8,0,2,12
2022-11-22_uc_davis_sacramento_st,Sacramento St.,20,"Peneueta, Katie",True,34,3,4,0.75,2,3,0.667,0,0,,0,3,3,1,4,0,1,0,8
2022-11-22_uc_davis_sacramento_st,Sacramento St.,21,"Randhawa, Kaylin",True,27,2,6,0.333,0,2,0.0,4,4,1.0,2,3,5,3,0,5,0,2,8
2022-11-22_uc_davis_sacramento_st,Sacramento St.,10,"Butcher, Madison",False,18,3,5,0.6,1,2,0.5,0,1,0.0,0,1,1,3,0,0,0,1,7
2022-11-22_uc_davis_sacramento_st,Sacramento St.,33,"Hedman, Erin",False,9,1,1,1.0,1,1,1.0,0,0,,0,1,1,1,0,0,0,0,3
2022-11-22_uc_davis_sacramento_st,Sacramento St.,02,"Edge, Kaylie",False,2,1,1,1.0,1,1,1.0,0,0,,0,0,0,0,0,0,0,0,3
2022-11-22_uc_davis_sacramento_st,Sacramento St.,03,"Amusan, Solape",False,6,0,1,0.0,0,1,0.0,0,0,,0,2,2,1,0,0,0,1,0
2022-11-22_uc_davis_sacramento_st,Sacramento St.,23,"Olivares, Jordan",False,6,0,1,0.0,0,1,0.0,0,0,,0,1,1,2,1,1,0,0,0
2022-11-22_uc_davis_sacramento_st,Sacramento St.,TM,TEAM,False,0,0,0,,0,0,,0,0,,0,1,1,0,0,1,0,0,0
2022-11-22_uc_davis_sacramento_st,UC Davis,15,"Turner, Evanne",True,36,9,19,0.474,1,6,0.167,6,7,0.857,0,3,3,2,1,1,0,3,25
2022-11-22_uc_davis_sacramento_st,UC Davis,33,"Harris, Mazatlan",True,29,2,4,0.5,0,1,0.0,0,0,,0,3,3,2,0,1,0,0,4
2022-11-22_uc_davis_sacramento_st,UC Davis,25,"Norris, Megan",True,23,1,6,0.167,0,1,0.0,0,0,,4,4,8,2,0,3,0,0,2
2022-11-22_uc_davis_sacramento_st,UC Davis,01,"Sussman, Tess",True,22,1,5,0.2,0,1,0.0,0,2,0.0,0,1,1,3,1,1,0,3,2
2022-11-22_uc_davis_sacramento_st,UC Davis,13,"Burns, Sydney",True,26,0,5,0.0,0,1,0.0,1,2,0.5,1,2,3,3,3,4,0,4,1
2022-11-22_uc_davis_sacramento_st,UC Davis,23,"Baker, Victoria",False,14,1,6,0.167,0,1,0.0,6,7,0.857,0,0,0,3,0,2,0,1,8
2022-11-22_uc_davis_sacramento_st,UC Davis,14,"Sabel, Tova",False,14,1,6,0.167,0,3,0.0,0,2,0.0,1,0,1,2,0,1,0,0,2
2022-11-22_uc_davis_sacramento_st,UC Davis,04,"Epps, Nya",False,6,0,0,,0,0,,1,4,0.25,0,2,2,0,0,0,0,1,1
2022-11-22_uc_davis_sacramento_st,UC Davis,03,"Gray, Campbell",False,13,0,2,0.0,0,0,,0,0,,0,1,1,1,1,0,0,0,0
2022-11-22_uc_davis_sacramento_st,UC Davis,02,"Jones, Megan",False,11,0,1,0.0,0,0,,0,0,,1,2,3,2,1,1,0,1,0
2022-11-22_uc_davis_sacramento_st,UC Davis,20,"Sanders, Makaila",False,6,0,0,,0,0,,0,0,,0,1,1,0,0,0,0,1,0
2022-11-22_uc_davis_sacramento_st,UC Davis,TM,TEAM,False,0,0,0,,0,0,,0,0,,2,0,2,0,0,0,0,0,0
2022-11-22_cal_poly_south_carolina,South Carolina,4,"Boston, Aliyah",True,21,6,9,0.667,0,0,,0,1,0.0,6,4,10,0,0,1,2,2,12
2022-11-22_cal_poly_south_carolina,South Carolina,1,"Cooke, Zia",True,20,5,12,0.417,1,5,0.2,0,0,,1,0,1,1,2,0,0,1,11
2022-11-22_cal_poly_south_carolina,South Carolina,5,"Saxton, Victaria",True,23,5,9,0.556,0,0,,0,0,,1,3,4,1,2,2,1,0,10
2022-11-22_cal_poly_south_carolina,South Carolina,41,"Fletcher, Kierra",True,18,4,5,0.8,0,0,,0,2,0.0,1,4,5,2,1,1,0,0,8
2022-11-22_cal_poly_south_carolina,South Carolina,12,"Beal, Brea",True,19,0,0,,0,0,,0,0,,0,7,7,1,5,1,4,1,0
2022-11-22_cal_poly_south_carolina,South Carolina,15,"Amihere, Laeticia",False,23,6,7,0.857,0,0,,1,3,0.333,0,4,4,3,1,2,2,2,13
2022-11-22_cal_poly_south_carolina,South Carolina,2,"Watkins, Ashlyn",False,18,5,6,0.833,0,0,,0,0,,3,8,11,2,0,2,3,0,10
2022-11-22_cal_poly_south_carolina,South Carolina,23,"Hall, Bree",False,22,2,5,0.4,1,2,0.5,1,2,0.5,1,2,3,4,0,2,0,0,6
2022-11-22_cal_poly_south_carolina,South Carolina,11,"Cooper, Talaysia",False,15,2,5,0.4,1,2,0.5,0,2,0.0,1,2,3,0,5,2,0,0,5
2022-11-22_cal_poly_south_carolina,South Carolina,25,"Johnson, Raven",False,11,1,1,1.0,0,0,,2,2,1.0,0,0,0,1,2,3,1,2,4
2022-11-22_cal_poly_south_carolina,South Carolina,00,"Thompson, Olivia",False,10,0,2,0.0,0,2,0.0,0,0,,1,0,1,0,0,0,0,0,0
2022-11-22_cal_poly_south_carolina,South Carolina,TM,TEAM,False,0,0,0,,0,0,,0,0,,2,3,5,0,0,1,0,0,0
2022-11-22_cal_poly_south_carolina,Cal Poly,2,"Shah, Annika",True,25,3,10,0.3,2,6,0.333,0,0,,0,2,2,1,2,2,1,0,8
2022-11-22_cal_poly_south_carolina,Cal Poly,5,"Anousinh, Jazzy",True,28,1,5,0.2,1,1,1.0,2,2,1.0,0,0,0,2,0,1,0,1,5
2022-11-22_cal_poly_south_carolina,Cal Poly,1,"Kovacikova, Nikola",True,26,2,12,0.167,0,4,0.0,1,2,0.5,0,5,5,1,1,1,0,0,5
2022-11-22_cal_poly_south_carolina,Cal Poly,35,"Ackerman, Natalia",True,21,1,4,0.25,0,0,,0,0,,2,1,3,1,1,0,0,1,2
2022-11-22_cal_poly_south_carolina,Cal Poly,15,"Bourland, Sydney",True,16,0,5,0.0,0,2,0.0,0,0,,1,1,2,0,0,2,0,0,0
2022-11-22_cal_poly_south_carolina,Cal Poly,33,"Willett, Maddie",False,11,2,4,0.5,2,2,1.0,0,0,,1,0,1,0,0,1,0,0,6
2022-11-22_cal_poly_south_carolina,Cal Poly,24,"Toure, Oumou",False,15,1,6,0.167,0,1,0.0,3,6,0.5,0,2,2,3,0,1,0,0,5
2022-11-22_cal_poly_south_carolina,Cal Poly,4,"Lichtie, Sierra",False,16,1,2,0.5,1,2,0.5,0,0,,0,0,0,3,0,1,0,2,3
2022-11-22_cal_poly_south_carolina,Cal Poly,30,"Garcia, Maia",False,9,1,2,0.5,0,0,,0,0,,1,1,2,3,0,0,2,0,2
2022-11-22_cal_poly_south_carolina,Cal Poly,23,"Wu, Taylor",False,12,0,8,0.0,0,4,0.0,0,0,,1,0,1,1,1,1,0,0,0
2022-11-22_cal_poly_south_carolina,Cal Poly,11,"Dickson, Junie",False,7,0,0,,0,0,,0,0,,0,0,0,1,0,1,0,0,0
2022-11-22_cal_poly_south_carolina,Cal Poly,20,"Karlin, Shannon",False,7,0,2,0.0,0,1,0.0,0,0,,0,0,0,0,0,0,0,1,0
2022-11-22_cal_poly_south_carolina,Cal Poly,21,"Stajic, Andrea",False,7,0,0,,0,0,,0,0,,0,0,0,1,0,1,0,0,0
2022-11-22_cal_poly_south_carolina,Cal Poly,TM,TEAM,False,0,0,0,,0,0,,0,0,,7,1,8,0,0,2,0,0,0
2022-11-23_uc_riverside_cal_state_la,Cal State LA,22,"Flennaugh, Nicole",True,42,3,13,0.231,2,7,0.286,0,0,,1,1,2,3,3,3,0,5,8
2022-11-23_uc_riverside_cal_state_la,Cal State LA,11,"Buggs, Lily",True,36,3,11,0.273,0,2,0.0,1,2,0.5,5,7,12,3,4,3,0,3,7
2022-11-23_uc_riverside_cal_state_la,Cal State LA,10,"Orozco, Ashley",True,21,2,6,0.333,0,1,0.0,1,2,0.5,0,2,2,1,3,2,0,0,5
2022-11-23_uc_riverside_cal_state_la,Cal State LA,14,"Johnson, Jada",True,28,1,9,0.111,0,0,,1,2,0.5,3,11,14,2,0,3,1,0,3
2022-11-23_uc_riverside_cal_state_la,Cal State LA,13,"Washington, Anai",True,11,1,5,0.2,0,0,,0,0,,1,0,1,1,1,0,0,0,2
2022-11-23_uc_riverside_cal_state_la,Cal State LA,3,"Smith, Yesenia",False,34,5,10,0.5,3,5,0.6,0,0,,0,2,2,0,1,2,0,2,13
2022-11-23_uc_riverside_cal_state_la,Cal State LA,1,"Smith, Raya",False,16,2,2,1.0,0,0,,0,0,,0,0,0,5,2,2,0,0,4
2022-11-23_uc_riverside_cal_state_la,Cal State LA,23,"Hodges, Olivia",False,11,2,5,0.4,0,0,,0,0,,6,3,9,3,1,2,0,1,4
2022-11-23_uc_riverside_cal_state_la,Cal State LA,12,"Fonongaloa, Silivia",False,6,2,6,0.333,0,0,,0,0,,0,1,1,2,0,1,0,0,4
2022-11-23_uc_riverside_cal_state_la,Cal State LA,24,"Asiasi, Nevaeh",False,20,0,6,0.0,0,1,0.0,2,4,0.5,1,2,3,2,0,1,1,1,2
2022-11-23_uc_riverside_cal_state_la,Cal State LA,TM,TEAM,False,0,0,0,,0,0,,0,0,,3,2,5,0,0,0,0,0,0
2022-11-23_uc_riverside_cal_state_la,UC Riverside,32,"Webster, Jordan",True,35,7,13,0.538,1,3,0.333,4,5,0.8,1,7,8,1,0,2,0,1,19
2022-11-23_uc_riverside_cal_state_la,UC Riverside,1,"Bryant, Matehya",True,23,4,7,0.571,0,0,,0,1,0.0,3,4,7,2,1,2,2,1,8
2022-11-23_uc_riverside_cal_state_la,UC Riverside,13,"Finau, Mele",True,37,2,9,0.222,0,2,0.0,2,2,1.0,0,3,3,1,1,6,2,2,6
2022-11-23_uc_riverside_cal_state_la,UC Riverside,22,"Atchley, Paris",True,43,1,7,0.143,0,2,0.0,2,2,1.0,0,5,5,3,1,2,0,0,4
2022-11-23_uc_riverside_cal_state_la,UC Riverside,23,"Aikins, India",True,5,0,2,0.0,0,0,,0,0,,0,1,1,1,0,2,0,0,0
2022-11-23_uc_riverside_cal_state_la,UC Riverside,15,"Blount, Anna",False,15,3,4,0.75,0,0,,5,7,0.714,0,7,7,4,0,0,1,1,11
2022-11-23_uc_riverside_cal_state_la,UC Riverside,4,"Marshall, Jordyn",False,25,2,7,0.286,0,0,,3,4,0.75,0,1,1,1,2,2,1,1,7
2022-11-23_uc_riverside_cal_state_la,UC Riverside,3,"Tillery, Zoe",False,18,1,3,0.333,1,3,0.333,0,0,,1,1,2,0,2,1,0,3,3
2022-11-23_uc_riverside_cal_state_la,UC Riverside,30,"Morse, Rose",False,11,0,0,,0,0,,0,0,,0,0,0,0,0,1,0,1,0
2022-11-23_uc_riverside_cal_state_la,UC Riverside,11,"Matarranz, Esther",False,6,0,0,,0,0,,0,0,,1,1,2,1,2,0,0,0,0
2022-11-23_uc_riverside_cal_state_la,UC Riverside,14,"Hansson, Hanna",False,5,0,1,0.0,0,0,,0,0,,0,0,0,0,1,0,1,0,0
2022-11-23_uc_riverside_cal_state_la,UC Riverside,10,"Stenberg, Julia",False,2,0,0,,0,0,,0,0,,0,0,0,0,0,1,0,0,0
2022-11-23_uc_riverside_cal_state_la,UC Riverside,TM,TEAM,False,0,0,0,,0,0,,0,0,,0,5,5,0,0,1,0,0,0
2022-11-25_hawaii_grambling,Grambling,11,"Maples, Colbi",True,29,7,12,0.583,3,5,0.6,0,0,,0,1,1,1,3,2,0,2,17
2022-11-25_hawaii_grambling,Grambling,34,"Blake, Amanda",True,23,4,7,0.571,0,0,,0,0,,0,2,2,3,0,2,0,0,8
2022-11-25_hawaii_grambling,Grambling,10,"Morrow, Leah",True,33,3,12,0.25,0,4,0.0,1,1,1.0,0,3,3,0,2,4,0,1,7
2022-11-25_hawaii_grambling,Grambling,05,"Allen, Phylicia",True,29,1,6,0.167,0,1,0.0,2,2,1.0,2,4,6,1,2,0,0,1,4
2022-11-25_hawaii_grambling,Grambling,20,"Christian, Cierra",True,13,1,3,0.333,0,0,,2,2,1.0,0,3,3,0,0,0,1,0,4
2022-11-25_hawaii_grambling,Grambling,15,"Plater, Lamonica",False,3,1,1,1.0,0,0,,2,2,1.0,1,0,1,1,0,0,0,0,4
2022-11-25_hawaii_grambling,Grambling,32,"Gardner, Tiana",False,13,1,2,0.5,0,1,0.0,1,2,0.5,1,0,1,0,0,2,0,0,3
2022-11-25_hawaii_grambling,Grambling,23,"Saxon, Miracle",False,21,0,2,0.0,0,1,0.0,0,0,,0,2,2,0,2,1,0,1,0
2022-11-25_hawaii_grambling,Grambling,12,"Jackson, Jazmyne",False,11,0,1,0.0,0,1,0.0,0,0,,0,1,1,2,0,2,0,0,0
2022-11-25_hawaii_grambling,Grambling,21,"McLaurin, Jurnee",False,11,0,0,,0,0,,0,0,,0,1,1,0,0,1,0,1,0
2022-11-25_hawaii_grambling,Grambling,13,"Chairs, Kaci",False,9,0,3,0.0,0,2,0.0,0,0,,1,1,2,1,0,2,0,0,0
2022-11-25_hawaii_grambling,Grambling,22,"Eniafe, Victoria",False,5,0,0,,0,0,,0,0,,0,0,0,1,0,0,0,1,0
2022-11-25_hawaii_grambling,Grambling,TM,TEAM,False,0,0,0,,0,0,,0,0,,0,3,3,0,0,1,0,0,0
2022-11-25_hawaii_grambling,Hawaii,15,"Phillips, Daejah",True,32,6,11,0.545,1,4,0.25,2,3,0.667,2,1,3,1,7,2,0,2,15
2022-11-25_hawaii_grambling,Hawaii,11,"Spiller, Kallin",True,20,4,6,0.667,0,1,0.0,2,2,1.0,1,9,10,1,2,2,2,1,10
2022-11-25_hawaii_grambling,Hawaii,03,"Wahinekapu, Lily",True,22,1,10,0.1,0,3,0.0,2,2,1.0,1,3,4,0,4,1,0,0,4
2022-11-25_hawaii_grambling,Hawaii,01,"Imai, Kelsie",True,27,1,4,0.25,0,0,,0,0,,0,2,2,1,1,1,0,3,2
2022-11-25_hawaii_grambling,Hawaii,00,"Watkins, Avery",True,11,0,2,0.0,0,1,0.0,0,0,,1,2,3,0,0,0,0,0,0
2022-11-25_hawaii_grambling,Hawaii,34,"David, Jacque",False,18,7,7,1.0,2,2,1.0,1,1,1.0,0,2,2,0,0,1,0,1,17
2022-11-25_hawaii_grambling,Hawaii,12,"Perez, Imani",False,17,3,4,0.75,0,0,,0,0,,0,3,3,1,0,0,1,1,6
2022-11-25_hawaii_grambling,Hawaii,23,"McBee, MeiLani",False,10,2,4,0.5,2,4,0.5,0,0,,0,1,1,0,0,1,0,1,6
2022-11-25_hawaii_grambling,Hawaii,10,"Jefferson, Meg",False,8,1,1,1.0,0,0,,0,0,,0,0,0,1,0,2,0,0,2
2022-11-25_hawaii_grambling,Hawaii,04,"Lefotu, Jovi",False,17,0,3,0.0,0,2,0.0,1,2,0.5,1,0,1,1,1,1,0,0,1
2022-11-25_hawaii_grambling,Hawaii,32,"Ongoongotau, Eva",False,8,0,1,0.0,0,1,0.0,0,0,,0,2,2,0,1,1,0,1,0
2022-11-25_hawaii_grambling,Hawaii,20,"Haire, McKenna",False,7,0,1,0.0,0,1,0.0,0,0,,0,0,0,0,0,1,0,0,0
2022-11-25_hawaii_grambling,Hawaii,14,"Orji, Nnenna",False,3,0,1,0.0,0,1,0.0,0,0,,0,1,1,1,0,1,0,0,0
2022-11-25_hawaii_grambling,Hawaii,TM,TEAM,False,0,0,0,,0,0,,0,0,,1,1,2,0,0,1,0,0,0
2022-11-25_uc_irvine_liu,LIU,00,"Thomas, De'asia",True,29,5,10,0.5,0,0,,0,0,,2,0,2,2,0,2,0,2,10
2022-11-25_uc_irvine_liu,LIU,13,"Mbulito, Iris",True,36,1,7,0.143,1,3,0.333,5,8,0.625,1,7,8,3,3,2,1,1,8
2022-11-25_uc_irvine_liu,LIU,3,"Bermejo, Cristina",True,34,2,6,0.333,2,4,0.5,2,2,1.0,3,4,7,4,4,4,2,3,8
2022-11-25_uc_irvine_liu,LIU,1,"O'brien, Emaia",True,22,2,6,0.333,0,2,0.0,2,2,1.0,1,0,1,4,1,5,0,0,6
2022-11-25_uc_irvine_liu,LIU,2,"Hache, Zoee",True,16,0,2,0.0,0,0,,0,0,,1,2,3,3,3,2,0,1,0
2022-11-25_uc_irvine_liu,LIU,12,"Austin, Ashley",False,33,7,15,0.467,3,7,0.429,2,2,1.0,0,2,2,2,2,3,0,1,19
2022-11-25_uc_irvine_liu,LIU,5,"Mwai, Shyan",False,7,1,1,1.0,1,1,1.0,0,0,,0,0,0,0,0,1,0,0,3
2022-11-25_uc_irvine_liu,LIU,11,"Elohim, Mariah",False,13,1,6,0.167,0,5,0.0,0,0,,0,0,0,1,1,1,0,2,2
2022-11-25_uc_irvine_liu,LIU,33,"Smith, Sydni",False,6,0,0,,0,0,,0,0,,0,1,1,0,0,2,1,1,0
2022-11-25_uc_irvine_liu,LIU,24,"Alexe, Antoaneta",False,3,0,0,,0,0,,0,0,,0,0,0,0,0,0,0,0,0
2022-11-25_uc_irvine_liu,LIU,10,"Henson, Claire",False,1,0,0,,0,0,,0,0,,0,1,1,0,0,0,0,0,0
2022-11-25_uc_irvine_liu,LIU,4,"Bryson, Tashun",False,0,0,0,,0,0,,0,0,,0,0,0,0,0,0,0,0,0
2022-11-25_uc_irvine_liu,LIU,TM,TEAM,False,0,0,0,,0,0,,0,0,,3,4,7,0,0,4,0,0,0
2022-11-25_uc_irvine_liu,UC Irvine,3,"Tom, Nikki",True,31,6,7,0.857,4,4,1.0,2,4,0.5,3,3,6,1,2,2,0,3,18
2022-11-25_uc_irvine_liu,UC Irvine,21,"Williams, Olivia",True,22,4,12,0.333,0,6,0.0,0,0,,0,3,3,0,1,1,1,3,8
2022-11-25_uc_irvine_liu,UC Irvine,42,"Hunt, Naomi",True,23,2,9,0.222,2,7,0.286,0,0,,2,5,7,3,1,4,0,3,6
2022-11-25_uc_irvine_liu,UC Irvine,13,"Lee, Déja",True,14,2,5,0.4,1,3,0.333,0,0,,0,0,0,2,0,3,0,0,5
2022-11-25_uc_irvine_liu,UC Irvine,24,"Dean, Nevaeh",True,23,1,3,0.333,0,0,,2,2,1.0,1,3,4,3,3,2,0,1,4
2022-11-25_uc_irvine_liu,UC Irvine,20,"Hernandez, Hunter",False,28,3,7,0.429,1,3,0.333,4,4,1.0,2,5,7,1,2,2,0,2,11
2022-11-25_uc_irvine_liu,UC Irvine,23,"Konate, Diaba",False,26,1,3,0.333,0,1,0.0,4,4,1.0,0,2,2,2,7,4,0,2,6
2022-11-25_uc_irvine_liu,UC Irvine,32,"Parkinson, Nevaeh",False,9,2,4,0.5,0,0,,0,0,,1,2,3,3,0,1,1,0,4
2022-11-25_uc_irvine_liu,UC Irvine,33,"Kaupu, Caiyle",False,8,1,1,1.0,0,0,,1,2,0.5,0,0,0,2,0,1,1,1,3
2022-11-25_uc_irvine_liu,UC Irvine,11,"Scharpf, Amelia",False,8,0,2,0.0,0,1,0.0,0,0,,0,0,0,2,0,0,0,1,0
2022-11-25_uc_irvine_liu,UC Irvine,22,"Gony, Nyagoa",False,8,0,1,0.0,0,0,,0,0,,1,1,2,1,2,2,0,1,0
2022-11-25_uc_irvine_liu,UC Irvine,TM,TEAM,False,0,0,0,,0,0,,0,0,,1,0,1,0,0,1,0,0,0
2022-11-25_uc_san_diego_illinois_st,Illinois St.,14,"Robinson, Paige",True,36,9,17,0.529,2,4,0.5,4,6,0.667,1,4,5,1,2,2,2,3,24
2022-11-25_uc_san_diego_illinois_st,Illinois St.,32,"Bullman, Kate",True,30,4,8,0.5,1,4,0.25,3,4,0.75,1,7,8,3,1,1,3,1,12
2022-11-25_uc_san_diego_illinois_st,Illinois St.,24,"Wilson, DeAnna",True,18,2,4,0.5,0,0,,2,4,0.5,1,4,5,5,1,2,0,0,6
2022-11-25_uc_san_diego_illinois_st,Illinois St.,03,"Crompton, Mary",True,34,2,3,0.667,1,1,1.0,0,2,0.0,0,6,6,0,4,0,0,1,5
2022-11-25_uc_san_diego_illinois_st,Illinois St.,12,"Wong, Maya",True,19,2,4,0.5,1,1,1.0,0,0,,0,1,1,3,3,1,0,0,5
2022-11-25_uc_san_diego_illinois_st,Illinois St.,21,"Aalsma, Abbie",False,16,3,7,0.429,2,5,0.4,2,3,0.667,1,1,2,1,0,2,0,1,10
2022-11-25_uc_san_diego_illinois_st,Illinois St.,02,"Wright-Gaskins, Ta'Shonna",False,11,2,4,0.5,0,0,,4,7,0.571,2,1,3,2,0,1,0,0,8
2022-11-25_uc_san_diego_illinois_st,Illinois St.,33,"Kelle, Hannah",False,12,2,2,1.0,2,2,1.0,0,0,,0,2,2,4,1,0,0,1,6
2022-11-25_uc_san_diego_illinois_st,Illinois St.,00,"Stinson, Jada",False,8,1,3,0.333,0,2,0.0,0,2,0.0,0,0,0,1,0,1,1,1,2
2022-11-25_uc_san_diego_illinois_st,Illinois St.,01,"McGinnis-Taylor, Jasmine",False,14,0,0,,0,0,,1,2,0.5,1,0,1,2,1,0,0,0,1
2022-11-25_uc_san_diego_illinois_st,Illinois St.,04,"Cohen, Lauren",False,2,0,0,,0,0,,0,0,,0,0,0,0,0,0,0,1,0
2022-11-25_uc_san_diego_illinois_st,Illinois St.,TM,TEAM,False,0,0,0,,0,0,,0,0,,0,3,3,0,0,1,0,0,0
2022-11-25_uc_san_diego_illinois_st,UC San Diego,13,"Brown, Sydney",True,31,3,14,0.214,0,3,0.0,8,10,0.8,1,2,3,3,1,3,0,1,14
2022-11-25_uc_san_diego_illinois_st,UC San Diego,24,"Mullings, Bridget",True,22,5,11,0.455,0,5,0.0,3,4,0.75,2,5,7,2,3,3,1,0,13
2022-11-25_uc_san_diego_illinois_st,UC San Diego,04,"Cangelosi, Emily",True,24,4,6,0.667,2,4,0.5,0,0,,1,6,7,3,1,1,0,0,10
2022-11-25_uc_san_diego_illinois_st,UC San Diego,12,"Baxter, Madison",True,24,2,6,0.333,1,4,0.25,1,2,0.5,1,1,2,3,1,0,0,1,6
2022-11-25_uc_san_diego_illinois_st,UC San Diego,10,"Macabuhay, Julia",True,11,2,4,0.5,0,0,,0,0,,0,0,0,0,1,1,0,0,4
2022-11-25_uc_san_diego_illinois_st,UC San Diego,20,"Forsyth, Izzy",False,17,3,4,0.75,2,3,0.667,0,0,,0,3,3,3,0,1,0,0,8
2022-11-25_uc_san_diego_illinois_st,UC San Diego,35,"Springs, Katie",False,10,1,2,0.5,0,0,,3,6,0.5,1,5,6,2,0,1,0,0,5
2022-11-25_uc_san_diego_illinois_st,UC San Diego,02,"Talbot, Grace",False,21,1,4,0.25,0,1,0.0,0,0,,0,2,2,2,1,1,0,0,2
2022-11-25_uc_san_diego_illinois_st,UC San Diego,32,"Montgomery, Parker",False,20,0,4,0.0,0,2,0.0,0,0,,0,1,1,2,2,1,0,0,0
2022-11-25_uc_san_diego_illinois_st,UC San Diego,25,"Mahan, Junaé",False,9,0,0,,0,0,,0,0,,0,0,0,2,1,2,0,0,0
2022-11-25_uc_san_diego_illinois_st,UC San Diego,23,"Thompson, Courtni",False,8,0,2,0.0,0,0,,0,0,,1,0,1,1,1,1,0,1,0
2022-11-25_uc_san_diego_illinois_st,UC San Diego,05,"Louther, Gabby",False,3,0,0,,0,0,,0,0,,0,0,0,1,0,0,0,0,0
2022-11-25_uc_san_diego_illinois_st,UC San Diego,TM,TEAM,False,0,0,0,,0,0,,0,0,,5,0,5,0,0,2,0,0,0
2022-11-25_cal_poly_sacramento_st,Sacramento St.,00,"Dean, Kahlaijah",True,34,5,5,1.0,3,3,1.0,5,6,0.833,0,4,4,2,4,6,0,1,18
2022-11-25_cal_poly_sacramento_st,Sacramento St.,24,"Natabou, Isnelle",True,30,5,9,0.556,0,0,,3,5,0.6,4,1,5,3,1,2,1,0,13
2022-11-25_cal_poly_sacramento_st,Sacramento St.,21,"Randhawa, Kaylin",True,35,2,5,0.4,2,3,0.667,4,7,0.571,1,0,1,1,5,4,0,1,10
2022-11-25_cal_poly_sacramento_st,Sacramento St.,20,"Peneueta, Katie",True,30,2,6,0.333,2,4,0.5,4,4,1.0,1,5,6,1,0,1,3,0,10
2022-11-25_cal_poly_sacramento_st,Sacramento St.,1,"Versteeg, Benthe",True,31,2,7,0.286,0,2,0.0,2,2,1.0,0,2,2,3,0,4,0,0,6
2022-11-25_cal_poly_sacramento_st,Sacramento St.,10,"Butcher, Madison",False,14,2,5,0.4,1,1,1.0,0,0,,1,0,1,1,0,1,1,1,5
2022-11-25_cal_poly_sacramento_st,Sacramento St.,3,"Amusan, Solape",False,8,1,1,1.0,1,1,1.0,0,0,,0,1,1,0,0,1,0,0,3
2022-11-25_cal_poly_sacramento_st,Sacramento St.,23,"Olivares, Jordan",False,8,1,1,1.0,1,1,1.0,0,0,,0,1,1,2,1,1,0,0,3
2022-11-25_cal_poly_sacramento_st,Sacramento St.,33,"Hedman, Erin",False,10,1,1,1.0,0,0,,0,0,,0,1,1,2,1,0,2,0,2
2022-11-25_cal_poly_sacramento_st,Sacramento St.,TM,TEAM,False,0,0,0,,0,0,,0,0,,3,4,7,0,0,0,0,0,0
2022-11-25_cal_poly_sacramento_st,Cal Poly,2,"Shah, Annika",True,33,6,12,0.5,3,6,0.5,2,3,0.667,0,0,0,5,4,3,0,1,17
2022-11-25_cal_poly_sacramento_st,Cal Poly,5,"Anousinh, Jazzy",True,31,4,6,0.667,1,3,0.333,0,0,,1,0,1,3,2,1,0,1,9
2022-11-25_cal_poly_sacramento_st,Cal Poly,15,"Bourland, Sydney",True,21,2,6,0.333,0,0,,0,2,0.0,3,2,5,2,0,2,0,0,4
2022-11-25_cal_poly_sacramento_st,Cal Poly,1,"Kovacikova, Nikola",True,25,1,6,0.167,0,2,0.0,0,0,,1,0,1,1,3,0,0,1,2
2022-11-25_cal_poly_sacramento_st,Cal Poly,35,"Ackerman, Natalia",True,10,0,1,0.0,0,0,,0,0,,1,0,1,2,0,2,0,1,0
2022-11-25_cal_poly_sacramento_st,Cal Poly,24,"Toure, Oumou",False,20,5,9,0.556,2,2,1.0,2,2,1.0,4,2,6,2,0,1,0,3,14
2022-11-25_cal_poly_sacramento_st,Cal Poly,4,"Lichtie, Sierra",False,25,3,4,0.75,0,1,0.0,1,2,0.5,0,0,0,2,1,2,0,1,7
2022-11-25_cal_poly_sacramento_st,Cal Poly,33,"Willett, Maddie",False,16,2,6,0.333,0,3,0.0,1,1,1.0,1,0,1,4,1,2,0,0,5
2022-11-25_cal_poly_sacramento_st,Cal Poly,32,"Nielacna, Julia",False,14,1,4,0.25,0,0,,0,0,,0,3,3,4,0,1,1,1,2
2022-11-25_cal_poly_sacramento_st,Cal Poly,23,"Wu, Taylor",False,5,0,1,0.0,0,0,,2,2,1.0,0,0,0,0,0,0,0,1,2
2022-11-25_cal_poly_sacramento_st,Cal Poly,TM,TEAM,False,0,0,0,,0,0,,0,0,,3,4,7,0,0,0,0,0,0
2022-11-25_long_beach_st_tulsa,Tulsa,5,"Crawford, Delanie",True,29,2,6,0.333,1,4,0.25,2,3,0.667,0,6,6,1,2,3,0,1,7
2022-11-25_long_beach_st_tulsa,Tulsa,2,"Poindexter, Temira",True,30,2,14,0.143,0,8,0.0,2,2,1.0,1,2,3,0,1,4,4,0,6
2022-11-25_long_beach_st_tulsa,Tulsa,10,"Mayberry, Maya",True,20,3,8,0.375,0,3,0.0,0,0,,2,0,2,2,1,0,0,1,6
2022-11-25_long_beach_st_tulsa,Tulsa,11,"Bittle, Maddie",True,26,0,8,0.0,0,5,0.0,2,2,1.0,1,5,6,1,2,1,0,0,2
2022-11-25_long_beach_st_tulsa,Tulsa,20,"Levings, Katelyn",True,10,0,0,,0,0,,0,0,,0,0,0,0,0,0,0,0,0
2022-11-25_long_beach_st_tulsa,Tulsa,35,"Young, Ahrray",False,28,6,14,0.429,1,4,0.25,3,6,0.5,4,4,8,1,1,2,2,4,16
2022-11-25_long_beach_st_tulsa,Tulsa,23,"Williams, Chloe",False,3,1,1,1.0,0,0,,3,5,0.6,1,0,1,0,0,0,0,0,5
2022-11-25_long_beach_st_tulsa,Tulsa,13,"Evans, Jessika",False,14,1,3,0.333,1,2,0.5,0,0,,0,1,1,3,0,1,0,1,3
2022-11-25_long_beach_st_tulsa,Tulsa,30,"Lyles, Caroline",False,16,0,4,0.0,0,3,0.0,0,0,,0,3,3,2,1,1,0,1,0
2022-11-25_long_beach_st_tulsa,Tulsa,1,"Mathews, Cam",False,15,0,1,0.0,0,1,0.0,0,0,,1,0,1,1,0,2,0,0,0
2022-11-25_long_beach_st_tulsa,Tulsa,21,"Periman, Hadley",False,6,0,0,,0,0,,0,0,,0,1,1,1,0,2,0,1,0
2022-11-25_long_beach_st_tulsa,Tulsa,4,"Foutch, Lexie",False,3,0,0,,0,0,,0,0,,0,0,0,0,0,0,0,0,0
2022-11-25_long_beach_st_tulsa,Tulsa,TM,TEAM,False,0,0,0,,0,0,,0,0,,1,1,2,0,0,0,0,0,0
2022-11-25_long_beach_st_tulsa,Long Beach St.,25,"Hamilton-fisher, Kianna",True,32,12,19,0.632,1,6,0.167,0,0,,1,2,3,0,3,2,0,3,25
2022-11-25_long_beach_st_tulsa,Long Beach St.,1,"Bambrick, Malia",True,30,7,12,0.583,2,4,0.5,0,0,,2,4,6,0,3,0,0,2,16
2022-11-25_long_beach_st_tulsa,Long Beach St.,00,"Berry, Ma'qhi",True,27,3,6,0.5,0,0,,0,0,,0,3,3,3,1,5,0,3,6
2022-11-25_long_beach_st_tulsa,Long Beach St.,12,"Harris , Tori",True,31,1,8,0.125,1,7,0.143,2,2,1.0,0,4,4,4,1,1,0,2,5
2022-11-25_long_beach_st_tulsa,Long Beach St.,11,"Jeskeova, Kristyna",True,26,0,2,0.0,0,1,0.0,0,0,,0,10,10,3,0,1,0,1,0
2022-11-25_long_beach_st_tulsa,Long Beach St.,5,"Ka, Kennan",False,13,2,6,0.333,1,2,0.5,0,0,,0,0,0,1,0,2,0,1,5
2022-11-25_long_beach_st_tulsa,Long Beach St.,3,"Chung, Patricia",False,9,2,3,0.667,1,2,0.5,0,0,,0,1,1,1,1,2,0,0,5
2022-11-25_long_beach_st_tulsa,Long Beach St.,33,"Murphy, Courtney",False,14,0,2,0.0,0,2,0.0,2,2,1.0,1,4,5,2,0,0,1,0,2
2022-11-25_long_beach_st_tulsa,Long Beach St.,2,"Tucker, Savannah",False,9,0,3,0.0,0,1,0.0,0,0,,0,3,3,0,0,1,0,0,0
2022-11-25_long_beach_st_tulsa,Long Beach St.,23,"Green, Lauren",False,9,0,2,0.0,0,0,,0,0,,1,1,2,4,1,1,0,0,0
2022-11-25_long_beach_st_tulsa,Long Beach St.,TM,TEAM,False,0,0,0,,0,0,,0,0,,1,3,4,0,0,0,0,0,0
2022-11-26_uc_davis_wyoming,Wyoming,14,"Weidemann, Quinn",True,34,6,11,0.545,3,6,0.5,3,6,0.5,0,2,2,1,2,1,0,1,18
2022-11-26_uc_davis_wyoming,Wyoming,04,"Ellis, Grace",True,30,6,10,0.6,3,3,1.0,2,4,0.5,3,4,7,2,2,2,0,1,17
2022-11-26_uc_davis_wyoming,Wyoming,45,"Fertig, Allyson",True,17,3,5,0.6,0,1,0.0,3,3,1.0,2,7,9,3,0,1,2,1,9
2022-11-26_uc_davis_wyoming,Wyoming,12,"Pedersen, Malene",True,31,3,6,0.5,0,2,0.0,1,2,0.5,0,4,4,1,3,0,0,3,7
2022-11-26_uc_davis_wyoming,Wyoming,24,"Olson, Tommi",True,27,0,3,0.0,0,1,0.0,1,2,0.5,0,5,5,0,4,1,0,0,1
2022-11-26_uc_davis_wyoming,Wyoming,15,"Savic, Marta",False,14,4,8,0.5,0,0,,3,4,0.75,4,1,5,1,1,1,0,1,11
2022-11-26_uc_davis_wyoming,Wyoming,05,"Barnes, Tess",False,19,1,3,0.333,0,1,0.0,0,0,,1,2,3,0,0,0,0,0,2
2022-11-26_uc_davis_wyoming,Wyoming,02,"Mellema, Emily",False,15,1,3,0.333,0,0,,0,0,,0,1,1,1,1,1,0,1,2
2022-11-26_uc_davis_wyoming,Wyoming,30,"Ustowska, Ola",False,13,0,3,0.0,0,3,0.0,0,0,,0,1,1,2,0,0,0,0,0
2022-11-26_uc_davis_wyoming,Wyoming,TM,TEAM,False,0,0,0,,0,0,,0,0,,1,1,2,0,0,1,0,0,0
2022-11-26_uc_davis_wyoming,UC Davis,15,"Turner, Evanne",True,37,4,10,0.4,1,2,0.5,2,2,1.0,0,3,3,4,1,1,0,0,11
2022-11-26_uc_davis_wyoming,UC Davis,13,"Burns, Sydney",True,23,3,10,0.3,0,1,0.0,0,0,,1,2,3,1,1,2,0,0,6
2022-11-26_uc_davis_wyoming,UC Davis,01,"Sussman, Tess",True,27,1,5,0.2,0,2,0.0,1,2,0.5,2,0,2,4,2,1,2,2,3
2022-11-26_uc_davis_wyoming,UC Davis,25,"Norris, Megan",True,18,1,8,0.125,0,6,0.0,1,2,0.5,2,5,7,1,0,1,0,0,3
2022-11-26_uc_davis_wyoming,UC Davis,33,"Harris, Mazatlan",True,18,1,3,0.333,1,1,1.0,0,0,,2,1,3,0,0,1,0,0,3
2022-11-26_uc_davis_wyoming,UC Davis,02,"Jones, Megan",False,20,3,6,0.5,1,3,0.333,0,0,,1,2,3,3,1,0,2,0,7
2022-11-26_uc_davis_wyoming,UC Davis,23,"Baker, Victoria",False,17,2,4,0.5,0,0,,3,5,0.6,1,1,2,4,1,0,0,1,7
2022-11-26_uc_davis_wyoming,UC Davis,14,"Sabel, Tova",False,23,2,10,0.2,2,7,0.286,0,0,,0,1,1,0,1,3,0,0,6
2022-11-26_uc_davis_wyoming,UC Davis,04,"Epps, Nya",False,7,1,1,1.0,0,0,,0,0,,1,0,1,0,0,1,0,0,2
2022-11-26_uc_davis_wyoming,UC Davis,20,"Sanders, Makaila",False,10,0,1,0.0,0,1,0.0,0,0,,1,0,1,0,0,0,0,0,0
2022-11-26_uc_davis_wyoming,UC Davis,TM,TEAM,False,0,0,0,,0,0,,0,0,,3,5,8,0,0,1,0,0,0
2022-11-26_hawaii_fgcu,FGCU,01,"Winston, Alyza",True,31,7,12,0.583,2,6,0.333,0,0,,1,1,2,3,0,3,0,1,16
2022-11-26_hawaii_fgcu,FGCU,04,"Morehouse, Tishara",True,34,4,13,0.308,0,8,0.0,2,2,1.0,1,6,7,2,4,2,0,1,10
2022-11-26_hawaii_fgcu,FGCU,02,"Stiles, Sophia",True,31,3,10,0.3,3,9,0.333,0,0,,1,4,5,5,0,1,0,0,9
2022-11-26_hawaii_fgcu,FGCU,32,"List, Emma",True,33,3,6,0.5,2,4,0.5,0,0,,0,3,3,3,3,1,2,5,8
2022-11-26_hawaii_fgcu,FGCU,00,"Webb, Kaela",True,21,1,5,0.2,1,5,0.2,0,0,,0,2,2,0,0,2,0,1,3
2022-11-26_hawaii_fgcu,FGCU,20,"Carter, Sha",False,19,5,6,0.833,1,2,0.5,0,0,,1,0,1,3,2,0,0,4,11
2022-11-26_hawaii_fgcu,FGCU,11,"Antenucci, Maddie",False,5,1,2,0.5,1,2,0.5,0,0,,0,0,0,0,1,0,0,0,3
2022-11-26_hawaii_fgcu,FGCU,21,"Adams, Kierra",False,3,1,1,1.0,0,0,,1,1,1.0,0,0,0,1,0,0,0,0,3
2022-11-26_hawaii_fgcu,FGCU,42,"Ezeudu, Uju",False,12,0,0,,0,0,,0,0,,1,0,1,1,1,0,0,0,0
2022-11-26_hawaii_fgcu,FGCU,22,"Bartram, Brylee",False,6,0,1,0.0,0,1,0.0,0,0,,0,2,2,0,0,0,0,0,0
2022-11-26_hawaii_fgcu,FGCU,24,"Hackley, Seneca",False,4,0,1,0.0,0,0,,0,0,,0,0,0,0,0,0,0,0,0
2022-11-26_hawaii_fgcu,FGCU,34,"Schimmel, Milan",False,1,0,0,,0,0,,0,0,,0,0,0,0,0,0,0,0,0
2022-11-26_hawaii_fgcu,FGCU,TM,TEAM,False,0,0,0,,0,0,,0,0,,1,1,2,0,0,1,0,0,0
2022-11-26_hawaii_fgcu,Hawaii,15,"Phillips, Daejah",True,38,6,15,0.4,1,5,0.2,2,4,0.5,1,4,5,0,1,2,0,0,15
2022-11-26_hawaii_fgcu,Hawaii,03,"Wahinekapu, Lily",True,26,3,7,0.429,1,1,1.0,0,1,0.0,0,2,2,1,1,6,0,0,7
2022-11-26_hawaii_fgcu,Hawaii,11,"Spiller, Kallin",True,20,2,4,0.5,1,1,1.0,1,3,0.333,3,8,11,0,0,2,0,0,6
2022-11-26_hawaii_fgcu,Hawaii,01,"Imai, Kelsie",True,32,1,4,0.25,0,1,0.0,1,2,0.5,2,3,5,2,4,7,0,0,3
2022-11-26_hawaii_fgcu,Hawaii,00,"Watkins, Avery",True,5,0,1,0.0,0,1,0.0,0,0,,1,0,1,0,0,0,0,0,0
2022-11-26_hawaii_fgcu,Hawaii,04,"Lefotu, Jovi",False,19,4,6,0.667,0,0,,0,0,,0,2,2,0,1,1,0,0,8
2022-11-26_hawaii_fgcu,Hawaii,23,"McBee, MeiLani",False,26,2,3,0.667,1,2,0.5,0,0,,0,1,1,1,0,1,0,4,5
2022-11-26_hawaii_fgcu,Hawaii,12,"Perez, Imani",False,17,1,4,0.25,0,1,0.0,1,2,0.5,4,2,6,1,0,1,0,0,3
2022-11-26_hawaii_fgcu,Hawaii,02,"Thoms, Ashley",False,5,0,0,,0,0,,2,2,1.0,0,0,0,2,0,0,0,0,2
2022-11-26_hawaii_fgcu,Hawaii,34,"David, Jacque",False,7,0,1,0.0,0,0,,1,2,0.5,1,0,1,2,0,2,0,0,1
2022-11-26_hawaii_fgcu,Hawaii,10,"Jefferson, Meg",False,3,0,0,,0,0,,0,0,,0,1,1,1,0,1,0,0,0
2022-11-26_hawaii_fgcu,Hawaii,20,"Haire, McKenna",False,2,0,1,0.0,0,1,0.0,0,0,,0,0,0,0,0,0,0,0,0
2022-11-26_hawaii_fgcu,Hawaii,TM,TEAM,False,0,0,0,,0,0,,0,0,,2,2,4,0,0,1,0,0,0
2022-11-26_stetson_uc_san_diego,UC San Diego,13,"Brown, Sydney",True,35,3,7,0.429,1,3,0.333,7,10,0.7,1,6,7,4,3,5,0,1,14
2022-11-26_stetson_uc_san_diego,UC San Diego,10,"Macabuhay, Julia",True,13,1,5,0.2,1,4,0.25,1,2,0.5,0,2,2,1,1,3,0,1,4
2022-11-26_stetson_uc_san_diego,UC San Diego,04,"Cangelosi, Emily",True,28,1,5,0.2,0,2,0.0,1,2,0.5,2,5,7,1,0,2,0,2,3
2022-11-26_stetson_uc_san_diego,UC San Diego,12,"Baxter, Madison",True,22,1,5,0.2,0,3,0.0,0,0,,0,2,2,3,2,3,0,0,2
2022-11-26_stetson_uc_san_diego,UC San Diego,24,"Mullings, Bridget",True,15,1,3,0.333,0,0,,0,0,,0,1,1,4,0,0,1,0,2
2022-11-26_stetson_uc_san_diego,UC San Diego,32,"Montgomery, Parker",False,21,3,7,0.429,1,3,0.333,5,6,0.833,0,5,5,2,1,3,0,0,12
2022-11-26_stetson_uc_san_diego,UC San Diego,20,"Forsyth, Izzy",False,14,3,5,0.6,2,3,0.667,0,0,,0,0,0,4,0,2,0,0,8
2022-11-26_stetson_uc_san_diego,UC San Diego,35,"Springs, Katie",False,16,2,3,0.667,0,1,0.0,0,0,,1,5,6,2,0,2,0,2,4
2022-11-26_stetson_uc_san_diego,UC San Diego,02,"Talbot, Grace",False,21,0,2,0.0,0,2,0.0,2,2,1.0,0,1,1,2,1,1,0,2,2
2022-11-26_stetson_uc_san_diego,UC San Diego,25,"Mahan, Junaé",False,12,1,3,0.333,0,1,0.0,0,0,,1,0,1,3,2,1,0,1,2
2022-11-26_stetson_uc_san_diego,UC San Diego,23,"Thompson, Courtni",False,2,0,0,,0,0,,0,0,,0,0,0,0,0,0,0,0,0
2022-11-26_stetson_uc_san_diego,UC San Diego,05,"Louther, Gabby",False,1,0,0,,0,0,,0,0,,0,1,1,0,0,0,0,0,0
2022-11-26_stetson_uc_san_diego,UC San Diego,TM,TEAM,False,0,0,0,,0,0,,0,0,,3,2,5,0,0,1,0,0,0
2022-11-26_stetson_uc_san_diego,Stetson,33,"Talley, Jaelyn",True,32,5,9,0.556,0,0,,7,8,0.875,4,4,8,3,0,3,0,1,17
2022-11-26_stetson_uc_san_diego,Stetson,04,"Hargrove, Alyssa",True,33,4,12,0.333,3,8,0.375,0,2,0.0,1,2,3,3,1,5,0,1,11
2022-11-26_stetson_uc_san_diego,Stetson,05,"Turner, Kiya",True,35,1,8,0.125,0,2,0.0,5,6,0.833,2,6,8,4,2,5,0,3,7
2022-11-26_stetson_uc_san_diego,Stetson,01,"Peete, Jordan",True,19,2,4,0.5,1,2,0.5,0,2,0.0,0,3,3,3,0,1,0,2,5
2022-11-26_stetson_uc_san_diego,Stetson,02,"Gouard, Sydney",True,9,0,3,0.0,0,1,0.0,0,0,,1,0,1,3,1,2,0,0,0
2022-11-26_stetson_uc_san_diego,Stetson,23,"McNeal, Khamya",False,24,2,8,0.25,1,4,0.25,0,0,,0,0,0,3,2,1,1,3,5
2022-11-26_stetson_uc_san_diego,Stetson,22,"Ellison, Anabel",False,35,1,4,0.25,1,3,0.333,0,0,,0,4,4,2,2,0,0,0,3
2022-11-26_stetson_uc_san_diego,Stetson,03,"Novak, Maddie",False,10,0,3,0.0,0,2,0.0,0,0,,1,2,3,0,0,0,0,0,0
2022-11-26_stetson_uc_san_diego,Stetson,11,"Treadwell, Skylar",False,2,0,1,0.0,0,1,0.0,0,0,,0,0,0,0,0,0,1,0,0
2022-11-26_stetson_uc_san_diego,Stetson,14,"Morgan-Elliott, Mali",False,1,0,0,,0,0,,0,0,,0,0,0,0,1,1,0,0,0
2022-11-26_stetson_uc_san_diego,Stetson,TM,TEAM,False,0,0,0,,0,0,,0,0,,0,2,2,0,0,1,0,0,0
2022-11-26_southern_utah_uc_santa_barbara,UC Santa Barbara,02,"Tucker, Alexis",True,49,10,20,0.5,2,7,0.286,7,8,0.875,1,8,9,3,1,2,0,2,29
2022-11-26_southern_utah_uc_santa_barbara,UC Santa Barbara,31,"Lane, Ila",True,39,10,19,0.526,0,0,,2,6,0.333,4,5,9,4,1,2,0,1,22
2022-11-26_southern_utah_uc_santa_barbara,UC Santa Barbara,03,"Marin, Alyssa",True,42,2,5,0.4,1,2,0.5,13,15,0.867,2,4,6,4,7,1,0,0,18
2022-11-26_southern_utah_uc_santa_barbara,UC Santa Barbara,10,"Choice, Anya",True,35,4,10,0.4,0,2,0.0,3,3,1.0,0,1,1,5,1,2,0,0,11
2022-11-26_southern_utah_uc_santa_barbara,UC Santa Barbara,12,"Mole, Taylor",True,24,0,5,0.0,0,3,0.0,0,0,,2,0,2,1,0,1,0,0,0
2022-11-26_southern_utah_uc_santa_barbara,UC Santa Barbara,23,"Whitfield, Alexis",False,32,3,9,0.333,1,3,0.333,4,6,0.667,4,2,6,2,0,2,0,4,11
2022-11-26_southern_utah_uc_santa_barbara,UC Santa Barbara,13,"Modawar, Tatyana",False,9,1,5,0.2,1,2,0.5,2,2,1.0,1,2,3,2,0,0,0,1,5
2022-11-26_southern_utah_uc_santa_barbara,UC Santa Barbara,05,"Cooper, Callie",False,24,1,5,0.2,1,3,0.333,1,2,0.5,3,2,5,2,2,0,1,1,4
2022-11-26_southern_utah_uc_santa_barbara,UC Santa Barbara,21,"Johnson, Kennedy",False,16,1,2,0.5,0,1,0.0,0,0,,0,2,2,3,0,1,0,0,2
2022-11-26_southern_utah_uc_santa_barbara,UC Santa Barbara,55,"Burke, Skylar",False,3,0,0,,0,0,,0,0,,0,0,0,1,0,0,0,0,0
2022-11-26_southern_utah_uc_santa_barbara,UC Santa Barbara,32,"Grant, Jessica",False,2,0,0,,0,0,,0,0,,0,0,0,1,0,0,0,0,0
2022-11-26_southern_utah_uc_santa_barbara,UC Santa Barbara,TM,TEAM,False,0,0,0,,0,0,,0,0,,3,5,8,0,0,2,0,0,0
2022-11-26_southern_utah_uc_santa_barbara,Southern Utah,32,"Daugherty, Cherita",True,46,6,18,0.333,1,2,0.5,8,10,0.8,0,3,3,5,4,1,1,0,21
2022-11-26_southern_utah_uc_santa_barbara,Southern Utah,22,"Ballena, Daylani",True,46,7,15,0.467,2,7,0.286,4,4,1.0,1,3,4,5,7,5,0,1,20
2022-11-26_southern_utah_uc_santa_barbara,Southern Utah,15,"Williamson, Lizzy",True,51,8,15,0.533,0,0,,2,3,0.667,5,10,15,4,4,5,3,0,18
2022-11-26_southern_utah_uc_santa_barbara,Southern Utah,34,"Johnston, Samantha",True,35,4,9,0.444,4,6,0.667,3,4,0.75,0,1,1,2,1,0,0,0,15
2022-11-26_southern_utah_uc_santa_barbara,Southern Utah,03,"Jensen, Megan",True,49,5,7,0.714,2,2,1.0,0,0,,2,3,5,4,1,2,1,1,12
2022-11-26_southern_utah_uc_santa_barbara,Southern Utah,02,"Whitman, Tomekia",False,29,4,9,0.444,0,3,0.0,0,0,,1,1,2,4,2,2,1,3,8
2022-11-26_southern_utah_uc_santa_barbara,Southern Utah,01,"Lord, Alexa",False,15,0,1,0.0,0,1,0.0,2,4,0.5,0,3,3,2,1,1,0,0,2
2022-11-26_southern_utah_uc_santa_barbara,Southern Utah,13,"Banks, Ashley",False,3,0,0,,0,0,,0,0,,0,0,0,0,0,0,0,0,0
2022-11-26_southern_utah_uc_santa_barbara,Southern Utah,43,"Tronnier, Bryar",False,1,0,0,,0,0,,0,0,,0,0,0,0,0,0,0,0,0
2022-11-26_southern_utah_uc_santa_barbara,Southern Utah,TM,TEAM,False,0,0,0,,0,0,,0,0,,2,8,10,0,0,0,0,0,0
2022-11-26_cal_poly_san_jose_st,San Jose St.,4,"Holland, Jada",True,27,2,7,0.286,0,1,0.0,4,8,0.5,1,0,1,3,2,3,0,1,8
2022-11-26_cal_poly_san_jose_st,San Jose St.,12,"Singleton, Jasmine",True,26,2,6,0.333,0,1,0.0,3,7,0.429,1,3,4,2,0,1,1,2,7
2022-11-26_cal_poly_san_jose_st,San Jose St.,11,"Davis-jones, Marisa",True,14,3,4,0.75,0,0,,1,2,0.5,0,1,1,5,1,6,0,0,7
2022-11-26_cal_poly_san_jose_st,San Jose St.,32,"Fluker, Alani",True,27,2,3,0.667,0,0,,1,3,0.333,0,1,1,3,0,4,0,0,5
2022-11-26_cal_poly_san_jose_st,San Jose St.,00,"Nichols, Aarion",True,28,1,5,0.2,0,1,0.0,2,2,1.0,1,3,4,2,2,2,0,2,4
2022-11-26_cal_poly_san_jose_st,San Jose St.,24,"Moreland, Amhyia",False,17,4,5,0.8,0,0,,1,1,1.0,1,1,2,2,0,1,1,2,9
2022-11-26_cal_poly_san_jose_st,San Jose St.,5,"Richards, Sidney",False,30,3,5,0.6,0,0,,2,3,0.667,1,2,3,2,1,1,1,1,8
2022-11-26_cal_poly_san_jose_st,San Jose St.,3,"Nicholas, Nailea",False,21,2,6,0.333,0,1,0.0,1,2,0.5,1,3,4,2,1,1,0,0,5
2022-11-26_cal_poly_san_jose_st,San Jose St.,23,"Boni, Ellie",False,6,0,1,0.0,0,1,0.0,0,0,,0,0,0,0,0,0,0,0,0
2022-11-26_cal_poly_san_jose_st,San Jose St.,30,"Ma, Sabrina",False,4,0,3,0.0,0,3,0.0,0,0,,0,0,0,3,0,1,0,1,0
2022-11-26_cal_poly_san_jose_st,San Jose St.,TM,TEAM,False,0,0,0,,0,0,,0,0,,2,6,8,0,0,1,0,0,0
2022-11-26_cal_poly_san_jose_st,Cal Poly,2,"Shah, Annika",True,25,6,11,0.545,4,7,0.571,0,0,,0,1,1,4,1,3,0,0,16
2022-11-26_cal_poly_san_jose_st,Cal Poly,5,"Anousinh, Jazzy",True,25,3,5,0.6,1,2,0.5,3,4,0.75,1,1,2,4,3,3,0,0,10
2022-11-26_cal_poly_san_jose_st,Cal Poly,1,"Kovacikova, Nikola",True,14,2,4,0.5,0,0,,0,0,,0,3,3,1,0,2,0,0,4
2022-11-26_cal_poly_san_jose_st,Cal Poly,15,"Bourland, Sydney",True,26,0,4,0.0,0,1,0.0,2,2,1.0,0,2,2,2,0,4,0,1,2
2022-11-26_cal_poly_san_jose_st,Cal Poly,35,"Ackerman, Natalia",True,15,0,2,0.0,0,0,,1,2,0.5,1,4,5,4,0,1,0,1,1
2022-11-26_cal_poly_san_jose_st,Cal Poly,32,"Nielacna, Julia",False,24,3,5,0.6,0,0,,3,5,0.6,1,1,2,4,1,4,0,0,9
2022-11-26_cal_poly_san_jose_st,Cal Poly,33,"Willett, Maddie",False,24,2,5,0.4,2,3,0.667,3,4,0.75,0,4,4,1,1,0,0,1,9
2022-11-26_cal_poly_san_jose_st,Cal Poly,24,"Toure, Oumou",False,24,2,5,0.4,0,1,0.0,2,2,1.0,1,2,3,2,1,3,0,2,6
2022-11-26_cal_poly_san_jose_st,Cal Poly,23,"Wu, Taylor",False,16,1,2,0.5,1,2,0.5,0,0,,0,1,1,4,1,0,0,1,3
2022-11-26_cal_poly_san_jose_st,Cal Poly,4,"Lichtie, Sierra",False,7,1,1,1.0,0,0,,0,0,,0,2,2,4,2,1,0,0,2
2022-11-26_cal_poly_san_jose_st,Cal Poly,TM,TEAM,False,0,0,0,,0,0,,0,0,,1,5,6,0,0,2,0,0,0
2022-11-26_san_francisco_long_beach_st,Long Beach St.,12,"Harris , Tori",True,30,5,9,0.556,2,4,0.5,1,1,1.0,3,1,4,4,1,3,0,1,13
2022-11-26_san_francisco_long_beach_st,Long Beach St.,25,"Hamilton-fisher, Kianna",True,28,3,13,0.231,1,6,0.167,2,2,1.0,0,1,1,2,1,1,0,2,9
2022-11-26_san_francisco_long_beach_st,Long Beach St.,11,"Jeskeova, Kristyna",True,15,2,6,0.333,0,1,0.0,0,0,,0,3,3,2,0,2,0,1,4
2022-11-26_san_francisco_long_beach_st,Long Beach St.,00,"Berry, Ma'qhi",True,27,1,4,0.25,0,0,,0,1,0.0,1,1,2,2,4,0,0,0,2
2022-11-26_san_francisco_long_beach_st,Long Beach St.,1,"Bambrick, Malia",True,25,1,5,0.2,0,3,0.0,0,0,,0,2,2,0,2,1,0,0,2
2022-11-26_san_francisco_long_beach_st,Long Beach St.,33,"Murphy, Courtney",False,16,4,8,0.5,1,4,0.25,0,0,,1,5,6,1,0,1,0,0,9
2022-11-26_san_francisco_long_beach_st,Long Beach St.,21,"Shoff, Abby",False,10,2,5,0.4,1,3,0.333,0,2,0.0,1,2,3,2,0,3,0,1,5
2022-11-26_san_francisco_long_beach_st,Long Beach St.,23,"Green, Lauren",False,3,2,3,0.667,0,0,,0,0,,0,1,1,2,0,0,0,0,4
2022-11-26_san_francisco_long_beach_st,Long Beach St.,5,"Ka, Kennan",False,22,0,5,0.0,0,4,0.0,1,2,0.5,0,0,0,3,1,0,0,1,1
2022-11-26_san_francisco_long_beach_st,Long Beach St.,3,"Chung, Patricia",False,6,0,0,,0,0,,1,2,0.5,0,1,1,1,0,1,0,1,1
2022-11-26_san_francisco_long_beach_st,Long Beach St.,2,"Tucker, Savannah",False,18,0,0,,0,0,,0,0,,0,2,2,3,0,0,0,0,0
2022-11-26_san_francisco_long_beach_st,Long Beach St.,TM,TEAM,False,0,0,0,,0,0,,0,0,,1,1,2,0,0,0,0,0,0
2022-11-26_san_francisco_long_beach_st,San Francisco,21,"Krimili, Ioanna",True,36,5,14,0.357,4,9,0.444,4,4,1.0,1,4,5,0,6,2,0,0,18
2022-11-26_san_francisco_long_beach_st,San Francisco,12,"Dickie, Kennedy",True,31,4,6,0.667,0,0,,3,4,0.75,3,7,10,1,1,1,0,1,11
2022-11-26_san_francisco_long_beach_st,San Francisco,4,"McDowell-white, Jessica",True,35,3,7,0.429,2,6,0.333,0,0,,1,4,5,1,5,4,1,1,8
2022-11-26_san_francisco_long_beach_st,San Francisco,2,"Vaalavirta, Kia",True,23,1,1,1.0,1,1,1.0,2,2,1.0,0,1,1,2,4,2,0,1,5
2022-11-26_san_francisco_long_beach_st,San Francisco,3,"Baum, Amy",True,10,0,1,0.0,0,1,0.0,0,0,,0,2,2,2,1,0,0,1,0
2022-11-26_san_francisco_long_beach_st,San Francisco,50,"dos Santos, Debora",False,17,6,9,0.667,0,0,,5,7,0.714,2,3,5,1,0,3,1,2,17
2022-11-26_san_francisco_long_beach_st,San Francisco,11,"Gayles, Jasmine",False,20,4,10,0.4,0,2,0.0,1,1,1.0,2,5,7,2,0,0,0,1,9
2022-11-26_san_francisco_long_beach_st,San Francisco,1,"Christie, Loren",False,12,3,5,0.6,0,1,0.0,0,0,,0,6,6,3,0,0,0,0,6
2022-11-26_san_francisco_long_beach_st,San Francisco,32,"Fulcher, Cami",False,6,0,2,0.0,0,2,0.0,0,0,,0,0,0,2,0,1,0,0,0
2022-11-26_san_francisco_long_beach_st,San Francisco,00,"Latu, Malia",False,4,0,0,,0,0,,0,0,,0,1,1,1,0,1,0,0,0
2022-11-26_san_francisco_long_beach_st,San Francisco,14,"Hernandez, Marina",False,3,0,0,,0,0,,0,0,,0,0,0,0,0,0,0,0,0
2022-11-26_san_francisco_long_beach_st,San Francisco,20,"Kéita, Aya",False,3,0,0,,0,0,,0,0,,0,0,0,2,1,1,0,0,0
2022-11-26_san_francisco_long_beach_st,San Francisco,TM,TEAM,False,0,0,0,,0,0,,0,0,,3,1,4,0,0,0,0,0,0
2022-11-26_csun_antelope_valley,Antelope Valley,2,"Weary, Kendall",True,22,7,10,0.7,1,3,0.333,0,0,,0,1,1,4,0,3,1,2,15
2022-11-26_csun_antelope_valley,Antelope Valley,34,"Ramirez, Kellymar",True,18,4,9,0.444,0,3,0.0,3,4,0.75,2,4,6,4,0,2,0,0,11
2022-11-26_csun_antelope_valley,Antelope Valley,30,"del Rio, Ashley",True,23,1,3,0.333,0,1,0.0,5,8,0.625,0,2,2,3,1,2,0,2,7
2022-11-26_csun_antelope_valley,Antelope Valley,3,"Walker, Deshauna",True,13,0,1,0.0,0,0,,1,2,0.5,0,0,0,2,2,2,0,1,1
2022-11-26_csun_antelope_valley,Antelope Valley,00,"McMiller, Matesn",True,25,0,5,0.0,0,3,0.0,0,0,,0,4,4,1,1,0,1,4,0
2022-11-26_csun_antelope_valley,Antelope Valley,24,"Turner, Janae",False,29,5,17,0.294,4,13,0.308,1,2,0.5,0,4,4,3,0,3,1,0,15
2022-11-26_csun_antelope_valley,Antelope Valley,1,"Stevens, Cypree",False,20,3,8,0.375,1,2,0.5,0,0,,1,1,2,1,3,1,0,0,7
2022-11-26_csun_antelope_valley,Antelope Valley,10,"Rogers-mcadams, Jordan",False,14,1,3,0.333,0,0,,0,0,,0,2,2,5,4,1,1,1,2
2022-11-26_csun_antelope_valley,Antelope Valley,5,"Hernandez, Wendy",False,12,0,0,,0,0,,1,2,0.5,0,2,2,1,0,1,0,0,1
2022-11-26_csun_antelope_valley,Antelope Valley,55,"Thomas, Breanna",False,16,0,0,,0,0,,0,0,,0,2,2,1,0,0,0,0,0
2022-11-26_csun_antelope_valley,Antelope Valley,4,"Vigil, Brooke",False,5,0,2,0.0,0,2,0.0,0,0,,0,0,0,0,0,1,0,0,0
2022-11-26_csun_antelope_valley,Antelope Valley,11,"Woods, De'angela",False,2,0,0,,0,0,,0,0,,0,0,0,0,0,0,0,0,0
2022-11-26_csun_antelope_valley,Antelope Valley,13,"Beck, Lindsey",False,1,0,1,0.0,0,0,,0,0,,0,0,0,0,0,0,0,0,0
2022-11-26_csun_antelope_valley,Antelope Valley,TM,TEAM,False,0,0,0,,0,0,,0,0,,0,2,2,0,0,3,0,0,0
2022-11-26_csun_antelope_valley,CSUN,15,"Amundsen, Tess",True,20,4,12,0.333,3,8,0.375,5,6,0.833,1,1,2,0,1,2,1,0,16
2022-11-26_csun_antelope_valley,CSUN,1,"Jackson, Jordyn",True,20,4,7,0.571,0,1,0.0,6,7,0.857,0,5,5,2,2,0,0,1,14
2022-11-26_csun_antelope_valley,CSUN,34,"Spriggs, Kayanna",True,19,4,7,0.571,0,0,,2,6,0.333,3,7,10,3,1,4,1,0,10
2022-11-26_csun_antelope_valley,CSUN,5,"Duchemin, Michelle",True,17,3,5,0.6,0,1,0.0,4,4,1.0,3,5,8,2,3,2,0,2,10
2022-11-26_csun_antelope_valley,CSUN,10,"de Jesus , Ana Carolina",True,23,2,3,0.667,0,0,,2,2,1.0,0,5,5,1,1,2,0,0,6
2022-11-26_csun_antelope_valley,CSUN,24,"Smith, Macy",False,16,2,5,0.4,1,2,0.5,4,4,1.0,2,3,5,0,3,0,0,0,9
2022-11-26_csun_antelope_valley,CSUN,3,"Givens , Cheyenne",False,16,3,7,0.429,0,0,,1,1,1.0,0,2,2,1,3,4,1,1,7
2022-11-26_csun_antelope_valley,CSUN,25,"Amundsen, Laney",False,15,3,4,0.75,1,1,1.0,0,0,,0,1,1,1,0,2,0,0,7
2022-11-26_csun_antelope_valley,CSUN,13,"Fourie, Rochelle",False,8,1,1,1.0,0,0,,1,1,1.0,0,1,1,1,0,1,0,0,3
2022-11-26_csun_antelope_valley,CSUN,00,"Williams, De’jah",False,10,1,2,0.5,0,0,,0,0,,1,1,2,1,2,1,0,0,2
2022-11-26_csun_antelope_valley,CSUN,11,"Smith, Olivia",False,9,1,6,0.167,0,1,0.0,0,0,,1,1,2,0,0,1,0,0,2
2022-11-26_csun_antelope_valley,CSUN,45,"Nikishina , Arina",False,9,1,5,0.2,0,0,,0,0,,2,0,2,3,0,1,0,1,2
2022-11-26_csun_antelope_valley,CSUN,4,"Harvey, Rachel",False,18,0,1,0.0,0,0,,1,2,0.5,0,2,2,2,3,1,0,2,1
2022-11-26_csun_antelope_valley,CSUN,TM,TEAM,False,0,0,0,,0,0,,0,0,,3,4,7,0,0,0,0,0,0
2022-11-26_uc_riverside_liu,LIU,12,"Austin, Ashley",True,33,5,12,0.417,0,2,0.0,1,5,0.2,0,3,3,2,0,4,0,2,11
2022-11-26_uc_riverside_liu,LIU,00,"Thomas, De'asia",True,28,3,11,0.273,0,1,0.0,0,0,,0,5,5,3,1,1,0,0,6
2022-11-26_uc_riverside_liu,LIU,5,"Mwai, Shyan",True,14,1,3,0.333,1,2,0.5,2,2,1.0,0,0,0,2,0,0,1,0,5
2022-11-26_uc_riverside_liu,LIU,3,"Bermejo, Cristina",True,32,2,5,0.4,0,1,0.0,0,0,,0,4,4,1,0,0,0,0,4
2022-11-26_uc_riverside_liu,LIU,13,"Mbulito, Iris",True,9,0,0,,0,0,,0,0,,0,0,0,0,1,0,1,0,0
2022-11-26_uc_riverside_liu,LIU,11,"Elohim, Mariah",False,22,6,7,0.857,3,3,1.0,1,1,1.0,0,2,2,0,0,1,0,1,16
2022-11-26_uc_riverside_liu,LIU,1,"O'brien, Emaia",False,25,1,5,0.2,0,0,,2,2,1.0,0,1,1,0,2,3,0,2,4
2022-11-26_uc_riverside_liu,LIU,2,"Hache, Zoee",False,14,0,2,0.0,0,0,,1,2,0.5,0,0,0,1,3,1,0,1,1
2022-11-26_uc_riverside_liu,LIU,10,"Henson, Claire",False,7,0,2,0.0,0,0,,0,0,,0,0,0,1,0,1,0,0,0
2022-11-26_uc_riverside_liu,LIU,33,"Smith, Sydni",False,7,0,0,,0,0,,0,0,,0,1,1,2,0,0,0,0,0
2022-11-26_uc_riverside_liu,LIU,20,"Brandsma, Jeanine",False,4,0,0,,0,0,,0,0,,0,2,2,0,0,1,0,0,0
2022-11-26_uc_riverside_liu,LIU,21,"Amos, Tiana",False,2,0,0,,0,0,,0,0,,0,0,0,0,0,1,0,1,0
2022-11-26_uc_riverside_liu,LIU,24,"Alexe, Antoaneta",False,2,0,0,,0,0,,0,0,,0,0,0,0,0,0,0,0,0
2022-11-26_uc_riverside_liu,LIU,4,"Bryson, Tashun",False,1,0,1,0.0,0,0,,0,0,,0,0,0,0,0,0,0,0,0
2022-11-26_uc_riverside_liu,LIU,TM,TEAM,False,0,0,0,,0,0,,0,0,,3,5,8,0,0,0,0,0,0
2022-11-26_uc_riverside_liu,UC Riverside,1,"Bryant, Matehya",True,35,9,16,0.562,0,0,,0,0,,7,10,17,1,2,0,2,1,18
2022-11-26_uc_riverside_liu,UC Riverside,32,"Webster, Jordan",True,32,4,12,0.333,0,5,0.0,4,4,1.0,2,6,8,2,0,4,1,1,12
2022-11-26_uc_riverside_liu,UC Riverside,22,"Atchley, Paris",True,37,2,9,0.222,0,3,0.0,0,0,,0,2,2,3,4,4,0,0,4
2022-11-26_uc_riverside_liu,UC Riverside,13,"Finau, Mele",True,36,1,5,0.2,0,1,0.0,2,2,1.0,1,4,5,1,2,3,0,1,4
2022-11-26_uc_riverside_liu,UC Riverside,23,"Aikins, India",True,6,0,2,0.0,0,0,,0,0,,0,2,2,1,0,2,0,0,0
2022-11-26_uc_riverside_liu,UC Riverside,15,"Blount, Anna",False,11,1,1,1.0,0,0,,4,6,0.667,0,3,3,2,0,2,0,0,6
2022-11-26_uc_riverside_liu,UC Riverside,4,"Marshall, Jordyn",False,17,2,5,0.4,1,1,1.0,0,0,,0,0,0,0,3,0,0,0,5
2022-11-26_uc_riverside_liu,UC Riverside,3,"Tillery, Zoe",False,22,0,5,0.0,0,3,0.0,0,0,,0,0,0,1,3,1,0,1,0
2022-11-26_uc_riverside_liu,UC Riverside,10,"Stenberg, Julia",False,2,0,0,,0,0,,0,0,,0,0,0,0,0,0,0,0,0
2022-11-26_uc_riverside_liu,UC Riverside,11,"Matarranz, Esther",False,2,0,0,,0,0,,0,0,,0,0,0,1,0,0,0,0,0
2022-11-26_uc_riverside_liu,UC Riverside,30,"Morse, Rose",False,0,0,0,,0,0,,0,0,,0,0,0,0,0,0,0,0,0
2022-11-26_uc_riverside_liu,UC Riverside,TM,TEAM,False,0,0,0,,0,0,,0,0,,5,3,8,0,0,1,0,0,0
2022-11-27_pacific_uc_davis,UC Davis,13,"Burns, Sydney",True,35,4,7,0.571,2,4,0.5,6,8,0.75,0,2,2,4,5,5,0,2,16
2022-11-27_pacific_uc_davis,UC Davis,33,"Harris, Mazatlan",True,29,6,12,0.5,3,8,0.375,1,2,0.5,2,3,5,1,0,0,0,0,16
2022-11-27_pacific_uc_davis,UC Davis,15,"Turner, Evanne",True,37,5,16,0.312,4,10,0.4,0,0,,3,1,4,3,2,5,0,1,14
2022-11-27_pacific_uc_davis,UC Davis,01,"Sussman, Tess",True,36,4,8,0.5,2,5,0.4,1,2,0.5,2,11,13,2,1,3,0,0,11
2022-11-27_pacific_uc_davis,UC Davis,25,"Norris, Megan",True,9,2,3,0.667,0,0,,0,0,,2,1,3,3,1,2,0,0,4
2022-11-27_pacific_uc_davis,UC Davis,04,"Epps, Nya",False,9,2,4,0.5,1,1,1.0,3,4,0.75,1,0,1,2,1,1,0,0,8
2022-11-27_pacific_uc_davis,UC Davis,23,"Baker, Victoria",False,5,1,3,0.333,0,1,0.0,1,1,1.0,0,1,1,1,1,3,0,0,3
2022-11-27_pacific_uc_davis,UC Davis,02,"Jones, Megan",False,31,1,4,0.25,0,3,0.0,0,0,,4,6,10,3,5,1,4,2,2
2022-11-27_pacific_uc_davis,UC Davis,14,"Sabel, Tova",False,6,0,3,0.0,0,1,0.0,0,0,,0,1,1,1,0,0,0,0,0
2022-11-27_pacific_uc_davis,UC Davis,20,"Sanders, Makaila",False,3,0,1,0.0,0,1,0.0,0,0,,0,0,0,0,0,0,0,0,0
2022-11-27_pacific_uc_davis,UC Davis,TM,TEAM,False,0,0,0,,0,0,,0,0,,1,6,7,0,0,1,0,0,0
2022-11-27_pacific_uc_davis,Pacific,24,"Smith, Liz",True,38,8,14,0.571,6,9,0.667,6,6,1.0,0,5,5,3,2,5,1,3,28
2022-11-27_pacific_uc_davis,Pacific,14,"Elliott, Elizabeth",True,29,3,11,0.273,0,0,,5,6,0.833,4,5,9,2,1,1,0,2,11
2022-11-27_pacific_uc_davis,Pacific,01,"Deaton, Kadie",True,29,4,8,0.5,1,1,1.0,0,0,,1,2,3,2,2,2,0,2,9
2022-11-27_pacific_uc_davis,Pacific,30,"Ashby, Sam",True,38,3,13,0.231,0,4,0.0,2,2,1.0,1,3,4,2,3,1,0,0,8
2022-11-27_pacific_uc_davis,Pacific,33,"Ennis, Madelene",True,18,0,0,,0,0,,1,2,0.5,0,2,2,2,0,1,0,1,1
2022-11-27_pacific_uc_davis,Pacific,20,"Adams, Erica",False,15,2,5,0.4,1,1,1.0,1,2,0.5,0,0,0,0,1,0,0,0,6
2022-11-27_pacific_uc_davis,Pacific,11,"Holmberg, Cecilia",False,18,1,4,0.25,1,1,1.0,0,0,,0,1,1,2,5,1,0,1,3
2022-11-27_pacific_uc_davis,Pacific,04,"Schweizer, Rosie",False,11,1,6,0.167,0,0,,0,0,,1,1,2,3,0,0,2,1,2
2022-11-27_pacific_uc_davis,Pacific,10,"Ward, Sydney",False,4,0,0,,0,0,,0,0,,0,0,0,0,0,0,0,0,0
2022-11-27_pacific_uc_davis,Pacific,TM,TEAM,False,0,0,0,,0,0,,0,0,,1,2,3,0,0,0,0,0,0
2022-11-27_hawaii_stanford,Stanford,22,"Brink, Cameron",True,28,4,10,0.4,0,1,0.0,7,7,1.0,3,6,9,1,0,2,5,3,15
2022-11-27_hawaii_stanford,Stanford,30,"Jones, Haley",True,27,3,12,0.25,0,1,0.0,5,5,1.0,1,4,5,1,1,3,0,0,11
2022-11-27_hawaii_stanford,Stanford,44,"Iriafen, Kiki",True,15,3,5,0.6,0,0,,0,0,,2,3,5,2,1,3,0,0,6
2022-11-27_hawaii_stanford,Stanford,10,"Lepolo, Talana",True,34,2,4,0.5,0,1,0.0,0,0,,0,1,1,3,8,2,0,1,4
2022-11-27_hawaii_stanford,Stanford,33,"Jump, Hannah",True,29,1,7,0.143,1,6,0.167,0,0,,1,1,2,1,2,1,0,1,3
2022-11-27_hawaii_stanford,Stanford,11,"Prechtel, Ashten",False,20,6,10,0.6,5,9,0.556,0,0,,2,9,11,2,0,1,0,0,17
2022-11-27_hawaii_stanford,Stanford,12,"Nivar, Indya",False,7,2,2,1.0,1,1,1.0,0,0,,0,0,0,1,0,1,0,0,5
2022-11-27_hawaii_stanford,Stanford,51,"Betts, Lauren",False,8,1,2,0.5,0,0,,1,4,0.25,2,1,3,1,0,0,0,0,3
2022-11-27_hawaii_stanford,Stanford,21,"Demetre, Brooke",False,9,1,4,0.25,0,3,0.0,0,0,,1,1,2,0,1,0,0,0,2
2022-11-27_hawaii_stanford,Stanford,02,"Emma-Nnopu, Agnes",False,7,1,2,0.5,0,0,,0,0,,2,0,2,2,0,0,0,1,2
2022-11-27_hawaii_stanford,Stanford,20,"Bosgana, Elena",False,10,0,1,0.0,0,0,,0,0,,0,0,0,2,0,0,0,1,0
2022-11-27_hawaii_stanford,Stanford,32,"Harriel, Jzaniya",False,5,0,0,,0,0,,0,0,,0,2,2,0,0,0,0,0,0
2022-11-27_hawaii_stanford,Stanford,05,"Belibi, Francesca",False,1,0,1,0.0,0,0,,0,0,,0,0,0,0,0,0,0,0,0
2022-11-27_hawaii_stanford,Stanford,TM,TEAM,False,0,0,0,,0,0,,0,0,,0,2,2,0,0,1,0,0,0
2022-11-27_hawaii_stanford,Hawaii,03,"Wahinekapu, Lily",True,30,4,6,0.667,1,3,0.333,3,3,1.0,0,0,0,1,2,2,0,1,12
2022-11-27_hawaii_stanford,Hawaii,12,"Perez, Imani",True,29,3,4,0.75,1,1,1.0,0,1,0.0,0,6,6,3,1,1,0,0,7
2022-11-27_hawaii_stanford,Hawaii,15,"Phillips, Daejah",True,31,2,10,0.2,0,3,0.0,2,2,1.0,1,4,5,4,1,5,0,1,6
2022-11-27_hawaii_stanford,Hawaii,11,"Spiller, Kallin",True,18,2,6,0.333,2,4,0.5,0,0,,0,1,1,2,0,1,0,0,6
2022-11-27_hawaii_stanford,Hawaii,01,"Imai, Kelsie",True,20,0,3,0.0,0,0,,2,2,1.0,1,3,4,3,0,2,0,0,2
2022-11-27_hawaii_stanford,Hawaii,23,"McBee, MeiLani",False,11,0,3,0.0,0,3,0.0,4,5,0.8,0,0,0,0,0,1,0,0,4
2022-11-27_hawaii_stanford,Hawaii,04,"Lefotu, Jovi",False,14,1,3,0.333,0,0,,0,0,,0,5,5,0,0,1,0,0,2
2022-11-27_hawaii_stanford,Hawaii,14,"Orji, Nnenna",False,13,0,3,0.0,0,1,0.0,0,0,,0,0,0,3,0,0,0,0,0
2022-11-27_hawaii_stanford,Hawaii,34,"David, Jacque",False,13,0,5,0.0,0,4,0.0,0,0,,1,0,1,3,1,0,0,0,0
2022-11-27_hawaii_stanford,Hawaii,02,"Thoms, Ashley",False,7,0,1,0.0,0,1,0.0,0,0,,0,1,1,0,0,1,0,0,0
2022-11-27_hawaii_stanford,Hawaii,10,"Jefferson, Meg",False,5,0,2,0.0,0,0,,0,0,,1,0,1,1,0,1,0,0,0
2022-11-27_hawaii_stanford,Hawaii,32,"Ongoongotau, Eva",False,5,0,0,,0,0,,0,0,,0,1,1,0,0,1,0,0,0
2022-11-27_hawaii_stanford,Hawaii,00,"Watkins, Avery",False,3,0,0,,0,0,,0,0,,0,0,0,0,0,0,0,0,0
2022-11-27_hawaii_stanford,Hawaii,20,"Haire, McKenna",False,1,0,0,,0,0,,0,0,,0,0,0,0,0,0,0,0,0
2022-11-27_hawaii_stanford,Hawaii,TM,TEAM,False,0,0,0,,0,0,,0,0,,1,2,3,0,0,4,0,0,0
2022-11-27_etsu_uc_san_diego,UC San Diego,24,"Mullings, Bridget",True,17,4,9,0.444,1,1,1.0,0,2,0.0,3,4,7,1,0,4,1,1,9
2022-11-27_etsu_uc_san_diego,UC San Diego,13,"Brown, Sydney",True,31,4,9,0.444,0,1,0.0,0,2,0.0,0,6,6,3,1,2,0,0,8
2022-11-27_etsu_uc_san_diego,UC San Diego,02,"Talbot, Grace",True,29,3,11,0.273,1,4,0.25,0,0,,0,0,0,4,4,0,0,3,7
2022-11-27_etsu_uc_san_diego,UC San Diego,12,"Baxter, Madison",True,26,2,3,0.667,0,1,0.0,0,0,,0,3,3,1,1,2,0,2,4
2022-11-27_etsu_uc_san_diego,UC San Diego,04,"Cangelosi, Emily",True,30,0,2,0.0,0,2,0.0,0,0,,1,2,3,1,3,0,0,0,0
2022-11-27_etsu_uc_san_diego,UC San Diego,20,"Forsyth, Izzy",False,22,4,6,0.667,2,4,0.5,0,2,0.0,1,5,6,0,0,0,0,3,10
2022-11-27_etsu_uc_san_diego,UC San Diego,32,"Montgomery, Parker",False,23,3,10,0.3,2,6,0.333,0,0,,0,1,1,0,0,2,0,0,8
2022-11-27_etsu_uc_san_diego,UC San Diego,23,"Thompson, Courtni",False,9,0,0,,0,0,,0,0,,0,0,0,0,1,2,0,0,0
2022-11-27_etsu_uc_san_diego,UC San Diego,35,"Springs, Katie",False,5,0,1,0.0,0,0,,0,0,,0,1,1,1,1,1,0,0,0
2022-11-27_etsu_uc_san_diego,UC San Diego,05,"Louther, Gabby",False,4,0,2,0.0,0,1,0.0,0,0,,0,1,1,0,0,0,0,0,0
2022-11-27_etsu_uc_san_diego,UC San Diego,25,"Mahan, Junaé",False,4,0,2,0.0,0,0,,0,0,,1,0,1,0,0,0,0,0,0
2022-11-27_etsu_uc_san_diego,UC San Diego,TM,TEAM,False,0,0,0,,0,0,,0,0,,3,6,9,0,0,2,0,0,0
2022-11-27_etsu_uc_san_diego,ETSU,10,"Moore, Courtney",True,29,4,11,0.364,3,9,0.333,0,0,,0,0,0,0,3,1,0,2,11
2022-11-27_etsu_uc_san_diego,ETSU,14,"Ruffus-Milner, Jayla",True,27,5,8,0.625,0,0,,0,1,0.0,5,2,7,2,0,0,0,0,10
2022-11-27_etsu_uc_san_diego,ETSU,30,"Thomas, Jiselle",True,32,4,16,0.25,1,5,0.2,0,0,,3,4,7,2,1,3,0,2,9
2022-11-27_etsu_uc_san_diego,ETSU,12,"Folley, Kendall",True,28,2,9,0.222,1,4,0.25,3,4,0.75,0,3,3,0,5,1,0,1,8
2022-11-27_etsu_uc_san_diego,ETSU,02,"McDaniel, Journee",True,22,1,4,0.25,1,3,0.333,0,0,,2,7,9,1,0,1,0,2,3
2022-11-27_etsu_uc_san_diego,ETSU,00,"Brown, Nevaeh",False,26,4,9,0.444,0,0,,2,2,1.0,2,1,3,2,2,3,1,1,10
2022-11-27_etsu_uc_san_diego,ETSU,24,"Davis, Jakhyia",False,13,2,5,0.4,0,0,,0,0,,2,7,9,0,0,0,0,2,4
2022-11-27_etsu_uc_san_diego,ETSU,23,"Thompson, Sarah",False,13,0,2,0.0,0,2,0.0,0,0,,1,2,3,0,0,0,0,0,0
2022-11-27_etsu_uc_san_diego,ETSU,04,"Kirtner, Meleah",False,7,0,1,0.0,0,1,0.0,0,0,,0,0,0,2,0,1,0,0,0
2022-11-27_etsu_uc_san_diego,ETSU,05,"Cotton, Jaileyah",False,3,0,1,0.0,0,0,,0,0,,0,0,0,1,0,1,0,1,0
2022-11-27_etsu_uc_san_diego,ETSU,TM,TEAM,False,0,0,0,,0,0,,0,0,,1,3,4,0,0,0,0,0,0
2022-11-28_cal_st_fullerton_pepperdine,Pepperdine,00,Theresa Grace Mbanef,True,29,7,10,0.7,0,0,,1,2,0.5,1,4,5,1,2,2,0,0,15
2022-11-28_cal_st_fullerton_pepperdine,Pepperdine,24,Ally Stedman,True,36,5,11,0.455,1,6,0.167,0,0,,0,2,2,1,6,6,1,1,11
2022-11-28_cal_st_fullerton_pepperdine,Pepperdine,10,Jane Nwaba,True,31,3,6,0.5,1,4,0.25,2,4,0.5,1,1,2,4,3,3,0,1,9
2022-11-28_cal_st_fullerton_pepperdine,Pepperdine,13,Meaali'i Amosa,True,29,3,4,0.75,1,2,0.5,0,1,0.0,2,4,6,1,0,3,0,0,7
2022-11-28_cal_st_fullerton_pepperdine,Pepperdine,12,Marly Walls,True,33,1,9,0.111,0,3,0.0,0,0,,0,8,8,3,2,3,0,0,2
2022-11-28_cal_st_fullerton_pepperdine,Pepperdine,33,Kyrah  Brodie,False,6,2,3,0.667,0,0,,0,0,,1,0,1,0,0,0,1,0,4
2022-11-28_cal_st_fullerton_pepperdine,Pepperdine,11,Helena Friend,False,19,1,1,1.0,1,1,1.0,0,0,,0,2,2,1,1,0,0,0,3
2022-11-28_cal_st_fullerton_pepperdine,Pepperdine,15,Becky Obinma,False,11,1,4,0.25,0,0,,0,0,,1,4,5,4,0,3,1,0,2
2022-11-28_cal_st_fullerton_pepperdine,Pepperdine,03,Drea Brumfield,False,6,1,2,0.5,0,1,0.0,0,0,,0,0,0,0,0,0,0,0,2
2022-11-28_cal_st_fullerton_pepperdine,Pepperdine,TM,TEAM,False,0,0,0,,0,0,,0,0,,1,2,3,0,0,0,0,0,0
2022-11-28_cal_st_fullerton_pepperdine,Cal St. Fullerton,04,"Vidmar, Gabi",True,37,6,13,0.462,5,11,0.455,0,0,,1,7,8,1,0,1,0,5,17
2022-11-28_cal_st_fullerton_pepperdine,Cal St. Fullerton,05,"Jovanovic, Una",True,38,7,11,0.636,0,0,,2,2,1.0,0,0,0,1,6,0,0,2,16
2022-11-28_cal_st_fullerton_pepperdine,Cal St. Fullerton,55,"Nimmo, Fujika",True,35,4,13,0.308,2,4,0.5,2,5,0.4,1,1,2,1,3,2,0,3,12
2022-11-28_cal_st_fullerton_pepperdine,Cal St. Fullerton,32,"Lewis, Ashlee",True,28,3,14,0.214,0,0,,6,6,1.0,5,5,10,1,0,0,1,0,12
2022-11-28_cal_st_fullerton_pepperdine,Cal St. Fullerton,24,"Neff, Kathryn",True,23,0,2,0.0,0,1,0.0,0,0,,1,1,2,0,2,0,0,0,0
2022-11-28_cal_st_fullerton_pepperdine,Cal St. Fullerton,13,"Hernandez, Aixchel",False,12,3,4,0.75,0,0,,1,2,0.5,1,1,2,1,0,1,0,2,7
2022-11-28_cal_st_fullerton_pepperdine,Cal St. Fullerton,11,"MacDonald, Ruby",False,16,0,1,0.0,0,1,0.0,0,0,,2,2,4,3,3,3,0,1,0
2022-11-28_cal_st_fullerton_pepperdine,Cal St. Fullerton,21,"Tse, Allysan",False,7,0,3,0.0,0,2,0.0,0,0,,0,2,2,0,0,1,0,1,0
2022-11-28_cal_st_fullerton_pepperdine,Cal St. Fullerton,10,"Lagway, Demonnie",False,3,0,3,0.0,0,1,0.0,0,0,,0,1,1,0,0,0,0,0,0
2022-11-28_cal_st_fullerton_pepperdine,Cal St. Fullerton,01,Nancy Panagiotopoulo,False,1,0,0,,0,0,,0,0,,0,0,0,0,0,0,0,0,0
2022-11-28_cal_st_fullerton_pepperdine,Cal St. Fullerton,TM,TEAM,False,0,0,0,,0,0,,0,0,,3,1,4,0,0,2,0,0,0
2022-11-30_lmu_ca_uc_santa_barbara,UC Santa Barbara,31,"Lane, Ila",True,34,7,9,0.778,0,0,,4,4,1.0,2,10,12,1,1,2,1,2,18
2022-11-30_lmu_ca_uc_santa_barbara,UC Santa Barbara,02,"Tucker, Alexis",True,28,6,13,0.462,0,2,0.0,2,2,1.0,0,4,4,2,1,2,0,1,14
2022-11-30_lmu_ca_uc_santa_barbara,UC Santa Barbara,12,"Mole, Taylor",True,27,2,7,0.286,0,4,0.0,2,2,1.0,0,1,1,1,1,1,1,2,6
2022-11-30_lmu_ca_uc_santa_barbara,UC Santa Barbara,03,"Marin, Alyssa",True,28,1,3,0.333,1,2,0.5,2,2,1.0,1,1,2,3,4,3,0,4,5
2022-11-30_lmu_ca_uc_santa_barbara,UC Santa Barbara,10,"Choice, Anya",True,26,2,4,0.5,0,0,,0,0,,0,1,1,2,3,3,0,0,4
2022-11-30_lmu_ca_uc_santa_barbara,UC Santa Barbara,21,"Johnson, Kennedy",False,12,2,4,0.5,1,2,0.5,0,0,,0,1,1,2,3,3,0,2,5
2022-11-30_lmu_ca_uc_santa_barbara,UC Santa Barbara,23,"Whitfield, Alexis",False,12,2,4,0.5,1,1,1.0,0,0,,2,2,4,1,1,2,1,0,5
2022-11-30_lmu_ca_uc_santa_barbara,UC Santa Barbara,13,"Modawar, Tatyana",False,6,2,2,1.0,0,0,,0,0,,0,1,1,0,0,0,0,0,4
2022-11-30_lmu_ca_uc_santa_barbara,UC Santa Barbara,32,"Grant, Jessica",False,4,1,2,0.5,1,2,0.5,0,0,,0,0,0,1,0,0,0,0,3
2022-11-30_lmu_ca_uc_santa_barbara,UC Santa Barbara,05,"Cooper, Callie",False,17,0,1,0.0,0,0,,0,0,,0,0,0,3,2,7,0,2,0
2022-11-30_lmu_ca_uc_santa_barbara,UC Santa Barbara,55,"Burke, Skylar",False,6,0,1,0.0,0,1,0.0,0,0,,0,0,0,3,0,1,0,0,0
2022-11-30_lmu_ca_uc_santa_barbara,UC Santa Barbara,TM,TEAM,False,0,0,0,,0,0,,0,0,,0,3,3,0,0,0,0,0,0
2022-11-30_lmu_ca_uc_santa_barbara,LMU (CA),32,"Johnson, Ariel",True,37,6,15,0.4,0,2,0.0,5,6,0.833,0,5,5,3,2,6,0,2,17
2022-11-30_lmu_ca_uc_santa_barbara,LMU (CA),01,"Rodriguez, Nicole",True,29,2,4,0.5,2,3,0.667,4,4,1.0,0,2,2,0,0,1,0,0,10
2022-11-30_lmu_ca_uc_santa_barbara,LMU (CA),35,"Mark, Alexis",True,22,1,4,0.25,1,1,1.0,1,4,0.25,2,3,5,5,3,4,0,3,4
2022-11-30_lmu_ca_uc_santa_barbara,LMU (CA),34,"Clark, Khari",True,17,2,8,0.25,0,1,0.0,0,0,,3,2,5,2,2,3,1,1,4
2022-11-30_lmu_ca_uc_santa_barbara,LMU (CA),02,"Gordon, Cassandra",True,25,0,5,0.0,0,1,0.0,0,0,,0,3,3,0,0,3,0,0,0
2022-11-30_lmu_ca_uc_santa_barbara,LMU (CA),11,"Samuel, Destiny",False,14,2,4,0.5,2,3,0.667,0,0,,2,1,3,1,0,2,0,1,6
2022-11-30_lmu_ca_uc_santa_barbara,LMU (CA),13,"Oliver, Amaya",False,20,2,5,0.4,1,2,0.5,0,0,,0,2,2,3,2,3,0,2,5
2022-11-30_lmu_ca_uc_santa_barbara,LMU (CA),23,"Curry, Layla",False,14,1,6,0.167,1,4,0.25,0,0,,0,1,1,0,0,0,0,1,3
2022-11-30_lmu_ca_uc_santa_barbara,LMU (CA),21,"Yancy, Noelle",False,16,0,1,0.0,0,0,,0,0,,0,0,0,1,1,2,0,0,0
2022-11-30_lmu_ca_uc_santa_barbara,LMU (CA),22,"Toone, Ava",False,6,0,1,0.0,0,1,0.0,0,0,,0,0,0,1,0,0,0,0,0
2022-11-30_lmu_ca_uc_santa_barbara,LMU (CA),TM,TEAM,False,0,0,0,,0,0,,0,0,,3,0,3,0,0,2,0,0,0
2022-12-01_eastern_wash_uc_irvine,UC Irvine,42,"Hunt, Naomi",True,26,7,18,0.389,3,9,0.333,0,0,,1,4,5,2,0,0,0,3,17
2022-12-01_eastern_wash_uc_irvine,UC Irvine,3,"Tom, Nikki",True,34,6,10,0.6,0,1,0.0,0,0,,2,3,5,1,3,0,0,2,12
2022-12-01_eastern_wash_uc_irvine,UC Irvine,23,"Konate, Diaba",True,32,4,7,0.571,0,1,0.0,4,4,1.0,1,3,4,2,5,5,0,1,12
2022-12-01_eastern_wash_uc_irvine,UC Irvine,21,"Williams, Olivia",True,25,2,7,0.286,0,2,0.0,0,0,,0,4,4,1,2,1,0,1,4
2022-12-01_eastern_wash_uc_irvine,UC Irvine,24,"Dean, Nevaeh",True,8,0,1,0.0,0,0,,0,0,,0,0,0,3,0,1,0,0,0
2022-12-01_eastern_wash_uc_irvine,UC Irvine,13,"Lee, Déja",False,22,4,10,0.4,2,2,1.0,1,2,0.5,1,2,3,1,1,2,0,0,11
2022-12-01_eastern_wash_uc_irvine,UC Irvine,32,"Parkinson, Nevaeh",False,8,3,6,0.5,0,0,,1,2,0.5,0,1,1,0,0,0,0,0,7
2022-12-01_eastern_wash_uc_irvine,UC Irvine,22,"Gony, Nyagoa",False,23,2,3,0.667,0,0,,0,0,,3,5,8,2,1,2,3,1,4
2022-12-01_eastern_wash_uc_irvine,UC Irvine,20,"Hernandez, Hunter",False,17,0,2,0.0,0,1,0.0,0,0,,1,0,1,2,1,0,0,1,0
2022-12-01_eastern_wash_uc_irvine,UC Irvine,33,"Kaupu, Caiyle",False,3,0,0,,0,0,,0,0,,0,0,0,0,0,1,0,0,0
2022-12-01_eastern_wash_uc_irvine,UC Irvine,11,"Scharpf, Amelia",False,2,0,0,,0,0,,0,0,,0,0,0,0,0,1,0,0,0
2022-12-01_eastern_wash_uc_irvine,UC Irvine,TM,TEAM,False,0,0,0,,0,0,,0,0,,5,2,7,0,0,3,0,0,0
2022-12-01_eastern_wash_uc_irvine,Eastern Wash.,23,"Martin, Jaydia",True,33,7,16,0.438,5,11,0.455,0,0,,1,3,4,3,2,3,0,0,19
2022-12-01_eastern_wash_uc_irvine,Eastern Wash.,10,"Buckley, Jacinta",True,34,6,12,0.5,2,3,0.667,0,0,,2,7,9,2,1,2,2,0,14
2022-12-01_eastern_wash_uc_irvine,Eastern Wash.,15,"Loera, Jamie",True,36,4,9,0.444,0,4,0.0,2,2,1.0,0,1,1,4,5,1,1,3,10
2022-12-01_eastern_wash_uc_irvine,Eastern Wash.,25,"Alexander, Aaliyah",True,27,2,11,0.182,0,5,0.0,3,3,1.0,2,1,3,3,0,3,0,0,7
2022-12-01_eastern_wash_uc_irvine,Eastern Wash.,21,"Knowles, Milly",True,16,0,1,0.0,0,0,,0,0,,0,2,2,2,1,1,0,0,0
2022-12-01_eastern_wash_uc_irvine,Eastern Wash.,24,"Lawrence, Jaleesa",False,27,4,8,0.5,1,3,0.333,1,1,1.0,1,1,2,1,2,3,1,1,10
2022-12-01_eastern_wash_uc_irvine,Eastern Wash.,3,"McNeal, Jayden",False,14,2,2,1.0,0,0,,1,2,0.5,1,1,2,1,2,1,0,0,5
2022-12-01_eastern_wash_uc_irvine,Eastern Wash.,12,"Zylak, Andie",False,8,0,0,,0,0,,0,0,,0,0,0,1,1,0,0,0,0
2022-12-01_eastern_wash_uc_irvine,Eastern Wash.,30,"Jung, Gabrielle",False,5,0,1,0.0,0,0,,0,0,,0,0,0,0,0,0,0,0,0
2022-12-01_eastern_wash_uc_irvine,Eastern Wash.,TM,TEAM,False,0,0,0,,0,0,,0,0,,3,3,6,0,0,1,0,0,0
2022-12-01_uc_san_diego_san_diego_st,San Diego St.,02,"Ramos, Sophia",True,29,4,8,0.5,2,4,0.5,2,2,1.0,0,2,2,4,3,3,0,3,12
2022-12-01_uc_san_diego_san_diego_st,San Diego St.,01,"Avinger, Asia",True,33,3,9,0.333,0,2,0.0,4,5,0.8,0,2,2,3,6,7,0,1,10
2022-12-01_uc_san_diego_san_diego_st,San Diego St.,23,"Villalobos, Kim",True,18,5,9,0.556,0,0,,0,1,0.0,1,3,4,2,0,1,2,2,10
2022-12-01_uc_san_diego_san_diego_st,San Diego St.,12,"Staples, Mercedes",True,39,3,8,0.375,0,2,0.0,1,2,0.5,0,7,7,1,2,1,0,3,7
2022-12-01_uc_san_diego_san_diego_st,San Diego St.,05,"Morris, Yummy",True,19,0,1,0.0,0,0,,0,0,,1,2,3,1,2,0,2,0,0
2022-12-01_uc_san_diego_san_diego_st,San Diego St.,24,"Prohaska, Abby",False,26,9,15,0.6,2,5,0.4,3,3,1.0,0,4,4,2,3,3,2,1,23
2022-12-01_uc_san_diego_san_diego_st,San Diego St.,20,"Barcello, Sarah",False,12,2,2,1.0,1,1,1.0,0,0,,1,0,1,1,0,1,0,0,5
2022-12-01_uc_san_diego_san_diego_st,San Diego St.,13,"Fiso, Meghan",False,8,1,2,0.5,1,1,1.0,0,0,,0,1,1,3,0,0,0,0,3
2022-12-01_uc_san_diego_san_diego_st,San Diego St.,00,"Pepe, Khylee",False,16,1,2,0.5,0,0,,0,0,,2,1,3,3,2,1,1,0,2
2022-12-01_uc_san_diego_san_diego_st,San Diego St.,TM,TEAM,False,0,0,0,,0,0,,0,0,,2,2,4,0,0,0,0,0,0
2022-12-01_uc_san_diego_san_diego_st,UC San Diego,13,"Brown, Sydney",True,35,5,12,0.417,0,3,0.0,5,5,1.0,1,8,9,2,3,4,0,2,15
2022-12-01_uc_san_diego_san_diego_st,UC San Diego,24,"Mullings, Bridget",True,17,2,3,0.667,0,1,0.0,3,3,1.0,1,1,2,2,0,2,1,0,7
2022-12-01_uc_san_diego_san_diego_st,UC San Diego,04,"Cangelosi, Emily",True,33,3,5,0.6,0,1,0.0,0,0,,3,6,9,0,0,1,0,2,6
2022-12-01_uc_san_diego_san_diego_st,UC San Diego,12,"Baxter, Madison",True,31,2,7,0.286,2,6,0.333,0,0,,2,0,2,0,1,3,0,0,6
2022-12-01_uc_san_diego_san_diego_st,UC San Diego,10,"Macabuhay, Julia",True,20,1,9,0.111,1,4,0.25,0,0,,0,2,2,0,2,4,0,0,3
2022-12-01_uc_san_diego_san_diego_st,UC San Diego,20,"Forsyth, Izzy",False,28,3,5,0.6,2,3,0.667,7,8,0.875,1,4,5,4,1,2,1,0,15
2022-12-01_uc_san_diego_san_diego_st,UC San Diego,32,"Montgomery, Parker",False,17,2,8,0.25,0,2,0.0,1,2,0.5,0,1,1,2,2,0,1,1,5
2022-12-01_uc_san_diego_san_diego_st,UC San Diego,02,"Talbot, Grace",False,19,1,4,0.25,1,3,0.333,0,0,,0,0,0,4,2,3,0,2,3
2022-12-01_uc_san_diego_san_diego_st,UC San Diego,TM,TEAM,False,0,0,0,,0,0,,0,0,,2,2,4,0,0,3,0,0,0
2022-12-01_csun_san_francisco,San Francisco,21,"Krimili, Ioanna",True,23,4,12,0.333,3,8,0.375,2,3,0.667,2,1,3,0,1,0,0,1,13
2022-12-01_csun_san_francisco,San Francisco,2,"Vaalavirta, Kia",True,14,4,5,0.8,1,2,0.5,0,0,,1,0,1,3,0,0,0,0,9
2022-12-01_csun_san_francisco,San Francisco,3,"Baum, Amy",True,21,2,2,1.0,1,1,1.0,0,0,,0,2,2,2,3,3,1,0,5
2022-12-01_csun_san_francisco,San Francisco,4,"McDowell-white, Jessica",True,24,1,5,0.2,1,5,0.2,0,0,,0,1,1,1,4,2,0,0,3
2022-12-01_csun_san_francisco,San Francisco,12,"Dickie, Kennedy",True,11,1,1,1.0,0,0,,0,0,,0,2,2,2,0,1,0,1,2
2022-12-01_csun_san_francisco,San Francisco,13,"dos Santos, Debora",False,17,5,8,0.625,0,0,,2,6,0.333,3,7,10,3,2,1,3,2,12
2022-12-01_csun_san_francisco,San Francisco,11,"Gayles, Jasmine",False,16,2,5,0.4,0,1,0.0,3,3,1.0,1,3,4,2,2,2,0,0,7
2022-12-01_csun_san_francisco,San Francisco,20,"Kéita, Aya",False,15,2,4,0.5,1,1,1.0,2,2,1.0,0,1,1,4,0,2,0,1,7
2022-12-01_csun_san_francisco,San Francisco,55,"Rathbun, Abby",False,9,1,1,1.0,0,0,,2,2,1.0,2,2,4,0,0,1,0,1,4
2022-12-01_csun_san_francisco,San Francisco,1,"Christie, Loren",False,6,2,3,0.667,0,1,0.0,0,0,,0,1,1,1,0,1,0,0,4
2022-12-01_csun_san_francisco,San Francisco,32,"Fulcher, Cami",False,17,1,3,0.333,0,1,0.0,0,2,0.0,1,4,5,3,2,1,0,0,2
2022-12-01_csun_san_francisco,San Francisco,00,"Latu, Malia",False,14,1,9,0.111,0,2,0.0,0,0,,2,2,4,0,1,2,0,0,2
2022-12-01_csun_san_francisco,San Francisco,5,"Langer, Amalie",False,3,1,1,1.0,0,0,,0,0,,0,1,1,1,0,0,0,0,2
2022-12-01_csun_san_francisco,San Francisco,14,"Hernandez, Marina",False,10,0,1,0.0,0,0,,0,0,,0,0,0,3,0,0,0,0,0
2022-12-01_csun_san_francisco,San Francisco,TM,TEAM,False,0,0,0,,0,0,,0,0,,1,1,2,0,0,1,0,0,0
2022-12-01_csun_san_francisco,CSUN,15,"Amundsen, Tess",True,28,5,9,0.556,2,3,0.667,5,6,0.833,0,2,2,4,0,1,0,0,17
2022-12-01_csun_san_francisco,CSUN,1,"Jackson, Jordyn",True,33,2,9,0.222,0,2,0.0,5,5,1.0,0,2,2,2,0,3,0,0,9
2022-12-01_csun_san_francisco,CSUN,21,"Tu'ua, Anaiyah",True,26,2,6,0.333,0,0,,2,2,1.0,0,3,3,0,4,2,0,2,6
2022-12-01_csun_san_francisco,CSUN,5,"Duchemin, Michelle",True,24,1,3,0.333,1,1,1.0,0,0,,0,3,3,2,1,1,1,1,3
2022-12-01_csun_san_francisco,CSUN,4,"Harvey, Rachel",True,19,1,2,0.5,0,0,,0,0,,0,2,2,4,1,0,0,1,2
2022-12-01_csun_san_francisco,CSUN,24,"Smith, Macy",False,13,1,5,0.2,1,3,0.333,0,0,,1,0,1,0,1,0,0,0,3
2022-12-01_csun_san_francisco,CSUN,34,"Spriggs, Kayanna",False,11,0,1,0.0,0,0,,3,8,0.375,1,2,3,1,0,1,0,1,3
2022-12-01_csun_san_francisco,CSUN,10,"de Jesus , Ana Carolina",False,9,1,6,0.167,0,0,,0,0,,2,1,3,1,0,2,1,0,2
2022-12-01_csun_san_francisco,CSUN,13,"Fourie, Rochelle",False,5,1,2,0.5,0,0,,0,0,,1,0,1,3,0,4,0,0,2
2022-12-01_csun_san_francisco,CSUN,45,"Nikishina , Arina",False,5,0,1,0.0,0,0,,2,2,1.0,1,1,2,2,0,1,1,0,2
2022-12-01_csun_san_francisco,CSUN,11,"Smith, Olivia",False,11,0,0,,0,0,,0,0,,0,2,2,0,1,0,1,1,0
2022-12-01_csun_san_francisco,CSUN,00,"Williams, De’jah",False,8,0,0,,0,0,,0,2,0.0,0,1,1,1,1,2,0,1,0
2022-12-01_csun_san_francisco,CSUN,25,"Amundsen, Laney",False,6,0,1,0.0,0,0,,0,0,,0,3,3,0,0,0,1,0,0
2022-12-01_csun_san_francisco,CSUN,3,"Givens , Cheyenne",False,2,0,2,0.0,0,0,,0,0,,0,0,0,0,0,0,0,0,0
2022-12-01_csun_san_francisco,CSUN,TM,TEAM,False,0,0,0,,0,0,,0,0,,2,1,3,0,0,2,0,0,0
2022-12-03_saint_marys_ca_uc_davis,UC Davis,15,"Turner, Evanne",True,40,6,18,0.333,3,11,0.273,2,4,0.5,4,2,6,2,1,1,0,3,17
2022-12-03_saint_marys_ca_uc_davis,UC Davis,13,"Burns, Sydney",True,25,2,4,0.5,1,3,0.333,0,0,,1,5,6,2,2,6,0,1,5
2022-12-03_saint_marys_ca_uc_davis,UC Davis,25,"Norris, Megan",True,17,2,9,0.222,0,3,0.0,1,2,0.5,1,2,3,2,2,2,1,0,5
2022-12-03_saint_marys_ca_uc_davis,UC Davis,33,"Harris, Mazatlan",True,26,2,3,0.667,0,1,0.0,0,0,,3,6,9,2,1,1,1,1,4
2022-12-03_saint_marys_ca_uc_davis,UC Davis,01,"Sussman, Tess",True,21,0,6,0.0,0,5,0.0,0,0,,0,5,5,2,2,2,0,0,0
2022-12-03_saint_marys_ca_uc_davis,UC Davis,14,"Sabel, Tova",False,22,5,11,0.455,2,4,0.5,0,0,,2,4,6,2,0,5,0,0,12
2022-12-03_saint_marys_ca_uc_davis,UC Davis,23,"Baker, Victoria",False,8,3,4,0.75,0,1,0.0,3,4,0.75,0,2,2,3,0,0,0,1,9
2022-12-03_saint_marys_ca_uc_davis,UC Davis,04,"Epps, Nya",False,8,0,3,0.0,0,1,0.0,1,2,0.5,0,0,0,1,0,0,0,0,1
2022-12-03_saint_marys_ca_uc_davis,UC Davis,02,"Jones, Megan",False,18,0,1,0.0,0,1,0.0,0,0,,0,3,3,1,1,1,1,0,0
2022-12-03_saint_marys_ca_uc_davis,UC Davis,03,"Gray, Campbell",False,11,0,0,,0,0,,0,0,,0,0,0,2,1,3,0,1,0
2022-12-03_saint_marys_ca_uc_davis,UC Davis,20,"Sanders, Makaila",False,4,0,1,0.0,0,0,,0,0,,1,0,1,0,0,0,0,0,0
2022-12-03_saint_marys_ca_uc_davis,UC Davis,TM,TEAM,False,0,0,0,,0,0,,0,0,,2,4,6,0,0,0,0,0,0
2022-12-03_saint_marys_ca_uc_davis,Saint Mary's (CA),00,"Steele, Clair",True,38,2,6,0.333,1,1,1.0,15,18,0.833,1,0,1,0,3,2,0,2,20
2022-12-03_saint_marys_ca_uc_davis,Saint Mary's (CA),21,"Rapp, Hannah",True,35,5,9,0.556,1,2,0.5,0,1,0.0,2,14,16,5,0,2,0,1,11
2022-12-03_saint_marys_ca_uc_davis,Saint Mary's (CA),04,"Wedin, Taycee",True,22,2,9,0.222,0,3,0.0,3,3,1.0,1,2,3,3,0,2,0,0,7
2022-12-03_saint_marys_ca_uc_davis,Saint Mary's (CA),10,"Dalton, Tayla",True,30,3,13,0.231,0,4,0.0,0,0,,0,1,1,3,2,1,1,2,6
2022-12-03_saint_marys_ca_uc_davis,Saint Mary's (CA),25,"Garrison, Aspen",True,15,0,1,0.0,0,0,,0,0,,2,1,3,4,0,1,0,0,0
2022-12-03_saint_marys_ca_uc_davis,Saint Mary's (CA),30,"West, Amy",False,15,2,3,0.667,0,0,,1,2,0.5,0,1,1,0,1,1,0,2,5
2022-12-03_saint_marys_ca_uc_davis,Saint Mary's (CA),01,"Mastora, Makena",False,18,2,10,0.2,0,5,0.0,0,1,0.0,0,4,4,1,0,1,0,1,4
2022-12-03_saint_marys_ca_uc_davis,Saint Mary's (CA),11,"Kirisome, Jade",False,3,1,4,0.25,1,3,0.333,0,0,,0,0,0,0,0,1,0,0,3
2022-12-03_saint_marys_ca_uc_davis,Saint Mary's (CA),03,"Hanafin, Leia",False,18,1,2,0.5,0,0,,0,0,,0,1,1,0,1,1,2,2,2
2022-12-03_saint_marys_ca_uc_davis,Saint Mary's (CA),22,"Croco, Ellie",False,6,0,1,0.0,0,0,,0,0,,1,0,1,0,0,0,0,1,0
2022-12-03_saint_marys_ca_uc_davis,Saint Mary's (CA),TM,TEAM,False,0,0,0,,0,0,,0,0,,3,3,6,0,0,0,0,0,0
2022-12-03_uc_santa_barbara_ucla,UCLA,20,"Osborne, Charisma",True,26,7,9,0.778,3,5,0.6,2,4,0.5,3,2,5,3,0,3,0,1,19
2022-12-03_uc_santa_barbara_ucla,UCLA,01,"Rice, Kiki",True,27,7,11,0.636,0,1,0.0,0,0,,5,3,8,2,1,3,0,0,14
2022-12-03_uc_santa_barbara_ucla,UCLA,11,"Bessoir, Emily",True,26,2,4,0.5,2,2,1.0,1,2,0.5,1,3,4,2,3,1,1,0,7
2022-12-03_uc_santa_barbara_ucla,UCLA,10,"Conti, Gina",True,31,3,8,0.375,0,2,0.0,0,0,,2,3,5,2,4,1,0,1,6
2022-12-03_uc_santa_barbara_ucla,UCLA,35,"Brown, Camryn",True,27,1,4,0.25,0,1,0.0,2,2,1.0,0,0,0,3,4,2,1,1,4
2022-12-03_uc_santa_barbara_ucla,UCLA,23,"Jaquez, Gabriela",False,27,5,7,0.714,1,1,1.0,1,2,0.5,2,3,5,3,2,2,0,3,12
2022-12-03_uc_santa_barbara_ucla,UCLA,21,"Sontag, Lina",False,15,2,6,0.333,0,2,0.0,0,0,,3,1,4,1,0,2,0,0,4
2022-12-03_uc_santa_barbara_ucla,UCLA,03,"Jones, Londynn",False,17,1,8,0.125,0,4,0.0,0,1,0.0,0,0,0,2,0,1,0,1,2
2022-12-03_uc_santa_barbara_ucla,UCLA,05,"Masikewich, Brynn",False,4,0,0,,0,0,,0,0,,0,3,3,0,0,1,0,0,0
2022-12-03_uc_santa_barbara_ucla,UCLA,TM,TEAM,False,0,0,0,,0,0,,0,0,,1,2,3,0,0,2,0,0,0
2022-12-03_uc_santa_barbara_ucla,UC Santa Barbara,03,"Marin, Alyssa",True,36,6,9,0.667,4,7,0.571,1,2,0.5,0,0,0,2,4,4,0,1,17
2022-12-03_uc_santa_barbara_ucla,UC Santa Barbara,31,"Lane, Ila",True,39,6,10,0.6,0,0,,1,1,1.0,2,4,6,4,0,3,0,0,13
2022-12-03_uc_santa_barbara_ucla,UC Santa Barbara,02,"Tucker, Alexis",True,26,1,11,0.091,1,4,0.25,5,8,0.625,0,3,3,4,0,1,1,2,8
2022-12-03_uc_santa_barbara_ucla,UC Santa Barbara,10,"Choice, Anya",True,29,1,4,0.25,0,1,0.0,1,2,0.5,0,3,3,1,6,4,0,0,3
2022-12-03_uc_santa_barbara_ucla,UC Santa Barbara,12,"Mole, Taylor",True,10,1,3,0.333,0,2,0.0,0,0,,0,1,1,1,1,0,0,0,2
2022-12-03_uc_santa_barbara_ucla,UC Santa Barbara,32,"Grant, Jessica",False,16,4,6,0.667,4,6,0.667,0,0,,1,0,1,0,0,0,0,1,12
2022-12-03_uc_santa_barbara_ucla,UC Santa Barbara,21,"Johnson, Kennedy",False,22,1,2,0.5,0,0,,0,0,,1,3,4,3,0,4,0,1,2
2022-12-03_uc_santa_barbara_ucla,UC Santa Barbara,23,"Whitfield, Alexis",False,17,0,1,0.0,0,0,,0,0,,1,0,1,0,2,1,2,0,0
2022-12-03_uc_santa_barbara_ucla,UC Santa Barbara,05,"Cooper, Callie",False,4,0,0,,0,0,,0,0,,0,0,0,2,0,1,0,1,0
2022-12-03_uc_santa_barbara_ucla,UC Santa Barbara,13,"Modawar, Tatyana",False,1,0,0,,0,0,,0,0,,0,0,0,1,0,0,0,0,0
2022-12-03_uc_santa_barbara_ucla,UC Santa Barbara,TM,TEAM,False,0,0,0,,0,0,,0,0,,4,1,5,0,0,1,0,0,0
2022-12-03_long_beach_st_california_baptist,California Baptist,2,"Webb, Chloe",True,35,3,8,0.375,0,4,0.0,8,8,1.0,1,3,4,3,3,5,0,5,14
2022-12-03_long_beach_st_california_baptist,California Baptist,4,"Finau, Lesila",True,22,4,8,0.5,0,3,0.0,4,4,1.0,2,6,8,2,2,5,0,3,12
2022-12-03_long_beach_st_california_baptist,California Baptist,12,"Calhoun, Nae Nae",True,30,3,7,0.429,3,6,0.5,1,2,0.5,0,3,3,4,1,2,0,0,10
2022-12-03_long_beach_st_california_baptist,California Baptist,33,"Schmidt, Grace",True,30,3,15,0.2,0,0,,3,7,0.429,5,3,8,3,0,2,0,1,9
2022-12-03_long_beach_st_california_baptist,California Baptist,24,"Klaman, Brittany",True,31,0,4,0.0,0,4,0.0,0,0,,1,3,4,4,4,5,0,0,0
2022-12-03_long_beach_st_california_baptist,California Baptist,1,"Wu, Dorcas",False,30,5,12,0.417,2,6,0.333,0,0,,4,9,13,1,1,3,1,3,12
2022-12-03_long_beach_st_california_baptist,California Baptist,11,"Kehoe, Georgia",False,9,0,0,,0,0,,2,2,1.0,0,0,0,1,0,0,0,0,2
2022-12-03_long_beach_st_california_baptist,California Baptist,13,"Neale, Tiena",False,7,0,2,0.0,0,2,0.0,0,0,,0,2,2,3,0,0,0,0,0
2022-12-03_long_beach_st_california_baptist,California Baptist,5,"Barros, Filipa",False,6,0,1,0.0,0,1,0.0,0,0,,0,0,0,0,0,1,0,0,0
2022-12-03_long_beach_st_california_baptist,California Baptist,TM,TEAM,False,0,0,0,,0,0,,0,0,,3,0,3,0,0,1,0,0,0
2022-12-03_long_beach_st_california_baptist,Long Beach St.,1,"Bambrick, Malia",True,35,7,14,0.5,0,5,0.0,2,4,0.5,0,2,2,1,1,1,0,2,16
2022-12-03_long_beach_st_california_baptist,Long Beach St.,25,"Hamilton-fisher, Kianna",True,32,4,10,0.4,1,4,0.25,3,3,1.0,0,3,3,1,3,4,0,3,12
2022-12-03_long_beach_st_california_baptist,Long Beach St.,00,"Berry, Ma'qhi",True,33,3,5,0.6,0,1,0.0,1,2,0.5,0,7,7,2,5,3,3,3,7
2022-12-03_long_beach_st_california_baptist,Long Beach St.,23,"Green, Lauren",True,19,2,4,0.5,0,0,,0,0,,1,1,2,4,1,0,1,0,4
2022-12-03_long_beach_st_california_baptist,Long Beach St.,11,"Jeskeova, Kristyna",True,18,1,4,0.25,1,4,0.25,1,2,0.5,2,4,6,5,0,1,0,4,4
2022-12-03_long_beach_st_california_baptist,Long Beach St.,12,"Harris , Tori",False,30,5,10,0.5,1,4,0.25,2,3,0.667,4,3,7,2,1,3,0,1,13
2022-12-03_long_beach_st_california_baptist,Long Beach St.,5,"Ka, Kennan",False,11,1,3,0.333,1,2,0.5,3,4,0.75,0,0,0,0,0,0,0,0,6
2022-12-03_long_beach_st_california_baptist,Long Beach St.,3,"Chung, Patricia",False,9,2,7,0.286,0,3,0.0,1,2,0.5,1,4,5,1,2,2,0,0,5
2022-12-03_long_beach_st_california_baptist,Long Beach St.,33,"Murphy, Courtney",False,8,0,2,0.0,0,1,0.0,0,0,,0,1,1,3,0,1,0,0,0
2022-12-03_long_beach_st_california_baptist,Long Beach St.,2,"Tucker, Savannah",False,4,0,1,0.0,0,1,0.0,0,0,,0,0,0,0,1,0,0,0,0
2022-12-03_long_beach_st_california_baptist,Long Beach St.,21,"Shoff, Abby",False,1,0,0,,0,0,,0,0,,0,0,0,0,0,1,0,0,0
2022-12-03_long_beach_st_california_baptist,Long Beach St.,TM,TEAM,False,0,0,0,,0,0,,0,0,,2,1,3,0,0,0,0,0,0
2022-12-04_csu_bakersfield_omaha,Omaha,21,"Grant, Kennedi",True,43,5,15,0.333,0,2,0.0,7,9,0.778,3,5,8,3,1,5,0,2,17
2022-12-04_csu_bakersfield_omaha,Omaha,00,"Stanley, Aaliyah",True,34,3,12,0.25,0,5,0.0,3,5,0.6,0,4,4,1,1,3,0,3,9
2022-12-04_csu_bakersfield_omaha,Omaha,05,"Pilakouta, Elena",True,24,4,6,0.667,0,0,,0,0,,0,2,2,3,1,2,0,0,8
2022-12-04_csu_bakersfield_omaha,Omaha,20,"Cave, Grace",True,24,3,10,0.3,0,4,0.0,0,0,,2,3,5,4,3,1,0,3,6
2022-12-04_csu_bakersfield_omaha,Omaha,14,"Keitges, Katie",True,11,0,3,0.0,0,2,0.0,0,0,,1,1,2,1,0,2,0,0,0
2022-12-04_csu_bakersfield_omaha,Omaha,10,"Townsend, Jaylen",False,25,4,11,0.364,1,3,0.333,0,0,,3,1,4,2,1,3,0,1,9
2022-12-04_csu_bakersfield_omaha,Omaha,02,"Mitchell, Sam",False,25,2,4,0.5,1,2,0.5,3,4,0.75,2,2,4,3,1,0,0,1,8
2022-12-04_csu_bakersfield_omaha,Omaha,24,"Gardner, Morgann",False,14,2,4,0.5,0,0,,2,2,1.0,3,3,6,2,0,0,0,0,6
2022-12-04_csu_bakersfield_omaha,Omaha,23,"Nikulochkina, Ana",False,9,1,3,0.333,0,2,0.0,1,1,1.0,0,0,0,0,0,0,0,0,3
2022-12-04_csu_bakersfield_omaha,Omaha,04,"Nikulochkina, Polina",False,13,0,3,0.0,0,1,0.0,2,2,1.0,0,0,0,1,0,0,0,1,2
2022-12-04_csu_bakersfield_omaha,Omaha,03,"Felici, Akili",False,3,0,0,,0,0,,0,0,,0,0,0,0,0,0,0,2,0
2022-12-04_csu_bakersfield_omaha,Omaha,TM,TEAM,False,0,0,0,,0,0,,0,0,,5,1,6,0,0,1,0,0,0
2022-12-04_csu_bakersfield_omaha,CSU Bakersfield,05,"Tougas, Sophia",True,40,5,12,0.417,3,8,0.375,4,4,1.0,2,4,6,1,2,3,0,0,17
2022-12-04_csu_bakersfield_omaha,CSU Bakersfield,00,"Johnson, Simone",True,41,4,7,0.571,2,3,0.667,0,0,,0,6,6,5,3,4,0,1,10
2022-12-04_csu_bakersfield_omaha,CSU Bakersfield,13,"Herrera, Soli",True,21,3,4,0.75,0,0,,0,1,0.0,1,2,3,4,0,1,2,1,6
2022-12-04_csu_bakersfield_omaha,CSU Bakersfield,32,"Freeman, Garrisen",True,24,0,1,0.0,0,1,0.0,3,6,0.5,2,3,5,2,2,5,0,1,3
2022-12-04_csu_bakersfield_omaha,CSU Bakersfield,14,"Ortiz, Nseije",True,8,0,0,,0,0,,0,0,,0,1,1,0,2,3,0,0,0
2022-12-04_csu_bakersfield_omaha,CSU Bakersfield,11,"Caldwell, Taylor",False,31,5,9,0.556,1,1,1.0,4,4,1.0,0,3,3,3,2,3,2,1,15
2022-12-04_csu_bakersfield_omaha,CSU Bakersfield,15,"Morris, Kayla",False,22,6,8,0.75,1,3,0.333,0,2,0.0,1,5,6,3,1,2,2,1,13
2022-12-04_csu_bakersfield_omaha,CSU Bakersfield,04,"Hunter, Grace",False,12,1,2,0.5,0,0,,3,4,0.75,0,1,1,5,0,2,0,0,5
2022-12-04_csu_bakersfield_omaha,CSU Bakersfield,02,"Edwards, Morgan",False,14,0,3,0.0,0,0,,0,0,,0,0,0,2,0,0,0,0,0
2022-12-04_csu_bakersfield_omaha,CSU Bakersfield,33,"Riley, Julia",False,12,0,2,0.0,0,1,0.0,0,0,,1,1,2,1,1,2,0,0,0
2022-12-04_csu_bakersfield_omaha,CSU Bakersfield,TM,TEAM,False,0,0,0,,0,0,,0,0,,0,1,1,0,0,0,0,0,0
2022-12-06_san_diego_csun,CSUN,15,"Amundsen, Tess",True,31,7,12,0.583,3,5,0.6,0,0,,1,2,3,4,0,3,0,1,17
2022-12-06_san_diego_csun,CSUN,1,"Jackson, Jordyn",True,35,8,13,0.615,0,0,,0,0,,1,2,3,3,5,7,0,1,16
2022-12-06_san_diego_csun,CSUN,34,"Spriggs, Kayanna",True,20,1,2,0.5,0,0,,2,4,0.5,0,0,0,1,1,1,0,0,4
2022-12-06_san_diego_csun,CSUN,5,"Duchemin, Michelle",True,19,2,3,0.667,0,0,,0,0,,1,3,4,3,2,3,0,2,4
2022-12-06_san_diego_csun,CSUN,21,"Tu'ua, Anaiyah",True,21,1,2,0.5,0,0,,1,1,1.0,0,4,4,4,1,2,0,2,3
2022-12-06_san_diego_csun,CSUN,24,"Smith, Macy",False,18,3,6,0.5,2,5,0.4,2,2,1.0,0,2,2,0,0,2,0,0,10
2022-12-06_san_diego_csun,CSUN,00,"Williams, De’jah",False,11,1,3,0.333,0,0,,1,2,0.5,2,1,3,0,0,1,0,0,3
2022-12-06_san_diego_csun,CSUN,10,"de Jesus , Ana Carolina",False,16,0,3,0.0,0,0,,0,0,,0,1,1,1,0,2,0,2,0
2022-12-06_san_diego_csun,CSUN,4,"Harvey, Rachel",False,11,0,1,0.0,0,0,,0,0,,0,1,1,1,2,2,0,0,0
2022-12-06_san_diego_csun,CSUN,11,"Smith, Olivia",False,9,0,0,,0,0,,0,0,,0,2,2,2,0,1,1,0,0
2022-12-06_san_diego_csun,CSUN,13,"Fourie, Rochelle",False,5,0,0,,0,0,,0,0,,0,1,1,0,0,0,0,0,0
2022-12-06_san_diego_csun,CSUN,25,"Amundsen, Laney",False,4,0,0,,0,0,,0,0,,0,0,0,0,0,0,0,0,0
2022-12-06_san_diego_csun,CSUN,TM,TEAM,False,0,0,0,,0,0,,0,0,,1,2,3,0,0,0,0,0,0
2022-12-06_san_diego_csun,San Diego,24,"Horstmeyer, Kylie",True,22,4,8,0.5,0,1,0.0,1,2,0.5,1,1,2,1,0,0,0,1,9
2022-12-06_san_diego_csun,San Diego,00,"Oakry, Kiera",True,28,1,3,0.333,1,2,0.5,4,5,0.8,0,1,1,1,3,1,0,0,7
2022-12-06_san_diego_csun,San Diego,10,"Pace, Myah",True,24,3,6,0.5,0,1,0.0,1,4,0.25,0,2,2,1,5,1,0,3,7
2022-12-06_san_diego_csun,San Diego,5,"Khalfani, Ayanna",True,27,3,9,0.333,0,0,,0,0,,2,1,3,2,8,3,0,4,6
2022-12-06_san_diego_csun,San Diego,33,"Olinger, Amanda",True,16,2,6,0.333,0,1,0.0,0,0,,2,0,2,1,2,2,1,0,4
2022-12-06_san_diego_csun,San Diego,3,"Finney, Jess",False,28,6,12,0.5,5,7,0.714,0,0,,1,2,3,4,3,1,1,1,17
2022-12-06_san_diego_csun,San Diego,11,"Erikstrup, Laura",False,23,7,9,0.778,2,2,1.0,0,0,,3,2,5,1,0,3,0,0,16
2022-12-06_san_diego_csun,San Diego,2,"Sheffey, Veronica",False,11,1,3,0.333,0,0,,1,2,0.5,1,2,3,0,0,1,0,0,3
2022-12-06_san_diego_csun,San Diego,21,"Afeaki, Melesungu",False,10,1,2,0.5,0,0,,0,0,,1,1,2,1,0,1,0,0,2
2022-12-06_san_diego_csun,San Diego,1,"Wristen, Courtney",False,7,1,1,1.0,0,0,,0,0,,0,2,2,0,0,1,0,0,2
2022-12-06_san_diego_csun,San Diego,23,"Kaur, Harsimran",False,4,0,0,,0,0,,0,0,,0,1,1,1,0,0,2,1,0
2022-12-06_san_diego_csun,San Diego,TM,TEAM,False,0,0,0,,0,0,,0,0,,1,3,4,0,0,1,0,0,0
2022-12-06_cal_st_fullerton_pacific,Pacific,14,Elizabeth Elliott,True,28,6,8,0.75,0,0,,0,0,,5,6,11,2,0,4,0,0,12
2022-12-06_cal_st_fullerton_pacific,Pacific,03,Anaya  James,True,36,5,14,0.357,0,3,0.0,1,1,1.0,4,5,9,4,7,4,1,1,11
2022-12-06_cal_st_fullerton_pacific,Pacific,11,Cecilia Holmberg,True,32,3,13,0.231,0,3,0.0,4,5,0.8,5,0,5,4,2,3,0,2,10
2022-12-06_cal_st_fullerton_pacific,Pacific,24,Liz Smith,True,26,4,11,0.364,1,5,0.2,1,1,1.0,0,1,1,4,0,2,0,1,10
2022-12-06_cal_st_fullerton_pacific,Pacific,30,Sam Ashby,True,22,3,8,0.375,1,2,0.5,0,0,,0,6,6,4,0,1,0,0,7
2022-12-06_cal_st_fullerton_pacific,Pacific,20,Erica Adams,False,29,3,7,0.429,1,1,1.0,2,2,1.0,0,2,2,0,1,1,1,3,9
2022-12-06_cal_st_fullerton_pacific,Pacific,33,Madelene Ennis,False,13,2,6,0.333,0,0,,2,2,1.0,0,3,3,4,0,0,1,0,6
2022-12-06_cal_st_fullerton_pacific,Pacific,01,Kadie Deaton,False,7,0,1,0.0,0,1,0.0,1,2,0.5,0,1,1,0,1,0,0,0,1
2022-12-06_cal_st_fullerton_pacific,Pacific,10,Sydney Ward,False,7,0,1,0.0,0,1,0.0,0,0,,0,1,1,0,0,1,1,0,0
2022-12-06_cal_st_fullerton_pacific,Pacific,TM,TEAM,False,0,0,0,,0,0,,0,0,,1,1,2,0,0,0,0,0,0
2022-12-06_cal_st_fullerton_pacific,Cal St. Fullerton,55,"Nimmo, Fujika",True,33,7,15,0.467,2,6,0.333,6,11,0.545,3,3,6,3,4,4,0,2,22
2022-12-06_cal_st_fullerton_pacific,Cal St. Fullerton,05,"Jovanovic, Una",True,36,7,18,0.389,0,2,0.0,4,4,1.0,1,4,5,2,3,0,0,2,18
2022-12-06_cal_st_fullerton_pacific,Cal St. Fullerton,32,"Lewis, Ashlee",True,27,4,10,0.4,0,0,,6,8,0.75,3,7,10,3,0,1,0,2,14
2022-12-06_cal_st_fullerton_pacific,Cal St. Fullerton,04,"Vidmar, Gabi",True,37,3,8,0.375,2,6,0.333,2,2,1.0,1,5,6,3,5,3,0,3,10
2022-12-06_cal_st_fullerton_pacific,Cal St. Fullerton,24,"Neff, Kathryn",True,30,1,2,0.5,1,1,1.0,0,0,,2,4,6,2,1,1,1,2,3
2022-12-06_cal_st_fullerton_pacific,Cal St. Fullerton,13,"Hernandez, Aixchel",False,13,3,6,0.5,0,0,,2,2,1.0,1,2,3,2,1,0,1,0,8
2022-12-06_cal_st_fullerton_pacific,Cal St. Fullerton,11,"MacDonald, Ruby",False,9,1,3,0.333,1,3,0.333,0,0,,0,0,0,0,0,0,0,0,3
2022-12-06_cal_st_fullerton_pacific,Cal St. Fullerton,21,"Tse, Allysan",False,10,0,1,0.0,0,1,0.0,2,2,1.0,0,2,2,0,1,0,0,1,2
2022-12-06_cal_st_fullerton_pacific,Cal St. Fullerton,10,"Lagway, Demonnie",False,5,0,0,,0,0,,0,0,,0,0,0,0,0,0,0,0,0
2022-12-06_cal_st_fullerton_pacific,Cal St. Fullerton,22,"Morgan, Josie",False,0,0,0,,0,0,,0,0,,0,0,0,1,0,0,0,0,0
2022-12-06_cal_st_fullerton_pacific,Cal St. Fullerton,TM,TEAM,False,0,0,0,,0,0,,0,0,,1,2,3,0,0,0,0,0,0
2022-12-07_pepperdine_csu_bakersfield,CSU Bakersfield,05,"Tougas, Sophia",True,27,4,14,0.286,2,7,0.286,2,2,1.0,2,2,4,3,0,1,0,0,12
2022-12-07_pepperdine_csu_bakersfield,CSU Bakersfield,00,"Johnson, Simone",True,37,3,10,0.3,1,1,1.0,3,8,0.375,7,5,12,2,1,4,0,1,10
2022-12-07_pepperdine_csu_bakersfield,CSU Bakersfield,04,"Hunter, Grace",True,22,4,14,0.286,1,4,0.25,0,0,,1,2,3,3,2,3,0,1,9
2022-12-07_pepperdine_csu_bakersfield,CSU Bakersfield,13,"Herrera, Soli",True,14,1,6,0.167,0,0,,1,2,0.5,1,1,2,4,0,2,0,0,3
2022-12-07_pepperdine_csu_bakersfield,CSU Bakersfield,32,"Freeman, Garrisen",True,7,0,1,0.0,0,0,,0,0,,0,0,0,0,0,0,0,0,0
2022-12-07_pepperdine_csu_bakersfield,CSU Bakersfield,33,"Riley, Julia",False,21,2,6,0.333,2,4,0.5,1,2,0.5,3,1,4,3,1,3,0,0,7
2022-12-07_pepperdine_csu_bakersfield,CSU Bakersfield,15,"Morris, Kayla",False,20,3,9,0.333,0,2,0.0,0,0,,2,2,4,4,0,3,2,1,6
2022-12-07_pepperdine_csu_bakersfield,CSU Bakersfield,11,"Caldwell, Taylor",False,26,2,7,0.286,0,1,0.0,0,0,,1,4,5,2,4,0,0,0,4
2022-12-07_pepperdine_csu_bakersfield,CSU Bakersfield,02,"Edwards, Morgan",False,16,1,4,0.25,0,2,0.0,0,0,,0,2,2,1,1,0,0,0,2
2022-12-07_pepperdine_csu_bakersfield,CSU Bakersfield,14,"Ortiz, Nseije",False,10,0,1,0.0,0,1,0.0,0,0,,0,0,0,2,0,0,0,0,0
2022-12-07_pepperdine_csu_bakersfield,CSU Bakersfield,TM,TEAM,False,0,0,0,,0,0,,0,0,,4,3,7,0,0,0,0,0,0
2022-12-07_pepperdine_csu_bakersfield,Pepperdine,24,"Stedman, Ally",True,36,7,15,0.467,4,9,0.444,3,4,0.75,1,5,6,3,1,2,0,2,21
2022-12-07_pepperdine_csu_bakersfield,Pepperdine,00,"Mbanefo, Theresa Grace",True,29,5,12,0.417,0,0,,5,8,0.625,5,8,13,1,3,2,3,1,15
2022-12-07_pepperdine_csu_bakersfield,Pepperdine,10,"Nwaba, Jane",True,29,3,7,0.429,2,4,0.5,5,8,0.625,1,5,6,0,2,1,1,1,13
2022-12-07_pepperdine_csu_bakersfield,Pepperdine,12,"Walls, Marly",True,39,2,9,0.222,1,2,0.5,5,6,0.833,3,3,6,3,6,3,0,1,10
2022-12-07_pepperdine_csu_bakersfield,Pepperdine,13,"Amosa, Meaali'i",True,26,3,5,0.6,0,0,,1,2,0.5,1,3,4,0,1,1,0,1,7
2022-12-07_pepperdine_csu_bakersfield,Pepperdine,11,"Friend, Helena",False,12,4,5,0.8,1,1,1.0,1,1,1.0,1,1,2,2,0,2,0,0,10
2022-12-07_pepperdine_csu_bakersfield,Pepperdine,15,"Obinma, Becky",False,16,1,4,0.25,0,0,,1,4,0.25,2,5,7,4,1,3,1,3,3
2022-12-07_pepperdine_csu_bakersfield,Pepperdine,33,"Brodie, Kyrah",False,7,0,2,0.0,0,0,,1,2,0.5,1,0,1,1,0,0,2,0,1
2022-12-07_pepperdine_csu_bakersfield,Pepperdine,03,"Brumfield, Drea",False,4,0,0,,0,0,,0,0,,0,0,0,0,0,0,0,0,0
2022-12-07_pepperdine_csu_bakersfield,Pepperdine,04,"Odebunmi, Rosemary",False,2,0,0,,0,0,,0,0,,0,2,2,0,0,0,0,0,0
2022-12-07_pepperdine_csu_bakersfield,Pepperdine,TM,TEAM,False,0,0,0,,0,0,,0,0,,3,2,5,0,0,1,0,0,0
2022-12-08_nevada_long_beach_st,Long Beach St.,1,"Bambrick, Malia",True,32,8,13,0.615,2,5,0.4,0,0,,0,2,2,0,2,0,0,1,18
2022-12-08_nevada_long_beach_st,Long Beach St.,11,"Jeskeova, Kristyna",True,26,6,7,0.857,2,2,1.0,0,0,,0,5,5,4,1,4,2,4,14
2022-12-08_nevada_long_beach_st,Long Beach St.,25,"Hamilton-fisher, Kianna",True,33,5,11,0.455,1,4,0.25,0,0,,1,0,1,1,5,1,1,2,11
2022-12-08_nevada_long_beach_st,Long Beach St.,00,"Berry, Ma'qhi",True,32,4,5,0.8,0,0,,2,2,1.0,1,1,2,2,6,5,0,6,10
2022-12-08_nevada_long_beach_st,Long Beach St.,23,"Green, Lauren",True,23,1,4,0.25,0,0,,1,2,0.5,0,4,4,3,0,0,2,1,3
2022-12-08_nevada_long_beach_st,Long Beach St.,12,"Harris , Tori",False,27,5,8,0.625,1,3,0.333,1,2,0.5,0,1,1,0,0,4,0,2,12
2022-12-08_nevada_long_beach_st,Long Beach St.,5,"Ka, Kennan",False,11,0,3,0.0,0,2,0.0,0,0,,0,0,0,1,0,1,0,1,0
2022-12-08_nevada_long_beach_st,Long Beach St.,2,"Tucker, Savannah",False,8,0,1,0.0,0,0,,0,0,,0,1,1,1,1,0,0,0,0
2022-12-08_nevada_long_beach_st,Long Beach St.,21,"Shoff, Abby",False,3,0,0,,0,0,,0,0,,0,1,1,0,0,0,0,0,0
2022-12-08_nevada_long_beach_st,Long Beach St.,33,"Murphy, Courtney",False,3,0,0,,0,0,,0,0,,0,0,0,0,1,0,0,0,0
2022-12-08_nevada_long_beach_st,Long Beach St.,3,"Chung, Patricia",False,2,0,0,,0,0,,0,0,,0,0,0,0,0,0,0,0,0
2022-12-08_nevada_long_beach_st,Long Beach St.,TM,TEAM,False,0,0,0,,0,0,,0,0,,0,2,2,0,0,1,0,0,0
2022-12-08_nevada_long_beach_st,Nevada,12,"Jimenez, Alyssa",True,29,4,9,0.444,0,1,0.0,2,2,1.0,2,0,2,0,1,5,0,2,10
2022-12-08_nevada_long_beach_st,Nevada,23,"Givens, Lexie",True,27,2,4,0.5,0,0,,4,5,0.8,2,5,7,0,5,4,1,0,8
2022-12-08_nevada_long_beach_st,Nevada,5,"Borden, Kaylee",True,24,3,9,0.333,1,4,0.25,0,0,,0,3,3,3,0,4,0,2,7
2022-12-08_nevada_long_beach_st,Nevada,40,"Ormiston, Megan",True,14,1,3,0.333,0,0,,0,0,,2,1,3,1,0,1,0,0,2
2022-12-08_nevada_long_beach_st,Nevada,11,"Davis, Victoria",True,5,0,0,,0,0,,0,0,,0,0,0,1,1,2,0,0,0
2022-12-08_nevada_long_beach_st,Nevada,22,"Rones, Gabby",False,21,4,7,0.571,3,5,0.6,1,2,0.5,1,3,4,1,4,2,0,1,12
2022-12-08_nevada_long_beach_st,Nevada,4,"Roden, Audrey",False,34,3,12,0.25,2,6,0.333,0,0,,1,4,5,0,1,3,1,1,8
2022-12-08_nevada_long_beach_st,Nevada,24,"Lee, Kennedy",False,21,4,5,0.8,0,0,,0,0,,1,1,2,3,0,1,0,1,8
2022-12-08_nevada_long_beach_st,Nevada,31,"Siu, Tiffany",False,24,1,2,0.5,0,0,,0,0,,0,2,2,1,2,4,0,0,2
2022-12-08_nevada_long_beach_st,Nevada,32,"Giuffre, Gabby",False,1,0,0,,0,0,,0,0,,0,0,0,0,0,0,0,0,0
2022-12-08_nevada_long_beach_st,Nevada,TM,TEAM,False,0,0,0,,0,0,,0,0,,4,2,6,0,0,2,0,0,0
2022-12-10_california_baptist_uc_santa_barbara,UC Santa Barbara,02,"Tucker, Alexis",True,36,3,10,0.3,0,5,0.0,4,4,1.0,2,7,9,2,2,1,0,1,10
2022-12-10_california_baptist_uc_santa_barbara,UC Santa Barbara,12,"Mole, Taylor",True,24,3,8,0.375,3,5,0.6,1,2,0.5,2,4,6,0,1,0,0,0,10
2022-12-10_california_baptist_uc_santa_barbara,UC Santa Barbara,31,"Lane, Ila",True,22,3,6,0.5,0,0,,4,4,1.0,2,6,8,4,0,2,0,0,10
2022-12-10_california_baptist_uc_santa_barbara,UC Santa Barbara,03,"Marin, Alyssa",True,32,2,10,0.2,2,7,0.286,3,4,0.75,0,2,2,5,4,3,0,1,9
2022-12-10_california_baptist_uc_santa_barbara,UC Santa Barbara,10,"Choice, Anya",True,27,2,4,0.5,1,2,0.5,0,0,,0,1,1,2,4,2,0,0,5
2022-12-10_california_baptist_uc_santa_barbara,UC Santa Barbara,23,"Whitfield, Alexis",False,16,4,10,0.4,0,2,0.0,0,0,,4,4,8,3,0,0,1,0,8
2022-12-10_california_baptist_uc_santa_barbara,UC Santa Barbara,32,"Grant, Jessica",False,16,1,6,0.167,1,6,0.167,4,4,1.0,0,2,2,3,0,1,0,0,7
2022-12-10_california_baptist_uc_santa_barbara,UC Santa Barbara,05,"Cooper, Callie",False,9,1,3,0.333,0,1,0.0,0,0,,1,1,2,1,0,5,0,1,2
2022-12-10_california_baptist_uc_santa_barbara,UC Santa Barbara,55,"Burke, Skylar",False,8,1,2,0.5,0,0,,0,0,,0,0,0,0,0,0,0,0,2
2022-12-10_california_baptist_uc_santa_barbara,UC Santa Barbara,13,"Modawar, Tatyana",False,7,0,2,0.0,0,2,0.0,0,0,,1,1,2,1,0,1,1,0,0
2022-12-10_california_baptist_uc_santa_barbara,UC Santa Barbara,21,"Johnson, Kennedy",False,3,0,2,0.0,0,2,0.0,0,0,,0,1,1,0,0,1,1,0,0
2022-12-10_california_baptist_uc_santa_barbara,UC Santa Barbara,TM,TEAM,False,0,0,0,,0,0,,0,0,,3,3,6,0,0,1,0,0,0
2022-12-10_california_baptist_uc_santa_barbara,California Baptist,04,"Finau, Lesila",True,34,6,13,0.462,4,9,0.444,3,4,0.75,0,6,6,1,7,2,0,0,19
2022-12-10_california_baptist_uc_santa_barbara,California Baptist,33,"Schmidt, Grace",True,33,6,10,0.6,0,0,,2,4,0.5,2,1,3,3,1,1,2,1,14
2022-12-10_california_baptist_uc_santa_barbara,California Baptist,12,"Calhoun, Nae Nae",True,34,1,5,0.2,1,2,0.5,6,8,0.75,0,2,2,2,4,1,0,3,9
2022-12-10_california_baptist_uc_santa_barbara,California Baptist,02,"Webb, Chloe",True,33,2,9,0.222,1,5,0.2,4,6,0.667,2,7,9,3,2,1,1,4,9
2022-12-10_california_baptist_uc_santa_barbara,California Baptist,01,"Wu, Dorcas",True,29,4,8,0.5,1,4,0.25,0,1,0.0,0,4,4,3,1,0,2,1,9
2022-12-10_california_baptist_uc_santa_barbara,California Baptist,13,"Neale, Tiena",False,13,3,6,0.5,0,3,0.0,0,0,,0,2,2,1,2,2,0,0,6
2022-12-10_california_baptist_uc_santa_barbara,California Baptist,11,"Kehoe, Georgia",False,7,1,2,0.5,0,0,,0,0,,1,1,2,1,0,1,0,0,2
2022-12-10_california_baptist_uc_santa_barbara,California Baptist,24,"Klaman, Brittany",False,17,0,2,0.0,0,2,0.0,1,2,0.5,0,4,4,1,2,1,1,1,1
2022-12-10_california_baptist_uc_santa_barbara,California Baptist,TM,TEAM,False,0,0,0,,0,0,,0,0,,0,1,1,0,0,0,0,0,0
2022-12-10_cal_poly_northern_ariz,Northern Ariz.,1,"Schenck, Regan",True,39,4,9,0.444,0,2,0.0,9,10,0.9,3,5,8,4,7,7,0,1,17
2022-12-10_cal_poly_northern_ariz,Northern Ariz.,25,"Oltrogge, Montana",True,44,6,17,0.353,3,11,0.273,0,0,,2,8,10,2,1,3,3,2,15
2022-12-10_cal_poly_northern_ariz,Northern Ariz.,12,"Glancey, Sophie",True,18,3,5,0.6,0,0,,5,6,0.833,4,3,7,3,1,3,0,0,11
2022-12-10_cal_poly_northern_ariz,Northern Ariz.,2,"Moran, Nyah",True,34,2,9,0.222,1,7,0.143,0,0,,1,3,4,3,3,1,0,1,5
2022-12-10_cal_poly_northern_ariz,Northern Ariz.,21,"Rodabaugh, Emily",True,28,1,7,0.143,1,6,0.167,0,0,,0,4,4,1,1,2,1,3,3
2022-12-10_cal_poly_northern_ariz,Northern Ariz.,22,"Moran, Olivia",False,26,3,5,0.6,1,2,0.5,3,4,0.75,3,0,3,3,3,1,0,0,10
2022-12-10_cal_poly_northern_ariz,Northern Ariz.,45,"Jaiteh, Fatoumata",False,16,3,6,0.5,0,0,,3,6,0.5,3,1,4,5,0,0,0,2,9
2022-12-10_cal_poly_northern_ariz,Northern Ariz.,33,"Neverson, Saniyah",False,9,4,5,0.8,0,0,,1,1,1.0,1,1,2,1,0,0,2,0,9
2022-12-10_cal_poly_northern_ariz,Northern Ariz.,4,"McMorris, Mary",False,9,0,1,0.0,0,0,,0,0,,0,1,1,2,1,2,0,0,0
2022-12-10_cal_poly_northern_ariz,Northern Ariz.,5,"Feldman, Taylor",False,2,0,0,,0,0,,0,0,,0,0,0,0,0,1,0,0,0
2022-12-10_cal_poly_northern_ariz,Northern Ariz.,TM,TEAM,False,0,0,0,,0,0,,0,0,,1,3,4,0,0,1,0,0,0
2022-12-10_cal_poly_northern_ariz,Cal Poly,2,"Shah, Annika",True,38,6,13,0.462,4,6,0.667,4,4,1.0,0,4,4,3,3,3,0,1,20
2022-12-10_cal_poly_northern_ariz,Cal Poly,5,"Anousinh, Jazzy",True,31,6,9,0.667,0,1,0.0,3,8,0.375,0,2,2,3,2,0,0,2,15
2022-12-10_cal_poly_northern_ariz,Cal Poly,1,"Kovacikova, Nikola",True,18,2,3,0.667,1,1,1.0,0,0,,0,3,3,1,0,1,0,1,5
2022-12-10_cal_poly_northern_ariz,Cal Poly,15,"Bourland, Sydney",True,15,2,5,0.4,0,1,0.0,0,0,,0,0,0,2,1,4,0,0,4
2022-12-10_cal_poly_northern_ariz,Cal Poly,35,"Ackerman, Natalia",True,8,1,3,0.333,0,0,,0,0,,1,2,3,1,0,1,0,0,2
2022-12-10_cal_poly_northern_ariz,Cal Poly,4,"Lichtie, Sierra",False,24,5,12,0.417,1,3,0.333,2,2,1.0,4,2,6,4,0,4,0,1,13
2022-12-10_cal_poly_northern_ariz,Cal Poly,24,"Toure, Oumou",False,23,0,10,0.0,0,1,0.0,7,10,0.7,5,5,10,5,0,2,1,0,7
2022-12-10_cal_poly_northern_ariz,Cal Poly,33,"Willett, Maddie",False,34,2,7,0.286,0,1,0.0,2,2,1.0,2,1,3,2,3,2,0,1,6
2022-12-10_cal_poly_northern_ariz,Cal Poly,32,"Nielacna, Julia",False,16,1,3,0.333,0,0,,0,0,,0,2,2,2,0,2,0,0,2
2022-12-10_cal_poly_northern_ariz,Cal Poly,11,"Dickson, Junie",False,5,1,1,1.0,0,0,,0,1,0.0,0,1,1,0,1,2,0,1,2
2022-12-10_cal_poly_northern_ariz,Cal Poly,23,"Wu, Taylor",False,9,0,0,,0,0,,0,0,,0,0,0,0,0,0,0,1,0
2022-12-10_cal_poly_northern_ariz,Cal Poly,30,"Garcia, Maia",False,4,0,0,,0,0,,0,0,,1,0,1,0,0,0,0,0,0
2022-12-10_cal_poly_northern_ariz,Cal Poly,TM,TEAM,False,0,0,0,,0,0,,0,0,,3,2,5,0,0,0,0,0,0
2022-12-10_seattle_u_csun,CSUN,15,"Amundsen, Tess",True,33,9,14,0.643,6,10,0.6,4,4,1.0,0,2,2,3,0,1,1,0,28
2022-12-10_seattle_u_csun,CSUN,1,"Jackson, Jordyn",True,35,7,13,0.538,3,7,0.429,4,4,1.0,0,0,0,2,4,5,0,2,21
2022-12-10_seattle_u_csun,CSUN,5,"Duchemin, Michelle",True,24,2,4,0.5,1,1,1.0,5,7,0.714,3,8,11,0,4,0,1,1,10
2022-12-10_seattle_u_csun,CSUN,21,"Tu'ua, Anaiyah",True,19,4,6,0.667,0,0,,2,2,1.0,1,2,3,5,2,0,0,2,10
2022-12-10_seattle_u_csun,CSUN,24,"Smith, Macy",True,14,2,6,0.333,0,3,0.0,0,0,,0,2,2,2,0,1,0,1,4
2022-12-10_seattle_u_csun,CSUN,10,"de Jesus , Ana Carolina",False,14,2,3,0.667,0,0,,3,3,1.0,2,4,6,5,0,2,0,0,7
2022-12-10_seattle_u_csun,CSUN,4,"Harvey, Rachel",False,12,1,3,0.333,0,0,,4,4,1.0,0,1,1,2,2,0,0,2,6
2022-12-10_seattle_u_csun,CSUN,13,"Fourie, Rochelle",False,7,2,4,0.5,0,0,,0,0,,2,2,4,0,0,1,0,0,4
2022-12-10_seattle_u_csun,CSUN,25,"Amundsen, Laney",False,14,1,3,0.333,1,1,1.0,0,0,,0,3,3,2,1,1,0,0,3
2022-12-10_seattle_u_csun,CSUN,00,"Williams, De’jah",False,8,1,1,1.0,0,0,,0,0,,0,1,1,2,0,2,0,0,2
2022-12-10_seattle_u_csun,CSUN,11,"Smith, Olivia",False,5,0,0,,0,0,,2,2,1.0,0,0,0,0,0,0,1,0,2
2022-12-10_seattle_u_csun,CSUN,34,"Spriggs, Kayanna",False,10,0,0,,0,0,,0,0,,0,0,0,4,0,1,0,0,0
2022-12-10_seattle_u_csun,CSUN,45,"Nikishina , Arina",False,5,0,1,0.0,0,0,,0,0,,0,0,0,2,0,1,0,0,0
2022-12-10_seattle_u_csun,CSUN,TM,TEAM,False,0,0,0,,0,0,,0,0,,1,1,2,0,0,0,0,0,0
2022-12-10_seattle_u_csun,Seattle U,11,"Howard, Peyton",True,36,5,13,0.385,1,4,0.25,7,8,0.875,2,6,8,3,4,3,1,4,18
2022-12-10_seattle_u_csun,Seattle U,15,"Liggett, Sheridan",True,27,3,8,0.375,1,3,0.333,3,4,0.75,3,2,5,3,2,5,0,2,10
2022-12-10_seattle_u_csun,Seattle U,44,"Moore, Mya",True,15,1,3,0.333,0,0,,4,4,1.0,1,3,4,3,0,0,1,0,6
2022-12-10_seattle_u_csun,Seattle U,14,"Kyrkjebo, Kari",True,24,2,5,0.4,0,0,,1,6,0.167,3,3,6,1,2,1,0,0,5
2022-12-10_seattle_u_csun,Seattle U,4,"Blauenfeldt, Asta",True,18,1,4,0.25,1,1,1.0,2,2,1.0,1,0,1,3,2,4,0,0,5
2022-12-10_seattle_u_csun,Seattle U,23,"Korolenko, Irena",False,21,6,12,0.5,5,10,0.5,2,2,1.0,1,2,3,2,1,1,0,0,19
2022-12-10_seattle_u_csun,Seattle U,1,"Walker, Julianna",False,20,4,9,0.444,4,7,0.571,1,2,0.5,0,1,1,2,1,1,0,0,13
2022-12-10_seattle_u_csun,Seattle U,34,"Michaelsen, Lisa",False,17,2,3,0.667,0,0,,5,8,0.625,1,0,1,2,0,2,0,0,9
2022-12-10_seattle_u_csun,Seattle U,5,"Bariteau, Noemie",False,5,1,2,0.5,1,2,0.5,0,0,,0,0,0,1,1,0,0,0,3
2022-12-10_seattle_u_csun,Seattle U,30,"Phillips, Madeline",False,4,1,1,1.0,0,0,,0,0,,0,0,0,1,0,0,1,1,2
2022-12-10_seattle_u_csun,Seattle U,22,"Moore, Makayla",False,12,0,1,0.0,0,0,,0,0,,1,0,1,1,0,1,0,0,0
2022-12-10_seattle_u_csun,Seattle U,21,"Tarasow, Erin",False,1,0,0,,0,0,,0,0,,0,0,0,0,0,0,0,0,0
2022-12-10_seattle_u_csun,Seattle U,TM,TEAM,False,0,0,0,,0,0,,0,0,,3,1,4,0,0,1,0,0,0
2022-12-10_ucla_cal_st_fullerton,Cal St. Fullerton,05,"Jovanovic, Una",True,38,3,15,0.2,0,3,0.0,9,11,0.818,0,2,2,0,3,2,0,3,15
2022-12-10_ucla_cal_st_fullerton,Cal St. Fullerton,55,"Nimmo, Fujika",True,31,3,15,0.2,0,3,0.0,4,4,1.0,0,0,0,2,1,5,0,2,10
2022-12-10_ucla_cal_st_fullerton,Cal St. Fullerton,04,"Vidmar, Gabi",True,39,1,4,0.25,0,3,0.0,2,2,1.0,0,1,1,2,1,3,1,3,4
2022-12-10_ucla_cal_st_fullerton,Cal St. Fullerton,24,"Neff, Kathryn",True,20,1,4,0.25,1,4,0.25,0,0,,0,0,0,2,0,0,1,0,3
2022-12-10_ucla_cal_st_fullerton,Cal St. Fullerton,32,"Lewis, Ashlee",True,22,1,4,0.25,0,0,,0,0,,2,2,4,5,0,5,1,2,2
2022-12-10_ucla_cal_st_fullerton,Cal St. Fullerton,13,"Hernandez, Aixchel",False,18,2,4,0.5,0,0,,0,0,,0,1,1,5,0,0,1,0,4
2022-12-10_ucla_cal_st_fullerton,Cal St. Fullerton,11,"MacDonald, Ruby",False,21,1,3,0.333,1,2,0.5,0,0,,0,2,2,0,0,0,2,1,3
2022-12-10_ucla_cal_st_fullerton,Cal St. Fullerton,21,"Tse, Allysan",False,9,0,0,,0,0,,0,0,,0,0,0,0,0,0,0,1,0
2022-12-10_ucla_cal_st_fullerton,Cal St. Fullerton,10,"Lagway, Demonnie",False,2,0,1,0.0,0,0,,0,0,,0,0,0,0,0,0,0,0,0
2022-12-10_ucla_cal_st_fullerton,Cal St. Fullerton,TM,TEAM,False,0,0,0,,0,0,,0,0,,1,5,6,0,0,0,0,0,0
2022-12-10_ucla_cal_st_fullerton,UCLA,01,Kiki Rice,True,27,7,12,0.583,0,2,0.0,0,0,,1,2,3,2,2,0,1,3,14
2022-12-10_ucla_cal_st_fullerton,UCLA,20,Charisma Osborne,True,27,4,9,0.444,2,6,0.333,3,4,0.75,1,2,3,0,2,3,0,1,13
2022-12-10_ucla_cal_st_fullerton,UCLA,11,Emily Bessoir,True,15,3,4,0.75,0,0,,1,3,0.333,2,3,5,0,0,3,1,0,7
2022-12-10_ucla_cal_st_fullerton,UCLA,10,Gina Conti,True,27,0,7,0.0,0,3,0.0,4,4,1.0,3,6,9,2,5,3,0,1,4
2022-12-10_ucla_cal_st_fullerton,UCLA,35,Camryn Brown,True,19,1,2,0.5,0,0,,0,0,,5,2,7,1,1,5,0,0,2
2022-12-10_ucla_cal_st_fullerton,UCLA,22,Christeen Iwuala,False,22,4,6,0.667,0,0,,2,2,1.0,3,5,8,2,0,1,0,0,10
2022-12-10_ucla_cal_st_fullerton,UCLA,21,Lina Sontag,False,11,3,3,1.0,0,0,,0,0,,2,4,6,4,0,4,0,3,6
2022-12-10_ucla_cal_st_fullerton,UCLA,03,Londynn Jones,False,25,1,10,0.1,0,7,0.0,1,1,1.0,0,1,1,4,2,1,0,2,3
2022-12-10_ucla_cal_st_fullerton,UCLA,23,Gabriela Jaquez,False,20,1,8,0.125,1,2,0.5,0,2,0.0,3,6,9,3,1,4,0,0,3
2022-12-10_ucla_cal_st_fullerton,UCLA,05,Brynn Masikewich,False,7,0,0,,0,0,,2,2,1.0,1,2,3,1,1,3,0,1,2
2022-12-10_ucla_cal_st_fullerton,UCLA,TM,TEAM,False,0,0,0,,0,0,,0,0,,3,3,6,0,0,0,0,0,0
2022-12-10_sacramento_st_csu_bakersfield,CSU Bakersfield,04,"Hunter, Grace",True,25,4,10,0.4,1,2,0.5,3,4,0.75,0,5,5,2,1,5,0,1,12
2022-12-10_sacramento_st_csu_bakersfield,CSU Bakersfield,00,"Johnson, Simone",True,33,3,8,0.375,1,1,1.0,1,2,0.5,0,4,4,3,1,2,0,2,8
2022-12-10_sacramento_st_csu_bakersfield,CSU Bakersfield,13,"Herrera, Soli",True,21,3,7,0.429,0,0,,2,2,1.0,1,1,2,3,0,3,1,4,8
2022-12-10_sacramento_st_csu_bakersfield,CSU Bakersfield,05,"Tougas, Sophia",True,27,3,10,0.3,1,4,0.25,0,0,,1,2,3,1,3,1,0,1,7
2022-12-10_sacramento_st_csu_bakersfield,CSU Bakersfield,11,"Caldwell, Taylor",True,17,1,4,0.25,1,2,0.5,0,0,,0,4,4,0,2,3,0,2,3
2022-12-10_sacramento_st_csu_bakersfield,CSU Bakersfield,15,"Morris, Kayla",False,19,2,9,0.222,0,2,0.0,0,0,,0,1,1,3,0,0,3,1,4
2022-12-10_sacramento_st_csu_bakersfield,CSU Bakersfield,32,"Freeman, Garrisen",False,27,1,2,0.5,0,0,,0,0,,0,1,1,1,0,0,0,0,2
2022-12-10_sacramento_st_csu_bakersfield,CSU Bakersfield,02,"Edwards, Morgan",False,10,1,1,1.0,0,0,,0,0,,0,0,0,2,0,2,0,0,2
2022-12-10_sacramento_st_csu_bakersfield,CSU Bakersfield,33,"Riley, Julia",False,11,0,0,,0,0,,0,0,,0,2,2,0,0,0,0,0,0
2022-12-10_sacramento_st_csu_bakersfield,CSU Bakersfield,14,"Ortiz, Nseije",False,10,0,2,0.0,0,1,0.0,0,0,,0,0,0,1,0,2,0,0,0
2022-12-10_sacramento_st_csu_bakersfield,CSU Bakersfield,TM,TEAM,False,0,0,0,,0,0,,0,0,,4,2,6,0,0,1,0,0,0
2022-12-10_sacramento_st_csu_bakersfield,Sacramento St.,24,"Natabou, Isnelle",True,33,9,12,0.75,0,0,,1,1,1.0,6,8,14,1,1,4,4,0,19
2022-12-10_sacramento_st_csu_bakersfield,Sacramento St.,20,"Peneueta, Katie",True,26,5,11,0.455,5,11,0.455,0,0,,0,7,7,2,0,2,0,3,15
2022-12-10_sacramento_st_csu_bakersfield,Sacramento St.,21,"Randhawa, Kaylin",True,28,4,9,0.444,2,4,0.5,2,2,1.0,1,0,1,1,3,1,0,1,12
2022-12-10_sacramento_st_csu_bakersfield,Sacramento St.,00,"Dean, Kahlaijah",True,30,3,8,0.375,0,4,0.0,3,4,0.75,1,5,6,3,4,5,0,1,9
2022-12-10_sacramento_st_csu_bakersfield,Sacramento St.,10,"Butcher, Madison",True,22,1,6,0.167,1,5,0.2,0,0,,0,0,0,1,1,1,1,2,3
2022-12-10_sacramento_st_csu_bakersfield,Sacramento St.,03,"Amusan, Solape",False,14,2,3,0.667,2,3,0.667,0,0,,0,2,2,3,0,1,0,0,6
2022-12-10_sacramento_st_csu_bakersfield,Sacramento St.,33,"Hedman, Erin",False,7,1,2,0.5,0,0,,0,0,,0,1,1,1,0,0,0,0,2
2022-12-10_sacramento_st_csu_bakersfield,Sacramento St.,01,"Versteeg, Benthe",False,17,0,2,0.0,0,1,0.0,1,2,0.5,1,1,2,3,1,2,0,3,1
2022-12-10_sacramento_st_csu_bakersfield,Sacramento St.,02,"Edge, Kaylie",False,13,0,3,0.0,0,3,0.0,0,0,,0,2,2,1,0,2,0,0,0
2022-12-10_sacramento_st_csu_bakersfield,Sacramento St.,23,"Olivares, Jordan",False,10,0,1,0.0,0,1,0.0,0,0,,0,2,2,0,2,1,0,1,0
2022-12-10_sacramento_st_csu_bakersfield,Sacramento St.,TM,TEAM,False,0,0,0,,0,0,,0,0,,1,2,3,0,0,0,0,0,0
2022-12-11_gonzaga_uc_davis,UC Davis,25,"Norris, Megan",True,20,5,6,0.833,0,1,0.0,2,5,0.4,0,5,5,1,0,2,0,0,12
2022-12-11_gonzaga_uc_davis,UC Davis,15,"Turner, Evanne",True,38,3,11,0.273,1,5,0.2,1,1,1.0,0,2,2,2,4,4,0,2,8
2022-12-11_gonzaga_uc_davis,UC Davis,33,"Harris, Mazatlan",True,24,1,3,0.333,1,2,0.5,0,0,,0,2,2,1,1,0,0,0,3
2022-12-11_gonzaga_uc_davis,UC Davis,01,"Sussman, Tess",True,22,1,6,0.167,1,2,0.5,0,0,,1,5,6,2,1,1,0,0,3
2022-12-11_gonzaga_uc_davis,UC Davis,13,"Burns, Sydney",True,13,0,2,0.0,0,1,0.0,0,0,,0,2,2,0,0,1,0,0,0
2022-12-11_gonzaga_uc_davis,UC Davis,02,"Jones, Megan",False,17,2,3,0.667,2,3,0.667,2,2,1.0,1,2,3,2,0,3,1,0,8
2022-12-11_gonzaga_uc_davis,UC Davis,14,"Sabel, Tova",False,18,3,8,0.375,1,5,0.2,0,0,,1,2,3,4,1,4,0,0,7
2022-12-11_gonzaga_uc_davis,UC Davis,23,"Baker, Victoria",False,8,2,3,0.667,0,0,,1,3,0.333,0,1,1,4,1,2,0,0,5
2022-12-11_gonzaga_uc_davis,UC Davis,03,"Gray, Campbell",False,22,2,2,1.0,0,0,,0,0,,0,1,1,2,5,1,0,0,4
2022-12-11_gonzaga_uc_davis,UC Davis,20,"Sanders, Makaila",False,14,1,5,0.2,1,5,0.2,0,0,,0,1,1,2,1,0,0,1,3
2022-12-11_gonzaga_uc_davis,UC Davis,04,"Epps, Nya",False,4,1,1,1.0,0,0,,0,0,,0,0,0,0,0,0,0,0,2
2022-12-11_gonzaga_uc_davis,UC Davis,TM,TEAM,False,0,0,0,,0,0,,0,0,,1,3,4,0,0,1,0,0,0
2022-12-11_gonzaga_uc_davis,Gonzaga,22,"Maxwell, Brynna",True,34,6,8,0.75,5,7,0.714,2,2,1.0,3,6,9,3,1,0,0,1,19
2022-12-11_gonzaga_uc_davis,Gonzaga,14,"Truong, Kaylynne",True,34,4,10,0.4,2,3,0.667,5,6,0.833,0,3,3,2,7,5,0,2,15
2022-12-11_gonzaga_uc_davis,Gonzaga,12,"Hollingsworth, Eliza",True,28,4,11,0.364,2,5,0.4,3,4,0.75,0,1,1,0,1,1,0,1,13
2022-12-11_gonzaga_uc_davis,Gonzaga,15,"Ejim, Yvonne",True,28,4,7,0.571,0,0,,2,5,0.4,0,6,6,5,2,2,0,1,10
2022-12-11_gonzaga_uc_davis,Gonzaga,24,"Williams, McKayla",True,32,2,6,0.333,1,2,0.5,0,0,,0,4,4,1,4,1,1,2,5
2022-12-11_gonzaga_uc_davis,Gonzaga,10,"Stokes, Calli",False,22,4,6,0.667,1,2,0.5,2,4,0.5,0,5,5,2,1,0,0,2,11
2022-12-11_gonzaga_uc_davis,Gonzaga,00,"Little, Esther",False,11,0,0,,0,0,,0,0,,1,1,2,1,0,3,0,0,0
2022-12-11_gonzaga_uc_davis,Gonzaga,03,"Muma, Payton",False,6,0,0,,0,0,,0,0,,0,0,0,0,0,0,0,1,0
2022-12-11_gonzaga_uc_davis,Gonzaga,01,"Burton, Destiny",False,5,0,1,0.0,0,0,,0,0,,0,0,0,0,0,0,0,0,0
2022-12-11_gonzaga_uc_davis,Gonzaga,TM,TEAM,False,0,0,0,,0,0,,0,0,,0,2,2,0,0,0,0,0,0
2022-12-11_hawaii_unlv,UNLV,23,"Young, Desi-Rae",True,36,10,12,0.833,0,0,,5,7,0.714,3,7,10,2,2,4,0,3,25
2022-12-11_hawaii_unlv,UNLV,24,"Booker, Essence",True,34,6,14,0.429,2,4,0.5,3,4,0.75,0,2,2,2,1,2,0,0,17
2022-12-11_hawaii_unlv,UNLV,11,"Ethridge, Justice",True,33,4,7,0.571,1,3,0.333,1,2,0.5,3,5,8,2,1,0,0,0,10
2022-12-11_hawaii_unlv,UNLV,44,"Brown, Alyssa",True,31,2,5,0.4,0,1,0.0,2,2,1.0,1,6,7,0,1,5,0,0,6
2022-12-11_hawaii_unlv,UNLV,12,"Durazo-Frescas, Alyssa",True,22,0,2,0.0,0,2,0.0,3,3,1.0,0,1,1,0,0,1,0,0,3
2022-12-11_hawaii_unlv,UNLV,03,"Jackson, Kiara",False,21,4,10,0.4,0,2,0.0,1,1,1.0,0,4,4,4,1,2,1,0,9
2022-12-11_hawaii_unlv,UNLV,15,"Wilfred, Keyana",False,8,2,2,1.0,0,0,,0,0,,2,1,3,1,0,0,0,0,4
2022-12-11_hawaii_unlv,UNLV,02,"Winfrey, Kenadee",False,5,1,1,1.0,0,0,,0,0,,0,0,0,1,0,0,0,0,2
2022-12-11_hawaii_unlv,UNLV,00,"Scoggin, Ashley",False,6,0,4,0.0,0,2,0.0,0,0,,0,1,1,0,0,0,0,0,0
2022-12-11_hawaii_unlv,UNLV,10,"Lott, Jasmyn",False,4,0,2,0.0,0,1,0.0,0,0,,0,0,0,1,0,1,0,0,0
2022-12-11_hawaii_unlv,UNLV,TM,TEAM,False,0,0,0,,0,0,,0,0,,1,1,2,0,0,0,0,0,0
2022-12-11_hawaii_unlv,Hawaii,03,"Wahinekapu, Lily",True,27,5,11,0.455,0,1,0.0,2,5,0.4,0,1,1,1,1,0,0,3,12
2022-12-11_hawaii_unlv,Hawaii,11,"Spiller, Kallin",True,23,4,10,0.4,1,3,0.333,0,0,,2,5,7,5,2,1,2,0,9
2022-12-11_hawaii_unlv,Hawaii,34,"David, Jacque",True,20,4,8,0.5,0,3,0.0,1,2,0.5,2,3,5,2,1,2,0,1,9
2022-12-11_hawaii_unlv,Hawaii,15,"Phillips, Daejah",True,31,2,9,0.222,0,1,0.0,4,4,1.0,1,0,1,4,2,2,0,2,8
2022-12-11_hawaii_unlv,Hawaii,02,"Thoms, Ashley",True,12,0,1,0.0,0,1,0.0,0,0,,1,1,2,2,0,1,0,0,0
2022-12-11_hawaii_unlv,Hawaii,45,"Davies, Olivia",False,26,5,8,0.625,2,3,0.667,2,2,1.0,1,4,5,2,3,0,0,2,14
2022-12-11_hawaii_unlv,Hawaii,04,"Lefotu, Jovi",False,11,2,2,1.0,0,0,,2,2,1.0,0,0,0,0,0,1,1,0,6
2022-12-11_hawaii_unlv,Hawaii,12,"Perez, Imani",False,19,2,4,0.5,0,1,0.0,1,2,0.5,1,4,5,0,0,2,0,0,5
2022-12-11_hawaii_unlv,Hawaii,14,"Orji, Nnenna",False,12,1,4,0.25,1,1,1.0,0,0,,0,1,1,1,1,1,0,0,3
2022-12-11_hawaii_unlv,Hawaii,23,"McBee, MeiLani",False,18,0,4,0.0,0,4,0.0,0,0,,0,0,0,1,2,0,0,0,0
2022-12-11_hawaii_unlv,Hawaii,32,"Ongoongotau, Eva",False,1,0,0,,0,0,,0,0,,0,0,0,0,0,0,0,0,0
2022-12-11_hawaii_unlv,Hawaii,TM,TEAM,False,0,0,0,,0,0,,0,0,,0,2,2,0,0,1,0,0,0
2022-12-11_fresno_st_uc_irvine,UC Irvine,23,"Konate, Diaba",True,28,4,7,0.571,0,0,,4,4,1.0,2,3,5,2,5,5,0,5,12
2022-12-11_fresno_st_uc_irvine,UC Irvine,42,"Hunt, Naomi",True,32,4,14,0.286,1,6,0.167,0,0,,3,4,7,1,0,2,1,0,9
2022-12-11_fresno_st_uc_irvine,UC Irvine,3,"Tom, Nikki",True,33,2,6,0.333,1,2,0.5,0,0,,2,4,6,1,0,1,0,1,5
2022-12-11_fresno_st_uc_irvine,UC Irvine,21,"Williams, Olivia",True,13,0,3,0.0,0,1,0.0,2,2,1.0,0,0,0,0,0,0,0,0,2
2022-12-11_fresno_st_uc_irvine,UC Irvine,24,"Dean, Nevaeh",True,12,0,2,0.0,0,0,,0,0,,0,3,3,1,0,2,0,0,0
2022-12-11_fresno_st_uc_irvine,UC Irvine,20,"Hernandez, Hunter",False,24,1,5,0.2,1,2,0.5,1,2,0.5,2,3,5,4,0,2,0,1,4
2022-12-11_fresno_st_uc_irvine,UC Irvine,22,"Gony, Nyagoa",False,18,2,7,0.286,0,0,,0,0,,1,4,5,2,0,1,1,0,4
2022-12-11_fresno_st_uc_irvine,UC Irvine,13,"Lee, Déja",False,14,1,1,1.0,0,0,,1,2,0.5,0,0,0,1,1,1,0,0,3
2022-12-11_fresno_st_uc_irvine,UC Irvine,11,"Scharpf, Amelia",False,13,1,1,1.0,0,0,,1,1,1.0,0,2,2,0,0,0,0,0,3
2022-12-11_fresno_st_uc_irvine,UC Irvine,32,"Parkinson, Nevaeh",False,9,1,1,1.0,0,0,,0,0,,1,0,1,3,1,3,1,2,2
2022-12-11_fresno_st_uc_irvine,UC Irvine,33,"Kaupu, Caiyle",False,4,0,0,,0,0,,0,0,,0,1,1,1,0,0,1,0,0
2022-12-11_fresno_st_uc_irvine,UC Irvine,TM,TEAM,False,0,0,0,,0,0,,0,0,,1,0,1,0,0,0,0,0,0
2022-12-11_fresno_st_uc_irvine,Fresno St.,33,"West, Amaya",True,37,7,16,0.438,3,4,0.75,2,2,1.0,2,4,6,0,1,1,0,1,19
2022-12-11_fresno_st_uc_irvine,Fresno St.,13,"Book, Amiee",True,36,4,9,0.444,4,9,0.444,0,0,,1,4,5,1,3,1,0,0,12
2022-12-11_fresno_st_uc_irvine,Fresno St.,30,"Todorova, Yanina",True,33,3,6,0.5,2,3,0.667,1,2,0.5,0,3,3,2,2,4,0,1,9
2022-12-11_fresno_st_uc_irvine,Fresno St.,12,"Dethman, Sydney",True,26,4,5,0.8,1,1,1.0,0,0,,1,2,3,4,1,1,1,1,9
2022-12-11_fresno_st_uc_irvine,Fresno St.,32,"Mikkelsen, Thea",True,33,0,5,0.0,0,2,0.0,0,0,,0,2,2,1,3,2,0,3,0
2022-12-11_fresno_st_uc_irvine,Fresno St.,42,"Guimaraes, Maria",False,14,1,5,0.2,0,0,,0,0,,2,3,5,1,0,2,0,1,2
2022-12-11_fresno_st_uc_irvine,Fresno St.,15,"Doreste, Maria",False,7,1,1,1.0,0,0,,0,0,,0,0,0,2,2,2,0,0,2
2022-12-11_fresno_st_uc_irvine,Fresno St.,2,"Brown, Keely",False,10,0,2,0.0,0,2,0.0,0,0,,0,1,1,0,1,0,0,1,0
2022-12-11_fresno_st_uc_irvine,Fresno St.,54,"Wittenberg, Franka",False,4,0,0,,0,0,,0,0,,0,0,0,2,1,0,0,0,0
2022-12-11_fresno_st_uc_irvine,Fresno St.,TM,TEAM,False,0,0,0,,0,0,,0,0,,0,0,0,0,0,1,0,0,0
2022-12-11_pepperdine_uc_riverside,UC Riverside,1,"Bryant, Matehya",True,35,7,12,0.583,0,0,,4,5,0.8,7,5,12,2,0,0,1,6,18
2022-12-11_pepperdine_uc_riverside,UC Riverside,32,"Webster, Jordan",True,27,2,13,0.154,0,5,0.0,2,2,1.0,1,2,3,1,0,3,0,2,6
2022-12-11_pepperdine_uc_riverside,UC Riverside,4,"Marshall, Jordyn",True,39,0,5,0.0,0,3,0.0,5,6,0.833,0,2,2,0,1,5,0,0,5
2022-12-11_pepperdine_uc_riverside,UC Riverside,13,"Finau, Mele",True,22,1,7,0.143,0,2,0.0,3,4,0.75,0,0,0,2,0,3,0,0,5
2022-12-11_pepperdine_uc_riverside,UC Riverside,22,"Atchley, Paris",True,30,0,7,0.0,0,3,0.0,3,4,0.75,1,3,4,0,3,1,0,1,3
2022-12-11_pepperdine_uc_riverside,UC Riverside,11,"Matarranz, Esther",False,13,1,1,1.0,0,0,,5,6,0.833,3,1,4,1,1,1,0,0,7
2022-12-11_pepperdine_uc_riverside,UC Riverside,10,"Stenberg, Julia",False,1,1,1,1.0,1,1,1.0,0,0,,0,0,0,0,0,0,0,0,3
2022-12-11_pepperdine_uc_riverside,UC Riverside,23,"Aikins, India",False,13,1,3,0.333,0,0,,0,0,,0,0,0,0,1,1,0,1,2
2022-12-11_pepperdine_uc_riverside,UC Riverside,15,"Blount, Anna",False,11,1,7,0.143,0,0,,0,0,,2,2,4,6,0,1,0,0,2
2022-12-11_pepperdine_uc_riverside,UC Riverside,3,"Tillery, Zoe",False,9,0,1,0.0,0,0,,0,0,,0,0,0,0,0,2,0,0,0
2022-12-11_pepperdine_uc_riverside,UC Riverside,TM,TEAM,False,0,0,0,,0,0,,0,0,,3,2,5,0,0,1,0,0,0
2022-12-11_pepperdine_uc_riverside,Pepperdine,24,"Stedman, Ally",True,37,10,15,0.667,3,7,0.429,1,1,1.0,0,2,2,4,3,3,3,4,24
2022-12-11_pepperdine_uc_riverside,Pepperdine,00,"Mbanefo, Theresa Grace",True,24,3,9,0.333,0,0,,2,6,0.333,0,3,3,2,1,2,2,1,8
2022-12-11_pepperdine_uc_riverside,Pepperdine,10,"Nwaba, Jane",True,25,3,7,0.429,1,2,0.5,0,0,,1,3,4,3,0,4,0,2,7
2022-12-11_pepperdine_uc_riverside,Pepperdine,12,"Walls, Marly",True,37,0,5,0.0,0,0,,5,6,0.833,1,4,5,2,6,8,0,4,5
2022-12-11_pepperdine_uc_riverside,Pepperdine,13,"Amosa, Meaali'i",True,17,2,3,0.667,0,0,,0,2,0.0,2,3,5,1,0,1,0,1,4
2022-12-11_pepperdine_uc_riverside,Pepperdine,4,"Odebunmi, Rosemary",False,16,3,3,1.0,0,0,,1,2,0.5,6,3,9,2,2,1,0,0,7
2022-12-11_pepperdine_uc_riverside,Pepperdine,15,"Obinma, Becky",False,15,2,3,0.667,0,0,,0,0,,0,3,3,4,0,2,0,0,4
2022-12-11_pepperdine_uc_riverside,Pepperdine,33,"Brodie, Kyrah",False,8,2,2,1.0,0,0,,0,0,,0,2,2,2,0,1,0,0,4
2022-12-11_pepperdine_uc_riverside,Pepperdine,3,"Brumfield, Drea",False,11,1,4,0.25,0,3,0.0,0,0,,0,0,0,0,1,0,0,0,2
2022-12-11_pepperdine_uc_riverside,Pepperdine,11,"Friend, Helena",False,10,0,4,0.0,0,0,,0,0,,2,2,4,0,0,1,0,1,0
2022-12-11_pepperdine_uc_riverside,Pepperdine,TM,TEAM,False,0,0,0,,0,0,,0,0,,1,2,3,0,0,0,0,0,0
2022-12-14_uc_irvine_westcliff,Westcliff,25,"Taylor, Eva",True,37,3,12,0.25,2,8,0.25,3,3,1.0,1,1,2,2,0,3,0,1,11
2022-12-14_uc_irvine_westcliff,Westcliff,00,"Vasquez, Trinity",True,37,4,19,0.211,0,1,0.0,2,2,1.0,0,2,2,3,4,3,1,1,10
2022-12-14_uc_irvine_westcliff,Westcliff,1,"Lali, Neyha",True,26,2,3,0.667,1,1,1.0,0,0,,0,2,2,1,0,7,0,0,5
2022-12-14_uc_irvine_westcliff,Westcliff,24,"Regalado, Duna",True,25,1,2,0.5,0,0,,1,1,1.0,1,2,3,0,3,0,0,3,3
2022-12-14_uc_irvine_westcliff,Westcliff,44,"Ramos, Janelle",True,22,1,2,0.5,0,0,,0,0,,0,2,2,0,0,3,2,1,2
2022-12-14_uc_irvine_westcliff,Westcliff,33,"Demirbas, Esmeray",False,8,1,1,1.0,0,0,,1,2,0.5,0,0,0,0,0,0,0,0,3
2022-12-14_uc_irvine_westcliff,Westcliff,4,"Smith, Sameera",False,20,0,8,0.0,0,3,0.0,2,2,1.0,1,2,3,1,1,1,0,1,2
2022-12-14_uc_irvine_westcliff,Westcliff,22,"Voss, Lucy",False,16,0,2,0.0,0,0,,1,2,0.5,0,3,3,1,0,0,2,0,1
2022-12-14_uc_irvine_westcliff,Westcliff,10,"Shimizu, Elizabeth",False,9,0,0,,0,0,,0,0,,0,0,0,0,0,0,0,0,0
2022-12-14_uc_irvine_westcliff,Westcliff,TM,TEAM,False,0,0,0,,0,0,,0,0,,3,6,9,0,0,5,0,0,0
2022-12-14_uc_irvine_westcliff,UC Irvine,20,"Hernandez, Hunter",True,23,7,10,0.7,1,1,1.0,5,5,1.0,5,5,10,1,1,1,0,3,20
2022-12-14_uc_irvine_westcliff,UC Irvine,21,"Williams, Olivia",True,24,6,13,0.462,3,6,0.5,0,0,,2,2,4,0,5,0,0,2,15
2022-12-14_uc_irvine_westcliff,UC Irvine,13,"Lee, Déja",True,24,4,7,0.571,1,2,0.5,2,2,1.0,2,4,6,0,6,2,0,1,11
2022-12-14_uc_irvine_westcliff,UC Irvine,3,"Tom, Nikki",True,22,5,8,0.625,0,1,0.0,1,1,1.0,1,3,4,0,6,1,1,5,11
2022-12-14_uc_irvine_westcliff,UC Irvine,24,"Dean, Nevaeh",True,19,2,3,0.667,0,0,,0,0,,2,3,5,0,1,2,0,1,4
2022-12-14_uc_irvine_westcliff,UC Irvine,33,"Kaupu, Caiyle",False,23,4,10,0.4,0,1,0.0,0,0,,0,4,4,2,1,2,0,0,8
2022-12-14_uc_irvine_westcliff,UC Irvine,1,"Ross, Tarryn",False,13,2,6,0.333,1,3,0.333,0,0,,0,2,2,1,0,1,2,0,5
2022-12-14_uc_irvine_westcliff,UC Irvine,11,"Scharpf, Amelia",False,28,2,6,0.333,0,2,0.0,0,0,,0,4,4,1,4,1,1,1,4
2022-12-14_uc_irvine_westcliff,UC Irvine,32,"Parkinson, Nevaeh",False,9,2,6,0.333,0,0,,0,0,,2,2,4,4,0,2,0,0,4
2022-12-14_uc_irvine_westcliff,UC Irvine,22,"Gony, Nyagoa",False,15,1,3,0.333,0,0,,1,2,0.5,1,0,1,0,1,0,1,2,3
2022-12-14_uc_irvine_westcliff,UC Irvine,TM,TEAM,False,0,0,0,,0,0,,0,0,,2,3,5,0,0,0,0,0,0
2022-12-15_uc_davis_william_jessup,William Jessup,03,"Vieira, Kayla",True,28,3,11,0.273,0,2,0.0,0,0,,0,1,1,2,0,2,1,0,6
2022-12-15_uc_davis_william_jessup,William Jessup,04,"Lepolo, Maila",True,19,2,6,0.333,0,2,0.0,1,2,0.5,0,0,0,1,0,1,0,0,5
2022-12-15_uc_davis_william_jessup,William Jessup,22,"Napoleon, Makaila",True,25,2,10,0.2,0,2,0.0,0,0,,1,0,1,2,0,1,0,0,4
2022-12-15_uc_davis_william_jessup,William Jessup,23,"Moulos, Natalie",True,17,1,4,0.25,1,3,0.333,0,0,,0,2,2,2,0,2,0,1,3
2022-12-15_uc_davis_william_jessup,William Jessup,14,"Glynn, Makaila",True,24,0,1,0.0,0,0,,0,0,,0,2,2,3,0,1,0,0,0
2022-12-15_uc_davis_william_jessup,William Jessup,01,"Jovicevic, Andrea",False,22,2,11,0.182,0,4,0.0,0,0,,1,2,3,1,1,3,0,0,4
2022-12-15_uc_davis_william_jessup,William Jessup,05,"Perry, Maliyah",False,14,1,6,0.167,1,2,0.5,0,0,,0,1,1,1,0,1,0,1,3
2022-12-15_uc_davis_william_jessup,William Jessup,13,"Dikdan, Emily",False,9,1,2,0.5,0,0,,1,1,1.0,1,1,2,0,0,2,0,0,3
2022-12-15_uc_davis_william_jessup,William Jessup,24,"Fergerson, Raylyn",False,6,1,1,1.0,0,0,,0,0,,0,1,1,1,0,0,0,0,2
2022-12-15_uc_davis_william_jessup,William Jessup,31,"Guiton, Amari",False,11,0,4,0.0,0,0,,0,0,,0,3,3,0,0,1,0,0,0
2022-12-15_uc_davis_william_jessup,William Jessup,32,"Pedretti, Jennifer",False,11,0,3,0.0,0,0,,0,0,,0,3,3,0,0,0,0,0,0
2022-12-15_uc_davis_william_jessup,William Jessup,11,"Meadows, Maddy",False,9,0,3,0.0,0,2,0.0,0,0,,0,1,1,1,1,0,0,0,0
2022-12-15_uc_davis_william_jessup,William Jessup,12,"Aurelio, Andheya",False,5,0,3,0.0,0,3,0.0,0,0,,0,1,1,0,0,1,0,0,0
2022-12-15_uc_davis_william_jessup,William Jessup,TM,TEAM,False,0,0,0,,0,0,,0,0,,3,8,11,0,0,0,0,0,0
2022-12-15_uc_davis_william_jessup,UC Davis,15,"Turner, Evanne",True,25,7,13,0.538,2,7,0.286,2,2,1.0,0,5,5,2,2,0,1,1,18
2022-12-15_uc_davis_william_jessup,UC Davis,13,"Burns, Sydney",True,17,2,3,0.667,2,3,0.667,2,2,1.0,0,1,1,1,1,2,0,0,8
2022-12-15_uc_davis_william_jessup,UC Davis,01,"Sussman, Tess",True,19,3,6,0.5,0,2,0.0,0,0,,3,10,13,1,3,1,1,0,6
2022-12-15_uc_davis_william_jessup,UC Davis,33,"Harris, Mazatlan",True,19,1,3,0.333,1,2,0.5,2,4,0.5,1,2,3,1,1,2,0,0,5
2022-12-15_uc_davis_william_jessup,UC Davis,25,"Norris, Megan",True,25,1,8,0.125,0,1,0.0,0,0,,2,8,10,0,3,2,0,0,2
2022-12-15_uc_davis_william_jessup,UC Davis,04,"Epps, Nya",False,17,5,9,0.556,3,5,0.6,0,0,,1,2,3,1,0,2,0,1,13
2022-12-15_uc_davis_william_jessup,UC Davis,23,"Baker, Victoria",False,18,2,3,0.667,1,2,0.5,2,4,0.5,0,2,2,1,2,3,2,2,7
2022-12-15_uc_davis_william_jessup,UC Davis,20,"Sanders, Makaila",False,16,3,6,0.5,1,4,0.25,0,0,,2,4,6,1,1,1,1,1,7
2022-12-15_uc_davis_william_jessup,UC Davis,03,"Gray, Campbell",False,17,2,3,0.667,1,1,1.0,1,2,0.5,0,2,2,0,4,1,0,0,6
2022-12-15_uc_davis_william_jessup,UC Davis,14,"Sabel, Tova",False,14,2,8,0.25,0,4,0.0,0,0,,1,3,4,0,1,3,0,1,4
2022-12-15_uc_davis_william_jessup,UC Davis,02,"Jones, Megan",False,13,0,1,0.0,0,0,,0,0,,0,4,4,0,1,0,1,0,0
2022-12-15_uc_davis_william_jessup,UC Davis,TM,TEAM,False,0,0,0,,0,0,,0,0,,3,2,5,0,0,0,0,0,0
2022-12-15_uc_santa_barbara_stanislaus_st,Stanislaus St.,04,"Rose, Makayla",True,27,6,10,0.6,0,0,,0,0,,1,4,5,1,1,4,0,2,12
2022-12-15_uc_santa_barbara_stanislaus_st,Stanislaus St.,24,"Lewis, Da'Myiah",True,21,5,6,0.833,0,0,,0,0,,1,4,5,2,0,3,0,1,10
2022-12-15_uc_santa_barbara_stanislaus_st,Stanislaus St.,20,"Marques, Liliana",True,30,1,5,0.2,1,2,0.5,5,6,0.833,0,1,1,0,1,3,0,0,8
2022-12-15_uc_santa_barbara_stanislaus_st,Stanislaus St.,22,"Moa, Lavinia",True,20,1,3,0.333,0,0,,1,2,0.5,3,2,5,0,1,2,0,0,3
2022-12-15_uc_santa_barbara_stanislaus_st,Stanislaus St.,33,"Richardson, Lyric",True,11,0,3,0.0,0,0,,0,0,,0,1,1,2,1,0,0,0,0
2022-12-15_uc_santa_barbara_stanislaus_st,Stanislaus St.,03,"Patterson, Jadyn",False,16,1,6,0.167,1,4,0.25,0,0,,0,0,0,4,1,1,0,2,3
2022-12-15_uc_santa_barbara_stanislaus_st,Stanislaus St.,14,"Woodson, Alexis",False,16,1,6,0.167,0,1,0.0,1,2,0.5,1,2,3,1,1,1,0,0,3
2022-12-15_uc_santa_barbara_stanislaus_st,Stanislaus St.,05,"Sran, Ashmeen",False,22,1,4,0.25,0,2,0.0,0,0,,0,3,3,2,3,6,0,0,2
2022-12-15_uc_santa_barbara_stanislaus_st,Stanislaus St.,21,"Hornung, Aunika",False,10,1,1,1.0,0,0,,0,0,,1,0,1,2,0,1,0,0,2
2022-12-15_uc_santa_barbara_stanislaus_st,Stanislaus St.,02,"Addison, Iman",False,16,0,5,0.0,0,1,0.0,1,2,0.5,1,2,3,1,1,3,2,0,1
2022-12-15_uc_santa_barbara_stanislaus_st,Stanislaus St.,44,"Lewis, Ashley",False,11,0,3,0.0,0,0,,1,2,0.5,1,0,1,2,0,1,1,2,1
2022-12-15_uc_santa_barbara_stanislaus_st,Stanislaus St.,TM,TEAM,False,0,0,0,,0,0,,0,0,,1,4,5,0,0,1,0,0,0
2022-12-15_uc_santa_barbara_stanislaus_st,UC Santa Barbara,31,"Lane, Ila",True,16,7,10,0.7,0,0,,3,3,1.0,1,4,5,1,0,0,3,1,17
2022-12-15_uc_santa_barbara_stanislaus_st,UC Santa Barbara,03,"Marin, Alyssa",True,19,2,4,0.5,2,4,0.5,0,0,,1,0,1,4,2,1,1,4,6
2022-12-15_uc_santa_barbara_stanislaus_st,UC Santa Barbara,10,"Choice, Anya",True,15,1,3,0.333,0,2,0.0,0,0,,0,2,2,1,3,3,0,0,2
2022-12-15_uc_santa_barbara_stanislaus_st,UC Santa Barbara,02,"Tucker, Alexis",True,14,1,2,0.5,0,0,,0,0,,2,2,4,0,2,5,0,0,2
2022-12-15_uc_santa_barbara_stanislaus_st,UC Santa Barbara,12,"Mole, Taylor",True,14,0,5,0.0,0,2,0.0,0,0,,2,4,6,1,3,0,1,0,0
2022-12-15_uc_santa_barbara_stanislaus_st,UC Santa Barbara,21,"Johnson, Kennedy",False,19,6,9,0.667,2,3,0.667,2,2,1.0,1,4,5,2,2,1,0,3,16
2022-12-15_uc_santa_barbara_stanislaus_st,UC Santa Barbara,55,"Burke, Skylar",False,19,3,7,0.429,1,2,0.5,1,2,0.5,1,0,1,1,3,3,0,3,8
2022-12-15_uc_santa_barbara_stanislaus_st,UC Santa Barbara,32,"Grant, Jessica",False,19,2,4,0.5,2,4,0.5,0,0,,0,0,0,1,1,2,0,0,6
2022-12-15_uc_santa_barbara_stanislaus_st,UC Santa Barbara,23,"Whitfield, Alexis",False,15,1,7,0.143,0,2,0.0,2,2,1.0,1,1,2,0,2,0,0,0,4
2022-12-15_uc_santa_barbara_stanislaus_st,UC Santa Barbara,20,"Rockwood, Laurel",False,11,2,4,0.5,0,0,,0,0,,4,3,7,1,0,1,2,0,4
2022-12-15_uc_santa_barbara_stanislaus_st,UC Santa Barbara,13,"Modawar, Tatyana",False,18,1,6,0.167,1,4,0.25,0,0,,1,1,2,2,2,1,2,1,3
2022-12-15_uc_santa_barbara_stanislaus_st,UC Santa Barbara,05,"Cooper, Callie",False,17,1,3,0.333,0,0,,1,2,0.5,0,2,2,3,6,2,0,2,3
2022-12-15_uc_santa_barbara_stanislaus_st,UC Santa Barbara,04,"Hutchens, Kathleen",False,4,0,1,0.0,0,1,0.0,0,0,,0,0,0,0,0,0,0,0,0
2022-12-15_uc_santa_barbara_stanislaus_st,UC Santa Barbara,TM,TEAM,False,0,0,0,,0,0,,0,0,,2,4,6,0,0,2,0,0,0
2022-12-16_southern_miss_uc_irvine,UC Irvine,23,"Konate, Diaba",True,31,3,6,0.5,2,4,0.5,0,0,,3,1,4,3,4,4,0,4,8
2022-12-16_southern_miss_uc_irvine,UC Irvine,42,"Hunt, Naomi",True,20,2,8,0.25,2,7,0.286,0,0,,0,4,4,3,1,3,0,0,6
2022-12-16_southern_miss_uc_irvine,UC Irvine,21,"Williams, Olivia",True,28,2,9,0.222,1,6,0.167,0,0,,0,2,2,2,1,0,0,0,5
2022-12-16_southern_miss_uc_irvine,UC Irvine,24,"Dean, Nevaeh",True,15,2,3,0.667,0,0,,0,0,,0,2,2,0,0,1,0,0,4
2022-12-16_southern_miss_uc_irvine,UC Irvine,3,"Tom, Nikki",True,21,0,6,0.0,0,6,0.0,0,0,,1,0,1,1,1,0,0,0,0
2022-12-16_southern_miss_uc_irvine,UC Irvine,32,"Parkinson, Nevaeh",False,21,4,8,0.5,0,0,,2,3,0.667,3,2,5,1,0,5,0,1,10
2022-12-16_southern_miss_uc_irvine,UC Irvine,20,"Hernandez, Hunter",False,24,2,3,0.667,1,2,0.5,2,3,0.667,0,2,2,2,1,3,0,1,7
2022-12-16_southern_miss_uc_irvine,UC Irvine,33,"Kaupu, Caiyle",False,8,1,4,0.25,1,1,1.0,0,0,,1,1,2,0,1,0,1,0,3
2022-12-16_southern_miss_uc_irvine,UC Irvine,13,"Lee, Déja",False,21,1,6,0.167,0,4,0.0,0,0,,0,1,1,2,3,2,0,1,2
2022-12-16_southern_miss_uc_irvine,UC Irvine,11,"Scharpf, Amelia",False,8,0,1,0.0,0,0,,0,0,,0,0,0,0,0,0,0,1,0
2022-12-16_southern_miss_uc_irvine,UC Irvine,22,"Gony, Nyagoa",False,3,0,1,0.0,0,0,,0,0,,0,0,0,0,0,0,1,0,0
2022-12-16_southern_miss_uc_irvine,UC Irvine,TM,TEAM,False,0,0,0,,0,0,,0,0,,3,2,5,0,0,0,0,0,0
2022-12-16_southern_miss_uc_irvine,Southern Miss.,45,"Grayson, Melyia",True,37,8,13,0.615,0,0,,1,3,0.333,2,5,7,4,2,2,1,2,17
2022-12-16_southern_miss_uc_irvine,Southern Miss.,2,"Davis, Domonique",True,35,6,14,0.429,0,3,0.0,1,2,0.5,1,0,1,0,5,2,0,2,13
2022-12-16_southern_miss_uc_irvine,Southern Miss.,15,"Funeus, Femi",True,28,3,5,0.6,0,0,,0,0,,2,5,7,1,2,1,0,2,6
2022-12-16_southern_miss_uc_irvine,Southern Miss.,3,"Bracey, Jacorriah",True,30,1,6,0.167,0,0,,2,2,1.0,1,3,4,2,0,3,0,1,4
2022-12-16_southern_miss_uc_irvine,Southern Miss.,22,"Gross, Lauren",True,21,1,4,0.25,0,2,0.0,0,0,,0,5,5,1,0,1,0,2,2
2022-12-16_southern_miss_uc_irvine,Southern Miss.,4,"Cornfield, Lani",False,16,1,3,0.333,0,1,0.0,2,2,1.0,0,3,3,2,2,4,0,0,4
2022-12-16_southern_miss_uc_irvine,Southern Miss.,24,"Warren, Rose",False,24,1,5,0.2,0,2,0.0,0,0,,3,2,5,2,1,3,0,0,2
2022-12-16_southern_miss_uc_irvine,Southern Miss.,20,"Watkins, Chardai",False,6,0,0,,0,0,,2,2,1.0,0,1,1,0,0,0,0,0,2
2022-12-16_southern_miss_uc_irvine,Southern Miss.,35,"Leake, Ashja",False,3,0,1,0.0,0,0,,0,0,,0,1,1,0,0,1,0,0,0
2022-12-16_southern_miss_uc_irvine,Southern Miss.,TM,TEAM,False,0,0,0,,0,0,,0,0,,2,2,4,0,0,3,0,0,0
2022-12-16_california_uc_san_diego,UC San Diego,32,"Montgomery, Parker",True,36,7,14,0.5,3,9,0.333,2,3,0.667,0,2,2,0,2,4,0,2,19
2022-12-16_california_uc_san_diego,UC San Diego,13,"Brown, Sydney",True,31,5,13,0.385,2,7,0.286,1,2,0.5,0,4,4,3,2,3,0,1,13
2022-12-16_california_uc_san_diego,UC San Diego,10,"Macabuhay, Julia",True,10,2,5,0.4,0,1,0.0,3,3,1.0,0,2,2,3,0,1,0,1,7
2022-12-16_california_uc_san_diego,UC San Diego,24,"Mullings, Bridget",True,13,1,2,0.5,0,0,,0,0,,0,1,1,3,0,0,0,0,2
2022-12-16_california_uc_san_diego,UC San Diego,04,"Cangelosi, Emily",True,19,0,9,0.0,0,3,0.0,0,0,,1,1,2,4,0,1,0,0,0
2022-12-16_california_uc_san_diego,UC San Diego,20,"Forsyth, Izzy",False,28,3,6,0.5,3,5,0.6,0,0,,0,2,2,0,1,1,0,0,9
2022-12-16_california_uc_san_diego,UC San Diego,25,"Mahan, Junaé",False,25,2,4,0.5,0,0,,1,1,1.0,0,2,2,0,0,1,0,0,5
2022-12-16_california_uc_san_diego,UC San Diego,23,"Thompson, Courtni",False,7,1,2,0.5,0,1,0.0,2,2,1.0,0,0,0,0,0,1,0,0,4
2022-12-16_california_uc_san_diego,UC San Diego,02,"Talbot, Grace",False,21,1,4,0.25,0,2,0.0,0,0,,0,0,0,2,4,0,0,0,2
2022-12-16_california_uc_san_diego,UC San Diego,35,"Springs, Katie",False,9,0,0,,0,0,,0,0,,1,2,3,1,0,0,0,1,0
2022-12-16_california_uc_san_diego,UC San Diego,05,"Louther, Gabby",False,1,0,0,,0,0,,0,0,,0,0,0,0,0,0,0,0,0
2022-12-16_california_uc_san_diego,UC San Diego,TM,TEAM,False,0,0,0,,0,0,,0,0,,3,2,5,0,0,1,0,0,0
2022-12-16_california_uc_san_diego,California,30,"Curry, Jayda",True,29,8,16,0.5,2,8,0.25,4,5,0.8,0,4,4,2,1,0,0,0,22
2022-12-16_california_uc_san_diego,California,15,"Martin, Kemery",True,34,5,8,0.625,1,2,0.5,1,1,1.0,0,4,4,1,4,5,0,0,12
2022-12-16_california_uc_san_diego,California,24,"Lutje Schipholt, Evelien",True,26,5,13,0.385,0,0,,1,2,0.5,8,1,9,4,2,1,0,0,11
2022-12-16_california_uc_san_diego,California,01,"McIntosh, Leilani",True,34,3,5,0.6,1,2,0.5,0,2,0.0,0,5,5,1,2,1,2,2,7
2022-12-16_california_uc_san_diego,California,33,"Tuitele, Peanut",True,21,1,6,0.167,0,0,,0,0,,3,6,9,1,1,2,0,2,2
2022-12-16_california_uc_san_diego,California,00,"Onyiah, Ugonne",False,18,7,10,0.7,0,0,,1,4,0.25,7,4,11,2,0,5,0,1,15
2022-12-16_california_uc_san_diego,California,21,"Mastrov, Mia",False,16,1,3,0.333,0,0,,0,0,,0,1,1,2,0,2,0,0,2
2022-12-16_california_uc_san_diego,California,12,"Bush, Jadyn",False,6,1,3,0.333,0,0,,0,0,,2,1,3,0,0,0,0,0,2
2022-12-16_california_uc_san_diego,California,31,"Muca, Ornela",False,1,1,1,1.0,0,0,,0,0,,0,0,0,0,0,0,0,0,2
2022-12-16_california_uc_san_diego,California,04,"Ortiz, Karisma",False,14,0,1,0.0,0,1,0.0,0,0,,0,2,2,3,2,2,0,0,0
2022-12-16_california_uc_san_diego,California,03,"Stevens, Bella",False,1,0,0,,0,0,,0,0,,0,0,0,0,0,1,0,0,0
2022-12-16_california_uc_san_diego,California,32,"Heide, Sela",False,,0,0,,0,0,,0,0,,0,0,0,0,0,0,0,0,0
2022-12-16_california_uc_san_diego,California,TM,TEAM,False,0,0,0,,0,0,,0,0,,0,4,4,0,0,0,0,0,0
2022-12-16_long_beach_st_dartmouth,Dartmouth,2,"Niekelski, Grace",True,28,6,12,0.5,0,2,0.0,3,4,0.75,0,1,1,1,0,4,0,0,15
2022-12-16_long_beach_st_dartmouth,Dartmouth,5,"Curtis, Mia",True,31,3,6,0.5,3,5,0.6,0,0,,0,3,3,1,2,4,0,2,9
2022-12-16_long_beach_st_dartmouth,Dartmouth,34,"Koch, Emma",True,23,2,3,0.667,0,0,,3,4,0.75,0,3,3,1,1,1,0,0,7
2022-12-16_long_beach_st_dartmouth,Dartmouth,4,"Harland, Allie",True,16,2,5,0.4,1,4,0.25,0,0,,2,0,2,3,0,0,0,1,5
2022-12-16_long_beach_st_dartmouth,Dartmouth,1,"Mitchell, Karina",True,6,0,1,0.0,0,0,,0,0,,0,0,0,1,1,1,0,0,0
2022-12-16_long_beach_st_dartmouth,Dartmouth,3,"Boyd, Mekkena",False,23,4,6,0.667,2,3,0.667,0,1,0.0,1,3,4,3,1,4,0,1,10
2022-12-16_long_beach_st_dartmouth,Dartmouth,12,"Washburn, Carrington",False,11,1,3,0.333,0,1,0.0,2,3,0.667,1,4,5,0,0,0,0,1,4
2022-12-16_long_beach_st_dartmouth,Dartmouth,22,"Nelson, Anna",False,29,1,3,0.333,1,3,0.333,0,0,,0,3,3,1,4,4,0,0,3
2022-12-16_long_beach_st_dartmouth,Dartmouth,10,"Lawlor, Olivia",False,13,1,4,0.25,0,0,,0,0,,0,2,2,0,0,1,0,0,2
2022-12-16_long_beach_st_dartmouth,Dartmouth,13,"Meyer, Clare",False,7,0,1,0.0,0,0,,0,0,,0,0,0,1,0,0,0,0,0
2022-12-16_long_beach_st_dartmouth,Dartmouth,24,"Stuart, Leiya",False,6,0,2,0.0,0,1,0.0,0,0,,1,0,1,0,0,1,0,0,0
2022-12-16_long_beach_st_dartmouth,Dartmouth,11,"Foltz, Camryn",False,4,0,1,0.0,0,0,,0,0,,0,1,1,0,0,0,0,0,0
2022-12-16_long_beach_st_dartmouth,Dartmouth,15,"Page, Victoria",False,3,0,1,0.0,0,1,0.0,0,0,,0,0,0,0,2,0,0,0,0
2022-12-16_long_beach_st_dartmouth,Dartmouth,TM,TEAM,False,0,0,0,,0,0,,0,0,,4,2,6,0,0,1,0,0,0
2022-12-16_long_beach_st_dartmouth,Long Beach St.,1,"Bambrick, Malia",True,28,6,17,0.353,0,5,0.0,1,1,1.0,1,2,3,0,3,1,0,1,13
2022-12-16_long_beach_st_dartmouth,Long Beach St.,25,"Hamilton-fisher, Kianna",True,29,5,12,0.417,2,7,0.286,0,0,,0,2,2,1,3,3,2,2,12
2022-12-16_long_beach_st_dartmouth,Long Beach St.,11,"Jeskeova, Kristyna",True,33,4,7,0.571,1,3,0.333,1,1,1.0,5,10,15,4,0,2,2,6,10
2022-12-16_long_beach_st_dartmouth,Long Beach St.,00,"Berry, Ma'qhi",True,30,3,5,0.6,0,1,0.0,0,2,0.0,0,0,0,2,7,0,0,2,6
2022-12-16_long_beach_st_dartmouth,Long Beach St.,23,"Green, Lauren",True,23,2,2,1.0,0,0,,0,0,,0,1,1,4,0,1,0,0,4
2022-12-16_long_beach_st_dartmouth,Long Beach St.,12,"Harris , Tori",False,26,6,11,0.545,1,4,0.25,0,0,,2,2,4,2,2,1,1,2,13
2022-12-16_long_beach_st_dartmouth,Long Beach St.,3,"Chung, Patricia",False,5,1,1,1.0,0,0,,2,2,1.0,0,1,1,0,2,1,0,1,4
2022-12-16_long_beach_st_dartmouth,Long Beach St.,5,"Ka, Kennan",False,8,1,1,1.0,1,1,1.0,0,0,,0,1,1,1,0,1,0,1,3
2022-12-16_long_beach_st_dartmouth,Long Beach St.,33,"Murphy, Courtney",False,7,1,3,0.333,1,3,0.333,0,0,,0,1,1,0,0,0,0,0,3
2022-12-16_long_beach_st_dartmouth,Long Beach St.,2,"Tucker, Savannah",False,8,0,1,0.0,0,1,0.0,1,2,0.5,0,0,0,0,1,0,0,0,1
2022-12-16_long_beach_st_dartmouth,Long Beach St.,21,"Shoff, Abby",False,3,0,1,0.0,0,0,,0,0,,0,0,0,0,0,0,0,0,0
2022-12-16_long_beach_st_dartmouth,Long Beach St.,TM,TEAM,False,0,0,0,,0,0,,0,0,,0,0,0,0,0,0,0,0,0
2022-12-17_dartmouth_uc_irvine,UC Irvine,42,"Hunt, Naomi",True,23,7,11,0.636,4,8,0.5,0,0,,1,1,2,1,1,1,0,4,18
2022-12-17_dartmouth_uc_irvine,UC Irvine,24,"Dean, Nevaeh",True,19,3,7,0.429,0,0,,0,0,,2,2,4,1,0,2,1,1,6
2022-12-17_dartmouth_uc_irvine,UC Irvine,21,"Williams, Olivia",True,15,3,3,1.0,0,0,,0,0,,0,4,4,0,0,1,1,2,6
2022-12-17_dartmouth_uc_irvine,UC Irvine,3,"Tom, Nikki",True,25,0,4,0.0,0,3,0.0,0,0,,0,2,2,0,4,1,1,0,0
2022-12-17_dartmouth_uc_irvine,UC Irvine,23,"Konate, Diaba",True,21,0,4,0.0,0,0,,0,0,,0,1,1,1,5,4,0,2,0
2022-12-17_dartmouth_uc_irvine,UC Irvine,20,"Hernandez, Hunter",False,24,7,10,0.7,3,4,0.75,3,5,0.6,0,1,1,1,3,1,0,1,20
2022-12-17_dartmouth_uc_irvine,UC Irvine,11,"Scharpf, Amelia",False,19,4,5,0.8,2,3,0.667,0,0,,2,4,6,0,0,1,0,1,10
2022-12-17_dartmouth_uc_irvine,UC Irvine,13,"Lee, Déja",False,22,2,7,0.286,2,4,0.5,0,0,,1,1,2,2,3,5,0,2,6
2022-12-17_dartmouth_uc_irvine,UC Irvine,32,"Parkinson, Nevaeh",False,13,2,4,0.5,0,0,,2,2,1.0,2,3,5,0,1,1,1,0,6
2022-12-17_dartmouth_uc_irvine,UC Irvine,22,"Gony, Nyagoa",False,9,0,1,0.0,0,0,,0,0,,0,0,0,2,1,1,0,1,0
2022-12-17_dartmouth_uc_irvine,UC Irvine,33,"Kaupu, Caiyle",False,8,0,1,0.0,0,0,,0,0,,0,0,0,0,0,1,0,0,0
2022-12-17_dartmouth_uc_irvine,UC Irvine,1,"Ross, Tarryn",False,2,0,1,0.0,0,1,0.0,0,0,,0,0,0,0,0,1,0,0,0
2022-12-17_dartmouth_uc_irvine,UC Irvine,TM,TEAM,False,0,0,0,,0,0,,0,0,,5,4,9,0,0,0,0,0,0
2022-12-17_dartmouth_uc_irvine,Dartmouth,3,"Boyd, Mekkena",True,20,5,8,0.625,2,3,0.667,2,2,1.0,1,0,1,0,1,2,0,3,14
2022-12-17_dartmouth_uc_irvine,Dartmouth,22,"Nelson, Anna",True,29,2,5,0.4,0,2,0.0,0,0,,1,3,4,0,1,5,0,3,4
2022-12-17_dartmouth_uc_irvine,Dartmouth,5,"Curtis, Mia",True,24,2,8,0.25,0,5,0.0,0,0,,0,2,2,2,3,2,0,1,4
2022-12-17_dartmouth_uc_irvine,Dartmouth,34,"Koch, Emma",True,22,1,4,0.25,0,3,0.0,2,2,1.0,1,5,6,0,3,2,0,0,4
2022-12-17_dartmouth_uc_irvine,Dartmouth,2,"Niekelski, Grace",True,24,0,4,0.0,0,3,0.0,0,0,,2,0,2,0,0,1,0,0,0
2022-12-17_dartmouth_uc_irvine,Dartmouth,13,"Meyer, Clare",False,27,4,6,0.667,0,0,,2,4,0.5,1,2,3,0,2,3,3,1,10
2022-12-17_dartmouth_uc_irvine,Dartmouth,15,"Page, Victoria",False,12,3,5,0.6,3,3,1.0,0,0,,0,3,3,3,0,4,1,0,9
2022-12-17_dartmouth_uc_irvine,Dartmouth,12,"Washburn, Carrington",False,9,3,4,0.75,3,3,1.0,0,0,,0,2,2,1,0,0,1,0,9
2022-12-17_dartmouth_uc_irvine,Dartmouth,4,"Harland, Allie",False,7,1,1,1.0,1,1,1.0,0,0,,0,0,0,3,0,1,0,0,3
2022-12-17_dartmouth_uc_irvine,Dartmouth,1,"Mitchell, Karina",False,13,0,1,0.0,0,0,,0,0,,0,0,0,0,0,0,0,1,0
2022-12-17_dartmouth_uc_irvine,Dartmouth,11,"Foltz, Camryn",False,7,0,4,0.0,0,1,0.0,0,0,,1,0,1,1,3,0,0,1,0
2022-12-17_dartmouth_uc_irvine,Dartmouth,10,"Lawlor, Olivia",False,3,0,2,0.0,0,0,,0,0,,0,0,0,0,0,0,0,0,0
2022-12-17_dartmouth_uc_irvine,Dartmouth,24,"Stuart, Leiya",False,3,0,1,0.0,0,1,0.0,0,0,,0,0,0,0,0,0,0,0,0
2022-12-17_dartmouth_uc_irvine,Dartmouth,TM,TEAM,False,0,0,0,,0,0,,0,0,,2,2,4,0,0,2,0,0,0
2022-12-17_long_beach_st_southern_miss,Southern Miss.,2,"Davis, Domonique",True,40,7,13,0.538,0,3,0.0,6,9,0.667,1,3,4,1,2,3,0,3,20
2022-12-17_long_beach_st_southern_miss,Southern Miss.,45,"Grayson, Melyia",True,19,4,5,0.8,0,0,,1,2,0.5,0,8,8,2,0,1,0,0,9
2022-12-17_long_beach_st_southern_miss,Southern Miss.,15,"Funeus, Femi",True,31,2,8,0.25,0,0,,2,2,1.0,6,4,10,3,0,1,0,0,6
2022-12-17_long_beach_st_southern_miss,Southern Miss.,22,"Gross, Lauren",True,26,1,5,0.2,1,4,0.25,0,0,,2,3,5,2,0,2,0,0,3
2022-12-17_long_beach_st_southern_miss,Southern Miss.,3,"Bracey, Jacorriah",True,23,1,11,0.091,0,2,0.0,0,0,,0,4,4,1,1,0,0,3,2
2022-12-17_long_beach_st_southern_miss,Southern Miss.,4,"Cornfield, Lani",False,21,4,6,0.667,2,2,1.0,3,4,0.75,1,2,3,4,1,2,0,1,13
2022-12-17_long_beach_st_southern_miss,Southern Miss.,20,"Watkins, Chardai",False,10,1,4,0.25,0,0,,1,2,0.5,1,0,1,1,2,1,0,2,3
2022-12-17_long_beach_st_southern_miss,Southern Miss.,24,"Warren, Rose",False,17,0,1,0.0,0,1,0.0,0,0,,1,0,1,2,2,3,0,0,0
2022-12-17_long_beach_st_southern_miss,Southern Miss.,35,"Leake, Ashja",False,8,0,1,0.0,0,0,,0,0,,0,0,0,1,0,1,0,0,0
2022-12-17_long_beach_st_southern_miss,Southern Miss.,5,"Wallhoff, Emma",False,5,0,1,0.0,0,1,0.0,0,0,,0,0,0,0,0,0,0,0,0
2022-12-17_long_beach_st_southern_miss,Southern Miss.,TM,TEAM,False,0,0,0,,0,0,,0,0,,4,1,5,0,0,2,0,0,0
2022-12-17_long_beach_st_southern_miss,Long Beach St.,11,"Jeskeova, Kristyna",True,35,8,14,0.571,1,4,0.25,4,4,1.0,6,4,10,4,2,3,1,0,21
2022-12-17_long_beach_st_southern_miss,Long Beach St.,1,"Bambrick, Malia",True,29,4,9,0.444,1,2,0.5,1,2,0.5,0,2,2,2,1,1,0,1,10
2022-12-17_long_beach_st_southern_miss,Long Beach St.,25,"Hamilton-fisher, Kianna",True,30,1,9,0.111,0,5,0.0,0,0,,0,0,0,2,2,2,0,1,2
2022-12-17_long_beach_st_southern_miss,Long Beach St.,00,"Berry, Ma'qhi",True,35,0,3,0.0,0,1,0.0,0,0,,0,6,6,2,4,3,2,1,0
2022-12-17_long_beach_st_southern_miss,Long Beach St.,23,"Green, Lauren",True,20,0,2,0.0,0,0,,0,0,,0,2,2,4,0,3,0,2,0
2022-12-17_long_beach_st_southern_miss,Long Beach St.,12,"Harris , Tori",False,35,5,14,0.357,2,8,0.25,1,3,0.333,2,3,5,2,0,3,0,2,13
2022-12-17_long_beach_st_southern_miss,Long Beach St.,2,"Tucker, Savannah",False,5,0,0,,0,0,,2,2,1.0,0,0,0,1,0,0,0,0,2
2022-12-17_long_beach_st_southern_miss,Long Beach St.,3,"Chung, Patricia",False,5,1,2,0.5,0,0,,0,0,,0,0,0,0,0,0,0,0,2
2022-12-17_long_beach_st_southern_miss,Long Beach St.,33,"Murphy, Courtney",False,4,0,0,,0,0,,0,0,,0,1,1,0,0,0,0,0,0
2022-12-17_long_beach_st_southern_miss,Long Beach St.,5,"Ka, Kennan",False,2,0,0,,0,0,,0,0,,0,0,0,0,0,0,0,0,0
2022-12-17_long_beach_st_southern_miss,Long Beach St.,TM,TEAM,False,0,0,0,,0,0,,0,0,,2,3,5,0,0,0,0,0,0
2022-12-17_cal_st_fullerton_california_baptist,California Baptist,02,Chloe Webb,True,38,8,19,0.421,0,4,0.0,4,6,0.667,5,13,18,4,1,2,0,2,20
2022-12-17_cal_st_fullerton_california_baptist,California Baptist,01,Dorcas Wu,True,36,6,15,0.4,5,13,0.385,0,0,,0,7,7,4,3,0,0,0,17
2022-12-17_cal_st_fullerton_california_baptist,California Baptist,04,Lesila Finau,True,38,4,10,0.4,1,4,0.25,2,2,1.0,0,6,6,1,3,1,0,1,11
2022-12-17_cal_st_fullerton_california_baptist,California Baptist,05,Filipa Barros,True,27,2,4,0.5,0,1,0.0,1,4,0.25,0,0,0,2,4,5,0,1,5
2022-12-17_cal_st_fullerton_california_baptist,California Baptist,33,Grace Schmidt,True,15,0,6,0.0,0,0,,2,2,1.0,6,1,7,2,0,1,1,0,2
2022-12-17_cal_st_fullerton_california_baptist,California Baptist,03,Kinsley Barrington,False,24,6,10,0.6,1,4,0.25,0,0,,1,1,2,5,2,1,0,1,13
2022-12-17_cal_st_fullerton_california_baptist,California Baptist,24,Brittany Klaman,False,21,1,6,0.167,1,5,0.2,0,0,,0,4,4,1,1,1,0,0,3
2022-12-17_cal_st_fullerton_california_baptist,California Baptist,12,Nae Nae Calhoun,False,18,0,6,0.0,0,3,0.0,1,2,0.5,1,0,1,1,2,1,0,0,1
2022-12-17_cal_st_fullerton_california_baptist,California Baptist,13,Tiena Neale,False,5,0,2,0.0,0,1,0.0,0,0,,0,0,0,1,0,1,0,0,0
2022-12-17_cal_st_fullerton_california_baptist,California Baptist,11,Georgia Kehoe,False,3,0,1,0.0,0,0,,0,0,,1,0,1,2,0,1,0,1,0
2022-12-17_cal_st_fullerton_california_baptist,California Baptist,TM,TEAM,False,0,0,0,,0,0,,0,0,,3,2,5,0,0,0,0,0,0
2022-12-17_cal_st_fullerton_california_baptist,Cal St. Fullerton,05,"Jovanovic, Una",True,42,6,16,0.375,0,2,0.0,11,12,0.917,0,5,5,0,4,4,0,4,23
2022-12-17_cal_st_fullerton_california_baptist,Cal St. Fullerton,04,"Vidmar, Gabi",True,45,5,10,0.5,3,8,0.375,3,5,0.6,0,8,8,1,2,2,0,2,16
2022-12-17_cal_st_fullerton_california_baptist,Cal St. Fullerton,55,"Nimmo, Fujika",True,39,5,10,0.5,0,0,,4,6,0.667,0,0,0,4,3,3,0,1,14
2022-12-17_cal_st_fullerton_california_baptist,Cal St. Fullerton,32,"Lewis, Ashlee",True,27,4,12,0.333,0,0,,3,4,0.75,0,12,12,4,1,2,0,0,11
2022-12-17_cal_st_fullerton_california_baptist,Cal St. Fullerton,24,"Neff, Kathryn",True,35,2,3,0.667,1,1,1.0,2,2,1.0,0,6,6,0,3,0,1,1,7
2022-12-17_cal_st_fullerton_california_baptist,Cal St. Fullerton,21,"Tse, Allysan",False,10,2,4,0.5,0,1,0.0,0,0,,1,0,1,0,0,1,0,1,4
2022-12-17_cal_st_fullerton_california_baptist,Cal St. Fullerton,13,"Hernandez, Aixchel",False,7,1,4,0.25,0,0,,0,0,,0,3,3,2,0,0,1,0,2
2022-12-17_cal_st_fullerton_california_baptist,Cal St. Fullerton,10,"Lagway, Demonnie",False,3,0,2,0.0,0,0,,1,2,0.5,0,0,0,0,0,0,0,0,1
2022-12-17_cal_st_fullerton_california_baptist,Cal St. Fullerton,11,"MacDonald, Ruby",False,10,0,0,,0,0,,0,0,,0,0,0,2,1,1,0,0,0
2022-12-17_cal_st_fullerton_california_baptist,Cal St. Fullerton,00,"Frey, Anniken",False,7,0,1,0.0,0,0,,0,0,,0,0,0,1,0,0,0,0,0
2022-12-17_cal_st_fullerton_california_baptist,Cal St. Fullerton,TM,TEAM,False,0,0,0,,0,0,,0,0,,3,3,6,0,0,0,0,0,0
2022-12-17_ucla_csu_bakersfield,CSU Bakersfield,04,"Hunter, Grace",True,30,5,8,0.625,3,5,0.6,0,0,,0,1,1,2,1,3,0,0,13
2022-12-17_ucla_csu_bakersfield,CSU Bakersfield,13,"Herrera, Soli",True,26,1,5,0.2,0,0,,0,0,,1,2,3,3,0,2,2,0,2
2022-12-17_ucla_csu_bakersfield,CSU Bakersfield,05,"Tougas, Sophia",True,16,1,4,0.25,0,0,,0,0,,0,0,0,1,0,2,0,0,2
2022-12-17_ucla_csu_bakersfield,CSU Bakersfield,00,"Johnson, Simone",True,8,0,1,0.0,0,1,0.0,0,0,,0,0,0,1,0,2,0,0,0
2022-12-17_ucla_csu_bakersfield,CSU Bakersfield,32,"Freeman, Garrisen",True,5,0,0,,0,0,,0,0,,0,0,0,0,0,1,0,0,0
2022-12-17_ucla_csu_bakersfield,CSU Bakersfield,02,"Edwards, Morgan",False,30,5,11,0.455,3,6,0.5,0,0,,1,3,4,0,0,6,0,2,13
2022-12-17_ucla_csu_bakersfield,CSU Bakersfield,11,"Caldwell, Taylor",False,30,2,6,0.333,0,0,,5,6,0.833,2,5,7,2,5,3,1,1,9
2022-12-17_ucla_csu_bakersfield,CSU Bakersfield,15,"Morris, Kayla",False,18,2,5,0.4,0,2,0.0,0,0,,0,1,1,2,0,0,1,0,4
2022-12-17_ucla_csu_bakersfield,CSU Bakersfield,03,"van Schaik, Hennie",False,22,1,6,0.167,0,3,0.0,0,0,,0,2,2,1,0,0,0,0,2
2022-12-17_ucla_csu_bakersfield,CSU Bakersfield,33,"Riley, Julia",False,11,0,1,0.0,0,1,0.0,2,2,1.0,0,0,0,1,0,0,0,0,2
2022-12-17_ucla_csu_bakersfield,CSU Bakersfield,14,"Ortiz, Nseije",False,4,0,0,,0,0,,0,0,,0,0,0,0,0,1,0,0,0
2022-12-17_ucla_csu_bakersfield,CSU Bakersfield,TM,TEAM,False,0,0,0,,0,0,,0,0,,0,3,3,0,0,2,0,0,0
2022-12-17_ucla_csu_bakersfield,UCLA,11,"Bessoir, Emily",True,19,5,10,0.5,1,4,0.25,1,1,1.0,4,4,8,1,1,1,1,0,12
2022-12-17_ucla_csu_bakersfield,UCLA,01,"Rice, Kiki",True,25,4,8,0.5,1,5,0.2,0,1,0.0,0,4,4,2,3,0,0,3,9
2022-12-17_ucla_csu_bakersfield,UCLA,20,"Osborne, Charisma",True,30,3,9,0.333,0,3,0.0,2,2,1.0,0,4,4,1,3,1,0,3,8
2022-12-17_ucla_csu_bakersfield,UCLA,10,"Conti, Gina",True,23,1,3,0.333,0,1,0.0,2,2,1.0,1,1,2,0,8,1,0,1,4
2022-12-17_ucla_csu_bakersfield,UCLA,35,"Brown, Camryn",True,17,1,3,0.333,0,0,,0,0,,2,1,3,1,1,0,0,1,2
2022-12-17_ucla_csu_bakersfield,UCLA,03,"Jones, Londynn",False,23,4,9,0.444,2,6,0.333,2,2,1.0,0,3,3,1,1,2,0,1,12
2022-12-17_ucla_csu_bakersfield,UCLA,23,"Jaquez, Gabriela",False,19,4,8,0.5,2,5,0.4,1,2,0.5,1,1,2,2,1,2,0,1,11
2022-12-17_ucla_csu_bakersfield,UCLA,05,"Masikewich, Brynn",False,10,3,4,0.75,1,1,1.0,0,2,0.0,1,0,1,1,0,0,0,1,7
2022-12-17_ucla_csu_bakersfield,UCLA,21,"Sontag, Lina",False,15,3,5,0.6,0,0,,0,0,,1,4,5,1,1,1,0,2,6
2022-12-17_ucla_csu_bakersfield,UCLA,22,"Iwuala, Christeen",False,19,1,2,0.5,0,0,,2,2,1.0,1,2,3,1,2,2,0,1,4
2022-12-17_ucla_csu_bakersfield,UCLA,TM,TEAM,False,0,0,0,,0,0,,0,0,,1,1,2,0,0,1,0,0,0
2022-12-17_utah_uc_riverside,UC Riverside,13,"Finau, Mele",True,25,6,12,0.5,3,5,0.6,0,0,,0,2,2,3,2,3,2,0,15
2022-12-17_utah_uc_riverside,UC Riverside,1,"Bryant, Matehya",True,27,4,8,0.5,0,0,,0,0,,1,7,8,3,1,1,0,1,8
2022-12-17_utah_uc_riverside,UC Riverside,32,"Webster, Jordan",True,24,3,9,0.333,2,4,0.5,0,0,,0,2,2,3,0,1,0,3,8
2022-12-17_utah_uc_riverside,UC Riverside,22,"Atchley, Paris",True,30,1,4,0.25,1,3,0.333,0,0,,0,1,1,1,1,5,0,1,3
2022-12-17_utah_uc_riverside,UC Riverside,4,"Marshall, Jordyn",True,23,0,7,0.0,0,2,0.0,2,2,1.0,0,1,1,0,2,3,0,1,2
2022-12-17_utah_uc_riverside,UC Riverside,15,"Blount, Anna",False,21,3,9,0.333,0,0,,2,2,1.0,1,5,6,2,0,3,0,0,8
2022-12-17_utah_uc_riverside,UC Riverside,23,"Aikins, India",False,12,0,1,0.0,0,0,,1,4,0.25,0,0,0,0,1,0,0,0,1
2022-12-17_utah_uc_riverside,UC Riverside,11,"Matarranz, Esther",False,18,0,4,0.0,0,0,,0,0,,0,1,1,2,0,0,1,0,0
2022-12-17_utah_uc_riverside,UC Riverside,3,"Tillery, Zoe",False,17,0,5,0.0,0,4,0.0,0,0,,0,0,0,0,1,2,0,2,0
2022-12-17_utah_uc_riverside,UC Riverside,30,"Morse, Rose",False,3,0,0,,0,0,,0,0,,0,0,0,0,0,0,0,0,0
2022-12-17_utah_uc_riverside,UC Riverside,TM,TEAM,False,0,0,0,,0,0,,0,0,,0,0,0,0,0,1,0,0,0
2022-12-17_utah_uc_riverside,Utah,22,"Johnson, Jenna",True,21,8,11,0.727,0,1,0.0,2,3,0.667,0,4,4,2,1,2,0,1,18
2022-12-17_utah_uc_riverside,Utah,35,"Pili, Alissa",True,22,7,10,0.7,1,2,0.5,0,0,,1,3,4,1,5,1,1,1,15
2022-12-17_utah_uc_riverside,Utah,24,"McQueen, Kennady",True,25,4,6,0.667,1,3,0.333,0,0,,1,3,4,0,2,1,0,1,9
2022-12-17_utah_uc_riverside,Utah,5,"Kneepkens, Gianna",True,24,3,5,0.6,0,2,0.0,2,2,1.0,0,4,4,0,1,1,0,0,8
2022-12-17_utah_uc_riverside,Utah,2,"Vieira, Ines",True,18,2,4,0.5,1,2,0.5,0,0,,1,2,3,3,5,0,0,3,5
2022-12-17_utah_uc_riverside,Utah,34,"Young, Dasia",False,18,2,6,0.333,0,2,0.0,8,10,0.8,2,2,4,2,1,1,0,2,12
2022-12-17_utah_uc_riverside,Utah,1,"Palmer, Isabel",False,22,4,6,0.667,1,3,0.333,0,0,,1,5,6,2,1,3,1,1,9
2022-12-17_utah_uc_riverside,Utah,3,"White, Lani",False,13,2,4,0.5,2,3,0.667,0,0,,0,4,4,1,1,2,0,1,6
2022-12-17_utah_uc_riverside,Utah,32,"Sidberry, Teya",False,13,3,6,0.5,0,1,0.0,0,0,,1,4,5,0,1,3,2,2,6
2022-12-17_utah_uc_riverside,Utah,53,"Rees, Kelsey",False,13,0,5,0.0,0,0,,2,2,1.0,2,4,6,0,2,1,2,0,2
2022-12-17_utah_uc_riverside,Utah,13,"Ojukwu, Naya",False,6,1,4,0.25,0,0,,0,0,,1,2,3,1,0,0,0,0,2
2022-12-17_utah_uc_riverside,Utah,42,"McFarland, Peyton",False,5,0,2,0.0,0,0,,0,0,,0,1,1,0,1,0,0,0,0
2022-12-17_utah_uc_riverside,Utah,TM,TEAM,False,0,0,0,,0,0,,0,0,,0,0,0,0,0,0,0,0,0
2022-12-18_san_jose_st_uc_san_diego,UC San Diego,13,"Brown, Sydney",True,28,5,9,0.556,2,3,0.667,6,10,0.6,2,6,8,3,1,3,2,1,18
2022-12-18_san_jose_st_uc_san_diego,UC San Diego,32,"Montgomery, Parker",True,29,3,10,0.3,1,5,0.2,0,0,,0,0,0,1,1,0,0,1,7
2022-12-18_san_jose_st_uc_san_diego,UC San Diego,10,"Macabuhay, Julia",True,15,2,7,0.286,0,3,0.0,2,2,1.0,0,0,0,2,0,0,0,0,6
2022-12-18_san_jose_st_uc_san_diego,UC San Diego,20,"Forsyth, Izzy",True,26,1,8,0.125,0,2,0.0,2,4,0.5,3,2,5,0,1,1,1,2,4
2022-12-18_san_jose_st_uc_san_diego,UC San Diego,04,"Cangelosi, Emily",True,15,0,2,0.0,0,2,0.0,0,0,,0,1,1,3,1,1,0,1,0
2022-12-18_san_jose_st_uc_san_diego,UC San Diego,24,"Mullings, Bridget",False,18,4,8,0.5,1,3,0.333,1,2,0.5,1,0,1,1,0,2,0,0,10
2022-12-18_san_jose_st_uc_san_diego,UC San Diego,02,"Talbot, Grace",False,17,2,3,0.667,2,3,0.667,1,1,1.0,0,2,2,2,0,2,0,0,7
2022-12-18_san_jose_st_uc_san_diego,UC San Diego,25,"Mahan, Junaé",False,25,2,2,1.0,0,0,,0,2,0.0,0,3,3,3,4,4,0,2,4
2022-12-18_san_jose_st_uc_san_diego,UC San Diego,05,"Louther, Gabby",False,11,0,1,0.0,0,1,0.0,0,0,,0,0,0,2,0,0,0,0,0
2022-12-18_san_jose_st_uc_san_diego,UC San Diego,23,"Thompson, Courtni",False,8,0,0,,0,0,,0,0,,0,0,0,0,2,3,0,1,0
2022-12-18_san_jose_st_uc_san_diego,UC San Diego,35,"Springs, Katie",False,8,0,0,,0,0,,0,0,,2,2,4,1,0,0,1,0,0
2022-12-18_san_jose_st_uc_san_diego,UC San Diego,TM,TEAM,False,0,0,0,,0,0,,0,0,,1,3,4,0,0,1,0,0,0
2022-12-18_san_jose_st_uc_san_diego,San Jose St.,30,"Ma, Sabrina",True,17,4,5,0.8,4,4,1.0,0,0,,0,3,3,1,1,2,0,0,12
2022-12-18_san_jose_st_uc_san_diego,San Jose St.,11,"Davis-Jones, Marisa",True,25,4,9,0.444,3,5,0.6,0,0,,0,6,6,4,1,2,1,0,11
2022-12-18_san_jose_st_uc_san_diego,San Jose St.,05,"Richards, Sidney",True,31,2,8,0.25,1,2,0.5,4,4,1.0,1,2,3,1,3,3,0,1,9
2022-12-18_san_jose_st_uc_san_diego,San Jose St.,12,"Singleton, Jasmine",True,28,1,4,0.25,0,1,0.0,6,10,0.6,1,3,4,2,1,2,0,5,8
2022-12-18_san_jose_st_uc_san_diego,San Jose St.,32,"Fluker, Alani",True,18,2,2,1.0,0,0,,0,0,,1,1,2,0,0,1,0,0,4
2022-12-18_san_jose_st_uc_san_diego,San Jose St.,04,"Holland, Jada",False,24,8,10,0.8,0,1,0.0,1,2,0.5,1,2,3,0,2,3,0,4,17
2022-12-18_san_jose_st_uc_san_diego,San Jose St.,03,"Nicholas, Nailea",False,10,3,4,0.75,2,3,0.667,1,2,0.5,1,4,5,2,0,1,0,1,9
2022-12-18_san_jose_st_uc_san_diego,San Jose St.,24,"Moreland, Amhyia",False,19,0,4,0.0,0,0,,0,0,,3,2,5,4,0,3,1,0,0
2022-12-18_san_jose_st_uc_san_diego,San Jose St.,21,"Kelemeni, Sofia",False,13,0,2,0.0,0,1,0.0,0,0,,1,0,1,3,0,1,0,0,0
2022-12-18_san_jose_st_uc_san_diego,San Jose St.,23,"Boni, Ellie",False,13,0,2,0.0,0,2,0.0,0,0,,0,2,2,0,3,0,0,0,0
2022-12-18_san_jose_st_uc_san_diego,San Jose St.,00,"Nichols, Aarion",False,2,0,0,,0,0,,0,0,,0,0,0,0,1,0,0,0,0
2022-12-18_san_jose_st_uc_san_diego,San Jose St.,TM,TEAM,False,0,0,0,,0,0,,0,0,,2,3,5,0,0,0,0,0,0
2022-12-19_uc_davis_northern_ariz,Northern Ariz.,01,"Schenck, Regan",True,38,8,13,0.615,2,3,0.667,7,7,1.0,1,6,7,1,7,2,0,2,25
2022-12-19_uc_davis_northern_ariz,Northern Ariz.,02,"Moran, Nyah",True,33,6,15,0.4,3,8,0.375,1,2,0.5,1,1,2,2,1,1,0,1,16
2022-12-19_uc_davis_northern_ariz,Northern Ariz.,12,"Glancey, Sophie",True,26,4,12,0.333,0,0,,3,4,0.75,1,2,3,2,1,3,0,0,11
2022-12-19_uc_davis_northern_ariz,Northern Ariz.,21,"Rodabaugh, Emily",True,33,3,9,0.333,3,7,0.429,0,0,,1,4,5,3,1,3,1,0,9
2022-12-19_uc_davis_northern_ariz,Northern Ariz.,25,"Oltrogge, Montana",True,28,1,7,0.143,1,4,0.25,2,3,0.667,1,6,7,2,1,0,1,0,5
2022-12-19_uc_davis_northern_ariz,Northern Ariz.,22,"Moran, Olivia",False,23,4,10,0.4,1,2,0.5,5,5,1.0,1,3,4,2,2,1,2,1,14
2022-12-19_uc_davis_northern_ariz,Northern Ariz.,45,"Jaiteh, Fatoumata",False,11,1,2,0.5,1,1,1.0,0,0,,1,0,1,3,0,1,2,0,3
2022-12-19_uc_davis_northern_ariz,Northern Ariz.,04,"McMorris, Mary",False,5,0,1,0.0,0,1,0.0,0,0,,0,0,0,0,0,2,0,1,0
2022-12-19_uc_davis_northern_ariz,Northern Ariz.,33,"Neverson, Saniyah",False,3,0,0,,0,0,,0,0,,0,0,0,0,0,0,0,0,0
2022-12-19_uc_davis_northern_ariz,Northern Ariz.,TM,TEAM,False,0,0,0,,0,0,,0,0,,6,4,10,0,0,0,0,0,0
2022-12-19_uc_davis_northern_ariz,UC Davis,15,"Turner, Evanne",True,31,4,12,0.333,2,5,0.4,3,4,0.75,0,5,5,4,6,3,0,1,13
2022-12-19_uc_davis_northern_ariz,UC Davis,13,"Burns, Sydney",True,26,4,6,0.667,0,2,0.0,3,6,0.5,0,4,4,3,4,4,0,1,11
2022-12-19_uc_davis_northern_ariz,UC Davis,01,"Sussman, Tess",True,26,3,8,0.375,1,5,0.2,1,2,0.5,0,5,5,1,3,0,0,0,8
2022-12-19_uc_davis_northern_ariz,UC Davis,33,"Harris, Mazatlan",True,23,1,4,0.25,0,1,0.0,2,2,1.0,1,2,3,2,0,1,1,1,4
2022-12-19_uc_davis_northern_ariz,UC Davis,25,"Norris, Megan",True,14,1,2,0.5,0,0,,2,2,1.0,0,1,1,1,1,0,0,0,4
2022-12-19_uc_davis_northern_ariz,UC Davis,14,"Sabel, Tova",False,24,12,23,0.522,3,6,0.5,3,4,0.75,1,2,3,0,1,3,0,1,30
2022-12-19_uc_davis_northern_ariz,UC Davis,02,"Jones, Megan",False,26,2,4,0.5,1,2,0.5,0,0,,0,5,5,1,0,1,7,3,5
2022-12-19_uc_davis_northern_ariz,UC Davis,20,"Sanders, Makaila",False,5,1,2,0.5,1,1,1.0,0,0,,0,0,0,0,0,0,0,0,3
2022-12-19_uc_davis_northern_ariz,UC Davis,03,"Gray, Campbell",False,14,1,1,1.0,0,0,,0,0,,1,0,1,1,1,1,0,0,2
2022-12-19_uc_davis_northern_ariz,UC Davis,04,"Epps, Nya",False,10,0,1,0.0,0,0,,1,2,0.5,0,0,0,0,0,0,0,2,1
2022-12-19_uc_davis_northern_ariz,UC Davis,23,"Baker, Victoria",False,1,0,0,,0,0,,0,0,,0,0,0,1,0,0,0,0,0
2022-12-19_uc_davis_northern_ariz,UC Davis,TM,TEAM,False,0,0,0,,0,0,,0,0,,6,5,11,0,0,0,0,0,0
2022-12-19_csun_sacramento_st,Sacramento St.,24,"Natabou, Isnelle",True,37,7,12,0.583,0,0,,6,8,0.75,3,2,5,3,1,1,1,0,20
2022-12-19_csun_sacramento_st,Sacramento St.,20,"Peneueta, Katie",True,36,6,11,0.545,6,11,0.545,0,2,0.0,0,4,4,1,1,0,1,3,18
2022-12-19_csun_sacramento_st,Sacramento St.,00,"Dean, Kahlaijah",True,37,4,10,0.4,1,3,0.333,7,9,0.778,3,4,7,2,6,6,0,2,16
2022-12-19_csun_sacramento_st,Sacramento St.,21,"Randhawa, Kaylin",True,33,3,8,0.375,2,7,0.286,1,2,0.5,0,3,3,4,1,6,1,0,9
2022-12-19_csun_sacramento_st,Sacramento St.,10,"Butcher, Madison",True,17,0,3,0.0,0,2,0.0,0,0,,2,1,3,1,0,0,0,0,0
2022-12-19_csun_sacramento_st,Sacramento St.,1,"Versteeg, Benthe",False,20,0,1,0.0,0,0,,0,0,,0,0,0,4,0,4,0,0,0
2022-12-19_csun_sacramento_st,Sacramento St.,23,"Olivares, Jordan",False,14,0,2,0.0,0,2,0.0,0,0,,0,1,1,3,0,3,0,0,0
2022-12-19_csun_sacramento_st,Sacramento St.,3,"Amusan, Solape",False,4,0,1,0.0,0,1,0.0,0,0,,0,0,0,0,0,0,1,0,0
2022-12-19_csun_sacramento_st,Sacramento St.,33,"Hedman, Erin",False,2,0,0,,0,0,,0,0,,0,0,0,1,0,1,0,0,0
2022-12-19_csun_sacramento_st,Sacramento St.,TM,TEAM,False,0,0,0,,0,0,,0,0,,1,4,5,0,0,0,0,0,0
2022-12-19_csun_sacramento_st,CSUN,15,"Amundsen, Tess",True,36,5,8,0.625,1,2,0.5,5,5,1.0,0,6,6,2,1,4,0,4,16
2022-12-19_csun_sacramento_st,CSUN,1,"Jackson, Jordyn",True,29,4,7,0.571,0,2,0.0,8,8,1.0,0,1,1,4,3,3,0,3,16
2022-12-19_csun_sacramento_st,CSUN,21,"Tu'ua, Anaiyah",True,32,5,10,0.5,0,0,,2,2,1.0,1,3,4,3,0,1,0,2,12
2022-12-19_csun_sacramento_st,CSUN,5,"Duchemin, Michelle",True,23,2,6,0.333,0,1,0.0,1,2,0.5,1,3,4,3,2,2,0,0,5
2022-12-19_csun_sacramento_st,CSUN,34,"Spriggs, Kayanna",True,26,1,3,0.333,0,0,,2,2,1.0,0,2,2,1,0,2,1,1,4
2022-12-19_csun_sacramento_st,CSUN,10,"de Jesus , Ana Carolina",False,14,2,6,0.333,0,0,,0,0,,1,1,2,1,0,3,0,1,4
2022-12-19_csun_sacramento_st,CSUN,45,"Nikishina , Arina",False,9,1,2,0.5,0,0,,2,2,1.0,1,0,1,3,0,1,0,0,4
2022-12-19_csun_sacramento_st,CSUN,25,"Amundsen, Laney",False,17,0,1,0.0,0,0,,0,0,,2,3,5,1,1,1,0,1,0
2022-12-19_csun_sacramento_st,CSUN,4,"Harvey, Rachel",False,9,0,2,0.0,0,0,,0,0,,0,0,0,1,0,0,0,0,0
2022-12-19_csun_sacramento_st,CSUN,24,"Smith, Macy",False,3,0,1,0.0,0,0,,0,0,,0,0,0,0,0,0,0,0,0
2022-12-19_csun_sacramento_st,CSUN,13,"Fourie, Rochelle",False,2,0,0,,0,0,,0,0,,0,0,0,1,0,1,0,0,0
2022-12-19_csun_sacramento_st,CSUN,TM,TEAM,False,0,0,0,,0,0,,0,0,,1,3,4,0,0,1,0,0,0
2022-12-21_san_jose_st_hawaii,Hawaii,03,"Wahinekapu, Lily",True,25,3,7,0.429,3,4,0.75,4,4,1.0,1,5,6,0,3,5,0,2,13
2022-12-21_san_jose_st_hawaii,Hawaii,11,"Spiller, Kallin",True,32,3,7,0.429,1,4,0.25,1,2,0.5,2,5,7,1,0,0,2,4,8
2022-12-21_san_jose_st_hawaii,Hawaii,15,"Phillips, Daejah",True,31,1,10,0.1,1,6,0.167,3,4,0.75,1,1,2,3,2,4,0,2,6
2022-12-21_san_jose_st_hawaii,Hawaii,34,"David, Jacque",True,13,3,5,0.6,0,0,,0,0,,2,1,3,4,1,3,0,0,6
2022-12-21_san_jose_st_hawaii,Hawaii,45,"Davies, Olivia",True,19,0,1,0.0,0,0,,0,0,,3,0,3,2,1,4,0,0,0
2022-12-21_san_jose_st_hawaii,Hawaii,20,"Haire, McKenna",False,10,2,4,0.5,2,4,0.5,0,0,,0,0,0,1,0,0,0,1,6
2022-12-21_san_jose_st_hawaii,Hawaii,01,"Imai, Kelsie",False,19,1,5,0.2,1,5,0.2,0,2,0.0,0,3,3,2,1,3,0,2,3
2022-12-21_san_jose_st_hawaii,Hawaii,23,"McBee, MeiLani",False,13,0,1,0.0,0,1,0.0,3,3,1.0,0,0,0,1,0,1,0,0,3
2022-12-21_san_jose_st_hawaii,Hawaii,04,"Lefotu, Jovi",False,11,1,3,0.333,0,0,,1,1,1.0,0,0,0,1,2,0,0,1,3
2022-12-21_san_jose_st_hawaii,Hawaii,12,"Perez, Imani",False,12,1,1,1.0,0,0,,0,0,,3,3,6,2,0,1,5,0,2
2022-12-21_san_jose_st_hawaii,Hawaii,14,"Orji, Nnenna",False,7,1,1,1.0,0,0,,0,0,,0,1,1,1,0,0,0,0,2
2022-12-21_san_jose_st_hawaii,Hawaii,02,"Thoms, Ashley",False,6,1,2,0.5,0,1,0.0,0,0,,0,0,0,0,0,1,0,1,2
2022-12-21_san_jose_st_hawaii,Hawaii,32,"Ongoongotau, Eva",False,2,0,0,,0,0,,0,0,,0,0,0,1,0,1,0,0,0
2022-12-21_san_jose_st_hawaii,Hawaii,TM,TEAM,False,0,0,0,,0,0,,0,0,,2,2,4,0,0,4,0,0,0
2022-12-21_san_jose_st_hawaii,San Jose St.,12,"Singleton, Jasmine",True,30,4,8,0.5,1,1,1.0,3,6,0.5,5,1,6,4,1,1,0,5,12
2022-12-21_san_jose_st_hawaii,San Jose St.,11,"Davis-Jones, Marisa",True,19,3,8,0.375,0,3,0.0,2,2,1.0,1,3,4,5,0,3,0,0,8
2022-12-21_san_jose_st_hawaii,San Jose St.,30,"Ma, Sabrina",True,19,3,4,0.75,1,2,0.5,0,0,,0,1,1,3,0,2,0,0,7
2022-12-21_san_jose_st_hawaii,San Jose St.,05,"Richards, Sidney",True,24,2,8,0.25,0,1,0.0,1,4,0.25,2,3,5,1,0,4,0,0,5
2022-12-21_san_jose_st_hawaii,San Jose St.,32,"Fluker, Alani",True,17,1,5,0.2,0,0,,0,0,,1,0,1,2,0,2,0,0,2
2022-12-21_san_jose_st_hawaii,San Jose St.,24,"Moreland, Amhyia",False,23,1,4,0.25,0,0,,3,4,0.75,2,3,5,4,0,3,1,1,5
2022-12-21_san_jose_st_hawaii,San Jose St.,04,"Holland, Jada",False,27,1,6,0.167,0,2,0.0,0,0,,1,0,1,2,3,2,0,1,2
2022-12-21_san_jose_st_hawaii,San Jose St.,23,"Boni, Ellie",False,12,0,1,0.0,0,0,,2,2,1.0,0,1,1,0,0,1,0,0,2
2022-12-21_san_jose_st_hawaii,San Jose St.,03,"Nicholas, Nailea",False,16,0,4,0.0,0,0,,0,0,,2,4,6,0,0,1,0,0,0
2022-12-21_san_jose_st_hawaii,San Jose St.,00,"Nichols, Aarion",False,7,0,2,0.0,0,0,,0,0,,2,1,3,1,0,1,0,0,0
2022-12-21_san_jose_st_hawaii,San Jose St.,21,"Kelemeni, Sofia",False,6,0,1,0.0,0,0,,0,0,,0,1,1,0,1,3,0,0,0
2022-12-21_san_jose_st_hawaii,San Jose St.,TM,TEAM,False,0,0,0,,0,0,,0,0,,0,0,0,0,0,0,0,0,0
2022-12-21_uc_irvine_grand_canyon,Grand Canyon,24,"Brown, Tiarra",True,27,3,9,0.333,0,0,,4,6,0.667,5,2,7,5,1,1,0,1,10
2022-12-21_uc_irvine_grand_canyon,Grand Canyon,34,"Evans, Naudia",True,33,3,12,0.25,1,7,0.143,0,0,,1,0,1,1,4,1,0,1,7
2022-12-21_uc_irvine_grand_canyon,Grand Canyon,10,"Palma, Sydney",True,39,2,12,0.167,1,7,0.143,0,0,,2,0,2,3,1,7,1,2,5
2022-12-21_uc_irvine_grand_canyon,Grand Canyon,54,"Zars, Evan",True,18,2,2,1.0,0,0,,0,0,,4,5,9,1,0,0,0,1,4
2022-12-21_uc_irvine_grand_canyon,Grand Canyon,22,"Collins, Aaliyah",True,14,1,6,0.167,0,2,0.0,2,4,0.5,0,0,0,5,1,4,0,4,4
2022-12-21_uc_irvine_grand_canyon,Grand Canyon,11,"Lane, Olivia",False,27,3,11,0.273,0,0,,6,9,0.667,5,2,7,3,1,3,0,3,12
2022-12-21_uc_irvine_grand_canyon,Grand Canyon,4,"Phillips, Dominique",False,12,3,9,0.333,0,4,0.0,0,0,,0,1,1,2,0,0,0,1,6
2022-12-21_uc_irvine_grand_canyon,Grand Canyon,32,"Marcal, Maisa",False,14,1,1,1.0,0,0,,1,2,0.5,0,2,2,5,0,5,0,2,3
2022-12-21_uc_irvine_grand_canyon,Grand Canyon,1,"McLeod, Laila",False,6,0,2,0.0,0,1,0.0,0,0,,0,2,2,0,1,0,0,0,0
2022-12-21_uc_irvine_grand_canyon,Grand Canyon,13,"Buzzelle, Ellie",False,4,0,0,,0,0,,0,0,,0,0,0,0,0,1,0,0,0
2022-12-21_uc_irvine_grand_canyon,Grand Canyon,15,"Simons, McKenna",False,3,0,0,,0,0,,0,0,,1,0,1,2,0,0,0,0,0
2022-12-21_uc_irvine_grand_canyon,Grand Canyon,21,"Krueger, Emma",False,3,0,0,,0,0,,0,0,,0,0,0,1,0,0,0,0,0
2022-12-21_uc_irvine_grand_canyon,Grand Canyon,TM,TEAM,False,0,0,0,,0,0,,0,0,,4,4,8,0,0,0,0,0,0
2022-12-21_uc_irvine_grand_canyon,UC Irvine,23,"Konate, Diaba",True,30,4,7,0.571,0,1,0.0,7,8,0.875,0,2,2,4,3,10,0,2,15
2022-12-21_uc_irvine_grand_canyon,UC Irvine,21,"Williams, Olivia",True,29,4,7,0.571,3,4,0.75,0,0,,0,2,2,2,2,0,0,2,11
2022-12-21_uc_irvine_grand_canyon,UC Irvine,42,"Hunt, Naomi",True,34,1,6,0.167,0,3,0.0,6,8,0.75,0,6,6,1,0,1,0,1,8
2022-12-21_uc_irvine_grand_canyon,UC Irvine,3,"Tom, Nikki",True,24,1,6,0.167,1,4,0.25,2,2,1.0,1,5,6,4,2,4,1,1,5
2022-12-21_uc_irvine_grand_canyon,UC Irvine,24,"Dean, Nevaeh",True,21,1,3,0.333,0,0,,0,0,,1,3,4,3,0,0,1,0,2
2022-12-21_uc_irvine_grand_canyon,UC Irvine,20,"Hernandez, Hunter",False,26,2,8,0.25,0,0,,9,10,0.9,6,4,10,2,1,2,0,2,13
2022-12-21_uc_irvine_grand_canyon,UC Irvine,32,"Parkinson, Nevaeh",False,13,2,2,1.0,0,0,,3,4,0.75,0,2,2,2,0,1,3,0,7
2022-12-21_uc_irvine_grand_canyon,UC Irvine,11,"Scharpf, Amelia",False,8,0,0,,0,0,,2,2,1.0,0,0,0,1,1,1,0,0,2
2022-12-21_uc_irvine_grand_canyon,UC Irvine,13,"Lee, Déja",False,7,0,1,0.0,0,1,0.0,1,2,0.5,0,0,0,0,0,6,0,1,1
2022-12-21_uc_irvine_grand_canyon,UC Irvine,22,"Gony, Nyagoa",False,7,0,1,0.0,0,0,,0,0,,2,0,2,0,0,0,2,1,0
2022-12-21_uc_irvine_grand_canyon,UC Irvine,33,"Kaupu, Caiyle",False,1,0,0,,0,0,,0,0,,0,0,0,0,0,0,0,0,0
2022-12-21_uc_irvine_grand_canyon,UC Irvine,TM,TEAM,False,0,0,0,,0,0,,0,0,,0,2,2,0,0,1,0,0,0
2022-12-21_uc_san_diego_seattle_u,Seattle U,11,"Howard, Peyton",True,34,7,15,0.467,1,3,0.333,6,9,0.667,0,4,4,4,6,3,1,3,21
2022-12-21_uc_san_diego_seattle_u,Seattle U,44,"Moore, Mya",True,11,2,5,0.4,0,0,,0,0,,3,3,6,3,0,1,0,0,4
2022-12-21_uc_san_diego_seattle_u,Seattle U,15,"Liggett, Sheridan",True,22,1,3,0.333,1,2,0.5,0,0,,2,1,3,1,0,2,2,1,3
2022-12-21_uc_san_diego_seattle_u,Seattle U,04,"Blauenfeldt, Asta",True,12,1,3,0.333,1,2,0.5,0,0,,1,3,4,0,0,3,0,0,3
2022-12-21_uc_san_diego_seattle_u,Seattle U,14,"Kyrkjebo, Kari",True,19,0,2,0.0,0,0,,1,2,0.5,3,1,4,3,2,1,2,1,1
2022-12-21_uc_san_diego_seattle_u,Seattle U,24,"Clark, Taliyah",False,24,3,13,0.231,2,10,0.2,1,2,0.5,1,0,1,2,0,1,0,2,9
2022-12-21_uc_san_diego_seattle_u,Seattle U,23,"Korolenko, Irena",False,24,3,11,0.273,1,5,0.2,0,0,,0,2,2,2,0,2,0,1,7
2022-12-21_uc_san_diego_seattle_u,Seattle U,01,"Walker, Julianna",False,24,2,5,0.4,1,2,0.5,0,0,,2,3,5,1,2,1,0,0,5
2022-12-21_uc_san_diego_seattle_u,Seattle U,30,"Phillips, Madeline",False,9,1,2,0.5,1,2,0.5,0,0,,0,2,2,1,0,0,0,0,3
2022-12-21_uc_san_diego_seattle_u,Seattle U,22,"Moore, Makayla",False,9,0,3,0.0,0,1,0.0,0,0,,4,0,4,1,1,0,0,0,0
2022-12-21_uc_san_diego_seattle_u,Seattle U,34,"Michaelsen, Lisa",False,8,0,0,,0,0,,0,0,,0,2,2,1,1,1,0,0,0
2022-12-21_uc_san_diego_seattle_u,Seattle U,05,"Bariteau, Noemie",False,4,0,3,0.0,0,3,0.0,0,0,,0,0,0,0,0,0,0,0,0
2022-12-21_uc_san_diego_seattle_u,Seattle U,TM,TEAM,False,0,0,0,,0,0,,0,0,,1,6,7,0,0,1,0,0,0
2022-12-21_uc_san_diego_seattle_u,UC San Diego,20,"Forsyth, Izzy",True,34,8,13,0.615,1,5,0.2,6,6,1.0,3,5,8,2,1,3,2,2,23
2022-12-21_uc_san_diego_seattle_u,UC San Diego,04,"Cangelosi, Emily",True,36,6,13,0.462,2,5,0.4,6,7,0.857,2,11,13,3,5,1,0,1,20
2022-12-21_uc_san_diego_seattle_u,UC San Diego,13,"Brown, Sydney",True,31,2,8,0.25,1,4,0.25,2,2,1.0,1,5,6,4,2,4,2,0,7
2022-12-21_uc_san_diego_seattle_u,UC San Diego,32,"Montgomery, Parker",True,38,1,12,0.083,0,5,0.0,1,2,0.5,1,4,5,1,2,2,0,5,3
2022-12-21_uc_san_diego_seattle_u,UC San Diego,10,"Macabuhay, Julia",True,3,0,0,,0,0,,0,0,,0,0,0,0,0,0,0,0,0
2022-12-21_uc_san_diego_seattle_u,UC San Diego,02,"Talbot, Grace",False,24,1,4,0.25,1,3,0.333,0,0,,0,0,0,2,2,1,1,2,3
2022-12-21_uc_san_diego_seattle_u,UC San Diego,24,"Mullings, Bridget",False,11,1,2,0.5,0,0,,0,0,,0,1,1,1,0,2,0,0,2
2022-12-21_uc_san_diego_seattle_u,UC San Diego,05,"Louther, Gabby",False,7,1,1,1.0,0,0,,0,0,,0,1,1,0,0,1,0,0,2
2022-12-21_uc_san_diego_seattle_u,UC San Diego,25,"Mahan, Junaé",False,13,0,4,0.0,0,0,,1,2,0.5,0,1,1,0,1,0,0,1,1
2022-12-21_uc_san_diego_seattle_u,UC San Diego,35,"Springs, Katie",False,3,0,0,,0,0,,0,0,,0,0,0,0,0,0,1,0,0
2022-12-21_uc_san_diego_seattle_u,UC San Diego,TM,TEAM,False,0,0,0,,0,0,,0,0,,3,4,7,0,0,0,0,0,0
2022-12-21_uc_santa_barbara_cal_lutheran,Cal Lutheran,11,"Mills, Sara",True,31,5,19,0.263,1,12,0.083,0,0,,1,1,2,0,1,3,0,1,11
2022-12-21_uc_santa_barbara_cal_lutheran,Cal Lutheran,30,"DiMuro, Aliya",True,17,3,8,0.375,0,0,,1,3,0.333,1,4,5,5,0,0,0,0,7
2022-12-21_uc_santa_barbara_cal_lutheran,Cal Lutheran,05,"McMillan, Karina",True,20,0,2,0.0,0,1,0.0,2,2,1.0,1,2,3,2,3,2,0,0,2
2022-12-21_uc_santa_barbara_cal_lutheran,Cal Lutheran,14,"Gipson, Naomi",True,13,1,2,0.5,0,0,,0,0,,3,0,3,1,0,2,1,1,2
2022-12-21_uc_santa_barbara_cal_lutheran,Cal Lutheran,12,"Godines, Grace",True,15,0,2,0.0,0,2,0.0,0,0,,0,0,0,1,0,0,0,0,0
2022-12-21_uc_santa_barbara_cal_lutheran,Cal Lutheran,31,"Charles, Amaya",False,12,2,3,0.667,1,1,1.0,1,2,0.5,0,2,2,1,1,2,0,0,6
2022-12-21_uc_santa_barbara_cal_lutheran,Cal Lutheran,33,"Winton, Annie",False,19,1,6,0.167,0,3,0.0,2,2,1.0,0,2,2,0,0,3,0,4,4
2022-12-21_uc_santa_barbara_cal_lutheran,Cal Lutheran,10,"Greenwood, Alexa",False,13,1,2,0.5,0,0,,1,2,0.5,0,3,3,2,1,2,0,0,3
2022-12-21_uc_santa_barbara_cal_lutheran,Cal Lutheran,00,"Godfrey, AL'ynnay",False,9,1,3,0.333,1,2,0.5,0,0,,0,1,1,1,0,1,1,0,3
2022-12-21_uc_santa_barbara_cal_lutheran,Cal Lutheran,32,"Tomlinson, Makena",False,20,1,3,0.333,0,1,0.0,0,0,,0,1,1,3,2,2,0,0,2
2022-12-21_uc_santa_barbara_cal_lutheran,Cal Lutheran,24,"Flores, Izzy",False,6,1,2,0.5,0,0,,0,0,,0,0,0,1,0,0,0,0,2
2022-12-21_uc_santa_barbara_cal_lutheran,Cal Lutheran,23,"Broughton, Deanna",False,11,0,1,0.0,0,0,,0,0,,0,2,2,2,2,1,1,2,0
2022-12-21_uc_santa_barbara_cal_lutheran,Cal Lutheran,02,"Turner, Merci",False,9,0,2,0.0,0,1,0.0,0,0,,0,2,2,1,0,1,0,0,0
2022-12-21_uc_santa_barbara_cal_lutheran,Cal Lutheran,21,"Sahnazoglu, Ashley",False,5,0,1,0.0,0,0,,0,0,,0,0,0,0,0,1,0,0,0
2022-12-21_uc_santa_barbara_cal_lutheran,Cal Lutheran,TM,TEAM,False,0,0,0,,0,0,,0,0,,2,1,3,0,0,1,0,0,0
2022-12-21_uc_santa_barbara_cal_lutheran,UC Santa Barbara,02,"Tucker, Alexis",True,12,2,3,0.667,0,1,0.0,5,5,1.0,4,3,7,0,2,1,0,0,9
2022-12-21_uc_santa_barbara_cal_lutheran,UC Santa Barbara,31,"Lane, Ila",True,7,4,5,0.8,0,0,,0,1,0.0,1,0,1,1,0,0,0,1,8
2022-12-21_uc_santa_barbara_cal_lutheran,UC Santa Barbara,12,"Mole, Taylor",True,12,2,5,0.4,0,1,0.0,0,0,,1,1,2,0,6,1,1,1,4
2022-12-21_uc_santa_barbara_cal_lutheran,UC Santa Barbara,03,"Marin, Alyssa",True,15,1,6,0.167,1,4,0.25,0,0,,0,0,0,1,2,0,0,1,3
2022-12-21_uc_santa_barbara_cal_lutheran,UC Santa Barbara,10,"Choice, Anya",True,17,1,3,0.333,0,1,0.0,0,0,,0,1,1,2,4,0,0,0,2
2022-12-21_uc_santa_barbara_cal_lutheran,UC Santa Barbara,20,"Rockwood, Laurel",False,21,8,11,0.727,0,0,,2,7,0.286,6,6,12,1,0,3,2,2,18
2022-12-21_uc_santa_barbara_cal_lutheran,UC Santa Barbara,23,"Whitfield, Alexis",False,19,7,10,0.7,0,0,,1,3,0.333,5,5,10,1,5,2,0,1,15
2022-12-21_uc_santa_barbara_cal_lutheran,UC Santa Barbara,32,"Grant, Jessica",False,16,5,10,0.5,3,8,0.375,0,0,,0,1,1,1,0,0,0,0,13
2022-12-21_uc_santa_barbara_cal_lutheran,UC Santa Barbara,55,"Burke, Skylar",False,19,3,7,0.429,2,5,0.4,1,2,0.5,1,6,7,2,5,2,0,2,9
2022-12-21_uc_santa_barbara_cal_lutheran,UC Santa Barbara,13,"Modawar, Tatyana",False,19,3,5,0.6,0,2,0.0,1,1,1.0,1,4,5,0,0,0,2,1,7
2022-12-21_uc_santa_barbara_cal_lutheran,UC Santa Barbara,04,"Hutchens, Kathleen",False,11,2,4,0.5,2,2,1.0,0,0,,0,0,0,0,1,0,0,0,6
2022-12-21_uc_santa_barbara_cal_lutheran,UC Santa Barbara,21,"Johnson, Kennedy",False,10,3,4,0.75,0,0,,0,0,,2,0,2,2,2,1,0,1,6
2022-12-21_uc_santa_barbara_cal_lutheran,UC Santa Barbara,05,"Cooper, Callie",False,22,1,4,0.25,0,1,0.0,0,3,0.0,1,2,3,2,4,3,0,1,2
2022-12-21_uc_santa_barbara_cal_lutheran,UC Santa Barbara,TM,TEAM,False,0,0,0,,0,0,,0,0,,1,4,5,0,0,2,0,0,0
2022-12-21_baylor_long_beach_st,Long Beach St.,12,"Harris , Tori",True,37,5,10,0.5,2,6,0.333,2,3,0.667,0,1,1,2,2,1,0,3,14
2022-12-21_baylor_long_beach_st,Long Beach St.,00,"Berry, Ma'qhi",True,36,4,7,0.571,0,0,,2,2,1.0,3,2,5,3,7,5,0,4,10
2022-12-21_baylor_long_beach_st,Long Beach St.,25,"Hamilton-fisher, Kianna",True,29,3,9,0.333,2,5,0.4,2,2,1.0,0,4,4,3,0,3,0,2,10
2022-12-21_baylor_long_beach_st,Long Beach St.,1,"Bambrick, Malia",True,29,3,11,0.273,2,6,0.333,0,0,,0,0,0,1,0,1,0,1,8
2022-12-21_baylor_long_beach_st,Long Beach St.,11,"Jeskeova, Kristyna",True,26,1,5,0.2,1,2,0.5,0,0,,3,4,7,4,2,3,2,2,3
2022-12-21_baylor_long_beach_st,Long Beach St.,33,"Murphy, Courtney",False,7,1,4,0.25,1,3,0.333,0,0,,0,0,0,3,1,0,0,0,3
2022-12-21_baylor_long_beach_st,Long Beach St.,5,"Ka, Kennan",False,19,1,2,0.5,0,0,,0,0,,1,0,1,1,0,2,0,0,2
2022-12-21_baylor_long_beach_st,Long Beach St.,2,"Tucker, Savannah",False,5,1,2,0.5,0,0,,0,0,,0,0,0,0,0,0,0,0,2
2022-12-21_baylor_long_beach_st,Long Beach St.,23,"Green, Lauren",False,6,0,0,,0,0,,0,0,,0,0,0,2,0,0,0,0,0
2022-12-21_baylor_long_beach_st,Long Beach St.,3,"Chung, Patricia",False,4,0,3,0.0,0,2,0.0,0,0,,1,0,1,0,0,0,0,0,0
2022-12-21_baylor_long_beach_st,Long Beach St.,21,"Shoff, Abby",False,2,0,1,0.0,0,0,,0,0,,1,1,2,0,1,0,0,0,0
2022-12-21_baylor_long_beach_st,Long Beach St.,TM,TEAM,False,0,0,0,,0,0,,0,0,,1,1,2,0,0,1,0,0,0
2022-12-21_baylor_long_beach_st,Baylor,51,"Bickle, Caitlin",True,33,7,8,0.875,0,0,,3,5,0.6,2,1,3,2,2,3,0,2,17
2022-12-21_baylor_long_beach_st,Baylor,22,"Fontleroy, Bella",True,29,5,7,0.714,1,2,0.5,0,1,0.0,1,3,4,0,1,1,0,0,11
2022-12-21_baylor_long_beach_st,Baylor,21,"Asberry, Ja'mee",True,24,4,8,0.5,3,7,0.429,0,0,,1,1,2,3,2,4,0,2,11
2022-12-21_baylor_long_beach_st,Baylor,24,"Andrews, Sarah",True,39,2,11,0.182,1,7,0.143,4,6,0.667,1,11,12,2,14,3,0,0,9
2022-12-21_baylor_long_beach_st,Baylor,5,"Littlepage-buggs, Darianna",True,18,4,6,0.667,0,0,,0,0,,3,5,8,2,1,3,0,0,8
2022-12-21_baylor_long_beach_st,Baylor,25,"Gillispie, Kendra",False,16,3,6,0.5,0,0,,1,2,0.5,2,1,3,0,0,0,0,0,7
2022-12-21_baylor_long_beach_st,Baylor,4,"van Gytenbeek, Jana",False,16,2,2,1.0,2,2,1.0,0,0,,0,1,1,1,0,4,0,1,6
2022-12-21_baylor_long_beach_st,Baylor,30,"Ferreira, Catarina",False,23,1,2,0.5,0,0,,2,2,1.0,1,2,3,0,3,2,0,1,4
2022-12-21_baylor_long_beach_st,Baylor,12,"Abraham, Kyla",False,2,0,0,,0,0,,0,0,,0,0,0,0,0,0,0,0,0
2022-12-21_baylor_long_beach_st,Baylor,TM,TEAM,False,0,0,0,,0,0,,0,0,,2,0,2,0,0,0,0,0,0
2022-12-21_lmu_ca_csun,CSUN,1,"Jackson, Jordyn",True,33,7,12,0.583,0,2,0.0,4,4,1.0,0,2,2,2,0,1,0,4,18
2022-12-21_lmu_ca_csun,CSUN,15,"Amundsen, Tess",True,27,3,7,0.429,1,3,0.333,7,8,0.875,0,4,4,5,2,3,0,3,14
2022-12-21_lmu_ca_csun,CSUN,21,"Tu'ua, Anaiyah",True,34,3,8,0.375,0,1,0.0,1,2,0.5,2,4,6,3,3,2,0,0,7
2022-12-21_lmu_ca_csun,CSUN,34,"Spriggs, Kayanna",True,21,2,4,0.5,0,0,,2,4,0.5,0,0,0,3,1,1,1,0,6
2022-12-21_lmu_ca_csun,CSUN,5,"Duchemin, Michelle",True,18,1,7,0.143,0,2,0.0,2,2,1.0,1,1,2,2,1,0,0,0,4
2022-12-21_lmu_ca_csun,CSUN,25,"Amundsen, Laney",False,18,1,3,0.333,1,2,0.5,2,2,1.0,1,1,2,2,0,1,1,1,5
2022-12-21_lmu_ca_csun,CSUN,24,"Smith, Macy",False,19,1,4,0.25,0,2,0.0,2,2,1.0,0,2,2,2,0,0,0,1,4
2022-12-21_lmu_ca_csun,CSUN,10,"de Jesus , Ana Carolina",False,15,1,4,0.25,0,0,,0,0,,2,1,3,0,1,1,1,0,2
2022-12-21_lmu_ca_csun,CSUN,45,"Nikishina , Arina",False,3,1,1,1.0,0,0,,0,0,,0,1,1,1,0,0,0,0,2
2022-12-21_lmu_ca_csun,CSUN,00,"Williams, De’jah",False,4,0,1,0.0,0,0,,0,0,,0,0,0,0,0,0,0,0,0
2022-12-21_lmu_ca_csun,CSUN,4,"Harvey, Rachel",False,4,0,1,0.0,0,0,,0,0,,0,0,0,1,0,2,0,1,0
2022-12-21_lmu_ca_csun,CSUN,11,"Smith, Olivia",False,2,0,1,0.0,0,0,,0,0,,0,0,0,0,0,0,0,0,0
2022-12-21_lmu_ca_csun,CSUN,13,"Fourie, Rochelle",False,2,0,0,,0,0,,0,0,,0,0,0,1,0,2,0,0,0
2022-12-21_lmu_ca_csun,CSUN,TM,TEAM,False,0,0,0,,0,0,,0,0,,2,2,4,0,0,0,0,0,0
2022-12-21_lmu_ca_csun,LMU (CA),32,"Johnson, Ariel",True,33,6,13,0.462,0,2,0.0,7,7,1.0,0,3,3,2,7,4,0,3,19
2022-12-21_lmu_ca_csun,LMU (CA),35,"Mark, Alexis",True,26,6,7,0.857,1,1,1.0,4,4,1.0,1,3,4,5,1,4,0,0,17
2022-12-21_lmu_ca_csun,LMU (CA),2,"Gordon, Cassandra",True,31,6,10,0.6,1,3,0.333,1,1,1.0,1,6,7,4,1,1,1,0,14
2022-12-21_lmu_ca_csun,LMU (CA),1,"Rodriguez, Nicole",True,30,3,6,0.5,2,4,0.5,0,0,,0,2,2,1,3,4,1,1,8
2022-12-21_lmu_ca_csun,LMU (CA),34,"Clark, Khari",True,25,1,3,0.333,0,0,,0,0,,3,4,7,2,2,0,4,1,2
2022-12-21_lmu_ca_csun,LMU (CA),11,"Samuel, Destiny",False,10,2,3,0.667,1,2,0.5,0,0,,0,0,0,1,0,0,0,0,5
2022-12-21_lmu_ca_csun,LMU (CA),13,"Oliver, Amaya",False,15,1,2,0.5,0,0,,1,2,0.5,0,3,3,2,1,0,1,0,3
2022-12-21_lmu_ca_csun,LMU (CA),23,"Curry, Layla",False,6,0,3,0.0,0,2,0.0,1,2,0.5,0,2,2,0,1,1,0,1,1
2022-12-21_lmu_ca_csun,LMU (CA),21,"Yancy, Noelle",False,17,0,0,,0,0,,0,0,,0,2,2,1,0,1,0,0,0
2022-12-21_lmu_ca_csun,LMU (CA),25,"Adams, Aspyn",False,6,0,3,0.0,0,3,0.0,0,0,,0,0,0,0,0,0,0,0,0
2022-12-21_lmu_ca_csun,LMU (CA),22,"Toone, Ava",False,1,0,0,,0,0,,0,0,,0,0,0,1,0,1,0,0,0
2022-12-21_lmu_ca_csun,LMU (CA),TM,TEAM,False,0,0,0,,0,0,,0,0,,0,1,1,0,0,0,0,0,0
2022-12-21_cal_st_fullerton_sacramento_st,Sacramento St.,00,Kahlaijah Dean,True,39,9,19,0.474,2,5,0.4,8,8,1.0,0,5,5,2,2,3,1,2,28
2022-12-21_cal_st_fullerton_sacramento_st,Sacramento St.,24,Isnelle Natabou,True,38,6,10,0.6,0,0,,3,4,0.75,2,8,10,1,2,1,1,0,15
2022-12-21_cal_st_fullerton_sacramento_st,Sacramento St.,21,Kaylin Randhawa,True,32,4,8,0.5,1,5,0.2,4,6,0.667,2,3,5,1,1,1,0,0,13
2022-12-21_cal_st_fullerton_sacramento_st,Sacramento St.,20,Katie Peneueta,True,40,3,9,0.333,3,7,0.429,0,0,,0,6,6,3,2,0,0,1,9
2022-12-21_cal_st_fullerton_sacramento_st,Sacramento St.,01,Benthe Versteeg,True,40,0,3,0.0,0,1,0.0,0,0,,1,1,2,3,1,2,0,1,0
2022-12-21_cal_st_fullerton_sacramento_st,Sacramento St.,10,Madison Butcher,False,8,1,1,1.0,0,0,,0,0,,0,0,0,0,1,0,0,0,2
2022-12-21_cal_st_fullerton_sacramento_st,Sacramento St.,33,Erin Hedman,False,2,0,0,,0,0,,0,0,,1,1,2,1,0,0,1,0,0
2022-12-21_cal_st_fullerton_sacramento_st,Sacramento St.,23,Jordan Olivares,False,1,0,0,,0,0,,0,0,,0,0,0,0,0,0,0,0,0
2022-12-21_cal_st_fullerton_sacramento_st,Sacramento St.,TM,TEAM,False,0,0,0,,0,0,,0,0,,0,2,2,0,0,1,0,0,0
2022-12-21_cal_st_fullerton_sacramento_st,Cal St. Fullerton,05,"Jovanovic, Una",True,35,5,16,0.312,0,3,0.0,4,4,1.0,1,2,3,3,1,4,0,1,14
2022-12-21_cal_st_fullerton_sacramento_st,Cal St. Fullerton,32,"Lewis, Ashlee",True,32,4,10,0.4,0,0,,3,3,1.0,2,5,7,4,2,0,2,0,11
2022-12-21_cal_st_fullerton_sacramento_st,Cal St. Fullerton,24,"Neff, Kathryn",True,34,3,5,0.6,1,3,0.333,0,0,,2,3,5,1,1,0,1,2,7
2022-12-21_cal_st_fullerton_sacramento_st,Cal St. Fullerton,55,"Nimmo, Fujika",True,27,3,12,0.25,1,3,0.333,0,0,,0,3,3,4,2,2,0,0,7
2022-12-21_cal_st_fullerton_sacramento_st,Cal St. Fullerton,04,"Vidmar, Gabi",True,35,1,2,0.5,0,0,,0,0,,0,3,3,0,2,0,0,0,2
2022-12-21_cal_st_fullerton_sacramento_st,Cal St. Fullerton,13,"Hernandez, Aixchel",False,8,3,6,0.5,0,0,,0,0,,1,2,3,0,1,0,0,0,6
2022-12-21_cal_st_fullerton_sacramento_st,Cal St. Fullerton,10,"Lagway, Demonnie",False,10,1,1,1.0,0,0,,3,4,0.75,0,0,0,2,0,1,0,1,5
2022-12-21_cal_st_fullerton_sacramento_st,Cal St. Fullerton,21,"Tse, Allysan",False,8,1,1,1.0,1,1,1.0,0,0,,0,0,0,0,1,0,0,0,3
2022-12-21_cal_st_fullerton_sacramento_st,Cal St. Fullerton,11,"MacDonald, Ruby",False,6,0,0,,0,0,,0,0,,0,0,0,0,0,0,0,0,0
2022-12-21_cal_st_fullerton_sacramento_st,Cal St. Fullerton,00,"Frey, Anniken",False,5,0,0,,0,0,,0,0,,0,0,0,0,1,0,0,0,0
2022-12-21_cal_st_fullerton_sacramento_st,Cal St. Fullerton,TM,TEAM,False,0,0,0,,0,0,,0,0,,0,3,3,0,0,1,0,0,0
2022-12-22_csu_bakersfield_pacific,Pacific,14,"Elliott, Elizabeth",True,30,6,12,0.5,0,0,,5,6,0.833,6,3,9,2,0,5,0,3,17
2022-12-22_csu_bakersfield_pacific,Pacific,03,"James, Anaya",True,37,2,15,0.133,1,7,0.143,4,4,1.0,1,1,2,4,1,2,0,4,9
2022-12-22_csu_bakersfield_pacific,Pacific,20,"Adams, Erica",True,31,1,4,0.25,0,2,0.0,0,0,,0,3,3,1,1,2,0,1,2
2022-12-22_csu_bakersfield_pacific,Pacific,30,"Ashby, Sam",True,30,1,8,0.125,0,6,0.0,0,0,,0,5,5,2,4,5,0,2,2
2022-12-22_csu_bakersfield_pacific,Pacific,11,"Holmberg, Cecilia",True,20,1,4,0.25,0,1,0.0,0,0,,2,3,5,1,1,2,0,0,2
2022-12-22_csu_bakersfield_pacific,Pacific,10,"Ward, Sydney",False,14,1,5,0.2,0,1,0.0,2,3,0.667,2,2,4,1,1,3,0,0,4
2022-12-22_csu_bakersfield_pacific,Pacific,01,"Deaton, Kadie",False,20,1,5,0.2,1,3,0.333,0,0,,0,3,3,4,1,4,0,3,3
2022-12-22_csu_bakersfield_pacific,Pacific,33,"Ennis, Madelene",False,16,1,5,0.2,0,0,,0,0,,3,2,5,0,0,1,1,1,2
2022-12-22_csu_bakersfield_pacific,Pacific,05,"Richardson, Diamond",False,2,0,1,0.0,0,0,,0,0,,0,1,1,1,0,1,0,0,0
2022-12-22_csu_bakersfield_pacific,Pacific,TM,TEAM,False,0,0,0,,0,0,,0,0,,2,3,5,0,0,0,0,0,0
2022-12-22_csu_bakersfield_pacific,CSU Bakersfield,05,"Tougas, Sophia",True,30,5,10,0.5,3,7,0.429,2,2,1.0,2,2,4,2,0,4,1,2,15
2022-12-22_csu_bakersfield_pacific,CSU Bakersfield,04,"Hunter, Grace",True,35,5,15,0.333,2,8,0.25,2,2,1.0,0,2,2,3,2,4,0,3,14
2022-12-22_csu_bakersfield_pacific,CSU Bakersfield,11,"Caldwell, Taylor",True,33,5,11,0.455,0,2,0.0,2,3,0.667,1,7,8,3,2,5,0,2,12
2022-12-22_csu_bakersfield_pacific,CSU Bakersfield,03,"van Schaik, Hennie",True,24,1,4,0.25,0,1,0.0,1,2,0.5,2,7,9,3,1,2,2,1,3
2022-12-22_csu_bakersfield_pacific,CSU Bakersfield,13,"Herrera, Soli",True,31,0,3,0.0,0,0,,0,2,0.0,2,5,7,2,1,0,1,4,0
2022-12-22_csu_bakersfield_pacific,CSU Bakersfield,15,"Morris, Kayla",False,8,3,4,0.75,0,1,0.0,0,0,,0,0,0,1,0,0,0,0,6
2022-12-22_csu_bakersfield_pacific,CSU Bakersfield,33,"Riley, Julia",False,10,1,2,0.5,0,1,0.0,2,2,1.0,0,1,1,0,0,0,0,0,4
2022-12-22_csu_bakersfield_pacific,CSU Bakersfield,00,"Johnson, Simone",False,19,0,2,0.0,0,2,0.0,0,2,0.0,1,3,4,1,1,2,0,1,0
2022-12-22_csu_bakersfield_pacific,CSU Bakersfield,02,"Edwards, Morgan",False,6,0,1,0.0,0,0,,0,0,,0,0,0,1,0,1,0,1,0
2022-12-22_csu_bakersfield_pacific,CSU Bakersfield,32,"Freeman, Garrisen",False,3,0,0,,0,0,,0,0,,0,0,0,1,0,1,0,1,0
2022-12-22_csu_bakersfield_pacific,CSU Bakersfield,24,"Bridges-Bey, Sage",False,1,0,0,,0,0,,0,0,,0,0,0,0,0,0,0,0,0
2022-12-22_csu_bakersfield_pacific,CSU Bakersfield,14,"Ortiz, Nseije",False,,0,0,,0,0,,0,0,,0,0,0,0,0,0,0,0,0
2022-12-22_csu_bakersfield_pacific,CSU Bakersfield,TM,TEAM,False,0,0,0,,0,0,,0,0,,0,3,3,0,0,3,0,0,0
2022-12-22_texas_tech_uc_riverside,UC Riverside,15,"Blount, Anna",True,25,4,11,0.364,0,1,0.0,2,4,0.5,1,4,5,2,0,3,0,0,10
2022-12-22_texas_tech_uc_riverside,UC Riverside,32,"Webster, Jordan",True,20,3,9,0.333,0,3,0.0,1,1,1.0,0,2,2,3,1,1,0,3,7
2022-12-22_texas_tech_uc_riverside,UC Riverside,22,"Atchley, Paris",True,38,2,7,0.286,1,4,0.25,0,0,,0,3,3,1,0,3,0,1,5
2022-12-22_texas_tech_uc_riverside,UC Riverside,4,"Marshall, Jordyn",True,24,1,5,0.2,1,2,0.5,2,2,1.0,0,2,2,1,1,3,0,0,5
2022-12-22_texas_tech_uc_riverside,UC Riverside,1,"Bryant, Matehya",True,30,2,8,0.25,0,0,,0,0,,2,6,8,3,1,3,0,3,4
2022-12-22_texas_tech_uc_riverside,UC Riverside,3,"Tillery, Zoe",False,16,3,4,0.75,0,1,0.0,1,2,0.5,0,0,0,0,0,1,0,0,7
2022-12-22_texas_tech_uc_riverside,UC Riverside,10,"Stenberg, Julia",False,16,0,1,0.0,0,1,0.0,0,0,,0,0,0,1,0,0,0,0,0
2022-12-22_texas_tech_uc_riverside,UC Riverside,23,"Aikins, India",False,14,0,3,0.0,0,0,,0,0,,0,2,2,2,1,3,0,2,0
2022-12-22_texas_tech_uc_riverside,UC Riverside,30,"Morse, Rose",False,11,0,2,0.0,0,2,0.0,0,0,,0,0,0,0,0,2,0,1,0
2022-12-22_texas_tech_uc_riverside,UC Riverside,11,"Matarranz, Esther",False,6,0,0,,0,0,,0,0,,0,1,1,0,0,0,0,0,0
2022-12-22_texas_tech_uc_riverside,UC Riverside,TM,TEAM,False,0,0,0,,0,0,,0,0,,1,1,2,0,0,0,0,0,0
2022-12-22_texas_tech_uc_riverside,Texas Tech,20,"Maupin, Bailey",True,20,5,10,0.5,1,1,1.0,0,0,,1,2,3,2,1,5,0,1,11
2022-12-22_texas_tech_uc_riverside,Texas Tech,10,"Gerlich, Bryn",True,24,4,7,0.571,1,2,0.5,0,0,,0,2,2,3,2,1,0,0,9
2022-12-22_texas_tech_uc_riverside,Texas Tech,5,"McKinney, Rhyle",True,23,2,6,0.333,1,2,0.5,0,1,0.0,0,2,2,1,2,2,0,1,5
2022-12-22_texas_tech_uc_riverside,Texas Tech,41,"Ferrell, Katie",True,17,2,4,0.5,1,2,0.5,0,0,,0,4,4,1,1,2,0,2,5
2022-12-22_texas_tech_uc_riverside,Texas Tech,23,"Scott, Bre'amber",True,24,2,7,0.286,0,0,,0,1,0.0,1,5,6,0,0,0,0,1,4
2022-12-22_texas_tech_uc_riverside,Texas Tech,42,"Lewis, Jazmaine",False,17,4,4,1.0,0,0,,2,2,1.0,1,2,3,1,0,1,0,1,10
2022-12-22_texas_tech_uc_riverside,Texas Tech,1,"Tofaeono, Ella",False,7,3,5,0.6,0,0,,0,0,,4,2,6,2,0,2,2,0,6
2022-12-22_texas_tech_uc_riverside,Texas Tech,2,"Freelon, Kilah",False,6,2,3,0.667,0,0,,0,0,,0,1,1,2,0,2,0,2,4
2022-12-22_texas_tech_uc_riverside,Texas Tech,25,"Chevalier, Ashley",False,15,1,2,0.5,0,0,,0,0,,0,2,2,0,0,2,0,1,2
2022-12-22_texas_tech_uc_riverside,Texas Tech,14,"Wenger, Lana",False,7,1,2,0.5,0,0,,0,0,,1,3,4,1,1,1,0,1,2
2022-12-22_texas_tech_uc_riverside,Texas Tech,3,"Shavers, Jasmine",False,15,0,6,0.0,0,2,0.0,1,2,0.5,2,3,5,0,2,0,0,0,1
2022-12-22_texas_tech_uc_riverside,Texas Tech,32,"Veitenheimer, Tatum",False,19,0,0,,0,0,,0,0,,0,1,1,0,1,4,1,1,0
2022-12-22_texas_tech_uc_riverside,Texas Tech,11,"Ukkonen, Saga",False,6,0,1,0.0,0,1,0.0,0,0,,0,0,0,0,0,0,0,0,0
2022-12-22_texas_tech_uc_riverside,Texas Tech,TM,TEAM,False,0,0,0,,0,0,,0,0,,2,1,3,0,0,0,0,0,0
2022-12-29_uc_davis_hawaii,Hawaii,03,"Wahinekapu, Lily",True,32,5,10,0.5,3,5,0.6,4,4,1.0,1,6,7,2,1,2,1,1,17
2022-12-29_uc_davis_hawaii,Hawaii,11,"Spiller, Kallin",True,32,5,8,0.625,1,3,0.333,1,1,1.0,1,12,13,4,1,0,0,1,12
2022-12-29_uc_davis_hawaii,Hawaii,34,"David, Jacque",True,24,4,11,0.364,0,3,0.0,0,0,,0,4,4,3,3,2,1,0,8
2022-12-29_uc_davis_hawaii,Hawaii,01,"Imai, Kelsie",True,22,2,4,0.5,0,0,,0,0,,0,3,3,4,1,1,0,0,4
2022-12-29_uc_davis_hawaii,Hawaii,23,"McBee, Meilani",True,12,0,1,0.0,0,1,0.0,0,0,,0,0,0,2,0,0,0,0,0
2022-12-29_uc_davis_hawaii,Hawaii,15,"Phillips, Daejah",False,24,2,6,0.333,0,1,0.0,6,8,0.75,2,4,6,3,1,0,0,1,10
2022-12-29_uc_davis_hawaii,Hawaii,14,"Orji, Nnenna",False,13,3,4,0.75,0,0,,4,6,0.667,0,1,1,2,1,2,0,0,10
2022-12-29_uc_davis_hawaii,Hawaii,45,"Davies, Olivia",False,22,1,5,0.2,0,2,0.0,5,5,1.0,0,1,1,2,1,1,0,0,7
2022-12-29_uc_davis_hawaii,Hawaii,12,"Perez, Imani",False,4,1,2,0.5,0,1,0.0,0,0,,0,0,0,0,0,1,0,0,2
2022-12-29_uc_davis_hawaii,Hawaii,04,"Lefotu, Jovi",False,6,0,2,0.0,0,0,,0,0,,0,1,1,0,0,0,0,0,0
2022-12-29_uc_davis_hawaii,Hawaii,02,"Thoms, Ashley",False,5,0,2,0.0,0,0,,0,0,,0,0,0,1,0,0,0,2,0
2022-12-29_uc_davis_hawaii,Hawaii,20,"Haire, McKenna",False,4,0,1,0.0,0,0,,0,0,,0,0,0,0,0,0,0,0,0
2022-12-29_uc_davis_hawaii,Hawaii,TM,TEAM,False,0,0,0,,0,0,,0,0,,0,3,3,0,0,0,0,0,0
2022-12-29_uc_davis_hawaii,UC Davis,15,"Turner, Evanne",True,32,3,13,0.231,1,3,0.333,2,2,1.0,1,4,5,5,0,4,0,0,9
2022-12-29_uc_davis_hawaii,UC Davis,33,"Harris, Mazatlan",True,15,1,4,0.25,1,2,0.5,0,0,,0,0,0,1,2,0,0,1,3
2022-12-29_uc_davis_hawaii,UC Davis,02,"Jones, Megan",True,25,0,3,0.0,0,3,0.0,0,0,,0,4,4,1,1,0,1,0,0
2022-12-29_uc_davis_hawaii,UC Davis,01,"Sussman, Tess",True,18,0,3,0.0,0,2,0.0,0,0,,1,3,4,2,0,2,0,0,0
2022-12-29_uc_davis_hawaii,UC Davis,03,"Gray, Campbell",True,14,0,2,0.0,0,1,0.0,0,0,,0,1,1,0,1,0,0,1,0
2022-12-29_uc_davis_hawaii,UC Davis,23,"Baker, Victoria",False,24,7,11,0.636,1,4,0.25,1,3,0.333,1,2,3,4,2,2,1,2,16
2022-12-29_uc_davis_hawaii,UC Davis,14,"Sabel, Tova",False,23,4,9,0.444,3,5,0.6,4,6,0.667,0,4,4,4,1,3,0,0,15
2022-12-29_uc_davis_hawaii,UC Davis,13,"Burns, Sydney",False,25,3,8,0.375,0,4,0.0,3,3,1.0,1,5,6,1,3,1,0,0,9
2022-12-29_uc_davis_hawaii,UC Davis,25,"Norris, Megan",False,15,2,3,0.667,0,0,,3,4,0.75,0,7,7,2,0,0,0,0,7
2022-12-29_uc_davis_hawaii,UC Davis,04,"Epps, Nya",False,6,1,1,1.0,0,0,,1,1,1.0,0,0,0,0,0,0,0,0,3
2022-12-29_uc_davis_hawaii,UC Davis,20,"Sanders, Makaila",False,3,0,1,0.0,0,1,0.0,0,0,,1,0,1,0,0,0,0,0,0
2022-12-29_uc_davis_hawaii,UC Davis,TM,TEAM,False,0,0,0,,0,0,,0,0,,1,0,1,0,0,0,0,0,0
2022-12-29_uc_san_diego_long_beach_st,Long Beach St.,12,"Harris, Tori",True,32,8,13,0.615,4,7,0.571,1,2,0.5,2,5,7,2,3,1,1,1,21
2022-12-29_uc_san_diego_long_beach_st,Long Beach St.,00,"Berry, Ma'Qhi",True,36,5,11,0.455,0,0,,0,0,,3,4,7,1,4,2,1,4,10
2022-12-29_uc_san_diego_long_beach_st,Long Beach St.,25,"Hamilton-Fisher, Kianna",True,35,2,9,0.222,1,4,0.25,3,3,1.0,2,2,4,0,1,3,0,3,8
2022-12-29_uc_san_diego_long_beach_st,Long Beach St.,01,"Bambrick, Malia",True,27,3,10,0.3,2,4,0.5,0,0,,0,3,3,0,4,0,0,2,8
2022-12-29_uc_san_diego_long_beach_st,Long Beach St.,11,"Jeskeova, Kristyna",True,11,1,3,0.333,0,1,0.0,0,0,,1,1,2,5,1,1,0,1,2
2022-12-29_uc_san_diego_long_beach_st,Long Beach St.,05,"Ka, Kennan",False,21,2,4,0.5,1,2,0.5,0,0,,1,1,2,2,0,1,0,1,5
2022-12-29_uc_san_diego_long_beach_st,Long Beach St.,02,"Tucker, Savannah",False,9,2,3,0.667,0,0,,1,2,0.5,3,0,3,1,1,0,0,1,5
2022-12-29_uc_san_diego_long_beach_st,Long Beach St.,33,"Murphy, Courtney",False,13,1,4,0.25,1,3,0.333,0,0,,0,3,3,1,0,1,1,0,3
2022-12-29_uc_san_diego_long_beach_st,Long Beach St.,03,"Chung, Patricia",False,11,1,2,0.5,0,0,,0,0,,0,1,1,1,0,1,0,1,2
2022-12-29_uc_san_diego_long_beach_st,Long Beach St.,23,"Green, Lauren",False,4,1,2,0.5,0,0,,0,0,,1,1,2,0,0,0,1,0,2
2022-12-29_uc_san_diego_long_beach_st,Long Beach St.,21,"Shoff, Abby",False,1,0,0,,0,0,,0,0,,0,0,0,0,0,0,0,0,0
2022-12-29_uc_san_diego_long_beach_st,Long Beach St.,TM,TEAM,False,0,0,0,,0,0,,0,0,,2,0,2,0,0,2,0,0,0
2022-12-29_uc_san_diego_long_beach_st,UC San Diego,32,"Montgomery, Parker",True,33,4,8,0.5,3,6,0.5,0,0,,0,3,3,1,1,3,1,1,11
2022-12-29_uc_san_diego_long_beach_st,UC San Diego,13,"Brown, Sydney",True,26,4,6,0.667,1,3,0.333,2,3,0.667,0,6,6,0,3,5,1,1,11
2022-12-29_uc_san_diego_long_beach_st,UC San Diego,04,"Cangelosi, Emily",True,34,3,7,0.429,2,3,0.667,0,0,,1,3,4,0,2,2,0,0,8
2022-12-29_uc_san_diego_long_beach_st,UC San Diego,10,"Macabuhay, Julia",True,18,3,8,0.375,1,5,0.2,1,1,1.0,1,0,1,1,2,3,0,0,8
2022-12-29_uc_san_diego_long_beach_st,UC San Diego,20,"Forsyth, Izzy",True,36,2,9,0.222,0,1,0.0,0,0,,1,3,4,2,0,1,0,1,4
2022-12-29_uc_san_diego_long_beach_st,UC San Diego,24,"Mullings, Bridget",False,11,3,7,0.429,0,0,,0,0,,0,1,1,0,1,1,1,0,6
2022-12-29_uc_san_diego_long_beach_st,UC San Diego,02,"Talbot, Grace",False,14,1,1,1.0,1,1,1.0,0,0,,0,1,1,1,0,3,0,0,3
2022-12-29_uc_san_diego_long_beach_st,UC San Diego,35,"Springs, Katie",False,4,0,0,,0,0,,1,2,0.5,1,0,1,1,0,1,0,0,1
2022-12-29_uc_san_diego_long_beach_st,UC San Diego,25,"Mahan, Junaé",False,21,0,1,0.0,0,1,0.0,0,0,,1,3,4,1,4,1,0,1,0
2022-12-29_uc_san_diego_long_beach_st,UC San Diego,23,"Thompson, Courtni",False,2,0,1,0.0,0,1,0.0,0,0,,0,0,0,0,0,0,0,0,0
2022-12-29_uc_san_diego_long_beach_st,UC San Diego,05,"Louther, Gabby",False,1,0,0,,0,0,,0,0,,0,0,0,0,0,0,0,0,0
2022-12-29_uc_san_diego_long_beach_st,UC San Diego,TM,TEAM,False,0,0,0,,0,0,,0,0,,3,1,4,0,0,0,0,0,0
2022-12-29_uc_santa_barbara_cal_st_fullerton,Cal St. Fullerton,55,Fujika Nimmo,True,34,8,15,0.533,1,4,0.25,6,6,1.0,1,5,6,3,3,2,0,2,23
2022-12-29_uc_santa_barbara_cal_st_fullerton,Cal St. Fullerton,04,Gabi Vidmar,True,40,5,11,0.455,4,9,0.444,0,0,,1,5,6,2,2,2,0,3,14
2022-12-29_uc_santa_barbara_cal_st_fullerton,Cal St. Fullerton,05,Una Jovanovic,True,36,5,11,0.455,0,0,,0,0,,0,2,2,2,5,2,1,0,10
2022-12-29_uc_santa_barbara_cal_st_fullerton,Cal St. Fullerton,32,Ashlee Lewis,True,18,1,6,0.167,0,0,,0,0,,1,1,2,4,0,1,0,0,2
2022-12-29_uc_santa_barbara_cal_st_fullerton,Cal St. Fullerton,24,Kathryn Neff,True,1,0,0,,0,0,,0,0,,0,0,0,0,0,0,0,0,0
2022-12-29_uc_santa_barbara_cal_st_fullerton,Cal St. Fullerton,13,Aixchel Hernandez,False,18,3,7,0.429,0,0,,1,2,0.5,1,3,4,1,0,0,0,0,7
2022-12-29_uc_santa_barbara_cal_st_fullerton,Cal St. Fullerton,21,Allysan Tse,False,9,1,2,0.5,0,1,0.0,0,0,,1,0,1,1,1,0,0,0,2
2022-12-29_uc_santa_barbara_cal_st_fullerton,Cal St. Fullerton,01,Nancy Panagiotopoulo,False,7,0,1,0.0,0,0,,1,2,0.5,2,0,2,0,0,0,0,0,1
2022-12-29_uc_santa_barbara_cal_st_fullerton,Cal St. Fullerton,11,Ruby MacDonald,False,24,0,3,0.0,0,3,0.0,0,0,,2,3,5,5,0,1,1,0,0
2022-12-29_uc_santa_barbara_cal_st_fullerton,Cal St. Fullerton,00,Anniken Frey,False,7,0,0,,0,0,,0,0,,0,0,0,1,0,0,0,0,0
2022-12-29_uc_santa_barbara_cal_st_fullerton,Cal St. Fullerton,10,Demonnie Lagway,False,6,0,3,0.0,0,0,,0,0,,0,0,0,1,0,1,0,0,0
2022-12-29_uc_santa_barbara_cal_st_fullerton,Cal St. Fullerton,TM,TEAM,False,0,0,0,,0,0,,0,0,,0,1,1,0,0,0,0,0,0
2022-12-29_uc_santa_barbara_cal_st_fullerton,UC Santa Barbara,02,"Tucker, Alexis",True,36,9,12,0.75,1,2,0.5,6,6,1.0,2,6,8,0,3,3,0,2,25
2022-12-29_uc_santa_barbara_cal_st_fullerton,UC Santa Barbara,31,"Lane, Ila",True,29,4,11,0.364,0,0,,2,6,0.333,3,4,7,4,0,2,0,0,10
2022-12-29_uc_santa_barbara_cal_st_fullerton,UC Santa Barbara,21,"Johnson, Kennedy",True,31,2,7,0.286,0,2,0.0,4,5,0.8,2,6,8,2,1,1,0,1,8
2022-12-29_uc_santa_barbara_cal_st_fullerton,UC Santa Barbara,12,"Mole, Taylor",True,16,2,5,0.4,0,1,0.0,1,2,0.5,0,2,2,0,3,2,0,0,5
2022-12-29_uc_santa_barbara_cal_st_fullerton,UC Santa Barbara,03,"Marin, Alyssa",True,19,1,3,0.333,0,2,0.0,2,3,0.667,0,2,2,3,1,1,0,2,4
2022-12-29_uc_santa_barbara_cal_st_fullerton,UC Santa Barbara,32,"Grant, Jessica",False,27,3,6,0.5,3,5,0.6,0,0,,0,1,1,0,0,0,0,0,9
2022-12-29_uc_santa_barbara_cal_st_fullerton,UC Santa Barbara,05,"Cooper, Callie",False,19,1,4,0.25,0,1,0.0,1,1,1.0,1,1,2,0,3,1,0,1,3
2022-12-29_uc_santa_barbara_cal_st_fullerton,UC Santa Barbara,13,"Modawar, Tatyana",False,13,1,2,0.5,0,1,0.0,0,0,,1,2,3,1,2,0,1,0,2
2022-12-29_uc_santa_barbara_cal_st_fullerton,UC Santa Barbara,55,"Burke, Skylar",False,10,0,1,0.0,0,0,,0,0,,1,1,2,2,1,3,0,0,0
2022-12-29_uc_santa_barbara_cal_st_fullerton,UC Santa Barbara,TM,TEAM,False,0,0,0,,0,0,,0,0,,1,3,4,0,0,3,0,0,0
2022-12-29_csun_cal_poly,Cal Poly,2,"Shah, Annika",True,32,7,20,0.35,6,17,0.353,3,3,1.0,1,1,2,1,2,1,0,2,23
2022-12-29_csun_cal_poly,Cal Poly,15,"Bourland, Sydney",True,28,0,5,0.0,0,0,,4,4,1.0,3,4,7,0,0,2,0,1,4
2022-12-29_csun_cal_poly,Cal Poly,30,"Garcia, Maia",True,17,1,2,0.5,0,0,,0,0,,0,2,2,5,1,2,0,0,2
2022-12-29_csun_cal_poly,Cal Poly,11,"Dickson, Junie",True,17,1,4,0.25,0,3,0.0,0,0,,1,1,2,2,1,1,0,2,2
2022-12-29_csun_cal_poly,Cal Poly,20,"Karlin, Shannon",True,24,0,3,0.0,0,0,,1,2,0.5,0,4,4,4,1,4,0,2,1
2022-12-29_csun_cal_poly,Cal Poly,33,"Willett, Maddie",False,28,3,10,0.3,2,7,0.286,2,2,1.0,3,3,6,0,2,2,0,1,10
2022-12-29_csun_cal_poly,Cal Poly,1,"Kovacikova, Nikola",False,17,2,4,0.5,2,3,0.667,3,3,1.0,1,0,1,4,3,1,0,0,9
2022-12-29_csun_cal_poly,Cal Poly,5,"Anousinh, Jazzy",False,29,1,5,0.2,0,2,0.0,2,4,0.5,0,0,0,3,1,3,0,0,4
2022-12-29_csun_cal_poly,Cal Poly,23,"Wu, Taylor",False,8,0,1,0.0,0,1,0.0,0,0,,1,1,2,2,1,4,0,1,0
2022-12-29_csun_cal_poly,Cal Poly,TM,TEAM,False,0,0,0,,0,0,,0,0,,3,1,4,0,0,1,0,0,0
2022-12-29_csun_cal_poly,CSUN,15,"Amundsen, Tess",True,35,4,13,0.308,1,5,0.2,4,5,0.8,0,8,8,1,2,6,4,1,13
2022-12-29_csun_cal_poly,CSUN,21,"Tu'ua, Anaiyah",True,37,4,10,0.4,0,1,0.0,3,6,0.5,1,4,5,2,6,3,0,3,11
2022-12-29_csun_cal_poly,CSUN,5,"Duchemin, Michelle",True,21,5,10,0.5,0,1,0.0,0,0,,0,0,0,4,0,2,0,0,10
2022-12-29_csun_cal_poly,CSUN,1,"Jackson, Jordyn",True,17,4,5,0.8,0,0,,0,0,,1,3,4,5,4,4,0,1,8
2022-12-29_csun_cal_poly,CSUN,34,"Spriggs, Kayanna",True,20,2,3,0.667,0,0,,1,2,0.5,1,3,4,0,0,2,0,2,5
2022-12-29_csun_cal_poly,CSUN,24,"Smith, Macy",False,23,3,3,1.0,2,2,1.0,2,2,1.0,1,2,3,2,2,1,1,0,10
2022-12-29_csun_cal_poly,CSUN,25,"Amundsen, Laney",False,15,1,1,1.0,1,1,1.0,0,0,,0,4,4,0,0,1,0,0,3
2022-12-29_csun_cal_poly,CSUN,10,"de Jesus , Ana Carolina",False,7,1,3,0.333,0,0,,0,0,,3,0,3,0,0,0,0,0,2
2022-12-29_csun_cal_poly,CSUN,45,"Nikishina , Arina",False,6,1,2,0.5,0,0,,0,2,0.0,1,0,1,1,0,1,0,0,2
2022-12-29_csun_cal_poly,CSUN,00,"Williams, De’jah",False,6,0,0,,0,0,,1,2,0.5,1,1,2,0,0,1,0,0,1
2022-12-29_csun_cal_poly,CSUN,4,"Harvey, Rachel",False,9,0,1,0.0,0,0,,0,0,,0,1,1,1,1,1,0,0,0
2022-12-29_csun_cal_poly,CSUN,11,"Smith, Olivia",False,4,0,0,,0,0,,0,0,,0,0,0,1,0,0,0,0,0
2022-12-29_csun_cal_poly,CSUN,TM,TEAM,False,0,0,0,,0,0,,0,0,,1,2,3,0,0,0,0,0,0
2022-12-29_csu_bakersfield_uc_riverside,UC Riverside,32,"Webster, Jordan",True,43,6,18,0.333,4,12,0.333,3,5,0.6,0,4,4,1,0,2,0,3,19
2022-12-29_csu_bakersfield_uc_riverside,UC Riverside,04,"Marshall, Jordyn",True,41,2,6,0.333,1,3,0.333,5,6,0.833,0,2,2,1,2,4,0,0,10
2022-12-29_csu_bakersfield_uc_riverside,UC Riverside,15,"Blount, Anna",True,35,3,15,0.2,0,0,,3,4,0.75,5,8,13,2,0,4,2,0,9
2022-12-29_csu_bakersfield_uc_riverside,UC Riverside,01,"Bryant, Matehya",True,43,3,9,0.333,0,0,,0,2,0.0,7,12,19,3,0,3,1,2,6
2022-12-29_csu_bakersfield_uc_riverside,UC Riverside,22,"Atchley, Paris",True,42,1,8,0.125,0,5,0.0,2,2,1.0,1,2,3,3,0,0,0,0,4
2022-12-29_csu_bakersfield_uc_riverside,UC Riverside,30,"Morse, Rose",False,23,1,7,0.143,0,3,0.0,3,4,0.75,0,2,2,5,1,2,0,2,5
2022-12-29_csu_bakersfield_uc_riverside,UC Riverside,23,"Aikins, India",False,13,0,3,0.0,0,0,,0,0,,0,3,3,1,0,0,0,0,0
2022-12-29_csu_bakersfield_uc_riverside,UC Riverside,10,"Stenberg, Julia",False,7,0,2,0.0,0,1,0.0,0,0,,0,0,0,1,0,0,0,0,0
2022-12-29_csu_bakersfield_uc_riverside,UC Riverside,03,"Tillery, Zoe",False,3,0,1,0.0,0,1,0.0,0,0,,0,0,0,0,0,0,0,0,0
2022-12-29_csu_bakersfield_uc_riverside,UC Riverside,TM,TEAM,False,0,0,0,,0,0,,0,0,,7,5,12,0,0,1,0,0,0
2022-12-29_csu_bakersfield_uc_riverside,CSU Bakersfield,03,"van Schaik, Hennie",True,37,4,14,0.286,4,8,0.5,1,4,0.25,0,7,7,5,0,2,2,0,13
2022-12-29_csu_bakersfield_uc_riverside,CSU Bakersfield,11,"Caldwell, Taylor",True,45,5,18,0.278,0,0,,2,6,0.333,1,11,12,4,2,3,0,2,12
2022-12-29_csu_bakersfield_uc_riverside,CSU Bakersfield,04,"Hunter, Grace",True,23,3,4,0.75,0,1,0.0,2,3,0.667,0,1,1,5,0,5,0,1,8
2022-12-29_csu_bakersfield_uc_riverside,CSU Bakersfield,05,"Tougas, Sophia",True,38,2,5,0.4,1,3,0.333,2,2,1.0,1,5,6,0,0,1,2,3,7
2022-12-29_csu_bakersfield_uc_riverside,CSU Bakersfield,13,"Herrera, Soli",True,28,2,4,0.5,0,0,,2,2,1.0,4,4,8,2,1,1,2,0,6
2022-12-29_csu_bakersfield_uc_riverside,CSU Bakersfield,15,"Morris, Kayla",False,23,2,8,0.25,0,3,0.0,0,0,,2,1,3,5,1,1,4,1,4
2022-12-29_csu_bakersfield_uc_riverside,CSU Bakersfield,00,"Johnson, Simone",False,35,1,2,0.5,0,0,,0,2,0.0,0,1,1,2,0,0,1,0,2
2022-12-29_csu_bakersfield_uc_riverside,CSU Bakersfield,33,"Riley, Julia",False,10,1,4,0.25,0,3,0.0,0,0,,0,1,1,0,0,0,1,0,2
2022-12-29_csu_bakersfield_uc_riverside,CSU Bakersfield,02,"Edwards, Morgan",False,4,0,1,0.0,0,1,0.0,2,2,1.0,0,1,1,0,1,1,0,0,2
2022-12-29_csu_bakersfield_uc_riverside,CSU Bakersfield,24,"Bridges-Bey, Sage",False,3,0,1,0.0,0,0,,0,0,,0,0,0,0,0,0,0,0,0
2022-12-29_csu_bakersfield_uc_riverside,CSU Bakersfield,14,"Ortiz, Nseije",False,2,0,0,,0,0,,0,0,,0,0,0,1,0,0,0,0,0
2022-12-29_csu_bakersfield_uc_riverside,CSU Bakersfield,32,"Freeman, Garrisen",False,2,0,0,,0,0,,0,0,,0,2,2,0,0,0,0,0,0
2022-12-29_csu_bakersfield_uc_riverside,CSU Bakersfield,TM,TEAM,False,0,0,0,,0,0,,0,0,,1,2,3,0,0,0,0,0,0
2022-12-31_cal_poly_hawaii,Hawaii,11,"Spiller, Kallin",True,25,6,8,0.75,3,5,0.6,3,4,0.75,1,4,5,2,0,1,1,2,18
2022-12-31_cal_poly_hawaii,Hawaii,3,"Wahinekapu, Lily",True,30,1,6,0.167,0,2,0.0,4,4,1.0,0,0,0,0,2,3,0,2,6
2022-12-31_cal_poly_hawaii,Hawaii,15,"Phillips, Daejah",True,26,0,5,0.0,0,2,0.0,4,6,0.667,2,2,4,1,2,3,0,2,4
2022-12-31_cal_poly_hawaii,Hawaii,1,"Imai, Kelsie",True,14,1,2,0.5,0,0,,0,0,,0,3,3,0,1,3,1,2,2
2022-12-31_cal_poly_hawaii,Hawaii,34,"David, Jacque",True,15,0,3,0.0,0,1,0.0,0,0,,0,1,1,0,0,1,0,0,0
2022-12-31_cal_poly_hawaii,Hawaii,45,"Davies, Olivia",False,22,1,2,0.5,0,0,,7,9,0.778,0,3,3,1,0,1,0,0,9
2022-12-31_cal_poly_hawaii,Hawaii,12,"Perez, Imani",False,12,2,5,0.4,0,0,,1,3,0.333,5,0,5,3,0,0,1,0,5
2022-12-31_cal_poly_hawaii,Hawaii,23,"McBee, Meilani",False,13,0,3,0.0,0,3,0.0,2,2,1.0,0,2,2,0,0,0,0,0,2
2022-12-31_cal_poly_hawaii,Hawaii,4,"Lefotu, Jovi",False,12,1,5,0.2,0,1,0.0,0,0,,0,2,2,0,1,0,0,0,2
2022-12-31_cal_poly_hawaii,Hawaii,2,"Thoms, Ashley",False,18,0,2,0.0,0,2,0.0,1,2,0.5,0,0,0,1,1,0,0,1,1
2022-12-31_cal_poly_hawaii,Hawaii,14,"Orji, Nnenna",False,5,0,0,,0,0,,1,2,0.5,1,1,2,0,0,2,0,0,1
2022-12-31_cal_poly_hawaii,Hawaii,20,"Haire, McKenna",False,8,0,1,0.0,0,1,0.0,0,0,,0,0,0,1,0,0,0,0,0
2022-12-31_cal_poly_hawaii,Hawaii,TM,TEAM,False,0,0,0,,0,0,,0,0,,2,3,5,0,0,1,0,0,0
2022-12-31_cal_poly_hawaii,Cal Poly,11,"Dickson, Junie",True,17,4,6,0.667,3,4,0.75,0,0,,0,1,1,2,0,4,0,1,11
2022-12-31_cal_poly_hawaii,Cal Poly,2,"Shah, Annika",True,17,2,8,0.25,2,6,0.333,2,2,1.0,0,1,1,4,1,3,0,1,8
2022-12-31_cal_poly_hawaii,Cal Poly,15,"Bourland, Sydney",True,28,3,8,0.375,0,2,0.0,1,2,0.5,1,4,5,2,1,3,1,1,7
2022-12-31_cal_poly_hawaii,Cal Poly,30,"Garcia, Maia",True,23,1,2,0.5,0,0,,0,0,,0,4,4,2,0,1,0,0,2
2022-12-31_cal_poly_hawaii,Cal Poly,20,"Karlin, Shannon",True,9,0,2,0.0,0,2,0.0,0,0,,0,0,0,0,0,0,0,0,0
2022-12-31_cal_poly_hawaii,Cal Poly,33,"Willett, Maddie",False,29,3,5,0.6,1,2,0.5,0,0,,2,3,5,2,0,1,0,0,7
2022-12-31_cal_poly_hawaii,Cal Poly,5,"Anousinh, Jazzy",False,26,2,3,0.667,0,1,0.0,2,2,1.0,0,0,0,4,2,3,0,0,6
2022-12-31_cal_poly_hawaii,Cal Poly,1,"Kovacikova, Nikola",False,25,2,6,0.333,2,5,0.4,0,0,,1,3,4,4,2,1,0,2,6
2022-12-31_cal_poly_hawaii,Cal Poly,23,"Wu, Taylor",False,16,0,4,0.0,0,4,0.0,0,0,,0,1,1,2,4,0,0,0,0
2022-12-31_cal_poly_hawaii,Cal Poly,35,"Ackerman, Natalia",False,10,0,2,0.0,0,0,,0,0,,2,3,5,3,0,2,0,0,0
2022-12-31_cal_poly_hawaii,Cal Poly,21,"Stajic, Andrea",False,0,0,0,,0,0,,0,0,,0,0,0,0,0,1,0,0,0
2022-12-31_cal_poly_hawaii,Cal Poly,TM,TEAM,False,0,0,0,,0,0,,0,0,,3,3,6,0,0,4,0,0,0
2022-12-31_uc_irvine_csu_bakersfield,CSU Bakersfield,3,"van Schaik, Hennie",True,28,4,12,0.333,1,4,0.25,3,4,0.75,1,5,6,3,0,3,0,1,12
2022-12-31_uc_irvine_csu_bakersfield,CSU Bakersfield,11,"Caldwell, Taylor",True,33,4,9,0.444,0,2,0.0,0,0,,0,3,3,2,4,4,0,2,8
2022-12-31_uc_irvine_csu_bakersfield,CSU Bakersfield,5,"Tougas, Sophia",True,34,3,10,0.3,1,8,0.125,0,0,,0,5,5,1,0,1,2,2,7
2022-12-31_uc_irvine_csu_bakersfield,CSU Bakersfield,13,"Herrera, Solmilena",True,28,2,5,0.4,0,0,,2,2,1.0,5,4,9,4,1,2,0,2,6
2022-12-31_uc_irvine_csu_bakersfield,CSU Bakersfield,4,"Hunter, Grace",True,27,1,4,0.25,1,3,0.333,3,4,0.75,0,1,1,4,2,6,0,1,6
2022-12-31_uc_irvine_csu_bakersfield,CSU Bakersfield,2,"Edwards, Morgan",False,13,1,4,0.25,1,2,0.5,1,2,0.5,0,1,1,1,1,0,0,0,4
2022-12-31_uc_irvine_csu_bakersfield,CSU Bakersfield,33,"Riley, Julia",False,18,1,3,0.333,1,3,0.333,0,0,,0,2,2,0,1,1,0,2,3
2022-12-31_uc_irvine_csu_bakersfield,CSU Bakersfield,15,"Morris, Kayla",False,7,1,3,0.333,1,1,1.0,0,0,,0,1,1,0,0,1,0,0,3
2022-12-31_uc_irvine_csu_bakersfield,CSU Bakersfield,00,"Johnson, Simone",False,12,0,1,0.0,0,1,0.0,0,0,,1,1,2,1,1,2,0,1,0
2022-12-31_uc_irvine_csu_bakersfield,CSU Bakersfield,TM,TEAM,False,0,0,0,,0,0,,0,0,,1,4,5,0,0,2,0,0,0
2022-12-31_uc_irvine_csu_bakersfield,UC Irvine,42,"Hunt, Naomi",True,22,6,13,0.462,4,9,0.444,2,2,1.0,1,2,3,1,1,1,0,2,18
2022-12-31_uc_irvine_csu_bakersfield,UC Irvine,21,"Williams, Olivia",True,24,3,3,1.0,2,2,1.0,2,2,1.0,0,3,3,0,1,3,0,0,10
2022-12-31_uc_irvine_csu_bakersfield,UC Irvine,3,"Tom, Nikki",True,33,2,10,0.2,2,7,0.286,0,0,,2,2,4,1,2,3,0,0,6
2022-12-31_uc_irvine_csu_bakersfield,UC Irvine,23,"Konate, Diaba",True,31,2,10,0.2,0,2,0.0,0,0,,0,4,4,1,6,5,0,1,4
2022-12-31_uc_irvine_csu_bakersfield,UC Irvine,24,"Dean, Nevaeh",True,18,1,3,0.333,0,0,,0,0,,1,3,4,1,0,1,0,0,2
2022-12-31_uc_irvine_csu_bakersfield,UC Irvine,32,"Parkinson, Nevaeh",False,14,2,2,1.0,0,0,,4,4,1.0,3,5,8,2,0,1,1,0,8
2022-12-31_uc_irvine_csu_bakersfield,UC Irvine,20,"Hernandez, Hunter",False,29,2,7,0.286,1,4,0.25,0,0,,0,3,3,3,1,0,1,1,5
2022-12-31_uc_irvine_csu_bakersfield,UC Irvine,11,"Scharpf, Amelia",False,8,1,2,0.5,0,1,0.0,0,0,,0,1,1,1,1,1,0,1,2
2022-12-31_uc_irvine_csu_bakersfield,UC Irvine,13,"Lee, Déja",False,9,0,4,0.0,0,1,0.0,0,0,,1,0,1,1,0,2,0,3,0
2022-12-31_uc_irvine_csu_bakersfield,UC Irvine,22,"Gony, Nyagoa",False,8,0,0,,0,0,,0,0,,0,0,0,0,0,0,0,0,0
2022-12-31_uc_irvine_csu_bakersfield,UC Irvine,33,"Kaupu, Caiyle",False,4,0,1,0.0,0,0,,0,0,,0,1,1,1,1,1,0,0,0
2022-12-31_uc_irvine_csu_bakersfield,UC Irvine,TM,TEAM,False,0,0,0,,0,0,,0,0,,0,2,2,0,0,0,0,0,0
2022-12-31_uc_san_diego_uc_santa_barbara,UC Santa Barbara,02,"Tucker, Alexis",True,31,5,13,0.385,0,2,0.0,0,0,,1,3,4,1,0,4,0,0,10
2022-12-31_uc_san_diego_uc_santa_barbara,UC Santa Barbara,03,"Marin, Alyssa",True,38,2,6,0.333,0,1,0.0,2,6,0.333,2,1,3,3,5,2,0,0,6
2022-12-31_uc_san_diego_uc_santa_barbara,UC Santa Barbara,31,"Lane, Ila",True,37,1,6,0.167,0,0,,3,6,0.5,3,5,8,3,1,2,0,1,5
2022-12-31_uc_san_diego_uc_santa_barbara,UC Santa Barbara,12,"Mole, Taylor",True,27,1,4,0.25,0,1,0.0,2,2,1.0,1,5,6,2,3,1,0,2,4
2022-12-31_uc_san_diego_uc_santa_barbara,UC Santa Barbara,21,"Johnson, Kennedy",True,5,1,3,0.333,1,3,0.333,0,0,,0,1,1,1,0,0,0,0,3
2022-12-31_uc_san_diego_uc_santa_barbara,UC Santa Barbara,32,"Grant, Jessica",False,34,5,9,0.556,5,9,0.556,0,0,,0,2,2,4,0,2,0,0,15
2022-12-31_uc_san_diego_uc_santa_barbara,UC Santa Barbara,10,"Choice, Anya",False,22,5,12,0.417,2,6,0.333,3,4,0.75,1,3,4,2,0,2,1,0,15
2022-12-31_uc_san_diego_uc_santa_barbara,UC Santa Barbara,13,"Modawar, Tatyana",False,3,0,0,,0,0,,0,0,,0,0,0,0,0,1,0,0,0
2022-12-31_uc_san_diego_uc_santa_barbara,UC Santa Barbara,05,"Cooper, Callie",False,2,0,0,,0,0,,0,0,,0,0,0,0,0,0,0,0,0
2022-12-31_uc_san_diego_uc_santa_barbara,UC Santa Barbara,55,"Burke, Skylar",False,1,0,0,,0,0,,0,0,,0,1,1,1,0,1,0,0,0
2022-12-31_uc_san_diego_uc_santa_barbara,UC Santa Barbara,TM,TEAM,False,0,0,0,,0,0,,0,0,,1,2,3,0,0,1,0,0,0
2022-12-31_uc_san_diego_uc_santa_barbara,UC San Diego,10,"Macabuhay, Julia",True,19,4,8,0.5,0,1,0.0,7,10,0.7,0,2,2,2,3,3,0,2,15
2022-12-31_uc_san_diego_uc_santa_barbara,UC San Diego,04,"Cangelosi, Emily",True,37,6,12,0.5,2,6,0.333,0,0,,0,6,6,0,2,0,0,2,14
2022-12-31_uc_san_diego_uc_santa_barbara,UC San Diego,13,"Brown, Sydney",True,33,4,12,0.333,1,3,0.333,0,0,,2,8,10,1,2,3,0,0,9
2022-12-31_uc_san_diego_uc_santa_barbara,UC San Diego,32,"Montgomery, Parker",True,27,4,8,0.5,1,3,0.333,0,0,,1,3,4,4,2,1,0,2,9
2022-12-31_uc_san_diego_uc_santa_barbara,UC San Diego,20,"Forsyth, Izzy",True,24,1,5,0.2,0,3,0.0,0,0,,0,1,1,3,1,1,1,0,2
2022-12-31_uc_san_diego_uc_santa_barbara,UC San Diego,25,"Mahan, Junaé",False,26,7,9,0.778,2,2,1.0,0,0,,1,2,3,3,4,4,0,3,16
2022-12-31_uc_san_diego_uc_santa_barbara,UC San Diego,24,"Mullings, Bridget",False,7,1,2,0.5,0,1,0.0,1,1,1.0,0,1,1,3,0,2,0,0,3
2022-12-31_uc_san_diego_uc_santa_barbara,UC San Diego,02,"Talbot, Grace",False,15,0,0,,0,0,,0,0,,0,1,1,0,2,0,0,0,0
2022-12-31_uc_san_diego_uc_santa_barbara,UC San Diego,35,"Springs, Katie",False,9,0,0,,0,0,,0,0,,1,1,2,1,1,0,0,0,0
2022-12-31_uc_san_diego_uc_santa_barbara,UC San Diego,05,"Louther, Gabby",False,3,0,0,,0,0,,0,0,,0,0,0,1,0,0,0,0,0
2022-12-31_uc_san_diego_uc_santa_barbara,UC San Diego,TM,TEAM,False,0,0,0,,0,0,,0,0,,2,4,6,0,0,0,0,0,0
2022-12-31_uc_riverside_long_beach_st,Long Beach St.,12,"Harris, Tori",True,32,7,11,0.636,2,3,0.667,6,7,0.857,0,4,4,2,3,0,1,3,22
2022-12-31_uc_riverside_long_beach_st,Long Beach St.,11,"Jeskeova, Kristyna",True,24,6,12,0.5,1,3,0.333,2,2,1.0,3,4,7,4,1,4,2,6,15
2022-12-31_uc_riverside_long_beach_st,Long Beach St.,1,"Bambrick, Malia",True,37,6,15,0.4,0,1,0.0,2,2,1.0,2,2,4,1,0,0,0,2,14
2022-12-31_uc_riverside_long_beach_st,Long Beach St.,23,"Green, Lauren",True,20,3,6,0.5,0,0,,0,0,,0,2,2,2,1,2,1,0,6
2022-12-31_uc_riverside_long_beach_st,Long Beach St.,25,"Hamilton-fisher, Kianna",True,36,0,7,0.0,0,1,0.0,0,0,,0,2,2,1,3,1,0,0,0
2022-12-31_uc_riverside_long_beach_st,Long Beach St.,2,"Tucker, Savannah",False,16,2,4,0.5,0,0,,2,2,1.0,1,1,2,1,3,0,0,1,6
2022-12-31_uc_riverside_long_beach_st,Long Beach St.,3,"Chung, Patricia",False,13,1,2,0.5,0,0,,4,4,1.0,0,2,2,1,1,1,0,0,6
2022-12-31_uc_riverside_long_beach_st,Long Beach St.,5,"Ka, Kennan",False,13,1,2,0.5,0,1,0.0,0,0,,3,1,4,2,0,0,0,0,2
2022-12-31_uc_riverside_long_beach_st,Long Beach St.,33,"Murphy, Courtney",False,8,1,3,0.333,0,1,0.0,0,0,,0,1,1,2,1,1,0,0,2
2022-12-31_uc_riverside_long_beach_st,Long Beach St.,21,"Shoff, Abby",False,1,0,1,0.0,0,0,,0,0,,0,0,0,0,0,0,0,0,0
2022-12-31_uc_riverside_long_beach_st,Long Beach St.,TM,TEAM,False,0,0,0,,0,0,,0,0,,4,1,5,0,0,0,0,0,0
2022-12-31_uc_riverside_long_beach_st,UC Riverside,32,"Webster, Jordan",True,35,7,17,0.412,4,11,0.364,10,11,0.909,2,5,7,2,0,2,0,1,28
2022-12-31_uc_riverside_long_beach_st,UC Riverside,13,"Finau, Mele",True,34,3,7,0.429,1,3,0.333,2,4,0.5,1,3,4,4,5,3,1,1,9
2022-12-31_uc_riverside_long_beach_st,UC Riverside,1,"Bryant, Matehya",True,20,2,7,0.286,0,0,,2,2,1.0,3,4,7,1,3,1,1,1,6
2022-12-31_uc_riverside_long_beach_st,UC Riverside,22,"Atchley, Paris",True,28,1,3,0.333,0,2,0.0,0,0,,0,1,1,1,0,2,0,0,2
2022-12-31_uc_riverside_long_beach_st,UC Riverside,4,"Marshall, Jordyn",True,9,0,0,,0,0,,0,0,,0,1,1,2,2,2,0,0,0
2022-12-31_uc_riverside_long_beach_st,UC Riverside,15,"Blount, Anna",False,22,7,8,0.875,0,0,,1,1,1.0,0,6,6,3,2,2,0,1,15
2022-12-31_uc_riverside_long_beach_st,UC Riverside,30,"Morse, Rose",False,5,1,2,0.5,0,1,0.0,0,0,,0,0,0,1,0,2,0,0,2
2022-12-31_uc_riverside_long_beach_st,UC Riverside,3,"Tillery, Zoe",False,19,0,0,,0,0,,0,0,,0,0,0,1,3,2,0,0,0
2022-12-31_uc_riverside_long_beach_st,UC Riverside,2,"Walters, Ryanne",False,15,0,2,0.0,0,0,,0,0,,0,2,2,2,0,3,0,0,0
2022-12-31_uc_riverside_long_beach_st,UC Riverside,10,"Stenberg, Julia",False,6,0,1,0.0,0,1,0.0,0,0,,1,0,1,0,0,0,0,0,0
2022-12-31_uc_riverside_long_beach_st,UC Riverside,11,"Matarranz, Esther",False,5,0,0,,0,0,,0,0,,0,0,0,0,0,0,1,0,0
2022-12-31_uc_riverside_long_beach_st,UC Riverside,23,"Aikins, India",False,2,0,0,,0,0,,0,0,,0,0,0,0,0,2,0,0,0
2022-12-31_uc_riverside_long_beach_st,UC Riverside,TM,TEAM,False,0,0,0,,0,0,,0,0,,0,1,1,0,0,1,0,0,0
2022-12-31_csun_cal_st_fullerton,Cal St. Fullerton,5,"Jovanovic, Una",True,35,5,11,0.455,0,1,0.0,7,7,1.0,0,2,2,1,3,4,0,0,17
2022-12-31_csun_cal_st_fullerton,Cal St. Fullerton,55,"Nimmo, Fujika",True,38,4,11,0.364,1,3,0.333,4,6,0.667,0,1,1,3,4,3,0,3,13
2022-12-31_csun_cal_st_fullerton,Cal St. Fullerton,32,"Lewis, Ashlee",True,27,3,9,0.333,0,0,,6,8,0.75,1,7,8,2,1,2,0,1,12
2022-12-31_csun_cal_st_fullerton,Cal St. Fullerton,11,"Macdonald, Ruby",True,29,3,5,0.6,1,2,0.5,1,1,1.0,3,1,4,4,0,4,0,1,8
2022-12-31_csun_cal_st_fullerton,Cal St. Fullerton,4,"Vidmar, Gabi",True,36,2,11,0.182,2,9,0.222,1,2,0.5,3,3,6,1,2,3,1,3,7
2022-12-31_csun_cal_st_fullerton,Cal St. Fullerton,13,"Hernandez, Aixchel",False,10,1,5,0.2,0,0,,0,0,,1,2,3,1,0,0,0,1,2
2022-12-31_csun_cal_st_fullerton,Cal St. Fullerton,21,"Tse, Allysan",False,11,0,0,,0,0,,0,0,,0,0,0,2,0,0,0,0,0
2022-12-31_csun_cal_st_fullerton,Cal St. Fullerton,00,"Frey, Anniken",False,6,0,1,0.0,0,0,,0,0,,0,1,1,0,0,0,0,0,0
2022-12-31_csun_cal_st_fullerton,Cal St. Fullerton,1,"Panagiotopoulou, Nancy",False,6,0,1,0.0,0,1,0.0,0,0,,0,0,0,0,0,0,0,0,0
2022-12-31_csun_cal_st_fullerton,Cal St. Fullerton,10,"Lagway, Demonnie",False,2,0,1,0.0,0,0,,0,0,,0,1,1,1,0,0,0,0,0
2022-12-31_csun_cal_st_fullerton,Cal St. Fullerton,TM,TEAM,False,0,0,0,,0,0,,0,0,,0,2,2,0,0,0,0,0,0
2022-12-31_csun_cal_st_fullerton,CSUN,15,"Amundsen, Tess",True,33,7,10,0.7,3,4,0.75,2,3,0.667,1,4,5,3,2,9,0,1,19
2022-12-31_csun_cal_st_fullerton,CSUN,21,"Tu'ua, Anaiyah",True,29,2,4,0.5,0,0,,4,6,0.667,2,2,4,5,5,1,0,1,8
2022-12-31_csun_cal_st_fullerton,CSUN,5,"Duchemin, Michelle",True,20,3,9,0.333,0,0,,1,1,1.0,1,4,5,4,1,2,0,0,7
2022-12-31_csun_cal_st_fullerton,CSUN,34,"Spriggs, Kayanna",True,13,1,1,1.0,0,0,,0,0,,2,1,3,3,0,1,0,0,2
2022-12-31_csun_cal_st_fullerton,CSUN,11,"Smith, Olivia",True,1,0,0,,0,0,,0,0,,1,0,1,0,0,0,0,0,0
2022-12-31_csun_cal_st_fullerton,CSUN,1,"Jackson, Jordyn",False,31,4,8,0.5,0,0,,3,4,0.75,1,2,3,4,6,3,1,2,11
2022-12-31_csun_cal_st_fullerton,CSUN,24,"Smith, Macy",False,25,3,8,0.375,2,6,0.333,0,0,,0,2,2,2,0,2,0,2,8
2022-12-31_csun_cal_st_fullerton,CSUN,00,"Williams, De’jah",False,18,3,4,0.75,0,0,,2,2,1.0,1,1,2,1,0,1,0,0,8
2022-12-31_csun_cal_st_fullerton,CSUN,25,"Amundsen, Laney",False,13,1,7,0.143,1,5,0.2,1,2,0.5,0,8,8,3,1,1,0,0,4
2022-12-31_csun_cal_st_fullerton,CSUN,45,"Nikishina , Arina",False,8,1,3,0.333,0,0,,0,0,,2,3,5,1,0,3,0,0,2
2022-12-31_csun_cal_st_fullerton,CSUN,10,"de Jesus , Ana Carolina",False,6,0,0,,0,0,,0,0,,1,2,3,1,0,0,0,1,0
2022-12-31_csun_cal_st_fullerton,CSUN,13,"Fourie, Rochelle",False,2,0,0,,0,0,,0,0,,0,1,1,0,0,0,0,0,0
2022-12-31_csun_cal_st_fullerton,CSUN,4,"Harvey, Rachel",False,1,0,0,,0,0,,0,0,,0,0,0,0,0,0,0,1,0
2022-12-31_csun_cal_st_fullerton,CSUN,TM,TEAM,False,0,0,0,,0,0,,0,0,,1,2,3,0,0,1,0,0,0
2023-01-05_uc_irvine_uc_davis,UC Davis,15,"Turner, Evanne",True,28,4,13,0.308,0,5,0.0,0,0,,0,3,3,3,0,2,0,0,8
2023-01-05_uc_irvine_uc_davis,UC Davis,33,"Harris, Mazatlan",True,23,1,3,0.333,1,2,0.5,3,4,0.75,3,1,4,3,0,2,0,0,6
2023-01-05_uc_irvine_uc_davis,UC Davis,2,"Jones, Megan",True,18,1,4,0.25,0,2,0.0,0,0,,1,4,5,3,1,1,3,0,2
2023-01-05_uc_irvine_uc_davis,UC Davis,1,"Sussman, Tess",True,21,0,4,0.0,0,3,0.0,0,2,0.0,1,4,5,3,0,1,0,1,0
2023-01-05_uc_irvine_uc_davis,UC Davis,3,"Gray, Campbell",True,20,0,2,0.0,0,1,0.0,0,0,,0,0,0,2,2,1,0,1,0
2023-01-05_uc_irvine_uc_davis,UC Davis,23,"Baker, Victoria",False,14,0,5,0.0,0,1,0.0,6,8,0.75,0,2,2,4,0,1,0,0,6
2023-01-05_uc_irvine_uc_davis,UC Davis,25,"Norris, Megan",False,22,2,6,0.333,0,0,,1,2,0.5,2,1,3,2,0,3,0,1,5
2023-01-05_uc_irvine_uc_davis,UC Davis,14,"Sabel, Tova",False,17,2,10,0.2,1,5,0.2,0,0,,3,2,5,3,0,4,1,0,5
2023-01-05_uc_irvine_uc_davis,UC Davis,4,"Epps, Nya",False,16,2,7,0.286,0,2,0.0,0,0,,1,1,2,0,1,3,0,2,4
2023-01-05_uc_irvine_uc_davis,UC Davis,13,"Burns, Sydney",False,15,1,3,0.333,0,2,0.0,0,0,,0,1,1,3,3,0,0,0,2
2023-01-05_uc_irvine_uc_davis,UC Davis,20,"Sanders, Makaila",False,6,0,0,,0,0,,0,0,,0,1,1,0,0,1,0,0,0
2023-01-05_uc_irvine_uc_davis,UC Davis,TM,TEAM,False,0,0,0,,0,0,,0,0,,2,5,7,0,0,1,0,0,0
2023-01-05_uc_irvine_uc_davis,UC Irvine,13,"Lee, Déja",True,28,5,9,0.556,3,3,1.0,9,10,0.9,2,6,8,3,2,2,0,5,22
2023-01-05_uc_irvine_uc_davis,UC Irvine,20,"Hernandez, Hunter",True,30,3,11,0.273,2,5,0.4,2,2,1.0,1,4,5,4,3,3,0,2,10
2023-01-05_uc_irvine_uc_davis,UC Irvine,21,"Williams, Olivia",True,35,1,8,0.125,0,3,0.0,6,7,0.857,1,3,4,3,1,2,0,0,8
2023-01-05_uc_irvine_uc_davis,UC Irvine,3,"Tom, Nikki",True,34,1,8,0.125,1,4,0.25,1,2,0.5,2,1,3,1,2,1,0,1,4
2023-01-05_uc_irvine_uc_davis,UC Irvine,24,"Dean, Nevaeh",True,8,1,3,0.333,0,0,,0,0,,1,0,1,3,0,0,0,0,2
2023-01-05_uc_irvine_uc_davis,UC Irvine,32,"Parkinson, Nevaeh",False,10,3,7,0.429,0,0,,2,2,1.0,0,2,2,2,0,4,0,0,8
2023-01-05_uc_irvine_uc_davis,UC Irvine,33,"Kaupu, Caiyle",False,9,2,3,0.667,0,0,,1,2,0.5,0,2,2,2,0,1,0,0,5
2023-01-05_uc_irvine_uc_davis,UC Irvine,11,"Scharpf, Amelia",False,25,2,5,0.4,0,0,,0,5,0.0,2,4,6,1,1,0,0,0,4
2023-01-05_uc_irvine_uc_davis,UC Irvine,22,"Gony, Nyagoa",False,21,2,2,1.0,0,0,,0,0,,3,7,10,1,0,0,2,1,4
2023-01-05_uc_irvine_uc_davis,UC Irvine,TM,TEAM,False,0,0,0,,0,0,,0,0,,1,0,1,0,0,3,0,0,0
2023-01-05_hawaii_uc_san_diego,UC San Diego,13,"Brown, Sydney",True,37,7,12,0.583,4,4,1.0,0,0,,2,11,13,0,1,2,3,0,18
2023-01-05_hawaii_uc_san_diego,UC San Diego,10,"Macabuhay, Julia",True,22,4,9,0.444,1,2,0.5,2,3,0.667,0,4,4,3,1,1,0,0,11
2023-01-05_hawaii_uc_san_diego,UC San Diego,20,"Forsyth, Izzy",True,28,4,9,0.444,0,2,0.0,0,1,0.0,2,1,3,1,1,1,0,0,8
2023-01-05_hawaii_uc_san_diego,UC San Diego,04,"Cangelosi, Emily",True,39,0,5,0.0,0,4,0.0,5,10,0.5,0,8,8,3,1,2,1,2,5
2023-01-05_hawaii_uc_san_diego,UC San Diego,32,"Montgomery, Parker",True,29,1,10,0.1,1,6,0.167,0,0,,0,5,5,3,0,4,1,0,3
2023-01-05_hawaii_uc_san_diego,UC San Diego,24,"Mullings, Bridget",False,15,3,5,0.6,1,2,0.5,3,4,0.75,0,3,3,0,0,1,0,0,10
2023-01-05_hawaii_uc_san_diego,UC San Diego,25,"Mahan, Junae",False,19,1,2,0.5,1,2,0.5,2,2,1.0,1,2,3,0,0,1,0,0,5
2023-01-05_hawaii_uc_san_diego,UC San Diego,23,"Thompson, Courtni",False,11,0,0,,0,0,,0,0,,1,0,1,1,3,0,0,0,0
2023-01-05_hawaii_uc_san_diego,UC San Diego,TM,TEAM,False,0,0,0,,0,0,,0,0,,1,1,2,0,0,1,0,0,0
2023-01-05_hawaii_uc_san_diego,Hawaii,15,"Phillips, Daejah",True,33,7,16,0.438,3,6,0.5,2,2,1.0,1,3,4,2,3,0,0,3,19
2023-01-05_hawaii_uc_san_diego,Hawaii,34,"David, Jacque",True,16,5,13,0.385,3,7,0.429,1,2,0.5,0,2,2,2,0,0,1,0,14
2023-01-05_hawaii_uc_san_diego,Hawaii,03,"Wahinekapu, Lily",True,27,1,3,0.333,0,1,0.0,5,7,0.714,0,4,4,5,3,4,0,0,7
2023-01-05_hawaii_uc_san_diego,Hawaii,11,"Spiller, Kallin",True,26,2,5,0.4,0,2,0.0,1,2,0.5,1,5,6,1,0,0,2,0,5
2023-01-05_hawaii_uc_san_diego,Hawaii,01,"Imai, Kelsie",True,26,1,6,0.167,1,3,0.333,0,0,,0,5,5,0,2,0,0,0,3
2023-01-05_hawaii_uc_san_diego,Hawaii,23,"McBee, MeiLani",False,20,2,6,0.333,2,6,0.333,0,0,,0,0,0,1,1,0,0,2,6
2023-01-05_hawaii_uc_san_diego,Hawaii,45,"Davies, Olivia",False,16,1,2,0.5,1,1,1.0,0,0,,0,4,4,1,1,1,0,0,3
2023-01-05_hawaii_uc_san_diego,Hawaii,04,"Lefotu, Jovi",False,9,0,0,,0,0,,0,0,,0,1,1,1,0,2,0,0,0
2023-01-05_hawaii_uc_san_diego,Hawaii,12,"Perez, Imani",False,9,0,1,0.0,0,1,0.0,0,0,,0,1,1,2,0,0,0,1,0
2023-01-05_hawaii_uc_san_diego,Hawaii,02,"Thoms, Ashley",False,6,0,1,0.0,0,0,,0,0,,0,0,0,1,0,0,0,0,0
2023-01-05_hawaii_uc_san_diego,Hawaii,00,"Watkins, Avery",False,5,0,1,0.0,0,0,,0,0,,0,0,0,0,0,0,0,0,0
2023-01-05_hawaii_uc_san_diego,Hawaii,14,"Orji, Nnenna",False,3,0,3,0.0,0,2,0.0,0,0,,0,0,0,1,0,0,0,0,0
2023-01-05_hawaii_uc_san_diego,Hawaii,32,"Ongoongotau, Eva",False,3,0,0,,0,0,,0,0,,0,0,0,0,0,0,0,0,0
2023-01-05_hawaii_uc_san_diego,Hawaii,20,"Haire, McKenna",False,1,0,1,0.0,0,1,0.0,0,0,,0,0,0,0,0,0,0,0,0
2023-01-05_hawaii_uc_san_diego,Hawaii,TM,TEAM,False,0,0,0,,0,0,,0,0,,3,0,3,0,0,0,0,0,0
2023-01-05_cal_poly_csu_bakersfield,CSU Bakersfield,3,"van Schaik, Hennie",True,38,4,8,0.5,0,0,,2,2,1.0,1,7,8,2,2,3,0,1,10
2023-01-05_cal_poly_csu_bakersfield,CSU Bakersfield,4,"Hunter, Grace",True,24,3,11,0.273,1,2,0.5,2,2,1.0,0,4,4,2,0,1,0,2,9
2023-01-05_cal_poly_csu_bakersfield,CSU Bakersfield,13,"Herrera, Solmilena",True,13,3,5,0.6,0,0,,0,0,,0,2,2,2,0,0,1,0,6
2023-01-05_cal_poly_csu_bakersfield,CSU Bakersfield,5,"Tougas, Sophia",True,29,1,8,0.125,1,7,0.143,2,2,1.0,0,2,2,2,0,3,0,2,5
2023-01-05_cal_poly_csu_bakersfield,CSU Bakersfield,11,"Caldwell, Taylor",True,34,1,3,0.333,0,1,0.0,2,4,0.5,0,2,2,2,4,4,3,2,4
2023-01-05_cal_poly_csu_bakersfield,CSU Bakersfield,00,"Johnson, Simone",False,26,1,5,0.2,0,2,0.0,1,2,0.5,0,1,1,3,0,2,0,2,3
2023-01-05_cal_poly_csu_bakersfield,CSU Bakersfield,2,"Edwards, Morgan",False,18,0,1,0.0,0,0,,0,0,,1,0,1,3,0,1,0,0,0
2023-01-05_cal_poly_csu_bakersfield,CSU Bakersfield,15,"Morris, Kayla",False,7,0,1,0.0,0,1,0.0,0,0,,0,1,1,2,0,1,1,0,0
2023-01-05_cal_poly_csu_bakersfield,CSU Bakersfield,33,"Riley, Julia",False,6,0,0,,0,0,,0,0,,0,1,1,0,0,1,0,0,0
2023-01-05_cal_poly_csu_bakersfield,CSU Bakersfield,32,"Freeman, Garrisen",False,3,0,0,,0,0,,0,0,,0,0,0,0,0,0,0,0,0
2023-01-05_cal_poly_csu_bakersfield,CSU Bakersfield,24,"Bridges-bey, Sage",False,2,0,1,0.0,0,0,,0,0,,0,0,0,0,0,0,0,0,0
2023-01-05_cal_poly_csu_bakersfield,CSU Bakersfield,TM,TEAM,False,0,0,0,,0,0,,0,0,,1,2,3,0,0,1,0,0,0
2023-01-05_cal_poly_csu_bakersfield,Cal Poly,15,"Bourland, Sydney",True,25,3,6,0.5,0,1,0.0,0,0,,1,4,5,1,2,3,0,0,6
2023-01-05_cal_poly_csu_bakersfield,Cal Poly,33,"Willett, Maddie",True,28,2,6,0.333,1,3,0.333,0,0,,2,3,5,0,1,2,0,0,5
2023-01-05_cal_poly_csu_bakersfield,Cal Poly,2,"Shah, Annika",True,25,1,10,0.1,0,4,0.0,2,2,1.0,1,3,4,2,2,1,0,1,4
2023-01-05_cal_poly_csu_bakersfield,Cal Poly,11,"Dickson, Junie",True,10,1,5,0.2,1,3,0.333,0,0,,0,1,1,1,0,1,1,0,3
2023-01-05_cal_poly_csu_bakersfield,Cal Poly,30,"Garcia, Maia",True,11,1,3,0.333,0,0,,0,0,,3,0,3,3,0,1,0,0,2
2023-01-05_cal_poly_csu_bakersfield,Cal Poly,23,"Wu, Taylor",False,22,4,8,0.5,3,6,0.5,0,0,,1,0,1,1,0,1,0,2,11
2023-01-05_cal_poly_csu_bakersfield,Cal Poly,35,"Ackerman, Natalia",False,21,4,5,0.8,0,0,,2,4,0.5,3,6,9,1,1,2,3,2,10
2023-01-05_cal_poly_csu_bakersfield,Cal Poly,1,"Kovacikova, Nikola",False,23,2,6,0.333,2,6,0.333,3,4,0.75,0,5,5,3,4,2,0,0,9
2023-01-05_cal_poly_csu_bakersfield,Cal Poly,5,"Anousinh, Jazzy",False,19,0,1,0.0,0,1,0.0,0,0,,0,2,2,2,4,2,0,0,0
2023-01-05_cal_poly_csu_bakersfield,Cal Poly,24,"Toure, Oumou",False,16,0,4,0.0,0,2,0.0,0,0,,2,1,3,0,0,2,0,2,0
2023-01-05_cal_poly_csu_bakersfield,Cal Poly,TM,TEAM,False,0,0,0,,0,0,,0,0,,2,3,5,0,0,2,0,0,0
2023-01-05_long_beach_st_csun,CSUN,15,"Amundsen, Tess",True,33,7,15,0.467,2,5,0.4,2,2,1.0,1,2,3,0,2,1,1,1,18
2023-01-05_long_beach_st_csun,CSUN,1,"Jackson, Jordyn",True,39,5,9,0.556,2,3,0.667,0,1,0.0,0,4,4,2,5,4,0,0,12
2023-01-05_long_beach_st_csun,CSUN,21,"Tu'ua, Anaiyah",True,33,2,4,0.5,2,3,0.667,0,0,,3,3,6,4,5,2,0,0,6
2023-01-05_long_beach_st_csun,CSUN,34,"Spriggs, Kayanna",True,20,3,6,0.5,0,0,,0,0,,5,2,7,2,0,1,0,1,6
2023-01-05_long_beach_st_csun,CSUN,5,"Duchemin, Michelle",True,20,3,8,0.375,0,2,0.0,0,0,,2,3,5,5,2,6,0,1,6
2023-01-05_long_beach_st_csun,CSUN,24,"Smith, Macy",False,17,1,5,0.2,1,5,0.2,2,2,1.0,0,1,1,1,0,2,0,1,5
2023-01-05_long_beach_st_csun,CSUN,25,"Amundsen, Laney",False,16,2,4,0.5,0,0,,0,0,,0,3,3,0,0,1,0,0,4
2023-01-05_long_beach_st_csun,CSUN,10,"de Jesus , Ana Carolina",False,8,0,3,0.0,0,0,,0,0,,0,1,1,0,2,0,0,0,0
2023-01-05_long_beach_st_csun,CSUN,00,"Williams, De'jah",False,4,0,0,,0,0,,0,0,,0,1,1,1,0,0,0,0,0
2023-01-05_long_beach_st_csun,CSUN,11,"Smith, Olivia",False,4,0,0,,0,0,,0,0,,1,0,1,0,0,1,0,0,0
2023-01-05_long_beach_st_csun,CSUN,4,"Harvey, Rachel",False,3,0,1,0.0,0,0,,0,0,,0,0,0,1,0,0,0,0,0
2023-01-05_long_beach_st_csun,CSUN,45,"Nikishina , Arina",False,3,0,0,,0,0,,0,0,,0,0,0,0,0,1,0,0,0
2023-01-05_long_beach_st_csun,CSUN,TM,TEAM,False,0,0,0,,0,0,,0,0,,3,3,6,0,0,1,0,0,0
2023-01-05_long_beach_st_csun,Long Beach St.,25,"Hamilton-fisher, Kianna",True,37,6,8,0.75,3,3,1.0,0,2,0.0,0,0,0,2,5,1,0,4,15
2023-01-05_long_beach_st_csun,Long Beach St.,1,"Bambrick, Malia",True,33,6,13,0.462,0,3,0.0,0,0,,1,3,4,0,1,1,0,1,12
2023-01-05_long_beach_st_csun,Long Beach St.,11,"Jeskeova, Kristyna",True,33,3,9,0.333,2,5,0.4,1,2,0.5,2,6,8,2,3,2,2,6,9
2023-01-05_long_beach_st_csun,Long Beach St.,12,"Harris , Tori",True,22,1,5,0.2,0,3,0.0,0,0,,0,2,2,3,1,1,2,1,2
2023-01-05_long_beach_st_csun,Long Beach St.,23,"Green, Lauren",True,18,1,2,0.5,0,0,,0,0,,0,0,0,2,2,3,0,1,2
2023-01-05_long_beach_st_csun,Long Beach St.,2,"Tucker, Savannah",False,30,3,4,0.75,2,3,0.667,2,4,0.5,1,0,1,0,1,2,0,1,10
2023-01-05_long_beach_st_csun,Long Beach St.,33,"Murphy, Courtney",False,7,1,3,0.333,1,3,0.333,0,0,,0,0,0,0,0,0,0,0,3
2023-01-05_long_beach_st_csun,Long Beach St.,3,"Chung, Patricia",False,8,1,3,0.333,0,0,,0,0,,0,4,4,2,1,1,0,0,2
2023-01-05_long_beach_st_csun,Long Beach St.,5,"Ka, Kennan",False,10,0,4,0.0,0,2,0.0,0,0,,1,1,2,0,0,0,0,0,0
2023-01-05_long_beach_st_csun,Long Beach St.,21,"Shoff, Abby",False,2,0,0,,0,0,,0,0,,0,0,0,0,0,0,0,0,0
2023-01-05_long_beach_st_csun,Long Beach St.,TM,TEAM,False,0,0,0,,0,0,,0,0,,1,1,2,0,0,2,0,0,0
2023-01-05_cal_st_fullerton_uc_riverside,UC Riverside,01,Matehya Bryant,True,28,7,12,0.583,0,0,,0,2,0.0,5,9,14,2,1,0,2,2,14
2023-01-05_cal_st_fullerton_uc_riverside,UC Riverside,32,Jordan Webster,True,33,4,16,0.25,2,10,0.2,2,2,1.0,0,1,1,1,0,0,0,0,12
2023-01-05_cal_st_fullerton_uc_riverside,UC Riverside,13,Mele Finau,True,30,1,6,0.167,0,4,0.0,1,2,0.5,1,5,6,4,4,2,1,0,3
2023-01-05_cal_st_fullerton_uc_riverside,UC Riverside,22,Paris Atchley,True,17,0,3,0.0,0,2,0.0,0,0,,0,0,0,2,0,1,0,0,0
2023-01-05_cal_st_fullerton_uc_riverside,UC Riverside,02,RyAnne Walters,True,16,0,1,0.0,0,1,0.0,0,0,,0,2,2,0,2,3,0,1,0
2023-01-05_cal_st_fullerton_uc_riverside,UC Riverside,10,Julia Stenberg,False,15,2,3,0.667,2,3,0.667,0,0,,0,0,0,1,0,1,0,0,6
2023-01-05_cal_st_fullerton_uc_riverside,UC Riverside,03,Zoe Tillery,False,20,2,8,0.25,0,3,0.0,0,0,,1,1,2,2,1,3,0,2,4
2023-01-05_cal_st_fullerton_uc_riverside,UC Riverside,15,Anna Blount,False,30,1,8,0.125,0,0,,0,1,0.0,0,2,2,2,1,1,0,0,2
2023-01-05_cal_st_fullerton_uc_riverside,UC Riverside,11,Esther Matarranz,False,4,0,0,,0,0,,1,2,0.5,0,1,1,0,0,0,0,0,1
2023-01-05_cal_st_fullerton_uc_riverside,UC Riverside,30,Rose Morse,False,7,0,1,0.0,0,1,0.0,0,0,,0,0,0,1,0,1,0,1,0
2023-01-05_cal_st_fullerton_uc_riverside,UC Riverside,TM,TEAM,False,0,0,0,,0,0,,0,0,,3,1,4,0,0,2,0,0,0
2023-01-05_cal_st_fullerton_uc_riverside,Cal St. Fullerton,55,"Nimmo, Fujika",True,33,6,16,0.375,0,3,0.0,3,5,0.6,0,4,4,3,1,4,0,1,15
2023-01-05_cal_st_fullerton_uc_riverside,Cal St. Fullerton,05,"Jovanovic, Una",True,30,3,12,0.25,0,0,,1,2,0.5,1,4,5,2,2,3,0,1,7
2023-01-05_cal_st_fullerton_uc_riverside,Cal St. Fullerton,04,"Vidmar, Gabi",True,40,2,4,0.5,2,2,1.0,0,0,,1,4,5,1,2,0,0,0,6
2023-01-05_cal_st_fullerton_uc_riverside,Cal St. Fullerton,32,"Lewis, Ashlee",True,25,2,9,0.222,0,0,,2,2,1.0,2,6,8,1,0,1,0,1,6
2023-01-05_cal_st_fullerton_uc_riverside,Cal St. Fullerton,11,"MacDonald, Ruby",True,11,2,3,0.667,1,2,0.5,0,0,,0,2,2,2,0,1,0,1,5
2023-01-05_cal_st_fullerton_uc_riverside,Cal St. Fullerton,10,"Lagway, Demonnie",False,15,3,6,0.5,0,0,,0,0,,1,2,3,0,1,2,0,0,6
2023-01-05_cal_st_fullerton_uc_riverside,Cal St. Fullerton,13,"Hernandez, Aixchel",False,18,2,3,0.667,0,0,,0,0,,3,2,5,1,2,4,1,2,4
2023-01-05_cal_st_fullerton_uc_riverside,Cal St. Fullerton,00,"Frey, Anniken",False,19,1,1,1.0,0,0,,0,0,,1,3,4,1,2,3,0,0,2
2023-01-05_cal_st_fullerton_uc_riverside,Cal St. Fullerton,01,Nancy Panagiotopoulo,False,6,0,0,,0,0,,0,0,,0,1,1,0,0,0,0,0,0
2023-01-05_cal_st_fullerton_uc_riverside,Cal St. Fullerton,21,"Tse, Allysan",False,3,0,0,,0,0,,0,0,,0,0,0,1,0,1,0,0,0
2023-01-05_cal_st_fullerton_uc_riverside,Cal St. Fullerton,TM,TEAM,False,0,0,0,,0,0,,0,0,,3,4,7,0,0,0,0,0,0
2023-01-07_csu_bakersfield_uc_davis,UC Davis,15,"Turner, Evanne",True,33,8,16,0.5,5,11,0.455,0,0,,1,3,4,3,1,2,0,2,21
2023-01-07_csu_bakersfield_uc_davis,UC Davis,01,"Sussman, Tess",True,30,4,9,0.444,2,7,0.286,1,4,0.25,3,5,8,2,2,2,0,1,11
2023-01-07_csu_bakersfield_uc_davis,UC Davis,03,"Gray, Campbell",True,32,2,3,0.667,0,0,,0,0,,0,3,3,1,5,0,0,0,4
2023-01-07_csu_bakersfield_uc_davis,UC Davis,33,"Harris, Mazatlan",True,18,1,5,0.2,1,5,0.2,1,2,0.5,0,0,0,0,1,0,0,1,4
2023-01-07_csu_bakersfield_uc_davis,UC Davis,02,"Jones, Megan",True,25,1,8,0.125,1,3,0.333,0,0,,2,6,8,1,2,2,3,0,3
2023-01-07_csu_bakersfield_uc_davis,UC Davis,04,"Epps, Nya",False,10,2,3,0.667,2,3,0.667,0,0,,1,1,2,0,1,1,0,0,6
2023-01-07_csu_bakersfield_uc_davis,UC Davis,14,"Sabel, Tova",False,15,1,7,0.143,0,3,0.0,2,2,1.0,3,1,4,3,0,2,1,1,4
2023-01-07_csu_bakersfield_uc_davis,UC Davis,20,"Sanders, Makaila",False,2,1,3,0.333,0,2,0.0,1,1,1.0,0,0,0,0,1,0,0,0,3
2023-01-07_csu_bakersfield_uc_davis,UC Davis,13,"Burns, Sydney",False,17,1,3,0.333,0,1,0.0,0,2,0.0,0,1,1,1,1,1,0,0,2
2023-01-07_csu_bakersfield_uc_davis,UC Davis,25,"Norris, Megan",False,12,1,7,0.143,0,0,,0,0,,2,2,4,1,0,0,0,0,2
2023-01-07_csu_bakersfield_uc_davis,UC Davis,23,"Baker, Victoria",False,6,0,0,,0,0,,0,0,,0,0,0,2,0,0,0,0,0
2023-01-07_csu_bakersfield_uc_davis,UC Davis,TM,TEAM,False,0,0,0,,0,0,,0,0,,3,1,4,0,0,0,0,0,0
2023-01-07_csu_bakersfield_uc_davis,CSU Bakersfield,11,"Caldwell, Taylor",True,36,4,13,0.308,0,1,0.0,1,2,0.5,0,5,5,0,2,4,0,3,9
2023-01-07_csu_bakersfield_uc_davis,CSU Bakersfield,05,"Tougas, Sophia",True,32,2,9,0.222,1,6,0.167,1,2,0.5,1,6,7,4,2,0,0,2,6
2023-01-07_csu_bakersfield_uc_davis,CSU Bakersfield,04,"Hunter, Grace",True,17,1,2,0.5,1,1,1.0,0,0,,0,1,1,2,1,3,0,0,3
2023-01-07_csu_bakersfield_uc_davis,CSU Bakersfield,00,"Johnson, Simone",True,33,0,4,0.0,0,2,0.0,0,2,0.0,0,2,2,3,0,2,0,1,0
2023-01-07_csu_bakersfield_uc_davis,CSU Bakersfield,13,"Herrera, Solmilena",True,15,0,2,0.0,0,0,,0,0,,3,2,5,0,0,2,0,0,0
2023-01-07_csu_bakersfield_uc_davis,CSU Bakersfield,15,"Morris, Kayla",False,27,6,9,0.667,3,3,1.0,7,9,0.778,1,9,10,0,1,2,5,1,22
2023-01-07_csu_bakersfield_uc_davis,CSU Bakersfield,02,"Edwards, Morgan",False,16,1,4,0.25,0,2,0.0,0,0,,0,0,0,2,0,1,0,0,2
2023-01-07_csu_bakersfield_uc_davis,CSU Bakersfield,32,"Freeman, Garrisen",False,19,0,0,,0,0,,1,2,0.5,0,2,2,1,1,0,0,0,1
2023-01-07_csu_bakersfield_uc_davis,CSU Bakersfield,14,"Ortiz, Nseije",False,3,0,1,0.0,0,1,0.0,0,0,,0,0,0,1,1,1,0,0,0
2023-01-07_csu_bakersfield_uc_davis,CSU Bakersfield,24,"Bridges-Bey, Sage",False,1,0,0,,0,0,,0,0,,0,0,0,1,0,0,0,0,0
2023-01-07_csu_bakersfield_uc_davis,CSU Bakersfield,33,"Riley, Julia",False,1,0,0,,0,0,,0,0,,0,0,0,0,0,0,0,0,0
2023-01-07_csu_bakersfield_uc_davis,CSU Bakersfield,TM,TEAM,False,0,0,0,,0,0,,0,0,,1,2,3,0,0,1,0,0,0
2023-01-07_hawaii_cal_st_fullerton,Cal St. Fullerton,04,"Vidmar, Gabi",True,40,5,10,0.5,5,7,0.714,1,2,0.5,0,4,4,2,3,4,0,5,16
2023-01-07_hawaii_cal_st_fullerton,Cal St. Fullerton,05,"Jovanovic, Una",True,38,4,14,0.286,2,5,0.4,4,5,0.8,0,3,3,2,2,6,0,1,14
2023-01-07_hawaii_cal_st_fullerton,Cal St. Fullerton,32,"Lewis, Ashlee",True,32,4,7,0.571,0,0,,2,6,0.333,4,5,9,0,0,2,0,0,10
2023-01-07_hawaii_cal_st_fullerton,Cal St. Fullerton,55,"Nimmo, Fujika",True,36,4,11,0.364,0,2,0.0,1,1,1.0,2,2,4,2,1,4,0,2,9
2023-01-07_hawaii_cal_st_fullerton,Cal St. Fullerton,11,"MacDonald, Ruby",True,12,0,0,,0,0,,0,0,,0,0,0,1,0,0,0,0,0
2023-01-07_hawaii_cal_st_fullerton,Cal St. Fullerton,21,"Tse, Allysan",False,19,0,3,0.0,0,2,0.0,2,2,1.0,0,3,3,0,2,0,0,1,2
2023-01-07_hawaii_cal_st_fullerton,Cal St. Fullerton,10,"Lagway, Demonnie",False,4,1,1,1.0,0,0,,0,0,,0,0,0,0,0,0,0,0,2
2023-01-07_hawaii_cal_st_fullerton,Cal St. Fullerton,13,"Hernandez, Aixchel",False,9,0,0,,0,0,,0,0,,1,2,3,0,1,0,1,0,0
2023-01-07_hawaii_cal_st_fullerton,Cal St. Fullerton,00,"Frey, Anniken",False,8,0,0,,0,0,,0,0,,0,1,1,1,0,1,0,0,0
2023-01-07_hawaii_cal_st_fullerton,Cal St. Fullerton,01,"Panagiotopoulou, Nancy",False,2,0,1,0.0,0,1,0.0,0,0,,0,0,0,0,0,0,0,0,0
2023-01-07_hawaii_cal_st_fullerton,Cal St. Fullerton,22,"Morgan, Josie",False,,0,0,,0,0,,0,0,,0,0,0,0,0,0,0,0,0
2023-01-07_hawaii_cal_st_fullerton,Cal St. Fullerton,TM,TEAM,False,0,0,0,,0,0,,0,0,,0,3,3,0,0,1,0,0,0
2023-01-07_hawaii_cal_st_fullerton,Hawaii,03,"Wahinekapu, Lily",True,34,5,6,0.833,4,4,1.0,0,0,,0,1,1,1,7,3,0,2,14
2023-01-07_hawaii_cal_st_fullerton,Hawaii,34,"David, Jacque",True,23,4,10,0.4,0,3,0.0,0,0,,1,1,2,3,0,2,0,2,8
2023-01-07_hawaii_cal_st_fullerton,Hawaii,01,"Imai, Kelsie",True,24,2,5,0.4,2,4,0.5,0,0,,2,5,7,1,5,4,0,1,6
2023-01-07_hawaii_cal_st_fullerton,Hawaii,15,"Phillips, Daejah",True,40,2,7,0.286,0,5,0.0,0,0,,2,3,5,3,8,3,0,1,4
2023-01-07_hawaii_cal_st_fullerton,Hawaii,11,"Spiller, Kallin",True,26,1,4,0.25,0,3,0.0,2,2,1.0,1,10,11,2,2,0,2,1,4
2023-01-07_hawaii_cal_st_fullerton,Hawaii,23,"McBee, MeiLani",False,29,7,14,0.5,6,13,0.462,2,5,0.4,1,2,3,2,0,0,0,4,22
2023-01-07_hawaii_cal_st_fullerton,Hawaii,04,"Lefotu, Jovi",False,9,2,5,0.4,0,1,0.0,0,0,,0,1,1,0,0,0,0,2,4
2023-01-07_hawaii_cal_st_fullerton,Hawaii,02,"Thoms, Ashley",False,9,1,3,0.333,0,2,0.0,0,0,,0,1,1,2,0,1,0,0,2
2023-01-07_hawaii_cal_st_fullerton,Hawaii,12,"Perez, Imani",False,6,1,2,0.5,0,0,,0,0,,0,0,0,1,0,0,0,0,2
2023-01-07_hawaii_cal_st_fullerton,Hawaii,TM,TEAM,False,0,0,0,,0,0,,0,0,,1,0,1,0,0,0,0,0,0
2023-01-07_long_beach_st_uc_irvine,UC Irvine,3,"Tom, Nikki",True,37,4,9,0.444,3,7,0.429,0,0,,4,1,5,2,1,1,0,4,11
2023-01-07_long_beach_st_uc_irvine,UC Irvine,21,"Williams, Olivia",True,32,4,9,0.444,2,7,0.286,0,0,,2,5,7,1,0,3,1,2,10
2023-01-07_long_beach_st_uc_irvine,UC Irvine,20,"Hernandez, Hunter",True,30,2,10,0.2,0,3,0.0,4,4,1.0,1,8,9,2,4,3,1,1,8
2023-01-07_long_beach_st_uc_irvine,UC Irvine,13,"Lee, Deja",True,22,2,7,0.286,2,4,0.5,0,0,,0,0,0,4,5,2,0,1,6
2023-01-07_long_beach_st_uc_irvine,UC Irvine,24,"Dean, Nevaeh",True,10,1,3,0.333,0,0,,0,0,,0,1,1,1,1,0,0,0,2
2023-01-07_long_beach_st_uc_irvine,UC Irvine,32,"Parkinson, Nevaeh",False,16,7,9,0.778,0,0,,0,0,,2,2,4,2,0,1,1,0,14
2023-01-07_long_beach_st_uc_irvine,UC Irvine,11,"Scharpf, Amelia",False,17,1,1,1.0,1,1,1.0,0,0,,1,1,2,0,1,2,0,0,3
2023-01-07_long_beach_st_uc_irvine,UC Irvine,23,"Konate, Diaba",False,22,0,3,0.0,0,1,0.0,2,2,1.0,0,0,0,2,5,5,0,3,2
2023-01-07_long_beach_st_uc_irvine,UC Irvine,22,"Gony, Nyagoa",False,11,1,1,1.0,0,0,,0,0,,0,2,2,3,0,1,1,0,2
2023-01-07_long_beach_st_uc_irvine,UC Irvine,33,"Kaupu, Caiyle",False,3,0,1,0.0,0,0,,2,2,1.0,0,0,0,0,0,0,0,0,2
2023-01-07_long_beach_st_uc_irvine,UC Irvine,TM,TEAM,False,0,0,0,,0,0,,0,0,,1,2,3,0,0,0,0,0,0
2023-01-07_long_beach_st_uc_irvine,Long Beach St.,1,"Bambrick, Malia",True,30,5,10,0.5,2,5,0.4,2,2,1.0,1,3,4,1,2,2,0,0,14
2023-01-07_long_beach_st_uc_irvine,Long Beach St.,12,"Harris , Tori",True,35,5,9,0.556,1,2,0.5,2,2,1.0,0,0,0,3,3,1,0,1,13
2023-01-07_long_beach_st_uc_irvine,Long Beach St.,25,"Hamilton-fisher, Kianna",True,32,4,9,0.444,2,5,0.4,0,0,,0,3,3,1,6,6,3,2,10
2023-01-07_long_beach_st_uc_irvine,Long Beach St.,11,"Jeskeova, Kristyna",True,37,2,6,0.333,1,1,1.0,4,4,1.0,2,8,10,2,1,2,0,6,9
2023-01-07_long_beach_st_uc_irvine,Long Beach St.,23,"Green, Lauren",True,16,1,2,0.5,0,0,,2,2,1.0,0,0,0,3,2,2,0,1,4
2023-01-07_long_beach_st_uc_irvine,Long Beach St.,3,"Chung, Patricia",False,15,3,7,0.429,1,2,0.5,0,0,,0,1,1,1,0,2,0,1,7
2023-01-07_long_beach_st_uc_irvine,Long Beach St.,5,"Ka, Kennan",False,15,0,2,0.0,0,1,0.0,0,0,,1,1,2,0,1,0,0,0,0
2023-01-07_long_beach_st_uc_irvine,Long Beach St.,2,"Tucker, Savannah",False,11,0,2,0.0,0,0,,0,0,,0,0,0,3,0,0,1,1,0
2023-01-07_long_beach_st_uc_irvine,Long Beach St.,33,"Murphy, Courtney",False,7,0,2,0.0,0,2,0.0,0,0,,0,0,0,0,1,0,0,0,0
2023-01-07_long_beach_st_uc_irvine,Long Beach St.,21,"Shoff, Abby",False,2,0,0,,0,0,,0,0,,0,0,0,1,0,0,0,0,0
2023-01-07_long_beach_st_uc_irvine,Long Beach St.,TM,TEAM,False,0,0,0,,0,0,,0,0,,1,2,3,0,0,0,0,0,0
2023-01-07_uc_santa_barbara_cal_poly,Cal Poly,33,"Willett, Maddie",True,34,5,11,0.455,2,6,0.333,0,0,,3,5,8,2,0,2,0,1,12
2023-01-07_uc_santa_barbara_cal_poly,Cal Poly,02,"Shah, Annika",True,23,3,7,0.429,0,1,0.0,0,0,,0,3,3,3,3,2,0,0,6
2023-01-07_uc_santa_barbara_cal_poly,Cal Poly,15,"Bourland, Sydney",True,25,1,5,0.2,0,1,0.0,0,0,,2,2,4,3,1,2,0,0,2
2023-01-07_uc_santa_barbara_cal_poly,Cal Poly,11,"Dickson, Junie",True,10,0,4,0.0,0,2,0.0,0,0,,0,2,2,1,2,0,0,0,0
2023-01-07_uc_santa_barbara_cal_poly,Cal Poly,30,"Garcia, Maia",True,7,0,0,,0,0,,0,0,,1,0,1,1,0,1,0,0,0
2023-01-07_uc_santa_barbara_cal_poly,Cal Poly,23,"Wu, Taylor",False,26,4,10,0.4,2,6,0.333,5,7,0.714,1,1,2,1,0,1,0,1,15
2023-01-07_uc_santa_barbara_cal_poly,Cal Poly,24,"Toure, Oumou",False,18,2,9,0.222,0,2,0.0,7,10,0.7,4,1,5,4,1,2,0,1,11
2023-01-07_uc_santa_barbara_cal_poly,Cal Poly,35,"Ackerman, Natalia",False,26,4,5,0.8,0,0,,1,2,0.5,1,9,10,4,1,1,3,1,9
2023-01-07_uc_santa_barbara_cal_poly,Cal Poly,05,"Anousinh, Jazzy",False,24,2,6,0.333,0,2,0.0,0,1,0.0,1,0,1,2,3,2,0,1,4
2023-01-07_uc_santa_barbara_cal_poly,Cal Poly,01,"Kovacikova, Nikola",False,7,0,0,,0,0,,0,0,,0,0,0,2,2,2,0,0,0
2023-01-07_uc_santa_barbara_cal_poly,Cal Poly,TM,TEAM,False,0,0,0,,0,0,,0,0,,1,2,3,0,0,1,0,0,0
2023-01-07_uc_santa_barbara_cal_poly,UC Santa Barbara,10,"Choice, Anya",True,34,5,11,0.455,1,3,0.333,6,7,0.857,1,3,4,2,2,5,0,1,17
2023-01-07_uc_santa_barbara_cal_poly,UC Santa Barbara,31,"Lane, Ila",True,31,4,10,0.4,0,0,,3,4,0.75,4,6,10,5,0,2,0,0,11
2023-01-07_uc_santa_barbara_cal_poly,UC Santa Barbara,03,"Marin, Alyssa",True,28,2,7,0.286,0,3,0.0,3,3,1.0,2,0,2,1,4,3,0,2,7
2023-01-07_uc_santa_barbara_cal_poly,UC Santa Barbara,12,"Mole, Taylor",True,17,2,5,0.4,1,1,1.0,0,0,,0,1,1,0,0,0,0,0,5
2023-01-07_uc_santa_barbara_cal_poly,UC Santa Barbara,02,"Tucker, Alexis",True,24,1,5,0.2,0,1,0.0,0,0,,1,5,6,0,1,0,0,2,2
2023-01-07_uc_santa_barbara_cal_poly,UC Santa Barbara,32,"Grant, Jessica",False,23,3,5,0.6,2,4,0.5,1,2,0.5,0,3,3,1,0,2,0,1,9
2023-01-07_uc_santa_barbara_cal_poly,UC Santa Barbara,21,"Johnson, Kennedy",False,13,3,6,0.5,0,1,0.0,3,3,1.0,0,3,3,3,0,1,1,1,9
2023-01-07_uc_santa_barbara_cal_poly,UC Santa Barbara,05,"Cooper, Callie",False,17,1,2,0.5,1,1,1.0,0,0,,0,0,0,2,4,0,0,1,3
2023-01-07_uc_santa_barbara_cal_poly,UC Santa Barbara,23,"Whitfield, Alexis",False,7,0,1,0.0,0,1,0.0,2,2,1.0,0,1,1,1,0,1,1,1,2
2023-01-07_uc_santa_barbara_cal_poly,UC Santa Barbara,13,"Modawar, Tatyana",False,6,0,1,0.0,0,0,,0,0,,1,0,1,1,1,0,0,0,0
2023-01-07_uc_santa_barbara_cal_poly,UC Santa Barbara,TM,TEAM,False,0,0,0,,0,0,,0,0,,0,3,3,0,0,1,0,0,0
2023-01-07_csun_uc_riverside,UC Riverside,1,"Bryant, Matehya",True,36,7,10,0.7,0,0,,4,6,0.667,2,5,7,2,1,1,2,3,18
2023-01-07_csun_uc_riverside,UC Riverside,32,"Webster, Jordan",True,32,4,16,0.25,1,7,0.143,0,0,,0,4,4,3,1,0,0,1,9
2023-01-07_csun_uc_riverside,UC Riverside,13,"Finau, Mele",True,37,1,7,0.143,1,4,0.25,2,2,1.0,0,7,7,1,3,1,2,0,5
2023-01-07_csun_uc_riverside,UC Riverside,2,"Walters, Ryanne",True,35,1,5,0.2,1,2,0.5,2,4,0.5,0,2,2,2,5,1,0,0,5
2023-01-07_csun_uc_riverside,UC Riverside,22,"Atchley, Paris",True,25,1,5,0.2,1,1,1.0,0,0,,0,0,0,1,2,0,0,0,3
2023-01-07_csun_uc_riverside,UC Riverside,10,"Stenberg, Julia",False,17,3,7,0.429,2,5,0.4,0,0,,0,0,0,1,0,0,0,1,8
2023-01-07_csun_uc_riverside,UC Riverside,15,"Blount, Anna",False,12,0,4,0.0,0,0,,4,6,0.667,3,1,4,2,0,0,0,1,4
2023-01-07_csun_uc_riverside,UC Riverside,3,"Tillery, Zoe",False,6,0,3,0.0,0,1,0.0,1,2,0.5,1,0,1,2,0,1,0,0,1
2023-01-07_csun_uc_riverside,UC Riverside,TM,TEAM,False,0,0,0,,0,0,,0,0,,3,3,6,0,0,2,0,0,0
2023-01-07_csun_uc_riverside,CSUN,1,"Jackson, Jordyn",True,39,5,13,0.385,0,2,0.0,4,4,1.0,0,5,5,2,5,1,0,0,14
2023-01-07_csun_uc_riverside,CSUN,15,"Amundsen, Tess",True,30,4,9,0.444,1,2,0.5,0,0,,0,5,5,1,0,1,0,1,9
2023-01-07_csun_uc_riverside,CSUN,5,"Duchemin, Michelle",True,30,2,8,0.25,0,2,0.0,5,8,0.625,2,7,9,1,0,1,1,0,9
2023-01-07_csun_uc_riverside,CSUN,21,"Tu'ua, Anaiyah",True,29,3,9,0.333,0,1,0.0,0,0,,2,7,9,2,2,2,0,0,6
2023-01-07_csun_uc_riverside,CSUN,34,"Spriggs, Kayanna",True,10,0,0,,0,0,,2,2,1.0,1,1,2,5,0,2,2,0,2
2023-01-07_csun_uc_riverside,CSUN,25,"Amundsen, Laney",False,24,1,4,0.25,0,1,0.0,1,1,1.0,3,4,7,1,0,1,0,0,3
2023-01-07_csun_uc_riverside,CSUN,24,"Smith, Macy",False,7,1,2,0.5,1,2,0.5,0,0,,0,2,2,0,0,0,0,0,3
2023-01-07_csun_uc_riverside,CSUN,10,"de Jesus , Ana Carolina",False,11,1,3,0.333,0,0,,0,0,,0,0,0,0,0,1,0,0,2
2023-01-07_csun_uc_riverside,CSUN,00,"Williams, De’jah",False,7,1,2,0.5,0,1,0.0,0,0,,0,0,0,1,1,2,0,0,2
2023-01-07_csun_uc_riverside,CSUN,13,"Fourie, Rochelle",False,4,1,1,1.0,0,0,,0,0,,1,1,2,1,0,2,0,0,2
2023-01-07_csun_uc_riverside,CSUN,4,"Harvey, Rachel",False,4,0,0,,0,0,,0,0,,0,0,0,0,0,0,1,0,0
2023-01-07_csun_uc_riverside,CSUN,45,"Nikishina , Arina",False,3,0,0,,0,0,,0,0,,0,1,1,0,0,0,0,0,0
2023-01-07_csun_uc_riverside,CSUN,11,"Smith, Olivia",False,2,0,1,0.0,0,0,,0,0,,0,0,0,1,0,0,0,0,0
2023-01-07_csun_uc_riverside,CSUN,TM,TEAM,False,0,0,0,,0,0,,0,0,,3,2,5,0,0,2,0,0,0
2023-01-11_uc_davis_csun,CSUN,01,"Jackson, Jordyn",True,37,7,16,0.438,1,6,0.167,11,12,0.917,0,2,2,1,2,1,0,3,26
2023-01-11_uc_davis_csun,CSUN,21,"Tu'ua, Anaiyah",True,33,5,11,0.455,0,0,,5,6,0.833,0,1,1,3,2,3,0,0,15
2023-01-11_uc_davis_csun,CSUN,24,"Smith, Macy",True,27,3,8,0.375,2,5,0.4,0,1,0.0,0,1,1,0,1,0,0,2,8
2023-01-11_uc_davis_csun,CSUN,05,"Duchemin, Michelle",True,23,3,5,0.6,0,0,,0,0,,0,2,2,4,0,0,0,1,6
2023-01-11_uc_davis_csun,CSUN,34,"Spriggs, Kayanna",True,17,3,3,1.0,0,0,,0,2,0.0,1,2,3,3,1,1,0,1,6
2023-01-11_uc_davis_csun,CSUN,10,"De Jesus , Ana Carolina",False,11,2,5,0.4,0,0,,0,2,0.0,1,2,3,0,0,1,0,1,4
2023-01-11_uc_davis_csun,CSUN,13,"Fourie, Rochelle",False,1,1,1,1.0,0,0,,2,3,0.667,1,1,2,2,0,1,0,0,4
2023-01-11_uc_davis_csun,CSUN,25,"Amundsen, Laney",False,23,1,3,0.333,0,1,0.0,0,0,,1,5,6,2,4,1,1,0,2
2023-01-11_uc_davis_csun,CSUN,00,"Williams, De'jah",False,8,1,5,0.2,0,0,,0,0,,4,2,6,0,0,0,0,1,2
2023-01-11_uc_davis_csun,CSUN,04,"Harvey, Rachel",False,9,0,1,0.0,0,0,,0,0,,0,2,2,3,0,1,0,0,0
2023-01-11_uc_davis_csun,CSUN,45,"Nikishina , Arina",False,7,0,1,0.0,0,0,,0,0,,1,2,3,0,0,0,0,0,0
2023-01-11_uc_davis_csun,CSUN,11,"Smith, Olivia",False,4,0,0,,0,0,,0,0,,0,0,0,0,0,0,0,0,0
2023-01-11_uc_davis_csun,CSUN,TM,TEAM,False,0,0,0,,0,0,,0,0,,1,1,2,0,0,0,0,0,0
2023-01-11_uc_davis_csun,UC Davis,15,"Turner, Evanne",True,33,7,12,0.583,5,8,0.625,0,0,,1,1,2,2,2,0,0,0,19
2023-01-11_uc_davis_csun,UC Davis,01,"Sussman, Tess",True,31,7,11,0.636,5,7,0.714,0,0,,1,9,10,2,1,1,1,1,19
2023-01-11_uc_davis_csun,UC Davis,33,"Harris, Mazatlan",True,17,0,4,0.0,0,1,0.0,3,4,0.75,1,3,4,1,0,3,0,0,3
2023-01-11_uc_davis_csun,UC Davis,02,"Jones, Megan",True,19,0,2,0.0,0,1,0.0,0,0,,0,3,3,1,3,2,2,0,0
2023-01-11_uc_davis_csun,UC Davis,03,"Gray, Campbell",True,13,0,0,,0,0,,0,0,,0,1,1,2,1,2,0,0,0
2023-01-11_uc_davis_csun,UC Davis,25,"Norris, Megan",False,19,4,5,0.8,0,0,,3,6,0.5,1,0,1,4,5,1,0,0,11
2023-01-11_uc_davis_csun,UC Davis,13,"Burns, Sydney",False,25,3,6,0.5,2,4,0.5,1,2,0.5,0,3,3,1,3,1,0,0,9
2023-01-11_uc_davis_csun,UC Davis,04,"Epps, Nya",False,13,3,4,0.75,2,2,1.0,0,0,,0,0,0,1,1,2,0,1,8
2023-01-11_uc_davis_csun,UC Davis,14,"Sabel, Tova",False,17,3,7,0.429,0,3,0.0,1,1,1.0,1,3,4,0,3,0,0,0,7
2023-01-11_uc_davis_csun,UC Davis,23,"Baker, Victoria",False,8,0,1,0.0,0,0,,5,8,0.625,0,2,2,2,4,0,1,0,5
2023-01-11_uc_davis_csun,UC Davis,20,"Sanders, Makaila",False,5,1,3,0.333,0,0,,0,0,,3,1,4,1,0,0,0,0,2
2023-01-11_uc_davis_csun,UC Davis,TM,TEAM,False,0,0,0,,0,0,,0,0,,0,0,0,0,0,0,0,0,0
2023-01-11_cal_st_fullerton_uc_irvine,UC Irvine,20,Hunter Hernandez,True,27,6,8,0.75,1,1,1.0,1,2,0.5,4,4,8,3,4,2,0,0,14
2023-01-11_cal_st_fullerton_uc_irvine,UC Irvine,24,Nevaeh Dean,True,26,6,7,0.857,0,0,,0,0,,3,0,3,2,1,3,0,0,12
2023-01-11_cal_st_fullerton_uc_irvine,UC Irvine,03,Nikki Tom,True,39,2,9,0.222,2,8,0.25,0,0,,3,2,5,2,0,2,0,2,6
2023-01-11_cal_st_fullerton_uc_irvine,UC Irvine,13,Deja Lee,True,30,3,8,0.375,0,4,0.0,0,0,,1,3,4,2,3,3,0,2,6
2023-01-11_cal_st_fullerton_uc_irvine,UC Irvine,21,Olivia Williams,True,27,1,6,0.167,0,2,0.0,0,0,,0,2,2,2,2,0,0,1,2
2023-01-11_cal_st_fullerton_uc_irvine,UC Irvine,32,Nevaeh Parkinson,False,14,4,8,0.5,0,0,,1,2,0.5,3,2,5,4,0,1,0,0,9
2023-01-11_cal_st_fullerton_uc_irvine,UC Irvine,11,Amelia Scharpf,False,19,4,7,0.571,0,0,,0,0,,3,4,7,1,0,2,0,1,8
2023-01-11_cal_st_fullerton_uc_irvine,UC Irvine,23,Diaba Konate,False,18,0,7,0.0,0,3,0.0,0,0,,0,0,0,1,4,1,0,3,0
2023-01-11_cal_st_fullerton_uc_irvine,UC Irvine,TM,TEAM,False,0,0,0,,0,0,,0,0,,2,5,7,0,0,1,0,0,0
2023-01-11_cal_st_fullerton_uc_irvine,Cal St. Fullerton,32,"Lewis, Ashlee",True,29,5,10,0.5,0,0,,4,4,1.0,0,3,3,2,0,2,0,0,14
2023-01-11_cal_st_fullerton_uc_irvine,Cal St. Fullerton,05,"Jovanovic, Una",True,36,3,9,0.333,1,3,0.333,4,4,1.0,0,3,3,2,2,4,1,0,11
2023-01-11_cal_st_fullerton_uc_irvine,Cal St. Fullerton,04,"Vidmar, Gabi",True,39,1,4,0.25,1,4,0.25,0,0,,0,1,1,2,2,1,0,3,3
2023-01-11_cal_st_fullerton_uc_irvine,Cal St. Fullerton,55,"Nimmo, Fujika",True,25,0,5,0.0,0,1,0.0,2,4,0.5,1,2,3,4,1,3,0,2,2
2023-01-11_cal_st_fullerton_uc_irvine,Cal St. Fullerton,11,"MacDonald, Ruby",True,21,0,2,0.0,0,2,0.0,0,0,,2,0,2,2,0,0,0,1,0
2023-01-11_cal_st_fullerton_uc_irvine,Cal St. Fullerton,13,"Hernandez, Aixchel",False,17,3,6,0.5,0,0,,3,4,0.75,3,1,4,1,0,0,0,0,9
2023-01-11_cal_st_fullerton_uc_irvine,Cal St. Fullerton,00,"Frey, Anniken",False,18,0,2,0.0,0,2,0.0,0,0,,0,1,1,0,1,3,0,2,0
2023-01-11_cal_st_fullerton_uc_irvine,Cal St. Fullerton,21,"Tse, Allysan",False,10,0,2,0.0,0,1,0.0,0,0,,0,1,1,0,1,1,0,0,0
2023-01-11_cal_st_fullerton_uc_irvine,Cal St. Fullerton,10,"Lagway, Demonnie",False,4,0,1,0.0,0,1,0.0,0,0,,0,0,0,0,0,3,0,0,0
2023-01-11_cal_st_fullerton_uc_irvine,Cal St. Fullerton,01,Nancy Panagiotopoulo,False,1,0,0,,0,0,,0,0,,0,0,0,0,0,0,0,0,0
2023-01-11_cal_st_fullerton_uc_irvine,Cal St. Fullerton,TM,TEAM,False,0,0,0,,0,0,,0,0,,2,3,5,0,0,1,0,0,0
2023-01-11_uc_riverside_uc_san_diego,UC San Diego,20,"Forsyth, Izzy",True,21,4,7,0.571,2,3,0.667,0,0,,2,3,5,3,1,3,0,0,10
2023-01-11_uc_riverside_uc_san_diego,UC San Diego,4,"Cangelosi, Emily",True,23,3,7,0.429,3,6,0.5,0,0,,1,4,5,1,1,2,1,0,9
2023-01-11_uc_riverside_uc_san_diego,UC San Diego,32,"Montgomery, Parker",True,27,2,8,0.25,1,5,0.2,0,0,,0,1,1,2,3,1,1,1,5
2023-01-11_uc_riverside_uc_san_diego,UC San Diego,13,"Brown, Sydney",True,30,0,6,0.0,0,1,0.0,2,2,1.0,0,5,5,2,4,2,1,1,2
2023-01-11_uc_riverside_uc_san_diego,UC San Diego,10,"Macabuhay, Julia",True,13,0,6,0.0,0,3,0.0,2,2,1.0,0,1,1,1,1,1,0,0,2
2023-01-11_uc_riverside_uc_san_diego,UC San Diego,35,"Springs, Katie",False,8,3,3,1.0,0,0,,1,3,0.333,0,1,1,0,0,1,0,0,7
2023-01-11_uc_riverside_uc_san_diego,UC San Diego,24,"Mullings, Bridget",False,20,3,7,0.429,0,1,0.0,0,0,,0,5,5,1,0,2,0,0,6
2023-01-11_uc_riverside_uc_san_diego,UC San Diego,23,"Thompson, Courtni",False,21,1,3,0.333,0,0,,2,2,1.0,2,2,4,1,3,3,0,1,4
2023-01-11_uc_riverside_uc_san_diego,UC San Diego,25,"Mahan, Junae",False,17,1,5,0.2,1,1,1.0,0,0,,1,2,3,0,0,1,0,2,3
2023-01-11_uc_riverside_uc_san_diego,UC San Diego,5,"Louther, Gabby",False,14,1,2,0.5,1,2,0.5,0,0,,2,2,4,2,0,0,0,0,3
2023-01-11_uc_riverside_uc_san_diego,UC San Diego,2,"Talbot, Grace",False,6,0,0,,0,0,,2,2,1.0,0,0,0,0,1,1,0,0,2
2023-01-11_uc_riverside_uc_san_diego,UC San Diego,TM,TEAM,False,0,0,0,,0,0,,0,0,,2,1,3,0,0,0,0,0,0
2023-01-11_uc_riverside_uc_san_diego,UC Riverside,32,"Webster, Jordan",True,37,7,14,0.5,4,7,0.571,2,3,0.667,0,3,3,2,0,2,0,1,20
2023-01-11_uc_riverside_uc_san_diego,UC Riverside,13,"Finau, Mele",True,38,3,8,0.375,3,5,0.6,2,2,1.0,1,4,5,0,6,1,1,0,11
2023-01-11_uc_riverside_uc_san_diego,UC Riverside,2,"Walters, Ryanne",True,31,4,9,0.444,1,3,0.333,1,1,1.0,0,7,7,5,5,4,1,3,10
2023-01-11_uc_riverside_uc_san_diego,UC Riverside,1,"Bryant, Matehya",True,29,4,9,0.444,0,0,,2,2,1.0,3,7,10,3,0,0,0,4,10
2023-01-11_uc_riverside_uc_san_diego,UC Riverside,10,"Stenberg, Julia",True,23,1,6,0.167,1,4,0.25,0,0,,0,0,0,0,0,0,0,1,3
2023-01-11_uc_riverside_uc_san_diego,UC Riverside,15,"Blount, Anna",False,22,4,6,0.667,0,0,,0,0,,0,4,4,3,1,4,1,1,8
2023-01-11_uc_riverside_uc_san_diego,UC Riverside,3,"Tillery, Zoe",False,17,2,4,0.5,1,3,0.333,0,0,,0,0,0,1,1,2,0,0,5
2023-01-11_uc_riverside_uc_san_diego,UC Riverside,11,"Matarranz, Esther",False,3,0,0,,0,0,,0,0,,0,1,1,0,0,0,1,0,0
2023-01-11_uc_riverside_uc_san_diego,UC Riverside,TM,TEAM,False,0,0,0,,0,0,,0,0,,1,1,2,0,0,0,0,0,0
2023-01-11_uc_santa_barbara_csu_bakersfield,CSU Bakersfield,05,"Tougas, Sophia",True,36,3,9,0.333,1,5,0.2,0,0,,0,2,2,1,1,0,0,0,7
2023-01-11_uc_santa_barbara_csu_bakersfield,CSU Bakersfield,00,"Johnson, Simone",True,27,3,8,0.375,0,3,0.0,0,1,0.0,1,3,4,2,0,3,0,2,6
2023-01-11_uc_santa_barbara_csu_bakersfield,CSU Bakersfield,11,"Caldwell, Taylor",True,35,2,8,0.25,0,1,0.0,0,1,0.0,0,2,2,4,2,2,1,2,4
2023-01-11_uc_santa_barbara_csu_bakersfield,CSU Bakersfield,32,"Freeman, Garrisen",True,21,1,2,0.5,1,2,0.5,0,0,,1,3,4,0,0,1,0,0,3
2023-01-11_uc_santa_barbara_csu_bakersfield,CSU Bakersfield,13,"Herrera, Solmilena",True,8,0,0,,0,0,,0,0,,1,2,3,4,0,1,0,1,0
2023-01-11_uc_santa_barbara_csu_bakersfield,CSU Bakersfield,04,"Hunter, Grace",False,28,6,14,0.429,2,4,0.5,8,10,0.8,3,2,5,3,6,4,0,1,22
2023-01-11_uc_santa_barbara_csu_bakersfield,CSU Bakersfield,15,"Morris, Kayla",False,32,8,15,0.533,1,3,0.333,1,1,1.0,1,5,6,3,0,0,3,0,18
2023-01-11_uc_santa_barbara_csu_bakersfield,CSU Bakersfield,02,"Edwards, Morgan",False,8,1,3,0.333,0,1,0.0,0,0,,3,0,3,3,1,0,0,0,2
2023-01-11_uc_santa_barbara_csu_bakersfield,CSU Bakersfield,33,"Riley, Julia",False,3,0,0,,0,0,,0,0,,0,0,0,0,0,0,0,0,0
2023-01-11_uc_santa_barbara_csu_bakersfield,CSU Bakersfield,14,"Ortiz, Nseije",False,2,0,0,,0,0,,0,0,,0,1,1,0,0,0,0,0,0
2023-01-11_uc_santa_barbara_csu_bakersfield,CSU Bakersfield,TM,TEAM,False,0,0,0,,0,0,,0,0,,0,4,4,0,0,0,0,0,0
2023-01-11_uc_santa_barbara_csu_bakersfield,UC Santa Barbara,31,"Lane, Ila",True,35,7,17,0.412,0,0,,6,6,1.0,3,13,16,1,0,4,1,1,20
2023-01-11_uc_santa_barbara_csu_bakersfield,UC Santa Barbara,02,"Tucker, Alexis",True,35,4,8,0.5,1,3,0.333,7,8,0.875,3,5,8,3,0,2,0,1,16
2023-01-11_uc_santa_barbara_csu_bakersfield,UC Santa Barbara,03,"Marin, Alyssa",True,24,0,3,0.0,0,1,0.0,8,9,0.889,0,3,3,3,3,4,0,0,8
2023-01-11_uc_santa_barbara_csu_bakersfield,UC Santa Barbara,10,"Choice, Anya",True,29,1,8,0.125,0,3,0.0,0,0,,0,1,1,1,5,0,1,1,2
2023-01-11_uc_santa_barbara_csu_bakersfield,UC Santa Barbara,12,"Mole, Taylor",True,6,0,1,0.0,0,0,,0,0,,0,2,2,0,0,0,0,0,0
2023-01-11_uc_santa_barbara_csu_bakersfield,UC Santa Barbara,32,"Grant, Jessica",False,27,4,8,0.5,4,7,0.571,0,0,,0,1,1,0,2,0,0,0,12
2023-01-11_uc_santa_barbara_csu_bakersfield,UC Santa Barbara,55,"Burke, Skylar",False,10,1,2,0.5,0,1,0.0,1,1,1.0,3,0,3,2,1,0,0,1,3
2023-01-11_uc_santa_barbara_csu_bakersfield,UC Santa Barbara,23,"Whitfield, Alexis",False,8,0,3,0.0,0,0,,2,2,1.0,3,1,4,1,0,2,0,0,2
2023-01-11_uc_santa_barbara_csu_bakersfield,UC Santa Barbara,05,"Cooper, Callie",False,16,0,1,0.0,0,1,0.0,0,0,,0,0,0,4,3,2,0,2,0
2023-01-11_uc_santa_barbara_csu_bakersfield,UC Santa Barbara,13,"Modawar, Tatyana",False,5,0,0,,0,0,,0,0,,0,0,0,0,1,0,0,0,0
2023-01-11_uc_santa_barbara_csu_bakersfield,UC Santa Barbara,21,"Johnson, Kennedy",False,5,0,3,0.0,0,1,0.0,0,0,,1,1,2,1,0,0,0,0,0
2023-01-11_uc_santa_barbara_csu_bakersfield,UC Santa Barbara,TM,TEAM,False,0,0,0,,0,0,,0,0,,2,2,4,0,0,0,0,0,0
2023-01-12_cal_poly_long_beach_st,Long Beach St.,12,"Harris, Tori",True,29,3,10,0.3,2,5,0.4,3,4,0.75,1,4,5,2,1,1,0,2,11
2023-01-12_cal_poly_long_beach_st,Long Beach St.,1,"Bambrick, Malia",True,29,4,13,0.308,1,3,0.333,2,2,1.0,1,6,7,0,5,0,0,1,11
2023-01-12_cal_poly_long_beach_st,Long Beach St.,25,"Hamilton-fisher, Kianna",True,29,3,5,0.6,0,2,0.0,4,4,1.0,0,4,4,1,3,2,0,3,10
2023-01-12_cal_poly_long_beach_st,Long Beach St.,00,"Berry, Ma'qhi",True,25,3,6,0.5,0,0,,0,0,,0,1,1,3,4,3,1,1,6
2023-01-12_cal_poly_long_beach_st,Long Beach St.,11,"Jeskeova, Kristyna",True,14,1,1,1.0,0,0,,0,0,,1,6,7,5,1,2,1,2,2
2023-01-12_cal_poly_long_beach_st,Long Beach St.,33,"Murphy, Courtney",False,17,5,9,0.556,3,6,0.5,2,2,1.0,2,1,3,2,2,1,0,1,15
2023-01-12_cal_poly_long_beach_st,Long Beach St.,3,"Chung, Patricia",False,14,2,5,0.4,1,3,0.333,1,2,0.5,0,2,2,2,0,1,0,0,6
2023-01-12_cal_poly_long_beach_st,Long Beach St.,5,"Ka, Kennan",False,18,1,5,0.2,0,0,,0,0,,0,1,1,0,1,0,1,2,2
2023-01-12_cal_poly_long_beach_st,Long Beach St.,23,"Green, Lauren",False,16,0,0,,0,0,,1,2,0.5,0,2,2,0,1,1,0,0,1
2023-01-12_cal_poly_long_beach_st,Long Beach St.,21,"Shoff, Abby",False,9,0,1,0.0,0,0,,1,4,0.25,1,1,2,1,0,1,1,0,1
2023-01-12_cal_poly_long_beach_st,Long Beach St.,TM,TEAM,False,0,0,0,,0,0,,0,0,,3,5,8,0,0,0,0,0,0
2023-01-12_cal_poly_long_beach_st,Cal Poly,33,"Willett, Maddie",True,33,2,7,0.286,2,3,0.667,0,0,,2,4,6,2,0,2,0,3,6
2023-01-12_cal_poly_long_beach_st,Cal Poly,15,"Bourland, Sydney",True,28,0,6,0.0,0,0,,4,4,1.0,1,8,9,2,1,2,1,0,4
2023-01-12_cal_poly_long_beach_st,Cal Poly,2,"Shah, Annika",True,16,1,6,0.167,1,1,1.0,0,0,,0,0,0,2,1,1,0,0,3
2023-01-12_cal_poly_long_beach_st,Cal Poly,30,"Garcia, Maia",True,9,1,3,0.333,0,0,,1,2,0.5,1,0,1,2,0,0,0,0,3
2023-01-12_cal_poly_long_beach_st,Cal Poly,11,"Dickson, Junie",True,19,0,5,0.0,0,2,0.0,1,2,0.5,0,1,1,1,2,2,0,1,1
2023-01-12_cal_poly_long_beach_st,Cal Poly,35,"Ackerman, Natalia",False,30,5,8,0.625,0,0,,1,2,0.5,1,7,8,3,1,1,2,1,11
2023-01-12_cal_poly_long_beach_st,Cal Poly,5,"Anousinh, Jazzy",False,30,3,7,0.429,1,4,0.25,1,1,1.0,0,0,0,3,5,3,0,1,8
2023-01-12_cal_poly_long_beach_st,Cal Poly,23,"Wu, Taylor",False,21,2,8,0.25,1,7,0.143,0,0,,0,2,2,3,1,4,0,1,5
2023-01-12_cal_poly_long_beach_st,Cal Poly,24,"Toure, Oumou",False,8,0,1,0.0,0,0,,1,4,0.25,0,2,2,3,0,2,1,0,1
2023-01-12_cal_poly_long_beach_st,Cal Poly,20,"Karlin, Shannon",False,3,0,0,,0,0,,0,0,,0,1,1,0,0,0,0,0,0
2023-01-12_cal_poly_long_beach_st,Cal Poly,21,"Stajic, Andrea",False,3,0,1,0.0,0,1,0.0,0,0,,0,0,0,0,0,1,0,0,0
2023-01-12_cal_poly_long_beach_st,Cal Poly,TM,TEAM,False,0,0,0,,0,0,,0,0,,3,1,4,0,0,0,0,0,0
2023-01-14_cal_st_fullerton_uc_davis,UC Davis,15,Evanne Turner,True,34,2,7,0.286,2,5,0.4,3,4,0.75,0,3,3,1,3,2,0,1,9
2023-01-14_cal_st_fullerton_uc_davis,UC Davis,13,Sydney Burns,True,22,2,5,0.4,0,1,0.0,4,4,1.0,1,1,2,0,1,4,0,0,8
2023-01-14_cal_st_fullerton_uc_davis,UC Davis,01,Tess Sussman,True,29,1,9,0.111,1,6,0.167,0,0,,1,3,4,2,3,1,0,1,3
2023-01-14_cal_st_fullerton_uc_davis,UC Davis,14,Tova Sabel,True,22,1,6,0.167,0,4,0.0,0,0,,1,1,2,0,2,2,0,2,2
2023-01-14_cal_st_fullerton_uc_davis,UC Davis,02,Megan Jones,True,13,0,2,0.0,0,0,,2,2,1.0,2,0,2,2,0,2,0,1,2
2023-01-14_cal_st_fullerton_uc_davis,UC Davis,04,Nya Epps,False,19,5,10,0.5,2,6,0.333,2,2,1.0,1,2,3,1,0,1,0,0,14
2023-01-14_cal_st_fullerton_uc_davis,UC Davis,25,Megan Norris,False,19,4,5,0.8,0,0,,0,0,,1,4,5,1,0,0,0,0,8
2023-01-14_cal_st_fullerton_uc_davis,UC Davis,03,Campbell Gray,False,18,1,2,0.5,1,1,1.0,0,0,,0,2,2,1,2,2,0,1,3
2023-01-14_cal_st_fullerton_uc_davis,UC Davis,23,Victoria Baker,False,11,1,6,0.167,0,1,0.0,0,0,,1,0,1,5,2,1,0,3,2
2023-01-14_cal_st_fullerton_uc_davis,UC Davis,33,Mazatlan Harris,False,13,0,2,0.0,0,1,0.0,0,0,,0,1,1,1,1,1,0,0,0
2023-01-14_cal_st_fullerton_uc_davis,UC Davis,TM,TEAM,False,0,0,0,,0,0,,0,0,,0,3,3,0,0,0,0,0,0
2023-01-14_cal_st_fullerton_uc_davis,Cal St. Fullerton,05,"Jovanovic, Una",True,37,9,14,0.643,0,0,,8,8,1.0,0,11,11,1,4,3,0,0,26
2023-01-14_cal_st_fullerton_uc_davis,Cal St. Fullerton,55,"Nimmo, Fujika",True,36,11,14,0.786,3,4,0.75,0,0,,0,3,3,2,2,3,0,1,25
2023-01-14_cal_st_fullerton_uc_davis,Cal St. Fullerton,04,"Vidmar, Gabi",True,40,1,2,0.5,1,1,1.0,0,0,,0,4,4,0,1,1,0,3,3
2023-01-14_cal_st_fullerton_uc_davis,Cal St. Fullerton,32,"Lewis, Ashlee",True,11,1,6,0.167,0,0,,1,2,0.5,0,1,1,5,0,2,1,1,3
2023-01-14_cal_st_fullerton_uc_davis,Cal St. Fullerton,11,"MacDonald, Ruby",True,24,1,5,0.2,0,2,0.0,0,0,,1,2,3,2,1,1,0,3,2
2023-01-14_cal_st_fullerton_uc_davis,Cal St. Fullerton,21,"Tse, Allysan",False,20,2,5,0.4,2,3,0.667,0,0,,1,2,3,4,0,1,0,1,6
2023-01-14_cal_st_fullerton_uc_davis,Cal St. Fullerton,13,"Hernandez, Aixchel",False,24,1,4,0.25,0,0,,0,0,,3,3,6,2,0,5,1,1,2
2023-01-14_cal_st_fullerton_uc_davis,Cal St. Fullerton,00,"Frey, Anniken",False,6,0,0,,0,0,,0,0,,0,0,0,0,0,0,0,0,0
2023-01-14_cal_st_fullerton_uc_davis,Cal St. Fullerton,01,Nancy Panagiotopoulo,False,2,0,0,,0,0,,0,0,,0,0,0,0,0,0,0,0,0
2023-01-14_cal_st_fullerton_uc_davis,Cal St. Fullerton,22,"Morgan, Josie",False,0,0,0,,0,0,,0,0,,0,0,0,0,0,0,0,0,0
2023-01-14_cal_st_fullerton_uc_davis,Cal St. Fullerton,TM,TEAM,False,0,0,0,,0,0,,0,0,,0,3,3,0,0,1,0,0,0
2023-01-14_long_beach_st_hawaii,Hawaii,11,"Spiller, Kallin",True,28,7,14,0.5,1,5,0.2,1,3,0.333,2,4,6,2,1,2,0,0,16
2023-01-14_long_beach_st_hawaii,Hawaii,15,"Phillips, Daejah",True,26,3,6,0.5,0,2,0.0,0,2,0.0,0,1,1,1,2,2,0,1,6
2023-01-14_long_beach_st_hawaii,Hawaii,1,"Imai, Kelsie",True,18,0,1,0.0,0,1,0.0,1,2,0.5,0,3,3,1,3,3,0,2,1
2023-01-14_long_beach_st_hawaii,Hawaii,34,"David, Jacque",True,16,0,3,0.0,0,3,0.0,1,2,0.5,0,2,2,2,1,2,0,1,1
2023-01-14_long_beach_st_hawaii,Hawaii,3,"Wahinekapu, Lily",True,28,0,6,0.0,0,4,0.0,0,0,,1,5,6,1,0,3,0,2,0
2023-01-14_long_beach_st_hawaii,Hawaii,20,"Haire, McKenna",False,26,5,11,0.455,4,10,0.4,1,2,0.5,2,2,4,1,0,1,0,2,15
2023-01-14_long_beach_st_hawaii,Hawaii,14,"Orji, Nnenna",False,18,0,1,0.0,0,0,,5,6,0.833,3,4,7,1,2,2,1,0,5
2023-01-14_long_beach_st_hawaii,Hawaii,4,"Lefotu, Jovi",False,17,2,3,0.667,0,0,,0,0,,2,0,2,3,3,2,0,1,4
2023-01-14_long_beach_st_hawaii,Hawaii,23,"McBee, Meilani",False,16,0,4,0.0,0,3,0.0,0,0,,0,1,1,3,0,0,0,0,0
2023-01-14_long_beach_st_hawaii,Hawaii,2,"Thoms, Ashley",False,4,0,0,,0,0,,0,0,,0,0,0,0,0,1,0,0,0
2023-01-14_long_beach_st_hawaii,Hawaii,12,"Perez, Imani",False,3,0,0,,0,0,,0,0,,0,0,0,0,0,1,0,0,0
2023-01-14_long_beach_st_hawaii,Hawaii,TM,TEAM,False,0,0,0,,0,0,,0,0,,3,1,4,0,0,3,0,0,0
2023-01-14_long_beach_st_hawaii,Long Beach St.,12,"Harris , Tori",True,36,4,14,0.286,2,9,0.222,5,6,0.833,1,7,8,1,4,5,1,1,15
2023-01-14_long_beach_st_hawaii,Long Beach St.,1,"Bambrick, Malia",True,30,4,9,0.444,1,4,0.25,1,2,0.5,2,2,4,0,0,1,0,0,10
2023-01-14_long_beach_st_hawaii,Long Beach St.,11,"Jeskeova, Kristyna",True,31,3,7,0.429,1,3,0.333,2,6,0.333,1,4,5,5,3,0,1,6,9
2023-01-14_long_beach_st_hawaii,Long Beach St.,25,"Hamilton-fisher, Kianna",True,33,3,7,0.429,1,4,0.25,1,2,0.5,0,2,2,4,3,2,2,3,8
2023-01-14_long_beach_st_hawaii,Long Beach St.,00,"Berry, Ma'qhi",True,33,3,5,0.6,0,0,,2,4,0.5,0,1,1,3,3,3,2,3,8
2023-01-14_long_beach_st_hawaii,Long Beach St.,33,"Murphy, Courtney",False,14,3,3,1.0,2,2,1.0,0,0,,0,0,0,2,1,0,0,0,8
2023-01-14_long_beach_st_hawaii,Long Beach St.,23,"Green, Lauren",False,11,2,3,0.667,0,0,,0,0,,0,2,2,3,0,0,2,1,4
2023-01-14_long_beach_st_hawaii,Long Beach St.,5,"Ka, Kennan",False,11,0,0,,0,0,,0,0,,1,0,1,1,1,1,0,0,0
2023-01-14_long_beach_st_hawaii,Long Beach St.,3,"Chung, Patricia",False,1,0,0,,0,0,,0,0,,0,0,0,0,0,0,0,0,0
2023-01-14_long_beach_st_hawaii,Long Beach St.,TM,TEAM,False,0,0,0,,0,0,,0,0,,2,4,6,0,0,2,0,0,0
2023-01-14_uc_irvine_csun,CSUN,15,"Amundsen, Tess",True,32,8,12,0.667,4,5,0.8,0,0,,3,1,4,3,0,4,0,1,20
2023-01-14_uc_irvine_csun,CSUN,1,"Jackson, Jordyn",True,37,4,9,0.444,4,6,0.667,1,2,0.5,2,3,5,4,7,3,0,1,13
2023-01-14_uc_irvine_csun,CSUN,5,"Duchemin, Michelle",True,35,6,13,0.462,0,0,,0,0,,4,6,10,2,2,1,0,1,12
2023-01-14_uc_irvine_csun,CSUN,21,"Tu'ua, Anaiyah",True,28,4,9,0.444,0,2,0.0,1,4,0.25,1,3,4,2,2,3,1,1,9
2023-01-14_uc_irvine_csun,CSUN,34,"Spriggs, Kayanna",True,24,3,4,0.75,0,0,,0,0,,3,3,6,2,1,2,1,1,6
2023-01-14_uc_irvine_csun,CSUN,10,"de Jesus , Ana Carolina",False,7,1,4,0.25,0,0,,0,0,,0,0,0,2,0,0,0,0,2
2023-01-14_uc_irvine_csun,CSUN,25,"Amundsen, Laney",False,13,0,4,0.0,0,0,,0,0,,2,2,4,0,0,1,0,0,0
2023-01-14_uc_irvine_csun,CSUN,13,"Fourie, Rochelle",False,10,0,1,0.0,0,0,,0,0,,0,0,0,2,0,1,0,0,0
2023-01-14_uc_irvine_csun,CSUN,24,"Smith, Macy",False,10,0,1,0.0,0,0,,0,0,,0,0,0,4,1,0,0,0,0
2023-01-14_uc_irvine_csun,CSUN,00,"Williams, De'jah",False,2,0,0,,0,0,,0,0,,0,1,1,0,0,0,0,0,0
2023-01-14_uc_irvine_csun,CSUN,4,"Harvey, Rachel",False,2,0,1,0.0,0,0,,0,0,,0,0,0,1,0,0,0,0,0
2023-01-14_uc_irvine_csun,CSUN,45,"Nikishina , Arina",False,0,0,0,,0,0,,0,0,,0,0,0,0,0,0,0,0,0
2023-01-14_uc_irvine_csun,CSUN,TM,TEAM,False,0,0,0,,0,0,,0,0,,0,0,0,0,0,1,0,0,0
2023-01-14_uc_irvine_csun,UC Irvine,21,"Williams, Olivia",True,37,4,12,0.333,3,6,0.5,4,4,1.0,2,1,3,0,2,1,1,2,15
2023-01-14_uc_irvine_csun,UC Irvine,20,"Hernandez, Hunter",True,37,4,9,0.444,2,5,0.4,4,6,0.667,1,5,6,1,5,1,0,1,14
2023-01-14_uc_irvine_csun,UC Irvine,3,"Tom, Nikki",True,39,4,9,0.444,3,5,0.6,2,2,1.0,0,4,4,1,2,1,1,0,13
2023-01-14_uc_irvine_csun,UC Irvine,13,"Lee, Déja",True,31,4,8,0.5,2,4,0.5,1,2,0.5,1,1,2,3,4,2,0,2,11
2023-01-14_uc_irvine_csun,UC Irvine,24,"Dean, Nevaeh",True,18,3,3,1.0,0,0,,0,2,0.0,3,4,7,2,0,0,2,0,6
2023-01-14_uc_irvine_csun,UC Irvine,32,"Parkinson, Nevaeh",False,16,3,8,0.375,0,0,,2,2,1.0,0,3,3,2,0,1,1,0,8
2023-01-14_uc_irvine_csun,UC Irvine,11,"Scharpf, Amelia",False,13,0,1,0.0,0,0,,1,2,0.5,0,0,0,0,2,1,0,0,1
2023-01-14_uc_irvine_csun,UC Irvine,22,"Gony, Nyagoa",False,6,0,1,0.0,0,0,,1,2,0.5,1,0,1,0,0,0,1,0,1
2023-01-14_uc_irvine_csun,UC Irvine,23,"Konate, Diaba",False,3,0,1,0.0,0,0,,0,0,,0,0,0,0,0,1,0,1,0
2023-01-14_uc_irvine_csun,UC Irvine,TM,TEAM,False,0,0,0,,0,0,,0,0,,3,1,4,0,0,2,0,0,0
2023-01-14_uc_san_diego_csu_bakersfield,CSU Bakersfield,11,"Caldwell, Taylor",True,32,5,9,0.556,1,3,0.333,5,5,1.0,0,5,5,1,2,2,1,1,16
2023-01-14_uc_san_diego_csu_bakersfield,CSU Bakersfield,32,"Freeman, Garrisen",True,24,2,6,0.333,2,3,0.667,1,2,0.5,0,5,5,3,1,0,1,0,7
2023-01-14_uc_san_diego_csu_bakersfield,CSU Bakersfield,13,"Herrera, Solmilena",True,21,0,0,,0,0,,1,4,0.25,3,5,8,2,0,1,0,1,1
2023-01-14_uc_san_diego_csu_bakersfield,CSU Bakersfield,00,"Johnson, Simone",True,24,0,3,0.0,0,1,0.0,0,0,,1,2,3,2,2,2,0,1,0
2023-01-14_uc_san_diego_csu_bakersfield,CSU Bakersfield,05,"Tougas, Sophia",True,23,0,5,0.0,0,2,0.0,0,0,,0,1,1,2,0,1,0,1,0
2023-01-14_uc_san_diego_csu_bakersfield,CSU Bakersfield,04,"Hunter, Grace",False,26,5,12,0.417,2,5,0.4,2,4,0.5,0,2,2,3,1,3,0,0,14
2023-01-14_uc_san_diego_csu_bakersfield,CSU Bakersfield,15,"Morris, Kayla",False,21,2,8,0.25,1,2,0.5,0,0,,0,2,2,3,1,0,4,0,5
2023-01-14_uc_san_diego_csu_bakersfield,CSU Bakersfield,02,"Edwards, Morgan",False,18,2,5,0.4,0,1,0.0,0,0,,0,0,0,3,0,3,0,1,4
2023-01-14_uc_san_diego_csu_bakersfield,CSU Bakersfield,33,"Riley, Julia",False,9,1,2,0.5,1,2,0.5,0,0,,0,2,2,0,0,1,0,1,3
2023-01-14_uc_san_diego_csu_bakersfield,CSU Bakersfield,14,"Ortiz, Nseije",False,2,0,0,,0,0,,0,0,,0,1,1,1,0,1,0,0,0
2023-01-14_uc_san_diego_csu_bakersfield,CSU Bakersfield,TM,TEAM,False,0,0,0,,0,0,,0,0,,1,2,3,0,0,0,0,0,0
2023-01-14_uc_san_diego_csu_bakersfield,UC San Diego,13,"Brown, Sydney",True,28,6,15,0.4,3,5,0.6,5,6,0.833,4,6,10,3,1,2,0,0,20
2023-01-14_uc_san_diego_csu_bakersfield,UC San Diego,20,"Forsyth, Izzy",True,31,3,6,0.5,2,3,0.667,4,6,0.667,2,6,8,1,1,1,0,2,12
2023-01-14_uc_san_diego_csu_bakersfield,UC San Diego,32,"Montgomery, Parker",True,31,3,8,0.375,2,7,0.286,2,2,1.0,0,1,1,3,2,2,0,0,10
2023-01-14_uc_san_diego_csu_bakersfield,UC San Diego,04,"Cangelosi, Emily",True,33,3,14,0.214,1,6,0.167,0,0,,4,5,9,3,1,2,0,0,7
2023-01-14_uc_san_diego_csu_bakersfield,UC San Diego,10,"Macabuhay, Julia",True,17,1,1,1.0,0,0,,0,0,,0,1,1,1,1,2,0,2,2
2023-01-14_uc_san_diego_csu_bakersfield,UC San Diego,25,"Mahan, Junaé",False,23,2,5,0.4,0,1,0.0,2,2,1.0,1,3,4,1,3,2,0,1,6
2023-01-14_uc_san_diego_csu_bakersfield,UC San Diego,24,"Mullings, Bridget",False,14,2,6,0.333,0,0,,1,1,1.0,0,6,6,1,1,1,2,0,5
2023-01-14_uc_san_diego_csu_bakersfield,UC San Diego,23,"Thompson, Courtni",False,23,0,3,0.0,0,2,0.0,0,0,,1,2,3,1,4,0,0,0,0
2023-01-14_uc_san_diego_csu_bakersfield,UC San Diego,TM,TEAM,False,0,0,0,,0,0,,0,0,,0,2,2,0,0,0,0,0,0
2023-01-14_uc_riverside_uc_santa_barbara,UC Santa Barbara,2,"Tucker, Alexis",True,28,4,12,0.333,1,3,0.333,3,6,0.5,2,3,5,1,1,0,0,0,12
2023-01-14_uc_riverside_uc_santa_barbara,UC Santa Barbara,3,"Marin, Alyssa",True,27,3,5,0.6,1,3,0.333,5,6,0.833,1,2,3,1,1,0,0,0,12
2023-01-14_uc_riverside_uc_santa_barbara,UC Santa Barbara,31,"Lane, Ila",True,33,5,11,0.455,0,0,,0,0,,1,6,7,3,0,1,1,0,10
2023-01-14_uc_riverside_uc_santa_barbara,UC Santa Barbara,10,"Choice, Anya",True,19,3,4,0.75,0,1,0.0,3,4,0.75,0,0,0,4,3,2,0,0,9
2023-01-14_uc_riverside_uc_santa_barbara,UC Santa Barbara,12,"Mole, Taylor",True,8,0,1,0.0,0,0,,0,0,,0,0,0,1,2,0,0,1,0
2023-01-14_uc_riverside_uc_santa_barbara,UC Santa Barbara,55,"Burke, Skylar",False,27,4,6,0.667,0,0,,1,1,1.0,4,4,8,2,2,1,0,0,9
2023-01-14_uc_riverside_uc_santa_barbara,UC Santa Barbara,23,"Whitfield, Alexis",False,13,4,6,0.667,0,1,0.0,0,0,,0,2,2,3,0,2,0,0,8
2023-01-14_uc_riverside_uc_santa_barbara,UC Santa Barbara,5,"Cooper, Callie",False,31,1,3,0.333,0,0,,2,2,1.0,0,2,2,0,3,2,0,4,4
2023-01-14_uc_riverside_uc_santa_barbara,UC Santa Barbara,32,"Grant, Jessica",False,9,0,3,0.0,0,3,0.0,0,0,,0,1,1,0,0,1,0,0,0
2023-01-14_uc_riverside_uc_santa_barbara,UC Santa Barbara,13,"Modawar, Tatyana",False,5,0,1,0.0,0,1,0.0,0,0,,0,0,0,2,0,0,0,0,0
2023-01-14_uc_riverside_uc_santa_barbara,UC Santa Barbara,TM,TEAM,False,0,0,0,,0,0,,0,0,,1,3,4,0,0,1,0,0,0
2023-01-14_uc_riverside_uc_santa_barbara,UC Riverside,2,"Walters, Ryanne",True,35,6,14,0.429,2,5,0.4,2,2,1.0,0,5,5,1,6,0,0,1,16
2023-01-14_uc_riverside_uc_santa_barbara,UC Riverside,32,"Webster, Jordan",True,31,4,13,0.308,2,6,0.333,2,2,1.0,0,0,0,5,2,2,1,4,12
2023-01-14_uc_riverside_uc_santa_barbara,UC Riverside,1,"Bryant, Matehya",True,25,4,8,0.5,0,0,,3,4,0.75,3,5,8,2,2,2,0,2,11
2023-01-14_uc_riverside_uc_santa_barbara,UC Riverside,10,"Stenberg, Julia",True,38,3,6,0.5,2,4,0.5,0,0,,0,0,0,1,1,1,0,0,8
2023-01-14_uc_riverside_uc_santa_barbara,UC Riverside,13,"Finau, Mele",True,26,2,4,0.5,1,2,0.5,0,0,,0,5,5,2,1,1,0,1,5
2023-01-14_uc_riverside_uc_santa_barbara,UC Riverside,11,"Matarranz, Esther",False,19,1,3,0.333,0,0,,1,1,1.0,3,2,5,0,0,1,0,0,3
2023-01-14_uc_riverside_uc_santa_barbara,UC Riverside,3,"Tillery, Zoe",False,9,1,3,0.333,1,2,0.5,0,0,,0,0,0,1,0,1,0,0,3
2023-01-14_uc_riverside_uc_santa_barbara,UC Riverside,15,"Blount, Anna",False,17,1,6,0.167,0,0,,0,0,,0,5,5,5,1,2,1,0,2
2023-01-14_uc_riverside_uc_santa_barbara,UC Riverside,TM,TEAM,False,0,0,0,,0,0,,0,0,,6,1,7,0,0,1,0,0,0
2023-01-16_uc_davis_uc_san_diego,UC San Diego,13,"Brown, Sydney",True,30,7,13,0.538,1,4,0.25,3,3,1.0,2,2,4,3,1,0,1,0,18
2023-01-16_uc_davis_uc_san_diego,UC San Diego,20,"Forsyth, Izzy",True,36,7,10,0.7,2,3,0.667,0,0,,0,9,9,2,1,1,1,2,16
2023-01-16_uc_davis_uc_san_diego,UC San Diego,04,"Cangelosi, Emily",True,32,5,6,0.833,2,2,1.0,1,1,1.0,1,6,7,1,2,2,0,0,13
2023-01-16_uc_davis_uc_san_diego,UC San Diego,32,"Montgomery, Parker",True,33,2,9,0.222,0,4,0.0,0,0,,0,1,1,2,2,2,0,2,4
2023-01-16_uc_davis_uc_san_diego,UC San Diego,10,"Macabuhay, Julia",True,16,1,6,0.167,0,2,0.0,2,2,1.0,0,1,1,1,2,1,0,0,4
2023-01-16_uc_davis_uc_san_diego,UC San Diego,12,"Baxter, Madison",False,14,2,5,0.4,2,4,0.5,0,0,,0,1,1,1,0,0,0,0,6
2023-01-16_uc_davis_uc_san_diego,UC San Diego,25,"Mahan, Junae",False,15,2,2,1.0,0,0,,0,0,,0,2,2,0,1,4,0,0,4
2023-01-16_uc_davis_uc_san_diego,UC San Diego,24,"Mullings, Bridget",False,13,0,2,0.0,0,1,0.0,0,0,,1,0,1,3,1,3,0,1,0
2023-01-16_uc_davis_uc_san_diego,UC San Diego,23,"Thompson, Courtni",False,11,0,1,0.0,0,1,0.0,0,0,,0,1,1,1,2,1,0,0,0
2023-01-16_uc_davis_uc_san_diego,UC San Diego,TM,TEAM,False,0,0,0,,0,0,,0,0,,2,4,6,0,0,3,0,0,0
2023-01-16_uc_davis_uc_san_diego,UC Davis,15,"Turner, Evanne",True,38,7,14,0.5,3,6,0.5,2,2,1.0,1,3,4,2,2,1,0,3,19
2023-01-16_uc_davis_uc_san_diego,UC Davis,01,"Sussman, Tess",True,30,5,9,0.556,0,3,0.0,2,2,1.0,2,8,10,0,3,1,0,2,12
2023-01-16_uc_davis_uc_san_diego,UC Davis,02,"Jones, Megan",True,21,1,4,0.25,0,1,0.0,1,2,0.5,0,1,1,3,1,1,2,0,3
2023-01-16_uc_davis_uc_san_diego,UC Davis,33,"Harris, Mazatlan",True,13,1,4,0.25,0,2,0.0,0,0,,0,0,0,0,0,0,0,0,2
2023-01-16_uc_davis_uc_san_diego,UC Davis,03,"Gray, Campbell",True,14,0,1,0.0,0,1,0.0,0,0,,0,2,2,0,1,1,0,2,0
2023-01-16_uc_davis_uc_san_diego,UC Davis,14,"Sabel, Tova",False,23,5,7,0.714,0,2,0.0,0,0,,0,3,3,0,1,3,0,0,10
2023-01-16_uc_davis_uc_san_diego,UC Davis,13,"Burns, Sydney",False,26,2,4,0.5,1,1,1.0,2,4,0.5,0,3,3,1,3,2,0,1,7
2023-01-16_uc_davis_uc_san_diego,UC Davis,25,"Norris, Megan",False,16,3,6,0.5,1,1,1.0,0,0,,0,1,1,0,2,0,0,1,7
2023-01-16_uc_davis_uc_san_diego,UC Davis,23,"Baker, Victoria",False,7,1,2,0.5,0,1,0.0,1,2,0.5,1,0,1,0,0,1,0,2,3
2023-01-16_uc_davis_uc_san_diego,UC Davis,04,"Epps, Nya",False,11,0,4,0.0,0,3,0.0,0,0,,1,0,1,2,0,1,0,0,0
2023-01-16_uc_davis_uc_san_diego,UC Davis,20,"Sanders, Makaila",False,1,0,1,0.0,0,0,,0,0,,0,0,0,0,0,0,0,0,0
2023-01-16_uc_davis_uc_san_diego,UC Davis,TM,TEAM,False,0,0,0,,0,0,,0,0,,1,1,2,0,0,0,0,0,0
2023-01-16_csun_hawaii,Hawaii,3,"Wahinekapu, Lily",True,28,5,9,0.556,2,4,0.5,4,6,0.667,1,2,3,3,6,3,0,1,16
2023-01-16_csun_hawaii,Hawaii,34,"David, Jacque",True,11,2,4,0.5,2,3,0.667,0,0,,0,4,4,1,1,3,0,0,6
2023-01-16_csun_hawaii,Hawaii,11,"Spiller, Kallin",True,13,2,6,0.333,0,2,0.0,1,1,1.0,2,2,4,2,0,2,0,0,5
2023-01-16_csun_hawaii,Hawaii,23,"McBee, Meilani",True,13,1,3,0.333,1,2,0.5,0,0,,0,1,1,2,1,1,0,0,3
2023-01-16_csun_hawaii,Hawaii,1,"Imai, Kelsie",True,21,1,1,1.0,0,0,,0,0,,0,1,1,3,1,3,0,0,2
2023-01-16_csun_hawaii,Hawaii,20,"Haire, McKenna",False,26,6,8,0.75,6,8,0.75,0,2,0.0,0,1,1,2,0,0,0,1,18
2023-01-16_csun_hawaii,Hawaii,15,"Phillips, Daejah",False,31,5,7,0.714,1,2,0.5,3,3,1.0,1,4,5,2,5,2,0,3,14
2023-01-16_csun_hawaii,Hawaii,12,"Perez, Imani",False,26,3,4,0.75,0,0,,0,1,0.0,1,3,4,1,1,3,2,0,6
2023-01-16_csun_hawaii,Hawaii,4,"Lefotu, Jovi",False,25,3,7,0.429,0,0,,0,0,,0,3,3,2,1,1,0,2,6
2023-01-16_csun_hawaii,Hawaii,2,"Thoms, Ashley",False,6,0,0,,0,0,,0,0,,0,1,1,0,0,0,0,0,0
2023-01-16_csun_hawaii,Hawaii,TM,TEAM,False,0,0,0,,0,0,,0,0,,2,3,5,0,0,0,0,0,0
2023-01-16_csun_hawaii,CSUN,15,"Amundsen, Tess",True,33,5,10,0.5,1,4,0.25,6,7,0.857,1,3,4,2,1,2,0,1,17
2023-01-16_csun_hawaii,CSUN,1,"Jackson, Jordyn",True,35,5,18,0.278,1,6,0.167,4,4,1.0,0,2,2,4,3,2,0,2,15
2023-01-16_csun_hawaii,CSUN,21,"Tu'ua, Anaiyah",True,22,3,7,0.429,1,2,0.5,2,2,1.0,0,4,4,4,2,2,0,0,9
2023-01-16_csun_hawaii,CSUN,5,"Duchemin, Michelle",True,29,3,7,0.429,1,3,0.333,0,0,,1,1,2,3,0,1,2,3,7
2023-01-16_csun_hawaii,CSUN,34,"Spriggs, Kayanna",True,21,0,1,0.0,0,0,,1,2,0.5,2,1,3,2,2,2,0,0,1
2023-01-16_csun_hawaii,CSUN,25,"Amundsen, Laney",False,21,2,2,1.0,0,0,,0,0,,3,2,5,2,0,1,0,2,4
2023-01-16_csun_hawaii,CSUN,13,"Fourie, Rochelle",False,4,1,2,0.5,0,0,,1,2,0.5,0,2,2,2,0,1,0,0,3
2023-01-16_csun_hawaii,CSUN,00,"Williams, De’jah",False,10,1,3,0.333,0,0,,0,0,,0,0,0,0,1,0,0,1,2
2023-01-16_csun_hawaii,CSUN,10,"de Jesus , Ana Carolina",False,6,1,1,1.0,0,0,,0,0,,0,0,0,0,0,0,0,0,2
2023-01-16_csun_hawaii,CSUN,24,"Smith, Macy",False,11,0,1,0.0,0,0,,0,0,,0,0,0,1,0,0,0,0,0
2023-01-16_csun_hawaii,CSUN,4,"Harvey, Rachel",False,6,0,0,,0,0,,0,0,,0,0,0,0,0,2,0,0,0
2023-01-16_csun_hawaii,CSUN,11,"Smith, Olivia",False,2,0,1,0.0,0,0,,0,0,,0,0,0,1,0,0,0,0,0
2023-01-16_csun_hawaii,CSUN,TM,TEAM,False,0,0,0,,0,0,,0,0,,1,1,2,0,0,0,0,0,0
2023-01-16_uc_santa_barbara_uc_irvine,UC Irvine,20,"Hernandez, Hunter",True,36,5,9,0.556,2,3,0.667,2,2,1.0,0,5,5,0,5,1,0,2,14
2023-01-16_uc_santa_barbara_uc_irvine,UC Irvine,03,"Tom, Nikki",True,38,3,9,0.333,0,2,0.0,2,2,1.0,1,1,2,0,3,0,0,1,8
2023-01-16_uc_santa_barbara_uc_irvine,UC Irvine,21,"Williams, Olivia",True,31,2,5,0.4,1,2,0.5,2,2,1.0,0,2,2,0,1,0,1,1,7
2023-01-16_uc_santa_barbara_uc_irvine,UC Irvine,13,"Lee, Deja",True,28,3,5,0.6,0,1,0.0,1,2,0.5,1,4,5,3,3,4,0,1,7
2023-01-16_uc_santa_barbara_uc_irvine,UC Irvine,24,"Dean, Nevaeh",True,10,2,3,0.667,0,0,,0,0,,0,0,0,2,0,0,0,0,4
2023-01-16_uc_santa_barbara_uc_irvine,UC Irvine,23,"Konate, Diaba",False,16,4,10,0.4,0,0,,6,6,1.0,0,2,2,2,1,3,0,2,14
2023-01-16_uc_santa_barbara_uc_irvine,UC Irvine,11,"Scharpf, Amelia",False,12,2,3,0.667,1,1,1.0,2,2,1.0,0,0,0,2,0,0,0,0,7
2023-01-16_uc_santa_barbara_uc_irvine,UC Irvine,22,"Gony, Nyagoa",False,15,3,6,0.5,0,0,,0,0,,2,3,5,1,0,1,4,1,6
2023-01-16_uc_santa_barbara_uc_irvine,UC Irvine,32,"Parkinson, Nevaeh",False,14,1,4,0.25,0,0,,1,1,1.0,1,3,4,3,0,1,0,1,3
2023-01-16_uc_santa_barbara_uc_irvine,UC Irvine,TM,TEAM,False,0,0,0,,0,0,,0,0,,2,1,3,0,0,0,0,0,0
2023-01-16_uc_santa_barbara_uc_irvine,UC Santa Barbara,31,"Lane, Ila",True,40,5,10,0.5,0,0,,0,0,,5,7,12,2,1,0,2,0,10
2023-01-16_uc_santa_barbara_uc_irvine,UC Santa Barbara,03,"Marin, Alyssa",True,37,2,9,0.222,1,3,0.333,5,7,0.714,1,2,3,3,5,1,0,0,10
2023-01-16_uc_santa_barbara_uc_irvine,UC Santa Barbara,10,"Choice, Anya",True,16,2,3,0.667,1,1,1.0,1,2,0.5,0,1,1,0,0,2,0,0,6
2023-01-16_uc_santa_barbara_uc_irvine,UC Santa Barbara,02,"Tucker, Alexis",True,14,2,3,0.667,0,0,,0,1,0.0,1,2,3,4,0,2,0,0,4
2023-01-16_uc_santa_barbara_uc_irvine,UC Santa Barbara,12,"Mole, Taylor",True,10,0,3,0.0,0,2,0.0,0,0,,0,2,2,1,2,1,1,0,0
2023-01-16_uc_santa_barbara_uc_irvine,UC Santa Barbara,23,"Whitfield, Alexis",False,19,6,8,0.75,0,0,,3,4,0.75,4,2,6,2,0,3,1,1,15
2023-01-16_uc_santa_barbara_uc_irvine,UC Santa Barbara,32,"Grant, Jessica",False,22,3,10,0.3,3,9,0.333,0,0,,0,1,1,2,1,3,0,0,9
2023-01-16_uc_santa_barbara_uc_irvine,UC Santa Barbara,05,"Cooper, Callie",False,30,2,5,0.4,0,1,0.0,0,0,,2,1,3,4,3,3,0,1,4
2023-01-16_uc_santa_barbara_uc_irvine,UC Santa Barbara,55,"Burke, Skylar",False,6,0,2,0.0,0,0,,2,2,1.0,0,2,2,0,0,1,0,1,2
2023-01-16_uc_santa_barbara_uc_irvine,UC Santa Barbara,21,"Johnson, Kennedy",False,6,0,0,,0,0,,0,0,,0,1,1,0,0,2,0,0,0
2023-01-16_uc_santa_barbara_uc_irvine,UC Santa Barbara,TM,TEAM,False,0,0,0,,0,0,,0,0,,1,1,2,0,0,2,0,0,0
2023-01-16_cal_poly_uc_riverside,UC Riverside,1,"Bryant, Matehya",True,36,5,9,0.556,0,0,,2,2,1.0,6,5,11,0,1,4,0,3,12
2023-01-16_cal_poly_uc_riverside,UC Riverside,32,"Webster, Jordan",True,31,3,11,0.273,1,4,0.25,2,2,1.0,0,2,2,4,0,3,1,1,9
2023-01-16_cal_poly_uc_riverside,UC Riverside,2,"Walters, Ryanne",True,35,4,8,0.5,0,2,0.0,0,0,,0,0,0,1,2,1,0,0,8
2023-01-16_cal_poly_uc_riverside,UC Riverside,10,"Stenberg, Julia",True,21,0,3,0.0,0,2,0.0,0,0,,0,1,1,2,0,0,0,0,0
2023-01-16_cal_poly_uc_riverside,UC Riverside,13,"Finau, Mele",True,7,0,2,0.0,0,0,,0,0,,0,2,2,0,0,1,0,0,0
2023-01-16_cal_poly_uc_riverside,UC Riverside,15,"Blount, Anna",False,24,5,10,0.5,0,0,,2,2,1.0,6,4,10,4,1,1,1,1,12
2023-01-16_cal_poly_uc_riverside,UC Riverside,22,"Atchley, Paris",False,33,2,8,0.25,1,2,0.5,1,3,0.333,0,1,1,0,0,0,0,0,6
2023-01-16_cal_poly_uc_riverside,UC Riverside,3,"Tillery, Zoe",False,12,0,2,0.0,0,1,0.0,0,0,,0,1,1,0,0,0,0,1,0
2023-01-16_cal_poly_uc_riverside,UC Riverside,5,"Murphy, Sasha",False,1,0,1,0.0,0,0,,0,0,,0,0,0,0,0,0,0,0,0
2023-01-16_cal_poly_uc_riverside,UC Riverside,TM,TEAM,False,0,0,0,,0,0,,0,0,,1,3,4,0,0,0,0,0,0
2023-01-16_cal_poly_uc_riverside,Cal Poly,33,"Willett, Maddie",True,34,6,9,0.667,2,2,1.0,2,2,1.0,0,4,4,1,1,3,0,1,16
2023-01-16_cal_poly_uc_riverside,Cal Poly,2,"Shah, Annika",True,30,4,10,0.4,0,1,0.0,5,6,0.833,0,1,1,2,3,0,0,1,13
2023-01-16_cal_poly_uc_riverside,Cal Poly,11,"Dickson, Junie",True,28,3,7,0.429,2,4,0.5,0,0,,0,5,5,0,1,0,0,0,8
2023-01-16_cal_poly_uc_riverside,Cal Poly,30,"Garcia, Maia",True,11,1,4,0.25,0,0,,0,0,,1,1,2,1,0,1,0,0,2
2023-01-16_cal_poly_uc_riverside,Cal Poly,15,"Bourland, Sydney",True,25,0,3,0.0,0,0,,0,0,,0,6,6,3,0,2,0,1,0
2023-01-16_cal_poly_uc_riverside,Cal Poly,24,"Toure, Oumou",False,26,4,7,0.571,0,0,,0,0,,2,2,4,4,1,0,1,0,8
2023-01-16_cal_poly_uc_riverside,Cal Poly,5,"Anousinh, Jazzy",False,22,1,2,0.5,0,1,0.0,0,0,,0,0,0,1,2,2,0,0,2
2023-01-16_cal_poly_uc_riverside,Cal Poly,23,"Wu, Taylor",False,20,0,0,,0,0,,0,2,0.0,0,1,1,1,2,4,0,1,0
2023-01-16_cal_poly_uc_riverside,Cal Poly,35,"Ackerman, Natalia",False,4,0,0,,0,0,,0,0,,0,2,2,2,0,0,0,0,0
2023-01-16_cal_poly_uc_riverside,Cal Poly,TM,TEAM,False,0,0,0,,0,0,,0,0,,2,1,3,0,0,1,0,0,0
2023-01-16_csu_bakersfield_cal_st_fullerton,Cal St. Fullerton,55,"Nimmo, Fujika",True,36,7,15,0.467,3,5,0.6,5,5,1.0,0,3,3,4,2,5,1,4,22
2023-01-16_csu_bakersfield_cal_st_fullerton,Cal St. Fullerton,05,"Jovanovic, Una",True,40,2,8,0.25,1,2,0.5,4,4,1.0,2,2,4,1,4,4,0,2,9
2023-01-16_csu_bakersfield_cal_st_fullerton,Cal St. Fullerton,11,"MacDonald, Ruby",True,28,3,4,0.75,2,3,0.667,0,0,,3,4,7,4,3,4,0,1,8
2023-01-16_csu_bakersfield_cal_st_fullerton,Cal St. Fullerton,32,"Lewis, Ashlee",True,28,4,9,0.444,0,0,,0,0,,2,5,7,4,2,2,4,0,8
2023-01-16_csu_bakersfield_cal_st_fullerton,Cal St. Fullerton,04,"Vidmar, Gabi",True,36,2,7,0.286,2,7,0.286,0,0,,0,6,6,3,2,1,0,0,6
2023-01-16_csu_bakersfield_cal_st_fullerton,Cal St. Fullerton,10,"Lagway, Demonnie",False,5,1,2,0.5,0,0,,1,1,1.0,0,1,1,0,1,0,0,0,3
2023-01-16_csu_bakersfield_cal_st_fullerton,Cal St. Fullerton,13,"Hernandez, Aixchel",False,12,1,7,0.143,0,0,,0,0,,3,2,5,0,1,1,1,0,2
2023-01-16_csu_bakersfield_cal_st_fullerton,Cal St. Fullerton,21,"Tse, Allysan",False,13,0,2,0.0,0,2,0.0,0,0,,2,1,3,0,1,1,0,0,0
2023-01-16_csu_bakersfield_cal_st_fullerton,Cal St. Fullerton,00,"Frey, Anniken",False,2,0,1,0.0,0,0,,0,0,,0,0,0,0,0,0,0,0,0
2023-01-16_csu_bakersfield_cal_st_fullerton,Cal St. Fullerton,TM,TEAM,False,0,0,0,,0,0,,0,0,,3,2,5,0,0,1,0,0,0
2023-01-16_csu_bakersfield_cal_st_fullerton,CSU Bakersfield,05,Sophia Tougas,True,23,5,13,0.385,2,10,0.2,0,0,,1,1,2,1,1,1,0,1,12
2023-01-16_csu_bakersfield_cal_st_fullerton,CSU Bakersfield,00,Simone Johnson,True,27,3,7,0.429,0,1,0.0,2,4,0.5,5,5,10,1,1,3,0,1,8
2023-01-16_csu_bakersfield_cal_st_fullerton,CSU Bakersfield,11,Taylor Caldwell,True,21,1,4,0.25,0,0,,0,0,,0,3,3,3,3,2,0,1,2
2023-01-16_csu_bakersfield_cal_st_fullerton,CSU Bakersfield,32,Garrisen Freeman,True,13,0,1,0.0,0,0,,1,2,0.5,1,1,2,3,0,1,0,0,1
2023-01-16_csu_bakersfield_cal_st_fullerton,CSU Bakersfield,13,Solmilena Herrera,True,14,0,0,,0,0,,0,0,,1,4,5,1,0,0,1,1,0
2023-01-16_csu_bakersfield_cal_st_fullerton,CSU Bakersfield,02,Morgan Edwards,False,17,4,7,0.571,3,6,0.5,2,2,1.0,1,2,3,1,0,0,0,2,13
2023-01-16_csu_bakersfield_cal_st_fullerton,CSU Bakersfield,15,Kayla Morris,False,26,4,13,0.308,0,2,0.0,3,3,1.0,2,1,3,0,1,1,3,0,11
2023-01-16_csu_bakersfield_cal_st_fullerton,CSU Bakersfield,33,Julia Riley,False,27,3,12,0.25,3,9,0.333,0,0,,2,2,4,2,0,0,1,2,9
2023-01-16_csu_bakersfield_cal_st_fullerton,CSU Bakersfield,04,Grace Hunter,False,23,3,8,0.375,0,0,,2,3,0.667,1,0,1,2,2,1,0,2,8
2023-01-16_csu_bakersfield_cal_st_fullerton,CSU Bakersfield,14,Nseije Ortiz,False,9,0,0,,0,0,,0,0,,0,0,0,0,3,1,0,0,0
2023-01-16_csu_bakersfield_cal_st_fullerton,CSU Bakersfield,TM,TEAM,False,0,0,0,,0,0,,0,0,,4,1,5,0,0,1,0,0,0
2023-01-19_uc_riverside_uc_davis,UC Davis,25,"Norris, Megan",True,29,6,7,0.857,2,3,0.667,0,0,,3,10,13,0,0,2,0,0,14
2023-01-19_uc_riverside_uc_davis,UC Davis,14,"Sabel, Tova",True,27,6,14,0.429,2,5,0.4,0,0,,1,4,5,0,0,2,0,0,14
2023-01-19_uc_riverside_uc_davis,UC Davis,15,"Turner, Evanne",True,28,4,8,0.5,1,3,0.333,0,0,,0,4,4,3,1,5,0,0,9
2023-01-19_uc_riverside_uc_davis,UC Davis,3,"Gray, Campbell",True,22,2,3,0.667,0,0,,0,0,,0,3,3,1,2,1,0,0,4
2023-01-19_uc_riverside_uc_davis,UC Davis,1,"Sussman, Tess",True,18,0,3,0.0,0,2,0.0,0,2,0.0,0,4,4,3,3,3,0,0,0
2023-01-19_uc_riverside_uc_davis,UC Davis,33,"Harris, Mazatlan",False,20,3,3,1.0,2,2,1.0,0,0,,0,3,3,0,1,1,0,1,8
2023-01-19_uc_riverside_uc_davis,UC Davis,2,"Jones, Megan",False,11,2,2,1.0,0,0,,0,0,,0,2,2,0,1,1,2,0,4
2023-01-19_uc_riverside_uc_davis,UC Davis,4,"Epps, Nya",False,11,1,2,0.5,1,2,0.5,0,0,,0,1,1,0,0,2,0,0,3
2023-01-19_uc_riverside_uc_davis,UC Davis,13,"Burns, Sydney",False,18,0,1,0.0,0,0,,2,2,1.0,1,3,4,3,5,2,0,1,2
2023-01-19_uc_riverside_uc_davis,UC Davis,23,"Baker, Victoria",False,9,1,4,0.25,0,1,0.0,0,0,,1,0,1,2,3,3,0,2,2
2023-01-19_uc_riverside_uc_davis,UC Davis,20,"Sanders, Makaila",False,7,0,1,0.0,0,1,0.0,0,0,,1,2,3,2,0,2,0,0,0
2023-01-19_uc_riverside_uc_davis,UC Davis,TM,TEAM,False,0,0,0,,0,0,,0,0,,2,0,2,0,0,1,0,0,0
2023-01-19_uc_riverside_uc_davis,UC Riverside,32,"Webster, Jordan",True,28,5,16,0.312,5,11,0.455,0,0,,0,3,3,0,1,1,0,1,15
2023-01-19_uc_riverside_uc_davis,UC Riverside,2,"Walters, Ryanne",True,33,4,7,0.571,1,2,0.5,0,0,,0,1,1,3,3,2,0,2,9
2023-01-19_uc_riverside_uc_davis,UC Riverside,1,"Bryant, Matehya",True,30,3,11,0.273,0,0,,0,0,,1,2,3,4,1,1,0,2,6
2023-01-19_uc_riverside_uc_davis,UC Riverside,13,"Finau, Mele",True,29,0,6,0.0,0,3,0.0,1,2,0.5,0,2,2,5,0,4,1,1,1
2023-01-19_uc_riverside_uc_davis,UC Riverside,22,"Atchley, Paris",True,20,0,4,0.0,0,0,,1,3,0.333,0,1,1,0,4,2,0,1,1
2023-01-19_uc_riverside_uc_davis,UC Riverside,15,"Blount, Anna",False,17,3,7,0.429,0,0,,1,1,1.0,2,3,5,2,0,1,1,1,7
2023-01-19_uc_riverside_uc_davis,UC Riverside,3,"Tillery, Zoe",False,23,2,7,0.286,1,6,0.167,0,0,,1,2,3,1,1,0,1,2,5
2023-01-19_uc_riverside_uc_davis,UC Riverside,11,"Matarranz, Esther",False,11,2,4,0.5,0,0,,0,0,,1,0,1,1,0,0,0,0,4
2023-01-19_uc_riverside_uc_davis,UC Riverside,10,"Stenberg, Julia",False,9,0,0,,0,0,,0,0,,0,0,0,1,0,0,0,0,0
2023-01-19_uc_riverside_uc_davis,UC Riverside,TM,TEAM,False,0,0,0,,0,0,,0,0,,2,1,3,0,0,0,0,0,0
2023-01-19_hawaii_uc_irvine,UC Irvine,20,"Hernandez, Hunter",True,45,7,20,0.35,1,5,0.2,4,7,0.571,2,5,7,3,2,1,0,1,19
2023-01-19_hawaii_uc_irvine,UC Irvine,24,"Dean, Nevaeh",True,15,2,5,0.4,0,0,,0,0,,1,1,2,2,0,0,1,0,4
2023-01-19_hawaii_uc_irvine,UC Irvine,03,"Tom, Nikki",True,43,0,3,0.0,0,2,0.0,3,6,0.5,2,4,6,3,2,0,0,3,3
2023-01-19_hawaii_uc_irvine,UC Irvine,13,"Lee, Deja",True,18,0,3,0.0,0,1,0.0,2,2,1.0,0,2,2,3,1,1,0,0,2
2023-01-19_hawaii_uc_irvine,UC Irvine,21,"Williams, Olivia",True,6,1,2,0.5,0,1,0.0,0,0,,0,2,2,0,0,1,1,0,2
2023-01-19_hawaii_uc_irvine,UC Irvine,23,"Konate, Diaba",False,35,4,7,0.571,0,0,,6,6,1.0,0,1,1,2,3,4,0,2,14
2023-01-19_hawaii_uc_irvine,UC Irvine,11,"Scharpf, Amelia",False,34,5,11,0.455,3,6,0.5,0,0,,0,5,5,1,0,2,0,0,13
2023-01-19_hawaii_uc_irvine,UC Irvine,32,"Parkinson, Nevaeh",False,13,5,9,0.556,0,0,,1,2,0.5,5,2,7,5,0,1,0,0,11
2023-01-19_hawaii_uc_irvine,UC Irvine,22,"Gony, Nyagoa",False,16,0,1,0.0,0,0,,3,4,0.75,1,1,2,3,0,1,0,1,3
2023-01-19_hawaii_uc_irvine,UC Irvine,TM,TEAM,False,0,0,0,,0,0,,0,0,,4,0,4,0,0,2,0,0,0
2023-01-19_hawaii_uc_irvine,Hawaii,03,"Wahinekapu, Lily",True,36,3,10,0.3,0,3,0.0,6,8,0.75,2,6,8,3,0,4,0,1,12
2023-01-19_hawaii_uc_irvine,Hawaii,11,"Spiller, Kallin",True,17,5,9,0.556,0,3,0.0,0,1,0.0,3,2,5,1,0,1,1,0,10
2023-01-19_hawaii_uc_irvine,Hawaii,23,"McBee, MeiLani",True,25,2,6,0.333,1,4,0.25,0,0,,1,0,1,2,0,0,0,1,5
2023-01-19_hawaii_uc_irvine,Hawaii,01,"Imai, Kelsie",True,20,1,4,0.25,0,2,0.0,2,4,0.5,0,1,1,4,2,1,0,2,4
2023-01-19_hawaii_uc_irvine,Hawaii,34,"David, Jacque",True,5,0,1,0.0,0,0,,1,2,0.5,0,1,1,2,0,3,0,0,1
2023-01-19_hawaii_uc_irvine,Hawaii,15,"Phillips, Daejah",False,35,4,10,0.4,0,3,0.0,5,8,0.625,1,5,6,4,4,3,0,0,13
2023-01-19_hawaii_uc_irvine,Hawaii,14,"Orji, Nnenna",False,20,5,8,0.625,0,0,,2,4,0.5,0,1,1,4,2,3,0,0,12
2023-01-19_hawaii_uc_irvine,Hawaii,04,"Lefotu, Jovi",False,29,3,7,0.429,0,0,,0,0,,3,4,7,4,1,0,1,1,6
2023-01-19_hawaii_uc_irvine,Hawaii,20,"Haire, McKenna",False,23,1,4,0.25,0,3,0.0,0,0,,1,2,3,2,0,2,0,1,2
2023-01-19_hawaii_uc_irvine,Hawaii,12,"Perez, Imani",False,8,1,1,1.0,0,0,,0,0,,1,2,3,0,1,0,0,0,2
2023-01-19_hawaii_uc_irvine,Hawaii,02,"Thoms, Ashley",False,7,0,0,,0,0,,0,0,,0,1,1,0,0,1,0,0,0
2023-01-19_hawaii_uc_irvine,Hawaii,TM,TEAM,False,0,0,0,,0,0,,0,0,,4,2,6,0,0,0,0,0,0
2023-01-19_uc_san_diego_cal_poly,Cal Poly,15,"Bourland, Sydney",True,35,3,7,0.429,1,2,0.5,2,2,1.0,2,6,8,3,2,1,0,1,9
2023-01-19_uc_san_diego_cal_poly,Cal Poly,33,"Willett, Maddie",True,30,2,7,0.286,0,3,0.0,2,2,1.0,0,1,1,3,0,3,0,0,6
2023-01-19_uc_san_diego_cal_poly,Cal Poly,02,"Shah, Annika",True,15,2,6,0.333,0,1,0.0,1,1,1.0,0,0,0,2,0,0,0,0,5
2023-01-19_uc_san_diego_cal_poly,Cal Poly,11,"Dickson, Junie",True,23,0,2,0.0,0,1,0.0,0,0,,0,2,2,2,0,1,0,1,0
2023-01-19_uc_san_diego_cal_poly,Cal Poly,30,"Garcia, Maia",True,11,0,3,0.0,0,0,,0,0,,0,3,3,2,0,0,0,0,0
2023-01-19_uc_san_diego_cal_poly,Cal Poly,24,"Toure, Oumou",False,29,7,11,0.636,0,1,0.0,6,9,0.667,3,3,6,2,0,4,0,0,20
2023-01-19_uc_san_diego_cal_poly,Cal Poly,05,"Anousinh, Jazzy",False,29,4,8,0.5,1,2,0.5,2,2,1.0,2,0,2,2,2,2,0,0,11
2023-01-19_uc_san_diego_cal_poly,Cal Poly,23,"Wu, Taylor",False,26,2,9,0.222,1,4,0.25,2,4,0.5,0,3,3,1,2,0,0,2,7
2023-01-19_uc_san_diego_cal_poly,Cal Poly,20,"Karlin, Shannon",False,1,0,0,,0,0,,0,0,,0,0,0,1,0,0,0,0,0
2023-01-19_uc_san_diego_cal_poly,Cal Poly,21,"Stajic, Andrea",False,1,0,0,,0,0,,0,0,,0,0,0,0,0,0,0,0,0
2023-01-19_uc_san_diego_cal_poly,Cal Poly,TM,TEAM,False,0,0,0,,0,0,,0,0,,3,1,4,0,0,0,0,0,0
2023-01-19_uc_san_diego_cal_poly,UC San Diego,10,"Macabuhay, Julia",True,17,6,7,0.857,2,3,0.667,4,4,1.0,0,1,1,0,1,1,1,1,18
2023-01-19_uc_san_diego_cal_poly,UC San Diego,13,"Brown, Sydney",True,22,3,7,0.429,2,2,1.0,2,2,1.0,3,3,6,4,1,2,0,1,10
2023-01-19_uc_san_diego_cal_poly,UC San Diego,20,"Forsyth, Izzy",True,19,3,6,0.5,1,3,0.333,3,4,0.75,0,2,2,4,2,1,0,0,10
2023-01-19_uc_san_diego_cal_poly,UC San Diego,04,"Cangelosi, Emily",True,35,3,7,0.429,2,5,0.4,0,0,,0,3,3,0,1,1,1,2,8
2023-01-19_uc_san_diego_cal_poly,UC San Diego,32,"Montgomery, Parker",True,35,2,8,0.25,1,5,0.2,0,0,,1,5,6,1,3,0,1,2,5
2023-01-19_uc_san_diego_cal_poly,UC San Diego,25,"Mahan, Junaé",False,15,1,4,0.25,0,2,0.0,4,6,0.667,0,1,1,1,0,3,0,0,6
2023-01-19_uc_san_diego_cal_poly,UC San Diego,24,"Mullings, Bridget",False,13,2,5,0.4,0,1,0.0,2,2,1.0,4,3,7,4,1,2,0,0,6
2023-01-19_uc_san_diego_cal_poly,UC San Diego,23,"Thompson, Courtni",False,22,0,1,0.0,0,1,0.0,4,4,1.0,0,4,4,2,3,1,0,0,4
2023-01-19_uc_san_diego_cal_poly,UC San Diego,12,"Baxter, Madison",False,17,1,4,0.25,1,3,0.333,0,0,,0,0,0,2,1,1,0,0,3
2023-01-19_uc_san_diego_cal_poly,UC San Diego,35,"Springs, Katie",False,3,0,0,,0,0,,0,0,,1,1,2,0,0,0,0,0,0
2023-01-19_uc_san_diego_cal_poly,UC San Diego,02,"Talbot, Grace",False,1,0,0,,0,0,,0,0,,0,0,0,0,0,0,0,0,0
2023-01-19_uc_san_diego_cal_poly,UC San Diego,05,"Louther, Gabby",False,1,0,0,,0,0,,0,0,,0,0,0,0,0,0,0,0,0
2023-01-19_uc_san_diego_cal_poly,UC San Diego,TM,TEAM,False,0,0,0,,0,0,,0,0,,0,1,1,0,0,0,0,0,0
2023-01-19_csun_uc_santa_barbara,UC Santa Barbara,2,"Tucker, Alexis",True,30,6,12,0.5,0,1,0.0,6,6,1.0,0,8,8,1,0,1,0,3,18
2023-01-19_csun_uc_santa_barbara,UC Santa Barbara,31,"Lane, Ila",True,28,4,7,0.571,0,0,,1,2,0.5,1,4,5,1,0,2,4,1,9
2023-01-19_csun_uc_santa_barbara,UC Santa Barbara,3,"Marin, Alyssa",True,21,1,4,0.25,0,1,0.0,5,5,1.0,0,1,1,0,2,0,0,1,7
2023-01-19_csun_uc_santa_barbara,UC Santa Barbara,10,"Choice, Anya",True,26,2,4,0.5,0,1,0.0,2,4,0.5,0,2,2,3,4,3,0,0,6
2023-01-19_csun_uc_santa_barbara,UC Santa Barbara,12,"Mole, Taylor",True,13,0,2,0.0,0,1,0.0,1,2,0.5,0,2,2,0,0,2,0,0,1
2023-01-19_csun_uc_santa_barbara,UC Santa Barbara,32,"Grant, Jessica",False,23,4,10,0.4,4,10,0.4,0,0,,0,1,1,0,1,1,0,0,12
2023-01-19_csun_uc_santa_barbara,UC Santa Barbara,23,"Whitfield, Alexis",False,20,4,7,0.571,0,0,,3,5,0.6,3,6,9,2,1,1,0,3,11
2023-01-19_csun_uc_santa_barbara,UC Santa Barbara,5,"Cooper, Callie",False,30,3,4,0.75,0,0,,0,0,,1,6,7,4,7,2,0,4,6
2023-01-19_csun_uc_santa_barbara,UC Santa Barbara,21,"Johnson, Kennedy",False,8,0,1,0.0,0,0,,0,0,,1,2,3,0,0,1,0,0,0
2023-01-19_csun_uc_santa_barbara,UC Santa Barbara,4,"Hutchens, Kathleen",False,1,0,0,,0,0,,0,0,,0,0,0,0,0,0,0,0,0
2023-01-19_csun_uc_santa_barbara,UC Santa Barbara,TM,TEAM,False,0,0,0,,0,0,,0,0,,3,3,6,0,0,1,0,0,0
2023-01-19_csun_uc_santa_barbara,CSUN,15,"Amundsen, Tess",True,29,6,11,0.545,2,3,0.667,1,2,0.5,0,3,3,3,1,3,0,2,15
2023-01-19_csun_uc_santa_barbara,CSUN,21,"Tu'ua, Anaiyah",True,27,3,10,0.3,3,3,1.0,0,0,,1,4,5,0,3,1,0,1,9
2023-01-19_csun_uc_santa_barbara,CSUN,1,"Jackson, Jordyn",True,31,2,15,0.133,0,2,0.0,3,3,1.0,1,6,7,3,4,6,0,3,7
2023-01-19_csun_uc_santa_barbara,CSUN,34,"Spriggs, Kayanna",True,15,1,4,0.25,0,0,,1,2,0.5,4,1,5,2,0,1,0,0,3
2023-01-19_csun_uc_santa_barbara,CSUN,5,"Duchemin, Michelle",True,20,0,4,0.0,0,0,,0,0,,0,4,4,2,1,1,3,0,0
2023-01-19_csun_uc_santa_barbara,CSUN,00,"Williams, De’jah",False,13,2,5,0.4,0,0,,0,0,,0,2,2,0,0,0,0,0,4
2023-01-19_csun_uc_santa_barbara,CSUN,25,"Amundsen, Laney",False,15,1,3,0.333,1,2,0.5,0,0,,0,0,0,3,0,1,0,0,3
2023-01-19_csun_uc_santa_barbara,CSUN,10,"de Jesus , Ana Carolina",False,13,1,6,0.167,0,0,,0,0,,1,2,3,2,0,1,0,0,2
2023-01-19_csun_uc_santa_barbara,CSUN,13,"Fourie, Rochelle",False,4,1,1,1.0,0,0,,0,0,,0,1,1,1,0,0,0,0,2
2023-01-19_csun_uc_santa_barbara,CSUN,24,"Smith, Macy",False,17,0,2,0.0,0,2,0.0,0,0,,2,0,2,1,2,0,0,0,0
2023-01-19_csun_uc_santa_barbara,CSUN,45,"Nikishina , Arina",False,9,0,1,0.0,0,0,,0,0,,0,0,0,0,0,1,0,0,0
2023-01-19_csun_uc_santa_barbara,CSUN,4,"Harvey, Rachel",False,5,0,0,,0,0,,0,0,,0,0,0,1,0,0,0,1,0
2023-01-19_csun_uc_santa_barbara,CSUN,11,"Smith, Olivia",False,2,0,0,,0,0,,0,0,,0,0,0,1,0,0,0,0,0
2023-01-19_csun_uc_santa_barbara,CSUN,TM,TEAM,False,0,0,0,,0,0,,0,0,,2,0,2,0,0,0,0,0,0
2023-01-19_cal_st_fullerton_long_beach_st,Long Beach St.,01,Malia Bambrick,True,29,9,13,0.692,3,5,0.6,0,0,,0,2,2,0,1,3,0,2,21
2023-01-19_cal_st_fullerton_long_beach_st,Long Beach St.,00,Ma'Qhi Berry,True,26,4,5,0.8,0,0,,2,2,1.0,0,3,3,0,6,1,0,3,10
2023-01-19_cal_st_fullerton_long_beach_st,Long Beach St.,25,Kianna Hamilton-Fish,True,23,3,3,1.0,2,2,1.0,0,0,,1,2,3,1,2,2,0,0,8
2023-01-19_cal_st_fullerton_long_beach_st,Long Beach St.,12,Tori Harris,True,28,3,9,0.333,1,4,0.25,0,0,,0,2,2,2,1,1,0,1,7
2023-01-19_cal_st_fullerton_long_beach_st,Long Beach St.,11,Kristyna Jeskeova,True,22,1,2,0.5,0,1,0.0,1,2,0.5,0,6,6,1,0,2,0,4,3
2023-01-19_cal_st_fullerton_long_beach_st,Long Beach St.,33,Courtney Murphy,False,19,5,9,0.556,0,4,0.0,0,0,,1,2,3,2,1,1,0,1,10
2023-01-19_cal_st_fullerton_long_beach_st,Long Beach St.,21,Abby Shoff,False,15,2,4,0.5,0,0,,0,0,,1,1,2,1,0,1,0,0,4
2023-01-19_cal_st_fullerton_long_beach_st,Long Beach St.,23,Lauren Green,False,11,1,1,1.0,0,0,,1,2,0.5,2,0,2,3,1,0,1,0,3
2023-01-19_cal_st_fullerton_long_beach_st,Long Beach St.,05,Kennan Ka,False,15,1,4,0.25,0,2,0.0,0,0,,1,1,2,0,0,1,0,1,2
2023-01-19_cal_st_fullerton_long_beach_st,Long Beach St.,03,Patricia Chung,False,12,1,1,1.0,0,0,,0,0,,0,1,1,1,1,1,0,0,2
2023-01-19_cal_st_fullerton_long_beach_st,Long Beach St.,TM,TEAM,False,0,0,0,,0,0,,0,0,,0,2,2,0,0,1,0,0,0
2023-01-19_cal_st_fullerton_long_beach_st,Cal St. Fullerton,55,"Nimmo, Fujika",True,32,2,7,0.286,1,4,0.25,3,4,0.75,3,3,6,3,3,6,0,0,8
2023-01-19_cal_st_fullerton_long_beach_st,Cal St. Fullerton,05,"Jovanovic, Una",True,34,3,8,0.375,0,2,0.0,0,0,,0,2,2,0,3,3,0,3,6
2023-01-19_cal_st_fullerton_long_beach_st,Cal St. Fullerton,11,"MacDonald, Ruby",True,31,2,5,0.4,1,2,0.5,0,0,,0,3,3,0,4,0,0,1,5
2023-01-19_cal_st_fullerton_long_beach_st,Cal St. Fullerton,32,"Lewis, Ashlee",True,10,1,4,0.25,0,0,,1,1,1.0,0,1,1,1,0,2,0,0,3
2023-01-19_cal_st_fullerton_long_beach_st,Cal St. Fullerton,04,"Vidmar, Gabi",True,35,0,3,0.0,0,1,0.0,0,0,,2,1,3,2,3,4,0,1,0
2023-01-19_cal_st_fullerton_long_beach_st,Cal St. Fullerton,13,"Hernandez, Aixchel",False,23,10,12,0.833,0,0,,0,1,0.0,0,4,4,1,0,3,1,0,20
2023-01-19_cal_st_fullerton_long_beach_st,Cal St. Fullerton,10,"Lagway, Demonnie",False,12,0,3,0.0,0,1,0.0,0,0,,1,0,1,0,0,2,0,0,0
2023-01-19_cal_st_fullerton_long_beach_st,Cal St. Fullerton,21,"Tse, Allysan",False,10,0,2,0.0,0,2,0.0,0,0,,0,0,0,1,0,1,0,0,0
2023-01-19_cal_st_fullerton_long_beach_st,Cal St. Fullerton,00,"Frey, Anniken",False,8,0,0,,0,0,,0,0,,0,0,0,1,0,1,0,0,0
2023-01-19_cal_st_fullerton_long_beach_st,Cal St. Fullerton,01,Nancy Panagiotopoulo,False,4,0,1,0.0,0,0,,0,0,,0,0,0,0,0,0,0,0,0
2023-01-19_cal_st_fullerton_long_beach_st,Cal St. Fullerton,22,"Morgan, Josie",False,1,0,1,0.0,0,1,0.0,0,0,,0,0,0,0,0,0,0,0,0
2023-01-19_cal_st_fullerton_long_beach_st,Cal St. Fullerton,TM,TEAM,False,0,0,0,,0,0,,0,0,,1,1,2,0,0,1,0,0,0
2023-01-21_cal_poly_uc_davis,UC Davis,15,"Turner, Evanne",True,25,8,14,0.571,4,8,0.5,0,0,,2,0,2,2,0,0,1,0,20
2023-01-21_cal_poly_uc_davis,UC Davis,25,"Norris, Megan",True,32,5,5,1.0,0,0,,4,5,0.8,0,9,9,2,4,5,4,1,14
2023-01-21_cal_poly_uc_davis,UC Davis,14,"Sabel, Tova",True,23,6,10,0.6,1,2,0.5,0,0,,3,6,9,2,3,1,0,1,13
2023-01-21_cal_poly_uc_davis,UC Davis,1,"Sussman, Tess",True,22,1,5,0.2,0,2,0.0,1,2,0.5,0,1,1,0,5,1,0,0,3
2023-01-21_cal_poly_uc_davis,UC Davis,3,"Gray, Campbell",True,25,0,2,0.0,0,1,0.0,0,0,,0,3,3,0,4,1,0,0,0
2023-01-21_cal_poly_uc_davis,UC Davis,4,"Epps, Nya",False,12,4,6,0.667,1,2,0.5,0,0,,0,1,1,2,1,2,0,0,9
2023-01-21_cal_poly_uc_davis,UC Davis,20,"Sanders, Makaila",False,17,2,3,0.667,1,2,0.5,0,0,,0,1,1,2,1,0,0,0,5
2023-01-21_cal_poly_uc_davis,UC Davis,33,"Harris, Mazatlan",False,15,2,2,1.0,1,1,1.0,0,0,,0,1,1,2,1,0,0,0,5
2023-01-21_cal_poly_uc_davis,UC Davis,23,"Baker, Victoria",False,7,2,2,1.0,0,0,,1,2,0.5,0,0,0,4,0,0,0,0,5
2023-01-21_cal_poly_uc_davis,UC Davis,13,"Burns, Sydney",False,16,0,2,0.0,0,2,0.0,0,0,,0,3,3,2,4,1,0,2,0
2023-01-21_cal_poly_uc_davis,UC Davis,2,"Jones, Megan",False,6,0,0,,0,0,,0,0,,0,0,0,1,0,0,0,0,0
2023-01-21_cal_poly_uc_davis,UC Davis,TM,TEAM,False,0,0,0,,0,0,,0,0,,1,6,7,0,0,0,0,0,0
2023-01-21_cal_poly_uc_davis,Cal Poly,2,"Shah, Annika",True,32,3,16,0.188,3,8,0.375,4,4,1.0,0,2,2,2,6,0,0,0,13
2023-01-21_cal_poly_uc_davis,Cal Poly,33,"Willett, Maddie",True,32,1,12,0.083,1,5,0.2,4,4,1.0,4,4,8,3,0,2,0,1,7
2023-01-21_cal_poly_uc_davis,Cal Poly,15,"Bourland, Sydney",True,27,3,7,0.429,0,0,,0,3,0.0,3,2,5,1,1,0,0,2,6
2023-01-21_cal_poly_uc_davis,Cal Poly,5,"Anousinh, Jazzy",True,34,1,7,0.143,1,3,0.333,1,4,0.25,0,3,3,2,1,1,0,2,4
2023-01-21_cal_poly_uc_davis,Cal Poly,21,"Stajic, Andrea",True,11,1,1,1.0,1,1,1.0,0,0,,3,2,5,1,0,1,0,0,3
2023-01-21_cal_poly_uc_davis,Cal Poly,30,"Garcia, Maia",False,22,4,6,0.667,1,1,1.0,0,0,,2,1,3,1,0,1,0,0,9
2023-01-21_cal_poly_uc_davis,Cal Poly,23,"Wu, Taylor",False,23,1,4,0.25,1,3,0.333,2,2,1.0,0,0,0,0,1,1,0,0,5
2023-01-21_cal_poly_uc_davis,Cal Poly,24,"Toure, Oumou",False,16,0,6,0.0,0,0,,5,6,0.833,2,3,5,3,0,2,0,0,5
2023-01-21_cal_poly_uc_davis,Cal Poly,20,"Karlin, Shannon",False,3,0,0,,0,0,,0,0,,0,1,1,1,0,0,0,0,0
2023-01-21_cal_poly_uc_davis,Cal Poly,TM,TEAM,False,0,0,0,,0,0,,0,0,,4,0,4,0,0,0,0,0,0
2023-01-21_hawaii_uc_riverside,UC Riverside,32,"Webster, Jordan",True,34,4,10,0.4,2,7,0.286,0,0,,1,7,8,3,1,1,0,2,10
2023-01-21_hawaii_uc_riverside,UC Riverside,01,"Bryant, Matehya",True,24,4,9,0.444,0,1,0.0,2,6,0.333,2,2,4,2,0,1,0,1,10
2023-01-21_hawaii_uc_riverside,UC Riverside,13,"Finau, Mele",True,30,3,8,0.375,2,6,0.333,1,2,0.5,1,5,6,3,2,2,1,1,9
2023-01-21_hawaii_uc_riverside,UC Riverside,22,"Atchley, Paris",True,29,2,6,0.333,1,3,0.333,0,2,0.0,0,3,3,2,1,1,0,0,5
2023-01-21_hawaii_uc_riverside,UC Riverside,02,"Walters, RyAnne",True,22,1,5,0.2,0,2,0.0,0,0,,0,1,1,4,4,0,0,1,2
2023-01-21_hawaii_uc_riverside,UC Riverside,15,"Blount, Anna",False,14,3,5,0.6,0,0,,4,4,1.0,0,1,1,1,0,4,0,1,10
2023-01-21_hawaii_uc_riverside,UC Riverside,03,"Tillery, Zoe",False,32,2,8,0.25,0,4,0.0,1,2,0.5,0,4,4,1,1,3,0,0,5
2023-01-21_hawaii_uc_riverside,UC Riverside,10,"Stenberg, Julia",False,10,0,0,,0,0,,0,0,,0,0,0,0,0,0,0,0,0
2023-01-21_hawaii_uc_riverside,UC Riverside,11,"Matarranz, Esther",False,5,0,0,,0,0,,0,0,,0,0,0,0,0,0,0,0,0
2023-01-21_hawaii_uc_riverside,UC Riverside,TM,TEAM,False,0,0,0,,0,0,,0,0,,0,0,0,0,0,0,0,0,0
2023-01-21_hawaii_uc_riverside,Hawaii,03,"Wahinekapu, Lily",True,35,5,14,0.357,1,5,0.2,3,5,0.6,1,9,10,4,4,6,0,4,14
2023-01-21_hawaii_uc_riverside,Hawaii,11,"Spiller, Kallin",True,17,5,7,0.714,0,0,,0,0,,2,5,7,1,0,0,1,0,10
2023-01-21_hawaii_uc_riverside,Hawaii,34,"David, Jacque",True,21,4,8,0.5,0,2,0.0,1,2,0.5,1,3,4,1,0,1,0,0,9
2023-01-21_hawaii_uc_riverside,Hawaii,23,"McBee, MeiLani",True,20,2,2,1.0,1,1,1.0,1,3,0.333,0,0,0,1,2,1,0,1,6
2023-01-21_hawaii_uc_riverside,Hawaii,01,"Imai, Kelsie",True,23,1,2,0.5,0,1,0.0,0,0,,0,2,2,2,1,4,0,0,2
2023-01-21_hawaii_uc_riverside,Hawaii,04,"Lefotu, Jovi",False,21,3,6,0.5,0,0,,1,2,0.5,0,2,2,1,2,0,0,0,7
2023-01-21_hawaii_uc_riverside,Hawaii,15,"Phillips, Daejah",False,29,2,6,0.333,0,2,0.0,2,4,0.5,0,2,2,1,3,1,0,1,6
2023-01-21_hawaii_uc_riverside,Hawaii,12,"Perez, Imani",False,14,0,1,0.0,0,0,,1,2,0.5,1,3,4,4,0,1,0,0,1
2023-01-21_hawaii_uc_riverside,Hawaii,20,"Haire, McKenna",False,16,0,0,,0,0,,0,0,,0,0,0,0,0,0,0,0,0
2023-01-21_hawaii_uc_riverside,Hawaii,02,"Thoms, Ashley",False,4,0,0,,0,0,,0,0,,0,0,0,1,0,2,0,0,0
2023-01-21_hawaii_uc_riverside,Hawaii,TM,TEAM,False,0,0,0,,0,0,,0,0,,1,4,5,0,0,1,0,0,0
2023-01-21_long_beach_st_uc_san_diego,UC San Diego,20,"Forsyth, Izzy",True,27,6,9,0.667,0,1,0.0,0,0,,1,2,3,0,1,3,0,1,12
2023-01-21_long_beach_st_uc_san_diego,UC San Diego,4,"Cangelosi, Emily",True,26,3,7,0.429,2,6,0.333,2,2,1.0,2,0,2,1,2,2,0,0,10
2023-01-21_long_beach_st_uc_san_diego,UC San Diego,32,"Montgomery, Parker",True,23,2,7,0.286,2,4,0.5,2,5,0.4,0,2,2,2,0,5,0,2,8
2023-01-21_long_beach_st_uc_san_diego,UC San Diego,13,"Brown, Sydney",True,26,2,7,0.286,0,3,0.0,3,3,1.0,4,6,10,0,3,5,0,0,7
2023-01-21_long_beach_st_uc_san_diego,UC San Diego,10,"Macabuhay, Julia",True,8,0,1,0.0,0,0,,0,0,,0,0,0,2,1,1,0,0,0
2023-01-21_long_beach_st_uc_san_diego,UC San Diego,12,"Baxter, Madison",False,13,2,5,0.4,2,4,0.5,0,2,0.0,0,2,2,2,0,1,0,0,6
2023-01-21_long_beach_st_uc_san_diego,UC San Diego,25,"Mahan, Junae",False,21,1,3,0.333,0,1,0.0,2,2,1.0,0,2,2,1,3,2,0,1,4
2023-01-21_long_beach_st_uc_san_diego,UC San Diego,5,"Louther, Gabby",False,12,1,5,0.2,0,3,0.0,0,0,,0,1,1,0,0,1,0,0,2
2023-01-21_long_beach_st_uc_san_diego,UC San Diego,24,"Mullings, Bridget",False,9,1,2,0.5,0,0,,0,0,,1,1,2,1,0,0,0,1,2
2023-01-21_long_beach_st_uc_san_diego,UC San Diego,23,"Thompson, Courtni",False,21,0,0,,0,0,,1,2,0.5,0,3,3,2,2,2,0,0,1
2023-01-21_long_beach_st_uc_san_diego,UC San Diego,2,"Talbot, Grace",False,9,0,3,0.0,0,2,0.0,0,0,,0,0,0,2,1,0,0,0,0
2023-01-21_long_beach_st_uc_san_diego,UC San Diego,35,"Springs, Katie",False,5,0,3,0.0,0,0,,0,0,,2,2,4,0,0,0,1,1,0
2023-01-21_long_beach_st_uc_san_diego,UC San Diego,TM,TEAM,False,0,0,0,,0,0,,0,0,,1,1,2,0,0,1,0,0,0
2023-01-21_long_beach_st_uc_san_diego,Long Beach St.,12,"Harris , Tori",True,35,9,14,0.643,3,7,0.429,11,12,0.917,2,2,4,2,2,2,0,3,32
2023-01-21_long_beach_st_uc_san_diego,Long Beach St.,1,"Bambrick, Malia",True,35,7,13,0.538,0,2,0.0,0,0,,0,5,5,1,3,1,0,3,14
2023-01-21_long_beach_st_uc_san_diego,Long Beach St.,11,"Jeskeova, Kristyna",True,28,3,7,0.429,0,2,0.0,2,2,1.0,0,4,4,4,1,3,0,2,8
2023-01-21_long_beach_st_uc_san_diego,Long Beach St.,25,"Hamilton-fisher, Kianna",True,13,1,2,0.5,0,0,,2,2,1.0,0,0,0,3,1,1,1,1,4
2023-01-21_long_beach_st_uc_san_diego,Long Beach St.,00,"Berry, Ma'qhi",True,15,1,1,1.0,0,0,,1,2,0.5,0,1,1,3,1,3,0,1,3
2023-01-21_long_beach_st_uc_san_diego,Long Beach St.,3,"Chung, Patricia",False,15,2,6,0.333,0,0,,1,1,1.0,0,2,2,1,0,2,0,1,5
2023-01-21_long_beach_st_uc_san_diego,Long Beach St.,23,"Green, Lauren",False,13,1,2,0.5,0,0,,0,0,,1,2,3,2,0,0,0,0,2
2023-01-21_long_beach_st_uc_san_diego,Long Beach St.,21,"Shoff, Abby",False,8,1,3,0.333,0,1,0.0,0,0,,1,2,3,2,0,2,0,0,2
2023-01-21_long_beach_st_uc_san_diego,Long Beach St.,5,"Ka, Kennan",False,24,0,2,0.0,0,1,0.0,0,0,,2,2,4,0,2,1,2,3,0
2023-01-21_long_beach_st_uc_san_diego,Long Beach St.,33,"Murphy, Courtney",False,14,0,2,0.0,0,1,0.0,0,0,,0,3,3,2,0,1,0,0,0
2023-01-21_long_beach_st_uc_san_diego,Long Beach St.,TM,TEAM,False,0,0,0,,0,0,,0,0,,0,1,1,0,0,0,0,0,0
2023-01-21_csu_bakersfield_uc_santa_barbara,UC Santa Barbara,02,"Tucker, Alexis",True,32,6,11,0.545,1,1,1.0,2,4,0.5,2,2,4,2,0,4,0,0,15
2023-01-21_csu_bakersfield_uc_santa_barbara,UC Santa Barbara,31,"Lane, Ila",True,33,5,8,0.625,0,0,,4,6,0.667,1,7,8,1,0,2,2,2,14
2023-01-21_csu_bakersfield_uc_santa_barbara,UC Santa Barbara,10,"Choice, Anya",True,32,3,8,0.375,0,2,0.0,2,2,1.0,2,3,5,3,1,6,1,1,8
2023-01-21_csu_bakersfield_uc_santa_barbara,UC Santa Barbara,03,"Marin, Alyssa",True,21,3,4,0.75,1,1,1.0,1,2,0.5,0,1,1,3,0,2,0,1,8
2023-01-21_csu_bakersfield_uc_santa_barbara,UC Santa Barbara,12,"Mole, Taylor",True,20,2,5,0.4,1,2,0.5,0,0,,0,4,4,0,0,0,0,2,5
2023-01-21_csu_bakersfield_uc_santa_barbara,UC Santa Barbara,05,"Cooper, Callie",False,30,1,5,0.2,0,2,0.0,0,0,,1,3,4,2,6,1,0,4,2
2023-01-21_csu_bakersfield_uc_santa_barbara,UC Santa Barbara,23,"Whitfield, Alexis",False,13,1,4,0.25,0,0,,0,0,,0,2,2,1,0,1,0,0,2
2023-01-21_csu_bakersfield_uc_santa_barbara,UC Santa Barbara,32,"Grant, Jessica",False,13,1,2,0.5,0,1,0.0,0,0,,0,1,1,0,0,1,0,0,2
2023-01-21_csu_bakersfield_uc_santa_barbara,UC Santa Barbara,13,"Modawar, Tatyana",False,3,0,0,,0,0,,0,0,,0,0,0,0,0,0,0,0,0
2023-01-21_csu_bakersfield_uc_santa_barbara,UC Santa Barbara,21,"Johnson, Kennedy",False,3,0,1,0.0,0,1,0.0,0,0,,0,0,0,0,0,1,0,0,0
2023-01-21_csu_bakersfield_uc_santa_barbara,UC Santa Barbara,TM,TEAM,False,0,0,0,,0,0,,0,0,,0,3,3,0,0,0,0,0,0
2023-01-21_csu_bakersfield_uc_santa_barbara,CSU Bakersfield,11,"Caldwell, Taylor",True,33,6,12,0.5,1,2,0.5,0,0,,0,2,2,2,4,2,1,1,13
2023-01-21_csu_bakersfield_uc_santa_barbara,CSU Bakersfield,05,"Tougas, Sophia",True,35,3,10,0.3,2,5,0.4,4,4,1.0,1,2,3,2,0,2,0,1,12
2023-01-21_csu_bakersfield_uc_santa_barbara,CSU Bakersfield,13,"Herrera, Solmilena",True,19,2,4,0.5,0,0,,0,0,,2,2,4,4,0,2,0,2,4
2023-01-21_csu_bakersfield_uc_santa_barbara,CSU Bakersfield,00,"Johnson, Simone",True,25,1,6,0.167,1,3,0.333,0,0,,2,3,5,2,2,2,0,3,3
2023-01-21_csu_bakersfield_uc_santa_barbara,CSU Bakersfield,32,"Freeman, Garrisen",True,25,1,4,0.25,0,2,0.0,0,0,,0,3,3,4,0,1,0,0,2
2023-01-21_csu_bakersfield_uc_santa_barbara,CSU Bakersfield,15,"Morris, Kayla",False,20,4,7,0.571,1,3,0.333,2,4,0.5,2,4,6,3,1,4,2,2,11
2023-01-21_csu_bakersfield_uc_santa_barbara,CSU Bakersfield,04,"Hunter, Grace",False,23,1,8,0.125,0,1,0.0,2,2,1.0,1,0,1,2,2,2,0,2,4
2023-01-21_csu_bakersfield_uc_santa_barbara,CSU Bakersfield,33,"Riley, Julia",False,13,1,2,0.5,1,2,0.5,0,0,,0,4,4,0,0,0,0,1,3
2023-01-21_csu_bakersfield_uc_santa_barbara,CSU Bakersfield,02,"Edwards, Morgan",False,5,0,2,0.0,0,1,0.0,0,0,,0,0,0,2,0,0,0,0,0
2023-01-21_csu_bakersfield_uc_santa_barbara,CSU Bakersfield,14,"Ortiz, Nseije",False,2,0,0,,0,0,,0,0,,0,0,0,0,0,0,0,0,0
2023-01-21_csu_bakersfield_uc_santa_barbara,CSU Bakersfield,TM,TEAM,False,0,0,0,,0,0,,0,0,,1,1,2,0,0,1,0,0,0
2023-01-21_cal_st_fullerton_csun,CSUN,15,Tess Amundsen,True,32,5,12,0.417,2,4,0.5,3,4,0.75,1,2,3,3,2,1,0,1,15
2023-01-21_cal_st_fullerton_csun,CSUN,34,Kayanna Spriggs,True,25,5,5,1.0,0,0,,3,4,0.75,1,4,5,2,0,2,0,0,13
2023-01-21_cal_st_fullerton_csun,CSUN,01,Jordyn Jackson,True,33,4,8,0.5,1,3,0.333,0,0,,1,4,5,4,5,2,0,1,9
2023-01-21_cal_st_fullerton_csun,CSUN,05,Michelle Duchemin,True,25,2,6,0.333,2,3,0.667,2,2,1.0,0,2,2,4,2,2,0,0,8
2023-01-21_cal_st_fullerton_csun,CSUN,21,Anaiyah Tu'ua,True,37,1,5,0.2,1,3,0.333,2,2,1.0,2,3,5,2,1,4,0,1,5
2023-01-21_cal_st_fullerton_csun,CSUN,00,De'jah Williams,False,11,3,3,1.0,0,0,,0,0,,0,1,1,3,1,0,0,1,6
2023-01-21_cal_st_fullerton_csun,CSUN,10,Ana Carolina De Jesu,False,11,3,3,1.0,0,0,,0,0,,1,2,3,3,2,2,0,0,6
2023-01-21_cal_st_fullerton_csun,CSUN,24,Macy Smith,False,11,1,2,0.5,1,2,0.5,2,2,1.0,0,2,2,1,2,0,0,0,5
2023-01-21_cal_st_fullerton_csun,CSUN,25,Laney Amundsen,False,9,0,1,0.0,0,1,0.0,0,0,,0,0,0,1,0,0,0,0,0
2023-01-21_cal_st_fullerton_csun,CSUN,04,Rachel Harvey,False,5,0,0,,0,0,,0,0,,0,0,0,1,0,1,0,0,0
2023-01-21_cal_st_fullerton_csun,CSUN,11,Olivia Smith,False,1,0,0,,0,0,,0,0,,0,0,0,0,0,0,0,0,0
2023-01-21_cal_st_fullerton_csun,CSUN,TM,TEAM,False,0,0,0,,0,0,,0,0,,1,1,2,0,0,1,0,0,0
2023-01-21_cal_st_fullerton_csun,Cal St. Fullerton,55,"Nimmo, Fujika",True,40,7,13,0.538,0,2,0.0,7,8,0.875,2,1,3,2,3,2,0,1,21
2023-01-21_cal_st_fullerton_csun,Cal St. Fullerton,05,"Jovanovic, Una",True,40,7,12,0.583,2,3,0.667,1,1,1.0,0,1,1,0,3,2,0,2,17
2023-01-21_cal_st_fullerton_csun,Cal St. Fullerton,13,"Hernandez, Aixchel",True,38,4,9,0.444,0,0,,1,2,0.5,1,4,5,3,1,2,0,0,9
2023-01-21_cal_st_fullerton_csun,Cal St. Fullerton,04,"Vidmar, Gabi",True,40,3,9,0.333,2,7,0.286,0,0,,3,2,5,2,2,1,1,2,8
2023-01-21_cal_st_fullerton_csun,Cal St. Fullerton,32,"Lewis, Ashlee",True,18,4,5,0.8,0,0,,0,2,0.0,1,3,4,3,1,3,0,0,8
2023-01-21_cal_st_fullerton_csun,Cal St. Fullerton,10,"Lagway, Demonnie",False,22,2,5,0.4,0,1,0.0,3,3,1.0,1,2,3,2,0,0,0,0,7
2023-01-21_cal_st_fullerton_csun,Cal St. Fullerton,01,Nancy Panagiotopoulo,False,2,0,0,,0,0,,0,0,,0,0,0,0,0,0,0,0,0
2023-01-21_cal_st_fullerton_csun,Cal St. Fullerton,TM,TEAM,False,0,0,0,,0,0,,0,0,,0,1,1,0,0,1,0,0,0
2023-01-26_uc_davis_csu_bakersfield,CSU Bakersfield,00,"Johnson, Simone",True,29,3,9,0.333,1,4,0.25,0,2,0.0,0,2,2,1,1,0,0,2,7
2023-01-26_uc_davis_csu_bakersfield,CSU Bakersfield,04,"Hunter, Grace",True,27,3,10,0.3,1,4,0.25,0,0,,0,0,0,2,5,3,1,0,7
2023-01-26_uc_davis_csu_bakersfield,CSU Bakersfield,13,"Herrera, Solmilena",True,18,3,9,0.333,0,0,,1,3,0.333,1,2,3,4,0,1,0,1,7
2023-01-26_uc_davis_csu_bakersfield,CSU Bakersfield,32,"Freeman, Garrisen",True,24,2,5,0.4,0,0,,0,0,,1,1,2,2,0,0,0,0,4
2023-01-26_uc_davis_csu_bakersfield,CSU Bakersfield,02,"Edwards, Morgan",True,22,0,4,0.0,0,1,0.0,0,0,,1,1,2,0,0,0,0,0,0
2023-01-26_uc_davis_csu_bakersfield,CSU Bakersfield,14,"Ortiz, Nseije",False,31,5,7,0.714,3,4,0.75,0,0,,1,5,6,1,3,5,0,4,13
2023-01-26_uc_davis_csu_bakersfield,CSU Bakersfield,03,"van Schaik, Hennie",False,26,3,6,0.5,1,1,1.0,4,4,1.0,1,5,6,2,2,4,0,0,11
2023-01-26_uc_davis_csu_bakersfield,CSU Bakersfield,33,"Riley, Julia",False,23,3,6,0.5,1,3,0.333,1,1,1.0,0,3,3,1,0,1,1,0,8
2023-01-26_uc_davis_csu_bakersfield,CSU Bakersfield,TM,TEAM,False,0,0,0,,0,0,,0,0,,5,1,6,0,0,0,0,0,0
2023-01-26_uc_davis_csu_bakersfield,UC Davis,25,"Norris, Megan",True,19,4,7,0.571,1,1,1.0,6,6,1.0,2,3,5,2,1,1,2,0,15
2023-01-26_uc_davis_csu_bakersfield,UC Davis,01,"Sussman, Tess",True,24,4,6,0.667,3,5,0.6,0,0,,1,4,5,0,1,1,0,2,11
2023-01-26_uc_davis_csu_bakersfield,UC Davis,15,"Turner, Evanne",True,25,3,11,0.273,2,9,0.222,0,0,,1,5,6,1,2,0,1,0,8
2023-01-26_uc_davis_csu_bakersfield,UC Davis,03,"Gray, Campbell",True,19,0,2,0.0,0,0,,0,0,,0,0,0,1,1,1,0,1,0
2023-01-26_uc_davis_csu_bakersfield,UC Davis,14,"Sabel, Tova",True,8,0,3,0.0,0,2,0.0,0,0,,1,0,1,1,1,1,0,0,0
2023-01-26_uc_davis_csu_bakersfield,UC Davis,23,"Baker, Victoria",False,15,6,9,0.667,1,2,0.5,3,3,1.0,3,1,4,2,0,0,0,1,16
2023-01-26_uc_davis_csu_bakersfield,UC Davis,04,"Epps, Nya",False,18,3,6,0.5,1,3,0.333,0,0,,0,2,2,3,3,1,0,2,7
2023-01-26_uc_davis_csu_bakersfield,UC Davis,20,"Sanders, Makaila",False,15,2,3,0.667,2,3,0.667,1,2,0.5,0,0,0,0,0,1,0,0,7
2023-01-26_uc_davis_csu_bakersfield,UC Davis,33,"Harris, Mazatlan",False,20,2,3,0.667,2,3,0.667,0,0,,0,2,2,0,1,1,0,3,6
2023-01-26_uc_davis_csu_bakersfield,UC Davis,13,"Burns, Sydney",False,16,2,3,0.667,1,1,1.0,0,0,,0,3,3,0,3,3,0,1,5
2023-01-26_uc_davis_csu_bakersfield,UC Davis,02,"Jones, Megan",False,21,0,2,0.0,0,2,0.0,4,4,1.0,0,3,3,3,5,2,3,0,4
2023-01-26_uc_davis_csu_bakersfield,UC Davis,TM,TEAM,False,0,0,0,,0,0,,0,0,,0,3,3,0,0,0,0,0,0
2023-01-26_uc_santa_barbara_hawaii,Hawaii,03,"Wahinekapu, Lily",True,29,4,12,0.333,1,5,0.2,4,4,1.0,1,1,2,2,2,3,0,1,13
2023-01-26_uc_santa_barbara_hawaii,Hawaii,23,"McBee, Meilani",True,31,4,9,0.444,3,8,0.375,0,0,,0,0,0,3,1,2,0,3,11
2023-01-26_uc_santa_barbara_hawaii,Hawaii,34,"David, Jacque",True,27,3,6,0.5,2,4,0.5,2,2,1.0,2,5,7,4,5,1,0,1,10
2023-01-26_uc_santa_barbara_hawaii,Hawaii,01,"Imai, Kelsie",True,23,4,7,0.571,2,3,0.667,0,0,,0,4,4,4,2,3,0,0,10
2023-01-26_uc_santa_barbara_hawaii,Hawaii,11,"Spiller, Kallin",True,33,4,6,0.667,1,3,0.333,0,0,,1,5,6,2,1,2,0,0,9
2023-01-26_uc_santa_barbara_hawaii,Hawaii,04,"Lefotu, Jovi",False,29,3,6,0.5,1,1,1.0,0,0,,2,3,5,1,3,3,0,1,7
2023-01-26_uc_santa_barbara_hawaii,Hawaii,14,"Orji, Nnenna",False,8,2,3,0.667,0,1,0.0,0,0,,0,0,0,3,0,0,0,0,4
2023-01-26_uc_santa_barbara_hawaii,Hawaii,02,"Thoms, Ashley",False,9,1,2,0.5,1,2,0.5,0,0,,0,1,1,0,1,0,0,0,3
2023-01-26_uc_santa_barbara_hawaii,Hawaii,12,"Perez, Imani",False,7,1,2,0.5,0,1,0.0,0,0,,0,0,0,0,0,1,0,0,2
2023-01-26_uc_santa_barbara_hawaii,Hawaii,20,"Haire, McKenna",False,2,0,0,,0,0,,0,0,,0,0,0,1,0,0,0,0,0
2023-01-26_uc_santa_barbara_hawaii,Hawaii,32,"Ongoongotau, Eva",False,2,0,1,0.0,0,0,,0,0,,0,0,0,0,0,0,0,0,0
2023-01-26_uc_santa_barbara_hawaii,Hawaii,TM,TEAM,False,0,0,0,,0,0,,0,0,,0,3,3,0,0,0,0,0,0
2023-01-26_uc_santa_barbara_hawaii,UC Santa Barbara,02,"Tucker, Alexis",True,39,8,17,0.471,3,7,0.429,4,5,0.8,0,2,2,0,3,0,0,1,23
2023-01-26_uc_santa_barbara_hawaii,UC Santa Barbara,31,"Lane, Ila",True,40,7,9,0.778,0,0,,1,3,0.333,6,4,10,1,2,0,1,1,15
2023-01-26_uc_santa_barbara_hawaii,UC Santa Barbara,03,"Marin, Alyssa",True,35,5,9,0.556,1,2,0.5,0,0,,0,1,1,2,3,2,0,2,11
2023-01-26_uc_santa_barbara_hawaii,UC Santa Barbara,10,"Choice, Anya",True,12,0,4,0.0,0,3,0.0,0,0,,0,1,1,1,1,4,0,0,0
2023-01-26_uc_santa_barbara_hawaii,UC Santa Barbara,12,"Mole, Taylor",True,12,0,2,0.0,0,2,0.0,0,0,,0,3,3,0,0,1,0,1,0
2023-01-26_uc_santa_barbara_hawaii,UC Santa Barbara,23,"Whitfield, Alexis",False,21,2,5,0.4,0,0,,7,10,0.7,1,5,6,2,2,0,0,1,11
2023-01-26_uc_santa_barbara_hawaii,UC Santa Barbara,05,"Cooper, Callie",False,26,3,6,0.5,1,1,1.0,1,2,0.5,0,3,3,2,7,2,0,3,8
2023-01-26_uc_santa_barbara_hawaii,UC Santa Barbara,32,"Grant, Jessica",False,11,1,1,1.0,1,1,1.0,1,2,0.5,0,0,0,0,0,0,0,0,4
2023-01-26_uc_santa_barbara_hawaii,UC Santa Barbara,21,"Johnson, Kennedy",False,4,0,0,,0,0,,0,0,,0,0,0,0,1,1,0,0,0
2023-01-26_uc_santa_barbara_hawaii,UC Santa Barbara,TM,TEAM,False,0,0,0,,0,0,,0,0,,0,3,3,0,0,0,0,0,0
2023-01-26_uc_irvine_cal_st_fullerton,Cal St. Fullerton,5,"Jovanovic, Una",True,45,11,18,0.611,1,5,0.2,1,2,0.5,0,1,1,0,6,5,1,1,24
2023-01-26_uc_irvine_cal_st_fullerton,Cal St. Fullerton,32,"Lewis, Ashlee",True,35,7,13,0.538,0,0,,5,8,0.625,3,9,12,5,1,2,0,0,19
2023-01-26_uc_irvine_cal_st_fullerton,Cal St. Fullerton,55,"Nimmo, Fujika",True,45,4,13,0.308,0,1,0.0,1,1,1.0,0,4,4,3,5,2,1,5,9
2023-01-26_uc_irvine_cal_st_fullerton,Cal St. Fullerton,13,"Hernandez, Aixchel",True,39,4,8,0.5,0,0,,0,0,,2,4,6,5,1,1,3,1,8
2023-01-26_uc_irvine_cal_st_fullerton,Cal St. Fullerton,4,"Vidmar, Gabi",True,45,2,5,0.4,1,4,0.25,1,3,0.333,0,3,3,1,2,1,0,0,6
2023-01-26_uc_irvine_cal_st_fullerton,Cal St. Fullerton,10,"Lagway, Demonnie",False,11,0,1,0.0,0,0,,0,0,,1,1,2,0,0,0,0,0,0
2023-01-26_uc_irvine_cal_st_fullerton,Cal St. Fullerton,21,"Tse, Allysan",False,3,0,1,0.0,0,0,,0,0,,0,0,0,0,0,0,0,0,0
2023-01-26_uc_irvine_cal_st_fullerton,Cal St. Fullerton,1,"Panagiotopoulou, Nancy",False,2,0,0,,0,0,,0,0,,0,1,1,2,0,1,0,0,0
2023-01-26_uc_irvine_cal_st_fullerton,Cal St. Fullerton,TM,TEAM,False,0,0,0,,0,0,,0,0,,1,2,3,0,0,1,0,0,0
2023-01-26_uc_irvine_cal_st_fullerton,UC Irvine,20,"Hernandez, Hunter",True,45,5,14,0.357,1,4,0.25,6,6,1.0,1,7,8,3,2,2,0,1,17
2023-01-26_uc_irvine_cal_st_fullerton,UC Irvine,24,"Dean, Nevaeh",True,21,5,8,0.625,0,0,,1,2,0.5,0,0,0,2,1,1,0,1,11
2023-01-26_uc_irvine_cal_st_fullerton,UC Irvine,3,"Tom, Nikki",True,44,3,11,0.273,2,7,0.286,1,2,0.5,2,3,5,0,2,3,0,2,9
2023-01-26_uc_irvine_cal_st_fullerton,UC Irvine,11,"Scharpf, Amelia",True,42,4,9,0.444,0,2,0.0,0,0,,2,4,6,1,4,1,0,1,8
2023-01-26_uc_irvine_cal_st_fullerton,UC Irvine,13,"Lee, Déja",True,25,3,7,0.429,1,3,0.333,0,0,,1,2,3,3,3,2,0,1,7
2023-01-26_uc_irvine_cal_st_fullerton,UC Irvine,32,"Parkinson, Nevaeh",False,21,3,7,0.429,0,0,,2,2,1.0,5,6,11,2,1,1,0,0,8
2023-01-26_uc_irvine_cal_st_fullerton,UC Irvine,23,"Konate, Diaba",False,23,1,6,0.167,0,1,0.0,2,2,1.0,4,1,5,4,2,5,0,1,4
2023-01-26_uc_irvine_cal_st_fullerton,UC Irvine,22,"Gony, Nyagoa",False,4,0,1,0.0,0,0,,0,0,,0,2,2,0,0,1,0,0,0
2023-01-26_uc_irvine_cal_st_fullerton,UC Irvine,1,"Ross, Tarryn",False,0,0,0,,0,0,,0,0,,0,0,0,0,0,0,0,0,0
2023-01-26_uc_irvine_cal_st_fullerton,UC Irvine,TM,TEAM,False,0,0,0,,0,0,,0,0,,0,1,1,0,0,2,0,0,0
2023-01-26_uc_san_diego_csun,CSUN,01,"Jackson, Jordyn",True,35,7,19,0.368,0,2,0.0,1,1,1.0,1,4,5,2,1,2,0,3,15
2023-01-26_uc_san_diego_csun,CSUN,34,"Spriggs, Kayanna",True,29,5,8,0.625,0,0,,2,2,1.0,5,3,8,4,0,4,2,1,12
2023-01-26_uc_san_diego_csun,CSUN,15,"Amundsen, Tess",True,33,4,9,0.444,0,2,0.0,2,2,1.0,0,4,4,3,1,3,0,0,10
2023-01-26_uc_san_diego_csun,CSUN,05,"Duchemin, Michelle",True,27,5,9,0.556,0,0,,0,0,,2,6,8,2,2,2,1,0,10
2023-01-26_uc_san_diego_csun,CSUN,21,"Tu'ua, Anaiyah",True,34,2,10,0.2,0,3,0.0,0,0,,0,6,6,0,5,1,0,1,4
2023-01-26_uc_san_diego_csun,CSUN,24,"Smith, Macy",False,21,1,1,1.0,0,0,,0,0,,0,2,2,3,1,1,0,0,2
2023-01-26_uc_san_diego_csun,CSUN,10,"De Jesus , Ana Carolina",False,9,1,2,0.5,0,0,,0,0,,1,2,3,3,0,2,0,1,2
2023-01-26_uc_san_diego_csun,CSUN,00,"Williams, De'jah",False,7,0,1,0.0,0,0,,0,0,,0,1,1,2,0,0,1,0,0
2023-01-26_uc_san_diego_csun,CSUN,25,"Amundsen, Laney",False,5,0,2,0.0,0,1,0.0,0,0,,1,0,1,0,0,1,0,0,0
2023-01-26_uc_san_diego_csun,CSUN,TM,TEAM,False,0,0,0,,0,0,,0,0,,2,2,4,0,0,0,0,0,0
2023-01-26_uc_san_diego_csun,UC San Diego,13,"Brown, Sydney",True,38,9,20,0.45,4,9,0.444,9,11,0.818,1,7,8,2,2,5,1,1,31
2023-01-26_uc_san_diego_csun,UC San Diego,04,"Cangelosi, Emily",True,37,4,10,0.4,4,8,0.5,3,4,0.75,1,1,2,3,0,2,0,0,15
2023-01-26_uc_san_diego_csun,UC San Diego,10,"Macabuhay, Julia",True,11,2,4,0.5,2,3,0.667,0,0,,0,0,0,0,3,0,0,0,6
2023-01-26_uc_san_diego_csun,UC San Diego,20,"Forsyth, Izzy",True,27,2,8,0.25,0,2,0.0,0,0,,2,5,7,1,1,0,1,2,4
2023-01-26_uc_san_diego_csun,UC San Diego,32,"Montgomery, Parker",True,29,0,4,0.0,0,3,0.0,0,0,,0,4,4,3,2,1,1,3,0
2023-01-26_uc_san_diego_csun,UC San Diego,24,"Mullings, Bridget",False,15,1,1,1.0,0,0,,4,4,1.0,1,1,2,1,0,1,0,1,6
2023-01-26_uc_san_diego_csun,UC San Diego,23,"Thompson, Courtni",False,18,0,0,,0,0,,0,0,,0,1,1,1,2,1,0,0,0
2023-01-26_uc_san_diego_csun,UC San Diego,25,"Mahan, Junaé",False,13,0,2,0.0,0,0,,0,0,,0,0,0,0,1,1,1,0,0
2023-01-26_uc_san_diego_csun,UC San Diego,12,"Baxter, Madison",False,9,0,6,0.0,0,5,0.0,0,0,,0,1,1,1,0,0,0,0,0
2023-01-26_uc_san_diego_csun,UC San Diego,02,"Talbot, Grace",False,3,0,0,,0,0,,0,0,,0,0,0,1,0,0,0,0,0
2023-01-26_uc_san_diego_csun,UC San Diego,TM,TEAM,False,0,0,0,,0,0,,0,0,,3,4,7,0,0,1,0,0,0
2023-01-26_long_beach_st_cal_poly,Cal Poly,24,"Toure, Oumou",True,30,5,11,0.455,0,2,0.0,8,8,1.0,3,1,4,2,2,2,0,3,18
2023-01-26_long_beach_st_cal_poly,Cal Poly,33,"Willett, Maddie",True,27,4,7,0.571,2,4,0.5,0,0,,1,1,2,1,1,0,0,1,10
2023-01-26_long_beach_st_cal_poly,Cal Poly,2,"Shah, Annika",True,31,3,7,0.429,1,2,0.5,2,2,1.0,0,3,3,2,3,1,0,0,9
2023-01-26_long_beach_st_cal_poly,Cal Poly,15,"Bourland, Sydney",True,32,2,7,0.286,0,1,0.0,1,2,0.5,4,3,7,0,5,1,0,1,5
2023-01-26_long_beach_st_cal_poly,Cal Poly,5,"Anousinh, Jazzy",True,34,1,6,0.167,0,3,0.0,0,0,,0,0,0,2,4,2,0,1,2
2023-01-26_long_beach_st_cal_poly,Cal Poly,35,"Ackerman, Natalia",False,24,4,7,0.571,0,0,,0,0,,0,6,6,0,1,1,2,2,8
2023-01-26_long_beach_st_cal_poly,Cal Poly,23,"Wu, Taylor",False,22,0,4,0.0,0,4,0.0,2,2,1.0,0,2,2,2,0,3,0,2,2
2023-01-26_long_beach_st_cal_poly,Cal Poly,TM,TEAM,False,0,0,0,,0,0,,0,0,,3,1,4,0,0,5,0,0,0
2023-01-26_long_beach_st_cal_poly,Long Beach St.,00,"Berry, Ma'qhi",True,36,4,5,0.8,0,0,,2,3,0.667,1,2,3,0,5,4,0,3,10
2023-01-26_long_beach_st_cal_poly,Long Beach St.,1,"Bambrick, Malia",True,31,5,12,0.417,0,3,0.0,0,0,,0,1,1,0,1,1,0,1,10
2023-01-26_long_beach_st_cal_poly,Long Beach St.,12,"Harris , Tori",True,33,3,5,0.6,0,1,0.0,0,0,,1,4,5,2,2,2,0,1,6
2023-01-26_long_beach_st_cal_poly,Long Beach St.,23,"Green, Lauren",True,11,2,2,1.0,0,0,,2,2,1.0,0,0,0,3,1,1,0,0,6
2023-01-26_long_beach_st_cal_poly,Long Beach St.,11,"Jeskeova, Kristyna",True,22,2,5,0.4,0,1,0.0,0,0,,1,3,4,4,0,2,2,1,4
2023-01-26_long_beach_st_cal_poly,Long Beach St.,25,"Hamilton-fisher, Kianna",False,36,5,10,0.5,2,3,0.667,3,4,0.75,1,3,4,3,6,2,2,0,15
2023-01-26_long_beach_st_cal_poly,Long Beach St.,33,"Murphy, Courtney",False,13,2,3,0.667,2,3,0.667,0,0,,1,0,1,1,1,2,0,0,6
2023-01-26_long_beach_st_cal_poly,Long Beach St.,5,"Ka, Kennan",False,13,0,2,0.0,0,2,0.0,0,0,,1,1,2,0,0,0,0,0,0
2023-01-26_long_beach_st_cal_poly,Long Beach St.,3,"Chung, Patricia",False,5,0,5,0.0,0,0,,0,0,,1,0,1,0,0,1,0,0,0
2023-01-26_long_beach_st_cal_poly,Long Beach St.,TM,TEAM,False,0,0,0,,0,0,,0,0,,1,3,4,0,0,0,0,0,0
2023-01-28_uc_davis_long_beach_st,Long Beach St.,12,"Harris, Tori",True,28,5,9,0.556,1,2,0.5,3,4,0.75,1,3,4,0,1,4,1,2,14
2023-01-28_uc_davis_long_beach_st,Long Beach St.,01,"Bambrick, Malia",True,27,5,12,0.417,3,6,0.5,0,0,,2,4,6,1,3,1,0,5,13
2023-01-28_uc_davis_long_beach_st,Long Beach St.,25,"Hamilton-Fisher, Kianna",True,32,4,8,0.5,1,3,0.333,3,4,0.75,2,2,4,1,1,2,2,3,12
2023-01-28_uc_davis_long_beach_st,Long Beach St.,00,"Berry, Ma'Qhi",True,25,2,4,0.5,1,1,1.0,5,8,0.625,0,2,2,0,4,2,1,2,10
2023-01-28_uc_davis_long_beach_st,Long Beach St.,11,"Jeskeova, Kristyna",True,23,2,2,1.0,1,1,1.0,0,0,,0,8,8,2,0,2,1,1,5
2023-01-28_uc_davis_long_beach_st,Long Beach St.,33,"Murphy, Courtney",False,22,3,8,0.375,2,6,0.333,0,0,,0,0,0,0,1,0,0,0,8
2023-01-28_uc_davis_long_beach_st,Long Beach St.,03,"Chung, Patricia",False,11,1,4,0.25,0,0,,0,0,,0,2,2,1,0,0,0,1,2
2023-01-28_uc_davis_long_beach_st,Long Beach St.,21,"Shoff, Abby",False,8,1,4,0.25,0,0,,0,0,,0,1,1,2,0,0,0,1,2
2023-01-28_uc_davis_long_beach_st,Long Beach St.,05,"Ka, Kennan",False,16,0,2,0.0,0,0,,0,0,,0,0,0,3,0,0,0,0,0
2023-01-28_uc_davis_long_beach_st,Long Beach St.,23,"Green, Lauren",False,8,0,0,,0,0,,0,0,,0,0,0,4,0,2,0,0,0
2023-01-28_uc_davis_long_beach_st,Long Beach St.,TM,TEAM,False,0,0,0,,0,0,,0,0,,2,3,5,0,0,0,0,0,0
2023-01-28_uc_davis_long_beach_st,UC Davis,15,"Turner, Evanne",True,37,6,17,0.353,6,16,0.375,2,2,1.0,0,5,5,2,1,2,0,1,20
2023-01-28_uc_davis_long_beach_st,UC Davis,25,"Norris, Megan",True,24,3,6,0.5,0,0,,1,4,0.25,3,6,9,3,0,1,0,0,7
2023-01-28_uc_davis_long_beach_st,UC Davis,03,"Gray, Campbell",True,17,1,3,0.333,0,1,0.0,0,0,,1,0,1,1,1,7,1,0,2
2023-01-28_uc_davis_long_beach_st,UC Davis,01,"Sussman, Tess",True,25,0,3,0.0,0,1,0.0,0,0,,1,3,4,1,6,6,0,3,0
2023-01-28_uc_davis_long_beach_st,UC Davis,33,"Harris, Mazatlan",True,7,0,1,0.0,0,1,0.0,0,0,,0,1,1,1,0,3,0,0,0
2023-01-28_uc_davis_long_beach_st,UC Davis,02,"Jones, Megan",False,16,2,2,1.0,0,0,,1,2,0.5,2,1,3,0,2,0,2,0,5
2023-01-28_uc_davis_long_beach_st,UC Davis,23,"Baker, Victoria",False,14,1,5,0.2,0,0,,2,2,1.0,0,0,0,4,0,3,0,0,4
2023-01-28_uc_davis_long_beach_st,UC Davis,04,"Epps, Nya",False,19,1,7,0.143,1,4,0.25,0,0,,0,0,0,1,0,0,0,0,3
2023-01-28_uc_davis_long_beach_st,UC Davis,13,"Burns, Sydney",False,28,1,1,1.0,0,0,,0,0,,0,7,7,2,2,3,0,0,2
2023-01-28_uc_davis_long_beach_st,UC Davis,20,"Sanders, Makaila",False,13,1,3,0.333,0,1,0.0,0,1,0.0,0,1,1,1,0,0,0,0,2
2023-01-28_uc_davis_long_beach_st,UC Davis,TM,TEAM,False,0,0,0,,0,0,,0,0,,2,2,4,0,0,0,0,0,0
2023-01-28_csu_bakersfield_hawaii,Hawaii,03,"Wahinekapu, Lily",True,34,4,10,0.4,0,3,0.0,6,8,0.75,1,1,2,1,3,1,0,4,14
2023-01-28_csu_bakersfield_hawaii,Hawaii,23,"McBee, MeiLani",True,38,5,11,0.455,3,7,0.429,0,0,,0,0,0,0,0,3,0,3,13
2023-01-28_csu_bakersfield_hawaii,Hawaii,01,"Imai, Kelsie",True,33,1,4,0.25,0,2,0.0,1,2,0.5,0,2,2,4,3,5,1,0,3
2023-01-28_csu_bakersfield_hawaii,Hawaii,11,"Spiller, Kallin",True,14,0,4,0.0,0,2,0.0,0,0,,0,4,4,1,0,3,0,0,0
2023-01-28_csu_bakersfield_hawaii,Hawaii,34,"David, Jacque",True,11,0,3,0.0,0,2,0.0,0,0,,1,2,3,2,0,2,0,1,0
2023-01-28_csu_bakersfield_hawaii,Hawaii,12,"Perez, Imani",False,21,1,1,1.0,0,0,,5,8,0.625,3,7,10,0,0,2,0,3,7
2023-01-28_csu_bakersfield_hawaii,Hawaii,02,"Thoms, Ashley",False,17,1,2,0.5,0,1,0.0,4,4,1.0,0,2,2,3,0,0,0,1,6
2023-01-28_csu_bakersfield_hawaii,Hawaii,14,"Orji, Nnenna",False,7,2,2,1.0,0,0,,1,1,1.0,1,0,1,2,0,1,0,0,5
2023-01-28_csu_bakersfield_hawaii,Hawaii,20,"Haire, McKenna",False,25,1,8,0.125,1,5,0.2,0,0,,0,1,1,1,0,0,0,0,3
2023-01-28_csu_bakersfield_hawaii,Hawaii,TM,TEAM,False,0,0,0,,0,0,,0,0,,3,4,7,0,0,2,0,0,0
2023-01-28_csu_bakersfield_hawaii,CSU Bakersfield,03,"van Schaik, Hennie",True,34,6,14,0.429,3,5,0.6,3,4,0.75,3,9,12,4,0,3,2,2,18
2023-01-28_csu_bakersfield_hawaii,CSU Bakersfield,14,"Ortiz, Nseije",True,24,2,3,0.667,1,2,0.5,0,0,,1,0,1,2,1,4,1,0,5
2023-01-28_csu_bakersfield_hawaii,CSU Bakersfield,32,"Freeman, Garrisen",True,30,2,4,0.5,0,1,0.0,0,2,0.0,1,2,3,2,1,0,2,0,4
2023-01-28_csu_bakersfield_hawaii,CSU Bakersfield,04,"Hunter, Grace",True,4,1,2,0.5,1,1,1.0,0,0,,0,0,0,1,0,1,0,0,3
2023-01-28_csu_bakersfield_hawaii,CSU Bakersfield,00,"Johnson, Simone",True,19,0,3,0.0,0,2,0.0,0,0,,0,2,2,4,3,2,0,2,0
2023-01-28_csu_bakersfield_hawaii,CSU Bakersfield,05,"Tougas, Sophia",False,31,4,9,0.444,3,8,0.375,0,2,0.0,2,2,4,2,0,4,0,0,11
2023-01-28_csu_bakersfield_hawaii,CSU Bakersfield,11,"Caldwell, Taylor",False,32,3,9,0.333,0,0,,0,2,0.0,1,1,2,4,2,4,0,3,6
2023-01-28_csu_bakersfield_hawaii,CSU Bakersfield,13,"Herrera, Solmilena",False,16,0,1,0.0,0,0,,0,2,0.0,1,1,2,0,0,0,2,2,0
2023-01-28_csu_bakersfield_hawaii,CSU Bakersfield,02,"Edwards, Morgan",False,5,0,2,0.0,0,1,0.0,0,0,,0,0,0,1,0,1,0,0,0
2023-01-28_csu_bakersfield_hawaii,CSU Bakersfield,33,"Riley, Julia",False,3,0,0,,0,0,,0,0,,0,0,0,1,0,0,0,0,0
2023-01-28_csu_bakersfield_hawaii,CSU Bakersfield,24,"Bridges-Bey, Sage",False,2,0,0,,0,0,,0,0,,0,1,1,0,0,1,0,0,0
2023-01-28_csu_bakersfield_hawaii,CSU Bakersfield,TM,TEAM,False,0,0,0,,0,0,,0,0,,1,2,3,0,0,1,0,0,0
2023-01-28_csun_uc_irvine,UC Irvine,3,"Tom, Nikki",True,40,4,6,0.667,1,2,0.5,6,6,1.0,3,3,6,2,1,1,1,2,15
2023-01-28_csun_uc_irvine,UC Irvine,20,"Hernandez, Hunter",True,40,4,11,0.364,0,1,0.0,5,5,1.0,5,2,7,3,0,4,0,1,13
2023-01-28_csun_uc_irvine,UC Irvine,13,"Lee, Deja",True,21,3,6,0.5,0,1,0.0,4,6,0.667,1,3,4,3,0,4,0,2,10
2023-01-28_csun_uc_irvine,UC Irvine,24,"Dean, Nevaeh",True,17,1,3,0.333,0,0,,0,1,0.0,0,1,1,2,1,1,0,0,2
2023-01-28_csun_uc_irvine,UC Irvine,11,"Scharpf, Amelia",True,33,0,5,0.0,0,1,0.0,0,0,,1,2,3,1,2,3,0,0,0
2023-01-28_csun_uc_irvine,UC Irvine,23,"Konate, Diaba",False,21,2,7,0.286,1,3,0.333,4,4,1.0,0,2,2,0,0,3,0,1,9
2023-01-28_csun_uc_irvine,UC Irvine,32,"Parkinson, Nevaeh",False,16,2,3,0.667,0,0,,1,2,0.5,1,7,8,3,0,5,0,1,5
2023-01-28_csun_uc_irvine,UC Irvine,22,"Gony, Nyagoa",False,12,0,1,0.0,0,0,,0,0,,2,0,2,3,0,1,0,0,0
2023-01-28_csun_uc_irvine,UC Irvine,TM,TEAM,False,0,0,0,,0,0,,0,0,,0,3,3,0,0,1,0,0,0
2023-01-28_csun_uc_irvine,CSUN,1,"Jackson, Jordyn",True,30,8,17,0.471,5,7,0.714,2,2,1.0,0,1,1,3,2,0,0,4,23
2023-01-28_csun_uc_irvine,CSUN,21,"Tu'ua, Anaiyah",True,37,2,6,0.333,1,3,0.333,0,0,,1,1,2,3,4,2,0,1,5
2023-01-28_csun_uc_irvine,CSUN,15,"Amundsen, Tess",True,34,2,6,0.333,0,2,0.0,0,0,,1,2,3,2,2,5,2,0,4
2023-01-28_csun_uc_irvine,CSUN,34,"Spriggs, Kayanna",True,21,1,6,0.167,0,0,,1,2,0.5,4,1,5,1,0,2,1,3,3
2023-01-28_csun_uc_irvine,CSUN,5,"Duchemin, Michelle",True,22,1,3,0.333,0,0,,0,0,,1,3,4,4,1,5,0,0,2
2023-01-28_csun_uc_irvine,CSUN,10,"de Jesus , Ana Carolina",False,23,4,8,0.5,0,0,,1,2,0.5,3,3,6,4,0,3,0,0,9
2023-01-28_csun_uc_irvine,CSUN,00,"Williams, De’jah",False,8,2,4,0.5,0,0,,0,0,,1,1,2,2,0,0,0,0,4
2023-01-28_csun_uc_irvine,CSUN,24,"Smith, Macy",False,7,1,2,0.5,0,1,0.0,0,0,,0,0,0,2,0,1,0,0,2
2023-01-28_csun_uc_irvine,CSUN,25,"Amundsen, Laney",False,11,0,1,0.0,0,1,0.0,0,0,,0,0,0,0,0,1,0,1,0
2023-01-28_csun_uc_irvine,CSUN,4,"Harvey, Rachel",False,5,0,1,0.0,0,0,,0,0,,0,0,0,1,1,0,0,0,0
2023-01-28_csun_uc_irvine,CSUN,11,"Smith, Olivia",False,2,0,1,0.0,0,0,,0,0,,0,0,0,1,0,0,1,0,0
2023-01-28_csun_uc_irvine,CSUN,TM,TEAM,False,0,0,0,,0,0,,0,0,,1,2,3,0,0,0,0,0,0
2023-01-28_uc_san_diego_uc_riverside,UC Riverside,32,"Webster, Jordan",True,32,2,8,0.25,0,5,0.0,5,7,0.714,1,3,4,3,0,1,0,1,9
2023-01-28_uc_san_diego_uc_riverside,UC Riverside,22,"Atchley, Paris",True,28,4,11,0.364,1,3,0.333,0,0,,0,4,4,2,1,0,0,1,9
2023-01-28_uc_san_diego_uc_riverside,UC Riverside,02,"Walters, RyAnne",True,24,3,8,0.375,0,2,0.0,1,1,1.0,0,1,1,2,3,2,0,3,7
2023-01-28_uc_san_diego_uc_riverside,UC Riverside,13,"Finau, Mele",True,28,0,4,0.0,0,3,0.0,2,2,1.0,0,2,2,3,0,1,0,0,2
2023-01-28_uc_san_diego_uc_riverside,UC Riverside,01,"Bryant, Matehya",True,26,1,4,0.25,0,0,,0,2,0.0,0,3,3,2,0,2,0,3,2
2023-01-28_uc_san_diego_uc_riverside,UC Riverside,15,"Blount, Anna",False,21,4,7,0.571,0,0,,4,8,0.5,0,1,1,3,0,2,0,1,12
2023-01-28_uc_san_diego_uc_riverside,UC Riverside,03,"Tillery, Zoe",False,23,3,6,0.5,1,2,0.5,0,1,0.0,0,1,1,0,4,2,0,0,7
2023-01-28_uc_san_diego_uc_riverside,UC Riverside,10,"Stenberg, Julia",False,13,1,3,0.333,0,2,0.0,0,0,,0,0,0,2,0,0,0,0,2
2023-01-28_uc_san_diego_uc_riverside,UC Riverside,11,"Matarranz, Esther",False,5,0,0,,0,0,,0,0,,1,0,1,1,0,0,1,0,0
2023-01-28_uc_san_diego_uc_riverside,UC Riverside,TM,TEAM,False,0,0,0,,0,0,,0,0,,3,3,6,0,0,0,0,0,0
2023-01-28_uc_san_diego_uc_riverside,UC San Diego,04,"Cangelosi, Emily",True,33,7,8,0.875,4,4,1.0,4,4,1.0,1,2,3,2,4,4,0,0,22
2023-01-28_uc_san_diego_uc_riverside,UC San Diego,32,"Montgomery, Parker",True,27,4,8,0.5,2,5,0.4,4,4,1.0,0,4,4,4,2,1,0,3,14
2023-01-28_uc_san_diego_uc_riverside,UC San Diego,13,"Brown, Sydney",True,24,4,8,0.5,0,1,0.0,2,2,1.0,1,5,6,4,1,4,1,3,10
2023-01-28_uc_san_diego_uc_riverside,UC San Diego,20,"Forsyth, Izzy",True,33,2,6,0.333,0,1,0.0,1,2,0.5,1,8,9,3,3,1,1,0,5
2023-01-28_uc_san_diego_uc_riverside,UC San Diego,10,"Macabuhay, Julia",True,17,1,4,0.25,0,1,0.0,2,2,1.0,0,1,1,0,5,2,0,0,4
2023-01-28_uc_san_diego_uc_riverside,UC San Diego,24,"Mullings, Bridget",False,16,3,7,0.429,0,0,,0,0,,1,4,5,2,1,1,1,0,6
2023-01-28_uc_san_diego_uc_riverside,UC San Diego,05,"Louther, Gabby",False,6,1,1,1.0,0,0,,0,0,,0,1,1,0,0,0,0,0,2
2023-01-28_uc_san_diego_uc_riverside,UC San Diego,23,"Thompson, Courtni",False,23,0,0,,0,0,,0,0,,0,2,2,2,2,1,0,0,0
2023-01-28_uc_san_diego_uc_riverside,UC San Diego,12,"Baxter, Madison",False,16,0,1,0.0,0,1,0.0,0,0,,0,1,1,2,0,1,0,1,0
2023-01-28_uc_san_diego_uc_riverside,UC San Diego,25,"Mahan, Junaé",False,5,0,1,0.0,0,0,,0,0,,0,1,1,2,0,2,0,0,0
2023-01-28_uc_san_diego_uc_riverside,UC San Diego,TM,TEAM,False,0,0,0,,0,0,,0,0,,1,3,4,0,0,1,0,0,0
2023-01-28_cal_st_fullerton_cal_poly,Cal Poly,24,Oumou Toure,True,27,7,13,0.538,1,2,0.5,4,7,0.571,2,1,3,3,0,4,0,4,19
2023-01-28_cal_st_fullerton_cal_poly,Cal Poly,15,Sydney Bourland,True,36,6,10,0.6,0,0,,2,2,1.0,4,6,10,2,2,1,0,1,14
2023-01-28_cal_st_fullerton_cal_poly,Cal Poly,02,Annika Shah,True,32,3,13,0.231,1,7,0.143,4,4,1.0,0,1,1,2,3,2,0,0,11
2023-01-28_cal_st_fullerton_cal_poly,Cal Poly,33,Maddie Willett,True,35,4,13,0.308,2,5,0.4,0,0,,2,2,4,2,4,1,0,1,10
2023-01-28_cal_st_fullerton_cal_poly,Cal Poly,05,Jazzy Anousinh,True,32,1,1,1.0,1,1,1.0,0,0,,0,0,0,4,2,1,0,0,3
2023-01-28_cal_st_fullerton_cal_poly,Cal Poly,23,Taylor Wu,False,21,1,2,0.5,1,2,0.5,1,2,0.5,0,1,1,3,1,1,0,0,4
2023-01-28_cal_st_fullerton_cal_poly,Cal Poly,35,Natalia Ackerman,False,15,0,3,0.0,0,0,,0,0,,0,3,3,4,0,3,0,2,0
2023-01-28_cal_st_fullerton_cal_poly,Cal Poly,30,Maia Garcia,False,2,0,1,0.0,0,0,,0,0,,0,0,0,1,0,0,0,0,0
2023-01-28_cal_st_fullerton_cal_poly,Cal Poly,TM,TEAM,False,0,0,0,,0,0,,0,0,,2,2,4,0,0,3,0,0,0
2023-01-28_cal_st_fullerton_cal_poly,Cal St. Fullerton,55,"Nimmo, Fujika",True,36,7,13,0.538,5,7,0.714,1,3,0.333,0,2,2,5,3,6,1,2,20
2023-01-28_cal_st_fullerton_cal_poly,Cal St. Fullerton,05,"Jovanovic, Una",True,40,4,8,0.5,0,1,0.0,9,10,0.9,0,3,3,0,4,2,0,1,17
2023-01-28_cal_st_fullerton_cal_poly,Cal St. Fullerton,32,"Lewis, Ashlee",True,32,6,10,0.6,0,0,,2,5,0.4,3,4,7,5,3,1,2,0,14
2023-01-28_cal_st_fullerton_cal_poly,Cal St. Fullerton,13,"Hernandez, Aixchel",True,24,3,4,0.75,0,0,,0,0,,1,8,9,1,1,2,1,0,6
2023-01-28_cal_st_fullerton_cal_poly,Cal St. Fullerton,04,"Vidmar, Gabi",True,36,0,4,0.0,0,2,0.0,0,0,,0,3,3,1,2,2,0,0,0
2023-01-28_cal_st_fullerton_cal_poly,Cal St. Fullerton,10,"Lagway, Demonnie",False,20,2,5,0.4,1,2,0.5,5,6,0.833,1,2,3,1,0,1,0,1,10
2023-01-28_cal_st_fullerton_cal_poly,Cal St. Fullerton,21,"Tse, Allysan",False,12,0,1,0.0,0,0,,2,2,1.0,1,1,2,0,0,1,0,2,2
2023-01-28_cal_st_fullerton_cal_poly,Cal St. Fullerton,TM,TEAM,False,0,0,0,,0,0,,0,0,,1,2,3,0,0,2,0,0,0
2023-02-02_hawaii_uc_davis,UC Davis,15,"Turner, Evanne",True,38,8,21,0.381,3,9,0.333,4,5,0.8,4,3,7,2,4,3,0,3,23
2023-02-02_hawaii_uc_davis,UC Davis,01,"Sussman, Tess",True,33,5,11,0.455,3,6,0.5,0,2,0.0,1,8,9,3,1,0,1,2,13
2023-02-02_hawaii_uc_davis,UC Davis,14,"Sabel, Tova",True,19,2,7,0.286,2,5,0.4,1,2,0.5,1,2,3,3,0,3,0,1,7
2023-02-02_hawaii_uc_davis,UC Davis,25,"Norris, Megan",True,25,1,3,0.333,0,1,0.0,2,2,1.0,1,5,6,5,0,4,0,0,4
2023-02-02_hawaii_uc_davis,UC Davis,03,"Gray, Campbell",True,17,1,1,1.0,0,0,,0,0,,0,1,1,1,3,1,0,0,2
2023-02-02_hawaii_uc_davis,UC Davis,13,"Burns, Sydney",False,24,2,4,0.5,0,2,0.0,2,4,0.5,1,7,8,2,1,2,0,0,6
2023-02-02_hawaii_uc_davis,UC Davis,02,"Jones, Megan",False,15,1,1,1.0,0,0,,0,0,,0,3,3,2,0,0,3,0,2
2023-02-02_hawaii_uc_davis,UC Davis,33,"Harris, Mazatlan",False,17,0,1,0.0,0,1,0.0,0,0,,2,3,5,1,0,0,1,0,0
2023-02-02_hawaii_uc_davis,UC Davis,20,"Sanders, Makaila",False,6,0,0,,0,0,,0,0,,1,0,1,0,1,0,0,0,0
2023-02-02_hawaii_uc_davis,UC Davis,04,"Epps, Nya",False,4,0,2,0.0,0,2,0.0,0,0,,0,0,0,2,0,0,0,0,0
2023-02-02_hawaii_uc_davis,UC Davis,23,"Baker, Victoria",False,2,0,0,,0,0,,0,0,,0,0,0,0,0,1,0,0,0
2023-02-02_hawaii_uc_davis,UC Davis,TM,TEAM,False,0,0,0,,0,0,,0,0,,1,1,2,0,0,1,0,0,0
2023-02-02_hawaii_uc_davis,Hawaii,03,"Wahinekapu, Lily",True,38,5,14,0.357,0,3,0.0,4,6,0.667,2,2,4,1,3,0,0,0,14
2023-02-02_hawaii_uc_davis,Hawaii,11,"Spiller, Kallin",True,16,2,11,0.182,0,2,0.0,1,1,1.0,4,2,6,3,0,2,0,0,5
2023-02-02_hawaii_uc_davis,Hawaii,23,"McBee, MeiLani",True,30,1,6,0.167,1,5,0.2,1,2,0.5,0,2,2,4,1,1,0,1,4
2023-02-02_hawaii_uc_davis,Hawaii,01,"Imai, Kelsie",True,35,1,9,0.111,0,4,0.0,1,2,0.5,2,4,6,4,1,1,0,1,3
2023-02-02_hawaii_uc_davis,Hawaii,20,"Haire, McKenna",True,18,0,5,0.0,0,4,0.0,0,0,,0,1,1,1,0,1,0,0,0
2023-02-02_hawaii_uc_davis,Hawaii,15,"Phillips, Daejah",False,24,2,6,0.333,0,2,0.0,6,8,0.75,2,3,5,4,0,3,0,0,10
2023-02-02_hawaii_uc_davis,Hawaii,14,"Orji, Nnenna",False,22,2,4,0.5,0,0,,2,5,0.4,2,6,8,0,0,1,1,1,6
2023-02-02_hawaii_uc_davis,Hawaii,02,"Thoms, Ashley",False,9,1,3,0.333,1,3,0.333,0,0,,0,1,1,2,0,1,0,0,3
2023-02-02_hawaii_uc_davis,Hawaii,12,"Perez, Imani",False,8,1,2,0.5,0,0,,0,0,,2,0,2,0,0,1,0,0,2
2023-02-02_hawaii_uc_davis,Hawaii,TM,TEAM,False,0,0,0,,0,0,,0,0,,3,1,4,0,0,0,0,0,0
2023-02-02_uc_irvine_uc_san_diego,UC San Diego,13,"Brown, Sydney",True,33,5,11,0.455,1,3,0.333,0,0,,0,9,9,4,2,4,1,2,11
2023-02-02_uc_irvine_uc_san_diego,UC San Diego,20,"Forsyth, Izzy",True,30,3,8,0.375,1,4,0.25,4,5,0.8,1,1,2,2,1,0,0,0,11
2023-02-02_uc_irvine_uc_san_diego,UC San Diego,10,"Macabuhay, Julia",True,18,3,9,0.333,3,5,0.6,2,2,1.0,0,2,2,1,1,0,0,0,11
2023-02-02_uc_irvine_uc_san_diego,UC San Diego,4,"Cangelosi, Emily",True,39,3,12,0.25,1,8,0.125,0,0,,2,2,4,0,0,1,2,0,7
2023-02-02_uc_irvine_uc_san_diego,UC San Diego,32,"Montgomery, Parker",True,27,1,6,0.167,0,3,0.0,0,0,,0,2,2,4,4,1,0,2,2
2023-02-02_uc_irvine_uc_san_diego,UC San Diego,24,"Mullings, Bridget",False,18,3,4,0.75,1,1,1.0,0,0,,2,3,5,5,0,4,2,0,7
2023-02-02_uc_irvine_uc_san_diego,UC San Diego,25,"Mahan, Junae",False,10,0,0,,0,0,,2,2,1.0,0,2,2,2,1,2,0,0,2
2023-02-02_uc_irvine_uc_san_diego,UC San Diego,12,"Baxter, Madison",False,18,0,2,0.0,0,2,0.0,0,0,,1,1,2,1,1,1,0,0,0
2023-02-02_uc_irvine_uc_san_diego,UC San Diego,23,"Thompson, Courtni",False,5,0,0,,0,0,,0,0,,0,0,0,0,0,3,0,0,0
2023-02-02_uc_irvine_uc_san_diego,UC San Diego,2,"Talbot, Grace",False,1,0,0,,0,0,,0,0,,0,0,0,0,0,0,0,0,0
2023-02-02_uc_irvine_uc_san_diego,UC San Diego,5,"Louther, Gabby",False,1,0,0,,0,0,,0,0,,0,0,0,0,0,0,0,0,0
2023-02-02_uc_irvine_uc_san_diego,UC San Diego,TM,TEAM,False,0,0,0,,0,0,,0,0,,1,5,6,0,0,2,0,0,0
2023-02-02_uc_irvine_uc_san_diego,UC Irvine,13,"Lee, Déja",True,37,6,15,0.4,5,8,0.625,3,6,0.5,1,3,4,1,7,2,0,0,20
2023-02-02_uc_irvine_uc_san_diego,UC Irvine,3,"Tom, Nikki",True,36,4,8,0.5,3,3,1.0,1,1,1.0,2,2,4,1,2,2,0,0,12
2023-02-02_uc_irvine_uc_san_diego,UC Irvine,20,"Hernandez, Hunter",True,37,2,8,0.25,0,1,0.0,1,2,0.5,1,5,6,1,1,0,0,1,5
2023-02-02_uc_irvine_uc_san_diego,UC Irvine,24,"Dean, Nevaeh",True,18,2,4,0.5,0,0,,1,2,0.5,1,2,3,2,1,1,0,1,5
2023-02-02_uc_irvine_uc_san_diego,UC Irvine,11,"Scharpf, Amelia",True,26,1,4,0.25,0,1,0.0,2,2,1.0,0,3,3,1,0,2,0,1,4
2023-02-02_uc_irvine_uc_san_diego,UC Irvine,32,"Parkinson, Nevaeh",False,22,4,10,0.4,0,0,,3,4,0.75,2,8,10,0,0,3,0,0,11
2023-02-02_uc_irvine_uc_san_diego,UC Irvine,23,"Konate, Diaba",False,18,3,6,0.5,0,0,,1,1,1.0,0,0,0,2,2,2,0,4,7
2023-02-02_uc_irvine_uc_san_diego,UC Irvine,22,"Gony, Nyagoa",False,6,0,0,,0,0,,0,0,,0,2,2,2,0,0,0,0,0
2023-02-02_uc_irvine_uc_san_diego,UC Irvine,1,"Ross, Tarryn",False,0,0,0,,0,0,,0,0,,0,0,0,0,0,0,0,0,0
2023-02-02_uc_irvine_uc_san_diego,UC Irvine,TM,TEAM,False,0,0,0,,0,0,,0,0,,1,2,3,0,0,0,0,0,0
2023-02-02_cal_poly_uc_santa_barbara,UC Santa Barbara,02,"Tucker, Alexis",True,37,6,12,0.5,0,2,0.0,6,9,0.667,3,5,8,3,2,3,0,3,18
2023-02-02_cal_poly_uc_santa_barbara,UC Santa Barbara,10,"Choice, Anya",True,32,7,8,0.875,2,2,1.0,0,0,,2,1,3,1,1,3,0,0,16
2023-02-02_cal_poly_uc_santa_barbara,UC Santa Barbara,31,"Lane, Ila",True,15,4,6,0.667,0,0,,0,1,0.0,0,5,5,4,0,2,1,0,8
2023-02-02_cal_poly_uc_santa_barbara,UC Santa Barbara,05,"Cooper, Callie",True,31,1,7,0.143,0,2,0.0,0,0,,0,1,1,4,7,3,0,1,2
2023-02-02_cal_poly_uc_santa_barbara,UC Santa Barbara,12,"Mole, Taylor",True,10,1,3,0.333,0,1,0.0,0,0,,0,1,1,0,1,0,0,0,2
2023-02-02_cal_poly_uc_santa_barbara,UC Santa Barbara,03,"Marin, Alyssa",False,19,2,3,0.667,1,2,0.5,2,2,1.0,0,0,0,5,0,2,0,0,7
2023-02-02_cal_poly_uc_santa_barbara,UC Santa Barbara,21,"Johnson, Kennedy",False,20,1,2,0.5,0,1,0.0,2,2,1.0,0,5,5,3,0,2,0,0,4
2023-02-02_cal_poly_uc_santa_barbara,UC Santa Barbara,32,"Grant, Jessica",False,12,1,2,0.5,1,2,0.5,0,0,,0,0,0,1,0,1,0,0,3
2023-02-02_cal_poly_uc_santa_barbara,UC Santa Barbara,23,"Whitfield, Alexis",False,16,1,3,0.333,0,0,,0,0,,0,4,4,2,2,1,2,0,2
2023-02-02_cal_poly_uc_santa_barbara,UC Santa Barbara,13,"Modawar, Tatyana",False,8,0,2,0.0,0,1,0.0,2,2,1.0,0,0,0,0,0,0,0,0,2
2023-02-02_cal_poly_uc_santa_barbara,UC Santa Barbara,TM,TEAM,False,0,0,0,,0,0,,0,0,,1,2,3,0,0,0,0,0,0
2023-02-02_cal_poly_uc_santa_barbara,Cal Poly,24,"Toure, Oumou",True,30,6,9,0.667,1,2,0.5,5,8,0.625,3,5,8,4,1,2,3,3,18
2023-02-02_cal_poly_uc_santa_barbara,Cal Poly,02,"Shah, Annika",True,34,6,15,0.4,3,8,0.375,0,0,,0,1,1,1,4,2,0,1,15
2023-02-02_cal_poly_uc_santa_barbara,Cal Poly,33,"Willett, Maddie",True,23,3,5,0.6,2,2,1.0,0,0,,2,2,4,3,0,2,0,0,8
2023-02-02_cal_poly_uc_santa_barbara,Cal Poly,15,"Bourland, Sydney",True,28,2,6,0.333,1,2,0.5,0,0,,1,5,6,3,0,0,0,0,5
2023-02-02_cal_poly_uc_santa_barbara,Cal Poly,05,"Anousinh, Jazzy",True,31,1,6,0.167,0,1,0.0,2,4,0.5,0,1,1,2,3,2,0,1,4
2023-02-02_cal_poly_uc_santa_barbara,Cal Poly,23,"Wu, Taylor",False,27,2,7,0.286,1,3,0.333,6,10,0.6,2,3,5,2,5,1,1,2,11
2023-02-02_cal_poly_uc_santa_barbara,Cal Poly,35,"Ackerman, Natalia",False,22,3,6,0.5,0,0,,2,2,1.0,4,1,5,5,0,3,0,2,8
2023-02-02_cal_poly_uc_santa_barbara,Cal Poly,30,"Garcia, Maia",False,5,0,1,0.0,0,0,,0,0,,0,0,0,0,0,0,1,0,0
2023-02-02_cal_poly_uc_santa_barbara,Cal Poly,TM,TEAM,False,0,0,0,,0,0,,0,0,,2,2,4,0,0,0,0,0,0
2023-02-02_long_beach_st_cal_st_fullerton,Cal St. Fullerton,55,"Nimmo, Fujika",True,40,6,15,0.4,3,8,0.375,3,5,0.6,0,1,1,3,2,7,0,2,18
2023-02-02_long_beach_st_cal_st_fullerton,Cal St. Fullerton,13,"Hernandez, Aixchel",True,40,7,13,0.538,0,0,,1,1,1.0,1,10,11,0,1,1,3,0,15
2023-02-02_long_beach_st_cal_st_fullerton,Cal St. Fullerton,5,"Jovanovic, Una",True,39,2,9,0.222,0,0,,2,2,1.0,3,1,4,2,6,3,0,1,6
2023-02-02_long_beach_st_cal_st_fullerton,Cal St. Fullerton,32,"Lewis, Ashlee",True,36,3,7,0.429,0,0,,0,0,,2,7,9,3,1,2,1,0,6
2023-02-02_long_beach_st_cal_st_fullerton,Cal St. Fullerton,4,"Vidmar, Gabi",True,38,2,8,0.25,1,6,0.167,0,0,,0,3,3,1,5,4,1,1,5
2023-02-02_long_beach_st_cal_st_fullerton,Cal St. Fullerton,10,"Lagway, Demonnie",False,6,1,2,0.5,0,0,,1,1,1.0,0,0,0,2,1,0,0,0,3
2023-02-02_long_beach_st_cal_st_fullerton,Cal St. Fullerton,21,"Tse, Allysan",False,1,0,0,,0,0,,0,0,,0,0,0,0,0,0,0,0,0
2023-02-02_long_beach_st_cal_st_fullerton,Cal St. Fullerton,TM,TEAM,False,0,0,0,,0,0,,0,0,,4,2,6,0,0,1,0,0,0
2023-02-02_long_beach_st_cal_st_fullerton,Long Beach St.,12,"Harris , Tori",True,37,5,12,0.417,1,5,0.2,5,5,1.0,3,3,6,2,1,1,1,0,16
2023-02-02_long_beach_st_cal_st_fullerton,Long Beach St.,00,"Berry, Ma'qhi",True,33,4,8,0.5,0,0,,3,4,0.75,1,2,3,2,8,5,0,1,11
2023-02-02_long_beach_st_cal_st_fullerton,Long Beach St.,1,"Bambrick, Malia",True,32,5,13,0.385,1,6,0.167,0,0,,0,2,2,0,1,0,0,3,11
2023-02-02_long_beach_st_cal_st_fullerton,Long Beach St.,11,"Jeskeova, Kristyna",True,30,4,6,0.667,0,1,0.0,0,0,,3,10,13,3,2,1,1,5,8
2023-02-02_long_beach_st_cal_st_fullerton,Long Beach St.,25,"Hamilton-fisher, Kianna",True,29,4,9,0.444,0,1,0.0,0,0,,0,1,1,3,1,1,0,2,8
2023-02-02_long_beach_st_cal_st_fullerton,Long Beach St.,33,"Murphy, Courtney",False,9,3,5,0.6,1,2,0.5,0,0,,0,1,1,3,0,0,0,1,7
2023-02-02_long_beach_st_cal_st_fullerton,Long Beach St.,3,"Chung, Patricia",False,11,1,5,0.2,0,1,0.0,2,2,1.0,1,2,3,1,2,0,0,0,4
2023-02-02_long_beach_st_cal_st_fullerton,Long Beach St.,23,"Green, Lauren",False,15,0,2,0.0,0,0,,0,0,,1,2,3,1,0,0,1,1,0
2023-02-02_long_beach_st_cal_st_fullerton,Long Beach St.,5,"Ka, Kennan",False,4,0,0,,0,0,,0,0,,0,0,0,0,0,0,0,0,0
2023-02-02_long_beach_st_cal_st_fullerton,Long Beach St.,TM,TEAM,False,0,0,0,,0,0,,0,0,,0,1,1,0,0,1,0,0,0
2023-02-02_uc_riverside_csu_bakersfield,CSU Bakersfield,03,"van Schaik, Hennie",True,22,3,9,0.333,1,2,0.5,3,4,0.75,0,7,7,4,1,1,1,0,10
2023-02-02_uc_riverside_csu_bakersfield,CSU Bakersfield,11,"Caldwell, Taylor",True,35,4,8,0.5,1,1,1.0,0,0,,1,5,6,0,3,3,3,2,9
2023-02-02_uc_riverside_csu_bakersfield,CSU Bakersfield,32,"Freeman, Garrisen",True,19,1,2,0.5,0,1,0.0,1,2,0.5,0,1,1,2,0,1,0,0,3
2023-02-02_uc_riverside_csu_bakersfield,CSU Bakersfield,00,"Johnson, Simone",True,13,1,4,0.25,0,2,0.0,0,0,,1,4,5,0,1,3,0,1,2
2023-02-02_uc_riverside_csu_bakersfield,CSU Bakersfield,14,"Ortiz, Nseije",True,19,0,4,0.0,0,1,0.0,0,0,,0,2,2,2,2,5,0,0,0
2023-02-02_uc_riverside_csu_bakersfield,CSU Bakersfield,04,"Hunter, Grace",False,25,3,5,0.6,1,2,0.5,0,0,,2,2,4,2,2,3,1,1,7
2023-02-02_uc_riverside_csu_bakersfield,CSU Bakersfield,13,"Herrera, Soli",False,25,2,5,0.4,0,0,,1,2,0.5,2,7,9,1,0,1,1,2,5
2023-02-02_uc_riverside_csu_bakersfield,CSU Bakersfield,05,"Tougas, Sophia",False,20,2,7,0.286,1,5,0.2,0,0,,0,1,1,2,0,2,0,2,5
2023-02-02_uc_riverside_csu_bakersfield,CSU Bakersfield,24,"Bridges-Bey, Sage",False,13,0,4,0.0,0,1,0.0,2,2,1.0,1,0,1,1,0,2,0,2,2
2023-02-02_uc_riverside_csu_bakersfield,CSU Bakersfield,33,"Riley, Julia",False,8,0,1,0.0,0,1,0.0,0,0,,0,0,0,1,0,0,0,0,0
2023-02-02_uc_riverside_csu_bakersfield,CSU Bakersfield,02,"Edwards, Morgan",False,1,0,0,,0,0,,0,0,,0,0,0,0,0,0,0,0,0
2023-02-02_uc_riverside_csu_bakersfield,CSU Bakersfield,TM,TEAM,False,0,0,0,,0,0,,0,0,,1,2,3,0,0,0,0,0,0
2023-02-02_uc_riverside_csu_bakersfield,UC Riverside,22,"Atchley, Paris",True,36,3,6,0.5,1,2,0.5,2,2,1.0,0,3,3,1,2,2,0,1,9
2023-02-02_uc_riverside_csu_bakersfield,UC Riverside,01,"Bryant, Matehya",True,19,3,9,0.333,0,1,0.0,1,1,1.0,0,3,3,1,0,1,1,0,7
2023-02-02_uc_riverside_csu_bakersfield,UC Riverside,32,"Webster, Jordan",True,31,1,13,0.077,1,6,0.167,3,4,0.75,1,3,4,2,0,3,1,3,6
2023-02-02_uc_riverside_csu_bakersfield,UC Riverside,02,"Walters, RyAnne",True,30,1,9,0.111,0,3,0.0,1,2,0.5,0,5,5,0,3,2,0,4,3
2023-02-02_uc_riverside_csu_bakersfield,UC Riverside,13,"Finau, Mele",True,35,1,6,0.167,0,3,0.0,0,0,,1,2,3,5,1,4,1,1,2
2023-02-02_uc_riverside_csu_bakersfield,UC Riverside,15,"Blount, Anna",False,20,3,6,0.5,0,0,,2,2,1.0,1,2,3,4,0,4,1,0,8
2023-02-02_uc_riverside_csu_bakersfield,UC Riverside,03,"Tillery, Zoe",False,14,1,4,0.25,0,2,0.0,0,0,,1,1,2,1,3,1,0,1,2
2023-02-02_uc_riverside_csu_bakersfield,UC Riverside,11,"Matarranz, Esther",False,12,1,1,1.0,0,0,,0,0,,1,1,2,0,0,0,0,1,2
2023-02-02_uc_riverside_csu_bakersfield,UC Riverside,10,"Stenberg, Julia",False,3,0,0,,0,0,,0,0,,0,0,0,1,0,0,0,0,0
2023-02-02_uc_riverside_csu_bakersfield,UC Riverside,TM,TEAM,False,0,0,0,,0,0,,0,0,,5,5,10,0,0,1,0,0,0
2023-02-04_hawaii_cal_poly,Cal Poly,24,"Toure, Oumou",True,26,5,11,0.455,0,2,0.0,4,4,1.0,3,5,8,2,0,1,1,1,14
2023-02-04_hawaii_cal_poly,Cal Poly,15,"Bourland, Sydney",True,24,3,8,0.375,0,0,,1,1,1.0,0,1,1,1,2,5,0,1,7
2023-02-04_hawaii_cal_poly,Cal Poly,33,"Willett, Maddie",True,34,2,7,0.286,0,1,0.0,2,2,1.0,0,1,1,1,2,1,0,1,6
2023-02-04_hawaii_cal_poly,Cal Poly,02,"Shah, Annika",True,24,1,3,0.333,1,1,1.0,2,2,1.0,0,1,1,2,3,1,0,0,5
2023-02-04_hawaii_cal_poly,Cal Poly,05,"Anousinh, Jazzy",True,18,1,2,0.5,0,1,0.0,1,1,1.0,0,1,1,1,0,2,0,1,3
2023-02-04_hawaii_cal_poly,Cal Poly,35,"Ackerman, Natalia",False,22,5,7,0.714,0,0,,1,2,0.5,4,4,8,3,0,2,0,1,11
2023-02-04_hawaii_cal_poly,Cal Poly,23,"Wu, Taylor",False,26,3,11,0.273,2,8,0.25,1,1,1.0,0,0,0,1,2,0,0,1,9
2023-02-04_hawaii_cal_poly,Cal Poly,30,"Garcia, Maia",False,8,1,2,0.5,0,0,,1,2,0.5,0,2,2,4,0,0,1,0,3
2023-02-04_hawaii_cal_poly,Cal Poly,21,"Stajic, Andrea",False,10,0,2,0.0,0,0,,0,0,,0,1,1,0,1,0,0,0,0
2023-02-04_hawaii_cal_poly,Cal Poly,20,"Karlin, Shannon",False,8,0,3,0.0,0,2,0.0,0,0,,1,0,1,1,0,0,0,0,0
2023-02-04_hawaii_cal_poly,Cal Poly,TM,TEAM,False,0,0,0,,0,0,,0,0,,3,1,4,0,0,0,0,0,0
2023-02-04_hawaii_cal_poly,Hawaii,11,"Spiller, Kallin",True,17,9,11,0.818,0,0,,1,1,1.0,3,4,7,1,2,0,1,0,19
2023-02-04_hawaii_cal_poly,Hawaii,23,"McBee, MeiLani",True,27,4,6,0.667,4,5,0.8,1,3,0.333,0,0,0,4,1,1,0,0,13
2023-02-04_hawaii_cal_poly,Hawaii,20,"Haire, McKenna",True,25,4,10,0.4,2,8,0.25,1,2,0.5,0,1,1,1,1,1,0,0,11
2023-02-04_hawaii_cal_poly,Hawaii,03,"Wahinekapu, Lily",True,26,4,10,0.4,2,7,0.286,0,0,,0,3,3,1,7,1,0,2,10
2023-02-04_hawaii_cal_poly,Hawaii,01,"Imai, Kelsie",True,31,3,4,0.75,1,2,0.5,0,2,0.0,0,6,6,0,5,3,0,0,7
2023-02-04_hawaii_cal_poly,Hawaii,15,"Phillips, Daejah",False,25,3,7,0.429,0,2,0.0,6,7,0.857,1,2,3,1,5,0,1,3,12
2023-02-04_hawaii_cal_poly,Hawaii,14,"Orji, Nnenna",False,17,1,3,0.333,0,0,,2,2,1.0,3,1,4,1,1,1,1,0,4
2023-02-04_hawaii_cal_poly,Hawaii,02,"Thoms, Ashley",False,25,0,1,0.0,0,1,0.0,2,2,1.0,0,4,4,3,0,3,0,1,2
2023-02-04_hawaii_cal_poly,Hawaii,12,"Perez, Imani",False,6,1,1,1.0,0,0,,0,0,,0,0,0,1,0,1,1,0,2
2023-02-04_hawaii_cal_poly,Hawaii,32,"Ongoongotau, Eva",False,1,0,0,,0,0,,0,0,,1,0,1,0,0,0,0,0,0
2023-02-04_hawaii_cal_poly,Hawaii,TM,TEAM,False,0,0,0,,0,0,,0,0,,1,4,5,0,0,0,0,0,0
2023-02-04_uc_irvine_long_beach_st,Long Beach St.,12,"Harris, Tori",True,40,5,13,0.385,0,4,0.0,5,6,0.833,0,2,2,2,3,3,0,0,15
2023-02-04_uc_irvine_long_beach_st,Long Beach St.,00,"Berry, Ma'qhi",True,40,4,6,0.667,0,1,0.0,4,5,0.8,0,5,5,2,3,4,0,4,12
2023-02-04_uc_irvine_long_beach_st,Long Beach St.,25,"Hamilton-fisher, Kianna",True,38,4,10,0.4,0,1,0.0,0,0,,1,2,3,2,3,3,1,1,8
2023-02-04_uc_irvine_long_beach_st,Long Beach St.,23,"Green, Lauren",True,11,1,2,0.5,0,0,,0,0,,1,2,3,3,0,1,1,0,2
2023-02-04_uc_irvine_long_beach_st,Long Beach St.,11,"Jeskeova, Kristyna",True,24,0,0,,0,0,,0,0,,1,6,7,4,1,1,1,0,0
2023-02-04_uc_irvine_long_beach_st,Long Beach St.,33,"Murphy, Courtney",False,24,4,6,0.667,2,4,0.5,0,0,,1,2,3,4,1,1,0,1,10
2023-02-04_uc_irvine_long_beach_st,Long Beach St.,5,"Ka, Kennan",False,7,1,3,0.333,1,2,0.5,0,0,,0,0,0,2,0,0,0,0,3
2023-02-04_uc_irvine_long_beach_st,Long Beach St.,21,"Shoff, Abby",False,6,1,3,0.333,0,0,,0,0,,0,0,0,1,0,2,0,0,2
2023-02-04_uc_irvine_long_beach_st,Long Beach St.,3,"Chung, Patricia",False,10,0,1,0.0,0,0,,0,0,,1,2,3,2,0,1,0,0,0
2023-02-04_uc_irvine_long_beach_st,Long Beach St.,TM,TEAM,False,0,0,0,,0,0,,0,0,,0,1,1,0,0,0,0,0,0
2023-02-04_uc_irvine_long_beach_st,UC Irvine,20,"Hernandez, Hunter",True,37,5,14,0.357,1,6,0.167,8,9,0.889,7,6,13,3,2,2,0,3,19
2023-02-04_uc_irvine_long_beach_st,UC Irvine,24,"Dean, Nevaeh",True,20,3,4,0.75,0,0,,0,0,,1,1,2,1,0,3,0,2,6
2023-02-04_uc_irvine_long_beach_st,UC Irvine,3,"Tom, Nikki",True,40,1,8,0.125,1,8,0.125,2,2,1.0,0,4,4,2,3,1,0,5,5
2023-02-04_uc_irvine_long_beach_st,UC Irvine,11,"Scharpf, Amelia",True,26,2,7,0.286,0,2,0.0,1,2,0.5,2,2,4,1,1,2,0,0,5
2023-02-04_uc_irvine_long_beach_st,UC Irvine,13,"Lee, Déja",True,35,1,10,0.1,0,6,0.0,1,2,0.5,1,1,2,3,1,3,0,0,3
2023-02-04_uc_irvine_long_beach_st,UC Irvine,32,"Parkinson, Nevaeh",False,11,4,6,0.667,0,0,,0,1,0.0,4,0,4,3,0,1,0,0,8
2023-02-04_uc_irvine_long_beach_st,UC Irvine,23,"Konate, Diaba",False,22,1,5,0.2,0,2,0.0,2,2,1.0,0,1,1,2,1,4,0,1,4
2023-02-04_uc_irvine_long_beach_st,UC Irvine,22,"Gony, Nyagoa",False,9,0,0,,0,0,,0,0,,0,5,5,0,0,1,1,0,0
2023-02-04_uc_irvine_long_beach_st,UC Irvine,TM,TEAM,False,0,0,0,,0,0,,0,0,,1,0,1,0,0,0,0,0,0
2023-02-04_csu_bakersfield_uc_san_diego,UC San Diego,04,"Cangelosi, Emily",True,34,5,8,0.625,2,4,0.5,1,2,0.5,0,6,6,3,0,2,0,1,13
2023-02-04_csu_bakersfield_uc_san_diego,UC San Diego,20,"Forsyth, Izzy",True,30,4,6,0.667,3,5,0.6,1,2,0.5,0,7,7,5,1,2,0,0,12
2023-02-04_csu_bakersfield_uc_san_diego,UC San Diego,10,"Macabuhay, Julia",True,22,2,8,0.25,1,3,0.333,4,4,1.0,0,1,1,0,1,1,0,2,9
2023-02-04_csu_bakersfield_uc_san_diego,UC San Diego,13,"Brown, Sydney",True,28,2,5,0.4,1,3,0.333,2,2,1.0,1,2,3,5,3,4,0,0,7
2023-02-04_csu_bakersfield_uc_san_diego,UC San Diego,32,"Montgomery, Parker",True,11,1,6,0.167,1,5,0.2,2,2,1.0,0,7,7,4,5,2,1,3,5
2023-02-04_csu_bakersfield_uc_san_diego,UC San Diego,12,"Baxter, Madison",False,15,1,5,0.2,0,2,0.0,3,5,0.6,0,0,0,0,0,1,0,1,5
2023-02-04_csu_bakersfield_uc_san_diego,UC San Diego,24,"Mullings, Bridget",False,12,0,4,0.0,0,1,0.0,2,2,1.0,2,0,2,1,0,1,0,0,2
2023-02-04_csu_bakersfield_uc_san_diego,UC San Diego,25,"Mahan, Junaé",False,8,1,2,0.5,0,1,0.0,0,0,,0,3,3,0,0,2,0,0,2
2023-02-04_csu_bakersfield_uc_san_diego,UC San Diego,23,"Thompson, Courtni",False,11,0,0,,0,0,,1,2,0.5,0,0,0,0,0,1,0,0,1
2023-02-04_csu_bakersfield_uc_san_diego,UC San Diego,35,"Springs, Katie",False,15,0,0,,0,0,,0,2,0.0,1,3,4,1,1,1,0,0,0
2023-02-04_csu_bakersfield_uc_san_diego,UC San Diego,05,"Louther, Gabby",False,13,0,1,0.0,0,1,0.0,0,0,,0,1,1,0,0,1,1,1,0
2023-02-04_csu_bakersfield_uc_san_diego,UC San Diego,02,"Talbot, Grace",False,1,0,0,,0,0,,0,0,,0,0,0,0,0,0,0,0,0
2023-02-04_csu_bakersfield_uc_san_diego,UC San Diego,TM,TEAM,False,0,0,0,,0,0,,0,0,,1,1,2,0,0,0,0,0,0
2023-02-04_csu_bakersfield_uc_san_diego,CSU Bakersfield,03,"van Schaik, Hennie",True,38,1,3,0.333,0,1,0.0,7,10,0.7,3,5,8,4,0,6,1,1,9
2023-02-04_csu_bakersfield_uc_san_diego,CSU Bakersfield,05,"Tougas, Sophia",True,30,4,13,0.308,1,4,0.25,0,0,,0,5,5,0,0,1,1,0,9
2023-02-04_csu_bakersfield_uc_san_diego,CSU Bakersfield,14,"Ortiz, Nseije",True,28,1,5,0.2,0,2,0.0,1,4,0.25,0,4,4,5,2,2,0,4,3
2023-02-04_csu_bakersfield_uc_san_diego,CSU Bakersfield,32,"Freeman, Garrisen",True,20,1,7,0.143,0,4,0.0,1,2,0.5,0,0,0,4,0,0,1,1,3
2023-02-04_csu_bakersfield_uc_san_diego,CSU Bakersfield,00,"Johnson, Simone",True,21,0,4,0.0,0,2,0.0,1,2,0.5,1,1,2,2,0,0,0,2,1
2023-02-04_csu_bakersfield_uc_san_diego,CSU Bakersfield,04,"Hunter, Grace",False,28,4,10,0.4,1,4,0.25,1,2,0.5,1,3,4,2,0,2,1,2,10
2023-02-04_csu_bakersfield_uc_san_diego,CSU Bakersfield,13,"Herrera, Solmilena",False,11,1,2,0.5,0,0,,1,1,1.0,1,3,4,2,0,2,0,0,3
2023-02-04_csu_bakersfield_uc_san_diego,CSU Bakersfield,02,"Edwards, Morgan",False,11,1,3,0.333,0,1,0.0,0,0,,0,0,0,3,0,1,0,0,2
2023-02-04_csu_bakersfield_uc_san_diego,CSU Bakersfield,33,"Riley, Julia",False,6,0,2,0.0,0,1,0.0,2,2,1.0,1,1,2,1,0,1,0,0,2
2023-02-04_csu_bakersfield_uc_san_diego,CSU Bakersfield,24,"Bridges-Bey, Sage",False,7,0,2,0.0,0,0,,0,0,,0,3,3,0,0,0,0,1,0
2023-02-04_csu_bakersfield_uc_san_diego,CSU Bakersfield,TM,TEAM,False,0,0,0,,0,0,,0,0,,1,1,2,0,0,2,0,0,0
2023-02-04_uc_santa_barbara_csun,CSUN,01,"Jackson, Jordyn",True,38,7,23,0.304,1,8,0.125,4,4,1.0,0,1,1,2,2,5,0,0,19
2023-02-04_uc_santa_barbara_csun,CSUN,15,"Amundsen, Tess",True,36,5,9,0.556,4,5,0.8,1,2,0.5,3,2,5,1,0,0,0,1,15
2023-02-04_uc_santa_barbara_csun,CSUN,34,"Spriggs, Kayanna",True,25,4,6,0.667,0,0,,1,1,1.0,3,3,6,4,0,1,0,3,9
2023-02-04_uc_santa_barbara_csun,CSUN,05,"Duchemin, Michelle",True,28,3,12,0.25,0,1,0.0,0,0,,3,3,6,3,1,1,1,1,6
2023-02-04_uc_santa_barbara_csun,CSUN,21,"Tu'ua, Anaiyah",True,35,2,6,0.333,0,2,0.0,0,0,,3,2,5,4,3,3,0,0,4
2023-02-04_uc_santa_barbara_csun,CSUN,10,"De Jesus , Ana Carolina",False,11,2,4,0.5,0,0,,0,0,,2,1,3,1,0,1,0,1,4
2023-02-04_uc_santa_barbara_csun,CSUN,13,"Fourie, Rochelle",False,3,1,1,1.0,0,0,,0,0,,0,1,1,0,0,0,0,0,2
2023-02-04_uc_santa_barbara_csun,CSUN,45,"Nikishina , Arina",False,1,1,1,1.0,0,0,,0,0,,0,0,0,0,0,0,0,0,2
2023-02-04_uc_santa_barbara_csun,CSUN,24,"Smith, Macy",False,11,0,2,0.0,0,0,,0,0,,0,1,1,0,1,0,0,0,0
2023-02-04_uc_santa_barbara_csun,CSUN,00,"Williams, De'jah",False,7,0,3,0.0,0,0,,0,0,,3,0,3,1,1,0,0,1,0
2023-02-04_uc_santa_barbara_csun,CSUN,25,"Amundsen, Laney",False,3,0,1,0.0,0,1,0.0,0,0,,1,0,1,0,0,1,0,0,0
2023-02-04_uc_santa_barbara_csun,CSUN,04,"Harvey, Rachel",False,2,0,0,,0,0,,0,0,,0,0,0,0,0,0,0,0,0
2023-02-04_uc_santa_barbara_csun,CSUN,TM,TEAM,False,0,0,0,,0,0,,0,0,,5,3,8,0,0,1,0,0,0
2023-02-04_uc_santa_barbara_csun,UC Santa Barbara,31,"Lane, Ila",True,37,6,11,0.545,0,0,,4,4,1.0,2,7,9,3,0,2,1,0,16
2023-02-04_uc_santa_barbara_csun,UC Santa Barbara,02,"Tucker, Alexis",True,35,6,11,0.545,0,3,0.0,4,6,0.667,3,5,8,3,1,0,0,1,16
2023-02-04_uc_santa_barbara_csun,UC Santa Barbara,03,"Marin, Alyssa",True,19,3,3,1.0,0,0,,3,4,0.75,0,0,0,3,0,3,0,1,9
2023-02-04_uc_santa_barbara_csun,UC Santa Barbara,10,"Choice, Anya",True,34,3,9,0.333,0,3,0.0,0,0,,0,1,1,2,4,2,0,1,6
2023-02-04_uc_santa_barbara_csun,UC Santa Barbara,12,"Mole, Taylor",True,4,0,2,0.0,0,0,,0,0,,0,0,0,0,0,0,0,0,0
2023-02-04_uc_santa_barbara_csun,UC Santa Barbara,21,"Johnson, Kennedy",False,23,4,5,0.8,0,1,0.0,0,0,,1,1,2,1,1,1,0,1,8
2023-02-04_uc_santa_barbara_csun,UC Santa Barbara,05,"Cooper, Callie",False,34,2,5,0.4,1,2,0.5,1,2,0.5,1,3,4,1,2,6,0,1,6
2023-02-04_uc_santa_barbara_csun,UC Santa Barbara,32,"Grant, Jessica",False,6,1,2,0.5,1,2,0.5,0,0,,0,0,0,0,1,0,0,0,3
2023-02-04_uc_santa_barbara_csun,UC Santa Barbara,23,"Whitfield, Alexis",False,8,0,0,,0,0,,0,0,,0,2,2,2,0,1,1,0,0
2023-02-04_uc_santa_barbara_csun,UC Santa Barbara,TM,TEAM,False,0,0,0,,0,0,,0,0,,1,1,2,0,0,0,0,0,0
2023-02-04_uc_riverside_cal_st_fullerton,Cal St. Fullerton,5,"Jovanovic, Una",True,45,10,20,0.5,0,0,,1,2,0.5,1,5,6,3,5,4,0,1,21
2023-02-04_uc_riverside_cal_st_fullerton,Cal St. Fullerton,4,"Vidmar, Gabi",True,44,4,8,0.5,2,4,0.5,5,5,1.0,0,1,1,2,3,2,1,1,15
2023-02-04_uc_riverside_cal_st_fullerton,Cal St. Fullerton,32,"Lewis, Ashlee",True,39,5,11,0.455,0,0,,4,4,1.0,3,7,10,3,1,4,1,1,14
2023-02-04_uc_riverside_cal_st_fullerton,Cal St. Fullerton,55,"Nimmo, Fujika",True,42,3,10,0.3,1,2,0.5,6,8,0.75,0,2,2,3,1,5,1,5,13
2023-02-04_uc_riverside_cal_st_fullerton,Cal St. Fullerton,13,"Hernandez, Aixchel",True,31,0,6,0.0,0,0,,0,0,,0,8,8,5,0,1,2,0,0
2023-02-04_uc_riverside_cal_st_fullerton,Cal St. Fullerton,21,"Tse, Allysan",False,16,0,3,0.0,0,2,0.0,0,0,,4,3,7,0,0,0,0,0,0
2023-02-04_uc_riverside_cal_st_fullerton,Cal St. Fullerton,11,"Macdonald, Ruby",False,4,0,0,,0,0,,0,0,,0,0,0,1,0,0,0,0,0
2023-02-04_uc_riverside_cal_st_fullerton,Cal St. Fullerton,1,"Panagiotopoulou, Nancy",False,2,0,2,0.0,0,2,0.0,0,0,,0,1,1,0,0,0,0,0,0
2023-02-04_uc_riverside_cal_st_fullerton,Cal St. Fullerton,10,"Lagway, Demonnie",False,2,0,0,,0,0,,0,0,,0,0,0,0,0,1,0,0,0
2023-02-04_uc_riverside_cal_st_fullerton,Cal St. Fullerton,TM,TEAM,False,0,0,0,,0,0,,0,0,,2,4,6,0,0,2,0,0,0
2023-02-04_uc_riverside_cal_st_fullerton,UC Riverside,15,"Blount, Anna",True,35,7,17,0.412,0,0,,7,7,1.0,2,4,6,3,0,3,0,1,21
2023-02-04_uc_riverside_cal_st_fullerton,UC Riverside,32,"Webster, Jordan",True,37,2,8,0.25,2,7,0.286,3,4,0.75,0,3,3,0,1,2,0,3,9
2023-02-04_uc_riverside_cal_st_fullerton,UC Riverside,2,"Walters, Ryanne",True,39,1,8,0.125,0,3,0.0,2,2,1.0,1,1,2,1,5,0,0,1,4
2023-02-04_uc_riverside_cal_st_fullerton,UC Riverside,22,"Atchley, Paris",True,19,1,5,0.2,1,3,0.333,0,0,,0,2,2,4,1,3,0,0,3
2023-02-04_uc_riverside_cal_st_fullerton,UC Riverside,1,"Bryant, Matehya",True,22,1,6,0.167,0,0,,0,0,,1,5,6,0,1,0,1,0,2
2023-02-04_uc_riverside_cal_st_fullerton,UC Riverside,3,"Tillery, Zoe",False,27,6,10,0.6,3,6,0.5,2,4,0.5,0,4,4,1,1,2,1,1,17
2023-02-04_uc_riverside_cal_st_fullerton,UC Riverside,13,"Finau, Mele",False,19,1,5,0.2,0,1,0.0,2,2,1.0,0,4,4,2,1,1,0,0,4
2023-02-04_uc_riverside_cal_st_fullerton,UC Riverside,11,"Matarranz, Esther",False,14,2,3,0.667,0,0,,0,0,,2,1,3,3,0,1,0,0,4
2023-02-04_uc_riverside_cal_st_fullerton,UC Riverside,10,"Stenberg, Julia",False,13,1,3,0.333,0,2,0.0,0,0,,1,1,2,1,0,2,0,1,2
2023-02-04_uc_riverside_cal_st_fullerton,UC Riverside,TM,TEAM,False,0,0,0,,0,0,,0,0,,2,3,5,0,0,0,0,0,0
2023-02-09_uc_davis_uc_riverside,UC Riverside,01,"Bryant, Matehya",True,21,9,12,0.75,0,0,,3,3,1.0,3,1,4,1,1,1,0,1,21
2023-02-09_uc_davis_uc_riverside,UC Riverside,32,"Webster, Jordan",True,36,4,12,0.333,2,6,0.333,4,4,1.0,3,4,7,1,2,1,0,3,14
2023-02-09_uc_davis_uc_riverside,UC Riverside,02,"Walters, RyAnne",True,32,5,12,0.417,1,2,0.5,0,0,,1,5,6,3,3,2,0,3,11
2023-02-09_uc_davis_uc_riverside,UC Riverside,13,"Finau, Mele",True,36,2,8,0.25,1,4,0.25,0,0,,0,3,3,3,0,0,0,1,5
2023-02-09_uc_davis_uc_riverside,UC Riverside,22,"Atchley, Paris",True,32,2,6,0.333,0,2,0.0,0,3,0.0,0,0,0,3,3,2,0,0,4
2023-02-09_uc_davis_uc_riverside,UC Riverside,15,"Blount, Anna",False,13,1,7,0.143,0,0,,3,4,0.75,1,3,4,4,0,1,1,0,5
2023-02-09_uc_davis_uc_riverside,UC Riverside,03,"Tillery, Zoe",False,15,1,6,0.167,0,2,0.0,2,2,1.0,0,1,1,3,0,0,0,0,4
2023-02-09_uc_davis_uc_riverside,UC Riverside,10,"Stenberg, Julia",False,9,0,2,0.0,0,2,0.0,0,0,,1,1,2,1,0,0,0,0,0
2023-02-09_uc_davis_uc_riverside,UC Riverside,11,"Matarranz, Esther",False,6,0,1,0.0,0,0,,0,0,,1,0,1,2,0,0,0,0,0
2023-02-09_uc_davis_uc_riverside,UC Riverside,TM,TEAM,False,0,0,0,,0,0,,0,0,,3,3,6,0,0,2,0,0,0
2023-02-09_uc_davis_uc_riverside,UC Davis,15,"Turner, Evanne",True,39,5,10,0.5,3,5,0.6,5,5,1.0,1,6,7,2,1,0,0,1,18
2023-02-09_uc_davis_uc_riverside,UC Davis,14,"Sabel, Tova",True,27,7,12,0.583,1,4,0.25,1,2,0.5,0,2,2,1,2,3,1,0,16
2023-02-09_uc_davis_uc_riverside,UC Davis,01,"Sussman, Tess",True,26,4,6,0.667,3,4,0.75,3,4,0.75,1,4,5,2,3,1,0,0,14
2023-02-09_uc_davis_uc_riverside,UC Davis,25,"Norris, Megan",True,21,2,5,0.4,0,0,,4,4,1.0,3,3,6,1,1,1,0,0,8
2023-02-09_uc_davis_uc_riverside,UC Davis,03,"Gray, Campbell",True,11,0,2,0.0,0,1,0.0,0,0,,0,1,1,1,3,2,0,0,0
2023-02-09_uc_davis_uc_riverside,UC Davis,13,"Burns, Sydney",False,29,4,5,0.8,2,2,1.0,2,3,0.667,0,7,7,3,2,4,0,0,12
2023-02-09_uc_davis_uc_riverside,UC Davis,33,"Harris, Mazatlan",False,14,1,2,0.5,0,1,0.0,1,2,0.5,0,1,1,0,0,1,0,2,3
2023-02-09_uc_davis_uc_riverside,UC Davis,23,"Baker, Victoria",False,6,0,2,0.0,0,0,,2,4,0.5,1,1,2,1,0,1,0,0,2
2023-02-09_uc_davis_uc_riverside,UC Davis,02,"Jones, Megan",False,19,0,3,0.0,0,1,0.0,0,0,,2,2,4,2,3,2,4,0,0
2023-02-09_uc_davis_uc_riverside,UC Davis,04,"Epps, Nya",False,5,0,1,0.0,0,1,0.0,0,0,,0,0,0,0,0,0,0,1,0
2023-02-09_uc_davis_uc_riverside,UC Davis,20,"Sanders, Makaila",False,3,0,1,0.0,0,1,0.0,0,0,,0,1,1,1,0,0,0,0,0
2023-02-09_uc_davis_uc_riverside,UC Davis,TM,TEAM,False,0,0,0,,0,0,,0,0,,0,3,3,0,0,1,0,0,0
2023-02-09_uc_san_diego_hawaii,Hawaii,03,"Wahinekapu, Lily",True,37,5,12,0.417,0,3,0.0,2,3,0.667,1,2,3,0,2,5,0,1,12
2023-02-09_uc_san_diego_hawaii,Hawaii,11,"Spiller, Kallin",True,22,6,14,0.429,0,1,0.0,0,0,,5,4,9,0,4,1,1,0,12
2023-02-09_uc_san_diego_hawaii,Hawaii,01,"Imai, Kelsie",True,25,3,6,0.5,3,4,0.75,0,0,,1,5,6,1,3,1,0,0,9
2023-02-09_uc_san_diego_hawaii,Hawaii,23,"McBee, Meilani",True,37,2,7,0.286,1,5,0.2,0,0,,1,0,1,4,0,0,0,3,5
2023-02-09_uc_san_diego_hawaii,Hawaii,20,"Haire, McKenna",True,15,1,2,0.5,1,2,0.5,0,0,,0,2,2,1,1,2,0,0,3
2023-02-09_uc_san_diego_hawaii,Hawaii,02,"Thoms, Ashley",False,18,3,6,0.5,3,6,0.5,0,0,,0,6,6,1,3,0,0,0,9
2023-02-09_uc_san_diego_hawaii,Hawaii,15,"Phillips, Daejah",False,28,2,8,0.25,0,1,0.0,3,4,0.75,1,2,3,3,3,0,1,3,7
2023-02-09_uc_san_diego_hawaii,Hawaii,14,"Orji, Nnenna",False,10,2,4,0.5,0,0,,0,0,,0,1,1,3,2,3,1,0,4
2023-02-09_uc_san_diego_hawaii,Hawaii,12,"Perez, Imani",False,8,0,1,0.0,0,1,0.0,0,0,,1,1,2,1,0,0,0,0,0
2023-02-09_uc_san_diego_hawaii,Hawaii,TM,TEAM,False,0,0,0,,0,0,,0,0,,3,1,4,0,0,0,0,0,0
2023-02-09_uc_san_diego_hawaii,UC San Diego,13,"Brown, Sydney",True,31,6,13,0.462,3,5,0.6,0,0,,1,6,7,0,3,2,0,0,15
2023-02-09_uc_san_diego_hawaii,UC San Diego,04,"Cangelosi, Emily",True,35,6,15,0.4,2,7,0.286,0,0,,4,4,8,2,2,1,0,1,14
2023-02-09_uc_san_diego_hawaii,UC San Diego,32,"Montgomery, Parker",True,34,3,4,0.75,1,2,0.5,1,1,1.0,0,2,2,0,4,2,1,3,8
2023-02-09_uc_san_diego_hawaii,UC San Diego,20,"Forsyth, Izzy",True,32,1,8,0.125,0,3,0.0,4,4,1.0,4,2,6,2,1,2,1,0,6
2023-02-09_uc_san_diego_hawaii,UC San Diego,10,"Macabuhay, Julia",True,24,3,11,0.273,0,5,0.0,0,0,,0,2,2,2,5,3,0,1,6
2023-02-09_uc_san_diego_hawaii,UC San Diego,24,"Mullings, Bridget",False,17,3,6,0.5,1,3,0.333,0,0,,0,3,3,1,0,2,0,0,7
2023-02-09_uc_san_diego_hawaii,UC San Diego,23,"Thompson, Courtni",False,16,0,2,0.0,0,0,,2,2,1.0,0,1,1,1,3,1,0,2,2
2023-02-09_uc_san_diego_hawaii,UC San Diego,12,"Baxter, Madison",False,11,0,1,0.0,0,1,0.0,0,0,,0,2,2,1,1,0,0,1,0
2023-02-09_uc_san_diego_hawaii,UC San Diego,TM,TEAM,False,0,0,0,,0,0,,0,0,,4,2,6,0,0,1,0,0,0
2023-02-09_cal_poly_uc_irvine,UC Irvine,20,"Hernandez, Hunter",True,26,7,13,0.538,2,5,0.4,9,10,0.9,0,2,2,3,1,3,1,3,25
2023-02-09_cal_poly_uc_irvine,UC Irvine,3,"Tom, Nikki",True,39,3,10,0.3,2,6,0.333,2,3,0.667,0,6,6,3,2,1,0,3,10
2023-02-09_cal_poly_uc_irvine,UC Irvine,11,"Scharpf, Amelia",True,28,3,9,0.333,2,5,0.4,2,2,1.0,0,2,2,2,2,0,0,0,10
2023-02-09_cal_poly_uc_irvine,UC Irvine,13,"Lee, Deja",True,24,2,10,0.2,0,2,0.0,0,0,,0,3,3,2,3,3,0,0,4
2023-02-09_cal_poly_uc_irvine,UC Irvine,24,"Dean, Nevaeh",True,24,0,3,0.0,0,0,,0,0,,3,2,5,2,3,1,0,1,0
2023-02-09_cal_poly_uc_irvine,UC Irvine,23,"Konate, Diaba",False,31,2,8,0.25,0,1,0.0,5,6,0.833,2,3,5,2,3,2,0,2,9
2023-02-09_cal_poly_uc_irvine,UC Irvine,32,"Parkinson, Nevaeh",False,18,3,10,0.3,0,0,,1,2,0.5,4,4,8,0,0,1,0,0,7
2023-02-09_cal_poly_uc_irvine,UC Irvine,22,"Gony, Nyagoa",False,9,1,1,1.0,0,0,,1,2,0.5,3,2,5,2,0,0,3,0,3
2023-02-09_cal_poly_uc_irvine,UC Irvine,1,"Ross, Tarryn",False,1,0,0,,0,0,,0,0,,0,0,0,0,0,0,0,0,0
2023-02-09_cal_poly_uc_irvine,UC Irvine,TM,TEAM,False,0,0,0,,0,0,,0,0,,4,2,6,0,0,0,0,0,0
2023-02-09_cal_poly_uc_irvine,Cal Poly,15,"Bourland, Sydney",True,27,4,10,0.4,0,1,0.0,5,6,0.833,2,3,5,4,1,2,0,2,13
2023-02-09_cal_poly_uc_irvine,Cal Poly,33,"Willett, Maddie",True,33,5,11,0.455,2,5,0.4,0,0,,1,2,3,3,3,1,0,1,12
2023-02-09_cal_poly_uc_irvine,Cal Poly,24,"Toure, Oumou",True,32,1,9,0.111,0,2,0.0,6,8,0.75,3,2,5,4,5,5,1,1,8
2023-02-09_cal_poly_uc_irvine,Cal Poly,5,"Anousinh, Jazzy",True,34,3,8,0.375,1,5,0.2,0,0,,1,4,5,1,3,4,0,3,7
2023-02-09_cal_poly_uc_irvine,Cal Poly,2,"Shah, Annika",True,24,3,7,0.429,0,2,0.0,0,0,,0,2,2,5,2,2,0,0,6
2023-02-09_cal_poly_uc_irvine,Cal Poly,35,"Ackerman, Natalia",False,26,3,7,0.429,0,1,0.0,0,2,0.0,4,9,13,2,0,3,4,0,6
2023-02-09_cal_poly_uc_irvine,Cal Poly,23,"Wu, Taylor",False,24,1,5,0.2,1,3,0.333,0,0,,1,3,4,1,1,2,0,1,3
2023-02-09_cal_poly_uc_irvine,Cal Poly,TM,TEAM,False,0,0,0,,0,0,,0,0,,0,3,3,0,0,0,0,0,0
2023-02-09_uc_santa_barbara_long_beach_st,Long Beach St.,12,"Harris, Tori",True,37,8,15,0.533,1,3,0.333,4,4,1.0,3,5,8,4,3,6,0,1,21
2023-02-09_uc_santa_barbara_long_beach_st,Long Beach St.,25,"Hamilton-Fisher, Kianna",True,30,5,10,0.5,0,0,,0,0,,2,2,4,4,6,2,0,3,10
2023-02-09_uc_santa_barbara_long_beach_st,Long Beach St.,00,"Berry, Ma'Qhi",True,28,3,5,0.6,1,1,1.0,1,2,0.5,1,2,3,3,2,0,0,1,8
2023-02-09_uc_santa_barbara_long_beach_st,Long Beach St.,23,"Green, Lauren",True,25,2,3,0.667,0,0,,0,0,,0,1,1,3,0,1,1,3,4
2023-02-09_uc_santa_barbara_long_beach_st,Long Beach St.,11,"Jeskeova, Kristyna",True,2,1,2,0.5,0,0,,0,0,,3,0,3,0,0,0,0,0,2
2023-02-09_uc_santa_barbara_long_beach_st,Long Beach St.,05,"Ka, Kennan",False,21,2,6,0.333,2,5,0.4,0,0,,1,0,1,0,2,0,0,0,6
2023-02-09_uc_santa_barbara_long_beach_st,Long Beach St.,21,"Shoff, Abby",False,8,2,4,0.5,1,1,1.0,0,0,,0,2,2,1,0,0,0,0,5
2023-02-09_uc_santa_barbara_long_beach_st,Long Beach St.,33,"Murphy, Courtney",False,35,1,8,0.125,0,6,0.0,0,2,0.0,1,4,5,4,3,2,0,2,2
2023-02-09_uc_santa_barbara_long_beach_st,Long Beach St.,03,"Chung, Patricia",False,14,0,4,0.0,0,1,0.0,0,0,,0,1,1,1,0,1,0,0,0
2023-02-09_uc_santa_barbara_long_beach_st,Long Beach St.,TM,TEAM,False,0,0,0,,0,0,,0,0,,1,1,2,0,0,1,0,0,0
2023-02-09_uc_santa_barbara_long_beach_st,UC Santa Barbara,31,"Lane, Ila",True,38,7,11,0.636,0,0,,5,7,0.714,7,7,14,1,1,1,1,0,19
2023-02-09_uc_santa_barbara_long_beach_st,UC Santa Barbara,02,"Tucker, Alexis",True,32,4,7,0.571,2,2,1.0,4,4,1.0,1,4,5,0,2,1,0,2,14
2023-02-09_uc_santa_barbara_long_beach_st,UC Santa Barbara,10,"Choice, Anya",True,30,0,1,0.0,0,1,0.0,3,4,0.75,0,1,1,0,2,3,0,0,3
2023-02-09_uc_santa_barbara_long_beach_st,UC Santa Barbara,03,"Marin, Alyssa",True,18,1,6,0.167,0,4,0.0,1,1,1.0,0,0,0,3,1,1,0,1,3
2023-02-09_uc_santa_barbara_long_beach_st,UC Santa Barbara,12,"Mole, Taylor",True,4,1,1,1.0,0,0,,0,0,,0,0,0,0,0,1,0,0,2
2023-02-09_uc_santa_barbara_long_beach_st,UC Santa Barbara,23,"Whitfield, Alexis",False,19,3,10,0.3,0,0,,1,2,0.5,1,3,4,2,3,2,0,1,7
2023-02-09_uc_santa_barbara_long_beach_st,UC Santa Barbara,05,"Cooper, Callie",False,33,2,5,0.4,0,2,0.0,0,0,,1,2,3,3,7,5,0,2,4
2023-02-09_uc_santa_barbara_long_beach_st,UC Santa Barbara,32,"Grant, Jessica",False,15,1,4,0.25,1,2,0.5,0,0,,0,0,0,2,0,1,0,0,3
2023-02-09_uc_santa_barbara_long_beach_st,UC Santa Barbara,21,"Johnson, Kennedy",False,9,1,2,0.5,0,0,,0,0,,0,1,1,1,0,1,0,0,2
2023-02-09_uc_santa_barbara_long_beach_st,UC Santa Barbara,55,"Burke, Skylar",False,2,0,1,0.0,0,0,,0,0,,0,0,0,1,0,0,0,0,0
2023-02-09_uc_santa_barbara_long_beach_st,UC Santa Barbara,TM,TEAM,False,0,0,0,,0,0,,0,0,,1,4,5,0,0,1,0,0,0
2023-02-09_csun_csu_bakersfield,CSU Bakersfield,3,"van Schaik, Hennie",True,35,6,17,0.353,0,4,0.0,6,9,0.667,2,3,5,3,2,2,1,0,18
2023-02-09_csun_csu_bakersfield,CSU Bakersfield,32,"Freeman, Garrisen",True,29,3,4,0.75,1,1,1.0,3,4,0.75,0,4,4,4,2,2,0,2,10
2023-02-09_csun_csu_bakersfield,CSU Bakersfield,14,"Ortiz, Nseije",True,25,1,3,0.333,1,2,0.5,1,2,0.5,2,3,5,2,0,2,0,1,4
2023-02-09_csun_csu_bakersfield,CSU Bakersfield,13,"Herrera, Solmilena",True,12,1,3,0.333,0,0,,2,2,1.0,1,3,4,4,0,1,0,0,4
2023-02-09_csun_csu_bakersfield,CSU Bakersfield,00,"Johnson, Simone",True,14,0,2,0.0,0,1,0.0,0,0,,0,3,3,1,0,0,0,0,0
2023-02-09_csun_csu_bakersfield,CSU Bakersfield,11,"Caldwell, Taylor",False,34,5,10,0.5,0,1,0.0,1,2,0.5,0,4,4,2,4,5,0,3,11
2023-02-09_csun_csu_bakersfield,CSU Bakersfield,5,"Tougas, Sophia",False,15,1,7,0.143,1,5,0.2,2,2,1.0,1,0,1,2,0,0,0,2,5
2023-02-09_csun_csu_bakersfield,CSU Bakersfield,50,"Hunter, Grace",False,23,1,4,0.25,1,4,0.25,0,0,,0,1,1,4,2,2,0,3,3
2023-02-09_csun_csu_bakersfield,CSU Bakersfield,2,"Edwards, Morgan",False,8,1,3,0.333,1,1,1.0,0,0,,0,0,0,1,0,0,0,0,3
2023-02-09_csun_csu_bakersfield,CSU Bakersfield,33,"Riley, Julia",False,5,1,1,1.0,0,0,,0,0,,1,0,1,0,0,0,0,0,2
2023-02-09_csun_csu_bakersfield,CSU Bakersfield,TM,TEAM,False,0,0,0,,0,0,,0,0,,0,3,3,0,0,0,0,0,0
2023-02-09_csun_csu_bakersfield,CSUN,15,"Amundsen, Tess",True,32,6,10,0.6,5,5,1.0,3,4,0.75,0,6,6,3,1,2,0,2,20
2023-02-09_csun_csu_bakersfield,CSUN,34,"Spriggs, Kayanna",True,19,3,5,0.6,0,0,,5,8,0.625,1,3,4,4,0,1,1,0,11
2023-02-09_csun_csu_bakersfield,CSUN,21,"Tu'ua, Anaiyah",True,31,3,6,0.5,0,1,0.0,4,4,1.0,2,3,5,3,4,5,0,3,10
2023-02-09_csun_csu_bakersfield,CSUN,1,"Jackson, Jordyn",True,31,1,6,0.167,0,0,,2,2,1.0,2,2,4,1,4,1,0,3,4
2023-02-09_csun_csu_bakersfield,CSUN,5,"Duchemin, Michelle",True,20,1,2,0.5,1,1,1.0,1,2,0.5,0,1,1,3,2,3,0,0,4
2023-02-09_csun_csu_bakersfield,CSUN,24,"Smith, Macy",False,18,1,4,0.25,1,3,0.333,2,2,1.0,0,1,1,2,1,1,0,1,5
2023-02-09_csun_csu_bakersfield,CSUN,13,"Fourie, Rochelle",False,10,1,2,0.5,0,0,,2,4,0.5,2,2,4,2,0,1,0,0,4
2023-02-09_csun_csu_bakersfield,CSUN,45,"Nikishina , Arina",False,3,2,3,0.667,0,0,,0,0,,0,1,1,0,1,0,0,0,4
2023-02-09_csun_csu_bakersfield,CSUN,10,"de Jesus , Ana Carolina",False,14,1,4,0.25,0,0,,1,2,0.5,0,4,4,2,2,3,2,0,3
2023-02-09_csun_csu_bakersfield,CSUN,00,"Williams, De’jah",False,8,1,3,0.333,0,0,,0,0,,0,1,1,0,1,0,0,1,2
2023-02-09_csun_csu_bakersfield,CSUN,4,"Harvey, Rachel",False,6,1,2,0.5,0,0,,0,0,,0,2,2,0,0,0,0,0,2
2023-02-09_csun_csu_bakersfield,CSUN,25,"Amundsen, Laney",False,7,0,0,,0,0,,0,0,,0,1,1,1,0,1,0,0,0
2023-02-09_csun_csu_bakersfield,CSUN,11,"Smith, Olivia",False,1,0,0,,0,0,,0,0,,0,0,0,0,0,0,0,0,0
2023-02-09_csun_csu_bakersfield,CSUN,TM,TEAM,False,0,0,0,,0,0,,0,0,,1,2,3,0,0,0,0,0,0
2023-02-11_uc_davis_uc_santa_barbara,UC Santa Barbara,31,"Lane, Ila",True,26,3,6,0.5,0,0,,8,9,0.889,2,2,4,3,0,2,0,0,14
2023-02-11_uc_davis_uc_santa_barbara,UC Santa Barbara,02,"Tucker, Alexis",True,32,5,10,0.5,0,2,0.0,1,2,0.5,0,11,11,4,3,3,0,2,11
2023-02-11_uc_davis_uc_santa_barbara,UC Santa Barbara,03,"Marin, Alyssa",True,13,2,4,0.5,1,1,1.0,3,4,0.75,0,2,2,1,1,1,0,0,8
2023-02-11_uc_davis_uc_santa_barbara,UC Santa Barbara,12,"Mole, Taylor",True,17,3,5,0.6,1,2,0.5,0,0,,0,1,1,1,1,2,0,0,7
2023-02-11_uc_davis_uc_santa_barbara,UC Santa Barbara,10,"Choice, Anya",True,32,1,7,0.143,0,3,0.0,3,4,0.75,0,0,0,1,2,5,1,0,5
2023-02-11_uc_davis_uc_santa_barbara,UC Santa Barbara,05,"Cooper, Callie",False,34,3,7,0.429,2,3,0.667,6,6,1.0,1,5,6,5,2,1,0,0,14
2023-02-11_uc_davis_uc_santa_barbara,UC Santa Barbara,23,"Whitfield, Alexis",False,16,4,5,0.8,0,0,,4,5,0.8,2,3,5,2,1,1,0,1,12
2023-02-11_uc_davis_uc_santa_barbara,UC Santa Barbara,21,"Johnson, Kennedy",False,25,2,4,0.5,0,1,0.0,2,2,1.0,2,3,5,2,1,0,1,1,6
2023-02-11_uc_davis_uc_santa_barbara,UC Santa Barbara,13,"Modawar, Tatyana",False,4,0,0,,0,0,,0,0,,0,0,0,1,0,0,0,0,0
2023-02-11_uc_davis_uc_santa_barbara,UC Santa Barbara,32,"Grant, Jessica",False,1,0,0,,0,0,,0,0,,0,0,0,0,0,0,0,0,0
2023-02-11_uc_davis_uc_santa_barbara,UC Santa Barbara,TM,TEAM,False,0,0,0,,0,0,,0,0,,2,2,4,0,0,2,0,0,0
2023-02-11_uc_davis_uc_santa_barbara,UC Davis,14,"Sabel, Tova",True,32,5,12,0.417,4,9,0.444,1,2,0.5,1,4,5,3,0,1,2,1,15
2023-02-11_uc_davis_uc_santa_barbara,UC Davis,15,"Turner, Evanne",True,34,6,14,0.429,0,4,0.0,0,0,,1,2,3,4,3,1,0,1,12
2023-02-11_uc_davis_uc_santa_barbara,UC Davis,25,"Norris, Megan",True,20,3,5,0.6,0,1,0.0,0,0,,2,5,7,2,3,0,0,0,6
2023-02-11_uc_davis_uc_santa_barbara,UC Davis,01,"Sussman, Tess",True,19,0,6,0.0,0,2,0.0,2,2,1.0,0,1,1,2,0,0,0,2,2
2023-02-11_uc_davis_uc_santa_barbara,UC Davis,03,"Gray, Campbell",True,8,0,0,,0,0,,0,0,,0,0,0,2,1,2,0,0,0
2023-02-11_uc_davis_uc_santa_barbara,UC Davis,23,"Baker, Victoria",False,18,2,6,0.333,0,1,0.0,4,4,1.0,1,0,1,5,0,1,0,1,8
2023-02-11_uc_davis_uc_santa_barbara,UC Davis,20,"Sanders, Makaila",False,11,3,4,0.75,1,2,0.5,1,2,0.5,2,2,4,3,1,2,0,1,8
2023-02-11_uc_davis_uc_santa_barbara,UC Davis,04,"Epps, Nya",False,19,3,7,0.429,0,2,0.0,1,2,0.5,1,1,2,2,0,1,0,0,7
2023-02-11_uc_davis_uc_santa_barbara,UC Davis,13,"Burns, Sydney",False,24,1,6,0.167,0,2,0.0,2,2,1.0,0,1,1,1,0,1,0,1,4
2023-02-11_uc_davis_uc_santa_barbara,UC Davis,02,"Jones, Megan",False,10,1,2,0.5,0,1,0.0,0,0,,1,1,2,0,0,0,0,0,2
2023-02-11_uc_davis_uc_santa_barbara,UC Davis,33,"Harris, Mazatlan",False,5,0,2,0.0,0,1,0.0,0,0,,0,0,0,1,0,0,0,0,0
2023-02-11_uc_davis_uc_santa_barbara,UC Davis,TM,TEAM,False,0,0,0,,0,0,,0,0,,2,0,2,0,0,1,0,0,0
2023-02-11_cal_st_fullerton_hawaii,Hawaii,03,Lily Wahinekapu,True,33,4,9,0.444,1,2,0.5,1,1,1.0,2,5,7,1,2,3,0,1,10
2023-02-11_cal_st_fullerton_hawaii,Hawaii,23,Meilani McBee,True,32,2,5,0.4,2,4,0.5,0,0,,0,0,0,3,5,0,0,0,6
2023-02-11_cal_st_fullerton_hawaii,Hawaii,01,Kelsie Imai,True,28,2,6,0.333,1,2,0.5,1,2,0.5,1,5,6,2,2,3,0,1,6
2023-02-11_cal_st_fullerton_hawaii,Hawaii,11,Kallin Spiller,True,25,2,6,0.333,0,1,0.0,1,2,0.5,1,6,7,1,0,1,2,1,5
2023-02-11_cal_st_fullerton_hawaii,Hawaii,20,McKenna Haire,True,8,1,4,0.25,1,3,0.333,0,0,,0,0,0,1,0,0,0,0,3
2023-02-11_cal_st_fullerton_hawaii,Hawaii,15,Daejah Phillips,False,34,8,14,0.571,0,1,0.0,2,3,0.667,2,4,6,3,1,0,0,0,18
2023-02-11_cal_st_fullerton_hawaii,Hawaii,14,Nnenna Orji,False,20,5,9,0.556,0,0,,0,0,,1,5,6,0,0,3,1,0,10
2023-02-11_cal_st_fullerton_hawaii,Hawaii,12,Imani Perez,False,2,0,0,,0,0,,2,2,1.0,0,0,0,0,0,0,0,0,2
2023-02-11_cal_st_fullerton_hawaii,Hawaii,02,Ashley Thoms,False,18,0,2,0.0,0,1,0.0,0,0,,0,1,1,2,1,1,0,0,0
2023-02-11_cal_st_fullerton_hawaii,Hawaii,TM,TEAM,False,0,0,0,,0,0,,0,0,,1,1,2,0,0,0,0,0,0
2023-02-11_cal_st_fullerton_hawaii,Cal St. Fullerton,55,"Nimmo, Fujika",True,34,5,16,0.312,0,3,0.0,5,6,0.833,1,3,4,3,4,4,0,2,15
2023-02-11_cal_st_fullerton_hawaii,Cal St. Fullerton,13,"Hernandez, Aixchel",True,40,6,10,0.6,0,0,,2,4,0.5,4,7,11,1,0,1,0,0,14
2023-02-11_cal_st_fullerton_hawaii,Cal St. Fullerton,05,"Jovanovic, Una",True,40,3,12,0.25,1,4,0.25,2,3,0.667,1,1,2,0,4,2,0,0,9
2023-02-11_cal_st_fullerton_hawaii,Cal St. Fullerton,32,"Lewis, Ashlee",True,33,4,9,0.444,0,0,,1,2,0.5,4,8,12,3,1,0,0,0,9
2023-02-11_cal_st_fullerton_hawaii,Cal St. Fullerton,04,"Vidmar, Gabi",True,40,1,8,0.125,1,7,0.143,2,4,0.5,2,1,3,3,3,0,1,1,5
2023-02-11_cal_st_fullerton_hawaii,Cal St. Fullerton,10,"Lagway, Demonnie",False,9,1,3,0.333,0,0,,0,0,,0,1,1,0,0,0,0,0,2
2023-02-11_cal_st_fullerton_hawaii,Cal St. Fullerton,11,"MacDonald, Ruby",False,2,0,0,,0,0,,0,0,,0,0,0,0,0,0,0,0,0
2023-02-11_cal_st_fullerton_hawaii,Cal St. Fullerton,01,Nancy Panagiotopoulo,False,1,0,0,,0,0,,0,0,,0,1,1,0,0,0,0,0,0
2023-02-11_cal_st_fullerton_hawaii,Cal St. Fullerton,21,"Tse, Allysan",False,1,0,0,,0,0,,0,0,,0,0,0,0,0,0,0,0,0
2023-02-11_cal_st_fullerton_hawaii,Cal St. Fullerton,TM,TEAM,False,0,0,0,,0,0,,0,0,,0,2,2,0,0,0,0,0,0
2023-02-11_uc_riverside_uc_irvine,UC Irvine,20,"Hernandez, Hunter",True,34,7,12,0.583,0,2,0.0,2,2,1.0,3,3,6,2,0,0,0,0,16
2023-02-11_uc_riverside_uc_irvine,UC Irvine,13,"Lee, Deja",True,23,4,8,0.5,2,3,0.667,2,2,1.0,0,2,2,2,2,4,0,1,12
2023-02-11_uc_riverside_uc_irvine,UC Irvine,3,"Tom, Nikki",True,35,2,8,0.25,1,4,0.25,2,2,1.0,0,2,2,0,1,2,0,4,7
2023-02-11_uc_riverside_uc_irvine,UC Irvine,24,"Dean, Nevaeh",True,18,2,4,0.5,0,0,,0,0,,0,3,3,1,0,3,0,2,4
2023-02-11_uc_riverside_uc_irvine,UC Irvine,11,"Scharpf, Amelia",True,28,1,5,0.2,1,2,0.5,0,0,,1,2,3,1,2,3,0,1,3
2023-02-11_uc_riverside_uc_irvine,UC Irvine,23,"Konate, Diaba",False,28,3,10,0.3,1,3,0.333,0,0,,1,1,2,5,5,5,0,2,7
2023-02-11_uc_riverside_uc_irvine,UC Irvine,32,"Parkinson, Nevaeh",False,16,2,7,0.286,0,0,,1,1,1.0,5,6,11,2,2,1,0,0,5
2023-02-11_uc_riverside_uc_irvine,UC Irvine,22,"Gony, Nyagoa",False,18,1,3,0.333,0,0,,0,0,,4,4,8,1,0,0,6,0,2
2023-02-11_uc_riverside_uc_irvine,UC Irvine,TM,TEAM,False,0,0,0,,0,0,,0,0,,3,2,5,0,0,1,0,0,0
2023-02-11_uc_riverside_uc_irvine,UC Riverside,32,"Webster, Jordan",True,37,4,8,0.5,2,6,0.333,4,4,1.0,1,5,6,1,1,0,2,1,14
2023-02-11_uc_riverside_uc_irvine,UC Riverside,1,"Bryant, Matehya",True,23,4,6,0.667,0,0,,0,0,,2,2,4,2,1,2,0,1,8
2023-02-11_uc_riverside_uc_irvine,UC Riverside,2,"Walters, Ryanne",True,35,2,8,0.25,0,1,0.0,0,0,,0,0,0,2,7,5,1,2,4
2023-02-11_uc_riverside_uc_irvine,UC Riverside,13,"Finau, Mele",True,15,1,3,0.333,1,2,0.5,0,0,,0,1,1,0,0,3,0,0,3
2023-02-11_uc_riverside_uc_irvine,UC Riverside,22,"Atchley, Paris",True,25,0,4,0.0,0,1,0.0,0,0,,0,0,0,1,1,2,0,1,0
2023-02-11_uc_riverside_uc_irvine,UC Riverside,15,"Blount, Anna",False,23,5,12,0.417,0,0,,0,0,,1,4,5,2,0,2,1,1,10
2023-02-11_uc_riverside_uc_irvine,UC Riverside,3,"Tillery, Zoe",False,30,2,6,0.333,2,4,0.5,0,0,,0,2,2,2,1,2,0,2,6
2023-02-11_uc_riverside_uc_irvine,UC Riverside,11,"Matarranz, Esther",False,8,0,3,0.0,0,0,,0,0,,1,0,1,0,0,0,0,0,0
2023-02-11_uc_riverside_uc_irvine,UC Riverside,10,"Stenberg, Julia",False,4,0,1,0.0,0,1,0.0,0,0,,0,0,0,0,0,0,0,0,0
2023-02-11_uc_riverside_uc_irvine,UC Riverside,TM,TEAM,False,0,0,0,,0,0,,0,0,,3,4,7,0,0,0,0,0,0
2023-02-11_cal_poly_csun,CSUN,1,"Jackson, Jordyn",True,38,7,16,0.438,0,3,0.0,4,5,0.8,0,4,4,0,1,0,0,1,18
2023-02-11_cal_poly_csun,CSUN,5,"Duchemin, Michelle",True,31,4,11,0.364,0,2,0.0,0,0,,0,2,2,4,2,2,0,0,8
2023-02-11_cal_poly_csun,CSUN,34,"Spriggs, Kayanna",True,20,1,3,0.333,0,0,,2,2,1.0,0,4,4,1,0,1,1,0,4
2023-02-11_cal_poly_csun,CSUN,21,"Tu'ua, Anaiyah",True,35,1,4,0.25,0,1,0.0,0,0,,0,5,5,2,4,2,0,0,2
2023-02-11_cal_poly_csun,CSUN,24,"Smith, Macy",True,20,1,5,0.2,0,2,0.0,0,0,,0,5,5,0,0,0,0,2,2
2023-02-11_cal_poly_csun,CSUN,00,"Williams, De'jah",False,19,5,8,0.625,0,0,,0,1,0.0,2,2,4,1,1,1,0,1,10
2023-02-11_cal_poly_csun,CSUN,10,"de Jesus , Ana Carolina",False,12,2,2,1.0,0,0,,0,0,,0,1,1,1,0,2,0,1,4
2023-02-11_cal_poly_csun,CSUN,13,"Fourie, Rochelle",False,5,1,1,1.0,0,0,,0,0,,0,1,1,2,1,2,1,0,2
2023-02-11_cal_poly_csun,CSUN,25,"Amundsen, Laney",False,13,0,2,0.0,0,2,0.0,0,0,,0,1,1,2,2,1,0,1,0
2023-02-11_cal_poly_csun,CSUN,11,"Smith, Olivia",False,4,0,0,,0,0,,0,0,,1,0,1,1,0,2,1,0,0
2023-02-11_cal_poly_csun,CSUN,4,"Harvey, Rachel",False,3,0,0,,0,0,,0,0,,0,0,0,1,0,0,0,0,0
2023-02-11_cal_poly_csun,CSUN,TM,TEAM,False,0,0,0,,0,0,,0,0,,1,0,1,0,0,1,0,0,0
2023-02-11_cal_poly_csun,Cal Poly,2,"Shah, Annika",True,34,6,10,0.6,4,6,0.667,2,2,1.0,0,4,4,2,6,1,0,0,18
2023-02-11_cal_poly_csun,Cal Poly,24,"Toure, Oumou",True,28,3,6,0.5,0,1,0.0,8,13,0.615,1,4,5,2,1,2,1,2,14
2023-02-11_cal_poly_csun,Cal Poly,33,"Willett, Maddie",True,33,3,10,0.3,2,5,0.4,0,0,,4,4,8,0,3,3,1,2,8
2023-02-11_cal_poly_csun,Cal Poly,15,"Bourland, Sydney",True,31,3,12,0.25,0,0,,0,0,,3,1,4,0,1,4,0,0,6
2023-02-11_cal_poly_csun,Cal Poly,5,"Anousinh, Jazzy",True,23,0,2,0.0,0,1,0.0,4,4,1.0,0,2,2,3,2,1,0,0,4
2023-02-11_cal_poly_csun,Cal Poly,35,"Ackerman, Natalia",False,30,4,8,0.5,0,0,,3,6,0.5,3,9,12,3,2,1,1,2,11
2023-02-11_cal_poly_csun,Cal Poly,23,"Wu, Taylor",False,21,0,2,0.0,0,1,0.0,0,0,,0,0,0,1,2,0,0,2,0
2023-02-11_cal_poly_csun,Cal Poly,TM,TEAM,False,0,0,0,,0,0,,0,0,,0,3,3,0,0,1,0,0,0
2023-02-11_long_beach_st_csu_bakersfield,CSU Bakersfield,5,"Tougas, Sophia",True,36,6,17,0.353,4,11,0.364,2,2,1.0,2,3,5,1,0,2,0,0,18
2023-02-11_long_beach_st_csu_bakersfield,CSU Bakersfield,3,"van Schaik, Hennie",True,36,6,16,0.375,0,2,0.0,5,6,0.833,1,3,4,1,2,7,0,1,17
2023-02-11_long_beach_st_csu_bakersfield,CSU Bakersfield,00,"Johnson, Simone",True,24,1,3,0.333,0,1,0.0,0,0,,3,3,6,2,1,1,0,2,2
2023-02-11_long_beach_st_csu_bakersfield,CSU Bakersfield,11,"Caldwell, Taylor",True,28,0,2,0.0,0,0,,0,0,,0,1,1,5,8,1,0,0,0
2023-02-11_long_beach_st_csu_bakersfield,CSU Bakersfield,14,"Ortiz, Nseije",True,19,0,2,0.0,0,2,0.0,0,0,,0,0,0,4,0,2,0,1,0
2023-02-11_long_beach_st_csu_bakersfield,CSU Bakersfield,4,"Hunter, Grace",False,21,4,7,0.571,1,4,0.25,0,0,,0,2,2,4,1,5,0,3,9
2023-02-11_long_beach_st_csu_bakersfield,CSU Bakersfield,13,"Herrera, Solmilena",False,26,2,4,0.5,0,0,,3,3,1.0,3,6,9,2,2,3,1,1,7
2023-02-11_long_beach_st_csu_bakersfield,CSU Bakersfield,33,"Riley, Julia",False,4,1,1,1.0,0,0,,0,0,,1,0,1,0,0,0,0,0,2
2023-02-11_long_beach_st_csu_bakersfield,CSU Bakersfield,2,"Edwards, Morgan",False,6,0,2,0.0,0,1,0.0,0,0,,0,2,2,0,0,0,0,0,0
2023-02-11_long_beach_st_csu_bakersfield,CSU Bakersfield,TM,TEAM,False,0,0,0,,0,0,,0,0,,2,3,5,0,0,2,0,0,0
2023-02-11_long_beach_st_csu_bakersfield,Long Beach St.,25,"Hamilton-fisher, Kianna",True,40,7,13,0.538,1,3,0.333,7,8,0.875,2,3,5,1,5,1,0,5,22
2023-02-11_long_beach_st_csu_bakersfield,Long Beach St.,00,"Berry, Ma'qhi",True,33,5,9,0.556,0,1,0.0,7,7,1.0,1,7,8,2,3,3,2,3,17
2023-02-11_long_beach_st_csu_bakersfield,Long Beach St.,12,"Harris , Tori",True,30,4,9,0.444,2,3,0.667,4,4,1.0,2,3,5,2,2,2,0,2,14
2023-02-11_long_beach_st_csu_bakersfield,Long Beach St.,23,"Green, Lauren",True,20,2,6,0.333,0,0,,1,2,0.5,0,1,1,4,1,0,0,1,5
2023-02-11_long_beach_st_csu_bakersfield,Long Beach St.,33,"Murphy, Courtney",True,31,1,4,0.25,0,2,0.0,0,0,,0,1,1,3,1,2,0,2,2
2023-02-11_long_beach_st_csu_bakersfield,Long Beach St.,5,"Ka, Kennan",False,34,2,9,0.222,0,4,0.0,0,0,,2,3,5,1,0,0,0,0,4
2023-02-11_long_beach_st_csu_bakersfield,Long Beach St.,21,"Shoff, Abby",False,5,0,2,0.0,0,2,0.0,2,2,1.0,0,1,1,0,0,0,0,0,2
2023-02-11_long_beach_st_csu_bakersfield,Long Beach St.,3,"Chung, Patricia",False,7,0,1,0.0,0,0,,0,0,,1,1,2,0,0,4,0,0,0
2023-02-11_long_beach_st_csu_bakersfield,Long Beach St.,TM,TEAM,False,0,0,0,,0,0,,0,0,,1,1,2,0,0,0,0,0,0
2023-02-15_csun_uc_davis,UC Davis,14,"Sabel, Tova",True,29,10,19,0.526,2,8,0.25,1,1,1.0,2,2,4,0,1,2,0,0,23
2023-02-15_csun_uc_davis,UC Davis,1,"Sussman, Tess",True,31,5,9,0.556,3,5,0.6,4,4,1.0,0,6,6,1,2,0,0,2,17
2023-02-15_csun_uc_davis,UC Davis,25,"Norris, Megan",True,22,4,7,0.571,0,0,,0,1,0.0,2,6,8,2,1,2,2,0,8
2023-02-15_csun_uc_davis,UC Davis,15,"Turner, Evanne",True,30,2,10,0.2,2,9,0.222,0,1,0.0,1,3,4,0,4,1,0,2,6
2023-02-15_csun_uc_davis,UC Davis,3,"Gray, Campbell",True,23,0,2,0.0,0,0,,0,0,,0,1,1,0,7,2,0,0,0
2023-02-15_csun_uc_davis,UC Davis,2,"Jones, Megan",False,18,3,3,1.0,0,0,,1,2,0.5,4,2,6,1,0,0,2,0,7
2023-02-15_csun_uc_davis,UC Davis,33,"Harris, Mazatlan",False,13,2,4,0.5,2,3,0.667,0,0,,1,3,4,1,1,0,0,1,6
2023-02-15_csun_uc_davis,UC Davis,23,"Baker, Victoria",False,13,1,3,0.333,0,0,,0,0,,2,1,3,4,0,3,0,1,2
2023-02-15_csun_uc_davis,UC Davis,4,"Epps, Nya",False,10,1,4,0.25,0,2,0.0,0,0,,0,0,0,0,0,0,0,0,2
2023-02-15_csun_uc_davis,UC Davis,20,"Sanders, Makaila",False,11,0,4,0.0,0,3,0.0,0,0,,1,2,3,0,0,2,0,1,0
2023-02-15_csun_uc_davis,UC Davis,TM,TEAM,False,0,0,0,,0,0,,0,0,,3,2,5,0,0,0,0,0,0
2023-02-15_csun_uc_davis,CSUN,1,"Jackson, Jordyn",True,26,7,15,0.467,1,3,0.333,1,2,0.5,2,3,5,2,3,3,0,3,16
2023-02-15_csun_uc_davis,CSUN,21,"Tu'ua, Anaiyah",True,27,3,7,0.429,0,1,0.0,2,2,1.0,0,2,2,0,2,0,0,2,8
2023-02-15_csun_uc_davis,CSUN,5,"Duchemin, Michelle",True,22,3,8,0.375,0,0,,0,0,,0,0,0,1,1,0,1,0,6
2023-02-15_csun_uc_davis,CSUN,10,"de Jesus , Ana Carolina",True,22,2,6,0.333,0,0,,0,0,,0,7,7,1,0,2,0,0,4
2023-02-15_csun_uc_davis,CSUN,34,"Spriggs, Kayanna",True,9,0,0,,0,0,,3,4,0.75,1,0,1,4,0,1,0,0,3
2023-02-15_csun_uc_davis,CSUN,24,"Smith, Macy",False,18,2,7,0.286,2,4,0.5,0,0,,0,0,0,0,0,0,0,2,6
2023-02-15_csun_uc_davis,CSUN,25,"Amundsen, Laney",False,12,1,1,1.0,1,1,1.0,0,0,,0,1,1,1,1,1,0,0,3
2023-02-15_csun_uc_davis,CSUN,4,"Harvey, Rachel",False,15,1,2,0.5,0,0,,0,0,,0,0,0,3,0,0,0,0,2
2023-02-15_csun_uc_davis,CSUN,13,"Fourie, Rochelle",False,10,1,3,0.333,0,0,,0,0,,0,2,2,2,0,0,0,0,2
2023-02-15_csun_uc_davis,CSUN,11,"Smith, Olivia",False,27,0,1,0.0,0,0,,0,0,,2,3,5,1,0,3,1,0,0
2023-02-15_csun_uc_davis,CSUN,00,"Williams, De’jah",False,8,0,1,0.0,0,0,,0,0,,0,2,2,0,0,1,0,0,0
2023-02-15_csun_uc_davis,CSUN,45,"Nikishina , Arina",False,4,0,2,0.0,0,0,,0,0,,0,1,1,0,1,1,0,0,0
2023-02-15_csun_uc_davis,CSUN,TM,TEAM,False,0,0,0,,0,0,,0,0,,2,2,4,0,0,0,0,0,0
2023-02-15_uc_irvine_uc_santa_barbara,UC Santa Barbara,2,"Tucker, Alexis",True,36,3,13,0.231,0,4,0.0,4,4,1.0,1,4,5,2,0,7,0,0,10
2023-02-15_uc_irvine_uc_santa_barbara,UC Santa Barbara,31,"Lane, Ila",True,41,3,7,0.429,0,0,,1,2,0.5,2,4,6,5,0,3,4,1,7
2023-02-15_uc_irvine_uc_santa_barbara,UC Santa Barbara,10,"Choice, Anya",True,30,3,6,0.5,0,2,0.0,0,0,,1,2,3,5,1,3,0,1,6
2023-02-15_uc_irvine_uc_santa_barbara,UC Santa Barbara,12,"Mole, Taylor",True,11,1,2,0.5,0,1,0.0,0,0,,1,1,2,1,0,3,1,1,2
2023-02-15_uc_irvine_uc_santa_barbara,UC Santa Barbara,3,"Marin, Alyssa",True,11,1,3,0.333,0,1,0.0,0,0,,0,2,2,3,0,0,0,0,2
2023-02-15_uc_irvine_uc_santa_barbara,UC Santa Barbara,23,"Whitfield, Alexis",False,33,8,12,0.667,0,0,,1,2,0.5,4,8,12,0,1,0,1,2,17
2023-02-15_uc_irvine_uc_santa_barbara,UC Santa Barbara,5,"Cooper, Callie",False,42,1,5,0.2,0,2,0.0,7,8,0.875,1,5,6,4,5,3,0,2,9
2023-02-15_uc_irvine_uc_santa_barbara,UC Santa Barbara,32,"Grant, Jessica",False,9,1,5,0.2,1,5,0.2,2,2,1.0,0,0,0,1,0,0,0,0,5
2023-02-15_uc_irvine_uc_santa_barbara,UC Santa Barbara,21,"Johnson, Kennedy",False,12,1,3,0.333,0,1,0.0,0,0,,0,1,1,1,1,1,0,0,2
2023-02-15_uc_irvine_uc_santa_barbara,UC Santa Barbara,TM,TEAM,False,0,0,0,,0,0,,0,0,,1,1,2,0,0,2,0,0,0
2023-02-15_uc_irvine_uc_santa_barbara,UC Irvine,23,"Konate, Diaba",True,41,5,14,0.357,0,2,0.0,10,11,0.909,1,3,4,3,6,4,0,4,20
2023-02-15_uc_irvine_uc_santa_barbara,UC Irvine,20,"Hernandez, Hunter",True,36,7,14,0.5,2,4,0.5,2,3,0.667,1,1,2,1,1,0,0,2,18
2023-02-15_uc_irvine_uc_santa_barbara,UC Irvine,11,"Scharpf, Amelia",True,42,4,8,0.5,1,3,0.333,1,2,0.5,1,3,4,2,0,2,0,0,10
2023-02-15_uc_irvine_uc_santa_barbara,UC Irvine,3,"Tom, Nikki",True,42,1,8,0.125,1,3,0.333,6,9,0.667,3,2,5,2,2,1,1,1,9
2023-02-15_uc_irvine_uc_santa_barbara,UC Irvine,24,"Dean, Nevaeh",True,36,4,8,0.5,0,0,,1,2,0.5,3,6,9,1,1,2,0,5,9
2023-02-15_uc_irvine_uc_santa_barbara,UC Irvine,13,"Lee, Déja",False,9,2,4,0.5,0,1,0.0,2,2,1.0,1,0,1,4,0,1,0,0,6
2023-02-15_uc_irvine_uc_santa_barbara,UC Irvine,32,"Parkinson, Nevaeh",False,16,1,7,0.143,0,0,,0,0,,3,4,7,4,0,1,0,0,2
2023-02-15_uc_irvine_uc_santa_barbara,UC Irvine,1,"Ross, Tarryn",False,3,0,1,0.0,0,1,0.0,0,0,,0,0,0,1,0,0,0,0,0
2023-02-15_uc_irvine_uc_santa_barbara,UC Irvine,TM,TEAM,False,0,0,0,,0,0,,0,0,,3,4,7,0,0,1,0,0,0
2023-02-15_cal_st_fullerton_uc_san_diego,UC San Diego,20,Izzy Forsyth,True,32,9,15,0.6,3,5,0.6,5,5,1.0,0,2,2,1,1,1,0,2,26
2023-02-15_cal_st_fullerton_uc_san_diego,UC San Diego,32,Parker Montgomery,True,30,2,6,0.333,2,3,0.667,0,0,,0,1,1,0,3,4,1,2,6
2023-02-15_cal_st_fullerton_uc_san_diego,UC San Diego,13,Sydney Brown,True,25,2,9,0.222,0,3,0.0,1,1,1.0,2,5,7,3,2,2,0,1,5
2023-02-15_cal_st_fullerton_uc_san_diego,UC San Diego,10,Julia Macabuhay,True,17,2,3,0.667,0,0,,0,0,,0,1,1,1,3,1,0,1,4
2023-02-15_cal_st_fullerton_uc_san_diego,UC San Diego,04,Emily Cangelosi,True,25,1,5,0.2,1,3,0.333,0,0,,0,0,0,2,2,1,0,2,3
2023-02-15_cal_st_fullerton_uc_san_diego,UC San Diego,24,Bridget Mullings,False,12,2,4,0.5,1,2,0.5,0,0,,1,4,5,2,0,2,0,0,5
2023-02-15_cal_st_fullerton_uc_san_diego,UC San Diego,05,Gabby Louther,False,16,1,2,0.5,0,0,,0,0,,1,1,2,1,2,0,1,0,2
2023-02-15_cal_st_fullerton_uc_san_diego,UC San Diego,02,Grace Talbot,False,12,1,4,0.25,0,1,0.0,0,0,,0,0,0,0,0,1,0,0,2
2023-02-15_cal_st_fullerton_uc_san_diego,UC San Diego,25,Junae Mahan,False,12,1,1,1.0,0,0,,0,0,,0,3,3,1,0,1,0,1,2
2023-02-15_cal_st_fullerton_uc_san_diego,UC San Diego,12,Madison Baxter,False,10,0,2,0.0,0,2,0.0,2,2,1.0,0,1,1,2,1,0,0,0,2
2023-02-15_cal_st_fullerton_uc_san_diego,UC San Diego,23,Courtni Thompson,False,7,0,0,,0,0,,0,0,,0,1,1,1,1,0,0,0,0
2023-02-15_cal_st_fullerton_uc_san_diego,UC San Diego,35,Katie Springs,False,2,0,0,,0,0,,0,0,,0,0,0,0,0,0,0,0,0
2023-02-15_cal_st_fullerton_uc_san_diego,UC San Diego,TM,TEAM,False,0,0,0,,0,0,,0,0,,1,3,4,0,0,1,0,0,0
2023-02-15_cal_st_fullerton_uc_san_diego,Cal St. Fullerton,05,"Jovanovic, Una",True,39,9,15,0.6,4,6,0.667,4,4,1.0,0,2,2,2,7,2,0,2,26
2023-02-15_cal_st_fullerton_uc_san_diego,Cal St. Fullerton,55,"Nimmo, Fujika",True,32,6,12,0.5,1,4,0.25,1,3,0.333,0,1,1,1,5,1,0,2,14
2023-02-15_cal_st_fullerton_uc_san_diego,Cal St. Fullerton,32,"Lewis, Ashlee",True,27,4,7,0.571,0,0,,0,2,0.0,4,3,7,3,2,2,0,0,8
2023-02-15_cal_st_fullerton_uc_san_diego,Cal St. Fullerton,13,"Hernandez, Aixchel",True,28,3,7,0.429,0,0,,0,0,,4,2,6,1,1,3,3,0,6
2023-02-15_cal_st_fullerton_uc_san_diego,Cal St. Fullerton,04,"Vidmar, Gabi",True,34,0,2,0.0,0,1,0.0,0,0,,0,8,8,0,3,1,0,3,0
2023-02-15_cal_st_fullerton_uc_san_diego,Cal St. Fullerton,10,"Lagway, Demonnie",False,15,3,8,0.375,1,4,0.25,2,2,1.0,0,1,1,0,0,1,0,1,9
2023-02-15_cal_st_fullerton_uc_san_diego,Cal St. Fullerton,11,"MacDonald, Ruby",False,25,3,5,0.6,2,4,0.5,0,0,,0,5,5,2,0,1,0,0,8
2023-02-15_cal_st_fullerton_uc_san_diego,Cal St. Fullerton,TM,TEAM,False,0,0,0,,0,0,,0,0,,1,2,3,0,0,0,0,0,0
2023-02-15_csu_bakersfield_cal_poly,Cal Poly,5,"Anousinh, Jazzy",True,32,3,5,0.6,0,0,,4,6,0.667,0,2,2,2,3,2,0,3,10
2023-02-15_csu_bakersfield_cal_poly,Cal Poly,24,"Toure, Oumou",True,27,4,12,0.333,0,1,0.0,1,3,0.333,1,6,7,2,1,0,2,1,9
2023-02-15_csu_bakersfield_cal_poly,Cal Poly,15,"Bourland, Sydney",True,39,4,10,0.4,0,1,0.0,0,0,,5,8,13,0,0,5,2,2,8
2023-02-15_csu_bakersfield_cal_poly,Cal Poly,33,"Willett, Maddie",True,30,3,5,0.6,0,1,0.0,1,1,1.0,0,1,1,2,0,2,1,1,7
2023-02-15_csu_bakersfield_cal_poly,Cal Poly,2,"Shah, Annika",True,24,2,5,0.4,1,3,0.333,2,2,1.0,0,3,3,2,3,3,0,1,7
2023-02-15_csu_bakersfield_cal_poly,Cal Poly,23,"Wu, Taylor",False,28,1,5,0.2,1,3,0.333,3,4,0.75,0,1,1,2,1,3,0,1,6
2023-02-15_csu_bakersfield_cal_poly,Cal Poly,35,"Ackerman, Natalia",False,17,2,3,0.667,0,0,,0,0,,1,2,3,3,0,3,2,0,4
2023-02-15_csu_bakersfield_cal_poly,Cal Poly,20,"Karlin, Shannon",False,3,0,0,,0,0,,0,0,,1,0,1,0,0,1,0,0,0
2023-02-15_csu_bakersfield_cal_poly,Cal Poly,TM,TEAM,False,0,0,0,,0,0,,0,0,,2,3,5,0,0,3,0,0,0
2023-02-15_csu_bakersfield_cal_poly,CSU Bakersfield,3,"van Schaik, Hennie",True,32,4,8,0.5,1,3,0.333,1,2,0.5,1,4,5,4,2,1,1,1,10
2023-02-15_csu_bakersfield_cal_poly,CSU Bakersfield,14,"Ortiz, Nseije",True,28,4,7,0.571,0,2,0.0,1,2,0.5,1,3,4,0,0,2,0,2,9
2023-02-15_csu_bakersfield_cal_poly,CSU Bakersfield,32,"Freeman, Garrisen",True,16,2,3,0.667,0,0,,1,1,1.0,0,2,2,3,0,3,0,0,5
2023-02-15_csu_bakersfield_cal_poly,CSU Bakersfield,11,"Caldwell, Taylor",True,27,1,7,0.143,0,1,0.0,0,0,,1,1,2,0,3,1,1,2,2
2023-02-15_csu_bakersfield_cal_poly,CSU Bakersfield,5,"Tougas, Sophia",True,19,1,6,0.167,0,3,0.0,0,0,,1,1,2,3,1,2,1,1,2
2023-02-15_csu_bakersfield_cal_poly,CSU Bakersfield,4,"Hunter, Grace",False,26,2,9,0.222,1,4,0.25,0,0,,1,2,3,4,2,3,1,3,5
2023-02-15_csu_bakersfield_cal_poly,CSU Bakersfield,00,"Johnson, Simone",False,17,2,4,0.5,0,1,0.0,0,0,,0,1,1,2,0,0,0,1,4
2023-02-15_csu_bakersfield_cal_poly,CSU Bakersfield,13,"Herrera, Solmilena",False,13,1,4,0.25,0,0,,1,2,0.5,1,2,3,0,1,2,2,0,3
2023-02-15_csu_bakersfield_cal_poly,CSU Bakersfield,33,"Riley, Julia",False,6,0,0,,0,0,,2,2,1.0,0,0,0,0,0,1,0,0,2
2023-02-15_csu_bakersfield_cal_poly,CSU Bakersfield,15,"Morris, Kayla",False,12,0,3,0.0,0,2,0.0,0,0,,0,1,1,2,0,2,3,0,0
2023-02-15_csu_bakersfield_cal_poly,CSU Bakersfield,24,"Bridges-bey, Sage",False,3,0,0,,0,0,,0,0,,0,0,0,1,1,0,0,0,0
2023-02-15_csu_bakersfield_cal_poly,CSU Bakersfield,2,"Edwards, Morgan",False,1,0,0,,0,0,,0,0,,0,0,0,0,0,1,0,0,0
2023-02-15_csu_bakersfield_cal_poly,CSU Bakersfield,TM,TEAM,False,0,0,0,,0,0,,0,0,,2,1,3,0,0,0,0,0,0
2023-02-15_long_beach_st_uc_riverside,UC Riverside,32,"Webster, Jordan",True,34,8,19,0.421,2,6,0.333,6,6,1.0,3,2,5,1,0,0,0,2,24
2023-02-15_long_beach_st_uc_riverside,UC Riverside,15,"Blount, Anna",True,26,4,11,0.364,0,0,,4,9,0.444,3,5,8,2,0,2,1,2,12
2023-02-15_long_beach_st_uc_riverside,UC Riverside,1,"Bryant, Matehya",True,25,3,8,0.375,0,0,,1,2,0.5,3,4,7,1,1,1,0,1,7
2023-02-15_long_beach_st_uc_riverside,UC Riverside,22,"Atchley, Paris",True,13,1,2,0.5,0,1,0.0,0,0,,0,0,0,0,1,2,0,0,2
2023-02-15_long_beach_st_uc_riverside,UC Riverside,2,"Walters, Ryanne",True,26,0,2,0.0,0,2,0.0,0,0,,1,1,2,1,5,3,0,2,0
2023-02-15_long_beach_st_uc_riverside,UC Riverside,13,"Finau, Mele",False,29,3,7,0.429,0,1,0.0,0,0,,1,3,4,3,0,5,0,3,6
2023-02-15_long_beach_st_uc_riverside,UC Riverside,3,"Tillery, Zoe",False,27,1,4,0.25,1,4,0.25,1,2,0.5,0,2,2,0,3,0,0,0,4
2023-02-15_long_beach_st_uc_riverside,UC Riverside,11,"Matarranz, Esther",False,9,1,1,1.0,0,0,,1,2,0.5,0,1,1,1,1,1,0,0,3
2023-02-15_long_beach_st_uc_riverside,UC Riverside,10,"Stenberg, Julia",False,11,0,4,0.0,0,3,0.0,0,0,,0,0,0,2,0,0,0,0,0
2023-02-15_long_beach_st_uc_riverside,UC Riverside,TM,TEAM,False,0,0,0,,0,0,,0,0,,1,0,1,0,0,0,0,0,0
2023-02-15_long_beach_st_uc_riverside,Long Beach St.,12,"Harris , Tori",True,34,6,10,0.6,1,1,1.0,4,4,1.0,1,7,8,4,1,4,0,0,17
2023-02-15_long_beach_st_uc_riverside,Long Beach St.,25,"Hamilton-fisher, Kianna",True,33,7,11,0.636,2,5,0.4,0,0,,0,1,1,1,1,3,1,5,16
2023-02-15_long_beach_st_uc_riverside,Long Beach St.,1,"Bambrick, Malia",True,28,5,10,0.5,2,3,0.667,2,2,1.0,1,5,6,2,2,1,0,0,14
2023-02-15_long_beach_st_uc_riverside,Long Beach St.,00,"Berry, Ma'qhi",True,30,1,3,0.333,0,0,,2,2,1.0,0,6,6,2,8,2,1,1,4
2023-02-15_long_beach_st_uc_riverside,Long Beach St.,23,"Green, Lauren",True,10,0,1,0.0,0,0,,1,2,0.5,0,0,0,5,1,1,0,0,1
2023-02-15_long_beach_st_uc_riverside,Long Beach St.,33,"Murphy, Courtney",False,26,4,12,0.333,2,9,0.222,0,0,,1,2,3,1,1,1,0,2,10
2023-02-15_long_beach_st_uc_riverside,Long Beach St.,2,"Tucker, Savannah",False,12,2,3,0.667,0,0,,0,0,,0,0,0,0,0,0,0,0,4
2023-02-15_long_beach_st_uc_riverside,Long Beach St.,3,"Chung, Patricia",False,10,1,2,0.5,0,0,,0,0,,2,1,3,0,2,3,0,1,2
2023-02-15_long_beach_st_uc_riverside,Long Beach St.,5,"Ka, Kennan",False,11,0,0,,0,0,,0,0,,0,2,2,0,0,1,0,0,0
2023-02-15_long_beach_st_uc_riverside,Long Beach St.,21,"Shoff, Abby",False,6,0,0,,0,0,,0,0,,1,1,2,2,2,2,0,0,0
2023-02-15_long_beach_st_uc_riverside,Long Beach St.,TM,TEAM,False,0,0,0,,0,0,,0,0,,1,0,1,0,0,1,0,0,0
2023-02-18_hawaii_long_beach_st,Long Beach St.,01,"Bambrick, Malia",True,40,6,10,0.6,0,2,0.0,0,0,,1,3,4,0,0,1,0,2,12
2023-02-18_hawaii_long_beach_st,Long Beach St.,25,"Hamilton-Fisher, Kianna",True,36,3,9,0.333,1,2,0.5,2,2,1.0,2,0,2,3,3,0,0,3,9
2023-02-18_hawaii_long_beach_st,Long Beach St.,12,"Harris, Tori",True,27,3,12,0.25,0,4,0.0,2,2,1.0,0,3,3,2,0,2,1,1,8
2023-02-18_hawaii_long_beach_st,Long Beach St.,00,"Berry, Ma'Qhi",True,38,2,7,0.286,0,2,0.0,3,3,1.0,3,5,8,3,3,4,0,3,7
2023-02-18_hawaii_long_beach_st,Long Beach St.,23,"Green, Lauren",True,16,2,6,0.333,0,0,,0,0,,1,1,2,1,0,0,0,0,4
2023-02-18_hawaii_long_beach_st,Long Beach St.,33,"Murphy, Courtney",False,22,1,7,0.143,1,4,0.25,2,2,1.0,1,0,1,0,1,1,0,0,5
2023-02-18_hawaii_long_beach_st,Long Beach St.,03,"Chung, Patricia",False,7,1,4,0.25,1,1,1.0,0,0,,0,1,1,2,0,0,0,1,3
2023-02-18_hawaii_long_beach_st,Long Beach St.,05,"Ka, Kennan",False,9,0,1,0.0,0,1,0.0,0,0,,0,0,0,0,1,0,0,0,0
2023-02-18_hawaii_long_beach_st,Long Beach St.,02,"Tucker, Savannah",False,5,0,0,,0,0,,0,0,,0,0,0,1,0,0,0,1,0
2023-02-18_hawaii_long_beach_st,Long Beach St.,TM,TEAM,False,0,0,0,,0,0,,0,0,,1,3,4,0,0,1,0,0,0
2023-02-18_hawaii_long_beach_st,Hawaii,03,"Wahinekapu, Lily",True,37,7,13,0.538,5,10,0.5,2,2,1.0,0,5,5,1,2,1,0,1,21
2023-02-18_hawaii_long_beach_st,Hawaii,11,"Spiller, Kallin",True,27,6,10,0.6,1,2,0.5,0,0,,1,6,7,4,0,1,1,0,13
2023-02-18_hawaii_long_beach_st,Hawaii,23,"McBee, MeiLani",True,35,1,8,0.125,0,6,0.0,2,4,0.5,1,1,2,1,2,1,1,0,4
2023-02-18_hawaii_long_beach_st,Hawaii,20,"Haire, McKenna",True,18,1,3,0.333,1,3,0.333,0,0,,0,2,2,0,1,3,1,1,3
2023-02-18_hawaii_long_beach_st,Hawaii,01,"Imai, Kelsie",True,14,0,1,0.0,0,1,0.0,0,0,,1,3,4,2,3,3,0,0,0
2023-02-18_hawaii_long_beach_st,Hawaii,15,"Phillips, Daejah",False,34,0,3,0.0,0,2,0.0,2,2,1.0,2,2,4,3,3,7,1,2,2
2023-02-18_hawaii_long_beach_st,Hawaii,14,"Orji, Nnenna",False,18,1,3,0.333,0,0,,0,0,,0,5,5,3,2,4,0,1,2
2023-02-18_hawaii_long_beach_st,Hawaii,12,"Perez, Imani",False,14,1,1,1.0,0,0,,0,0,,1,2,3,1,0,0,1,0,2
2023-02-18_hawaii_long_beach_st,Hawaii,02,"Thoms, Ashley",False,3,0,0,,0,0,,0,0,,0,0,0,1,0,1,0,0,0
2023-02-18_hawaii_long_beach_st,Hawaii,TM,TEAM,False,0,0,0,,0,0,,0,0,,3,2,5,0,0,2,0,0,0
2023-02-18_csun_uc_san_diego,UC San Diego,20,"Forsyth, Izzy",True,28,3,10,0.3,2,5,0.4,7,8,0.875,1,1,2,1,3,0,1,1,15
2023-02-18_csun_uc_san_diego,UC San Diego,13,"Brown, Sydney",True,29,4,7,0.571,2,3,0.667,2,3,0.667,1,8,9,0,0,1,0,1,12
2023-02-18_csun_uc_san_diego,UC San Diego,4,"Cangelosi, Emily",True,32,3,10,0.3,1,6,0.167,0,0,,2,4,6,1,1,0,0,2,7
2023-02-18_csun_uc_san_diego,UC San Diego,32,"Montgomery, Parker",True,27,3,7,0.429,1,5,0.2,0,0,,3,3,6,2,2,5,0,0,7
2023-02-18_csun_uc_san_diego,UC San Diego,10,"Macabuhay, Julia",True,18,2,6,0.333,0,1,0.0,3,4,0.75,0,2,2,1,0,1,0,1,7
2023-02-18_csun_uc_san_diego,UC San Diego,24,"Mullings, Bridget",False,12,3,5,0.6,1,1,1.0,0,0,,1,0,1,2,2,2,0,0,7
2023-02-18_csun_uc_san_diego,UC San Diego,35,"Springs, Katie",False,12,1,1,1.0,0,0,,0,0,,4,2,6,0,0,1,1,0,2
2023-02-18_csun_uc_san_diego,UC San Diego,12,"Baxter, Madison",False,14,0,2,0.0,0,1,0.0,0,0,,0,2,2,1,1,1,0,0,0
2023-02-18_csun_uc_san_diego,UC San Diego,23,"Thompson, Courtni",False,9,0,1,0.0,0,1,0.0,0,0,,0,0,0,2,0,1,0,1,0
2023-02-18_csun_uc_san_diego,UC San Diego,2,"Talbot, Grace",False,8,0,1,0.0,0,1,0.0,0,0,,0,1,1,0,1,3,0,0,0
2023-02-18_csun_uc_san_diego,UC San Diego,5,"Louther, Gabby",False,6,0,1,0.0,0,1,0.0,0,2,0.0,0,0,0,0,1,0,0,0,0
2023-02-18_csun_uc_san_diego,UC San Diego,25,"Mahan, Junae",False,5,0,0,,0,0,,0,0,,0,0,0,0,0,0,0,1,0
2023-02-18_csun_uc_san_diego,UC San Diego,TM,TEAM,False,0,0,0,,0,0,,0,0,,1,1,2,0,0,0,0,0,0
2023-02-18_csun_uc_san_diego,CSUN,21,"Tu'ua, Anaiyah",True,34,5,10,0.5,3,5,0.6,4,5,0.8,0,5,5,0,2,2,0,2,17
2023-02-18_csun_uc_san_diego,CSUN,5,"Duchemin, Michelle",True,20,5,11,0.455,1,3,0.333,0,0,,0,3,3,3,0,3,0,1,11
2023-02-18_csun_uc_san_diego,CSUN,24,"Smith, Macy",True,33,2,7,0.286,2,5,0.4,0,0,,0,2,2,1,0,0,1,1,6
2023-02-18_csun_uc_san_diego,CSUN,4,"Harvey, Rachel",True,28,2,6,0.333,0,0,,0,0,,0,1,1,2,1,1,1,1,4
2023-02-18_csun_uc_san_diego,CSUN,11,"Smith, Olivia",True,23,1,4,0.25,0,0,,0,0,,3,0,3,4,1,4,0,3,2
2023-02-18_csun_uc_san_diego,CSUN,25,"Amundsen, Laney",False,25,1,4,0.25,0,3,0.0,0,0,,3,3,6,3,1,1,1,1,2
2023-02-18_csun_uc_san_diego,CSUN,34,"Spriggs, Kayanna",False,18,1,2,0.5,0,0,,0,2,0.0,0,1,1,1,1,0,0,0,2
2023-02-18_csun_uc_san_diego,CSUN,10,"de Jesus , Ana Carolina",False,10,1,3,0.333,0,0,,0,0,,1,3,4,2,1,1,0,1,2
2023-02-18_csun_uc_san_diego,CSUN,00,"Williams, De’jah",False,5,0,2,0.0,0,0,,0,0,,0,1,1,0,0,1,0,0,0
2023-02-18_csun_uc_san_diego,CSUN,13,"Fourie, Rochelle",False,4,0,0,,0,0,,0,0,,0,0,0,1,1,2,0,0,0
2023-02-18_csun_uc_san_diego,CSUN,TM,TEAM,False,0,0,0,,0,0,,0,0,,1,3,4,0,0,0,0,0,0
2023-02-18_uc_santa_barbara_uc_riverside,UC Riverside,15,"Blount, Anna",True,29,6,17,0.353,0,0,,3,3,1.0,2,7,9,4,0,2,0,0,15
2023-02-18_uc_santa_barbara_uc_riverside,UC Riverside,32,"Webster, Jordan",True,33,2,10,0.2,1,4,0.25,8,8,1.0,1,1,2,1,1,1,0,3,13
2023-02-18_uc_santa_barbara_uc_riverside,UC Riverside,22,"Atchley, Paris",True,26,1,4,0.25,0,2,0.0,0,0,,0,2,2,0,0,1,0,1,2
2023-02-18_uc_santa_barbara_uc_riverside,UC Riverside,01,"Bryant, Matehya",True,20,0,3,0.0,0,0,,2,2,1.0,1,1,2,3,0,1,0,1,2
2023-02-18_uc_santa_barbara_uc_riverside,UC Riverside,02,"Walters, RyAnne",True,22,0,5,0.0,0,1,0.0,0,0,,0,2,2,3,4,4,0,0,0
2023-02-18_uc_santa_barbara_uc_riverside,UC Riverside,03,"Tillery, Zoe",False,24,2,7,0.286,2,2,1.0,0,2,0.0,0,1,1,2,2,2,0,0,6
2023-02-18_uc_santa_barbara_uc_riverside,UC Riverside,11,"Matarranz, Esther",False,16,2,4,0.5,0,0,,1,1,1.0,2,1,3,0,0,0,0,1,5
2023-02-18_uc_santa_barbara_uc_riverside,UC Riverside,13,"Finau, Mele",False,16,0,5,0.0,0,1,0.0,2,2,1.0,0,2,2,0,0,2,0,1,2
2023-02-18_uc_santa_barbara_uc_riverside,UC Riverside,10,"Stenberg, Julia",False,14,0,2,0.0,0,2,0.0,0,0,,0,1,1,0,0,0,0,0,0
2023-02-18_uc_santa_barbara_uc_riverside,UC Riverside,TM,TEAM,False,0,0,0,,0,0,,0,0,,2,4,6,0,0,0,0,0,0
2023-02-18_uc_santa_barbara_uc_riverside,UC Santa Barbara,02,"Tucker, Alexis",True,30,6,10,0.6,0,1,0.0,2,2,1.0,2,2,4,2,2,2,0,0,14
2023-02-18_uc_santa_barbara_uc_riverside,UC Santa Barbara,03,"Marin, Alyssa",True,21,4,5,0.8,1,2,0.5,0,0,,1,0,1,2,1,3,0,0,9
2023-02-18_uc_santa_barbara_uc_riverside,UC Santa Barbara,31,"Lane, Ila",True,24,3,7,0.429,0,0,,1,1,1.0,1,6,7,2,0,2,1,0,7
2023-02-18_uc_santa_barbara_uc_riverside,UC Santa Barbara,12,"Mole, Taylor",True,20,2,4,0.5,2,4,0.5,1,1,1.0,0,2,2,0,4,0,0,0,7
2023-02-18_uc_santa_barbara_uc_riverside,UC Santa Barbara,10,"Choice, Anya",True,11,1,4,0.25,0,1,0.0,1,1,1.0,0,1,1,1,2,2,1,0,3
2023-02-18_uc_santa_barbara_uc_riverside,UC Santa Barbara,05,"Cooper, Callie",False,31,4,7,0.571,1,2,0.5,0,0,,0,6,6,3,4,4,0,1,9
2023-02-18_uc_santa_barbara_uc_riverside,UC Santa Barbara,23,"Whitfield, Alexis",False,23,3,8,0.375,0,0,,2,2,1.0,1,12,13,1,2,3,1,0,8
2023-02-18_uc_santa_barbara_uc_riverside,UC Santa Barbara,21,"Johnson, Kennedy",False,21,2,7,0.286,0,1,0.0,0,0,,2,2,4,3,0,2,0,2,4
2023-02-18_uc_santa_barbara_uc_riverside,UC Santa Barbara,55,"Burke, Skylar",False,9,1,3,0.333,0,1,0.0,0,0,,1,2,3,1,1,0,0,0,2
2023-02-18_uc_santa_barbara_uc_riverside,UC Santa Barbara,32,"Grant, Jessica",False,8,0,1,0.0,0,1,0.0,0,0,,0,0,0,1,2,0,0,0,0
2023-02-18_uc_santa_barbara_uc_riverside,UC Santa Barbara,04,"Hutchens, Kathleen",False,1,0,0,,0,0,,0,0,,0,0,0,0,0,0,0,0,0
2023-02-18_uc_santa_barbara_uc_riverside,UC Santa Barbara,13,"Modawar, Tatyana",False,1,0,0,,0,0,,0,0,,0,1,1,2,0,2,0,0,0
2023-02-18_uc_santa_barbara_uc_riverside,UC Santa Barbara,TM,TEAM,False,0,0,0,,0,0,,0,0,,0,3,3,0,0,0,0,0,0
2023-02-18_cal_poly_cal_st_fullerton,Cal St. Fullerton,5,"Jovanovic, Una",True,40,6,17,0.353,0,1,0.0,0,0,,1,1,2,3,4,3,1,0,12
2023-02-18_cal_poly_cal_st_fullerton,Cal St. Fullerton,32,"Lewis, Ashlee",True,25,2,11,0.182,0,0,,5,6,0.833,3,3,6,2,0,0,0,0,9
2023-02-18_cal_poly_cal_st_fullerton,Cal St. Fullerton,13,"Hernandez, Aixchel",True,22,3,5,0.6,0,0,,0,0,,0,8,8,3,0,2,0,0,6
2023-02-18_cal_poly_cal_st_fullerton,Cal St. Fullerton,4,"Vidmar, Gabi",True,40,2,4,0.5,1,2,0.5,0,0,,1,3,4,4,2,1,0,2,5
2023-02-18_cal_poly_cal_st_fullerton,Cal St. Fullerton,55,"Nimmo, Fujika",True,33,0,7,0.0,0,2,0.0,4,6,0.667,1,6,7,3,3,4,0,0,4
2023-02-18_cal_poly_cal_st_fullerton,Cal St. Fullerton,11,"Macdonald, Ruby",False,31,2,5,0.4,2,2,1.0,0,0,,1,2,3,1,1,1,0,0,6
2023-02-18_cal_poly_cal_st_fullerton,Cal St. Fullerton,10,"Lagway, Demonnie",False,9,3,3,1.0,0,0,,0,0,,0,0,0,1,0,1,0,0,6
2023-02-18_cal_poly_cal_st_fullerton,Cal St. Fullerton,TM,TEAM,False,0,0,0,,0,0,,0,0,,1,3,4,0,0,0,0,0,0
2023-02-18_cal_poly_cal_st_fullerton,Cal Poly,24,"Toure, Oumou",True,35,5,12,0.417,0,0,,13,16,0.812,2,6,8,3,1,3,1,3,23
2023-02-18_cal_poly_cal_st_fullerton,Cal Poly,33,"Willett, Maddie",True,38,4,11,0.364,1,5,0.2,0,0,,2,7,9,1,0,2,0,2,9
2023-02-18_cal_poly_cal_st_fullerton,Cal Poly,15,"Bourland, Sydney",True,36,2,8,0.25,1,1,1.0,2,4,0.5,1,10,11,2,0,0,0,2,7
2023-02-18_cal_poly_cal_st_fullerton,Cal Poly,2,"Shah, Annika",True,35,2,8,0.25,1,2,0.5,0,0,,0,1,1,0,6,0,0,0,5
2023-02-18_cal_poly_cal_st_fullerton,Cal Poly,5,"Anousinh, Jazzy",True,30,0,2,0.0,0,2,0.0,2,2,1.0,1,0,1,3,2,3,0,0,2
2023-02-18_cal_poly_cal_st_fullerton,Cal Poly,23,"Wu, Taylor",False,17,2,4,0.5,1,3,0.333,1,1,1.0,1,0,1,2,1,0,0,0,6
2023-02-18_cal_poly_cal_st_fullerton,Cal Poly,35,"Ackerman, Natalia",False,9,1,2,0.5,0,0,,0,1,0.0,0,2,2,5,0,2,0,0,2
2023-02-18_cal_poly_cal_st_fullerton,Cal Poly,TM,TEAM,False,0,0,0,,0,0,,0,0,,1,1,2,0,0,2,0,0,0
2023-02-20_uc_san_diego_uc_davis,UC Davis,15,"Turner, Evanne",True,27,8,13,0.615,6,8,0.75,0,0,,0,3,3,0,4,0,0,1,22
2023-02-20_uc_san_diego_uc_davis,UC Davis,14,"Sabel, Tova",True,26,8,10,0.8,4,6,0.667,2,2,1.0,2,3,5,1,0,2,0,0,22
2023-02-20_uc_san_diego_uc_davis,UC Davis,01,"Sussman, Tess",True,28,4,10,0.4,0,5,0.0,0,0,,0,5,5,1,3,0,0,4,8
2023-02-20_uc_san_diego_uc_davis,UC Davis,33,"Harris, Mazatlan",True,26,1,3,0.333,0,1,0.0,0,0,,1,2,3,0,2,2,0,2,2
2023-02-20_uc_san_diego_uc_davis,UC Davis,25,"Norris, Megan",True,17,0,4,0.0,0,0,,0,0,,2,5,7,1,2,2,0,0,0
2023-02-20_uc_san_diego_uc_davis,UC Davis,23,"Baker, Victoria",False,15,3,9,0.333,1,3,0.333,0,0,,0,0,0,3,1,1,0,1,7
2023-02-20_uc_san_diego_uc_davis,UC Davis,04,"Epps, Nya",False,18,1,7,0.143,0,4,0.0,1,1,1.0,0,2,2,2,0,1,0,0,3
2023-02-20_uc_san_diego_uc_davis,UC Davis,03,"Gray, Campbell",False,16,1,2,0.5,1,1,1.0,0,0,,0,0,0,1,1,0,0,0,3
2023-02-20_uc_san_diego_uc_davis,UC Davis,20,"Sanders, Makaila",False,13,1,2,0.5,1,2,0.5,0,0,,1,3,4,2,1,1,1,0,3
2023-02-20_uc_san_diego_uc_davis,UC Davis,02,"Jones, Megan",False,14,1,5,0.2,0,2,0.0,0,0,,0,4,4,0,0,0,4,0,2
2023-02-20_uc_san_diego_uc_davis,UC Davis,TM,TEAM,False,0,0,0,,0,0,,0,0,,1,0,1,0,0,0,0,0,0
2023-02-20_uc_san_diego_uc_davis,UC San Diego,20,"Forsyth, Izzy",True,25,4,10,0.4,1,4,0.25,0,0,,0,1,1,1,0,2,0,0,9
2023-02-20_uc_san_diego_uc_davis,UC San Diego,13,"Brown, Sydney",True,28,2,12,0.167,0,6,0.0,4,4,1.0,1,7,8,1,1,2,2,0,8
2023-02-20_uc_san_diego_uc_davis,UC San Diego,04,"Cangelosi, Emily",True,24,3,5,0.6,1,1,1.0,0,0,,0,4,4,0,3,1,1,0,7
2023-02-20_uc_san_diego_uc_davis,UC San Diego,10,"Macabuhay, Julia",True,13,2,6,0.333,0,2,0.0,0,0,,0,1,1,0,3,3,0,0,4
2023-02-20_uc_san_diego_uc_davis,UC San Diego,32,"Montgomery, Parker",True,20,1,1,1.0,0,0,,0,0,,0,1,1,2,1,2,0,0,2
2023-02-20_uc_san_diego_uc_davis,UC San Diego,25,"Mahan, Junaé",False,27,3,6,0.5,0,0,,1,1,1.0,1,3,4,1,2,3,0,0,7
2023-02-20_uc_san_diego_uc_davis,UC San Diego,05,"Louther, Gabby",False,17,2,4,0.5,2,4,0.5,0,0,,0,1,1,0,1,2,1,1,6
2023-02-20_uc_san_diego_uc_davis,UC San Diego,12,"Baxter, Madison",False,14,2,6,0.333,2,4,0.5,0,0,,0,1,1,0,0,0,0,1,6
2023-02-20_uc_san_diego_uc_davis,UC San Diego,35,"Springs, Katie",False,17,0,2,0.0,0,0,,0,0,,3,5,8,2,0,1,0,1,0
2023-02-20_uc_san_diego_uc_davis,UC San Diego,23,"Thompson, Courtni",False,15,0,3,0.0,0,1,0.0,0,0,,0,1,1,0,2,2,0,0,0
2023-02-20_uc_san_diego_uc_davis,UC San Diego,TM,TEAM,False,0,0,0,,0,0,,0,0,,3,4,7,0,0,2,0,0,0
2023-02-20_hawaii_csu_bakersfield,CSU Bakersfield,11,"Caldwell, Taylor",True,36,4,7,0.571,0,0,,9,13,0.692,1,5,6,2,2,4,1,2,17
2023-02-20_hawaii_csu_bakersfield,CSU Bakersfield,32,"Freeman, Garrisen",True,38,1,2,0.5,0,1,0.0,2,2,1.0,0,2,2,3,0,1,0,3,4
2023-02-20_hawaii_csu_bakersfield,CSU Bakersfield,14,"Ortiz, Nseije",True,16,1,3,0.333,0,2,0.0,1,3,0.333,0,2,2,2,1,0,0,0,3
2023-02-20_hawaii_csu_bakersfield,CSU Bakersfield,13,"Herrera, Solmilena",True,13,0,1,0.0,0,0,,1,2,0.5,1,3,4,3,1,3,1,0,1
2023-02-20_hawaii_csu_bakersfield,CSU Bakersfield,03,"van Schaik, Hennie",True,11,0,5,0.0,0,1,0.0,1,2,0.5,1,1,2,4,1,3,0,0,1
2023-02-20_hawaii_csu_bakersfield,CSU Bakersfield,04,"Hunter, Grace",False,15,5,12,0.417,1,5,0.2,0,0,,1,0,1,4,0,3,1,1,11
2023-02-20_hawaii_csu_bakersfield,CSU Bakersfield,15,"Morris, Kayla",False,24,4,12,0.333,1,3,0.333,0,0,,3,6,9,4,0,1,3,2,9
2023-02-20_hawaii_csu_bakersfield,CSU Bakersfield,00,"Johnson, Simone",False,17,1,5,0.2,0,2,0.0,0,0,,0,2,2,4,0,0,0,0,2
2023-02-20_hawaii_csu_bakersfield,CSU Bakersfield,24,"Bridges-Bey, Sage",False,16,0,1,0.0,0,1,0.0,2,2,1.0,0,1,1,2,0,0,0,0,2
2023-02-20_hawaii_csu_bakersfield,CSU Bakersfield,33,"Riley, Julia",False,5,1,2,0.5,0,0,,0,0,,0,0,0,2,0,0,0,0,2
2023-02-20_hawaii_csu_bakersfield,CSU Bakersfield,02,"Edwards, Morgan",False,9,0,0,,0,0,,0,0,,0,0,0,2,0,0,0,0,0
2023-02-20_hawaii_csu_bakersfield,CSU Bakersfield,TM,TEAM,False,0,0,0,,0,0,,0,0,,0,2,2,0,0,3,0,0,0
2023-02-20_hawaii_csu_bakersfield,Hawaii,03,"Wahinekapu, Lily",True,35,2,9,0.222,1,5,0.2,11,14,0.786,0,1,1,1,4,3,0,3,16
2023-02-20_hawaii_csu_bakersfield,Hawaii,11,"Spiller, Kallin",True,23,5,12,0.417,1,6,0.167,3,4,0.75,0,8,8,4,0,2,0,0,14
2023-02-20_hawaii_csu_bakersfield,Hawaii,23,"McBee, MeiLani",True,33,1,4,0.25,1,3,0.333,1,2,0.5,1,3,4,2,0,1,0,0,4
2023-02-20_hawaii_csu_bakersfield,Hawaii,01,"Imai, Kelsie",True,18,0,2,0.0,0,1,0.0,4,4,1.0,0,1,1,1,1,1,0,0,4
2023-02-20_hawaii_csu_bakersfield,Hawaii,12,"Perez, Imani",True,10,0,2,0.0,0,0,,0,0,,1,1,2,4,0,0,0,1,0
2023-02-20_hawaii_csu_bakersfield,Hawaii,15,"Phillips, Daejah",False,35,2,4,0.5,1,2,0.5,6,9,0.667,1,6,7,3,2,4,0,2,11
2023-02-20_hawaii_csu_bakersfield,Hawaii,14,"Orji, Nnenna",False,13,1,2,0.5,0,0,,6,6,1.0,0,2,2,5,0,1,0,0,8
2023-02-20_hawaii_csu_bakersfield,Hawaii,20,"Haire, McKenna",False,13,1,1,1.0,1,1,1.0,0,0,,0,2,2,0,0,0,0,0,3
2023-02-20_hawaii_csu_bakersfield,Hawaii,00,"Watkins, Avery",False,5,1,1,1.0,1,1,1.0,0,0,,0,1,1,1,0,1,0,0,3
2023-02-20_hawaii_csu_bakersfield,Hawaii,02,"Thoms, Ashley",False,12,1,3,0.333,0,1,0.0,0,0,,0,0,0,0,0,0,0,0,2
2023-02-20_hawaii_csu_bakersfield,Hawaii,32,"Ongoongotau, Eva",False,3,0,0,,0,0,,0,0,,0,0,0,0,0,0,0,0,0
2023-02-20_hawaii_csu_bakersfield,Hawaii,TM,TEAM,False,0,0,0,,0,0,,0,0,,3,3,6,0,0,3,0,0,0
2023-02-20_cal_st_fullerton_uc_santa_barbara,UC Santa Barbara,02,Alexis Tucker,True,34,9,13,0.692,1,1,1.0,7,7,1.0,0,7,7,1,0,1,0,0,26
2023-02-20_cal_st_fullerton_uc_santa_barbara,UC Santa Barbara,03,Alyssa Marin,True,29,3,8,0.375,1,4,0.25,1,3,0.333,0,2,2,2,3,2,0,1,8
2023-02-20_cal_st_fullerton_uc_santa_barbara,UC Santa Barbara,31,Ila Lane,True,36,3,8,0.375,0,0,,0,0,,1,8,9,1,0,0,0,1,6
2023-02-20_cal_st_fullerton_uc_santa_barbara,UC Santa Barbara,10,Anya Choice,True,19,0,2,0.0,0,0,,1,2,0.5,0,1,1,4,2,1,0,0,1
2023-02-20_cal_st_fullerton_uc_santa_barbara,UC Santa Barbara,12,Taylor Mole,True,12,0,4,0.0,0,1,0.0,0,0,,1,1,2,1,3,1,0,0,0
2023-02-20_cal_st_fullerton_uc_santa_barbara,UC Santa Barbara,05,Callie Cooper,False,24,5,7,0.714,4,4,1.0,1,1,1.0,1,3,4,3,2,1,0,1,15
2023-02-20_cal_st_fullerton_uc_santa_barbara,UC Santa Barbara,55,Skylar Burke,False,13,3,4,0.75,0,0,,1,2,0.5,2,2,4,0,2,1,0,0,7
2023-02-20_cal_st_fullerton_uc_santa_barbara,UC Santa Barbara,21,Kennedy Johnson,False,17,3,6,0.5,0,1,0.0,0,0,,2,1,3,2,2,1,0,0,6
2023-02-20_cal_st_fullerton_uc_santa_barbara,UC Santa Barbara,23,Alexis Whitfield,False,11,1,3,0.333,0,0,,3,4,0.75,2,1,3,0,0,0,1,1,5
2023-02-20_cal_st_fullerton_uc_santa_barbara,UC Santa Barbara,32,Jessica Grant,False,5,0,2,0.0,0,2,0.0,0,0,,0,0,0,0,0,0,0,0,0
2023-02-20_cal_st_fullerton_uc_santa_barbara,UC Santa Barbara,TM,TEAM,False,0,0,0,,0,0,,0,0,,1,1,2,0,0,2,0,0,0
2023-02-20_cal_st_fullerton_uc_santa_barbara,Cal St. Fullerton,55,"Nimmo, Fujika",True,39,6,19,0.316,0,2,0.0,2,4,0.5,4,2,6,2,4,0,0,0,14
2023-02-20_cal_st_fullerton_uc_santa_barbara,Cal St. Fullerton,05,"Jovanovic, Una",True,33,6,12,0.5,0,2,0.0,1,2,0.5,0,3,3,4,3,3,0,1,13
2023-02-20_cal_st_fullerton_uc_santa_barbara,Cal St. Fullerton,32,"Lewis, Ashlee",True,29,4,8,0.5,0,0,,4,4,1.0,1,6,7,3,0,1,1,1,12
2023-02-20_cal_st_fullerton_uc_santa_barbara,Cal St. Fullerton,04,"Vidmar, Gabi",True,40,3,5,0.6,2,4,0.5,0,0,,1,3,4,3,2,1,1,1,8
2023-02-20_cal_st_fullerton_uc_santa_barbara,Cal St. Fullerton,11,"MacDonald, Ruby",True,19,0,2,0.0,0,2,0.0,0,0,,0,3,3,2,0,2,0,0,0
2023-02-20_cal_st_fullerton_uc_santa_barbara,Cal St. Fullerton,13,"Hernandez, Aixchel",False,18,3,4,0.75,0,0,,0,0,,0,1,1,2,0,0,1,0,6
2023-02-20_cal_st_fullerton_uc_santa_barbara,Cal St. Fullerton,01,Nancy Panagiotopoulo,False,10,1,4,0.25,1,3,0.333,0,0,,1,1,2,1,0,0,0,0,3
2023-02-20_cal_st_fullerton_uc_santa_barbara,Cal St. Fullerton,10,"Lagway, Demonnie",False,9,1,4,0.25,0,0,,0,0,,0,0,0,2,0,2,0,0,2
2023-02-20_cal_st_fullerton_uc_santa_barbara,Cal St. Fullerton,21,"Tse, Allysan",False,3,0,1,0.0,0,1,0.0,0,0,,1,1,2,1,0,0,0,0,0
2023-02-20_cal_st_fullerton_uc_santa_barbara,Cal St. Fullerton,TM,TEAM,False,0,0,0,,0,0,,0,0,,2,1,3,0,0,0,0,0,0
2023-02-20_uc_riverside_csun,CSUN,5,"Duchemin, Michelle",True,27,5,9,0.556,1,1,1.0,1,2,0.5,0,4,4,4,0,1,0,4,12
2023-02-20_uc_riverside_csun,CSUN,24,"Smith, Macy",True,36,4,10,0.4,0,3,0.0,2,2,1.0,0,4,4,2,1,2,1,1,10
2023-02-20_uc_riverside_csun,CSUN,34,"Spriggs, Kayanna",True,24,3,4,0.75,0,0,,2,4,0.5,2,3,5,4,0,1,0,2,8
2023-02-20_uc_riverside_csun,CSUN,21,"Tu'ua, Anaiyah",True,32,2,7,0.286,1,2,0.5,1,2,0.5,1,2,3,1,5,5,0,3,6
2023-02-20_uc_riverside_csun,CSUN,11,"Smith, Olivia",True,10,0,1,0.0,0,1,0.0,0,0,,0,2,2,1,1,2,0,0,0
2023-02-20_uc_riverside_csun,CSUN,00,"Williams, De'jah",False,9,2,3,0.667,0,0,,0,0,,0,0,0,3,0,1,0,0,4
2023-02-20_uc_riverside_csun,CSUN,13,"Fourie, Rochelle",False,5,2,2,1.0,0,0,,0,0,,0,0,0,1,0,1,0,0,4
2023-02-20_uc_riverside_csun,CSUN,10,"de Jesus , Ana Carolina",False,18,1,2,0.5,0,0,,0,0,,1,3,4,1,0,1,1,1,2
2023-02-20_uc_riverside_csun,CSUN,45,"Nikishina , Arina",False,2,1,2,0.5,0,0,,0,0,,0,0,0,1,0,0,0,0,2
2023-02-20_uc_riverside_csun,CSUN,25,"Amundsen, Laney",False,29,0,6,0.0,0,3,0.0,0,2,0.0,0,6,6,0,1,1,1,1,0
2023-02-20_uc_riverside_csun,CSUN,4,"Harvey, Rachel",False,8,0,0,,0,0,,0,0,,0,0,0,1,1,1,0,0,0
2023-02-20_uc_riverside_csun,CSUN,TM,TEAM,False,0,0,0,,0,0,,0,0,,3,4,7,0,0,4,0,0,0
2023-02-20_uc_riverside_csun,UC Riverside,32,"Webster, Jordan",True,35,3,16,0.188,1,9,0.111,7,7,1.0,3,4,7,2,0,3,0,1,14
2023-02-20_uc_riverside_csun,UC Riverside,1,"Bryant, Matehya",True,34,4,14,0.286,0,0,,2,2,1.0,3,4,7,1,0,2,1,1,10
2023-02-20_uc_riverside_csun,UC Riverside,15,"Blount, Anna",True,26,3,12,0.25,0,1,0.0,2,2,1.0,1,3,4,4,2,1,0,1,8
2023-02-20_uc_riverside_csun,UC Riverside,13,"Finau, Mele",True,27,1,3,0.333,1,3,0.333,0,0,,0,4,4,2,2,1,0,0,3
2023-02-20_uc_riverside_csun,UC Riverside,2,"Walters, Ryanne",True,25,0,2,0.0,0,2,0.0,1,2,0.5,0,1,1,1,2,2,0,5,1
2023-02-20_uc_riverside_csun,UC Riverside,3,"Tillery, Zoe",False,22,2,3,0.667,0,0,,0,0,,0,1,1,1,2,3,0,0,4
2023-02-20_uc_riverside_csun,UC Riverside,11,"Matarranz, Esther",False,10,2,2,1.0,0,0,,0,0,,1,1,2,2,0,2,0,0,4
2023-02-20_uc_riverside_csun,UC Riverside,22,"Atchley, Paris",False,18,0,3,0.0,0,2,0.0,0,0,,1,0,1,1,1,2,0,0,0
2023-02-20_uc_riverside_csun,UC Riverside,10,"Stenberg, Julia",False,3,0,2,0.0,0,1,0.0,0,0,,0,1,1,0,0,0,0,0,0
2023-02-20_uc_riverside_csun,UC Riverside,TM,TEAM,False,0,0,0,,0,0,,0,0,,4,2,6,0,0,0,0,0,0
2023-02-23_uc_davis_cal_st_fullerton,Cal St. Fullerton,55,"Nimmo, Fujika",True,28,7,10,0.7,3,4,0.75,8,10,0.8,0,2,2,5,0,3,0,1,25
2023-02-23_uc_davis_cal_st_fullerton,Cal St. Fullerton,05,"Jovanovic, Una",True,39,4,10,0.4,0,1,0.0,7,10,0.7,0,4,4,1,8,2,0,1,15
2023-02-23_uc_davis_cal_st_fullerton,Cal St. Fullerton,04,"Vidmar, Gabi",True,40,3,7,0.429,2,5,0.4,1,2,0.5,1,6,7,1,2,4,0,3,9
2023-02-23_uc_davis_cal_st_fullerton,Cal St. Fullerton,32,"Lewis, Ashlee",True,25,4,8,0.5,0,0,,0,0,,2,5,7,3,1,2,1,1,8
2023-02-23_uc_davis_cal_st_fullerton,Cal St. Fullerton,11,"MacDonald, Ruby",True,31,1,2,0.5,0,0,,1,2,0.5,1,7,8,1,2,1,0,0,3
2023-02-23_uc_davis_cal_st_fullerton,Cal St. Fullerton,10,"Lagway, Demonnie",False,19,1,4,0.25,0,0,,3,4,0.75,1,2,3,2,0,2,0,1,5
2023-02-23_uc_davis_cal_st_fullerton,Cal St. Fullerton,13,"Hernandez, Aixchel",False,15,2,4,0.5,0,0,,1,1,1.0,1,3,4,0,0,0,0,0,5
2023-02-23_uc_davis_cal_st_fullerton,Cal St. Fullerton,01,"Panagiotopoulou, Nancy",False,3,0,1,0.0,0,0,,0,0,,0,0,0,1,0,0,0,0,0
2023-02-23_uc_davis_cal_st_fullerton,Cal St. Fullerton,TM,TEAM,False,0,0,0,,0,0,,0,0,,2,6,8,0,0,2,0,0,0
2023-02-23_uc_davis_cal_st_fullerton,UC Davis,14,"Sabel, Tova",True,34,11,22,0.5,7,14,0.5,2,2,1.0,2,5,7,1,1,1,0,0,31
2023-02-23_uc_davis_cal_st_fullerton,UC Davis,15,"Turner, Evanne",True,39,6,15,0.4,1,8,0.125,1,1,1.0,1,4,5,4,3,1,0,2,14
2023-02-23_uc_davis_cal_st_fullerton,UC Davis,01,"Sussman, Tess",True,32,1,8,0.125,1,5,0.2,0,0,,0,3,3,4,3,2,1,1,3
2023-02-23_uc_davis_cal_st_fullerton,UC Davis,25,"Norris, Megan",True,15,0,0,,0,0,,0,0,,1,1,2,1,2,0,0,0,0
2023-02-23_uc_davis_cal_st_fullerton,UC Davis,03,"Gray, Campbell",True,5,0,0,,0,0,,0,0,,0,0,0,2,0,3,0,1,0
2023-02-23_uc_davis_cal_st_fullerton,UC Davis,04,"Epps, Nya",False,14,1,5,0.2,0,3,0.0,1,2,0.5,1,0,1,0,0,0,0,0,3
2023-02-23_uc_davis_cal_st_fullerton,UC Davis,23,"Baker, Victoria",False,10,0,2,0.0,0,0,,3,4,0.75,0,1,1,3,0,2,0,1,3
2023-02-23_uc_davis_cal_st_fullerton,UC Davis,02,"Jones, Megan",False,14,1,3,0.333,0,1,0.0,0,0,,3,1,4,2,1,0,2,1,2
2023-02-23_uc_davis_cal_st_fullerton,UC Davis,20,"Sanders, Makaila",False,6,1,3,0.333,0,2,0.0,0,0,,0,1,1,2,1,1,0,1,2
2023-02-23_uc_davis_cal_st_fullerton,UC Davis,13,"Burns, Sydney",False,17,0,3,0.0,0,0,,0,0,,0,2,2,2,1,0,0,2,0
2023-02-23_uc_davis_cal_st_fullerton,UC Davis,33,"Harris, Mazatlan",False,14,0,2,0.0,0,0,,0,0,,1,0,1,0,1,0,0,0,0
2023-02-23_uc_davis_cal_st_fullerton,UC Davis,TM,TEAM,False,0,0,0,,0,0,,0,0,,0,1,1,0,0,0,0,0,0
2023-02-23_uc_riverside_hawaii,Hawaii,3,"Wahinekapu, Lily",True,32,5,14,0.357,0,2,0.0,7,8,0.875,2,1,3,1,3,2,1,6,17
2023-02-23_uc_riverside_hawaii,Hawaii,12,"Perez, Imani",True,27,5,8,0.625,1,1,1.0,0,0,,1,5,6,3,1,0,2,2,11
2023-02-23_uc_riverside_hawaii,Hawaii,1,"Imai, Kelsie",True,27,2,4,0.5,1,2,0.5,4,4,1.0,1,1,2,3,3,1,0,0,9
2023-02-23_uc_riverside_hawaii,Hawaii,11,"Spiller, Kallin",True,21,3,8,0.375,2,3,0.667,0,0,,1,5,6,4,1,2,1,1,8
2023-02-23_uc_riverside_hawaii,Hawaii,23,"McBee, Meilani",True,31,1,8,0.125,1,7,0.143,0,0,,1,1,2,2,0,2,0,1,3
2023-02-23_uc_riverside_hawaii,Hawaii,15,"Phillips, Daejah",False,33,3,7,0.429,0,1,0.0,4,6,0.667,0,3,3,2,1,2,0,3,10
2023-02-23_uc_riverside_hawaii,Hawaii,14,"Orji, Nnenna",False,11,1,5,0.2,0,0,,0,0,,1,3,4,1,1,2,0,0,2
2023-02-23_uc_riverside_hawaii,Hawaii,2,"Thoms, Ashley",False,7,0,0,,0,0,,0,0,,0,0,0,0,0,0,0,1,0
2023-02-23_uc_riverside_hawaii,Hawaii,20,"Haire, McKenna",False,6,0,1,0.0,0,0,,0,0,,0,0,0,0,0,0,0,1,0
2023-02-23_uc_riverside_hawaii,Hawaii,32,"Ongoongotau, Eva",False,5,0,0,,0,0,,0,0,,0,1,1,1,0,0,0,0,0
2023-02-23_uc_riverside_hawaii,Hawaii,TM,TEAM,False,0,0,0,,0,0,,0,0,,2,3,5,0,0,1,0,0,0
2023-02-23_uc_riverside_hawaii,UC Riverside,32,"Webster, Jordan",True,34,4,12,0.333,2,7,0.286,10,12,0.833,3,1,4,0,1,1,0,0,20
2023-02-23_uc_riverside_hawaii,UC Riverside,1,"Bryant, Matehya",True,34,3,9,0.333,0,1,0.0,1,2,0.5,4,6,10,1,2,1,5,1,7
2023-02-23_uc_riverside_hawaii,UC Riverside,13,"Finau, Mele",True,37,2,7,0.286,2,4,0.5,0,0,,0,7,7,4,3,2,0,1,6
2023-02-23_uc_riverside_hawaii,UC Riverside,3,"Tillery, Zoe",True,33,2,14,0.143,1,5,0.2,0,0,,1,1,2,0,3,4,0,1,5
2023-02-23_uc_riverside_hawaii,UC Riverside,15,"Blount, Anna",True,23,2,4,0.5,0,0,,1,2,0.5,0,5,5,1,1,5,0,1,5
2023-02-23_uc_riverside_hawaii,UC Riverside,11,"Matarranz, Esther",False,18,2,4,0.5,0,0,,0,0,,5,3,8,1,0,2,2,0,4
2023-02-23_uc_riverside_hawaii,UC Riverside,10,"Stenberg, Julia",False,13,1,4,0.25,0,3,0.0,0,0,,1,1,2,2,1,0,0,0,2
2023-02-23_uc_riverside_hawaii,UC Riverside,22,"Atchley, Paris",False,8,0,1,0.0,0,1,0.0,0,0,,0,0,0,2,1,6,0,0,0
2023-02-23_uc_riverside_hawaii,UC Riverside,TM,TEAM,False,0,0,0,,0,0,,0,0,,3,3,6,0,0,2,0,0,0
2023-02-23_uc_san_diego_uc_irvine,UC Irvine,32,"Parkinson, Nevaeh",True,26,8,8,1.0,0,0,,0,0,,6,7,13,4,2,1,0,2,16
2023-02-23_uc_san_diego_uc_irvine,UC Irvine,03,"Tom, Nikki",True,40,4,9,0.444,1,2,0.5,4,4,1.0,1,3,4,0,0,1,0,2,13
2023-02-23_uc_san_diego_uc_irvine,UC Irvine,11,"Scharpf, Amelia",True,40,3,10,0.3,0,4,0.0,3,4,0.75,2,1,3,0,1,2,2,1,9
2023-02-23_uc_san_diego_uc_irvine,UC Irvine,23,"Konate, Diaba",True,35,3,12,0.25,0,4,0.0,0,0,,1,2,3,0,3,2,0,4,6
2023-02-23_uc_san_diego_uc_irvine,UC Irvine,24,"Dean, Nevaeh",True,22,1,6,0.167,1,4,0.25,0,0,,0,1,1,1,2,0,0,0,3
2023-02-23_uc_san_diego_uc_irvine,UC Irvine,13,"Lee, Deja",False,23,3,11,0.273,1,6,0.167,4,4,1.0,1,3,4,1,1,1,0,3,11
2023-02-23_uc_san_diego_uc_irvine,UC Irvine,22,"Gony, Nyagoa",False,12,1,3,0.333,0,0,,0,0,,2,3,5,0,0,0,1,0,2
2023-02-23_uc_san_diego_uc_irvine,UC Irvine,01,"Ross, Tarryn",False,2,0,2,0.0,0,2,0.0,0,0,,0,0,0,0,0,0,0,0,0
2023-02-23_uc_san_diego_uc_irvine,UC Irvine,TM,TEAM,False,0,0,0,,0,0,,0,0,,1,1,2,0,0,0,0,0,0
2023-02-23_uc_san_diego_uc_irvine,UC San Diego,20,"Forsyth, Izzy",True,30,5,10,0.5,3,4,0.75,1,1,1.0,1,2,3,3,0,1,1,0,14
2023-02-23_uc_san_diego_uc_irvine,UC San Diego,13,"Brown, Sydney",True,31,3,8,0.375,2,6,0.333,4,4,1.0,1,8,9,2,4,2,0,2,12
2023-02-23_uc_san_diego_uc_irvine,UC San Diego,32,"Montgomery, Parker",True,35,2,7,0.286,2,7,0.286,0,0,,1,3,4,2,5,4,0,0,6
2023-02-23_uc_san_diego_uc_irvine,UC San Diego,04,"Cangelosi, Emily",True,22,2,7,0.286,1,3,0.333,0,0,,1,3,4,4,1,2,0,1,5
2023-02-23_uc_san_diego_uc_irvine,UC San Diego,10,"Macabuhay, Julia",True,25,1,6,0.167,1,5,0.2,0,0,,0,1,1,0,1,2,0,0,3
2023-02-23_uc_san_diego_uc_irvine,UC San Diego,12,"Baxter, Madison",False,18,2,4,0.5,2,4,0.5,0,0,,1,0,1,0,1,1,0,2,6
2023-02-23_uc_san_diego_uc_irvine,UC San Diego,24,"Mullings, Bridget",False,15,1,4,0.25,0,1,0.0,1,2,0.5,0,2,2,0,1,0,2,0,3
2023-02-23_uc_san_diego_uc_irvine,UC San Diego,02,"Talbot, Grace",False,2,1,1,1.0,1,1,1.0,0,0,,0,0,0,0,0,0,0,0,3
2023-02-23_uc_san_diego_uc_irvine,UC San Diego,25,"Mahan, Junaé",False,11,0,0,,0,0,,0,0,,0,2,2,1,1,3,0,0,0
2023-02-23_uc_san_diego_uc_irvine,UC San Diego,05,"Louther, Gabby",False,5,0,2,0.0,0,2,0.0,0,0,,0,1,1,1,0,0,0,0,0
2023-02-23_uc_san_diego_uc_irvine,UC San Diego,35,"Springs, Katie",False,5,0,0,,0,0,,0,0,,0,1,1,1,0,2,1,0,0
2023-02-23_uc_san_diego_uc_irvine,UC San Diego,23,"Thompson, Courtni",False,1,0,0,,0,0,,0,0,,0,0,0,0,0,0,0,0,0
2023-02-23_uc_san_diego_uc_irvine,UC San Diego,TM,TEAM,False,0,0,0,,0,0,,0,0,,3,1,4,0,0,3,0,0,0
2023-02-23_long_beach_st_uc_santa_barbara,UC Santa Barbara,3,"Marin, Alyssa",True,36,3,10,0.3,3,7,0.429,6,6,1.0,0,2,2,3,5,4,0,1,15
2023-02-23_long_beach_st_uc_santa_barbara,UC Santa Barbara,2,"Tucker, Alexis",True,28,5,16,0.312,1,3,0.333,2,3,0.667,3,3,6,2,1,4,0,0,13
2023-02-23_long_beach_st_uc_santa_barbara,UC Santa Barbara,31,"Lane, Ila",True,39,4,7,0.571,0,0,,3,3,1.0,4,6,10,0,0,1,1,1,11
2023-02-23_long_beach_st_uc_santa_barbara,UC Santa Barbara,10,"Choice, Anya",True,20,1,4,0.25,1,3,0.333,0,0,,0,1,1,2,2,1,0,0,3
2023-02-23_long_beach_st_uc_santa_barbara,UC Santa Barbara,12,"Mole, Taylor",True,15,1,2,0.5,0,1,0.0,0,0,,0,3,3,1,0,1,1,0,2
2023-02-23_long_beach_st_uc_santa_barbara,UC Santa Barbara,5,"Cooper, Callie",False,25,2,4,0.5,2,2,1.0,0,0,,0,2,2,4,4,3,0,2,6
2023-02-23_long_beach_st_uc_santa_barbara,UC Santa Barbara,23,"Whitfield, Alexis",False,12,3,5,0.6,0,0,,0,0,,1,5,6,4,1,1,1,2,6
2023-02-23_long_beach_st_uc_santa_barbara,UC Santa Barbara,55,"Burke, Skylar",False,10,1,2,0.5,1,1,1.0,2,2,1.0,0,3,3,4,1,2,0,1,5
2023-02-23_long_beach_st_uc_santa_barbara,UC Santa Barbara,21,"Johnson, Kennedy",False,11,1,4,0.25,0,2,0.0,0,0,,1,0,1,1,0,1,0,0,2
2023-02-23_long_beach_st_uc_santa_barbara,UC Santa Barbara,32,"Grant, Jessica",False,4,0,2,0.0,0,2,0.0,0,0,,0,0,0,0,0,0,0,0,0
2023-02-23_long_beach_st_uc_santa_barbara,UC Santa Barbara,TM,TEAM,False,0,0,0,,0,0,,0,0,,2,1,3,0,0,0,0,0,0
2023-02-23_long_beach_st_uc_santa_barbara,Long Beach St.,00,"Berry, Ma'qhi",True,37,8,14,0.571,0,0,,5,7,0.714,0,6,6,4,4,0,0,2,21
2023-02-23_long_beach_st_uc_santa_barbara,Long Beach St.,12,"Harris , Tori",True,37,5,15,0.333,2,4,0.5,5,6,0.833,5,9,14,3,1,0,0,1,17
2023-02-23_long_beach_st_uc_santa_barbara,Long Beach St.,25,"Hamilton-fisher, Kianna",True,33,6,10,0.6,2,3,0.667,0,0,,1,3,4,3,2,3,0,2,14
2023-02-23_long_beach_st_uc_santa_barbara,Long Beach St.,1,"Bambrick, Malia",True,33,2,9,0.222,0,1,0.0,0,0,,0,0,0,1,2,0,0,1,4
2023-02-23_long_beach_st_uc_santa_barbara,Long Beach St.,23,"Green, Lauren",True,13,2,2,1.0,0,0,,0,2,0.0,2,0,2,1,1,4,0,1,4
2023-02-23_long_beach_st_uc_santa_barbara,Long Beach St.,33,"Murphy, Courtney",False,27,2,7,0.286,0,2,0.0,2,2,1.0,1,1,2,3,2,1,0,0,6
2023-02-23_long_beach_st_uc_santa_barbara,Long Beach St.,2,"Tucker, Savannah",False,10,0,1,0.0,0,0,,0,0,,0,0,0,1,0,1,0,2,0
2023-02-23_long_beach_st_uc_santa_barbara,Long Beach St.,5,"Ka, Kennan",False,7,0,3,0.0,0,2,0.0,0,0,,0,0,0,1,0,0,1,0,0
2023-02-23_long_beach_st_uc_santa_barbara,Long Beach St.,3,"Chung, Patricia",False,3,0,0,,0,0,,0,0,,0,1,1,1,0,0,0,0,0
2023-02-23_long_beach_st_uc_santa_barbara,Long Beach St.,TM,TEAM,False,0,0,0,,0,0,,0,0,,0,1,1,0,0,0,0,0,0
2023-02-23_csu_bakersfield_csun,CSUN,21,"Tu'ua, Anaiyah",True,41,4,10,0.4,0,3,0.0,9,12,0.75,4,8,12,4,2,3,2,1,17
2023-02-23_csu_bakersfield_csun,CSUN,5,"Duchemin, Michelle",True,32,5,11,0.455,0,1,0.0,7,9,0.778,1,4,5,4,0,6,0,2,17
2023-02-23_csu_bakersfield_csun,CSUN,10,"de Jesus , Ana Carolina",True,37,4,6,0.667,0,0,,2,4,0.5,1,5,6,4,1,2,0,3,10
2023-02-23_csu_bakersfield_csun,CSUN,24,"Smith, Macy",True,38,3,10,0.3,1,3,0.333,0,0,,1,3,4,2,2,1,0,0,7
2023-02-23_csu_bakersfield_csun,CSUN,34,"Spriggs, Kayanna",True,12,0,0,,0,0,,7,10,0.7,1,2,3,5,0,2,1,1,7
2023-02-23_csu_bakersfield_csun,CSUN,15,"Amundsen, Tess",False,22,1,5,0.2,1,2,0.5,3,6,0.5,0,2,2,4,0,2,0,1,6
2023-02-23_csu_bakersfield_csun,CSUN,00,"Williams, De’jah",False,10,1,2,0.5,0,0,,2,2,1.0,1,0,1,1,0,2,0,0,4
2023-02-23_csu_bakersfield_csun,CSUN,25,"Amundsen, Laney",False,8,1,4,0.25,1,2,0.5,0,0,,1,2,3,0,0,1,0,1,3
2023-02-23_csu_bakersfield_csun,CSUN,13,"Fourie, Rochelle",False,6,0,1,0.0,0,0,,2,2,1.0,0,0,0,0,0,1,0,0,2
2023-02-23_csu_bakersfield_csun,CSUN,11,"Smith, Olivia",False,13,0,0,,0,0,,0,0,,0,3,3,1,0,1,0,1,0
2023-02-23_csu_bakersfield_csun,CSUN,4,"Harvey, Rachel",False,6,0,0,,0,0,,0,0,,1,1,2,4,0,0,0,0,0
2023-02-23_csu_bakersfield_csun,CSUN,TM,TEAM,False,0,0,0,,0,0,,0,0,,3,1,4,0,0,0,0,0,0
2023-02-23_csu_bakersfield_csun,CSU Bakersfield,15,"Morris, Kayla",True,41,8,20,0.4,0,3,0.0,6,7,0.857,5,2,7,3,0,1,5,2,22
2023-02-23_csu_bakersfield_csun,CSU Bakersfield,3,"van Schaik, Hennie",True,35,7,17,0.412,2,6,0.333,3,4,0.75,1,7,8,5,2,4,0,0,19
2023-02-23_csu_bakersfield_csun,CSU Bakersfield,11,"Caldwell, Taylor",True,36,1,8,0.125,0,1,0.0,5,7,0.714,1,3,4,2,1,3,0,5,7
2023-02-23_csu_bakersfield_csun,CSU Bakersfield,14,"Ortiz, Nseije",True,33,0,3,0.0,0,2,0.0,3,4,0.75,2,0,2,5,2,2,0,1,3
2023-02-23_csu_bakersfield_csun,CSU Bakersfield,32,"Freeman, Garrisen",True,16,0,1,0.0,0,0,,1,2,0.5,2,2,4,5,0,3,0,0,1
2023-02-23_csu_bakersfield_csun,CSU Bakersfield,5,"Tougas, Sophia",False,11,1,4,0.25,0,2,0.0,3,4,0.75,1,1,2,3,0,0,0,0,5
2023-02-23_csu_bakersfield_csun,CSU Bakersfield,00,"Johnson, Simone",False,18,1,2,0.5,1,2,0.5,1,2,0.5,0,3,3,5,0,0,0,0,4
2023-02-23_csu_bakersfield_csun,CSU Bakersfield,2,"Edwards, Morgan",False,5,1,2,0.5,1,1,1.0,0,0,,0,0,0,1,0,0,0,0,3
2023-02-23_csu_bakersfield_csun,CSU Bakersfield,4,"Hunter, Grace",False,21,1,6,0.167,0,2,0.0,0,0,,1,1,2,0,1,3,0,1,2
2023-02-23_csu_bakersfield_csun,CSU Bakersfield,13,"Herrera, Solmilena",False,6,0,0,,0,0,,0,0,,0,0,0,3,0,0,0,0,0
2023-02-23_csu_bakersfield_csun,CSU Bakersfield,24,"Bridges-bey, Sage",False,2,0,0,,0,0,,0,0,,0,0,0,1,0,0,0,0,0
2023-02-23_csu_bakersfield_csun,CSU Bakersfield,33,"Riley, Julia",False,1,0,0,,0,0,,0,2,0.0,0,0,0,0,0,0,0,0,0
2023-02-23_csu_bakersfield_csun,CSU Bakersfield,TM,TEAM,False,0,0,0,,0,0,,0,0,,4,1,5,0,0,1,0,0,0
2023-02-25_uc_davis_cal_poly,Cal Poly,35,"Ackerman, Natalia",True,26,5,9,0.556,0,0,,4,10,0.4,6,1,7,1,1,2,2,4,14
2023-02-25_uc_davis_cal_poly,Cal Poly,02,"Shah, Annika",True,32,4,13,0.308,2,7,0.286,0,0,,0,2,2,3,3,2,0,1,10
2023-02-25_uc_davis_cal_poly,Cal Poly,15,"Bourland, Sydney",True,35,1,10,0.1,1,2,0.5,2,2,1.0,0,7,7,4,0,1,0,3,5
2023-02-25_uc_davis_cal_poly,Cal Poly,05,"Anousinh, Jazzy",True,34,1,3,0.333,0,0,,1,2,0.5,0,2,2,2,6,3,0,1,3
2023-02-25_uc_davis_cal_poly,Cal Poly,33,"Willett, Maddie",True,30,0,6,0.0,0,4,0.0,2,2,1.0,2,3,5,1,0,2,0,0,2
2023-02-25_uc_davis_cal_poly,Cal Poly,23,"Wu, Taylor",False,25,4,7,0.571,4,6,0.667,0,0,,0,1,1,2,1,0,0,2,12
2023-02-25_uc_davis_cal_poly,Cal Poly,32,"Nielacna, Julia",False,13,2,6,0.333,0,0,,2,2,1.0,0,1,1,2,0,1,0,0,6
2023-02-25_uc_davis_cal_poly,Cal Poly,21,"Stajic, Andrea",False,5,1,1,1.0,0,0,,2,2,1.0,0,0,0,0,0,0,0,0,4
2023-02-25_uc_davis_cal_poly,Cal Poly,TM,TEAM,False,0,0,0,,0,0,,0,0,,2,2,4,0,0,1,0,0,0
2023-02-25_uc_davis_cal_poly,UC Davis,14,"Sabel, Tova",True,22,5,9,0.556,5,9,0.556,2,2,1.0,0,2,2,2,4,0,1,0,17
2023-02-25_uc_davis_cal_poly,UC Davis,01,"Sussman, Tess",True,27,5,6,0.833,1,2,0.5,3,3,1.0,2,4,6,4,1,4,0,2,14
2023-02-25_uc_davis_cal_poly,UC Davis,20,"Sanders, Makaila",True,23,2,4,0.5,2,4,0.5,0,0,,1,5,6,3,0,4,0,1,6
2023-02-25_uc_davis_cal_poly,UC Davis,02,"Jones, Megan",True,16,2,7,0.286,1,3,0.333,0,0,,1,0,1,0,0,1,1,0,5
2023-02-25_uc_davis_cal_poly,UC Davis,15,"Turner, Evanne",True,29,0,5,0.0,0,5,0.0,4,4,1.0,0,6,6,2,5,2,0,0,4
2023-02-25_uc_davis_cal_poly,UC Davis,25,"Norris, Megan",False,13,7,9,0.778,0,0,,0,0,,0,5,5,1,0,1,1,1,14
2023-02-25_uc_davis_cal_poly,UC Davis,23,"Baker, Victoria",False,15,3,6,0.5,1,1,1.0,0,0,,2,1,3,0,0,0,0,0,7
2023-02-25_uc_davis_cal_poly,UC Davis,04,"Epps, Nya",False,12,1,2,0.5,0,0,,0,0,,0,1,1,0,0,2,0,0,2
2023-02-25_uc_davis_cal_poly,UC Davis,03,"Gray, Campbell",False,16,0,1,0.0,0,0,,1,2,0.5,0,0,0,0,2,1,0,0,1
2023-02-25_uc_davis_cal_poly,UC Davis,13,"Burns, Sydney",False,16,0,1,0.0,0,1,0.0,0,0,,0,1,1,2,3,2,0,0,0
2023-02-25_uc_davis_cal_poly,UC Davis,33,"Harris, Mazatlan",False,11,0,1,0.0,0,1,0.0,0,0,,0,3,3,0,0,0,0,0,0
2023-02-25_uc_davis_cal_poly,UC Davis,TM,TEAM,False,0,0,0,,0,0,,0,0,,1,3,4,0,0,1,0,0,0
2023-02-25_uc_irvine_hawaii,Hawaii,23,"McBee, MeiLani",True,43,8,13,0.615,5,10,0.5,2,2,1.0,0,4,4,2,1,3,1,1,23
2023-02-25_uc_irvine_hawaii,Hawaii,12,"Perez, Imani",True,33,5,11,0.455,1,2,0.5,2,2,1.0,3,6,9,1,3,1,1,0,13
2023-02-25_uc_irvine_hawaii,Hawaii,03,"Wahinekapu, Lily",True,41,2,9,0.222,2,7,0.286,3,4,0.75,1,3,4,3,5,3,2,2,9
2023-02-25_uc_irvine_hawaii,Hawaii,01,"Imai, Kelsie",True,25,2,6,0.333,1,3,0.333,0,0,,0,0,0,4,4,5,0,0,5
2023-02-25_uc_irvine_hawaii,Hawaii,11,"Spiller, Kallin",True,21,2,7,0.286,1,5,0.2,0,0,,2,2,4,5,1,0,0,0,5
2023-02-25_uc_irvine_hawaii,Hawaii,15,"Phillips, Daejah",False,32,3,8,0.375,2,3,0.667,3,3,1.0,2,3,5,4,3,3,1,0,11
2023-02-25_uc_irvine_hawaii,Hawaii,02,"Thoms, Ashley",False,14,0,1,0.0,0,0,,0,0,,0,0,0,2,1,0,0,0,0
2023-02-25_uc_irvine_hawaii,Hawaii,20,"Haire, McKenna",False,9,0,2,0.0,0,0,,0,0,,2,1,3,0,0,0,0,0,0
2023-02-25_uc_irvine_hawaii,Hawaii,14,"Orji, Nnenna",False,7,0,1,0.0,0,0,,0,0,,0,1,1,2,1,0,0,0,0
2023-02-25_uc_irvine_hawaii,Hawaii,TM,TEAM,False,0,0,0,,0,0,,0,0,,1,5,6,0,0,2,0,0,0
2023-02-25_uc_irvine_hawaii,UC Irvine,03,"Tom, Nikki",True,45,4,11,0.364,3,7,0.429,3,4,0.75,0,3,3,2,1,1,0,1,14
2023-02-25_uc_irvine_hawaii,UC Irvine,13,"Lee, Deja",True,38,4,12,0.333,3,6,0.5,3,4,0.75,0,3,3,4,4,3,0,1,14
2023-02-25_uc_irvine_hawaii,UC Irvine,23,"Konate, Diaba",True,34,3,10,0.3,1,2,0.5,3,4,0.75,3,3,6,4,6,2,0,0,10
2023-02-25_uc_irvine_hawaii,UC Irvine,11,"Scharpf, Amelia",True,44,4,14,0.286,0,5,0.0,0,0,,0,3,3,2,1,4,0,1,8
2023-02-25_uc_irvine_hawaii,UC Irvine,24,"Dean, Nevaeh",True,23,3,7,0.429,0,1,0.0,1,2,0.5,1,4,5,0,0,0,0,1,7
2023-02-25_uc_irvine_hawaii,UC Irvine,32,"Parkinson, Nevaeh",False,25,5,6,0.833,0,0,,2,3,0.667,7,3,10,1,1,1,1,0,12
2023-02-25_uc_irvine_hawaii,UC Irvine,22,"Gony, Nyagoa",False,13,1,2,0.5,0,0,,1,2,0.5,2,4,6,2,1,2,2,0,3
2023-02-25_uc_irvine_hawaii,UC Irvine,01,"Ross, Tarryn",False,3,0,0,,0,0,,0,0,,0,1,1,0,0,0,0,0,0
2023-02-25_uc_irvine_hawaii,UC Irvine,TM,TEAM,False,0,0,0,,0,0,,0,0,,2,0,2,0,0,1,0,0,0
2023-02-25_uc_santa_barbara_uc_san_diego,UC San Diego,13,"Brown, Sydney",True,24,5,8,0.625,2,3,0.667,2,2,1.0,2,2,4,4,0,4,0,0,14
2023-02-25_uc_santa_barbara_uc_san_diego,UC San Diego,04,"Cangelosi, Emily",True,29,2,10,0.2,0,3,0.0,4,4,1.0,0,2,2,1,1,1,0,1,8
2023-02-25_uc_santa_barbara_uc_san_diego,UC San Diego,32,"Montgomery, Parker",True,23,2,4,0.5,2,3,0.667,0,0,,0,5,5,4,2,0,0,1,6
2023-02-25_uc_santa_barbara_uc_san_diego,UC San Diego,20,"Forsyth, Izzy",True,30,2,4,0.5,1,2,0.5,0,0,,1,0,1,1,0,0,1,0,5
2023-02-25_uc_santa_barbara_uc_san_diego,UC San Diego,10,"Macabuhay, Julia",True,26,1,14,0.071,0,5,0.0,2,2,1.0,0,2,2,2,4,1,0,0,4
2023-02-25_uc_santa_barbara_uc_san_diego,UC San Diego,12,"Baxter, Madison",False,18,2,7,0.286,0,3,0.0,1,1,1.0,1,1,2,1,1,2,0,1,5
2023-02-25_uc_santa_barbara_uc_san_diego,UC San Diego,25,"Mahan, Junae",False,9,2,4,0.5,1,2,0.5,0,0,,0,1,1,1,0,1,1,0,5
2023-02-25_uc_santa_barbara_uc_san_diego,UC San Diego,24,"Mullings, Bridget",False,15,1,2,0.5,1,1,1.0,0,2,0.0,2,4,6,1,0,3,0,0,3
2023-02-25_uc_santa_barbara_uc_san_diego,UC San Diego,05,"Louther, Gabby",False,11,0,1,0.0,0,1,0.0,0,0,,0,0,0,0,0,0,0,0,0
2023-02-25_uc_santa_barbara_uc_san_diego,UC San Diego,35,"Springs, Katie",False,10,0,1,0.0,0,0,,0,0,,1,3,4,0,2,0,1,0,0
2023-02-25_uc_santa_barbara_uc_san_diego,UC San Diego,02,"Talbot, Grace",False,3,0,0,,0,0,,0,0,,0,0,0,0,0,0,0,0,0
2023-02-25_uc_santa_barbara_uc_san_diego,UC San Diego,23,"Thompson, Courtni",False,2,0,0,,0,0,,0,0,,0,0,0,0,1,0,0,0,0
2023-02-25_uc_santa_barbara_uc_san_diego,UC San Diego,TM,TEAM,False,0,0,0,,0,0,,0,0,,4,4,8,0,0,0,0,0,0
2023-02-25_uc_santa_barbara_uc_san_diego,UC Santa Barbara,10,"Choice, Anya",True,26,5,10,0.5,2,6,0.333,3,6,0.5,1,2,3,2,2,0,0,1,15
2023-02-25_uc_santa_barbara_uc_san_diego,UC Santa Barbara,02,"Tucker, Alexis",True,36,5,12,0.417,0,1,0.0,2,2,1.0,1,9,10,2,0,1,0,0,12
2023-02-25_uc_santa_barbara_uc_san_diego,UC Santa Barbara,31,"Lane, Ila",True,30,4,7,0.571,0,0,,2,2,1.0,1,2,3,1,1,0,1,0,10
2023-02-25_uc_santa_barbara_uc_san_diego,UC Santa Barbara,03,"Marin, Alyssa",True,31,1,6,0.167,1,4,0.25,6,6,1.0,1,4,5,0,5,0,1,0,9
2023-02-25_uc_santa_barbara_uc_san_diego,UC Santa Barbara,12,"Mole, Taylor",True,9,0,3,0.0,0,3,0.0,0,0,,1,2,3,1,2,1,0,0,0
2023-02-25_uc_santa_barbara_uc_san_diego,UC Santa Barbara,55,"Burke, Skylar",False,27,5,9,0.556,2,4,0.5,1,1,1.0,4,3,7,0,4,1,0,1,13
2023-02-25_uc_santa_barbara_uc_san_diego,UC Santa Barbara,05,"Cooper, Callie",False,14,1,3,0.333,0,1,0.0,2,2,1.0,0,3,3,2,2,1,0,1,4
2023-02-25_uc_santa_barbara_uc_san_diego,UC Santa Barbara,13,"Modawar, Tatyana",False,5,0,1,0.0,0,0,,1,2,0.5,0,2,2,1,0,1,0,0,1
2023-02-25_uc_santa_barbara_uc_san_diego,UC Santa Barbara,32,"Grant, Jessica",False,11,0,1,0.0,0,1,0.0,0,0,,0,0,0,1,0,0,0,0,0
2023-02-25_uc_santa_barbara_uc_san_diego,UC Santa Barbara,23,"Whitfield, Alexis",False,7,0,1,0.0,0,1,0.0,0,0,,0,0,0,0,1,1,0,0,0
2023-02-25_uc_santa_barbara_uc_san_diego,UC Santa Barbara,21,"Johnson, Kennedy",False,3,0,0,,0,0,,0,0,,0,0,0,0,0,1,0,0,0
2023-02-25_uc_santa_barbara_uc_san_diego,UC Santa Barbara,04,"Hutchens, Kathleen",False,1,0,0,,0,0,,0,0,,0,0,0,0,0,0,0,0,0
2023-02-25_uc_santa_barbara_uc_san_diego,UC Santa Barbara,TM,TEAM,False,0,0,0,,0,0,,0,0,,0,1,1,0,0,3,0,0,0
2023-02-25_csun_long_beach_st,Long Beach St.,00,"Berry, Ma'qhi",True,36,8,14,0.571,1,2,0.5,6,7,0.857,1,4,5,0,5,5,1,2,23
2023-02-25_csun_long_beach_st,Long Beach St.,25,"Hamilton-fisher, Kianna",True,35,8,11,0.727,1,1,1.0,5,5,1.0,0,2,2,2,4,1,3,2,22
2023-02-25_csun_long_beach_st,Long Beach St.,1,"Bambrick, Malia",True,32,5,8,0.625,3,5,0.6,0,0,,1,4,5,4,3,1,0,4,13
2023-02-25_csun_long_beach_st,Long Beach St.,12,"Harris, Tori",True,25,2,7,0.286,0,2,0.0,6,7,0.857,0,3,3,4,0,3,1,0,10
2023-02-25_csun_long_beach_st,Long Beach St.,33,"Murphy, Courtney",True,30,3,8,0.375,2,5,0.4,0,0,,1,2,3,1,2,0,0,1,8
2023-02-25_csun_long_beach_st,Long Beach St.,23,"Green, Lauren",False,16,0,2,0.0,0,0,,5,6,0.833,2,0,2,4,1,0,0,0,5
2023-02-25_csun_long_beach_st,Long Beach St.,5,"Ka, Kennan",False,13,0,3,0.0,0,0,,2,2,1.0,0,1,1,1,0,0,0,0,2
2023-02-25_csun_long_beach_st,Long Beach St.,3,"Chung, Patricia",False,5,0,1,0.0,0,1,0.0,2,2,1.0,0,2,2,1,0,0,0,2,2
2023-02-25_csun_long_beach_st,Long Beach St.,21,"Shoff, Abby",False,2,0,0,,0,0,,2,2,1.0,0,0,0,1,0,0,0,0,2
2023-02-25_csun_long_beach_st,Long Beach St.,2,"Tucker, Savannah",False,6,0,1,0.0,0,1,0.0,0,0,,0,0,0,2,1,0,0,0,0
2023-02-25_csun_long_beach_st,Long Beach St.,TM,TEAM,False,0,0,0,,0,0,,0,0,,0,7,7,0,0,0,0,0,0
2023-02-25_csun_long_beach_st,CSUN,15,"Amundsen, Tess",True,33,7,19,0.368,5,12,0.417,3,3,1.0,1,5,6,2,1,4,0,0,22
2023-02-25_csun_long_beach_st,CSUN,21,"Tu'ua, Anaiyah",True,36,4,7,0.571,1,2,0.5,6,6,1.0,3,8,11,2,5,2,0,2,15
2023-02-25_csun_long_beach_st,CSUN,5,"Duchemin, Michelle",True,27,5,8,0.625,1,3,0.333,1,2,0.5,0,5,5,4,2,6,0,1,12
2023-02-25_csun_long_beach_st,CSUN,1,"Jackson, Jordyn",True,37,2,10,0.2,1,5,0.2,2,2,1.0,1,1,2,2,11,1,0,1,7
2023-02-25_csun_long_beach_st,CSUN,34,"Spriggs, Kayanna",True,13,1,1,1.0,0,0,,1,2,0.5,3,2,5,3,1,2,0,1,3
2023-02-25_csun_long_beach_st,CSUN,24,"Smith, Macy",False,29,2,9,0.222,2,8,0.25,0,0,,0,0,0,4,1,2,0,0,6
2023-02-25_csun_long_beach_st,CSUN,25,"Amundsen, Laney",False,11,2,4,0.5,2,4,0.5,0,0,,0,2,2,2,0,0,0,1,6
2023-02-25_csun_long_beach_st,CSUN,11,"Smith, Olivia",False,3,2,3,0.667,1,2,0.5,0,0,,0,0,0,1,0,0,0,0,5
2023-02-25_csun_long_beach_st,CSUN,10,"de Jesus , Ana Carolina",False,4,0,1,0.0,0,0,,0,0,,0,0,0,1,0,0,0,0,0
2023-02-25_csun_long_beach_st,CSUN,13,"Fourie, Rochelle",False,3,0,0,,0,0,,0,0,,0,1,1,0,0,1,0,0,0
2023-02-25_csun_long_beach_st,CSUN,00,"Williams, De’jah",False,2,0,0,,0,0,,0,0,,0,0,0,0,0,0,0,0,0
2023-02-25_csun_long_beach_st,CSUN,4,"Harvey, Rachel",False,2,0,0,,0,0,,0,0,,0,0,0,1,0,0,0,0,0
2023-02-25_csun_long_beach_st,CSUN,TM,TEAM,False,0,0,0,,0,0,,0,0,,5,0,5,0,0,0,0,0,0
2023-02-25_cal_st_fullerton_csu_bakersfield,CSU Bakersfield,03,Hennie van Schaik,True,28,5,12,0.417,0,1,0.0,3,4,0.75,1,6,7,4,1,4,1,0,13
2023-02-25_cal_st_fullerton_csu_bakersfield,CSU Bakersfield,00,Simone Johnson,True,36,3,10,0.3,0,3,0.0,0,0,,3,3,6,2,1,3,0,1,6
2023-02-25_cal_st_fullerton_csu_bakersfield,CSU Bakersfield,15,Kayla Morris,True,16,2,9,0.222,0,2,0.0,0,0,,2,3,5,3,0,2,1,0,4
2023-02-25_cal_st_fullerton_csu_bakersfield,CSU Bakersfield,32,Garrisen Freeman,True,31,0,2,0.0,0,2,0.0,1,2,0.5,0,2,2,3,0,1,1,0,1
2023-02-25_cal_st_fullerton_csu_bakersfield,CSU Bakersfield,14,Nseije Ortiz,True,17,0,1,0.0,0,0,,0,0,,0,2,2,1,1,0,0,0,0
2023-02-25_cal_st_fullerton_csu_bakersfield,CSU Bakersfield,04,Grace Hunter,False,20,5,8,0.625,1,2,0.5,0,0,,1,0,1,0,1,3,0,2,11
2023-02-25_cal_st_fullerton_csu_bakersfield,CSU Bakersfield,05,Sophia Tougas,False,16,1,6,0.167,1,6,0.167,2,2,1.0,1,2,3,1,0,0,1,0,5
2023-02-25_cal_st_fullerton_csu_bakersfield,CSU Bakersfield,13,Solmilena Herrera,False,24,1,5,0.2,0,0,,2,2,1.0,4,4,8,1,1,1,0,0,4
2023-02-25_cal_st_fullerton_csu_bakersfield,CSU Bakersfield,11,Taylor Caldwell,False,10,0,3,0.0,0,0,,0,0,,0,1,1,0,0,2,0,1,0
2023-02-25_cal_st_fullerton_csu_bakersfield,CSU Bakersfield,33,Julia Riley,False,2,0,0,,0,0,,0,0,,0,0,0,0,0,0,0,0,0
2023-02-25_cal_st_fullerton_csu_bakersfield,CSU Bakersfield,TM,TEAM,False,0,0,0,,0,0,,0,0,,1,2,3,0,0,0,0,0,0
2023-02-25_cal_st_fullerton_csu_bakersfield,Cal St. Fullerton,05,"Jovanovic, Una",True,40,4,9,0.444,1,1,1.0,3,3,1.0,1,8,9,2,3,2,0,1,12
2023-02-25_cal_st_fullerton_csu_bakersfield,Cal St. Fullerton,32,"Lewis, Ashlee",True,26,4,12,0.333,0,0,,2,4,0.5,5,6,11,2,1,3,0,2,10
2023-02-25_cal_st_fullerton_csu_bakersfield,Cal St. Fullerton,04,"Vidmar, Gabi",True,34,3,10,0.3,1,5,0.2,2,3,0.667,1,2,3,2,2,0,0,2,9
2023-02-25_cal_st_fullerton_csu_bakersfield,Cal St. Fullerton,55,"Nimmo, Fujika",True,35,2,13,0.154,0,2,0.0,2,3,0.667,1,1,2,0,5,1,0,1,6
2023-02-25_cal_st_fullerton_csu_bakersfield,Cal St. Fullerton,01,Nancy Panagiotopoulo,True,10,0,2,0.0,0,2,0.0,0,0,,1,2,3,0,0,1,0,0,0
2023-02-25_cal_st_fullerton_csu_bakersfield,Cal St. Fullerton,11,"MacDonald, Ruby",False,18,4,4,1.0,3,3,1.0,1,1,1.0,0,2,2,3,1,1,0,0,12
2023-02-25_cal_st_fullerton_csu_bakersfield,Cal St. Fullerton,13,"Hernandez, Aixchel",False,17,2,6,0.333,0,0,,0,0,,2,3,5,3,0,3,1,2,4
2023-02-25_cal_st_fullerton_csu_bakersfield,Cal St. Fullerton,22,"Morgan, Josie",False,6,1,1,1.0,1,1,1.0,1,2,0.5,0,0,0,0,0,1,0,0,4
2023-02-25_cal_st_fullerton_csu_bakersfield,Cal St. Fullerton,10,"Lagway, Demonnie",False,13,0,0,,0,0,,0,0,,1,0,1,0,1,0,0,1,0
2023-02-25_cal_st_fullerton_csu_bakersfield,Cal St. Fullerton,21,"Tse, Allysan",False,1,0,0,,0,0,,0,0,,0,1,1,0,0,0,0,0,0
2023-02-25_cal_st_fullerton_csu_bakersfield,Cal St. Fullerton,TM,TEAM,False,0,0,0,,0,0,,0,0,,1,1,2,0,0,0,0,0,0
2023-03-02_uc_santa_barbara_uc_davis,UC Davis,03,"Gray, Campbell",True,19,6,6,1.0,1,1,1.0,0,0,,0,1,1,2,1,0,0,0,13
2023-03-02_uc_santa_barbara_uc_davis,UC Davis,14,"Sabel, Tova",True,23,5,6,0.833,2,3,0.667,0,0,,0,5,5,2,1,2,1,1,12
2023-03-02_uc_santa_barbara_uc_davis,UC Davis,15,"Turner, Evanne",True,20,5,8,0.625,1,2,0.5,0,0,,0,1,1,5,3,3,0,0,11
2023-03-02_uc_santa_barbara_uc_davis,UC Davis,01,"Sussman, Tess",True,32,3,8,0.375,3,6,0.5,0,0,,0,10,10,4,2,5,0,0,9
2023-03-02_uc_santa_barbara_uc_davis,UC Davis,25,"Norris, Megan",True,17,2,6,0.333,0,0,,0,0,,2,5,7,3,0,2,0,0,4
2023-03-02_uc_santa_barbara_uc_davis,UC Davis,23,"Baker, Victoria",False,15,4,7,0.571,0,0,,3,3,1.0,3,0,3,1,1,2,0,1,11
2023-03-02_uc_santa_barbara_uc_davis,UC Davis,13,"Burns, Sydney",False,23,4,4,1.0,1,1,1.0,0,0,,0,1,1,2,1,3,0,2,9
2023-03-02_uc_santa_barbara_uc_davis,UC Davis,33,"Harris, Mazatlan",False,23,3,6,0.5,1,3,0.333,0,0,,3,2,5,2,2,2,0,0,7
2023-03-02_uc_santa_barbara_uc_davis,UC Davis,02,"Jones, Megan",False,10,1,3,0.333,0,1,0.0,0,0,,0,0,0,3,0,1,1,1,2
2023-03-02_uc_santa_barbara_uc_davis,UC Davis,04,"Epps, Nya",False,10,1,2,0.5,0,0,,0,0,,0,0,0,2,2,1,0,1,2
2023-03-02_uc_santa_barbara_uc_davis,UC Davis,20,"Sanders, Makaila",False,8,0,1,0.0,0,1,0.0,0,0,,0,2,2,0,0,1,0,0,0
2023-03-02_uc_santa_barbara_uc_davis,UC Davis,TM,TEAM,False,0,0,0,,0,0,,0,0,,2,2,4,0,0,0,0,0,0
2023-03-02_uc_santa_barbara_uc_davis,UC Santa Barbara,02,"Tucker, Alexis",True,22,3,9,0.333,0,1,0.0,7,7,1.0,0,2,2,3,0,1,0,0,13
2023-03-02_uc_santa_barbara_uc_davis,UC Santa Barbara,10,"Choice, Anya",True,25,1,3,0.333,0,0,,5,6,0.833,1,2,3,0,2,5,0,1,7
2023-03-02_uc_santa_barbara_uc_davis,UC Santa Barbara,03,"Marin, Alyssa",True,17,2,7,0.286,1,4,0.25,2,4,0.5,0,1,1,1,0,1,0,0,7
2023-03-02_uc_santa_barbara_uc_davis,UC Santa Barbara,31,"Lane, Ila",True,19,2,4,0.5,0,0,,0,0,,1,3,4,1,0,0,1,1,4
2023-03-02_uc_santa_barbara_uc_davis,UC Santa Barbara,12,"Mole, Taylor",True,11,0,1,0.0,0,0,,0,0,,0,0,0,0,0,0,0,0,0
2023-03-02_uc_santa_barbara_uc_davis,UC Santa Barbara,05,"Cooper, Callie",False,33,3,10,0.3,1,4,0.25,4,5,0.8,2,3,5,2,1,2,0,0,11
2023-03-02_uc_santa_barbara_uc_davis,UC Santa Barbara,23,"Whitfield, Alexis",False,23,3,8,0.375,0,1,0.0,2,2,1.0,2,0,2,3,2,3,0,2,8
2023-03-02_uc_santa_barbara_uc_davis,UC Santa Barbara,55,"Burke, Skylar",False,17,1,5,0.2,1,3,0.333,0,0,,0,0,0,2,1,2,0,1,3
2023-03-02_uc_santa_barbara_uc_davis,UC Santa Barbara,32,"Grant, Jessica",False,9,0,1,0.0,0,1,0.0,3,3,1.0,0,0,0,0,0,0,0,0,3
2023-03-02_uc_santa_barbara_uc_davis,UC Santa Barbara,21,"Johnson, Kennedy",False,8,0,2,0.0,0,1,0.0,2,2,1.0,1,0,1,1,0,0,0,0,2
2023-03-02_uc_santa_barbara_uc_davis,UC Santa Barbara,13,"Modawar, Tatyana",False,16,0,1,0.0,0,1,0.0,1,2,0.5,1,1,2,1,0,0,0,1,1
2023-03-02_uc_santa_barbara_uc_davis,UC Santa Barbara,TM,TEAM,False,0,0,0,,0,0,,0,0,,1,1,2,0,0,0,0,0,0
2023-03-02_hawaii_csun,CSUN,15,"Amundsen, Tess",True,31,4,10,0.4,0,3,0.0,6,7,0.857,1,1,2,5,0,2,0,3,14
2023-03-02_hawaii_csun,CSUN,05,"Duchemin, Michelle",True,24,3,11,0.273,1,3,0.333,3,4,0.75,1,1,2,2,0,2,0,3,10
2023-03-02_hawaii_csun,CSUN,01,"Jackson, Jordyn",True,33,3,11,0.273,2,4,0.5,0,0,,2,4,6,3,1,1,0,1,8
2023-03-02_hawaii_csun,CSUN,21,"Tu'ua, Anaiyah",True,30,2,9,0.222,0,3,0.0,4,4,1.0,0,4,4,1,2,2,0,1,8
2023-03-02_hawaii_csun,CSUN,34,"Spriggs, Kayanna",True,15,0,1,0.0,0,0,,2,2,1.0,4,1,5,2,0,1,0,0,2
2023-03-02_hawaii_csun,CSUN,24,"Smith, Macy",False,24,3,10,0.3,2,8,0.25,1,2,0.5,1,2,3,0,0,1,0,0,9
2023-03-02_hawaii_csun,CSUN,10,"De Jesus , Ana Carolina",False,16,1,3,0.333,0,0,,1,2,0.5,0,6,6,3,0,0,0,0,3
2023-03-02_hawaii_csun,CSUN,25,"Amundsen, Laney",False,10,1,1,1.0,0,0,,0,0,,0,1,1,3,0,0,0,0,2
2023-03-02_hawaii_csun,CSUN,11,"Smith, Olivia",False,3,1,2,0.5,0,0,,0,0,,0,0,0,1,0,0,0,0,2
2023-03-02_hawaii_csun,CSUN,00,"Williams, De'jah",False,9,0,1,0.0,0,0,,0,0,,0,0,0,0,0,0,0,0,0
2023-03-02_hawaii_csun,CSUN,13,"Fourie, Rochelle",False,3,0,1,0.0,0,0,,0,0,,1,0,1,0,0,2,0,0,0
2023-03-02_hawaii_csun,CSUN,04,"Harvey, Rachel",False,2,0,0,,0,0,,0,0,,0,0,0,2,0,0,0,0,0
2023-03-02_hawaii_csun,CSUN,TM,TEAM,False,0,0,0,,0,0,,0,0,,1,4,5,0,0,0,0,0,0
2023-03-02_hawaii_csun,Hawaii,11,"Spiller, Kallin",True,21,5,9,0.556,1,4,0.25,1,1,1.0,2,4,6,3,0,4,0,1,12
2023-03-02_hawaii_csun,Hawaii,12,"Perez, Imani",True,21,4,8,0.5,0,1,0.0,2,3,0.667,3,7,10,3,1,0,1,4,10
2023-03-02_hawaii_csun,Hawaii,23,"McBee, MeiLani",True,31,3,15,0.2,2,12,0.167,1,2,0.5,3,1,4,3,2,0,0,0,9
2023-03-02_hawaii_csun,Hawaii,01,"Imai, Kelsie",True,29,2,5,0.4,1,2,0.5,4,4,1.0,0,6,6,1,2,1,0,1,9
2023-03-02_hawaii_csun,Hawaii,03,"Wahinekapu, Lily",True,27,3,7,0.429,2,5,0.4,1,2,0.5,1,1,2,0,2,3,0,2,9
2023-03-02_hawaii_csun,Hawaii,15,"Phillips, Daejah",False,25,2,6,0.333,1,2,0.5,5,6,0.833,0,5,5,4,2,2,0,1,10
2023-03-02_hawaii_csun,Hawaii,20,"Haire, McKenna",False,18,3,5,0.6,1,2,0.5,0,0,,2,1,3,0,2,1,0,0,7
2023-03-02_hawaii_csun,Hawaii,14,"Orji, Nnenna",False,12,0,3,0.0,0,1,0.0,0,0,,0,4,4,3,0,2,0,0,0
2023-03-02_hawaii_csun,Hawaii,02,"Thoms, Ashley",False,10,0,2,0.0,0,2,0.0,0,0,,1,1,2,1,0,2,0,0,0
2023-03-02_hawaii_csun,Hawaii,32,"Ongoongotau, Eva",False,6,0,0,,0,0,,0,0,,0,0,0,1,0,0,0,0,0
2023-03-02_hawaii_csun,Hawaii,TM,TEAM,False,0,0,0,,0,0,,0,0,,1,1,2,0,0,1,0,0,0
2023-03-02_uc_irvine_uc_riverside,UC Riverside,32,"Webster, Jordan",True,36,7,16,0.438,4,8,0.5,3,3,1.0,1,7,8,1,3,1,0,1,21
2023-03-02_uc_irvine_uc_riverside,UC Riverside,15,"Blount, Anna",True,29,4,13,0.308,0,0,,1,3,0.333,1,2,3,3,0,4,1,0,9
2023-03-02_uc_irvine_uc_riverside,UC Riverside,1,"Bryant, Matehya",True,29,4,8,0.5,0,0,,0,0,,1,8,9,1,1,2,3,2,8
2023-03-02_uc_irvine_uc_riverside,UC Riverside,3,"Tillery, Zoe",True,35,0,8,0.0,0,3,0.0,1,2,0.5,1,0,1,0,4,1,0,1,1
2023-03-02_uc_irvine_uc_riverside,UC Riverside,13,"Finau, Mele",True,22,0,2,0.0,0,1,0.0,0,0,,1,1,2,3,1,3,1,0,0
2023-03-02_uc_irvine_uc_riverside,UC Riverside,11,"Matarranz, Esther",False,22,3,5,0.6,0,0,,0,2,0.0,3,3,6,0,1,1,0,2,6
2023-03-02_uc_irvine_uc_riverside,UC Riverside,22,"Atchley, Paris",False,20,0,1,0.0,0,0,,0,0,,0,1,1,1,1,2,0,0,0
2023-03-02_uc_irvine_uc_riverside,UC Riverside,10,"Stenberg, Julia",False,7,0,2,0.0,0,2,0.0,0,0,,0,0,0,0,0,1,0,0,0
2023-03-02_uc_irvine_uc_riverside,UC Riverside,TM,TEAM,False,0,0,0,,0,0,,0,0,,4,0,4,0,0,1,0,0,0
2023-03-02_uc_irvine_uc_riverside,UC Irvine,13,"Lee, Déja",True,33,4,15,0.267,2,7,0.286,1,2,0.5,0,4,4,1,4,2,0,1,11
2023-03-02_uc_irvine_uc_riverside,UC Irvine,23,"Konate, Diaba",True,38,4,9,0.444,1,2,0.5,1,2,0.5,0,2,2,0,5,3,0,1,10
2023-03-02_uc_irvine_uc_riverside,UC Irvine,22,"Gony, Nyagoa",True,17,4,5,0.8,0,0,,0,0,,4,3,7,0,0,2,4,0,8
2023-03-02_uc_irvine_uc_riverside,UC Irvine,3,"Tom, Nikki",True,40,3,12,0.25,1,6,0.167,0,0,,2,2,4,2,2,0,0,2,7
2023-03-02_uc_irvine_uc_riverside,UC Irvine,11,"Scharpf, Amelia",True,32,2,5,0.4,1,2,0.5,0,0,,1,4,5,1,0,3,0,1,5
2023-03-02_uc_irvine_uc_riverside,UC Irvine,24,"Dean, Nevaeh",False,22,3,6,0.5,1,3,0.333,2,2,1.0,3,2,5,2,4,3,0,2,9
2023-03-02_uc_irvine_uc_riverside,UC Irvine,32,"Parkinson, Nevaeh",False,18,3,6,0.5,0,0,,0,0,,1,8,9,3,1,1,1,0,6
2023-03-02_uc_irvine_uc_riverside,UC Irvine,4,"El Behery, Laila",False,0,0,0,,0,0,,0,0,,0,0,0,0,0,0,0,0,0
2023-03-02_uc_irvine_uc_riverside,UC Irvine,TM,TEAM,False,0,0,0,,0,0,,0,0,,2,2,4,0,0,0,0,0,0
2023-03-02_cal_poly_uc_san_diego,UC San Diego,4,"Cangelosi, Emily",True,35,7,11,0.636,3,5,0.6,0,0,,0,8,8,2,4,6,0,3,17
2023-03-02_cal_poly_uc_san_diego,UC San Diego,20,"Forsyth, Izzy",True,30,6,10,0.6,0,4,0.0,2,4,0.5,1,7,8,1,0,2,3,2,14
2023-03-02_cal_poly_uc_san_diego,UC San Diego,10,"Macabuhay, Julia",True,28,5,9,0.556,0,2,0.0,2,2,1.0,0,1,1,1,5,2,0,0,12
2023-03-02_cal_poly_uc_san_diego,UC San Diego,13,"Brown, Sydney",True,17,1,5,0.2,0,0,,1,1,1.0,3,5,8,3,2,1,0,0,3
2023-03-02_cal_poly_uc_san_diego,UC San Diego,12,"Baxter, Madison",True,25,0,1,0.0,0,1,0.0,0,0,,0,0,0,3,0,2,0,0,0
2023-03-02_cal_poly_uc_san_diego,UC San Diego,24,"Mullings, Bridget",False,17,3,5,0.6,0,1,0.0,1,2,0.5,1,4,5,0,1,3,1,2,7
2023-03-02_cal_poly_uc_san_diego,UC San Diego,2,"Talbot, Grace",False,14,1,3,0.333,1,2,0.5,2,4,0.5,0,0,0,2,0,0,0,0,5
2023-03-02_cal_poly_uc_san_diego,UC San Diego,23,"Thompson, Courtni",False,2,1,1,1.0,0,0,,0,0,,0,0,0,0,0,0,0,0,2
2023-03-02_cal_poly_uc_san_diego,UC San Diego,5,"Louther, Gabby",False,12,0,1,0.0,0,1,0.0,0,0,,0,2,2,2,2,0,0,0,0
2023-03-02_cal_poly_uc_san_diego,UC San Diego,35,"Springs, Katie",False,9,0,2,0.0,0,0,,0,0,,2,4,6,1,1,0,0,0,0
2023-03-02_cal_poly_uc_san_diego,UC San Diego,32,"Montgomery, Parker",False,7,0,1,0.0,0,1,0.0,0,0,,0,0,0,1,0,1,0,0,0
2023-03-02_cal_poly_uc_san_diego,UC San Diego,25,"Mahan, Junae",False,4,0,1,0.0,0,0,,0,0,,0,0,0,0,0,0,0,0,0
2023-03-02_cal_poly_uc_san_diego,UC San Diego,TM,TEAM,False,0,0,0,,0,0,,0,0,,1,5,6,0,0,1,0,0,0
2023-03-02_cal_poly_uc_san_diego,Cal Poly,15,"Bourland, Sydney",True,37,3,9,0.333,1,3,0.333,4,5,0.8,3,8,11,1,3,2,0,0,11
2023-03-02_cal_poly_uc_san_diego,Cal Poly,33,"Willett, Maddie",True,32,3,5,0.6,2,3,0.667,0,0,,0,0,0,0,0,0,0,0,8
2023-03-02_cal_poly_uc_san_diego,Cal Poly,5,"Anousinh, Jazzy",True,33,2,12,0.167,1,5,0.2,0,0,,0,0,0,2,3,3,0,4,5
2023-03-02_cal_poly_uc_san_diego,Cal Poly,35,"Ackerman, Natalia",True,19,2,4,0.5,0,0,,1,2,0.5,1,2,3,4,0,2,1,2,5
2023-03-02_cal_poly_uc_san_diego,Cal Poly,2,"Shah, Annika",True,36,1,11,0.091,0,6,0.0,2,2,1.0,1,5,6,2,1,3,0,1,4
2023-03-02_cal_poly_uc_san_diego,Cal Poly,23,"Wu, Taylor",False,28,1,6,0.167,0,3,0.0,5,8,0.625,0,2,2,2,0,0,0,1,7
2023-03-02_cal_poly_uc_san_diego,Cal Poly,32,"Nielacna, Julia",False,11,1,4,0.25,0,1,0.0,1,2,0.5,1,1,2,1,0,2,0,0,3
2023-03-02_cal_poly_uc_san_diego,Cal Poly,20,"Karlin, Shannon",False,2,0,0,,0,0,,0,0,,0,0,0,1,0,0,0,0,0
2023-03-02_cal_poly_uc_san_diego,Cal Poly,21,"Stajic, Andrea",False,2,0,0,,0,0,,0,0,,0,0,0,1,0,0,0,0,0
2023-03-02_cal_poly_uc_san_diego,Cal Poly,TM,TEAM,False,0,0,0,,0,0,,0,0,,1,3,4,0,0,3,0,0,0
2023-03-02_csu_bakersfield_long_beach_st,Long Beach St.,12,"Harris , Tori",True,39,6,17,0.353,1,5,0.2,2,3,0.667,1,4,5,2,0,1,0,3,15
2023-03-02_csu_bakersfield_long_beach_st,Long Beach St.,1,"Bambrick, Malia",True,36,4,12,0.333,2,6,0.333,0,0,,0,2,2,1,1,2,0,2,10
2023-03-02_csu_bakersfield_long_beach_st,Long Beach St.,33,"Murphy, Courtney",True,30,4,7,0.571,1,2,0.5,0,0,,0,5,5,3,2,1,1,1,9
2023-03-02_csu_bakersfield_long_beach_st,Long Beach St.,00,"Berry, Ma'qhi",True,30,4,9,0.444,0,2,0.0,1,3,0.333,1,7,8,1,3,4,0,1,9
2023-03-02_csu_bakersfield_long_beach_st,Long Beach St.,25,"Hamilton-fisher, Kianna",True,39,2,5,0.4,1,1,1.0,2,2,1.0,0,1,1,2,2,2,0,0,7
2023-03-02_csu_bakersfield_long_beach_st,Long Beach St.,3,"Chung, Patricia",False,8,1,3,0.333,0,1,0.0,0,0,,0,3,3,0,0,1,0,2,2
2023-03-02_csu_bakersfield_long_beach_st,Long Beach St.,23,"Green, Lauren",False,12,0,2,0.0,0,0,,0,0,,2,0,2,2,1,1,0,1,0
2023-03-02_csu_bakersfield_long_beach_st,Long Beach St.,2,"Tucker, Savannah",False,5,0,0,,0,0,,0,0,,0,0,0,0,0,1,0,0,0
2023-03-02_csu_bakersfield_long_beach_st,Long Beach St.,5,"Ka, Kennan",False,1,0,1,0.0,0,0,,0,0,,0,0,0,0,0,1,0,0,0
2023-03-02_csu_bakersfield_long_beach_st,Long Beach St.,TM,TEAM,False,0,0,0,,0,0,,0,0,,3,3,6,0,0,1,0,0,0
2023-03-02_csu_bakersfield_long_beach_st,CSU Bakersfield,3,"van Schaik, Hennie",True,37,5,11,0.455,1,3,0.333,4,5,0.8,1,11,12,1,0,4,0,1,15
2023-03-02_csu_bakersfield_long_beach_st,CSU Bakersfield,11,"Caldwell, Taylor",True,33,2,8,0.25,2,2,1.0,4,4,1.0,2,4,6,0,2,4,0,2,10
2023-03-02_csu_bakersfield_long_beach_st,CSU Bakersfield,32,"Freeman, Garrisen",True,29,2,5,0.4,0,1,0.0,0,0,,1,5,6,2,4,3,1,0,4
2023-03-02_csu_bakersfield_long_beach_st,CSU Bakersfield,00,"Johnson, Simone",True,19,0,2,0.0,0,2,0.0,0,0,,1,1,2,3,0,3,0,1,0
2023-03-02_csu_bakersfield_long_beach_st,CSU Bakersfield,14,"Ortiz, Nseije",True,16,0,0,,0,0,,0,0,,0,0,0,2,2,2,0,2,0
2023-03-02_csu_bakersfield_long_beach_st,CSU Bakersfield,5,"Tougas, Sophia",False,18,3,7,0.429,2,4,0.5,0,0,,1,3,4,1,1,0,1,1,8
2023-03-02_csu_bakersfield_long_beach_st,CSU Bakersfield,4,"Hunter, Grace",False,26,1,6,0.167,1,4,0.25,4,4,1.0,0,2,2,1,3,4,0,0,7
2023-03-02_csu_bakersfield_long_beach_st,CSU Bakersfield,15,"Morris, Kayla",False,8,1,3,0.333,0,0,,0,0,,0,2,2,1,0,1,1,0,2
2023-03-02_csu_bakersfield_long_beach_st,CSU Bakersfield,2,"Edwards, Morgan",False,11,0,2,0.0,0,2,0.0,0,0,,0,1,1,1,0,0,0,1,0
2023-03-02_csu_bakersfield_long_beach_st,CSU Bakersfield,13,"Herrera, Solmilena",False,3,0,0,,0,0,,0,0,,0,0,0,0,0,0,0,0,0
2023-03-02_csu_bakersfield_long_beach_st,CSU Bakersfield,TM,TEAM,False,0,0,0,,0,0,,0,0,,0,1,1,0,0,0,0,0,0
2023-03-04_long_beach_st_uc_davis,UC Davis,14,"Sabel, Tova",True,38,8,18,0.444,6,11,0.545,3,4,0.75,3,3,6,2,1,3,0,0,25
2023-03-04_long_beach_st_uc_davis,UC Davis,15,"Turner, Evanne",True,40,6,17,0.353,3,9,0.333,2,2,1.0,1,5,6,0,1,3,0,1,17
2023-03-04_long_beach_st_uc_davis,UC Davis,1,"Sussman, Tess",True,33,3,5,0.6,2,3,0.667,0,0,,0,9,9,3,2,0,0,3,8
2023-03-04_long_beach_st_uc_davis,UC Davis,25,"Norris, Megan",True,17,4,7,0.571,0,0,,0,1,0.0,2,1,3,3,1,2,1,0,8
2023-03-04_long_beach_st_uc_davis,UC Davis,3,"Gray, Campbell",True,19,0,1,0.0,0,1,0.0,0,0,,0,0,0,1,4,2,0,0,0
2023-03-04_long_beach_st_uc_davis,UC Davis,33,"Harris, Mazatlan",False,22,2,2,1.0,1,1,1.0,0,0,,1,1,2,3,3,2,0,0,5
2023-03-04_long_beach_st_uc_davis,UC Davis,13,"Burns, Sydney",False,24,1,3,0.333,0,0,,0,0,,1,4,5,2,3,4,0,2,2
2023-03-04_long_beach_st_uc_davis,UC Davis,2,"Jones, Megan",False,3,0,1,0.0,0,1,0.0,0,0,,0,1,1,0,0,0,0,0,0
2023-03-04_long_beach_st_uc_davis,UC Davis,4,"Epps, Nya",False,3,0,0,,0,0,,0,0,,0,0,0,0,0,0,0,0,0
2023-03-04_long_beach_st_uc_davis,UC Davis,23,"Baker, Victoria",False,1,0,0,,0,0,,0,0,,0,0,0,0,0,1,1,0,0
2023-03-04_long_beach_st_uc_davis,UC Davis,TM,TEAM,False,0,0,0,,0,0,,0,0,,0,2,2,0,0,0,0,0,0
2023-03-04_long_beach_st_uc_davis,Long Beach St.,12,"Harris , Tori",True,39,5,17,0.294,1,6,0.167,2,3,0.667,1,5,6,3,0,4,0,1,13
2023-03-04_long_beach_st_uc_davis,Long Beach St.,00,"Berry, Ma'qhi",True,35,3,5,0.6,0,0,,4,4,1.0,0,4,4,2,4,0,0,2,10
2023-03-04_long_beach_st_uc_davis,Long Beach St.,33,"Murphy, Courtney",True,24,4,6,0.667,2,4,0.5,0,0,,0,3,3,1,0,0,0,0,10
2023-03-04_long_beach_st_uc_davis,Long Beach St.,1,"Bambrick, Malia",True,22,3,5,0.6,1,1,1.0,2,2,1.0,0,2,2,0,2,4,0,1,9
2023-03-04_long_beach_st_uc_davis,Long Beach St.,23,"Green, Lauren",True,15,1,1,1.0,0,0,,0,0,,0,2,2,1,0,0,0,1,2
2023-03-04_long_beach_st_uc_davis,Long Beach St.,25,"Hamilton-fisher, Kianna",False,36,4,14,0.286,1,5,0.2,1,2,0.5,2,2,4,4,1,5,0,1,10
2023-03-04_long_beach_st_uc_davis,Long Beach St.,3,"Chung, Patricia",False,5,1,2,0.5,0,1,0.0,0,0,,0,0,0,1,1,0,0,0,2
2023-03-04_long_beach_st_uc_davis,Long Beach St.,2,"Tucker, Savannah",False,18,0,0,,0,0,,0,0,,0,2,2,0,0,1,0,0,0
2023-03-04_long_beach_st_uc_davis,Long Beach St.,5,"Ka, Kennan",False,6,0,0,,0,0,,0,0,,0,0,0,2,0,0,0,1,0
2023-03-04_long_beach_st_uc_davis,Long Beach St.,TM,TEAM,False,0,0,0,,0,0,,0,0,,1,1,2,0,0,1,0,0,0
2023-03-04_hawaii_uc_santa_barbara,UC Santa Barbara,10,"Choice, Anya",True,39,9,14,0.643,4,6,0.667,1,2,0.5,2,2,4,5,1,4,0,0,23
2023-03-04_hawaii_uc_santa_barbara,UC Santa Barbara,02,"Tucker, Alexis",True,35,5,11,0.455,2,6,0.333,6,7,0.857,0,7,7,2,2,5,0,0,18
2023-03-04_hawaii_uc_santa_barbara,UC Santa Barbara,03,"Marin, Alyssa",True,33,1,9,0.111,1,4,0.25,5,6,0.833,0,2,2,1,3,1,1,0,8
2023-03-04_hawaii_uc_santa_barbara,UC Santa Barbara,31,"Lane, Ila",True,24,3,6,0.5,0,0,,0,0,,3,4,7,3,0,1,0,0,6
2023-03-04_hawaii_uc_santa_barbara,UC Santa Barbara,12,"Mole, Taylor",True,5,0,2,0.0,0,1,0.0,0,0,,0,2,2,0,0,0,0,0,0
2023-03-04_hawaii_uc_santa_barbara,UC Santa Barbara,05,"Cooper, Callie",False,28,1,4,0.25,0,2,0.0,0,0,,0,3,3,5,1,2,0,0,2
2023-03-04_hawaii_uc_santa_barbara,UC Santa Barbara,55,"Burke, Skylar",False,12,0,2,0.0,0,0,,1,2,0.5,1,2,3,3,0,2,0,1,1
2023-03-04_hawaii_uc_santa_barbara,UC Santa Barbara,23,"Whitfield, Alexis",False,16,0,2,0.0,0,0,,0,0,,0,8,8,3,0,1,1,0,0
2023-03-04_hawaii_uc_santa_barbara,UC Santa Barbara,21,"Johnson, Kennedy",False,3,0,0,,0,0,,0,0,,0,0,0,0,0,0,0,0,0
2023-03-04_hawaii_uc_santa_barbara,UC Santa Barbara,32,"Grant, Jessica",False,3,0,0,,0,0,,0,0,,0,0,0,1,0,0,0,0,0
2023-03-04_hawaii_uc_santa_barbara,UC Santa Barbara,13,"Modawar, Tatyana",False,2,0,0,,0,0,,0,0,,0,0,0,0,0,0,0,0,0
2023-03-04_hawaii_uc_santa_barbara,UC Santa Barbara,TM,TEAM,False,0,0,0,,0,0,,0,0,,2,0,2,0,0,3,0,0,0
2023-03-04_hawaii_uc_santa_barbara,Hawaii,03,"Wahinekapu, Lily",True,37,6,13,0.462,0,2,0.0,9,14,0.643,2,5,7,0,4,1,0,2,21
2023-03-04_hawaii_uc_santa_barbara,Hawaii,11,"Spiller, Kallin",True,24,4,10,0.4,2,6,0.333,2,2,1.0,0,6,6,3,0,0,0,1,12
2023-03-04_hawaii_uc_santa_barbara,Hawaii,23,"McBee, MeiLani",True,24,1,4,0.25,0,2,0.0,0,0,,1,1,2,4,2,1,0,0,2
2023-03-04_hawaii_uc_santa_barbara,Hawaii,20,"Haire, McKenna",True,19,1,1,1.0,0,0,,0,0,,0,3,3,2,0,0,0,0,2
2023-03-04_hawaii_uc_santa_barbara,Hawaii,01,"Imai, Kelsie",True,15,0,4,0.0,0,2,0.0,0,0,,0,0,0,1,1,2,0,0,0
2023-03-04_hawaii_uc_santa_barbara,Hawaii,12,"Perez, Imani",False,24,5,9,0.556,1,1,1.0,2,5,0.4,5,3,8,2,1,0,2,0,13
2023-03-04_hawaii_uc_santa_barbara,Hawaii,15,"Phillips, Daejah",False,32,4,7,0.571,1,2,0.5,2,2,1.0,0,2,2,3,1,2,0,2,11
2023-03-04_hawaii_uc_santa_barbara,Hawaii,14,"Orji, Nnenna",False,7,2,4,0.5,0,0,,0,0,,0,0,0,2,0,0,0,0,4
2023-03-04_hawaii_uc_santa_barbara,Hawaii,02,"Thoms, Ashley",False,18,1,4,0.25,1,2,0.5,0,0,,0,1,1,2,0,0,0,0,3
2023-03-04_hawaii_uc_santa_barbara,Hawaii,TM,TEAM,False,0,0,0,,0,0,,0,0,,1,2,3,0,0,0,0,0,0
2023-03-04_csu_bakersfield_uc_irvine,UC Irvine,23,"Konate, Diaba",True,36,3,13,0.231,1,4,0.25,8,8,1.0,1,5,6,2,3,2,0,2,15
2023-03-04_csu_bakersfield_uc_irvine,UC Irvine,24,"Dean, Nevaeh",True,32,4,9,0.444,0,2,0.0,3,3,1.0,5,2,7,3,0,6,0,2,11
2023-03-04_csu_bakersfield_uc_irvine,UC Irvine,3,"Tom, Nikki",True,39,2,8,0.25,1,5,0.2,3,4,0.75,1,4,5,0,2,1,0,0,8
2023-03-04_csu_bakersfield_uc_irvine,UC Irvine,11,"Scharpf, Amelia",True,29,3,7,0.429,1,2,0.5,0,0,,1,1,2,2,2,2,0,1,7
2023-03-04_csu_bakersfield_uc_irvine,UC Irvine,13,"Lee, Déja",True,26,1,9,0.111,0,4,0.0,3,4,0.75,1,2,3,4,2,2,0,0,5
2023-03-04_csu_bakersfield_uc_irvine,UC Irvine,32,"Parkinson, Nevaeh",False,19,3,5,0.6,0,0,,5,7,0.714,2,5,7,3,1,1,1,1,11
2023-03-04_csu_bakersfield_uc_irvine,UC Irvine,22,"Gony, Nyagoa",False,19,1,3,0.333,0,0,,0,0,,3,5,8,0,0,2,0,1,2
2023-03-04_csu_bakersfield_uc_irvine,UC Irvine,4,"El Behery, Laila",False,0,0,0,,0,0,,0,0,,0,1,1,0,0,0,0,0,0
2023-03-04_csu_bakersfield_uc_irvine,UC Irvine,TM,TEAM,False,0,0,0,,0,0,,0,0,,3,1,4,0,0,0,0,0,0
2023-03-04_csu_bakersfield_uc_irvine,CSU Bakersfield,3,"van Schaik, Hennie",True,22,3,8,0.375,1,3,0.333,2,3,0.667,3,4,7,4,2,5,0,1,9
2023-03-04_csu_bakersfield_uc_irvine,CSU Bakersfield,11,"Caldwell, Taylor",True,32,3,9,0.333,0,2,0.0,1,2,0.5,0,3,3,4,2,4,0,5,7
2023-03-04_csu_bakersfield_uc_irvine,CSU Bakersfield,13,"Herrera, Solmilena",True,20,2,3,0.667,0,0,,2,2,1.0,0,2,2,2,0,1,1,0,6
2023-03-04_csu_bakersfield_uc_irvine,CSU Bakersfield,32,"Freeman, Garrisen",True,30,1,4,0.25,0,0,,2,2,1.0,0,1,1,0,0,0,1,1,4
2023-03-04_csu_bakersfield_uc_irvine,CSU Bakersfield,00,"Johnson, Simone",True,9,0,1,0.0,0,1,0.0,0,0,,0,0,0,2,0,1,0,0,0
2023-03-04_csu_bakersfield_uc_irvine,CSU Bakersfield,15,"Morris, Kayla",False,17,5,13,0.385,0,3,0.0,0,0,,1,4,5,4,1,2,3,0,10
2023-03-04_csu_bakersfield_uc_irvine,CSU Bakersfield,5,"Tougas, Sophia",False,29,2,5,0.4,1,3,0.333,4,5,0.8,3,3,6,2,2,0,0,1,9
2023-03-04_csu_bakersfield_uc_irvine,CSU Bakersfield,14,"Ortiz, Nseije",False,23,1,2,0.5,1,2,0.5,0,0,,1,2,3,4,1,2,0,0,3
2023-03-04_csu_bakersfield_uc_irvine,CSU Bakersfield,2,"Edwards, Morgan",False,9,0,2,0.0,0,2,0.0,0,0,,0,2,2,0,0,1,0,0,0
2023-03-04_csu_bakersfield_uc_irvine,CSU Bakersfield,4,"Hunter, Grace",False,9,0,3,0.0,0,2,0.0,0,0,,0,0,0,1,0,1,0,1,0
2023-03-04_csu_bakersfield_uc_irvine,CSU Bakersfield,TM,TEAM,False,0,0,0,,0,0,,0,0,,1,0,1,0,0,1,0,0,0
2023-03-04_uc_san_diego_cal_st_fullerton,Cal St. Fullerton,32,"Lewis, Ashlee",True,28,8,12,0.667,0,0,,2,3,0.667,2,9,11,3,2,0,1,0,18
2023-03-04_uc_san_diego_cal_st_fullerton,Cal St. Fullerton,04,"Vidmar, Gabi",True,38,5,12,0.417,4,8,0.5,1,1,1.0,0,9,9,1,3,4,0,0,15
2023-03-04_uc_san_diego_cal_st_fullerton,Cal St. Fullerton,11,"MacDonald, Ruby",True,21,4,4,1.0,4,4,1.0,0,0,,0,4,4,4,3,1,0,1,12
2023-03-04_uc_san_diego_cal_st_fullerton,Cal St. Fullerton,05,"Jovanovic, Una",True,36,4,11,0.364,1,2,0.5,2,4,0.5,0,4,4,1,7,1,0,0,11
2023-03-04_uc_san_diego_cal_st_fullerton,Cal St. Fullerton,55,"Nimmo, Fujika",True,26,0,4,0.0,0,1,0.0,6,8,0.75,1,2,3,2,1,2,0,1,6
2023-03-04_uc_san_diego_cal_st_fullerton,Cal St. Fullerton,13,"Hernandez, Aixchel",False,16,4,7,0.571,0,0,,0,0,,0,2,2,3,0,2,0,0,8
2023-03-04_uc_san_diego_cal_st_fullerton,Cal St. Fullerton,22,"Morgan, Josie",False,4,0,0,,0,0,,6,6,1.0,0,0,0,1,2,1,0,0,6
2023-03-04_uc_san_diego_cal_st_fullerton,Cal St. Fullerton,21,"Tse, Allysan",False,8,2,3,0.667,1,1,1.0,0,0,,1,0,1,0,0,0,0,1,5
2023-03-04_uc_san_diego_cal_st_fullerton,Cal St. Fullerton,10,"Lagway, Demonnie",False,10,0,3,0.0,0,0,,2,2,1.0,1,1,2,1,2,1,0,2,2
2023-03-04_uc_san_diego_cal_st_fullerton,Cal St. Fullerton,01,"Panagiotopoulou, Nancy",False,13,0,1,0.0,0,1,0.0,0,0,,0,0,0,1,1,1,0,0,0
2023-03-04_uc_san_diego_cal_st_fullerton,Cal St. Fullerton,TM,TEAM,False,0,0,0,,0,0,,0,0,,6,1,7,0,0,0,0,0,0
2023-03-04_uc_san_diego_cal_st_fullerton,UC San Diego,13,"Brown, Sydney",True,30,9,16,0.562,1,4,0.25,6,7,0.857,0,7,7,3,0,3,0,0,25
2023-03-04_uc_san_diego_cal_st_fullerton,UC San Diego,04,"Cangelosi, Emily",True,33,7,16,0.438,5,10,0.5,0,0,,0,5,5,3,0,1,0,0,19
2023-03-04_uc_san_diego_cal_st_fullerton,UC San Diego,10,"Macabuhay, Julia",True,32,4,15,0.267,1,8,0.125,1,1,1.0,0,1,1,3,1,1,0,1,10
2023-03-04_uc_san_diego_cal_st_fullerton,UC San Diego,20,"Forsyth, Izzy",True,16,0,1,0.0,0,1,0.0,1,2,0.5,0,3,3,2,3,1,1,0,1
2023-03-04_uc_san_diego_cal_st_fullerton,UC San Diego,12,"Baxter, Madison",True,13,0,2,0.0,0,2,0.0,0,0,,0,0,0,5,1,0,0,0,0
2023-03-04_uc_san_diego_cal_st_fullerton,UC San Diego,24,"Mullings, Bridget",False,22,5,8,0.625,1,3,0.333,1,1,1.0,3,2,5,3,2,2,2,0,12
2023-03-04_uc_san_diego_cal_st_fullerton,UC San Diego,32,"Montgomery, Parker",False,24,0,3,0.0,0,3,0.0,0,0,,0,2,2,2,3,0,0,1,0
2023-03-04_uc_san_diego_cal_st_fullerton,UC San Diego,05,"Louther, Gabby",False,11,0,1,0.0,0,1,0.0,0,0,,0,0,0,1,1,0,0,1,0
2023-03-04_uc_san_diego_cal_st_fullerton,UC San Diego,35,"Springs, Katie",False,11,0,0,,0,0,,0,0,,0,1,1,2,0,2,0,1,0
2023-03-04_uc_san_diego_cal_st_fullerton,UC San Diego,23,"Thompson, Courtni",False,5,0,1,0.0,0,1,0.0,0,0,,0,0,0,1,1,0,0,0,0
2023-03-04_uc_san_diego_cal_st_fullerton,UC San Diego,02,"Talbot, Grace",False,3,0,0,,0,0,,0,0,,0,0,0,0,0,0,0,0,0
2023-03-04_uc_san_diego_cal_st_fullerton,UC San Diego,TM,TEAM,False,0,0,0,,0,0,,0,0,,2,1,3,0,0,0,0,0,0
2023-03-04_uc_riverside_cal_poly,Cal Poly,15,"Bourland, Sydney",True,38,6,10,0.6,2,3,0.667,0,0,,0,3,3,0,2,3,1,2,14
2023-03-04_uc_riverside_cal_poly,Cal Poly,5,"Anousinh, Jazzy",True,36,5,8,0.625,1,2,0.5,3,6,0.5,1,1,2,1,3,1,0,1,14
2023-03-04_uc_riverside_cal_poly,Cal Poly,35,"Ackerman, Natalia",True,29,7,9,0.778,0,0,,0,1,0.0,5,8,13,3,2,2,7,0,14
2023-03-04_uc_riverside_cal_poly,Cal Poly,2,"Shah, Annika",True,24,2,4,0.5,0,0,,2,2,1.0,0,3,3,3,4,4,0,2,6
2023-03-04_uc_riverside_cal_poly,Cal Poly,33,"Willett, Maddie",True,29,1,6,0.167,1,4,0.25,0,0,,1,2,3,2,1,3,0,1,3
2023-03-04_uc_riverside_cal_poly,Cal Poly,23,"Wu, Taylor",False,31,5,7,0.714,2,4,0.5,0,0,,0,1,1,1,4,0,0,0,12
2023-03-04_uc_riverside_cal_poly,Cal Poly,32,"Nielacna, Julia",False,7,0,1,0.0,0,0,,0,0,,0,1,1,0,0,1,0,0,0
2023-03-04_uc_riverside_cal_poly,Cal Poly,21,"Stajic, Andrea",False,6,0,2,0.0,0,1,0.0,0,0,,0,0,0,1,0,1,1,1,0
2023-03-04_uc_riverside_cal_poly,Cal Poly,TM,TEAM,False,0,0,0,,0,0,,0,0,,1,3,4,0,0,1,0,0,0
2023-03-04_uc_riverside_cal_poly,UC Riverside,1,"Bryant, Matehya",True,34,10,17,0.588,0,1,0.0,0,0,,6,3,9,2,2,5,2,1,20
2023-03-04_uc_riverside_cal_poly,UC Riverside,32,"Webster, Jordan",True,33,4,13,0.308,2,6,0.333,1,2,0.5,1,4,5,0,1,2,1,0,11
2023-03-04_uc_riverside_cal_poly,UC Riverside,3,"Tillery, Zoe",True,24,1,6,0.167,1,1,1.0,0,0,,0,1,1,0,5,1,0,1,3
2023-03-04_uc_riverside_cal_poly,UC Riverside,13,"Finau, Mele",True,29,1,6,0.167,0,3,0.0,0,0,,1,1,2,2,4,0,2,0,2
2023-03-04_uc_riverside_cal_poly,UC Riverside,15,"Blount, Anna",True,13,1,6,0.167,0,0,,0,0,,1,2,3,1,0,2,0,0,2
2023-03-04_uc_riverside_cal_poly,UC Riverside,11,"Matarranz, Esther",False,24,3,6,0.5,0,0,,0,0,,2,2,4,2,0,2,1,0,6
2023-03-04_uc_riverside_cal_poly,UC Riverside,22,"Atchley, Paris",False,25,2,4,0.5,0,0,,0,0,,1,0,1,1,0,0,0,0,4
2023-03-04_uc_riverside_cal_poly,UC Riverside,2,"Walters, Ryanne",False,18,0,4,0.0,0,1,0.0,2,2,1.0,0,0,0,4,1,1,0,2,2
2023-03-04_uc_riverside_cal_poly,UC Riverside,TM,TEAM,False,0,0,0,,0,0,,0,0,,4,3,7,0,0,0,0,0,0
2023-03-07_cal_poly_uc_riverside,UC Riverside,32,"Webster, Jordan",True,33,6,14,0.429,1,6,0.167,8,10,0.8,2,2,4,3,1,1,0,3,21
2023-03-07_cal_poly_uc_riverside,UC Riverside,1,"Bryant, Matehya",True,27,7,14,0.5,0,0,,2,2,1.0,2,4,6,3,1,1,1,1,16
2023-03-07_cal_poly_uc_riverside,UC Riverside,15,"Blount, Anna",True,22,4,12,0.333,0,0,,1,2,0.5,3,5,8,4,0,2,0,0,9
2023-03-07_cal_poly_uc_riverside,UC Riverside,3,"Tillery, Zoe",True,19,1,2,0.5,1,2,0.5,1,2,0.5,0,0,0,2,1,2,0,0,4
2023-03-07_cal_poly_uc_riverside,UC Riverside,13,"Finau, Mele",True,28,0,3,0.0,0,2,0.0,0,0,,0,2,2,3,1,4,0,0,0
2023-03-07_cal_poly_uc_riverside,UC Riverside,11,"Matarranz, Esther",False,28,2,4,0.5,0,0,,1,4,0.25,3,3,6,4,1,2,1,0,5
2023-03-07_cal_poly_uc_riverside,UC Riverside,2,"Walters, Ryanne",False,23,0,6,0.0,0,0,,4,6,0.667,1,2,3,2,4,1,0,1,4
2023-03-07_cal_poly_uc_riverside,UC Riverside,22,"Atchley, Paris",False,19,0,0,,0,0,,4,4,1.0,0,5,5,1,0,1,0,0,4
2023-03-07_cal_poly_uc_riverside,UC Riverside,10,"Stenberg, Julia",False,1,0,1,0.0,0,0,,0,0,,0,0,0,0,0,0,0,0,0
2023-03-07_cal_poly_uc_riverside,UC Riverside,TM,TEAM,False,0,0,0,,0,0,,0,0,,4,3,7,0,0,0,0,0,0
2023-03-07_cal_poly_uc_riverside,Cal Poly,5,"Anousinh, Jazzy",True,34,3,5,0.6,0,0,,5,5,1.0,0,2,2,3,2,4,1,2,11
2023-03-07_cal_poly_uc_riverside,Cal Poly,2,"Shah, Annika",True,33,3,7,0.429,2,4,0.5,2,2,1.0,0,1,1,4,0,3,0,0,10
2023-03-07_cal_poly_uc_riverside,Cal Poly,35,"Ackerman, Natalia",True,32,4,8,0.5,0,0,,1,2,0.5,1,8,9,4,1,4,1,3,9
2023-03-07_cal_poly_uc_riverside,Cal Poly,15,"Bourland, Sydney",True,34,1,6,0.167,0,1,0.0,4,7,0.571,0,3,3,5,1,1,0,0,6
2023-03-07_cal_poly_uc_riverside,Cal Poly,33,"Willett, Maddie",True,23,1,5,0.2,0,3,0.0,2,2,1.0,0,3,3,3,0,2,0,1,4
2023-03-07_cal_poly_uc_riverside,Cal Poly,23,"Wu, Taylor",False,31,3,7,0.429,1,3,0.333,1,2,0.5,0,2,2,3,1,1,0,1,8
2023-03-07_cal_poly_uc_riverside,Cal Poly,32,"Nielacna, Julia",False,10,2,4,0.5,1,1,1.0,1,1,1.0,0,2,2,2,0,0,0,0,6
2023-03-07_cal_poly_uc_riverside,Cal Poly,21,"Stajic, Andrea",False,3,0,1,0.0,0,1,0.0,0,0,,0,0,0,0,0,0,0,0,0
2023-03-07_cal_poly_uc_riverside,Cal Poly,20,"Karlin, Shannon",False,0,0,0,,0,0,,0,0,,0,0,0,0,0,0,0,0,0
2023-03-07_cal_poly_uc_riverside,Cal Poly,TM,TEAM,False,0,0,0,,0,0,,0,0,,1,3,4,0,0,3,0,0,0
2023-03-07_csun_csu_bakersfield,CSU Bakersfield,3,"van Schaik, Hennie",True,36,6,17,0.353,1,4,0.25,6,7,0.857,3,4,7,2,1,4,3,1,19
2023-03-07_csun_csu_bakersfield,CSU Bakersfield,11,"Caldwell, Taylor",True,36,7,11,0.636,0,1,0.0,2,4,0.5,2,7,9,2,5,2,1,2,16
2023-03-07_csun_csu_bakersfield,CSU Bakersfield,4,"Hunter, Grace",True,24,0,5,0.0,0,3,0.0,2,4,0.5,0,0,0,3,0,2,1,0,2
2023-03-07_csun_csu_bakersfield,CSU Bakersfield,15,"Morris, Kayla",True,19,0,4,0.0,0,0,,1,2,0.5,0,5,5,2,0,1,1,0,1
2023-03-07_csun_csu_bakersfield,CSU Bakersfield,00,"Johnson, Simone",True,6,0,1,0.0,0,1,0.0,0,0,,0,0,0,1,0,0,0,0,0
2023-03-07_csun_csu_bakersfield,CSU Bakersfield,5,"Tougas, Sophia",False,25,7,12,0.583,3,5,0.6,0,0,,0,1,1,2,0,1,0,1,17
2023-03-07_csun_csu_bakersfield,CSU Bakersfield,32,"Freeman, Garrisen",False,36,0,3,0.0,0,1,0.0,0,0,,3,6,9,3,1,2,0,1,0
2023-03-07_csun_csu_bakersfield,CSU Bakersfield,13,"Herrera, Solmilena",False,9,0,0,,0,0,,0,0,,0,0,0,1,0,0,0,0,0
2023-03-07_csun_csu_bakersfield,CSU Bakersfield,2,"Edwards, Morgan",False,7,0,1,0.0,0,1,0.0,0,0,,0,0,0,1,2,0,0,1,0
2023-03-07_csun_csu_bakersfield,CSU Bakersfield,14,"Ortiz, Nseije",False,2,0,0,,0,0,,0,0,,1,0,1,0,0,0,0,0,0
2023-03-07_csun_csu_bakersfield,CSU Bakersfield,33,"Riley, Julia",False,0,0,0,,0,0,,0,0,,0,0,0,0,0,0,0,0,0
2023-03-07_csun_csu_bakersfield,CSU Bakersfield,TM,TEAM,False,0,0,0,,0,0,,0,0,,1,3,4,0,0,1,0,0,0
2023-03-07_csun_csu_bakersfield,CSUN,15,"Amundsen, Tess",True,38,5,8,0.625,1,1,1.0,3,5,0.6,0,3,3,1,2,3,0,0,14
2023-03-07_csun_csu_bakersfield,CSUN,10,"de Jesus , Ana Carolina",True,27,6,12,0.5,0,0,,0,0,,1,9,10,4,2,1,0,0,12
2023-03-07_csun_csu_bakersfield,CSUN,34,"Spriggs, Kayanna",True,27,1,6,0.167,0,0,,7,8,0.875,1,6,7,3,1,1,1,2,9
2023-03-07_csun_csu_bakersfield,CSUN,21,"Tu'ua, Anaiyah",True,39,3,10,0.3,0,1,0.0,0,0,,1,4,5,3,3,2,0,2,6
2023-03-07_csun_csu_bakersfield,CSUN,1,"Jackson, Jordyn",True,31,1,5,0.2,1,4,0.25,0,0,,0,1,1,2,2,3,0,0,3
2023-03-07_csun_csu_bakersfield,CSUN,5,"Duchemin, Michelle",False,25,2,6,0.333,0,0,,0,0,,0,2,2,1,0,0,0,1,4
2023-03-07_csun_csu_bakersfield,CSUN,13,"Fourie, Rochelle",False,5,2,3,0.667,0,0,,0,0,,0,1,1,2,0,3,0,0,4
2023-03-07_csun_csu_bakersfield,CSUN,24,"Smith, Macy",False,6,0,0,,0,0,,0,0,,0,2,2,3,0,1,1,0,0
2023-03-07_csun_csu_bakersfield,CSUN,00,"Williams, De’jah",False,2,0,0,,0,0,,0,0,,0,1,1,1,0,0,0,0,0
2023-03-07_csun_csu_bakersfield,CSUN,TM,TEAM,False,0,0,0,,0,0,,0,0,,3,0,3,0,0,0,0,0,0
2023-03-08_uc_davis_uc_santa_barbara,UC Santa Barbara,03,"Marin, Alyssa",True,28,4,10,0.4,3,5,0.6,4,5,0.8,2,1,3,2,2,1,0,2,15
2023-03-08_uc_davis_uc_santa_barbara,UC Santa Barbara,31,"Lane, Ila",True,20,4,6,0.667,0,0,,6,9,0.667,1,9,10,5,1,0,0,0,14
2023-03-08_uc_davis_uc_santa_barbara,UC Santa Barbara,10,"Choice, Anya",True,30,4,6,0.667,2,3,0.667,2,2,1.0,0,0,0,2,2,4,0,0,12
2023-03-08_uc_davis_uc_santa_barbara,UC Santa Barbara,02,"Tucker, Alexis",True,31,3,9,0.333,0,1,0.0,5,5,1.0,1,9,10,2,1,5,0,0,11
2023-03-08_uc_davis_uc_santa_barbara,UC Santa Barbara,12,"Mole, Taylor",True,21,1,1,1.0,0,0,,0,0,,0,4,4,0,1,0,1,3,2
2023-03-08_uc_davis_uc_santa_barbara,UC Santa Barbara,23,"Whitfield, Alexis",False,22,4,8,0.5,0,1,0.0,1,2,0.5,2,6,8,1,2,1,0,1,9
2023-03-08_uc_davis_uc_santa_barbara,UC Santa Barbara,13,"Modawar, Tatyana",False,6,1,2,0.5,1,1,1.0,0,0,,0,4,4,0,0,0,0,0,3
2023-03-08_uc_davis_uc_santa_barbara,UC Santa Barbara,05,"Cooper, Callie",False,24,0,4,0.0,0,0,,2,2,1.0,1,1,2,2,3,2,0,1,2
2023-03-08_uc_davis_uc_santa_barbara,UC Santa Barbara,55,"Burke, Skylar",False,12,0,2,0.0,0,0,,2,2,1.0,0,0,0,2,1,0,0,0,2
2023-03-08_uc_davis_uc_santa_barbara,UC Santa Barbara,21,"Johnson, Kennedy",False,3,0,1,0.0,0,0,,0,0,,1,0,1,0,0,0,0,0,0
2023-03-08_uc_davis_uc_santa_barbara,UC Santa Barbara,32,"Grant, Jessica",False,3,0,0,,0,0,,0,0,,0,0,0,0,0,0,0,0,0
2023-03-08_uc_davis_uc_santa_barbara,UC Santa Barbara,TM,TEAM,False,0,0,0,,0,0,,0,0,,1,1,2,0,0,2,0,0,0
2023-03-08_uc_davis_uc_santa_barbara,UC Davis,15,"Turner, Evanne",True,39,6,19,0.316,1,4,0.25,3,3,1.0,1,0,1,2,1,1,0,0,16
2023-03-08_uc_davis_uc_santa_barbara,UC Davis,14,"Sabel, Tova",True,32,6,23,0.261,1,8,0.125,2,3,0.667,4,3,7,0,0,2,1,1,15
2023-03-08_uc_davis_uc_santa_barbara,UC Davis,03,"Gray, Campbell",True,14,1,2,0.5,0,1,0.0,0,0,,0,2,2,2,1,1,0,2,2
2023-03-08_uc_davis_uc_santa_barbara,UC Davis,25,"Norris, Megan",True,19,0,1,0.0,0,0,,1,2,0.5,2,3,5,3,0,1,1,0,1
2023-03-08_uc_davis_uc_santa_barbara,UC Davis,01,"Sussman, Tess",True,26,0,2,0.0,0,0,,0,0,,0,4,4,2,1,1,0,1,0
2023-03-08_uc_davis_uc_santa_barbara,UC Davis,23,"Baker, Victoria",False,21,0,3,0.0,0,1,0.0,2,4,0.5,1,0,1,4,0,1,1,2,2
2023-03-08_uc_davis_uc_santa_barbara,UC Davis,13,"Burns, Sydney",False,23,0,3,0.0,0,1,0.0,0,0,,1,4,5,4,1,4,0,1,0
2023-03-08_uc_davis_uc_santa_barbara,UC Davis,04,"Epps, Nya",False,10,0,1,0.0,0,0,,0,0,,0,0,0,0,0,1,0,0,0
2023-03-08_uc_davis_uc_santa_barbara,UC Davis,20,"Sanders, Makaila",False,6,0,0,,0,0,,0,0,,0,0,0,0,0,0,0,1,0
2023-03-08_uc_davis_uc_santa_barbara,UC Davis,33,"Harris, Mazatlan",False,6,0,2,0.0,0,1,0.0,0,0,,1,2,3,4,0,1,0,0,0
2023-03-08_uc_davis_uc_santa_barbara,UC Davis,02,"Jones, Megan",False,4,0,1,0.0,0,0,,0,0,,0,0,0,1,0,0,1,0,0
2023-03-08_uc_davis_uc_santa_barbara,UC Davis,TM,TEAM,False,0,0,0,,0,0,,0,0,,0,3,3,0,0,0,0,0,0
2023-03-08_hawaii_cal_st_fullerton,Cal St. Fullerton,32,"Lewis, Ashlee",True,45,8,12,0.667,0,0,,6,7,0.857,5,4,9,4,0,1,2,0,22
2023-03-08_hawaii_cal_st_fullerton,Cal St. Fullerton,05,"Jovanovic, Una",True,50,7,16,0.438,1,2,0.5,1,2,0.5,0,5,5,4,2,4,0,0,16
2023-03-08_hawaii_cal_st_fullerton,Cal St. Fullerton,55,"Nimmo, Fujika",True,43,6,18,0.333,1,5,0.2,2,4,0.5,1,3,4,5,8,4,0,3,15
2023-03-08_hawaii_cal_st_fullerton,Cal St. Fullerton,04,"Vidmar, Gabi",True,50,2,10,0.2,2,8,0.25,6,6,1.0,1,6,7,5,3,2,0,3,12
2023-03-08_hawaii_cal_st_fullerton,Cal St. Fullerton,11,"MacDonald, Ruby",True,21,2,4,0.5,2,4,0.5,0,0,,1,1,2,2,0,1,0,0,6
2023-03-08_hawaii_cal_st_fullerton,Cal St. Fullerton,13,"Hernandez, Aixchel",False,35,2,6,0.333,0,0,,0,0,,0,6,6,3,1,2,1,0,4
2023-03-08_hawaii_cal_st_fullerton,Cal St. Fullerton,21,"Tse, Allysan",False,4,0,1,0.0,0,0,,0,0,,0,0,0,0,0,0,0,0,0
2023-03-08_hawaii_cal_st_fullerton,Cal St. Fullerton,10,"Lagway, Demonnie",False,2,0,0,,0,0,,0,0,,0,0,0,1,0,0,0,0,0
2023-03-08_hawaii_cal_st_fullerton,Cal St. Fullerton,TM,TEAM,False,0,0,0,,0,0,,0,0,,0,3,3,0,0,1,0,0,0
2023-03-08_hawaii_cal_st_fullerton,Hawaii,03,"Wahinekapu, Lily",True,47,5,11,0.455,2,5,0.4,8,10,0.8,1,7,8,3,5,1,0,3,20
2023-03-08_hawaii_cal_st_fullerton,Hawaii,23,"McBee, MeiLani",True,42,4,11,0.364,3,9,0.333,3,6,0.5,1,4,5,4,2,2,1,0,14
2023-03-08_hawaii_cal_st_fullerton,Hawaii,12,"Perez, Imani",True,34,5,7,0.714,0,0,,1,2,0.5,0,4,4,2,2,2,0,1,11
2023-03-08_hawaii_cal_st_fullerton,Hawaii,11,"Spiller, Kallin",True,23,4,6,0.667,1,2,0.5,0,0,,2,1,3,4,0,2,0,1,9
2023-03-08_hawaii_cal_st_fullerton,Hawaii,01,"Imai, Kelsie",True,26,2,5,0.4,0,1,0.0,0,0,,0,6,6,1,4,2,0,0,4
2023-03-08_hawaii_cal_st_fullerton,Hawaii,15,"Phillips, Daejah",False,33,2,11,0.182,1,2,0.5,8,8,1.0,2,3,5,4,3,4,1,1,13
2023-03-08_hawaii_cal_st_fullerton,Hawaii,02,"Thoms, Ashley",False,31,2,5,0.4,2,3,0.667,1,2,0.5,0,1,1,2,1,0,0,1,7
2023-03-08_hawaii_cal_st_fullerton,Hawaii,14,"Orji, Nnenna",False,10,2,5,0.4,0,1,0.0,0,0,,0,3,3,2,0,1,0,0,4
2023-03-08_hawaii_cal_st_fullerton,Hawaii,20,"Haire, McKenna",False,4,0,0,,0,0,,0,0,,0,1,1,0,0,0,0,0,0
2023-03-08_hawaii_cal_st_fullerton,Hawaii,TM,TEAM,False,0,0,0,,0,0,,0,0,,2,2,4,0,0,2,0,0,0
2023-03-08_uc_irvine_csu_bakersfield,CSU Bakersfield,11,"Caldwell, Taylor",True,49,6,11,0.545,0,0,,7,11,0.636,0,1,1,2,3,4,6,0,19
2023-03-08_uc_irvine_csu_bakersfield,CSU Bakersfield,15,"Morris, Kayla",True,33,7,12,0.583,3,4,0.75,1,4,0.25,2,4,6,4,0,1,3,1,18
2023-03-08_uc_irvine_csu_bakersfield,CSU Bakersfield,32,"Freeman, Garrisen",True,50,2,5,0.4,2,3,0.667,3,4,0.75,3,3,6,3,1,1,1,0,9
2023-03-08_uc_irvine_csu_bakersfield,CSU Bakersfield,3,"van Schaik, Hennie",True,49,1,13,0.077,0,4,0.0,3,3,1.0,2,12,14,4,2,4,0,3,5
2023-03-08_uc_irvine_csu_bakersfield,CSU Bakersfield,00,"Johnson, Simone",True,2,0,0,,0,0,,0,0,,0,0,0,0,2,0,0,0,0
2023-03-08_uc_irvine_csu_bakersfield,CSU Bakersfield,5,"Tougas, Sophia",False,39,2,7,0.286,1,4,0.25,1,2,0.5,3,2,5,3,2,2,2,2,6
2023-03-08_uc_irvine_csu_bakersfield,CSU Bakersfield,13,"Herrera, Solmilena",False,16,1,3,0.333,0,0,,0,0,,0,3,3,3,0,2,0,0,2
2023-03-08_uc_irvine_csu_bakersfield,CSU Bakersfield,2,"Edwards, Morgan",False,4,1,2,0.5,0,0,,0,0,,0,0,0,0,0,1,0,0,2
2023-03-08_uc_irvine_csu_bakersfield,CSU Bakersfield,4,"Hunter, Grace",False,7,0,2,0.0,0,2,0.0,0,0,,0,1,1,4,0,0,0,0,0
2023-03-08_uc_irvine_csu_bakersfield,CSU Bakersfield,14,"Ortiz, Nseije",False,1,0,0,,0,0,,0,0,,0,0,0,0,0,0,0,0,0
2023-03-08_uc_irvine_csu_bakersfield,CSU Bakersfield,TM,TEAM,False,0,0,0,,0,0,,0,0,,2,4,6,0,0,2,0,0,0
2023-03-08_uc_irvine_csu_bakersfield,UC Irvine,11,"Scharpf, Amelia",True,43,1,12,0.083,1,5,0.2,5,6,0.833,1,2,3,1,0,1,0,1,8
2023-03-08_uc_irvine_csu_bakersfield,UC Irvine,32,"Parkinson, Nevaeh",True,21,3,5,0.6,0,0,,2,2,1.0,6,6,12,5,2,2,0,0,8
2023-03-08_uc_irvine_csu_bakersfield,UC Irvine,3,"Tom, Nikki",True,49,1,11,0.091,1,5,0.2,4,4,1.0,1,4,5,1,1,1,0,1,7
2023-03-08_uc_irvine_csu_bakersfield,UC Irvine,23,"Konate, Diaba",True,49,2,22,0.091,0,7,0.0,2,4,0.5,5,3,8,4,5,4,0,3,6
2023-03-08_uc_irvine_csu_bakersfield,UC Irvine,24,"Dean, Nevaeh",True,33,2,6,0.333,1,3,0.333,1,2,0.5,2,3,5,0,0,0,0,0,6
2023-03-08_uc_irvine_csu_bakersfield,UC Irvine,13,"Lee, Déja",False,32,4,15,0.267,2,6,0.333,8,10,0.8,1,2,3,4,2,0,0,3,18
2023-03-08_uc_irvine_csu_bakersfield,UC Irvine,22,"Gony, Nyagoa",False,22,2,4,0.5,0,0,,2,4,0.5,6,4,10,2,0,3,4,2,6
2023-03-08_uc_irvine_csu_bakersfield,UC Irvine,1,"Ross, Tarryn",False,1,0,0,,0,0,,0,0,,0,0,0,0,0,0,0,0,0
2023-03-08_uc_irvine_csu_bakersfield,UC Irvine,TM,TEAM,False,0,0,0,,0,0,,0,0,,7,3,10,0,0,2,0,0,0
2023-03-08_long_beach_st_uc_riverside,UC Riverside,1,"Bryant, Matehya",True,33,9,15,0.6,0,0,,1,1,1.0,2,3,5,1,2,3,0,1,19
2023-03-08_long_beach_st_uc_riverside,UC Riverside,32,"Webster, Jordan",True,35,5,14,0.357,2,6,0.333,0,0,,1,2,3,3,2,2,0,1,12
2023-03-08_long_beach_st_uc_riverside,UC Riverside,15,"Blount, Anna",True,20,3,4,0.75,0,0,,0,0,,1,0,1,1,1,3,0,0,6
2023-03-08_long_beach_st_uc_riverside,UC Riverside,13,"Finau, Mele",True,21,0,2,0.0,0,1,0.0,0,0,,1,3,4,5,1,0,1,1,0
2023-03-08_long_beach_st_uc_riverside,UC Riverside,3,"Tillery, Zoe",True,21,0,2,0.0,0,1,0.0,0,0,,0,3,3,0,4,1,1,1,0
2023-03-08_long_beach_st_uc_riverside,UC Riverside,2,"Walters, Ryanne",False,31,2,6,0.333,2,4,0.5,0,0,,1,3,4,1,4,2,0,3,6
2023-03-08_long_beach_st_uc_riverside,UC Riverside,22,"Atchley, Paris",False,21,1,5,0.2,0,1,0.0,0,0,,0,6,6,0,3,0,0,1,2
2023-03-08_long_beach_st_uc_riverside,UC Riverside,11,"Matarranz, Esther",False,15,1,4,0.25,0,0,,0,0,,4,1,5,1,2,1,0,0,2
2023-03-08_long_beach_st_uc_riverside,UC Riverside,10,"Stenberg, Julia",False,3,1,2,0.5,0,1,0.0,0,0,,0,0,0,0,0,0,0,0,2
2023-03-08_long_beach_st_uc_riverside,UC Riverside,TM,TEAM,False,0,0,0,,0,0,,0,0,,3,1,4,0,0,6,0,0,0
2023-03-08_long_beach_st_uc_riverside,Long Beach St.,12,"Harris , Tori",True,40,4,9,0.444,1,2,0.5,5,5,1.0,2,3,5,2,2,5,0,0,14
2023-03-08_long_beach_st_uc_riverside,Long Beach St.,25,"Hamilton-fisher, Kianna",True,37,6,14,0.429,0,2,0.0,1,3,0.333,3,2,5,1,2,0,0,4,13
2023-03-08_long_beach_st_uc_riverside,Long Beach St.,1,"Bambrick, Malia",True,32,4,10,0.4,1,4,0.25,4,4,1.0,1,4,5,0,2,1,0,0,13
2023-03-08_long_beach_st_uc_riverside,Long Beach St.,00,"Berry, Ma'qhi",True,37,2,8,0.25,0,0,,0,0,,1,5,6,1,5,2,1,1,4
2023-03-08_long_beach_st_uc_riverside,Long Beach St.,23,"Green, Lauren",True,15,0,1,0.0,0,0,,0,0,,0,0,0,4,0,1,1,1,0
2023-03-08_long_beach_st_uc_riverside,Long Beach St.,33,"Murphy, Courtney",False,25,4,7,0.571,3,5,0.6,0,2,0.0,0,1,1,1,1,0,0,1,11
2023-03-08_long_beach_st_uc_riverside,Long Beach St.,3,"Chung, Patricia",False,6,0,1,0.0,0,0,,0,0,,0,0,0,0,0,1,0,0,0
2023-03-08_long_beach_st_uc_riverside,Long Beach St.,2,"Tucker, Savannah",False,5,0,1,0.0,0,1,0.0,0,0,,0,0,0,1,0,0,0,0,0
2023-03-08_long_beach_st_uc_riverside,Long Beach St.,5,"Ka, Kennan",False,3,0,0,,0,0,,0,0,,0,1,1,0,0,0,0,0,0
2023-03-08_long_beach_st_uc_riverside,Long Beach St.,TM,TEAM,False,0,0,0,,0,0,,0,0,,4,1,5,0,0,1,0,0,0
2023-03-10_long_beach_st_hawaii,Hawaii,03,"Wahinekapu, Lily",True,38,4,9,0.444,3,6,0.5,7,8,0.875,1,6,7,1,1,2,0,2,18
2023-03-10_long_beach_st_hawaii,Hawaii,12,"Perez, Imani",True,29,5,6,0.833,0,0,,0,2,0.0,2,5,7,0,2,4,0,1,10
2023-03-10_long_beach_st_hawaii,Hawaii,23,"McBee, MeiLani",True,37,3,9,0.333,2,8,0.25,0,0,,2,5,7,3,1,3,1,1,8
2023-03-10_long_beach_st_hawaii,Hawaii,11,"Spiller, Kallin",True,15,2,9,0.222,0,2,0.0,0,0,,3,1,4,1,1,1,0,0,4
2023-03-10_long_beach_st_hawaii,Hawaii,01,"Imai, Kelsie",True,16,1,2,0.5,1,2,0.5,0,0,,0,0,0,1,3,1,0,0,3
2023-03-10_long_beach_st_hawaii,Hawaii,15,"Phillips, Daejah",False,31,5,10,0.5,1,2,0.5,3,3,1.0,2,2,4,1,4,4,0,0,14
2023-03-10_long_beach_st_hawaii,Hawaii,14,"Orji, Nnenna",False,12,3,5,0.6,0,0,,2,3,0.667,1,1,2,1,0,2,0,1,8
2023-03-10_long_beach_st_hawaii,Hawaii,02,"Thoms, Ashley",False,19,0,2,0.0,0,2,0.0,2,2,1.0,0,3,3,2,1,0,0,2,2
2023-03-10_long_beach_st_hawaii,Hawaii,20,"Haire, McKenna",False,3,0,1,0.0,0,0,,0,0,,1,0,1,0,0,0,0,0,0
2023-03-10_long_beach_st_hawaii,Hawaii,TM,TEAM,False,0,0,0,,0,0,,0,0,,1,2,3,0,0,1,0,0,0
2023-03-10_long_beach_st_hawaii,Long Beach St.,25,"Hamilton-Fisher, Kianna",True,40,7,15,0.467,2,7,0.286,1,1,1.0,1,3,4,4,2,3,0,1,17
2023-03-10_long_beach_st_hawaii,Long Beach St.,00,"Berry, Ma'Qhi",True,35,6,10,0.6,0,2,0.0,1,1,1.0,1,5,6,3,3,2,1,4,13
2023-03-10_long_beach_st_hawaii,Long Beach St.,12,"Harris, Tori",True,38,2,14,0.143,0,6,0.0,2,2,1.0,3,3,6,3,0,3,0,4,6
2023-03-10_long_beach_st_hawaii,Long Beach St.,01,"Bambrick, Malia",True,34,2,7,0.286,1,3,0.333,0,0,,0,3,3,0,3,0,0,1,5
2023-03-10_long_beach_st_hawaii,Long Beach St.,23,"Green, Lauren",True,13,1,2,0.5,0,0,,0,0,,2,0,2,3,0,1,0,0,2
2023-03-10_long_beach_st_hawaii,Long Beach St.,33,"Murphy, Courtney",False,26,4,7,0.571,4,6,0.667,0,0,,0,1,1,2,0,1,0,2,12
2023-03-10_long_beach_st_hawaii,Long Beach St.,03,"Chung, Patricia",False,12,3,7,0.429,0,2,0.0,1,2,0.5,2,0,2,1,0,0,0,0,7
2023-03-10_long_beach_st_hawaii,Long Beach St.,05,"Ka, Kennan",False,2,0,0,,0,0,,0,0,,0,0,0,1,0,0,0,0,0
2023-03-10_long_beach_st_hawaii,Long Beach St.,TM,TEAM,False,0,0,0,,0,0,,0,0,,3,1,4,0,0,1,0,0,0
2023-03-10_uc_santa_barbara_csu_bakersfield,CSU Bakersfield,11,"Caldwell, Taylor",True,40,7,20,0.35,0,1,0.0,1,2,0.5,5,4,9,4,5,3,3,2,15
2023-03-10_uc_santa_barbara_csu_bakersfield,CSU Bakersfield,03,"van Schaik, Hennie",True,28,4,10,0.4,1,2,0.5,5,5,1.0,4,7,11,4,2,4,1,0,14
2023-03-10_uc_santa_barbara_csu_bakersfield,CSU Bakersfield,15,"Morris, Kayla",True,27,3,9,0.333,0,2,0.0,3,4,0.75,3,0,3,4,1,1,0,1,9
2023-03-10_uc_santa_barbara_csu_bakersfield,CSU Bakersfield,32,"Freeman, Garrisen",True,21,2,5,0.4,0,2,0.0,2,2,1.0,0,0,0,4,1,1,1,0,6
2023-03-10_uc_santa_barbara_csu_bakersfield,CSU Bakersfield,00,"Johnson, Simone",True,16,1,3,0.333,0,1,0.0,0,0,,1,1,2,4,0,0,0,1,2
2023-03-10_uc_santa_barbara_csu_bakersfield,CSU Bakersfield,04,"Hunter, Grace",False,29,6,10,0.6,0,1,0.0,0,0,,0,0,0,4,1,1,0,1,12
2023-03-10_uc_santa_barbara_csu_bakersfield,CSU Bakersfield,05,"Tougas, Sophia",False,30,3,7,0.429,2,3,0.667,0,0,,2,1,3,5,0,0,0,2,8
2023-03-10_uc_santa_barbara_csu_bakersfield,CSU Bakersfield,13,"Herrera, Solmilena",False,6,0,0,,0,0,,0,0,,0,0,0,1,0,0,0,0,0
2023-03-10_uc_santa_barbara_csu_bakersfield,CSU Bakersfield,02,"Edwards, Morgan",False,3,0,1,0.0,0,0,,0,0,,0,1,1,0,0,0,0,0,0
2023-03-10_uc_santa_barbara_csu_bakersfield,CSU Bakersfield,24,"Bridges-Bey, Sage",False,,0,0,,0,0,,0,0,,0,0,0,0,0,0,0,0,0
2023-03-10_uc_santa_barbara_csu_bakersfield,CSU Bakersfield,TM,TEAM,False,0,0,0,,0,0,,0,0,,2,0,2,0,0,1,0,0,0
2023-03-10_uc_santa_barbara_csu_bakersfield,UC Santa Barbara,02,"Tucker, Alexis",True,40,8,13,0.615,2,5,0.4,10,14,0.714,1,6,7,4,2,1,0,1,28
2023-03-10_uc_santa_barbara_csu_bakersfield,UC Santa Barbara,31,"Lane, Ila",True,38,3,8,0.375,0,0,,6,7,0.857,2,5,7,4,1,5,0,3,12
2023-03-10_uc_santa_barbara_csu_bakersfield,UC Santa Barbara,10,"Choice, Anya",True,37,1,5,0.2,0,1,0.0,7,8,0.875,1,3,4,0,5,2,0,1,9
2023-03-10_uc_santa_barbara_csu_bakersfield,UC Santa Barbara,12,"Mole, Taylor",True,22,2,5,0.4,0,2,0.0,2,2,1.0,0,2,2,0,0,0,0,1,6
2023-03-10_uc_santa_barbara_csu_bakersfield,UC Santa Barbara,03,"Marin, Alyssa",True,18,1,3,0.333,1,2,0.5,2,2,1.0,0,0,0,0,2,2,0,0,5
2023-03-10_uc_santa_barbara_csu_bakersfield,UC Santa Barbara,05,"Cooper, Callie",False,29,2,4,0.5,2,3,0.667,3,6,0.5,0,4,4,1,0,2,0,0,9
2023-03-10_uc_santa_barbara_csu_bakersfield,UC Santa Barbara,23,"Whitfield, Alexis",False,11,3,3,1.0,0,0,,0,0,,0,0,0,5,1,1,0,1,6
2023-03-10_uc_santa_barbara_csu_bakersfield,UC Santa Barbara,55,"Burke, Skylar",False,5,0,0,,0,0,,0,0,,0,1,1,0,0,0,0,0,0
2023-03-10_uc_santa_barbara_csu_bakersfield,UC Santa Barbara,TM,TEAM,False,0,0,0,,0,0,,0,0,,5,1,6,0,0,1,0,0,0
2023-03-11_hawaii_uc_santa_barbara,UC Santa Barbara,02,"Tucker, Alexis",True,38,6,13,0.462,2,4,0.5,7,7,1.0,2,5,7,3,2,0,1,1,21
2023-03-11_hawaii_uc_santa_barbara,UC Santa Barbara,10,"Choice, Anya",True,36,5,16,0.312,1,6,0.167,2,2,1.0,0,0,0,2,2,1,0,0,13
2023-03-11_hawaii_uc_santa_barbara,UC Santa Barbara,31,"Lane, Ila",True,29,6,9,0.667,0,0,,0,0,,3,3,6,3,0,1,1,1,12
2023-03-11_hawaii_uc_santa_barbara,UC Santa Barbara,03,"Marin, Alyssa",True,24,2,7,0.286,2,6,0.333,0,0,,2,1,3,3,4,1,0,0,6
2023-03-11_hawaii_uc_santa_barbara,UC Santa Barbara,12,"Mole, Taylor",True,19,0,3,0.0,0,2,0.0,0,0,,0,3,3,0,0,0,0,0,0
2023-03-11_hawaii_uc_santa_barbara,UC Santa Barbara,23,"Whitfield, Alexis",False,23,2,5,0.4,0,1,0.0,0,0,,1,4,5,2,1,1,0,0,4
2023-03-11_hawaii_uc_santa_barbara,UC Santa Barbara,05,"Cooper, Callie",False,23,1,2,0.5,1,1,1.0,0,0,,1,1,2,0,2,1,0,1,3
2023-03-11_hawaii_uc_santa_barbara,UC Santa Barbara,55,"Burke, Skylar",False,8,0,1,0.0,0,1,0.0,0,0,,0,2,2,0,0,0,0,0,0
2023-03-11_hawaii_uc_santa_barbara,UC Santa Barbara,32,"Grant, Jessica",False,,0,1,0.0,0,0,,0,0,,0,0,0,0,0,0,0,0,0
2023-03-11_hawaii_uc_santa_barbara,UC Santa Barbara,TM,TEAM,False,0,0,0,,0,0,,0,0,,4,4,8,0,0,4,0,0,0
2023-03-11_hawaii_uc_santa_barbara,Hawaii,03,"Wahinekapu, Lily",True,35,7,14,0.5,3,3,1.0,2,2,1.0,0,4,4,3,4,0,0,0,19
2023-03-11_hawaii_uc_santa_barbara,Hawaii,12,"Perez, Imani",True,22,3,5,0.6,1,3,0.333,0,0,,0,1,1,2,3,0,0,0,7
2023-03-11_hawaii_uc_santa_barbara,Hawaii,23,"McBee, MeiLani",True,26,2,5,0.4,2,3,0.667,0,0,,1,2,3,4,1,0,0,0,6
2023-03-11_hawaii_uc_santa_barbara,Hawaii,11,"Spiller, Kallin",True,33,1,8,0.125,0,3,0.0,2,4,0.5,2,5,7,1,0,0,1,1,4
2023-03-11_hawaii_uc_santa_barbara,Hawaii,01,"Imai, Kelsie",True,23,1,5,0.2,0,1,0.0,0,0,,1,1,2,0,1,2,0,1,2
2023-03-11_hawaii_uc_santa_barbara,Hawaii,15,"Phillips, Daejah",False,22,6,8,0.75,4,6,0.667,3,3,1.0,0,3,3,2,1,1,0,1,19
2023-03-11_hawaii_uc_santa_barbara,Hawaii,20,"Haire, McKenna",False,10,1,1,1.0,0,0,,0,0,,0,0,0,0,1,0,0,0,2
2023-03-11_hawaii_uc_santa_barbara,Hawaii,14,"Orji, Nnenna",False,6,1,4,0.25,0,1,0.0,0,0,,1,0,1,0,0,1,0,0,2
2023-03-11_hawaii_uc_santa_barbara,Hawaii,02,"Thoms, Ashley",False,23,0,2,0.0,0,2,0.0,0,0,,0,1,1,2,1,1,0,0,0
2023-03-11_hawaii_uc_santa_barbara,Hawaii,TM,TEAM,False,0,0,0,,0,0,,0,0,,2,2,4,0,0,3,0,0,0
2023-03-16_san_diego_long_beach_st,Long Beach St.,00,"Berry, Ma'qhi",True,35,4,5,0.8,0,0,,6,7,0.857,0,4,4,4,6,3,2,2,14
2023-03-16_san_diego_long_beach_st,Long Beach St.,12,"Harris , Tori",True,27,4,10,0.4,1,2,0.5,5,6,0.833,0,3,3,3,1,2,1,3,14
2023-03-16_san_diego_long_beach_st,Long Beach St.,25,"Hamilton-fisher, Kianna",True,36,4,14,0.286,2,7,0.286,1,4,0.25,0,1,1,2,1,1,0,6,11
2023-03-16_san_diego_long_beach_st,Long Beach St.,1,"Bambrick, Malia",True,27,1,6,0.167,0,2,0.0,2,2,1.0,0,0,0,0,1,1,0,0,4
2023-03-16_san_diego_long_beach_st,Long Beach St.,23,"Green, Lauren",True,19,1,1,1.0,0,0,,0,0,,0,1,1,3,1,0,1,0,2
2023-03-16_san_diego_long_beach_st,Long Beach St.,33,"Murphy, Courtney",False,24,2,7,0.286,1,5,0.2,1,2,0.5,2,2,4,4,0,3,0,0,6
2023-03-16_san_diego_long_beach_st,Long Beach St.,3,"Chung, Patricia",False,14,1,4,0.25,0,1,0.0,0,0,,1,2,3,3,0,2,0,1,2
2023-03-16_san_diego_long_beach_st,Long Beach St.,21,"Shoff, Abby",False,10,1,3,0.333,0,0,,0,0,,3,0,3,2,0,0,0,1,2
2023-03-16_san_diego_long_beach_st,Long Beach St.,2,"Tucker, Savannah",False,5,1,2,0.5,0,0,,0,1,0.0,1,0,1,1,0,0,0,0,2
2023-03-16_san_diego_long_beach_st,Long Beach St.,5,"Ka, Kennan",False,3,0,0,,0,0,,0,0,,0,0,0,0,0,0,0,0,0
2023-03-16_san_diego_long_beach_st,Long Beach St.,TM,TEAM,False,0,0,0,,0,0,,0,0,,1,1,2,0,0,1,0,0,0
2023-03-16_san_diego_long_beach_st,San Diego,22,"Neubert, Kasey",True,34,8,18,0.444,0,0,,2,3,0.667,7,12,19,2,0,3,0,1,18
2023-03-16_san_diego_long_beach_st,San Diego,00,"Oakry, Kiera",True,38,4,8,0.5,4,8,0.5,3,5,0.6,0,3,3,0,5,4,0,2,15
2023-03-16_san_diego_long_beach_st,San Diego,5,"Khalfani, Ayanna",True,34,6,12,0.5,0,1,0.0,3,5,0.6,4,7,11,3,6,3,0,4,15
2023-03-16_san_diego_long_beach_st,San Diego,10,"Pace, Myah",True,26,3,8,0.375,1,1,1.0,2,3,0.667,3,0,3,3,1,1,0,1,9
2023-03-16_san_diego_long_beach_st,San Diego,33,"Olinger, Amanda",True,30,2,4,0.5,1,1,1.0,0,2,0.0,3,2,5,3,1,1,1,0,5
2023-03-16_san_diego_long_beach_st,San Diego,24,"Horstmeyer, Kylie",False,20,2,3,0.667,0,0,,2,2,1.0,1,2,3,2,0,0,0,2,6
2023-03-16_san_diego_long_beach_st,San Diego,11,"Erikstrup, Laura",False,8,1,2,0.5,0,0,,2,2,1.0,0,0,0,1,1,1,0,0,4
2023-03-16_san_diego_long_beach_st,San Diego,2,"Sheffey, Veronica",False,6,1,2,0.5,0,0,,0,0,,0,0,0,1,0,2,0,0,2
2023-03-16_san_diego_long_beach_st,San Diego,23,"Kaur, Harsimran",False,2,0,0,,0,0,,1,2,0.5,1,0,1,0,0,0,1,0,1
2023-03-16_san_diego_long_beach_st,San Diego,3,"Finney, Jess",False,2,0,1,0.0,0,1,0.0,0,0,,0,0,0,1,0,2,0,0,0
2023-03-16_san_diego_long_beach_st,San Diego,TM,TEAM,False,0,0,0,,0,0,,0,0,,2,3,5,0,0,0,0,0,0
2023-03-17_lsu_hawaii,Hawaii,11,"Spiller, Kallin",True,31,5,12,0.417,3,7,0.429,0,0,,0,5,5,4,0,1,2,2,13
2023-03-17_lsu_hawaii,Hawaii,03,"Wahinekapu, Lily",True,37,5,13,0.385,1,7,0.143,0,0,,1,5,6,3,3,3,0,2,11
2023-03-17_lsu_hawaii,Hawaii,12,"Perez, Imani",True,29,2,3,0.667,1,2,0.5,2,2,1.0,4,5,9,4,1,5,0,0,7
2023-03-17_lsu_hawaii,Hawaii,23,"McBee, MeiLani",True,38,2,10,0.2,2,9,0.222,0,0,,1,2,3,2,1,1,1,1,6
2023-03-17_lsu_hawaii,Hawaii,01,"Imai, Kelsie",True,15,0,2,0.0,0,1,0.0,0,0,,0,1,1,3,0,3,0,0,0
2023-03-17_lsu_hawaii,Hawaii,15,"Phillips, Daejah",False,29,2,8,0.25,0,3,0.0,9,10,0.9,2,1,3,5,3,2,0,1,13
2023-03-17_lsu_hawaii,Hawaii,14,"Orji, Nnenna",False,12,0,2,0.0,0,1,0.0,0,0,,1,0,1,0,0,2,0,0,0
2023-03-17_lsu_hawaii,Hawaii,02,"Thoms, Ashley",False,6,0,1,0.0,0,1,0.0,0,0,,0,1,1,0,0,1,0,0,0
2023-03-17_lsu_hawaii,Hawaii,20,"Haire, McKenna",False,3,0,1,0.0,0,1,0.0,0,0,,0,0,0,0,0,0,0,0,0
2023-03-17_lsu_hawaii,Hawaii,TM,TEAM,False,0,0,0,,0,0,,0,0,,4,0,4,0,0,3,0,0,0
2023-03-17_lsu_hawaii,LSU,10,"Reese, Angel",True,36,13,20,0.65,0,0,,8,12,0.667,6,9,15,2,2,0,3,3,34
2023-03-17_lsu_hawaii,LSU,04,"Johnson, Flau'jae",True,31,3,8,0.375,0,1,0.0,4,4,1.0,4,2,6,2,5,1,1,1,10
2023-03-17_lsu_hawaii,LSU,00,"Williams, LaDazhia",True,33,4,7,0.571,0,0,,1,1,1.0,1,1,2,0,0,2,3,2,9
2023-03-17_lsu_hawaii,LSU,45,"Morris, Alexis",True,34,3,10,0.3,0,3,0.0,0,0,,0,2,2,3,2,3,1,4,6
2023-03-17_lsu_hawaii,LSU,02,"Carson, Jasmine",True,13,1,6,0.167,0,4,0.0,0,0,,0,2,2,1,0,1,0,1,2
2023-03-17_lsu_hawaii,LSU,13,"Poa, Last-Tear",False,18,1,6,0.167,1,4,0.25,2,2,1.0,1,0,1,1,1,0,0,0,5
2023-03-17_lsu_hawaii,LSU,05,"Smith, Sa'Myah",False,9,2,2,1.0,0,0,,0,2,0.0,2,1,3,0,1,1,0,0,4
2023-03-17_lsu_hawaii,LSU,55,"Poole, Kateri",False,21,0,2,0.0,0,1,0.0,3,4,0.75,1,5,6,3,3,2,0,1,3
2023-03-17_lsu_hawaii,LSU,11,"Ward, Emily",False,2,0,1,0.0,0,1,0.0,0,0,,0,1,1,0,0,0,0,0,0
2023-03-17_lsu_hawaii,LSU,14,"Besselman, Izzy",False,1,0,0,,0,0,,0,0,,0,0,0,0,0,0,0,0,0
2023-03-17_lsu_hawaii,LSU,15,"Williams, Alisa",False,1,0,0,,0,0,,0,0,,0,0,0,0,0,0,0,0,0
2023-03-17_lsu_hawaii,LSU,23,"Bartlett, Amani",False,1,0,0,,0,0,,0,0,,0,0,0,0,0,0,0,0,0
2023-03-17_lsu_hawaii,LSU,TM,TEAM,False,0,0,0,,0,0,,0,0,,2,0,2,0,0,0,0,0,0
2023-03-17_san_diego_st_uc_irvine,UC Irvine,13,"Lee, Déja",True,28,7,13,0.538,3,5,0.6,1,2,0.5,0,1,1,3,2,1,0,1,18
2023-03-17_san_diego_st_uc_irvine,UC Irvine,23,"Konate, Diaba",True,34,3,11,0.273,0,1,0.0,4,6,0.667,1,5,6,1,5,4,0,0,10
2023-03-17_san_diego_st_uc_irvine,UC Irvine,3,"Tom, Nikki",True,40,3,7,0.429,1,5,0.2,1,1,1.0,0,10,10,1,1,1,0,2,8
2023-03-17_san_diego_st_uc_irvine,UC Irvine,11,"Scharpf, Amelia",True,35,2,8,0.25,1,1,1.0,0,0,,2,3,5,2,1,3,0,1,5
2023-03-17_san_diego_st_uc_irvine,UC Irvine,24,"Dean, Nevaeh",True,23,0,3,0.0,0,1,0.0,0,0,,1,4,5,0,2,2,2,2,0
2023-03-17_san_diego_st_uc_irvine,UC Irvine,22,"Gony, Nyagoa",False,27,4,5,0.8,1,1,1.0,0,2,0.0,2,3,5,1,0,1,2,0,9
2023-03-17_san_diego_st_uc_irvine,UC Irvine,32,"Parkinson, Nevaeh",False,11,2,4,0.5,0,0,,1,2,0.5,0,3,3,3,0,3,1,1,5
2023-03-17_san_diego_st_uc_irvine,UC Irvine,1,"Ross, Tarryn",False,2,0,1,0.0,0,1,0.0,0,0,,0,0,0,0,0,0,0,0,0
2023-03-17_san_diego_st_uc_irvine,UC Irvine,TM,TEAM,False,0,0,0,,0,0,,0,0,,1,4,5,0,0,1,0,0,0
2023-03-17_san_diego_st_uc_irvine,San Diego St.,12,"Staples, Mercedes",True,38,6,18,0.333,4,13,0.308,0,0,,0,5,5,0,1,0,0,1,16
2023-03-17_san_diego_st_uc_irvine,San Diego St.,5,"Morris, Yummy",True,33,2,7,0.286,0,0,,2,4,0.5,1,5,6,2,5,2,2,0,6
2023-03-17_san_diego_st_uc_irvine,San Diego St.,23,"Villalobos, Kim",True,25,2,6,0.333,0,0,,2,2,1.0,3,4,7,3,0,1,0,1,6
2023-03-17_san_diego_st_uc_irvine,San Diego St.,1,"Avinger, Asia",True,25,3,11,0.273,0,1,0.0,0,0,,2,0,2,4,2,3,0,0,6
2023-03-17_san_diego_st_uc_irvine,San Diego St.,2,"Ramos, Sophia",True,29,2,13,0.154,1,7,0.143,0,0,,0,2,2,3,1,4,2,1,5
2023-03-17_san_diego_st_uc_irvine,San Diego St.,21,"Crain, Alex",False,13,1,2,0.5,0,1,0.0,0,0,,1,0,1,2,0,1,0,1,2
2023-03-17_san_diego_st_uc_irvine,San Diego St.,24,"Prohaska, Abby",False,11,1,1,1.0,0,0,,0,0,,1,2,3,5,1,1,0,0,2
2023-03-17_san_diego_st_uc_irvine,San Diego St.,00,"Pepe, Khylee",False,10,1,1,1.0,0,0,,0,0,,1,2,3,0,1,0,0,1,2
2023-03-17_san_diego_st_uc_irvine,San Diego St.,20,"Barcello, Sarah",False,16,0,4,0.0,0,2,0.0,0,0,,0,4,4,0,1,1,0,1,0
2023-03-17_san_diego_st_uc_irvine,San Diego St.,TM,TEAM,False,0,0,0,,0,0,,0,0,,2,3,5,0,0,0,0,0,0
2023-03-20_san_diego_uc_irvine,UC Irvine,23,"Konate, Diaba",True,31,6,16,0.375,0,1,0.0,0,1,0.0,1,3,4,2,2,3,0,1,12
2023-03-20_san_diego_uc_irvine,UC Irvine,11,"Scharpf, Amelia",True,35,4,19,0.211,2,6,0.333,1,2,0.5,1,4,5,2,2,0,0,2,11
2023-03-20_san_diego_uc_irvine,UC Irvine,13,"Lee, Déja",True,36,3,10,0.3,2,4,0.5,0,0,,0,1,1,3,4,5,1,5,8
2023-03-20_san_diego_uc_irvine,UC Irvine,3,"Tom, Nikki",True,38,2,11,0.182,1,5,0.2,0,0,,1,4,5,2,3,0,0,2,5
2023-03-20_san_diego_uc_irvine,UC Irvine,24,"Dean, Nevaeh",True,21,0,1,0.0,0,0,,1,2,0.5,0,2,2,2,0,0,0,1,1
2023-03-20_san_diego_uc_irvine,UC Irvine,22,"Gony, Nyagoa",False,27,4,6,0.667,0,0,,0,3,0.0,4,3,7,1,0,1,1,0,8
2023-03-20_san_diego_uc_irvine,UC Irvine,32,"Parkinson, Nevaeh",False,12,1,4,0.25,0,0,,1,2,0.5,2,2,4,3,1,2,1,0,3
2023-03-20_san_diego_uc_irvine,UC Irvine,TM,TEAM,False,0,0,0,,0,0,,0,0,,2,4,6,0,0,2,0,0,0
2023-03-20_san_diego_uc_irvine,San Diego,10,"Pace, Myah",True,33,5,13,0.385,1,2,0.5,0,0,,0,2,2,1,4,1,1,3,11
2023-03-20_san_diego_uc_irvine,San Diego,33,"Olinger, Amanda",True,31,4,10,0.4,1,4,0.25,0,1,0.0,1,6,7,2,1,2,2,0,9
2023-03-20_san_diego_uc_irvine,San Diego,22,"Neubert, Kasey",True,31,3,6,0.5,0,1,0.0,3,4,0.75,2,15,17,3,3,2,0,0,9
2023-03-20_san_diego_uc_irvine,San Diego,00,"Oakry, Kiera",True,23,1,6,0.167,1,5,0.2,4,6,0.667,0,3,3,3,2,2,0,0,7
2023-03-20_san_diego_uc_irvine,San Diego,5,"Khalfani, Ayanna",True,18,1,4,0.25,0,0,,0,0,,3,3,6,5,2,6,1,1,2
2023-03-20_san_diego_uc_irvine,San Diego,24,"Horstmeyer, Kylie",False,28,6,9,0.667,1,1,1.0,2,2,1.0,4,1,5,0,0,2,2,1,15
2023-03-20_san_diego_uc_irvine,San Diego,2,"Sheffey, Veronica",False,22,2,7,0.286,0,0,,1,1,1.0,1,4,5,1,3,2,0,1,5
2023-03-20_san_diego_uc_irvine,San Diego,11,"Erikstrup, Laura",False,12,0,3,0.0,0,1,0.0,0,0,,1,5,6,2,0,1,1,0,0
2023-03-20_san_diego_uc_irvine,San Diego,3,"Finney, Jess",False,1,0,0,,0,0,,0,0,,0,0,0,0,0,0,0,0,0
2023-03-20_san_diego_uc_irvine,San Diego,23,"Kaur, Harsimran",False,1,0,0,,0,0,,0,0,,0,0,0,0,0,1,0,0,0
2023-03-20_san_diego_uc_irvine,San Diego,TM,TEAM,False,0,0,0,,0,0,,0,0,,2,1,3,0,0,3,0,0,0
